PK_UID;jaar;naamgeving;effluent_z;effluent_w;temp_z;temp_w;waterschap;wp_gj_z;wp_gj_w;opmerking;ws;tp_z_jaar;tp_w_jaar;gemeente;res_regio;tp_w_nb;tp_z_nb;tp_w_bb;tp_z_bb;provincie;buurtcode_2023;gemeentecode_2023;pc4_code_2023;pc6_code_2023;buurtcode_2024;gemeentecode_2024;pc4_code_2024;pc6_code_2024;buurtcode_2025;gemeentecode_2025;pc4_code_2025;pc6_code_2025;buurtcode_gewijzigd;gemeentecode_gewijzigd;pc4_gewijzigd;lat;lon;meta_source_layer;meta_source_wfs_url;meta_retrieved_at;meta_source_last_modified
1.0;0.0;R.W.Z.I. Land van Cuijk;20000.0;21000.0;21.6;13.1;Aa en Maas;418.0;438.9;Aangeleverd door Waterschap;Aa en Maas;160198.0;123638.0;Cuijk;Noord-oost Brabant;1270.0;2480.0;508.0;992.0;Noord-Brabant;BU19821303;GM1982;5443;5443PL;BU19821303;GM1982;5443;5443PL;BU19821303;GM1982;5443;5443PL;False;False;False;51.69586600213905;5.8937060836766735;WarmteAtlas:AquathermieRWZI;;;
10.0;0.0;RWZI Nieuwveer;49800.0;52600.0;19.8;11.7;Brabantse Delta;1040.82;1099.34;Aangeleverd door Waterschap;Brabantse Delta;401259.0;309684.0;Breda;West-Brabant;3181.0;6192.0;1272.0;2477.0;Noord-Brabant;BU07580609;GM0758;4823;4823ZJ;BU07580609;GM0758;4823;4823ZJ;BU07580609;GM0758;4823;4823ZJ;False;False;False;51.630358452059056;4.707679073812594;WarmteAtlas:AquathermieRWZI;;;
11.0;0.0;RWZI Baarle-Nassau;1902.0;1777.0;19.8;9.5;Brabantse Delta;39.7518;37.1393;Aangeleverd door Waterschap;Brabantse Delta;13556.0;10462.0;Baarle-Nassau;West-Brabant;108.0;222.0;43.0;89.0;Noord-Brabant;BU07440107;GM0744;5111;5111TA;BU07440107;GM0744;5111;5111TA;BU07440107;GM0744;5111;5111TA;False;False;False;51.44854061131324;4.899124632984633;WarmteAtlas:AquathermieRWZI;;;
12.0;0.0;RWZI Waalwijk;7672.0;8589.0;19.7;9.1;Brabantse Delta;160.3448;179.5101;Aangeleverd door Waterschap;Brabantse Delta;65521.0;50568.0;Waalwijk;Hart van Brabant;520.0;984.0;208.0;393.0;Noord-Brabant;BU08670010;GM0867;5145;5145PX;BU08670010;GM0867;5145;5145PX;BU08670010;GM0867;5145;5145PX;False;False;False;51.71130582964813;5.070413892641879;WarmteAtlas:AquathermieRWZI;;;
13.0;0.0;RWZI Waalwijk Haven 7;18216.0;18216.0;0.0;0.0;Brabantse Delta;380.7144;380.7144;Aangeleverd door Waterschap;Brabantse Delta;138961.0;107247.0;Waalwijk;Hart van Brabant;1102.0;2203.0;441.0;881.0;Noord-Brabant;BU08670010;GM0867;5145;5145RA;BU08670010;GM0867;5145;5145RA;BU08670010;GM0867;5145;5145RA;False;False;False;51.69908127042079;5.03869205794168;WarmteAtlas:AquathermieRWZI;;;
14.0;0.0;RWZI Waspik;1544.0;1684.0;19.6;8.0;Brabantse Delta;32.2696;35.1956;Aangeleverd door Waterschap;Brabantse Delta;12846.0;9915.0;Waalwijk;Hart van Brabant;102.0;195.0;41.0;78.0;Noord-Brabant;BU08670202;GM0867;5165;5165NM;BU08670202;GM0867;5165;5165NM;BU08670202;GM0867;5165;5165NM;False;False;False;51.705918468706926;4.941264519552414;WarmteAtlas:AquathermieRWZI;;;
15.0;0.0;RWZI Dongemond;15900.0;16100.0;18.0;10.0;Brabantse Delta;332.31;336.49;Aangeleverd door Waterschap;Brabantse Delta;122819.0;94789.0;Oosterhout;West-Brabant;974.0;1935.0;390.0;774.0;Noord-Brabant;BU08261000;GM0826;4905;4905BP;BU08261000;GM0826;4905;4905BP;BU08261000;GM0826;4905;4905BP;False;False;False;51.67528691731538;4.851200262758725;WarmteAtlas:AquathermieRWZI;;;
16.0;0.0;RWZI Ossendrecht;699.0;925.0;21.1;9.8;Brabantse Delta;14.6091;19.3325;Aangeleverd door Waterschap;Brabantse Delta;7056.0;5446.0;Woensdrecht;West-Brabant;56.0;98.0;22.0;39.0;Noord-Brabant;BU08730208;GM0873;4641;4641JM;BU08730208;GM0873;4641;4641JM;BU08730208;GM0873;4641;4641JM;False;False;False;51.39014121692472;4.320638322229414;WarmteAtlas:AquathermieRWZI;;;
17.0;0.0;RWZI Putte;519.0;1307.0;19.3;8.8;Brabantse Delta;10.8471;27.3163;Aangeleverd door Waterschap;Brabantse Delta;9970.0;7695.0;Woensdrecht;West-Brabant;79.0;110.0;32.0;44.0;Noord-Brabant;BU08730300;GM0873;4645;4645GZ;BU08730300;GM0873;4645;4645GZ;BU08730300;GM0873;4645;4645GZ;False;False;False;51.365998333836195;4.388738926021403;WarmteAtlas:AquathermieRWZI;;;
18.0;0.0;RWZI Willemstad;778.0;844.0;19.9;8.2;Brabantse Delta;16.2602;17.6396;Aangeleverd door Waterschap;Brabantse Delta;6438.0;4969.0;Moerdijk;West-Brabant;51.0;98.0;20.0;39.0;Noord-Brabant;BU17090909;GM1709;4797;4797SC;BU17090909;GM1709;4797;4797SC;BU17090909;GM1709;4797;4797SC;False;False;False;51.6876816582659;4.455617544577912;WarmteAtlas:AquathermieRWZI;;;
19.0;0.0;RWZI Rijen;7240.0;8325.0;15.9;7.2;Brabantse Delta;151.316;173.9925;Aangeleverd door Waterschap;Brabantse Delta;63507.0;49014.0;Gilze en Rijen;Hart van Brabant;504.0;941.0;201.0;376.0;Noord-Brabant;BU07840113;GM0784;5121;5121PH;BU07840113;GM0784;5121;5121PH;BU07840113;GM0784;5121;5121PH;False;False;False;51.6034258137267;4.9223875690807315;WarmteAtlas:AquathermieRWZI;;;
2.0;0.0;R.W.Z.I. Vinkel;5000.0;7000.0;18.8;9.6;Aa en Maas;104.5;146.3;Aangeleverd door Waterschap;Aa en Maas;53400.0;41213.0;'s-Hertogenbosch;Noord-oost Brabant;423.0;726.0;169.0;290.0;Noord-Brabant;BU07961499;GM0796;5382;5382JK;BU07961499;GM0796;5382;5382JK;BU07961499;GM0796;5382;5382JK;False;False;False;51.7008874062784;5.4471228565957235;WarmteAtlas:AquathermieRWZI;;;
20.0;0.0;RWZI Nieuw-Vossemeer;365.0;494.0;18.7;8.0;Brabantse Delta;7.6285;10.3246;Aangeleverd door Waterschap;Brabantse Delta;3768.0;2908.0;Steenbergen;West-Brabant;30.0;52.0;12.0;21.0;Noord-Brabant;BU08510409;GM0851;4681;4681SN;BU08510409;GM0851;4681;4681SN;BU08510409;GM0851;4681;4681SN;False;False;False;51.57379821489662;4.220332459790428;WarmteAtlas:AquathermieRWZI;;;
21.0;0.0;RWZI Dinteloord;1072.0;1211.0;19.3;7.2;Brabantse Delta;22.4048;25.3099;Aangeleverd door Waterschap;Brabantse Delta;9238.0;7130.0;Steenbergen;West-Brabant;73.0;138.0;29.0;55.0;Noord-Brabant;BU08510309;GM0851;4671;4671RN;BU08510309;GM0851;4671;4671RN;BU08510309;GM0851;4671;4671RN;False;False;False;51.65121281081832;4.361019410843184;WarmteAtlas:AquathermieRWZI;;;
22.0;0.0;RWZI Kaatsheuvel;6340.0;6475.0;19.4;9.4;Brabantse Delta;132.506;135.3275;Aangeleverd door Waterschap;Brabantse Delta;49395.0;38122.0;Loon op Zand;Hart van Brabant;392.0;775.0;157.0;310.0;Noord-Brabant;BU08091041;GM0809;5171;5171VH;BU08091041;GM0809;5171;5171VH;BU08091041;GM0809;5171;5171VH;False;False;False;51.65475002911437;4.9972993169717626;WarmteAtlas:AquathermieRWZI;;;
23.0;0.0;RWZI Halsteren;1593.0;2075.0;20.3;9.8;Brabantse Delta;33.2937;43.3675;Aangeleverd door Waterschap;Brabantse Delta;15829.0;12217.0;Bergen op Zoom;West-Brabant;126.0;222.0;50.0;89.0;Noord-Brabant;BU07480409;GM0748;4661;4661PB;BU07480409;GM0748;4661;4661PB;BU07480409;GM0748;4661;4661PB;False;False;False;51.52763732851347;4.256143603366807;WarmteAtlas:AquathermieRWZI;;;
24.0;0.0;RWZI Riel;1078.0;1041.0;21.1;8.1;Brabantse Delta;22.5302;21.7569;Aangeleverd door Waterschap;Brabantse Delta;7941.0;6129.0;Goirle;Hart van Brabant;63.0;128.0;25.0;51.0;Noord-Brabant;BU07852331;GM0785;5133;5133AC;BU07852331;GM0785;5133;5133AC;BU07852331;GM0785;5133;5133AC;False;False;False;51.53426324604157;5.023781941585518;WarmteAtlas:AquathermieRWZI;;;
25.0;0.0;RWZI ST. OEDENRODE;26995.0;26995.0;0.0;0.0;Waterschap De Dommel;564.1955;564.1955;Aangeleverd door Waterschap;Waterschap De Dommel;205931.0;158934.0;Meierijstad;Noord-oost Brabant;1632.0;3265.0;653.0;1306.0;Noord-Brabant;BU19480303;GM1948;5492;5492VB;BU19480303;GM1948;5492;5492VB;BU19480303;GM1948;5492;5492VB;False;False;False;51.56116432523864;5.445128699849865;WarmteAtlas:AquathermieRWZI;;;
26.0;0.0;RWZI SOERENDONK;9930.0;9930.0;0.0;0.0;Waterschap De Dommel;207.537;207.537;Aangeleverd door Waterschap;Waterschap De Dommel;75751.0;58463.0;Cranendonck;Metropoolregio Eindhoven;600.0;1201.0;240.0;480.0;Noord-Brabant;BU17060409;GM1706;6027;6027RC;BU17060409;GM1706;6027;6027RC;BU17060409;GM1706;6027;6027RC;False;False;False;51.31134170242612;5.590608858351208;WarmteAtlas:AquathermieRWZI;;;
27.0;0.0;RWZI HAPERT;20604.0;20604.0;0.0;0.0;Waterschap De Dommel;430.6236;430.6236;Aangeleverd door Waterschap;Waterschap De Dommel;157178.0;121307.0;Bladel;Metropoolregio Eindhoven;1246.0;2492.0;498.0;997.0;Noord-Brabant;BU17280209;GM1728;5527;5527JR;BU17280209;GM1728;5527;5527JR;BU17280209;GM1728;5527;5527JR;False;False;False;51.37746278508631;5.240055772410389;WarmteAtlas:AquathermieRWZI;;;
28.0;0.0;RWZI BIEST-HOUTAKKER;17960.0;17960.0;0.0;0.0;Waterschap De Dommel;375.364;375.364;Aangeleverd door Waterschap;Waterschap De Dommel;137008.0;105740.0;Hilvarenbeek;Hart van Brabant;1086.0;2172.0;434.0;869.0;Noord-Brabant;BU07980209;GM0798;5084;5084HW;BU07980209;GM0798;5084;5084HW;BU07980209;GM0798;5084;5084HW;False;False;False;51.50008784375368;5.17187973469966;WarmteAtlas:AquathermieRWZI;;;
29.0;0.0;RWZI HAAREN;16407.0;16407.0;0.0;0.0;Waterschap De Dommel;342.9063;342.9063;Aangeleverd door Waterschap;Waterschap De Dommel;125161.0;96597.0;Haaren;Noord-oost Brabant;992.0;1984.0;397.0;794.0;Noord-Brabant;BU08242004;GM0824;5076;5076NA;BU08241701;GM0824;5076;5076NA;BU08241701;GM0824;5076;5076NA;True;False;False;51.586463890135356;5.222790545271608;WarmteAtlas:AquathermieRWZI;;;
3.0;0.0;R.W.Z.I. Den Bosch;30000.0;32000.0;21.5;13.8;Aa en Maas;627.0;668.8;Aangeleverd door Waterschap;Aa en Maas;244112.0;188401.0;'s-Hertogenbosch;Noord-oost Brabant;1935.0;3750.0;774.0;1500.0;Noord-Brabant;BU07961203;GM0796;5221;5221CD;BU07961203;GM0796;5221;5221CD;BU07961203;GM0796;5221;5221CD;False;False;False;51.72061620443044;5.281902731057455;WarmteAtlas:AquathermieRWZI;;;
30.0;0.0;RWZI EINDHOVEN;117281.0;117281.0;0.0;0.0;Waterschap De Dommel;2451.1729;2451.1729;Aangeleverd door Waterschap;Waterschap De Dommel;894678.0;690495.0;Eindhoven;Metropoolregio Eindhoven;7092.0;14185.0;2837.0;5674.0;Noord-Brabant;BU07723370;GM0772;5631;5631AG;BU07723370;GM0772;5631;5631AG;BU07723370;GM0772;5631;5631AG;False;False;False;51.46028553276558;5.503247121588894;WarmteAtlas:AquathermieRWZI;;;
31.0;0.0;RWZI BOXTEL;28132.0;28132.0;0.0;0.0;Waterschap De Dommel;587.9588;587.9588;Aangeleverd door Waterschap;Waterschap De Dommel;214605.0;165628.0;Boxtel;Noord-oost Brabant;1701.0;3402.0;680.0;1361.0;Noord-Brabant;BU07570007;GM0757;5283;5283SC;BU07570007;GM0757;5283;5283SC;BU07570007;GM0757;5283;5283SC;False;False;False;51.60870055808679;5.327657074046705;WarmteAtlas:AquathermieRWZI;;;
32.0;0.0;SVI MIERLO;0.0;0.0;0.0;0.0;Waterschap De Dommel;0.0;0.0;Aangeleverd door Waterschap;Waterschap De Dommel;0.0;0.0;Geldrop-Mierlo;Metropoolregio Eindhoven;0.0;0.0;0.0;0.0;Noord-Brabant;BU17710109;GM1771;5731;5731PX;BU17710114;GM1771;5731;5731PX;BU17710114;GM1771;5731;5731PX;True;False;False;51.44275390124136;5.573125111860866;WarmteAtlas:AquathermieRWZI;;;
33.0;0.0;RWZI TILBURG;106833.0;106833.0;0.0;0.0;Waterschap De Dommel;2232.8097;2232.8097;Aangeleverd door Waterschap;Waterschap De Dommel;814976.0;628982.0;Tilburg;Hart van Brabant;6461.0;12921.0;2584.0;5168.0;Noord-Brabant;BU08556501;GM0855;5048;5048TD;BU08556501;GM0855;5048;5048TB;BU08556501;GM0855;5048;5048TB;False;False;False;51.60004877457195;5.067584339569449;WarmteAtlas:AquathermieRWZI;;;
34.0;0.0;rwzi Walcheren;22950.0;22950.0;18.5;11.0;Waterschap Scheldestromen;479.655;479.655;Aangeleverd door Waterschap;Waterschap Scheldestromen;175074.0;135119.0;Vlissingen;Zeeland;1388.0;2776.0;555.0;1110.0;Zeeland;BU07180601;GM0718;4389;4389TD;BU07180601;GM0718;4389;4389TD;BU07180601;GM0718;4389;4389TD;False;False;False;51.4435438343867;3.614490177345584;WarmteAtlas:AquathermieRWZI;;;
35.0;0.0;rwzi Willem Annapolder;14208.0;14208.0;21.6;12.6;Waterschap Scheldestromen;296.9472;296.9472;Aangeleverd door Waterschap;Waterschap Scheldestromen;108386.0;83650.0;Kapelle;Zeeland;859.0;1718.0;344.0;687.0;Zeeland;BU06780009;GM0678;4421;4421RT;BU06780009;GM0678;4421;4421RT;BU06780009;GM0678;4421;4421RT;False;False;False;51.45007351528039;3.9347477963256035;WarmteAtlas:AquathermieRWZI;;;
36.0;0.0;rwzi Camperlandpolder;2933.0;2442.0;20.0;10.2;Waterschap Scheldestromen;61.2997;51.0378;Aangeleverd door Waterschap;Waterschap Scheldestromen;18629.0;14377.0;Noord-Beveland;Zeeland;148.0;325.0;59.0;130.0;Zeeland;BU16950309;GM1695;4493;4493PD;BU16950309;GM1695;4493;4493PD;BU16950309;GM1695;4493;4493PD;False;False;False;51.57299720484727;3.7341097199021216;WarmteAtlas:AquathermieRWZI;;;
37.0;0.0;RWZI BATH;60710.0;77230.0;20.9;12.2;Waterschap Scheldestromen;1268.839;1614.107;Aangeleverd door Waterschap;Waterschap Scheldestromen;589149.0;454694.0;Reimerswaal;Zeeland;4670.0;8342.0;1868.0;3337.0;Zeeland;BU07030409;GM0703;4411;4411PC;BU07030409;GM0703;4411;4411PC;BU07030409;GM0703;4411;4411PC;False;False;False;51.39899796298928;4.249449150764745;WarmteAtlas:AquathermieRWZI;;;
38.0;0.0;rwzi Waarde;4314.0;4314.0;20.9;11.2;Waterschap Scheldestromen;90.1626;90.1626;Aangeleverd door Waterschap;Waterschap Scheldestromen;32909.0;25399.0;Reimerswaal;Zeeland;261.0;522.0;104.0;209.0;Zeeland;BU07030309;GM0703;4414;4414RH;BU07030309;GM0703;4414;4414RH;BU07030309;GM0703;4414;4414RH;False;False;False;51.42635820753435;4.053509160479671;WarmteAtlas:AquathermieRWZI;;;
39.0;0.0;rwzi Mastgat;2065.0;2065.0;20.4;10.0;Waterschap Scheldestromen;43.1585;43.1585;Aangeleverd door Waterschap;Waterschap Scheldestromen;15753.0;12158.0;Schouwen-Duiveland;Zeeland;125.0;250.0;50.0;100.0;Zeeland;BU16760509;GM1676;4311;4311RD;BU16760509;GM1676;4311;4311RD;BU16760509;GM1676;4311;4311RD;False;False;False;51.632169089344394;4.062855518981384;WarmteAtlas:AquathermieRWZI;;;
4.0;0.0;R.W.Z.I. Dinther;29000.0;30000.0;22.8;13.5;Aa en Maas;606.1;627.0;Aangeleverd door Waterschap;Aa en Maas;228855.0;176626.0;Bernheze;Noord-oost Brabant;1814.0;3568.0;726.0;1427.0;Noord-Brabant;BU17210504;GM1721;5473;5473XL;BU17210504;GM1721;5473;5473XL;BU17210504;GM1721;5473;5473XL;False;False;False;51.63525196233995;5.529918363552972;WarmteAtlas:AquathermieRWZI;;;
40.0;0.0;rwzi De Verseput;3371.0;3371.0;20.8;12.0;Waterschap Scheldestromen;70.4539;70.4539;Aangeleverd door Waterschap;Waterschap Scheldestromen;25716.0;19847.0;Schouwen-Duiveland;Zeeland;204.0;408.0;82.0;163.0;Zeeland;BU16761009;GM1676;4321;4321TD;BU16761009;GM1676;4321;4321TD;BU16761009;GM1676;4321;4321TD;False;False;False;51.67834144178038;3.872639135244112;WarmteAtlas:AquathermieRWZI;;;
41.0;0.0;rwzi Westerschouwen;4853.0;3668.0;19.7;10.6;Waterschap Scheldestromen;101.4277;76.6612;Aangeleverd door Waterschap;Waterschap Scheldestromen;27981.0;21595.0;Schouwen-Duiveland;Zeeland;222.0;515.0;89.0;206.0;Zeeland;BU16761208;GM1676;4328;4328NP;BU16761208;GM1676;4328;4328NP;BU16761208;GM1676;4328;4328NP;False;False;False;51.69009474668677;3.7629422223519993;WarmteAtlas:AquathermieRWZI;;;
42.0;0.0;rwzi Sint Maartensdijk;2573.0;2573.0;20.5;10.4;Waterschap Scheldestromen;53.7757;53.7757;Aangeleverd door Waterschap;Waterschap Scheldestromen;19628.0;15149.0;Tholen;Zeeland;156.0;311.0;62.0;124.0;Zeeland;BU07160309;GM0716;4695;4695PP;BU07160309;GM0716;4695;4695PP;BU07160309;GM0716;4695;4695PP;False;False;False;51.555042762365076;4.07454181291422;WarmteAtlas:AquathermieRWZI;;;
43.0;0.0;rwzi Tholen;1738.0;1738.0;21.0;11.0;Waterschap Scheldestromen;36.3242;36.3242;Aangeleverd door Waterschap;Waterschap Scheldestromen;13258.0;10233.0;Tholen;Zeeland;105.0;210.0;42.0;84.0;Zeeland;BU07160000;GM0716;4691;4691RZ;BU07160000;GM0716;4691;4691RZ;BU07160000;GM0716;4691;4691RZ;False;False;False;51.54104871993535;4.232003959453946;WarmteAtlas:AquathermieRWZI;;;
44.0;0.0;rwzi Hulst;2576.0;2576.0;20.6;10.6;Waterschap Scheldestromen;53.8384;53.8384;Aangeleverd door Waterschap;Waterschap Scheldestromen;19651.0;15166.0;Hulst;Zeeland;156.0;312.0;62.0;125.0;Zeeland;BU06770303;GM0677;4567;4567PJ;BU06770303;GM0677;4567;4567PJ;BU06770303;GM0677;4567;4567PJ;False;False;False;51.279400693249855;4.075594322783597;WarmteAtlas:AquathermieRWZI;;;
45.0;0.0;rwzi Kloosterzande;1112.0;1112.0;20.2;10.6;Waterschap Scheldestromen;23.2408;23.2408;Aangeleverd door Waterschap;Waterschap Scheldestromen;8483.0;6547.0;Hulst;Zeeland;67.0;134.0;27.0;54.0;Zeeland;BU06771501;GM0677;4588;4588KH;BU06771501;GM0677;4588;4588KH;BU06771501;GM0677;4588;4588KH;False;False;False;51.37618663163887;4.024589180562258;WarmteAtlas:AquathermieRWZI;;;
46.0;0.0;rwzi Terneuzen;3848.0;3848.0;20.4;13.2;Waterschap Scheldestromen;80.4232;80.4232;Aangeleverd door Waterschap;Waterschap Scheldestromen;29354.0;22655.0;Terneuzen;Zeeland;233.0;466.0;93.0;186.0;Zeeland;BU07152204;GM0715;4538;4538BJ;BU07152204;GM0715;4538;4538BJ;BU07152204;GM0715;4538;4538BJ;False;False;False;51.29663637842804;3.8385439813305124;WarmteAtlas:AquathermieRWZI;;;
47.0;0.0;rwzi Breskens;1632.0;1632.0;0.0;0.0;Waterschap Scheldestromen;34.1088;34.1088;Aangeleverd door Waterschap;Waterschap Scheldestromen;12450.0;9608.0;Sluis;Zeeland;99.0;198.0;40.0;79.0;Zeeland;BU17141009;GM1714;4511;4511PR;BU17141009;GM1714;4511;4511PR;BU17141009;GM1714;4511;4511PR;False;False;False;51.38551196972489;3.5858396341991505;WarmteAtlas:AquathermieRWZI;;;
48.0;0.0;rwzi Retranchement;2551.0;1633.0;0.0;0.0;Waterschap Scheldestromen;53.3159;34.1297;Aangeleverd door Waterschap;Waterschap Scheldestromen;12457.0;9614.0;Sluis;Zeeland;99.0;253.0;40.0;101.0;Zeeland;BU17140109;GM1714;4525;4525ND;BU17140109;GM1714;4525;4525ND;BU17140109;GM1714;4525;4525ND;False;False;False;51.36412376449775;3.3801874796791145;WarmteAtlas:AquathermieRWZI;;;
49.0;0.0;rwzi Oostburg;1565.0;1565.0;20.7;11.1;Waterschap Scheldestromen;32.7085;32.7085;Aangeleverd door Waterschap;Waterschap Scheldestromen;11939.0;9214.0;Sluis;Zeeland;95.0;189.0;38.0;76.0;Zeeland;BU17140509;GM1714;4501;4501PK;BU17140509;GM1714;4501;4501PK;BU17140509;GM1714;4501;4501PK;False;False;False;51.3391368266224;3.5022235954812597;WarmteAtlas:AquathermieRWZI;;;
5.0;0.0;R.W.Z.I. Aarle-Rixtel;34000.0;38000.0;21.8;12.9;Aa en Maas;710.6;794.2;Aangeleverd door Waterschap;Aa en Maas;289883.0;223726.0;Laarbeek;Metropoolregio Eindhoven;2298.0;4354.0;919.0;1742.0;Noord-Brabant;BU16590109;GM1659;5735;5735SC;BU16590109;GM1659;5735;5735SC;BU16590109;GM1659;5735;5735SC;False;False;False;51.503674635384975;5.662607581579918;WarmteAtlas:AquathermieRWZI;;;
50.0;0.0;rwzi Groede;758.0;434.0;0.0;0.0;Waterschap Scheldestromen;15.8422;9.0706;Aangeleverd door Waterschap;Waterschap Scheldestromen;3311.0;2555.0;Sluis;Zeeland;26.0;72.0;10.0;29.0;Zeeland;BU17140909;GM1714;4503;4503PL;BU17140909;GM1714;4503;4503PL;BU17140909;GM1714;4503;4503PL;False;False;False;51.394979050987274;3.5029993020994032;WarmteAtlas:AquathermieRWZI;;;
6.0;0.0;R.W.Z.I. Asten;7000.0;8000.0;20.5;11.2;Aa en Maas;146.3;167.2;Aangeleverd door Waterschap;Aa en Maas;61028.0;47100.0;Asten;Metropoolregio Eindhoven;484.0;907.0;194.0;363.0;Noord-Brabant;BU07430702;GM0743;5721;5721TC;BU07430702;GM0743;5721;5721TC;BU07430702;GM0743;5721;5721TC;False;False;False;51.39233906635029;5.744614859849256;WarmteAtlas:AquathermieRWZI;;;
7.0;0.0;R.W.Z.I. Oijen;28000.0;33000.0;20.8;12.6;Aa en Maas;585.2;689.7;Aangeleverd door Waterschap;Aa en Maas;251741.0;194288.0;Oss;Noord-oost Brabant;1996.0;3689.0;798.0;1476.0;Noord-Brabant;BU08282009;GM0828;5394;5394LW;BU08282009;GM0828;5394;5394LW;BU08282009;GM0828;5394;5394LW;False;False;False;51.81222084506408;5.487586571501574;WarmteAtlas:AquathermieRWZI;;;
8.0;0.0;RWZI Chaam;1152.0;881.0;18.8;8.1;Brabantse Delta;24.0768;18.4129;Aangeleverd door Waterschap;Brabantse Delta;6721.0;5187.0;Alphen-Chaam;West-Brabant;53.0;123.0;21.0;49.0;Noord-Brabant;BU17230207;GM1723;4861;4861TA;BU17230207;GM1723;4861;4861TA;BU17230207;GM1723;4861;4861TA;False;False;False;51.51177828617094;4.852482370487898;WarmteAtlas:AquathermieRWZI;;;
9.0;0.0;RWZI Lage zwaluwe;901.0;1226.0;20.6;9.7;Brabantse Delta;18.8309;25.6234;Aangeleverd door Waterschap;Brabantse Delta;9353.0;7218.0;Drimmelen;West-Brabant;74.0;129.0;30.0;52.0;Noord-Brabant;BU17190601;GM1719;4926;4926CZ;BU17190601;GM1719;4926;4926CZ;BU17190601;GM1719;4926;4926CZ;False;False;False;51.71687109409496;4.71483060331655;WarmteAtlas:AquathermieRWZI;;;
100.0;0.0;RWZI Houten;20520.0;20520.0;0.0;0.0;De Stichtse Rijnlanden;428.868;428.868;RWZI gegevens van watersector.nl, DWA dagdebiet is 24x uurdebiet. Indien geen DWA bekent, dan DWA = 0,3 x RWA;De Stichtse Rijnlanden;156537.0;120812.0;Houten;U10/U16;1241.0;2482.0;496.0;993.0;Utrecht;BU03212054;GM0321;3992;3992LK;BU03212054;GM0321;3992;3992LK;BU03212054;GM0321;3992;3992LK;False;False;False;52.027839239228946;5.131014928355307;WarmteAtlas:AquathermieRWZI;;;
101.0;0.0;RWZI Lopik;5616.0;5616.0;0.0;0.0;De Stichtse Rijnlanden;117.3744;117.3744;RWZI gegevens van watersector.nl, DWA dagdebiet is 24x uurdebiet. Indien geen DWA bekent, dan DWA = 0,3 x RWA;De Stichtse Rijnlanden;42842.0;33064.0;Lopik;U10/U16;340.0;679.0;136.0;272.0;Utrecht;BU03310009;GM0331;3411;3411ML;BU03310009;GM0331;3411;3411ML;BU03310009;GM0331;3411;3411ML;False;False;False;51.969526053782026;4.95874409724724;WarmteAtlas:AquathermieRWZI;;;
102.0;0.0;RWZI Bunnik;6480.0;6480.0;0.0;0.0;De Stichtse Rijnlanden;135.432;135.432;RWZI gegevens van watersector.nl, DWA dagdebiet is 24x uurdebiet. Indien geen DWA bekent, dan DWA = 0,3 x RWA;De Stichtse Rijnlanden;49433.0;38151.0;Bunnik;U10/U16;392.0;784.0;157.0;314.0;Utrecht;BU03120000;GM0312;3981;3981AK;BU03120000;GM0312;3981;3981AK;BU03120000;GM0312;3981;3981AK;False;False;False;52.06337560044604;5.219503235046639;WarmteAtlas:AquathermieRWZI;;;
103.0;0.0;RWZI Rhenen;15120.0;15120.0;0.0;0.0;De Stichtse Rijnlanden;316.008;316.008;RWZI gegevens van watersector.nl, DWA dagdebiet is 24x uurdebiet. Indien geen DWA bekent, dan DWA = 0,3 x RWA;De Stichtse Rijnlanden;115343.0;89019.0;Rhenen;FoodValley;914.0;1829.0;366.0;732.0;Utrecht;BU03400901;GM0340;3911;3911TN;BU03400901;GM0340;3911;3911TN;BU03400901;GM0340;3911;3911TN;False;False;False;51.97352506747588;5.531281376624557;WarmteAtlas:AquathermieRWZI;;;
104.0;0.0;RWZI Zeist;23040.0;23040.0;0.0;0.0;De Stichtse Rijnlanden;481.536;481.536;RWZI gegevens van watersector.nl, DWA dagdebiet is 24x uurdebiet. Indien geen DWA bekent, dan DWA = 0,3 x RWA;De Stichtse Rijnlanden;175761.0;135649.0;Zeist;U10/U16;1393.0;2787.0;557.0;1115.0;Utrecht;BU03550304;GM0355;3704;3704GS;BU03550304;GM0355;3704;3704GS;BU03550304;GM0355;3704;3704GS;False;False;False;52.0871823230714;5.211506058803742;WarmteAtlas:AquathermieRWZI;;;
105.0;0.0;RWZI De Bilt;2988.0;2988.0;0.0;0.0;De Stichtse Rijnlanden;62.4492;62.4492;RWZI gegevens van watersector.nl, DWA dagdebiet is 24x uurdebiet. Indien geen DWA bekent, dan DWA = 0,3 x RWA;De Stichtse Rijnlanden;22794.0;17592.0;De Bilt;U10/U16;181.0;362.0;72.0;145.0;Utrecht;BU03100402;GM0310;3737;3737AE;BU03100402;GM0310;3737;3737AE;BU03100402;GM0310;3737;3737AE;False;False;False;52.11936118851528;5.17435174977998;WarmteAtlas:AquathermieRWZI;;;
106.0;0.0;RWZI Nieuwegein;25200.0;25200.0;0.0;0.0;De Stichtse Rijnlanden;526.68;526.68;RWZI gegevens van watersector.nl, DWA dagdebiet is 24x uurdebiet. Indien geen DWA bekent, dan DWA = 0,3 x RWA;De Stichtse Rijnlanden;192238.0;148366.0;IJsselstein;U10/U16;1524.0;3048.0;610.0;1219.0;Utrecht;BU03530030;GM0353;3401;3401RZ;BU03530030;GM0353;3401;3401RZ;BU03530030;GM0353;3401;3401RZ;False;False;False;52.00391842874025;5.070539000415452;WarmteAtlas:AquathermieRWZI;;;
107.0;0.0;Awzi Haastrecht;2880.0;2880.0;0.0;0.0;De Stichtse Rijnlanden;60.192;60.192;RWZI gegevens van oude studie gedaan door Tauw voor HHSK;De Stichtse Rijnlanden;21970.0;16956.0;Krimpenerwaard;Midden-Holland;174.0;348.0;70.0;139.0;Zuid-Holland;BU19310800;GM1931;2851;2851AX;BU19310800;GM1931;2851;2851AX;BU19310800;GM1931;2851;2851AX;False;False;False;52.00226175496009;4.783824503246473;WarmteAtlas:AquathermieRWZI;;;
108.0;0.0;RWZI Haastrecht;25920.0;25920.0;0.0;0.0;De Stichtse Rijnlanden;541.728;541.728;RWZI gegevens van watersector.nl, DWA dagdebiet is 24x uurdebiet. Indien geen DWA bekent, dan DWA = 0,3 x RWA;De Stichtse Rijnlanden;197731.0;152605.0;Krimpenerwaard;Midden-Holland;1568.0;3135.0;627.0;1254.0;Zuid-Holland;BU19310800;GM1931;2851;2851AW;BU19310800;GM1931;2851;2851AW;BU19310800;GM1931;2851;2851AW;False;False;False;52.00262965194176;4.784297020906285;WarmteAtlas:AquathermieRWZI;;;
109.0;0.0;RWZI Harnaschpolder;262800.0;262800.0;0.0;0.0;HHS van Delfland;5492.52;5492.52;RWZI gegevens van watersector.nl, DWA dagdebiet is 24x uurdebiet. Indien geen DWA bekent, dan DWA = 0,3 x RWA;HHS van Delfland;2004770.0;1547243.0;Midden-Delfland;Rotterdam-Den Haag;15893.0;31786.0;6357.0;12714.0;Zuid-Holland;BU18420001;GM1842;2635;2635BX;BU18420001;GM1842;2635;2635BX;BU18420001;GM1842;2635;2635BX;False;False;False;52.0154061352828;4.31887752452759;WarmteAtlas:AquathermieRWZI;;;
110.0;0.0;Delfluent Services BV;86400.0;86400.0;0.0;0.0;HHS van Delfland;1805.76;1805.76;RWZI gegevens van watersector.nl, DWA dagdebiet is 24x uurdebiet. Indien geen DWA bekent, dan DWA = 0,3 x RWA;HHS van Delfland;659102.0;508683.0;'s-Gravenhage;Rotterdam-Den Haag;5225.0;10450.0;2090.0;4180.0;Zuid-Holland;BU05181309;GM0518;2566;2566GJ;BU05181309;GM0518;2566;2566GJ;BU05181309;GM0518;2566;2566GJ;False;False;False;52.08857403583939;4.266554197443477;WarmteAtlas:AquathermieRWZI;;;
111.0;0.0;AWZI De Groote Lucht;86400.0;86400.0;0.0;0.0;HHS van Delfland;1805.76;1805.76;RWZI gegevens van watersector.nl, DWA dagdebiet is 24x uurdebiet. Indien geen DWA bekent, dan DWA = 0,3 x RWA;HHS van Delfland;659102.0;508683.0;Vlaardingen;Rotterdam-Den Haag;5225.0;10450.0;2090.0;4180.0;Zuid-Holland;BU06220303;GM0622;3133;3133LA;BU06220303;GM0622;3133;3133LA;BU06220303;GM0622;3133;3133LA;False;False;False;51.89998819875721;4.303094224660595;WarmteAtlas:AquathermieRWZI;;;
112.0;0.0;RWZI Nieuwe Waterweg;21500.0;21500.0;0.0;0.0;HHS van Delfland;449.35;449.35;RWZI gegevens van watersector.nl, DWA dagdebiet is 24x uurdebiet. Indien geen DWA bekent, dan DWA = 0,3 x RWA;HHS van Delfland;164013.0;126582.0;Rotterdam;Rotterdam-Den Haag;1300.0;2600.0;520.0;1040.0;Zuid-Holland;BU05991703;GM0599;3151;3151ZK;BU05991703;GM0599;3151;3151ZK;BU05991703;GM0599;3151;3151ZK;False;False;False;51.966243008758866;4.153235152303337;WarmteAtlas:AquathermieRWZI;;;
113.0;0.0;Awzi Ammerstol;720.0;720.0;0.0;0.0;Schieland en de Krimpenerwaard;15.048;15.048;RWZI gegevens van oude studie gedaan door Tauw voor HHSK;Schieland en de Krimpenerwaard;5493.0;4239.0;Krimpenerwaard;Midden-Holland;44.0;87.0;17.0;35.0;Zuid-Holland;BU19310600;GM1931;2865;2865AG;BU19310600;GM1931;2865;2865AG;BU19310600;GM1931;2865;2865AG;False;False;False;51.93069238360864;4.805631299130185;WarmteAtlas:AquathermieRWZI;;;
114.0;0.0;Awzi Stolwijk;2160.0;2160.0;0.0;0.0;Schieland en de Krimpenerwaard;45.144;45.144;RWZI gegevens van oude studie gedaan door Tauw voor HHSK;Schieland en de Krimpenerwaard;16478.0;12717.0;Krimpenerwaard;Midden-Holland;130.0;261.0;52.0;104.0;Zuid-Holland;BU19311008;GM1931;2821;2821SH;BU19311008;GM1931;2821;2821SH;BU19311008;GM1931;2821;2821SH;False;False;False;51.980248827318626;4.767155701649249;WarmteAtlas:AquathermieRWZI;;;
115.0;0.0;Awzi De Groote Zaag;16512.0;16512.0;0.0;0.0;Schieland en de Krimpenerwaard;345.1008;345.1008;RWZI gegevens van oude studie gedaan door Tauw voor HHSK;Schieland en de Krimpenerwaard;125962.0;97215.0;Krimpenerwaard;Midden-Holland;998.0;1997.0;399.0;799.0;Zuid-Holland;BU19310104;GM1931;2931;2931LD;BU19310104;GM1931;2931;2931LD;BU19310104;GM1931;2931;2931LD;False;False;False;51.89780648664727;4.59714744669549;WarmteAtlas:AquathermieRWZI;;;
116.0;0.0;Awzi Bergambacht;3840.0;3840.0;0.0;0.0;Schieland en de Krimpenerwaard;80.256;80.256;RWZI gegevens van oude studie gedaan door Tauw voor HHSK;Schieland en de Krimpenerwaard;29293.0;22608.0;Krimpenerwaard;Midden-Holland;232.0;464.0;93.0;186.0;Zuid-Holland;BU19310404;GM1931;2861;2861CD;BU19310404;GM1931;2861;2861CD;BU19310404;GM1931;2861;2861CD;False;False;False;51.94045032179333;4.787970088779269;WarmteAtlas:AquathermieRWZI;;;
117.0;0.0;Awzi Berkenwoude;312.0;312.0;0.0;0.0;Schieland en de Krimpenerwaard;6.5208;6.5208;RWZI gegevens van oude studie gedaan door Tauw voor HHSK;Schieland en de Krimpenerwaard;2380.0;1837.0;Krimpenerwaard;Midden-Holland;19.0;38.0;8.0;15.0;Zuid-Holland;BU19310700;GM1931;2825;2825AB;BU19310700;GM1931;2825;2825AB;BU19310700;GM1931;2825;2825AB;False;False;False;51.93584263970003;4.712299128930347;WarmteAtlas:AquathermieRWZI;;;
118.0;0.0;AWZI Gouda;18780.0;18780.0;0.0;0.0;Schieland en de Krimpenerwaard;392.502;392.502;Aangeleverd door Waterschap;Schieland en de Krimpenerwaard;143263.0;110568.0;Gouda;Midden-Holland;1136.0;2272.0;454.0;909.0;Zuid-Holland;BU05130809;GM0513;2808;2808ND;BU05130809;GM0513;2808;2808ND;BU05130809;GM0513;2808;2808ND;False;False;False;52.00246885249446;4.712875521771351;WarmteAtlas:AquathermieRWZI;;;
119.0;0.0;Awzi Groenedijk;22800.0;22800.0;0.0;0.0;Schieland en de Krimpenerwaard;476.52;476.52;RWZI gegevens van oude studie gedaan door Tauw voor HHSK;Schieland en de Krimpenerwaard;173930.0;134236.0;Capelle aan den IJssel;Rotterdam-Den Haag;1379.0;2758.0;552.0;1103.0;Zuid-Holland;BU05020447;GM0502;2904;2904LB;BU05020447;GM0502;2904;2904LB;BU05020447;GM0502;2904;2904LB;False;False;False;51.92893298030048;4.602681853718341;WarmteAtlas:AquathermieRWZI;;;
120.0;0.0;Awzi Kralingseveer;84000.0;84000.0;0.0;0.0;Schieland en de Krimpenerwaard;1755.6;1755.6;RWZI gegevens van oude studie gedaan door Tauw voor HHSK;Schieland en de Krimpenerwaard;640794.0;494553.0;Capelle aan den IJssel;Rotterdam-Den Haag;5080.0;10160.0;2032.0;4064.0;Zuid-Holland;BU05020996;GM0502;2909;2909LM;BU05020996;GM0502;2909;2909LM;BU05020996;GM0502;2909;2909LM;False;False;False;51.90961787785844;4.542206210679891;WarmteAtlas:AquathermieRWZI;;;
121.0;0.0;Awzi Kortenoord;34800.0;34800.0;0.0;0.0;Schieland en de Krimpenerwaard;727.32;727.32;RWZI gegevens van oude studie gedaan door Tauw voor HHSK;Schieland en de Krimpenerwaard;265472.0;204886.0;Zuidplas;Midden-Holland;2104.0;4209.0;842.0;1684.0;Zuid-Holland;BU18920406;GM1892;2911;2911BS;BU18920406;GM1892;2911;2911BS;BU18920406;GM1892;2911;2911BS;False;False;False;51.972345173001685;4.628765904070388;WarmteAtlas:AquathermieRWZI;;;
122.0;0.0;Hattem;9300.0;9300.0;0.0;0.0;Vallei & Veluwe;194.37;194.37;Aangeleverd door Waterschap;Vallei & Veluwe;70945.0;54754.0;Hattem;Noord Veluwe;562.0;1125.0;225.0;450.0;Gelderland;BU02440109;GM0244;8051;8051KE;BU02440109;GM0244;8051;8051KE;BU02440109;GM0244;8051;8051KE;False;False;False;52.48512450733406;6.040070336671016;WarmteAtlas:AquathermieRWZI;;;
123.0;0.0;Renkum;12300.0;12300.0;0.0;0.0;Vallei & Veluwe;257.07;257.07;Aangeleverd door Waterschap;Vallei & Veluwe;93831.0;72417.0;Renkum;Arnhem/Nijmegen;744.0;1488.0;298.0;595.0;Gelderland;BU02740101;GM0274;6871;6871CJ;BU02740101;GM0274;6871;6871CJ;BU02740101;GM0274;6871;6871CJ;False;False;False;51.96628806972566;5.723538166650081;WarmteAtlas:AquathermieRWZI;;;
124.0;0.0;Elburg;14800.0;14800.0;20.0;11.0;Vallei & Veluwe;309.32;309.32;Aangeleverd door Waterschap;Vallei & Veluwe;112902.0;87135.0;Elburg;Noord Veluwe;895.0;1790.0;358.0;716.0;Gelderland;BU02300101;GM0230;8081;8081HH;BU02300101;GM0230;8081;8081HJ;BU02300101;GM0230;8081;8081HJ;False;False;False;52.458453872876845;5.834046751396091;WarmteAtlas:AquathermieRWZI;;;
125.0;0.0;Brummen;3700.0;3700.0;0.0;0.0;Vallei & Veluwe;77.33;77.33;Aangeleverd door Waterschap;Vallei & Veluwe;28225.0;21784.0;Brummen;Stedendriehoek/cleantechregio;224.0;448.0;90.0;179.0;Gelderland;BU02130317;GM0213;6971;6971JH;BU02130317;GM0213;6971;6971JH;BU02130317;GM0213;6971;6971JH;False;False;False;52.092955300666674;6.185719377698766;WarmteAtlas:AquathermieRWZI;;;
126.0;0.0;Ede;31800.0;31800.0;0.0;0.0;Vallei & Veluwe;664.62;664.62;Aangeleverd door Waterschap;Vallei & Veluwe;242586.0;187223.0;Ede;FoodValley;1923.0;3846.0;769.0;1538.0;Gelderland;BU02280306;GM0228;6715;6715AT;BU02280306;GM0228;6715;6715AT;BU02280306;GM0228;6715;6715AT;False;False;False;52.03940112073708;5.621514810269112;WarmteAtlas:AquathermieRWZI;;;
127.0;0.0;Bennekom;2200.0;2200.0;0.0;0.0;Vallei & Veluwe;45.98;45.98;Aangeleverd door Waterschap;Vallei & Veluwe;16783.0;12953.0;Ede;FoodValley;133.0;266.0;53.0;106.0;Gelderland;BU02283031;GM0228;6721;6721NB;BU02283031;GM0228;6721;6721NB;BU02283031;GM0228;6721;6721NB;False;False;False;51.997496823335304;5.65849519463841;WarmteAtlas:AquathermieRWZI;;;
128.0;0.0;Heerde;2900.0;2900.0;0.0;0.0;Vallei & Veluwe;60.61;60.61;Aangeleverd door Waterschap;Vallei & Veluwe;22123.0;17074.0;Heerde;Stedendriehoek/cleantechregio;176.0;351.0;70.0;140.0;Gelderland;BU02460000;GM0246;8181;8181VK;BU02460000;GM0246;8181;8181VK;BU02460000;GM0246;8181;8181VK;False;False;False;52.39158440428179;6.053609702103404;WarmteAtlas:AquathermieRWZI;;;
129.0;0.0;Harderwijk;29600.0;29600.0;0.0;0.0;Vallei & Veluwe;618.64;618.64;Aangeleverd door Waterschap;Vallei & Veluwe;225804.0;174271.0;Harderwijk;Noord Veluwe;1790.0;3580.0;716.0;1432.0;Gelderland;BU02431301;GM0243;3846;3846AV;BU02431301;GM0243;3846;3846AV;BU02431301;GM0243;3846;3846AV;False;False;False;52.35748789398644;5.6325484609432905;WarmteAtlas:AquathermieRWZI;;;
130.0;0.0;Epe;3800.0;3800.0;0.0;0.0;Vallei & Veluwe;79.42;79.42;Aangeleverd door Waterschap;Vallei & Veluwe;28988.0;22373.0;Epe;Stedendriehoek/cleantechregio;230.0;460.0;92.0;184.0;Gelderland;BU02320007;GM0232;8161;8161PH;BU02320007;GM0232;8161;8161PH;BU02320007;GM0232;8161;8161PH;False;False;False;52.34377522741732;5.999373518780866;WarmteAtlas:AquathermieRWZI;;;
131.0;0.0;Nijkerk;13000.0;13000.0;0.0;0.0;Vallei & Veluwe;271.7;271.7;Aangeleverd door Waterschap;Vallei & Veluwe;99170.0;76538.0;Nijkerk;FoodValley;786.0;1572.0;314.0;629.0;Gelderland;BU02670101;GM0267;3861;3861RH;BU02670101;GM0267;3861;3861RH;BU02670101;GM0267;3861;3861RH;False;False;False;52.231736609329616;5.473914978912893;WarmteAtlas:AquathermieRWZI;;;
132.0;0.0;Apeldoorn;48900.0;48900.0;19.2;9.8;Vallei & Veluwe;1022.01;1022.01;Aangeleverd door Waterschap;Vallei & Veluwe;373034.0;287900.0;Apeldoorn;Stedendriehoek/cleantechregio;2957.0;5914.0;1183.0;2366.0;Gelderland;BU02000808;GM0200;7317;7317AX;BU02000808;GM0200;7317;7317AX;BU02000808;GM0200;7317;7317AX;False;False;False;52.23893951346033;5.972869413437861;WarmteAtlas:AquathermieRWZI;;;
133.0;0.0;Terwolde;6000.0;6000.0;0.0;0.0;Vallei & Veluwe;125.4;125.4;Aangeleverd door Waterschap;Vallei & Veluwe;45771.0;35325.0;Voorst;Stedendriehoek/cleantechregio;363.0;726.0;145.0;290.0;Gelderland;BU02850109;GM0285;7396;7396NB;BU02850109;GM0285;7396;7396BW;BU02850202;GM0285;7396;7396BW;True;False;False;52.26154000960039;6.120816713788874;WarmteAtlas:AquathermieRWZI;;;
134.0;0.0;Amersfoort;33000.0;33000.0;20.0;11.4;Vallei & Veluwe;689.7;689.7;Aangeleverd door Waterschap;Vallei & Veluwe;251741.0;194288.0;Amersfoort;Amersfoort;1996.0;3991.0;798.0;1596.0;Utrecht;BU03070505;GM0307;3812;3812RH;BU03070505;GM0307;3812;3812RH;BU03070505;GM0307;3812;3812RH;False;False;False;52.17400052595251;5.350726276816121;WarmteAtlas:AquathermieRWZI;;;
135.0;0.0;Veenendaal;18000.0;18000.0;0.0;0.0;Vallei & Veluwe;376.2;376.2;Info van watersector.nl;Vallei & Veluwe;137313.0;105976.0;Utrechtse Heuvelrug;U10/U16;1088.0;2177.0;435.0;871.0;Utrecht;BU15810302;GM1581;3959;3959AL;BU15810302;GM1581;3959;3959AL;BU15810302;GM1581;3959;3959AL;False;False;False;52.03789212424647;5.5232381132560855;WarmteAtlas:AquathermieRWZI;;;
136.0;0.0;Soest;13200.0;13200.0;0.0;0.0;Vallei & Veluwe;275.88;275.88;Aangeleverd door Waterschap;Vallei & Veluwe;100696.0;77715.0;Soest;Amersfoort;798.0;1596.0;319.0;639.0;Utrecht;BU03420103;GM0342;3761;3761EH;BU03420103;GM0342;3761;3761EH;BU03420103;GM0342;3761;3761EH;False;False;False;52.193941393939525;5.29786832955532;WarmteAtlas:AquathermieRWZI;;;
137.0;0.0;Woudenberg;6700.0;6700.0;19.6;9.2;Vallei & Veluwe;140.03;140.03;Aangeleverd door Waterschap;Vallei & Veluwe;51111.0;39446.0;Woudenberg;Amersfoort;405.0;810.0;162.0;324.0;Utrecht;BU03510008;GM0351;3931;3931MR;BU03510008;GM0351;3931;3931MR;BU03510008;GM0351;3931;3931MR;False;False;False;52.08821845590792;5.44748613862379;WarmteAtlas:AquathermieRWZI;;;
138.0;0.0;AWZI Heemstede;5500.0;5500.0;0.0;0.0;HH van Rijnland;114.95;114.95;Aangeleverd door Waterschap;HH van Rijnland;41957.0;32381.0;Heemstede;Noord-Holland Zuid;332.0;665.0;133.0;266.0;Noord-Holland;BU03970001;GM0397;2102;2102LS;BU03970001;GM0397;2102;2102LS;BU03970001;GM0397;2102;2102LS;False;False;False;52.343953362581146;4.637941429968423;WarmteAtlas:AquathermieRWZI;;;
139.0;0.0;AWZI Aalsmeer;2500.0;2500.0;0.0;0.0;HH van Rijnland;52.25;52.25;Aangeleverd door Waterschap;HH van Rijnland;19071.0;14719.0;Aalsmeer;Noord-Holland Zuid;151.0;302.0;60.0;121.0;Noord-Holland;BU03580201;GM0358;1432;1432GW;BU03580201;GM0358;1432;1432GW;BU03580201;GM0358;1432;1432GW;False;False;False;52.26804624999982;4.776160119611244;WarmteAtlas:AquathermieRWZI;;;
140.0;0.0;AWZI Haarlem-Waarderpolder;25000.0;25000.0;0.0;0.0;HH van Rijnland;522.5;522.5;Aangeleverd door Waterschap;HH van Rijnland;190712.0;147188.0;Haarlem;Noord-Holland Zuid;1512.0;3024.0;605.0;1210.0;Noord-Holland;BU03920602;GM0392;2031;2031BH;BU03920602;GM0392;2031;2031BH;BU03920602;GM0392;2031;2031BH;False;False;False;52.397558942101604;4.667912559531948;WarmteAtlas:AquathermieRWZI;;;
141.0;0.0;AWZI Haarlem-Schalkwijk;8000.0;8000.0;0.0;0.0;HH van Rijnland;167.2;167.2;Aangeleverd door Waterschap;HH van Rijnland;61028.0;47100.0;Haarlem;Noord-Holland Zuid;484.0;968.0;194.0;387.0;Noord-Holland;BU03921902;GM0392;2035;2035RB;BU03921902;GM0392;2035;2035RB;BU03921902;GM0392;2035;2035RB;False;False;False;52.36903824689287;4.668897004284066;WarmteAtlas:AquathermieRWZI;;;
142.0;0.0;AWZI Velsen;26640.0;26640.0;0.0;0.0;HH van Rijnland;556.776;556.776;Aangeleverd door Waterschap;HH van Rijnland;203223.0;156844.0;Velsen;Noord-Holland Zuid;1611.0;3222.0;644.0;1289.0;Noord-Holland;BU04530900;GM0453;1981;1981LE;BU04530900;GM0453;1981;1981LE;BU04530900;GM0453;1981;1981LE;False;False;False;52.45941522434577;4.659975297949506;WarmteAtlas:AquathermieRWZI;;;
143.0;0.0;AWZI Zwaanshoek;12000.0;12000.0;0.0;0.0;HH van Rijnland;250.8;250.8;Aangeleverd door Waterschap;HH van Rijnland;91542.0;70650.0;Haarlemmermeer;Holland Rijnland;726.0;1452.0;290.0;581.0;Noord-Holland;BU03941295;GM0394;2136;2136LR;BU03941295;GM0394;2136;2136LR;BU03941295;GM0394;2136;2136LR;False;False;False;52.30381390332737;4.606333669399683;WarmteAtlas:AquathermieRWZI;;;
144.0;0.0;AWZI Rijsenhout;5250.0;5250.0;0.0;0.0;HH van Rijnland;109.725;109.725;Aangeleverd door Waterschap;HH van Rijnland;40050.0;30910.0;Haarlemmermeer;Noord-Holland Zuid;318.0;635.0;127.0;254.0;Noord-Holland;BU03940782;GM0394;1435;1435CA;BU03940782;GM0394;1435;1435CA;BU03940782;GM0394;1435;1435CA;False;False;False;52.27230215987151;4.724941705113942;WarmteAtlas:AquathermieRWZI;;;
145.0;0.0;AWZI Zwanenburg;41400.0;41400.0;0.0;0.0;HH van Rijnland;865.26;865.26;Aangeleverd door Waterschap;HH van Rijnland;315820.0;243744.0;Haarlemmermeer;Noord-Holland Zuid;2504.0;5007.0;1002.0;2003.0;Noord-Holland;BU03940350;GM0394;1161;1161GG;BU03940350;GM0394;1161;1161GG;BU03940350;GM0394;1161;1161GG;False;False;False;52.36168551527918;4.73999854717375;WarmteAtlas:AquathermieRWZI;;;
146.0;0.0;AWZI Schiphol(derden);0.0;0.0;0.0;0.0;HH van Rijnland;0.0;0.0;Aangeleverd door Waterschap;HH van Rijnland;0.0;0.0;Haarlemmermeer;Noord-Holland Zuid;0.0;0.0;0.0;0.0;Noord-Holland;BU03940675;GM0394;1438;1438AG;BU03940675;GM0394;1438;1438AG;BU03940675;GM0394;1438;1438AG;False;False;False;52.29150565482946;4.787498276074959;WarmteAtlas:AquathermieRWZI;;;
147.0;0.0;AWZI Bodegraven;4500.0;4500.0;0.0;0.0;HH van Rijnland;94.05;94.05;Aangeleverd door Waterschap;HH van Rijnland;34328.0;26494.0;Bodegraven-Reeuwijk;Midden-Holland;272.0;544.0;109.0;218.0;Zuid-Holland;BU19010203;GM1901;2411;2411NB;BU19010203;GM1901;2411;2411NB;BU19010203;GM1901;2411;2411NB;False;False;False;52.08217825987715;4.73460398317279;WarmteAtlas:AquathermieRWZI;;;
148.0;0.0;AWZI Katwijk;29924.0;29924.0;0.0;0.0;HH van Rijnland;625.4116;625.4116;Aangeleverd door Waterschap;HH van Rijnland;228275.0;176178.0;Katwijk;Holland Rijnland;1810.0;3619.0;724.0;1448.0;Zuid-Holland;BU05370202;GM0537;2222;2222AP;BU05370202;GM0537;2222;2222AP;BU05370202;GM0537;2222;2222AP;False;False;False;52.20251278624473;4.440154482329565;WarmteAtlas:AquathermieRWZI;;;
149.0;0.0;AWZI Noordwijk;10080.0;10080.0;0.0;0.0;HH van Rijnland;210.672;210.672;Aangeleverd door Waterschap;HH van Rijnland;76895.0;59346.0;Noordwijk;Holland Rijnland;610.0;1219.0;244.0;488.0;Zuid-Holland;BU05750203;GM0575;2201;2201AH;BU05750203;GM0575;2201;2201AH;BU05750203;GM0575;2201;2201AH;False;False;False;52.22108572348078;4.447070796981517;WarmteAtlas:AquathermieRWZI;;;
150.0;0.0;AWZI Waddinxveen-Randenburg;13000.0;13000.0;0.0;0.0;HH van Rijnland;271.7;271.7;Aangeleverd door Waterschap;HH van Rijnland;99170.0;76538.0;Waddinxveen;Midden-Holland;786.0;1572.0;314.0;629.0;Zuid-Holland;BU06270407;GM0627;2741;2741KR;BU06270407;GM0627;2741;2741KR;BU06270407;GM0627;2741;2741KR;False;False;False;52.05696963575252;4.6661407249887015;WarmteAtlas:AquathermieRWZI;;;
51.0;0.0;RWZI Overasselt;910.0;910.0;19.2587;7.66444;Waterschap Rivierenland;19.019;19.019;;Waterschap Rivierenland;6942.0;5358.0;Heumen;Arnhem/Nijmegen;55.0;110.0;22.0;44.0;Gelderland;BU02520104;GM0252;6611;6611KW;BU02520104;GM0252;6611;6611KW;BU02520104;GM0252;6611;6611KW;False;False;False;51.75773683036502;5.800717278707815;WarmteAtlas:AquathermieRWZI;;;
52.0;0.0;RWZI Bergharen;990.0;990.0;19.0587;7.73864;Waterschap Rivierenland;20.691;20.691;;Waterschap Rivierenland;7552.0;5829.0;Wijchen;Arnhem/Nijmegen;60.0;120.0;24.0;48.0;Gelderland;BU02960402;GM0296;6617;6617KE;BU02960402;GM0296;6617;6617KE;BU02960402;GM0296;6617;6617KE;False;False;False;51.84600199752096;5.6431839296193935;WarmteAtlas:AquathermieRWZI;;;
53.0;0.0;RWZI Druten;5100.0;5100.0;20.3435;10.4656;Waterschap Rivierenland;106.59;106.59;;Waterschap Rivierenland;38905.0;30026.0;Druten;Arnhem/Nijmegen;308.0;617.0;123.0;247.0;Gelderland;BU02250004;GM0225;6651;6651BP;BU02250109;GM0225;6651;6651BP;BU02250109;GM0225;6651;6651BP;True;False;False;51.892523592290175;5.591453894954719;WarmteAtlas:AquathermieRWZI;;;
54.0;0.0;RWZI Arnhem;24500.0;24500.0;21.4641;12.4542;Waterschap Rivierenland;512.05;512.05;;Waterschap Rivierenland;186898.0;144244.0;Arnhem;Arnhem/Nijmegen;1482.0;2963.0;593.0;1185.0;Gelderland;BU02022194;GM0202;6841;6841HJ;BU02022194;GM0202;6841;6841HJ;BU02022194;GM0202;6841;6841HJ;False;False;False;51.966328384804704;5.855916881413093;WarmteAtlas:AquathermieRWZI;;;
55.0;0.0;RWZI Asperen;1100.0;1100.0;21.3163;9.45;Waterschap Rivierenland;22.99;22.99;;Waterschap Rivierenland;8391.0;6476.0;Lingewaal;Rivierenland (Fruitdelta);66.0;133.0;27.0;53.0;Gelderland;BU19600802;GM1960;4147;4147CV;BU19600802;GM1960;4147;4147CV;BU19600802;GM1960;4147;4147CV;False;False;False;51.88411826880908;5.110685141910247;WarmteAtlas:AquathermieRWZI;;;
56.0;0.0;RWZI Beesd;1310.0;1310.0;20.4859;7.30778;Waterschap Rivierenland;27.379;27.379;;Waterschap Rivierenland;9993.0;7713.0;Geldermalsen;Rivierenland (Fruitdelta);79.0;158.0;32.0;63.0;Gelderland;BU19600209;GM1960;4153;4153XB;BU19600209;GM1960;4153;4153XB;BU19600209;GM1960;4153;4153XB;False;False;False;51.89722737570678;5.169531209333422;WarmteAtlas:AquathermieRWZI;;;
57.0;0.0;RWZI Geldermalsen;5490.0;5490.0;20.1065;10.625;Waterschap Rivierenland;114.741;114.741;;Waterschap Rivierenland;41880.0;32323.0;Geldermalsen;Rivierenland (Fruitdelta);332.0;664.0;133.0;266.0;Gelderland;BU19600006;GM1960;4191;4191LA;BU19600006;GM1960;4191;4191LA;BU19600006;GM1960;4191;4191LA;False;False;False;51.88734449500729;5.275325299557291;WarmteAtlas:AquathermieRWZI;;;
58.0;0.0;RWZI Zetten;1070.0;1070.0;20.9348;9.43864;Waterschap Rivierenland;22.363;22.363;;Waterschap Rivierenland;8162.0;6300.0;Overbetuwe;Arnhem/Nijmegen;65.0;130.0;26.0;52.0;Gelderland;BU17341402;GM1734;6668;6668AV;BU17341402;GM1734;6668;6668AV;BU17341402;GM1734;6668;6668AV;False;False;False;51.93825801583184;5.711807651399275;WarmteAtlas:AquathermieRWZI;;;
59.0;0.0;RWZI Valburg;1370.0;1370.0;19.0109;9.79667;Waterschap Rivierenland;28.633;28.633;;Waterschap Rivierenland;10451.0;8066.0;Overbetuwe;Arnhem/Nijmegen;83.0;166.0;33.0;66.0;Gelderland;BU17341701;GM1734;6675;6675AC;BU17341701;GM1734;6675;6675AC;BU17341701;GM1734;6675;6675AC;False;False;False;51.90911812153376;5.781398919202133;WarmteAtlas:AquathermieRWZI;;;
60.0;0.0;RWZI Dreumel;1230.0;1230.0;20.0598;9.20222;Waterschap Rivierenland;25.707;25.707;;Waterschap Rivierenland;9383.0;7242.0;West Maas en Waal;Rivierenland (Fruitdelta);74.0;149.0;30.0;60.0;Gelderland;BU06680601;GM0668;6621;6621KX;BU06680601;GM0668;6621;6621KX;BU06680601;GM0668;6621;6621KX;False;False;False;51.828376029577015;5.439830694054113;WarmteAtlas:AquathermieRWZI;;;
61.0;0.0;RWZI Maasbommel;500.0;500.0;18.6739;6.66333;Waterschap Rivierenland;10.45;10.45;;Waterschap Rivierenland;3814.0;2944.0;West Maas en Waal;Rivierenland (Fruitdelta);30.0;60.0;12.0;24.0;Gelderland;BU06680701;GM0668;6627;6627AV;BU06680701;GM0668;6627;6627AV;BU06680701;GM0668;6627;6627AV;False;False;False;51.8297492967569;5.522371363120358;WarmteAtlas:AquathermieRWZI;;;
62.0;0.0;RWZI Nijmegen;53710.0;53710.0;26.3692;18.1861;Waterschap Rivierenland;1122.539;1122.539;;Waterschap Rivierenland;409727.0;316219.0;Beuningen;Arnhem/Nijmegen;3248.0;6496.0;1299.0;2598.0;Gelderland;BU02090306;GM0209;6551;6551DK;BU02090306;GM0209;6551;6551DK;BU02090306;GM0209;6551;6551DK;False;False;False;51.84851955014199;5.797520263576499;WarmteAtlas:AquathermieRWZI;;;
63.0;0.0;RWZI Dodewaard;3910.0;3910.0;21.3789;11.8911;Waterschap Rivierenland;81.719;81.719;;Waterschap Rivierenland;29827.0;23020.0;Neder-Betuwe;Rivierenland (Fruitdelta);236.0;473.0;95.0;189.0;Gelderland;BU17400209;GM1740;6669;6669CX;BU17400209;GM1740;6669;6669CX;BU17400209;GM1740;6669;6669CX;False;False;False;51.92046528900638;5.634464579169903;WarmteAtlas:AquathermieRWZI;;;
64.0;0.0;RWZI Eck en Wiel;1880.0;1880.0;19.9891;9.50706;Waterschap Rivierenland;39.292;39.292;;Waterschap Rivierenland;14342.0;11069.0;Buren;Rivierenland (Fruitdelta);114.0;228.0;46.0;91.0;Gelderland;BU02140509;GM0214;4024;4024BV;BU02140509;GM0214;4024;4024BV;BU02140509;GM0214;4024;4024BV;False;False;False;51.97366031817698;5.4535681810224;WarmteAtlas:AquathermieRWZI;;;
65.0;0.0;RWZI Lienden;1480.0;1480.0;20.513;8.94397;Waterschap Rivierenland;30.932;30.932;;Waterschap Rivierenland;11290.0;8714.0;Buren;Rivierenland (Fruitdelta);90.0;179.0;36.0;72.0;Gelderland;BU02140307;GM0214;4033;4033CS;BU02140307;GM0214;4033;4033CS;BU02140307;GM0214;4033;4033CS;False;False;False;51.957188824926774;5.532934104320905;WarmteAtlas:AquathermieRWZI;;;
66.0;0.0;RWZI Groesbeek;3880.0;3880.0;18.1654;9.07;Waterschap Rivierenland;81.092;81.092;;Waterschap Rivierenland;29599.0;22844.0;Berg en Dal;Arnhem/Nijmegen;235.0;469.0;94.0;188.0;Gelderland;BU19450201;GM1945;6562;6562KK;BU19450201;GM1945;6562;6562KK;BU19450201;GM1945;6562;6562KK;False;False;False;51.759419283682085;5.954465106132221;WarmteAtlas:AquathermieRWZI;;;
67.0;0.0;RWZI Millingen aan de Rijn;1360.0;1360.0;20.7386;9.33778;Waterschap Rivierenland;28.424;28.424;;Waterschap Rivierenland;10375.0;8007.0;Berg en Dal;Arnhem/Nijmegen;82.0;164.0;33.0;66.0;Gelderland;BU19450701;GM1945;6579;6579JC;BU19450701;GM1945;6579;6579JC;BU19450701;GM1945;6579;6579JC;False;False;False;51.86484321782501;6.022845939257539;WarmteAtlas:AquathermieRWZI;;;
68.0;0.0;RWZI Haaften;2220.0;2220.0;20.888;9.78889;Waterschap Rivierenland;46.398;46.398;;Waterschap Rivierenland;16935.0;13070.0;Neerijnen;Rivierenland (Fruitdelta);134.0;268.0;54.0;107.0;Gelderland;BU19600509;GM1960;4175;4175LG;BU19600509;GM1960;4175;4175LG;BU19600509;GM1960;4175;4175LG;False;False;False;51.823122548771686;5.223834170592945;WarmteAtlas:AquathermieRWZI;;;
69.0;0.0;RWZI Aalst;2370.0;2370.0;19.2053;8.72857;Waterschap Rivierenland;49.533;49.533;;Waterschap Rivierenland;18080.0;13953.0;Zaltbommel;Rivierenland (Fruitdelta);143.0;287.0;57.0;115.0;Gelderland;BU02970105;GM0297;5305;5305TJ;BU02970105;GM0297;5305;5305TJ;BU02970105;GM0297;5305;5305TJ;False;False;False;51.797394091054024;5.126975022791673;WarmteAtlas:AquathermieRWZI;;;
70.0;0.0;RWZI Zaltbommel;12230.0;12230.0;23.392;14.9943;Waterschap Rivierenland;255.607;255.607;;Waterschap Rivierenland;93297.0;72004.0;Zaltbommel;Rivierenland (Fruitdelta);740.0;1479.0;296.0;592.0;Gelderland;BU02970008;GM0297;5301;5301KN;BU02970008;GM0297;5301;5301KN;BU02970008;GM0297;5301;5301KN;False;False;False;51.8156274133779;5.265214133653231;WarmteAtlas:AquathermieRWZI;;;
71.0;0.0;RWZI Culemborg;8360.0;8360.0;20.1674;11.3444;Waterschap Rivierenland;174.724;174.724;;Waterschap Rivierenland;63774.0;49220.0;Culemborg;Rivierenland (Fruitdelta);506.0;1011.0;202.0;404.0;Gelderland;BU02160108;GM0216;4103;4103ND;BU02160108;GM0216;4103;4103ND;BU02160108;GM0216;4103;4103ND;False;False;False;51.93930260043418;5.23650695650061;WarmteAtlas:AquathermieRWZI;;;
72.0;0.0;RWZI Gendt;4170.0;4170.0;20.6989;10.1933;Waterschap Rivierenland;87.153;87.153;;Waterschap Rivierenland;31811.0;24551.0;Lingewaard;Arnhem/Nijmegen;252.0;504.0;101.0;202.0;Gelderland;BU17050105;GM1705;6691;6691MN;BU17050105;GM1705;6691;6691MN;BU17050105;GM1705;6691;6691MN;False;False;False;51.872470207796965;5.945139794337681;WarmteAtlas:AquathermieRWZI;;;
73.0;0.0;RWZI Tiel;16630.0;16630.0;24.0588;15.2483;Waterschap Rivierenland;347.567;347.567;;Waterschap Rivierenland;126862.0;97910.0;Tiel;Rivierenland (Fruitdelta);1006.0;2012.0;402.0;805.0;Gelderland;BU02810109;GM0281;4004;4004JV;BU02810109;GM0281;4004;4004JV;BU02810109;GM0281;4004;4004JV;False;False;False;51.917083916679964;5.432491722205852;WarmteAtlas:AquathermieRWZI;;;
74.0;0.0;RWZI Meerkerk;1656.0;1656.0;0.0;0.0;Waterschap Rivierenland;34.6104;34.6104;;Waterschap Rivierenland;12633.0;9750.0;Zederik;U10/U16;100.0;200.0;40.0;80.0;Utrecht;BU19610504;GM1961;4231;4231AA;BU19610504;GM1961;4231;4231AA;BU19610504;GM1961;4231;4231AA;False;False;False;51.91709440674467;4.989475195647752;WarmteAtlas:AquathermieRWZI;;;
75.0;0.0;RWZI Leerbroek;648.0;648.0;0.0;0.0;Waterschap Rivierenland;13.5432;13.5432;;Waterschap Rivierenland;4943.0;3815.0;Zederik;U10/U16;39.0;78.0;16.0;31.0;Utrecht;BU19611201;GM1961;4245;4245TN;BU19611201;GM1961;4245;4245TN;BU19611201;GM1961;4245;4245TN;False;False;False;51.91351236995863;5.05674255547328;WarmteAtlas:AquathermieRWZI;;;
76.0;0.0;RWZI Vianen;5900.0;5900.0;21.68;12.5855;Waterschap Rivierenland;123.31;123.31;;Waterschap Rivierenland;45008.0;34736.0;Vianen;U10/U16;357.0;714.0;143.0;285.0;Utrecht;BU19612301;GM1961;4131;4131KA;BU19612301;GM1961;4131;4131KA;BU19612301;GM1961;4131;4131KA;False;False;False;51.99866236458596;5.098690009177368;WarmteAtlas:AquathermieRWZI;;;
77.0;0.0;RWZI Leerdam;4580.0;4580.0;22.7196;12.5089;Waterschap Rivierenland;95.722;95.722;;Waterschap Rivierenland;34939.0;26965.0;Leerdam;U10/U16;277.0;554.0;111.0;222.0;Utrecht;BU19612408;GM1961;4142;4142DH;BU19612408;GM1961;4142;4142DH;BU19612408;GM1961;4142;4142DH;False;False;False;51.88925926238224;5.088739075141169;WarmteAtlas:AquathermieRWZI;;;
78.0;0.0;RWZI Sleeuwijk;8730.0;8730.0;20.6938;11.3779;Waterschap Rivierenland;182.457;182.457;;Waterschap Rivierenland;66597.0;51398.0;Werkendam;West-Brabant;528.0;1056.0;211.0;422.0;Noord-Brabant;BU19590291;GM1959;4254;4254LJ;BU19590291;GM1959;4254;4254LJ;BU19590291;GM1959;4254;4254LJ;False;False;False;51.816201532619665;4.930500055121303;WarmteAtlas:AquathermieRWZI;;;
79.0;0.0;RWZI Dussen;1370.0;1370.0;18.6739;6.66333;Waterschap Rivierenland;28.633;28.633;;Waterschap Rivierenland;10451.0;8066.0;Werkendam;West-Brabant;83.0;166.0;33.0;66.0;Noord-Brabant;BU19590491;GM1959;4273;4273LE;BU19590491;GM1959;4273;4273LE;BU19590491;GM1959;4273;4273LE;False;False;False;51.732278067140804;4.928614645495824;WarmteAtlas:AquathermieRWZI;;;
80.0;0.0;RWZI Eethen;670.0;670.0;18.6739;6.66333;Waterschap Rivierenland;14.003;14.003;;Waterschap Rivierenland;5111.0;3945.0;Aalburg;West-Brabant;40.0;81.0;16.0;32.0;Noord-Brabant;BU19591891;GM1959;4267;4267EX;BU19591891;GM1959;4267;4267EX;BU19591891;GM1959;4267;4267EX;False;False;False;51.72449237508413;5.055697860037916;WarmteAtlas:AquathermieRWZI;;;
81.0;0.0;RWZI Wijk en Aalburg;1710.0;1710.0;18.6739;6.66333;Waterschap Rivierenland;35.739;35.739;;Waterschap Rivierenland;13045.0;10068.0;Aalburg;West-Brabant;104.0;207.0;41.0;83.0;Noord-Brabant;BU19591491;GM1959;4261;4261BJ;BU19591491;GM1959;4261;4261BJ;BU19591491;GM1959;4261;4261BJ;False;False;False;51.753962110087066;5.122633913712286;WarmteAtlas:AquathermieRWZI;;;
82.0;0.0;RWZI Schelluinen;11090.0;11090.0;20.9519;11.4143;Waterschap Rivierenland;231.781;231.781;;Waterschap Rivierenland;84600.0;65293.0;Giessenlanden;Alblasserwaard;671.0;1341.0;268.0;536.0;Zuid-Holland;BU19781705;GM1978;4209;4209AZ;BU19781705;GM1978;4209;4209AZ;BU19781705;GM1978;4209;4209AZ;False;False;False;51.843919806993846;4.935294721762139;WarmteAtlas:AquathermieRWZI;;;
83.0;0.0;RWZI Gorinchem;3470.0;3470.0;19.5207;10.5056;Waterschap Rivierenland;72.523;72.523;;Waterschap Rivierenland;26471.0;20430.0;Gorinchem;Alblasserwaard;210.0;420.0;84.0;168.0;Zuid-Holland;BU05121300;GM0512;4208;4208AA;BU05121300;GM0512;4208;4208AA;BU05121300;GM0512;4208;4208AA;False;False;False;51.83696391609485;5.009336799712469;WarmteAtlas:AquathermieRWZI;;;
84.0;0.0;RWZI Hardinxveld-Giessendam;2970.0;2970.0;21.4935;11.5022;Waterschap Rivierenland;62.073;62.073;;Waterschap Rivierenland;22657.0;17486.0;Hardinxveld-Giessendam;Drechtsteden;180.0;359.0;72.0;144.0;Zuid-Holland;BU05230202;GM0523;3371;3371EN;BU05230202;GM0523;3371;3371EN;BU05230202;GM0523;3371;3371EN;False;False;False;51.82212448739772;4.837668789879735;WarmteAtlas:AquathermieRWZI;;;
85.0;0.0;RWZI Nieuw-Lekkerland;3348.0;3348.0;0.0;0.0;Waterschap Rivierenland;69.9732;69.9732;;Waterschap Rivierenland;25540.0;19711.0;Molenwaard;Alblasserwaard;202.0;405.0;81.0;162.0;Zuid-Holland;BU19781202;GM1978;2957;2957EN;BU19781202;GM1978;2957;2957EN;BU19781202;GM1978;2957;2957EN;False;False;False;51.887123050811276;4.6584758157103545;WarmteAtlas:AquathermieRWZI;;;
86.0;0.0;RWZI Groot-Ammers;6750.0;6750.0;15.2739;6.68444;Waterschap Rivierenland;141.075;141.075;;Waterschap Rivierenland;51492.0;39741.0;Molenwaard;Alblasserwaard;408.0;816.0;163.0;327.0;Zuid-Holland;BU19780602;GM1978;2964;2964AM;BU19780602;GM1978;2964;2964AM;BU19780602;GM1978;2964;2964AM;False;False;False;51.935408725209015;4.858258801313704;WarmteAtlas:AquathermieRWZI;;;
87.0;0.0;RWZI Alblasserdam;8410.0;8410.0;17.9054;12.5944;Waterschap Rivierenland;175.769;175.769;;Waterschap Rivierenland;64156.0;49514.0;Alblasserdam;Drechtsteden;508.0;1017.0;203.0;407.0;Zuid-Holland;BU04820502;GM0482;2952;2952AT;BU04820502;GM0482;2952;2952AT;BU04820502;GM0482;2952;2952AT;False;False;False;51.85047710151646;4.672505503694096;WarmteAtlas:AquathermieRWZI;;;
88.0;0.0;RWZI Papendrecht;8340.0;8340.0;21.3103;12.1633;Waterschap Rivierenland;174.306;174.306;;Waterschap Rivierenland;63622.0;49102.0;Papendrecht;Drechtsteden;504.0;1009.0;202.0;404.0;Zuid-Holland;BU05900402;GM0590;3354;3354XX;BU05900402;GM0590;3354;3354XX;BU05900402;GM0590;3354;3354XX;False;False;False;51.82603781600961;4.702823439977306;WarmteAtlas:AquathermieRWZI;;;
89.0;0.0;RWZI Sliedrecht;8420.0;8420.0;17.3185;9.73181;Waterschap Rivierenland;175.978;175.978;;Waterschap Rivierenland;64232.0;49573.0;Sliedrecht;Drechtsteden;509.0;1018.0;204.0;407.0;Zuid-Holland;BU06100401;GM0610;3364;3364BC;BU06100401;GM0610;3364;3364BC;BU06100401;GM0610;3364;3364BC;False;False;False;51.8297413364516;4.799364287001195;WarmteAtlas:AquathermieRWZI;;;
90.0;0.0;RWZI Woerden;15120.0;15120.0;0.0;0.0;De Stichtse Rijnlanden;316.008;316.008;RWZI gegevens van watersector.nl, DWA dagdebiet is 24x uurdebiet. Indien geen DWA bekent, dan DWA = 0,3 x RWA;De Stichtse Rijnlanden;115343.0;89019.0;Woerden;U10/U16;914.0;1829.0;366.0;732.0;Utrecht;BU06320201;GM0632;3449;3449HJ;BU06320201;GM0632;3449;3449HJ;BU06320201;GM0632;3449;3449HJ;False;False;False;52.0846677936941;4.850676540166728;WarmteAtlas:AquathermieRWZI;;;
91.0;0.0;RWZI Montfoort;3168.0;3168.0;0.0;0.0;De Stichtse Rijnlanden;66.2112;66.2112;RWZI gegevens van watersector.nl, DWA dagdebiet is 24x uurdebiet. Indien geen DWA bekent, dan DWA = 0,3 x RWA;De Stichtse Rijnlanden;24167.0;18652.0;Montfoort;U10/U16;192.0;383.0;77.0;153.0;Utrecht;BU03350000;GM0335;3417;3417XK;BU03350000;GM0335;3417;3417XK;BU03350000;GM0335;3417;3417XK;False;False;False;52.04196700556523;4.938271971775497;WarmteAtlas:AquathermieRWZI;;;
92.0;0.0;RWZI Driebergen;13320.0;13320.0;0.0;0.0;De Stichtse Rijnlanden;278.388;278.388;RWZI gegevens van watersector.nl, DWA dagdebiet is 24x uurdebiet. Indien geen DWA bekent, dan DWA = 0,3 x RWA;De Stichtse Rijnlanden;101612.0;78422.0;Utrechtse Heuvelrug;U10/U16;806.0;1611.0;322.0;644.0;Utrecht;BU15810102;GM1581;3972;3972EH;BU15810102;GM1581;3972;3972EH;BU15810102;GM1581;3972;3972EH;False;False;False;52.04611514658908;5.2599606760118505;WarmteAtlas:AquathermieRWZI;;;
93.0;0.0;RWZI Breukelen;6372.0;6372.0;0.0;0.0;De Stichtse Rijnlanden;133.1748;133.1748;RWZI gegevens van watersector.nl, DWA dagdebiet is 24x uurdebiet. Indien geen DWA bekent, dan DWA = 0,3 x RWA;De Stichtse Rijnlanden;48609.0;37515.0;Stichtse Vecht;U10/U16;385.0;771.0;154.0;308.0;Utrecht;BU19040208;GM1904;3621;3621MX;BU19040208;GM1904;3621;3621MX;BU19040208;GM1904;3621;3621MX;False;False;False;52.16440445645205;4.9940424573549045;WarmteAtlas:AquathermieRWZI;;;
94.0;0.0;RWZI De Meern;11880.0;11880.0;0.0;0.0;De Stichtse Rijnlanden;248.292;248.292;RWZI gegevens van watersector.nl, DWA dagdebiet is 24x uurdebiet. Indien geen DWA bekent, dan DWA = 0,3 x RWA;De Stichtse Rijnlanden;90627.0;69944.0;Utrecht;U10/U16;718.0;1437.0;287.0;575.0;Utrecht;BU03441023;GM0344;3454;3454HE;BU03441023;GM0344;3454;3454HE;BU03441023;GM0344;3454;3454HE;False;False;False;52.08982936761848;5.001862458337716;WarmteAtlas:AquathermieRWZI;;;
95.0;0.0;RWZI Leidsche Rijn;15120.0;15120.0;0.0;0.0;De Stichtse Rijnlanden;316.008;316.008;RWZI gegevens van watersector.nl, DWA dagdebiet is 24x uurdebiet. Indien geen DWA bekent, dan DWA = 0,3 x RWA;De Stichtse Rijnlanden;115343.0;89019.0;Utrecht;U10/U16;914.0;1829.0;366.0;732.0;Utrecht;BU03440911;GM0344;3543;3543AH;BU03440911;GM0344;3543;3543AH;BU03440911;GM0344;3543;3543AH;False;False;False;52.112809269067654;5.038555685437333;WarmteAtlas:AquathermieRWZI;;;
96.0;0.0;RWZI Maarssenbroek;5760.0;5760.0;0.0;0.0;De Stichtse Rijnlanden;120.384;120.384;RWZI gegevens van watersector.nl, DWA dagdebiet is 24x uurdebiet. Indien geen DWA bekent, dan DWA = 0,3 x RWA;De Stichtse Rijnlanden;43940.0;33912.0;Utrecht;U10/U16;348.0;697.0;139.0;279.0;Utrecht;BU03440133;GM0344;3542;3542DJ;BU03440133;GM0344;3542;3542DJ;BU03440133;GM0344;3542;3542DJ;False;False;False;52.120017816503314;5.044734165175164;WarmteAtlas:AquathermieRWZI;;;
97.0;0.0;RWZI Utrecht;108000.0;108000.0;0.0;0.0;De Stichtse Rijnlanden;2257.2;2257.2;RWZI gegevens van watersector.nl, DWA dagdebiet is 24x uurdebiet. Indien geen DWA bekent, dan DWA = 0,3 x RWA;De Stichtse Rijnlanden;823878.0;635853.0;Utrecht;U10/U16;6531.0;13062.0;2612.0;5225.0;Utrecht;BU03440321;GM0344;3552;3552XD;BU03440321;GM0344;3552;3552TJ;BU03440321;GM0344;3552;3552TJ;False;False;False;52.109893143997944;5.107962088869565;WarmteAtlas:AquathermieRWZI;;;
98.0;0.0;;0.0;0.0;0.0;0.0;De Stichtse Rijnlanden;0.0;0.0;;De Stichtse Rijnlanden;0.0;0.0;Oudewater;U10/U16;0.0;0.0;0.0;0.0;Utrecht;BU05890210;GM0589;3421;3421GK;BU05890210;GM0589;3421;3421GK;BU05890210;GM0589;3421;3421GK;False;False;False;52.0193796765046;4.854646940334966;WarmteAtlas:AquathermieRWZI;;;
99.0;0.0;RWZI Wijk bij Duurstede;9792.0;9792.0;0.0;0.0;De Stichtse Rijnlanden;204.6528;204.6528;RWZI gegevens van watersector.nl, DWA dagdebiet is 24x uurdebiet. Indien geen DWA bekent, dan DWA = 0,3 x RWA;De Stichtse Rijnlanden;74698.0;57651.0;Wijk bij Duurstede;U10/U16;592.0;1184.0;237.0;474.0;Utrecht;BU03520010;GM0352;3961;3961MT;BU03520010;GM0352;3961;3961MT;BU03520010;GM0352;3961;3961MT;False;False;False;51.97216716671068;5.308515075435522;WarmteAtlas:AquathermieRWZI;;;
151.0;0.0;AWZI Alphen-Noord;6250.0;6250.0;0.0;0.0;HH van Rijnland;130.625;130.625;Aangeleverd door Waterschap;HH van Rijnland;47678.0;36797.0;Alphen aan den Rijn;Holland Rijnland;378.0;756.0;151.0;302.0;Zuid-Holland;BU04840605;GM0484;2406;2406LD;BU04840605;GM0484;2406;2406LD;BU04840605;GM0484;2406;2406LD;False;False;False;52.13752079114888;4.674971611410121;WarmteAtlas:AquathermieRWZI;;;
152.0;0.0;AWZI Alphen Kerk en Zanen;11762.0;11762.0;0.0;0.0;HH van Rijnland;245.8258;245.8258;Aangeleverd door Waterschap;HH van Rijnland;89726.0;69249.0;Alphen aan den Rijn;Holland Rijnland;711.0;1422.0;284.0;569.0;Zuid-Holland;BU04840801;GM0484;2408;2408AE;BU04840801;GM0484;2408;2408AE;BU04840801;GM0484;2408;2408AE;False;False;False;52.127857125971595;4.62675428147383;WarmteAtlas:AquathermieRWZI;;;
153.0;0.0;AWZI Lisse;4250.0;4250.0;0.0;0.0;HH van Rijnland;88.825;88.825;Aangeleverd door Waterschap;HH van Rijnland;32421.0;25022.0;Lisse;Holland Rijnland;257.0;514.0;103.0;206.0;Zuid-Holland;BU05530303;GM0553;2162;2162CP;BU05530303;GM0553;2162;2162CP;BU05530303;GM0553;2162;2162CP;False;False;False;52.24587961019384;4.564170825603835;WarmteAtlas:AquathermieRWZI;;;
154.0;0.0;AWZI Leiden Zuid-West;24823.0;24823.0;0.0;0.0;HH van Rijnland;518.8007;518.8007;Aangeleverd door Waterschap;HH van Rijnland;189362.0;146146.0;Leiden;Holland Rijnland;1501.0;3002.0;600.0;1201.0;Zuid-Holland;BU05460507;GM0546;2324;2324AB;BU05460507;GM0546;2324;2324AB;BU05460507;GM0546;2324;2324AB;False;False;False;52.13648830671196;4.474027880999798;WarmteAtlas:AquathermieRWZI;;;
155.0;0.0;AWZI Leiden Noord;24547.0;24547.0;0.0;0.0;HH van Rijnland;513.0323;513.0323;Aangeleverd door Waterschap;HH van Rijnland;187257.0;144521.0;Leiden;Holland Rijnland;1484.0;2969.0;594.0;1188.0;Zuid-Holland;BU05460800;GM0546;2316;2316AH;BU05460800;GM0546;2316;2316AH;BU05460800;GM0546;2316;2316AH;False;False;False;52.174575649242506;4.493897565181075;WarmteAtlas:AquathermieRWZI;;;
156.0;0.0;AWZI Nieuwveen;1750.0;1750.0;0.0;0.0;HH van Rijnland;36.575;36.575;Aangeleverd door Waterschap;HH van Rijnland;13350.0;10303.0;Nieuwkoop;Holland Rijnland;106.0;212.0;42.0;85.0;Zuid-Holland;BU05690108;GM0569;2441;2441LC;BU05690927;GM0569;2441;2441LC;BU05690927;GM0569;2441;2441LC;True;False;False;52.18797989926;4.758991040596956;WarmteAtlas:AquathermieRWZI;;;
157.0;0.0;AWZI Nieuwe Wetering;2700.0;2700.0;0.0;0.0;HH van Rijnland;56.43;56.43;Aangeleverd door Waterschap;HH van Rijnland;20597.0;15896.0;Kaag en Braassem;Holland Rijnland;163.0;326.0;65.0;131.0;Zuid-Holland;BU18840107;GM1884;2376;2376BE;BU18840107;GM1884;2376;2376BE;BU18840107;GM1884;2376;2376BE;False;False;False;52.213247993420424;4.610991788878987;WarmteAtlas:AquathermieRWZI;;;
158.0;0.0;AWZI Leimuiden;1558.0;1558.0;0.0;0.0;HH van Rijnland;32.5622;32.5622;Aangeleverd door Waterschap;HH van Rijnland;11885.0;9173.0;Kaag en Braassem;Holland Rijnland;94.0;188.0;38.0;75.0;Zuid-Holland;BU18840408;GM1884;2451;2451VX;BU18840408;GM1884;2451;2451VX;BU18840408;GM1884;2451;2451VX;False;False;False;52.22030427837596;4.653815589546841;WarmteAtlas:AquathermieRWZI;;;
159.0;0.0;RWZI Horstermeer;18672.0;18672.0;0.0;0.0;HH Amstel, Gooi en Vecht;390.2448;390.2448;RWZI gegevens van watersector.nl, DWA dagdebiet is 24x uurdebiet. Indien geen DWA bekent, dan DWA = 0,3 x RWA;HH Amstel, Gooi en Vecht;142439.0;109932.0;Wijdemeren;Noord-Holland Zuid;1129.0;2258.0;452.0;903.0;Noord-Holland;BU16960603;GM1696;1394;1394AH;BU16960603;GM1696;1394;1394AH;BU16960603;GM1696;1394;1394AH;False;False;False;52.25803132789376;5.085664232994243;WarmteAtlas:AquathermieRWZI;;;
160.0;0.0;RWZI Amstelveen;19032.0;19032.0;0.0;0.0;HH Amstel, Gooi en Vecht;397.7688;397.7688;RWZI gegevens van watersector.nl, DWA dagdebiet is 24x uurdebiet. Indien geen DWA bekent, dan DWA = 0,3 x RWA;HH Amstel, Gooi en Vecht;145186.0;112051.0;Amstelveen;Noord-Holland Zuid;1151.0;2302.0;460.0;921.0;Noord-Holland;BU03620701;GM0362;1183;1183TN;BU03620701;GM0362;1183;1183TN;BU03620701;GM0362;1183;1183TN;False;False;False;52.313064325158834;4.889959309549635;WarmteAtlas:AquathermieRWZI;;;
161.0;0.0;RWZI Weesp;7440.0;7440.0;0.0;0.0;HH Amstel, Gooi en Vecht;155.496;155.496;RWZI gegevens van watersector.nl, DWA dagdebiet is 24x uurdebiet. Indien geen DWA bekent, dan DWA = 0,3 x RWA;HH Amstel, Gooi en Vecht;56756.0;43803.0;Weesp;Noord-Holland Zuid;450.0;900.0;180.0;360.0;Noord-Holland;BU0363SC01;GM0363;1382;1382JT;BU0363SC01;GM0363;1382;1382JT;BU0363SC01;GM0363;1382;1382JT;False;False;False;52.318460271348435;5.020326190319431;WarmteAtlas:AquathermieRWZI;;;
162.0;0.0;WZI Amsterdam-West;143472.0;143472.0;0.0;0.0;HH Amstel, Gooi en Vecht;2998.5648;2998.5648;RWZI gegevens van watersector.nl, DWA dagdebiet is 24x uurdebiet. Indien geen DWA bekent, dan DWA = 0,3 x RWA;HH Amstel, Gooi en Vecht;1094476.0;844696.0;Amsterdam;Noord-Holland Zuid;8676.0;17353.0;3471.0;6941.0;Noord-Holland;BU0363FA02;GM0363;1046;1046BS;BU0363FA02;GM0363;1046;1046BS;BU0363FA02;GM0363;1046;1046BS;False;False;False;52.39853247711351;4.787161575032389;WarmteAtlas:AquathermieRWZI;;;
163.0;0.0;RWZI Amsterdam-Westpoort;41040.0;41040.0;0.0;0.0;HH Amstel, Gooi en Vecht;857.736;857.736;RWZI gegevens van watersector.nl, DWA dagdebiet is 24x uurdebiet. Indien geen DWA bekent, dan DWA = 0,3 x RWA;HH Amstel, Gooi en Vecht;313074.0;241624.0;Amsterdam;Noord-Holland Zuid;2482.0;4964.0;993.0;1986.0;Noord-Holland;BU0363BA02;GM0363;1045;1045AR;BU0363BA02;GM0363;1045;1045AR;BU0363BA02;GM0363;1045;1045AR;False;False;False;52.41321289568721;4.802233947075692;WarmteAtlas:AquathermieRWZI;;;
164.0;0.0;RWZI Uithoorn;6216.0;6216.0;0.0;0.0;HH Amstel, Gooi en Vecht;129.9144;129.9144;RWZI gegevens van watersector.nl, DWA dagdebiet is 24x uurdebiet. Indien geen DWA bekent, dan DWA = 0,3 x RWA;HH Amstel, Gooi en Vecht;47419.0;36597.0;Uithoorn;Noord-Holland Zuid;376.0;752.0;150.0;301.0;Noord-Holland;BU04517500;GM0451;1422;1422AJ;BU04517500;GM0451;1422;1422AJ;BU04517500;GM0451;1422;1422AJ;False;False;False;52.23978288908446;4.8319356512488705;WarmteAtlas:AquathermieRWZI;;;
165.0;0.0;RWZI Huizen;6600.0;6600.0;0.0;0.0;HH Amstel, Gooi en Vecht;137.94;137.94;RWZI gegevens van watersector.nl, DWA dagdebiet is 24x uurdebiet. Indien geen DWA bekent, dan DWA = 0,3 x RWA;HH Amstel, Gooi en Vecht;50348.0;38858.0;Huizen;Noord-Holland Zuid;399.0;798.0;160.0;319.0;Noord-Holland;BU04060512;GM0406;1271;1271AA;BU04060512;GM0406;1271;1271AA;BU04060512;GM0406;1271;1271AA;False;False;False;52.31022944923948;5.24089105186174;WarmteAtlas:AquathermieRWZI;;;
166.0;0.0;RWZI Hilversum (HH Amstel, Gooi en Vecht);8544.0;8544.0;0.0;0.0;HH Amstel, Gooi en Vecht;178.5696;178.5696;RWZI gegevens van watersector.nl, DWA dagdebiet is 24x uurdebiet. Indien geen DWA bekent, dan DWA = 0,3 x RWA;HH Amstel, Gooi en Vecht;65178.0;50303.0;Hilversum;Noord-Holland Zuid;517.0;1034.0;207.0;413.0;Noord-Holland;BU04020606;GM0402;1223;1223ME;BU04020606;GM0402;1223;1223ME;BU04020606;GM0402;1223;1223ME;False;False;False;52.224281692269685;5.203794679316971;WarmteAtlas:AquathermieRWZI;;;
167.0;0.0;RWZI Gooiergracht;9240.0;9240.0;0.0;0.0;HH Amstel, Gooi en Vecht;193.116;193.116;RWZI gegevens van watersector.nl, DWA dagdebiet is 24x uurdebiet. Indien geen DWA bekent, dan DWA = 0,3 x RWA;HH Amstel, Gooi en Vecht;70487.0;54401.0;Blaricum;Noord-Holland Zuid;559.0;1118.0;224.0;447.0;Noord-Holland;BU03760102;GM0376;1261;1261JL;BU03760102;GM0376;1261;1261JL;BU03760102;GM0376;1261;1261JL;False;False;False;52.264529644139955;5.2507385304888725;WarmteAtlas:AquathermieRWZI;;;
168.0;0.0;RWZI Loenen aan de Vecht;1488.0;1488.0;0.0;0.0;HH Amstel, Gooi en Vecht;31.0992;31.0992;RWZI gegevens van watersector.nl, DWA dagdebiet is 24x uurdebiet. Indien geen DWA bekent, dan DWA = 0,3 x RWA;HH Amstel, Gooi en Vecht;11351.0;8761.0;Stichtse Vecht;U10/U16;90.0;180.0;36.0;72.0;Utrecht;BU19040301;GM1904;3632;3632AM;BU19040301;GM1904;3632;3632AM;BU19040301;GM1904;3632;3632AM;False;False;False;52.22464750491519;5.008551971531914;WarmteAtlas:AquathermieRWZI;;;
169.0;0.0;RWZI Maarssen;2640.0;2640.0;0.0;0.0;HH Amstel, Gooi en Vecht;55.176;55.176;RWZI gegevens van watersector.nl, DWA dagdebiet is 24x uurdebiet. Indien geen DWA bekent, dan DWA = 0,3 x RWA;HH Amstel, Gooi en Vecht;20139.0;15543.0;Stichtse Vecht;U10/U16;160.0;319.0;64.0;128.0;Utrecht;BU19040113;GM1904;3601;3601GN;BU19040113;GM1904;3601;3601GN;BU19040113;GM1904;3601;3601GN;False;False;False;52.15184873733029;5.038339516129573;WarmteAtlas:AquathermieRWZI;;;
170.0;0.0;RWZI De Ronde Venen;7896.0;7896.0;0.0;0.0;HH Amstel, Gooi en Vecht;165.0264;165.0264;RWZI gegevens van watersector.nl, DWA dagdebiet is 24x uurdebiet. Indien geen DWA bekent, dan DWA = 0,3 x RWA;HH Amstel, Gooi en Vecht;60235.0;46488.0;De Ronde Venen;U10/U16;478.0;955.0;191.0;382.0;Utrecht;BU07360107;GM0736;3641;3641SM;BU07360107;GM0736;3641;3641SM;BU07360107;GM0736;3641;3641SM;False;False;False;52.212161077429386;4.885240227974213;WarmteAtlas:AquathermieRWZI;;;
171.0;0.0;RWZI Noordoostpolder;16834.0;16834.0;0.0;0.0;Waterschap Zuiderzeeland;351.8306;351.8306;RWZI gegevens: influent dagdebiet 2018 aangeleverd door Waterschap;Waterschap Zuiderzeeland;128418.0;99111.0;Noordoostpolder;Flevoland;1018.0;2036.0;407.0;814.0;Flevoland;BU01710839;GM0171;8309;8309PP;BU01710839;GM0171;8309;8309PP;BU01710839;GM0171;8309;8309PP;False;False;False;52.686850511576615;5.68742483790792;WarmteAtlas:AquathermieRWZI;;;
172.0;0.0;RWZI Almere;31675.0;31675.0;0.0;0.0;Waterschap Zuiderzeeland;662.0075;662.0075;RWZI gegevens: influent dagdebiet 2018 aangeleverd door Waterschap;Waterschap Zuiderzeeland;241633.0;186488.0;Almere;Flevoland;1916.0;3831.0;766.0;1532.0;Flevoland;BU00345702;GM0034;1332;1332AG;BU00345702;GM0034;1332;1332AG;BU00345702;GM0034;1332;1332AG;False;False;False;52.399554663740275;5.246150506515908;WarmteAtlas:AquathermieRWZI;;;
173.0;0.0;RWZI Dronten;7156.0;7156.0;0.0;0.0;Waterschap Zuiderzeeland;149.5604;149.5604;RWZI gegevens: influent dagdebiet 2018 aangeleverd door Waterschap;Waterschap Zuiderzeeland;54590.0;42131.0;Dronten;Flevoland;433.0;866.0;173.0;346.0;Flevoland;BU03030210;GM0303;8251;8251KM;BU03030210;GM0303;8251;8251KM;BU03030210;GM0303;8251;8251KM;False;False;False;52.53668573207485;5.7173536738985336;WarmteAtlas:AquathermieRWZI;;;
174.0;0.0;RWZI Zeewolde;4402.0;4402.0;0.0;0.0;Waterschap Zuiderzeeland;92.0018;92.0018;RWZI gegevens: influent dagdebiet 2018 aangeleverd door Waterschap;Waterschap Zuiderzeeland;33581.0;25917.0;Zeewolde;Flevoland;266.0;532.0;106.0;213.0;Flevoland;BU00500009;GM0050;3899;3899AW;BU00500009;GM0050;3899;3899AW;BU00500009;GM0050;3899;3899AW;False;False;False;52.360031867294786;5.50758043955698;WarmteAtlas:AquathermieRWZI;;;
175.0;0.0;RWZI Lelystad;12585.0;12585.0;0.0;0.0;Waterschap Zuiderzeeland;263.0265;263.0265;RWZI gegevens: influent dagdebiet 2018 aangeleverd door Waterschap;Waterschap Zuiderzeeland;96005.0;74095.0;Lelystad;Flevoland;761.0;1522.0;304.0;609.0;Flevoland;BU09950882;GM0995;8243;8243PE;BU09950882;GM0995;8243;8243PE;BU09950882;GM0995;8243;8243PE;False;False;False;52.50553176617851;5.431109437298362;WarmteAtlas:AquathermieRWZI;;;
176.0;0.0;RWZI Everstekoog;8280.0;8280.0;0.0;0.0;HH Hollands Noorderkwartier;173.052;173.052;RWZI gegevens van watersector.nl, DWA dagdebiet is 24x uurdebiet. Indien geen DWA bekent, dan DWA = 0,3 x RWA;HH Hollands Noorderkwartier;63164.0;48749.0;Texel;Noord Holland Noord;501.0;1002.0;200.0;401.0;Noord-Holland;BU04480009;GM0448;1796;1796MD;BU04480009;GM0448;1796;1796MD;BU04480009;GM0448;1796;1796MD;False;False;False;53.07657805903191;4.775413918441768;WarmteAtlas:AquathermieRWZI;;;
177.0;0.0;RWZI Alkmaar;14400.0;14400.0;0.0;0.0;HH Hollands Noorderkwartier;300.96;300.96;RWZI gegevens van watersector.nl, DWA dagdebiet is 24x uurdebiet. Indien geen DWA bekent, dan DWA = 0,3 x RWA;HH Hollands Noorderkwartier;109850.0;84780.0;Alkmaar;Noord Holland Noord;871.0;1742.0;348.0;697.0;Noord-Holland;BU03610403;GM0361;1817;1817BA;BU03610403;GM0361;1817;1817BA;BU03610403;GM0361;1817;1817BA;False;False;False;52.642337524141006;4.741111689413389;WarmteAtlas:AquathermieRWZI;;;
178.0;0.0;RWZI Ursem;13788.0;13788.0;0.0;0.0;HH Hollands Noorderkwartier;288.1692;288.1692;RWZI gegevens van watersector.nl, DWA dagdebiet is 24x uurdebiet. Indien geen DWA bekent, dan DWA = 0,3 x RWA;HH Hollands Noorderkwartier;105182.0;81177.0;Koggenland;Noord Holland Noord;834.0;1668.0;334.0;667.0;Noord-Holland;BU15980602;GM1598;1645;1645RJ;BU15980602;GM1598;1645;1645RJ;BU15980602;GM1598;1645;1645RJ;False;False;False;52.635108297804436;4.887785928133245;WarmteAtlas:AquathermieRWZI;;;
179.0;0.0;RWZI Wervershoof;56880.0;56880.0;0.0;0.0;HH Hollands Noorderkwartier;1188.792;1188.792;RWZI gegevens van watersector.nl, DWA dagdebiet is 24x uurdebiet. Indien geen DWA bekent, dan DWA = 0,3 x RWA;HH Hollands Noorderkwartier;433909.0;334883.0;Medemblik;Noord Holland Noord;3440.0;6880.0;1376.0;2752.0;Noord-Holland;BU04201505;GM0420;1693;1693HD;BU04201505;GM0420;1693;1693HD;BU04201505;GM0420;1693;1693HD;False;False;False;52.732797107374196;5.135527342357825;WarmteAtlas:AquathermieRWZI;;;
180.0;0.0;RWZI Zaandam-Oost;24480.0;24480.0;0.0;0.0;HH Hollands Noorderkwartier;511.632;511.632;RWZI gegevens van watersector.nl, DWA dagdebiet is 24x uurdebiet. Indien geen DWA bekent, dan DWA = 0,3 x RWA;HH Hollands Noorderkwartier;186746.0;144127.0;Zaanstad;Noord-Holland Zuid;1480.0;2961.0;592.0;1184.0;Noord-Holland;BU04791110;GM0479;1504;1504NX;BU04791111;GM0479;1504;1504NX;BU04791111;GM0479;1504;1504NX;True;False;False;52.4300943131543;4.858237311038601;WarmteAtlas:AquathermieRWZI;;;
181.0;0.0;RWZI Wieringen;3888.0;3888.0;0.0;0.0;HH Hollands Noorderkwartier;81.2592;81.2592;RWZI gegevens van watersector.nl, DWA dagdebiet is 24x uurdebiet. Indien geen DWA bekent, dan DWA = 0,3 x RWA;HH Hollands Noorderkwartier;29660.0;22891.0;Hollands Kroon;Noord Holland Noord;235.0;470.0;94.0;188.0;Noord-Holland;BU19110690;GM1911;1779;1779GL;BU19110690;GM1911;1779;1779GL;BU19110690;GM1911;1779;1779GL;False;False;False;52.92844195986393;5.031789715775803;WarmteAtlas:AquathermieRWZI;;;
182.0;0.0;RWZI Wieringermeer;3744.0;3744.0;0.0;0.0;HH Hollands Noorderkwartier;78.2496;78.2496;RWZI gegevens van watersector.nl, DWA dagdebiet is 24x uurdebiet. Indien geen DWA bekent, dan DWA = 0,3 x RWA;HH Hollands Noorderkwartier;28561.0;22043.0;Hollands Kroon;Noord Holland Noord;226.0;453.0;91.0;181.0;Noord-Holland;BU19110780;GM1911;1771;1771RP;BU19110780;GM1911;1771;1771SX;BU19110780;GM1911;1771;1771SX;False;False;False;52.8349438076044;5.019194037244638;WarmteAtlas:AquathermieRWZI;;;
183.0;0.0;RWZI Zuidoostbeemster;0.0;0.0;0.0;0.0;HH Hollands Noorderkwartier;0.0;0.0;RWZI gegevens van watersector.nl, DWA dagdebiet is 24x uurdebiet. Indien geen DWA bekent, dan DWA = 0,3 x RWA;HH Hollands Noorderkwartier;0.0;0.0;Beemster;Noord-Holland Zuid;0.0;0.0;0.0;0.0;Noord-Holland;BU04390804;GM0439;1461;1461GD;BU04390804;GM0439;1461;1461GD;BU04390804;GM0439;1461;1461GD;False;False;False;52.51913357855369;4.915750127216352;WarmteAtlas:AquathermieRWZI;;;
184.0;0.0;RWZI Heiloo;18000.0;18000.0;0.0;0.0;HH Hollands Noorderkwartier;376.2;376.2;RWZI gegevens van watersector.nl, DWA dagdebiet is 24x uurdebiet. Indien geen DWA bekent, dan DWA = 0,3 x RWA;HH Hollands Noorderkwartier;137313.0;105976.0;Heiloo;Noord Holland Noord;1088.0;2177.0;435.0;871.0;Noord-Holland;BU03990602;GM0399;1851;1851LR;BU03990602;GM0399;1851;1851LR;BU03990602;GM0399;1851;1851LR;False;False;False;52.59459704380997;4.721607390307619;WarmteAtlas:AquathermieRWZI;;;
185.0;0.0;RWZI Oosthuizen;1584.0;1584.0;0.0;0.0;HH Hollands Noorderkwartier;33.1056;33.1056;RWZI gegevens van watersector.nl, DWA dagdebiet is 24x uurdebiet. Indien geen DWA bekent, dan DWA = 0,3 x RWA;HH Hollands Noorderkwartier;12084.0;9326.0;Edam-Volendam;Noord-Holland Zuid;96.0;192.0;38.0;77.0;Noord-Holland;BU03850401;GM0385;1474;1474HP;BU03850401;GM0385;1474;1474HP;BU03850401;GM0385;1474;1474HP;False;False;False;52.57963613856342;4.994771045491514;WarmteAtlas:AquathermieRWZI;;;
186.0;0.0;RWZI De Stolpen;16560.0;16560.0;0.0;0.0;HH Hollands Noorderkwartier;346.104;346.104;RWZI gegevens van watersector.nl, DWA dagdebiet is 24x uurdebiet. Indien geen DWA bekent, dan DWA = 0,3 x RWA;HH Hollands Noorderkwartier;126328.0;97497.0;Schagen;Noord Holland Noord;1002.0;2003.0;401.0;801.0;Noord-Holland;BU04410190;GM0441;1751;1751DA;BU04410190;GM0441;1751;1751DA;BU04410190;GM0441;1751;1751DA;False;False;False;52.80767302658122;4.7361669873417425;WarmteAtlas:AquathermieRWZI;;;
187.0;0.0;RWZI Geestmerambacht;63720.0;63720.0;0.0;0.0;HH Hollands Noorderkwartier;1331.748;1331.748;RWZI gegevens van watersector.nl, DWA dagdebiet is 24x uurdebiet. Indien geen DWA bekent, dan DWA = 0,3 x RWA;HH Hollands Noorderkwartier;486088.0;375153.0;Schagen;Noord Holland Noord;3854.0;7707.0;1541.0;3083.0;Noord-Holland;BU04410590;GM0441;1749;1749CT;BU04410590;GM0441;1749;1749CT;BU04410590;GM0441;1749;1749CT;False;False;False;52.694442048286625;4.737194823374881;WarmteAtlas:AquathermieRWZI;;;
188.0;0.0;RWZI Den Helder;25920.0;25920.0;0.0;0.0;HH Hollands Noorderkwartier;541.728;541.728;RWZI gegevens van watersector.nl, DWA dagdebiet is 24x uurdebiet. Indien geen DWA bekent, dan DWA = 0,3 x RWA;HH Hollands Noorderkwartier;197731.0;152605.0;Den Helder;Noord Holland Noord;1568.0;3135.0;627.0;1254.0;Noord-Holland;BU04000601;GM0400;1786;1786PS;BU04000601;GM0400;1786;1786PS;BU04000601;GM0400;1786;1786PS;False;False;False;52.928799569822495;4.79009836668828;WarmteAtlas:AquathermieRWZI;;;
189.0;0.0;RWZI Katwoude;23400.0;23400.0;0.0;0.0;HH Hollands Noorderkwartier;489.06;489.06;RWZI gegevens van watersector.nl, DWA dagdebiet is 24x uurdebiet. Indien geen DWA bekent, dan DWA = 0,3 x RWA;HH Hollands Noorderkwartier;178507.0;137768.0;Waterland;Noord-Holland Zuid;1415.0;2830.0;566.0;1132.0;Noord-Holland;BU08520100;GM0852;1145;1145PW;BU08520100;GM0852;1145;1145PW;BU08520100;GM0852;1145;1145PW;False;False;False;52.48268697418524;5.030961883257968;WarmteAtlas:AquathermieRWZI;;;
190.0;0.0;RWZI Beverwijk;69624.0;69624.0;0.0;0.0;HH Hollands Noorderkwartier;1455.1416;1455.1416;RWZI gegevens van watersector.nl, DWA dagdebiet is 24x uurdebiet. Indien geen DWA bekent, dan DWA = 0,3 x RWA;HH Hollands Noorderkwartier;531127.0;409913.0;Beverwijk;Noord-Holland Zuid;4210.0;8421.0;1684.0;3368.0;Noord-Holland;BU03750900;GM0375;1948;1948NS;BU03750900;GM0375;1948;1948NS;BU03750900;GM0375;1948;1948NS;False;False;False;52.47422342582009;4.668594045511133;WarmteAtlas:AquathermieRWZI;;;
191.0;0.0;SDI Beverwijk II;69624.0;69624.0;0.0;0.0;HH Hollands Noorderkwartier;1455.1416;1455.1416;RWZI gegevens van watersector.nl, DWA dagdebiet is 24x uurdebiet. Indien geen DWA bekent, dan DWA = 0,3 x RWA;HH Hollands Noorderkwartier;531127.0;409913.0;Beverwijk;Noord-Holland Zuid;4210.0;8421.0;1684.0;3368.0;Noord-Holland;BU03750900;GM0375;1948;1948NS;BU03750900;GM0375;1948;1948NS;BU03750900;GM0375;1948;1948NS;False;False;False;52.47474695272025;4.667481642169064;WarmteAtlas:AquathermieRWZI;;;
192.0;0.0;Tweede ExloÃ«rmond;1162.0;1160.0;17.8;8.7;Waterschap Hunze en Aa's;24.2858;24.244;Aangeleverd door Waterschap;Waterschap Hunze en Aa's;8849.0;6830.0;Borger-Odoorn;Drenthe;70.0;140.0;28.0;56.0;Drenthe;BU16818009;GM1681;9571;9571BM;BU16818009;GM1681;9571;9571BM;BU16818009;GM1681;9571;9571BM;False;False;False;52.91713404463621;6.949541244471848;WarmteAtlas:AquathermieRWZI;;;
193.0;0.0;Eelde;22880.0;22880.0;0.0;0.0;Waterschap Hunze en Aa's;478.192;478.192;Aangeleverd door Waterschap;Waterschap Hunze en Aa's;174540.0;134707.0;Tynaarlo;Drenthe;1384.0;2767.0;554.0;1107.0;Drenthe;BU17300701;GM1730;9761;9761TD;BU17300701;GM1730;9761;9761TD;BU17300701;GM1730;9761;9761TD;False;False;False;53.12823797011649;6.604669239412351;WarmteAtlas:AquathermieRWZI;;;
194.0;0.0;Assen;11741.0;13239.0;17.78;8.93;Waterschap Hunze en Aa's;245.3869;276.6951;Aangeleverd door Waterschap;Waterschap Hunze en Aa's;100994.0;77945.0;Assen;Drenthe;800.0;1511.0;320.0;604.0;Drenthe;BU01060716;GM0106;9403;9403AK;BU01060716;GM0106;9403;9403AK;BU01060716;GM0106;9403;9403AK;False;False;False;53.001866843270086;6.5759698516732925;WarmteAtlas:AquathermieRWZI;;;
195.0;0.0;Gieten;5865.0;5170.0;17.91;8.7;Waterschap Hunze en Aa's;122.5785;108.053;Aangeleverd door Waterschap;Waterschap Hunze en Aa's;39439.0;30439.0;Aa en Hunze;Drenthe;313.0;667.0;125.0;267.0;Drenthe;BU16801709;GM1680;9461;9461AL;BU16801709;GM1680;9461;9461AL;BU16801709;GM1680;9461;9461AL;False;False;False;53.01520193466918;6.77390587671066;WarmteAtlas:AquathermieRWZI;;;
196.0;0.0;Scheve Klap;1334.0;1505.0;18.0;7.8;Waterschap Hunze en Aa's;27.8806;31.4545;Aangeleverd door Waterschap;Waterschap Hunze en Aa's;11481.0;8861.0;Delfzijl;Groningen;91.0;172.0;36.0;69.0;Groningen;BU19790945;GM1979;9946;9946TB;BU19790945;GM1979;9946;9946TB;BU19790945;GM1979;9946;9946TB;False;False;False;53.262467019683484;6.974657009717785;WarmteAtlas:AquathermieRWZI;;;
197.0;0.0;Delfzijl;19200.0;19200.0;0.0;0.0;Waterschap Hunze en Aa's;401.28;401.28;Aangeleverd door Waterschap;Waterschap Hunze en Aa's;146467.0;113041.0;Delfzijl;Groningen;1161.0;2322.0;464.0;929.0;Groningen;BU19790831;GM1979;9936;9936HJ;BU19790831;GM1979;9936;9936HJ;BU19790831;GM1979;9936;9936HJ;False;False;False;53.30680884039653;6.951332451869405;WarmteAtlas:AquathermieRWZI;;;
198.0;0.0;ZAWZI Oosterhorn;0.0;0.0;0.0;0.0;Waterschap Hunze en Aa's;0.0;0.0;Aangeleverd door Waterschap;Waterschap Hunze en Aa's;0.0;0.0;Delfzijl;Groningen;0.0;0.0;0.0;0.0;Groningen;BU19790831;GM1979;9936;9936HC;BU19790831;GM1979;9936;9936HC;BU19790831;GM1979;9936;9936HC;False;False;False;53.307871753886104;6.966271306576424;WarmteAtlas:AquathermieRWZI;;;
199.0;0.0;Scheemda;7750.0;10009.0;19.41;8.74;Waterschap Hunze en Aa's;161.975;209.1881;Aangeleverd door Waterschap;Waterschap Hunze en Aa's;76354.0;58928.0;Oldambt;Groningen;605.0;1074.0;242.0;430.0;Groningen;BU18950602;GM1895;9679;9679TW;BU18950602;GM1895;9679;9679TW;BU18950602;GM1895;9679;9679TW;False;False;False;53.16571059453851;7.007819868640696;WarmteAtlas:AquathermieRWZI;;;
200.0;0.0;Stadskanaal;4761.0;5511.0;18.8;9.5;Waterschap Hunze en Aa's;99.5049;115.1799;Aangeleverd door Waterschap;Waterschap Hunze en Aa's;42041.0;32446.0;Stadskanaal;Groningen;333.0;621.0;133.0;248.0;Groningen;BU00370110;GM0037;9501;9501LH;BU00370110;GM0037;9501;9501LH;BU00370110;GM0037;9501;9501LH;False;False;False;53.01207392167061;6.954151492244666;WarmteAtlas:AquathermieRWZI;;;
201.0;0.0;Oude Pekela;1824.0;2371.0;15.45;5.18;Waterschap Hunze en Aa's;38.1216;49.5539;Aangeleverd door Waterschap;Waterschap Hunze en Aa's;18087.0;13959.0;Pekela;Groningen;144.0;254.0;57.0;102.0;Groningen;BU07650000;GM0765;9665;9665BZ;BU07650000;GM0765;9665;9665BZ;BU07650000;GM0765;9665;9665BZ;False;False;False;53.11595567068901;7.0270890683435745;WarmteAtlas:AquathermieRWZI;;;
202.0;0.0;Veendam;11043.0;11765.0;22.0;9.7;Waterschap Hunze en Aa's;230.7987;245.8885;Aangeleverd door Waterschap;Waterschap Hunze en Aa's;89749.0;69267.0;Veendam;Groningen;712.0;1379.0;285.0;552.0;Groningen;BU00470109;GM0047;9644;9644XW;BU00470109;GM0047;9644;9644XW;BU00470109;GM0047;9644;9644XW;False;False;False;53.10422027135363;6.9001203183377395;WarmteAtlas:AquathermieRWZI;;;
203.0;0.0;Bellingwolde;728.0;691.0;18.0;8.4;Waterschap Hunze en Aa's;15.2152;14.4419;Aangeleverd door Waterschap;Waterschap Hunze en Aa's;5271.0;4068.0;Westerwolde;Groningen;42.0;86.0;17.0;34.0;Groningen;BU19500000;GM1950;9695;9695XA;BU19500000;GM1950;9695;9695XA;BU19500000;GM1950;9695;9695XA;False;False;False;53.13088080008205;7.17829447290585;WarmteAtlas:AquathermieRWZI;;;
204.0;0.0;Vriescheloo;1251.0;1034.0;18.2;8.21;Waterschap Hunze en Aa's;26.1459;21.6106;Aangeleverd door Waterschap;Waterschap Hunze en Aa's;7888.0;6088.0;Westerwolde;Groningen;62.0;138.0;25.0;55.0;Groningen;BU19500008;GM1950;9699;9699TC;BU19500008;GM1950;9699;9699TC;BU19500008;GM1950;9699;9699TC;False;False;False;53.06281536500645;7.127984266981811;WarmteAtlas:AquathermieRWZI;;;
205.0;0.0;Helofytenveld Ter Apel;0.0;0.0;0.0;0.0;Waterschap Hunze en Aa's;0.0;0.0;Aangeleverd door Waterschap;Waterschap Hunze en Aa's;0.0;0.0;Westerwolde;Groningen;0.0;0.0;0.0;0.0;Groningen;BU19500709;GM1950;9561;9561TA;BU19500709;GM1950;9561;9561TA;BU19500709;GM1950;9561;9561TA;False;False;False;52.88431046115993;7.073441307155816;WarmteAtlas:AquathermieRWZI;;;
206.0;0.0;Ter Apel;2231.0;2322.0;18.7;9.1;Waterschap Hunze en Aa's;46.6279;48.5298;Aangeleverd door Waterschap;Waterschap Hunze en Aa's;17713.0;13671.0;Westerwolde;Groningen;140.0;275.0;56.0;110.0;Groningen;BU19500709;GM1950;9561;9561TP;BU19500709;GM1950;9561;9561TP;BU19500709;GM1950;9561;9561TP;False;False;False;52.87911832528344;7.098696570495192;WarmteAtlas:AquathermieRWZI;;;
207.0;0.0;Helofytenfilter Vlagtwedde;0.0;0.0;0.0;0.0;Waterschap Hunze en Aa's;0.0;0.0;Aangeleverd door Waterschap;Waterschap Hunze en Aa's;0.0;0.0;Westerwolde;Groningen;0.0;0.0;0.0;0.0;Groningen;BU19500400;GM1950;9541;9541XR;BU19500400;GM1950;9541;9541XR;BU19500400;GM1950;9541;9541XR;False;False;False;53.03462631454667;7.107287718018794;WarmteAtlas:AquathermieRWZI;;;
208.0;0.0;Hoogezand;4843.0;5662.0;19.28;7.88;Waterschap Hunze en Aa's;101.2187;118.3358;Aangeleverd door Waterschap;Waterschap Hunze en Aa's;43193.0;33335.0;Midden-Groningen;Groningen;342.0;635.0;137.0;254.0;Groningen;BU19520409;GM1952;9611;9611CE;BU19520409;GM1952;9611;9611CE;BU19520409;GM1952;9611;9611CE;False;False;False;53.17064881215132;6.772718461861529;WarmteAtlas:AquathermieRWZI;;;
209.0;0.0;RWZI Foxhol;5088.0;5358.0;17.23;8.52;Waterschap Hunze en Aa's;106.3392;111.9822;Aangeleverd door Waterschap;Waterschap Hunze en Aa's;40874.0;31545.0;Midden-Groningen;Groningen;324.0;632.0;130.0;253.0;Groningen;BU19520702;GM1952;9607;9607PW;BU19520702;GM1952;9607;9607PW;BU19520702;GM1952;9607;9607PW;False;False;False;53.16710734401122;6.710442212709429;WarmteAtlas:AquathermieRWZI;;;
210.0;0.0;RWZI Uithuizen;2760.0;2760.0;0.0;0.0;Waterschap Noorderzijlvest;57.684;57.684;RWZI gegevens van watersector.nl, DWA dagdebiet is 24x uurdebiet. Indien geen DWA bekent, dan DWA = 0,3 x RWA;Waterschap Noorderzijlvest;21055.0;16250.0;Eemsmond;Groningen;167.0;334.0;67.0;134.0;Groningen;BU19661203;GM1966;9981;9981JR;BU19661203;GM1966;9981;9981JR;BU19661203;GM1966;9981;9981JR;False;False;False;53.39922899721209;6.6741237961138555;WarmteAtlas:AquathermieRWZI;;;
211.0;0.0;RWZI Uithuizermeeden;2280.0;2280.0;0.0;0.0;Waterschap Noorderzijlvest;47.652;47.652;RWZI gegevens van watersector.nl, DWA dagdebiet is 24x uurdebiet. Indien geen DWA bekent, dan DWA = 0,3 x RWA;Waterschap Noorderzijlvest;17393.0;13424.0;Eemsmond;Groningen;138.0;276.0;55.0;110.0;Groningen;BU19661301;GM1966;9982;9982XP;BU19661301;GM1966;9982;9982XP;BU19661301;GM1966;9982;9982XP;False;False;False;53.408407681008384;6.738537825660171;WarmteAtlas:AquathermieRWZI;;;
212.0;0.0;RWZI Feerwerd;960.0;960.0;0.0;0.0;Waterschap Noorderzijlvest;20.064;20.064;RWZI gegevens van watersector.nl, DWA dagdebiet is 24x uurdebiet. Indien geen DWA bekent, dan DWA = 0,3 x RWA;Waterschap Noorderzijlvest;7323.0;5652.0;Winsum;Groningen;58.0;116.0;23.0;46.0;Groningen;BU19691309;GM1969;9892;9892TC;BU19691309;GM1969;9892;9892TC;BU19691309;GM1969;9892;9892TC;False;False;False;53.30322277906659;6.477738329595814;WarmteAtlas:AquathermieRWZI;;;
213.0;0.0;RWZI Winsum;4128.0;4128.0;0.0;0.0;Waterschap Noorderzijlvest;86.2752;86.2752;RWZI gegevens van watersector.nl, DWA dagdebiet is 24x uurdebiet. Indien geen DWA bekent, dan DWA = 0,3 x RWA;Waterschap Noorderzijlvest;31490.0;24304.0;Winsum;Groningen;250.0;499.0;100.0;200.0;Groningen;BU19660606;GM1966;9951;9951TG;BU19660606;GM1966;9951;9951TG;BU19660606;GM1966;9951;9951TG;False;False;False;53.333603727892175;6.503261906851691;WarmteAtlas:AquathermieRWZI;;;
214.0;0.0;RWZI Hoogkerk;7680.0;7680.0;0.0;0.0;Waterschap Noorderzijlvest;160.512;160.512;RWZI gegevens van watersector.nl, DWA dagdebiet is 24x uurdebiet. Indien geen DWA bekent, dan DWA = 0,3 x RWA;Waterschap Noorderzijlvest;58587.0;45216.0;Groningen;Groningen;464.0;929.0;186.0;372.0;Groningen;BU00140800;GM0014;9744;9744AP;BU00140800;GM0014;9744;9744AP;BU00140800;GM0014;9744;9744AP;False;False;False;53.21305069349307;6.511391027573216;WarmteAtlas:AquathermieRWZI;;;
215.0;0.0;RWZI Zuidhorn;3480.0;3480.0;0.0;0.0;Waterschap Noorderzijlvest;72.732;72.732;RWZI gegevens van watersector.nl, DWA dagdebiet is 24x uurdebiet. Indien geen DWA bekent, dan DWA = 0,3 x RWA;Waterschap Noorderzijlvest;26547.0;20489.0;Zuidhorn;Groningen;210.0;421.0;84.0;168.0;Groningen;BU19691409;GM1969;9801;9801TA;BU19691409;GM1969;9801;9801TA;BU19691409;GM1969;9801;9801TA;False;False;False;53.25102366882872;6.383525315993649;WarmteAtlas:AquathermieRWZI;;;
216.0;0.0;RWZI Leek;9912.0;9912.0;0.0;0.0;Waterschap Noorderzijlvest;207.1608;207.1608;RWZI gegevens van watersector.nl, DWA dagdebiet is 24x uurdebiet. Indien geen DWA bekent, dan DWA = 0,3 x RWA;Waterschap Noorderzijlvest;75614.0;58357.0;Leek;Groningen;600.0;1199.0;240.0;480.0;Groningen;BU19690403;GM1969;9351;9351NS;BU19690403;GM1969;9351;9351NS;BU19690403;GM1969;9351;9351NS;False;False;False;53.15190009565505;6.36898658018401;WarmteAtlas:AquathermieRWZI;;;
217.0;0.0;RWZI Onderdendam;4128.0;4128.0;0.0;0.0;Waterschap Noorderzijlvest;86.2752;86.2752;RWZI gegevens van watersector.nl, DWA dagdebiet is 24x uurdebiet. Indien geen DWA bekent, dan DWA = 0,3 x RWA;Waterschap Noorderzijlvest;31490.0;24304.0;Bedum;Groningen;250.0;499.0;100.0;200.0;Groningen;BU19660802;GM1966;9959;9959PH;BU19660802;GM1966;9959;9959PH;BU19660802;GM1966;9959;9959PH;False;False;False;53.3264986978182;6.593209905914542;WarmteAtlas:AquathermieRWZI;;;
218.0;0.0;Garmerwolde;98544.0;98544.0;0.0;0.0;Waterschap Noorderzijlvest;2059.5696;2059.5696;Aangeleverd door Waterschap;Waterschap Noorderzijlvest;751743.0;580181.0;Ten Boer;Groningen;5960.0;11919.0;2384.0;4768.0;Groningen;BU00141502;GM0014;9798;9798TC;BU00141502;GM0014;9798;9798TC;BU00141502;GM0014;9798;9798TC;False;False;False;53.248260153300144;6.670431970708313;WarmteAtlas:AquathermieRWZI;;;
219.0;0.0;RWZI Garmerwolde;98544.0;98544.0;0.0;0.0;Waterschap Noorderzijlvest;2059.5696;2059.5696;RWZI gegevens van watersector.nl, DWA dagdebiet is 24x uurdebiet. Indien geen DWA bekent, dan DWA = 0,3 x RWA;Waterschap Noorderzijlvest;751743.0;580181.0;Ten Boer;Groningen;5960.0;11919.0;2384.0;4768.0;Groningen;BU00141502;GM0014;9798;9798TC;BU00141502;GM0014;9798;9798TC;BU00141502;GM0014;9798;9798TC;False;False;False;53.250089099559254;6.671175366623148;WarmteAtlas:AquathermieRWZI;;;
220.0;0.0;RWZI Gaarkeuken;3240.0;3240.0;0.0;0.0;Waterschap Noorderzijlvest;67.716;67.716;RWZI gegevens van watersector.nl, DWA dagdebiet is 24x uurdebiet. Indien geen DWA bekent, dan DWA = 0,3 x RWA;Waterschap Noorderzijlvest;24716.0;19076.0;Grootegast;Groningen;196.0;392.0;78.0;157.0;Groningen;BU19690309;GM1969;9821;9821TJ;BU19690309;GM1969;9821;9821TJ;BU19690309;GM1969;9821;9821TJ;False;False;False;53.24791220706973;6.323526498475148;WarmteAtlas:AquathermieRWZI;;;
221.0;0.0;RWZI Marum;1800.0;1800.0;0.0;0.0;Waterschap Noorderzijlvest;37.62;37.62;RWZI gegevens van watersector.nl, DWA dagdebiet is 24x uurdebiet. Indien geen DWA bekent, dan DWA = 0,3 x RWA;Waterschap Noorderzijlvest;13731.0;10598.0;Marum;Groningen;109.0;218.0;44.0;87.0;Groningen;BU19691100;GM1969;9363;9363TG;BU19691100;GM1969;9363;9363TG;BU19691100;GM1969;9363;9363TG;False;False;False;53.152946512316234;6.261707585833304;WarmteAtlas:AquathermieRWZI;;;
222.0;0.0;RWZI Ulrum;4800.0;4800.0;0.0;0.0;Waterschap Noorderzijlvest;100.32;100.32;RWZI gegevens van watersector.nl, DWA dagdebiet is 24x uurdebiet. Indien geen DWA bekent, dan DWA = 0,3 x RWA;Waterschap Noorderzijlvest;36617.0;28260.0;De Marne;Groningen;290.0;580.0;116.0;232.0;Groningen;BU19660101;GM1966;9973;9973TB;BU19660101;GM1966;9973;9973TB;BU19660101;GM1966;9973;9973TB;False;False;False;53.35322254568574;6.337725620934669;WarmteAtlas:AquathermieRWZI;;;
223.0;0.0;RWZI Wehe den Hoorn;1680.0;1680.0;0.0;0.0;Waterschap Noorderzijlvest;35.112;35.112;RWZI gegevens van watersector.nl, DWA dagdebiet is 24x uurdebiet. Indien geen DWA bekent, dan DWA = 0,3 x RWA;Waterschap Noorderzijlvest;12816.0;9891.0;De Marne;Groningen;102.0;203.0;41.0;81.0;Groningen;BU19660201;GM1966;9964;9964TC;BU19660201;GM1966;9964;9964TC;BU19660201;GM1966;9964;9964TC;False;False;False;53.36757717639783;6.414767405311722;WarmteAtlas:AquathermieRWZI;;;
224.0;0.0;RWZI DIEVERBRUG;5084.0;4516.0;16.4;10.7;Waterschap Drents Overijsselse Delta;106.2556;94.3844;Aangeleverd door Waterschap;Waterschap Drents Overijsselse Delta;34450.0;26588.0;Westerveld;Drenthe;273.0;580.0;109.0;232.0;Drenthe;BU17010009;GM1701;7984;7984NA;BU17010009;GM1701;7984;7984NA;BU17010009;GM1701;7984;7984NA;False;False;False;52.84471888339768;6.331820602553712;WarmteAtlas:AquathermieRWZI;;;
225.0;0.0;RWZI ECHTEN;26264.0;25484.0;20.0;14.4;Waterschap Drents Overijsselse Delta;548.9176;532.6156;Aangeleverd door Waterschap;Waterschap Drents Overijsselse Delta;194405.0;150038.0;Hoogeveen;Drenthe;1541.0;3130.0;616.0;1252.0;Drenthe;BU01186206;GM0118;7909;7909HS;BU01186206;GM0118;7909;7909HS;BU01186206;GM0118;7909;7909HS;False;False;False;52.71109917149575;6.415790010707428;WarmteAtlas:AquathermieRWZI;;;
226.0;0.0;RWZI SMILDE;2178.0;2231.0;16.9;9.5;Waterschap Drents Overijsselse Delta;45.5202;46.6279;Aangeleverd door Waterschap;Waterschap Drents Overijsselse Delta;17019.0;13135.0;Midden-Drenthe;Drenthe;135.0;267.0;54.0;107.0;Drenthe;BU17310609;GM1731;9422;9422JK;BU17310609;GM1731;9422;9422JK;BU17310609;GM1731;9422;9422JK;False;False;False;52.94119103027556;6.455000150210179;WarmteAtlas:AquathermieRWZI;;;
227.0;0.0;RWZI BEILEN;9706.0;9016.0;22.1;17.4;Waterschap Drents Overijsselse Delta;202.8554;188.4344;Aangeleverd door Waterschap;Waterschap Drents Overijsselse Delta;68779.0;53082.0;Midden-Drenthe;Drenthe;545.0;1132.0;218.0;453.0;Drenthe;BU17310009;GM1731;9411;9411VR;BU17310009;GM1731;9411;9411VR;BU17310009;GM1731;9411;9411VR;False;False;False;52.860177837130756;6.493626009485822;WarmteAtlas:AquathermieRWZI;;;
228.0;0.0;RWZI MEPPEL;16326.0;15127.0;19.7;13.9;Waterschap Drents Overijsselse Delta;341.2134;316.1543;Aangeleverd door Waterschap;Waterschap Drents Overijsselse Delta;115396.0;89061.0;Meppel;Drenthe;915.0;1902.0;366.0;761.0;Drenthe;BU01190900;GM0119;7942;7942HZ;BU01190900;GM0119;7942;7942HZ;BU01190900;GM0119;7942;7942HZ;False;False;False;52.71058379189257;6.193178061711553;WarmteAtlas:AquathermieRWZI;;;
229.0;0.0;RWZI GENEMUIDEN;6461.0;5872.0;18.8;11.2;Waterschap Drents Overijsselse Delta;135.0349;122.7248;Aangeleverd door Waterschap;Waterschap Drents Overijsselse Delta;44795.0;34572.0;Zwartewaterland;West-Overijssel;355.0;746.0;142.0;298.0;Overijssel;BU18960108;GM1896;8281;8281PW;BU18960108;GM1896;8281;8281PW;BU18960108;GM1896;8281;8281PW;False;False;False;52.60521414582675;6.06313786553789;WarmteAtlas:AquathermieRWZI;;;
230.0;0.0;RWZI RAALTE;8389.0;9323.0;17.8;12.6;Waterschap Drents Overijsselse Delta;175.3301;194.8507;Aangeleverd door Waterschap;Waterschap Drents Overijsselse Delta;71121.0;54889.0;Raalte;West-Overijssel;564.0;1071.0;226.0;428.0;Overijssel;BU01770119;GM0177;8101;8101NJ;BU01770119;GM0177;8101;8101NJ;BU01770119;GM0177;8101;8101NJ;False;False;False;52.39575464952118;6.263437698167119;WarmteAtlas:AquathermieRWZI;;;
231.0;0.0;RWZI HEINO;1673.0;1497.0;16.7;10.1;Waterschap Drents Overijsselse Delta;34.9657;31.2873;Aangeleverd door Waterschap;Waterschap Drents Overijsselse Delta;11420.0;8814.0;Raalte;West-Overijssel;90.0;192.0;36.0;77.0;Overijssel;BU01770709;GM0177;8141;8141NS;BU01770709;GM0177;8141;8141NS;BU01770709;GM0177;8141;8141NS;False;False;False;52.44086413960616;6.202470942409059;WarmteAtlas:AquathermieRWZI;;;
232.0;0.0;RWZI KAMPEN;14113.0;13212.0;20.1;14.5;Waterschap Drents Overijsselse Delta;294.9617;276.1308;Aangeleverd door Waterschap;Waterschap Drents Overijsselse Delta;100788.0;77786.0;Kampen;West-Overijssel;799.0;1652.0;320.0;661.0;Overijssel;BU01660006;GM0166;8263;8263CH;BU01660006;GM0166;8263;8263CH;BU01660006;GM0166;8263;8263CH;False;False;False;52.57646477583552;5.875603571579612;WarmteAtlas:AquathermieRWZI;;;
233.0;0.0;RWZI HESSENPOORT;2992.0;2941.0;14.6;9.3;Waterschap Drents Overijsselse Delta;62.5328;61.4669;Aangeleverd door Waterschap;Waterschap Drents Overijsselse Delta;22435.0;17315.0;Zwolle;West-Overijssel;178.0;359.0;71.0;144.0;Overijssel;BU01934040;GM0193;8028;8028PP;BU01934040;GM0193;8028;8028PP;BU01934040;GM0193;8028;8028PP;False;False;False;52.530359792257144;6.176737934567093;WarmteAtlas:AquathermieRWZI;;;
234.0;0.0;RWZI ZWOLLE;22719.0;23224.0;19.7;14.5;Waterschap Drents Overijsselse Delta;474.8271;485.3816;Aangeleverd door Waterschap;Waterschap Drents Overijsselse Delta;177164.0;136732.0;Zwolle;West-Overijssel;1404.0;2778.0;562.0;1111.0;Overijssel;BU01932140;GM0193;8042;8042PK;BU01932140;GM0193;8042;8042PK;BU01932140;GM0193;8042;8042PK;False;False;False;52.509918722632136;6.049538569180872;WarmteAtlas:AquathermieRWZI;;;
235.0;0.0;RWZI DALFSEN;6172.0;6216.0;20.0;13.6;Waterschap Drents Overijsselse Delta;128.9948;129.9144;Aangeleverd door Waterschap;Waterschap Drents Overijsselse Delta;47419.0;36597.0;Dalfsen;West-Overijssel;376.0;749.0;150.0;300.0;Overijssel;BU01480109;GM0148;7722;7722PA;BU01480109;GM0148;7722;7722PA;BU01480109;GM0148;7722;7722PA;False;False;False;52.510360625419466;6.237443276440795;WarmteAtlas:AquathermieRWZI;;;
236.0;0.0;RWZI DEVENTER;20242.0;20835.0;17.8;12.8;Waterschap Drents Overijsselse Delta;423.0578;435.4515;Aangeleverd door Waterschap;Waterschap Drents Overijsselse Delta;158940.0;122667.0;Deventer;West-Overijssel;1260.0;2484.0;504.0;994.0;Overijssel;BU01500502;GM0150;7414;7414KA;BU01500502;GM0150;7414;7414KA;BU01500502;GM0150;7414;7414KA;False;False;False;52.2708994743806;6.129794517590754;WarmteAtlas:AquathermieRWZI;;;
237.0;0.0;RWZI OLST;4002.0;3848.0;17.2;12.4;Waterschap Drents Overijsselse Delta;83.6418;80.4232;Aangeleverd door Waterschap;Waterschap Drents Overijsselse Delta;29354.0;22655.0;Olst-Wijhe;West-Overijssel;233.0;475.0;93.0;190.0;Overijssel;BU17730728;GM1773;8121;8121EE;BU17730728;GM1773;8121;8121EE;BU17730728;GM1773;8121;8121EE;False;False;False;52.34912534270744;6.109869544033995;WarmteAtlas:AquathermieRWZI;;;
238.0;0.0;RWZI STEENWIJK;9359.0;8502.0;17.3;10.5;Waterschap Drents Overijsselse Delta;195.6031;177.6918;Aangeleverd door Waterschap;Waterschap Drents Overijsselse Delta;64858.0;50056.0;Steenwijkerland;West-Overijssel;514.0;1080.0;206.0;432.0;Overijssel;BU17080003;GM1708;8331;8331PH;BU17080003;GM1708;8331;8331PH;BU17080003;GM1708;8331;8331PH;False;False;False;52.785340165764524;6.100474909295637;WarmteAtlas:AquathermieRWZI;;;
239.0;0.0;RWZI VOLLENHOVE;1279.0;1123.0;0.0;0.0;Waterschap Drents Overijsselse Delta;26.7311;23.4707;Aangeleverd door Waterschap;Waterschap Drents Overijsselse Delta;8567.0;6612.0;Steenwijkerland;West-Overijssel;68.0;145.0;27.0;58.0;Overijssel;BU17080709;GM1708;8325;8325PP;BU17080709;GM1708;8325;8325PP;BU17080709;GM1708;8325;8325PP;False;False;False;52.67124471705142;5.948592197445425;WarmteAtlas:AquathermieRWZI;;;
240.0;0.0;RWZI Wehl;1920.0;1920.0;0.0;0.0;Waterschap Rijn en IJssel;40.128;40.128;RWZI gegevens van watersector.nl, DWA dagdebiet is 24x uurdebiet. Indien geen DWA bekent, dan DWA = 0,3 x RWA;Waterschap Rijn en IJssel;14647.0;11304.0;Doetinchem;Achterhoek;116.0;232.0;46.0;93.0;Gelderland;BU02223107;GM0222;7031;7031EB;BU02223107;GM0222;7031;7031EB;BU02223107;GM0222;7031;7031EB;False;False;False;51.96893075149377;6.210852123572215;WarmteAtlas:AquathermieRWZI;;;
241.0;0.0;RWZI Haarlo;18000.0;18000.0;0.0;0.0;Waterschap Rijn en IJssel;376.2;376.2;RWZI gegevens van watersector.nl, DWA dagdebiet is 24x uurdebiet. Indien geen DWA bekent, dan DWA = 0,3 x RWA;Waterschap Rijn en IJssel;137313.0;105976.0;Berkelland;Achterhoek;1088.0;2177.0;435.0;871.0;Gelderland;BU18590009;GM1859;7273;7273PT;BU18590009;GM1859;7273;7273PT;BU18590009;GM1859;7273;7273PT;False;False;False;52.118442584188855;6.59324877171906;WarmteAtlas:AquathermieRWZI;;;
242.0;0.0;RWZI Ruurlo;4560.0;4560.0;0.0;0.0;Waterschap Rijn en IJssel;95.304;95.304;RWZI gegevens van watersector.nl, DWA dagdebiet is 24x uurdebiet. Indien geen DWA bekent, dan DWA = 0,3 x RWA;Waterschap Rijn en IJssel;34786.0;26847.0;Berkelland;Achterhoek;276.0;552.0;110.0;221.0;Gelderland;BU18590405;GM1859;7261;7261MH;BU18590405;GM1859;7261;7261MH;BU18590405;GM1859;7261;7261MH;False;False;False;52.089480867636766;6.43939369225659;WarmteAtlas:AquathermieRWZI;;;
243.0;0.0;RWZI Aalten;10152.0;10152.0;0.0;0.0;Waterschap Rijn en IJssel;212.1768;212.1768;RWZI gegevens van watersector.nl, DWA dagdebiet is 24x uurdebiet. Indien geen DWA bekent, dan DWA = 0,3 x RWA;Waterschap Rijn en IJssel;77445.0;59770.0;Aalten;Achterhoek;614.0;1228.0;246.0;491.0;Gelderland;BU01970302;GM0197;7122;7122LA;BU01970302;GM0197;7122;7122LA;BU01970302;GM0197;7122;7122LA;False;False;False;51.91281360533686;6.571737113347743;WarmteAtlas:AquathermieRWZI;;;
244.0;0.0;RWZI Dinxperlo;4800.0;4800.0;0.0;0.0;Waterschap Rijn en IJssel;100.32;100.32;RWZI gegevens van watersector.nl, DWA dagdebiet is 24x uurdebiet. Indien geen DWA bekent, dan DWA = 0,3 x RWA;Waterschap Rijn en IJssel;36617.0;28260.0;Aalten;Achterhoek;290.0;580.0;116.0;232.0;Gelderland;BU01970402;GM0197;7091;7091HB;BU01970402;GM0197;7091;7091HB;BU01970402;GM0197;7091;7091HB;False;False;False;51.85536633727198;6.47006183137765;WarmteAtlas:AquathermieRWZI;;;
245.0;0.0;RWZI Etten;52800.0;52800.0;0.0;0.0;Waterschap Rijn en IJssel;1103.52;1103.52;RWZI gegevens van watersector.nl, DWA dagdebiet is 24x uurdebiet. Indien geen DWA bekent, dan DWA = 0,3 x RWA;Waterschap Rijn en IJssel;402785.0;310862.0;Oude IJsselstreek;Achterhoek;3193.0;6386.0;1277.0;2554.0;Gelderland;BU15090207;GM1509;7061;7061GK;BU15090207;GM1509;7061;7061GK;BU15090207;GM1509;7061;7061GK;False;False;False;51.93268693463469;6.320509007542477;WarmteAtlas:AquathermieRWZI;;;
246.0;0.0;RWZI Varsseveld;8088.0;8088.0;0.0;0.0;Waterschap Rijn en IJssel;169.0392;169.0392;RWZI gegevens van watersector.nl, DWA dagdebiet is 24x uurdebiet. Indien geen DWA bekent, dan DWA = 0,3 x RWA;Waterschap Rijn en IJssel;61699.0;47618.0;Oude IJsselstreek;Achterhoek;489.0;978.0;196.0;391.0;Gelderland;BU15090308;GM1509;7051;7051GH;BU15090308;GM1509;7051;7051GH;BU15090308;GM1509;7051;7051GH;False;False;False;51.95435629408056;6.4579011543741345;WarmteAtlas:AquathermieRWZI;;;
247.0;0.0;RWZI Oudewater;3960.0;3960.0;0.0;0.0;Waterschap Rijn en IJssel;82.764;82.764;RWZI gegevens van watersector.nl, DWA dagdebiet is 24x uurdebiet. Indien geen DWA bekent, dan DWA = 0,3 x RWA;Waterschap Rijn en IJssel;30209.0;23315.0;Arnhem;Arnhem/Nijmegen;240.0;479.0;96.0;192.0;Gelderland;BU02021367;GM0202;6816;6816TA;BU02021367;GM0202;6816;6816VB;BU02021367;GM0202;6816;6816VB;False;False;False;52.01953990797147;5.824254592479553;WarmteAtlas:AquathermieRWZI;;;
248.0;0.0;RWZI Olburgen;37200.0;37200.0;0.0;0.0;Waterschap Rijn en IJssel;777.48;777.48;RWZI gegevens van watersector.nl, DWA dagdebiet is 24x uurdebiet. Indien geen DWA bekent, dan DWA = 0,3 x RWA;Waterschap Rijn en IJssel;283780.0;219016.0;Bronckhorst;Achterhoek;2250.0;4499.0;900.0;1800.0;Gelderland;BU18760307;GM1876;7225;7225NB;BU18760307;GM1876;7225;7225NB;BU18760307;GM1876;7225;7225NB;False;False;False;52.04667305023389;6.1452246769479455;WarmteAtlas:AquathermieRWZI;;;
249.0;0.0;RWZI Lichtenvoorde;11160.0;11160.0;0.0;0.0;Waterschap Rijn en IJssel;233.244;233.244;RWZI gegevens van watersector.nl, DWA dagdebiet is 24x uurdebiet. Indien geen DWA bekent, dan DWA = 0,3 x RWA;Waterschap Rijn en IJssel;85134.0;65705.0;Oost Gelre;Achterhoek;675.0;1350.0;270.0;540.0;Gelderland;BU15860116;GM1586;7131;7131RB;BU15860116;GM1586;7131;7131RB;BU15860116;GM1586;7131;7131RB;False;False;False;51.99819786529069;6.5612359754702325;WarmteAtlas:AquathermieRWZI;;;
250.0;0.0;RWZI Zutphen;43200.0;43200.0;0.0;0.0;Waterschap Rijn en IJssel;902.88;902.88;RWZI gegevens van watersector.nl, DWA dagdebiet is 24x uurdebiet. Indien geen DWA bekent, dan DWA = 0,3 x RWA;Waterschap Rijn en IJssel;329551.0;254341.0;Zutphen;Stedendriehoek/cleantechregio;2612.0;5225.0;1045.0;2090.0;Gelderland;BU03010002;GM0301;7202;7202CM;BU03010002;GM0301;7202;7202CM;BU03010002;GM0301;7202;7202CM;False;False;False;52.159836322866425;6.192686234507883;WarmteAtlas:AquathermieRWZI;;;
251.0;0.0;RWZI Nieuwgraaf;107040.0;107040.0;0.0;0.0;Waterschap Rijn en IJssel;2237.136;2237.136;RWZI gegevens van watersector.nl, DWA dagdebiet is 24x uurdebiet. Indien geen DWA bekent, dan DWA = 0,3 x RWA;Waterschap Rijn en IJssel;816555.0;630201.0;Duiven;Arnhem/Nijmegen;6473.0;12946.0;2589.0;5179.0;Gelderland;BU02260101;GM0226;6921;6921RG;BU02260101;GM0226;6921;6921RG;BU02260101;GM0226;6921;6921RG;False;False;False;51.97245242319944;6.002553852534194;WarmteAtlas:AquathermieRWZI;;;
252.0;0.0;RWZI Winterswijk;20040.0;20040.0;0.0;0.0;Waterschap Rijn en IJssel;418.836;418.836;RWZI gegevens van watersector.nl, DWA dagdebiet is 24x uurdebiet. Indien geen DWA bekent, dan DWA = 0,3 x RWA;Waterschap Rijn en IJssel;152875.0;117986.0;Winterswijk;Achterhoek;1212.0;2424.0;485.0;970.0;Gelderland;BU02940105;GM0294;7103;7103AX;BU02940105;GM0294;7103;7103AX;BU02940105;GM0294;7103;7103AX;False;False;False;51.98692017314658;6.706765826420783;WarmteAtlas:AquathermieRWZI;;;
253.0;0.0;RWZI Holten;13560.0;13560.0;0.0;0.0;Waterschap Rijn en IJssel;283.404;283.404;RWZI gegevens van watersector.nl, DWA dagdebiet is 24x uurdebiet. Indien geen DWA bekent, dan DWA = 0,3 x RWA;Waterschap Rijn en IJssel;103442.0;79835.0;Rijssen-Holten;Twente;820.0;1640.0;328.0;656.0;Overijssel;BU17420502;GM1742;7451;7451NG;BU17420502;GM1742;7451;7451NG;BU17420502;GM1742;7451;7451NG;False;False;False;52.2432992906814;6.412132838097269;WarmteAtlas:AquathermieRWZI;;;
254.0;0.0;Emmen;36000.0;36000.0;0.0;0.0;Vechtstromen;752.4;752.4;Aangeleverd door Waterschap;Vechtstromen;274626.0;211951.0;Emmen;Drenthe;2177.0;4354.0;871.0;1742.0;Drenthe;BU01140609;GM0114;7833;7833HR;BU01140609;GM0114;7833;7833HR;BU01140609;GM0114;7833;7833HR;False;False;False;52.73207920726067;6.877925982945299;WarmteAtlas:AquathermieRWZI;;;
255.0;0.0;Emmen;36000.0;36000.0;0.0;0.0;Vechtstromen;752.4;752.4;Aangeleverd door Waterschap;Vechtstromen;274626.0;211951.0;Emmen;Drenthe;2177.0;4354.0;871.0;1742.0;Drenthe;BU01140609;GM0114;7833;7833JD;BU01140609;GM0114;7833;7833HR;BU01140609;GM0114;7833;7833HR;False;False;False;52.73084165485776;6.881829006206904;WarmteAtlas:AquathermieRWZI;;;
256.0;0.0;Coevorden;9147.0;8208.0;19.6;12.1;Vechtstromen;191.1723;171.5472;Aangeleverd door Waterschap;Vechtstromen;62615.0;48325.0;Coevorden;Drenthe;496.0;1050.0;198.0;420.0;Drenthe;BU01091009;GM0109;7741;7741LE;BU01091009;GM0109;7741;7741LE;BU01091009;GM0109;7741;7741LE;False;False;False;52.64295138523392;6.717765535845434;WarmteAtlas:AquathermieRWZI;;;
257.0;0.0;Sleen;5362.0;4186.0;16.8;9.58;Vechtstromen;112.0658;87.4874;Aangeleverd door Waterschap;Vechtstromen;31933.0;24645.0;Coevorden;Drenthe;253.0;578.0;101.0;231.0;Drenthe;BU01094040;GM0109;7841;7841BP;BU01094040;GM0109;7841;7841BP;BU01094040;GM0109;7841;7841BP;False;False;False;52.76288441165162;6.7914323100258605;WarmteAtlas:AquathermieRWZI;;;
258.0;0.0;Hardenberg;7058.0;7187.0;0.0;0.0;Vechtstromen;147.5122;150.2083;Aangeleverd door Waterschap;Vechtstromen;54826.0;42314.0;Hardenberg;West-Overijssel;435.0;862.0;174.0;345.0;Overijssel;BU01600601;GM0160;7696;7696BH;BU01600601;GM0160;7696;7696BH;BU01600601;GM0160;7696;7696BH;False;False;False;52.540603406810924;6.608635941577922;WarmteAtlas:AquathermieRWZI;;;
259.0;0.0;Dedemsvaart;10960.0;8078.0;21.4;15.4;Vechtstromen;229.064;168.8302;Aangeleverd door Waterschap;Vechtstromen;61623.0;47559.0;Hardenberg;West-Overijssel;488.0;1151.0;195.0;460.0;Overijssel;BU01600907;GM0160;7701;7701PG;BU01600907;GM0160;7701;7701PG;BU01600907;GM0160;7701;7701PG;False;False;False;52.59655670100682;6.493794196986846;WarmteAtlas:AquathermieRWZI;;;
260.0;0.0;Vriezenveen;8498.0;8542.0;18.1;10.9;Vechtstromen;177.6082;178.5278;Aangeleverd door Waterschap;Vechtstromen;65163.0;50291.0;Twenterand;Twente;516.0;1030.0;207.0;412.0;Overijssel;BU17000107;GM1700;7671;7671SP;BU17000107;GM1700;7671;7671ST;BU17000107;GM1700;7671;7671ST;False;False;False;52.40790238460765;6.632845130422251;WarmteAtlas:AquathermieRWZI;;;
261.0;0.0;Vroomshoop;4605.0;4437.0;18.7;12.5;Vechtstromen;96.2445;92.7333;Aangeleverd door Waterschap;Vechtstromen;33848.0;26123.0;Twenterand;Twente;268.0;547.0;107.0;219.0;Overijssel;BU17000403;GM1700;7681;7681KB;BU17000403;GM1700;7681;7681KB;BU17000403;GM1700;7681;7681KB;False;False;False;52.44675938715643;6.565564002685296;WarmteAtlas:AquathermieRWZI;;;
262.0;0.0;Den Ham;1429.0;1392.0;17.8;8.66;Vechtstromen;29.8661;29.0928;Aangeleverd door Waterschap;Vechtstromen;10619.0;8195.0;Twenterand;Twente;84.0;170.0;34.0;68.0;Overijssel;BU17000301;GM1700;7683;7683PC;BU17000301;GM1700;7683;7683PC;BU17000301;GM1700;7683;7683PC;False;False;False;52.46506233719648;6.478133709129694;WarmteAtlas:AquathermieRWZI;;;
263.0;0.0;Losser;5359.0;6166.0;19.9;11.8;Vechtstromen;112.0031;128.8694;Aangeleverd door Waterschap;Vechtstromen;47037.0;36303.0;Losser;Twente;373.0;697.0;149.0;279.0;Overijssel;BU01680003;GM0168;7581;7581HE;BU01680003;GM0168;7581;7581HE;BU01680003;GM0168;7581;7581HE;False;False;False;52.26038307540871;7.014562066630295;WarmteAtlas:AquathermieRWZI;;;
264.0;0.0;Haaksbergen;8478.0;8627.0;18.3;10.9;Vechtstromen;177.1902;180.3043;Aangeleverd door Waterschap;Vechtstromen;65811.0;50792.0;Haaksbergen;Twente;522.0;1034.0;209.0;414.0;Overijssel;BU01580290;GM0158;7482;7482RD;BU01580290;GM0158;7482;7482RD;BU01580290;GM0158;7482;7482RD;False;False;False;52.17695254231673;6.715325773442151;WarmteAtlas:AquathermieRWZI;;;
265.0;0.0;Rijssen;9439.0;8481.0;18.7;10.9;Vechtstromen;197.2751;177.2529;Aangeleverd door Waterschap;Vechtstromen;64697.0;49932.0;Rijssen-Holten;Twente;513.0;1084.0;205.0;434.0;Overijssel;BU17420701;GM1742;7461;7461JH;BU17420701;GM1742;7461;7461JH;BU17420701;GM1742;7461;7461JH;False;False;False;52.31868243375612;6.529337431743318;WarmteAtlas:AquathermieRWZI;;;
266.0;0.0;Ommen;3363.0;3164.0;20.9;14.2;Vechtstromen;70.2867;66.1276;Aangeleverd door Waterschap;Vechtstromen;24137.0;18628.0;Ommen;West-Overijssel;191.0;395.0;76.0;158.0;Overijssel;BU01750116;GM0175;7731;7731RJ;BU01750116;GM0175;7731;7731RJ;BU01750116;GM0175;7731;7731RJ;False;False;False;52.52653574577839;6.406681328424779;WarmteAtlas:AquathermieRWZI;;;
267.0;0.0;Nijverdal;11231.0;10551.0;20.2;12.9;Vechtstromen;234.7279;220.5159;Aangeleverd door Waterschap;Vechtstromen;80488.0;62119.0;Hellendoorn;Twente;638.0;1317.0;255.0;527.0;Overijssel;BU01630506;GM0163;7443;7443TB;BU01630506;GM0163;7443;7443TB;BU01630506;GM0163;7443;7443TB;False;False;False;52.370280758673054;6.472522283141156;WarmteAtlas:AquathermieRWZI;;;
268.0;0.0;Hengelo;37418.0;37809.0;18.3;11.5;Vechtstromen;782.0362;790.2081;Aangeleverd door Waterschap;Vechtstromen;288426.0;222602.0;Hengelo;Twente;2286.0;4549.0;915.0;1820.0;Overijssel;BU01640700;GM0164;7556;7556BP;BU01640700;GM0164;7556;7556BW;BU01640700;GM0164;7556;7556BW;False;False;False;52.27895788466949;6.771353413697873;WarmteAtlas:AquathermieRWZI;;;
269.0;0.0;Tubbergen;2895.0;2771.0;18.1;9.44;Vechtstromen;60.5055;57.9139;Aangeleverd door Waterschap;Vechtstromen;21139.0;16314.0;Tubbergen;Twente;168.0;343.0;67.0;137.0;Overijssel;BU01830000;GM0183;7651;7651LR;BU01830009;GM0183;7651;7651LR;BU01830009;GM0183;7651;7651LR;True;False;False;52.409519735494335;6.766154545336277;WarmteAtlas:AquathermieRWZI;;;
270.0;0.0;Oldenzaal;13034.0;13175.0;18.4;10.9;Vechtstromen;272.4106;275.3575;Aangeleverd door Waterschap;Vechtstromen;100505.0;77568.0;Oldenzaal;Twente;797.0;1585.0;319.0;634.0;Overijssel;BU01731000;GM0173;7576;7576PE;BU01731000;GM0173;7576;7576PE;BU01731000;GM0173;7576;7576PE;False;False;False;52.30893002679534;6.893470933267676;WarmteAtlas:AquathermieRWZI;;;
271.0;0.0;Enschede;40107.0;42498.0;18.6;11.8;Vechtstromen;838.2363;888.2082;Aangeleverd door Waterschap;Vechtstromen;324196.0;250208.0;Enschede;Twente;2570.0;4996.0;1028.0;1998.0;Overijssel;BU01530703;GM0153;7547;7547AM;BU01530703;GM0153;7547;7547AM;BU01530703;GM0153;7547;7547AM;False;False;False;52.23427130763816;6.841375210652425;WarmteAtlas:AquathermieRWZI;;;
272.0;0.0;Glanerbrug;2639.0;3097.0;17.3;10.9;Vechtstromen;55.1551;64.7273;Aangeleverd door Waterschap;Vechtstromen;23625.0;18234.0;Enschede;Twente;187.0;347.0;75.0;139.0;Overijssel;BU01530801;GM0153;7532;7532AV;BU01530801;GM0153;7532;7532AV;BU01530801;GM0153;7532;7532AV;False;False;False;52.21858689960646;6.978505993165727;WarmteAtlas:AquathermieRWZI;;;
273.0;0.0;Goor;6677.0;5564.0;18.8;10.8;Vechtstromen;139.5493;116.2876;Aangeleverd door Waterschap;Vechtstromen;42445.0;32758.0;Hof van Twente;Twente;336.0;740.0;135.0;296.0;Overijssel;BU17350100;GM1735;7471;7471ET;BU17350100;GM1735;7471;7471ET;BU17350100;GM1735;7471;7471ET;False;False;False;52.24655727692639;6.572863585976103;WarmteAtlas:AquathermieRWZI;;;
274.0;0.0;Almelo-Vissedijk;19166.0;20300.0;18.8;11.1;Vechtstromen;400.5694;424.27;Aangeleverd door Waterschap;Vechtstromen;154859.0;119517.0;Almelo;Twente;1228.0;2387.0;491.0;955.0;Overijssel;BU01411204;GM0141;7602;7602EM;BU01411204;GM0141;7602;7602EM;BU01411204;GM0141;7602;7602EM;False;False;False;52.365938726858865;6.650203402678929;WarmteAtlas:AquathermieRWZI;;;
275.0;0.0;Almelo Sumpel;15904.0;29869.0;17.2;10.0;Vechtstromen;332.3936;624.2621;Aangeleverd door Waterschap;Vechtstromen;227856.0;175855.0;Almelo;Twente;1806.0;2768.0;722.0;1107.0;Overijssel;BU01411901;GM0141;7609;7609HB;BU01411901;GM0141;7609;7609HB;BU01411901;GM0141;7609;7609HB;False;False;False;52.3419445313659;6.62396560310951;WarmteAtlas:AquathermieRWZI;;;
276.0;0.0;Denekamp;3739.0;4013.0;19.3;11.0;Vechtstromen;78.1451;83.8717;Aangeleverd door Waterschap;Vechtstromen;30613.0;23627.0;Dinkelland;Twente;243.0;469.0;97.0;188.0;Overijssel;BU17741099;GM1774;7591;7591NK;BU17741099;GM1774;7591;7591NK;BU17741099;GM1774;7591;7591NK;False;False;False;52.384588747714886;7.0338846815319185;WarmteAtlas:AquathermieRWZI;;;
277.0;0.0;Ootmarsum;3193.0;3155.0;16.9;9.59;Vechtstromen;66.7337;65.9395;Aangeleverd door Waterschap;Vechtstromen;24068.0;18575.0;Dinkelland;Twente;191.0;384.0;76.0;154.0;Overijssel;BU17742199;GM1774;7637;7637PG;BU17742199;GM1774;7637;7637PG;BU17742199;GM1774;7637;7637PG;False;False;False;52.41214222271533;6.929878269464042;WarmteAtlas:AquathermieRWZI;;;
278.0;0.0;RWZI Franeker;5086.0;5086.0;0.0;0.0;Wetterskip Fryslan;106.2974;106.2974;Aangeleverd door Waterschap, debiet op 27-5-2017;Wetterskip Fryslan;38799.0;29944.0;Waadhoeke;Friesland;308.0;615.0;123.0;246.0;Friesland;BU19492800;GM1949;8801;8801PT;BU19492800;GM1949;8801;8801PT;BU19492800;GM1949;8801;8801PT;False;False;False;53.17750229441527;5.580265136290969;WarmteAtlas:AquathermieRWZI;;;
279.0;0.0;RWZI St.-Jacobiparochie;0.0;0.0;0.0;0.0;Wetterskip Fryslan;0.0;0.0;RWZI gegevens van watersector.nl, DWA dagdebiet is 24x uurdebiet. Indien geen DWA bekent, dan DWA = 0,3 x RWA;Wetterskip Fryslan;0.0;0.0;Waadhoeke;Friesland;0.0;0.0;0.0;0.0;Friesland;BU19493200;GM1949;9079;9079MK;BU19493200;GM1949;9079;9079MK;BU19493200;GM1949;9079;9079MK;False;False;False;53.27316614653838;5.638867924132144;WarmteAtlas:AquathermieRWZI;;;
280.0;0.0;RWZI Bolsward;5539.0;5539.0;0.0;0.0;Wetterskip Fryslan;115.7651;115.7651;Aangeleverd door Waterschap, debiet op 27-5-2017;Wetterskip Fryslan;42254.0;32611.0;SÃºdwest-FryslÃ¢n;Friesland;335.0;670.0;134.0;268.0;Friesland;BU19000004;GM1900;8701;8701PG;BU19000004;GM1900;8701;8701PG;BU19000004;GM1900;8701;8701PG;False;False;False;53.07468398856006;5.52605171220452;WarmteAtlas:AquathermieRWZI;;;
281.0;0.0;RWZI Sneek;6530.0;6530.0;0.0;0.0;Wetterskip Fryslan;136.477;136.477;Aangeleverd door Waterschap, debiet op 27-5-2017;Wetterskip Fryslan;49814.0;38446.0;SÃºdwest-FryslÃ¢n;Friesland;395.0;790.0;158.0;316.0;Friesland;BU19000116;GM1900;8608;8608XW;BU19000116;GM1900;8608;8608XW;BU19000116;GM1900;8608;8608XW;False;False;False;53.02305371739145;5.642053380725559;WarmteAtlas:AquathermieRWZI;;;
282.0;0.0;RWZI Warns;2988.0;2988.0;0.0;0.0;Wetterskip Fryslan;62.4492;62.4492;RWZI gegevens van watersector.nl, DWA dagdebiet is 24x uurdebiet. Indien geen DWA bekent, dan DWA = 0,3 x RWA;Wetterskip Fryslan;22794.0;17592.0;SÃºdwest-FryslÃ¢n;Friesland;181.0;362.0;72.0;145.0;Friesland;BU19000309;GM1900;8722;8722HN;BU19000309;GM1900;8722;8722HN;BU19000309;GM1900;8722;8722HN;False;False;False;52.88493658410821;5.39611992560814;WarmteAtlas:AquathermieRWZI;;;
283.0;0.0;RWZI Workum;4450.0;4450.0;0.0;0.0;Wetterskip Fryslan;93.005;93.005;Aangeleverd door Waterschap, debiet op 27-5-2017;Wetterskip Fryslan;33947.0;26200.0;SÃºdwest-FryslÃ¢n;Friesland;269.0;538.0;108.0;215.0;Friesland;BU19000200;GM1900;8711;8711JH;BU19000200;GM1900;8711;8711JH;BU19000200;GM1900;8711;8711JH;False;False;False;52.972087194711484;5.451215728243334;WarmteAtlas:AquathermieRWZI;;;
284.0;0.0;RWZI Grouw;865.0;865.0;0.0;0.0;Wetterskip Fryslan;18.0785;18.0785;Aangeleverd door Waterschap, debiet op 27-5-2017;Wetterskip Fryslan;6599.0;5093.0;Leeuwarden;Friesland;52.0;104.0;21.0;42.0;Friesland;BU00808207;GM0080;9001;9001ZD;BU00808207;GM0080;9001;9001ZD;BU00808207;GM0080;9001;9001ZD;False;False;False;53.092644100288304;5.817111596083329;WarmteAtlas:AquathermieRWZI;;;
285.0;0.0;RWZI Leeuwarden;21700.0;21700.0;0.0;0.0;Wetterskip Fryslan;453.53;453.53;Aangeleverd door Waterschap, debiet op 27-5-2017;Wetterskip Fryslan;165538.0;127759.0;Leeuwarden;Friesland;1312.0;2624.0;525.0;1050.0;Friesland;BU00801104;GM0080;8937;8937AN;BU00801104;GM0080;8937;8937AN;BU00801104;GM0080;8937;8937AN;False;False;False;53.19504123829831;5.828602934831745;WarmteAtlas:AquathermieRWZI;;;
286.0;0.0;RWZI Terschelling;2076.0;2076.0;0.0;0.0;Wetterskip Fryslan;43.3884;43.3884;Aangeleverd door Waterschap, debiet op 27-5-2017;Wetterskip Fryslan;15837.0;12223.0;Terschelling;Friesland;126.0;251.0;50.0;100.0;Friesland;BU00930002;GM0093;8881;8881HC;BU00930002;GM0093;8881;8881HC;BU00930002;GM0093;8881;8881HC;False;False;False;53.36828072898239;5.238483505592589;WarmteAtlas:AquathermieRWZI;;;
287.0;0.0;RWZI Schiemonnikoog;809.0;809.0;0.0;0.0;Wetterskip Fryslan;16.9081;16.9081;Aangeleverd door Waterschap, debiet op 27-5-2017;Wetterskip Fryslan;6171.0;4763.0;Schiermonnikoog;Friesland;49.0;98.0;20.0;39.0;Friesland;BU00880009;GM0088;9166;9166SL;BU00880009;GM0088;9166;9166SL;BU00880009;GM0088;9166;9166SL;False;False;False;53.475384914180594;6.1928040470553105;WarmteAtlas:AquathermieRWZI;;;
288.0;0.0;RWZI Ameland;2134.0;2134.0;0.0;0.0;Wetterskip Fryslan;44.6006;44.6006;Aangeleverd door Waterschap, debiet op 27-5-2017;Wetterskip Fryslan;16279.0;12564.0;Ameland;Friesland;129.0;258.0;52.0;103.0;Friesland;BU00600007;GM0060;9162;9162ED;BU00600007;GM0060;9162;9162ED;BU00600007;GM0060;9162;9162ED;False;False;False;53.44400744971985;5.72268523050062;WarmteAtlas:AquathermieRWZI;;;
289.0;0.0;RWZI Drachten;11431.0;11431.0;0.0;0.0;Wetterskip Fryslan;238.9079;238.9079;Aangeleverd door Waterschap, debiet op 27-5-2017;Wetterskip Fryslan;87201.0;67300.0;Smallingerland;Friesland;691.0;1382.0;276.0;553.0;Friesland;BU00900011;GM0090;9206;9206AG;BU00901101;GM0090;9206;9206AG;BU00901101;GM0090;9206;9206AG;True;False;False;53.11267984481127;6.059844703451178;WarmteAtlas:AquathermieRWZI;;;
290.0;0.0;RWZI Dokkum;4942.0;4942.0;0.0;0.0;Wetterskip Fryslan;103.2878;103.2878;Aangeleverd door Waterschap, debiet op 27-5-2017;Wetterskip Fryslan;37700.0;29096.0;Dongeradeel;Friesland;299.0;598.0;120.0;239.0;Friesland;BU19700011;GM1970;9101;9101RB;BU19700011;GM1970;9101;9101RB;BU19700011;GM1970;9101;9101RB;False;False;False;53.32177794558305;6.0204867130353605;WarmteAtlas:AquathermieRWZI;;;
291.0;0.0;RWZI Damwoude;2799.0;2799.0;0.0;0.0;Wetterskip Fryslan;58.4991;58.4991;Aangeleverd door Waterschap, debiet op 27-5-2017;Wetterskip Fryslan;21352.0;16479.0;Dantumadiel;Friesland;169.0;338.0;68.0;135.0;Friesland;BU18910109;GM1891;9113;9113AV;BU18910109;GM1891;9113;9113AV;BU18910109;GM1891;9113;9113AV;False;False;False;53.276701637752154;6.031533166322911;WarmteAtlas:AquathermieRWZI;;;
292.0;0.0;RWZI Birdaard;2595.0;2595.0;0.0;0.0;Wetterskip Fryslan;54.2355;54.2355;Aangeleverd door Waterschap, debiet op 27-5-2017;Wetterskip Fryslan;19796.0;15278.0;Ferwerderadiel;Friesland;157.0;314.0;63.0;126.0;Friesland;BU19701008;GM1970;9111;9111HR;BU19701008;GM1970;9111;9111HR;BU19701008;GM1970;9111;9111HR;False;False;False;53.29764010809373;5.883451776498046;WarmteAtlas:AquathermieRWZI;;;
293.0;0.0;RWZI Kootstertille;13680.0;13680.0;0.0;0.0;Wetterskip Fryslan;285.912;285.912;RWZI gegevens van watersector.nl, DWA dagdebiet is 24x uurdebiet. Indien geen DWA bekent, dan DWA = 0,3 x RWA;Wetterskip Fryslan;104358.0;80541.0;Achtkarspelen;Friesland;827.0;1654.0;331.0;662.0;Friesland;BU00590007;GM0059;9288;9288XA;BU00590007;GM0059;9288;9288XB;BU00590007;GM0059;9288;9288XB;False;False;False;53.22418886752662;6.116381050019323;WarmteAtlas:AquathermieRWZI;;;
294.0;0.0;RWZI Harlingen;15840.0;15840.0;0.0;0.0;Wetterskip Fryslan;331.056;331.056;RWZI gegevens van watersector.nl, DWA dagdebiet is 24x uurdebiet. Indien geen DWA bekent, dan DWA = 0,3 x RWA;Wetterskip Fryslan;120835.0;93258.0;Harlingen;Friesland;958.0;1916.0;383.0;766.0;Friesland;BU00720005;GM0072;8861;8861KT;BU00720005;GM0072;8861;8861KT;BU00720005;GM0072;8861;8861KT;False;False;False;53.17240045255494;5.454279040925156;WarmteAtlas:AquathermieRWZI;;;
295.0;0.0;RWZI Bergum-Suameer;5160.0;5160.0;0.0;0.0;Wetterskip Fryslan;107.844;107.844;Aangeleverd door Waterschap, debiet op 27-5-2017;Wetterskip Fryslan;39363.0;30380.0;Tytsjerksteradiel;Friesland;312.0;624.0;125.0;250.0;Friesland;BU07370600;GM0737;9262;9262ND;BU07370600;GM0737;9262;9262ND;BU07370600;GM0737;9262;9262ND;False;False;False;53.18528400561639;6.003528455171544;WarmteAtlas:AquathermieRWZI;;;
296.0;0.0;RWZI Wolvega;4260.0;4260.0;0.0;0.0;Wetterskip Fryslan;89.034;89.034;Aangeleverd door Waterschap, debiet op 27-5-2017;Wetterskip Fryslan;32497.0;25081.0;Weststellingwerf;Friesland;258.0;515.0;103.0;206.0;Friesland;BU00980001;GM0098;8471;8471AC;BU00980001;GM0098;8471;8471AC;BU00980001;GM0098;8471;8471AC;False;False;False;52.88678029271376;5.989706627415155;WarmteAtlas:AquathermieRWZI;;;
297.0;0.0;RWZI Gorredijk;3061.0;3061.0;0.0;0.0;Wetterskip Fryslan;63.9749;63.9749;Aangeleverd door Waterschap, debiet op 27-5-2017;Wetterskip Fryslan;23351.0;18022.0;Opsterland;Friesland;185.0;370.0;74.0;148.0;Friesland;BU00860502;GM0086;8401;8401JD;BU00860502;GM0086;8401;8401JD;BU00860502;GM0086;8401;8401JD;False;False;False;53.01053743077364;6.055316631003651;WarmteAtlas:AquathermieRWZI;;;
298.0;0.0;RWZI Wijnjewoude;3600.0;3600.0;0.0;0.0;Wetterskip Fryslan;75.24;75.24;RWZI gegevens van watersector.nl, DWA dagdebiet is 24x uurdebiet. Indien geen DWA bekent, dan DWA = 0,3 x RWA;Wetterskip Fryslan;27463.0;21195.0;Opsterland;Friesland;218.0;436.0;87.0;174.0;Friesland;BU00861703;GM0086;9241;9241WH;BU00861703;GM0086;9241;9241WH;BU00861703;GM0086;9241;9241WH;False;False;False;53.04753322850257;6.198414483728523;WarmteAtlas:AquathermieRWZI;;;
299.0;0.0;RWZI Oosterwolde;4646.0;4646.0;0.0;0.0;Wetterskip Fryslan;97.1014;97.1014;Aangeleverd door Waterschap, debiet op 27-5-2017;Wetterskip Fryslan;35442.0;27353.0;Ooststellingwerf;Friesland;281.0;562.0;112.0;225.0;Friesland;BU00851118;GM0085;8431;8431VV;BU00851118;GM0085;8431;8431VV;BU00851118;GM0085;8431;8431VV;False;False;False;52.99034227919498;6.279258848615983;WarmteAtlas:AquathermieRWZI;;;
300.0;0.0;RWZI Vlieland;814.0;814.0;0.0;0.0;Wetterskip Fryslan;17.0126;17.0126;Aangeleverd door Waterschap, debiet op 27-5-2017;Wetterskip Fryslan;6210.0;4792.0;Vlieland;Friesland;49.0;98.0;20.0;39.0;Friesland;BU00960000;GM0096;8899;8899BB;BU00960000;GM0096;8899;8899BB;BU00960000;GM0096;8899;8899BB;False;False;False;53.29760887656468;5.083665197725155;WarmteAtlas:AquathermieRWZI;;;
301.0;0.0;RWZI Akkrum;2736.0;2736.0;0.0;0.0;Wetterskip Fryslan;57.1824;57.1824;RWZI gegevens van watersector.nl, DWA dagdebiet is 24x uurdebiet. Indien geen DWA bekent, dan DWA = 0,3 x RWA;Wetterskip Fryslan;20872.0;16108.0;Heerenveen;Friesland;166.0;331.0;66.0;132.0;Friesland;BU00740901;GM0074;8491;8491EK;BU00740901;GM0074;8491;8491EK;BU00740901;GM0074;8491;8491EK;False;False;False;53.04495400804595;5.8345328065675375;WarmteAtlas:AquathermieRWZI;;;
302.0;0.0;RWZI Heerenveen;12849.0;12849.0;0.0;0.0;Wetterskip Fryslan;268.5441;268.5441;Aangeleverd door Waterschap, debiet op 27-5-2017;Wetterskip Fryslan;98019.0;75649.0;Heerenveen;Friesland;777.0;1554.0;311.0;622.0;Friesland;BU00740110;GM0074;8447;8447GC;BU00740110;GM0074;8447;8447GC;BU00740110;GM0074;8447;8447GC;False;False;False;52.96947321087183;5.89433990918126;WarmteAtlas:AquathermieRWZI;;;
303.0;0.0;RWZI Joure;4737.0;4737.0;0.0;0.0;Wetterskip Fryslan;99.0033;99.0033;Aangeleverd door Waterschap, debiet op 27-5-2017;Wetterskip Fryslan;36136.0;27889.0;De Fryske Marren;Friesland;286.0;573.0;115.0;229.0;Friesland;BU19400601;GM1940;8512;8512AT;BU19400601;GM1940;8512;8512AT;BU19400601;GM1940;8512;8512AT;False;False;False;52.97290971763667;5.761519162485638;WarmteAtlas:AquathermieRWZI;;;
304.0;0.0;RWZI Lemmer;2454.0;2454.0;0.0;0.0;Wetterskip Fryslan;51.2886;51.2886;Aangeleverd door Waterschap, debiet op 27-5-2017;Wetterskip Fryslan;18720.0;14448.0;De Fryske Marren;Friesland;148.0;297.0;59.0;119.0;Friesland;BU19402305;GM1940;8531;8531ZX;BU19402305;GM1940;8531;8531ZX;BU19402305;GM1940;8531;8531ZX;False;False;False;52.86115639255848;5.701985489604608;WarmteAtlas:AquathermieRWZI;;;
305.0;0.0;RWZI Sloten;2209.0;2209.0;0.0;0.0;Wetterskip Fryslan;46.1681;46.1681;Aangeleverd door Waterschap, debiet op 27-5-2017;Wetterskip Fryslan;16851.0;13006.0;De Fryske Marren;Friesland;134.0;267.0;53.0;107.0;Friesland;BU19404301;GM1940;8556;8556XC;BU19404301;GM1940;8556;8556XC;BU19404301;GM1940;8556;8556XC;False;False;False;52.90264209392258;5.6398633739153485;WarmteAtlas:AquathermieRWZI;;;
306.0;0.0;rwzi Oud-Beijerland;7407.0;7407.0;23.0;10.0;Waterschap Hollandse Delta;154.8063;154.8063;RWZI gegevens van waterschap. DWA debieten is gemiddelde van 2012 tot en met 2014;Waterschap Hollandse Delta;56504.0;43609.0;Oud-Beijerland;Hoeksewaard;448.0;896.0;179.0;358.0;Zuid-Holland;BU19630050;GM1963;3261;3261LK;BU19630050;GM1963;3261;3261LK;BU19630050;GM1963;3261;3261LK;False;False;False;51.82697072008048;4.428862797212639;WarmteAtlas:AquathermieRWZI;;;
307.0;0.0;rwzi Oostvoorne;2930.0;2930.0;23.0;10.0;Waterschap Hollandse Delta;61.237;61.237;RWZI gegevens van waterschap. DWA debieten is gemiddelde van 2012 tot en met 2014;Waterschap Hollandse Delta;22352.0;17250.0;Westvoorne;Rotterdam-Den Haag;177.0;354.0;71.0;142.0;Zuid-Holland;BU19922109;GM1992;3233;3233LT;BU19922109;GM1992;3233;3233LT;BU19922109;GM1992;3233;3233LT;False;False;False;51.916575097880234;4.117186914796763;WarmteAtlas:AquathermieRWZI;;;
308.0;0.0;rwzi Piershil;833.0;833.0;23.0;10.0;Waterschap Hollandse Delta;17.4097;17.4097;RWZI gegevens van waterschap. DWA debieten is gemiddelde van 2012 tot en met 2014;Waterschap Hollandse Delta;6355.0;4904.0;Korendijk;Hoeksewaard;50.0;101.0;20.0;40.0;Zuid-Holland;BU19631299;GM1963;3265;3265LC;BU19631299;GM1963;3265;3265LC;BU19631299;GM1963;3265;3265LC;False;False;False;51.7988432934846;4.345384957220395;WarmteAtlas:AquathermieRWZI;;;
309.0;0.0;rwzi Hellevoetsluis;3871.0;3871.0;23.0;10.0;Waterschap Hollandse Delta;80.9039;80.9039;RWZI gegevens van waterschap. DWA debieten is gemiddelde van 2012 tot en met 2014;Waterschap Hollandse Delta;29530.0;22791.0;Hellevoetsluis;Rotterdam-Den Haag;234.0;468.0;94.0;187.0;Zuid-Holland;BU19920800;GM1992;3225;3225LN;BU19920800;GM1992;3225;3225LN;BU19920800;GM1992;3225;3225LN;False;False;False;51.84251379869752;4.1754641522420215;WarmteAtlas:AquathermieRWZI;;;
310.0;0.0;rwzi Heenvliet;1497.0;1497.0;23.0;10.0;Waterschap Hollandse Delta;31.2873;31.2873;RWZI gegevens van waterschap. DWA debieten is gemiddelde van 2012 tot en met 2014;Waterschap Hollandse Delta;11420.0;8814.0;Nissewaard;Rotterdam-Den Haag;90.0;181.0;36.0;72.0;Zuid-Holland;BU19302504;GM1930;3218;3218LE;BU19302504;GM1930;3218;3218LE;BU19302504;GM1930;3218;3218LE;False;False;False;51.86574168678694;4.223895718249493;WarmteAtlas:AquathermieRWZI;;;
311.0;0.0;rwzi Spijkenisse-Allemanspolder;11648.0;11648.0;23.0;10.0;Waterschap Hollandse Delta;243.4432;243.4432;RWZI gegevens van waterschap. DWA debieten is gemiddelde van 2012 tot en met 2014;Waterschap Hollandse Delta;88857.0;68578.0;Nissewaard;Rotterdam-Den Haag;704.0;1409.0;282.0;564.0;Zuid-Holland;BU19301707;GM1930;3207;3207LD;BU19301707;GM1930;3207;3207LD;BU19301707;GM1930;3207;3207LD;False;False;False;51.84107344735901;4.364888161487069;WarmteAtlas:AquathermieRWZI;;;
312.0;0.0;rwzi Numansdorp;3474.0;3474.0;23.0;10.0;Waterschap Hollandse Delta;72.6066;72.6066;RWZI gegevens van waterschap. DWA debieten is gemiddelde van 2012 tot en met 2014;Waterschap Hollandse Delta;26501.0;20453.0;Cromstrijen;Hoeksewaard;210.0;420.0;84.0;168.0;Zuid-Holland;BU19630999;GM1963;3281;3281LT;BU19630999;GM1963;3281;3281LT;BU19630999;GM1963;3281;3281LT;False;False;False;51.72646018146393;4.4216700010400345;WarmteAtlas:AquathermieRWZI;;;
313.0;0.0;rwzi Barendrecht;13200.0;13200.0;0.0;0.0;Waterschap Hollandse Delta;275.88;275.88;Gegevens van watersector.nl;Waterschap Hollandse Delta;100696.0;77715.0;Barendrecht;Rotterdam-Den Haag;798.0;1596.0;319.0;639.0;Zuid-Holland;BU04893161;GM0489;2992;2992SC;BU04893161;GM0489;2992;2992SC;BU04893161;GM0489;2992;2992SC;False;False;False;51.83902311073724;4.518062369053605;WarmteAtlas:AquathermieRWZI;;;
314.0;0.0;rwzi Ridderkerk;28800.0;28800.0;0.0;0.0;Waterschap Hollandse Delta;601.92;601.92;Gegevens van watersector.nl;Waterschap Hollandse Delta;219701.0;169561.0;Ridderkerk;Rotterdam-Den Haag;1742.0;3483.0;697.0;1393.0;Zuid-Holland;BU05971000;GM0597;2984;2984BP;BU05971000;GM0597;2984;2984BP;BU05971000;GM0597;2984;2984BP;False;False;False;51.872156793761256;4.621974878952405;WarmteAtlas:AquathermieRWZI;;;
315.0;0.0;rwzi Middelharnis;4749.0;4749.0;23.0;10.0;Waterschap Hollandse Delta;99.2541;99.2541;RWZI gegevens van waterschap. DWA debieten is gemiddelde van 2012 tot en met 2014;Waterschap Hollandse Delta;36228.0;27960.0;Goeree-Overflakkee;Goeree-Overflakkee;287.0;574.0;115.0;230.0;Zuid-Holland;BU19240307;GM1924;3241;3241LP;BU19240307;GM1924;3241;3241LP;BU19240307;GM1924;3241;3241LP;False;False;False;51.768595400266705;4.179455320576946;WarmteAtlas:AquathermieRWZI;;;
316.0;0.0;rwzi Den Bommel;494.0;494.0;23.0;10.0;Waterschap Hollandse Delta;10.3246;10.3246;RWZI gegevens van waterschap. DWA debieten is gemiddelde van 2012 tot en met 2014;Waterschap Hollandse Delta;3768.0;2908.0;Goeree-Overflakkee;Goeree-Overflakkee;30.0;60.0;12.0;24.0;Zuid-Holland;BU19240502;GM1924;3258;3258LZ;BU19240502;GM1924;3258;3258LZ;BU19240502;GM1924;3258;3258LZ;False;False;False;51.72341195348908;4.265661443439987;WarmteAtlas:AquathermieRWZI;;;
317.0;0.0;rwzi Ooltgensplaat;571.0;571.0;23.0;10.0;Waterschap Hollandse Delta;11.9339;11.9339;RWZI gegevens van waterschap. DWA debieten is gemiddelde van 2012 tot en met 2014;Waterschap Hollandse Delta;4356.0;3362.0;Goeree-Overflakkee;Goeree-Overflakkee;34.0;69.0;14.0;28.0;Zuid-Holland;BU19240403;GM1924;3257;3257LW;BU19240403;GM1924;3257;3257LW;BU19240403;GM1924;3257;3257LW;False;False;False;51.67295251858125;4.356776430015537;WarmteAtlas:AquathermieRWZI;;;
318.0;0.0;rwzi Oude Tonge;1864.0;1864.0;23.0;10.0;Waterschap Hollandse Delta;38.9576;38.9576;RWZI gegevens van waterschap. DWA debieten is gemiddelde van 2012 tot en met 2014;Waterschap Hollandse Delta;14220.0;10974.0;Goeree-Overflakkee;Goeree-Overflakkee;113.0;226.0;45.0;90.0;Zuid-Holland;BU19240606;GM1924;3255;3255LN;BU19240606;GM1924;3255;3255LN;BU19240606;GM1924;3255;3255LN;False;False;False;51.68400022129738;4.180201322356104;WarmteAtlas:AquathermieRWZI;;;
319.0;0.0;rwzi Goedereede;2997.0;2997.0;23.0;10.0;Waterschap Hollandse Delta;62.6373;62.6373;RWZI gegevens van waterschap. DWA debieten is gemiddelde van 2012 tot en met 2014;Waterschap Hollandse Delta;22863.0;17645.0;Goeree-Overflakkee;Goeree-Overflakkee;181.0;362.0;72.0;145.0;Zuid-Holland;BU19240003;GM1924;3252;3252LV;BU19240003;GM1924;3252;3252LV;BU19240003;GM1924;3252;3252LV;False;False;False;51.825250705511166;3.994781384737786;WarmteAtlas:AquathermieRWZI;;;
320.0;0.0;rwzi Strijen;560.0;560.0;23.0;10.0;Waterschap Hollandse Delta;11.704;11.704;RWZI gegevens van waterschap. DWA debieten is gemiddelde van 2012 tot en met 2014;Waterschap Hollandse Delta;4272.0;3297.0;Strijen;Hoeksewaard;34.0;68.0;14.0;27.0;Zuid-Holland;BU19630700;GM1963;3291;3291TN;BU19630700;GM1963;3291;3291TN;BU19630700;GM1963;3291;3291TN;False;False;False;51.74545002862149;4.561466569914767;WarmteAtlas:AquathermieRWZI;;;
321.0;0.0;rwzi Dordrecht;72000.0;72000.0;0.0;0.0;Waterschap Hollandse Delta;1504.8;1504.8;Gegevens van watersector.nl;Waterschap Hollandse Delta;549252.0;423902.0;Dordrecht;Drechtsteden;4354.0;8708.0;1742.0;3483.0;Zuid-Holland;BU05050608;GM0505;3313;3313LP;BU05050608;GM0505;3313;3313LP;BU05050608;GM0505;3313;3313LP;False;False;False;51.816562493953036;4.737326831988819;WarmteAtlas:AquathermieRWZI;;;
322.0;0.0;rwzi Bruggehof (particulier);0.0;0.0;0.0;0.0;Waterschap Hollandse Delta;0.0;0.0;RWZI gegevens van waterschap. DWA debieten is gemiddelde van 2012 tot en met 2014;Waterschap Hollandse Delta;0.0;0.0;Dordrecht;Drechtsteden;0.0;0.0;0.0;0.0;Zuid-Holland;BU05059804;GM0505;3316;3316EG;BU05059804;GM0505;3316;3316EG;BU05059804;GM0505;3316;3316EG;False;False;False;51.72824416249967;4.628879315633426;WarmteAtlas:AquathermieRWZI;;;
323.0;0.0;rwzi Zwijndrecht;17108.0;17108.0;23.0;10.0;Waterschap Hollandse Delta;357.5572;357.5572;RWZI gegevens van waterschap. DWA debieten is gemiddelde van 2012 tot en met 2014;Waterschap Hollandse Delta;130508.0;100724.0;Zwijndrecht;Drechtsteden;1034.0;2069.0;414.0;828.0;Zuid-Holland;BU06420705;GM0642;3336;3336LM;BU06420705;GM0642;3336;3336LM;BU06420705;GM0642;3336;3336LM;False;False;False;51.812199846588435;4.58180741067246;WarmteAtlas:AquathermieRWZI;;;
324.0;0.0;rwzi Hoogvliet;27120.0;27120.0;0.0;0.0;Waterschap Hollandse Delta;566.808;566.808;Gegevens van watersector.nl;Waterschap Hollandse Delta;206885.0;159670.0;Rotterdam;Rotterdam-Den Haag;1640.0;3280.0;656.0;1312.0;Zuid-Holland;BU05992295;GM0599;3196;3196KJ;BU05992295;GM0599;3196;3196KJ;BU05992295;GM0599;3196;3196KJ;False;False;False;51.87430790359106;4.333758922766868;WarmteAtlas:AquathermieRWZI;;;
325.0;0.0;rwzi Dokhaven te Rotterdam;218400.0;218400.0;0.0;0.0;Waterschap Hollandse Delta;4564.56;4564.56;Gegevens van watersector.nl;Waterschap Hollandse Delta;1666064.0;1285837.0;Rotterdam;Rotterdam-Den Haag;13208.0;26415.0;5283.0;10566.0;Zuid-Holland;BU05991574;GM0599;3087;3087EH;BU05991574;GM0599;3087;3087EH;BU05991574;GM0599;3087;3087EH;False;False;False;51.895851752241754;4.46481334907473;WarmteAtlas:AquathermieRWZI;;;
326.0;0.0;rwzi Rozenburg;4560.0;4560.0;0.0;0.0;Waterschap Hollandse Delta;95.304;95.304;Gegevens van watersector.nl;Waterschap Hollandse Delta;34786.0;26847.0;Rotterdam;Rotterdam-Den Haag;276.0;552.0;110.0;221.0;Zuid-Holland;BU05992705;GM0599;3181;3181LK;BU05992705;GM0599;3181;3181LK;BU05992705;GM0599;3181;3181LK;False;False;False;51.91805972564442;4.226197000977703;WarmteAtlas:AquathermieRWZI;;;
327.0;0.0;sb Sluisjesdijk;0.0;0.0;0.0;0.0;Waterschap Hollandse Delta;0.0;0.0;RWZI gegevens van waterschap. DWA debieten is gemiddelde van 2012 tot en met 2014;Waterschap Hollandse Delta;0.0;0.0;Rotterdam;Rotterdam-Den Haag;0.0;0.0;0.0;0.0;Zuid-Holland;BU05992194;GM0599;3087;3087AD;BU05992194;GM0599;3087;3087AD;BU05992194;GM0599;3087;3087AD;False;False;False;51.89649531689519;4.453872863079735;WarmteAtlas:AquathermieRWZI;;;
328.0;0.0;RWZI Susteren;43200.0;43200.0;0.0;0.0;Waterschap Limburg;902.88;902.88;RWZI gegevens van watersector.nl, DWA dagdebiet is 24x uurdebiet. Indien geen DWA bekent, dan DWA = 0,3 x RWA;Waterschap Limburg;329551.0;254341.0;Echt-Susteren;Noord- en Midden Limburg;2612.0;5225.0;1045.0;2090.0;Limburg;BU17110107;GM1711;6114;6114RG;BU17110160;GM1711;6114;6114RG;BU17110160;GM1711;6114;6114RG;True;False;False;51.06257029418738;5.833585389415727;WarmteAtlas:AquathermieRWZI;;;
329.0;0.0;RWZI Wijlre;10080.0;10080.0;0.0;0.0;Waterschap Limburg;210.672;210.672;RWZI gegevens van watersector.nl, DWA dagdebiet is 24x uurdebiet. Indien geen DWA bekent, dan DWA = 0,3 x RWA;Waterschap Limburg;76895.0;59346.0;Gulpen-Wittem;Zuid-Limburg;610.0;1219.0;244.0;488.0;Limburg;BU17290109;GM1729;6321;6321AM;BU17290109;GM1729;6321;6321AM;BU17290109;GM1729;6321;6321AM;False;False;False;50.82687235588434;5.896612578350396;WarmteAtlas:AquathermieRWZI;;;
330.0;0.0;RWZI Simpelveld;6120.0;6120.0;0.0;0.0;Waterschap Limburg;127.908;127.908;RWZI gegevens van watersector.nl, DWA dagdebiet is 24x uurdebiet. Indien geen DWA bekent, dan DWA = 0,3 x RWA;Waterschap Limburg;46686.0;36032.0;Simpelveld;Zuid-Limburg;370.0;740.0;148.0;296.0;Limburg;BU09650000;GM0965;6369;6369XV;BU09650000;GM0965;6369;6369XV;BU09650000;GM0965;6369;6369XV;False;False;False;50.83239063890407;5.96914806512481;WarmteAtlas:AquathermieRWZI;;;
331.0;0.0;RWZI Meijel;2880.0;2880.0;0.0;0.0;Waterschap Limburg;60.192;60.192;RWZI gegevens van watersector.nl, DWA dagdebiet is 24x uurdebiet. Indien geen DWA bekent, dan DWA = 0,3 x RWA;Waterschap Limburg;21970.0;16956.0;Peel en Maas;Noord- en Midden Limburg;174.0;348.0;70.0;139.0;Limburg;BU18940507;GM1894;5768;5768PC;BU18940507;GM1894;5768;5768PC;BU18940507;GM1894;5768;5768PC;False;False;False;51.34881288193126;5.869495568550877;WarmteAtlas:AquathermieRWZI;;;
332.0;0.0;RWZI Heerlen;12960.0;12960.0;0.0;0.0;Waterschap Limburg;270.864;270.864;RWZI gegevens van watersector.nl, DWA dagdebiet is 24x uurdebiet. Indien geen DWA bekent, dan DWA = 0,3 x RWA;Waterschap Limburg;98865.0;76302.0;Heerlen;Zuid-Limburg;784.0;1568.0;314.0;627.0;Limburg;BU09173600;GM0917;6411;6411RW;BU09173600;GM0917;6411;6411RW;BU09173600;GM0917;6411;6411RW;False;False;False;50.888189429129966;5.955638434373755;WarmteAtlas:AquathermieRWZI;;;
333.0;0.0;RWZI Hoensbroek;64800.0;64800.0;0.0;0.0;Waterschap Limburg;1354.32;1354.32;RWZI gegevens van watersector.nl, DWA dagdebiet is 24x uurdebiet. Indien geen DWA bekent, dan DWA = 0,3 x RWA;Waterschap Limburg;494327.0;381512.0;Heerlen;Zuid-Limburg;3919.0;7838.0;1568.0;3135.0;Limburg;BU09171300;GM0917;6433;6433PA;BU09171300;GM0917;6433;6433PA;BU09171300;GM0917;6433;6433PA;False;False;False;50.91254440789385;5.914973868747641;WarmteAtlas:AquathermieRWZI;;;
334.0;0.0;RWZI Roermond;50400.0;50400.0;0.0;0.0;Waterschap Limburg;1053.36;1053.36;RWZI gegevens van watersector.nl, DWA dagdebiet is 24x uurdebiet. Indien geen DWA bekent, dan DWA = 0,3 x RWA;Waterschap Limburg;384476.0;296732.0;Roermond;Noord- en Midden Limburg;3048.0;6096.0;1219.0;2438.0;Limburg;BU09570900;GM0957;6041;6041TL;BU09570900;GM0957;6041;6041TL;BU09570900;GM0957;6041;6041TL;False;False;False;51.219301851203575;5.988853715196876;WarmteAtlas:AquathermieRWZI;;;
335.0;0.0;RWZI Gennep;9000.0;9000.0;0.0;0.0;Waterschap Limburg;188.1;188.1;RWZI gegevens van watersector.nl, DWA dagdebiet is 24x uurdebiet. Indien geen DWA bekent, dan DWA = 0,3 x RWA;Waterschap Limburg;68656.0;52988.0;Gennep;Noord- en Midden Limburg;544.0;1088.0;218.0;435.0;Limburg;BU09070309;GM0907;6591;6591BK;BU09070309;GM0907;6591;6591BK;BU09070309;GM0907;6591;6591BK;False;False;False;51.70522077356002;5.9640321194189;WarmteAtlas:AquathermieRWZI;;;
336.0;0.0;RWZI Heugem;30600.0;30600.0;0.0;0.0;Waterschap Limburg;639.54;639.54;RWZI gegevens van watersector.nl, DWA dagdebiet is 24x uurdebiet. Indien geen DWA bekent, dan DWA = 0,3 x RWA;Waterschap Limburg;233432.0;180158.0;Maastricht;Zuid-Limburg;1850.0;3701.0;740.0;1480.0;Limburg;BU09350600;GM0935;6229;6229RB;BU09350600;GM0935;6229;6229RB;BU09350600;GM0935;6229;6229RB;False;False;False;50.816878060472995;5.715164833655925;WarmteAtlas:AquathermieRWZI;;;
337.0;0.0;RWZI Maastricht-Bosscherveld;21600.0;21600.0;0.0;0.0;Waterschap Limburg;451.44;451.44;RWZI gegevens van watersector.nl, DWA dagdebiet is 24x uurdebiet. Indien geen DWA bekent, dan DWA = 0,3 x RWA;Waterschap Limburg;164776.0;127171.0;Maastricht;Zuid-Limburg;1306.0;2612.0;522.0;1045.0;Limburg;BU09350303;GM0935;6219;6219NW;BU09350303;GM0935;6219;6219NW;BU09350303;GM0935;6219;6219NW;False;False;False;50.86433724786643;5.682505863156634;WarmteAtlas:AquathermieRWZI;;;
338.0;0.0;RWZI Maastricht-Limmel;29880.0;29880.0;0.0;0.0;Waterschap Limburg;624.492;624.492;RWZI gegevens van watersector.nl, DWA dagdebiet is 24x uurdebiet. Indien geen DWA bekent, dan DWA = 0,3 x RWA;Waterschap Limburg;227940.0;175919.0;Maastricht;Zuid-Limburg;1807.0;3614.0;723.0;1446.0;Limburg;BU09350404;GM0935;6222;6222NL;BU09350404;GM0935;6222;6222NL;BU09350404;GM0935;6222;6222NL;False;False;False;50.87230177796298;5.702757748248844;WarmteAtlas:AquathermieRWZI;;;
339.0;0.0;RWZI Rimburg;16128.0;16128.0;0.0;0.0;Waterschap Limburg;337.0752;337.0752;RWZI gegevens van watersector.nl, DWA dagdebiet is 24x uurdebiet. Indien geen DWA bekent, dan DWA = 0,3 x RWA;Waterschap Limburg;123032.0;94954.0;Landgraaf;Zuid-Limburg;975.0;1951.0;390.0;780.0;Limburg;BU08820207;GM0882;6374;6374LS;BU08820207;GM0882;6374;6374LS;BU08820207;GM0882;6374;6374LS;False;False;False;50.918906048580716;6.091112644427492;WarmteAtlas:AquathermieRWZI;;;
340.0;0.0;SVI Abdissenbosch;0.0;0.0;0.0;0.0;Waterschap Limburg;0.0;0.0;RWZI gegevens van watersector.nl, DWA dagdebiet is 24x uurdebiet. Indien geen DWA bekent, dan DWA = 0,3 x RWA;Waterschap Limburg;0.0;0.0;Landgraaf;Zuid-Limburg;0.0;0.0;0.0;0.0;Limburg;BU08820201;GM0882;6374;6374CH;BU08820201;GM0882;6374;6374CH;BU08820201;GM0882;6374;6374CH;False;False;False;50.92644457911304;6.031490585796321;WarmteAtlas:AquathermieRWZI;;;
341.0;0.0;RWZI Heel en Panheel;4500.0;4500.0;0.0;0.0;Waterschap Limburg;94.05;94.05;RWZI gegevens van watersector.nl, DWA dagdebiet is 24x uurdebiet. Indien geen DWA bekent, dan DWA = 0,3 x RWA;Waterschap Limburg;34328.0;26494.0;Maasgouw;Noord- en Midden Limburg;272.0;544.0;109.0;218.0;Limburg;BU16410501;GM1641;6097;6097NE;BU16410501;GM1641;6097;6097NE;BU16410501;GM1641;6097;6097NE;False;False;False;51.171691613479986;5.879072411301585;WarmteAtlas:AquathermieRWZI;;;
342.0;0.0;RWZI Venlo;54000.0;54000.0;0.0;0.0;Waterschap Limburg;1128.6;1128.6;RWZI gegevens van watersector.nl, DWA dagdebiet is 24x uurdebiet. Indien geen DWA bekent, dan DWA = 0,3 x RWA;Waterschap Limburg;411939.0;317927.0;Venlo;Noord- en Midden Limburg;3266.0;6531.0;1306.0;2612.0;Limburg;BU09832803;GM0983;5928;5928NM;BU09832803;GM0983;5928;5928NM;BU09832803;GM0983;5928;5928NM;False;False;False;51.38146326320548;6.158137876754387;WarmteAtlas:AquathermieRWZI;;;
343.0;0.0;RWZI Stein;5940.0;5940.0;0.0;0.0;Waterschap Limburg;124.146;124.146;RWZI gegevens van watersector.nl, DWA dagdebiet is 24x uurdebiet. Indien geen DWA bekent, dan DWA = 0,3 x RWA;Waterschap Limburg;45313.0;34972.0;Stein;Zuid-Limburg;359.0;718.0;144.0;287.0;Limburg;BU09710004;GM0971;6171;6171RN;BU09710004;GM0971;6171;6171RN;BU09710004;GM0971;6171;6171RN;False;False;False;50.97440621332368;5.7516780935499865;WarmteAtlas:AquathermieRWZI;;;
344.0;0.0;RWZI Venray;9900.0;9900.0;0.0;0.0;Waterschap Limburg;206.91;206.91;RWZI gegevens van watersector.nl, DWA dagdebiet is 24x uurdebiet. Indien geen DWA bekent, dan DWA = 0,3 x RWA;Waterschap Limburg;75522.0;58287.0;Venray;Noord- en Midden Limburg;599.0;1198.0;240.0;479.0;Limburg;BU09841801;GM0984;5804;5804CG;BU09841801;GM0984;5804;5804CG;BU09841801;GM0984;5804;5804CG;False;False;False;51.55102979479642;5.988616030606098;WarmteAtlas:AquathermieRWZI;;;
345.0;0.0;RWZI Weert;21600.0;21600.0;0.0;0.0;Waterschap Limburg;451.44;451.44;RWZI gegevens van watersector.nl, DWA dagdebiet is 24x uurdebiet. Indien geen DWA bekent, dan DWA = 0,3 x RWA;Waterschap Limburg;164776.0;127171.0;Weert;Noord- en Midden Limburg;1306.0;2612.0;522.0;1045.0;Limburg;BU09882402;GM0988;6001;6001AC;BU09882402;GM0988;6001;6001AC;BU09882402;GM0988;6001;6001AC;False;False;False;51.26651859901494;5.736564314807996;WarmteAtlas:AquathermieRWZI;;;
346.0;0.0;RWZI Kaffeberg;29160.0;29160.0;0.0;0.0;Waterschap Limburg;609.444;609.444;RWZI gegevens van watersector.nl, DWA dagdebiet is 24x uurdebiet. Indien geen DWA bekent, dan DWA = 0,3 x RWA;Waterschap Limburg;222447.0;171680.0;Kerkrade;Zuid-Limburg;1764.0;3527.0;705.0;1411.0;Limburg;BU09280009;GM0928;6468;6468XV;BU09280009;GM0928;6468;6468XV;BU09280009;GM0928;6468;6468XV;False;False;False;50.88319634478414;6.049361135248362;WarmteAtlas:AquathermieRWZI;;;
n.a.;n.a.;Rioolgemaal;n.a.;n.a.;n.a.;n.a.;n.a.;n.a.;n.a.;n.a.;n.a.;n.a.;n.a.;n.a.;n.a.;n.a.;n.a.;n.a.;n.a.;n.a.;BU06270204;GM0627;2742;2742KK;BU06270204;GM0627;2742;2742KK;BU06270204;GM0627;2742;2742KK;False;False;False;52.03229164118534;4.637560129461527;WarmteAtlas:AquathermieRWZI;;;
