PK_UID;type_leid0;jaar;diameter;materiaal;soort_lei0;effluent_z;effluent_w;Shape_Leng;wp_gj_z;wp_gj_w;ws;tp_z_jaar;tp_w_jaar;gemeente;res_regio;tp_w_nb;tp_z_nb;tp_w_bb;tp_z_bb;provincie;waterschap;buurtcode_2023;gemeentecode_2023;pc4_code_2023;pc6_code_2023;buurtcode_2024;gemeentecode_2024;pc4_code_2024;pc6_code_2024;buurtcode_2025;gemeentecode_2025;pc4_code_2025;pc6_code_2025;buurtcode_gewijzigd;gemeentecode_gewijzigd;pc4_gewijzigd;centroid_lat;centroid_lon;meta_source_layer;meta_source_wfs_url;meta_retrieved_at;meta_source_last_modified
1;onbekend;0;0;;Effluentleiding;20000;21000;3041.597255;418.0;418.0;Waterschap Aa en Maas;152570.0;117751.0;Cuijk;Noord-oost Brabant;1270;2480;508;992;Noord-Brabant;Waterschap Aa en Maas;BU19821203;GM1982;5435.0;5435XT;BU19821203;GM1982;5435.0;5435XT;BU19821203;GM1982;5435.0;5435XT;False;False;False;51.707471404937664;5.897037259520188;WarmteAtlas:AquathermieEffluent;https://www.warmteatlas.nl/geoserver/WarmteAtlas/wfs;2026-06-24T11:35:41;
10;3;0;0;;Effluentleiding;1902;1777;7.500044;39.7518;39.7518;Waterschap Brabantse Delta;14509.4;11198.1;Baarle-Nassau;West-Brabant;108;222;43;89;Noord-Brabant;Waterschap Brabantse Delta;BU07440107;GM0744;5111.0;5111TA;BU07440107;GM0744;5111.0;5111TA;BU07440107;GM0744;5111.0;5111TA;False;False;False;51.44881760153641;4.899261066536255;WarmteAtlas:AquathermieEffluent;https://www.warmteatlas.nl/geoserver/WarmteAtlas/wfs;2026-06-24T11:35:41;
11;1;0;0;;Effluentleiding;7672;8589;268.940791;160.345;160.345;Waterschap Brabantse Delta;58525.9;45169.2;Waalwijk;Hart van Brabant;520;984;208;393;Noord-Brabant;Waterschap Brabantse Delta;BU08670010;GM0867;5145.0;5145PJ;BU08670010;GM0867;5145.0;5145PJ;BU08670010;GM0867;5145.0;5145PJ;False;False;False;51.71394691245385;5.068929316398369;WarmteAtlas:AquathermieEffluent;https://www.warmteatlas.nl/geoserver/WarmteAtlas/wfs;2026-06-24T11:35:41;
12;1;0;0;;Effluentleiding;7672;8589;71.312526;160.345;160.345;Waterschap Brabantse Delta;58525.9;45169.2;Waalwijk;Hart van Brabant;520;984;208;393;Noord-Brabant;Waterschap Brabantse Delta;BU08670011;GM0867;5145.0;5145PX;BU08670011;GM0867;5145.0;5145PP;BU08670011;GM0867;5145.0;5145PP;False;False;False;51.71231971541466;5.071749966758476;WarmteAtlas:AquathermieEffluent;https://www.warmteatlas.nl/geoserver/WarmteAtlas/wfs;2026-06-24T11:35:41;
13;0;0;0;;Effluentleiding;1544;1684;148.967281;32.2696;32.2696;Waterschap Brabantse Delta;11778.4;9090.35;Waalwijk;Hart van Brabant;102;195;41;78;Noord-Brabant;Waterschap Brabantse Delta;BU08670202;GM0867;5165.0;5165NM;BU08670202;GM0867;5165.0;5165NM;BU08670202;GM0867;5165.0;5165NM;False;False;False;51.70573053998097;4.942458603655284;WarmteAtlas:AquathermieEffluent;https://www.warmteatlas.nl/geoserver/WarmteAtlas/wfs;2026-06-24T11:35:41;
14;0;0;0;;Effluentleiding;1544;1684;76.688505;32.2696;32.2696;Waterschap Brabantse Delta;11778.4;9090.35;Waalwijk;Hart van Brabant;102;195;41;78;Noord-Brabant;Waterschap Brabantse Delta;BU08670202;GM0867;5165.0;5165NM;BU08670202;GM0867;5165.0;5165NM;BU08670202;GM0867;5165.0;5165NM;False;False;False;51.70597297475656;4.942104635371569;WarmteAtlas:AquathermieEffluent;https://www.warmteatlas.nl/geoserver/WarmteAtlas/wfs;2026-06-24T11:35:41;
15;1;0;0;;Effluentleiding;7672;8589;104.269525;160.345;160.345;Waterschap Brabantse Delta;58525.9;45169.2;Waalwijk;Hart van Brabant;520;984;208;393;Noord-Brabant;Waterschap Brabantse Delta;BU08670010;GM0867;5145.0;5145PJ;BU08670010;GM0867;5145.0;5145PJ;BU08670010;GM0867;5145.0;5145PJ;False;False;False;51.712965990432394;5.071040156920384;WarmteAtlas:AquathermieEffluent;https://www.warmteatlas.nl/geoserver/WarmteAtlas/wfs;2026-06-24T11:35:41;
16;3;0;0;;Effluentleiding;15900;16100;172.000053;332.31;332.31;Waterschap Brabantse Delta;121293.0;93611.7;Oosterhout;West-Brabant;974;1935;390;774;Noord-Brabant;Waterschap Brabantse Delta;BU08261000;GM0826;4905.0;4905BP;BU08261000;GM0826;4905.0;4905BP;BU08261000;GM0826;4905.0;4905BP;False;False;False;51.675047359487486;4.848734981351056;WarmteAtlas:AquathermieEffluent;https://www.warmteatlas.nl/geoserver/WarmteAtlas/wfs;2026-06-24T11:35:41;
17;3;0;0;;Effluentleiding;699;925;50.62669;14.6091;14.6091;Waterschap Brabantse Delta;5332.32;4115.38;Woensdrecht;West-Brabant;56;98;22;39;Noord-Brabant;Waterschap Brabantse Delta;BU08730208;GM0873;4641.0;4641JM;BU08730208;GM0873;4641.0;4641JM;BU08730208;GM0873;4641.0;4641JM;False;False;False;51.389979062853556;4.3207038878251005;WarmteAtlas:AquathermieEffluent;https://www.warmteatlas.nl/geoserver/WarmteAtlas/wfs;2026-06-24T11:35:41;
18;3;0;0;;Effluentleiding;7240;8325;435.990544;151.316;151.316;Waterschap Brabantse Delta;55230.3;42625.7;Gilze en Rijen;Hart van Brabant;504;941;201;376;Noord-Brabant;Waterschap Brabantse Delta;BU07840113;GM0784;5121.0;5121PA;BU07840113;GM0784;5121.0;5121PA;BU07840113;GM0784;5121.0;5121PA;False;False;False;51.60502615665525;4.924862878261399;WarmteAtlas:AquathermieEffluent;https://www.warmteatlas.nl/geoserver/WarmteAtlas/wfs;2026-06-24T11:35:41;
19;1;0;0;;Effluentleiding;1072;1211;16.535008;22.4048;22.4048;Waterschap Brabantse Delta;8177.75;6311.43;Steenbergen;West-Brabant;73;138;29;55;Noord-Brabant;Waterschap Brabantse Delta;BU08510309;GM0851;n.a.;n.a.;BU08510309;GM0851;n.a.;n.a.;BU08510309;GM0851;n.a.;n.a.;False;False;False;51.6518676220303;4.35910662950789;WarmteAtlas:AquathermieEffluent;https://www.warmteatlas.nl/geoserver/WarmteAtlas/wfs;2026-06-24T11:35:41;
2;onbekend;0;0;;Effluentleiding;30000;32000;213.704464;627.0;627.0;Waterschap Aa en Maas;228855.0;176626.0;'s-Hertogenbosch;Noord-oost Brabant;1935;3750;774;1500;Noord-Brabant;Waterschap Aa en Maas;BU07961203;GM0796;5221.0;5221CD;BU07961203;GM0796;5221.0;5221CD;BU07961203;GM0796;5221.0;5221CD;False;False;False;51.722318272239036;5.276923559718274;WarmteAtlas:AquathermieEffluent;https://www.warmteatlas.nl/geoserver/WarmteAtlas/wfs;2026-06-24T11:35:41;
20;1;0;0;;Effluentleiding;1072;1211;5.484801;22.4048;22.4048;Waterschap Brabantse Delta;8177.75;6311.43;Steenbergen;West-Brabant;73;138;29;55;Noord-Brabant;Waterschap Brabantse Delta;BU08510309;GM0851;n.a.;n.a.;BU08510309;GM0851;n.a.;n.a.;BU08510309;GM0851;n.a.;n.a.;False;False;False;51.65178709132203;4.359199088326837;WarmteAtlas:AquathermieEffluent;https://www.warmteatlas.nl/geoserver/WarmteAtlas/wfs;2026-06-24T11:35:41;
21;1;0;0;;Effluentleiding;1072;1211;50.491384;22.4048;22.4048;Waterschap Brabantse Delta;8177.75;6311.43;Steenbergen;West-Brabant;73;138;29;55;Noord-Brabant;Waterschap Brabantse Delta;BU08510309;GM0851;4671.0;4671TH;BU08510309;GM0851;4671.0;4671TH;BU08510309;GM0851;4671.0;4671TH;False;False;False;51.65116429238234;4.360293743855582;WarmteAtlas:AquathermieEffluent;https://www.warmteatlas.nl/geoserver/WarmteAtlas/wfs;2026-06-24T11:35:41;
22;0;0;0;;Effluentleiding;365;494;18.513837;7.6285;7.6285;Waterschap Brabantse Delta;2784.4;2148.95;Steenbergen;West-Brabant;30;52;12;21;Noord-Brabant;Waterschap Brabantse Delta;BU08510409;GM0851;4681.0;4681SN;BU08510409;GM0851;4681.0;4681SN;BU08510409;GM0851;4681.0;4681SN;False;False;False;51.574024603733044;4.220607367083892;WarmteAtlas:AquathermieEffluent;https://www.warmteatlas.nl/geoserver/WarmteAtlas/wfs;2026-06-24T11:35:41;
23;1;0;0;;Effluentleiding;1072;1211;93.629359;22.4048;22.4048;Waterschap Brabantse Delta;8177.75;6311.43;Steenbergen;West-Brabant;73;138;29;55;Noord-Brabant;Waterschap Brabantse Delta;BU08510309;GM0851;4671.0;4671TH;BU08510309;GM0851;4671.0;4671TH;BU08510309;GM0851;4671.0;4671TH;False;False;False;51.65142228988827;4.359609807133276;WarmteAtlas:AquathermieEffluent;https://www.warmteatlas.nl/geoserver/WarmteAtlas/wfs;2026-06-24T11:35:41;
24;3;0;0;;Effluentleiding;6340;6475;30.086852;132.506;132.506;Waterschap Brabantse Delta;48364.7;37326.9;Loon op Zand;Hart van Brabant;392;775;157;310;Noord-Brabant;Waterschap Brabantse Delta;BU08091041;GM0809;5171.0;5171VH;BU08091041;GM0809;5171.0;5171VH;BU08091041;GM0809;5171.0;5171VH;False;False;False;51.656193599982295;4.997347867132652;WarmteAtlas:AquathermieEffluent;https://www.warmteatlas.nl/geoserver/WarmteAtlas/wfs;2026-06-24T11:35:41;
25;3;0;0;;Effluentleiding;6340;6475;15.499584;132.506;132.506;Waterschap Brabantse Delta;48364.7;37326.9;Loon op Zand;Hart van Brabant;392;775;157;310;Noord-Brabant;Waterschap Brabantse Delta;BU08091041;GM0809;5171.0;5171VH;BU08091041;GM0809;5171.0;5171VH;BU08091041;GM0809;5171.0;5171VH;False;False;False;51.65627821774966;4.997153181533607;WarmteAtlas:AquathermieEffluent;https://www.warmteatlas.nl/geoserver/WarmteAtlas/wfs;2026-06-24T11:35:41;
26;3;0;0;;Effluentleiding;1593;2075;103.673381;33.2937;33.2937;Waterschap Brabantse Delta;12152.2;9378.84;Bergen op Zoom;West-Brabant;126;222;50;89;Noord-Brabant;Waterschap Brabantse Delta;BU07480409;GM0748;4661.0;4661PB;BU07480409;GM0748;4661.0;4661PB;BU07480409;GM0748;4661.0;4661PB;False;False;False;51.52759672502845;4.255003609159882;WarmteAtlas:AquathermieEffluent;https://www.warmteatlas.nl/geoserver/WarmteAtlas/wfs;2026-06-24T11:35:41;
27;3;0;0;;Effluentleiding;1593;2075;143.11487;33.2937;33.2937;Waterschap Brabantse Delta;12152.2;9378.84;Bergen op Zoom;West-Brabant;126;222;50;89;Noord-Brabant;Waterschap Brabantse Delta;BU07480409;GM0748;4661.0;4661PB;BU07480409;GM0748;4661.0;4661PB;BU07480409;GM0748;4661.0;4661PB;False;False;False;51.52771936540973;4.253274529899665;WarmteAtlas:AquathermieEffluent;https://www.warmteatlas.nl/geoserver/WarmteAtlas/wfs;2026-06-24T11:35:41;
28;3;0;0;;Effluentleiding;1078;1041;181.108793;22.5302;22.5302;Waterschap Brabantse Delta;8223.52;6346.76;Goirle;Hart van Brabant;63;128;25;51;Noord-Brabant;Waterschap Brabantse Delta;BU07852331;GM0785;5133.0;5133AC;BU07852331;GM0785;5133.0;5133AC;BU07852331;GM0785;5133.0;5133AC;False;False;False;51.534643206257165;5.025150465531305;WarmteAtlas:AquathermieEffluent;https://www.warmteatlas.nl/geoserver/WarmteAtlas/wfs;2026-06-24T11:35:41;
29;Afvoerriool Oisterwijk-RWZI Haaren;0;0;;Effluentleiding;16407;16407;423.222035;342.906;342.906;Waterschap De Dommel;125161.0;96596.6;Oisterwijk;Hart van Brabant;992;1984;397;794;Noord-Brabant;Waterschap De Dommel;BU08242004;GM0824;5076.0;5076NA;BU08241701;GM0824;5076.0;5076NA;BU08241701;GM0824;5076.0;5076NA;True;False;False;51.58590404236689;5.2200919031455015;WarmteAtlas:AquathermieEffluent;https://www.warmteatlas.nl/geoserver/WarmteAtlas/wfs;2026-06-24T11:35:41;
3;onbekend;0;0;;Effluentleiding;30000;32000;128.011315;627.0;627.0;Waterschap Aa en Maas;228855.0;176626.0;'s-Hertogenbosch;Noord-oost Brabant;1935;3750;774;1500;Noord-Brabant;Waterschap Aa en Maas;BU07961203;GM0796;5221.0;5221CH;BU07961203;GM0796;5221.0;5221CH;BU07961203;GM0796;5221.0;5221CH;False;False;False;51.72250037304248;5.275093230866159;WarmteAtlas:AquathermieEffluent;https://www.warmteatlas.nl/geoserver/WarmteAtlas/wfs;2026-06-24T11:35:41;
30;Afvoerriool Oisterwijk-RWZI Haaren;0;0;;Effluentleiding;16407;16407;408.986985;342.906;342.906;Waterschap De Dommel;125161.0;96596.6;Oisterwijk;Hart van Brabant;992;1984;397;794;Noord-Brabant;Waterschap De Dommel;BU08242004;GM0824;5076.0;5076NA;BU08241701;GM0824;5076.0;5076NA;BU08241701;GM0824;5076.0;5076NA;True;False;False;51.58592749384443;5.220145676478812;WarmteAtlas:AquathermieEffluent;https://www.warmteatlas.nl/geoserver/WarmteAtlas/wfs;2026-06-24T11:35:41;
31;1e Afvoerleiding RWZI Haaren;0;0;;Effluentleiding;16407;16407;281.693102;342.906;342.906;Waterschap De Dommel;125161.0;96596.6;Haaren;Noord-oost Brabant;992;1984;397;794;Noord-Brabant;Waterschap De Dommel;BU08242004;GM0824;5076.0;5076NA;BU08241701;GM0824;5076.0;5076NA;BU08241701;GM0824;5076.0;5076NA;True;False;False;51.586402255992674;5.227103156190569;WarmteAtlas:AquathermieEffluent;https://www.warmteatlas.nl/geoserver/WarmteAtlas/wfs;2026-06-24T11:35:41;
32;2e Afvoerleiding RWZI Haaren;0;0;;Effluentleiding;16407;16407;223.597331;342.906;342.906;Waterschap De Dommel;125161.0;96596.6;Haaren;Noord-oost Brabant;992;1984;397;794;Noord-Brabant;Waterschap De Dommel;BU08242004;GM0824;5076.0;5076NA;BU08241701;GM0824;5076.0;5076NA;BU08241701;GM0824;5076.0;5076NA;True;False;False;51.58638325847364;5.2266894075330175;WarmteAtlas:AquathermieEffluent;https://www.warmteatlas.nl/geoserver/WarmteAtlas/wfs;2026-06-24T11:35:41;
33;H1280B.Eindhoven-stad.1;0;0;;Effluentleiding;117281;117281;97.320004;2451.17;2451.17;Waterschap De Dommel;894677.0;690495.0;Eindhoven;Metropoolregio Eindhoven;7092;14185;2837;5674;Noord-Brabant;Waterschap De Dommel;BU07723370;GM0772;5631.0;5631AG;BU07723370;GM0772;5631.0;5631AG;BU07723370;GM0772;5631.0;5631AG;False;False;False;51.459610774527206;5.502186731859048;WarmteAtlas:AquathermieEffluent;https://www.warmteatlas.nl/geoserver/WarmteAtlas/wfs;2026-06-24T11:35:41;
34;H1280AA.Dommel.1;0;0;;Effluentleiding;117281;117281;47.319719;2451.17;2451.17;Waterschap De Dommel;894677.0;690495.0;Eindhoven;Metropoolregio Eindhoven;7092;14185;2837;5674;Noord-Brabant;Waterschap De Dommel;BU07723370;GM0772;5631.0;5631AG;BU07723370;GM0772;5631.0;5631AG;BU07723370;GM0772;5631.0;5631AG;False;False;False;51.45941157039979;5.501728502740537;WarmteAtlas:AquathermieEffluent;https://www.warmteatlas.nl/geoserver/WarmteAtlas/wfs;2026-06-24T11:35:41;
35;Drukleiding (persleiding);1974;1000;Gewapend beton;Effluentleiding;14208;14208;133.131894;296.947;296.947;Waterschap Scheldestromen;108386.0;83650.0;Kapelle;Zeeland;859;1718;344;687;Zeeland;Waterschap Scheldestromen;BU06780009;GM0678;4421.0;4421RT;BU06780009;GM0678;4421.0;4421RT;BU06780009;GM0678;4421.0;4421RT;False;False;False;51.4495305983696;3.934107132331336;WarmteAtlas:AquathermieEffluent;https://www.warmteatlas.nl/geoserver/WarmteAtlas/wfs;2026-06-24T11:35:41;
36;Drukleiding (persleiding);1974;1000;Gewapend beton;Effluentleiding;14208;14208;198.989309;296.947;296.947;Waterschap Scheldestromen;108386.0;83650.0;Kapelle;Zeeland;859;1718;344;687;Zeeland;Waterschap Scheldestromen;BU06789998;GM0678;n.a.;n.a.;BU06789998;GM0678;n.a.;n.a.;BU06789998;GM0678;n.a.;n.a.;False;False;False;51.44837131795687;3.9356117151939087;WarmteAtlas:AquathermieEffluent;https://www.warmteatlas.nl/geoserver/WarmteAtlas/wfs;2026-06-24T11:35:41;
37;1;0;0;;Effluentleiding;60710;77230;2103.247659;1268.84;1268.84;Waterschap Brabantse Delta;463127.0;357432.0;Reimerswaal;Zeeland;4670;8342;1868;3337;Zeeland;Waterschap Brabantse Delta;BU07030409;GM0703;4411.0;4411SM;BU07030409;GM0703;4411.0;4411SM;BU07030409;GM0703;4411.0;4411SM;False;False;False;51.40913405485179;4.240406401145021;WarmteAtlas:AquathermieEffluent;https://www.warmteatlas.nl/geoserver/WarmteAtlas/wfs;2026-06-24T11:35:41;
38;1;0;0;;Effluentleiding;60710;77230;298.704384;1268.84;1268.84;Waterschap Brabantse Delta;463127.0;357432.0;Reimerswaal;Zeeland;4670;8342;1868;3337;Zeeland;Waterschap Brabantse Delta;BU07030409;GM0703;4411.0;4411SM;BU07030409;GM0703;4411.0;4411SM;BU07030409;GM0703;4411.0;4411SM;False;False;False;51.4182588211237;4.236429489585953;WarmteAtlas:AquathermieEffluent;https://www.warmteatlas.nl/geoserver/WarmteAtlas/wfs;2026-06-24T11:35:41;
39;1;0;0;;Effluentleiding;60710;77230;12590.781377;1268.84;1268.84;Waterschap Brabantse Delta;463127.0;357432.0;Reimerswaal;Zeeland;4670;8342;1868;3337;Zeeland;Waterschap Brabantse Delta;BU07030409;GM0703;4411.0;4411SH;BU07030409;GM0703;4411.0;4411SH;BU07030409;GM0703;4411.0;4411SH;False;False;False;51.41331589447336;4.148754971275665;WarmteAtlas:AquathermieEffluent;https://www.warmteatlas.nl/geoserver/WarmteAtlas/wfs;2026-06-24T11:35:41;
4;onbekend;0;0;;Effluentleiding;28000;33000;1177.950225;585.2;585.2;Waterschap Aa en Maas;213598.0;164851.0;Oss;Noord-oost Brabant;1996;3689;798;1476;Noord-Brabant;Waterschap Aa en Maas;BU08282009;GM0828;5394.0;5394LP;BU08282009;GM0828;5394.0;5394LP;BU08282009;GM0828;5394.0;5394LP;False;False;False;51.805098298652155;5.489617253233586;WarmteAtlas:AquathermieEffluent;https://www.warmteatlas.nl/geoserver/WarmteAtlas/wfs;2026-06-24T11:35:41;
40;Vrijvervalleiding;1994;1000;Beton;Effluentleiding;3848;3848;15.737586;80.4232;80.4232;Waterschap Scheldestromen;29354.5;22655.2;Terneuzen;Zeeland;233;466;93;186;Zeeland;Waterschap Scheldestromen;BU07152203;GM0715;4538.0;4538BJ;BU07152203;GM0715;4538.0;4538PE;BU07152203;GM0715;4538.0;4538PE;False;False;False;51.29178125301788;3.838067676691607;WarmteAtlas:AquathermieEffluent;https://www.warmteatlas.nl/geoserver/WarmteAtlas/wfs;2026-06-24T11:35:41;
41;Vrijvervalleiding;1994;1000;Beton;Effluentleiding;3848;3848;603.286179;80.4232;80.4232;Waterschap Scheldestromen;29354.5;22655.2;Terneuzen;Zeeland;233;466;93;186;Zeeland;Waterschap Scheldestromen;BU07152204;GM0715;4538.0;4538BJ;BU07152204;GM0715;4538.0;4538BJ;BU07152204;GM0715;4538.0;4538BJ;False;False;False;51.294152020602695;3.838239964366641;WarmteAtlas:AquathermieEffluent;https://www.warmteatlas.nl/geoserver/WarmteAtlas/wfs;2026-06-24T11:35:41;
42;Vrijvervalleiding;1994;1000;Beton;Effluentleiding;3848;3848;2.446959;80.4232;80.4232;Waterschap Scheldestromen;29354.5;22655.2;Terneuzen;Zeeland;233;466;93;186;Zeeland;Waterschap Scheldestromen;BU07152203;GM0715;4538.0;4538BJ;BU07152203;GM0715;4538.0;4538PE;BU07152203;GM0715;4538.0;4538PE;False;False;False;51.29185304803357;3.8380719988641827;WarmteAtlas:AquathermieEffluent;https://www.warmteatlas.nl/geoserver/WarmteAtlas/wfs;2026-06-24T11:35:41;
43;Vrijvervalleiding;1988;600;Asbestcement;Effluentleiding;1632;1632;222.507074;34.1088;34.1088;Waterschap Scheldestromen;12449.7;9608.45;Sluis;Zeeland;99;198;40;79;Zeeland;Waterschap Scheldestromen;BU17141108;GM1714;4513.0;4513KM;BU17141108;GM1714;4513.0;4513KM;BU17141108;GM1714;4513.0;4513KM;False;False;False;51.38474962205019;3.5976938030643426;WarmteAtlas:AquathermieEffluent;https://www.warmteatlas.nl/geoserver/WarmteAtlas/wfs;2026-06-24T11:35:41;
44;Vrijvervalleiding;1988;600;Asbestcement;Effluentleiding;1632;1632;164.164699;34.1088;34.1088;Waterschap Scheldestromen;12449.7;9608.45;Sluis;Zeeland;99;198;40;79;Zeeland;Waterschap Scheldestromen;BU17141009;GM1714;4511.0;4511PR;BU17141009;GM1714;4511.0;4511PR;BU17141009;GM1714;4511.0;4511PR;False;False;False;51.38556581709161;3.587650711114983;WarmteAtlas:AquathermieEffluent;https://www.warmteatlas.nl/geoserver/WarmteAtlas/wfs;2026-06-24T11:35:41;
45;Vrijvervalleiding;1988;600;Asbestcement;Effluentleiding;1632;1632;552.932154;34.1088;34.1088;Waterschap Scheldestromen;12449.7;9608.45;Sluis;Zeeland;99;198;40;79;Zeeland;Waterschap Scheldestromen;BU17141108;GM1714;4513.0;4513KM;BU17141108;GM1714;4513.0;4513KM;BU17141108;GM1714;4513.0;4513KM;False;False;False;51.38556159514724;3.5923147537102085;WarmteAtlas:AquathermieEffluent;https://www.warmteatlas.nl/geoserver/WarmteAtlas/wfs;2026-06-24T11:35:41;
46;overig;1975;298;Staal;Effluentleiding;0;0;10.000224;0.0;0.0;Waterschap Rivierenland;0.0;0.0;Heumen;Arnhem/Nijmegen;0;0;0;0;Gelderland;Waterschap Rivierenland;BU02520104;GM0252;6611.0;6611AM;BU02520104;GM0252;6611.0;6611AM;BU02520104;GM0252;6611.0;6611AM;False;False;False;51.75624641363918;5.801595535795084;WarmteAtlas:AquathermieEffluent;https://www.warmteatlas.nl/geoserver/WarmteAtlas/wfs;2026-06-24T11:35:41;
47;overig;1975;99999;Asbestcement;Effluentleiding;0;0;59.000032;0.0;0.0;Waterschap Rivierenland;0.0;0.0;Heumen;Arnhem/Nijmegen;0;0;0;0;Gelderland;Waterschap Rivierenland;BU02520104;GM0252;6611.0;6611AM;BU02520104;GM0252;6611.0;6611AM;BU02520104;GM0252;6611.0;6611AM;False;False;False;51.75653786416518;5.801424895040634;WarmteAtlas:AquathermieEffluent;https://www.warmteatlas.nl/geoserver/WarmteAtlas/wfs;2026-06-24T11:35:41;
48;overig;1975;99999;Asbestcement;Effluentleiding;910;910;90.706082;19.019;19.019;Waterschap Rivierenland;6941.93;5357.65;Heumen;Arnhem/Nijmegen;55;110;22;44;Gelderland;Waterschap Rivierenland;BU02520104;GM0252;6611.0;6611KW;BU02520104;GM0252;6611.0;6611KW;BU02520104;GM0252;6611.0;6611KW;False;False;False;51.75777603894624;5.800786870263271;WarmteAtlas:AquathermieEffluent;https://www.warmteatlas.nl/geoserver/WarmteAtlas/wfs;2026-06-24T11:35:41;
49;drukleiding (persleiding);1998;315;PE 80;Effluentleiding;0;0;82.863884;0.0;0.0;Waterschap Rivierenland;0.0;0.0;Heumen;Arnhem/Nijmegen;0;0;0;0;Gelderland;Waterschap Rivierenland;BU02520104;GM0252;6611.0;6611AM;BU02520104;GM0252;6611.0;6611AM;BU02520104;GM0252;6611.0;6611AM;False;False;False;51.75707922200848;5.8009229227633625;WarmteAtlas:AquathermieEffluent;https://www.warmteatlas.nl/geoserver/WarmteAtlas/wfs;2026-06-24T11:35:41;
5;3;0;0;;Effluentleiding;1152;881;104.700332;24.0768;24.0768;Waterschap Brabantse Delta;8788.03;6782.43;Alphen-Chaam;West-Brabant;53;123;21;49;Noord-Brabant;Waterschap Brabantse Delta;BU17230207;GM1723;4861.0;4861TA;BU17230207;GM1723;4861.0;4861TA;BU17230207;GM1723;4861.0;4861TA;False;False;False;51.512021609904224;4.851963635951225;WarmteAtlas:AquathermieEffluent;https://www.warmteatlas.nl/geoserver/WarmteAtlas/wfs;2026-06-24T11:35:41;
50;overig;1982;315;PVC;Effluentleiding;990;990;67.172245;20.691;20.691;Waterschap Rivierenland;7552.21;5828.65;Wijchen;Arnhem/Nijmegen;60;120;24;48;Gelderland;Waterschap Rivierenland;BU02960402;GM0296;6617.0;6617KE;BU02960402;GM0296;6617.0;6617KE;BU02960402;GM0296;6617.0;6617KE;False;False;False;51.84574590361272;5.643442000648427;WarmteAtlas:AquathermieEffluent;https://www.warmteatlas.nl/geoserver/WarmteAtlas/wfs;2026-06-24T11:35:41;
6;1;0;0;;Effluentleiding;901;1226;643.292255;18.8309;18.8309;Waterschap Brabantse Delta;6873.28;5304.66;Drimmelen;West-Brabant;74;129;30;52;Noord-Brabant;Waterschap Brabantse Delta;BU17190601;GM1719;4926.0;4926CZ;BU17190601;GM1719;4926.0;4926CZ;BU17190601;GM1719;4926.0;4926CZ;False;False;False;51.717270246827425;4.710747752751287;WarmteAtlas:AquathermieEffluent;https://www.warmteatlas.nl/geoserver/WarmteAtlas/wfs;2026-06-24T11:35:41;
7;1;0;0;;Effluentleiding;901;1226;83.36777;18.8309;18.8309;Waterschap Brabantse Delta;6873.28;5304.66;Drimmelen;West-Brabant;74;129;30;52;Noord-Brabant;Waterschap Brabantse Delta;BU17190601;GM1719;4926.0;4926CZ;BU17190601;GM1719;4926.0;4926CZ;BU17190601;GM1719;4926.0;4926CZ;False;False;False;51.717419011325816;4.706139264891805;WarmteAtlas:AquathermieEffluent;https://www.warmteatlas.nl/geoserver/WarmteAtlas/wfs;2026-06-24T11:35:41;
8;1;0;0;;Effluentleiding;49800;52600;583.0064;1040.82;1040.82;Waterschap Brabantse Delta;379899.0;293199.0;Drimmelen;West-Brabant;3181;6192;1272;2477;Noord-Brabant;Waterschap Brabantse Delta;BU17190601;GM1719;4926.0;4926CZ;BU17190601;GM1719;4926.0;4926CZ;BU17190601;GM1719;4926.0;4926CZ;False;False;False;51.71430437890513;4.6553568921297055;WarmteAtlas:AquathermieEffluent;https://www.warmteatlas.nl/geoserver/WarmteAtlas/wfs;2026-06-24T11:35:41;
9;3;0;0;;Effluentleiding;49800;52600;9888.980924;1040.82;1040.82;Waterschap Brabantse Delta;379899.0;293199.0;Drimmelen;West-Brabant;3181;6192;1272;2477;Noord-Brabant;Waterschap Brabantse Delta;BU17090100;GM1709;4765.0;4765DD;BU17090100;GM1709;4765.0;4765DD;BU17090100;GM1709;4765.0;4765DD;False;False;False;51.67089051268964;4.6828227160256235;WarmteAtlas:AquathermieEffluent;https://www.warmteatlas.nl/geoserver/WarmteAtlas/wfs;2026-06-24T11:35:41;
100;drukleiding (persleiding);1997;315;PVC;Effluentleiding;1480;1480;550.069607;30.932;30.932;Waterschap Rivierenland;11290.2;8713.54;Buren;Rivierenland (Fruitdelta);90;179;36;72;Gelderland;Waterschap Rivierenland;BU02140307;GM0214;4033.0;4033CS;BU02140307;GM0214;4033.0;4033CS;BU02140307;GM0214;4033.0;4033CS;False;False;False;51.96007172340943;5.534992872230596;WarmteAtlas:AquathermieEffluent;https://www.warmteatlas.nl/geoserver/WarmteAtlas/wfs;2026-06-24T11:35:41;
101;drukleiding (persleiding);1989;355;PVC;Effluentleiding;1880;1880;779.258419;39.292;39.292;Waterschap Rivierenland;14341.6;11068.6;Buren;Rivierenland (Fruitdelta);114;228;46;91;Gelderland;Waterschap Rivierenland;BU02140509;GM0214;4024.0;4024BP;BU02140509;GM0214;4024.0;4024BP;BU02140509;GM0214;4024.0;4024BP;False;False;False;51.9771266065051;5.45675131734276;WarmteAtlas:AquathermieEffluent;https://www.warmteatlas.nl/geoserver/WarmteAtlas/wfs;2026-06-24T11:35:41;
102;drukleiding (persleiding);0;99999;Asbestcement;Effluentleiding;1480;1480;606.462002;30.932;30.932;Waterschap Rivierenland;11290.2;8713.54;Buren;Rivierenland (Fruitdelta);90;179;36;72;Gelderland;Waterschap Rivierenland;BU02140307;GM0214;4033.0;4033CS;BU02140307;GM0214;4033.0;4033CS;BU02140307;GM0214;4033.0;4033CS;False;False;False;51.95985161989243;5.534811875909214;WarmteAtlas:AquathermieEffluent;https://www.warmteatlas.nl/geoserver/WarmteAtlas/wfs;2026-06-24T11:35:41;
103;drukleiding (persleiding);1989;355;PVC;Effluentleiding;1880;1880;172.582875;39.292;39.292;Waterschap Rivierenland;14341.6;11068.6;Buren;Rivierenland (Fruitdelta);114;228;46;91;Gelderland;Waterschap Rivierenland;BU02140509;GM0214;4024.0;4024BP;BU02140509;GM0214;4024.0;4024BP;BU02140509;GM0214;4024.0;4024BP;False;False;False;51.97362989640577;5.454302813437345;WarmteAtlas:AquathermieEffluent;https://www.warmteatlas.nl/geoserver/WarmteAtlas/wfs;2026-06-24T11:35:41;
104;drukleiding (persleiding);1997;315;PVC;Effluentleiding;1480;1480;33.548873;30.932;30.932;Waterschap Rivierenland;11290.2;8713.54;Buren;Rivierenland (Fruitdelta);90;179;36;72;Gelderland;Waterschap Rivierenland;BU02140307;GM0214;4033.0;4033CS;BU02140307;GM0214;4033.0;4033CS;BU02140307;GM0214;4033.0;4033CS;False;False;False;51.95750034177596;5.532711838800619;WarmteAtlas:AquathermieEffluent;https://www.warmteatlas.nl/geoserver/WarmteAtlas/wfs;2026-06-24T11:35:41;
105;drukleiding (persleiding);1989;355;PVC;Effluentleiding;1880;1880;17.998707;39.292;39.292;Waterschap Rivierenland;14341.6;11068.6;Buren;Rivierenland (Fruitdelta);114;228;46;91;Gelderland;Waterschap Rivierenland;BU02140509;GM0214;4024.0;4024BR;BU02140509;GM0214;4024.0;4024BR;BU02140509;GM0214;4024.0;4024BR;False;False;False;51.973735403623515;5.455359669837644;WarmteAtlas:AquathermieEffluent;https://www.warmteatlas.nl/geoserver/WarmteAtlas/wfs;2026-06-24T11:35:41;
106;drukleiding (persleiding);1997;315;HDPE;Effluentleiding;1480;1480;41.341808;30.932;30.932;Waterschap Rivierenland;11290.2;8713.54;Buren;Rivierenland (Fruitdelta);90;179;36;72;Gelderland;Waterschap Rivierenland;BU02140307;GM0214;4033.0;4033CS;BU02140307;GM0214;4033.0;4033CS;BU02140307;GM0214;4033.0;4033CS;False;False;False;51.95776485601144;5.532959736111297;WarmteAtlas:AquathermieEffluent;https://www.warmteatlas.nl/geoserver/WarmteAtlas/wfs;2026-06-24T11:35:41;
107;drukleiding (persleiding);1983;350;Gietijzer;Effluentleiding;1360;1360;139.495831;28.424;28.424;Waterschap Rivierenland;10374.8;8007.04;Berg en Dal;Arnhem/Nijmegen;82;164;33;66;Gelderland;Waterschap Rivierenland;BU19450901;GM1945;6566.0;6566CG;BU19450901;GM1945;6566.0;6566CG;BU19450901;GM1945;6566.0;6566CG;False;False;False;51.87129076551649;6.034979718382091;WarmteAtlas:AquathermieEffluent;https://www.warmteatlas.nl/geoserver/WarmteAtlas/wfs;2026-06-24T11:35:41;
108;drukleiding (persleiding);1983;400;HDPE;Effluentleiding;1360;1360;116.879945;28.424;28.424;Waterschap Rivierenland;10374.8;8007.04;Berg en Dal;Arnhem/Nijmegen;82;164;33;66;Gelderland;Waterschap Rivierenland;BU19450901;GM1945;6566.0;6566CG;BU19450901;GM1945;6566.0;6566CG;BU19450901;GM1945;6566.0;6566CG;False;False;False;51.87028977448603;6.03420048507968;WarmteAtlas:AquathermieEffluent;https://www.warmteatlas.nl/geoserver/WarmteAtlas/wfs;2026-06-24T11:35:41;
109;drukleiding (persleiding);0;99999;Asbestcement;Effluentleiding;1360;1360;161.763186;28.424;28.424;Waterschap Rivierenland;10374.8;8007.04;Berg en Dal;Arnhem/Nijmegen;82;164;33;66;Gelderland;Waterschap Rivierenland;BU19450901;GM1945;6566.0;6566CJ;BU19450901;GM1945;6566.0;6566CJ;BU19450901;GM1945;6566.0;6566CJ;False;False;False;51.86905843983277;6.034241275621335;WarmteAtlas:AquathermieEffluent;https://www.warmteatlas.nl/geoserver/WarmteAtlas/wfs;2026-06-24T11:35:41;
110;drukleiding (persleiding);1983;400;Gietijzer;Effluentleiding;1360;1360;1.999638;28.424;28.424;Waterschap Rivierenland;10374.8;8007.04;Berg en Dal;Arnhem/Nijmegen;82;164;33;66;Gelderland;Waterschap Rivierenland;BU19450901;GM1945;6566.0;6566CJ;BU19450901;GM1945;6566.0;6566CJ;BU19450901;GM1945;6566.0;6566CJ;False;False;False;51.86978399159781;6.034049179980804;WarmteAtlas:AquathermieEffluent;https://www.warmteatlas.nl/geoserver/WarmteAtlas/wfs;2026-06-24T11:35:41;
111;drukleiding (persleiding);1997;400;PVC;Effluentleiding;1360;1360;458.027668;28.424;28.424;Waterschap Rivierenland;10374.8;8007.04;Berg en Dal;Arnhem/Nijmegen;82;164;33;66;Gelderland;Waterschap Rivierenland;BU19450902;GM1945;6566.0;6566CK;BU19450902;GM1945;6566.0;6566CK;BU19450902;GM1945;6566.0;6566CK;False;False;False;51.86820250918762;6.033482503896047;WarmteAtlas:AquathermieEffluent;https://www.warmteatlas.nl/geoserver/WarmteAtlas/wfs;2026-06-24T11:35:41;
112;drukleiding (persleiding);1997;400;PVC;Effluentleiding;1360;1360;706.344647;28.424;28.424;Waterschap Rivierenland;10374.8;8007.04;Berg en Dal;Arnhem/Nijmegen;82;164;33;66;Gelderland;Waterschap Rivierenland;BU19450901;GM1945;6566.0;6566EK;BU19450901;GM1945;6566.0;6566EK;BU19450901;GM1945;6566.0;6566EK;False;False;False;51.86645575891271;6.0262735821923705;WarmteAtlas:AquathermieEffluent;https://www.warmteatlas.nl/geoserver/WarmteAtlas/wfs;2026-06-24T11:35:41;
113;overig;1976;99999;Asbestcement;Effluentleiding;3880;3880;21.000029;81.092;81.092;Waterschap Rivierenland;29598.6;22843.6;Berg en Dal;Arnhem/Nijmegen;235;469;94;188;Gelderland;Waterschap Rivierenland;BU19450201;GM1945;6562.0;6562KK;BU19450201;GM1945;6562.0;6562KK;BU19450201;GM1945;6562.0;6562KK;False;False;False;51.759386041386506;5.955523991500489;WarmteAtlas:AquathermieEffluent;https://www.warmteatlas.nl/geoserver/WarmteAtlas/wfs;2026-06-24T11:35:41;
114;drukleiding (persleiding);1997;400;PVC;Effluentleiding;1360;1360;11.998855;28.424;28.424;Waterschap Rivierenland;10374.8;8007.04;Berg en Dal;Arnhem/Nijmegen;82;164;33;66;Gelderland;Waterschap Rivierenland;BU19450902;GM1945;6566.0;6566EK;BU19450902;GM1945;6566.0;6566EK;BU19450902;GM1945;6566.0;6566EK;False;False;False;51.867472520978104;6.031080760826609;WarmteAtlas:AquathermieEffluent;https://www.warmteatlas.nl/geoserver/WarmteAtlas/wfs;2026-06-24T11:35:41;
115;overig;1990;406;Staal;Effluentleiding;2220;2220;17.999702;46.398;46.398;Waterschap Rivierenland;16935.3;13070.3;Neerijnen;Rivierenland (Fruitdelta);134;268;54;107;Gelderland;Waterschap Rivierenland;BU19600509;GM1960;4175.0;4175LS;BU19600509;GM1960;4175.0;4175LS;BU19600509;GM1960;4175.0;4175LS;False;False;False;51.814970126976895;5.232020042446788;WarmteAtlas:AquathermieEffluent;https://www.warmteatlas.nl/geoserver/WarmteAtlas/wfs;2026-06-24T11:35:41;
116;overig;1990;400;PVC;Effluentleiding;2220;2220;811.994512;46.398;46.398;Waterschap Rivierenland;16935.3;13070.3;Neerijnen;Rivierenland (Fruitdelta);134;268;54;107;Gelderland;Waterschap Rivierenland;BU19600509;GM1960;4175.0;4175LS;BU19600509;GM1960;4175.0;4175LS;BU19600509;GM1960;4175.0;4175LS;False;False;False;51.818214893568076;5.229522835728621;WarmteAtlas:AquathermieEffluent;https://www.warmteatlas.nl/geoserver/WarmteAtlas/wfs;2026-06-24T11:35:41;
117;overig;1990;406;Staal;Effluentleiding;2220;2220;52.795097;46.398;46.398;Waterschap Rivierenland;16935.3;13070.3;Neerijnen;Rivierenland (Fruitdelta);134;268;54;107;Gelderland;Waterschap Rivierenland;BU19600509;GM1960;4175.0;4175AB;BU19600509;GM1960;4175.0;4175AB;BU19600509;GM1960;4175.0;4175AB;False;False;False;51.82061230194993;5.225601952830512;WarmteAtlas:AquathermieEffluent;https://www.warmteatlas.nl/geoserver/WarmteAtlas/wfs;2026-06-24T11:35:41;
118;overig;1990;400;PVC;Effluentleiding;2220;2220;294.372642;46.398;46.398;Waterschap Rivierenland;16935.3;13070.3;Neerijnen;Rivierenland (Fruitdelta);134;268;54;107;Gelderland;Waterschap Rivierenland;BU19600509;GM1960;4175.0;4175AB;BU19600509;GM1960;4175.0;4175AB;BU19600509;GM1960;4175.0;4175AB;False;False;False;51.82184969225029;5.224246511585109;WarmteAtlas:AquathermieEffluent;https://www.warmteatlas.nl/geoserver/WarmteAtlas/wfs;2026-06-24T11:35:41;
119;overig;1990;400;PVC;Effluentleiding;2220;2220;37.982476;46.398;46.398;Waterschap Rivierenland;16935.3;13070.3;Neerijnen;Rivierenland (Fruitdelta);134;268;54;107;Gelderland;Waterschap Rivierenland;BU19600509;GM1960;4175.0;4175LG;BU19600509;GM1960;4175.0;4175LG;BU19600509;GM1960;4175.0;4175LG;False;False;False;51.82292579982362;5.223239763132171;WarmteAtlas:AquathermieEffluent;https://www.warmteatlas.nl/geoserver/WarmteAtlas/wfs;2026-06-24T11:35:41;
120;overig;1990;400;HDPE;Effluentleiding;2220;2220;23.167851;46.398;46.398;Waterschap Rivierenland;16935.3;13070.3;Neerijnen;Rivierenland (Fruitdelta);134;268;54;107;Gelderland;Waterschap Rivierenland;BU19600509;GM1960;4175.0;4175LG;BU19600509;GM1960;4175.0;4175LG;BU19600509;GM1960;4175.0;4175LG;False;False;False;51.82287842458988;5.2228907977754915;WarmteAtlas:AquathermieEffluent;https://www.warmteatlas.nl/geoserver/WarmteAtlas/wfs;2026-06-24T11:35:41;
121;overig;1985;99999;Asbestcement;Effluentleiding;2370;2370;94.915504;49.533;49.533;Waterschap Rivierenland;18079.5;13953.4;Zaltbommel;Rivierenland (Fruitdelta);143;287;57;115;Gelderland;Waterschap Rivierenland;BU02970109;GM0297;5305.0;5305VJ;BU02970109;GM0297;5305.0;5305VJ;BU02970109;GM0297;5305.0;5305VJ;False;False;False;51.80615776127546;5.129628794197629;WarmteAtlas:AquathermieEffluent;https://www.warmteatlas.nl/geoserver/WarmteAtlas/wfs;2026-06-24T11:35:41;
122;overig;1985;99999;Asbestcement;Effluentleiding;2370;2370;197.506309;49.533;49.533;Waterschap Rivierenland;18079.5;13953.4;Zaltbommel;Rivierenland (Fruitdelta);143;287;57;115;Gelderland;Waterschap Rivierenland;BU02970109;GM0297;5305.0;5305VJ;BU02970109;GM0297;5305.0;5305VJ;BU02970109;GM0297;5305.0;5305VJ;False;False;False;51.805008265321916;5.128601623248987;WarmteAtlas:AquathermieEffluent;https://www.warmteatlas.nl/geoserver/WarmteAtlas/wfs;2026-06-24T11:35:41;
123;overig;1985;99999;Asbestcement;Effluentleiding;2370;2370;34.00135;49.533;49.533;Waterschap Rivierenland;18079.5;13953.4;Zaltbommel;Rivierenland (Fruitdelta);143;287;57;115;Gelderland;Waterschap Rivierenland;BU02970109;GM0297;5305.0;5305VJ;BU02970109;GM0297;5305.0;5305VJ;BU02970109;GM0297;5305.0;5305VJ;False;False;False;51.804097654908794;5.1277897889095385;WarmteAtlas:AquathermieEffluent;https://www.warmteatlas.nl/geoserver/WarmteAtlas/wfs;2026-06-24T11:35:41;
124;overig;1985;99999;Asbestcement;Effluentleiding;2370;2370;287.894571;49.533;49.533;Waterschap Rivierenland;18079.5;13953.4;Zaltbommel;Rivierenland (Fruitdelta);143;287;57;115;Gelderland;Waterschap Rivierenland;BU02970109;GM0297;5305.0;5305VJ;BU02970109;GM0297;5305.0;5305VJ;BU02970109;GM0297;5305.0;5305VJ;False;False;False;51.80283274868398;5.12665774049074;WarmteAtlas:AquathermieEffluent;https://www.warmteatlas.nl/geoserver/WarmteAtlas/wfs;2026-06-24T11:35:41;
125;overig;1985;99999;Asbestcement;Effluentleiding;2370;2370;62.773871;49.533;49.533;Waterschap Rivierenland;18079.5;13953.4;Zaltbommel;Rivierenland (Fruitdelta);143;287;57;115;Gelderland;Waterschap Rivierenland;BU02970109;GM0297;5305.0;5305VJ;BU02970109;GM0297;5305.0;5305VJ;BU02970109;GM0297;5305.0;5305VJ;False;False;False;51.801438663527534;5.125668299669123;WarmteAtlas:AquathermieEffluent;https://www.warmteatlas.nl/geoserver/WarmteAtlas/wfs;2026-06-24T11:35:41;
126;overig;1985;99999;Asbestcement;Effluentleiding;2370;2370;115.407316;49.533;49.533;Waterschap Rivierenland;18079.5;13953.4;Zaltbommel;Rivierenland (Fruitdelta);143;287;57;115;Gelderland;Waterschap Rivierenland;BU02970105;GM0297;5305.0;5305VJ;BU02970105;GM0297;5305.0;5305VJ;BU02970105;GM0297;5305.0;5305VJ;False;False;False;51.80121470833191;5.126715288241875;WarmteAtlas:AquathermieEffluent;https://www.warmteatlas.nl/geoserver/WarmteAtlas/wfs;2026-06-24T11:35:41;
127;overig;1994;1048;Gietijzer;Effluentleiding;12230;12230;16.771266;255.607;255.607;Waterschap Rivierenland;93296.6;72004.5;Zaltbommel;Rivierenland (Fruitdelta);740;1479;296;592;Gelderland;Waterschap Rivierenland;BU02970008;GM0297;5301.0;5301KC;BU02970008;GM0297;5301.0;5301KC;BU02970008;GM0297;5301.0;5301KC;False;False;False;51.81768284900263;5.265787750917484;WarmteAtlas:AquathermieEffluent;https://www.warmteatlas.nl/geoserver/WarmteAtlas/wfs;2026-06-24T11:35:41;
128;overig;1985;99999;Asbestcement;Effluentleiding;2370;2370;41.626028;49.533;49.533;Waterschap Rivierenland;18079.5;13953.4;Zaltbommel;Rivierenland (Fruitdelta);143;287;57;115;Gelderland;Waterschap Rivierenland;BU02970105;GM0297;5305.0;5305TJ;BU02970105;GM0297;5305.0;5305TJ;BU02970105;GM0297;5305.0;5305TJ;False;False;False;51.80100809604868;5.127671277522504;WarmteAtlas:AquathermieEffluent;https://www.warmteatlas.nl/geoserver/WarmteAtlas/wfs;2026-06-24T11:35:41;
129;overig;1985;99999;Asbestcement;Effluentleiding;2370;2370;290.438385;49.533;49.533;Waterschap Rivierenland;18079.5;13953.4;Zaltbommel;Rivierenland (Fruitdelta);143;287;57;115;Gelderland;Waterschap Rivierenland;BU02970105;GM0297;5305.0;5305TJ;BU02970105;GM0297;5305.0;5305TJ;BU02970105;GM0297;5305.0;5305TJ;False;False;False;51.79952758509572;5.12756593587899;WarmteAtlas:AquathermieEffluent;https://www.warmteatlas.nl/geoserver/WarmteAtlas/wfs;2026-06-24T11:35:41;
130;overig;1994;1048;Gietijzer;Effluentleiding;12230;12230;109.171499;255.607;255.607;Waterschap Rivierenland;93296.6;72004.5;Zaltbommel;Rivierenland (Fruitdelta);740;1479;296;592;Gelderland;Waterschap Rivierenland;BU02970008;GM0297;5301.0;5301KC;BU02970008;GM0297;5301.0;5301KC;BU02970008;GM0297;5301.0;5301KC;False;False;False;51.8171298710925;5.265843313262774;WarmteAtlas:AquathermieEffluent;https://www.warmteatlas.nl/geoserver/WarmteAtlas/wfs;2026-06-24T11:35:41;
131;overig;1994;1048;Gietijzer;Effluentleiding;12230;12230;54.003625;255.607;255.607;Waterschap Rivierenland;93296.6;72004.5;Zaltbommel;Rivierenland (Fruitdelta);740;1479;296;592;Gelderland;Waterschap Rivierenland;BU02970008;GM0297;5301.0;5301KN;BU02970008;GM0297;5301.0;5301KN;BU02970008;GM0297;5301.0;5301KN;False;False;False;51.8161314451652;5.266591932036262;WarmteAtlas:AquathermieEffluent;https://www.warmteatlas.nl/geoserver/WarmteAtlas/wfs;2026-06-24T11:35:41;
132;overig;1985;99999;Asbestcement;Effluentleiding;2370;2370;36.255187;49.533;49.533;Waterschap Rivierenland;18079.5;13953.4;Zaltbommel;Rivierenland (Fruitdelta);143;287;57;115;Gelderland;Waterschap Rivierenland;BU02970105;GM0297;5305.0;5305TJ;BU02970105;GM0297;5305.0;5305TJ;BU02970105;GM0297;5305.0;5305TJ;False;False;False;51.79765814504888;5.126777414952831;WarmteAtlas:AquathermieEffluent;https://www.warmteatlas.nl/geoserver/WarmteAtlas/wfs;2026-06-24T11:35:41;
133;overig;1985;99999;Asbestcement;Effluentleiding;2370;2370;67.196214;49.533;49.533;Waterschap Rivierenland;18079.5;13953.4;Zaltbommel;Rivierenland (Fruitdelta);143;287;57;115;Gelderland;Waterschap Rivierenland;BU02970105;GM0297;5305.0;5305TJ;BU02970105;GM0297;5305.0;5305TJ;BU02970105;GM0297;5305.0;5305TJ;False;False;False;51.79796845994531;5.127272132168303;WarmteAtlas:AquathermieEffluent;https://www.warmteatlas.nl/geoserver/WarmteAtlas/wfs;2026-06-24T11:35:41;
134;overig;1994;1048;Gietijzer;Effluentleiding;12230;12230;46.259374;255.607;255.607;Waterschap Rivierenland;93296.6;72004.5;Zaltbommel;Rivierenland (Fruitdelta);740;1479;296;592;Gelderland;Waterschap Rivierenland;BU02970008;GM0297;5301.0;5301KC;BU02970008;GM0297;5301.0;5301KC;BU02970008;GM0297;5301.0;5301KC;False;False;False;51.81652053550664;5.266302957801664;WarmteAtlas:AquathermieEffluent;https://www.warmteatlas.nl/geoserver/WarmteAtlas/wfs;2026-06-24T11:35:41;
135;drukleiding (persleiding);1970;99999;Asbestcement;Effluentleiding;8360;8360;149.920257;174.724;174.724;Waterschap Rivierenland;63774.3;49219.8;Culemborg;Rivierenland (Fruitdelta);506;1011;202;404;Gelderland;Waterschap Rivierenland;BU02160008;GM0216;4101.0;4101AM;BU02160008;GM0216;4101.0;4101AM;BU02160008;GM0216;4101.0;4101AM;False;False;False;51.959976604462746;5.215324179799524;WarmteAtlas:AquathermieEffluent;https://www.warmteatlas.nl/geoserver/WarmteAtlas/wfs;2026-06-24T11:35:41;
136;drukleiding (persleiding);1970;99999;Asbestcement;Effluentleiding;8360;8360;269.096153;174.724;174.724;Waterschap Rivierenland;63774.3;49219.8;Culemborg;Rivierenland (Fruitdelta);506;1011;202;404;Gelderland;Waterschap Rivierenland;BU02160008;GM0216;4101.0;4101AM;BU02160008;GM0216;4101.0;4101AM;BU02160008;GM0216;4101.0;4101AM;False;False;False;51.95827586307493;5.216425605268708;WarmteAtlas:AquathermieEffluent;https://www.warmteatlas.nl/geoserver/WarmteAtlas/wfs;2026-06-24T11:35:41;
137;drukleiding (persleiding);2000;842;Gietijzer;Effluentleiding;8360;8360;124.78337;174.724;174.724;Waterschap Rivierenland;63774.3;49219.8;Culemborg;Rivierenland (Fruitdelta);506;1011;202;404;Gelderland;Waterschap Rivierenland;BU02160008;GM0216;4101.0;4101AP;BU02160008;GM0216;4101.0;4101AP;BU02160008;GM0216;4101.0;4101AP;False;False;False;51.95671987429823;5.21776178290383;WarmteAtlas:AquathermieEffluent;https://www.warmteatlas.nl/geoserver/WarmteAtlas/wfs;2026-06-24T11:35:41;
138;drukleiding (persleiding);1970;99999;Asbestcement;Effluentleiding;8360;8360;475.566467;174.724;174.724;Waterschap Rivierenland;63774.3;49219.8;Culemborg;Rivierenland (Fruitdelta);506;1011;202;404;Gelderland;Waterschap Rivierenland;BU02160008;GM0216;4101.0;4101ZX;BU02160008;GM0216;4101.0;4101ZX;BU02160008;GM0216;4101.0;4101ZX;False;False;False;51.95440565400119;5.220004496660289;WarmteAtlas:AquathermieEffluent;https://www.warmteatlas.nl/geoserver/WarmteAtlas/wfs;2026-06-24T11:35:41;
139;drukleiding (persleiding);1970;99999;"Beton; plaatstalen kern";Effluentleiding;8360;8360;52.170508;174.724;174.724;Waterschap Rivierenland;63774.3;49219.8;Culemborg;Rivierenland (Fruitdelta);506;1011;202;404;Gelderland;Waterschap Rivierenland;BU02160008;GM0216;4101.0;4101XL;BU02160008;GM0216;4101.0;4101XL;BU02160008;GM0216;4101.0;4101XL;False;False;False;51.952408999781724;5.222073811094225;WarmteAtlas:AquathermieEffluent;https://www.warmteatlas.nl/geoserver/WarmteAtlas/wfs;2026-06-24T11:35:41;
140;drukleiding (persleiding);1970;99999;Asbestcement;Effluentleiding;8360;8360;323.044514;174.724;174.724;Waterschap Rivierenland;63774.3;49219.8;Culemborg;Rivierenland (Fruitdelta);506;1011;202;404;Gelderland;Waterschap Rivierenland;BU02160008;GM0216;4101.0;4101XL;BU02160008;GM0216;4101.0;4101XL;BU02160008;GM0216;4101.0;4101XL;False;False;False;51.95095942607223;5.2234594880288245;WarmteAtlas:AquathermieEffluent;https://www.warmteatlas.nl/geoserver/WarmteAtlas/wfs;2026-06-24T11:35:41;
141;drukleiding (persleiding);1970;99999;Asbestcement;Effluentleiding;8360;8360;69.906863;174.724;174.724;Waterschap Rivierenland;63774.3;49219.8;Culemborg;Rivierenland (Fruitdelta);506;1011;202;404;Gelderland;Waterschap Rivierenland;BU02160009;GM0216;4103.0;4103NC;BU02160009;GM0216;4103.0;4103NC;BU02160009;GM0216;4103.0;4103NC;False;False;False;51.949626975008655;5.225205547851286;WarmteAtlas:AquathermieEffluent;https://www.warmteatlas.nl/geoserver/WarmteAtlas/wfs;2026-06-24T11:35:41;
142;drukleiding (persleiding);1970;99999;Asbestcement;Effluentleiding;8360;8360;510.308057;174.724;174.724;Waterschap Rivierenland;63774.3;49219.8;Culemborg;Rivierenland (Fruitdelta);506;1011;202;404;Gelderland;Waterschap Rivierenland;BU02160009;GM0216;4101.0;4101NX;BU02160009;GM0216;4101.0;4101NX;BU02160009;GM0216;4101.0;4101NX;False;False;False;51.94738613565614;5.22733855335948;WarmteAtlas:AquathermieEffluent;https://www.warmteatlas.nl/geoserver/WarmteAtlas/wfs;2026-06-24T11:35:41;
143;drukleiding (persleiding);1970;99999;Asbestcement;Effluentleiding;8360;8360;928.059833;174.724;174.724;Waterschap Rivierenland;63774.3;49219.8;Culemborg;Rivierenland (Fruitdelta);506;1011;202;404;Gelderland;Waterschap Rivierenland;BU02160108;GM0216;4103.0;4103ND;BU02160108;GM0216;4103.0;4103ND;BU02160108;GM0216;4103.0;4103ND;False;False;False;51.94172750436953;5.232481381362176;WarmteAtlas:AquathermieEffluent;https://www.warmteatlas.nl/geoserver/WarmteAtlas/wfs;2026-06-24T11:35:41;
144;drukleiding (persleiding);1970;99999;Asbestcement;Effluentleiding;8360;8360;11.354868;174.724;174.724;Waterschap Rivierenland;63774.3;49219.8;Culemborg;Rivierenland (Fruitdelta);506;1011;202;404;Gelderland;Waterschap Rivierenland;BU02160009;GM0216;4101.0;4101NX;BU02160009;GM0216;4101.0;4101NX;BU02160009;GM0216;4101.0;4101NX;False;False;False;51.94528833225335;5.22894472247588;WarmteAtlas:AquathermieEffluent;https://www.warmteatlas.nl/geoserver/WarmteAtlas/wfs;2026-06-24T11:35:41;
145;overig;1988;711;Staal;Effluentleiding;4170;4170;180.094838;87.153;87.153;Waterschap Rivierenland;31810.8;24551.0;Lingewaard;Arnhem/Nijmegen;252;504;101;202;Gelderland;Waterschap Rivierenland;BU17050105;GM1705;6691.0;6691ME;BU17050105;GM1705;6691.0;6691ME;BU17050105;GM1705;6691.0;6691ME;False;False;False;51.87085272447977;5.9427364244866485;WarmteAtlas:AquathermieEffluent;https://www.warmteatlas.nl/geoserver/WarmteAtlas/wfs;2026-06-24T11:35:41;
146;drukleiding (persleiding);1988;711;Staal;Effluentleiding;4170;4170;102.799651;87.153;87.153;Waterschap Rivierenland;31810.8;24551.0;Lingewaard;Arnhem/Nijmegen;252;504;101;202;Gelderland;Waterschap Rivierenland;BU17050105;GM1705;6691.0;6691MN;BU17050105;GM1705;6691.0;6691MN;BU17050105;GM1705;6691.0;6691MN;False;False;False;51.87166149068305;5.944949380509917;WarmteAtlas:AquathermieEffluent;https://www.warmteatlas.nl/geoserver/WarmteAtlas/wfs;2026-06-24T11:35:41;
147;drukleiding (persleiding);1988;711;Staal;Effluentleiding;4170;4170;54.028046;87.153;87.153;Waterschap Rivierenland;31810.8;24551.0;Lingewaard;Arnhem/Nijmegen;252;504;101;202;Gelderland;Waterschap Rivierenland;BU17050105;GM1705;6691.0;6691ME;BU17050105;GM1705;6691.0;6691ME;BU17050105;GM1705;6691.0;6691ME;False;False;False;51.87116828908487;5.94428555503779;WarmteAtlas:AquathermieEffluent;https://www.warmteatlas.nl/geoserver/WarmteAtlas/wfs;2026-06-24T11:35:41;
148;overig;1981;99999;"Beton; gewapend";Effluentleiding;16630;16630;119.774144;347.567;347.567;Waterschap Rivierenland;126862.0;97909.6;Tiel;Rivierenland (Fruitdelta);1006;2012;402;805;Gelderland;Waterschap Rivierenland;BU02810109;GM0281;4004.0;4004JV;BU02810109;GM0281;4004.0;4004JV;BU02810109;GM0281;4004.0;4004JV;False;False;False;51.91802590278408;5.43407829257881;WarmteAtlas:AquathermieEffluent;https://www.warmteatlas.nl/geoserver/WarmteAtlas/wfs;2026-06-24T11:35:41;
149;overig;1981;99999;"Beton; plaatstalen kern";Effluentleiding;16630;16630;9.999617;347.567;347.567;Waterschap Rivierenland;126862.0;97909.6;Tiel;Rivierenland (Fruitdelta);1006;2012;402;805;Gelderland;Waterschap Rivierenland;BU02810109;GM0281;4004.0;4004JJ;BU02810109;GM0281;4004.0;4004JJ;BU02810109;GM0281;4004.0;4004JJ;False;False;False;51.918288365406724;5.434806616595584;WarmteAtlas:AquathermieEffluent;https://www.warmteatlas.nl/geoserver/WarmteAtlas/wfs;2026-06-24T11:35:41;
150;drukleiding (persleiding);1996;1048;Gietijzer;Effluentleiding;5900;5900;320.833452;123.31;123.31;Waterschap Rivierenland;45008.1;34736.4;Vianen;U10/U16;357;714;143;285;Utrecht;Waterschap Rivierenland;BU19612301;GM1961;4131.0;4131KA;BU19612301;GM1961;4131.0;4131KA;BU19612301;GM1961;4131.0;4131KA;False;False;False;52.00046898441256;5.097554208319136;WarmteAtlas:AquathermieEffluent;https://www.warmteatlas.nl/geoserver/WarmteAtlas/wfs;2026-06-24T11:35:41;
51;overig;1995;315;PVC;Effluentleiding;990;990;13.646258;20.691;20.691;Waterschap Rivierenland;7552.21;5828.65;Wijchen;Arnhem/Nijmegen;60;120;24;48;Gelderland;Waterschap Rivierenland;BU02960402;GM0296;6617.0;6617KE;BU02960402;GM0296;6617.0;6617KE;BU02960402;GM0296;6617.0;6617KE;False;False;False;51.84543778213195;5.643752494432013;WarmteAtlas:AquathermieEffluent;https://www.warmteatlas.nl/geoserver/WarmteAtlas/wfs;2026-06-24T11:35:41;
52;overig;1972;600;Staal;Effluentleiding;5100;5100;60.000199;106.59;106.59;Waterschap Rivierenland;38905.3;30026.4;Druten;Arnhem/Nijmegen;308;617;123;247;Gelderland;Waterschap Rivierenland;BU02250006;GM0225;6651.0;6651KD;BU02250001;GM0225;6651.0;6651KD;BU02250001;GM0225;6651.0;6651KD;True;False;False;51.89808735482483;5.5883842719339825;WarmteAtlas:AquathermieEffluent;https://www.warmteatlas.nl/geoserver/WarmteAtlas/wfs;2026-06-24T11:35:41;
53;overig;1972;99999;Asbestcement;Effluentleiding;5100;5100;165.803134;106.59;106.59;Waterschap Rivierenland;38905.3;30026.4;Druten;Arnhem/Nijmegen;308;617;123;247;Gelderland;Waterschap Rivierenland;BU02250006;GM0225;6651.0;6651KD;BU02250001;GM0225;6651.0;6651KD;BU02250001;GM0225;6651.0;6651KD;True;False;False;51.897162822096014;5.588659042072298;WarmteAtlas:AquathermieEffluent;https://www.warmteatlas.nl/geoserver/WarmteAtlas/wfs;2026-06-24T11:35:41;
54;overig;1972;600;Staal;Effluentleiding;5100;5100;38.265427;106.59;106.59;Waterschap Rivierenland;38905.3;30026.4;Druten;Arnhem/Nijmegen;308;617;123;247;Gelderland;Waterschap Rivierenland;BU02250006;GM0225;6651.0;6651KD;BU02250001;GM0225;6651.0;6651KD;BU02250001;GM0225;6651.0;6651KD;True;False;False;51.89652307817198;5.589377911811556;WarmteAtlas:AquathermieEffluent;https://www.warmteatlas.nl/geoserver/WarmteAtlas/wfs;2026-06-24T11:35:41;
55;overig;1972;99999;Asbestcement;Effluentleiding;5100;5100;103.054409;106.59;106.59;Waterschap Rivierenland;38905.3;30026.4;Druten;Arnhem/Nijmegen;308;617;123;247;Gelderland;Waterschap Rivierenland;BU02250006;GM0225;6651.0;6651KD;BU02250001;GM0225;6651.0;6651KD;BU02250001;GM0225;6651.0;6651KD;True;False;False;51.89594961467088;5.58955876206585;WarmteAtlas:AquathermieEffluent;https://www.warmteatlas.nl/geoserver/WarmteAtlas/wfs;2026-06-24T11:35:41;
56;overig;1996;635;Gietijzer;Effluentleiding;5100;5100;38.972548;106.59;106.59;Waterschap Rivierenland;38905.3;30026.4;Druten;Arnhem/Nijmegen;308;617;123;247;Gelderland;Waterschap Rivierenland;BU02250006;GM0225;6651.0;6651KD;BU02250001;GM0225;6651.0;6651KD;BU02250001;GM0225;6651.0;6651KD;True;False;False;51.89540076888057;5.590059622718188;WarmteAtlas:AquathermieEffluent;https://www.warmteatlas.nl/geoserver/WarmteAtlas/wfs;2026-06-24T11:35:41;
57;overig;1996;635;Gietijzer;Effluentleiding;5100;5100;59.929523;106.59;106.59;Waterschap Rivierenland;38905.3;30026.4;Druten;Arnhem/Nijmegen;308;617;123;247;Gelderland;Waterschap Rivierenland;BU02250006;GM0225;6651.0;6651KD;BU02250001;GM0225;6651.0;6651KD;BU02250001;GM0225;6651.0;6651KD;True;False;False;51.895003651859525;5.590347064612466;WarmteAtlas:AquathermieEffluent;https://www.warmteatlas.nl/geoserver/WarmteAtlas/wfs;2026-06-24T11:35:41;
58;overig;1996;635;Gietijzer;Effluentleiding;5100;5100;74.999185;106.59;106.59;Waterschap Rivierenland;38905.3;30026.4;Druten;Arnhem/Nijmegen;308;617;123;247;Gelderland;Waterschap Rivierenland;BU02250004;GM0225;6651.0;6651BP;BU02250109;GM0225;6651.0;6651BP;BU02250109;GM0225;6651.0;6651BP;True;False;False;51.89442702613623;5.5906503501297475;WarmteAtlas:AquathermieEffluent;https://www.warmteatlas.nl/geoserver/WarmteAtlas/wfs;2026-06-24T11:35:41;
59;overig;1996;635;Gietijzer;Effluentleiding;5100;5100;113.212013;106.59;106.59;Waterschap Rivierenland;38905.3;30026.4;Druten;Arnhem/Nijmegen;308;617;123;247;Gelderland;Waterschap Rivierenland;BU02250004;GM0225;6651.0;6651BP;BU02250109;GM0225;6651.0;6651BP;BU02250109;GM0225;6651.0;6651BP;True;False;False;51.89329348993255;5.591006409426026;WarmteAtlas:AquathermieEffluent;https://www.warmteatlas.nl/geoserver/WarmteAtlas/wfs;2026-06-24T11:35:41;
60;overig;1996;635;Gietijzer;Effluentleiding;5100;5100;35.701828;106.59;106.59;Waterschap Rivierenland;38905.3;30026.4;Druten;Arnhem/Nijmegen;308;617;123;247;Gelderland;Waterschap Rivierenland;BU02250004;GM0225;6651.0;6651BP;BU02250109;GM0225;6651.0;6651BP;BU02250109;GM0225;6651.0;6651BP;True;False;False;51.89394933151699;5.590864247201431;WarmteAtlas:AquathermieEffluent;https://www.warmteatlas.nl/geoserver/WarmteAtlas/wfs;2026-06-24T11:35:41;
61;overig;1972;99999;"Beton; gewapend";Effluentleiding;24500;24500;68.234188;512.05;512.05;Waterschap Rivierenland;186898.0;144244.0;Arnhem;Arnhem/Nijmegen;1482;2963;593;1185;Gelderland;Waterschap Rivierenland;BU02022194;GM0202;6841.0;6841HJ;BU02022194;GM0202;6841.0;6841HJ;BU02022194;GM0202;6841.0;6841HJ;False;False;False;51.96788559071029;5.856523203366164;WarmteAtlas:AquathermieEffluent;https://www.warmteatlas.nl/geoserver/WarmteAtlas/wfs;2026-06-24T11:35:41;
62;drukleiding (persleiding);1996;99999;Beton;Effluentleiding;1100;1100;44.977495;22.99;22.99;Waterschap Rivierenland;8391.35;6476.28;Lingewaal;Rivierenland (Fruitdelta);66;133;27;53;Gelderland;Waterschap Rivierenland;BU19600802;GM1960;4147.0;4147CV;BU19600802;GM1960;4147.0;4147CV;BU19600802;GM1960;4147.0;4147CV;False;False;False;51.88381680629684;5.110747650906851;WarmteAtlas:AquathermieEffluent;https://www.warmteatlas.nl/geoserver/WarmteAtlas/wfs;2026-06-24T11:35:41;
63;overig;1976;99999;Asbestcement;Effluentleiding;1310;1310;15.68597;27.379;27.379;Waterschap Rivierenland;9993.33;7712.66;Geldermalsen;Rivierenland (Fruitdelta);79;158;32;63;Gelderland;Waterschap Rivierenland;BU19600209;GM1960;4153.0;4153XA;BU19600209;GM1960;4153.0;4153XA;BU19600209;GM1960;4153.0;4153XA;False;False;False;51.89666686085901;5.16925537281452;WarmteAtlas:AquathermieEffluent;https://www.warmteatlas.nl/geoserver/WarmteAtlas/wfs;2026-06-24T11:35:41;
64;overig;0;99999;"Beton; gewapend";Effluentleiding;5490;5490;16.445498;114.741;114.741;Waterschap Rivierenland;41880.5;32322.5;Geldermalsen;Rivierenland (Fruitdelta);332;664;133;266;Gelderland;Waterschap Rivierenland;BU19600006;GM1960;4191.0;4191LA;BU19600006;GM1960;4191.0;4191LA;BU19600006;GM1960;4191.0;4191LA;False;False;False;51.88756466373164;5.276046055976002;WarmteAtlas:AquathermieEffluent;https://www.warmteatlas.nl/geoserver/WarmteAtlas/wfs;2026-06-24T11:35:41;
65;overig;1976;99999;Asbestcement;Effluentleiding;1310;1310;6.967796;27.379;27.379;Waterschap Rivierenland;9993.33;7712.66;Geldermalsen;Rivierenland (Fruitdelta);79;158;32;63;Gelderland;Waterschap Rivierenland;BU19600209;GM1960;4153.0;4153XA;BU19600209;GM1960;4153.0;4153XA;BU19600209;GM1960;4153.0;4153XA;False;False;False;51.89675132242465;5.169346245384905;WarmteAtlas:AquathermieEffluent;https://www.warmteatlas.nl/geoserver/WarmteAtlas/wfs;2026-06-24T11:35:41;
66;overig;1976;99999;Asbestcement;Effluentleiding;1310;1310;43.018977;27.379;27.379;Waterschap Rivierenland;9993.33;7712.66;Geldermalsen;Rivierenland (Fruitdelta);79;158;32;63;Gelderland;Waterschap Rivierenland;BU19600209;GM1960;4153.0;4153XB;BU19600209;GM1960;4153.0;4153XB;BU19600209;GM1960;4153.0;4153XB;False;False;False;51.897060247841935;5.16943181211747;WarmteAtlas:AquathermieEffluent;https://www.warmteatlas.nl/geoserver/WarmteAtlas/wfs;2026-06-24T11:35:41;
67;drukleiding (persleiding);0;99999;Asbestcement;Effluentleiding;5490;5490;77.103014;114.741;114.741;Waterschap Rivierenland;41880.5;32322.5;Geldermalsen;Rivierenland (Fruitdelta);332;664;133;266;Gelderland;Waterschap Rivierenland;BU19600006;GM1960;4191.0;4191LA;BU19600006;GM1960;4191.0;4191LA;BU19600006;GM1960;4191.0;4191LA;False;False;False;51.88705633956495;5.275601180999207;WarmteAtlas:AquathermieEffluent;https://www.warmteatlas.nl/geoserver/WarmteAtlas/wfs;2026-06-24T11:35:41;
68;overig;0;600;GVK;Effluentleiding;5490;5490;97.598039;114.741;114.741;Waterschap Rivierenland;41880.5;32322.5;Geldermalsen;Rivierenland (Fruitdelta);332;664;133;266;Gelderland;Waterschap Rivierenland;BU19600006;GM1960;4191.0;4191LA;BU19600006;GM1960;4191.0;4191LA;BU19600006;GM1960;4191.0;4191LA;False;False;False;51.886988655479314;5.2753114521874815;WarmteAtlas:AquathermieEffluent;https://www.warmteatlas.nl/geoserver/WarmteAtlas/wfs;2026-06-24T11:35:41;
69;overig;0;700;GVK;Effluentleiding;5490;5490;39.337195;114.741;114.741;Waterschap Rivierenland;41880.5;32322.5;Geldermalsen;Rivierenland (Fruitdelta);332;664;133;266;Gelderland;Waterschap Rivierenland;BU19600006;GM1960;4191.0;4191LA;BU19600006;GM1960;4191.0;4191LA;BU19600006;GM1960;4191.0;4191LA;False;False;False;51.88743403373221;5.2757065054180625;WarmteAtlas:AquathermieEffluent;https://www.warmteatlas.nl/geoserver/WarmteAtlas/wfs;2026-06-24T11:35:41;
70;overig;1976;99999;Asbestcement;Effluentleiding;1310;1310;11.270821;27.379;27.379;Waterschap Rivierenland;9993.33;7712.66;Geldermalsen;Rivierenland (Fruitdelta);79;158;32;63;Gelderland;Waterschap Rivierenland;BU19600209;GM1960;4153.0;4153XB;BU19600209;GM1960;4153.0;4153XB;BU19600209;GM1960;4153.0;4153XB;False;False;False;51.89682594843148;5.169400047641772;WarmteAtlas:AquathermieEffluent;https://www.warmteatlas.nl/geoserver/WarmteAtlas/wfs;2026-06-24T11:35:41;
71;;2012;200;PE 100;Effluentleiding;1070;1070;17.104869;22.363;22.363;Waterschap Rivierenland;8162.5;6299.66;Overbetuwe;Arnhem/Nijmegen;65;130;26;52;Gelderland;Waterschap Rivierenland;BU17341402;GM1734;6668.0;6668AV;BU17341402;GM1734;6668.0;6668AV;BU17341402;GM1734;6668.0;6668AV;False;False;False;51.936172950716376;5.711151961232118;WarmteAtlas:AquathermieEffluent;https://www.warmteatlas.nl/geoserver/WarmteAtlas/wfs;2026-06-24T11:35:41;
72;overig;1991;500;PVC;Effluentleiding;1370;1370;61.865465;28.633;28.633;Waterschap Rivierenland;10451.0;8065.92;Overbetuwe;Arnhem/Nijmegen;83;166;33;66;Gelderland;Waterschap Rivierenland;BU17341701;GM1734;6675.0;6675AC;BU17341701;GM1734;6675.0;6675AC;BU17341701;GM1734;6675.0;6675AC;False;False;False;51.90928742618574;5.780947093778916;WarmteAtlas:AquathermieEffluent;https://www.warmteatlas.nl/geoserver/WarmteAtlas/wfs;2026-06-24T11:35:41;
73;;2012;200;PE 100;Effluentleiding;1070;1070;60.774795;22.363;22.363;Waterschap Rivierenland;8162.5;6299.66;Overbetuwe;Arnhem/Nijmegen;65;130;26;52;Gelderland;Waterschap Rivierenland;BU17341402;GM1734;6668.0;6668AV;BU17341402;GM1734;6668.0;6668AV;BU17341402;GM1734;6668.0;6668AV;False;False;False;51.93811003720374;5.7111840751684815;WarmteAtlas:AquathermieEffluent;https://www.warmteatlas.nl/geoserver/WarmteAtlas/wfs;2026-06-24T11:35:41;
74;overig;1985;99999;Asbestcement;Effluentleiding;1070;1070;290.987185;22.363;22.363;Waterschap Rivierenland;8162.5;6299.66;Overbetuwe;Arnhem/Nijmegen;65;130;26;52;Gelderland;Waterschap Rivierenland;BU17341402;GM1734;6668.0;6668AV;BU17341402;GM1734;6668.0;6668AV;BU17341402;GM1734;6668.0;6668AV;False;False;False;51.937379750573484;5.710986900760678;WarmteAtlas:AquathermieEffluent;https://www.warmteatlas.nl/geoserver/WarmteAtlas/wfs;2026-06-24T11:35:41;
75;overig;1985;99999;Asbestcement;Effluentleiding;1070;1070;4.000251;22.363;22.363;Waterschap Rivierenland;8162.5;6299.66;Overbetuwe;Arnhem/Nijmegen;65;130;26;52;Gelderland;Waterschap Rivierenland;BU17341402;GM1734;6668.0;6668AV;BU17341402;GM1734;6668.0;6668AV;BU17341402;GM1734;6668.0;6668AV;False;False;False;51.936140698558866;5.7110858213590765;WarmteAtlas:AquathermieEffluent;https://www.warmteatlas.nl/geoserver/WarmteAtlas/wfs;2026-06-24T11:35:41;
76;;2012;200;PE 100;Effluentleiding;1070;1070;208.849153;22.363;22.363;Waterschap Rivierenland;8162.5;6299.66;Overbetuwe;Arnhem/Nijmegen;65;130;26;52;Gelderland;Waterschap Rivierenland;BU17341402;GM1734;6668.0;6668AV;BU17341402;GM1734;6668.0;6668AV;BU17341402;GM1734;6668.0;6668AV;False;False;False;51.93717267398269;5.710947691478483;WarmteAtlas:AquathermieEffluent;https://www.warmteatlas.nl/geoserver/WarmteAtlas/wfs;2026-06-24T11:35:41;
77;overig;1995;500;PVC;Effluentleiding;1230;1230;1.903433;25.707;25.707;Waterschap Rivierenland;9383.06;7241.66;West Maas en Waal;Rivierenland (Fruitdelta);74;149;30;60;Gelderland;Waterschap Rivierenland;BU06680101;GM0668;6626.0;6626KH;BU06680101;GM0668;6626.0;6626KH;BU06680101;GM0668;6626.0;6626KH;False;False;False;51.82141498555682;5.429756360690127;WarmteAtlas:AquathermieEffluent;https://www.warmteatlas.nl/geoserver/WarmteAtlas/wfs;2026-06-24T11:35:41;
78;overig;1995;500;PVC;Effluentleiding;1230;1230;311.566046;25.707;25.707;Waterschap Rivierenland;9383.06;7241.66;West Maas en Waal;Rivierenland (Fruitdelta);74;149;30;60;Gelderland;Waterschap Rivierenland;BU06680101;GM0668;6626.0;6626KG;BU06680101;GM0668;6626.0;6626KG;BU06680101;GM0668;6626.0;6626KG;False;False;False;51.822115612447504;5.431618514307938;WarmteAtlas:AquathermieEffluent;https://www.warmteatlas.nl/geoserver/WarmteAtlas/wfs;2026-06-24T11:35:41;
79;overig;1995;500;PVC;Effluentleiding;1230;1230;24.453251;25.707;25.707;Waterschap Rivierenland;9383.06;7241.66;West Maas en Waal;Rivierenland (Fruitdelta);74;149;30;60;Gelderland;Waterschap Rivierenland;BU06680101;GM0668;6626.0;6626KG;BU06680101;GM0668;6626.0;6626KG;BU06680101;GM0668;6626.0;6626KG;False;False;False;51.82295454740477;5.433602018160024;WarmteAtlas:AquathermieEffluent;https://www.warmteatlas.nl/geoserver/WarmteAtlas/wfs;2026-06-24T11:35:41;
80;overig;1995;500;PVC;Effluentleiding;1230;1230;431.438978;25.707;25.707;Waterschap Rivierenland;9383.06;7241.66;West Maas en Waal;Rivierenland (Fruitdelta);74;149;30;60;Gelderland;Waterschap Rivierenland;BU06680601;GM0668;6621.0;6621KX;BU06680601;GM0668;6621.0;6621KX;BU06680601;GM0668;6621.0;6621KX;False;False;False;51.82468811043794;5.4350418363835065;WarmteAtlas:AquathermieEffluent;https://www.warmteatlas.nl/geoserver/WarmteAtlas/wfs;2026-06-24T11:35:41;
81;overig;1995;500;PVC;Effluentleiding;1230;1230;16.665744;25.707;25.707;Waterschap Rivierenland;9383.06;7241.66;West Maas en Waal;Rivierenland (Fruitdelta);74;149;30;60;Gelderland;Waterschap Rivierenland;BU06680601;GM0668;6621.0;6621KX;BU06680601;GM0668;6621.0;6621KX;BU06680601;GM0668;6621.0;6621KX;False;False;False;51.82657636845563;5.435729247155617;WarmteAtlas:AquathermieEffluent;https://www.warmteatlas.nl/geoserver/WarmteAtlas/wfs;2026-06-24T11:35:41;
82;overig;1995;500;PVC;Effluentleiding;1230;1230;243.829928;25.707;25.707;Waterschap Rivierenland;9383.06;7241.66;West Maas en Waal;Rivierenland (Fruitdelta);74;149;30;60;Gelderland;Waterschap Rivierenland;BU06680601;GM0668;6621.0;6621KX;BU06680601;GM0668;6621.0;6621KX;BU06680601;GM0668;6621.0;6621KX;False;False;False;51.82717029251406;5.4373574082088725;WarmteAtlas:AquathermieEffluent;https://www.warmteatlas.nl/geoserver/WarmteAtlas/wfs;2026-06-24T11:35:41;
83;overig;1995;500;PVC;Effluentleiding;1230;1230;19.899276;25.707;25.707;Waterschap Rivierenland;9383.06;7241.66;West Maas en Waal;Rivierenland (Fruitdelta);74;149;30;60;Gelderland;Waterschap Rivierenland;BU06680601;GM0668;6621.0;6621KX;BU06680601;GM0668;6621.0;6621KX;BU06680601;GM0668;6621.0;6621KX;False;False;False;51.82776868361398;5.439008572593534;WarmteAtlas:AquathermieEffluent;https://www.warmteatlas.nl/geoserver/WarmteAtlas/wfs;2026-06-24T11:35:41;
84;overig;1982;160;PVC;Effluentleiding;500;500;190.667246;10.45;10.45;Waterschap Rivierenland;3814.25;2943.76;West Maas en Waal;Rivierenland (Fruitdelta);30;60;12;24;Gelderland;Waterschap Rivierenland;BU06680701;GM0668;6627.0;6627AV;BU06680701;GM0668;6627.0;6627AV;BU06680701;GM0668;6627.0;6627AV;False;False;False;51.83025998580788;5.523584696283939;WarmteAtlas:AquathermieEffluent;https://www.warmteatlas.nl/geoserver/WarmteAtlas/wfs;2026-06-24T11:35:41;
85;overig;1995;532;Gietijzer;Effluentleiding;1230;1230;73.812398;25.707;25.707;Waterschap Rivierenland;9383.06;7241.66;West Maas en Waal;Rivierenland (Fruitdelta);74;149;30;60;Gelderland;Waterschap Rivierenland;BU06680601;GM0668;6621.0;6621KX;BU06680601;GM0668;6621.0;6621KX;BU06680601;GM0668;6621.0;6621KX;False;False;False;51.8282782836824;5.439211335383434;WarmteAtlas:AquathermieEffluent;https://www.warmteatlas.nl/geoserver/WarmteAtlas/wfs;2026-06-24T11:35:41;
86;overig;1995;500;PVC;Effluentleiding;1230;1230;36.295097;25.707;25.707;Waterschap Rivierenland;9383.06;7241.66;West Maas en Waal;Rivierenland (Fruitdelta);74;149;30;60;Gelderland;Waterschap Rivierenland;BU06680601;GM0668;6621.0;6621KX;BU06680601;GM0668;6621.0;6621KX;BU06680601;GM0668;6621.0;6621KX;False;False;False;51.82796655070605;5.439135549608346;WarmteAtlas:AquathermieEffluent;https://www.warmteatlas.nl/geoserver/WarmteAtlas/wfs;2026-06-24T11:35:41;
87;drukleiding (persleiding);1974;99999;"Beton; voorgespannen";Effluentleiding;53710;53710;993.832748;1122.54;1122.54;Waterschap Rivierenland;409727.0;316220.0;Beuningen;Arnhem/Nijmegen;3248;6496;1299;2598;Gelderland;Waterschap Rivierenland;BU02090306;GM0209;6551.0;6551DR;BU02090306;GM0209;6551.0;6551DR;BU02090306;GM0209;6551.0;6551DR;False;False;False;51.85309953887531;5.794101124274148;WarmteAtlas:AquathermieEffluent;https://www.warmteatlas.nl/geoserver/WarmteAtlas/wfs;2026-06-24T11:35:41;
88;drukleiding (persleiding);1974;99999;Asbestcement;Effluentleiding;53710;53710;13.146169;1122.54;1122.54;Waterschap Rivierenland;409727.0;316220.0;Beuningen;Arnhem/Nijmegen;3248;6496;1299;2598;Gelderland;Waterschap Rivierenland;BU02090100;GM0209;6551.0;6551DR;BU02090100;GM0209;6551.0;6551DR;BU02090100;GM0209;6551.0;6551DR;False;False;False;51.85633416636953;5.789224786803099;WarmteAtlas:AquathermieEffluent;https://www.warmteatlas.nl/geoserver/WarmteAtlas/wfs;2026-06-24T11:35:41;
89;overig;1982;99999;"Beton; plaatstalen kern";Effluentleiding;3910;3910;9.900754;81.719;81.719;Waterschap Rivierenland;29827.4;23020.2;Neder-Betuwe;Rivierenland (Fruitdelta);236;473;95;189;Gelderland;Waterschap Rivierenland;BU17400209;GM1740;4043.0;4043AB;BU17400209;GM1740;4043.0;4043AB;BU17400209;GM1740;4043.0;4043AB;False;False;False;51.92575548541121;5.634292063151832;WarmteAtlas:AquathermieEffluent;https://www.warmteatlas.nl/geoserver/WarmteAtlas/wfs;2026-06-24T11:35:41;
90;overig;1982;99999;"Beton; gewapend";Effluentleiding;3910;3910;482.963205;81.719;81.719;Waterschap Rivierenland;29827.4;23020.2;Neder-Betuwe;Rivierenland (Fruitdelta);236;473;95;189;Gelderland;Waterschap Rivierenland;BU17400209;GM1740;4043.0;4043AB;BU17400209;GM1740;4043.0;4043AB;BU17400209;GM1740;4043.0;4043AB;False;False;False;51.924101317429205;5.635303334930819;WarmteAtlas:AquathermieEffluent;https://www.warmteatlas.nl/geoserver/WarmteAtlas/wfs;2026-06-24T11:35:41;
91;drukleiding (persleiding);2004;800;GVK;Effluentleiding;3910;3910;38.575777;81.719;81.719;Waterschap Rivierenland;29827.4;23020.2;Neder-Betuwe;Rivierenland (Fruitdelta);236;473;95;189;Gelderland;Waterschap Rivierenland;BU17400209;GM1740;6669.0;6669MH;BU17400209;GM1740;6669.0;6669MH;BU17400209;GM1740;6669.0;6669MH;False;False;False;51.92182821758971;5.635582367076038;WarmteAtlas:AquathermieEffluent;https://www.warmteatlas.nl/geoserver/WarmteAtlas/wfs;2026-06-24T11:35:41;
92;overig;1982;99999;"Beton; gewapend";Effluentleiding;3910;3910;157.119791;81.719;81.719;Waterschap Rivierenland;29827.4;23020.2;Neder-Betuwe;Rivierenland (Fruitdelta);236;473;95;189;Gelderland;Waterschap Rivierenland;BU17400209;GM1740;6669.0;6669MH;BU17400209;GM1740;6669.0;6669MH;BU17400209;GM1740;6669.0;6669MH;False;False;False;51.92069377724578;5.635224342962987;WarmteAtlas:AquathermieEffluent;https://www.warmteatlas.nl/geoserver/WarmteAtlas/wfs;2026-06-24T11:35:41;
93;overig;1982;99999;"Beton; plaatstalen kern";Effluentleiding;3910;3910;56.076189;81.719;81.719;Waterschap Rivierenland;29827.4;23020.2;Neder-Betuwe;Rivierenland (Fruitdelta);236;473;95;189;Gelderland;Waterschap Rivierenland;BU17400209;GM1740;6669.0;6669MH;BU17400209;GM1740;6669.0;6669MH;BU17400209;GM1740;6669.0;6669MH;False;False;False;51.921405142464316;5.635512176089586;WarmteAtlas:AquathermieEffluent;https://www.warmteatlas.nl/geoserver/WarmteAtlas/wfs;2026-06-24T11:35:41;
94;drukleiding (persleiding);1997;300;Gietijzer;Effluentleiding;1480;1480;17.695916;30.932;30.932;Waterschap Rivierenland;11290.2;8713.54;Buren;Rivierenland (Fruitdelta);90;179;36;72;Gelderland;Waterschap Rivierenland;BU02140307;GM0214;4033.0;4033CC;BU02140307;GM0214;4033.0;4033CC;BU02140307;GM0214;4033.0;4033CC;False;False;False;51.966577695951614;5.539178711137267;WarmteAtlas:AquathermieEffluent;https://www.warmteatlas.nl/geoserver/WarmteAtlas/wfs;2026-06-24T11:35:41;
95;drukleiding (persleiding);1989;355;Staal;Effluentleiding;1880;1880;9.000093;39.292;39.292;Waterschap Rivierenland;14341.6;11068.6;Buren;Rivierenland (Fruitdelta);114;228;46;91;Gelderland;Waterschap Rivierenland;BU02140509;GM0214;4024.0;4024BP;BU02140509;GM0214;4024.0;4024BP;BU02140509;GM0214;4024.0;4024BP;False;False;False;51.98248136495522;5.4593817062387355;WarmteAtlas:AquathermieEffluent;https://www.warmteatlas.nl/geoserver/WarmteAtlas/wfs;2026-06-24T11:35:41;
96;drukleiding (persleiding);2013;315;HDPE;Effluentleiding;1480;1480;411.441507;30.932;30.932;Waterschap Rivierenland;11290.2;8713.54;Buren;Rivierenland (Fruitdelta);90;179;36;72;Gelderland;Waterschap Rivierenland;BU02140307;GM0214;4033.0;4033CC;BU02140307;GM0214;4033.0;4033CC;BU02140307;GM0214;4033.0;4033CC;False;False;False;51.964871642644304;5.537752146479197;WarmteAtlas:AquathermieEffluent;https://www.warmteatlas.nl/geoserver/WarmteAtlas/wfs;2026-06-24T11:35:41;
97;drukleiding (persleiding);1989;355;PVC;Effluentleiding;1880;1880;196.62346;39.292;39.292;Waterschap Rivierenland;14341.6;11068.6;Buren;Rivierenland (Fruitdelta);114;228;46;91;Gelderland;Waterschap Rivierenland;BU02140509;GM0214;4024.0;4024BP;BU02140509;GM0214;4024.0;4024BP;BU02140509;GM0214;4024.0;4024BP;False;False;False;51.98160447426026;5.458988883507825;WarmteAtlas:AquathermieEffluent;https://www.warmteatlas.nl/geoserver/WarmteAtlas/wfs;2026-06-24T11:35:41;
98;drukleiding (persleiding);1989;355;HDPE;Effluentleiding;1880;1880;39.370607;39.292;39.292;Waterschap Rivierenland;14341.6;11068.6;Buren;Rivierenland (Fruitdelta);114;228;46;91;Gelderland;Waterschap Rivierenland;BU02140509;GM0214;4024.0;4024BP;BU02140509;GM0214;4024.0;4024BP;BU02140509;GM0214;4024.0;4024BP;False;False;False;51.980586926043586;5.458532953172773;WarmteAtlas:AquathermieEffluent;https://www.warmteatlas.nl/geoserver/WarmteAtlas/wfs;2026-06-24T11:35:41;
99;drukleiding (persleiding);1997;315;HDPE;Effluentleiding;1480;1480;96.616862;30.932;30.932;Waterschap Rivierenland;11290.2;8713.54;Buren;Rivierenland (Fruitdelta);90;179;36;72;Gelderland;Waterschap Rivierenland;BU02140307;GM0214;4033.0;4033CC;BU02140307;GM0214;4033.0;4033CC;BU02140307;GM0214;4033.0;4033CC;False;False;False;51.962791673215726;5.536326232331071;WarmteAtlas:AquathermieEffluent;https://www.warmteatlas.nl/geoserver/WarmteAtlas/wfs;2026-06-24T11:35:41;
151;drukleiding (persleiding);1960;99999;"Beton; plaatstalen kern";Effluentleiding;4580;4580;116.201139;95.722;95.722;Waterschap Rivierenland;34938.5;26964.9;Leerdam;U10/U16;277;554;111;222;Utrecht;Waterschap Rivierenland;BU19612408;GM1961;4142.0;4142DH;BU19612408;GM1961;4142.0;4142DH;BU19612408;GM1961;4142.0;4142DH;False;False;False;51.888980715415315;5.088898614551969;WarmteAtlas:AquathermieEffluent;https://www.warmteatlas.nl/geoserver/WarmteAtlas/wfs;2026-06-24T11:35:41;
152;drukleiding (persleiding);2010;315;PVC;Effluentleiding;8730;8730;309.321723;182.457;182.457;Waterschap Rivierenland;66596.8;51398.1;Werkendam;West-Brabant;528;1056;211;422;Noord-Brabant;Waterschap Rivierenland;BU19590291;GM1959;4254.0;4254LJ;BU19590291;GM1959;4254.0;4254LJ;BU19590291;GM1959;4254.0;4254LJ;False;False;False;51.815553493290764;4.929843768033304;WarmteAtlas:AquathermieEffluent;https://www.warmteatlas.nl/geoserver/WarmteAtlas/wfs;2026-06-24T11:35:41;
153;overig;1982;99999;"Beton; gewapend";Effluentleiding;8730;8730;802.363544;182.457;182.457;Waterschap Rivierenland;66596.8;51398.1;Werkendam;West-Brabant;528;1056;211;422;Noord-Brabant;Waterschap Rivierenland;BU19590291;GM1959;4254.0;4254LA;BU19590291;GM1959;4254.0;4254LA;BU19590291;GM1959;4254.0;4254LA;False;False;False;51.81870632675316;4.930506501062161;WarmteAtlas:AquathermieEffluent;https://www.warmteatlas.nl/geoserver/WarmteAtlas/wfs;2026-06-24T11:35:41;
154;overig;1983;99999;"Beton; gewapend";Effluentleiding;1370;1370;288.600722;28.633;28.633;Waterschap Rivierenland;10451.0;8065.92;Werkendam;West-Brabant;83;166;33;66;Noord-Brabant;Waterschap Rivierenland;BU19590491;GM1959;4273.0;4273LE;BU19590491;GM1959;4273.0;4273LE;BU19590491;GM1959;4273.0;4273LE;False;False;False;51.73298975790003;4.9275342268930915;WarmteAtlas:AquathermieEffluent;https://www.warmteatlas.nl/geoserver/WarmteAtlas/wfs;2026-06-24T11:35:41;
155;overig;1982;99999;"Beton; gewapend";Effluentleiding;8730;8730;2.642717;182.457;182.457;Waterschap Rivierenland;66596.8;51398.1;Werkendam;West-Brabant;528;1056;211;422;Noord-Brabant;Waterschap Rivierenland;BU19590291;GM1959;4254.0;4254LB;BU19590291;GM1959;4254.0;4254LB;BU19590291;GM1959;4254.0;4254LB;False;False;False;51.82211516574531;4.92988909873371;WarmteAtlas:AquathermieEffluent;https://www.warmteatlas.nl/geoserver/WarmteAtlas/wfs;2026-06-24T11:35:41;
156;overig;1992;500;PVC;Effluentleiding;8730;8730;690.30508;182.457;182.457;Waterschap Rivierenland;66596.8;51398.1;Werkendam;West-Brabant;528;1056;211;422;Noord-Brabant;Waterschap Rivierenland;BU19590291;GM1959;4254.0;4254LA;BU19590291;GM1959;4254.0;4254LA;BU19590291;GM1959;4254.0;4254LA;False;False;False;51.8193196872353;4.929838201793418;WarmteAtlas:AquathermieEffluent;https://www.warmteatlas.nl/geoserver/WarmteAtlas/wfs;2026-06-24T11:35:41;
157;overig;1972;99999;Asbestcement;Effluentleiding;1710;1710;264.978111;35.739;35.739;Waterschap Rivierenland;13044.7;10067.7;Aalburg;West-Brabant;104;207;41;83;Noord-Brabant;Waterschap Rivierenland;BU19591491;GM1959;4261.0;4261BJ;BU19591491;GM1959;4261.0;4261BJ;BU19591491;GM1959;4261.0;4261BJ;False;False;False;51.75386577807971;5.120572626768205;WarmteAtlas:AquathermieEffluent;https://www.warmteatlas.nl/geoserver/WarmteAtlas/wfs;2026-06-24T11:35:41;
158;overig;1977;315;PVC;Effluentleiding;670;670;29.083634;14.003;14.003;Waterschap Rivierenland;5111.1;3944.65;Aalburg;West-Brabant;40;81;16;32;Noord-Brabant;Waterschap Rivierenland;BU19591891;GM1959;4267.0;4267EX;BU19591891;GM1959;4267.0;4267EX;BU19591891;GM1959;4267.0;4267EX;False;False;False;51.72457678181578;5.055108758998823;WarmteAtlas:AquathermieEffluent;https://www.warmteatlas.nl/geoserver/WarmteAtlas/wfs;2026-06-24T11:35:41;
159;overig;0;738;Gietijzer;Effluentleiding;11090;11090;96.462949;231.781;231.781;Waterschap Rivierenland;84600.1;65292.7;Giessenlanden;Alblasserwaard;671;1341;268;536;Zuid-Holland;Waterschap Rivierenland;BU19781705;GM1978;4209.0;4209AZ;BU19781705;GM1978;4209.0;4209AZ;BU19781705;GM1978;4209.0;4209AZ;False;False;False;51.84083546709429;4.930562162958355;WarmteAtlas:AquathermieEffluent;https://www.warmteatlas.nl/geoserver/WarmteAtlas/wfs;2026-06-24T11:35:41;
160;overig;2002;738;Gietijzer;Effluentleiding;11090;11090;288.267905;231.781;231.781;Waterschap Rivierenland;84600.1;65292.7;Giessenlanden;Alblasserwaard;671;1341;268;536;Zuid-Holland;Waterschap Rivierenland;BU19781705;GM1978;4209.0;4209AZ;BU19781705;GM1978;4209.0;4209AZ;BU19781705;GM1978;4209.0;4209AZ;False;False;False;51.84287530807329;4.935426556846281;WarmteAtlas:AquathermieEffluent;https://www.warmteatlas.nl/geoserver/WarmteAtlas/wfs;2026-06-24T11:35:41;
161;overig;0;738;Gietijzer;Effluentleiding;11090;11090;351.401312;231.781;231.781;Waterschap Rivierenland;84600.1;65292.7;Giessenlanden;Alblasserwaard;671;1341;268;536;Zuid-Holland;Waterschap Rivierenland;BU19781705;GM1978;4209.0;4209AZ;BU19781705;GM1978;4209.0;4209AZ;BU19781705;GM1978;4209.0;4209AZ;False;False;False;51.84221791363694;4.934633106407915;WarmteAtlas:AquathermieEffluent;https://www.warmteatlas.nl/geoserver/WarmteAtlas/wfs;2026-06-24T11:35:41;
162;overig;1989;687;GVK;Effluentleiding;11090;11090;141.217648;231.781;231.781;Waterschap Rivierenland;84600.1;65292.7;Giessenlanden;Alblasserwaard;671;1341;268;536;Zuid-Holland;Waterschap Rivierenland;BU19781705;GM1978;4209.0;4209AZ;BU19781705;GM1978;4209.0;4209AZ;BU19781705;GM1978;4209.0;4209AZ;False;False;False;51.84157779642664;4.933764879636419;WarmteAtlas:AquathermieEffluent;https://www.warmteatlas.nl/geoserver/WarmteAtlas/wfs;2026-06-24T11:35:41;
163;overig;0;710;PE;Effluentleiding;11090;11090;119.949272;231.781;231.781;Waterschap Rivierenland;84600.1;65292.7;Giessenlanden;Alblasserwaard;671;1341;268;536;Zuid-Holland;Waterschap Rivierenland;BU19781705;GM1978;4209.0;4209AZ;BU19781705;GM1978;4209.0;4209AZ;BU19781705;GM1978;4209.0;4209AZ;False;False;False;51.841107379897785;4.932056818788418;WarmteAtlas:AquathermieEffluent;https://www.warmteatlas.nl/geoserver/WarmteAtlas/wfs;2026-06-24T11:35:41;
164;overig;0;738;Gietijzer;Effluentleiding;11090;11090;771.418977;231.781;231.781;Waterschap Rivierenland;84600.1;65292.7;Giessenlanden;Alblasserwaard;671;1341;268;536;Zuid-Holland;Waterschap Rivierenland;BU05120900;GM0512;4202.0;4202MS;BU05120900;GM0512;4202.0;4202MS;BU05120900;GM0512;4202.0;4202MS;False;False;False;51.837291180521014;4.928546525551826;WarmteAtlas:AquathermieEffluent;https://www.warmteatlas.nl/geoserver/WarmteAtlas/wfs;2026-06-24T11:35:41;
165;overig;1997;685;Staal;Effluentleiding;11090;11090;253.548323;231.781;231.781;Waterschap Rivierenland;84600.1;65292.7;Giessenlanden;Alblasserwaard;671;1341;268;536;Zuid-Holland;Waterschap Rivierenland;BU19781705;GM1978;4209.0;4209AZ;BU19781705;GM1978;4209.0;4209AZ;BU19781705;GM1978;4209.0;4209AZ;False;False;False;51.840507186456286;4.931541022188608;WarmteAtlas:AquathermieEffluent;https://www.warmteatlas.nl/geoserver/WarmteAtlas/wfs;2026-06-24T11:35:41;
166;drukleiding (persleiding);1990;508;Staal;Effluentleiding;3470;3470;32.998543;72.523;72.523;Waterschap Rivierenland;26470.9;20429.7;Gorinchem;Alblasserwaard;210;420;84;168;Zuid-Holland;Waterschap Rivierenland;BU05121410;GM0512;4207.0;4207HE;BU05121410;GM0512;4207.0;4207HE;BU05121410;GM0512;4207.0;4207HE;False;False;False;51.84116343395762;4.990116504735915;WarmteAtlas:AquathermieEffluent;https://www.warmteatlas.nl/geoserver/WarmteAtlas/wfs;2026-06-24T11:35:41;
167;drukleiding (persleiding);1990;508;Staal;Effluentleiding;3470;3470;46.974453;72.523;72.523;Waterschap Rivierenland;26470.9;20429.7;Gorinchem;Alblasserwaard;210;420;84;168;Zuid-Holland;Waterschap Rivierenland;BU05121410;GM0512;4207.0;4207HE;BU05121410;GM0512;4207.0;4207HE;BU05121410;GM0512;4207.0;4207HE;False;False;False;51.84095692272837;4.990591279380106;WarmteAtlas:AquathermieEffluent;https://www.warmteatlas.nl/geoserver/WarmteAtlas/wfs;2026-06-24T11:35:41;
168;drukleiding (persleiding);1990;99999;Asbestcement;Effluentleiding;3470;3470;247.639945;72.523;72.523;Waterschap Rivierenland;26470.9;20429.7;Gorinchem;Alblasserwaard;210;420;84;168;Zuid-Holland;Waterschap Rivierenland;BU05121410;GM0512;4207.0;4207HE;BU05121410;GM0512;4207.0;4207HE;BU05121410;GM0512;4207.0;4207HE;False;False;False;51.840469740666215;4.992523241923125;WarmteAtlas:AquathermieEffluent;https://www.warmteatlas.nl/geoserver/WarmteAtlas/wfs;2026-06-24T11:35:41;
169;drukleiding (persleiding);1990;99999;Asbestcement;Effluentleiding;3470;3470;24.974433;72.523;72.523;Waterschap Rivierenland;26470.9;20429.7;Gorinchem;Alblasserwaard;210;420;84;168;Zuid-Holland;Waterschap Rivierenland;BU05121410;GM0512;4207.0;4207HH;BU05121410;GM0512;4207.0;4207HH;BU05121410;GM0512;4207.0;4207HH;False;False;False;51.84038883532966;4.994468541338162;WarmteAtlas:AquathermieEffluent;https://www.warmteatlas.nl/geoserver/WarmteAtlas/wfs;2026-06-24T11:35:41;
170;overig;0;738;Gietijzer;Effluentleiding;11090;11090;9.417637;231.781;231.781;Waterschap Rivierenland;84600.1;65292.7;Gorinchem;Alblasserwaard;671;1341;268;536;Zuid-Holland;Waterschap Rivierenland;BU05120900;GM0512;4202.0;4202MS;BU05120900;GM0512;4202.0;4202MS;BU05120900;GM0512;4202.0;4202MS;False;False;False;51.830325223049805;4.927655399824851;WarmteAtlas:AquathermieEffluent;https://www.warmteatlas.nl/geoserver/WarmteAtlas/wfs;2026-06-24T11:35:41;
171;overig;0;710;PE;Effluentleiding;11090;11090;315.265735;231.781;231.781;Waterschap Rivierenland;84600.1;65292.7;Gorinchem;Alblasserwaard;671;1341;268;536;Zuid-Holland;Waterschap Rivierenland;BU05120900;GM0512;4202.0;4202MS;BU05120900;GM0512;4202.0;4202MS;BU05120900;GM0512;4202.0;4202MS;False;False;False;51.8317751383917;4.927397709138;WarmteAtlas:AquathermieEffluent;https://www.warmteatlas.nl/geoserver/WarmteAtlas/wfs;2026-06-24T11:35:41;
172;drukleiding (persleiding);1990;99999;Asbestcement;Effluentleiding;3470;3470;444.602807;72.523;72.523;Waterschap Rivierenland;26470.9;20429.7;Gorinchem;Alblasserwaard;210;420;84;168;Zuid-Holland;Waterschap Rivierenland;BU05121410;GM0512;4207.0;4207HH;BU05121410;GM0512;4207.0;4207HH;BU05121410;GM0512;4207.0;4207HH;False;False;False;51.840589503391286;4.997859808600016;WarmteAtlas:AquathermieEffluent;https://www.warmteatlas.nl/geoserver/WarmteAtlas/wfs;2026-06-24T11:35:41;
173;overig;1963;99999;Beton;Effluentleiding;11090;11090;500.007249;231.781;231.781;Waterschap Rivierenland;84600.1;65292.7;Gorinchem;Alblasserwaard;671;1341;268;536;Zuid-Holland;Waterschap Rivierenland;BU05120800;GM0512;4202.0;4202LM;BU05120800;GM0512;4202.0;4202LM;BU05120800;GM0512;4202.0;4202LM;False;False;False;51.82875268783763;4.96202764183528;WarmteAtlas:AquathermieEffluent;https://www.warmteatlas.nl/geoserver/WarmteAtlas/wfs;2026-06-24T11:35:41;
174;overig;0;738;Gietijzer;Effluentleiding;11090;11090;84.10366;231.781;231.781;Waterschap Rivierenland;84600.1;65292.7;Gorinchem;Alblasserwaard;671;1341;268;536;Zuid-Holland;Waterschap Rivierenland;BU05120900;GM0512;4202.0;4202MS;BU05120900;GM0512;4202.0;4202MS;BU05120900;GM0512;4202.0;4202MS;False;False;False;51.833563147047755;4.927150105418674;WarmteAtlas:AquathermieEffluent;https://www.warmteatlas.nl/geoserver/WarmteAtlas/wfs;2026-06-24T11:35:41;
175;drukleiding (persleiding);1990;99999;Asbestcement;Effluentleiding;3470;3470;19.999923;72.523;72.523;Waterschap Rivierenland;26470.9;20429.7;Gorinchem;Alblasserwaard;210;420;84;168;Zuid-Holland;Waterschap Rivierenland;BU05121410;GM0512;4207.0;4207HB;BU05121410;GM0512;4207.0;4207HB;BU05121410;GM0512;4207.0;4207HB;False;False;False;51.840798830600455;5.001213580565143;WarmteAtlas:AquathermieEffluent;https://www.warmteatlas.nl/geoserver/WarmteAtlas/wfs;2026-06-24T11:35:41;
176;overig;1989;687;GVK;Effluentleiding;11090;11090;2793.480381;231.781;231.781;Waterschap Rivierenland;84600.1;65292.7;Gorinchem;Alblasserwaard;671;1341;268;536;Zuid-Holland;Waterschap Rivierenland;BU05120700;GM0512;4203.0;4203NK;BU05120700;GM0512;4203.0;4203NK;BU05120700;GM0512;4203.0;4203NK;False;False;False;51.83608666011905;4.948422649055101;WarmteAtlas:AquathermieEffluent;https://www.warmteatlas.nl/geoserver/WarmteAtlas/wfs;2026-06-24T11:35:41;
177;drukleiding (persleiding);1990;99999;Asbestcement;Effluentleiding;3470;3470;128.594627;72.523;72.523;Waterschap Rivierenland;26470.9;20429.7;Gorinchem;Alblasserwaard;210;420;84;168;Zuid-Holland;Waterschap Rivierenland;BU05121410;GM0512;4207.0;4207HB;BU05121410;GM0512;4207.0;4207HB;BU05121410;GM0512;4207.0;4207HB;False;False;False;51.84085274544768;5.002278894517148;WarmteAtlas:AquathermieEffluent;https://www.warmteatlas.nl/geoserver/WarmteAtlas/wfs;2026-06-24T11:35:41;
178;drukleiding (persleiding);1990;99999;Asbestcement;Effluentleiding;3470;3470;49.99902;72.523;72.523;Waterschap Rivierenland;26470.9;20429.7;Gorinchem;Alblasserwaard;210;420;84;168;Zuid-Holland;Waterschap Rivierenland;BU05121411;GM0512;4207.0;4207HX;BU05121411;GM0512;4207.0;4207HX;BU05121411;GM0512;4207.0;4207HX;False;False;False;51.84088216530079;5.0035349466719605;WarmteAtlas:AquathermieEffluent;https://www.warmteatlas.nl/geoserver/WarmteAtlas/wfs;2026-06-24T11:35:41;
179;drukleiding (persleiding);1990;99999;Asbestcement;Effluentleiding;3470;3470;25.085234;72.523;72.523;Waterschap Rivierenland;26470.9;20429.7;Gorinchem;Alblasserwaard;210;420;84;168;Zuid-Holland;Waterschap Rivierenland;BU05121411;GM0512;4207.0;4207HZ;BU05121411;GM0512;4207.0;4207HZ;BU05121411;GM0512;4207.0;4207HZ;False;False;False;51.838321906855995;5.008678441407463;WarmteAtlas:AquathermieEffluent;https://www.warmteatlas.nl/geoserver/WarmteAtlas/wfs;2026-06-24T11:35:41;
180;drukleiding (persleiding);1990;99999;Asbestcement;Effluentleiding;3470;3470;559.927096;72.523;72.523;Waterschap Rivierenland;26470.9;20429.7;Gorinchem;Alblasserwaard;210;420;84;168;Zuid-Holland;Waterschap Rivierenland;BU05121411;GM0512;4207.0;4207HW;BU05121411;GM0512;4207.0;4207HW;BU05121411;GM0512;4207.0;4207HW;False;False;False;51.839092291985196;5.005632488714672;WarmteAtlas:AquathermieEffluent;https://www.warmteatlas.nl/geoserver/WarmteAtlas/wfs;2026-06-24T11:35:41;
181;drukleiding (persleiding);1978;539;Staal;Effluentleiding;2970;2970;157.996496;62.073;62.073;Waterschap Rivierenland;22656.6;17486.0;Hardinxveld-Giessendam;Drechtsteden;180;359;72;144;Zuid-Holland;Waterschap Rivierenland;BU05230202;GM0523;3371.0;3371EN;BU05230202;GM0523;3371.0;3371EN;BU05230202;GM0523;3371.0;3371EN;False;False;False;51.82085181908259;4.834879789427072;WarmteAtlas:AquathermieEffluent;https://www.warmteatlas.nl/geoserver/WarmteAtlas/wfs;2026-06-24T11:35:41;
182;drukleiding (persleiding);1978;99999;"Beton; voorgespannen";Effluentleiding;2970;2970;134.305209;62.073;62.073;Waterschap Rivierenland;22656.6;17486.0;Hardinxveld-Giessendam;Drechtsteden;180;359;72;144;Zuid-Holland;Waterschap Rivierenland;BU05230202;GM0523;3371.0;3371EN;BU05230202;GM0523;3371.0;3371EN;BU05230202;GM0523;3371.0;3371EN;False;False;False;51.82212504627594;4.836322256439784;WarmteAtlas:AquathermieEffluent;https://www.warmteatlas.nl/geoserver/WarmteAtlas/wfs;2026-06-24T11:35:41;
183;overig;1978;635;Gietijzer;Effluentleiding;2970;2970;98.997426;62.073;62.073;Waterschap Rivierenland;22656.6;17486.0;Hardinxveld-Giessendam;Drechtsteden;180;359;72;144;Zuid-Holland;Waterschap Rivierenland;BU05230202;GM0523;3371.0;3371EN;BU05230202;GM0523;3371.0;3371EN;BU05230202;GM0523;3371.0;3371EN;False;False;False;51.82185844354776;4.834916412939658;WarmteAtlas:AquathermieEffluent;https://www.warmteatlas.nl/geoserver/WarmteAtlas/wfs;2026-06-24T11:35:41;
184;drukleiding (persleiding);1989;610;Staal;Effluentleiding;6750;6750;92.618312;141.075;141.075;Waterschap Rivierenland;51492.4;39740.8;Molenwaard;Alblasserwaard;408;816;163;327;Zuid-Holland;Waterschap Rivierenland;BU19780603;GM1978;2964.0;2964AD;BU19780603;GM1978;2964.0;2964AD;BU19780603;GM1978;2964.0;2964AD;False;False;False;51.94000170692474;4.8560573421946645;WarmteAtlas:AquathermieEffluent;https://www.warmteatlas.nl/geoserver/WarmteAtlas/wfs;2026-06-24T11:35:41;
185;drukleiding (persleiding);1991;381;Staal;Effluentleiding;3348;3348;67.905525;69.9732;69.9732;Waterschap Rivierenland;25540.2;19711.4;Molenwaard;Alblasserwaard;202;405;81;162;Zuid-Holland;Waterschap Rivierenland;BU19781207;GM1978;2957.0;2957VC;BU19781207;GM1978;2957.0;2957VC;BU19781207;GM1978;2957.0;2957VC;False;False;False;51.88813819233795;4.65732366416251;WarmteAtlas:AquathermieEffluent;https://www.warmteatlas.nl/geoserver/WarmteAtlas/wfs;2026-06-24T11:35:41;
186;drukleiding (persleiding);1989;630;PVC;Effluentleiding;6750;6750;357.417636;141.075;141.075;Waterschap Rivierenland;51492.4;39740.8;Molenwaard;Alblasserwaard;408;816;163;327;Zuid-Holland;Waterschap Rivierenland;BU19780602;GM1978;2964.0;2964AM;BU19780602;GM1978;2964.0;2964AM;BU19780602;GM1978;2964.0;2964AM;False;False;False;51.93705311674803;4.857100553716436;WarmteAtlas:AquathermieEffluent;https://www.warmteatlas.nl/geoserver/WarmteAtlas/wfs;2026-06-24T11:35:41;
187;drukleiding (persleiding);1985;400;PVC;Effluentleiding;3348;3348;119.990523;69.9732;69.9732;Waterschap Rivierenland;25540.2;19711.4;Molenwaard;Alblasserwaard;202;405;81;162;Zuid-Holland;Waterschap Rivierenland;BU19781202;GM1978;2957.0;2957EN;BU19781202;GM1978;2957.0;2957EN;BU19781202;GM1978;2957.0;2957EN;False;False;False;51.88721050935945;4.657964066635656;WarmteAtlas:AquathermieEffluent;https://www.warmteatlas.nl/geoserver/WarmteAtlas/wfs;2026-06-24T11:35:41;
188;drukleiding (persleiding);1985;381;Staal;Effluentleiding;3348;3348;30.687911;69.9732;69.9732;Waterschap Rivierenland;25540.2;19711.4;Molenwaard;Alblasserwaard;202;405;81;162;Zuid-Holland;Waterschap Rivierenland;BU19781207;GM1978;2957.0;2957VC;BU19781207;GM1978;2957.0;2957VC;BU19781207;GM1978;2957.0;2957VC;False;False;False;51.88770669850709;4.657336471536628;WarmteAtlas:AquathermieEffluent;https://www.warmteatlas.nl/geoserver/WarmteAtlas/wfs;2026-06-24T11:35:41;
189;drukleiding (persleiding);1989;610;Staal;Effluentleiding;6750;6750;174.353522;141.075;141.075;Waterschap Rivierenland;51492.4;39740.8;Molenwaard;Alblasserwaard;408;816;163;327;Zuid-Holland;Waterschap Rivierenland;BU19780603;GM1978;2964.0;2964GG;BU19780603;GM1978;2964.0;2964GG;BU19780603;GM1978;2964.0;2964GG;False;False;False;51.93895428808672;4.855932900274014;WarmteAtlas:AquathermieEffluent;https://www.warmteatlas.nl/geoserver/WarmteAtlas/wfs;2026-06-24T11:35:41;
190;drukleiding (persleiding);1981;423;Staal;Effluentleiding;8410;8410;182.457053;175.769;175.769;Waterschap Rivierenland;64155.7;49514.1;Alblasserdam;Drechtsteden;508;1017;203;407;Zuid-Holland;Waterschap Rivierenland;BU04820503;GM0482;2952.0;2952AR;BU04820503;GM0482;2952.0;2952AR;BU04820503;GM0482;2952.0;2952AR;False;False;False;51.84870806169907;4.665739106830943;WarmteAtlas:AquathermieEffluent;https://www.warmteatlas.nl/geoserver/WarmteAtlas/wfs;2026-06-24T11:35:41;
191;drukleiding (persleiding);1981;373;Staal;Effluentleiding;8410;8410;308.714974;175.769;175.769;Waterschap Rivierenland;64155.7;49514.1;Alblasserdam;Drechtsteden;508;1017;203;407;Zuid-Holland;Waterschap Rivierenland;BU04820503;GM0482;2952.0;2952AE;BU04820503;GM0482;2952.0;2952AE;BU04820503;GM0482;2952.0;2952AE;False;False;False;51.84964172976851;4.668336850170538;WarmteAtlas:AquathermieEffluent;https://www.warmteatlas.nl/geoserver/WarmteAtlas/wfs;2026-06-24T11:35:41;
192;drukleiding (persleiding);1981;425;Staal;Effluentleiding;8410;8410;43.450848;175.769;175.769;Waterschap Rivierenland;64155.7;49514.1;Alblasserdam;Drechtsteden;508;1017;203;407;Zuid-Holland;Waterschap Rivierenland;BU04820503;GM0482;2952.0;2952AE;BU04820503;GM0482;2952.0;2952AE;BU04820503;GM0482;2952.0;2952AE;False;False;False;51.84969909016212;4.67078057593673;WarmteAtlas:AquathermieEffluent;https://www.warmteatlas.nl/geoserver/WarmteAtlas/wfs;2026-06-24T11:35:41;
193;drukleiding (persleiding);1981;390;Staal;Effluentleiding;8410;8410;44.673036;175.769;175.769;Waterschap Rivierenland;64155.7;49514.1;Alblasserdam;Drechtsteden;508;1017;203;407;Zuid-Holland;Waterschap Rivierenland;BU04820502;GM0482;2952.0;2952AT;BU04820502;GM0482;2952.0;2952AT;BU04820502;GM0482;2952.0;2952AT;False;False;False;51.850287004580814;4.6718158583605165;WarmteAtlas:AquathermieEffluent;https://www.warmteatlas.nl/geoserver/WarmteAtlas/wfs;2026-06-24T11:35:41;
194;drukleiding (persleiding);1981;441;Staal;Effluentleiding;8410;8410;56.999959;175.769;175.769;Waterschap Rivierenland;64155.7;49514.1;Alblasserdam;Drechtsteden;508;1017;203;407;Zuid-Holland;Waterschap Rivierenland;BU04820502;GM0482;2952.0;2952AT;BU04820502;GM0482;2952.0;2952AT;BU04820502;GM0482;2952.0;2952AT;False;False;False;51.84995062492087;4.671318052222291;WarmteAtlas:AquathermieEffluent;https://www.warmteatlas.nl/geoserver/WarmteAtlas/wfs;2026-06-24T11:35:41;
195;drukleiding (persleiding);1968;0;"Beton; gewapend";Effluentleiding;8340;8340;243.864256;174.306;174.306;Waterschap Rivierenland;63621.7;49102.0;Papendrecht;Drechtsteden;504;1009;202;404;Zuid-Holland;Waterschap Rivierenland;BU05900402;GM0590;3354.0;3354XX;BU05900402;GM0590;3354.0;3354XX;BU05900402;GM0590;3354.0;3354XX;False;False;False;51.82517082074684;4.703110086803486;WarmteAtlas:AquathermieEffluent;https://www.warmteatlas.nl/geoserver/WarmteAtlas/wfs;2026-06-24T11:35:41;
196;drukleiding (persleiding);1970;99999;"Beton; plaatstalen kern";Effluentleiding;8420;8420;738.142846;175.978;175.978;Waterschap Rivierenland;64232.0;49573.0;Sliedrecht;Drechtsteden;509;1018;204;407;Zuid-Holland;Waterschap Rivierenland;BU06100406;GM0610;3364.0;3364DK;BU06100406;GM0610;3364.0;3364DK;BU06100406;GM0610;3364.0;3364DK;False;False;False;51.82679029171019;4.797919166482727;WarmteAtlas:AquathermieEffluent;https://www.warmteatlas.nl/geoserver/WarmteAtlas/wfs;2026-06-24T11:35:41;
197;drukleiding (persleiding);1970;99999;"Beton; plaatstalen kern";Effluentleiding;8420;8420;393.148337;175.978;175.978;Waterschap Rivierenland;64232.0;49573.0;Sliedrecht;Drechtsteden;509;1018;204;407;Zuid-Holland;Waterschap Rivierenland;BU06100305;GM0610;3362.0;3362JD;BU06100305;GM0610;3362.0;3362JD;BU06100305;GM0610;3362.0;3362JD;False;False;False;51.82312243267955;4.795239298899401;WarmteAtlas:AquathermieEffluent;https://www.warmteatlas.nl/geoserver/WarmteAtlas/wfs;2026-06-24T11:35:41;
198;114;1983;0;;Effluentleiding;15120;15120;158.743564;316.008;316.008;Hoogheemraadschap De Stichtse Rijnlanden;115343.0;89019.5;Woerden;U10/U16;914;1829;366;732;Utrecht;Hoogheemraadschap De Stichtse Rijnlanden;BU06320201;GM0632;3449.0;3449HJ;BU06320201;GM0632;3449.0;3449HJ;BU06320201;GM0632;3449.0;3449HJ;False;False;False;52.0854230620888;4.8496880716049935;WarmteAtlas:AquathermieEffluent;https://www.warmteatlas.nl/geoserver/WarmteAtlas/wfs;2026-06-24T11:35:41;
199;121;1988;0;;Effluentleiding;13320;13320;599.45479;278.388;278.388;Hoogheemraadschap De Stichtse Rijnlanden;101612.0;78421.9;Utrechtse Heuvelrug;U10/U16;806;1611;322;644;Utrecht;Hoogheemraadschap De Stichtse Rijnlanden;BU15810102;GM1581;3972.0;3972EH;BU15810102;GM1581;3972.0;3972EH;BU15810102;GM1581;3972.0;3972EH;False;False;False;52.045068562508675;5.257757870463087;WarmteAtlas:AquathermieEffluent;https://www.warmteatlas.nl/geoserver/WarmteAtlas/wfs;2026-06-24T11:35:41;
200;115;1999;1000;;Effluentleiding;15120;15120;158.773064;316.008;316.008;Hoogheemraadschap De Stichtse Rijnlanden;115343.0;89019.5;Utrecht;U10/U16;914;1829;366;732;Utrecht;Hoogheemraadschap De Stichtse Rijnlanden;BU03440133;GM0344;3542.0;3542DA;BU03440133;GM0344;3542.0;3542DA;BU03440133;GM0344;3542.0;3542DA;False;False;False;52.12541794927339;5.053402700185285;WarmteAtlas:AquathermieEffluent;https://www.warmteatlas.nl/geoserver/WarmteAtlas/wfs;2026-06-24T11:35:41;
201;115;1999;1200;;Effluentleiding;15120;15120;1702.157947;316.008;316.008;Hoogheemraadschap De Stichtse Rijnlanden;115343.0;89019.5;Utrecht;U10/U16;914;1829;366;732;Utrecht;Hoogheemraadschap De Stichtse Rijnlanden;BU03440133;GM0344;3542.0;3542EC;BU03440133;GM0344;3542.0;3542EC;BU03440133;GM0344;3542.0;3542EC;False;False;False;52.11856806051742;5.043254053095358;WarmteAtlas:AquathermieEffluent;https://www.warmteatlas.nl/geoserver/WarmteAtlas/wfs;2026-06-24T11:35:41;
202;116;1987;1500;;Effluentleiding;108000;108000;61.731804;2257.2;2257.2;Hoogheemraadschap De Stichtse Rijnlanden;823878.0;635853.0;Utrecht;U10/U16;6531;13062;2612;5225;Utrecht;Hoogheemraadschap De Stichtse Rijnlanden;BU03440321;GM0344;3552.0;3552TL;BU03440321;GM0344;3552.0;3552TL;BU03440321;GM0344;3552.0;3552TL;False;False;False;52.108107978892996;5.106678830278664;WarmteAtlas:AquathermieEffluent;https://www.warmteatlas.nl/geoserver/WarmteAtlas/wfs;2026-06-24T11:35:41;
203;111;1984;0;;Effluentleiding;11880;11880;125.919779;248.292;248.292;Hoogheemraadschap De Stichtse Rijnlanden;90626.6;69943.9;Utrecht;U10/U16;718;1437;287;575;Utrecht;Hoogheemraadschap De Stichtse Rijnlanden;BU03441023;GM0344;3454.0;3454HE;BU03441023;GM0344;3454.0;3454HE;BU03441023;GM0344;3454.0;3454HE;False;False;False;52.08983552144537;5.000975600126651;WarmteAtlas:AquathermieEffluent;https://www.warmteatlas.nl/geoserver/WarmteAtlas/wfs;2026-06-24T11:35:41;
204;115;1999;1000;;Effluentleiding;15120;15120;110.176277;316.008;316.008;Hoogheemraadschap De Stichtse Rijnlanden;115343.0;89019.5;Utrecht;U10/U16;914;1829;366;732;Utrecht;Hoogheemraadschap De Stichtse Rijnlanden;BU03440133;GM0344;3542.0;3542DB;BU03440133;GM0344;3542.0;3542DB;BU03440133;GM0344;3542.0;3542DB;False;False;False;52.124511068035126;5.052105656852913;WarmteAtlas:AquathermieEffluent;https://www.warmteatlas.nl/geoserver/WarmteAtlas/wfs;2026-06-24T11:35:41;
205;113;1978;439;;Effluentleiding;0;0;43.779881;0.0;0.0;Hoogheemraadschap De Stichtse Rijnlanden;0.0;0.0;Oudewater;U10/U16;0;0;0;0;Utrecht;Hoogheemraadschap De Stichtse Rijnlanden;BU05890210;GM0589;3421.0;3421GK;BU05890210;GM0589;3421.0;3421GK;BU05890210;GM0589;3421.0;3421GK;False;False;False;52.01979102315168;4.854849926049328;WarmteAtlas:AquathermieEffluent;https://www.warmteatlas.nl/geoserver/WarmteAtlas/wfs;2026-06-24T11:35:41;
206;124;1973;0;;Effluentleiding;9792;9792;38.400405;204.653;204.653;Hoogheemraadschap De Stichtse Rijnlanden;74698.3;57650.8;Wijk bij Duurstede;U10/U16;592;1184;237;474;Utrecht;Hoogheemraadschap De Stichtse Rijnlanden;BU03520100;GM0352;3961.0;3961MN;BU03520100;GM0352;3961.0;3961MN;BU03520100;GM0352;3961.0;3961MN;False;False;False;51.971698569076274;5.308184329256552;WarmteAtlas:AquathermieEffluent;https://www.warmteatlas.nl/geoserver/WarmteAtlas/wfs;2026-06-24T11:35:41;
207;0;1981;0;;Effluentleiding;20520;20520;321.153444;428.868;428.868;Hoogheemraadschap De Stichtse Rijnlanden;156537.0;120812.0;Houten;U10/U16;1241;2482;496;993;Utrecht;Hoogheemraadschap De Stichtse Rijnlanden;BU03212054;GM0321;3992.0;3992LK;BU03212054;GM0321;3992.0;3992LK;BU03212054;GM0321;3992.0;3992LK;False;False;False;52.02775736072245;5.130158001587467;WarmteAtlas:AquathermieEffluent;https://www.warmteatlas.nl/geoserver/WarmteAtlas/wfs;2026-06-24T11:35:41;
208;109;1998;500;;Effluentleiding;5616;5616;163.229957;117.374;117.374;Hoogheemraadschap De Stichtse Rijnlanden;42841.5;33064.3;Lopik;U10/U16;340;679;136;272;Utrecht;Hoogheemraadschap De Stichtse Rijnlanden;BU03310008;GM0331;4235.0;4235VK;BU03310008;GM0331;4235.0;4235VM;BU03310008;GM0331;4235.0;4235VM;False;False;False;51.963767710260456;4.954456537883428;WarmteAtlas:AquathermieEffluent;https://www.warmteatlas.nl/geoserver/WarmteAtlas/wfs;2026-06-24T11:35:41;
209;109;1998;500;;Effluentleiding;5616;5616;772.187762;117.374;117.374;Hoogheemraadschap De Stichtse Rijnlanden;42841.5;33064.3;Lopik;U10/U16;340;679;136;272;Utrecht;Hoogheemraadschap De Stichtse Rijnlanden;BU03310009;GM0331;3411.0;3411MN;BU03310009;GM0331;3411.0;3411MN;BU03310009;GM0331;3411.0;3411MN;False;False;False;51.96739865018865;4.957704225507679;WarmteAtlas:AquathermieEffluent;https://www.warmteatlas.nl/geoserver/WarmteAtlas/wfs;2026-06-24T11:35:41;
210;109;1998;0;;Effluentleiding;5616;5616;111.291032;117.374;117.374;Hoogheemraadschap De Stichtse Rijnlanden;42841.5;33064.3;Lopik;U10/U16;340;679;136;272;Utrecht;Hoogheemraadschap De Stichtse Rijnlanden;BU03310008;GM0331;3411.0;3411MP;BU03310008;GM0331;3411.0;3411MP;BU03310008;GM0331;3411.0;3411MP;False;False;False;51.96493354878144;4.954700502951241;WarmteAtlas:AquathermieEffluent;https://www.warmteatlas.nl/geoserver/WarmteAtlas/wfs;2026-06-24T11:35:41;
211;119;1970;600;;Effluentleiding;6480;6480;428.93238;135.432;135.432;Hoogheemraadschap De Stichtse Rijnlanden;49432.7;38151.2;Bunnik;U10/U16;392;784;157;314;Utrecht;Hoogheemraadschap De Stichtse Rijnlanden;BU03120000;GM0312;3981.0;3981AK;BU03120000;GM0312;3981.0;3981AK;BU03120000;GM0312;3981.0;3981AK;False;False;False;52.06371320846177;5.2167662484126405;WarmteAtlas:AquathermieEffluent;https://www.warmteatlas.nl/geoserver/WarmteAtlas/wfs;2026-06-24T11:35:41;
212;123;1978;0;;Effluentleiding;15120;15120;155.031924;316.008;316.008;Hoogheemraadschap De Stichtse Rijnlanden;115343.0;89019.5;Rhenen;FoodValley;914;1829;366;732;Utrecht;Hoogheemraadschap De Stichtse Rijnlanden;BU03400901;GM0340;3911.0;3911TZ;BU03400901;GM0340;3911.0;3911TZ;BU03400901;GM0340;3911.0;3911TZ;False;False;False;51.9744563508197;5.53219822845573;WarmteAtlas:AquathermieEffluent;https://www.warmteatlas.nl/geoserver/WarmteAtlas/wfs;2026-06-24T11:35:41;
213;123;1979;0;;Effluentleiding;15120;15120;707.397887;316.008;316.008;Hoogheemraadschap De Stichtse Rijnlanden;115343.0;89019.5;Rhenen;FoodValley;914;1829;366;732;Utrecht;Hoogheemraadschap De Stichtse Rijnlanden;BU03400901;GM0340;3911.0;3911TZ;BU03400901;GM0340;3911.0;3911TZ;BU03400901;GM0340;3911.0;3911TZ;False;False;False;51.97235999520913;5.5347182230122876;WarmteAtlas:AquathermieEffluent;https://www.warmteatlas.nl/geoserver/WarmteAtlas/wfs;2026-06-24T11:35:41;
214;118;1983;0;;Effluentleiding;2988;2988;88.742478;62.4492;62.4492;Hoogheemraadschap De Stichtse Rijnlanden;22794.0;17591.9;De Bilt;U10/U16;181;362;72;145;Utrecht;Hoogheemraadschap De Stichtse Rijnlanden;BU03100903;GM0310;3731.0;3731GA;BU03100903;GM0310;3731.0;3731GA;BU03100903;GM0310;3731.0;3731GA;False;False;False;52.10050612303353;5.165464415796924;WarmteAtlas:AquathermieEffluent;https://www.warmteatlas.nl/geoserver/WarmteAtlas/wfs;2026-06-24T11:35:41;
215;118;1983;0;;Effluentleiding;2988;2988;701.33033;62.4492;62.4492;Hoogheemraadschap De Stichtse Rijnlanden;22794.0;17591.9;De Bilt;U10/U16;181;362;72;145;Utrecht;Hoogheemraadschap De Stichtse Rijnlanden;BU03100903;GM0310;3731.0;3731EP;BU03100903;GM0310;3731.0;3731EP;BU03100903;GM0310;3731.0;3731EP;False;False;False;52.1038241720975;5.166818147284096;WarmteAtlas:AquathermieEffluent;https://www.warmteatlas.nl/geoserver/WarmteAtlas/wfs;2026-06-24T11:35:41;
216;118;1983;0;;Effluentleiding;2988;2988;200.607164;62.4492;62.4492;Hoogheemraadschap De Stichtse Rijnlanden;22794.0;17591.9;De Bilt;U10/U16;181;362;72;145;Utrecht;Hoogheemraadschap De Stichtse Rijnlanden;BU03100901;GM0310;3731.0;3731EB;BU03100901;GM0310;3731.0;3731EB;BU03100901;GM0310;3731.0;3731EB;False;False;False;52.10760576236941;5.169037088749354;WarmteAtlas:AquathermieEffluent;https://www.warmteatlas.nl/geoserver/WarmteAtlas/wfs;2026-06-24T11:35:41;
217;118;1983;0;;Effluentleiding;2988;2988;947.871152;62.4492;62.4492;Hoogheemraadschap De Stichtse Rijnlanden;22794.0;17591.9;De Bilt;U10/U16;181;362;72;145;Utrecht;Hoogheemraadschap De Stichtse Rijnlanden;BU03100902;GM0310;3731.0;3731AL;BU03100902;GM0310;3731.0;3731AL;BU03100902;GM0310;3731.0;3731AL;False;False;False;52.11243206493451;5.171510322718591;WarmteAtlas:AquathermieEffluent;https://www.warmteatlas.nl/geoserver/WarmteAtlas/wfs;2026-06-24T11:35:41;
218;118;0;0;;Effluentleiding;2988;2988;185.538499;62.4492;62.4492;Hoogheemraadschap De Stichtse Rijnlanden;22794.0;17591.9;De Bilt;U10/U16;181;362;72;145;Utrecht;Hoogheemraadschap De Stichtse Rijnlanden;BU03100402;GM0310;3737.0;3737AE;BU03100402;GM0310;3737.0;3737AE;BU03100402;GM0310;3737.0;3737AE;False;False;False;52.11778527615858;5.173739006969178;WarmteAtlas:AquathermieEffluent;https://www.warmteatlas.nl/geoserver/WarmteAtlas/wfs;2026-06-24T11:35:41;
219;0;2007;0;;Effluentleiding;2988;2988;159.574411;62.4492;62.4492;Hoogheemraadschap De Stichtse Rijnlanden;22794.0;17591.9;De Bilt;U10/U16;181;362;72;145;Utrecht;Hoogheemraadschap De Stichtse Rijnlanden;BU03100402;GM0310;3737.0;3737AE;BU03100402;GM0310;3737.0;3737AE;BU03100402;GM0310;3737.0;3737AE;False;False;False;52.12013837215755;5.175376186079618;WarmteAtlas:AquathermieEffluent;https://www.warmteatlas.nl/geoserver/WarmteAtlas/wfs;2026-06-24T11:35:41;
220;118;0;0;;Effluentleiding;2988;2988;104.325935;62.4492;62.4492;Hoogheemraadschap De Stichtse Rijnlanden;22794.0;17591.9;De Bilt;U10/U16;181;362;72;145;Utrecht;Hoogheemraadschap De Stichtse Rijnlanden;BU03100402;GM0310;3737.0;3737AL;BU03100402;GM0310;3737.0;3737AL;BU03100402;GM0310;3737.0;3737AL;False;False;False;52.11666527132423;5.173461329150546;WarmteAtlas:AquathermieEffluent;https://www.warmteatlas.nl/geoserver/WarmteAtlas/wfs;2026-06-24T11:35:41;
221;110;1972;700;;Onbekend;25200;25200;566.454073;526.68;526.68;Hoogheemraadschap De Stichtse Rijnlanden;192238.0;148366.0;IJsselstein;U10/U16;1524;3048;610;1219;Utrecht;Hoogheemraadschap De Stichtse Rijnlanden;BU03530030;GM0353;3401.0;3401RZ;BU03530030;GM0353;3401.0;3401RZ;BU03530030;GM0353;3401.0;3401RZ;False;False;False;52.002908185682976;5.0679618203994234;WarmteAtlas:AquathermieEffluent;https://www.warmteatlas.nl/geoserver/WarmteAtlas/wfs;2026-06-24T11:35:41;
222;110;1972;120;;Effluentleiding;25200;25200;577.518395;526.68;526.68;Hoogheemraadschap De Stichtse Rijnlanden;192238.0;148366.0;IJsselstein;U10/U16;1524;3048;610;1219;Utrecht;Hoogheemraadschap De Stichtse Rijnlanden;BU03530030;GM0353;4133.0;4133LB;BU03530030;GM0353;4133.0;4133LB;BU03530030;GM0353;4133.0;4133LB;False;False;False;52.000191926884334;5.071941213530038;WarmteAtlas:AquathermieEffluent;https://www.warmteatlas.nl/geoserver/WarmteAtlas/wfs;2026-06-24T11:35:41;
223;drukleiding (persleiding);2006;1400;Beton;Effluentleiding;262800;262800;368.273858;5492.52;5492.52;Hoogheemraadschap van Delfland;2004770.0;1547240.0;Midden-Delfland;Rotterdam-Den Haag;15893;31786;6357;12714;Zuid-Holland;Hoogheemraadschap van Delfland;BU18420001;GM1842;2635.0;2635BX;BU18420001;GM1842;2635.0;2635GC;BU18420001;GM1842;2635.0;2635GC;False;False;False;52.0177796748035;4.317735157880052;WarmteAtlas:AquathermieEffluent;https://www.warmteatlas.nl/geoserver/WarmteAtlas/wfs;2026-06-24T11:35:41;
224;drukleiding (persleiding);2006;1400;Staal;Effluentleiding;262800;262800;2.794307;5492.52;5492.52;Hoogheemraadschap van Delfland;2004770.0;1547240.0;Midden-Delfland;Rotterdam-Den Haag;15893;31786;6357;12714;Zuid-Holland;Hoogheemraadschap van Delfland;BU18420001;GM1842;2635.0;2635GC;BU18420001;GM1842;2635.0;2635GC;BU18420001;GM1842;2635.0;2635GC;False;False;False;52.019101381379066;4.318507042499404;WarmteAtlas:AquathermieEffluent;https://www.warmteatlas.nl/geoserver/WarmteAtlas/wfs;2026-06-24T11:35:41;
225;drukleiding (persleiding);2006;1400;Gewapend beton;Effluentleiding;262800;262800;81.82817;5492.52;5492.52;Hoogheemraadschap van Delfland;2004770.0;1547240.0;Midden-Delfland;Rotterdam-Den Haag;15893;31786;6357;12714;Zuid-Holland;Hoogheemraadschap van Delfland;BU06031064;GM0603;2286.0;2286KS;BU06031064;GM0603;2286.0;2286WX;BU06031064;GM0603;2286.0;2286WX;False;False;False;52.01946885572716;4.31838517841843;WarmteAtlas:AquathermieEffluent;https://www.warmteatlas.nl/geoserver/WarmteAtlas/wfs;2026-06-24T11:35:41;
226;drukleiding (persleiding);1970;1400;Gewapend beton;Effluentleiding;262800;262800;34.427369;5492.52;5492.52;Hoogheemraadschap van Delfland;2004770.0;1547240.0;'s-Gravenhage;Rotterdam-Den Haag;15893;31786;6357;12714;Zuid-Holland;Hoogheemraadschap van Delfland;BU05181309;GM0518;2566.0;2566HA;BU05181309;GM0518;2566.0;2566HA;BU05181309;GM0518;2566.0;2566HA;False;False;False;52.08856055959137;4.26834703883105;WarmteAtlas:AquathermieEffluent;https://www.warmteatlas.nl/geoserver/WarmteAtlas/wfs;2026-06-24T11:35:41;
227;drukleiding (persleiding);1970;1400;Gewapend beton;Effluentleiding;262800;262800;503.806243;5492.52;5492.52;Hoogheemraadschap van Delfland;2004770.0;1547240.0;'s-Gravenhage;Rotterdam-Den Haag;15893;31786;6357;12714;Zuid-Holland;Hoogheemraadschap van Delfland;BU05181309;GM0518;2566.0;2566HE;BU05181309;GM0518;2566.0;2566HE;BU05181309;GM0518;2566.0;2566HE;False;False;False;52.08667200152991;4.2705001641360285;WarmteAtlas:AquathermieEffluent;https://www.warmteatlas.nl/geoserver/WarmteAtlas/wfs;2026-06-24T11:35:41;
228;drukleiding (persleiding);1970;1400;Gewapend beton;Effluentleiding;262800;262800;924.003243;5492.52;5492.52;Hoogheemraadschap van Delfland;2004770.0;1547240.0;'s-Gravenhage;Rotterdam-Den Haag;15893;31786;6357;12714;Zuid-Holland;Hoogheemraadschap van Delfland;BU05181252;GM0518;2565.0;2565LJ;BU05181252;GM0518;2565.0;2565LJ;BU05181252;GM0518;2565.0;2565LJ;False;False;False;52.08130853265292;4.2737889999739815;WarmteAtlas:AquathermieEffluent;https://www.warmteatlas.nl/geoserver/WarmteAtlas/wfs;2026-06-24T11:35:41;
229;drukleiding (persleiding);1971;1400;Gewapend beton;Effluentleiding;262800;262800;10.194901;5492.52;5492.52;Hoogheemraadschap van Delfland;2004770.0;1547240.0;'s-Gravenhage;Rotterdam-Den Haag;15893;31786;6357;12714;Zuid-Holland;Hoogheemraadschap van Delfland;BU05182144;GM0518;2562.0;2562BH;BU05182144;GM0518;2562.0;2562BH;BU05182144;GM0518;2562.0;2562BH;False;False;False;52.07840804246023;4.277543730064448;WarmteAtlas:AquathermieEffluent;https://www.warmteatlas.nl/geoserver/WarmteAtlas/wfs;2026-06-24T11:35:41;
230;drukleiding (persleiding);1970;1400;Gewapend beton;Effluentleiding;262800;262800;2624.629107;5492.52;5492.52;Hoogheemraadschap van Delfland;2004770.0;1547240.0;'s-Gravenhage;Rotterdam-Den Haag;15893;31786;6357;12714;Zuid-Holland;Hoogheemraadschap van Delfland;BU05183131;GM0518;2573.0;2573PM;BU05183131;GM0518;2573.0;2573PM;BU05183131;GM0518;2573.0;2573PM;False;False;False;52.069440750407054;4.284052635115396;WarmteAtlas:AquathermieEffluent;https://www.warmteatlas.nl/geoserver/WarmteAtlas/wfs;2026-06-24T11:35:41;
231;drukleiding (persleiding);1970;1400;Gewapend beton;Effluentleiding;262800;262800;34.000368;5492.52;5492.52;Hoogheemraadschap van Delfland;2004770.0;1547240.0;'s-Gravenhage;Rotterdam-Den Haag;15893;31786;6357;12714;Zuid-Holland;Hoogheemraadschap van Delfland;BU05183721;GM0518;2571.0;2571GA;BU05183721;GM0518;2571.0;2571GA;BU05183721;GM0518;2571.0;2571GA;False;False;False;52.05978513160629;4.2926909233542245;WarmteAtlas:AquathermieEffluent;https://www.warmteatlas.nl/geoserver/WarmteAtlas/wfs;2026-06-24T11:35:41;
232;drukleiding (persleiding);1970;1400;Gewapend beton;Effluentleiding;262800;262800;29.591352;5492.52;5492.52;Hoogheemraadschap van Delfland;2004770.0;1547240.0;'s-Gravenhage;Rotterdam-Den Haag;15893;31786;6357;12714;Zuid-Holland;Hoogheemraadschap van Delfland;BU05183721;GM0518;2525.0;2525JK;BU05183721;GM0518;2525.0;2525JK;BU05183721;GM0518;2525.0;2525JK;False;False;False;52.05955716431443;4.292953321878798;WarmteAtlas:AquathermieEffluent;https://www.warmteatlas.nl/geoserver/WarmteAtlas/wfs;2026-06-24T11:35:41;
233;drukleiding (persleiding);1970;1400;Gewapend beton;Effluentleiding;262800;262800;20.000386;5492.52;5492.52;Hoogheemraadschap van Delfland;2004770.0;1547240.0;'s-Gravenhage;Rotterdam-Den Haag;15893;31786;6357;12714;Zuid-Holland;Hoogheemraadschap van Delfland;BU05183721;GM0518;2571.0;2571GA;BU05183721;GM0518;2571.0;2571GA;BU05183721;GM0518;2571.0;2571GA;False;False;False;52.05945911759905;4.293267779205021;WarmteAtlas:AquathermieEffluent;https://www.warmteatlas.nl/geoserver/WarmteAtlas/wfs;2026-06-24T11:35:41;
234;drukleiding (persleiding);1970;1370;Gewapend beton;Effluentleiding;262800;262800;95.045911;5492.52;5492.52;Hoogheemraadschap van Delfland;2004770.0;1547240.0;'s-Gravenhage;Rotterdam-Den Haag;15893;31786;6357;12714;Zuid-Holland;Hoogheemraadschap van Delfland;BU05183721;GM0518;2525.0;2525JK;BU05183721;GM0518;2525.0;2525JK;BU05183721;GM0518;2525.0;2525JK;False;False;False;52.059088096773124;4.293777010224923;WarmteAtlas:AquathermieEffluent;https://www.warmteatlas.nl/geoserver/WarmteAtlas/wfs;2026-06-24T11:35:41;
235;drukleiding (persleiding);1970;1400;Gewapend beton;Effluentleiding;262800;262800;17.254327;5492.52;5492.52;Hoogheemraadschap van Delfland;2004770.0;1547240.0;'s-Gravenhage;Rotterdam-Den Haag;15893;31786;6357;12714;Zuid-Holland;Hoogheemraadschap van Delfland;BU05183638;GM0518;2531.0;2531AV;BU05183638;GM0518;2531.0;2531AV;BU05183638;GM0518;2531.0;2531AV;False;False;False;52.058636181762466;4.293990887615959;WarmteAtlas:AquathermieEffluent;https://www.warmteatlas.nl/geoserver/WarmteAtlas/wfs;2026-06-24T11:35:41;
236;drukleiding (persleiding);1970;1400;Gewapend beton;Effluentleiding;262800;262800;466.260404;5492.52;5492.52;Hoogheemraadschap van Delfland;2004770.0;1547240.0;'s-Gravenhage;Rotterdam-Den Haag;15893;31786;6357;12714;Zuid-Holland;Hoogheemraadschap van Delfland;BU05183638;GM0518;2531.0;2531BT;BU05183638;GM0518;2531.0;2531BT;BU05183638;GM0518;2531.0;2531BT;False;False;False;52.056686650937834;4.295261744662894;WarmteAtlas:AquathermieEffluent;https://www.warmteatlas.nl/geoserver/WarmteAtlas/wfs;2026-06-24T11:35:41;
237;drukleiding (persleiding);1970;1400;Gewapend beton;Effluentleiding;262800;262800;46.51981;5492.52;5492.52;Hoogheemraadschap van Delfland;2004770.0;1547240.0;'s-Gravenhage;Rotterdam-Den Haag;15893;31786;6357;12714;Zuid-Holland;Hoogheemraadschap van Delfland;BU05183638;GM0518;2531.0;2531BJ;BU05183638;GM0518;2531.0;2531BJ;BU05183638;GM0518;2531.0;2531BJ;False;False;False;52.05463062035903;4.296946093285402;WarmteAtlas:AquathermieEffluent;https://www.warmteatlas.nl/geoserver/WarmteAtlas/wfs;2026-06-24T11:35:41;
238;drukleiding (persleiding);1970;1400;Gewapend beton;Effluentleiding;262800;262800;475.390969;5492.52;5492.52;Hoogheemraadschap van Delfland;2004770.0;1547240.0;'s-Gravenhage;Rotterdam-Den Haag;15893;31786;6357;12714;Zuid-Holland;Hoogheemraadschap van Delfland;BU05183638;GM0518;2531.0;2531BN;BU05183638;GM0518;2531.0;2531BN;BU05183638;GM0518;2531.0;2531BN;False;False;False;52.05253289177485;4.298646715553348;WarmteAtlas:AquathermieEffluent;https://www.warmteatlas.nl/geoserver/WarmteAtlas/wfs;2026-06-24T11:35:41;
239;drukleiding (persleiding);1970;1400;Gewapend beton;Effluentleiding;262800;262800;567.68838;5492.52;5492.52;Hoogheemraadschap van Delfland;2004770.0;1547240.0;'s-Gravenhage;Rotterdam-Den Haag;15893;31786;6357;12714;Zuid-Holland;Hoogheemraadschap van Delfland;BU05183620;GM0518;2531.0;2531PB;BU05183620;GM0518;2531.0;2531PB;BU05183620;GM0518;2531.0;2531PB;False;False;False;52.048667833739145;4.301627098988315;WarmteAtlas:AquathermieEffluent;https://www.warmteatlas.nl/geoserver/WarmteAtlas/wfs;2026-06-24T11:35:41;
240;drukleiding (persleiding);2006;1400;GVK;Effluentleiding;864000;86400;9.16842;18057.6;18057.6;Hoogheemraadschap van Delfland;6591020.0;5086830.0;'s-Gravenhage;Rotterdam-Den Haag;5225;57475;2090;22990;Zuid-Holland;Hoogheemraadschap van Delfland;BU05181309;GM0518;2566.0;2566EA;BU05181309;GM0518;2566.0;2566EA;BU05181309;GM0518;2566.0;2566EA;False;False;False;52.08701831172818;4.267205303438723;WarmteAtlas:AquathermieEffluent;https://www.warmteatlas.nl/geoserver/WarmteAtlas/wfs;2026-06-24T11:35:41;
241;drukleiding (persleiding);2004;1400;Gewapend beton;Effluentleiding;864000;86400;15.156264;18057.6;18057.6;Hoogheemraadschap van Delfland;6591020.0;5086830.0;'s-Gravenhage;Rotterdam-Den Haag;5225;57475;2090;22990;Zuid-Holland;Hoogheemraadschap van Delfland;BU05181309;GM0518;2566.0;2566EV;BU05181309;GM0518;2566.0;2566EV;BU05181309;GM0518;2566.0;2566EV;False;False;False;52.08740930953597;4.2691164283675125;WarmteAtlas:AquathermieEffluent;https://www.warmteatlas.nl/geoserver/WarmteAtlas/wfs;2026-06-24T11:35:41;
242;drukleiding (persleiding);1965;0;Beton;Effluentleiding;864000;86400;192.215467;18057.6;18057.6;Hoogheemraadschap van Delfland;6591020.0;5086830.0;'s-Gravenhage;Rotterdam-Den Haag;5225;57475;2090;22990;Zuid-Holland;Hoogheemraadschap van Delfland;BU05181309;GM0518;2566.0;2566GJ;BU05181309;GM0518;2566.0;2566GJ;BU05181309;GM0518;2566.0;2566GJ;False;False;False;52.088077791980545;4.267483025463371;WarmteAtlas:AquathermieEffluent;https://www.warmteatlas.nl/geoserver/WarmteAtlas/wfs;2026-06-24T11:35:41;
243;drukleiding (persleiding);2004;1400;GVK;Effluentleiding;864000;86400;54.180387;18057.6;18057.6;Hoogheemraadschap van Delfland;6591020.0;5086830.0;'s-Gravenhage;Rotterdam-Den Haag;5225;57475;2090;22990;Zuid-Holland;Hoogheemraadschap van Delfland;BU05181309;GM0518;2566.0;2566EV;BU05181309;GM0518;2566.0;2566EV;BU05181309;GM0518;2566.0;2566EV;False;False;False;52.08701414385287;4.267636851880963;WarmteAtlas:AquathermieEffluent;https://www.warmteatlas.nl/geoserver/WarmteAtlas/wfs;2026-06-24T11:35:41;
244;drukleiding (persleiding);2004;1400;Beton;Effluentleiding;864000;86400;83.898186;18057.6;18057.6;Hoogheemraadschap van Delfland;6591020.0;5086830.0;'s-Gravenhage;Rotterdam-Den Haag;5225;57475;2090;22990;Zuid-Holland;Hoogheemraadschap van Delfland;BU05181309;GM0518;2566.0;2566EC;BU05181309;GM0518;2566.0;2566EC;BU05181309;GM0518;2566.0;2566EC;False;False;False;52.087212785990744;4.2685866986456364;WarmteAtlas:AquathermieEffluent;https://www.warmteatlas.nl/geoserver/WarmteAtlas/wfs;2026-06-24T11:35:41;
245;drukleiding (persleiding);1970;1400;Gewapend beton;Effluentleiding;262800;262800;36.491177;5492.52;5492.52;Hoogheemraadschap van Delfland;2004770.0;1547240.0;'s-Gravenhage;Rotterdam-Den Haag;15893;31786;6357;12714;Zuid-Holland;Hoogheemraadschap van Delfland;BU06030851;GM0603;2285.0;2285SE;BU06030851;GM0603;2285.0;2285SE;BU06030851;GM0603;2285.0;2285SE;False;False;False;52.04651268288294;4.304035832322188;WarmteAtlas:AquathermieEffluent;https://www.warmteatlas.nl/geoserver/WarmteAtlas/wfs;2026-06-24T11:35:41;
246;drukleiding (persleiding);1970;1400;Gewapend beton;Effluentleiding;262800;262800;217.430128;5492.52;5492.52;Hoogheemraadschap van Delfland;2004770.0;1547240.0;Rijswijk;Rotterdam-Den Haag;15893;31786;6357;12714;Zuid-Holland;Hoogheemraadschap van Delfland;BU06030851;GM0603;2285.0;2285SE;BU06030851;GM0603;2285.0;2285SE;BU06030851;GM0603;2285.0;2285SE;False;False;False;52.0454944956885;4.304871324067839;WarmteAtlas:AquathermieEffluent;https://www.warmteatlas.nl/geoserver/WarmteAtlas/wfs;2026-06-24T11:35:41;
247;drukleiding (persleiding);1970;1400;Gewapend beton;Effluentleiding;262800;262800;22.971444;5492.52;5492.52;Hoogheemraadschap van Delfland;2004770.0;1547240.0;Rijswijk;Rotterdam-Den Haag;15893;31786;6357;12714;Zuid-Holland;Hoogheemraadschap van Delfland;BU06030851;GM0603;2285.0;2285SE;BU06030851;GM0603;2285.0;2285SE;BU06030851;GM0603;2285.0;2285SE;False;False;False;52.044533686896024;4.305670546332069;WarmteAtlas:AquathermieEffluent;https://www.warmteatlas.nl/geoserver/WarmteAtlas/wfs;2026-06-24T11:35:41;
248;drukleiding (persleiding);1970;1400;Gewapend beton;Effluentleiding;262800;262800;70.880182;5492.52;5492.52;Hoogheemraadschap van Delfland;2004770.0;1547240.0;Rijswijk;Rotterdam-Den Haag;15893;31786;6357;12714;Zuid-Holland;Hoogheemraadschap van Delfland;BU06030851;GM0603;2285.0;2285SE;BU06030851;GM0603;2285.0;2285SE;BU06030851;GM0603;2285.0;2285SE;False;False;False;52.0442010012901;4.306089692902624;WarmteAtlas:AquathermieEffluent;https://www.warmteatlas.nl/geoserver/WarmteAtlas/wfs;2026-06-24T11:35:41;
249;drukleiding (persleiding);1970;1400;Gewapend beton;Effluentleiding;262800;262800;22.585042;5492.52;5492.52;Hoogheemraadschap van Delfland;2004770.0;1547240.0;Rijswijk;Rotterdam-Den Haag;15893;31786;6357;12714;Zuid-Holland;Hoogheemraadschap van Delfland;BU06030641;GM0603;2284.0;2284TT;BU06030641;GM0603;2284.0;2284TT;BU06030641;GM0603;2284.0;2284TT;False;False;False;52.043869995845604;4.306507919208068;WarmteAtlas:AquathermieEffluent;https://www.warmteatlas.nl/geoserver/WarmteAtlas/wfs;2026-06-24T11:35:41;
250;drukleiding (persleiding);1970;1400;Gewapend beton;Effluentleiding;262800;262800;229.28576;5492.52;5492.52;Hoogheemraadschap van Delfland;2004770.0;1547240.0;Rijswijk;Rotterdam-Den Haag;15893;31786;6357;12714;Zuid-Holland;Hoogheemraadschap van Delfland;BU06030641;GM0603;2284.0;2284TT;BU06030641;GM0603;2284.0;2284TT;BU06030641;GM0603;2284.0;2284TT;False;False;False;52.04286723887008;4.307357509999844;WarmteAtlas:AquathermieEffluent;https://www.warmteatlas.nl/geoserver/WarmteAtlas/wfs;2026-06-24T11:35:41;
251;drukleiding (persleiding);1970;1400;Gewapend beton;Effluentleiding;262800;262800;27.163071;5492.52;5492.52;Hoogheemraadschap van Delfland;2004770.0;1547240.0;Rijswijk;Rotterdam-Den Haag;15893;31786;6357;12714;Zuid-Holland;Hoogheemraadschap van Delfland;BU06030642;GM0603;2285.0;2285SC;BU06030642;GM0603;2285.0;2285SC;BU06030642;GM0603;2285.0;2285SC;False;False;False;52.041840940429594;4.308207343796989;WarmteAtlas:AquathermieEffluent;https://www.warmteatlas.nl/geoserver/WarmteAtlas/wfs;2026-06-24T11:35:41;
252;drukleiding (persleiding);1970;1400;Gewapend beton;Effluentleiding;262800;262800;362.014123;5492.52;5492.52;Hoogheemraadschap van Delfland;2004770.0;1547240.0;Rijswijk;Rotterdam-Den Haag;15893;31786;6357;12714;Zuid-Holland;Hoogheemraadschap van Delfland;BU06030642;GM0603;2285.0;2285SC;BU06030642;GM0603;2285.0;2285SC;BU06030642;GM0603;2285.0;2285SC;False;False;False;52.04029236767868;4.309524832432048;WarmteAtlas:AquathermieEffluent;https://www.warmteatlas.nl/geoserver/WarmteAtlas/wfs;2026-06-24T11:35:41;
253;drukleiding (persleiding);1970;1400;Gewapend beton;Effluentleiding;262800;262800;99.594284;5492.52;5492.52;Hoogheemraadschap van Delfland;2004770.0;1547240.0;Rijswijk;Rotterdam-Den Haag;15893;31786;6357;12714;Zuid-Holland;Hoogheemraadschap van Delfland;BU06030642;GM0603;2285.0;2285SC;BU06030642;GM0603;2285.0;2285SC;BU06030642;GM0603;2285.0;2285SC;False;False;False;52.03845286353379;4.311079501995095;WarmteAtlas:AquathermieEffluent;https://www.warmteatlas.nl/geoserver/WarmteAtlas/wfs;2026-06-24T11:35:41;
254;drukleiding (persleiding);1970;1400;Gewapend beton;Effluentleiding;262800;262800;9.086445;5492.52;5492.52;Hoogheemraadschap van Delfland;2004770.0;1547240.0;Rijswijk;Rotterdam-Den Haag;15893;31786;6357;12714;Zuid-Holland;Hoogheemraadschap van Delfland;BU06030643;GM0603;2284.0;2284BK;BU06030643;GM0603;2284.0;2284BK;BU06030643;GM0603;2284.0;2284BK;False;False;False;52.038026955278774;4.311466556428213;WarmteAtlas:AquathermieEffluent;https://www.warmteatlas.nl/geoserver/WarmteAtlas/wfs;2026-06-24T11:35:41;
255;drukleiding (persleiding);1970;1400;Gewapend beton;Effluentleiding;262800;262800;611.198383;5492.52;5492.52;Hoogheemraadschap van Delfland;2004770.0;1547240.0;Rijswijk;Rotterdam-Den Haag;15893;31786;6357;12714;Zuid-Holland;Hoogheemraadschap van Delfland;BU06030643;GM0603;2284.0;2284BK;BU06030643;GM0603;2284.0;2284BK;BU06030643;GM0603;2284.0;2284BK;False;False;False;52.035644284409294;4.313810862123969;WarmteAtlas:AquathermieEffluent;https://www.warmteatlas.nl/geoserver/WarmteAtlas/wfs;2026-06-24T11:35:41;
256;drukleiding (persleiding);1970;1400;Gewapend beton;Effluentleiding;262800;262800;24.031307;5492.52;5492.52;Hoogheemraadschap van Delfland;2004770.0;1547240.0;Rijswijk;Rotterdam-Den Haag;15893;31786;6357;12714;Zuid-Holland;Hoogheemraadschap van Delfland;BU06030771;GM0603;2287.0;2287RA;BU06030771;GM0603;2287.0;2287AN;BU06030771;GM0603;2287.0;2287AN;False;False;False;52.03320129256749;4.3162026109897145;WarmteAtlas:AquathermieEffluent;https://www.warmteatlas.nl/geoserver/WarmteAtlas/wfs;2026-06-24T11:35:41;
257;drukleiding (persleiding);1970;1400;Gewapend beton;Effluentleiding;262800;262800;80.103308;5492.52;5492.52;Hoogheemraadschap van Delfland;2004770.0;1547240.0;Rijswijk;Rotterdam-Den Haag;15893;31786;6357;12714;Zuid-Holland;Hoogheemraadschap van Delfland;BU06030961;GM0603;2286.0;2286LT;BU06030961;GM0603;2286.0;2286LT;BU06030961;GM0603;2286.0;2286LT;False;False;False;52.032763678952435;4.316470553529476;WarmteAtlas:AquathermieEffluent;https://www.warmteatlas.nl/geoserver/WarmteAtlas/wfs;2026-06-24T11:35:41;
258;drukleiding (persleiding);1970;1400;Gewapend beton;Effluentleiding;262800;262800;45.075011;5492.52;5492.52;Hoogheemraadschap van Delfland;2004770.0;1547240.0;Rijswijk;Rotterdam-Den Haag;15893;31786;6357;12714;Zuid-Holland;Hoogheemraadschap van Delfland;BU06030961;GM0603;2286.0;2286GZ;BU06030961;GM0603;2286.0;2286GZ;BU06030961;GM0603;2286.0;2286GZ;False;False;False;52.03223841168847;4.3167929969714995;WarmteAtlas:AquathermieEffluent;https://www.warmteatlas.nl/geoserver/WarmteAtlas/wfs;2026-06-24T11:35:41;
259;drukleiding (persleiding);1970;1400;Gewapend beton;Effluentleiding;262800;262800;104.105819;5492.52;5492.52;Hoogheemraadschap van Delfland;2004770.0;1547240.0;Rijswijk;Rotterdam-Den Haag;15893;31786;6357;12714;Zuid-Holland;Hoogheemraadschap van Delfland;BU06030961;GM0603;2286.0;2286HB;BU06030961;GM0603;2286.0;2286HB;BU06030961;GM0603;2286.0;2286HB;False;False;False;52.031672782540525;4.317369344154801;WarmteAtlas:AquathermieEffluent;https://www.warmteatlas.nl/geoserver/WarmteAtlas/wfs;2026-06-24T11:35:41;
260;drukleiding (persleiding);1970;1400;Gewapend beton;Effluentleiding;262800;262800;23.104595;5492.52;5492.52;Hoogheemraadschap van Delfland;2004770.0;1547240.0;Rijswijk;Rotterdam-Den Haag;15893;31786;6357;12714;Zuid-Holland;Hoogheemraadschap van Delfland;BU06030961;GM0603;2286.0;2286HJ;BU06030961;GM0603;2286.0;2286HJ;BU06030961;GM0603;2286.0;2286HJ;False;False;False;52.031196885394934;4.31788261776643;WarmteAtlas:AquathermieEffluent;https://www.warmteatlas.nl/geoserver/WarmteAtlas/wfs;2026-06-24T11:35:41;
261;drukleiding (persleiding);1970;1400;Gewapend beton;Effluentleiding;262800;262800;207.899746;5492.52;5492.52;Hoogheemraadschap van Delfland;2004770.0;1547240.0;Rijswijk;Rotterdam-Den Haag;15893;31786;6357;12714;Zuid-Holland;Hoogheemraadschap van Delfland;BU06030961;GM0603;2286.0;2286HS;BU06030961;GM0603;2286.0;2286HS;BU06030961;GM0603;2286.0;2286HS;False;False;False;52.03028060151129;4.318672967931956;WarmteAtlas:AquathermieEffluent;https://www.warmteatlas.nl/geoserver/WarmteAtlas/wfs;2026-06-24T11:35:41;
262;drukleiding (persleiding);1970;1400;Gewapend beton;Effluentleiding;262800;262800;24.260594;5492.52;5492.52;Hoogheemraadschap van Delfland;2004770.0;1547240.0;Rijswijk;Rotterdam-Den Haag;15893;31786;6357;12714;Zuid-Holland;Hoogheemraadschap van Delfland;BU06030961;GM0603;2286.0;2286HM;BU06030961;GM0603;2286.0;2286HM;BU06030961;GM0603;2286.0;2286HM;False;False;False;52.02935460640149;4.319452169330234;WarmteAtlas:AquathermieEffluent;https://www.warmteatlas.nl/geoserver/WarmteAtlas/wfs;2026-06-24T11:35:41;
263;drukleiding (persleiding);1970;1400;Gewapend beton;Effluentleiding;262800;262800;48.65242;5492.52;5492.52;Hoogheemraadschap van Delfland;2004770.0;1547240.0;Rijswijk;Rotterdam-Den Haag;15893;31786;6357;12714;Zuid-Holland;Hoogheemraadschap van Delfland;BU06030961;GM0603;2286.0;2286HM;BU06030961;GM0603;2286.0;2286HM;BU06030961;GM0603;2286.0;2286HM;False;False;False;52.029065469038414;4.3197020780372695;WarmteAtlas:AquathermieEffluent;https://www.warmteatlas.nl/geoserver/WarmteAtlas/wfs;2026-06-24T11:35:41;
264;drukleiding (persleiding);1998;1400;GVK;Effluentleiding;262800;262800;15.346895;5492.52;5492.52;Hoogheemraadschap van Delfland;2004770.0;1547240.0;Rijswijk;Rotterdam-Den Haag;15893;31786;6357;12714;Zuid-Holland;Hoogheemraadschap van Delfland;BU06030963;GM0603;2286.0;2286KT;BU06030963;GM0603;2286.0;2286KT;BU06030963;GM0603;2286.0;2286KT;False;False;False;52.028814462200124;4.319929181730755;WarmteAtlas:AquathermieEffluent;https://www.warmteatlas.nl/geoserver/WarmteAtlas/wfs;2026-06-24T11:35:41;
265;drukleiding (persleiding);1998;1400;GVK;Effluentleiding;262800;262800;2.651584;5492.52;5492.52;Hoogheemraadschap van Delfland;2004770.0;1547240.0;Rijswijk;Rotterdam-Den Haag;15893;31786;6357;12714;Zuid-Holland;Hoogheemraadschap van Delfland;BU06030963;GM0603;2286.0;2286KT;BU06030963;GM0603;2286.0;2286KT;BU06030963;GM0603;2286.0;2286KT;False;False;False;52.02874643068874;4.320000094414506;WarmteAtlas:AquathermieEffluent;https://www.warmteatlas.nl/geoserver/WarmteAtlas/wfs;2026-06-24T11:35:41;
266;drukleiding (persleiding);1970;1400;Gewapend beton;Effluentleiding;262800;262800;88.143014;5492.52;5492.52;Hoogheemraadschap van Delfland;2004770.0;1547240.0;Rijswijk;Rotterdam-Den Haag;15893;31786;6357;12714;Zuid-Holland;Hoogheemraadschap van Delfland;BU06030963;GM0603;2286.0;2286KT;BU06030963;GM0603;2286.0;2286KT;BU06030963;GM0603;2286.0;2286KT;False;False;False;52.02840962960174;4.320373482208215;WarmteAtlas:AquathermieEffluent;https://www.warmteatlas.nl/geoserver/WarmteAtlas/wfs;2026-06-24T11:35:41;
267;drukleiding (persleiding);1988;1400;Gewapend beton;Effluentleiding;262800;262800;27.532961;5492.52;5492.52;Hoogheemraadschap van Delfland;2004770.0;1547240.0;Rijswijk;Rotterdam-Den Haag;15893;31786;6357;12714;Zuid-Holland;Hoogheemraadschap van Delfland;BU06030963;GM0603;2286.0;2286KT;BU06030963;GM0603;2286.0;2286KT;BU06030963;GM0603;2286.0;2286KT;False;False;False;52.027981511466116;4.320850335709491;WarmteAtlas:AquathermieEffluent;https://www.warmteatlas.nl/geoserver/WarmteAtlas/wfs;2026-06-24T11:35:41;
268;drukleiding (persleiding);1988;1400;Gewapend beton;Effluentleiding;262800;262800;446.168097;5492.52;5492.52;Hoogheemraadschap van Delfland;2004770.0;1547240.0;Rijswijk;Rotterdam-Den Haag;15893;31786;6357;12714;Zuid-Holland;Hoogheemraadschap van Delfland;BU06030963;GM0603;2286.0;2286KT;BU06030963;GM0603;2286.0;2286KT;BU06030963;GM0603;2286.0;2286KT;False;False;False;52.02643037353208;4.32306394871495;WarmteAtlas:AquathermieEffluent;https://www.warmteatlas.nl/geoserver/WarmteAtlas/wfs;2026-06-24T11:35:41;
269;drukleiding (persleiding);1971;1400;Gewapend beton;Effluentleiding;262800;262800;92.489388;5492.52;5492.52;Hoogheemraadschap van Delfland;2004770.0;1547240.0;Rijswijk;Rotterdam-Den Haag;15893;31786;6357;12714;Zuid-Holland;Hoogheemraadschap van Delfland;BU06031064;GM0603;2286.0;2286KS;BU06031064;GM0603;2286.0;2286KS;BU06031064;GM0603;2286.0;2286KS;False;False;False;52.02431030701098;4.324784866382453;WarmteAtlas:AquathermieEffluent;https://www.warmteatlas.nl/geoserver/WarmteAtlas/wfs;2026-06-24T11:35:41;
270;drukleiding (persleiding);2006;1400;Gewapend beton;Effluentleiding;262800;262800;8.645931;5492.52;5492.52;Hoogheemraadschap van Delfland;2004770.0;1547240.0;Rijswijk;Rotterdam-Den Haag;15893;31786;6357;12714;Zuid-Holland;Hoogheemraadschap van Delfland;BU06031064;GM0603;2286.0;2286KS;BU06031064;GM0603;2286.0;2286KS;BU06031064;GM0603;2286.0;2286KS;False;False;False;52.023923346115936;4.325171244511354;WarmteAtlas:AquathermieEffluent;https://www.warmteatlas.nl/geoserver/WarmteAtlas/wfs;2026-06-24T11:35:41;
271;drukleiding (persleiding);2006;1400;Staal;Effluentleiding;262800;262800;12.187655;5492.52;5492.52;Hoogheemraadschap van Delfland;2004770.0;1547240.0;Rijswijk;Rotterdam-Den Haag;15893;31786;6357;12714;Zuid-Holland;Hoogheemraadschap van Delfland;BU06031064;GM0603;2286.0;2286WB;BU06031064;GM0603;2286.0;2286WB;BU06031064;GM0603;2286.0;2286WB;False;False;False;52.023848830330806;4.32515697689042;WarmteAtlas:AquathermieEffluent;https://www.warmteatlas.nl/geoserver/WarmteAtlas/wfs;2026-06-24T11:35:41;
272;drukleiding (persleiding);2004;1400;Gewapend beton;Effluentleiding;262800;262800;7.793897;5492.52;5492.52;Hoogheemraadschap van Delfland;2004770.0;1547240.0;Rijswijk;Rotterdam-Den Haag;15893;31786;6357;12714;Zuid-Holland;Hoogheemraadschap van Delfland;BU06031064;GM0603;2286.0;2286WB;BU06031064;GM0603;2286.0;2286WB;BU06031064;GM0603;2286.0;2286WB;False;False;False;52.02379780761904;4.3250394115945054;WarmteAtlas:AquathermieEffluent;https://www.warmteatlas.nl/geoserver/WarmteAtlas/wfs;2026-06-24T11:35:41;
273;drukleiding (persleiding);2004;1400;Gewapend beton;Effluentleiding;262800;262800;282.63985;5492.52;5492.52;Hoogheemraadschap van Delfland;2004770.0;1547240.0;Rijswijk;Rotterdam-Den Haag;15893;31786;6357;12714;Zuid-Holland;Hoogheemraadschap van Delfland;BU06031064;GM0603;2286.0;2286WT;BU06031064;GM0603;2286.0;2286WT;BU06031064;GM0603;2286.0;2286WT;False;False;False;52.023184284074766;4.32317218967081;WarmteAtlas:AquathermieEffluent;https://www.warmteatlas.nl/geoserver/WarmteAtlas/wfs;2026-06-24T11:35:41;
274;drukleiding (persleiding);2004;1400;Gewapend beton;Effluentleiding;262800;262800;15.215446;5492.52;5492.52;Hoogheemraadschap van Delfland;2004770.0;1547240.0;Rijswijk;Rotterdam-Den Haag;15893;31786;6357;12714;Zuid-Holland;Hoogheemraadschap van Delfland;BU06031064;GM0603;2286.0;2286KS;BU06031064;GM0603;2286.0;2286KS;BU06031064;GM0603;2286.0;2286KS;False;False;False;52.02255646103635;4.321255973290982;WarmteAtlas:AquathermieEffluent;https://www.warmteatlas.nl/geoserver/WarmteAtlas/wfs;2026-06-24T11:35:41;
275;drukleiding (persleiding);2004;1400;Gewapend beton;Effluentleiding;262800;262800;13.488632;5492.52;5492.52;Hoogheemraadschap van Delfland;2004770.0;1547240.0;Rijswijk;Rotterdam-Den Haag;15893;31786;6357;12714;Zuid-Holland;Hoogheemraadschap van Delfland;BU06031064;GM0603;2286.0;2286KS;BU06031064;GM0603;2286.0;2286KS;BU06031064;GM0603;2286.0;2286KS;False;False;False;52.02248958190759;4.321081242388032;WarmteAtlas:AquathermieEffluent;https://www.warmteatlas.nl/geoserver/WarmteAtlas/wfs;2026-06-24T11:35:41;
276;drukleiding (persleiding);2004;1400;Gewapend beton;Effluentleiding;262800;262800;15.044868;5492.52;5492.52;Hoogheemraadschap van Delfland;2004770.0;1547240.0;Rijswijk;Rotterdam-Den Haag;15893;31786;6357;12714;Zuid-Holland;Hoogheemraadschap van Delfland;BU06031064;GM0603;2286.0;2286KS;BU06031064;GM0603;2286.0;2286KS;BU06031064;GM0603;2286.0;2286KS;False;False;False;52.02238206479291;4.32097433707284;WarmteAtlas:AquathermieEffluent;https://www.warmteatlas.nl/geoserver/WarmteAtlas/wfs;2026-06-24T11:35:41;
277;drukleiding (persleiding);2004;1400;Gewapend beton;Effluentleiding;262800;262800;60.133699;5492.52;5492.52;Hoogheemraadschap van Delfland;2004770.0;1547240.0;Rijswijk;Rotterdam-Den Haag;15893;31786;6357;12714;Zuid-Holland;Hoogheemraadschap van Delfland;BU06031064;GM0603;2286.0;2286KS;BU06031064;GM0603;2286.0;2286KS;BU06031064;GM0603;2286.0;2286KS;False;False;False;52.02208295631633;4.320719728836569;WarmteAtlas:AquathermieEffluent;https://www.warmteatlas.nl/geoserver/WarmteAtlas/wfs;2026-06-24T11:35:41;
278;drukleiding (persleiding);2004;1400;Gewapend beton;Effluentleiding;262800;262800;2.530425;5492.52;5492.52;Hoogheemraadschap van Delfland;2004770.0;1547240.0;Rijswijk;Rotterdam-Den Haag;15893;31786;6357;12714;Zuid-Holland;Hoogheemraadschap van Delfland;BU06031064;GM0603;2286.0;2286KS;BU06031064;GM0603;2286.0;2286KS;BU06031064;GM0603;2286.0;2286KS;False;False;False;52.021833860890176;4.320506812438819;WarmteAtlas:AquathermieEffluent;https://www.warmteatlas.nl/geoserver/WarmteAtlas/wfs;2026-06-24T11:35:41;
279;drukleiding (persleiding);2004;1400;Gewapend beton;Effluentleiding;262800;262800;156.190167;5492.52;5492.52;Hoogheemraadschap van Delfland;2004770.0;1547240.0;Rijswijk;Rotterdam-Den Haag;15893;31786;6357;12714;Zuid-Holland;Hoogheemraadschap van Delfland;BU06031064;GM0603;2286.0;2286KS;BU06031064;GM0603;2286.0;2286KS;BU06031064;GM0603;2286.0;2286KS;False;False;False;52.02120393550245;4.319964464467893;WarmteAtlas:AquathermieEffluent;https://www.warmteatlas.nl/geoserver/WarmteAtlas/wfs;2026-06-24T11:35:41;
280;drukleiding (persleiding);2004;1400;Gewapend beton;Effluentleiding;262800;262800;5.399998;5492.52;5492.52;Hoogheemraadschap van Delfland;2004770.0;1547240.0;Rijswijk;Rotterdam-Den Haag;15893;31786;6357;12714;Zuid-Holland;Hoogheemraadschap van Delfland;BU06031064;GM0603;2286.0;2286KS;BU06031064;GM0603;2286.0;2286WX;BU06031064;GM0603;2286.0;2286WX;False;False;False;52.02056176946907;4.319414924856908;WarmteAtlas:AquathermieEffluent;https://www.warmteatlas.nl/geoserver/WarmteAtlas/wfs;2026-06-24T11:35:41;
281;drukleiding (persleiding);2004;1400;Gewapend beton;Effluentleiding;262800;262800;15.248746;5492.52;5492.52;Hoogheemraadschap van Delfland;2004770.0;1547240.0;Rijswijk;Rotterdam-Den Haag;15893;31786;6357;12714;Zuid-Holland;Hoogheemraadschap van Delfland;BU06031064;GM0603;2286.0;2286KS;BU06031064;GM0603;2286.0;2286WX;BU06031064;GM0603;2286.0;2286WX;False;False;False;52.020482570410046;4.3193379071183475;WarmteAtlas:AquathermieEffluent;https://www.warmteatlas.nl/geoserver/WarmteAtlas/wfs;2026-06-24T11:35:41;
282;drukleiding (persleiding);2004;1400;Gewapend beton;Effluentleiding;262800;262800;12.01437;5492.52;5492.52;Hoogheemraadschap van Delfland;2004770.0;1547240.0;Rijswijk;Rotterdam-Den Haag;15893;31786;6357;12714;Zuid-Holland;Hoogheemraadschap van Delfland;BU06031064;GM0603;2286.0;2286KS;BU06031064;GM0603;2286.0;2286WX;BU06031064;GM0603;2286.0;2286WX;False;False;False;52.020387171730114;4.319213797755648;WarmteAtlas:AquathermieEffluent;https://www.warmteatlas.nl/geoserver/WarmteAtlas/wfs;2026-06-24T11:35:41;
283;drukleiding (persleiding);2004;1400;Gewapend beton;Effluentleiding;262800;262800;76.036485;5492.52;5492.52;Hoogheemraadschap van Delfland;2004770.0;1547240.0;Rijswijk;Rotterdam-Den Haag;15893;31786;6357;12714;Zuid-Holland;Hoogheemraadschap van Delfland;BU06031064;GM0603;2286.0;2286KS;BU06031064;GM0603;2286.0;2286WX;BU06031064;GM0603;2286.0;2286WX;False;False;False;52.02008256843696;4.318804425124725;WarmteAtlas:AquathermieEffluent;https://www.warmteatlas.nl/geoserver/WarmteAtlas/wfs;2026-06-24T11:35:41;
284;drukleiding (persleiding);2004;1400;Staal;Effluentleiding;262800;262800;2.499743;5492.52;5492.52;Hoogheemraadschap van Delfland;2004770.0;1547240.0;Rijswijk;Rotterdam-Den Haag;15893;31786;6357;12714;Zuid-Holland;Hoogheemraadschap van Delfland;BU06031064;GM0603;2286.0;2286KS;BU06031064;GM0603;2286.0;2286WX;BU06031064;GM0603;2286.0;2286WX;False;False;False;52.019809574584265;4.31844187564877;WarmteAtlas:AquathermieEffluent;https://www.warmteatlas.nl/geoserver/WarmteAtlas/wfs;2026-06-24T11:35:41;
285;(nood)lozingsleiding (druk);1966;800;Gewapend beton;Effluentleiding;21500;21500;55.411309;449.35;449.35;Hoogheemraadschap van Delfland;164013.0;126582.0;Rotterdam;Rotterdam-Den Haag;1300;2600;520;1040;Zuid-Holland;Hoogheemraadschap van Delfland;BU05991703;GM0599;3151.0;3151ZZ;BU05991703;GM0599;3151.0;3151ZZ;BU05991703;GM0599;3151.0;3151ZZ;False;False;False;51.96532496836336;4.149747554435363;WarmteAtlas:AquathermieEffluent;https://www.warmteatlas.nl/geoserver/WarmteAtlas/wfs;2026-06-24T11:35:41;
286;(nood)lozingsleiding (druk);1966;800;Gewapend beton;Effluentleiding;21500;21500;110.864559;449.35;449.35;Hoogheemraadschap van Delfland;164013.0;126582.0;Rotterdam;Rotterdam-Den Haag;1300;2600;520;1040;Zuid-Holland;Hoogheemraadschap van Delfland;BU05991703;GM0599;3151.0;3151XN;BU05991703;GM0599;3151.0;3151XN;BU05991703;GM0599;3151.0;3151XN;False;False;False;51.965897256736845;4.1505250504543705;WarmteAtlas:AquathermieEffluent;https://www.warmteatlas.nl/geoserver/WarmteAtlas/wfs;2026-06-24T11:35:41;
287;(nood)lozingsleiding (druk);1966;800;Gewapend beton;Effluentleiding;21500;21500;50.270479;449.35;449.35;Hoogheemraadschap van Delfland;164013.0;126582.0;Rotterdam;Rotterdam-Den Haag;1300;2600;520;1040;Zuid-Holland;Hoogheemraadschap van Delfland;BU05991703;GM0599;3151.0;3151XL;BU05991703;GM0599;3151.0;3151XL;BU05991703;GM0599;3151.0;3151XL;False;False;False;51.96643539641319;4.15120542131925;WarmteAtlas:AquathermieEffluent;https://www.warmteatlas.nl/geoserver/WarmteAtlas/wfs;2026-06-24T11:35:41;
288;(nood)lozingsleiding (druk);1966;800;Beton;Effluentleiding;21500;21500;223.568546;449.35;449.35;Hoogheemraadschap van Delfland;164013.0;126582.0;Rotterdam;Rotterdam-Den Haag;1300;2600;520;1040;Zuid-Holland;Hoogheemraadschap van Delfland;BU05991703;GM0599;3151.0;3151ZK;BU05991703;GM0599;3151.0;3151ZK;BU05991703;GM0599;3151.0;3151ZK;False;False;False;51.966512604165295;4.152822884056397;WarmteAtlas:AquathermieEffluent;https://www.warmteatlas.nl/geoserver/WarmteAtlas/wfs;2026-06-24T11:35:41;
289;(nood)lozingsleiding (druk);1966;800;Gewapend beton;Effluentleiding;21500;21500;10.00612;449.35;449.35;Hoogheemraadschap van Delfland;164013.0;126582.0;Rotterdam;Rotterdam-Den Haag;1300;2600;520;1040;Zuid-Holland;Hoogheemraadschap van Delfland;BU05991703;GM0599;3151.0;3151XL;BU05991703;GM0599;3151.0;3151XL;BU05991703;GM0599;3151.0;3151XL;False;False;False;51.966617217563666;4.151509722630005;WarmteAtlas:AquathermieEffluent;https://www.warmteatlas.nl/geoserver/WarmteAtlas/wfs;2026-06-24T11:35:41;
290;Vrijvervalleiding;1999;500;Beton;Effluentleiding;18780;18780;147.815857;392.502;392.502;Hoogheemraadschap van Rijnland;143263.0;110568.0;Gouda;Midden-Holland;1136;2272;454;909;Zuid-Holland;Hoogheemraadschap van Rijnland;BU05130809;GM0513;2808.0;2808ND;BU05130809;GM0513;2808.0;2808ND;BU05130809;GM0513;2808.0;2808ND;False;False;False;52.00265339439138;4.710488309874661;WarmteAtlas:AquathermieEffluent;https://www.warmteatlas.nl/geoserver/WarmteAtlas/wfs;2026-06-24T11:35:41;
291;Vrijvervalleiding;1999;500;Beton;Effluentleiding;18780;18780;28.425906;392.502;392.502;Hoogheemraadschap van Rijnland;143263.0;110568.0;Gouda;Midden-Holland;1136;2272;454;909;Zuid-Holland;Hoogheemraadschap van Rijnland;BU05130809;GM0513;2808.0;2808ND;BU05130809;GM0513;2808.0;2808ND;BU05130809;GM0513;2808.0;2808ND;False;False;False;52.002813520104255;4.711683018825008;WarmteAtlas:AquathermieEffluent;https://www.warmteatlas.nl/geoserver/WarmteAtlas/wfs;2026-06-24T11:35:41;
292;Vrijvervalleiding;1999;500;Beton;Effluentleiding;18780;18780;15.616205;392.502;392.502;Hoogheemraadschap van Rijnland;143263.0;110568.0;Gouda;Midden-Holland;1136;2272;454;909;Zuid-Holland;Hoogheemraadschap van Rijnland;BU05130809;GM0513;2808.0;2808ND;BU05130809;GM0513;2808.0;2808ND;BU05130809;GM0513;2808.0;2808ND;False;False;False;52.00272599357065;4.7114050660852635;WarmteAtlas:AquathermieEffluent;https://www.warmteatlas.nl/geoserver/WarmteAtlas/wfs;2026-06-24T11:35:41;
293;Rioolwater;0;0;;Onbekend;9300;9300;1644.446589;194.37;194.37;Waterschap Vallei & Veluwe;70945.0;54754.0;Hattem;Noord Veluwe;562;1125;225;450;Gelderland;Waterschap Vallei & Veluwe;BU02440109;GM0244;8051.0;8051SV;BU02440109;GM0244;8051.0;8051SV;BU02440109;GM0244;8051.0;8051SV;False;False;False;52.48904156071782;6.050062428077763;WarmteAtlas:AquathermieEffluent;https://www.warmteatlas.nl/geoserver/WarmteAtlas/wfs;2026-06-24T11:35:41;
294;Effluent;0;0;;Effluentleiding;3700;3700;188.175327;77.33;77.33;Waterschap Vallei & Veluwe;28225.5;21783.9;Brummen;Stedendriehoek/cleantechregio;224;448;90;179;Gelderland;Waterschap Vallei & Veluwe;BU02130317;GM0213;6971.0;6971JH;BU02130317;GM0213;6971.0;6971JH;BU02130317;GM0213;6971.0;6971JH;False;False;False;52.0923466747746;6.185949812679361;WarmteAtlas:AquathermieEffluent;https://www.warmteatlas.nl/geoserver/WarmteAtlas/wfs;2026-06-24T11:35:41;
295;Effluent;0;0;;Effluentleiding;2900;2900;3317.800658;60.61;60.61;Waterschap Vallei & Veluwe;22122.7;17073.8;Heerde;Stedendriehoek/cleantechregio;176;351;70;140;Gelderland;Waterschap Vallei & Veluwe;BU02460008;GM0246;8181.0;8181SX;BU02460008;GM0246;8194.0;8194LP;BU02460008;GM0246;8194.0;8194LP;False;False;True;52.38303255096673;6.073034500287824;WarmteAtlas:AquathermieEffluent;https://www.warmteatlas.nl/geoserver/WarmteAtlas/wfs;2026-06-24T11:35:41;
296;Effluent;0;0;;Effluentleiding;48900;48900;10765.727867;1022.01;1022.01;Waterschap Vallei & Veluwe;373034.0;287900.0;Apeldoorn;Stedendriehoek/cleantechregio;2957;5914;1183;2366;Gelderland;Waterschap Vallei & Veluwe;BU02850203;GM0285;7396.0;7396PD;BU02850203;GM0285;7396.0;7396PD;BU02850301;GM0285;7396.0;7396PD;True;False;False;52.259078896798265;6.041985961372303;WarmteAtlas:AquathermieEffluent;https://www.warmteatlas.nl/geoserver/WarmteAtlas/wfs;2026-06-24T11:35:41;
297;Effluent;0;0;;Effluentleiding;6000;6000;340.633202;125.4;125.4;Waterschap Vallei & Veluwe;45771.0;35325.2;Voorst;Stedendriehoek/cleantechregio;363;726;145;290;Gelderland;Waterschap Vallei & Veluwe;BU02850109;GM0285;7396.0;7396NB;BU02850109;GM0285;7396.0;7396NB;BU02850202;GM0285;7396.0;7396NB;True;False;False;52.261691485412314;6.122701578290505;WarmteAtlas:AquathermieEffluent;https://www.warmteatlas.nl/geoserver/WarmteAtlas/wfs;2026-06-24T11:35:41;
298;Vrijvervalleiding;1989;999;Onbekend;Effluentleiding;5500;5500;61.519072;114.95;114.95;Hoogheemraadschap van Rijnland;41956.8;32381.4;Heemstede;Noord-Holland Zuid;332;665;133;266;Noord-Holland;Hoogheemraadschap van Rijnland;BU03970001;GM0397;2102.0;2102LS;BU03970001;GM0397;2102.0;2102LS;BU03970001;GM0397;2102.0;2102LS;False;False;False;52.343515728653166;4.637802354274112;WarmteAtlas:AquathermieEffluent;https://www.warmteatlas.nl/geoserver/WarmteAtlas/wfs;2026-06-24T11:35:41;
299;Vrijvervalleiding;1989;0;Onbekend;Effluentleiding;5500;5500;22.213073;114.95;114.95;Hoogheemraadschap van Rijnland;41956.8;32381.4;Heemstede;Noord-Holland Zuid;332;665;133;266;Noord-Holland;Hoogheemraadschap van Rijnland;BU03970001;GM0397;2102.0;2102LS;BU03970001;GM0397;2102.0;2102LS;BU03970001;GM0397;2102.0;2102LS;False;False;False;52.343668198755196;4.63820514490622;WarmteAtlas:AquathermieEffluent;https://www.warmteatlas.nl/geoserver/WarmteAtlas/wfs;2026-06-24T11:35:41;
300;Vrijvervalleiding;1989;0;Onbekend;Effluentleiding;5500;5500;133.431162;114.95;114.95;Hoogheemraadschap van Rijnland;41956.8;32381.4;Heemstede;Noord-Holland Zuid;332;665;133;266;Noord-Holland;Hoogheemraadschap van Rijnland;BU03970001;GM0397;2102.0;2102LS;BU03970001;GM0397;2102.0;2102LS;BU03970001;GM0397;2102.0;2102LS;False;False;False;52.34367377278998;4.639198496384473;WarmteAtlas:AquathermieEffluent;https://www.warmteatlas.nl/geoserver/WarmteAtlas/wfs;2026-06-24T11:35:41;
301;Drukleiding (persleiding);0;400;PVC;Effluentleiding;2500;2500;2.505598;52.25;52.25;Hoogheemraadschap van Rijnland;19071.3;14718.8;Aalsmeer;Noord-Holland Zuid;151;302;60;121;Noord-Holland;Hoogheemraadschap van Rijnland;BU03580000;GM0358;1432.0;1432AB;BU03580000;GM0358;1432.0;1432AB;BU03580000;GM0358;1432.0;1432AB;False;False;False;52.274146821108125;4.756388200275243;WarmteAtlas:AquathermieEffluent;https://www.warmteatlas.nl/geoserver/WarmteAtlas/wfs;2026-06-24T11:35:41;
302;Drukleiding (persleiding);0;400;PVC;Effluentleiding;2500;2500;87.354472;52.25;52.25;Hoogheemraadschap van Rijnland;19071.3;14718.8;Aalsmeer;Noord-Holland Zuid;151;302;60;121;Noord-Holland;Hoogheemraadschap van Rijnland;BU03580000;GM0358;1432.0;1432AA;BU03580000;GM0358;1432.0;1432AA;BU03580000;GM0358;1432.0;1432AA;False;False;False;52.273796359100785;4.756714776130079;WarmteAtlas:AquathermieEffluent;https://www.warmteatlas.nl/geoserver/WarmteAtlas/wfs;2026-06-24T11:35:41;
303;Drukleiding (persleiding);0;400;PVC;Effluentleiding;2500;2500;349.816856;52.25;52.25;Hoogheemraadschap van Rijnland;19071.3;14718.8;Aalsmeer;Noord-Holland Zuid;151;302;60;121;Noord-Holland;Hoogheemraadschap van Rijnland;BU03580000;GM0358;1431.0;1431DK;BU03580000;GM0358;1431.0;1431DK;BU03580000;GM0358;1431.0;1431DK;False;False;False;52.27203514528552;4.758113529589118;WarmteAtlas:AquathermieEffluent;https://www.warmteatlas.nl/geoserver/WarmteAtlas/wfs;2026-06-24T11:35:41;
304;Drukleiding (persleiding);0;400;PVC;Effluentleiding;2500;2500;45.054709;52.25;52.25;Hoogheemraadschap van Rijnland;19071.3;14718.8;Aalsmeer;Noord-Holland Zuid;151;302;60;121;Noord-Holland;Hoogheemraadschap van Rijnland;BU03580000;GM0358;1432.0;1432AL;BU03580000;GM0358;1432.0;1432AL;BU03580000;GM0358;1432.0;1432AL;False;False;False;52.27037147282884;4.7591021892192495;WarmteAtlas:AquathermieEffluent;https://www.warmteatlas.nl/geoserver/WarmteAtlas/wfs;2026-06-24T11:35:41;
305;Drukleiding (persleiding);0;400;PVC;Effluentleiding;2500;2500;53.466821;52.25;52.25;Hoogheemraadschap van Rijnland;19071.3;14718.8;Aalsmeer;Noord-Holland Zuid;151;302;60;121;Noord-Holland;Hoogheemraadschap van Rijnland;BU03580001;GM0358;1431.0;1431EK;BU03580001;GM0358;1431.0;1431EK;BU03580001;GM0358;1431.0;1431EK;False;False;False;52.269950244941526;4.759321856339776;WarmteAtlas:AquathermieEffluent;https://www.warmteatlas.nl/geoserver/WarmteAtlas/wfs;2026-06-24T11:35:41;
306;Drukleiding (persleiding);0;400;PVC;Effluentleiding;2500;2500;229.159221;52.25;52.25;Hoogheemraadschap van Rijnland;19071.3;14718.8;Aalsmeer;Noord-Holland Zuid;151;302;60;121;Noord-Holland;Hoogheemraadschap van Rijnland;BU03580001;GM0358;1431.0;1431LR;BU03580001;GM0358;1431.0;1431LR;BU03580001;GM0358;1431.0;1431LR;False;False;False;52.26873416888342;4.759783368556682;WarmteAtlas:AquathermieEffluent;https://www.warmteatlas.nl/geoserver/WarmteAtlas/wfs;2026-06-24T11:35:41;
307;Drukleiding (persleiding);0;400;PVC;Effluentleiding;2500;2500;16.481594;52.25;52.25;Hoogheemraadschap van Rijnland;19071.3;14718.8;Aalsmeer;Noord-Holland Zuid;151;302;60;121;Noord-Holland;Hoogheemraadschap van Rijnland;BU03580001;GM0358;1431.0;1431LP;BU03580001;GM0358;1431.0;1431LP;BU03580001;GM0358;1431.0;1431LP;False;False;False;52.26775447308715;4.76051930912915;WarmteAtlas:AquathermieEffluent;https://www.warmteatlas.nl/geoserver/WarmteAtlas/wfs;2026-06-24T11:35:41;
308;Drukleiding (persleiding);0;400;PVC;Effluentleiding;2500;2500;6.179837;52.25;52.25;Hoogheemraadschap van Rijnland;19071.3;14718.8;Aalsmeer;Noord-Holland Zuid;151;302;60;121;Noord-Holland;Hoogheemraadschap van Rijnland;BU03580001;GM0358;1431.0;1431HV;BU03580001;GM0358;1431.0;1431HV;BU03580001;GM0358;1431.0;1431HV;False;False;False;52.267670758768475;4.760613686538122;WarmteAtlas:AquathermieEffluent;https://www.warmteatlas.nl/geoserver/WarmteAtlas/wfs;2026-06-24T11:35:41;
309;Drukleiding (persleiding);0;400;PVC;Effluentleiding;2500;2500;3.700369;52.25;52.25;Hoogheemraadschap van Rijnland;19071.3;14718.8;Aalsmeer;Noord-Holland Zuid;151;302;60;121;Noord-Holland;Hoogheemraadschap van Rijnland;BU03580001;GM0358;1431.0;1431HV;BU03580001;GM0358;1431.0;1431HV;BU03580001;GM0358;1431.0;1431HV;False;False;False;52.267644871773754;4.760667640446217;WarmteAtlas:AquathermieEffluent;https://www.warmteatlas.nl/geoserver/WarmteAtlas/wfs;2026-06-24T11:35:41;
310;Drukleiding (persleiding);0;400;PVC;Effluentleiding;2500;2500;343.04722;52.25;52.25;Hoogheemraadschap van Rijnland;19071.3;14718.8;Aalsmeer;Noord-Holland Zuid;151;302;60;121;Noord-Holland;Hoogheemraadschap van Rijnland;BU03580001;GM0358;1431.0;1431MM;BU03580001;GM0358;1431.0;1431MM;BU03580001;GM0358;1431.0;1431MM;False;False;False;52.2683232987706;4.762947211577726;WarmteAtlas:AquathermieEffluent;https://www.warmteatlas.nl/geoserver/WarmteAtlas/wfs;2026-06-24T11:35:41;
311;Drukleiding (persleiding);0;400;PVC;Effluentleiding;2500;2500;10.777761;52.25;52.25;Hoogheemraadschap van Rijnland;19071.3;14718.8;Aalsmeer;Noord-Holland Zuid;151;302;60;121;Noord-Holland;Hoogheemraadschap van Rijnland;BU03580001;GM0358;1431.0;1431ML;BU03580001;GM0358;1431.0;1431ML;BU03580001;GM0358;1431.0;1431ML;False;False;False;52.26898663966113;4.765282138897609;WarmteAtlas:AquathermieEffluent;https://www.warmteatlas.nl/geoserver/WarmteAtlas/wfs;2026-06-24T11:35:41;
312;Drukleiding (persleiding);0;400;PVC;Effluentleiding;2500;2500;15.435384;52.25;52.25;Hoogheemraadschap van Rijnland;19071.3;14718.8;Aalsmeer;Noord-Holland Zuid;151;302;60;121;Noord-Holland;Hoogheemraadschap van Rijnland;BU03580001;GM0358;1431.0;1431ML;BU03580001;GM0358;1431.0;1431ML;BU03580001;GM0358;1431.0;1431ML;False;False;False;52.268945821395846;4.765461886020737;WarmteAtlas:AquathermieEffluent;https://www.warmteatlas.nl/geoserver/WarmteAtlas/wfs;2026-06-24T11:35:41;
313;Drukleiding (persleiding);0;400;PVC;Effluentleiding;2500;2500;52.62412;52.25;52.25;Hoogheemraadschap van Rijnland;19071.3;14718.8;Aalsmeer;Noord-Holland Zuid;151;302;60;121;Noord-Holland;Hoogheemraadschap van Rijnland;BU03580001;GM0358;1431.0;1431EM;BU03580001;GM0358;1431.0;1431EM;BU03580001;GM0358;1431.0;1431EM;False;False;False;52.26876645247566;4.765858445350177;WarmteAtlas:AquathermieEffluent;https://www.warmteatlas.nl/geoserver/WarmteAtlas/wfs;2026-06-24T11:35:41;
314;Drukleiding (persleiding);0;400;PVC;Effluentleiding;2500;2500;23.165389;52.25;52.25;Hoogheemraadschap van Rijnland;19071.3;14718.8;Aalsmeer;Noord-Holland Zuid;151;302;60;121;Noord-Holland;Hoogheemraadschap van Rijnland;BU03580001;GM0358;1431.0;1431ER;BU03580001;GM0358;1431.0;1431ER;BU03580001;GM0358;1431.0;1431ER;False;False;False;52.268665765581595;4.766325483622184;WarmteAtlas:AquathermieEffluent;https://www.warmteatlas.nl/geoserver/WarmteAtlas/wfs;2026-06-24T11:35:41;
315;Drukleiding (persleiding);0;400;PVC;Effluentleiding;2500;2500;105.327603;52.25;52.25;Hoogheemraadschap van Rijnland;19071.3;14718.8;Aalsmeer;Noord-Holland Zuid;151;302;60;121;Noord-Holland;Hoogheemraadschap van Rijnland;BU03580001;GM0358;1431.0;1431ER;BU03580001;GM0358;1431.0;1431ER;BU03580001;GM0358;1431.0;1431ER;False;False;False;52.26882833266196;4.767227871417263;WarmteAtlas:AquathermieEffluent;https://www.warmteatlas.nl/geoserver/WarmteAtlas/wfs;2026-06-24T11:35:41;
316;Drukleiding (persleiding);0;400;PVC;Effluentleiding;2500;2500;110.271242;52.25;52.25;Hoogheemraadschap van Rijnland;19071.3;14718.8;Aalsmeer;Noord-Holland Zuid;151;302;60;121;Noord-Holland;Hoogheemraadschap van Rijnland;BU03580001;GM0358;1431.0;1431EP;BU03580001;GM0358;1431.0;1431EP;BU03580001;GM0358;1431.0;1431EP;False;False;False;52.26902350809966;4.768769340610086;WarmteAtlas:AquathermieEffluent;https://www.warmteatlas.nl/geoserver/WarmteAtlas/wfs;2026-06-24T11:35:41;
317;Drukleiding (persleiding);0;400;PVC;Effluentleiding;2500;2500;4.638944;52.25;52.25;Hoogheemraadschap van Rijnland;19071.3;14718.8;Aalsmeer;Noord-Holland Zuid;151;302;60;121;Noord-Holland;Hoogheemraadschap van Rijnland;BU03580001;GM0358;1431.0;1431HS;BU03580001;GM0358;1431.0;1431HS;BU03580001;GM0358;1431.0;1431HS;False;False;False;52.26907757777501;4.7696018243913185;WarmteAtlas:AquathermieEffluent;https://www.warmteatlas.nl/geoserver/WarmteAtlas/wfs;2026-06-24T11:35:41;
318;Drukleiding (persleiding);0;400;PVC;Effluentleiding;2500;2500;199.05464;52.25;52.25;Hoogheemraadschap van Rijnland;19071.3;14718.8;Aalsmeer;Noord-Holland Zuid;151;302;60;121;Noord-Holland;Hoogheemraadschap van Rijnland;BU03580001;GM0358;1431.0;1431HS;BU03580001;GM0358;1431.0;1431HS;BU03580001;GM0358;1431.0;1431HS;False;False;False;52.26846703465067;4.770706422659797;WarmteAtlas:AquathermieEffluent;https://www.warmteatlas.nl/geoserver/WarmteAtlas/wfs;2026-06-24T11:35:41;
319;Drukleiding (persleiding);0;400;PVC;Effluentleiding;2500;2500;32.253736;52.25;52.25;Hoogheemraadschap van Rijnland;19071.3;14718.8;Aalsmeer;Noord-Holland Zuid;151;302;60;121;Noord-Holland;Hoogheemraadschap van Rijnland;BU03580001;GM0358;1431.0;1431HS;BU03580001;GM0358;1431.0;1431HS;BU03580001;GM0358;1431.0;1431HS;False;False;False;52.26791568962933;4.772091643113389;WarmteAtlas:AquathermieEffluent;https://www.warmteatlas.nl/geoserver/WarmteAtlas/wfs;2026-06-24T11:35:41;
320;Drukleiding (persleiding);0;400;PVC;Effluentleiding;2500;2500;12.51653;52.25;52.25;Hoogheemraadschap van Rijnland;19071.3;14718.8;Aalsmeer;Noord-Holland Zuid;151;302;60;121;Noord-Holland;Hoogheemraadschap van Rijnland;BU03580001;GM0358;1431.0;1431HS;BU03580001;GM0358;1431.0;1431HS;BU03580001;GM0358;1431.0;1431HS;False;False;False;52.267824791510975;4.772371699218194;WarmteAtlas:AquathermieEffluent;https://www.warmteatlas.nl/geoserver/WarmteAtlas/wfs;2026-06-24T11:35:41;
321;Drukleiding (persleiding);0;400;PVC;Effluentleiding;2500;2500;83.376357;52.25;52.25;Hoogheemraadschap van Rijnland;19071.3;14718.8;Aalsmeer;Noord-Holland Zuid;151;302;60;121;Noord-Holland;Hoogheemraadschap van Rijnland;BU03580001;GM0358;1431.0;1431HS;BU03580001;GM0358;1431.0;1431HS;BU03580001;GM0358;1431.0;1431HS;False;False;False;52.267528320030756;4.772879441481593;WarmteAtlas:AquathermieEffluent;https://www.warmteatlas.nl/geoserver/WarmteAtlas/wfs;2026-06-24T11:35:41;
322;Drukleiding (persleiding);0;400;PVC;Effluentleiding;2500;2500;1.457198;52.25;52.25;Hoogheemraadschap van Rijnland;19071.3;14718.8;Aalsmeer;Noord-Holland Zuid;151;302;60;121;Noord-Holland;Hoogheemraadschap van Rijnland;BU03580001;GM0358;1431.0;1431EN;BU03580001;GM0358;1431.0;1431EN;BU03580001;GM0358;1431.0;1431EN;False;False;False;52.267280731563154;4.773339728244729;WarmteAtlas:AquathermieEffluent;https://www.warmteatlas.nl/geoserver/WarmteAtlas/wfs;2026-06-24T11:35:41;
323;Drukleiding (persleiding);0;400;PVC;Effluentleiding;2500;2500;1.263729;52.25;52.25;Hoogheemraadschap van Rijnland;19071.3;14718.8;Aalsmeer;Noord-Holland Zuid;151;302;60;121;Noord-Holland;Hoogheemraadschap van Rijnland;BU03580001;GM0358;1431.0;1431EN;BU03580001;GM0358;1431.0;1431EN;BU03580001;GM0358;1431.0;1431EN;False;False;False;52.2672813227708;4.773354919215781;WarmteAtlas:AquathermieEffluent;https://www.warmteatlas.nl/geoserver/WarmteAtlas/wfs;2026-06-24T11:35:41;
324;Drukleiding (persleiding);0;400;PVC;Effluentleiding;2500;2500;1.20353;52.25;52.25;Hoogheemraadschap van Rijnland;19071.3;14718.8;Aalsmeer;Noord-Holland Zuid;151;302;60;121;Noord-Holland;Hoogheemraadschap van Rijnland;BU03580001;GM0358;1431.0;1431EN;BU03580001;GM0358;1431.0;1431EN;BU03580001;GM0358;1431.0;1431EN;False;False;False;52.26727417719066;4.773368737303756;WarmteAtlas:AquathermieEffluent;https://www.warmteatlas.nl/geoserver/WarmteAtlas/wfs;2026-06-24T11:35:41;
325;Drukleiding (persleiding);0;400;PVC;Effluentleiding;2500;2500;1.051497;52.25;52.25;Hoogheemraadschap van Rijnland;19071.3;14718.8;Aalsmeer;Noord-Holland Zuid;151;302;60;121;Noord-Holland;Hoogheemraadschap van Rijnland;BU03580001;GM0358;1431.0;1431EN;BU03580001;GM0358;1431.0;1431EN;BU03580001;GM0358;1431.0;1431EN;False;False;False;52.26726729959167;4.773370121370889;WarmteAtlas:AquathermieEffluent;https://www.warmteatlas.nl/geoserver/WarmteAtlas/wfs;2026-06-24T11:35:41;
326;Drukleiding (persleiding);0;400;PVC;Effluentleiding;2500;2500;3.636081;52.25;52.25;Hoogheemraadschap van Rijnland;19071.3;14718.8;Aalsmeer;Noord-Holland Zuid;151;302;60;121;Noord-Holland;Hoogheemraadschap van Rijnland;BU03580001;GM0358;1431.0;1431EN;BU03580001;GM0358;1431.0;1431EN;BU03580001;GM0358;1431.0;1431EN;False;False;False;52.26725466334443;4.773386725407821;WarmteAtlas:AquathermieEffluent;https://www.warmteatlas.nl/geoserver/WarmteAtlas/wfs;2026-06-24T11:35:41;
327;Drukleiding (persleiding);0;400;PVC;Effluentleiding;2500;2500;165.104998;52.25;52.25;Hoogheemraadschap van Rijnland;19071.3;14718.8;Aalsmeer;Noord-Holland Zuid;151;302;60;121;Noord-Holland;Hoogheemraadschap van Rijnland;BU03580001;GM0358;1431.0;1431EN;BU03580001;GM0358;1431.0;1431EN;BU03580001;GM0358;1431.0;1431EN;False;False;False;52.26671716401807;4.774208950082944;WarmteAtlas:AquathermieEffluent;https://www.warmteatlas.nl/geoserver/WarmteAtlas/wfs;2026-06-24T11:35:41;
328;Drukleiding (persleiding);0;400;PVC;Effluentleiding;2500;2500;162.147382;52.25;52.25;Hoogheemraadschap van Rijnland;19071.3;14718.8;Aalsmeer;Noord-Holland Zuid;151;302;60;121;Noord-Holland;Hoogheemraadschap van Rijnland;BU03580001;GM0358;1431.0;1431EN;BU03580001;GM0358;1431.0;1431EN;BU03580001;GM0358;1431.0;1431EN;False;False;False;52.26553533626423;4.7755623799774245;WarmteAtlas:AquathermieEffluent;https://www.warmteatlas.nl/geoserver/WarmteAtlas/wfs;2026-06-24T11:35:41;
329;Drukleiding (persleiding);0;400;PVC;Effluentleiding;2500;2500;5.615186;52.25;52.25;Hoogheemraadschap van Rijnland;19071.3;14718.8;Aalsmeer;Noord-Holland Zuid;151;302;60;121;Noord-Holland;Hoogheemraadschap van Rijnland;BU03580001;GM0358;1431.0;1431JW;BU03580001;GM0358;1431.0;1431JW;BU03580001;GM0358;1431.0;1431JW;False;False;False;52.264923327824164;4.776276659401502;WarmteAtlas:AquathermieEffluent;https://www.warmteatlas.nl/geoserver/WarmteAtlas/wfs;2026-06-24T11:35:41;
330;Drukleiding (persleiding);0;400;PVC;Effluentleiding;2500;2500;28.214336;52.25;52.25;Hoogheemraadschap van Rijnland;19071.3;14718.8;Aalsmeer;Noord-Holland Zuid;151;302;60;121;Noord-Holland;Hoogheemraadschap van Rijnland;BU03580001;GM0358;1431.0;1431JW;BU03580001;GM0358;1431.0;1431JW;BU03580001;GM0358;1431.0;1431JW;False;False;False;52.2649857839339;4.776448174786393;WarmteAtlas:AquathermieEffluent;https://www.warmteatlas.nl/geoserver/WarmteAtlas/wfs;2026-06-24T11:35:41;
331;Drukleiding (persleiding);0;400;PVC;Effluentleiding;2500;2500;14.354202;52.25;52.25;Hoogheemraadschap van Rijnland;19071.3;14718.8;Aalsmeer;Noord-Holland Zuid;151;302;60;121;Noord-Holland;Hoogheemraadschap van Rijnland;BU03580001;GM0358;1431.0;1431JW;BU03580001;GM0358;1431.0;1431JW;BU03580001;GM0358;1431.0;1431JW;False;False;False;52.265137746988785;4.77663580623525;WarmteAtlas:AquathermieEffluent;https://www.warmteatlas.nl/geoserver/WarmteAtlas/wfs;2026-06-24T11:35:41;
332;Drukleiding (persleiding);0;400;PVC;Effluentleiding;2500;2500;0.560119;52.25;52.25;Hoogheemraadschap van Rijnland;19071.3;14718.8;Aalsmeer;Noord-Holland Zuid;151;302;60;121;Noord-Holland;Hoogheemraadschap van Rijnland;BU03580001;GM0358;1431.0;1431JW;BU03580001;GM0358;1431.0;1431JW;BU03580001;GM0358;1431.0;1431JW;False;False;False;52.26518973074202;4.776704755249707;WarmteAtlas:AquathermieEffluent;https://www.warmteatlas.nl/geoserver/WarmteAtlas/wfs;2026-06-24T11:35:41;
333;Drukleiding (persleiding);0;400;PVC;Effluentleiding;2500;2500;11.228463;52.25;52.25;Hoogheemraadschap van Rijnland;19071.3;14718.8;Aalsmeer;Noord-Holland Zuid;151;302;60;121;Noord-Holland;Hoogheemraadschap van Rijnland;BU03580001;GM0358;1431.0;1431JW;BU03580001;GM0358;1431.0;1431JW;BU03580001;GM0358;1431.0;1431JW;False;False;False;52.2652288261998;4.776760740855078;WarmteAtlas:AquathermieEffluent;https://www.warmteatlas.nl/geoserver/WarmteAtlas/wfs;2026-06-24T11:35:41;
334;Drukleiding (persleiding);0;400;PVC;Effluentleiding;2500;2500;107.363548;52.25;52.25;Hoogheemraadschap van Rijnland;19071.3;14718.8;Aalsmeer;Noord-Holland Zuid;151;302;60;121;Noord-Holland;Hoogheemraadschap van Rijnland;BU03580001;GM0358;1431.0;1431JW;BU03580001;GM0358;1431.0;1431JW;BU03580001;GM0358;1431.0;1431JW;False;False;False;52.26514692696196;4.777507339609902;WarmteAtlas:AquathermieEffluent;https://www.warmteatlas.nl/geoserver/WarmteAtlas/wfs;2026-06-24T11:35:41;
335;Drukleiding (persleiding);0;400;PVC;Effluentleiding;2500;2500;317.471878;52.25;52.25;Hoogheemraadschap van Rijnland;19071.3;14718.8;Aalsmeer;Noord-Holland Zuid;151;302;60;121;Noord-Holland;Hoogheemraadschap van Rijnland;BU03580201;GM0358;1432.0;1432DA;BU03580201;GM0358;1432.0;1432DA;BU03580201;GM0358;1432.0;1432DA;False;False;False;52.26637295973411;4.776742923789116;WarmteAtlas:AquathermieEffluent;https://www.warmteatlas.nl/geoserver/WarmteAtlas/wfs;2026-06-24T11:35:41;
336;Drukleiding (persleiding);0;400;PVC;Effluentleiding;2500;2500;53.995203;52.25;52.25;Hoogheemraadschap van Rijnland;19071.3;14718.8;Aalsmeer;Noord-Holland Zuid;151;302;60;121;Noord-Holland;Hoogheemraadschap van Rijnland;BU03580201;GM0358;1432.0;1432GW;BU03580201;GM0358;1432.0;1432GW;BU03580201;GM0358;1432.0;1432GW;False;False;False;52.26774256810554;4.775035495663362;WarmteAtlas:AquathermieEffluent;https://www.warmteatlas.nl/geoserver/WarmteAtlas/wfs;2026-06-24T11:35:41;
337;Drukleiding (persleiding);0;400;PVC;Effluentleiding;2500;2500;20.916628;52.25;52.25;Hoogheemraadschap van Rijnland;19071.3;14718.8;Aalsmeer;Noord-Holland Zuid;151;302;60;121;Noord-Holland;Hoogheemraadschap van Rijnland;BU03580201;GM0358;1432.0;1432GW;BU03580201;GM0358;1432.0;1432GW;BU03580201;GM0358;1432.0;1432GW;False;False;False;52.267483926440065;4.775053594805826;WarmteAtlas:AquathermieEffluent;https://www.warmteatlas.nl/geoserver/WarmteAtlas/wfs;2026-06-24T11:35:41;
338;Vrijvervalleiding;1994;999;Onbekend;Effluentleiding;8000;8000;20.271289;167.2;167.2;Hoogheemraadschap van Rijnland;61028.0;47100.2;Haarlem;Noord-Holland Zuid;484;968;194;387;Noord-Holland;Hoogheemraadschap van Rijnland;BU03921902;GM0392;2035.0;2035RB;BU03921902;GM0392;2035.0;2035RB;BU03921902;GM0392;2035.0;2035RB;False;False;False;52.36842683633889;4.66863925985657;WarmteAtlas:AquathermieEffluent;https://www.warmteatlas.nl/geoserver/WarmteAtlas/wfs;2026-06-24T11:35:41;
339;Vrijvervalleiding;1994;999;Onbekend;Effluentleiding;8000;8000;48.558232;167.2;167.2;Hoogheemraadschap van Rijnland;61028.0;47100.2;Haarlem;Noord-Holland Zuid;484;968;194;387;Noord-Holland;Hoogheemraadschap van Rijnland;BU03921902;GM0392;2035.0;2035RB;BU03921902;GM0392;2035.0;2035RB;BU03921902;GM0392;2035.0;2035RB;False;False;False;52.36844997082364;4.669143006207263;WarmteAtlas:AquathermieEffluent;https://www.warmteatlas.nl/geoserver/WarmteAtlas/wfs;2026-06-24T11:35:41;
340;Vrijvervalleiding;1994;999;Onbekend;Effluentleiding;8000;8000;37.432607;167.2;167.2;Hoogheemraadschap van Rijnland;61028.0;47100.2;Haarlem;Noord-Holland Zuid;484;968;194;387;Noord-Holland;Hoogheemraadschap van Rijnland;BU03921902;GM0392;2035.0;2035RB;BU03921902;GM0392;2035.0;2035RB;BU03921902;GM0392;2035.0;2035RB;False;False;False;52.36858908916172;4.668463888337663;WarmteAtlas:AquathermieEffluent;https://www.warmteatlas.nl/geoserver/WarmteAtlas/wfs;2026-06-24T11:35:41;
341;Vrijvervalleiding;1967;150;Overig;Effluentleiding;25000;25000;648.40249;522.5;522.5;Hoogheemraadschap van Rijnland;190713.0;147188.0;Haarlem;Noord-Holland Zuid;1512;3024;605;1210;Noord-Holland;Hoogheemraadschap van Rijnland;BU03920603;GM0392;2031.0;2031BV;BU03920603;GM0392;2031.0;2031BV;BU03920603;GM0392;2031.0;2031BV;False;False;False;52.40124420183167;4.6643976787652415;WarmteAtlas:AquathermieEffluent;https://www.warmteatlas.nl/geoserver/WarmteAtlas/wfs;2026-06-24T11:35:41;
342;Vrijvervalleiding;1989;999;Onbekend;Effluentleiding;26640;26640;26.083408;556.776;556.776;Hoogheemraadschap van Rijnland;203223.0;156844.0;Velsen;Noord-Holland Zuid;1611;3222;644;1289;Noord-Holland;Hoogheemraadschap van Rijnland;BU04530900;GM0453;1981.0;1981LE;BU04530900;GM0453;1981.0;1981LE;BU04530900;GM0453;1981.0;1981LE;False;False;False;52.460073425431766;4.660327398034843;WarmteAtlas:AquathermieEffluent;https://www.warmteatlas.nl/geoserver/WarmteAtlas/wfs;2026-06-24T11:35:41;
343;Drukleiding (persleiding);1998;630;PVC;Effluentleiding;5250;5250;56.713453;109.725;109.725;Hoogheemraadschap van Rijnland;40049.6;30909.5;Haarlemmermeer;Noord-Holland Zuid;318;635;127;254;Noord-Holland;Hoogheemraadschap van Rijnland;BU03940676;GM0394;1436.0;1436BK;BU03940676;GM0394;1436.0;1436BK;BU03940676;GM0394;1436.0;1436BK;False;False;False;52.270519268994626;4.743327184838038;WarmteAtlas:AquathermieEffluent;https://www.warmteatlas.nl/geoserver/WarmteAtlas/wfs;2026-06-24T11:35:41;
344;Drukleiding (persleiding);1998;630;PVC;Effluentleiding;5250;5250;9.14537;109.725;109.725;Hoogheemraadschap van Rijnland;40049.6;30909.5;Haarlemmermeer;Noord-Holland Zuid;318;635;127;254;Noord-Holland;Hoogheemraadschap van Rijnland;BU03940676;GM0394;1436.0;1436BK;BU03940676;GM0394;1436.0;1436BK;BU03940676;GM0394;1436.0;1436BK;False;False;False;52.27065657745627;4.742919682174204;WarmteAtlas:AquathermieEffluent;https://www.warmteatlas.nl/geoserver/WarmteAtlas/wfs;2026-06-24T11:35:41;
345;Drukleiding (persleiding);1998;630;PVC;Effluentleiding;5250;5250;31.341654;109.725;109.725;Hoogheemraadschap van Rijnland;40049.6;30909.5;Haarlemmermeer;Noord-Holland Zuid;318;635;127;254;Noord-Holland;Hoogheemraadschap van Rijnland;BU03940676;GM0394;1436.0;1436BK;BU03940676;GM0394;1436.0;1436BK;BU03940676;GM0394;1436.0;1436BK;False;False;False;52.27051883182117;4.742746188711406;WarmteAtlas:AquathermieEffluent;https://www.warmteatlas.nl/geoserver/WarmteAtlas/wfs;2026-06-24T11:35:41;
346;Drukleiding (persleiding);1998;630;PVC;Effluentleiding;5250;5250;322.065963;109.725;109.725;Hoogheemraadschap van Rijnland;40049.6;30909.5;Haarlemmermeer;Noord-Holland Zuid;318;635;127;254;Noord-Holland;Hoogheemraadschap van Rijnland;BU03940676;GM0394;1436.0;1436BL;BU03940676;GM0394;1436.0;1436BL;BU03940676;GM0394;1436.0;1436BL;False;False;False;52.26950027027582;4.740783544448654;WarmteAtlas:AquathermieEffluent;https://www.warmteatlas.nl/geoserver/WarmteAtlas/wfs;2026-06-24T11:35:41;
347;Vrijvervalleiding;1998;630;PVC;Effluentleiding;5250;5250;6.176506;109.725;109.725;Hoogheemraadschap van Rijnland;40049.6;30909.5;Haarlemmermeer;Noord-Holland Zuid;318;635;127;254;Noord-Holland;Hoogheemraadschap van Rijnland;BU03940676;GM0394;1436.0;1436BL;BU03940676;GM0394;1436.0;1436BL;BU03940676;GM0394;1436.0;1436BL;False;False;False;52.268584584718155;4.7388985807316795;WarmteAtlas:AquathermieEffluent;https://www.warmteatlas.nl/geoserver/WarmteAtlas/wfs;2026-06-24T11:35:41;
348;Drukleiding (persleiding);1998;630;PVC;Effluentleiding;5250;5250;250.748279;109.725;109.725;Hoogheemraadschap van Rijnland;40049.6;30909.5;Haarlemmermeer;Noord-Holland Zuid;318;635;127;254;Noord-Holland;Hoogheemraadschap van Rijnland;BU03940676;GM0394;1436.0;1436BM;BU03940676;GM0394;1436.0;1436BM;BU03940676;GM0394;1436.0;1436BM;False;False;False;52.26931675038055;4.73749146444999;WarmteAtlas:AquathermieEffluent;https://www.warmteatlas.nl/geoserver/WarmteAtlas/wfs;2026-06-24T11:35:41;
349;Drukleiding (persleiding);1998;630;PVC;Effluentleiding;5250;5250;63.346401;109.725;109.725;Hoogheemraadschap van Rijnland;40049.6;30909.5;Haarlemmermeer;Noord-Holland Zuid;318;635;127;254;Noord-Holland;Hoogheemraadschap van Rijnland;BU03940676;GM0394;1436.0;1436BM;BU03940676;GM0394;1436.0;1436BM;BU03940676;GM0394;1436.0;1436BM;False;False;False;52.269848336766124;4.735822902415533;WarmteAtlas:AquathermieEffluent;https://www.warmteatlas.nl/geoserver/WarmteAtlas/wfs;2026-06-24T11:35:41;
350;Drukleiding (persleiding);1998;630;PVC;Effluentleiding;5250;5250;101.712052;109.725;109.725;Hoogheemraadschap van Rijnland;40049.6;30909.5;Haarlemmermeer;Noord-Holland Zuid;318;635;127;254;Noord-Holland;Hoogheemraadschap van Rijnland;BU03940676;GM0394;1436.0;1436BM;BU03940676;GM0394;1436.0;1436BM;BU03940676;GM0394;1436.0;1436BM;False;False;False;52.26994372103904;4.73503114181474;WarmteAtlas:AquathermieEffluent;https://www.warmteatlas.nl/geoserver/WarmteAtlas/wfs;2026-06-24T11:35:41;
351;Drukleiding (persleiding);1998;630;PVC;Effluentleiding;5250;5250;98.864599;109.725;109.725;Hoogheemraadschap van Rijnland;40049.6;30909.5;Haarlemmermeer;Noord-Holland Zuid;318;635;127;254;Noord-Holland;Hoogheemraadschap van Rijnland;BU03940676;GM0394;1436.0;1436BM;BU03940676;GM0394;1436.0;1436BM;BU03940676;GM0394;1436.0;1436BM;False;False;False;52.27037284787771;4.733788325590897;WarmteAtlas:AquathermieEffluent;https://www.warmteatlas.nl/geoserver/WarmteAtlas/wfs;2026-06-24T11:35:41;
352;Drukleiding (persleiding);1998;630;PVC;Effluentleiding;5250;5250;487.091537;109.725;109.725;Hoogheemraadschap van Rijnland;40049.6;30909.5;Haarlemmermeer;Noord-Holland Zuid;318;635;127;254;Noord-Holland;Hoogheemraadschap van Rijnland;BU03940678;GM0394;1437.0;1437EJ;BU03940678;GM0394;1437.0;1437EJ;BU03940678;GM0394;1437.0;1437EJ;False;False;False;52.27189635457812;4.730379067757068;WarmteAtlas:AquathermieEffluent;https://www.warmteatlas.nl/geoserver/WarmteAtlas/wfs;2026-06-24T11:35:41;
353;Drukleiding (persleiding);1998;630;PVC;Effluentleiding;5250;5250;17.467126;109.725;109.725;Hoogheemraadschap van Rijnland;40049.6;30909.5;Haarlemmermeer;Noord-Holland Zuid;318;635;127;254;Noord-Holland;Hoogheemraadschap van Rijnland;BU03940678;GM0394;1437.0;1437EJ;BU03940678;GM0394;1437.0;1437EJ;BU03940678;GM0394;1437.0;1437EJ;False;False;False;52.27333164454778;4.7275531210660615;WarmteAtlas:AquathermieEffluent;https://www.warmteatlas.nl/geoserver/WarmteAtlas/wfs;2026-06-24T11:35:41;
354;Drukleiding (persleiding);1998;630;PVC;Effluentleiding;5250;5250;60.169658;109.725;109.725;Hoogheemraadschap van Rijnland;40049.6;30909.5;Haarlemmermeer;Noord-Holland Zuid;318;635;127;254;Noord-Holland;Hoogheemraadschap van Rijnland;BU03940678;GM0394;1437.0;1437EJ;BU03940678;GM0394;1437.0;1437EJ;BU03940678;GM0394;1437.0;1437EJ;False;False;False;52.27313145808104;4.72712748295708;WarmteAtlas:AquathermieEffluent;https://www.warmteatlas.nl/geoserver/WarmteAtlas/wfs;2026-06-24T11:35:41;
355;Vrijvervalleiding;1997;1800;Gietijzer;Effluentleiding;41400;41400;403.889796;865.26;865.26;Hoogheemraadschap van Rijnland;315820.0;243744.0;Haarlemmermeer;Noord-Holland Zuid;2504;5007;1002;2003;Noord-Holland;Hoogheemraadschap van Rijnland;BU03940429;GM0394;1175.0;1175KE;BU03940429;GM0394;1175.0;1175KE;BU03940429;GM0394;1175.0;1175KE;False;False;False;52.361723162404935;4.752614326075218;WarmteAtlas:AquathermieEffluent;https://www.warmteatlas.nl/geoserver/WarmteAtlas/wfs;2026-06-24T11:35:41;
356;Vrijvervalleiding;1999;1600;Onbekend;Effluentleiding;12000;12000;113.194628;250.8;250.8;Hoogheemraadschap van Rijnland;91542.0;70650.4;Haarlemmermeer;Noord-Holland Zuid;726;1452;290;581;Noord-Holland;Hoogheemraadschap van Rijnland;BU03941295;GM0394;2136.0;2136KX;BU03941295;GM0394;2136.0;2136KX;BU03941295;GM0394;2136.0;2136KX;False;False;False;52.30441948185419;4.604877756233603;WarmteAtlas:AquathermieEffluent;https://www.warmteatlas.nl/geoserver/WarmteAtlas/wfs;2026-06-24T11:35:41;
357;Drukleiding (persleiding);1998;630;PVC;Effluentleiding;5250;5250;30.581576;109.725;109.725;Hoogheemraadschap van Rijnland;40049.6;30909.5;Haarlemmermeer;Noord-Holland Zuid;318;635;127;254;Noord-Holland;Hoogheemraadschap van Rijnland;BU03940782;GM0394;1435.0;1435CA;BU03940782;GM0394;1435.0;1435CA;BU03940782;GM0394;1435.0;1435CA;False;False;False;52.27286473708384;4.726393560957584;WarmteAtlas:AquathermieEffluent;https://www.warmteatlas.nl/geoserver/WarmteAtlas/wfs;2026-06-24T11:35:41;
358;Vrijvervalleiding;1997;1800;Gietijzer;Effluentleiding;41400;41400;613.2694;865.26;865.26;Hoogheemraadschap van Rijnland;315820.0;243744.0;Haarlemmermeer;Noord-Holland Zuid;2504;5007;1002;2003;Noord-Holland;Hoogheemraadschap van Rijnland;BU03940429;GM0394;1175.0;1175KZ;BU03940429;GM0394;1175.0;1175KZ;BU03940429;GM0394;1175.0;1175KZ;False;False;False;52.361485889137356;4.744692513466913;WarmteAtlas:AquathermieEffluent;https://www.warmteatlas.nl/geoserver/WarmteAtlas/wfs;2026-06-24T11:35:41;
359;Vrijvervalleiding;1999;1600;Onbekend;Effluentleiding;12000;12000;11.603758;250.8;250.8;Hoogheemraadschap van Rijnland;91542.0;70650.4;Haarlemmermeer;Noord-Holland Zuid;726;1452;290;581;Noord-Holland;Hoogheemraadschap van Rijnland;BU03941295;GM0394;2136.0;2136KX;BU03941295;GM0394;2136.0;2136KX;BU03941295;GM0394;2136.0;2136KX;False;False;False;52.304659211390806;4.604055614463808;WarmteAtlas:AquathermieEffluent;https://www.warmteatlas.nl/geoserver/WarmteAtlas/wfs;2026-06-24T11:35:41;
360;Drukleiding (persleiding);1998;630;PVC;Effluentleiding;5250;5250;25.245215;109.725;109.725;Hoogheemraadschap van Rijnland;40049.6;30909.5;Haarlemmermeer;Noord-Holland Zuid;318;635;127;254;Noord-Holland;Hoogheemraadschap van Rijnland;BU03940782;GM0394;1435.0;1435CA;BU03940782;GM0394;1435.0;1435CA;BU03940782;GM0394;1435.0;1435CA;False;False;False;52.27284582411504;4.726711049218348;WarmteAtlas:AquathermieEffluent;https://www.warmteatlas.nl/geoserver/WarmteAtlas/wfs;2026-06-24T11:35:41;
361;Vrijvervalleiding;1997;1800;Gietijzer;Effluentleiding;41400;41400;72.922084;865.26;865.26;Hoogheemraadschap van Rijnland;315820.0;243744.0;Haarlemmermeer;Noord-Holland Zuid;2504;5007;1002;2003;Noord-Holland;Hoogheemraadschap van Rijnland;BU03940429;GM0394;1175.0;1175KZ;BU03940429;GM0394;1175.0;1175KZ;BU03940429;GM0394;1175.0;1175KZ;False;False;False;52.36154783483356;4.749128604460299;WarmteAtlas:AquathermieEffluent;https://www.warmteatlas.nl/geoserver/WarmteAtlas/wfs;2026-06-24T11:35:41;
362;Vrijvervalleiding;1999;400;PVC;Effluentleiding;4500;4500;293.804319;94.05;94.05;Hoogheemraadschap van Rijnland;34328.3;26493.9;Bodegraven-Reeuwijk;Midden-Holland;272;544;109;218;Zuid-Holland;Hoogheemraadschap van Rijnland;BU19010203;GM1901;2411.0;2411BZ;BU19010203;GM1901;2411.0;2411BZ;BU19010203;GM1901;2411.0;2411BZ;False;False;False;52.082965285589914;4.735818030761498;WarmteAtlas:AquathermieEffluent;https://www.warmteatlas.nl/geoserver/WarmteAtlas/wfs;2026-06-24T11:35:41;
363;Vrijvervalleiding;1989;1000;Onbekend;Effluentleiding;13000;13000;257.514305;271.7;271.7;Hoogheemraadschap van Rijnland;99170.5;76537.9;Bodegraven-Reeuwijk;Midden-Holland;786;1572;314;629;Zuid-Holland;Hoogheemraadschap van Rijnland;BU19010401;GM1901;2811.0;2811PR;BU19010401;GM1901;2811.0;2811PR;BU19010401;GM1901;2811.0;2811PR;False;False;False;52.05813083591251;4.665405343694271;WarmteAtlas:AquathermieEffluent;https://www.warmteatlas.nl/geoserver/WarmteAtlas/wfs;2026-06-24T11:35:41;
364;Vrijvervalleiding;1989;1000;Onbekend;Effluentleiding;13000;13000;41.807085;271.7;271.7;Hoogheemraadschap van Rijnland;99170.5;76537.9;Bodegraven-Reeuwijk;Midden-Holland;786;1572;314;629;Zuid-Holland;Hoogheemraadschap van Rijnland;BU19010401;GM1901;2811.0;2811PX;BU19010401;GM1901;2811.0;2811PR;BU19010401;GM1901;2811.0;2811PR;False;False;False;52.05879134804876;4.663693173570163;WarmteAtlas:AquathermieEffluent;https://www.warmteatlas.nl/geoserver/WarmteAtlas/wfs;2026-06-24T11:35:41;
365;Vrijvervalleiding;1997;1600;Gewapend beton;Effluentleiding;31354;31354;33.15533;655.299;655.299;Hoogheemraadschap van Rijnland;239184.0;184598.0;Katwijk;Holland Rijnland;1896;3792;758;1517;Zuid-Holland;Hoogheemraadschap van Rijnland;BU05370201;GM0537;2222.0;2222AG;BU05370201;GM0537;2222.0;2222AG;BU05370201;GM0537;2222.0;2222AG;False;False;False;52.198280514152835;4.429300559839593;WarmteAtlas:AquathermieEffluent;https://www.warmteatlas.nl/geoserver/WarmteAtlas/wfs;2026-06-24T11:35:41;
366;Vrijvervalleiding;1997;1600;Gewapend beton;Effluentleiding;31354;31354;902.305586;655.299;655.299;Hoogheemraadschap van Rijnland;239184.0;184598.0;Katwijk;Holland Rijnland;1896;3792;758;1517;Zuid-Holland;Hoogheemraadschap van Rijnland;BU05370202;GM0537;2222.0;2222AG;BU05370202;GM0537;2222.0;2222AG;BU05370202;GM0537;2222.0;2222AG;False;False;False;52.20107609917398;4.434400148749102;WarmteAtlas:AquathermieEffluent;https://www.warmteatlas.nl/geoserver/WarmteAtlas/wfs;2026-06-24T11:35:41;
367;Vrijvervalleiding;1997;1600;Gewapend beton;Effluentleiding;31354;31354;19.408771;655.299;655.299;Hoogheemraadschap van Rijnland;239184.0;184598.0;Katwijk;Holland Rijnland;1896;3792;758;1517;Zuid-Holland;Hoogheemraadschap van Rijnland;BU05370202;GM0537;2222.0;2222AG;BU05370202;GM0537;2222.0;2222AG;BU05370202;GM0537;2222.0;2222AG;False;False;False;52.20377381513382;4.439322875982739;WarmteAtlas:AquathermieEffluent;https://www.warmteatlas.nl/geoserver/WarmteAtlas/wfs;2026-06-24T11:35:41;
368;Vrijvervalleiding;1997;1600;Gewapend beton;Effluentleiding;31354;31354;5.6198;655.299;655.299;Hoogheemraadschap van Rijnland;239184.0;184598.0;Katwijk;Holland Rijnland;1896;3792;758;1517;Zuid-Holland;Hoogheemraadschap van Rijnland;BU05370202;GM0537;2222.0;2222AG;BU05370202;GM0537;2222.0;2222AG;BU05370202;GM0537;2222.0;2222AG;False;False;False;52.20385552577084;4.439197879207389;WarmteAtlas:AquathermieEffluent;https://www.warmteatlas.nl/geoserver/WarmteAtlas/wfs;2026-06-24T11:35:41;
369;Vrijvervalleiding;2011;1000;Gewapend beton;Effluentleiding;10080;10080;102.996041;210.672;210.672;Hoogheemraadschap van Rijnland;76895.3;59346.3;Noordwijk;Holland Rijnland;610;1219;244;488;Zuid-Holland;Hoogheemraadschap van Rijnland;BU05750203;GM0575;2201.0;2201AH;BU05750203;GM0575;2201.0;2201AH;BU05750203;GM0575;2201.0;2201AH;False;False;False;52.22051401577601;4.446899503322308;WarmteAtlas:AquathermieEffluent;https://www.warmteatlas.nl/geoserver/WarmteAtlas/wfs;2026-06-24T11:35:41;
370;Vrijvervalleiding;2011;1000;Gewapend beton;Effluentleiding;10080;10080;217.619986;210.672;210.672;Hoogheemraadschap van Rijnland;76895.3;59346.3;Noordwijk;Holland Rijnland;610;1219;244;488;Zuid-Holland;Hoogheemraadschap van Rijnland;BU05750203;GM0575;2201.0;2201AH;BU05750203;GM0575;2201.0;2201AH;BU05750203;GM0575;2201.0;2201AH;False;False;False;52.21943947715324;4.448379362295935;WarmteAtlas:AquathermieEffluent;https://www.warmteatlas.nl/geoserver/WarmteAtlas/wfs;2026-06-24T11:35:41;
371;Vrijvervalleiding;1989;1000;Onbekend;Effluentleiding;13000;13000;16.240947;271.7;271.7;Hoogheemraadschap van Rijnland;99170.5;76537.9;Waddinxveen;Midden-Holland;786;1572;314;629;Zuid-Holland;Hoogheemraadschap van Rijnland;BU06270407;GM0627;2741.0;2741KR;BU06270407;GM0627;2741.0;2741KR;BU06270407;GM0627;2741.0;2741KR;False;False;False;52.05869191741777;4.66330195363417;WarmteAtlas:AquathermieEffluent;https://www.warmteatlas.nl/geoserver/WarmteAtlas/wfs;2026-06-24T11:35:41;
372;Vrijvervalleiding;1990;600;Staal;Effluentleiding;6250;6250;45.887992;130.625;130.625;Hoogheemraadschap van Rijnland;47678.1;36797.1;Alphen aan den Rijn;Holland Rijnland;378;756;151;302;Zuid-Holland;Hoogheemraadschap van Rijnland;BU04840111;GM0484;2401.0;2401LB;BU04840111;GM0484;2401.0;2401LB;BU04840111;GM0484;2401.0;2401LB;False;False;False;52.14144808904333;4.661114857801365;WarmteAtlas:AquathermieEffluent;https://www.warmteatlas.nl/geoserver/WarmteAtlas/wfs;2026-06-24T11:35:41;
373;Vrijvervalleiding;1990;600;Staal;Effluentleiding;6250;6250;709.484267;130.625;130.625;Hoogheemraadschap van Rijnland;47678.1;36797.1;Alphen aan den Rijn;Holland Rijnland;378;756;151;302;Zuid-Holland;Hoogheemraadschap van Rijnland;BU04840211;GM0484;2402.0;2402AA;BU04840211;GM0484;2402.0;2402AA;BU04840211;GM0484;2402.0;2402AA;False;False;False;52.140518003907275;4.666182403814678;WarmteAtlas:AquathermieEffluent;https://www.warmteatlas.nl/geoserver/WarmteAtlas/wfs;2026-06-24T11:35:41;
374;Vrijvervalleiding;1990;600;Staal;Effluentleiding;6250;6250;86.616142;130.625;130.625;Hoogheemraadschap van Rijnland;47678.1;36797.1;Alphen aan den Rijn;Holland Rijnland;378;756;151;302;Zuid-Holland;Hoogheemraadschap van Rijnland;BU04840211;GM0484;2402.0;2402AB;BU04840211;GM0484;2402.0;2402AB;BU04840211;GM0484;2402.0;2402AB;False;False;False;52.13980097949208;4.671636353962624;WarmteAtlas:AquathermieEffluent;https://www.warmteatlas.nl/geoserver/WarmteAtlas/wfs;2026-06-24T11:35:41;
375;Vrijvervalleiding;1990;600;Staal;Effluentleiding;6250;6250;175.382507;130.625;130.625;Hoogheemraadschap van Rijnland;47678.1;36797.1;Alphen aan den Rijn;Holland Rijnland;378;756;151;302;Zuid-Holland;Hoogheemraadschap van Rijnland;BU04840601;GM0484;2406.0;2406LK;BU04840601;GM0484;2406.0;2406LK;BU04840601;GM0484;2406.0;2406LK;False;False;False;52.139206117216524;4.6730319081222715;WarmteAtlas:AquathermieEffluent;https://www.warmteatlas.nl/geoserver/WarmteAtlas/wfs;2026-06-24T11:35:41;
376;Vrijvervalleiding;1990;0;Onbekend;Effluentleiding;6250;6250;79.991202;130.625;130.625;Hoogheemraadschap van Rijnland;47678.1;36797.1;Alphen aan den Rijn;Holland Rijnland;378;756;151;302;Zuid-Holland;Hoogheemraadschap van Rijnland;BU04840605;GM0484;2406.0;2406LD;BU04840605;GM0484;2406.0;2406LD;BU04840605;GM0484;2406.0;2406LD;False;False;False;52.13816954127597;4.673678948815725;WarmteAtlas:AquathermieEffluent;https://www.warmteatlas.nl/geoserver/WarmteAtlas/wfs;2026-06-24T11:35:41;
377;Vrijvervalleiding;1990;600;Staal;Effluentleiding;6250;6250;8.278714;130.625;130.625;Hoogheemraadschap van Rijnland;47678.1;36797.1;Alphen aan den Rijn;Holland Rijnland;378;756;151;302;Zuid-Holland;Hoogheemraadschap van Rijnland;BU04840605;GM0484;2406.0;2406LJ;BU04840605;GM0484;2406.0;2406LJ;BU04840605;GM0484;2406.0;2406LJ;False;False;False;52.138516316004136;4.673732387706335;WarmteAtlas:AquathermieEffluent;https://www.warmteatlas.nl/geoserver/WarmteAtlas/wfs;2026-06-24T11:35:41;
378;Vrijvervalleiding;1999;999;Onbekend;Effluentleiding;4250;4250;203.149005;88.825;88.825;Hoogheemraadschap van Rijnland;32421.1;25022.0;Lisse;Holland Rijnland;257;514;103;206;Zuid-Holland;Hoogheemraadschap van Rijnland;BU05530303;GM0553;2162.0;2162CP;BU05530303;GM0553;2162.0;2162CP;BU05530303;GM0553;2162.0;2162CP;False;False;False;52.24541685472823;4.564873216406553;WarmteAtlas:AquathermieEffluent;https://www.warmteatlas.nl/geoserver/WarmteAtlas/wfs;2026-06-24T11:35:41;
379;Vrijvervalleiding;1993;0;Onbekend;Effluentleiding;24547;24547;62.078325;513.032;513.032;Hoogheemraadschap van Rijnland;187257.0;144521.0;Leiden;Holland Rijnland;1484;2969;594;1188;Zuid-Holland;Hoogheemraadschap van Rijnland;BU05460800;GM0546;2316.0;2316AH;BU05460800;GM0546;2316.0;2316AH;BU05460800;GM0546;2316.0;2316AH;False;False;False;52.17418021604115;4.4931061520436595;WarmteAtlas:AquathermieEffluent;https://www.warmteatlas.nl/geoserver/WarmteAtlas/wfs;2026-06-24T11:35:41;
380;Vrijvervalleiding;1993;999;Onbekend;Effluentleiding;24547;24547;105.205127;513.032;513.032;Hoogheemraadschap van Rijnland;187257.0;144521.0;Leiden;Holland Rijnland;1484;2969;594;1188;Zuid-Holland;Hoogheemraadschap van Rijnland;BU05460800;GM0546;2316.0;2316AH;BU05460800;GM0546;2316.0;2316AH;BU05460800;GM0546;2316.0;2316AH;False;False;False;52.17363509536528;4.492391916746269;WarmteAtlas:AquathermieEffluent;https://www.warmteatlas.nl/geoserver/WarmteAtlas/wfs;2026-06-24T11:35:41;
381;Vrijvervalleiding;1993;0;Onbekend;Effluentleiding;24547;24547;171.061935;513.032;513.032;Hoogheemraadschap van Rijnland;187257.0;144521.0;Leiden;Holland Rijnland;1484;2969;594;1188;Zuid-Holland;Hoogheemraadschap van Rijnland;BU05460800;GM0546;2316.0;2316AH;BU05460800;GM0546;2316.0;2316AH;BU05460800;GM0546;2316.0;2316AH;False;False;False;52.17461432404238;4.4935382370425065;WarmteAtlas:AquathermieEffluent;https://www.warmteatlas.nl/geoserver/WarmteAtlas/wfs;2026-06-24T11:35:41;
382;Drukleiding (persleiding);0;500;Beton;Effluentleiding;1750;1750;401.118669;36.575;36.575;Hoogheemraadschap van Rijnland;13349.9;10303.2;Nieuwkoop;Holland Rijnland;106;212;42;85;Zuid-Holland;Hoogheemraadschap van Rijnland;BU05690108;GM0569;2441.0;2441EZ;BU05690922;GM0569;2441.0;2441EZ;BU05690922;GM0569;2441.0;2441EZ;True;False;False;52.187963001904784;4.736871796310211;WarmteAtlas:AquathermieEffluent;https://www.warmteatlas.nl/geoserver/WarmteAtlas/wfs;2026-06-24T11:35:41;
383;Drukleiding (persleiding);0;500;Beton;Effluentleiding;1750;1750;27.692432;36.575;36.575;Hoogheemraadschap van Rijnland;13349.9;10303.2;Nieuwkoop;Holland Rijnland;106;212;42;85;Zuid-Holland;Hoogheemraadschap van Rijnland;BU05690108;GM0569;2441.0;2441EW;BU05690922;GM0569;2441.0;2441EW;BU05690922;GM0569;2441.0;2441EW;True;False;False;52.18673940124167;4.739269073903676;WarmteAtlas:AquathermieEffluent;https://www.warmteatlas.nl/geoserver/WarmteAtlas/wfs;2026-06-24T11:35:41;
384;Drukleiding (persleiding);0;500;Beton;Effluentleiding;1750;1750;125.459313;36.575;36.575;Hoogheemraadschap van Rijnland;13349.9;10303.2;Nieuwkoop;Holland Rijnland;106;212;42;85;Zuid-Holland;Hoogheemraadschap van Rijnland;BU05690108;GM0569;2441.0;2441EW;BU05690922;GM0569;2441.0;2441EW;BU05690922;GM0569;2441.0;2441EW;True;False;False;52.1862582553663;4.740069605519578;WarmteAtlas:AquathermieEffluent;https://www.warmteatlas.nl/geoserver/WarmteAtlas/wfs;2026-06-24T11:35:41;
385;Drukleiding (persleiding);0;500;Beton;Effluentleiding;1750;1750;185.202861;36.575;36.575;Hoogheemraadschap van Rijnland;13349.9;10303.2;Nieuwkoop;Holland Rijnland;106;212;42;85;Zuid-Holland;Hoogheemraadschap van Rijnland;BU05690108;GM0569;2441.0;2441EW;BU05690922;GM0569;2441.0;2441EW;BU05690922;GM0569;2441.0;2441EW;True;False;False;52.18525091373371;4.741622567692598;WarmteAtlas:AquathermieEffluent;https://www.warmteatlas.nl/geoserver/WarmteAtlas/wfs;2026-06-24T11:35:41;
386;Drukleiding (persleiding);0;500;Beton;Effluentleiding;1750;1750;704.000349;36.575;36.575;Hoogheemraadschap van Rijnland;13349.9;10303.2;Nieuwkoop;Holland Rijnland;106;212;42;85;Zuid-Holland;Hoogheemraadschap van Rijnland;BU05690108;GM0569;2441.0;2441LC;BU05690927;GM0569;2441.0;2441LC;BU05690927;GM0569;2441.0;2441LC;True;False;False;52.187645360268554;4.756343762658933;WarmteAtlas:AquathermieEffluent;https://www.warmteatlas.nl/geoserver/WarmteAtlas/wfs;2026-06-24T11:35:41;
387;Drukleiding (persleiding);0;500;Beton;Effluentleiding;1750;1750;704.399481;36.575;36.575;Hoogheemraadschap van Rijnland;13349.9;10303.2;Nieuwkoop;Holland Rijnland;106;212;42;85;Zuid-Holland;Hoogheemraadschap van Rijnland;BU05690309;GM0569;2461.0;2461NB;BU05691133;GM0569;2461.0;2461NB;BU05691133;GM0569;2461.0;2461NB;True;False;False;52.18559998831224;4.7469217748694925;WarmteAtlas:AquathermieEffluent;https://www.warmteatlas.nl/geoserver/WarmteAtlas/wfs;2026-06-24T11:35:41;
388;Vrijvervalleiding;1992;400;Onbekend;Effluentleiding;1558;1558;21.693576;32.5622;32.5622;Hoogheemraadschap van Rijnland;11885.2;9172.77;Kaag en Braassem;Holland Rijnland;94;188;38;75;Zuid-Holland;Hoogheemraadschap van Rijnland;BU18840408;GM1884;2451.0;2451CH;BU18840408;GM1884;2451.0;2451CH;BU18840408;GM1884;2451.0;2451CH;False;False;False;52.21883481603007;4.65445104472047;WarmteAtlas:AquathermieEffluent;https://www.warmteatlas.nl/geoserver/WarmteAtlas/wfs;2026-06-24T11:35:41;
389;Vrijvervalleiding;1992;400;Onbekend;Effluentleiding;1558;1558;87.573548;32.5622;32.5622;Hoogheemraadschap van Rijnland;11885.2;9172.77;Kaag en Braassem;Holland Rijnland;94;188;38;75;Zuid-Holland;Hoogheemraadschap van Rijnland;BU18840408;GM1884;2451.0;2451CH;BU18840408;GM1884;2451.0;2451CH;BU18840408;GM1884;2451.0;2451CH;False;False;False;52.219311613768866;4.654261222044725;WarmteAtlas:AquathermieEffluent;https://www.warmteatlas.nl/geoserver/WarmteAtlas/wfs;2026-06-24T11:35:41;
390;Vrijvervalleiding;1992;400;Onbekend;Effluentleiding;1558;1558;35.908567;32.5622;32.5622;Hoogheemraadschap van Rijnland;11885.2;9172.77;Kaag en Braassem;Holland Rijnland;94;188;38;75;Zuid-Holland;Hoogheemraadschap van Rijnland;BU18840408;GM1884;2451.0;2451VX;BU18840408;GM1884;2451.0;2451VX;BU18840408;GM1884;2451.0;2451VX;False;False;False;52.220060013626465;4.653955638960048;WarmteAtlas:AquathermieEffluent;https://www.warmteatlas.nl/geoserver/WarmteAtlas/wfs;2026-06-24T11:35:41;
391;Vrijvervalleiding;1997;200;Onbekend;Effluentleiding;272;272;30.354427;5.6848;5.6848;Hoogheemraadschap van Rijnland;2074.95;1601.41;Kaag en Braassem;Holland Rijnland;16;33;7;13;Zuid-Holland;Hoogheemraadschap van Rijnland;BU18840300;GM1884;2465.0;2465BK;BU18840300;GM1884;2465.0;2465BK;BU18840300;GM1884;2465.0;2465BK;False;False;False;52.18968564995054;4.6660202585340675;WarmteAtlas:AquathermieEffluent;https://www.warmteatlas.nl/geoserver/WarmteAtlas/wfs;2026-06-24T11:35:41;
392;Vrijvervalleiding;1990;999;Onbekend;Effluentleiding;2700;2700;121.41231;56.43;56.43;Hoogheemraadschap van Rijnland;20596.9;15896.3;Kaag en Braassem;Holland Rijnland;163;326;65;131;Zuid-Holland;Hoogheemraadschap van Rijnland;BU18840107;GM1884;2376.0;2376BE;BU18840107;GM1884;2376.0;2376BE;BU18840107;GM1884;2376.0;2376BE;False;False;False;52.213965545294464;4.6111477400824645;WarmteAtlas:AquathermieEffluent;https://www.warmteatlas.nl/geoserver/WarmteAtlas/wfs;2026-06-24T11:35:41;
393;Vrijvervalleiding;1997;200;Onbekend;Effluentleiding;272;272;51.810526;5.6848;5.6848;Hoogheemraadschap van Rijnland;2074.95;1601.41;Kaag en Braassem;Holland Rijnland;16;33;7;13;Zuid-Holland;Hoogheemraadschap van Rijnland;BU18840300;GM1884;2465.0;2465BK;BU18840300;GM1884;2465.0;2465BK;BU18840300;GM1884;2465.0;2465BK;False;False;False;52.18933745315763;4.666184925687799;WarmteAtlas:AquathermieEffluent;https://www.warmteatlas.nl/geoserver/WarmteAtlas/wfs;2026-06-24T11:35:41;
394;Vrijvervalleiding;1992;400;Onbekend;Effluentleiding;1558;1558;24.117842;32.5622;32.5622;Hoogheemraadschap van Rijnland;11885.2;9172.77;Kaag en Braassem;Holland Rijnland;94;188;38;75;Zuid-Holland;Hoogheemraadschap van Rijnland;BU18840408;GM1884;2451.0;2451VX;BU18840408;GM1884;2451.0;2451VX;BU18840408;GM1884;2451.0;2451VX;False;False;False;52.21979809485791;4.65406055152068;WarmteAtlas:AquathermieEffluent;https://www.warmteatlas.nl/geoserver/WarmteAtlas/wfs;2026-06-24T11:35:41;
395;Persleiding;1992;1000;Beton;Onbekend;19032;19032;95.760754;397.769;397.769;HH Amstel, Gooi en Vecht;145186.0;112052.0;Amstelveen;Noord-Holland Zuid;1151;2302;460;921;Noord-Holland;HH Amstel, Gooi en Vecht;BU03620701;GM0362;1183.0;1183TE;BU03620701;GM0362;1183.0;1183TE;BU03620701;GM0362;1183.0;1183TE;False;False;False;52.31227138446539;4.904078268738236;WarmteAtlas:AquathermieEffluent;https://www.warmteatlas.nl/geoserver/WarmteAtlas/wfs;2026-06-24T11:35:41;
396;Persleiding;1992;1000;Beton;Onbekend;19032;19032;177.111913;397.769;397.769;HH Amstel, Gooi en Vecht;145186.0;112052.0;Amstelveen;Noord-Holland Zuid;1151;2302;460;921;Noord-Holland;HH Amstel, Gooi en Vecht;BU03620701;GM0362;1183.0;1183TE;BU03620701;GM0362;1183.0;1183TE;BU03620701;GM0362;1183.0;1183TE;False;False;False;52.31254823185606;4.902129199629932;WarmteAtlas:AquathermieEffluent;https://www.warmteatlas.nl/geoserver/WarmteAtlas/wfs;2026-06-24T11:35:41;
397;Persleiding;1992;1000;Beton;Onbekend;19032;19032;123.014131;397.769;397.769;HH Amstel, Gooi en Vecht;145186.0;112052.0;Amstelveen;Noord-Holland Zuid;1151;2302;460;921;Noord-Holland;HH Amstel, Gooi en Vecht;BU03620701;GM0362;1183.0;1183TE;BU03620701;GM0362;1183.0;1183TE;BU03620701;GM0362;1183.0;1183TE;False;False;False;52.31285246682907;4.8999853524971595;WarmteAtlas:AquathermieEffluent;https://www.warmteatlas.nl/geoserver/WarmteAtlas/wfs;2026-06-24T11:35:41;
398;Persleiding;1992;1000;Beton;Onbekend;19032;19032;188.698388;397.769;397.769;HH Amstel, Gooi en Vecht;145186.0;112052.0;Amstelveen;Noord-Holland Zuid;1151;2302;460;921;Noord-Holland;HH Amstel, Gooi en Vecht;BU03620701;GM0362;1183.0;1183TM;BU03620701;GM0362;1183.0;1183TM;BU03620701;GM0362;1183.0;1183TM;False;False;False;52.31300715850079;4.8977238985542355;WarmteAtlas:AquathermieEffluent;https://www.warmteatlas.nl/geoserver/WarmteAtlas/wfs;2026-06-24T11:35:41;
399;Persleiding;1992;1000;Beton;Onbekend;19032;19032;113.827488;397.769;397.769;HH Amstel, Gooi en Vecht;145186.0;112052.0;Amstelveen;Noord-Holland Zuid;1151;2302;460;921;Noord-Holland;HH Amstel, Gooi en Vecht;BU03620701;GM0362;1183.0;1183TM;BU03620701;GM0362;1183.0;1183TM;BU03620701;GM0362;1183.0;1183TM;False;False;False;52.31305494769901;4.895507092481038;WarmteAtlas:AquathermieEffluent;https://www.warmteatlas.nl/geoserver/WarmteAtlas/wfs;2026-06-24T11:35:41;
400;Persleiding;1992;1000;Beton;Onbekend;19032;19032;58.931171;397.769;397.769;HH Amstel, Gooi en Vecht;145186.0;112052.0;Amstelveen;Noord-Holland Zuid;1151;2302;460;921;Noord-Holland;HH Amstel, Gooi en Vecht;BU03620701;GM0362;1183.0;1183TM;BU03620701;GM0362;1183.0;1183TM;BU03620701;GM0362;1183.0;1183TM;False;False;False;52.313261700794904;4.894370409541788;WarmteAtlas:AquathermieEffluent;https://www.warmteatlas.nl/geoserver/WarmteAtlas/wfs;2026-06-24T11:35:41;
401;Persleiding;1992;1000;Beton;Onbekend;19032;19032;57.686138;397.769;397.769;HH Amstel, Gooi en Vecht;145186.0;112052.0;Amstelveen;Noord-Holland Zuid;1151;2302;460;921;Noord-Holland;HH Amstel, Gooi en Vecht;BU03620701;GM0362;1183.0;1183TM;BU03620701;GM0362;1183.0;1183TM;BU03620701;GM0362;1183.0;1183TM;False;False;False;52.31363574868302;4.8937715251092575;WarmteAtlas:AquathermieEffluent;https://www.warmteatlas.nl/geoserver/WarmteAtlas/wfs;2026-06-24T11:35:41;
402;Persleiding;1992;1000;Beton;Onbekend;19032;19032;19.065655;397.769;397.769;HH Amstel, Gooi en Vecht;145186.0;112052.0;Amstelveen;Noord-Holland Zuid;1151;2302;460;921;Noord-Holland;HH Amstel, Gooi en Vecht;BU03620701;GM0362;1183.0;1183TN;BU03620701;GM0362;1183.0;1183TN;BU03620701;GM0362;1183.0;1183TN;False;False;False;52.31385982959589;4.891976089267185;WarmteAtlas:AquathermieEffluent;https://www.warmteatlas.nl/geoserver/WarmteAtlas/wfs;2026-06-24T11:35:41;
403;Persleiding;1992;1000;Beton;Onbekend;19032;19032;92.932803;397.769;397.769;HH Amstel, Gooi en Vecht;145186.0;112052.0;Amstelveen;Noord-Holland Zuid;1151;2302;460;921;Noord-Holland;HH Amstel, Gooi en Vecht;BU03620701;GM0362;1183.0;1183TN;BU03620701;GM0362;1183.0;1183TN;BU03620701;GM0362;1183.0;1183TN;False;False;False;52.31383753454588;4.892794356095084;WarmteAtlas:AquathermieEffluent;https://www.warmteatlas.nl/geoserver/WarmteAtlas/wfs;2026-06-24T11:35:41;
404;Persleiding;2001;537;PE  SDR 11  PN16;Onbekend;41040;41040;21.570837;857.736;857.736;HH Amstel, Gooi en Vecht;313074.0;241624.0;Amsterdam;Noord-Holland Zuid;2482;4964;993;1986;Noord-Holland;HH Amstel, Gooi en Vecht;BU0363BA02;GM0363;1045.0;1045AS;BU0363BA02;GM0363;1045.0;1045AS;BU0363BA02;GM0363;1045.0;1045AS;False;False;False;52.423210073092726;4.791597752529268;WarmteAtlas:AquathermieEffluent;https://www.warmteatlas.nl/geoserver/WarmteAtlas/wfs;2026-06-24T11:35:41;
405;Persleiding;2001;537;PE  SDR 11  PN16;Onbekend;41040;41040;21.558595;857.736;857.736;HH Amstel, Gooi en Vecht;313074.0;241624.0;Amsterdam;Noord-Holland Zuid;2482;4964;993;1986;Noord-Holland;HH Amstel, Gooi en Vecht;BU0363BA02;GM0363;1045.0;1045AS;BU0363BA02;GM0363;1045.0;1045AS;BU0363BA02;GM0363;1045.0;1045AS;False;False;False;52.42301644967479;4.791609912293413;WarmteAtlas:AquathermieEffluent;https://www.warmteatlas.nl/geoserver/WarmteAtlas/wfs;2026-06-24T11:35:41;
406;Persleiding;2001;537;PE  SDR 11  PN16;Onbekend;41040;41040;47.908507;857.736;857.736;HH Amstel, Gooi en Vecht;313074.0;241624.0;Amsterdam;Noord-Holland Zuid;2482;4964;993;1986;Noord-Holland;HH Amstel, Gooi en Vecht;BU0363BA02;GM0363;1045.0;1045AS;BU0363BA02;GM0363;1045.0;1045AS;BU0363BA02;GM0363;1045.0;1045AS;False;False;False;52.42270629323928;4.791665243293968;WarmteAtlas:AquathermieEffluent;https://www.warmteatlas.nl/geoserver/WarmteAtlas/wfs;2026-06-24T11:35:41;
407;Persleiding;2001;537;PE  SDR 11  PN16;Onbekend;41040;41040;47.903705;857.736;857.736;HH Amstel, Gooi en Vecht;313074.0;241624.0;Amsterdam;Noord-Holland Zuid;2482;4964;993;1986;Noord-Holland;HH Amstel, Gooi en Vecht;BU0363BA02;GM0363;1045.0;1045AS;BU0363BA02;GM0363;1045.0;1045AS;BU0363BA02;GM0363;1045.0;1045AS;False;False;False;52.422283154706285;4.791790746272652;WarmteAtlas:AquathermieEffluent;https://www.warmteatlas.nl/geoserver/WarmteAtlas/wfs;2026-06-24T11:35:41;
408;Persleiding;2001;537;PE  SDR 11  PN16;Onbekend;41040;41040;47.50899;857.736;857.736;HH Amstel, Gooi en Vecht;313074.0;241624.0;Amsterdam;Noord-Holland Zuid;2482;4964;993;1986;Noord-Holland;HH Amstel, Gooi en Vecht;BU0363BA02;GM0363;1045.0;1045AS;BU0363BA02;GM0363;1045.0;1045AS;BU0363BA02;GM0363;1045.0;1045AS;False;False;False;52.42187085395649;4.79198041743296;WarmteAtlas:AquathermieEffluent;https://www.warmteatlas.nl/geoserver/WarmteAtlas/wfs;2026-06-24T11:35:41;
409;Persleiding;2001;537;PE  SDR 11  PN16;Onbekend;41040;41040;47.499105;857.736;857.736;HH Amstel, Gooi en Vecht;313074.0;241624.0;Amsterdam;Noord-Holland Zuid;2482;4964;993;1986;Noord-Holland;HH Amstel, Gooi en Vecht;BU0363BA02;GM0363;1045.0;1045AS;BU0363BA02;GM0363;1045.0;1045AS;BU0363BA02;GM0363;1045.0;1045AS;False;False;False;52.421473063205134;4.792231780168763;WarmteAtlas:AquathermieEffluent;https://www.warmteatlas.nl/geoserver/WarmteAtlas/wfs;2026-06-24T11:35:41;
410;Persleiding;2001;537;PE  SDR 11  PN16;Onbekend;41040;41040;54.127853;857.736;857.736;HH Amstel, Gooi en Vecht;313074.0;241624.0;Amsterdam;Noord-Holland Zuid;2482;4964;993;1986;Noord-Holland;HH Amstel, Gooi en Vecht;BU0363BA02;GM0363;1045.0;1045AV;BU0363BA02;GM0363;1045.0;1045AV;BU0363BA02;GM0363;1045.0;1045AV;False;False;False;52.421063894976406;4.792562233325201;WarmteAtlas:AquathermieEffluent;https://www.warmteatlas.nl/geoserver/WarmteAtlas/wfs;2026-06-24T11:35:41;
411;Persleiding;2001;537;PE  SDR 11  PN16;Onbekend;41040;41040;0.822982;857.736;857.736;HH Amstel, Gooi en Vecht;313074.0;241624.0;Amsterdam;Noord-Holland Zuid;2482;4964;993;1986;Noord-Holland;HH Amstel, Gooi en Vecht;BU0363BA02;GM0363;1045.0;1045AV;BU0363BA02;GM0363;1045.0;1045AV;BU0363BA02;GM0363;1045.0;1045AV;False;False;False;52.42084663720939;4.79275419890247;WarmteAtlas:AquathermieEffluent;https://www.warmteatlas.nl/geoserver/WarmteAtlas/wfs;2026-06-24T11:35:41;
412;Persleiding;2001;800;Gietijzer;Onbekend;41040;41040;46.715087;857.736;857.736;HH Amstel, Gooi en Vecht;313074.0;241624.0;Amsterdam;Noord-Holland Zuid;2482;4964;993;1986;Noord-Holland;HH Amstel, Gooi en Vecht;BU0363BA02;GM0363;1045.0;1045AV;BU0363BA02;GM0363;1045.0;1045AV;BU0363BA02;GM0363;1045.0;1045AV;False;False;False;52.420659368249545;4.792922312993578;WarmteAtlas:AquathermieEffluent;https://www.warmteatlas.nl/geoserver/WarmteAtlas/wfs;2026-06-24T11:35:41;
413;Persleiding;2001;800;Gietijzer;Onbekend;41040;41040;49.032968;857.736;857.736;HH Amstel, Gooi en Vecht;313074.0;241624.0;Amsterdam;Noord-Holland Zuid;2482;4964;993;1986;Noord-Holland;HH Amstel, Gooi en Vecht;BU0363BA02;GM0363;1045.0;1045AV;BU0363BA02;GM0363;1045.0;1045AV;BU0363BA02;GM0363;1045.0;1045AV;False;False;False;52.42028191652077;4.793260119502108;WarmteAtlas:AquathermieEffluent;https://www.warmteatlas.nl/geoserver/WarmteAtlas/wfs;2026-06-24T11:35:41;
414;Persleiding;2001;800;Gietijzer;Onbekend;41040;41040;41.409932;857.736;857.736;HH Amstel, Gooi en Vecht;313074.0;241624.0;Amsterdam;Noord-Holland Zuid;2482;4964;993;1986;Noord-Holland;HH Amstel, Gooi en Vecht;BU0363BA02;GM0363;1045.0;1045AV;BU0363BA02;GM0363;1045.0;1045AV;BU0363BA02;GM0363;1045.0;1045AV;False;False;False;52.419925447183374;4.793579410755215;WarmteAtlas:AquathermieEffluent;https://www.warmteatlas.nl/geoserver/WarmteAtlas/wfs;2026-06-24T11:35:41;
415;Persleiding;2001;800;Gietijzer;Onbekend;41040;41040;43.805311;857.736;857.736;HH Amstel, Gooi en Vecht;313074.0;241624.0;Amsterdam;Noord-Holland Zuid;2482;4964;993;1986;Noord-Holland;HH Amstel, Gooi en Vecht;BU0363BA02;GM0363;1045.0;1045AV;BU0363BA02;GM0363;1045.0;1045AV;BU0363BA02;GM0363;1045.0;1045AV;False;False;False;52.41958941895992;4.793879753905209;WarmteAtlas:AquathermieEffluent;https://www.warmteatlas.nl/geoserver/WarmteAtlas/wfs;2026-06-24T11:35:41;
416;Persleiding;2001;800;Gietijzer;Onbekend;41040;41040;44.20412;857.736;857.736;HH Amstel, Gooi en Vecht;313074.0;241624.0;Amsterdam;Noord-Holland Zuid;2482;4964;993;1986;Noord-Holland;HH Amstel, Gooi en Vecht;BU0363BA02;GM0363;1045.0;1045AV;BU0363BA02;GM0363;1045.0;1045AV;BU0363BA02;GM0363;1045.0;1045AV;False;False;False;52.41924188273832;4.794188478548673;WarmteAtlas:AquathermieEffluent;https://www.warmteatlas.nl/geoserver/WarmteAtlas/wfs;2026-06-24T11:35:41;
417;Persleiding;2001;800;Gietijzer;Onbekend;41040;41040;41.186119;857.736;857.736;HH Amstel, Gooi en Vecht;313074.0;241624.0;Amsterdam;Noord-Holland Zuid;2482;4964;993;1986;Noord-Holland;HH Amstel, Gooi en Vecht;BU0363BA02;GM0363;1045.0;1045AV;BU0363BA02;GM0363;1045.0;1045AV;BU0363BA02;GM0363;1045.0;1045AV;False;False;False;52.418904041520705;4.794486043689166;WarmteAtlas:AquathermieEffluent;https://www.warmteatlas.nl/geoserver/WarmteAtlas/wfs;2026-06-24T11:35:41;
418;Persleiding;2001;800;Gietijzer;Onbekend;41040;41040;37.077317;857.736;857.736;HH Amstel, Gooi en Vecht;313074.0;241624.0;Amsterdam;Noord-Holland Zuid;2482;4964;993;1986;Noord-Holland;HH Amstel, Gooi en Vecht;BU0363BA02;GM0363;1045.0;1045AV;BU0363BA02;GM0363;1045.0;1045AV;BU0363BA02;GM0363;1045.0;1045AV;False;False;False;52.41859466013509;4.794759556995405;WarmteAtlas:AquathermieEffluent;https://www.warmteatlas.nl/geoserver/WarmteAtlas/wfs;2026-06-24T11:35:41;
419;Persleiding;2001;800;Gietijzer;Onbekend;41040;41040;41.272418;857.736;857.736;HH Amstel, Gooi en Vecht;313074.0;241624.0;Amsterdam;Noord-Holland Zuid;2482;4964;993;1986;Noord-Holland;HH Amstel, Gooi en Vecht;BU0363BA02;GM0363;1045.0;1045AT;BU0363BA02;GM0363;1045.0;1045AT;BU0363BA02;GM0363;1045.0;1045AT;False;False;False;52.418284509047375;4.7950320477784025;WarmteAtlas:AquathermieEffluent;https://www.warmteatlas.nl/geoserver/WarmteAtlas/wfs;2026-06-24T11:35:41;
420;Persleiding;1990;1800;Asbest;Onbekend;41040;41040;22.149323;857.736;857.736;HH Amstel, Gooi en Vecht;313074.0;241624.0;Amsterdam;Noord-Holland Zuid;2482;4964;993;1986;Noord-Holland;HH Amstel, Gooi en Vecht;BU0363BA02;GM0363;1045.0;1045AS;BU0363BA02;GM0363;1045.0;1045AS;BU0363BA02;GM0363;1045.0;1045AS;False;False;False;52.42307857146882;4.790943109644177;WarmteAtlas:AquathermieEffluent;https://www.warmteatlas.nl/geoserver/WarmteAtlas/wfs;2026-06-24T11:35:41;
421;Persleiding;2001;800;Gietijzer;Onbekend;41040;41040;40.780526;857.736;857.736;HH Amstel, Gooi en Vecht;313074.0;241624.0;Amsterdam;Noord-Holland Zuid;2482;4964;993;1986;Noord-Holland;HH Amstel, Gooi en Vecht;BU0363BA02;GM0363;1045.0;1045AT;BU0363BA02;GM0363;1045.0;1045AT;BU0363BA02;GM0363;1045.0;1045AT;False;False;False;52.41795831263893;4.7953132013865085;WarmteAtlas:AquathermieEffluent;https://www.warmteatlas.nl/geoserver/WarmteAtlas/wfs;2026-06-24T11:35:41;
422;Persleiding;1990;1800;Asbest;Onbekend;41040;41040;106.012524;857.736;857.736;HH Amstel, Gooi en Vecht;313074.0;241624.0;Amsterdam;Noord-Holland Zuid;2482;4964;993;1986;Noord-Holland;HH Amstel, Gooi en Vecht;BU0363BA02;GM0363;1045.0;1045AS;BU0363BA02;GM0363;1045.0;1045AS;BU0363BA02;GM0363;1045.0;1045AS;False;False;False;52.42256217880308;4.791281498048055;WarmteAtlas:AquathermieEffluent;https://www.warmteatlas.nl/geoserver/WarmteAtlas/wfs;2026-06-24T11:35:41;
423;Persleiding;2001;800;Gietijzer;Onbekend;41040;41040;43.306749;857.736;857.736;HH Amstel, Gooi en Vecht;313074.0;241624.0;Amsterdam;Noord-Holland Zuid;2482;4964;993;1986;Noord-Holland;HH Amstel, Gooi en Vecht;BU0363BA02;GM0363;1045.0;1045AT;BU0363BA02;GM0363;1045.0;1045AT;BU0363BA02;GM0363;1045.0;1045AT;False;False;False;52.417626753570985;4.795609489395076;WarmteAtlas:AquathermieEffluent;https://www.warmteatlas.nl/geoserver/WarmteAtlas/wfs;2026-06-24T11:35:41;
424;Persleiding;1990;1800;Asbest;Onbekend;41040;41040;107.461938;857.736;857.736;HH Amstel, Gooi en Vecht;313074.0;241624.0;Amsterdam;Noord-Holland Zuid;2482;4964;993;1986;Noord-Holland;HH Amstel, Gooi en Vecht;BU0363BA02;GM0363;1045.0;1045AS;BU0363BA02;GM0363;1045.0;1045AS;BU0363BA02;GM0363;1045.0;1045AS;False;False;False;52.42171866572259;4.792028770305524;WarmteAtlas:AquathermieEffluent;https://www.warmteatlas.nl/geoserver/WarmteAtlas/wfs;2026-06-24T11:35:41;
425;Persleiding;2001;800;Gietijzer;Onbekend;41040;41040;45.09606;857.736;857.736;HH Amstel, Gooi en Vecht;313074.0;241624.0;Amsterdam;Noord-Holland Zuid;2482;4964;993;1986;Noord-Holland;HH Amstel, Gooi en Vecht;BU0363BA02;GM0363;1045.0;1045AT;BU0363BA02;GM0363;1045.0;1045AT;BU0363BA02;GM0363;1045.0;1045AT;False;False;False;52.417279014753476;4.795923554634933;WarmteAtlas:AquathermieEffluent;https://www.warmteatlas.nl/geoserver/WarmteAtlas/wfs;2026-06-24T11:35:41;
426;Persleiding;1990;1800;Asbest;Onbekend;41040;41040;107.609584;857.736;857.736;HH Amstel, Gooi en Vecht;313074.0;241624.0;Amsterdam;Noord-Holland Zuid;2482;4964;993;1986;Noord-Holland;HH Amstel, Gooi en Vecht;BU0363BA02;GM0363;1045.0;1045AV;BU0363BA02;GM0363;1045.0;1045AV;BU0363BA02;GM0363;1045.0;1045AV;False;False;False;52.42086883949811;4.7927816114072606;WarmteAtlas:AquathermieEffluent;https://www.warmteatlas.nl/geoserver/WarmteAtlas/wfs;2026-06-24T11:35:41;
427;Persleiding;2001;800;Gietijzer;Onbekend;41040;41040;47.946731;857.736;857.736;HH Amstel, Gooi en Vecht;313074.0;241624.0;Amsterdam;Noord-Holland Zuid;2482;4964;993;1986;Noord-Holland;HH Amstel, Gooi en Vecht;BU0363BA02;GM0363;1045.0;1045AT;BU0363BA02;GM0363;1045.0;1045AT;BU0363BA02;GM0363;1045.0;1045AT;False;False;False;52.41691224714547;4.796251833042577;WarmteAtlas:AquathermieEffluent;https://www.warmteatlas.nl/geoserver/WarmteAtlas/wfs;2026-06-24T11:35:41;
428;Persleiding;2001;800;Gietijzer;Onbekend;41040;41040;103.82355;857.736;857.736;HH Amstel, Gooi en Vecht;313074.0;241624.0;Amsterdam;Noord-Holland Zuid;2482;4964;993;1986;Noord-Holland;HH Amstel, Gooi en Vecht;BU0363BA02;GM0363;1045.0;1045AT;BU0363BA02;GM0363;1045.0;1045AT;BU0363BA02;GM0363;1045.0;1045AT;False;False;False;52.416313772038144;4.796786703243761;WarmteAtlas:AquathermieEffluent;https://www.warmteatlas.nl/geoserver/WarmteAtlas/wfs;2026-06-24T11:35:41;
429;Persleiding;1990;1800;Asbest;Onbekend;41040;41040;106.322954;857.736;857.736;HH Amstel, Gooi en Vecht;313074.0;241624.0;Amsterdam;Noord-Holland Zuid;2482;4964;993;1986;Noord-Holland;HH Amstel, Gooi en Vecht;BU0363BA02;GM0363;1045.0;1045AV;BU0363BA02;GM0363;1045.0;1045AV;BU0363BA02;GM0363;1045.0;1045AV;False;False;False;52.42002284291184;4.7935284185678855;WarmteAtlas:AquathermieEffluent;https://www.warmteatlas.nl/geoserver/WarmteAtlas/wfs;2026-06-24T11:35:41;
430;Persleiding;2001;800;Gietijzer;Onbekend;41040;41040;204.343265;857.736;857.736;HH Amstel, Gooi en Vecht;313074.0;241624.0;Amsterdam;Noord-Holland Zuid;2482;4964;993;1986;Noord-Holland;HH Amstel, Gooi en Vecht;BU0363BA02;GM0363;1045.0;1045AR;BU0363BA02;GM0363;1045.0;1045AR;BU0363BA02;GM0363;1045.0;1045AR;False;False;False;52.415095412594766;4.797863225818289;WarmteAtlas:AquathermieEffluent;https://www.warmteatlas.nl/geoserver/WarmteAtlas/wfs;2026-06-24T11:35:41;
431;Persleiding;1990;1800;Asbest;Onbekend;41040;41040;106.75186;857.736;857.736;HH Amstel, Gooi en Vecht;313074.0;241624.0;Amsterdam;Noord-Holland Zuid;2482;4964;993;1986;Noord-Holland;HH Amstel, Gooi en Vecht;BU0363BA02;GM0363;1045.0;1045AV;BU0363BA02;GM0363;1045.0;1045AV;BU0363BA02;GM0363;1045.0;1045AV;False;False;False;52.41918033314749;4.794272504410675;WarmteAtlas:AquathermieEffluent;https://www.warmteatlas.nl/geoserver/WarmteAtlas/wfs;2026-06-24T11:35:41;
432;Persleiding;2001;800;Gietijzer;Onbekend;41040;41040;18.307386;857.736;857.736;HH Amstel, Gooi en Vecht;313074.0;241624.0;Amsterdam;Noord-Holland Zuid;2482;4964;993;1986;Noord-Holland;HH Amstel, Gooi en Vecht;BU0363BA02;GM0363;1045.0;1045AR;BU0363BA02;GM0363;1045.0;1045AR;BU0363BA02;GM0363;1045.0;1045AR;False;False;False;52.414204799824965;4.798572876413533;WarmteAtlas:AquathermieEffluent;https://www.warmteatlas.nl/geoserver/WarmteAtlas/wfs;2026-06-24T11:35:41;
433;Persleiding;1990;1800;Asbest;Onbekend;41040;41040;103.245916;857.736;857.736;HH Amstel, Gooi en Vecht;313074.0;241624.0;Amsterdam;Noord-Holland Zuid;2482;4964;993;1986;Noord-Holland;HH Amstel, Gooi en Vecht;BU0363BA02;GM0363;1045.0;1045AV;BU0363BA02;GM0363;1045.0;1045AV;BU0363BA02;GM0363;1045.0;1045AV;False;False;False;52.41835122005301;4.795009547366716;WarmteAtlas:AquathermieEffluent;https://www.warmteatlas.nl/geoserver/WarmteAtlas/wfs;2026-06-24T11:35:41;
434;Persleiding;1990;1500;Asbest;Onbekend;41040;41040;15.988824;857.736;857.736;HH Amstel, Gooi en Vecht;313074.0;241624.0;Amsterdam;Noord-Holland Zuid;2482;4964;993;1986;Noord-Holland;HH Amstel, Gooi en Vecht;BU0363BA02;GM0363;1045.0;1045AT;BU0363BA02;GM0363;1045.0;1045AT;BU0363BA02;GM0363;1045.0;1045AT;False;False;False;52.417880696904874;4.795428747894135;WarmteAtlas:AquathermieEffluent;https://www.warmteatlas.nl/geoserver/WarmteAtlas/wfs;2026-06-24T11:35:41;
435;Persleiding;2001;800;Gietijzer;Onbekend;41040;41040;28.045153;857.736;857.736;HH Amstel, Gooi en Vecht;313074.0;241624.0;Amsterdam;Noord-Holland Zuid;2482;4964;993;1986;Noord-Holland;HH Amstel, Gooi en Vecht;BU0363BA02;GM0363;1045.0;1045AG;BU0363BA02;GM0363;1045.0;1045AE;BU0363BA02;GM0363;1045.0;1045AE;False;False;False;52.41400998914432;4.798662846017213;WarmteAtlas:AquathermieEffluent;https://www.warmteatlas.nl/geoserver/WarmteAtlas/wfs;2026-06-24T11:35:41;
436;Persleiding;1986;1500;Beton;Onbekend;41040;41040;53.532077;857.736;857.736;HH Amstel, Gooi en Vecht;313074.0;241624.0;Amsterdam;Noord-Holland Zuid;2482;4964;993;1986;Noord-Holland;HH Amstel, Gooi en Vecht;BU0363BA02;GM0363;1045.0;1045AT;BU0363BA02;GM0363;1045.0;1045AT;BU0363BA02;GM0363;1045.0;1045AT;False;False;False;52.4176058529944;4.795671653185974;WarmteAtlas:AquathermieEffluent;https://www.warmteatlas.nl/geoserver/WarmteAtlas/wfs;2026-06-24T11:35:41;
437;Persleiding;2001;800;Gietijzer;Onbekend;41040;41040;8.765232;857.736;857.736;HH Amstel, Gooi en Vecht;313074.0;241624.0;Amsterdam;Noord-Holland Zuid;2482;4964;993;1986;Noord-Holland;HH Amstel, Gooi en Vecht;BU0363BA02;GM0363;1045.0;1045AG;BU0363BA02;GM0363;1045.0;1045AE;BU0363BA02;GM0363;1045.0;1045AE;False;False;False;52.41388618675938;4.798817278599407;WarmteAtlas:AquathermieEffluent;https://www.warmteatlas.nl/geoserver/WarmteAtlas/wfs;2026-06-24T11:35:41;
438;Persleiding;2001;800;Gietijzer;Onbekend;41040;41040;106.714708;857.736;857.736;HH Amstel, Gooi en Vecht;313074.0;241624.0;Amsterdam;Noord-Holland Zuid;2482;4964;993;1986;Noord-Holland;HH Amstel, Gooi en Vecht;BU0363BA02;GM0363;1045.0;1045AG;BU0363BA02;GM0363;1045.0;1045AE;BU0363BA02;GM0363;1045.0;1045AE;False;False;False;52.413453617734575;4.799253530020446;WarmteAtlas:AquathermieEffluent;https://www.warmteatlas.nl/geoserver/WarmteAtlas/wfs;2026-06-24T11:35:41;
439;Persleiding;1986;1500;Beton;Onbekend;41040;41040;80.144794;857.736;857.736;HH Amstel, Gooi en Vecht;313074.0;241624.0;Amsterdam;Noord-Holland Zuid;2482;4964;993;1986;Noord-Holland;HH Amstel, Gooi en Vecht;BU0363BA02;GM0363;1045.0;1045AT;BU0363BA02;GM0363;1045.0;1045AT;BU0363BA02;GM0363;1045.0;1045AT;False;False;False;52.417078009633244;4.7961406265400965;WarmteAtlas:AquathermieEffluent;https://www.warmteatlas.nl/geoserver/WarmteAtlas/wfs;2026-06-24T11:35:41;
440;Persleiding;1986;1500;Beton;Onbekend;41040;41040;162.011995;857.736;857.736;HH Amstel, Gooi en Vecht;313074.0;241624.0;Amsterdam;Noord-Holland Zuid;2482;4964;993;1986;Noord-Holland;HH Amstel, Gooi en Vecht;BU0363BA02;GM0363;1045.0;1045AT;BU0363BA02;GM0363;1045.0;1045AT;BU0363BA02;GM0363;1045.0;1045AT;False;False;False;52.41612172885456;4.796989903545108;WarmteAtlas:AquathermieEffluent;https://www.warmteatlas.nl/geoserver/WarmteAtlas/wfs;2026-06-24T11:35:41;
441;Persleiding;2001;800;Gietijzer;Onbekend;41040;41040;120.895982;857.736;857.736;HH Amstel, Gooi en Vecht;313074.0;241624.0;Amsterdam;Noord-Holland Zuid;2482;4964;993;1986;Noord-Holland;HH Amstel, Gooi en Vecht;BU0363BA02;GM0363;1045.0;1045AG;BU0363BA02;GM0363;1045.0;1045AE;BU0363BA02;GM0363;1045.0;1045AE;False;False;False;52.41255152224888;4.800041764377087;WarmteAtlas:AquathermieEffluent;https://www.warmteatlas.nl/geoserver/WarmteAtlas/wfs;2026-06-24T11:35:41;
442;Persleiding;1986;1500;Beton;Onbekend;41040;41040;140.419544;857.736;857.736;HH Amstel, Gooi en Vecht;313074.0;241624.0;Amsterdam;Noord-Holland Zuid;2482;4964;993;1986;Noord-Holland;HH Amstel, Gooi en Vecht;BU0363BA02;GM0363;1045.0;1045AR;BU0363BA02;GM0363;1045.0;1045AR;BU0363BA02;GM0363;1045.0;1045AR;False;False;False;52.41492682745698;4.79804875955946;WarmteAtlas:AquathermieEffluent;https://www.warmteatlas.nl/geoserver/WarmteAtlas/wfs;2026-06-24T11:35:41;
443;Persleiding;2001;800;Gietijzer;Onbekend;41040;41040;85.688125;857.736;857.736;HH Amstel, Gooi en Vecht;313074.0;241624.0;Amsterdam;Noord-Holland Zuid;2482;4964;993;1986;Noord-Holland;HH Amstel, Gooi en Vecht;BU0363BA02;GM0363;1045.0;1045AG;BU0363BA02;GM0363;1045.0;1045AG;BU0363BA02;GM0363;1045.0;1045AG;False;False;False;52.41168570229667;4.800451908357489;WarmteAtlas:AquathermieEffluent;https://www.warmteatlas.nl/geoserver/WarmteAtlas/wfs;2026-06-24T11:35:41;
444;Persleiding;2001;440;PE 100  SDR 17  PN 8;Onbekend;41040;41040;18.226832;857.736;857.736;HH Amstel, Gooi en Vecht;313074.0;241624.0;Amsterdam;Noord-Holland Zuid;2482;4964;993;1986;Noord-Holland;HH Amstel, Gooi en Vecht;BU0363BA02;GM0363;1045.0;1045AG;BU0363BA02;GM0363;1045.0;1045AG;BU0363BA02;GM0363;1045.0;1045AG;False;False;False;52.411282225803326;4.800571532842088;WarmteAtlas:AquathermieEffluent;https://www.warmteatlas.nl/geoserver/WarmteAtlas/wfs;2026-06-24T11:35:41;
445;Persleiding;1986;1500;Beton;Onbekend;41040;41040;4.156549;857.736;857.736;HH Amstel, Gooi en Vecht;313074.0;241624.0;Amsterdam;Noord-Holland Zuid;2482;4964;993;1986;Noord-Holland;HH Amstel, Gooi en Vecht;BU0363BA02;GM0363;1045.0;1045AR;BU0363BA02;GM0363;1045.0;1045AR;BU0363BA02;GM0363;1045.0;1045AR;False;False;False;52.414367148134026;4.798569984275761;WarmteAtlas:AquathermieEffluent;https://www.warmteatlas.nl/geoserver/WarmteAtlas/wfs;2026-06-24T11:35:41;
446;Persleiding;2001;440;PE 100  SDR 17  PN 8;Onbekend;41040;41040;8.517987;857.736;857.736;HH Amstel, Gooi en Vecht;313074.0;241624.0;Amsterdam;Noord-Holland Zuid;2482;4964;993;1986;Noord-Holland;HH Amstel, Gooi en Vecht;BU0363BA02;GM0363;1045.0;1045AL;BU0363BA02;GM0363;1045.0;1045AL;BU0363BA02;GM0363;1045.0;1045AL;False;False;False;52.41126613945625;4.800766108996295;WarmteAtlas:AquathermieEffluent;https://www.warmteatlas.nl/geoserver/WarmteAtlas/wfs;2026-06-24T11:35:41;
447;Persleiding;1986;1500;Beton;Onbekend;41040;41040;128.824383;857.736;857.736;HH Amstel, Gooi en Vecht;313074.0;241624.0;Amsterdam;Noord-Holland Zuid;2482;4964;993;1986;Noord-Holland;HH Amstel, Gooi en Vecht;BU0363BA02;GM0363;1045.0;1045AR;BU0363BA02;GM0363;1045.0;1045AR;BU0363BA02;GM0363;1045.0;1045AR;False;False;False;52.41420964513892;4.799512695455189;WarmteAtlas:AquathermieEffluent;https://www.warmteatlas.nl/geoserver/WarmteAtlas/wfs;2026-06-24T11:35:41;
448;Persleiding;1979;800;Beton;Onbekend;41040;41040;9.859011;857.736;857.736;HH Amstel, Gooi en Vecht;313074.0;241624.0;Amsterdam;Noord-Holland Zuid;2482;4964;993;1986;Noord-Holland;HH Amstel, Gooi en Vecht;BU0363BA02;GM0363;1045.0;1045AR;BU0363BA02;GM0363;1045.0;1045AR;BU0363BA02;GM0363;1045.0;1045AR;False;False;False;52.41383954257316;4.801729535200626;WarmteAtlas:AquathermieEffluent;https://www.warmteatlas.nl/geoserver/WarmteAtlas/wfs;2026-06-24T11:35:41;
449;Persleiding;2001;440;PE 100  SDR 17  PN 8;Onbekend;41040;41040;12.043358;857.736;857.736;HH Amstel, Gooi en Vecht;313074.0;241624.0;Amsterdam;Noord-Holland Zuid;2482;4964;993;1986;Noord-Holland;HH Amstel, Gooi en Vecht;BU0363BA02;GM0363;1045.0;1045AL;BU0363BA02;GM0363;1045.0;1045AL;BU0363BA02;GM0363;1045.0;1045AL;False;False;False;52.41127065518177;4.80110520843256;WarmteAtlas:AquathermieEffluent;https://www.warmteatlas.nl/geoserver/WarmteAtlas/wfs;2026-06-24T11:35:41;
450;Persleiding;1995;2000;Beton;Onbekend;143472;143472;257.800966;2998.56;2998.56;HH Amstel, Gooi en Vecht;1094470.0;844694.0;Amsterdam;Noord-Holland Zuid;8676;17353;3471;6941;Noord-Holland;HH Amstel, Gooi en Vecht;BU0363FA02;GM0363;1047.0;1047AH;BU0363FA02;GM0363;1047.0;1047AH;BU0363FA02;GM0363;1047.0;1047AH;False;False;False;52.39812207645145;4.776994458717267;WarmteAtlas:AquathermieEffluent;https://www.warmteatlas.nl/geoserver/WarmteAtlas/wfs;2026-06-24T11:35:41;
451;Persleiding;1995;2000;Beton;Onbekend;143472;143472;254.156566;2998.56;2998.56;HH Amstel, Gooi en Vecht;1094470.0;844694.0;Amsterdam;Noord-Holland Zuid;8676;17353;3471;6941;Noord-Holland;HH Amstel, Gooi en Vecht;BU0363FA02;GM0363;1047.0;1047AH;BU0363FA02;GM0363;1047.0;1047AH;BU0363FA02;GM0363;1047.0;1047AH;False;False;False;52.398085086391426;4.777016245996606;WarmteAtlas:AquathermieEffluent;https://www.warmteatlas.nl/geoserver/WarmteAtlas/wfs;2026-06-24T11:35:41;
452;Persleiding;2001;440;PE 100  SDR 17  PN 8;Onbekend;41040;41040;13.369851;857.736;857.736;HH Amstel, Gooi en Vecht;313074.0;241624.0;Amsterdam;Noord-Holland Zuid;2482;4964;993;1986;Noord-Holland;HH Amstel, Gooi en Vecht;BU0363BA02;GM0363;1045.0;1045AL;BU0363BA02;GM0363;1045.0;1045AL;BU0363BA02;GM0363;1045.0;1045AL;False;False;False;52.411258060119124;4.800925212006072;WarmteAtlas:AquathermieEffluent;https://www.warmteatlas.nl/geoserver/WarmteAtlas/wfs;2026-06-24T11:35:41;
453;Persleiding;1979;1500;Beton;Onbekend;41040;41040;87.007425;857.736;857.736;HH Amstel, Gooi en Vecht;313074.0;241624.0;Amsterdam;Noord-Holland Zuid;2482;4964;993;1986;Noord-Holland;HH Amstel, Gooi en Vecht;BU0363BA02;GM0363;1045.0;1045AR;BU0363BA02;GM0363;1045.0;1045AR;BU0363BA02;GM0363;1045.0;1045AR;False;False;False;52.41395397520941;4.8010427182252755;WarmteAtlas:AquathermieEffluent;https://www.warmteatlas.nl/geoserver/WarmteAtlas/wfs;2026-06-24T11:35:41;
454;0;0;0;;Effluentleiding;24480;24480;12.122125;511.632;511.632;Hoogheemraadschap Hollands Noorderkwartier;186746.0;144127.0;Amsterdam;Noord-Holland Zuid;1480;2961;592;1184;Noord-Holland;Hoogheemraadschap Hollands Noorderkwartier;BU0363NA01;GM0363;1035.0;1035EX;BU0363NA01;GM0363;1037.0;1037RK;BU0363NA01;GM0363;1037.0;1037RK;False;False;True;52.41609209000576;4.862403741222816;WarmteAtlas:AquathermieEffluent;https://www.warmteatlas.nl/geoserver/WarmteAtlas/wfs;2026-06-24T11:35:41;
455;0;0;0;;Effluentleiding;24480;24480;20.800037;511.632;511.632;Hoogheemraadschap Hollands Noorderkwartier;186746.0;144127.0;Amsterdam;Noord-Holland Zuid;1480;2961;592;1184;Noord-Holland;Hoogheemraadschap Hollands Noorderkwartier;BU0363NA01;GM0363;1035.0;1035EX;BU0363NA01;GM0363;1037.0;1037RK;BU0363NA01;GM0363;1037.0;1037RK;False;False;True;52.41622895194467;4.862423867600781;WarmteAtlas:AquathermieEffluent;https://www.warmteatlas.nl/geoserver/WarmteAtlas/wfs;2026-06-24T11:35:41;
456;0;0;0;;Effluentleiding;24480;24480;356.739962;511.632;511.632;Hoogheemraadschap Hollands Noorderkwartier;186746.0;144127.0;Amsterdam;Noord-Holland Zuid;1480;2961;592;1184;Noord-Holland;Hoogheemraadschap Hollands Noorderkwartier;BU0363NA01;GM0363;1035.0;1035EX;BU0363NA01;GM0363;1037.0;1037RK;BU0363NA01;GM0363;1037.0;1037RK;False;False;True;52.417696447121855;4.863814143668109;WarmteAtlas:AquathermieEffluent;https://www.warmteatlas.nl/geoserver/WarmteAtlas/wfs;2026-06-24T11:35:41;
457;0;0;0;;Effluentleiding;24480;24480;23.941113;511.632;511.632;Hoogheemraadschap Hollands Noorderkwartier;186746.0;144127.0;Amsterdam;Noord-Holland Zuid;1480;2961;592;1184;Noord-Holland;Hoogheemraadschap Hollands Noorderkwartier;BU0363NA01;GM0363;1035.0;1035EX;BU0363NA01;GM0363;1037.0;1037RK;BU0363NA01;GM0363;1037.0;1037RK;False;False;True;52.41917622798606;4.865212513846289;WarmteAtlas:AquathermieEffluent;https://www.warmteatlas.nl/geoserver/WarmteAtlas/wfs;2026-06-24T11:35:41;
458;0;0;0;;Effluentleiding;24480;24480;1668.330495;511.632;511.632;Hoogheemraadschap Hollands Noorderkwartier;186746.0;144127.0;Amsterdam;Noord-Holland Zuid;1480;2961;592;1184;Noord-Holland;Hoogheemraadschap Hollands Noorderkwartier;BU0363NA01;GM0363;1035.0;1035EX;BU0363NA01;GM0363;1037.0;1037RK;BU0363NA01;GM0363;1037.0;1037RK;False;False;True;52.42465173911146;4.870293676684229;WarmteAtlas:AquathermieEffluent;https://www.warmteatlas.nl/geoserver/WarmteAtlas/wfs;2026-06-24T11:35:41;
459;0;0;0;;Effluentleiding;24480;24480;409.964862;511.632;511.632;Hoogheemraadschap Hollands Noorderkwartier;186746.0;144127.0;Amsterdam;Noord-Holland Zuid;1480;2961;592;1184;Noord-Holland;Hoogheemraadschap Hollands Noorderkwartier;BU0363NA01;GM0363;1037.0;1037RP;BU0363NA01;GM0363;1037.0;1037RP;BU0363NA01;GM0363;1037.0;1037RP;False;False;False;52.42966936576564;4.863384250296914;WarmteAtlas:AquathermieEffluent;https://www.warmteatlas.nl/geoserver/WarmteAtlas/wfs;2026-06-24T11:35:41;
460;LDG-EFF-008-1;1981;0;0;Effluentleiding;16834;16834;767.460255;351.831;351.831;Waterschap Zuiderzeeland;128418.0;99110.8;Noordoostpolder;Flevoland;1018;2036;407;814;Flevoland;Waterschap Zuiderzeeland;BU01710839;GM0171;8309.0;8309PP;BU01710839;GM0171;8309.0;8309PP;BU01710839;GM0171;8309.0;8309PP;False;False;False;52.6842110756263;5.687921439545329;WarmteAtlas:AquathermieEffluent;https://www.warmteatlas.nl/geoserver/WarmteAtlas/wfs;2026-06-24T11:35:41;
461;LDG-EFF-001-1;1981;0;0;Effluentleiding;16834;16834;766.406202;351.831;351.831;Waterschap Zuiderzeeland;128418.0;99110.8;Noordoostpolder;Flevoland;1018;2036;407;814;Flevoland;Waterschap Zuiderzeeland;BU01710839;GM0171;8309.0;8309PP;BU01710839;GM0171;8309.0;8309PP;BU01710839;GM0171;8309.0;8309PP;False;False;False;52.68421702321243;5.687884078926912;WarmteAtlas:AquathermieEffluent;https://www.warmteatlas.nl/geoserver/WarmteAtlas/wfs;2026-06-24T11:35:41;
462;LDG-EFF-006-1;0;0;0;Effluentleiding;31675;31675;67.708579;662.008;662.008;Waterschap Zuiderzeeland;241633.0;186488.0;Almere;Flevoland;1916;3831;766;1532;Flevoland;Waterschap Zuiderzeeland;BU00345702;GM0034;1332.0;1332AJ;BU00345702;GM0034;1332.0;1332AJ;BU00345702;GM0034;1332.0;1332AJ;False;False;False;52.3992296406004;5.246023593192811;WarmteAtlas:AquathermieEffluent;https://www.warmteatlas.nl/geoserver/WarmteAtlas/wfs;2026-06-24T11:35:41;
463;LDG-EFF-007-1;0;0;0;Effluentleiding;31675;31675;67.708579;662.008;662.008;Waterschap Zuiderzeeland;241633.0;186488.0;Almere;Flevoland;1916;3831;766;1532;Flevoland;Waterschap Zuiderzeeland;BU00345702;GM0034;1332.0;1332AJ;BU00345702;GM0034;1332.0;1332AJ;BU00345702;GM0034;1332.0;1332AJ;False;False;False;52.39921644716581;5.246038901226775;WarmteAtlas:AquathermieEffluent;https://www.warmteatlas.nl/geoserver/WarmteAtlas/wfs;2026-06-24T11:35:41;
464;LDG-EFF-009-1;2015;800;0;Effluentleiding;7156;7156;110.399843;149.56;149.56;Waterschap Zuiderzeeland;54589.4;42131.1;Dronten;Flevoland;433;866;173;346;Flevoland;Waterschap Zuiderzeeland;BU03030210;GM0303;8251.0;8251KM;BU03030210;GM0303;8251.0;8251KM;BU03030210;GM0303;8251.0;8251KM;False;False;False;52.53711353193813;5.7149806297166394;WarmteAtlas:AquathermieEffluent;https://www.warmteatlas.nl/geoserver/WarmteAtlas/wfs;2026-06-24T11:35:41;
465;LDG-EFF-005-1;1996;0;0;Effluentleiding;4402;4402;428.786572;92.0018;92.0018;Waterschap Zuiderzeeland;33580.7;25916.9;Zeewolde;Flevoland;266;532;106;213;Flevoland;Waterschap Zuiderzeeland;BU00500009;GM0050;3898.0;3898LD;BU00500009;GM0050;3898.0;3898LD;BU00500009;GM0050;3898.0;3898LD;False;False;False;52.3625289919096;5.508242345614409;WarmteAtlas:AquathermieEffluent;https://www.warmteatlas.nl/geoserver/WarmteAtlas/wfs;2026-06-24T11:35:41;
466;LDG-EFF-004-1;1996;0;3;Effluentleiding;4402;4402;443.418141;92.0018;92.0018;Waterschap Zuiderzeeland;33580.7;25916.9;Zeewolde;Flevoland;266;532;106;213;Flevoland;Waterschap Zuiderzeeland;BU00500009;GM0050;3898.0;3898LD;BU00500009;GM0050;3898.0;3898LD;BU00500009;GM0050;3898.0;3898LD;False;False;False;52.362556350653;5.5084004462815095;WarmteAtlas:AquathermieEffluent;https://www.warmteatlas.nl/geoserver/WarmteAtlas/wfs;2026-06-24T11:35:41;
467;LDG-EFF-003-3;2004;1200;3;Effluentleiding;12585;12585;91.985186;263.026;263.026;Waterschap Zuiderzeeland;96004.5;74094.4;Lelystad;Flevoland;761;1522;304;609;Flevoland;Waterschap Zuiderzeeland;BU09950882;GM0995;8243.0;8243PB;BU09950882;GM0995;8243.0;8243PB;BU09950882;GM0995;8243.0;8243PB;False;False;False;52.50285781482363;5.42202461719369;WarmteAtlas:AquathermieEffluent;https://www.warmteatlas.nl/geoserver/WarmteAtlas/wfs;2026-06-24T11:35:41;
468;LDG-EFF-003-1;2004;900;3;Effluentleiding;12585;12585;398.371749;263.026;263.026;Waterschap Zuiderzeeland;96004.5;74094.4;Lelystad;Flevoland;761;1522;304;609;Flevoland;Waterschap Zuiderzeeland;BU09950882;GM0995;8243.0;8243PE;BU09950882;GM0995;8243.0;8243PE;BU09950882;GM0995;8243.0;8243PE;False;False;False;52.50637767920664;5.428463127000113;WarmteAtlas:AquathermieEffluent;https://www.warmteatlas.nl/geoserver/WarmteAtlas/wfs;2026-06-24T11:35:41;
469;LDG-EFF-003-2;2004;800;3;Effluentleiding;12585;12585;358.271556;263.026;263.026;Waterschap Zuiderzeeland;96004.5;74094.4;Lelystad;Flevoland;761;1522;304;609;Flevoland;Waterschap Zuiderzeeland;BU09950882;GM0995;8243.0;8243PD;BU09950882;GM0995;8243.0;8243PD;BU09950882;GM0995;8243.0;8243PD;False;False;False;52.504237887392534;5.424273138931188;WarmteAtlas:AquathermieEffluent;https://www.warmteatlas.nl/geoserver/WarmteAtlas/wfs;2026-06-24T11:35:41;
470;vrij verval;0;0;0;Effluentleiding;1279;1123;193.743654;26.7311;26.7311;Waterschap Drents Overijsselse Delta;9756.85;7530.15;Steenwijkerland;West-Overijssel;68;145;27;58;Overijssel;Waterschap Drents Overijsselse Delta;BU17080709;GM1708;8325.0;8325PP;BU17080709;GM1708;8325.0;8325XD;BU17080709;GM1708;8325.0;8325XD;False;False;False;52.669749346114095;5.948977116937792;WarmteAtlas:AquathermieEffluent;https://www.warmteatlas.nl/geoserver/WarmteAtlas/wfs;2026-06-24T11:35:41;
471;0;0;0;;Effluentleiding;18000;18000;2056.916322;376.2;376.2;Hoogheemraadschap Hollands Noorderkwartier;137313.0;105976.0;Castricum;Noord Holland Noord;1088;2177;435;871;Noord-Holland;Hoogheemraadschap Hollands Noorderkwartier;BU03990701;GM0399;1851.0;1851LR;BU03990701;GM0399;1851.0;1851LR;BU03990701;GM0399;1851.0;1851LR;False;False;False;52.58997527941424;4.74015808036497;WarmteAtlas:AquathermieEffluent;https://www.warmteatlas.nl/geoserver/WarmteAtlas/wfs;2026-06-24T11:35:41;
472;0;0;0;;Effluentleiding;18000;18000;2129.272364;376.2;376.2;Hoogheemraadschap Hollands Noorderkwartier;137313.0;105976.0;Castricum;Noord Holland Noord;1088;2177;435;871;Noord-Holland;Hoogheemraadschap Hollands Noorderkwartier;BU03990701;GM0399;1851.0;1851LW;BU03990701;GM0399;1851.0;1851LW;BU03990701;GM0399;1851.0;1851LW;False;False;False;52.590998649801385;4.739714108224332;WarmteAtlas:AquathermieEffluent;https://www.warmteatlas.nl/geoserver/WarmteAtlas/wfs;2026-06-24T11:35:41;
473;0;0;0;;Effluentleiding;14400;14400;188.750416;300.96;300.96;Hoogheemraadschap Hollands Noorderkwartier;109850.0;84780.4;Alkmaar;Noord Holland Noord;871;1742;348;697;Noord-Holland;Hoogheemraadschap Hollands Noorderkwartier;BU03610403;GM0361;1817.0;1817BA;BU03610403;GM0361;1817.0;1817BA;BU03610403;GM0361;1817.0;1817BA;False;False;False;52.64475312771867;4.742813296441785;WarmteAtlas:AquathermieEffluent;https://www.warmteatlas.nl/geoserver/WarmteAtlas/wfs;2026-06-24T11:35:41;
474;0;0;0;;Effluentleiding;13788;13788;42.170089;288.169;288.169;Hoogheemraadschap Hollands Noorderkwartier;105182.0;81177.2;Koggenland;Noord Holland Noord;834;1668;334;667;Noord-Holland;Hoogheemraadschap Hollands Noorderkwartier;BU15980602;GM1598;1645.0;1645RJ;BU15980602;GM1598;1645.0;1645RJ;BU15980602;GM1598;1645.0;1645RJ;False;False;False;52.6330889511243;4.8830486860648685;WarmteAtlas:AquathermieEffluent;https://www.warmteatlas.nl/geoserver/WarmteAtlas/wfs;2026-06-24T11:35:41;
475;0;0;0;;Effluentleiding;13788;13788;73.09834;288.169;288.169;Hoogheemraadschap Hollands Noorderkwartier;105182.0;81177.2;Koggenland;Noord Holland Noord;834;1668;334;667;Noord-Holland;Hoogheemraadschap Hollands Noorderkwartier;BU15980602;GM1598;1645.0;1645RJ;BU15980602;GM1598;1645.0;1645RJ;BU15980602;GM1598;1645.0;1645RJ;False;False;False;52.63504863129448;4.887500860925682;WarmteAtlas:AquathermieEffluent;https://www.warmteatlas.nl/geoserver/WarmteAtlas/wfs;2026-06-24T11:35:41;
476;0;0;0;;Effluentleiding;13788;13788;392.174412;288.169;288.169;Hoogheemraadschap Hollands Noorderkwartier;105182.0;81177.2;Koggenland;Noord Holland Noord;834;1668;334;667;Noord-Holland;Hoogheemraadschap Hollands Noorderkwartier;BU15980602;GM1598;1645.0;1645RJ;BU15980602;GM1598;1645.0;1645RJ;BU15980602;GM1598;1645.0;1645RJ;False;False;False;52.63408124689452;4.8853694939369;WarmteAtlas:AquathermieEffluent;https://www.warmteatlas.nl/geoserver/WarmteAtlas/wfs;2026-06-24T11:35:41;
477;0;0;0;;Effluentleiding;24480;24480;51.771833;511.632;511.632;Hoogheemraadschap Hollands Noorderkwartier;186746.0;144127.0;Zaanstad;Noord-Holland Zuid;1480;2961;592;1184;Noord-Holland;Hoogheemraadschap Hollands Noorderkwartier;BU04791110;GM0479;1505.0;1505HZ;BU04791111;GM0479;1504.0;1504NX;BU04791111;GM0479;1504.0;1504NX;True;False;True;52.42946662360266;4.860428402539757;WarmteAtlas:AquathermieEffluent;https://www.warmteatlas.nl/geoserver/WarmteAtlas/wfs;2026-06-24T11:35:41;
478;0;0;0;;Effluentleiding;3888;3888;385.156135;81.2592;81.2592;Hoogheemraadschap Hollands Noorderkwartier;29659.6;22890.7;Hollands Kroon;Noord Holland Noord;235;470;94;188;Noord-Holland;Hoogheemraadschap Hollands Noorderkwartier;BU19110690;GM1911;1779.0;1779GN;BU19110690;GM1911;1779.0;1779GN;BU19110690;GM1911;1779.0;1779GN;False;False;False;52.92901012422272;5.035296646658242;WarmteAtlas:AquathermieEffluent;https://www.warmteatlas.nl/geoserver/WarmteAtlas/wfs;2026-06-24T11:35:41;
479;0;0;0;;Effluentleiding;3888;3888;9.560283;81.2592;81.2592;Hoogheemraadschap Hollands Noorderkwartier;29659.6;22890.7;Hollands Kroon;Noord Holland Noord;235;470;94;188;Noord-Holland;Hoogheemraadschap Hollands Noorderkwartier;BU19110690;GM1911;1779.0;1779GN;BU19110690;GM1911;1779.0;1779GN;BU19110690;GM1911;1779.0;1779GN;False;False;False;52.92896318773167;5.0379987898939405;WarmteAtlas:AquathermieEffluent;https://www.warmteatlas.nl/geoserver/WarmteAtlas/wfs;2026-06-24T11:35:41;
480;0;0;0;;Effluentleiding;3888;3888;47.44543;81.2592;81.2592;Hoogheemraadschap Hollands Noorderkwartier;29659.6;22890.7;Hollands Kroon;Noord Holland Noord;235;470;94;188;Noord-Holland;Hoogheemraadschap Hollands Noorderkwartier;BU19110690;GM1911;1779.0;1779GP;BU19110690;GM1911;1779.0;1779GP;BU19110690;GM1911;1779.0;1779GP;False;False;False;52.93095087367496;5.044699501422354;WarmteAtlas:AquathermieEffluent;https://www.warmteatlas.nl/geoserver/WarmteAtlas/wfs;2026-06-24T11:35:41;
481;0;0;0;;Effluentleiding;3888;3888;584.188353;81.2592;81.2592;Hoogheemraadschap Hollands Noorderkwartier;29659.6;22890.7;Hollands Kroon;Noord Holland Noord;235;470;94;188;Noord-Holland;Hoogheemraadschap Hollands Noorderkwartier;BU19119997;GM1911;n.a.;n.a.;BU19119997;GM1911;n.a.;n.a.;BU19119997;GM1911;n.a.;n.a.;False;False;False;52.92992754261018;5.041500464061713;WarmteAtlas:AquathermieEffluent;https://www.warmteatlas.nl/geoserver/WarmteAtlas/wfs;2026-06-24T11:35:41;
482;0;0;0;;Effluentleiding;25920;25920;59.152431;541.728;541.728;Hoogheemraadschap Hollands Noorderkwartier;197731.0;152605.0;Beemster;Noord-Holland Zuid;1568;3135;627;1254;Noord-Holland;Hoogheemraadschap Hollands Noorderkwartier;BU04390804;GM0439;1461.0;1461GD;BU04390804;GM0439;1461.0;1461GD;BU04390804;GM0439;1461.0;1461GD;False;False;False;52.5157773155933;4.913607546880668;WarmteAtlas:AquathermieEffluent;https://www.warmteatlas.nl/geoserver/WarmteAtlas/wfs;2026-06-24T11:35:41;
483;0;0;0;;Effluentleiding;18000;18000;243.549485;376.2;376.2;Hoogheemraadschap Hollands Noorderkwartier;137313.0;105976.0;Heiloo;Noord Holland Noord;1088;2177;435;871;Noord-Holland;Hoogheemraadschap Hollands Noorderkwartier;BU03990701;GM0399;1851.0;1851LR;BU03990701;GM0399;1851.0;1851LR;BU03990701;GM0399;1851.0;1851LR;False;False;False;52.592720597658214;4.724191466523922;WarmteAtlas:AquathermieEffluent;https://www.warmteatlas.nl/geoserver/WarmteAtlas/wfs;2026-06-24T11:35:41;
484;0;0;0;;Effluentleiding;18000;18000;220.31591;376.2;376.2;Hoogheemraadschap Hollands Noorderkwartier;137313.0;105976.0;Heiloo;Noord Holland Noord;1088;2177;435;871;Noord-Holland;Hoogheemraadschap Hollands Noorderkwartier;BU03990602;GM0399;1851.0;1851LR;BU03990602;GM0399;1851.0;1851LR;BU03990602;GM0399;1851.0;1851LR;False;False;False;52.59428840328223;4.723355699545537;WarmteAtlas:AquathermieEffluent;https://www.warmteatlas.nl/geoserver/WarmteAtlas/wfs;2026-06-24T11:35:41;
485;0;0;0;;Effluentleiding;18000;18000;147.444687;376.2;376.2;Hoogheemraadschap Hollands Noorderkwartier;137313.0;105976.0;Heiloo;Noord Holland Noord;1088;2177;435;871;Noord-Holland;Hoogheemraadschap Hollands Noorderkwartier;BU03990602;GM0399;1851.0;1851PW;BU03990602;GM0399;1851.0;1851PW;BU03990602;GM0399;1851.0;1851PW;False;False;False;52.593569235524505;4.721542348239004;WarmteAtlas:AquathermieEffluent;https://www.warmteatlas.nl/geoserver/WarmteAtlas/wfs;2026-06-24T11:35:41;
486;0;0;0;;Effluentleiding;18000;18000;18.739516;376.2;376.2;Hoogheemraadschap Hollands Noorderkwartier;137313.0;105976.0;Heiloo;Noord Holland Noord;1088;2177;435;871;Noord-Holland;Hoogheemraadschap Hollands Noorderkwartier;BU03990602;GM0399;1851.0;1851PW;BU03990602;GM0399;1851.0;1851PW;BU03990602;GM0399;1851.0;1851PW;False;False;False;52.59324259217376;4.722480510281985;WarmteAtlas:AquathermieEffluent;https://www.warmteatlas.nl/geoserver/WarmteAtlas/wfs;2026-06-24T11:35:41;
487;0;0;0;;Effluentleiding;16560;16560;243.809794;346.104;346.104;Hoogheemraadschap Hollands Noorderkwartier;126328.0;97497.5;Schagen;Noord Holland Noord;1002;2003;401;801;Noord-Holland;Hoogheemraadschap Hollands Noorderkwartier;BU04410190;GM0441;1751.0;1751DA;BU04410190;GM0441;1751.0;1751DA;BU04410190;GM0441;1751.0;1751DA;False;False;False;52.80818976772749;4.735922735240211;WarmteAtlas:AquathermieEffluent;https://www.warmteatlas.nl/geoserver/WarmteAtlas/wfs;2026-06-24T11:35:41;
488;0;0;0;;Effluentleiding;25920;25920;193.305799;541.728;541.728;Hoogheemraadschap Hollands Noorderkwartier;197731.0;152605.0;Den Helder;Noord Holland Noord;1568;3135;627;1254;Noord-Holland;Hoogheemraadschap Hollands Noorderkwartier;BU04000601;GM0400;1786.0;1786PS;BU04000601;GM0400;1786.0;1786PS;BU04000601;GM0400;1786.0;1786PS;False;False;False;52.928697612342155;4.789559250808762;WarmteAtlas:AquathermieEffluent;https://www.warmteatlas.nl/geoserver/WarmteAtlas/wfs;2026-06-24T11:35:41;
489;0;0;0;;Effluentleiding;23400;23400;267.778182;489.06;489.06;Hoogheemraadschap Hollands Noorderkwartier;178507.0;137768.0;Waterland;Noord-Holland Zuid;1415;2830;566;1132;Noord-Holland;Hoogheemraadschap Hollands Noorderkwartier;BU08520100;GM0852;1145.0;1145PW;BU08520100;GM0852;1145.0;1145PW;BU08520100;GM0852;1145.0;1145PW;False;False;False;52.48173988740667;5.031908094496428;WarmteAtlas:AquathermieEffluent;https://www.warmteatlas.nl/geoserver/WarmteAtlas/wfs;2026-06-24T11:35:41;
490;0;0;0;;Effluentleiding;23400;23400;21.324541;489.06;489.06;Hoogheemraadschap Hollands Noorderkwartier;178507.0;137768.0;Waterland;Noord-Holland Zuid;1415;2830;566;1132;Noord-Holland;Hoogheemraadschap Hollands Noorderkwartier;BU08520100;GM0852;1145.0;1145PV;BU08520100;GM0852;1145.0;1145PV;BU08520100;GM0852;1145.0;1145PV;False;False;False;52.48119858101539;5.030029213476635;WarmteAtlas:AquathermieEffluent;https://www.warmteatlas.nl/geoserver/WarmteAtlas/wfs;2026-06-24T11:35:41;
491;0;0;0;;Effluentleiding;69624;69624;169.902746;1455.14;1455.14;Hoogheemraadschap Hollands Noorderkwartier;531126.0;409913.0;Beverwijk;Noord-Holland Zuid;4210;8421;1684;3368;Noord-Holland;Hoogheemraadschap Hollands Noorderkwartier;BU03750900;GM0375;1948.0;1948NR;BU03750900;GM0375;1948.0;1948NR;BU03750900;GM0375;1948.0;1948NR;False;False;False;52.47399126200604;4.665665320038082;WarmteAtlas:AquathermieEffluent;https://www.warmteatlas.nl/geoserver/WarmteAtlas/wfs;2026-06-24T11:35:41;
492;0;0;0;;Effluentleiding;69624;69624;157.408696;1455.14;1455.14;Hoogheemraadschap Hollands Noorderkwartier;531126.0;409913.0;Beverwijk;Noord-Holland Zuid;4210;8421;1684;3368;Noord-Holland;Hoogheemraadschap Hollands Noorderkwartier;BU03750900;GM0375;1948.0;1948NR;BU03750900;GM0375;1948.0;1948NR;BU03750900;GM0375;1948.0;1948NR;False;False;False;52.47256267387847;4.666885110133866;WarmteAtlas:AquathermieEffluent;https://www.warmteatlas.nl/geoserver/WarmteAtlas/wfs;2026-06-24T11:35:41;
493;Onbekend;1973;1250;Beton;Effluentleiding;22880;22880;118.670414;478.192;478.192;Waterschap Noorderzijlvest;174540.0;134707.0;Tynaarlo;Drenthe;1384;2767;554;1107;Drenthe;Waterschap Noorderzijlvest;BU17300701;GM1730;9761.0;9761TD;BU17300701;GM1730;9761.0;9761TD;BU17300701;GM1730;9761.0;9761TD;False;False;False;53.12845440715453;6.60566412342986;WarmteAtlas:AquathermieEffluent;https://www.warmteatlas.nl/geoserver/WarmteAtlas/wfs;2026-06-24T11:35:41;
494;Onbekend;1991;900;Beton;Effluentleiding;19200;19200;1448.538915;401.28;401.28;Waterschap Noorderzijlvest;146467.0;113041.0;Delfzijl;Groningen;1161;2322;464;929;Groningen;Waterschap Noorderzijlvest;BU19790945;GM1979;9937.0;9937TC;BU19790945;GM1979;9937.0;9937TC;BU19790945;GM1979;9937.0;9937TC;False;False;False;53.309841880726694;6.942311495687961;WarmteAtlas:AquathermieEffluent;https://www.warmteatlas.nl/geoserver/WarmteAtlas/wfs;2026-06-24T11:35:41;
495;0;1982;0;;Onbekend;7750;10009;132.838396;161.975;161.975;Waterschap Hunze en Aas;59120.9;45628.4;Oldambt;Groningen;605;1074;242;430;Groningen;Waterschap Hunze en Aas;BU18950602;GM1895;9679.0;9679TW;BU18950602;GM1895;9679.0;9679TW;BU18950602;GM1895;9679.0;9679TW;False;False;False;53.16370442434326;7.009027697278555;WarmteAtlas:AquathermieEffluent;https://www.warmteatlas.nl/geoserver/WarmteAtlas/wfs;2026-06-24T11:35:41;
496;0;1982;200;;Effluentleiding;1251;1034;39.720912;26.1459;26.1459;Waterschap Hunze en Aas;9543.25;7365.3;Westerwolde;Groningen;62;138;25;55;Groningen;Waterschap Hunze en Aas;BU19500008;GM1950;9566.0;9566PC;BU19500008;GM1950;9566.0;9566PC;BU19500008;GM1950;9566.0;9566PC;False;False;False;53.06273077974157;7.128737946481769;WarmteAtlas:AquathermieEffluent;https://www.warmteatlas.nl/geoserver/WarmteAtlas/wfs;2026-06-24T11:35:41;
497;0;1984;350;;Effluentleiding;728;691;31.293986;15.2152;15.2152;Waterschap Hunze en Aas;5553.55;4286.12;Westerwolde;Groningen;42;86;17;34;Groningen;Waterschap Hunze en Aas;BU19500000;GM1950;9695.0;9695XA;BU19500000;GM1950;9695.0;9695XA;BU19500000;GM1950;9695.0;9695XA;False;False;False;53.13060206794056;7.179154379092538;WarmteAtlas:AquathermieEffluent;https://www.warmteatlas.nl/geoserver/WarmteAtlas/wfs;2026-06-24T11:35:41;
498;0;1972;1000;;Effluentleiding;4843;5662;322.904139;101.219;101.219;Waterschap Hunze en Aas;36944.9;28513.4;Midden-Groningen;Groningen;342;635;137;254;Groningen;Waterschap Hunze en Aas;BU19521003;GM1952;9611.0;9611CE;BU19521003;GM1952;9611.0;9611CE;BU19521003;GM1952;9611.0;9611CE;False;False;False;53.1696386665657;6.774083119204362;WarmteAtlas:AquathermieEffluent;https://www.warmteatlas.nl/geoserver/WarmteAtlas/wfs;2026-06-24T11:35:41;
499;0;2006;630;;Effluentleiding;5088;5358;1142.740977;106.339;106.339;Waterschap Hunze en Aas;38813.7;29955.7;Midden-Groningen;Groningen;324;632;130;253;Groningen;Waterschap Hunze en Aas;BU19520702;GM1952;9607.0;9607PT;BU19520702;GM1952;9607.0;9607PT;BU19520702;GM1952;9607.0;9607PT;False;False;False;53.16961115622781;6.7090078779434785;WarmteAtlas:AquathermieEffluent;https://www.warmteatlas.nl/geoserver/WarmteAtlas/wfs;2026-06-24T11:35:41;
500;Onbekend;1976;500;Asbest Cement (meting MUG 2012/2013);Effluentleiding;4128;4128;100.983479;86.2752;86.2752;Waterschap Noorderzijlvest;31490.4;24303.7;Winsum;Groningen;250;499;100;200;Groningen;Waterschap Noorderzijlvest;BU19660606;GM1966;9951.0;9951TG;BU19660606;GM1966;9951.0;9951TG;BU19660606;GM1966;9951.0;9951TG;False;False;False;53.33302258129177;6.503574372041567;WarmteAtlas:AquathermieEffluent;https://www.warmteatlas.nl/geoserver/WarmteAtlas/wfs;2026-06-24T11:35:41;
501;Onbekend;1981;400;PVC (meting MUG 2012/2013);Effluentleiding;960;960;44.858274;20.064;20.064;Waterschap Noorderzijlvest;7323.36;5652.03;Winsum;Groningen;58;116;23;46;Groningen;Waterschap Noorderzijlvest;BU19691309;GM1969;9892.0;9892TC;BU19691309;GM1969;9892.0;9892TC;BU19691309;GM1969;9892.0;9892TC;False;False;False;53.302955530855904;6.480003298289357;WarmteAtlas:AquathermieEffluent;https://www.warmteatlas.nl/geoserver/WarmteAtlas/wfs;2026-06-24T11:35:41;
502;Onbekend;1967;500;Asbest Cement (meting MUG 2012/2013);Effluentleiding;7680;7680;168.92552;160.512;160.512;Waterschap Noorderzijlvest;58586.9;45216.2;Groningen;Groningen;464;929;186;372;Groningen;Waterschap Noorderzijlvest;BU00140800;GM0014;9744.0;9744AP;BU00140800;GM0014;9744.0;9744AP;BU00140800;GM0014;9744.0;9744AP;False;False;False;53.2139003202816;6.511676869407553;WarmteAtlas:AquathermieEffluent;https://www.warmteatlas.nl/geoserver/WarmteAtlas/wfs;2026-06-24T11:35:41;
503;Onbekend;1975;600;Asbest Cement;Effluentleiding;3480;3480;43.746286;72.732;72.732;Waterschap Noorderzijlvest;26547.2;20488.6;Zuidhorn;Groningen;210;421;84;168;Groningen;Waterschap Noorderzijlvest;BU19691409;GM1969;9801.0;9801TA;BU19691409;GM1969;9801.0;9801TA;BU19691409;GM1969;9801.0;9801TA;False;False;False;53.252327150296736;6.382594374588481;WarmteAtlas:AquathermieEffluent;https://www.warmteatlas.nl/geoserver/WarmteAtlas/wfs;2026-06-24T11:35:41;
504;Onbekend;1980;700;Asbest Cement (meting MUG 2012/2013);Effluentleiding;3240;3240;84.428046;67.716;67.716;Waterschap Noorderzijlvest;24716.3;19075.6;Zuidhorn;Groningen;196;392;78;157;Groningen;Waterschap Noorderzijlvest;BU19690309;GM1969;9821.0;9821TJ;BU19690309;GM1969;9821.0;9821TJ;BU19690309;GM1969;9821.0;9821TJ;False;False;False;53.249475141807686;6.32265823629078;WarmteAtlas:AquathermieEffluent;https://www.warmteatlas.nl/geoserver/WarmteAtlas/wfs;2026-06-24T11:35:41;
505;Onbekend;1972;800;Beton;Effluentleiding;9912;9912;165.193564;207.161;207.161;Waterschap Noorderzijlvest;75613.8;58357.3;Leek;Groningen;600;1199;240;480;Groningen;Waterschap Noorderzijlvest;BU19690401;GM1969;9351.0;9351TB;BU19690401;GM1969;9351.0;9351TB;BU19690401;GM1969;9351.0;9351TB;False;False;False;53.150750019681034;6.369527270313091;WarmteAtlas:AquathermieEffluent;https://www.warmteatlas.nl/geoserver/WarmteAtlas/wfs;2026-06-24T11:35:41;
506;Onbekend;1973;600;Asbest Cement (meting MUG 2012/2013);Effluentleiding;4128;4128;81.922549;86.2752;86.2752;Waterschap Noorderzijlvest;31490.4;24303.7;Bedum;Groningen;250;499;100;200;Groningen;Waterschap Noorderzijlvest;BU19660802;GM1966;9959.0;9959PH;BU19660802;GM1966;9959.0;9959PH;BU19660802;GM1966;9959.0;9959PH;False;False;False;53.326592294686975;6.5931877384781155;WarmteAtlas:AquathermieEffluent;https://www.warmteatlas.nl/geoserver/WarmteAtlas/wfs;2026-06-24T11:35:41;
507;Onbekend;1979;400;Asbest Cement (in coÃ¶rdinaten bekend);Effluentleiding;1800;1800;282.476118;37.62;37.62;Waterschap Noorderzijlvest;13731.3;10597.6;Marum;Groningen;109;218;44;87;Groningen;Waterschap Noorderzijlvest;BU19691108;GM1969;9363.0;9363VN;BU19691108;GM1969;9363.0;9363VN;BU19691108;GM1969;9363.0;9363VN;False;False;False;53.15416647081226;6.26018218296909;WarmteAtlas:AquathermieEffluent;https://www.warmteatlas.nl/geoserver/WarmteAtlas/wfs;2026-06-24T11:35:41;
508;Onbekend;1980;315;PVC (meting MUG 2012/2013);Effluentleiding;1680;1680;23.49924;35.112;35.112;Waterschap Noorderzijlvest;12815.9;9891.05;De Marne;Groningen;102;203;41;81;Groningen;Waterschap Noorderzijlvest;BU19660201;GM1966;9964.0;9964TC;BU19660201;GM1966;9964.0;9964TC;BU19660201;GM1966;9964.0;9964TC;False;False;False;53.36860857781474;6.414882936852697;WarmteAtlas:AquathermieEffluent;https://www.warmteatlas.nl/geoserver/WarmteAtlas/wfs;2026-06-24T11:35:41;
509;Onbekend;2004;500;Gietijzer (ingemeten MUG 2012/2013);Effluentleiding;4800;4800;43.227314;100.32;100.32;Waterschap Noorderzijlvest;36616.8;28260.1;De Marne;Groningen;290;580;116;232;Groningen;Waterschap Noorderzijlvest;BU19660101;GM1966;9973.0;9973TB;BU19660101;GM1966;9973.0;9973TB;BU19660101;GM1966;9973.0;9973TB;False;False;False;53.35209989109037;6.343559262276934;WarmteAtlas:AquathermieEffluent;https://www.warmteatlas.nl/geoserver/WarmteAtlas/wfs;2026-06-24T11:35:41;
510;vrij verval;0;0;0;Effluentleiding;5084;4516;391.148491;106.256;106.256;Waterschap Drents Overijsselse Delta;38783.4;29932.3;Westerveld;Drenthe;273;580;109;232;Drenthe;Waterschap Drents Overijsselse Delta;BU17010009;GM1701;7984.0;7984NE;BU17010009;GM1701;7984.0;7984NE;BU17010009;GM1701;7984.0;7984NE;False;False;False;52.84369704786596;6.335221359340263;WarmteAtlas:AquathermieEffluent;https://www.warmteatlas.nl/geoserver/WarmteAtlas/wfs;2026-06-24T11:35:41;
511;vrij verval;0;600;0;Effluentleiding;2178;2231;931.024802;45.5202;45.5202;Waterschap Drents Overijsselse Delta;16614.9;12823.0;Midden-Drenthe;Drenthe;135;267;54;107;Drenthe;Waterschap Drents Overijsselse Delta;BU17310609;GM1731;9422.0;9422JK;BU17310609;GM1731;9422.0;9422JK;BU17310609;GM1731;9422.0;9422JK;False;False;False;52.94259974550407;6.448791054867964;WarmteAtlas:AquathermieEffluent;https://www.warmteatlas.nl/geoserver/WarmteAtlas/wfs;2026-06-24T11:35:41;
512;drukleiding;0;630;2;Effluentleiding;6461;5872;147.908618;135.035;135.035;Waterschap Drents Overijsselse Delta;49287.8;38039.4;Zwartewaterland;West-Overijssel;355;746;142;298;Overijssel;Waterschap Drents Overijsselse Delta;BU18960307;GM1896;8061.0;8061RT;BU18960307;GM1896;8061.0;8061RT;BU18960307;GM1896;8061.0;8061RT;False;False;False;52.594275705500465;6.081938458551756;WarmteAtlas:AquathermieEffluent;https://www.warmteatlas.nl/geoserver/WarmteAtlas/wfs;2026-06-24T11:35:41;
513;drukleiding;0;630;2;Effluentleiding;6461;5872;263.523169;135.035;135.035;Waterschap Drents Overijsselse Delta;49287.8;38039.4;Zwartewaterland;West-Overijssel;355;746;142;298;Overijssel;Waterschap Drents Overijsselse Delta;BU18960307;GM1896;8061.0;8061RT;BU18960307;GM1896;8061.0;8061RT;BU18960307;GM1896;8061.0;8061RT;False;False;False;52.594447105875105;6.0789971412086246;WarmteAtlas:AquathermieEffluent;https://www.warmteatlas.nl/geoserver/WarmteAtlas/wfs;2026-06-24T11:35:41;
514;drukleiding;0;630;3;Effluentleiding;6461;5872;14.999943;135.035;135.035;Waterschap Drents Overijsselse Delta;49287.8;38039.4;Zwartewaterland;West-Overijssel;355;746;142;298;Overijssel;Waterschap Drents Overijsselse Delta;BU18960307;GM1896;8061.0;8061RX;BU18960307;GM1896;8061.0;8061RX;BU18960307;GM1896;8061.0;8061RX;False;False;False;52.594895968367965;6.077110147997625;WarmteAtlas:AquathermieEffluent;https://www.warmteatlas.nl/geoserver/WarmteAtlas/wfs;2026-06-24T11:35:41;
515;drukleiding;0;630;2;Effluentleiding;6461;5872;57.521971;135.035;135.035;Waterschap Drents Overijsselse Delta;49287.8;38039.4;Zwartewaterland;West-Overijssel;355;746;142;298;Overijssel;Waterschap Drents Overijsselse Delta;BU18960307;GM1896;8061.0;8061RX;BU18960307;GM1896;8061.0;8061RX;BU18960307;GM1896;8061.0;8061RX;False;False;False;52.59499252682697;6.076599038541591;WarmteAtlas:AquathermieEffluent;https://www.warmteatlas.nl/geoserver/WarmteAtlas/wfs;2026-06-24T11:35:41;
516;drukleiding;0;630;3;Effluentleiding;6461;5872;13.044445;135.035;135.035;Waterschap Drents Overijsselse Delta;49287.8;38039.4;Zwartewaterland;West-Overijssel;355;746;142;298;Overijssel;Waterschap Drents Overijsselse Delta;BU18960307;GM1896;8061.0;8061RX;BU18960307;GM1896;8061.0;8061RT;BU18960307;GM1896;8061.0;8061RT;False;False;False;52.59508647768832;6.076101707653336;WarmteAtlas:AquathermieEffluent;https://www.warmteatlas.nl/geoserver/WarmteAtlas/wfs;2026-06-24T11:35:41;
517;drukleiding;0;630;2;Effluentleiding;6461;5872;121.65918;135.035;135.035;Waterschap Drents Overijsselse Delta;49287.8;38039.4;Zwartewaterland;West-Overijssel;355;746;142;298;Overijssel;Waterschap Drents Overijsselse Delta;BU18960307;GM1896;8061.0;8061RX;BU18960307;GM1896;8061.0;8061RT;BU18960307;GM1896;8061.0;8061RT;False;False;False;52.59485336142952;6.075220101358313;WarmteAtlas:AquathermieEffluent;https://www.warmteatlas.nl/geoserver/WarmteAtlas/wfs;2026-06-24T11:35:41;
518;drukleiding;0;630;3;Effluentleiding;6461;5872;14.999326;135.035;135.035;Waterschap Drents Overijsselse Delta;49287.8;38039.4;Zwartewaterland;West-Overijssel;355;746;142;298;Overijssel;Waterschap Drents Overijsselse Delta;BU18960307;GM1896;8061.0;8061RX;BU18960307;GM1896;8061.0;8061RT;BU18960307;GM1896;8061.0;8061RT;False;False;False;52.594558940859876;6.07433522227618;WarmteAtlas:AquathermieEffluent;https://www.warmteatlas.nl/geoserver/WarmteAtlas/wfs;2026-06-24T11:35:41;
519;drukleiding;0;630;2;Effluentleiding;6461;5872;95.07551;135.035;135.035;Waterschap Drents Overijsselse Delta;49287.8;38039.4;Zwartewaterland;West-Overijssel;355;746;142;298;Overijssel;Waterschap Drents Overijsselse Delta;BU18960307;GM1896;8061.0;8061RX;BU18960307;GM1896;8061.0;8061RT;BU18960307;GM1896;8061.0;8061RT;False;False;False;52.594321723607294;6.073622493559687;WarmteAtlas:AquathermieEffluent;https://www.warmteatlas.nl/geoserver/WarmteAtlas/wfs;2026-06-24T11:35:41;
520;drukleiding;0;630;2;Effluentleiding;6461;5872;1472.5676;135.035;135.035;Waterschap Drents Overijsselse Delta;49287.8;38039.4;Zwartewaterland;West-Overijssel;355;746;142;298;Overijssel;Waterschap Drents Overijsselse Delta;BU18960307;GM1896;8061.0;8061RX;BU18960307;GM1896;8061.0;8061RX;BU18960307;GM1896;8061.0;8061RX;False;False;False;52.60002485686738;6.068146657174073;WarmteAtlas:AquathermieEffluent;https://www.warmteatlas.nl/geoserver/WarmteAtlas/wfs;2026-06-24T11:35:41;
521;drukleiding;0;630;3;Effluentleiding;6461;5872;13.183989;135.035;135.035;Waterschap Drents Overijsselse Delta;49287.8;38039.4;Zwartewaterland;West-Overijssel;355;746;142;298;Overijssel;Waterschap Drents Overijsselse Delta;BU18960307;GM1896;8061.0;8061RX;BU18960307;GM1896;8061.0;8061RT;BU18960307;GM1896;8061.0;8061RT;False;False;False;52.59408871383803;6.072921437872951;WarmteAtlas:AquathermieEffluent;https://www.warmteatlas.nl/geoserver/WarmteAtlas/wfs;2026-06-24T11:35:41;
522;overig;2012;125;0;Effluentleiding;8389;9323;593.52128;175.33;175.33;Waterschap Drents Overijsselse Delta;63995.4;49390.5;Raalte;West-Overijssel;564;1071;226;428;Overijssel;Waterschap Drents Overijsselse Delta;BU01770109;GM0177;8101.0;8101AB;BU01770109;GM0177;8101.0;8101AB;BU01770109;GM0177;8101.0;8101AB;False;False;False;52.394226951551666;6.265570447370349;WarmteAtlas:AquathermieEffluent;https://www.warmteatlas.nl/geoserver/WarmteAtlas/wfs;2026-06-24T11:35:41;
523;overig;2012;125;0;Effluentleiding;8389;9323;595.03831;175.33;175.33;Waterschap Drents Overijsselse Delta;63995.4;49390.5;Raalte;West-Overijssel;564;1071;226;428;Overijssel;Waterschap Drents Overijsselse Delta;BU01770109;GM0177;8101.0;8101AB;BU01770109;GM0177;8101.0;8101AB;BU01770109;GM0177;8101.0;8101AB;False;False;False;52.39422428325375;6.265568291506214;WarmteAtlas:AquathermieEffluent;https://www.warmteatlas.nl/geoserver/WarmteAtlas/wfs;2026-06-24T11:35:41;
524;vrij verval;0;500;98;Effluentleiding;1673;1497;52.233923;34.9657;34.9657;Waterschap Drents Overijsselse Delta;12762.5;9849.84;Raalte;West-Overijssel;90;192;36;77;Overijssel;Waterschap Drents Overijsselse Delta;BU01770709;GM0177;8141.0;8141NS;BU01770709;GM0177;8141.0;8141NS;BU01770709;GM0177;8141.0;8141NS;False;False;False;52.440821760377055;6.2016910925282485;WarmteAtlas:AquathermieEffluent;https://www.warmteatlas.nl/geoserver/WarmteAtlas/wfs;2026-06-24T11:35:41;
525;vrij verval;0;1000;98;Effluentleiding;8389;9323;15.499152;175.33;175.33;Waterschap Drents Overijsselse Delta;63995.4;49390.5;Raalte;West-Overijssel;564;1071;226;428;Overijssel;Waterschap Drents Overijsselse Delta;BU01770119;GM0177;8101.0;8101NJ;BU01770119;GM0177;8101.0;8101NJ;BU01770119;GM0177;8101.0;8101NJ;False;False;False;52.395426760599186;6.262371876898734;WarmteAtlas:AquathermieEffluent;https://www.warmteatlas.nl/geoserver/WarmteAtlas/wfs;2026-06-24T11:35:41;
526;vrij verval;0;1000;98;Effluentleiding;14113;13212;67.52299;294.962;294.962;Waterschap Drents Overijsselse Delta;107661.0;83090.8;Kampen;West-Overijssel;799;1652;320;661;Overijssel;Waterschap Drents Overijsselse Delta;BU01660006;GM0166;8263.0;8263CH;BU01660006;GM0166;8263.0;8263CH;BU01660006;GM0166;8263.0;8263CH;False;False;False;52.57769609131529;5.877368631568671;WarmteAtlas:AquathermieEffluent;https://www.warmteatlas.nl/geoserver/WarmteAtlas/wfs;2026-06-24T11:35:41;
527;vrij verval;0;1016;98;Effluentleiding;14113;13212;20.012656;294.962;294.962;Waterschap Drents Overijsselse Delta;107661.0;83090.8;Kampen;West-Overijssel;799;1652;320;661;Overijssel;Waterschap Drents Overijsselse Delta;BU01660006;GM0166;8263.0;8263CH;BU01660006;GM0166;8263.0;8263CH;BU01660006;GM0166;8263.0;8263CH;False;False;False;52.57708638369173;5.876702017161527;WarmteAtlas:AquathermieEffluent;https://www.warmteatlas.nl/geoserver/WarmteAtlas/wfs;2026-06-24T11:35:41;
528;vrij verval;0;1000;98;Effluentleiding;14113;13212;37.820662;294.962;294.962;Waterschap Drents Overijsselse Delta;107661.0;83090.8;Kampen;West-Overijssel;799;1652;320;661;Overijssel;Waterschap Drents Overijsselse Delta;BU01660006;GM0166;8263.0;8263CH;BU01660006;GM0166;8263.0;8263CH;BU01660006;GM0166;8263.0;8263CH;False;False;False;52.57730460534445;5.876931811501675;WarmteAtlas:AquathermieEffluent;https://www.warmteatlas.nl/geoserver/WarmteAtlas/wfs;2026-06-24T11:35:41;
529;vrij verval;0;0;98;Effluentleiding;22719;23224;7.19852;474.827;474.827;Waterschap Drents Overijsselse Delta;173312.0;133759.0;Zwolle;West-Overijssel;1404;2778;562;1111;Overijssel;Waterschap Drents Overijsselse Delta;BU01932120;GM0193;8042.0;8042PK;BU01932120;GM0193;8042.0;8042PK;BU01932120;GM0193;8042.0;8042PK;False;False;False;52.50560617646754;6.044362691027019;WarmteAtlas:AquathermieEffluent;https://www.warmteatlas.nl/geoserver/WarmteAtlas/wfs;2026-06-24T11:35:41;
530;vrij verval;0;0;98;Effluentleiding;22719;23224;247.718726;474.827;474.827;Waterschap Drents Overijsselse Delta;173312.0;133759.0;Zwolle;West-Overijssel;1404;2778;562;1111;Overijssel;Waterschap Drents Overijsselse Delta;BU01932120;GM0193;8042.0;8042PK;BU01932120;GM0193;8042.0;8042PK;BU01932120;GM0193;8042.0;8042PK;False;False;False;52.50642919168795;6.045668410596565;WarmteAtlas:AquathermieEffluent;https://www.warmteatlas.nl/geoserver/WarmteAtlas/wfs;2026-06-24T11:35:41;
531;vrij verval;0;0;98;Effluentleiding;22719;23224;41.979181;474.827;474.827;Waterschap Drents Overijsselse Delta;173312.0;133759.0;Zwolle;West-Overijssel;1404;2778;562;1111;Overijssel;Waterschap Drents Overijsselse Delta;BU01932120;GM0193;8042.0;8042PK;BU01932120;GM0193;8042.0;8042PK;BU01932120;GM0193;8042.0;8042PK;False;False;False;52.50738788668212;6.047086777152976;WarmteAtlas:AquathermieEffluent;https://www.warmteatlas.nl/geoserver/WarmteAtlas/wfs;2026-06-24T11:35:41;
532;vrij verval;0;0;98;Effluentleiding;22719;23224;9.25535;474.827;474.827;Waterschap Drents Overijsselse Delta;173312.0;133759.0;Zwolle;West-Overijssel;1404;2778;562;1111;Overijssel;Waterschap Drents Overijsselse Delta;BU01932130;GM0193;8042.0;8042PA;BU01932130;GM0193;8042.0;8042PA;BU01932130;GM0193;8042.0;8042PA;False;False;False;52.51075393329362;6.055179864770834;WarmteAtlas:AquathermieEffluent;https://www.warmteatlas.nl/geoserver/WarmteAtlas/wfs;2026-06-24T11:35:41;
533;vrij verval;0;800;98;Effluentleiding;2992;2941;1103.645191;62.5328;62.5328;Waterschap Drents Overijsselse Delta;22824.5;17615.5;Zwolle;West-Overijssel;178;359;71;144;Overijssel;Waterschap Drents Overijsselse Delta;BU01934040;GM0193;8028.0;8028PB;BU01934040;GM0193;8028.0;8028PB;BU01934040;GM0193;8028.0;8028PB;False;False;False;52.52678172097226;6.1717164961650735;WarmteAtlas:AquathermieEffluent;https://www.warmteatlas.nl/geoserver/WarmteAtlas/wfs;2026-06-24T11:35:41;
534;vrij verval;0;0;98;Effluentleiding;22719;23224;371.069611;474.827;474.827;Waterschap Drents Overijsselse Delta;173312.0;133759.0;Zwolle;West-Overijssel;1404;2778;562;1111;Overijssel;Waterschap Drents Overijsselse Delta;BU01932140;GM0193;8042.0;8042PW;BU01932140;GM0193;8042.0;8042PW;BU01932140;GM0193;8042.0;8042PW;False;False;False;52.51013501202128;6.053200144518054;WarmteAtlas:AquathermieEffluent;https://www.warmteatlas.nl/geoserver/WarmteAtlas/wfs;2026-06-24T11:35:41;
535;vrij verval;0;0;98;Effluentleiding;22719;23224;34.559762;474.827;474.827;Waterschap Drents Overijsselse Delta;173312.0;133759.0;Zwolle;West-Overijssel;1404;2778;562;1111;Overijssel;Waterschap Drents Overijsselse Delta;BU01932140;GM0193;8042.0;8042PK;BU01932140;GM0193;8042.0;8042PK;BU01932140;GM0193;8042.0;8042PK;False;False;False;52.50803302715213;6.047592699434413;WarmteAtlas:AquathermieEffluent;https://www.warmteatlas.nl/geoserver/WarmteAtlas/wfs;2026-06-24T11:35:41;
536;vrij verval;0;0;98;Effluentleiding;22719;23224;2.643997;474.827;474.827;Waterschap Drents Overijsselse Delta;173312.0;133759.0;Zwolle;West-Overijssel;1404;2778;562;1111;Overijssel;Waterschap Drents Overijsselse Delta;BU01932130;GM0193;8042.0;8042PA;BU01932130;GM0193;8042.0;8042PA;BU01932130;GM0193;8042.0;8042PA;False;False;False;52.51078279856002;6.055106278091439;WarmteAtlas:AquathermieEffluent;https://www.warmteatlas.nl/geoserver/WarmteAtlas/wfs;2026-06-24T11:35:41;
537;vrij verval;0;800;98;Effluentleiding;2992;2941;100.669127;62.5328;62.5328;Waterschap Drents Overijsselse Delta;22824.5;17615.5;Zwolle;West-Overijssel;178;359;71;144;Overijssel;Waterschap Drents Overijsselse Delta;BU01934040;GM0193;8028.0;8028PA;BU01934040;GM0193;8028.0;8028PA;BU01934040;GM0193;8028.0;8028PA;False;False;False;52.522121078694916;6.168874343805859;WarmteAtlas:AquathermieEffluent;https://www.warmteatlas.nl/geoserver/WarmteAtlas/wfs;2026-06-24T11:35:41;
538;vrij verval;0;0;98;Effluentleiding;22719;23224;42.83806;474.827;474.827;Waterschap Drents Overijsselse Delta;173312.0;133759.0;Zwolle;West-Overijssel;1404;2778;562;1111;Overijssel;Waterschap Drents Overijsselse Delta;BU01932120;GM0193;8042.0;8042PK;BU01932120;GM0193;8042.0;8042PK;BU01932120;GM0193;8042.0;8042PK;False;False;False;52.50774625273245;6.047285459162724;WarmteAtlas:AquathermieEffluent;https://www.warmteatlas.nl/geoserver/WarmteAtlas/wfs;2026-06-24T11:35:41;
539;drukleiding;0;630;3;Effluentleiding;6172;6216;259.881711;128.995;128.995;Waterschap Drents Overijsselse Delta;47083.2;36337.9;Dalfsen;West-Overijssel;376;749;150;300;Overijssel;Waterschap Drents Overijsselse Delta;BU01480109;GM0148;7722.0;7722PA;BU01480109;GM0148;7722.0;7722PA;BU01480109;GM0148;7722.0;7722PA;False;False;False;52.50925565656404;6.238111244047602;WarmteAtlas:AquathermieEffluent;https://www.warmteatlas.nl/geoserver/WarmteAtlas/wfs;2026-06-24T11:35:41;
540;vrij verval;2013;1500;0;Effluentleiding;20242;20835;30.692057;423.058;423.058;Waterschap Drents Overijsselse Delta;154416.0;119175.0;Deventer;West-Overijssel;1260;2484;504;994;Overijssel;Waterschap Drents Overijsselse Delta;BU01500502;GM0150;7412.0;7412HL;BU01500502;GM0150;7412.0;7412HL;BU01500502;GM0150;7412.0;7412HL;False;False;False;52.27147974028588;6.123080201950777;WarmteAtlas:AquathermieEffluent;https://www.warmteatlas.nl/geoserver/WarmteAtlas/wfs;2026-06-24T11:35:41;
541;vrij verval;0;1500;98;Effluentleiding;20242;20835;27.823232;423.058;423.058;Waterschap Drents Overijsselse Delta;154416.0;119175.0;Deventer;West-Overijssel;1260;2484;504;994;Overijssel;Waterschap Drents Overijsselse Delta;BU01500502;GM0150;7412.0;7412HL;BU01500502;GM0150;7412.0;7412HL;BU01500502;GM0150;7412.0;7412HL;False;False;False;52.26976019389264;6.123879174229798;WarmteAtlas:AquathermieEffluent;https://www.warmteatlas.nl/geoserver/WarmteAtlas/wfs;2026-06-24T11:35:41;
542;vrij verval;0;1535;98;Effluentleiding;20242;20835;134.116329;423.058;423.058;Waterschap Drents Overijsselse Delta;154416.0;119175.0;Deventer;West-Overijssel;1260;2484;504;994;Overijssel;Waterschap Drents Overijsselse Delta;BU01500502;GM0150;7412.0;7412HL;BU01500502;GM0150;7412.0;7412HL;BU01500502;GM0150;7412.0;7412HL;False;False;False;52.271623627805766;6.124264467340779;WarmteAtlas:AquathermieEffluent;https://www.warmteatlas.nl/geoserver/WarmteAtlas/wfs;2026-06-24T11:35:41;
543;vrij verval;0;1500;98;Effluentleiding;20242;20835;47.684017;423.058;423.058;Waterschap Drents Overijsselse Delta;154416.0;119175.0;Deventer;West-Overijssel;1260;2484;504;994;Overijssel;Waterschap Drents Overijsselse Delta;BU01500502;GM0150;7412.0;7412HL;BU01500502;GM0150;7412.0;7412HL;BU01500502;GM0150;7412.0;7412HL;False;False;False;52.271828414067784;6.126005283333583;WarmteAtlas:AquathermieEffluent;https://www.warmteatlas.nl/geoserver/WarmteAtlas/wfs;2026-06-24T11:35:41;
544;vrij verval;0;1500;98;Effluentleiding;20242;20835;56.074156;423.058;423.058;Waterschap Drents Overijsselse Delta;154416.0;119175.0;Deventer;West-Overijssel;1260;2484;504;994;Overijssel;Waterschap Drents Overijsselse Delta;BU01500305;GM0150;7412.0;7412HL;BU01500305;GM0150;7412.0;7412HL;BU01500305;GM0150;7412.0;7412HL;False;False;False;52.26987443321641;6.126970953598933;WarmteAtlas:AquathermieEffluent;https://www.warmteatlas.nl/geoserver/WarmteAtlas/wfs;2026-06-24T11:35:41;
545;vrij verval;0;1535;98;Effluentleiding;20242;20835;169.499787;423.058;423.058;Waterschap Drents Overijsselse Delta;154416.0;119175.0;Deventer;West-Overijssel;1260;2484;504;994;Overijssel;Waterschap Drents Overijsselse Delta;BU01500305;GM0150;7412.0;7412HL;BU01500305;GM0150;7412.0;7412HL;BU01500305;GM0150;7412.0;7412HL;False;False;False;52.269815907447416;6.125321607453704;WarmteAtlas:AquathermieEffluent;https://www.warmteatlas.nl/geoserver/WarmteAtlas/wfs;2026-06-24T11:35:41;
546;vrij verval;0;1500;98;Effluentleiding;20242;20835;30.157678;423.058;423.058;Waterschap Drents Overijsselse Delta;154416.0;119175.0;Deventer;West-Overijssel;1260;2484;504;994;Overijssel;Waterschap Drents Overijsselse Delta;BU01500502;GM0150;7412.0;7412HL;BU01500502;GM0150;7412.0;7412HL;BU01500502;GM0150;7412.0;7412HL;False;False;False;52.27177120263614;6.125443447577827;WarmteAtlas:AquathermieEffluent;https://www.warmteatlas.nl/geoserver/WarmteAtlas/wfs;2026-06-24T11:35:41;
547;vrij verval;0;600;98;Effluentleiding;4002;3848;474.189738;83.6418;83.6418;Waterschap Drents Overijsselse Delta;30529.3;23561.9;Olst-Wijhe;West-Overijssel;233;475;93;190;Overijssel;Waterschap Drents Overijsselse Delta;BU17730728;GM1773;8121.0;8121SK;BU17730728;GM1773;8121.0;8121SK;BU17730728;GM1773;8121.0;8121SK;False;False;False;52.3481863823053;6.107692291287817;WarmteAtlas:AquathermieEffluent;https://www.warmteatlas.nl/geoserver/WarmteAtlas/wfs;2026-06-24T11:35:41;
548;vrij verval;0;0;0;Effluentleiding;9359;8502;97.982714;195.603;195.603;Waterschap Drents Overijsselse Delta;71395.1;55101.4;Steenwijkerland;West-Overijssel;514;1080;206;432;Overijssel;Waterschap Drents Overijsselse Delta;BU17080002;GM1708;8331.0;8331VB;BU17080002;GM1708;8331.0;8331VB;BU17080002;GM1708;8331.0;8331VB;False;False;False;52.78625614231383;6.098515469922589;WarmteAtlas:AquathermieEffluent;https://www.warmteatlas.nl/geoserver/WarmteAtlas/wfs;2026-06-24T11:35:41;
549;Effluent;1997;1250;Beton;Effluentleiding;1920;1920;13.690134;40.128;40.128;Waterschap Rijn en IJssel;14646.7;11304.1;Doetinchem;Achterhoek;116;232;46;93;Gelderland;Waterschap Rijn en IJssel;BU02223106;GM0222;7031.0;7031EB;BU02223106;GM0222;7031.0;7031EB;BU02223106;GM0222;7031.0;7031EB;False;False;False;51.968241535882704;6.212581281937162;WarmteAtlas:AquathermieEffluent;https://www.warmteatlas.nl/geoserver/WarmteAtlas/wfs;2026-06-24T11:35:41;
550;Effluent;0;0;;Effluentleiding;1920;1920;1272.166873;40.128;40.128;Waterschap Rijn en IJssel;14646.7;11304.1;Doetinchem;Achterhoek;116;232;46;93;Gelderland;Waterschap Rijn en IJssel;BU02223107;GM0222;7031.0;7031EB;BU02223107;GM0222;7031.0;7031EB;BU02223107;GM0222;7031.0;7031EB;False;False;False;51.97360977106214;6.214720308214835;WarmteAtlas:AquathermieEffluent;https://www.warmteatlas.nl/geoserver/WarmteAtlas/wfs;2026-06-24T11:35:41;
551;Effluent;1997;1250;Beton;Effluentleiding;1920;1920;16.788002;40.128;40.128;Waterschap Rijn en IJssel;14646.7;11304.1;Doetinchem;Achterhoek;116;232;46;93;Gelderland;Waterschap Rijn en IJssel;BU02223107;GM0222;7031.0;7031EB;BU02223107;GM0222;7031.0;7031EB;BU02223107;GM0222;7031.0;7031EB;False;False;False;51.96820847352988;6.212181705932745;WarmteAtlas:AquathermieEffluent;https://www.warmteatlas.nl/geoserver/WarmteAtlas/wfs;2026-06-24T11:35:41;
552;Effluent;1997;1250;Beton;Effluentleiding;1920;1920;13.763823;40.128;40.128;Waterschap Rijn en IJssel;14646.7;11304.1;Doetinchem;Achterhoek;116;232;46;93;Gelderland;Waterschap Rijn en IJssel;BU02223107;GM0222;7031.0;7031EB;BU02223107;GM0222;7031.0;7031EB;BU02223107;GM0222;7031.0;7031EB;False;False;False;51.96820372474236;6.212403715931252;WarmteAtlas:AquathermieEffluent;https://www.warmteatlas.nl/geoserver/WarmteAtlas/wfs;2026-06-24T11:35:41;
553;Effluent;1997;0;Gietijzer;Effluentleiding;4560;4560;8.299909;95.304;95.304;Waterschap Rijn en IJssel;34786.0;26847.1;Berkelland;Achterhoek;276;552;110;221;Gelderland;Waterschap Rijn en IJssel;BU18590405;GM1859;7261.0;7261MH;BU18590405;GM1859;7261.0;7261MH;BU18590405;GM1859;7261.0;7261MH;False;False;False;52.08992063454664;6.439985102240201;WarmteAtlas:AquathermieEffluent;https://www.warmteatlas.nl/geoserver/WarmteAtlas/wfs;2026-06-24T11:35:41;
554;Effluent;1983;1000;Beton;Effluentleiding;18000;18000;102.314741;376.2;376.2;Waterschap Rijn en IJssel;137313.0;105976.0;Berkelland;Achterhoek;1088;2177;435;871;Gelderland;Waterschap Rijn en IJssel;BU18590009;GM1859;7273.0;7273PT;BU18590009;GM1859;7273.0;7273PT;BU18590009;GM1859;7273.0;7273PT;False;False;False;52.116718967787946;6.591307057126972;WarmteAtlas:AquathermieEffluent;https://www.warmteatlas.nl/geoserver/WarmteAtlas/wfs;2026-06-24T11:35:41;
555;Effluent;1990;600;Beton;Effluentleiding;10152;10152;34.491235;212.177;212.177;Waterschap Rijn en IJssel;77444.6;59770.3;Aalten;Achterhoek;614;1228;246;491;Gelderland;Waterschap Rijn en IJssel;BU01970302;GM0197;7122.0;7122JD;BU01970302;GM0197;7122.0;7122JD;BU01970302;GM0197;7122.0;7122JD;False;False;False;51.91168124567274;6.567993004602426;WarmteAtlas:AquathermieEffluent;https://www.warmteatlas.nl/geoserver/WarmteAtlas/wfs;2026-06-24T11:35:41;
556;Effluent;2013;800;Beton;Effluentleiding;4800;4800;18.068604;100.32;100.32;Waterschap Rijn en IJssel;36616.8;28260.1;Aalten;Achterhoek;290;580;116;232;Gelderland;Waterschap Rijn en IJssel;BU01970402;GM0197;7091.0;7091HB;BU01970402;GM0197;7091.0;7091HB;BU01970402;GM0197;7091.0;7091HB;False;False;False;51.854381034866684;6.469976803065521;WarmteAtlas:AquathermieEffluent;https://www.warmteatlas.nl/geoserver/WarmteAtlas/wfs;2026-06-24T11:35:41;
557;Effluent;2013;0;GVK;Effluentleiding;4800;4800;7.579099;100.32;100.32;Waterschap Rijn en IJssel;36616.8;28260.1;Aalten;Achterhoek;290;580;116;232;Gelderland;Waterschap Rijn en IJssel;BU01970402;GM0197;7091.0;7091HB;BU01970402;GM0197;7091.0;7091HB;BU01970402;GM0197;7091.0;7091HB;False;False;False;51.85567932070487;6.469638999086042;WarmteAtlas:AquathermieEffluent;https://www.warmteatlas.nl/geoserver/WarmteAtlas/wfs;2026-06-24T11:35:41;
558;Effluent;2013;800;Beton;Effluentleiding;4800;4800;20.293862;100.32;100.32;Waterschap Rijn en IJssel;36616.8;28260.1;Aalten;Achterhoek;290;580;116;232;Gelderland;Waterschap Rijn en IJssel;BU01970402;GM0197;7091.0;7091HB;BU01970402;GM0197;7091.0;7091HB;BU01970402;GM0197;7091.0;7091HB;False;False;False;51.854254937455984;6.470066779068214;WarmteAtlas:AquathermieEffluent;https://www.warmteatlas.nl/geoserver/WarmteAtlas/wfs;2026-06-24T11:35:41;
559;Effluent;1972;700;Beton;Effluentleiding;8088;8088;1.948294;169.039;169.039;Waterschap Rijn en IJssel;61699.2;47618.3;Oude IJsselstreek;Achterhoek;489;978;196;391;Gelderland;Waterschap Rijn en IJssel;BU15090308;GM1509;7051.0;7051GH;BU15090308;GM1509;7051.0;7051GH;BU15090308;GM1509;7051.0;7051GH;False;False;False;51.95601944813189;6.459641887504881;WarmteAtlas:AquathermieEffluent;https://www.warmteatlas.nl/geoserver/WarmteAtlas/wfs;2026-06-24T11:35:41;
560;Effluent;1972;700;Beton;Effluentleiding;8088;8088;10.231057;169.039;169.039;Waterschap Rijn en IJssel;61699.2;47618.3;Oude IJsselstreek;Achterhoek;489;978;196;391;Gelderland;Waterschap Rijn en IJssel;BU15090308;GM1509;7051.0;7051GH;BU15090308;GM1509;7051.0;7051GH;BU15090308;GM1509;7051.0;7051GH;False;False;False;51.95596619036699;6.459623505434114;WarmteAtlas:AquathermieEffluent;https://www.warmteatlas.nl/geoserver/WarmteAtlas/wfs;2026-06-24T11:35:41;
561;Effluent;1972;700;Beton;Effluentleiding;8088;8088;110.197999;169.039;169.039;Waterschap Rijn en IJssel;61699.2;47618.3;Oude IJsselstreek;Achterhoek;489;978;196;391;Gelderland;Waterschap Rijn en IJssel;BU15090308;GM1509;7051.0;7051GH;BU15090308;GM1509;7051.0;7051GH;BU15090308;GM1509;7051.0;7051GH;False;False;False;51.95543962379722;6.459421430161434;WarmteAtlas:AquathermieEffluent;https://www.warmteatlas.nl/geoserver/WarmteAtlas/wfs;2026-06-24T11:35:41;
562;Effluent;1972;700;Beton;Effluentleiding;8088;8088;16.296823;169.039;169.039;Waterschap Rijn en IJssel;61699.2;47618.3;Oude IJsselstreek;Achterhoek;489;978;196;391;Gelderland;Waterschap Rijn en IJssel;BU15090308;GM1509;7051.0;7051GH;BU15090308;GM1509;7051.0;7051GH;BU15090308;GM1509;7051.0;7051GH;False;False;False;51.95488673340818;6.4592080237274;WarmteAtlas:AquathermieEffluent;https://www.warmteatlas.nl/geoserver/WarmteAtlas/wfs;2026-06-24T11:35:41;
563;Effluent;1976;1000;Beton;Effluentleiding;52800;52800;172.927467;1103.52;1103.52;Waterschap Rijn en IJssel;402785.0;310862.0;Oude IJsselstreek;Achterhoek;3193;6386;1277;2554;Gelderland;Waterschap Rijn en IJssel;BU15090207;GM1509;7061.0;7061GL;BU15090207;GM1509;7061.0;7061GL;BU15090207;GM1509;7061.0;7061GL;False;False;False;51.93381827746891;6.3199491727277906;WarmteAtlas:AquathermieEffluent;https://www.warmteatlas.nl/geoserver/WarmteAtlas/wfs;2026-06-24T11:35:41;
564;Effluent;1972;700;Beton;Effluentleiding;8088;8088;26.441532;169.039;169.039;Waterschap Rijn en IJssel;61699.2;47618.3;Oude IJsselstreek;Achterhoek;489;978;196;391;Gelderland;Waterschap Rijn en IJssel;BU15090308;GM1509;7051.0;7051GH;BU15090308;GM1509;7051.0;7051GH;BU15090308;GM1509;7051.0;7051GH;False;False;False;51.954533019162;6.459112220276873;WarmteAtlas:AquathermieEffluent;https://www.warmteatlas.nl/geoserver/WarmteAtlas/wfs;2026-06-24T11:35:41;
565;Effluent;2005;600;Gietijzer;Effluentleiding;8088;8088;88.302444;169.039;169.039;Waterschap Rijn en IJssel;61699.2;47618.3;Oude IJsselstreek;Achterhoek;489;978;196;391;Gelderland;Waterschap Rijn en IJssel;BU15090308;GM1509;7051.0;7051GH;BU15090308;GM1509;7051.0;7051GH;BU15090308;GM1509;7051.0;7051GH;False;False;False;51.95446717644338;6.459707070922822;WarmteAtlas:AquathermieEffluent;https://www.warmteatlas.nl/geoserver/WarmteAtlas/wfs;2026-06-24T11:35:41;
566;Effluent;1972;700;Beton;Effluentleiding;8088;8088;18.597752;169.039;169.039;Waterschap Rijn en IJssel;61699.2;47618.3;Oude IJsselstreek;Achterhoek;489;978;196;391;Gelderland;Waterschap Rijn en IJssel;BU15090308;GM1509;7051.0;7051GH;BU15090308;GM1509;7051.0;7051GH;BU15090308;GM1509;7051.0;7051GH;False;False;False;51.95473264421253;6.459161876351358;WarmteAtlas:AquathermieEffluent;https://www.warmteatlas.nl/geoserver/WarmteAtlas/wfs;2026-06-24T11:35:41;
567;Effluent;1975;1300;Beton;Effluentleiding;37200;37200;21.069769;777.48;777.48;Waterschap Rijn en IJssel;283780.0;219016.0;Bronckhorst;Achterhoek;2250;4499;900;1800;Gelderland;Waterschap Rijn en IJssel;BU18760307;GM1876;7225.0;7225NA;BU18760307;GM1876;7225.0;7225NA;BU18760307;GM1876;7225.0;7225NA;False;False;False;52.05611170823296;6.13466594251233;WarmteAtlas:AquathermieEffluent;https://www.warmteatlas.nl/geoserver/WarmteAtlas/wfs;2026-06-24T11:35:41;
568;Effluent;1975;1300;Asbestcement;Effluentleiding;37200;37200;3.022695;777.48;777.48;Waterschap Rijn en IJssel;283780.0;219016.0;Bronckhorst;Achterhoek;2250;4499;900;1800;Gelderland;Waterschap Rijn en IJssel;BU18760307;GM1876;7225.0;7225NA;BU18760307;GM1876;7225.0;7225NA;BU18760307;GM1876;7225.0;7225NA;False;False;False;52.05602778433893;6.134776908102559;WarmteAtlas:AquathermieEffluent;https://www.warmteatlas.nl/geoserver/WarmteAtlas/wfs;2026-06-24T11:35:41;
569;Effluent;1975;1300;Asbestcement;Effluentleiding;37200;37200;172.784899;777.48;777.48;Waterschap Rijn en IJssel;283780.0;219016.0;Bronckhorst;Achterhoek;2250;4499;900;1800;Gelderland;Waterschap Rijn en IJssel;BU18760307;GM1876;7225.0;7225NA;BU18760307;GM1876;7225.0;7225NA;BU18760307;GM1876;7225.0;7225NA;False;False;False;52.055410485016424;6.135576779346172;WarmteAtlas:AquathermieEffluent;https://www.warmteatlas.nl/geoserver/WarmteAtlas/wfs;2026-06-24T11:35:41;
570;Effluent;1975;1300;Beton;Effluentleiding;37200;37200;67.291074;777.48;777.48;Waterschap Rijn en IJssel;283780.0;219016.0;Bronckhorst;Achterhoek;2250;4499;900;1800;Gelderland;Waterschap Rijn en IJssel;BU18760307;GM1876;7225.0;7225NA;BU18760307;GM1876;7225.0;7225NA;BU18760307;GM1876;7225.0;7225NA;False;False;False;52.054638685981175;6.136776499595409;WarmteAtlas:AquathermieEffluent;https://www.warmteatlas.nl/geoserver/WarmteAtlas/wfs;2026-06-24T11:35:41;
571;Effluent;1975;1300;Asbestcement;Effluentleiding;37200;37200;360.505256;777.48;777.48;Waterschap Rijn en IJssel;283780.0;219016.0;Bronckhorst;Achterhoek;2250;4499;900;1800;Gelderland;Waterschap Rijn en IJssel;BU18760307;GM1876;7225.0;7225NA;BU18760307;GM1876;7225.0;7225NA;BU18760307;GM1876;7225.0;7225NA;False;False;False;52.05383646700849;6.139570602775118;WarmteAtlas:AquathermieEffluent;https://www.warmteatlas.nl/geoserver/WarmteAtlas/wfs;2026-06-24T11:35:41;
572;Effluent;1975;1300;Asbestcement;Effluentleiding;37200;37200;259.760639;777.48;777.48;Waterschap Rijn en IJssel;283780.0;219016.0;Bronckhorst;Achterhoek;2250;4499;900;1800;Gelderland;Waterschap Rijn en IJssel;BU18760304;GM1876;7224.0;7224NA;BU18760304;GM1876;7224.0;7224NA;BU18760304;GM1876;7224.0;7224NA;False;False;False;52.05202155627541;6.142650069931352;WarmteAtlas:AquathermieEffluent;https://www.warmteatlas.nl/geoserver/WarmteAtlas/wfs;2026-06-24T11:35:41;
573;Effluent;1975;1300;Asbestcement;Effluentleiding;37200;37200;2.413031;777.48;777.48;Waterschap Rijn en IJssel;283780.0;219016.0;Bronckhorst;Achterhoek;2250;4499;900;1800;Gelderland;Waterschap Rijn en IJssel;BU18760304;GM1876;7224.0;7224NE;BU18760304;GM1876;7224.0;7224NE;BU18760304;GM1876;7224.0;7224NE;False;False;False;52.050908102128346;6.143227945907353;WarmteAtlas:AquathermieEffluent;https://www.warmteatlas.nl/geoserver/WarmteAtlas/wfs;2026-06-24T11:35:41;
574;Effluent;1975;1300;Asbestcement;Effluentleiding;37200;37200;3.178657;777.48;777.48;Waterschap Rijn en IJssel;283780.0;219016.0;Bronckhorst;Achterhoek;2250;4499;900;1800;Gelderland;Waterschap Rijn en IJssel;BU18760304;GM1876;7224.0;7224NE;BU18760304;GM1876;7224.0;7224NE;BU18760304;GM1876;7224.0;7224NE;False;False;False;52.050883390533684;6.143234973247018;WarmteAtlas:AquathermieEffluent;https://www.warmteatlas.nl/geoserver/WarmteAtlas/wfs;2026-06-24T11:35:41;
575;Effluent;1975;1300;Asbestcement;Effluentleiding;37200;37200;521.54912;777.48;777.48;Waterschap Rijn en IJssel;283780.0;219016.0;Bronckhorst;Achterhoek;2250;4499;900;1800;Gelderland;Waterschap Rijn en IJssel;BU18760307;GM1876;7225.0;7225NB;BU18760307;GM1876;7225.0;7225NB;BU18760307;GM1876;7225.0;7225NB;False;False;False;52.04840436996072;6.143944577913649;WarmteAtlas:AquathermieEffluent;https://www.warmteatlas.nl/geoserver/WarmteAtlas/wfs;2026-06-24T11:35:41;
576;Effluent;1975;1300;Asbestcement;Effluentleiding;37200;37200;19.199006;777.48;777.48;Waterschap Rijn en IJssel;283780.0;219016.0;Bronckhorst;Achterhoek;2250;4499;900;1800;Gelderland;Waterschap Rijn en IJssel;BU18760304;GM1876;7224.0;7224NE;BU18760304;GM1876;7224.0;7224NE;BU18760304;GM1876;7224.0;7224NE;False;False;False;52.05078353852291;6.143254350037283;WarmteAtlas:AquathermieEffluent;https://www.warmteatlas.nl/geoserver/WarmteAtlas/wfs;2026-06-24T11:35:41;
577;Effluent;1976;1270;Gewapend beton;Effluentleiding;107040;107040;162.665609;2237.14;2237.14;Waterschap Rijn en IJssel;816556.0;630202.0;Westervoort;Arnhem/Nijmegen;6473;12946;2589;5179;Gelderland;Waterschap Rijn en IJssel;BU02930009;GM0293;6931.0;6931AA;BU02930009;GM0293;6931.0;6931AA;BU02930009;GM0293;6931.0;6931AA;False;False;False;51.97492101435224;5.996719370154914;WarmteAtlas:AquathermieEffluent;https://www.warmteatlas.nl/geoserver/WarmteAtlas/wfs;2026-06-24T11:35:41;
578;Effluent;1976;1270;Gewapend beton;Effluentleiding;107040;107040;163.89635;2237.14;2237.14;Waterschap Rijn en IJssel;816556.0;630202.0;Westervoort;Arnhem/Nijmegen;6473;12946;2589;5179;Gelderland;Waterschap Rijn en IJssel;BU02930009;GM0293;6931.0;6931AA;BU02930009;GM0293;6931.0;6931AA;BU02930009;GM0293;6931.0;6931AA;False;False;False;51.97490842680759;5.996702758681217;WarmteAtlas:AquathermieEffluent;https://www.warmteatlas.nl/geoserver/WarmteAtlas/wfs;2026-06-24T11:35:41;
579;Effluent;1976;1270;Gewapend beton;Effluentleiding;107040;107040;165.090366;2237.14;2237.14;Waterschap Rijn en IJssel;816556.0;630202.0;Westervoort;Arnhem/Nijmegen;6473;12946;2589;5179;Gelderland;Waterschap Rijn en IJssel;BU02930009;GM0293;6931.0;6931AA;BU02930009;GM0293;6931.0;6931AA;BU02930009;GM0293;6931.0;6931AA;False;False;False;51.97489596156849;5.996685961129976;WarmteAtlas:AquathermieEffluent;https://www.warmteatlas.nl/geoserver/WarmteAtlas/wfs;2026-06-24T11:35:41;
580;Effluent;1970;600;Overig;Effluentleiding;11160;11160;14.8945;233.244;233.244;Waterschap Rijn en IJssel;85134.1;65704.8;Oost Gelre;Achterhoek;675;1350;270;540;Gelderland;Waterschap Rijn en IJssel;BU15860116;GM1586;7131.0;7131RB;BU15860116;GM1586;7131.0;7131RB;BU15860116;GM1586;7131.0;7131RB;False;False;False;51.99837112365606;6.563002710988188;WarmteAtlas:AquathermieEffluent;https://www.warmteatlas.nl/geoserver/WarmteAtlas/wfs;2026-06-24T11:35:41;
581;Effluent;1970;600;Overig;Effluentleiding;11160;11160;31.472605;233.244;233.244;Waterschap Rijn en IJssel;85134.1;65704.8;Oost Gelre;Achterhoek;675;1350;270;540;Gelderland;Waterschap Rijn en IJssel;BU15860116;GM1586;7131.0;7131RB;BU15860116;GM1586;7131.0;7131RB;BU15860116;GM1586;7131.0;7131RB;False;False;False;51.99857893470614;6.56297802463945;WarmteAtlas:AquathermieEffluent;https://www.warmteatlas.nl/geoserver/WarmteAtlas/wfs;2026-06-24T11:35:41;
582;Effluent;1969;1180;Beton;Effluentleiding;43200;43200;475.80335;902.88;902.88;Waterschap Rijn en IJssel;329551.0;254341.0;Zutphen;Stedendriehoek/cleantechregio;2612;5225;1045;2090;Gelderland;Waterschap Rijn en IJssel;BU03010002;GM0301;7202.0;7202CR;BU03010002;GM0301;7202.0;7202CR;BU03010002;GM0301;7202.0;7202CR;False;False;False;52.159874274118295;6.18880233103329;WarmteAtlas:AquathermieEffluent;https://www.warmteatlas.nl/geoserver/WarmteAtlas/wfs;2026-06-24T11:35:41;
583;Effluent;1976;1300;Gewapend beton;Effluentleiding;107040;107040;294.189204;2237.14;2237.14;Waterschap Rijn en IJssel;816556.0;630202.0;Duiven;Arnhem/Nijmegen;6473;12946;2589;5179;Gelderland;Waterschap Rijn en IJssel;BU02260101;GM0226;6921.0;6921PZ;BU02260101;GM0226;6921.0;6921PZ;BU02260101;GM0226;6921.0;6921PZ;False;False;False;51.97358449159155;5.9990343956279615;WarmteAtlas:AquathermieEffluent;https://www.warmteatlas.nl/geoserver/WarmteAtlas/wfs;2026-06-24T11:35:41;
584;Effluent;1976;1300;Gewapend beton;Effluentleiding;107040;107040;292.807625;2237.14;2237.14;Waterschap Rijn en IJssel;816556.0;630202.0;Duiven;Arnhem/Nijmegen;6473;12946;2589;5179;Gelderland;Waterschap Rijn en IJssel;BU02260101;GM0226;6921.0;6921PZ;BU02260101;GM0226;6921.0;6921PZ;BU02260101;GM0226;6921.0;6921PZ;False;False;False;51.97357224349416;5.999014947720235;WarmteAtlas:AquathermieEffluent;https://www.warmteatlas.nl/geoserver/WarmteAtlas/wfs;2026-06-24T11:35:41;
585;Effluent;1976;1300;Gewapend beton;Effluentleiding;107040;107040;291.484477;2237.14;2237.14;Waterschap Rijn en IJssel;816556.0;630202.0;Duiven;Arnhem/Nijmegen;6473;12946;2589;5179;Gelderland;Waterschap Rijn en IJssel;BU02260101;GM0226;6921.0;6921PZ;BU02260101;GM0226;6921.0;6921PZ;BU02260101;GM0226;6921.0;6921PZ;False;False;False;51.97356016105029;5.998995522435893;WarmteAtlas:AquathermieEffluent;https://www.warmteatlas.nl/geoserver/WarmteAtlas/wfs;2026-06-24T11:35:41;
586;Effluent;1970;800;Gewapend beton;Effluentleiding;20040;20040;53.001172;418.836;418.836;Waterschap Rijn en IJssel;152875.0;117986.0;Winterswijk;Achterhoek;1212;2424;485;970;Gelderland;Waterschap Rijn en IJssel;BU02940105;GM0294;7103.0;7103AX;BU02940105;GM0294;7103.0;7103AX;BU02940105;GM0294;7103.0;7103AX;False;False;False;51.98673778178137;6.705599424677657;WarmteAtlas:AquathermieEffluent;https://www.warmteatlas.nl/geoserver/WarmteAtlas/wfs;2026-06-24T11:35:41;
587;Effluent;1970;800;Gewapend beton;Effluentleiding;20040;20040;14.588169;418.836;418.836;Waterschap Rijn en IJssel;152875.0;117986.0;Winterswijk;Achterhoek;1212;2424;485;970;Gelderland;Waterschap Rijn en IJssel;BU02940105;GM0294;7103.0;7103AX;BU02940105;GM0294;7103.0;7103AX;BU02940105;GM0294;7103.0;7103AX;False;False;False;51.98791219575089;6.707982630355715;WarmteAtlas:AquathermieEffluent;https://www.warmteatlas.nl/geoserver/WarmteAtlas/wfs;2026-06-24T11:35:41;
588;Effluent;1970;1200;Gewapend beton;Effluentleiding;20040;20040;254.180197;418.836;418.836;Waterschap Rijn en IJssel;152875.0;117986.0;Winterswijk;Achterhoek;1212;2424;485;970;Gelderland;Waterschap Rijn en IJssel;BU02940105;GM0294;7103.0;7103AX;BU02940105;GM0294;7103.0;7103AX;BU02940105;GM0294;7103.0;7103AX;False;False;False;51.987598489019405;6.706363509732308;WarmteAtlas:AquathermieEffluent;https://www.warmteatlas.nl/geoserver/WarmteAtlas/wfs;2026-06-24T11:35:41;
589;Effluent;1970;1200;Gewapend beton;Effluentleiding;20040;20040;254.180197;418.836;418.836;Waterschap Rijn en IJssel;152875.0;117986.0;Winterswijk;Achterhoek;1212;2424;485;970;Gelderland;Waterschap Rijn en IJssel;BU02940105;GM0294;7103.0;7103AX;BU02940105;GM0294;7103.0;7103AX;BU02940105;GM0294;7103.0;7103AX;False;False;False;51.987598489019405;6.706363509732308;WarmteAtlas:AquathermieEffluent;https://www.warmteatlas.nl/geoserver/WarmteAtlas/wfs;2026-06-24T11:35:41;
590;Effluent;1970;1200;Gewapend beton;Effluentleiding;20040;20040;138.473478;418.836;418.836;Waterschap Rijn en IJssel;152875.0;117986.0;Winterswijk;Achterhoek;1212;2424;485;970;Gelderland;Waterschap Rijn en IJssel;BU02940105;GM0294;7103.0;7103AS;BU02940105;GM0294;7103.0;7103AS;BU02940105;GM0294;7103.0;7103AS;False;False;False;51.988149063786864;6.708997481462695;WarmteAtlas:AquathermieEffluent;https://www.warmteatlas.nl/geoserver/WarmteAtlas/wfs;2026-06-24T11:35:41;
591;riool vrij verval;1973;0;PVC;Effluentleiding;36000;36000;619.745303;752.4;752.4;Waterschap Vechtstromen;274626.0;211951.0;Emmen;Drenthe;2177;4354;871;1742;Drenthe;Waterschap Vechtstromen;BU01140609;GM0114;7833.0;7833JN;BU01140609;GM0114;7833.0;7833JN;BU01140609;GM0114;7833.0;7833JN;False;False;False;52.7163913954977;6.8825255924893565;WarmteAtlas:AquathermieEffluent;https://www.warmteatlas.nl/geoserver/WarmteAtlas/wfs;2026-06-24T11:35:41;
592;riool vrij verval;1973;0;PVC;Effluentleiding;36000;36000;435.150309;752.4;752.4;Waterschap Vechtstromen;274626.0;211951.0;Emmen;Drenthe;2177;4354;871;1742;Drenthe;Waterschap Vechtstromen;BU01140609;GM0114;7833.0;7833JN;BU01140609;GM0114;7833.0;7833JN;BU01140609;GM0114;7833.0;7833JN;False;False;False;52.72108832297383;6.883573004725754;WarmteAtlas:AquathermieEffluent;https://www.warmteatlas.nl/geoserver/WarmteAtlas/wfs;2026-06-24T11:35:41;
593;riool vrij verval;1973;0;PVC;Effluentleiding;36000;36000;511.304767;752.4;752.4;Waterschap Vechtstromen;274626.0;211951.0;Emmen;Drenthe;2177;4354;871;1742;Drenthe;Waterschap Vechtstromen;BU01140609;GM0114;7833.0;7833JD;BU01140609;GM0114;7833.0;7833JD;BU01140609;GM0114;7833.0;7833JD;False;False;False;52.72718845604649;6.880841079066467;WarmteAtlas:AquathermieEffluent;https://www.warmteatlas.nl/geoserver/WarmteAtlas/wfs;2026-06-24T11:35:41;
594;riool vrij verval;1973;0;PVC;Effluentleiding;36000;36000;254.57909;752.4;752.4;Waterschap Vechtstromen;274626.0;211951.0;Emmen;Drenthe;2177;4354;871;1742;Drenthe;Waterschap Vechtstromen;BU01140609;GM0114;7833.0;7833JD;BU01140609;GM0114;7833.0;7833JD;BU01140609;GM0114;7833.0;7833JD;False;False;False;52.724060922626855;6.883203342994523;WarmteAtlas:AquathermieEffluent;https://www.warmteatlas.nl/geoserver/WarmteAtlas/wfs;2026-06-24T11:35:41;
595;riool vrij verval;1998;0;PVC;Effluentleiding;5362;4186;382.666697;112.066;112.066;Waterschap Vechtstromen;40904.1;31569.0;Coevorden;Drenthe;253;578;101;231;Drenthe;Waterschap Vechtstromen;BU01094056;GM0109;7845.0;7845TL;BU01094056;GM0109;7845.0;7845TL;BU01094056;GM0109;7845.0;7845TL;False;False;False;52.73922378145217;6.787721808473008;WarmteAtlas:AquathermieEffluent;https://www.warmteatlas.nl/geoserver/WarmteAtlas/wfs;2026-06-24T11:35:41;
596;riool vrij verval;1998;0;PVC;Effluentleiding;5362;4186;782.135485;112.066;112.066;Waterschap Vechtstromen;40904.1;31569.0;Coevorden;Drenthe;253;578;101;231;Drenthe;Waterschap Vechtstromen;BU01094057;GM0109;7843.0;7843PM;BU01094057;GM0109;7843.0;7843PM;BU01094057;GM0109;7843.0;7843PM;False;False;False;52.743893472128626;6.789189766846442;WarmteAtlas:AquathermieEffluent;https://www.warmteatlas.nl/geoserver/WarmteAtlas/wfs;2026-06-24T11:35:41;
597;riool vrij verval;1998;0;PVC;Effluentleiding;5362;4186;538.437662;112.066;112.066;Waterschap Vechtstromen;40904.1;31569.0;Coevorden;Drenthe;253;578;101;231;Drenthe;Waterschap Vechtstromen;BU01094057;GM0109;7843.0;7843PM;BU01094057;GM0109;7843.0;7843PM;BU01094057;GM0109;7843.0;7843PM;False;False;False;52.74959601175899;6.786600099985551;WarmteAtlas:AquathermieEffluent;https://www.warmteatlas.nl/geoserver/WarmteAtlas/wfs;2026-06-24T11:35:41;
598;riool vrij verval;1998;0;PVC;Effluentleiding;5362;4186;630.992486;112.066;112.066;Waterschap Vechtstromen;40904.1;31569.0;Coevorden;Drenthe;253;578;101;231;Drenthe;Waterschap Vechtstromen;BU01094040;GM0109;7841.0;7841BP;BU01094040;GM0109;7841.0;7841BP;BU01094040;GM0109;7841.0;7841BP;False;False;False;52.76054508440197;6.789207578578172;WarmteAtlas:AquathermieEffluent;https://www.warmteatlas.nl/geoserver/WarmteAtlas/wfs;2026-06-24T11:35:41;
599;riool vrij verval;0;0;onb.;Effluentleiding;9147;8208;178.007493;191.172;191.172;Waterschap Vechtstromen;69777.8;53853.2;Coevorden;Drenthe;496;1050;198;420;Drenthe;Waterschap Vechtstromen;BU01091009;GM0109;7741.0;7741LK;BU01091009;GM0109;7741.0;7741LK;BU01091009;GM0109;7741.0;7741LK;False;False;False;52.64183143608367;6.718746343560133;WarmteAtlas:AquathermieEffluent;https://www.warmteatlas.nl/geoserver/WarmteAtlas/wfs;2026-06-24T11:35:41;
600;riool vrij verval;1998;0;PVC;Effluentleiding;5362;4186;690.666607;112.066;112.066;Waterschap Vechtstromen;40904.1;31569.0;Coevorden;Drenthe;253;578;101;231;Drenthe;Waterschap Vechtstromen;BU01094057;GM0109;7841.0;7841TD;BU01094057;GM0109;7841.0;7841TD;BU01094057;GM0109;7841.0;7841TD;False;False;False;52.75496359603391;6.786459129247435;WarmteAtlas:AquathermieEffluent;https://www.warmteatlas.nl/geoserver/WarmteAtlas/wfs;2026-06-24T11:35:41;
601;riool onder druk;0;0;AC;Effluentleiding;7058;7187;645.298113;147.512;147.512;Waterschap Vechtstromen;53841.9;41554.1;Hardenberg;West-Overijssel;435;862;174;345;Overijssel;Waterschap Vechtstromen;BU01600601;GM0160;7696.0;7696BH;BU01600601;GM0160;7696.0;7696BH;BU01600601;GM0160;7696.0;7696BH;False;False;False;52.54250052905529;6.606463644414252;WarmteAtlas:AquathermieEffluent;https://www.warmteatlas.nl/geoserver/WarmteAtlas/wfs;2026-06-24T11:35:41;
602;riool onder druk;0;0;AC;Effluentleiding;7058;7187;829.136726;147.512;147.512;Waterschap Vechtstromen;53841.9;41554.1;Hardenberg;West-Overijssel;435;862;174;345;Overijssel;Waterschap Vechtstromen;BU01600601;GM0160;7696.0;7696BL;BU01600601;GM0160;7696.0;7696BE;BU01600601;GM0160;7696.0;7696BE;False;False;False;52.54827016000332;6.602254984942944;WarmteAtlas:AquathermieEffluent;https://www.warmteatlas.nl/geoserver/WarmteAtlas/wfs;2026-06-24T11:35:41;
603;riool onder druk;0;0;STAAL;Effluentleiding;3363;3164;64.331281;70.2867;70.2867;Waterschap Vechtstromen;25654.6;19799.8;Ommen;West-Overijssel;191;395;76;158;Overijssel;Waterschap Vechtstromen;BU01750116;GM0175;7731.0;7731RJ;BU01750116;GM0175;7731.0;7731RJ;BU01750116;GM0175;7731.0;7731RJ;False;False;False;52.5268053531418;6.406418096116228;WarmteAtlas:AquathermieEffluent;https://www.warmteatlas.nl/geoserver/WarmteAtlas/wfs;2026-06-24T11:35:41;
604;0;0;900;Beton;Effluentleiding;5086;5086;23.315771;106.297;106.297;Wetterskip Fryslan;38798.4;29943.9;Waadhoeke;Friesland;308;615;123;246;Friesland;Wetterskip Fryslan;BU19492800;GM1949;8801.0;8801PT;BU19492800;GM1949;8801.0;8801PT;BU19492800;GM1949;8801.0;8801PT;False;False;False;53.17790319702673;5.58112368506515;WarmteAtlas:AquathermieEffluent;https://www.warmteatlas.nl/geoserver/WarmteAtlas/wfs;2026-06-24T11:35:41;
605;0;0;500;AC;Effluentleiding;0;0;303.480178;0.0;0.0;Wetterskip Fryslan;0.0;0.0;Waadhoeke;Friesland;0;0;0;0;Friesland;Wetterskip Fryslan;BU19493200;GM1949;9079.0;9079MK;BU19493200;GM1949;9079.0;9079MK;BU19493200;GM1949;9079.0;9079MK;False;False;False;53.27338398152507;5.636230084292917;WarmteAtlas:AquathermieEffluent;https://www.warmteatlas.nl/geoserver/WarmteAtlas/wfs;2026-06-24T11:35:41;
606;0;0;700;AC;Effluentleiding;0;0;8.758551;0.0;0.0;Wetterskip Fryslan;0.0;0.0;Waadhoeke;Friesland;0;0;0;0;Friesland;Wetterskip Fryslan;BU19493200;GM1949;9079.0;9079PA;BU19493200;GM1949;9079.0;9079PA;BU19493200;GM1949;9079.0;9079PA;False;False;False;53.27337484803349;5.633918372840268;WarmteAtlas:AquathermieEffluent;https://www.warmteatlas.nl/geoserver/WarmteAtlas/wfs;2026-06-24T11:35:41;
607;0;0;700;beton;Effluentleiding;5539;5539;11.494352;115.765;115.765;Wetterskip Fryslan;42254.2;32611.0;SÃºdwest-FryslÃ¢n;Friesland;335;670;134;268;Friesland;Wetterskip Fryslan;BU19000004;GM1900;8701.0;8701PR;BU19000004;GM1900;8701.0;8701PR;BU19000004;GM1900;8701.0;8701PR;False;False;False;53.07466973549918;5.527083035796689;WarmteAtlas:AquathermieEffluent;https://www.warmteatlas.nl/geoserver/WarmteAtlas/wfs;2026-06-24T11:35:41;
608;0;0;700;Beton;Effluentleiding;5539;5539;11.276672;115.765;115.765;Wetterskip Fryslan;42254.2;32611.0;SÃºdwest-FryslÃ¢n;Friesland;335;670;134;268;Friesland;Wetterskip Fryslan;BU19000004;GM1900;8701.0;8701PR;BU19000004;GM1900;8701.0;8701PR;BU19000004;GM1900;8701.0;8701PR;False;False;False;53.07425729814699;5.526763570214711;WarmteAtlas:AquathermieEffluent;https://www.warmteatlas.nl/geoserver/WarmteAtlas/wfs;2026-06-24T11:35:41;
609;0;0;1200;Beton;Effluentleiding;6530;6530;33.706454;136.477;136.477;Wetterskip Fryslan;49814.1;38445.6;SÃºdwest-FryslÃ¢n;Friesland;395;790;158;316;Friesland;Wetterskip Fryslan;BU19000116;GM1900;8608.0;8608XW;BU19000116;GM1900;8608.0;8608XW;BU19000116;GM1900;8608.0;8608XW;False;False;False;53.02379398025848;5.6404935653602;WarmteAtlas:AquathermieEffluent;https://www.warmteatlas.nl/geoserver/WarmteAtlas/wfs;2026-06-24T11:35:41;
610;0;0;400;PVC;Effluentleiding;2988;2988;61.584063;62.4492;62.4492;Wetterskip Fryslan;22794.0;17591.9;SÃºdwest-FryslÃ¢n;Friesland;181;362;72;145;Friesland;Wetterskip Fryslan;BU19000309;GM1900;8722.0;8722HN;BU19000309;GM1900;8722.0;8722HN;BU19000309;GM1900;8722.0;8722HN;False;False;False;52.884413602364674;5.3967256856564205;WarmteAtlas:AquathermieEffluent;https://www.warmteatlas.nl/geoserver/WarmteAtlas/wfs;2026-06-24T11:35:41;
611;0;0;0;;Effluentleiding;4450;4450;54.411488;93.005;93.005;Wetterskip Fryslan;33946.8;26199.5;SÃºdwest-FryslÃ¢n;Friesland;269;538;108;215;Friesland;Wetterskip Fryslan;BU19000200;GM1900;8711.0;8711JH;BU19000200;GM1900;8711.0;8711JH;BU19000200;GM1900;8711.0;8711JH;False;False;False;52.97159008760906;5.45251992071103;WarmteAtlas:AquathermieEffluent;https://www.warmteatlas.nl/geoserver/WarmteAtlas/wfs;2026-06-24T11:35:41;
612;0;0;700;Beton;Onbekend;5539;5539;39.261861;115.765;115.765;Wetterskip Fryslan;42254.2;32611.0;SÃºdwest-FryslÃ¢n;Friesland;335;670;134;268;Friesland;Wetterskip Fryslan;BU19000004;GM1900;8701.0;8701PR;BU19000004;GM1900;8701.0;8701PR;BU19000004;GM1900;8701.0;8701PR;False;False;False;53.07446270977157;5.526924260335463;WarmteAtlas:AquathermieEffluent;https://www.warmteatlas.nl/geoserver/WarmteAtlas/wfs;2026-06-24T11:35:41;
613;0;0;0;;Onbekend;21700;21700;283.454343;453.53;453.53;Wetterskip Fryslan;165538.0;127759.0;Leeuwarden;Friesland;1312;2624;525;1050;Friesland;Wetterskip Fryslan;BU00801104;GM0080;8937.0;8937AN;BU00801104;GM0080;8937.0;8937AN;BU00801104;GM0080;8937.0;8937AN;False;False;False;53.19520629952301;5.831273857445701;WarmteAtlas:AquathermieEffluent;https://www.warmteatlas.nl/geoserver/WarmteAtlas/wfs;2026-06-24T11:35:41;
614;0;0;0;;Onbekend;21700;21700;342.472782;453.53;453.53;Wetterskip Fryslan;165538.0;127759.0;Leeuwarden;Friesland;1312;2624;525;1050;Friesland;Wetterskip Fryslan;BU00801105;GM0080;8936.0;8936AR;BU00801105;GM0080;8936.0;8936AR;BU00801105;GM0080;8936.0;8936AR;False;False;False;53.19357314753439;5.829705166817635;WarmteAtlas:AquathermieEffluent;https://www.warmteatlas.nl/geoserver/WarmteAtlas/wfs;2026-06-24T11:35:41;
615;0;0;630;PVC;Effluentleiding;865;865;51.14174;18.0785;18.0785;Wetterskip Fryslan;6598.65;5092.71;Leeuwarden;Friesland;52;104;21;42;Friesland;Wetterskip Fryslan;BU00808207;GM0080;9001.0;9001ZD;BU00808207;GM0080;9001.0;9001ZD;BU00808207;GM0080;9001.0;9001ZD;False;False;False;53.093274287545015;5.8184437985279835;WarmteAtlas:AquathermieEffluent;https://www.warmteatlas.nl/geoserver/WarmteAtlas/wfs;2026-06-24T11:35:41;
616;0;0;0;Beton;Onbekend;21700;21700;163.307902;453.53;453.53;Wetterskip Fryslan;165538.0;127759.0;Leeuwarden;Friesland;1312;2624;525;1050;Friesland;Wetterskip Fryslan;BU00801105;GM0080;8936.0;8936AR;BU00801105;GM0080;8936.0;8936AR;BU00801105;GM0080;8936.0;8936AR;False;False;False;53.1938713509647;5.83072248172442;WarmteAtlas:AquathermieEffluent;https://www.warmteatlas.nl/geoserver/WarmteAtlas/wfs;2026-06-24T11:35:41;
617;0;0;0;;Onbekend;21700;21700;206.05481;453.53;453.53;Wetterskip Fryslan;165538.0;127759.0;Leeuwarden;Friesland;1312;2624;525;1050;Friesland;Wetterskip Fryslan;BU00801105;GM0080;8936.0;8936AR;BU00801105;GM0080;8936.0;8936AR;BU00801105;GM0080;8936.0;8936AR;False;False;False;53.19372206299827;5.833089813366943;WarmteAtlas:AquathermieEffluent;https://www.warmteatlas.nl/geoserver/WarmteAtlas/wfs;2026-06-24T11:35:41;
618;0;0;0;;Effluentleiding;2076;2076;262.774324;43.3884;43.3884;Wetterskip Fryslan;15836.8;12222.5;Terschelling;Friesland;126;251;50;100;Friesland;Wetterskip Fryslan;BU00930000;GM0093;8881.0;8881HC;BU00930000;GM0093;8881.0;8881HC;BU00930000;GM0093;8881.0;8881HC;False;False;False;53.36708222004093;5.239896778602506;WarmteAtlas:AquathermieEffluent;https://www.warmteatlas.nl/geoserver/WarmteAtlas/wfs;2026-06-24T11:35:41;
619;0;0;250;PVC;Effluentleiding;809;809;1292.459813;16.9081;16.9081;Wetterskip Fryslan;6171.46;4763.01;Schiermonnikoog;Friesland;49;98;20;39;Friesland;Wetterskip Fryslan;BU00880009;GM0088;9166.0;9166SE;BU00880009;GM0088;9166.0;9166SE;BU00880009;GM0088;9166.0;9166SE;False;False;False;53.47480144372663;6.182086471769316;WarmteAtlas:AquathermieEffluent;https://www.warmteatlas.nl/geoserver/WarmteAtlas/wfs;2026-06-24T11:35:41;
620;0;0;500;AC;Effluentleiding;2134;2134;62.369163;44.6006;44.6006;Wetterskip Fryslan;16279.2;12564.0;Ameland;Friesland;129;258;52;103;Friesland;Wetterskip Fryslan;BU00600007;GM0060;9162.0;9162ED;BU00600007;GM0060;9162.0;9162ED;BU00600007;GM0060;9162.0;9162ED;False;False;False;53.44264282677326;5.723141208656989;WarmteAtlas:AquathermieEffluent;https://www.warmteatlas.nl/geoserver/WarmteAtlas/wfs;2026-06-24T11:35:41;
621;0;0;1250;Beton;Effluentleiding;11431;11431;662.246522;238.908;238.908;Wetterskip Fryslan;87201.4;67300.4;Smallingerland;Friesland;691;1382;276;553;Friesland;Wetterskip Fryslan;BU00900011;GM0090;9206.0;9206AX;BU00901101;GM0090;9206.0;9206AX;BU00901101;GM0090;9206.0;9206AX;True;False;False;53.114205195283816;6.0567932144528775;WarmteAtlas:AquathermieEffluent;https://www.warmteatlas.nl/geoserver/WarmteAtlas/wfs;2026-06-24T11:35:41;
622;0;0;1000;Beton;Effluentleiding;4942;4942;316.768422;103.288;103.288;Wetterskip Fryslan;37700.1;29096.2;Dongeradeel;Friesland;299;598;120;239;Friesland;Wetterskip Fryslan;BU19700011;GM1970;9101.0;9101WZ;BU19700011;GM1970;9101.0;9101WZ;BU19700011;GM1970;9101.0;9101WZ;False;False;False;53.324061126004075;6.020363044979941;WarmteAtlas:AquathermieEffluent;https://www.warmteatlas.nl/geoserver/WarmteAtlas/wfs;2026-06-24T11:35:41;
623;0;0;800;Beton;Effluentleiding;2799;2799;21.218567;58.4991;58.4991;Wetterskip Fryslan;21352.2;16479.2;Dantumadiel;Friesland;169;338;68;135;Friesland;Wetterskip Fryslan;BU18910109;GM1891;9113.0;9113AV;BU18910109;GM1891;9113.0;9113AV;BU18910109;GM1891;9113.0;9113AV;False;False;False;53.27611018162464;6.033432233442925;WarmteAtlas:AquathermieEffluent;https://www.warmteatlas.nl/geoserver/WarmteAtlas/wfs;2026-06-24T11:35:41;
624;0;0;800;Beton;Effluentleiding;2799;2799;21.410393;58.4991;58.4991;Wetterskip Fryslan;21352.2;16479.2;Dantumadiel;Friesland;169;338;68;135;Friesland;Wetterskip Fryslan;BU18910109;GM1891;9113.0;9113AV;BU18910109;GM1891;9113.0;9113AV;BU18910109;GM1891;9113.0;9113AV;False;False;False;53.27610792809346;6.033431052880074;WarmteAtlas:AquathermieEffluent;https://www.warmteatlas.nl/geoserver/WarmteAtlas/wfs;2026-06-24T11:35:41;
625;0;0;800;Beton;Effluentleiding;2595;2595;82.530315;54.2355;54.2355;Wetterskip Fryslan;19796.0;15278.1;Ferwerderadiel;Friesland;157;314;63;126;Friesland;Wetterskip Fryslan;BU19701008;GM1970;9111.0;9111HT;BU19701008;GM1970;9111.0;9111HT;BU19701008;GM1970;9111.0;9111HT;False;False;False;53.29708944161798;5.883935967859919;WarmteAtlas:AquathermieEffluent;https://www.warmteatlas.nl/geoserver/WarmteAtlas/wfs;2026-06-24T11:35:41;
626;0;0;500;Beton;Effluentleiding;13680;13680;389.15925;285.912;285.912;Wetterskip Fryslan;104358.0;80541.4;Achtkarspelen;Friesland;827;1654;331;662;Friesland;Wetterskip Fryslan;BU00590007;GM0059;9288.0;9288XE;BU00590007;GM0059;9288.0;9288XE;BU00590007;GM0059;9288.0;9288XE;False;False;False;53.22243863831739;6.117927038227241;WarmteAtlas:AquathermieEffluent;https://www.warmteatlas.nl/geoserver/WarmteAtlas/wfs;2026-06-24T11:35:41;
627;0;0;500;Beton;Effluentleiding;13680;13680;387.371241;285.912;285.912;Wetterskip Fryslan;104358.0;80541.4;Achtkarspelen;Friesland;827;1654;331;662;Friesland;Wetterskip Fryslan;BU00590007;GM0059;9288.0;9288XE;BU00590007;GM0059;9288.0;9288XE;BU00590007;GM0059;9288.0;9288XE;False;False;False;53.22244065366489;6.11790801096087;WarmteAtlas:AquathermieEffluent;https://www.warmteatlas.nl/geoserver/WarmteAtlas/wfs;2026-06-24T11:35:41;
628;0;2008;315;HDPE;Onbekend;13680;13680;168.283632;285.912;285.912;Wetterskip Fryslan;104358.0;80541.4;Achtkarspelen;Friesland;827;1654;331;662;Friesland;Wetterskip Fryslan;BU00590007;GM0059;9288.0;9288XA;BU00590007;GM0059;9288.0;9288XB;BU00590007;GM0059;9288.0;9288XB;False;False;False;53.22343794753388;6.115196728273708;WarmteAtlas:AquathermieEffluent;https://www.warmteatlas.nl/geoserver/WarmteAtlas/wfs;2026-06-24T11:35:41;
629;0;2008;315;PVC;Onbekend;13680;13680;21.491696;285.912;285.912;Wetterskip Fryslan;104358.0;80541.4;Achtkarspelen;Friesland;827;1654;331;662;Friesland;Wetterskip Fryslan;BU00590007;GM0059;9288.0;9288XA;BU00590007;GM0059;9288.0;9288XB;BU00590007;GM0059;9288.0;9288XB;False;False;False;53.22295396440825;6.114027396396119;WarmteAtlas:AquathermieEffluent;https://www.warmteatlas.nl/geoserver/WarmteAtlas/wfs;2026-06-24T11:35:41;
630;0;0;0;;Onbekend;15840;15840;301.831772;331.056;331.056;Wetterskip Fryslan;120835.0;93258.5;Harlingen;Friesland;958;1916;383;766;Friesland;Wetterskip Fryslan;BU00720005;GM0072;8861.0;8861VA;BU00720005;GM0072;8861.0;8861VA;BU00720005;GM0072;8861.0;8861VA;False;False;False;53.17356197155341;5.453169362478414;WarmteAtlas:AquathermieEffluent;https://www.warmteatlas.nl/geoserver/WarmteAtlas/wfs;2026-06-24T11:35:41;
631;0;0;0;;Onbekend;15840;15840;210.305087;331.056;331.056;Wetterskip Fryslan;120835.0;93258.5;Harlingen;Friesland;958;1916;383;766;Friesland;Wetterskip Fryslan;BU00720005;GM0072;8861.0;8861VA;BU00720005;GM0072;8861.0;8861VA;BU00720005;GM0072;8861.0;8861VA;False;False;False;53.17367444684362;5.453025065057504;WarmteAtlas:AquathermieEffluent;https://www.warmteatlas.nl/geoserver/WarmteAtlas/wfs;2026-06-24T11:35:41;
632;0;0;800;Beton;Effluentleiding;5160;5160;62.327466;107.844;107.844;Wetterskip Fryslan;39363.1;30379.7;Tytsjerksteradiel;Friesland;312;624;125;250;Friesland;Wetterskip Fryslan;BU07370600;GM0737;9262.0;9262ND;BU07370600;GM0737;9262.0;9262ND;BU07370600;GM0737;9262.0;9262ND;False;False;False;53.18472907290368;6.003439478507308;WarmteAtlas:AquathermieEffluent;https://www.warmteatlas.nl/geoserver/WarmteAtlas/wfs;2026-06-24T11:35:41;
633;0;0;1270;Beton;Effluentleiding;5160;5160;91.62747;107.844;107.844;Wetterskip Fryslan;39363.1;30379.7;Tytsjerksteradiel;Friesland;312;624;125;250;Friesland;Wetterskip Fryslan;BU07370600;GM0737;9262.0;9262ND;BU07370600;GM0737;9262.0;9262ND;BU07370600;GM0737;9262.0;9262ND;False;False;False;53.18533587613459;6.0030320512082955;WarmteAtlas:AquathermieEffluent;https://www.warmteatlas.nl/geoserver/WarmteAtlas/wfs;2026-06-24T11:35:41;
634;0;0;630;PVC;Effluentleiding;4260;4260;40.012724;89.034;89.034;Wetterskip Fryslan;32497.4;25080.9;Weststellingwerf;Friesland;258;515;103;206;Friesland;Wetterskip Fryslan;BU00980001;GM0098;8471.0;8471AC;BU00980001;GM0098;8471.0;8471AC;BU00980001;GM0098;8471.0;8471AC;False;False;False;52.88658309071672;5.988886912563215;WarmteAtlas:AquathermieEffluent;https://www.warmteatlas.nl/geoserver/WarmteAtlas/wfs;2026-06-24T11:35:41;
635;0;0;800;Beton;Effluentleiding;4260;4260;34.843311;89.034;89.034;Wetterskip Fryslan;32497.4;25080.9;Weststellingwerf;Friesland;258;515;103;206;Friesland;Wetterskip Fryslan;BU00980001;GM0098;8471.0;8471AC;BU00980001;GM0098;8471.0;8471AC;BU00980001;GM0098;8471.0;8471AC;False;False;False;52.88636557450155;5.98898391637513;WarmteAtlas:AquathermieEffluent;https://www.warmteatlas.nl/geoserver/WarmteAtlas/wfs;2026-06-24T11:35:41;
636;0;0;800;Beton;Onbekend;3061;3061;138.481259;63.9749;63.9749;Wetterskip Fryslan;23350.8;18021.7;Opsterland;Friesland;185;370;74;148;Friesland;Wetterskip Fryslan;BU00860502;GM0086;8401.0;8401GC;BU00860502;GM0086;8401.0;8401GC;BU00860502;GM0086;8401.0;8401GC;False;False;False;53.010057181596245;6.053528661655187;WarmteAtlas:AquathermieEffluent;https://www.warmteatlas.nl/geoserver/WarmteAtlas/wfs;2026-06-24T11:35:41;
637;0;1982;0;Beton;Onbekend;3600;3600;322.949542;75.24;75.24;Wetterskip Fryslan;27462.6;21195.1;Opsterland;Friesland;218;436;87;174;Friesland;Wetterskip Fryslan;BU00861703;GM0086;9241.0;9241WH;BU00861703;GM0086;9241.0;9241WH;BU00861703;GM0086;9241.0;9241WH;False;False;False;53.04580716722297;6.19987914308465;WarmteAtlas:AquathermieEffluent;https://www.warmteatlas.nl/geoserver/WarmteAtlas/wfs;2026-06-24T11:35:41;
638;0;1954;800;Beton;Effluentleiding;4646;4646;301.984346;97.1014;97.1014;Wetterskip Fryslan;35442.0;27353.5;Ooststellingwerf;Friesland;281;562;112;225;Friesland;Wetterskip Fryslan;BU00851110;GM0085;8431.0;8431AC;BU00851110;GM0085;8431.0;8431AC;BU00851110;GM0085;8431.0;8431AC;False;False;False;52.99207253070871;6.278867932557675;WarmteAtlas:AquathermieEffluent;https://www.warmteatlas.nl/geoserver/WarmteAtlas/wfs;2026-06-24T11:35:41;
639;0;0;400;PVC;Onbekend;814;814;58.886125;17.0126;17.0126;Wetterskip Fryslan;6209.6;4792.45;Vlieland;Friesland;49;98;20;39;Friesland;Wetterskip Fryslan;BU00960000;GM0096;8899.0;8899BB;BU00960000;GM0096;8899.0;8899BB;BU00960000;GM0096;8899.0;8899BB;False;False;False;53.29713769052933;5.083439837061859;WarmteAtlas:AquathermieEffluent;https://www.warmteatlas.nl/geoserver/WarmteAtlas/wfs;2026-06-24T11:35:41;
640;0;0;400;PVC;Onbekend;814;814;64.561753;17.0126;17.0126;Wetterskip Fryslan;6209.6;4792.45;Vlieland;Friesland;49;98;20;39;Friesland;Wetterskip Fryslan;BU00960000;GM0096;8899.0;8899BB;BU00960000;GM0096;8899.0;8899BB;BU00960000;GM0096;8899.0;8899BB;False;False;False;53.29716224315836;5.083430935077921;WarmteAtlas:AquathermieEffluent;https://www.warmteatlas.nl/geoserver/WarmteAtlas/wfs;2026-06-24T11:35:41;
641;0;0;600;AC;Onbekend;814;814;153.693438;17.0126;17.0126;Wetterskip Fryslan;6209.6;4792.45;Vlieland;Friesland;49;98;20;39;Friesland;Wetterskip Fryslan;BU00969998;GM0096;n.a.;n.a.;BU00969998;GM0096;n.a.;n.a.;BU00969998;GM0096;n.a.;n.a.;False;False;False;53.29622666838813;5.083650454327458;WarmteAtlas:AquathermieEffluent;https://www.warmteatlas.nl/geoserver/WarmteAtlas/wfs;2026-06-24T11:35:41;
642;0;0;400;PVC;Onbekend;2736;2736;29.298627;57.1824;57.1824;Wetterskip Fryslan;20871.6;16108.3;Heerenveen;Friesland;166;331;66;132;Friesland;Wetterskip Fryslan;BU00740901;GM0074;8491.0;8491EK;BU00740901;GM0074;8491.0;8491EK;BU00740901;GM0074;8491.0;8491EK;False;False;False;53.04496479935547;5.835897513080556;WarmteAtlas:AquathermieEffluent;https://www.warmteatlas.nl/geoserver/WarmteAtlas/wfs;2026-06-24T11:35:41;
643;0;0;0;Beton;Onbekend;12849;12849;43.708679;268.544;268.544;Wetterskip Fryslan;98018.6;75648.8;Heerenveen;Friesland;777;1554;311;622;Friesland;Wetterskip Fryslan;BU00740110;GM0074;8447.0;8447GC;BU00740110;GM0074;8447.0;8447GC;BU00740110;GM0074;8447.0;8447GC;False;False;False;52.96929011828344;5.892759350881985;WarmteAtlas:AquathermieEffluent;https://www.warmteatlas.nl/geoserver/WarmteAtlas/wfs;2026-06-24T11:35:41;
644;0;0;630;PVC;Onbekend;2454;2454;76.584159;51.2886;51.2886;Wetterskip Fryslan;18720.3;14448.0;De Fryske Marren;Friesland;148;297;59;119;Friesland;Wetterskip Fryslan;BU19402301;GM1940;8531.0;8531PW;BU19402301;GM1940;8531.0;8531PW;BU19402301;GM1940;8531.0;8531PW;False;False;False;52.86199276365753;5.701450704665587;WarmteAtlas:AquathermieEffluent;https://www.warmteatlas.nl/geoserver/WarmteAtlas/wfs;2026-06-24T11:35:41;
645;0;0;800;Beton;Effluentleiding;4737;4737;102.376013;99.0033;99.0033;Wetterskip Fryslan;36136.2;27889.2;De Fryske Marren;Friesland;286;573;115;229;Friesland;Wetterskip Fryslan;BU19400601;GM1940;8512.0;8512AT;BU19400601;GM1940;8512.0;8512AT;BU19400601;GM1940;8512.0;8512AT;False;False;False;52.973640858820204;5.760625353812984;WarmteAtlas:AquathermieEffluent;https://www.warmteatlas.nl/geoserver/WarmteAtlas/wfs;2026-06-24T11:35:41;
646;0;0;500;Beton;Onbekend;2209;2209;33.708759;46.1681;46.1681;Wetterskip Fryslan;16851.4;13005.6;De Fryske Marren;Friesland;134;267;53;107;Friesland;Wetterskip Fryslan;BU19404301;GM1940;8556.0;8556XC;BU19404301;GM1940;8556.0;8556XC;BU19404301;GM1940;8556.0;8556XC;False;False;False;52.902331600118494;5.639674092687829;WarmteAtlas:AquathermieEffluent;https://www.warmteatlas.nl/geoserver/WarmteAtlas/wfs;2026-06-24T11:35:41;
647;0;0;500;Beton;Onbekend;2209;2209;45.935448;46.1681;46.1681;Wetterskip Fryslan;16851.4;13005.6;De Fryske Marren;Friesland;134;267;53;107;Friesland;Wetterskip Fryslan;BU19404301;GM1940;8556.0;8556XC;BU19404301;GM1940;8556.0;8556XC;BU19404301;GM1940;8556.0;8556XC;False;False;False;52.902486781437894;5.64020722861308;WarmteAtlas:AquathermieEffluent;https://www.warmteatlas.nl/geoserver/WarmteAtlas/wfs;2026-06-24T11:35:41;
648;Persleiding;1996;700;Gietijzer;Effluentleiding;7407;7407;3.284174;154.806;154.806;Waterschap Hollandse Delta;56504.2;43608.9;Oud-Beijerland;Hoeksewaard;448;896;179;358;Zuid-Holland;Waterschap Hollandse Delta;BU19630001;GM1963;3261.0;3261TE;BU19630001;GM1963;3261.0;3261TG;BU19630001;GM1963;3261.0;3261TG;False;False;False;51.82995451885685;4.424494186108419;WarmteAtlas:AquathermieEffluent;https://www.warmteatlas.nl/geoserver/WarmteAtlas/wfs;2026-06-24T11:35:41;
649;Persleiding;1974;762;Glad Staal;Effluentleiding;7407;7407;14.290314;154.806;154.806;Waterschap Hollandse Delta;56504.2;43608.9;Oud-Beijerland;Hoeksewaard;448;896;179;358;Zuid-Holland;Waterschap Hollandse Delta;BU19630001;GM1963;3261.0;3261TB;BU19630001;GM1963;3261.0;3261TB;BU19630001;GM1963;3261.0;3261TB;False;False;False;51.82992130437935;4.424609756294889;WarmteAtlas:AquathermieEffluent;https://www.warmteatlas.nl/geoserver/WarmteAtlas/wfs;2026-06-24T11:35:41;
650;Persleiding;1974;762;Glad Staal;Effluentleiding;7407;7407;141.190146;154.806;154.806;Waterschap Hollandse Delta;56504.2;43608.9;Oud-Beijerland;Hoeksewaard;448;896;179;358;Zuid-Holland;Waterschap Hollandse Delta;BU19630001;GM1963;3261.0;3261TB;BU19630001;GM1963;3261.0;3261TB;BU19630001;GM1963;3261.0;3261TB;False;False;False;51.829614756582025;4.425623011859099;WarmteAtlas:AquathermieEffluent;https://www.warmteatlas.nl/geoserver/WarmteAtlas/wfs;2026-06-24T11:35:41;
651;Persleiding;1974;762;Glad Staal;Effluentleiding;7407;7407;40.297126;154.806;154.806;Waterschap Hollandse Delta;56504.2;43608.9;Oud-Beijerland;Hoeksewaard;448;896;179;358;Zuid-Holland;Waterschap Hollandse Delta;BU19630001;GM1963;3261.0;3261TB;BU19630001;GM1963;3261.0;3261TB;BU19630001;GM1963;3261.0;3261TB;False;False;False;51.829262641587164;4.426810328386144;WarmteAtlas:AquathermieEffluent;https://www.warmteatlas.nl/geoserver/WarmteAtlas/wfs;2026-06-24T11:35:41;
652;Persleiding;1974;762;Glad Staal;Effluentleiding;7407;7407;12.478667;154.806;154.806;Waterschap Hollandse Delta;56504.2;43608.9;Oud-Beijerland;Hoeksewaard;448;896;179;358;Zuid-Holland;Waterschap Hollandse Delta;BU19630001;GM1963;3261.0;3261TB;BU19630001;GM1963;3261.0;3261TB;BU19630001;GM1963;3261.0;3261TB;False;False;False;51.82916379472369;4.427157958340364;WarmteAtlas:AquathermieEffluent;https://www.warmteatlas.nl/geoserver/WarmteAtlas/wfs;2026-06-24T11:35:41;
653;Persleiding;1974;762;Glad Staal;Effluentleiding;7407;7407;11.288589;154.806;154.806;Waterschap Hollandse Delta;56504.2;43608.9;Oud-Beijerland;Hoeksewaard;448;896;179;358;Zuid-Holland;Waterschap Hollandse Delta;BU19630001;GM1963;3261.0;3261TB;BU19630001;GM1963;3261.0;3261TB;BU19630001;GM1963;3261.0;3261TB;False;False;False;51.82911866750819;4.427314150798468;WarmteAtlas:AquathermieEffluent;https://www.warmteatlas.nl/geoserver/WarmteAtlas/wfs;2026-06-24T11:35:41;
654;Persleiding;1974;762;Glad Staal;Effluentleiding;7407;7407;18.164753;154.806;154.806;Waterschap Hollandse Delta;56504.2;43608.9;Oud-Beijerland;Hoeksewaard;448;896;179;358;Zuid-Holland;Waterschap Hollandse Delta;BU19630001;GM1963;3261.0;3261TB;BU19630001;GM1963;3261.0;3261TB;BU19630001;GM1963;3261.0;3261TB;False;False;False;51.829059707461056;4.427505341593679;WarmteAtlas:AquathermieEffluent;https://www.warmteatlas.nl/geoserver/WarmteAtlas/wfs;2026-06-24T11:35:41;
655;Persleiding;1974;762;Glad Staal;Effluentleiding;7407;7407;18.729673;154.806;154.806;Waterschap Hollandse Delta;56504.2;43608.9;Oud-Beijerland;Hoeksewaard;448;896;179;358;Zuid-Holland;Waterschap Hollandse Delta;BU19630050;GM1963;3261.0;3261MB;BU19630050;GM1963;3261.0;3261MB;BU19630050;GM1963;3261.0;3261MB;False;False;False;51.82898397541024;4.427743156737537;WarmteAtlas:AquathermieEffluent;https://www.warmteatlas.nl/geoserver/WarmteAtlas/wfs;2026-06-24T11:35:41;
656;Persleiding;1974;762;Glad Staal;Effluentleiding;7407;7407;2.841185;154.806;154.806;Waterschap Hollandse Delta;56504.2;43608.9;Oud-Beijerland;Hoeksewaard;448;896;179;358;Zuid-Holland;Waterschap Hollandse Delta;BU19630050;GM1963;3261.0;3261MB;BU19630050;GM1963;3261.0;3261MB;BU19630050;GM1963;3261.0;3261MB;False;False;False;51.82894180425767;4.427884005213263;WarmteAtlas:AquathermieEffluent;https://www.warmteatlas.nl/geoserver/WarmteAtlas/wfs;2026-06-24T11:35:41;
657;Persleiding;1974;762;Glad Staal;Effluentleiding;7407;7407;24.589883;154.806;154.806;Waterschap Hollandse Delta;56504.2;43608.9;Oud-Beijerland;Hoeksewaard;448;896;179;358;Zuid-Holland;Waterschap Hollandse Delta;BU19630050;GM1963;3261.0;3261MB;BU19630050;GM1963;3261.0;3261MB;BU19630050;GM1963;3261.0;3261MB;False;False;False;51.82888736181088;4.428062462848742;WarmteAtlas:AquathermieEffluent;https://www.warmteatlas.nl/geoserver/WarmteAtlas/wfs;2026-06-24T11:35:41;
658;Persleiding;1974;762;Glad Staal;Effluentleiding;7407;7407;23.169628;154.806;154.806;Waterschap Hollandse Delta;56504.2;43608.9;Oud-Beijerland;Hoeksewaard;448;896;179;358;Zuid-Holland;Waterschap Hollandse Delta;BU19630050;GM1963;3261.0;3261MB;BU19630050;GM1963;3261.0;3261MB;BU19630050;GM1963;3261.0;3261MB;False;False;False;51.82879231132016;4.428372989792838;WarmteAtlas:AquathermieEffluent;https://www.warmteatlas.nl/geoserver/WarmteAtlas/wfs;2026-06-24T11:35:41;
659;Persleiding;1996;752;Asbestcement;Effluentleiding;7407;7407;51.348961;154.806;154.806;Waterschap Hollandse Delta;56504.2;43608.9;Oud-Beijerland;Hoeksewaard;448;896;179;358;Zuid-Holland;Waterschap Hollandse Delta;BU19630050;GM1963;3261.0;3261MB;BU19630050;GM1963;3261.0;3261MB;BU19630050;GM1963;3261.0;3261MB;False;False;False;51.828642342684226;4.428856210895853;WarmteAtlas:AquathermieEffluent;https://www.warmteatlas.nl/geoserver/WarmteAtlas/wfs;2026-06-24T11:35:41;
660;Persleiding;1996;0;Beton met stalen kern;Effluentleiding;7407;7407;15.685785;154.806;154.806;Waterschap Hollandse Delta;56504.2;43608.9;Oud-Beijerland;Hoeksewaard;448;896;179;358;Zuid-Holland;Waterschap Hollandse Delta;BU19630050;GM1963;3261.0;3261MB;BU19630050;GM1963;3261.0;3261MB;BU19630050;GM1963;3261.0;3261MB;False;False;False;51.82822051418155;4.429759763905132;WarmteAtlas:AquathermieEffluent;https://www.warmteatlas.nl/geoserver/WarmteAtlas/wfs;2026-06-24T11:35:41;
661;Persleiding;1996;0;Beton met stalen kern;Effluentleiding;7407;7407;45.288899;154.806;154.806;Waterschap Hollandse Delta;56504.2;43608.9;Oud-Beijerland;Hoeksewaard;448;896;179;358;Zuid-Holland;Waterschap Hollandse Delta;BU19630050;GM1963;3261.0;3261MB;BU19630050;GM1963;3261.0;3261MB;BU19630050;GM1963;3261.0;3261MB;False;False;False;51.82840551272048;4.429433795085901;WarmteAtlas:AquathermieEffluent;https://www.warmteatlas.nl/geoserver/WarmteAtlas/wfs;2026-06-24T11:35:41;
662;Persleiding;1976;610;Glad Staal;Effluentleiding;2930;2930;570.548664;61.237;61.237;Waterschap Hollandse Delta;22351.5;17250.5;Westvoorne;Rotterdam-Den Haag;177;354;71;142;Zuid-Holland;Waterschap Hollandse Delta;BU19922102;GM1992;3233.0;3233LT;BU19922102;GM1992;3233.0;3233LT;BU19922102;GM1992;3233.0;3233LT;False;False;False;51.917928575712445;4.114322871989649;WarmteAtlas:AquathermieEffluent;https://www.warmteatlas.nl/geoserver/WarmteAtlas/wfs;2026-06-24T11:35:41;
663;Persleiding;1976;610;Glad Staal;Effluentleiding;2930;2930;1067.188689;61.237;61.237;Waterschap Hollandse Delta;22351.5;17250.5;Westvoorne;Rotterdam-Den Haag;177;354;71;142;Zuid-Holland;Waterschap Hollandse Delta;BU19922102;GM1992;3233.0;3233XN;BU19922102;GM1992;3233.0;3233XN;BU19922102;GM1992;3233.0;3233XN;False;False;False;51.92157624857951;4.105551092578832;WarmteAtlas:AquathermieEffluent;https://www.warmteatlas.nl/geoserver/WarmteAtlas/wfs;2026-06-24T11:35:41;
664;Persleiding;1981;324;Glad Staal;Effluentleiding;833;833;1142.720641;17.4097;17.4097;Waterschap Hollandse Delta;6354.54;4904.31;Korendijk;Hoeksewaard;50;101;20;40;Zuid-Holland;Waterschap Hollandse Delta;BU19631300;GM1963;3264.0;3264VK;BU19631300;GM1963;3264.0;3264VK;BU19631300;GM1963;3264.0;3264VK;False;False;False;51.81203396493185;4.343691930257521;WarmteAtlas:AquathermieEffluent;https://www.warmteatlas.nl/geoserver/WarmteAtlas/wfs;2026-06-24T11:35:41;
665;Persleiding;1981;315;PVC;Effluentleiding;833;833;4.040495;17.4097;17.4097;Waterschap Hollandse Delta;6354.54;4904.31;Korendijk;Hoeksewaard;50;101;20;40;Zuid-Holland;Waterschap Hollandse Delta;BU19631300;GM1963;3264.0;3264VE;BU19631300;GM1963;3264.0;3264VE;BU19631300;GM1963;3264.0;3264VE;False;False;False;51.80801179788803;4.347429697499537;WarmteAtlas:AquathermieEffluent;https://www.warmteatlas.nl/geoserver/WarmteAtlas/wfs;2026-06-24T11:35:41;
666;Persleiding;1981;315;PVC;Effluentleiding;833;833;7.527953;17.4097;17.4097;Waterschap Hollandse Delta;6354.54;4904.31;Korendijk;Hoeksewaard;50;101;20;40;Zuid-Holland;Waterschap Hollandse Delta;BU19631300;GM1963;3264.0;3264VE;BU19631300;GM1963;3264.0;3264VE;BU19631300;GM1963;3264.0;3264VE;False;False;False;51.80796251296968;4.3474552599677665;WarmteAtlas:AquathermieEffluent;https://www.warmteatlas.nl/geoserver/WarmteAtlas/wfs;2026-06-24T11:35:41;
667;Persleiding;1981;315;PVC;Effluentleiding;833;833;1311.81858;17.4097;17.4097;Waterschap Hollandse Delta;6354.54;4904.31;Korendijk;Hoeksewaard;50;101;20;40;Zuid-Holland;Waterschap Hollandse Delta;BU19631299;GM1963;3265.0;3265LC;BU19631299;GM1963;3265.0;3265LC;BU19631299;GM1963;3265.0;3265LC;False;False;False;51.803448013658794;4.3444318766056815;WarmteAtlas:AquathermieEffluent;https://www.warmteatlas.nl/geoserver/WarmteAtlas/wfs;2026-06-24T11:35:41;
668;Persleiding;1981;315;PVC;Effluentleiding;833;833;12.454103;17.4097;17.4097;Waterschap Hollandse Delta;6354.54;4904.31;Korendijk;Hoeksewaard;50;101;20;40;Zuid-Holland;Waterschap Hollandse Delta;BU19631300;GM1963;3264.0;3264VE;BU19631300;GM1963;3264.0;3264VE;BU19631300;GM1963;3264.0;3264VE;False;False;False;51.80787575465121;4.347492645831517;WarmteAtlas:AquathermieEffluent;https://www.warmteatlas.nl/geoserver/WarmteAtlas/wfs;2026-06-24T11:35:41;
669;Persleiding;1981;0;Beton met stalen kern;Effluentleiding;3871;3871;7.699999;80.9039;80.9039;Waterschap Hollandse Delta;29529.9;22790.6;Hellevoetsluis;Rotterdam-Den Haag;234;468;94;187;Zuid-Holland;Waterschap Hollandse Delta;BU19920901;GM1992;3224.0;3224AD;BU19920901;GM1992;3224.0;3224AD;BU19920901;GM1992;3224.0;3224AD;False;False;False;51.84454347487385;4.173923932292928;WarmteAtlas:AquathermieEffluent;https://www.warmteatlas.nl/geoserver/WarmteAtlas/wfs;2026-06-24T11:35:41;
670;Persleiding;1981;0;Beton met stalen kern;Effluentleiding;3871;3871;3.699732;80.9039;80.9039;Waterschap Hollandse Delta;29529.9;22790.6;Hellevoetsluis;Rotterdam-Den Haag;234;468;94;187;Zuid-Holland;Waterschap Hollandse Delta;BU19920901;GM1992;3224.0;3224AD;BU19920901;GM1992;3224.0;3224AD;BU19920901;GM1992;3224.0;3224AD;False;False;False;51.84450071202179;4.173969479085803;WarmteAtlas:AquathermieEffluent;https://www.warmteatlas.nl/geoserver/WarmteAtlas/wfs;2026-06-24T11:35:41;
671;Persleiding;1981;0;Beton met stalen kern;Effluentleiding;3871;3871;37.005287;80.9039;80.9039;Waterschap Hollandse Delta;29529.9;22790.6;Hellevoetsluis;Rotterdam-Den Haag;234;468;94;187;Zuid-Holland;Waterschap Hollandse Delta;BU19920901;GM1992;3224.0;3224AD;BU19920901;GM1992;3224.0;3224AD;BU19920901;GM1992;3224.0;3224AD;False;False;False;51.84434801654393;4.174132107391384;WarmteAtlas:AquathermieEffluent;https://www.warmteatlas.nl/geoserver/WarmteAtlas/wfs;2026-06-24T11:35:41;
672;Persleiding;1981;0;Beton met stalen kern;Effluentleiding;3871;3871;3.450346;80.9039;80.9039;Waterschap Hollandse Delta;29529.9;22790.6;Hellevoetsluis;Rotterdam-Den Haag;234;468;94;187;Zuid-Holland;Waterschap Hollandse Delta;BU19920901;GM1992;3224.0;3224AD;BU19920901;GM1992;3224.0;3224AD;BU19920901;GM1992;3224.0;3224AD;False;False;False;51.8441962552782;4.174293735605207;WarmteAtlas:AquathermieEffluent;https://www.warmteatlas.nl/geoserver/WarmteAtlas/wfs;2026-06-24T11:35:41;
673;Persleiding;1981;0;Beton met stalen kern;Effluentleiding;3871;3871;1.999846;80.9039;80.9039;Waterschap Hollandse Delta;29529.9;22790.6;Hellevoetsluis;Rotterdam-Den Haag;234;468;94;187;Zuid-Holland;Waterschap Hollandse Delta;BU19920901;GM1992;3224.0;3224AD;BU19920901;GM1992;3224.0;3224AD;BU19920901;GM1992;3224.0;3224AD;False;False;False;51.84417581048997;4.174315511428076;WarmteAtlas:AquathermieEffluent;https://www.warmteatlas.nl/geoserver/WarmteAtlas/wfs;2026-06-24T11:35:41;
674;Persleiding;1981;0;Beton met stalen kern;Effluentleiding;3871;3871;5.050166;80.9039;80.9039;Waterschap Hollandse Delta;29529.9;22790.6;Hellevoetsluis;Rotterdam-Den Haag;234;468;94;187;Zuid-Holland;Waterschap Hollandse Delta;BU19920901;GM1992;3224.0;3224AD;BU19920901;GM1992;3224.0;3224AD;BU19920901;GM1992;3224.0;3224AD;False;False;False;51.84414936447483;4.174343679260108;WarmteAtlas:AquathermieEffluent;https://www.warmteatlas.nl/geoserver/WarmteAtlas/wfs;2026-06-24T11:35:41;
675;Persleiding;1981;0;Beton met stalen kern;Effluentleiding;3871;3871;5.299889;80.9039;80.9039;Waterschap Hollandse Delta;29529.9;22790.6;Hellevoetsluis;Rotterdam-Den Haag;234;468;94;187;Zuid-Holland;Waterschap Hollandse Delta;BU19920800;GM1992;3225.0;3225LP;BU19920800;GM1992;3225.0;3225LN;BU19920800;GM1992;3225.0;3225LN;False;False;False;51.8440730266944;4.174424978580439;WarmteAtlas:AquathermieEffluent;https://www.warmteatlas.nl/geoserver/WarmteAtlas/wfs;2026-06-24T11:35:41;
676;Persleiding;1981;0;Beton met stalen kern;Effluentleiding;3871;3871;4.999761;80.9039;80.9039;Waterschap Hollandse Delta;29529.9;22790.6;Hellevoetsluis;Rotterdam-Den Haag;234;468;94;187;Zuid-Holland;Waterschap Hollandse Delta;BU19920901;GM1992;3224.0;3224AD;BU19920901;GM1992;3224.0;3224AD;BU19920901;GM1992;3224.0;3224AD;False;False;False;51.84411166371277;4.174383829439231;WarmteAtlas:AquathermieEffluent;https://www.warmteatlas.nl/geoserver/WarmteAtlas/wfs;2026-06-24T11:35:41;
677;Persleiding;1988;406;Glad Staal;Effluentleiding;1497;1497;9.353272;31.2873;31.2873;Waterschap Hollandse Delta;11419.9;8813.63;Nissewaard;Rotterdam-Den Haag;90;181;36;72;Zuid-Holland;Waterschap Hollandse Delta;BU19302504;GM1930;3218.0;3218LE;BU19302504;GM1930;3218.0;3218LE;BU19302504;GM1930;3218.0;3218LE;False;False;False;51.86607286686101;4.2239711328697975;WarmteAtlas:AquathermieEffluent;https://www.warmteatlas.nl/geoserver/WarmteAtlas/wfs;2026-06-24T11:35:41;
678;Persleiding;1988;406;Glad Staal;Effluentleiding;1497;1497;3.299995;31.2873;31.2873;Waterschap Hollandse Delta;11419.9;8813.63;Nissewaard;Rotterdam-Den Haag;90;181;36;72;Zuid-Holland;Waterschap Hollandse Delta;BU19302504;GM1930;3218.0;3218LE;BU19302504;GM1930;3218.0;3218LE;BU19302504;GM1930;3218.0;3218LE;False;False;False;51.86602606767026;4.224023306497066;WarmteAtlas:AquathermieEffluent;https://www.warmteatlas.nl/geoserver/WarmteAtlas/wfs;2026-06-24T11:35:41;
679;Persleiding;1988;406;Glad Staal;Effluentleiding;1497;1497;1.699851;31.2873;31.2873;Waterschap Hollandse Delta;11419.9;8813.63;Nissewaard;Rotterdam-Den Haag;90;181;36;72;Zuid-Holland;Waterschap Hollandse Delta;BU19302504;GM1930;3218.0;3218LE;BU19302504;GM1930;3218.0;3218LE;BU19302504;GM1930;3218.0;3218LE;False;False;False;51.86600757542134;4.224043922766183;WarmteAtlas:AquathermieEffluent;https://www.warmteatlas.nl/geoserver/WarmteAtlas/wfs;2026-06-24T11:35:41;
680;Persleiding;1988;406;Glad Staal;Effluentleiding;1497;1497;3.899958;31.2873;31.2873;Waterschap Hollandse Delta;11419.9;8813.63;Nissewaard;Rotterdam-Den Haag;90;181;36;72;Zuid-Holland;Waterschap Hollandse Delta;BU19302504;GM1930;3218.0;3218LE;BU19302504;GM1930;3218.0;3218LE;BU19302504;GM1930;3218.0;3218LE;False;False;False;51.86598686398537;4.224067012476679;WarmteAtlas:AquathermieEffluent;https://www.warmteatlas.nl/geoserver/WarmteAtlas/wfs;2026-06-24T11:35:41;
681;Persleiding;1988;406;Glad Staal;Effluentleiding;1497;1497;2.000193;31.2873;31.2873;Waterschap Hollandse Delta;11419.9;8813.63;Nissewaard;Rotterdam-Den Haag;90;181;36;72;Zuid-Holland;Waterschap Hollandse Delta;BU19302504;GM1930;3218.0;3218LE;BU19302504;GM1930;3218.0;3218LE;BU19302504;GM1930;3218.0;3218LE;False;False;False;51.865965042539464;4.224091342534481;WarmteAtlas:AquathermieEffluent;https://www.warmteatlas.nl/geoserver/WarmteAtlas/wfs;2026-06-24T11:35:41;
682;Persleiding;1988;406;Glad Staal;Effluentleiding;1497;1497;2.09979;31.2873;31.2873;Waterschap Hollandse Delta;11419.9;8813.63;Nissewaard;Rotterdam-Den Haag;90;181;36;72;Zuid-Holland;Waterschap Hollandse Delta;BU19302504;GM1930;3218.0;3218LE;BU19302504;GM1930;3218.0;3218LE;BU19302504;GM1930;3218.0;3218LE;False;False;False;51.86594987860532;4.224108248578234;WarmteAtlas:AquathermieEffluent;https://www.warmteatlas.nl/geoserver/WarmteAtlas/wfs;2026-06-24T11:35:41;
683;Persleiding;1988;406;Glad Staal;Effluentleiding;1497;1497;2.300148;31.2873;31.2873;Waterschap Hollandse Delta;11419.9;8813.63;Nissewaard;Rotterdam-Den Haag;90;181;36;72;Zuid-Holland;Waterschap Hollandse Delta;BU19302504;GM1930;3218.0;3218LE;BU19302504;GM1930;3218.0;3218LE;BU19302504;GM1930;3218.0;3218LE;False;False;False;51.86593360369241;4.224126387742581;WarmteAtlas:AquathermieEffluent;https://www.warmteatlas.nl/geoserver/WarmteAtlas/wfs;2026-06-24T11:35:41;
684;Persleiding;1988;406;Glad Staal;Effluentleiding;1497;1497;1.700045;31.2873;31.2873;Waterschap Hollandse Delta;11419.9;8813.63;Nissewaard;Rotterdam-Den Haag;90;181;36;72;Zuid-Holland;Waterschap Hollandse Delta;BU19302504;GM1930;3218.0;3218LE;BU19302504;GM1930;3218.0;3218LE;BU19302504;GM1930;3218.0;3218LE;False;False;False;51.86591880872336;4.224142882027981;WarmteAtlas:AquathermieEffluent;https://www.warmteatlas.nl/geoserver/WarmteAtlas/wfs;2026-06-24T11:35:41;
685;Persleiding;1988;406;Glad Staal;Effluentleiding;1497;1497;23.861299;31.2873;31.2873;Waterschap Hollandse Delta;11419.9;8813.63;Nissewaard;Rotterdam-Den Haag;90;181;36;72;Zuid-Holland;Waterschap Hollandse Delta;BU19302504;GM1930;3218.0;3218LE;BU19302504;GM1930;3218.0;3218LE;BU19302504;GM1930;3218.0;3218LE;False;False;False;51.865819656750546;4.224271534679723;WarmteAtlas:AquathermieEffluent;https://www.warmteatlas.nl/geoserver/WarmteAtlas/wfs;2026-06-24T11:35:41;
686;Persleiding;0;0;Beton;Effluentleiding;11648;11648;161.207936;243.443;243.443;Waterschap Hollandse Delta;88856.7;68577.9;Nissewaard;Rotterdam-Den Haag;704;1409;282;564;Zuid-Holland;Waterschap Hollandse Delta;BU19301707;GM1930;3207.0;3207LD;BU19301707;GM1930;3207.0;3207LD;BU19301707;GM1930;3207.0;3207LD;False;False;False;51.842993477562906;4.365517476985055;WarmteAtlas:AquathermieEffluent;https://www.warmteatlas.nl/geoserver/WarmteAtlas/wfs;2026-06-24T11:35:41;
687;Persleiding;1988;406;Glad Staal;Effluentleiding;1497;1497;1.89982;31.2873;31.2873;Waterschap Hollandse Delta;11419.9;8813.63;Nissewaard;Rotterdam-Den Haag;90;181;36;72;Zuid-Holland;Waterschap Hollandse Delta;BU19302504;GM1930;3218.0;3218LE;BU19302504;GM1930;3218.0;3218LE;BU19302504;GM1930;3218.0;3218LE;False;False;False;51.86590549500381;4.224157727048008;WarmteAtlas:AquathermieEffluent;https://www.warmteatlas.nl/geoserver/WarmteAtlas/wfs;2026-06-24T11:35:41;
688;Persleiding;1988;552;Asbestcement;Effluentleiding;3474;3474;21.167153;72.6066;72.6066;Waterschap Hollandse Delta;26501.4;20453.3;Cromstrijen;Hoeksewaard;210;420;84;168;Zuid-Holland;Waterschap Hollandse Delta;BU19630999;GM1963;3281.0;3281LX;BU19630999;GM1963;3281.0;3281LX;BU19630999;GM1963;3281.0;3281LX;False;False;False;51.719532638130076;4.416095141649644;WarmteAtlas:AquathermieEffluent;https://www.warmteatlas.nl/geoserver/WarmteAtlas/wfs;2026-06-24T11:35:41;
689;Persleiding;1988;500;Glad Staal;Effluentleiding;3474;3474;20.15225;72.6066;72.6066;Waterschap Hollandse Delta;26501.4;20453.3;Cromstrijen;Hoeksewaard;210;420;84;168;Zuid-Holland;Waterschap Hollandse Delta;BU19630999;GM1963;3281.0;3281LX;BU19630999;GM1963;3281.0;3281LX;BU19630999;GM1963;3281.0;3281LX;False;False;False;51.71970097651975;4.41622126395588;WarmteAtlas:AquathermieEffluent;https://www.warmteatlas.nl/geoserver/WarmteAtlas/wfs;2026-06-24T11:35:41;
690;Persleiding;1988;500;Glad Staal;Effluentleiding;3474;3474;6.068144;72.6066;72.6066;Waterschap Hollandse Delta;26501.4;20453.3;Cromstrijen;Hoeksewaard;210;420;84;168;Zuid-Holland;Waterschap Hollandse Delta;BU19630999;GM1963;3281.0;3281LX;BU19630999;GM1963;3281.0;3281LX;BU19630999;GM1963;3281.0;3281LX;False;False;False;51.71980675697888;4.416304838297873;WarmteAtlas:AquathermieEffluent;https://www.warmteatlas.nl/geoserver/WarmteAtlas/wfs;2026-06-24T11:35:41;
691;Persleiding;1988;500;Glad Staal;Effluentleiding;3474;3474;3.598878;72.6066;72.6066;Waterschap Hollandse Delta;26501.4;20453.3;Cromstrijen;Hoeksewaard;210;420;84;168;Zuid-Holland;Waterschap Hollandse Delta;BU19630999;GM1963;3281.0;3281LX;BU19630999;GM1963;3281.0;3281LX;BU19630999;GM1963;3281.0;3281LX;False;False;False;51.71984580787663;4.416335419371848;WarmteAtlas:AquathermieEffluent;https://www.warmteatlas.nl/geoserver/WarmteAtlas/wfs;2026-06-24T11:35:41;
692;Persleiding;1988;552;Asbestcement;Effluentleiding;3474;3474;13.055937;72.6066;72.6066;Waterschap Hollandse Delta;26501.4;20453.3;Cromstrijen;Hoeksewaard;210;420;84;168;Zuid-Holland;Waterschap Hollandse Delta;BU19630999;GM1963;3281.0;3281LX;BU19630999;GM1963;3281.0;3281LX;BU19630999;GM1963;3281.0;3281LX;False;False;False;51.71991699783115;4.416372042860243;WarmteAtlas:AquathermieEffluent;https://www.warmteatlas.nl/geoserver/WarmteAtlas/wfs;2026-06-24T11:35:41;
693;Persleiding;1988;552;Asbestcement;Effluentleiding;3474;3474;4.905027;72.6066;72.6066;Waterschap Hollandse Delta;26501.4;20453.3;Cromstrijen;Hoeksewaard;210;420;84;168;Zuid-Holland;Waterschap Hollandse Delta;BU19630999;GM1963;3281.0;3281LX;BU19630999;GM1963;3281.0;3281LX;BU19630999;GM1963;3281.0;3281LX;False;False;False;51.71999516663126;4.416403595185489;WarmteAtlas:AquathermieEffluent;https://www.warmteatlas.nl/geoserver/WarmteAtlas/wfs;2026-06-24T11:35:41;
694;Persleiding;1988;552;Asbestcement;Effluentleiding;3474;3474;13.998828;72.6066;72.6066;Waterschap Hollandse Delta;26501.4;20453.3;Cromstrijen;Hoeksewaard;210;420;84;168;Zuid-Holland;Waterschap Hollandse Delta;BU19630999;GM1963;3281.0;3281LX;BU19630999;GM1963;3281.0;3281LX;BU19630999;GM1963;3281.0;3281LX;False;False;False;51.72007261327002;4.416456210617141;WarmteAtlas:AquathermieEffluent;https://www.warmteatlas.nl/geoserver/WarmteAtlas/wfs;2026-06-24T11:35:41;
695;Persleiding;1988;552;Asbestcement;Effluentleiding;3474;3474;4.999953;72.6066;72.6066;Waterschap Hollandse Delta;26501.4;20453.3;Cromstrijen;Hoeksewaard;210;420;84;168;Zuid-Holland;Waterschap Hollandse Delta;BU19630999;GM1963;3281.0;3281LX;BU19630999;GM1963;3281.0;3281LX;BU19630999;GM1963;3281.0;3281LX;False;False;False;51.7201481516657;4.416520291888648;WarmteAtlas:AquathermieEffluent;https://www.warmteatlas.nl/geoserver/WarmteAtlas/wfs;2026-06-24T11:35:41;
696;Persleiding;0;552;Asbestcement;Effluentleiding;3474;3474;79.259387;72.6066;72.6066;Waterschap Hollandse Delta;26501.4;20453.3;Cromstrijen;Hoeksewaard;210;420;84;168;Zuid-Holland;Waterschap Hollandse Delta;BU19630999;GM1963;3281.0;3281LX;BU19630999;GM1963;3281.0;3281LX;BU19630999;GM1963;3281.0;3281LX;False;False;False;51.720483624204164;4.416803076573261;WarmteAtlas:AquathermieEffluent;https://www.warmteatlas.nl/geoserver/WarmteAtlas/wfs;2026-06-24T11:35:41;
697;Persleiding;0;600;Glad Staal;Effluentleiding;3474;3474;102.27224;72.6066;72.6066;Waterschap Hollandse Delta;26501.4;20453.3;Cromstrijen;Hoeksewaard;210;420;84;168;Zuid-Holland;Waterschap Hollandse Delta;BU19630999;GM1963;3281.0;3281LX;BU19630999;GM1963;3281.0;3281LX;BU19630999;GM1963;3281.0;3281LX;False;False;False;51.72115080619272;4.417180767823967;WarmteAtlas:AquathermieEffluent;https://www.warmteatlas.nl/geoserver/WarmteAtlas/wfs;2026-06-24T11:35:41;
698;Persleiding;0;552;Asbestcement;Effluentleiding;3474;3474;34.00897;72.6066;72.6066;Waterschap Hollandse Delta;26501.4;20453.3;Cromstrijen;Hoeksewaard;210;420;84;168;Zuid-Holland;Waterschap Hollandse Delta;BU19630999;GM1963;3281.0;3281LX;BU19630999;GM1963;3281.0;3281LX;BU19630999;GM1963;3281.0;3281LX;False;False;False;51.721569456603774;4.417672012238347;WarmteAtlas:AquathermieEffluent;https://www.warmteatlas.nl/geoserver/WarmteAtlas/wfs;2026-06-24T11:35:41;
699;Persleiding;0;552;Asbestcement;Effluentleiding;3474;3474;25.382994;72.6066;72.6066;Waterschap Hollandse Delta;26501.4;20453.3;Cromstrijen;Hoeksewaard;210;420;84;168;Zuid-Holland;Waterschap Hollandse Delta;BU19630999;GM1963;3281.0;3281LX;BU19630999;GM1963;3281.0;3281LX;BU19630999;GM1963;3281.0;3281LX;False;False;False;51.72181196120344;4.4178513728662;WarmteAtlas:AquathermieEffluent;https://www.warmteatlas.nl/geoserver/WarmteAtlas/wfs;2026-06-24T11:35:41;
700;Persleiding;1988;552;Asbestcement;Effluentleiding;3474;3474;23.192636;72.6066;72.6066;Waterschap Hollandse Delta;26501.4;20453.3;Cromstrijen;Hoeksewaard;210;420;84;168;Zuid-Holland;Waterschap Hollandse Delta;BU19630999;GM1963;3281.0;3281LX;BU19630999;GM1963;3281.0;3281LX;BU19630999;GM1963;3281.0;3281LX;False;False;False;51.72200581812353;4.4180060755008945;WarmteAtlas:AquathermieEffluent;https://www.warmteatlas.nl/geoserver/WarmteAtlas/wfs;2026-06-24T11:35:41;
701;Persleiding;1988;552;Asbestcement;Effluentleiding;3474;3474;2.20775;72.6066;72.6066;Waterschap Hollandse Delta;26501.4;20453.3;Cromstrijen;Hoeksewaard;210;420;84;168;Zuid-Holland;Waterschap Hollandse Delta;BU19630999;GM1963;3281.0;3281LX;BU19630999;GM1963;3281.0;3281LX;BU19630999;GM1963;3281.0;3281LX;False;False;False;51.72206916721959;4.418129659481664;WarmteAtlas:AquathermieEffluent;https://www.warmteatlas.nl/geoserver/WarmteAtlas/wfs;2026-06-24T11:35:41;
702;Persleiding;1988;552;Asbestcement;Effluentleiding;3474;3474;2.040338;72.6066;72.6066;Waterschap Hollandse Delta;26501.4;20453.3;Cromstrijen;Hoeksewaard;210;420;84;168;Zuid-Holland;Waterschap Hollandse Delta;BU19630999;GM1963;3281.0;3281LX;BU19630999;GM1963;3281.0;3281LX;BU19630999;GM1963;3281.0;3281LX;False;False;False;51.72206964338145;4.4181603889606915;WarmteAtlas:AquathermieEffluent;https://www.warmteatlas.nl/geoserver/WarmteAtlas/wfs;2026-06-24T11:35:41;
703;Persleiding;1988;552;Asbestcement;Effluentleiding;3474;3474;3.969875;72.6066;72.6066;Waterschap Hollandse Delta;26501.4;20453.3;Cromstrijen;Hoeksewaard;210;420;84;168;Zuid-Holland;Waterschap Hollandse Delta;BU19630999;GM1963;3281.0;3281LX;BU19630999;GM1963;3281.0;3281LX;BU19630999;GM1963;3281.0;3281LX;False;False;False;51.72207031932897;4.418203865070669;WarmteAtlas:AquathermieEffluent;https://www.warmteatlas.nl/geoserver/WarmteAtlas/wfs;2026-06-24T11:35:41;
704;Persleiding;1988;552;Asbestcement;Effluentleiding;3474;3474;1.833048;72.6066;72.6066;Waterschap Hollandse Delta;26501.4;20453.3;Cromstrijen;Hoeksewaard;210;420;84;168;Zuid-Holland;Waterschap Hollandse Delta;BU19630999;GM1963;3281.0;3281LX;BU19630999;GM1963;3281.0;3281LX;BU19630999;GM1963;3281.0;3281LX;False;False;False;51.722075740261495;4.418240916470202;WarmteAtlas:AquathermieEffluent;https://www.warmteatlas.nl/geoserver/WarmteAtlas/wfs;2026-06-24T11:35:41;
705;Persleiding;0;0;Beton;Effluentleiding;3474;3474;114.566634;72.6066;72.6066;Waterschap Hollandse Delta;26501.4;20453.3;Cromstrijen;Hoeksewaard;210;420;84;168;Zuid-Holland;Waterschap Hollandse Delta;BU19630999;GM1963;3281.0;3281LX;BU19630999;GM1963;3281.0;3281LX;BU19630999;GM1963;3281.0;3281LX;False;False;False;51.72254476627796;4.418613332670731;WarmteAtlas:AquathermieEffluent;https://www.warmteatlas.nl/geoserver/WarmteAtlas/wfs;2026-06-24T11:35:41;
706;Persleiding;2010;560;PE;Effluentleiding;3474;3474;94.063936;72.6066;72.6066;Waterschap Hollandse Delta;26501.4;20453.3;Cromstrijen;Hoeksewaard;210;420;84;168;Zuid-Holland;Waterschap Hollandse Delta;BU19630999;GM1963;3281.0;3281LX;BU19630999;GM1963;3281.0;3281LX;BU19630999;GM1963;3281.0;3281LX;False;False;False;51.72338999419232;4.419087056024935;WarmteAtlas:AquathermieEffluent;https://www.warmteatlas.nl/geoserver/WarmteAtlas/wfs;2026-06-24T11:35:41;
707;Persleiding;2010;560;PE;Effluentleiding;3474;3474;328.33234;72.6066;72.6066;Waterschap Hollandse Delta;26501.4;20453.3;Cromstrijen;Hoeksewaard;210;420;84;168;Zuid-Holland;Waterschap Hollandse Delta;BU19630999;GM1963;3281.0;3281LT;BU19630999;GM1963;3281.0;3281LT;BU19630999;GM1963;3281.0;3281LT;False;False;False;51.72505239409031;4.421145862124285;WarmteAtlas:AquathermieEffluent;https://www.warmteatlas.nl/geoserver/WarmteAtlas/wfs;2026-06-24T11:35:41;
708;Persleiding;2010;560;PE;Effluentleiding;3474;3474;26.852043;72.6066;72.6066;Waterschap Hollandse Delta;26501.4;20453.3;Cromstrijen;Hoeksewaard;210;420;84;168;Zuid-Holland;Waterschap Hollandse Delta;BU19630999;GM1963;3281.0;3281LX;BU19630999;GM1963;3281.0;3281LX;BU19630999;GM1963;3281.0;3281LX;False;False;False;51.72382650182771;4.41955680398703;WarmteAtlas:AquathermieEffluent;https://www.warmteatlas.nl/geoserver/WarmteAtlas/wfs;2026-06-24T11:35:41;
709;Persleiding;1956;500;Glad Staal;Effluentleiding;3474;3474;189.01527;72.6066;72.6066;Waterschap Hollandse Delta;26501.4;20453.3;Cromstrijen;Hoeksewaard;210;420;84;168;Zuid-Holland;Waterschap Hollandse Delta;BU19639997;GM1963;n.a.;n.a.;BU19639997;GM1963;n.a.;n.a.;BU19639997;GM1963;n.a.;n.a.;False;False;False;51.71865814749343;4.41503073393714;WarmteAtlas:AquathermieEffluent;https://www.warmteatlas.nl/geoserver/WarmteAtlas/wfs;2026-06-24T11:35:41;
710;Persleiding;1956;500;Glad Staal;Effluentleiding;3474;3474;17.517555;72.6066;72.6066;Waterschap Hollandse Delta;26501.4;20453.3;Cromstrijen;Hoeksewaard;210;420;84;168;Zuid-Holland;Waterschap Hollandse Delta;BU19639997;GM1963;n.a.;n.a.;BU19639997;GM1963;n.a.;n.a.;BU19639997;GM1963;n.a.;n.a.;False;False;False;51.71937617978141;4.415973476352543;WarmteAtlas:AquathermieEffluent;https://www.warmteatlas.nl/geoserver/WarmteAtlas/wfs;2026-06-24T11:35:41;
711;Persleiding;0;813;Glad Staal;Effluentleiding;13200;13200;33.134769;275.88;275.88;Waterschap Hollandse Delta;100696.0;77715.4;Barendrecht;Rotterdam-Den Haag;798;1596;319;639;Zuid-Holland;Waterschap Hollandse Delta;BU04893161;GM0489;2992.0;2992SB;BU04893161;GM0489;2992.0;2992SB;BU04893161;GM0489;2992.0;2992SB;False;False;False;51.83284838720127;4.519306414490021;WarmteAtlas:AquathermieEffluent;https://www.warmteatlas.nl/geoserver/WarmteAtlas/wfs;2026-06-24T11:35:41;
712;Persleiding;0;813;Glad Staal;Effluentleiding;13200;13200;9.19179;275.88;275.88;Waterschap Hollandse Delta;100696.0;77715.4;Barendrecht;Rotterdam-Den Haag;798;1596;319;639;Zuid-Holland;Waterschap Hollandse Delta;BU04893161;GM0489;2992.0;2992SB;BU04893161;GM0489;2992.0;2992SB;BU04893161;GM0489;2992.0;2992SB;False;False;False;51.833037602605685;4.519335401185552;WarmteAtlas:AquathermieEffluent;https://www.warmteatlas.nl/geoserver/WarmteAtlas/wfs;2026-06-24T11:35:41;
713;Persleiding;0;813;Glad Staal;Effluentleiding;13200;13200;2.744679;275.88;275.88;Waterschap Hollandse Delta;100696.0;77715.4;Barendrecht;Rotterdam-Den Haag;798;1596;319;639;Zuid-Holland;Waterschap Hollandse Delta;BU04893161;GM0489;2992.0;2992SB;BU04893161;GM0489;2992.0;2992SB;BU04893161;GM0489;2992.0;2992SB;False;False;False;51.83309046488928;4.519350123443894;WarmteAtlas:AquathermieEffluent;https://www.warmteatlas.nl/geoserver/WarmteAtlas/wfs;2026-06-24T11:35:41;
714;Persleiding;0;813;Glad Staal;Effluentleiding;13200;13200;9.899669;275.88;275.88;Waterschap Hollandse Delta;100696.0;77715.4;Barendrecht;Rotterdam-Den Haag;798;1596;319;639;Zuid-Holland;Waterschap Hollandse Delta;BU04893161;GM0489;2992.0;2992SB;BU04893161;GM0489;2992.0;2992SB;BU04893161;GM0489;2992.0;2992SB;False;False;False;51.83314699709161;4.519358617545027;WarmteAtlas:AquathermieEffluent;https://www.warmteatlas.nl/geoserver/WarmteAtlas/wfs;2026-06-24T11:35:41;
715;Persleiding;0;813;Glad Staal;Effluentleiding;13200;13200;3.906139;275.88;275.88;Waterschap Hollandse Delta;100696.0;77715.4;Barendrecht;Rotterdam-Den Haag;798;1596;319;639;Zuid-Holland;Waterschap Hollandse Delta;BU04893161;GM0489;2992.0;2992SB;BU04893161;GM0489;2992.0;2992SB;BU04893161;GM0489;2992.0;2992SB;False;False;False;51.83320891064955;4.519365013061686;WarmteAtlas:AquathermieEffluent;https://www.warmteatlas.nl/geoserver/WarmteAtlas/wfs;2026-06-24T11:35:41;
716;Persleiding;0;813;Glad Staal;Effluentleiding;13200;13200;2.131101;275.88;275.88;Waterschap Hollandse Delta;100696.0;77715.4;Barendrecht;Rotterdam-Den Haag;798;1596;319;639;Zuid-Holland;Waterschap Hollandse Delta;BU04893161;GM0489;2992.0;2992SB;BU04893161;GM0489;2992.0;2992SB;BU04893161;GM0489;2992.0;2992SB;False;False;False;51.833236023746025;4.519366133938477;WarmteAtlas:AquathermieEffluent;https://www.warmteatlas.nl/geoserver/WarmteAtlas/wfs;2026-06-24T11:35:41;
717;Persleiding;2000;800;Gietijzer;Effluentleiding;13200;13200;526.431899;275.88;275.88;Waterschap Hollandse Delta;100696.0;77715.4;Barendrecht;Rotterdam-Den Haag;798;1596;319;639;Zuid-Holland;Waterschap Hollandse Delta;BU04893161;GM0489;2992.0;2992SB;BU04893161;GM0489;2992.0;2992SB;BU04893161;GM0489;2992.0;2992SB;False;False;False;51.83550140064973;4.518668845109794;WarmteAtlas:AquathermieEffluent;https://www.warmteatlas.nl/geoserver/WarmteAtlas/wfs;2026-06-24T11:35:41;
718;Persleiding;2000;800;Glad Staal;Effluentleiding;13200;13200;8.002175;275.88;275.88;Waterschap Hollandse Delta;100696.0;77715.4;Barendrecht;Rotterdam-Den Haag;798;1596;319;639;Zuid-Holland;Waterschap Hollandse Delta;BU04893161;GM0489;2992.0;2992SB;BU04893161;GM0489;2992.0;2992SB;BU04893161;GM0489;2992.0;2992SB;False;False;False;51.83781925400852;4.518042832959523;WarmteAtlas:AquathermieEffluent;https://www.warmteatlas.nl/geoserver/WarmteAtlas/wfs;2026-06-24T11:35:41;
719;Persleiding;2000;800;Glad Staal;Effluentleiding;13200;13200;26.299674;275.88;275.88;Waterschap Hollandse Delta;100696.0;77715.4;Barendrecht;Rotterdam-Den Haag;798;1596;319;639;Zuid-Holland;Waterschap Hollandse Delta;BU04893161;GM0489;2992.0;2992SB;BU04893161;GM0489;2992.0;2992SB;BU04893161;GM0489;2992.0;2992SB;False;False;False;51.83796940656702;4.518099089896871;WarmteAtlas:AquathermieEffluent;https://www.warmteatlas.nl/geoserver/WarmteAtlas/wfs;2026-06-24T11:35:41;
720;Persleiding;2000;800;Glad Staal;Effluentleiding;13200;13200;11.028563;275.88;275.88;Waterschap Hollandse Delta;100696.0;77715.4;Barendrecht;Rotterdam-Den Haag;798;1596;319;639;Zuid-Holland;Waterschap Hollandse Delta;BU04893161;GM0489;2992.0;2992SB;BU04893161;GM0489;2992.0;2992SB;BU04893161;GM0489;2992.0;2992SB;False;False;False;51.838133777149935;4.51815177062783;WarmteAtlas:AquathermieEffluent;https://www.warmteatlas.nl/geoserver/WarmteAtlas/wfs;2026-06-24T11:35:41;
721;Persleiding;2000;800;Glad Staal;Effluentleiding;13200;13200;26.594934;275.88;275.88;Waterschap Hollandse Delta;100696.0;77715.4;Barendrecht;Rotterdam-Den Haag;798;1596;319;639;Zuid-Holland;Waterschap Hollandse Delta;BU04893161;GM0489;2992.0;2992SB;BU04893161;GM0489;2992.0;2992SB;BU04893161;GM0489;2992.0;2992SB;False;False;False;51.838301618113476;4.51818478540969;WarmteAtlas:AquathermieEffluent;https://www.warmteatlas.nl/geoserver/WarmteAtlas/wfs;2026-06-24T11:35:41;
722;Persleiding;2000;800;Glad Staal;Effluentleiding;13200;13200;2.513748;275.88;275.88;Waterschap Hollandse Delta;100696.0;77715.4;Barendrecht;Rotterdam-Den Haag;798;1596;319;639;Zuid-Holland;Waterschap Hollandse Delta;BU04893161;GM0489;2992.0;2992SB;BU04893161;GM0489;2992.0;2992SB;BU04893161;GM0489;2992.0;2992SB;False;False;False;51.8384314749123;4.518210318892799;WarmteAtlas:AquathermieEffluent;https://www.warmteatlas.nl/geoserver/WarmteAtlas/wfs;2026-06-24T11:35:41;
723;Persleiding;2000;800;Glad Staal;Effluentleiding;13200;13200;2.399816;275.88;275.88;Waterschap Hollandse Delta;100696.0;77715.4;Barendrecht;Rotterdam-Den Haag;798;1596;319;639;Zuid-Holland;Waterschap Hollandse Delta;BU04893161;GM0489;2992.0;2992SB;BU04893161;GM0489;2992.0;2992SB;BU04893161;GM0489;2992.0;2992SB;False;False;False;51.83845339495615;4.5182146271811146;WarmteAtlas:AquathermieEffluent;https://www.warmteatlas.nl/geoserver/WarmteAtlas/wfs;2026-06-24T11:35:41;
724;Persleiding;2000;800;Glad Staal;Effluentleiding;13200;13200;50.573122;275.88;275.88;Waterschap Hollandse Delta;100696.0;77715.4;Barendrecht;Rotterdam-Den Haag;798;1596;319;639;Zuid-Holland;Waterschap Hollandse Delta;BU04893161;GM0489;2992.0;2992SC;BU04893161;GM0489;2992.0;2992SC;BU04893161;GM0489;2992.0;2992SC;False;False;False;51.838829903392195;4.517628258300179;WarmteAtlas:AquathermieEffluent;https://www.warmteatlas.nl/geoserver/WarmteAtlas/wfs;2026-06-24T11:35:41;
725;Persleiding;2000;800;Glad Staal;Effluentleiding;13200;13200;43.990475;275.88;275.88;Waterschap Hollandse Delta;100696.0;77715.4;Barendrecht;Rotterdam-Den Haag;798;1596;319;639;Zuid-Holland;Waterschap Hollandse Delta;BU04893161;GM0489;2992.0;2992SC;BU04893161;GM0489;2992.0;2992SC;BU04893161;GM0489;2992.0;2992SC;False;False;False;51.83863695625663;4.518173663320228;WarmteAtlas:AquathermieEffluent;https://www.warmteatlas.nl/geoserver/WarmteAtlas/wfs;2026-06-24T11:35:41;
726;Persleiding;1974;0;Gewapend beton;Effluentleiding;28800;28800;185.371486;601.92;601.92;Waterschap Hollandse Delta;219701.0;169561.0;Ridderkerk;Rotterdam-Den Haag;1742;3483;697;1393;Zuid-Holland;Waterschap Hollandse Delta;BU05971000;GM0597;2984.0;2984BR;BU05971000;GM0597;2984.0;2984BR;BU05971000;GM0597;2984.0;2984BR;False;False;False;51.873815533681984;4.626957843219168;WarmteAtlas:AquathermieEffluent;https://www.warmteatlas.nl/geoserver/WarmteAtlas/wfs;2026-06-24T11:35:41;
727;Persleiding;1974;0;Gewapend beton;Effluentleiding;28800;28800;54.710078;601.92;601.92;Waterschap Hollandse Delta;219701.0;169561.0;Ridderkerk;Rotterdam-Den Haag;1742;3483;697;1393;Zuid-Holland;Waterschap Hollandse Delta;BU05971000;GM0597;2984.0;2984BP;BU05971000;GM0597;2984.0;2984BP;BU05971000;GM0597;2984.0;2984BP;False;False;False;51.87308713424789;4.624113015144889;WarmteAtlas:AquathermieEffluent;https://www.warmteatlas.nl/geoserver/WarmteAtlas/wfs;2026-06-24T11:35:41;
728;Persleiding;1974;1320;Glad Staal;Effluentleiding;28800;28800;92.725487;601.92;601.92;Waterschap Hollandse Delta;219701.0;169561.0;Ridderkerk;Rotterdam-Den Haag;1742;3483;697;1393;Zuid-Holland;Waterschap Hollandse Delta;BU05971000;GM0597;2984.0;2984BR;BU05971000;GM0597;2984.0;2984BR;BU05971000;GM0597;2984.0;2984BR;False;False;False;51.873304197351366;4.6251160033597065;WarmteAtlas:AquathermieEffluent;https://www.warmteatlas.nl/geoserver/WarmteAtlas/wfs;2026-06-24T11:35:41;
729;Persleiding;1983;273;Glad Staal;Effluentleiding;571;571;12.328556;11.9339;11.9339;Waterschap Hollandse Delta;4355.87;3361.78;Goeree-Overflakkee;Goeree-Overflakkee;34;69;14;28;Zuid-Holland;Waterschap Hollandse Delta;BU19240403;GM1924;3257.0;3257LW;BU19240403;GM1924;3257.0;3257LW;BU19240403;GM1924;3257.0;3257LW;False;False;False;51.671987055084976;4.357932580266975;WarmteAtlas:AquathermieEffluent;https://www.warmteatlas.nl/geoserver/WarmteAtlas/wfs;2026-06-24T11:35:41;
730;Persleiding;1983;273;Glad Staal;Effluentleiding;571;571;14.783125;11.9339;11.9339;Waterschap Hollandse Delta;4355.87;3361.78;Goeree-Overflakkee;Goeree-Overflakkee;34;69;14;28;Zuid-Holland;Waterschap Hollandse Delta;BU19240403;GM1924;3257.0;3257LW;BU19240403;GM1924;3257.0;3257LW;BU19240403;GM1924;3257.0;3257LW;False;False;False;51.672057452328815;4.357772637610263;WarmteAtlas:AquathermieEffluent;https://www.warmteatlas.nl/geoserver/WarmteAtlas/wfs;2026-06-24T11:35:41;
731;Persleiding;1983;273;Glad Staal;Effluentleiding;571;571;6.67366;11.9339;11.9339;Waterschap Hollandse Delta;4355.87;3361.78;Goeree-Overflakkee;Goeree-Overflakkee;34;69;14;28;Zuid-Holland;Waterschap Hollandse Delta;BU19240403;GM1924;3257.0;3257LW;BU19240403;GM1924;3257.0;3257LW;BU19240403;GM1924;3257.0;3257LW;False;False;False;51.67211359088523;4.357646541790957;WarmteAtlas:AquathermieEffluent;https://www.warmteatlas.nl/geoserver/WarmteAtlas/wfs;2026-06-24T11:35:41;
732;Persleiding;1980;419;Glad Staal;Effluentleiding;1864;1864;21.792601;38.9576;38.9576;Waterschap Hollandse Delta;14219.5;10974.4;Goeree-Overflakkee;Goeree-Overflakkee;113;226;45;90;Zuid-Holland;Waterschap Hollandse Delta;BU19240606;GM1924;3255.0;3255LV;BU19240606;GM1924;3255.0;3255LV;BU19240606;GM1924;3255.0;3255LV;False;False;False;51.68295583738729;4.180296095828902;WarmteAtlas:AquathermieEffluent;https://www.warmteatlas.nl/geoserver/WarmteAtlas/wfs;2026-06-24T11:35:41;
733;Persleiding;1983;273;Glad Staal;Effluentleiding;571;571;7.55667;11.9339;11.9339;Waterschap Hollandse Delta;4355.87;3361.78;Goeree-Overflakkee;Goeree-Overflakkee;34;69;14;28;Zuid-Holland;Waterschap Hollandse Delta;BU19240403;GM1924;3257.0;3257LW;BU19240403;GM1924;3257.0;3257LW;BU19240403;GM1924;3257.0;3257LW;False;False;False;51.67215101405012;4.357563134640662;WarmteAtlas:AquathermieEffluent;https://www.warmteatlas.nl/geoserver/WarmteAtlas/wfs;2026-06-24T11:35:41;
734;Persleiding;1983;273;Glad Staal;Effluentleiding;571;571;2.687948;11.9339;11.9339;Waterschap Hollandse Delta;4355.87;3361.78;Goeree-Overflakkee;Goeree-Overflakkee;34;69;14;28;Zuid-Holland;Waterschap Hollandse Delta;BU19240403;GM1924;3257.0;3257LW;BU19240403;GM1924;3257.0;3257LW;BU19240403;GM1924;3257.0;3257LW;False;False;False;51.67217804081549;4.357503189646407;WarmteAtlas:AquathermieEffluent;https://www.warmteatlas.nl/geoserver/WarmteAtlas/wfs;2026-06-24T11:35:41;
735;Persleiding;1980;419;Glad Staal;Effluentleiding;1864;1864;25.461738;38.9576;38.9576;Waterschap Hollandse Delta;14219.5;10974.4;Goeree-Overflakkee;Goeree-Overflakkee;113;226;45;90;Zuid-Holland;Waterschap Hollandse Delta;BU19240606;GM1924;3255.0;3255LV;BU19240606;GM1924;3255.0;3255LV;BU19240606;GM1924;3255.0;3255LV;False;False;False;51.68316799621733;4.180311057266001;WarmteAtlas:AquathermieEffluent;https://www.warmteatlas.nl/geoserver/WarmteAtlas/wfs;2026-06-24T11:35:41;
736;Persleiding;1980;419;Glad Staal;Effluentleiding;1864;1864;10.525632;38.9576;38.9576;Waterschap Hollandse Delta;14219.5;10974.4;Goeree-Overflakkee;Goeree-Overflakkee;113;226;45;90;Zuid-Holland;Waterschap Hollandse Delta;BU19240606;GM1924;3255.0;3255LV;BU19240606;GM1924;3255.0;3255LV;BU19240606;GM1924;3255.0;3255LV;False;False;False;51.6833295537873;4.180322976425279;WarmteAtlas:AquathermieEffluent;https://www.warmteatlas.nl/geoserver/WarmteAtlas/wfs;2026-06-24T11:35:41;
737;Persleiding;1983;273;Glad Staal;Effluentleiding;571;571;7.855702;11.9339;11.9339;Waterschap Hollandse Delta;4355.87;3361.78;Goeree-Overflakkee;Goeree-Overflakkee;34;69;14;28;Zuid-Holland;Waterschap Hollandse Delta;BU19240403;GM1924;3257.0;3257LW;BU19240403;GM1924;3257.0;3257LW;BU19240403;GM1924;3257.0;3257LW;False;False;False;51.67220778846027;4.357443897598439;WarmteAtlas:AquathermieEffluent;https://www.warmteatlas.nl/geoserver/WarmteAtlas/wfs;2026-06-24T11:35:41;
738;Persleiding;1980;419;Glad Staal;Effluentleiding;1864;1864;7.739879;38.9576;38.9576;Waterschap Hollandse Delta;14219.5;10974.4;Goeree-Overflakkee;Goeree-Overflakkee;113;226;45;90;Zuid-Holland;Waterschap Hollandse Delta;BU19240606;GM1924;3255.0;3255LV;BU19240606;GM1924;3255.0;3255LV;BU19240606;GM1924;3255.0;3255LV;False;False;False;51.683411554673135;4.180322889009642;WarmteAtlas:AquathermieEffluent;https://www.warmteatlas.nl/geoserver/WarmteAtlas/wfs;2026-06-24T11:35:41;
739;Persleiding;1983;273;Glad Staal;Effluentleiding;571;571;9.983682;11.9339;11.9339;Waterschap Hollandse Delta;4355.87;3361.78;Goeree-Overflakkee;Goeree-Overflakkee;34;69;14;28;Zuid-Holland;Waterschap Hollandse Delta;BU19240403;GM1924;3257.0;3257LW;BU19240403;GM1924;3257.0;3257LW;BU19240403;GM1924;3257.0;3257LW;False;False;False;51.672256568595486;4.357341662617205;WarmteAtlas:AquathermieEffluent;https://www.warmteatlas.nl/geoserver/WarmteAtlas/wfs;2026-06-24T11:35:41;
740;Persleiding;1980;559;Glad Staal;Effluentleiding;1864;1864;5.000314;38.9576;38.9576;Waterschap Hollandse Delta;14219.5;10974.4;Goeree-Overflakkee;Goeree-Overflakkee;113;226;45;90;Zuid-Holland;Waterschap Hollandse Delta;BU19240606;GM1924;3255.0;3255LV;BU19240606;GM1924;3255.0;3255LV;BU19240606;GM1924;3255.0;3255LV;False;False;False;51.68346870042211;4.1803224941953845;WarmteAtlas:AquathermieEffluent;https://www.warmteatlas.nl/geoserver/WarmteAtlas/wfs;2026-06-24T11:35:41;
741;Persleiding;1983;273;Glad Staal;Effluentleiding;571;571;2.98612;11.9339;11.9339;Waterschap Hollandse Delta;4355.87;3361.78;Goeree-Overflakkee;Goeree-Overflakkee;34;69;14;28;Zuid-Holland;Waterschap Hollandse Delta;BU19240403;GM1924;3257.0;3257LW;BU19240403;GM1924;3257.0;3257LW;BU19240403;GM1924;3257.0;3257LW;False;False;False;51.672290278060935;4.357265195880049;WarmteAtlas:AquathermieEffluent;https://www.warmteatlas.nl/geoserver/WarmteAtlas/wfs;2026-06-24T11:35:41;
742;Persleiding;1980;419;Glad Staal;Effluentleiding;1864;1864;8.90002;38.9576;38.9576;Waterschap Hollandse Delta;14219.5;10974.4;Goeree-Overflakkee;Goeree-Overflakkee;113;226;45;90;Zuid-Holland;Waterschap Hollandse Delta;BU19240606;GM1924;3255.0;3255LV;BU19240606;GM1924;3255.0;3255LV;BU19240606;GM1924;3255.0;3255LV;False;False;False;51.68353100553299;4.1803297672967235;WarmteAtlas:AquathermieEffluent;https://www.warmteatlas.nl/geoserver/WarmteAtlas/wfs;2026-06-24T11:35:41;
743;Persleiding;1983;273;Glad Staal;Effluentleiding;571;571;3.645259;11.9339;11.9339;Waterschap Hollandse Delta;4355.87;3361.78;Goeree-Overflakkee;Goeree-Overflakkee;34;69;14;28;Zuid-Holland;Waterschap Hollandse Delta;BU19240403;GM1924;3257.0;3257LW;BU19240403;GM1924;3257.0;3257LW;BU19240403;GM1924;3257.0;3257LW;False;False;False;51.67230688732061;4.357225398339087;WarmteAtlas:AquathermieEffluent;https://www.warmteatlas.nl/geoserver/WarmteAtlas/wfs;2026-06-24T11:35:41;
744;Persleiding;1980;419;Glad Staal;Effluentleiding;1864;1864;13.044302;38.9576;38.9576;Waterschap Hollandse Delta;14219.5;10974.4;Goeree-Overflakkee;Goeree-Overflakkee;113;226;45;90;Zuid-Holland;Waterschap Hollandse Delta;BU19240606;GM1924;3255.0;3255LV;BU19240606;GM1924;3255.0;3255LV;BU19240606;GM1924;3255.0;3255LV;False;False;False;51.68362935804461;4.180341420175347;WarmteAtlas:AquathermieEffluent;https://www.warmteatlas.nl/geoserver/WarmteAtlas/wfs;2026-06-24T11:35:41;
745;Persleiding;1981;616;Beton met stalen kern;Effluentleiding;4749;4749;1.999884;99.2541;99.2541;Waterschap Hollandse Delta;36227.7;27959.9;Goeree-Overflakkee;Goeree-Overflakkee;287;574;115;230;Zuid-Holland;Waterschap Hollandse Delta;BU19240307;GM1924;3241.0;3241LP;BU19240307;GM1924;3241.0;3241LP;BU19240307;GM1924;3241.0;3241LP;False;False;False;51.77431163815796;4.187292218597916;WarmteAtlas:AquathermieEffluent;https://www.warmteatlas.nl/geoserver/WarmteAtlas/wfs;2026-06-24T11:35:41;
746;Persleiding;1983;273;Glad Staal;Effluentleiding;571;571;13.334012;11.9339;11.9339;Waterschap Hollandse Delta;4355.87;3361.78;Goeree-Overflakkee;Goeree-Overflakkee;34;69;14;28;Zuid-Holland;Waterschap Hollandse Delta;BU19240403;GM1924;3257.0;3257LW;BU19240403;GM1924;3257.0;3257LW;BU19240403;GM1924;3257.0;3257LW;False;False;False;51.6723508022578;4.357125043202782;WarmteAtlas:AquathermieEffluent;https://www.warmteatlas.nl/geoserver/WarmteAtlas/wfs;2026-06-24T11:35:41;
747;Persleiding;1980;419;Glad Staal;Effluentleiding;1864;1864;3.156024;38.9576;38.9576;Waterschap Hollandse Delta;14219.5;10974.4;Goeree-Overflakkee;Goeree-Overflakkee;113;226;45;90;Zuid-Holland;Waterschap Hollandse Delta;BU19240606;GM1924;3255.0;3255LN;BU19240606;GM1924;3255.0;3255LN;BU19240606;GM1924;3255.0;3255LN;False;False;False;51.68370193882889;4.1803505972228425;WarmteAtlas:AquathermieEffluent;https://www.warmteatlas.nl/geoserver/WarmteAtlas/wfs;2026-06-24T11:35:41;
748;Persleiding;1977;652;Asbestcement;Effluentleiding;2997;2997;27.442523;62.6373;62.6373;Waterschap Hollandse Delta;22862.6;17644.9;Goeree-Overflakkee;Goeree-Overflakkee;181;362;72;145;Zuid-Holland;Waterschap Hollandse Delta;BU19240003;GM1924;3252.0;3252LV;BU19240003;GM1924;3252.0;3252LV;BU19240003;GM1924;3252.0;3252LV;False;False;False;51.8234425903304;3.9971823091929366;WarmteAtlas:AquathermieEffluent;https://www.warmteatlas.nl/geoserver/WarmteAtlas/wfs;2026-06-24T11:35:41;
749;Persleiding;1983;273;Glad Staal;Effluentleiding;571;571;5.6962;11.9339;11.9339;Waterschap Hollandse Delta;4355.87;3361.78;Goeree-Overflakkee;Goeree-Overflakkee;34;69;14;28;Zuid-Holland;Waterschap Hollandse Delta;BU19240403;GM1924;3257.0;3257LW;BU19240403;GM1924;3257.0;3257LW;BU19240403;GM1924;3257.0;3257LW;False;False;False;51.67240121517387;4.357013987760668;WarmteAtlas:AquathermieEffluent;https://www.warmteatlas.nl/geoserver/WarmteAtlas/wfs;2026-06-24T11:35:41;
750;Persleiding;1989;250;PE;Effluentleiding;494;494;124.352582;10.3246;10.3246;Waterschap Hollandse Delta;3768.48;2908.44;Goeree-Overflakkee;Goeree-Overflakkee;30;60;12;24;Zuid-Holland;Waterschap Hollandse Delta;BU19240502;GM1924;3258.0;3258LZ;BU19240502;GM1924;3258.0;3258LZ;BU19240502;GM1924;3258.0;3258LZ;False;False;False;51.72396374080936;4.266008194785792;WarmteAtlas:AquathermieEffluent;https://www.warmteatlas.nl/geoserver/WarmteAtlas/wfs;2026-06-24T11:35:41;
751;Persleiding;1983;250;PVC;Effluentleiding;571;571;13.169481;11.9339;11.9339;Waterschap Hollandse Delta;4355.87;3361.78;Goeree-Overflakkee;Goeree-Overflakkee;34;69;14;28;Zuid-Holland;Waterschap Hollandse Delta;BU19240403;GM1924;3257.0;3257LW;BU19240403;GM1924;3257.0;3257LW;BU19240403;GM1924;3257.0;3257LW;False;False;False;51.672894297144005;4.356831267433182;WarmteAtlas:AquathermieEffluent;https://www.warmteatlas.nl/geoserver/WarmteAtlas/wfs;2026-06-24T11:35:41;
752;Persleiding;1980;419;Glad Staal;Effluentleiding;1864;1864;22.906391;38.9576;38.9576;Waterschap Hollandse Delta;14219.5;10974.4;Goeree-Overflakkee;Goeree-Overflakkee;113;226;45;90;Zuid-Holland;Waterschap Hollandse Delta;BU19240606;GM1924;3255.0;3255LN;BU19240606;GM1924;3255.0;3255LN;BU19240606;GM1924;3255.0;3255LN;False;False;False;51.68385728707279;4.180353529038288;WarmteAtlas:AquathermieEffluent;https://www.warmteatlas.nl/geoserver/WarmteAtlas/wfs;2026-06-24T11:35:41;
753;Persleiding;1977;652;Asbestcement;Effluentleiding;2997;2997;23.878407;62.6373;62.6373;Waterschap Hollandse Delta;22862.6;17644.9;Goeree-Overflakkee;Goeree-Overflakkee;181;362;72;145;Zuid-Holland;Waterschap Hollandse Delta;BU19240003;GM1924;3252.0;3252LV;BU19240003;GM1924;3252.0;3252LV;BU19240003;GM1924;3252.0;3252LV;False;False;False;51.82368422460531;3.9968911581897073;WarmteAtlas:AquathermieEffluent;https://www.warmteatlas.nl/geoserver/WarmteAtlas/wfs;2026-06-24T11:35:41;
754;Persleiding;1980;419;Glad Staal;Effluentleiding;1864;1864;4.400433;38.9576;38.9576;Waterschap Hollandse Delta;14219.5;10974.4;Goeree-Overflakkee;Goeree-Overflakkee;113;226;45;90;Zuid-Holland;Waterschap Hollandse Delta;BU19240606;GM1924;3255.0;3255LN;BU19240606;GM1924;3255.0;3255LN;BU19240606;GM1924;3255.0;3255LN;False;False;False;51.68373581669791;4.180354274277799;WarmteAtlas:AquathermieEffluent;https://www.warmteatlas.nl/geoserver/WarmteAtlas/wfs;2026-06-24T11:35:41;
755;Persleiding;1983;250;PVC;Effluentleiding;571;571;55.555859;11.9339;11.9339;Waterschap Hollandse Delta;4355.87;3361.78;Goeree-Overflakkee;Goeree-Overflakkee;34;69;14;28;Zuid-Holland;Waterschap Hollandse Delta;BU19240403;GM1924;3257.0;3257LW;BU19240403;GM1924;3257.0;3257LW;BU19240403;GM1924;3257.0;3257LW;False;False;False;51.67263957703535;4.356811630284217;WarmteAtlas:AquathermieEffluent;https://www.warmteatlas.nl/geoserver/WarmteAtlas/wfs;2026-06-24T11:35:41;
756;Persleiding;1977;652;Asbestcement;Effluentleiding;2997;2997;7.902;62.6373;62.6373;Waterschap Hollandse Delta;22862.6;17644.9;Goeree-Overflakkee;Goeree-Overflakkee;181;362;72;145;Zuid-Holland;Waterschap Hollandse Delta;BU19240003;GM1924;3252.0;3252LV;BU19240003;GM1924;3252.0;3252LV;BU19240003;GM1924;3252.0;3252LV;False;False;False;51.82357158055869;3.9970328425550132;WarmteAtlas:AquathermieEffluent;https://www.warmteatlas.nl/geoserver/WarmteAtlas/wfs;2026-06-24T11:35:41;
757;Persleiding;1983;250;PE;Effluentleiding;571;571;152.574489;11.9339;11.9339;Waterschap Hollandse Delta;4355.87;3361.78;Goeree-Overflakkee;Goeree-Overflakkee;34;69;14;28;Zuid-Holland;Waterschap Hollandse Delta;BU19249997;GM1924;n.a.;n.a.;BU19249997;GM1924;n.a.;n.a.;BU19249997;GM1924;n.a.;n.a.;False;False;False;51.67154638667838;4.35888912783573;WarmteAtlas:AquathermieEffluent;https://www.warmteatlas.nl/geoserver/WarmteAtlas/wfs;2026-06-24T11:35:41;
758;Persleiding;1980;419;Glad Staal;Effluentleiding;1864;1864;26.058347;38.9576;38.9576;Waterschap Hollandse Delta;14219.5;10974.4;Goeree-Overflakkee;Goeree-Overflakkee;113;226;45;90;Zuid-Holland;Waterschap Hollandse Delta;BU19249997;GM1924;n.a.;n.a.;BU19249997;GM1924;n.a.;n.a.;BU19249997;GM1924;n.a.;n.a.;False;False;False;51.682629142208576;4.180254929088437;WarmteAtlas:AquathermieEffluent;https://www.warmteatlas.nl/geoserver/WarmteAtlas/wfs;2026-06-24T11:35:41;
759;Persleiding;1980;419;Glad Staal;Effluentleiding;1864;1864;12.578951;38.9576;38.9576;Waterschap Hollandse Delta;14219.5;10974.4;Goeree-Overflakkee;Goeree-Overflakkee;113;226;45;90;Zuid-Holland;Waterschap Hollandse Delta;BU19240606;GM1924;3255.0;3255LV;BU19240606;GM1924;3255.0;3255LV;BU19240606;GM1924;3255.0;3255LV;False;False;False;51.68280149840953;4.1802859494877955;WarmteAtlas:AquathermieEffluent;https://www.warmteatlas.nl/geoserver/WarmteAtlas/wfs;2026-06-24T11:35:41;
760;Persleiding;1981;620;Gewapend beton;Effluentleiding;4749;4749;162.040169;99.2541;99.2541;Waterschap Hollandse Delta;36227.7;27959.9;Goeree-Overflakkee;Goeree-Overflakkee;287;574;115;230;Zuid-Holland;Waterschap Hollandse Delta;BU19240307;GM1924;3241.0;3241LP;BU19240307;GM1924;3241.0;3241LP;BU19240307;GM1924;3241.0;3241LP;False;False;False;51.77504675235462;4.1873815250547874;WarmteAtlas:AquathermieEffluent;https://www.warmteatlas.nl/geoserver/WarmteAtlas/wfs;2026-06-24T11:35:41;
761;Persleiding;1981;616;Beton met stalen kern;Effluentleiding;4749;4749;7.100052;99.2541;99.2541;Waterschap Hollandse Delta;36227.7;27959.9;Goeree-Overflakkee;Goeree-Overflakkee;287;574;115;230;Zuid-Holland;Waterschap Hollandse Delta;BU19240307;GM1924;3241.0;3241LP;BU19240307;GM1924;3241.0;3241LP;BU19240307;GM1924;3241.0;3241LP;False;False;False;51.774270861068835;4.187287210309594;WarmteAtlas:AquathermieEffluent;https://www.warmteatlas.nl/geoserver/WarmteAtlas/wfs;2026-06-24T11:35:41;
762;Persleiding;1981;630;PE;Effluentleiding;4749;4749;811.653729;99.2541;99.2541;Waterschap Hollandse Delta;36227.7;27959.9;Goeree-Overflakkee;Goeree-Overflakkee;287;574;115;230;Zuid-Holland;Waterschap Hollandse Delta;BU19240307;GM1924;3241.0;3241LP;BU19240307;GM1924;3241.0;3241LP;BU19240307;GM1924;3241.0;3241LP;False;False;False;51.77138264226251;4.1841162054310015;WarmteAtlas:AquathermieEffluent;https://www.warmteatlas.nl/geoserver/WarmteAtlas/wfs;2026-06-24T11:35:41;
763;Persleiding;1989;250;PE;Effluentleiding;494;494;165.550913;10.3246;10.3246;Waterschap Hollandse Delta;3768.48;2908.44;Goeree-Overflakkee;Goeree-Overflakkee;30;60;12;24;Zuid-Holland;Waterschap Hollandse Delta;BU19240502;GM1924;3258.0;3258LZ;BU19240502;GM1924;3258.0;3258LZ;BU19240502;GM1924;3258.0;3258LZ;False;False;False;51.725083774876396;4.266641361216084;WarmteAtlas:AquathermieEffluent;https://www.warmteatlas.nl/geoserver/WarmteAtlas/wfs;2026-06-24T11:35:41;
764;Persleiding;1981;616;Beton met stalen kern;Effluentleiding;4749;4749;1.999838;99.2541;99.2541;Waterschap Hollandse Delta;36227.7;27959.9;Goeree-Overflakkee;Goeree-Overflakkee;287;574;115;230;Zuid-Holland;Waterschap Hollandse Delta;BU19249997;GM1924;3241.0;3241LP;BU19249997;GM1924;3241.0;3241LP;BU19249997;GM1924;3241.0;3241LP;False;False;False;51.77423008401637;4.187282205651646;WarmteAtlas:AquathermieEffluent;https://www.warmteatlas.nl/geoserver/WarmteAtlas/wfs;2026-06-24T11:35:41;
765;Persleiding;0;630;PE;Effluentleiding;560;560;25.015394;11.704;11.704;Waterschap Hollandse Delta;4271.96;3297.02;Strijen;Hoeksewaard;34;68;14;27;Zuid-Holland;Waterschap Hollandse Delta;BU19630700;GM1963;3291.0;3291TN;BU19630700;GM1963;3291.0;3291TN;BU19630700;GM1963;3291.0;3291TN;False;False;False;51.745726471886655;4.562999429816927;WarmteAtlas:AquathermieEffluent;https://www.warmteatlas.nl/geoserver/WarmteAtlas/wfs;2026-06-24T11:35:41;
766;Persleiding;1993;0;Voorgespannen beton;Effluentleiding;17108;17108;120.659479;357.557;357.557;Waterschap Hollandse Delta;130508.0;100724.0;Zwijndrecht;Drechtsteden;1034;2069;414;828;Zuid-Holland;Waterschap Hollandse Delta;BU06420705;GM0642;3336.0;3336LM;BU06420705;GM0642;3336.0;3336LM;BU06420705;GM0642;3336.0;3336LM;False;False;False;51.81243602233525;4.572619817267473;WarmteAtlas:AquathermieEffluent;https://www.warmteatlas.nl/geoserver/WarmteAtlas/wfs;2026-06-24T11:35:41;
767;Persleiding;1993;0;Voorgespannen beton;Effluentleiding;17108;17108;440.208734;357.557;357.557;Waterschap Hollandse Delta;130508.0;100724.0;Zwijndrecht;Drechtsteden;1034;2069;414;828;Zuid-Holland;Waterschap Hollandse Delta;BU06420705;GM0642;3336.0;3336LM;BU06420705;GM0642;3336.0;3336LM;BU06420705;GM0642;3336.0;3336LM;False;False;False;51.81251988287569;4.577255981571849;WarmteAtlas:AquathermieEffluent;https://www.warmteatlas.nl/geoserver/WarmteAtlas/wfs;2026-06-24T11:35:41;
768;Persleiding;0;0;;Effluentleiding;17108;17108;531.477771;357.557;357.557;Waterschap Hollandse Delta;130508.0;100724.0;Zwijndrecht;Drechtsteden;1034;2069;414;828;Zuid-Holland;Waterschap Hollandse Delta;BU06420705;GM0642;3336.0;3336LM;BU06420705;GM0642;3336.0;3336LM;BU06420705;GM0642;3336.0;3336LM;False;False;False;51.81260799101085;4.575611177227028;WarmteAtlas:AquathermieEffluent;https://www.warmteatlas.nl/geoserver/WarmteAtlas/wfs;2026-06-24T11:35:41;
769;Persleiding;1993;1016;Glad Staal;Effluentleiding;17108;17108;86.466393;357.557;357.557;Waterschap Hollandse Delta;130508.0;100724.0;Zwijndrecht;Drechtsteden;1034;2069;414;828;Zuid-Holland;Waterschap Hollandse Delta;BU06420705;GM0642;3336.0;3336LM;BU06420705;GM0642;3336.0;3336LM;BU06420705;GM0642;3336.0;3336LM;False;False;False;51.81303438932337;4.573744206265089;WarmteAtlas:AquathermieEffluent;https://www.warmteatlas.nl/geoserver/WarmteAtlas/wfs;2026-06-24T11:35:41;
770;Persleiding;1976;720;Beton met stalen kern;Effluentleiding;2930;2930;1154.647391;61.237;61.237;Waterschap Hollandse Delta;22351.5;17250.5;Rotterdam;Rotterdam-Den Haag;177;354;71;142;Zuid-Holland;Waterschap Hollandse Delta;BU05992308;GM0599;3199.0;3199ME;BU05992308;GM0599;3199.0;3199ME;BU05992308;GM0599;3199.0;3199ME;False;False;False;51.93370916837938;4.098653353931844;WarmteAtlas:AquathermieEffluent;https://www.warmteatlas.nl/geoserver/WarmteAtlas/wfs;2026-06-24T11:35:41;
771;Persleiding;1976;720;Beton met stalen kern;Effluentleiding;2930;2930;2.00011;61.237;61.237;Waterschap Hollandse Delta;22351.5;17250.5;Rotterdam;Rotterdam-Den Haag;177;354;71;142;Zuid-Holland;Waterschap Hollandse Delta;BU05992308;GM0599;3199.0;3199LC;BU05992308;GM0599;3199.0;3199LC;BU05992308;GM0599;3199.0;3199LC;False;False;False;51.9304883644574;4.096324428403118;WarmteAtlas:AquathermieEffluent;https://www.warmteatlas.nl/geoserver/WarmteAtlas/wfs;2026-06-24T11:35:41;
772;Persleiding;1976;610;Glad Staal;Effluentleiding;2930;2930;701.748443;61.237;61.237;Waterschap Hollandse Delta;22351.5;17250.5;Rotterdam;Rotterdam-Den Haag;177;354;71;142;Zuid-Holland;Waterschap Hollandse Delta;BU05992308;GM0599;3199.0;3199LC;BU05992308;GM0599;3199.0;3199LC;BU05992308;GM0599;3199.0;3199LC;False;False;False;51.92779910612268;4.099016209382745;WarmteAtlas:AquathermieEffluent;https://www.warmteatlas.nl/geoserver/WarmteAtlas/wfs;2026-06-24T11:35:41;
773;Persleiding;0;1200;;Effluentleiding;27120;27120;138.148515;566.808;566.808;Waterschap Hollandse Delta;206885.0;159670.0;Rotterdam;Rotterdam-Den Haag;1640;3280;656;1312;Zuid-Holland;Waterschap Hollandse Delta;BU05992295;GM0599;3196.0;3196KK;BU05992295;GM0599;3196.0;3196KK;BU05992295;GM0599;3196.0;3196KK;False;False;False;51.87371929050854;4.333121024572406;WarmteAtlas:AquathermieEffluent;https://www.warmteatlas.nl/geoserver/WarmteAtlas/wfs;2026-06-24T11:35:41;
774;Persleiding;1983;0;Beton;Effluentleiding;4560;4560;83.545188;95.304;95.304;Waterschap Hollandse Delta;34786.0;26847.1;Rotterdam;Rotterdam-Den Haag;276;552;110;221;Zuid-Holland;Waterschap Hollandse Delta;BU05992705;GM0599;3181.0;3181LK;BU05992705;GM0599;3181.0;3181LK;BU05992705;GM0599;3181.0;3181LK;False;False;False;51.91878587246625;4.226582853924045;WarmteAtlas:AquathermieEffluent;https://www.warmteatlas.nl/geoserver/WarmteAtlas/wfs;2026-06-24T11:35:41;
775;Vrijverval;0;0;;Vrijvervalleiding;43200;43200;3.636068;902.88;902.88;Waterschapsbedrijf Limburg;329551.0;254341.0;Echt-Susteren;Noord- en Midden Limburg;2612;5225;1045;2090;Limburg;Waterschapsbedrijf Limburg;BU17110107;GM1711;6114.0;6114RG;BU17110160;GM1711;6114.0;6114RG;BU17110160;GM1711;6114.0;6114RG;True;False;False;51.06334767238075;5.834891342315045;WarmteAtlas:AquathermieEffluent;https://www.warmteatlas.nl/geoserver/WarmteAtlas/wfs;2026-06-24T11:35:41;
776;Vrijverval;0;0;;Vrijvervalleiding;43200;43200;3.636127;902.88;902.88;Waterschapsbedrijf Limburg;329551.0;254341.0;Echt-Susteren;Noord- en Midden Limburg;2612;5225;1045;2090;Limburg;Waterschapsbedrijf Limburg;BU17110107;GM1711;6114.0;6114RG;BU17110160;GM1711;6114.0;6114RG;BU17110160;GM1711;6114.0;6114RG;True;False;False;51.06336730384128;5.834884089675588;WarmteAtlas:AquathermieEffluent;https://www.warmteatlas.nl/geoserver/WarmteAtlas/wfs;2026-06-24T11:35:41;
777;Vrijverval;0;0;;Vrijvervalleiding;10080;10080;136.68635;210.672;210.672;Waterschapsbedrijf Limburg;76895.3;59346.3;Gulpen-Wittem;Zuid-Limburg;610;1219;244;488;Limburg;Waterschapsbedrijf Limburg;BU17290109;GM1729;6321.0;6321AM;BU17290109;GM1729;6321.0;6321AM;BU17290109;GM1729;6321.0;6321AM;False;False;False;50.82707306319694;5.895244167527517;WarmteAtlas:AquathermieEffluent;https://www.warmteatlas.nl/geoserver/WarmteAtlas/wfs;2026-06-24T11:35:41;
778;Vrijverval;0;0;;Vrijvervalleiding;9000;9000;137.064018;188.1;188.1;Waterschapsbedrijf Limburg;68656.5;52987.8;Gennep;Noord- en Midden Limburg;544;1088;218;435;Limburg;Waterschapsbedrijf Limburg;BU09070309;GM0907;6591.0;6591BK;BU09070309;GM0907;6591.0;6591BK;BU09070309;GM0907;6591.0;6591BK;False;False;False;51.705921314142884;5.96544836954429;WarmteAtlas:AquathermieEffluent;https://www.warmteatlas.nl/geoserver/WarmteAtlas/wfs;2026-06-24T11:35:41;
779;Vrijverval;0;0;;Vrijvervalleiding;30600;30600;22.573065;639.54;639.54;Waterschapsbedrijf Limburg;233432.0;180158.0;Maastricht;Zuid-Limburg;1850;3701;740;1480;Limburg;Waterschapsbedrijf Limburg;BU09350600;GM0935;6229.0;6229RB;BU09350600;GM0935;6229.0;6229RB;BU09350600;GM0935;6229.0;6229RB;False;False;False;50.816433128529404;5.71376379256437;WarmteAtlas:AquathermieEffluent;https://www.warmteatlas.nl/geoserver/WarmteAtlas/wfs;2026-06-24T11:35:41;
780;Vrijverval;0;0;;Vrijvervalleiding;21600;21600;51.405036;451.44;451.44;Waterschapsbedrijf Limburg;164776.0;127171.0;Maastricht;Zuid-Limburg;1306;2612;522;1045;Limburg;Waterschapsbedrijf Limburg;BU09350303;GM0935;6219.0;6219PK;BU09350303;GM0935;6219.0;6219PK;BU09350303;GM0935;6219.0;6219PK;False;False;False;50.86485348475651;5.685097725778753;WarmteAtlas:AquathermieEffluent;https://www.warmteatlas.nl/geoserver/WarmteAtlas/wfs;2026-06-24T11:35:41;
781;Vrijverval;0;0;;Vrijvervalleiding;21600;21600;51.357436;451.44;451.44;Waterschapsbedrijf Limburg;164776.0;127171.0;Maastricht;Zuid-Limburg;1306;2612;522;1045;Limburg;Waterschapsbedrijf Limburg;BU09350303;GM0935;6219.0;6219PK;BU09350303;GM0935;6219.0;6219PK;BU09350303;GM0935;6219.0;6219PK;False;False;False;50.86482157968358;5.685117134508506;WarmteAtlas:AquathermieEffluent;https://www.warmteatlas.nl/geoserver/WarmteAtlas/wfs;2026-06-24T11:35:41;
782;Vrijverval;0;0;;Vrijvervalleiding;29880;29880;869.726421;624.492;624.492;Waterschapsbedrijf Limburg;227940.0;175919.0;Maastricht;Zuid-Limburg;1807;3614;723;1446;Limburg;Waterschapsbedrijf Limburg;BU09350404;GM0935;6222.0;6222NL;BU09350404;GM0935;6222.0;6222NL;BU09350404;GM0935;6222.0;6222NL;False;False;False;50.869872364565616;5.701118548546049;WarmteAtlas:AquathermieEffluent;https://www.warmteatlas.nl/geoserver/WarmteAtlas/wfs;2026-06-24T11:35:41;
783;Vrijverval;0;0;;Vrijvervalleiding;29880;29880;151.741171;624.492;624.492;Waterschapsbedrijf Limburg;227940.0;175919.0;Maastricht;Zuid-Limburg;1807;3614;723;1446;Limburg;Waterschapsbedrijf Limburg;BU09350404;GM0935;6222.0;6222NL;BU09350404;GM0935;6222.0;6222NL;BU09350404;GM0935;6222.0;6222NL;False;False;False;50.871420123967404;5.7024293711538725;WarmteAtlas:AquathermieEffluent;https://www.warmteatlas.nl/geoserver/WarmteAtlas/wfs;2026-06-24T11:35:41;
784;Vrijverval;0;0;;Vrijvervalleiding;30600;30600;7.150007;639.54;639.54;Waterschapsbedrijf Limburg;233432.0;180158.0;Maastricht;Zuid-Limburg;1850;3701;740;1480;Limburg;Waterschapsbedrijf Limburg;BU09350600;GM0935;6229.0;6229RB;BU09350600;GM0935;6229.0;6229RB;BU09350600;GM0935;6229.0;6229RB;False;False;False;50.81632392540304;5.713642353318517;WarmteAtlas:AquathermieEffluent;https://www.warmteatlas.nl/geoserver/WarmteAtlas/wfs;2026-06-24T11:35:41;
785;Vrijverval;0;0;;Vrijvervalleiding;4500;4500;15.859429;94.05;94.05;Waterschapsbedrijf Limburg;34328.3;26493.9;Maasgouw;Noord- en Midden Limburg;272;544;109;218;Limburg;Waterschapsbedrijf Limburg;BU16410501;GM1641;6097.0;6097NE;BU16410501;GM1641;6097.0;6097NE;BU16410501;GM1641;6097.0;6097NE;False;False;False;51.17105771952684;5.880124034358474;WarmteAtlas:AquathermieEffluent;https://www.warmteatlas.nl/geoserver/WarmteAtlas/wfs;2026-06-24T11:35:41;
786;Vrijverval;0;0;;Vrijvervalleiding;54000;54000;192.911984;1128.6;1128.6;Waterschapsbedrijf Limburg;411939.0;317927.0;Venlo;Noord- en Midden Limburg;3266;6531;1306;2612;Limburg;Waterschapsbedrijf Limburg;BU09832803;GM0983;5928.0;5928NM;BU09832803;GM0983;5928.0;5928NM;BU09832803;GM0983;5928.0;5928NM;False;False;False;51.38241767760294;6.159941432542099;WarmteAtlas:AquathermieEffluent;https://www.warmteatlas.nl/geoserver/WarmteAtlas/wfs;2026-06-24T11:35:41;
787;Vrijverval;0;0;;Vrijvervalleiding;5940;5940;19.853339;124.146;124.146;Waterschapsbedrijf Limburg;45313.3;34971.9;Stein;Zuid-Limburg;359;718;144;287;Limburg;Waterschapsbedrijf Limburg;BU09710004;GM0971;6171.0;6171RN;BU09710004;GM0971;6171.0;6171RN;BU09710004;GM0971;6171.0;6171RN;False;False;False;50.97418296989811;5.753196760107689;WarmteAtlas:AquathermieEffluent;https://www.warmteatlas.nl/geoserver/WarmteAtlas/wfs;2026-06-24T11:35:41;
788;Vrijverval;0;0;;Vrijvervalleiding;9900;9900;26.549891;206.91;206.91;Waterschapsbedrijf Limburg;75522.1;58286.5;Venray;Noord- en Midden Limburg;599;1198;240;479;Limburg;Waterschapsbedrijf Limburg;BU09841801;GM0984;5804.0;5804CG;BU09841801;GM0984;5804.0;5804CG;BU09841801;GM0984;5804.0;5804CG;False;False;False;51.551628827567214;5.990262667584376;WarmteAtlas:AquathermieEffluent;https://www.warmteatlas.nl/geoserver/WarmteAtlas/wfs;2026-06-24T11:35:41;
789;Vrijverval;0;0;;Vrijvervalleiding;9900;9900;37.877176;206.91;206.91;Waterschapsbedrijf Limburg;75522.1;58286.5;Venray;Noord- en Midden Limburg;599;1198;240;479;Limburg;Waterschapsbedrijf Limburg;BU09841801;GM0984;5804.0;5804CG;BU09841801;GM0984;5804.0;5804CG;BU09841801;GM0984;5804.0;5804CG;False;False;False;51.5515685499294;5.990331782027263;WarmteAtlas:AquathermieEffluent;https://www.warmteatlas.nl/geoserver/WarmteAtlas/wfs;2026-06-24T11:35:41;
790;Vrijverval;0;0;;Vrijvervalleiding;21600;21600;149.43591;451.44;451.44;Waterschapsbedrijf Limburg;164776.0;127171.0;Weert;Noord- en Midden Limburg;1306;2612;522;1045;Limburg;Waterschapsbedrijf Limburg;BU09882402;GM0988;6004.0;6004HN;BU09882402;GM0988;6004.0;6004HN;BU09882402;GM0988;6004.0;6004HN;False;False;False;51.267879124606054;5.73578771691194;WarmteAtlas:AquathermieEffluent;https://www.warmteatlas.nl/geoserver/WarmteAtlas/wfs;2026-06-24T11:35:41;
791;Vrijverval;0;0;;Vrijvervalleiding;21600;21600;67.315438;451.44;451.44;Waterschapsbedrijf Limburg;164776.0;127171.0;Weert;Noord- en Midden Limburg;1306;2612;522;1045;Limburg;Waterschapsbedrijf Limburg;BU09882402;GM0988;6004.0;6004HN;BU09882402;GM0988;6004.0;6004HN;BU09882402;GM0988;6004.0;6004HN;False;False;False;51.26804235796565;5.735347149506523;WarmteAtlas:AquathermieEffluent;https://www.warmteatlas.nl/geoserver/WarmteAtlas/wfs;2026-06-24T11:35:41;
792;Vrijverval;0;0;;Vrijvervalleiding;29160;29160;102.985534;609.444;609.444;Waterschapsbedrijf Limburg;222447.0;171680.0;Kerkrade;Zuid-Limburg;1764;3527;705;1411;Limburg;Waterschapsbedrijf Limburg;BU09280009;GM0928;6468.0;6468XV;BU09280009;GM0928;6468.0;6468XV;BU09280009;GM0928;6468.0;6468XV;False;False;False;50.88432436053035;6.047891863294359;WarmteAtlas:AquathermieEffluent;https://www.warmteatlas.nl/geoserver/WarmteAtlas/wfs;2026-06-24T11:35:41;
793;Vrijverval;0;0;;Vrijvervalleiding;0;0;228.359368;0.0;0.0;Waterschapsbedrijf Limburg;0.0;0.0;Kerkrade;Zuid-Limburg;0;0;0;0;Limburg;Waterschapsbedrijf Limburg;BU09280009;GM0928;6468.0;6468XV;BU09280009;GM0928;6468.0;6468XV;BU09280009;GM0928;6468.0;6468XV;False;False;False;50.88426934906223;6.049158102507729;WarmteAtlas:AquathermieEffluent;https://www.warmteatlas.nl/geoserver/WarmteAtlas/wfs;2026-06-24T11:35:41;
794;Vrijverval;0;0;;Vrijvervalleiding;29160;29160;275.274533;609.444;609.444;Waterschapsbedrijf Limburg;222447.0;171680.0;Kerkrade;Zuid-Limburg;1764;3527;705;1411;Limburg;Waterschapsbedrijf Limburg;BU09280009;GM0928;6468.0;6468XV;BU09280009;GM0928;6468.0;6468XV;BU09280009;GM0928;6468.0;6468XV;False;False;False;50.88569619361701;6.048984476659958;WarmteAtlas:AquathermieEffluent;https://www.warmteatlas.nl/geoserver/WarmteAtlas/wfs;2026-06-24T11:35:41;
