codering;voedingsgebied_id;voedingsgebied_dekking;voedingsgebied_aantal_pc6
BU00140000;GNBS;0.8496732026143791;153
BU00140001;GNBH;0.9851485148514851;202
BU00140002;GNBS;1.0;99
BU00140003;GNHK;1.0;47
BU00140004;GNBS;1.0;12
BU00140005;GNBS;1.0;137
BU00140007;GNBS;1.0;7
BU00140008;GNBH;0.5;8
BU00140100;GNBH;1.0;22
BU00140101;GNBH;1.0;166
BU00140102;GNBH;1.0;38
BU00140103;GNBH;0.9915254237288136;118
BU00140104;GNHK;1.0;63
BU00140105;GNHK;1.0;30
BU00140106;GNHK;0.9857142857142858;70
BU00140107;GNHK;1.0;35
BU00140108;GNHK;1.0;7
BU00140109;GNHK;1.0;2
BU00140110;GNHK;1.0;6
BU00140200;GNBS;1.0;74
BU00140201;GNBS;1.0;95
BU00140202;GNHK;1.0;148
BU00140203;GNHK;0.9857142857142858;70
BU00140301;GNBS;1.0;236
BU00140302;GNBS;1.0;133
BU00140303;GNBS;0.9918032786885246;122
BU00140304;GNBS;1.0;8
BU00140400;GNBS;1.0;108
BU00140401;GNBS;1.0;57
BU00140402;GNBS;1.0;97
BU00140403;GNBS;0.9761904761904762;42
BU00140404;GNBS;1.0;17
BU00140500;GNBH;1.0;16
BU00140501;GNHU;0.7777777777777778;9
BU00140503;GNBH;1.0;6
BU00140504;GNBH;1.0;1
BU00140505;GNBH;1.0;13
BU00140506;GNBH;1.0;17
BU00140507;GNBH;1.0;18
BU00140508;GNBH;1.0;12
BU00140510;GNBH;0.6;5
BU00140511;GNBH;1.0;1
BU00140512;GNBH;1.0;11
BU00140513;GNBH;1.0;9
BU00140600;GNBH;1.0;13
BU00140601;GNBH;1.0;121
BU00140602;GNBH;1.0;13
BU00140603;GNBH;1.0;48
BU00140604;GNBH;1.0;179
BU00140605;GNBH;1.0;136
BU00140606;GNBH;1.0;89
BU00140700;GNHK;0.9926470588235294;136
BU00140701;GNHK;1.0;96
BU00140702;GNHK;1.0;16
BU00140703;GNHK;1.0;5
BU00140704;VVL10;0.8666666666666667;15
BU00140705;VVL10;1.0;1
BU00140800;GNHK;0.9821428571428571;56
BU00140801;GNHK;1.0;153
BU00140802;VVL10;0.75;8
BU00140803;GNHK;1.0;4
BU00140804;GNHK;1.0;3
BU00140805;GNHK;1.0;5
BU00140806;GNHK;1.0;23
BU00140809;GNHK;1.0;5
BU00140810;GNHK;1.0;20
BU00140811;GNHK;0.6666666666666666;3
BU00140812;GNHK;1.0;5
BU00140900;GNHK;1.0;144
BU00140901;GNHK;1.0;123
BU00140902;GNHK;1.0;11
BU00140903;GNHK;1.0;6
BU00140904;GNHK;1.0;48
BU00140905;GNHK;1.0;5
BU00140906;GNHK;1.0;27
BU00140907;GNHK;1.0;4
BU00140908;GNHK;1.0;1
BU00140909;GNHK;1.0;1
BU00140910;GNHK;1.0;13
BU00141000;GNHK;1.0;137
BU00141001;GNHK;1.0;99
BU00141002;GNHK;1.0;157
BU00141003;GNHK;1.0;14
BU00141004;GNHK;1.0;4
BU00141005;GNHK;1.0;43
BU00141100;GNBH;1.0;166
BU00141101;GNBH;1.0;172
BU00141102;GNBH;1.0;45
BU00141103;GNBH;1.0;13
BU00141104;GNBH;1.0;5
BU00141105;GNBH;1.0;5
BU00141106;GNBH;0.5555555555555556;9
BU00141107;GNBH;1.0;1
BU00141200;GNBH;1.0;108
BU00141201;GNBH;1.0;79
BU00141202;GNBH;1.0;42
BU00141205;GNBH;1.0;2
BU00141206;GNBH;1.0;5
BU00141207;GNBH;1.0;5
BU00141208;GNBH;1.0;18
BU00141209;GNBH;1.0;3
BU00141210;GNBH;1.0;15
BU00141211;GNBH;1.0;19
BU00141212;GNBH;1.0;9
BU00141213;GNBH;1.0;49
BU00141214;GNBH;1.0;45
BU00141215;GNBH;1.0;3
BU00141216;GNBH;1.0;2
BU00141217;GNBH;1.0;11
BU00141301;GNBH;0.8;20
BU00141302;GNBH;1.0;3
BU00141304;GNBH;1.0;1
BU00141305;GNBH;1.0;4
BU00141400;GNHU;1.0;23
BU00141401;KWD;0.8;10
BU00141402;GNHU;0.6666666666666666;6
BU00141403;GNHU;1.0;14
BU00141404;GNHU;1.0;16
BU00141405;GNHU;0.5833333333333334;12
BU00141406;GNHU;1.0;2
BU00141500;GNHU;1.0;118
BU00141501;GNHU;0.8571428571428571;7
BU00141502;GNHU;0.9473684210526315;19
BU00141503;GNHU;1.0;23
BU00141504;GNHU;0.9166666666666666;12
BU00141505;GNHU;1.0;2
BU00141506;GNHU;1.0;5
BU00141600;GNHU;1.0;22
BU00141601;GNHU;1.0;7
BU00141602;GNHU;1.0;14
BU00141603;GNHU;1.0;4
BU00141604;GNHU;1.0;3
BU00141605;GNHU;0.9090909090909091;11
BU00141700;GNHU;1.0;58
BU00141701;GNHU;1.0;137
BU00141702;GNHU;1.0;143
BU00141703;GNHU;1.0;69
BU00141704;GNHU;1.0;4
BU00141705;GNHU;1.0;3
BU00141706;GNHU;1.0;1
BU00141707;VVL10;0.5833333333333334;12
BU00141708;GNHU;1.0;13
BU00141709;GNHU;1.0;1
BU00141710;GNHU;1.0;1
BU00141800;GNHU;1.0;119
BU00141801;GNHU;1.0;25
BU00141802;GNHU;1.0;2
BU00141803;GNHU;1.0;3
BU00141900;GNHU;1.0;36
BU00141901;GNHU;1.0;17
BU00141902;GNHU;1.0;16
BU00141903;GNHU;1.0;16
BU00141904;GNHU;1.0;20
BU00141905;GNHU;0.75;12
BU00141906;GNHU;1.0;1
BU00141907;KWD;1.0;1
BU00141908;GNHU;1.0;2
BU00340101;OS ALMERE 10-1i;1.0;44
BU00340102;OS ALMERE 10-1i;1.0;44
BU00340201;OS ALMERE 10-1i;1.0;18
BU00340202;OS ALMERE 10-1i;1.0;23
BU00340203;OS ALMERE 10-1i;1.0;24
BU00340204;OS ALMERE 10-1i;1.0;16
BU00340205;OS ALMERE 10-1i;1.0;22
BU00340301;OS ALMERE 10-1i;1.0;26
BU00340302;OS ALMERE 10-1i;1.0;25
BU00340303;OS ALMERE 10-1i;1.0;41
BU00340304;OS ALMERE 10-1i;1.0;1
BU00340401;OS ALMERE 10-1i;1.0;29
BU00340402;OS ALMERE 10-1i;1.0;25
BU00340403;OS ALMERE 10-1i;1.0;23
BU00340501;OS ALMERE 10-1i;1.0;21
BU00340502;OS ALMERE 10-1i;1.0;27
BU00340503;OS ALMERE 10-1i;1.0;15
BU00340504;OS ALMERE 10-1i;1.0;1
BU00340601;OS ALMERE 10-1i;1.0;36
BU00340602;OS ALMERE 10-1i;1.0;36
BU00340603;OS ALMERE 10-1i;1.0;20
BU00340604;OS ALMERE 10-1i;1.0;1
BU00340606;OS ALMERE 10-1i;1.0;3
BU00340701;OS ALMERE 10-1i;1.0;34
BU00340702;OS ALMERE 10-1i;1.0;19
BU00340703;OS ALMERE 10-1i;1.0;35
BU00340704;OS ALMERE 10-1i;1.0;7
BU00340801;OS ALMERE 10-1i;1.0;32
BU00340802;OS ALMERE 10-1i;1.0;40
BU00340803;OS ALMERE 10-1i;1.0;60
BU00340901;OS ALMERE 10-1i;1.0;15
BU00340902;OS ALMERE 10-1i;1.0;27
BU00341001;OS ALMERE 10-1i;1.0;24
BU00341002;OS ALMERE 10-1i;1.0;2
BU00341003;OS ZEEWOLDE 20KV 20-7i;1.0;1
BU00341101;OS ALMERE 10-1i;1.0;3
BU00341102;OS ALMERE 10-1i;1.0;3
BU00341401;OS ALMERE 10-1i;1.0;18
BU00341501;OS ZEEWOLDE 20KV 20-7i;0.8888888888888888;9
BU00341601;OS ALMERE 10-1i;1.0;2
BU00341602;OS ALMERE 10-1i;0.625;8
BU00341701;OS ALMERE 10-1i;0.8260869565217391;23
BU00341702;OS ALMERE 10-1i;0.7096774193548387;31
BU00341703;OS PAMPUS 10-1i;0.9761904761904762;42
BU00341704;OS PAMPUS 10-1i;0.9591836734693877;49
BU00341705;OS ALMERE 10-1i;0.9032258064516129;62
BU00341801;OS ALMERE 10-1i;1.0;22
BU00341802;OS ALMERE 10-1i;1.0;30
BU00341803;OS ALMERE 10-1i;1.0;39
BU00341804;OS ALMERE 10-1i;1.0;44
BU00341805;OS ALMERE 10-1i;1.0;47
BU00341806;OS ALMERE 10-1i;1.0;30
BU00341807;OS ALMERE 10-1i;1.0;2
BU00341808;OS ALMERE 10-1i;1.0;2
BU00341901;OS ALMERE 10-1i;1.0;24
BU00341902;OS ALMERE 10-1i;1.0;40
BU00341903;OS ALMERE 10-1i;1.0;24
BU00341904;OS ALMERE 10-1i;1.0;16
BU00342001;OS ALMERE 10-1i;1.0;54
BU00342002;OS ALMERE 10-1i;1.0;43
BU00342003;OS ALMERE 10-1i;1.0;28
BU00342004;OS ALMERE 10-1i;1.0;15
BU00342005;OS ALMERE 10-1i;1.0;2
BU00342101;OS ALMERE 10-1i;1.0;43
BU00342102;OS ALMERE 10-1i;1.0;33
BU00342103;OS ALMERE 10-1i;0.75;4
BU00342201;OS DE VAART 10-1i;1.0;49
BU00342202;OS DE VAART 10-1i;1.0;50
BU00342203;OS DE VAART 10-1i;1.0;39
BU00342204;OS DE VAART 10-1i;1.0;82
BU00342205;OS DE VAART 10-1i;1.0;70
BU00342206;OS DE VAART 10-1i;1.0;8
BU00342301;OS DE VAART 10-1i;0.5;52
BU00342302;OS ALMERE 10-1i;0.5111111111111111;45
BU00342303;OS DE VAART 10-1i;1.0;39
BU00342304;OS DE VAART 10-1i;1.0;7
BU00342401;OS ALMERE 10-1i;1.0;24
BU00342402;OS ALMERE 10-1i;1.0;50
BU00342403;OS ALMERE 10-1i;1.0;32
BU00342404;OS ALMERE 10-1i;1.0;29
BU00342405;OS ALMERE 10-1i;1.0;52
BU00342406;OS ALMERE 10-1i;1.0;39
BU00342407;OS ALMERE 10-1i;1.0;5
BU00342408;OS ALMERE 10-1i;1.0;3
BU00342501;OS ALMERE 10-1i;1.0;23
BU00342502;OS DE VAART 10-1i;1.0;14
BU00342503;OS DE VAART 10-1i;0.9545454545454546;22
BU00342601;OS DE VAART 10-1i;1.0;34
BU00342602;OS DE VAART 10-1i;1.0;45
BU00342603;OS DE VAART 10-1i;1.0;51
BU00342604;OS DE VAART 10-1i;1.0;34
BU00342605;OS DE VAART 10-1i;1.0;26
BU00342606;OS DE VAART 10-1i;1.0;48
BU00342607;OS DE VAART 10-1i;1.0;4
BU00342608;OS DE VAART 10-1i;1.0;1
BU00342609;OS DE VAART 10-1i;0.6;5
BU00342701;OS PAMPUS 10-1i;1.0;53
BU00342702;OS PAMPUS 10-1i;1.0;36
BU00342703;OS PAMPUS 10-1i;1.0;80
BU00342704;OS PAMPUS 10-1i;1.0;84
BU00342705;OS PAMPUS 10-1i;1.0;75
BU00342706;OS PAMPUS 10-1i;1.0;3
BU00342707;OS PAMPUS 10-1i;1.0;2
BU00342708;OS PAMPUS 10-1i;1.0;1
BU00342801;OS PAMPUS 10-1i;1.0;25
BU00342802;OS PAMPUS 10-1i;0.6;35
BU00342803;OS PAMPUS 10-1i;1.0;16
BU00342804;OS PAMPUS 10-1i;1.0;63
BU00342805;OS PAMPUS 10-1i;1.0;38
BU00342806;OS PAMPUS 10-1i;1.0;43
BU00342807;OS PAMPUS 10-1i;1.0;37
BU00342808;OS PAMPUS 10-1i;1.0;38
BU00342809;OS PAMPUS 10-1i;1.0;5
BU00342810;OS PAMPUS 10-1i;1.0;1
BU00342901;OS PAMPUS 10-1i;1.0;53
BU00342902;OS PAMPUS 10-1i;1.0;91
BU00342903;OS PAMPUS 10-1i;1.0;33
BU00342904;OS PAMPUS 10-1i;1.0;9
BU00343001;OS PAMPUS 10-1i;1.0;44
BU00343002;OS PAMPUS 10-1i;1.0;41
BU00343003;OS PAMPUS 10-1i;1.0;41
BU00343004;OS PAMPUS 10-1i;1.0;55
BU00343005;OS PAMPUS 10-1i;1.0;54
BU00343006;OS PAMPUS 10-1i;1.0;4
BU00343007;OS PAMPUS 10-1i;1.0;11
BU00343101;OS DE VAART 10-1i;1.0;19
BU00343102;OS DE VAART 10-1i;1.0;17
BU00343103;OS DE VAART 10-1i;1.0;20
BU00343104;OS DE VAART 10-1i;1.0;43
BU00343105;OS DE VAART 10-1i;1.0;17
BU00343201;OS ALMERE 10-1i;1.0;4
BU00343401;OS ALMERE 10-1i;1.0;7
BU00343402;OS ALMERE 10-1i;1.0;4
BU00343403;OS ALMERE 10-1i;1.0;8
BU00343501;OS DE VAART 10-1i;1.0;15
BU00343502;OS DE VAART 10-1i;0.75;8
BU00343601;OS PAMPUS 10-1i;1.0;5
BU00343701;OS PAMPUS 10-1i;1.0;18
BU00343702;OS PAMPUS 10-1i;1.0;21
BU00343801;OS ALMERE 10-1i;1.0;17
BU00343802;OS ALMERE 10-1i;1.0;5
BU00343901;OS ALMERE 10-1i;1.0;4
BU00343902;OS ALMERE 10-1i;1.0;3
BU00343903;OS ALMERE 10-1i;1.0;2
BU00344001;OS DE VAART 10-1i;1.0;3
BU00344002;OS ALMERE 10-1i;1.0;2
BU00344003;OS PAMPUS 10-1i;1.0;2
BU00344101;OS DE VAART 10-1i;1.0;67
BU00344102;OS DE VAART 10-1i;1.0;15
BU00344201;OS DE VAART 10-3i;1.0;24
BU00344202;OS DE VAART 10-3i;1.0;38
BU00344203;OS DE VAART 10-3i;1.0;52
BU00344204;OS DE VAART 10-3i;1.0;1
BU00344301;OS DE VAART 10-3i;1.0;31
BU00344302;OS DE VAART 10-3i;1.0;49
BU00344303;OS DE VAART 10-3i;0.8214285714285714;56
BU00344304;OS DE VAART 10-1i;0.5;2
BU00344401;OS DE VAART 10-1i;1.0;54
BU00344402;OS DE VAART 10-1i;1.0;37
BU00344403;OS DE VAART 10-1i;1.0;9
BU00344501;OS DE VAART 10-1i;1.0;41
BU00344502;OS DE VAART 10-1i;1.0;35
BU00344503;OS DE VAART 10-1i;1.0;19
BU00344504;OS DE VAART 10-1i;1.0;4
BU00344505;OS DE VAART 10-1i;0.6666666666666666;3
BU00344601;OS ALMERE 10-1i;1.0;40
BU00344602;OS ALMERE 10-1i;1.0;23
BU00344603;OS ALMERE 10-1i;1.0;30
BU00344701;OS ALMERE 10-1i;1.0;40
BU00344702;OS ALMERE 10-1i;1.0;27
BU00344703;OS ALMERE 10-1i;1.0;33
BU00344704;OS ALMERE 10-1i;1.0;4
BU00344801;OS DE VAART 10-1i;1.0;43
BU00344802;OS DE VAART 10-1i;1.0;42
BU00344803;OS DE VAART 10-1i;1.0;39
BU00344804;OS DE VAART 10-1i;0.5471698113207547;53
BU00344901;OS ALMERE 10-1i;0.9827586206896551;58
BU00344902;OS ALMERE 10-1i;1.0;20
BU00344903;OS ALMERE 10-1i;0.9772727272727273;44
BU00344904;OS DE VAART 10-1i;0.75;4
BU00345001;OS DE VAART 10-3i;1.0;12
BU00345002;OS DE VAART 10-3i;0.8571428571428571;28
BU00345101;OS DE VAART 10-3i;1.0;37
BU00345102;OS DE VAART 10-3i;1.0;39
BU00345103;OS DE VAART 10-3i;1.0;26
BU00345104;OS DE VAART 10-3i;1.0;40
BU00345105;OS DE VAART 10-3i;1.0;3
BU00345201;OS DE VAART 10-3i;1.0;20
BU00345202;OS DE VAART 10-3i;1.0;19
BU00345203;OS DE VAART 10-3i;1.0;25
BU00345204;OS DE VAART 10-3i;1.0;15
BU00345205;OS DE VAART 10-3i;1.0;13
BU00345206;OS DE VAART 10-3i;1.0;33
BU00345207;OS DE VAART 10-3i;1.0;1
BU00345301;OS DE VAART 10-3i;1.0;16
BU00345302;OS DE VAART 10-3i;1.0;1
BU00345601;OS DE VAART 10-1i;1.0;4
BU00345602;OS DE VAART 10-1i;1.0;11
BU00345701;OS DE VAART 10-1i;0.96;25
BU00345702;OS DE VAART 10-1i;0.8636363636363636;22
BU00345801;OS DE VAART 10-1i;0.8181818181818182;11
BU00345901;OS DE VAART 10-1i;0.8571428571428571;7
BU00345902;OS ALMERE 10-1i;0.6;5
BU00346001;OS PAMPUS 10-1i;1.0;18
BU00346101;OS PAMPUS 10-1i;1.0;21
BU00346102;OS PAMPUS 10-1i;1.0;11
BU00346103;OS PAMPUS 10-1i;1.0;7
BU00346201;OS PAMPUS 10-1i;1.0;18
BU00346202;OS PAMPUS 10-1i;1.0;12
BU00346301;OS PAMPUS 10-1i;1.0;20
BU00346302;OS PAMPUS 10-1i;1.0;52
BU00346303;OS PAMPUS 10-1i;1.0;12
BU00346304;OS PAMPUS 10-1i;1.0;23
BU00346401;OS PAMPUS 10-1i;1.0;9
BU00346501;OS PAMPUS 10-1i;1.0;11
BU00346601;OS PAMPUS 10-1i;1.0;11
BU00346602;OS PAMPUS 10-1i;1.0;20
BU00347101;OS PAMPUS 10-1i;1.0;9
BU00347201;OS PAMPUS 10-1i;1.0;3
BU00347301;OS PAMPUS 10-1i;1.0;8
BU00347401;OS PAMPUS 10-1i;1.0;4
BU00347402;OS PAMPUS 10-1i;1.0;1
BU00347501;OS ZEEWOLDE 20KV 20-7i;1.0;18
BU00347502;OS ZEEWOLDE 20KV 20-7i;1.0;20
BU00347503;OS ALMERE 10-1i;1.0;1
BU00347601;OS ZEEWOLDE 20KV 20-7i;1.0;29
BU00347602;OS ZEEWOLDE 20KV 20-7i;1.0;1
BU00347603;OS ZEEWOLDE 20KV 20-7i;0.9696969696969697;33
BU00347604;OS ALMERE 10-1i;0.5;2
BU00347701;OS ZEEWOLDE 20KV 20-7i;0.9571428571428572;70
BU00347702;OS ZEEWOLDE 20KV 20-7i;1.0;57
BU00347703;OS ZEEWOLDE 20KV 20-7i;1.0;4
BU00347901;OS ZEEWOLDE 20KV 20-7i;1.0;2
BU00348501;OS ZEEWOLDE 10-1i;1.0;3
BU00348502;OS ALMERE 10-1i;1.0;10
BU00349615;OS PAMPUS 10-1i;0.5;2
BU00370100;SKN;1.0;55
BU00370101;SKN;1.0;33
BU00370102;SKN;1.0;68
BU00370103;SKN;1.0;86
BU00370104;SKN;1.0;38
BU00370105;SKN;1.0;83
BU00370106;SKN;1.0;28
BU00370107;SKN;1.0;18
BU00370108;SKN;1.0;71
BU00370109;SKN;0.8518518518518519;27
BU00370110;SKN;1.0;49
BU00370111;SKN;0.72;25
BU00370112;SKN;1.0;32
BU00370200;MSKZ;0.9468085106382979;94
BU00370201;MSKZ;1.0;36
BU00370202;SKN;0.9090909090909091;33
BU00370203;SKN;1.0;24
BU00370300;MEE;1.0;59
BU00370301;MEE;1.0;1
BU00370308;MEE;1.0;16
BU00370309;MEE;0.7083333333333334;24
BU00370400;MSKZ;0.9259259259259259;27
BU00370401;MEE;0.5;2
BU00370402;MSKZ;1.0;5
BU00370409;MSKZ;0.8;15
BU00370500;MEE;1.0;22
BU00370509;MEE;0.8;15
BU00470000;VDM;1.0;101
BU00470001;VDM;1.0;123
BU00470002;VDM;0.9615384615384616;26
BU00470003;VDM;1.0;49
BU00470004;VDM;1.0;32
BU00470005;VDM;1.0;217
BU00470006;VDM;0.9545454545454546;22
BU00470007;VDM;1.0;54
BU00470100;VDM;0.875;8
BU00470101;VDM;0.9655172413793104;29
BU00470102;MEE;0.9;10
BU00470109;VDM;0.6470588235294118;17
BU00470200;VDM;1.0;93
BU00470201;VDM;1.0;38
BU00470202;VDM;1.0;10
BU00470209;VDM;1.0;25
BU00500000;OS ZEEWOLDE 10-1i;1.0;53
BU00500001;OS ZEEWOLDE 10-1i;1.0;82
BU00500002;OS ZEEWOLDE 10-1i;1.0;150
BU00500003;OS ZEEWOLDE 10-1i;1.0;142
BU00500004;OS ZEEWOLDE 10-1i;1.0;101
BU00500005;OS ZEEWOLDE 10-1i;1.0;2
BU00500006;OS ZEEWOLDE 10-1i;0.6538461538461539;26
BU00500007;OS ZEEWOLDE 20KV 20-9i;0.5789473684210527;19
BU00500008;OS ZEEWOLDE 20KV 20-7i;0.29411764705882354;17
BU00500009;OS ZEEWOLDE 10-1i;0.8846153846153846;26
BU00500010;OS ZEEWOLDE 10-1i;1.0;9
BU00590000;OS BERGUM CENTRALE 10-2i;1.0;162
BU00590001;OS BERGUM CENTRALE 10-1i;0.8518518518518519;27
BU00590002;OS BERGUM CENTRALE 10-1i;1.0;57
BU00590003;OS BERGUM CENTRALE 10-2i;1.0;41
BU00590004;OS BERGUM CENTRALE 10-2i;0.9642857142857143;28
BU00590005;OS BERGUM CENTRALE 10-2i;0.9565217391304348;23
BU00590006;OS BERGUM CENTRALE 10-1i;0.8571428571428571;7
BU00590007;OS BERGUM CENTRALE 10-1i;0.8947368421052632;19
BU00590008;OS BERGUM CENTRALE 10-2i;0.9166666666666666;12
BU00590009;OS BERGUM CENTRALE 10-2i;1.0;9
BU00590100;OS BERGUM CENTRALE 10-2i;1.0;9
BU00590102;OS BERGUM CENTRALE 10-1i;1.0;39
BU00590103;OS BERGUM CENTRALE 10-1i;1.0;31
BU00590107;OS BERGUM CENTRALE 10-2i;1.0;2
BU00590108;OS BERGUM CENTRALE 10-1i;1.0;13
BU00590109;OS BERGUM CENTRALE 10-1i;0.5;12
BU00590200;OS BERGUM CENTRALE 10-1i;1.0;159
BU00590201;OS BERGUM CENTRALE 10-1i;1.0;97
BU00590202;OS BERGUM CENTRALE 10-1i;1.0;26
BU00590203;OS BERGUM CENTRALE 10-1i;1.0;20
BU00590206;OS BERGUM CENTRALE 10-1i;1.0;16
BU00590207;OS BERGUM CENTRALE 10-1i;1.0;15
BU00590208;OS BERGUM CENTRALE 10-1i;0.8888888888888888;18
BU00590209;OS BERGUM CENTRALE 10-1i;0.9583333333333334;24
BU00600000;OS DOKKUM 20kV 20-1i;1.0;64
BU00600001;OS DOKKUM 20kV 20-1i;1.0;52
BU00600002;OS DOKKUM 20kV 20-1i;1.0;14
BU00600003;OS DOKKUM 20kV 20-1i;1.0;59
BU00600007;OS DOKKUM 20kV 20-1i;1.0;32
BU00600008;OS DOKKUM 20kV 20-1i;1.0;19
BU00600009;OS DOKKUM 20kV 20-1i;1.0;24
BU00720001;OS HERBAYUM 10-1i;1.0;53
BU00720002;OS HERBAYUM 10-1i;1.0;29
BU00720003;OS HERBAYUM 10-1i;1.0;29
BU00720004;OS HERBAYUM 10-1i;1.0;181
BU00720005;OS HERBAYUM 10-1i;1.0;17
BU00720006;OS HERBAYUM 10-1i;0.9858156028368794;141
BU00720007;OS HERBAYUM 10-2i;1.0;1
BU00720009;OS HERBAYUM 10-1i;1.0;8
BU00720100;OS HERBAYUM 10-1i;1.0;15
BU00720109;OS HERBAYUM 10-1i;0.7058823529411765;17
BU00720200;OS HERBAYUM 10-1i;1.0;12
BU00720209;OS HERBAYUM 10-1i;0.5454545454545454;11
BU00740100;OS HEERENVEEN 10-1i;0.9821428571428571;112
BU00740101;OS HEERENVEEN 10-1i;1.0;118
BU00740102;OS HEERENVEEN 10-1i;1.0;128
BU00740103;OS HEERENVEEN 10-1i;1.0;68
BU00740104;OS HEERENVEEN 10-1i;1.0;218
BU00740105;OS HEERENVEEN 10-1i;0.9666666666666667;30
BU00740106;OS HEERENVEEN 10-1i;1.0;74
BU00740107;OS HEERENVEEN 10-1i;0.7850467289719626;107
BU00740108;OS OUDEHASKE 20-4i;0.9032258064516129;31
BU00740109;OS HEERENVEEN 10-1i;0.6428571428571429;14
BU00740110;OS OUDEHASKE 20-4i;0.78125;32
BU00740201;OS OUDEHASKE 10-2i;0.5625;16
BU00740202;OS HEERENVEEN 10-1i;0.8461538461538461;13
BU00740203;OS HEERENVEEN 10-1i;0.9166666666666666;24
BU00740204;OS HEERENVEEN 10-1i;1.0;5
BU00740205;OS OUDEHASKE 10-2i;1.0;9
BU00740301;OS OUDEHASKE 20-4i;1.0;36
BU00740302;OS GORREDIJK 10-1i;0.5333333333333333;15
BU00740401;OS HEERENVEEN 10-1i;1.0;58
BU00740402;OS HEERENVEEN 10-1i;1.0;25
BU00740403;OS HEERENVEEN 10-1i;0.9473684210526315;19
BU00740404;OS GORREDIJK 10-1i;0.9607843137254902;51
BU00740405;OS GORREDIJK 10-1i;1.0;28
BU00740406;OS GORREDIJK 10-1i;1.0;116
BU00740407;OS GORREDIJK 10-1i;0.9032258064516129;31
BU00740601;OS HEERENVEEN 10-1i;1.0;59
BU00740701;OS OUDEHASKE 10-2i;1.0;16
BU00740702;OS OUDEHASKE 10-2i;1.0;6
BU00740901;OS OUDEHASKE 10-2i;1.0;119
BU00740902;OS OUDEHASKE 10-2i;0.9629629629629629;27
BU00740903;OS OUDEHASKE 10-2i;1.0;68
BU00801001;OS SCHENKENSCHANS 10-2i;1.0;48
BU00801002;OS SCHENKENSCHANS 10-2i;1.0;23
BU00801003;OS SCHENKENSCHANS 10-2i;1.0;23
BU00801004;OS SCHENKENSCHANS 10-2i;1.0;35
BU00801005;OS SCHENKENSCHANS 10-2i;1.0;20
BU00801006;OS SCHENKENSCHANS 10-2i;0.9166666666666666;12
BU00801007;OS SCHENKENSCHANS 10-2i;0.8666666666666667;15
BU00801008;OS LEEUWARDEN 10-4i;0.7272727272727273;11
BU00801101;OS LEEUWARDEN 10-4i;1.0;12
BU00801102;OS LEEUWARDEN 10-4i;1.0;28
BU00801103;OS LEEUWARDEN 10-4i;1.0;70
BU00801104;OS LEEUWARDEN 10-4i;1.0;31
BU00801105;OS LEEUWARDEN 10-4i;1.0;20
BU00801106;OS LEEUWARDEN 10-4i;1.0;24
BU00801107;OS LEEUWARDEN 10-4i;1.0;8
BU00801108;OS LEEUWARDEN 10-4i;1.0;35
BU00801109;OS LEEUWARDEN 10-4i;1.0;8
BU00802001;OS SCHENKENSCHANS 10-2i;0.7704918032786885;61
BU00802002;OS SCHENKENSCHANS 10-2i;0.5106382978723404;47
BU00802003;OS LEEUWARDEN 10-4i;0.9850746268656716;67
BU00802004;OS LEEUWARDEN 10-4i;1.0;50
BU00802005;OS LEEUWARDEN 10-4i;1.0;19
BU00802006;OS LEEUWARDEN 10-4i;1.0;20
BU00802007;OS LEEUWARDEN 10-4i;1.0;39
BU00802008;OS LEEUWARDEN 10-4i;1.0;31
BU00802009;OS LEEUWARDEN 10-4i;1.0;45
BU00803001;OS SCHENKENSCHANS 10-2i;1.0;39
BU00803002;OS SCHENKENSCHANS 10-2i;1.0;36
BU00803003;OS SCHENKENSCHANS 10-2i;1.0;22
BU00803004;OS SCHENKENSCHANS 10-2i;0.9777777777777777;45
BU00803005;OS SCHENKENSCHANS 10-2i;0.9846153846153847;65
BU00803006;OS SCHENKENSCHANS 10-2i;0.5106382978723404;47
BU00803007;OS SCHENKENSCHANS 10-2i;0.5;6
BU00803101;OS SCHENKENSCHANS 10-1i;1.0;89
BU00803102;OS SCHENKENSCHANS 10-1i;0.6;5
BU00803201;OS SCHENKENSCHANS 10-2i;0.8598130841121495;107
BU00803202;OS SCHENKENSCHANS 10-1i;1.0;17
BU00803203;OS SCHENKENSCHANS 10-1i;1.0;5
BU00803204;OS SCHENKENSCHANS 10-1i;1.0;4
BU00804001;OS LEEUWARDEN 10-4i;1.0;59
BU00804002;OS LEEUWARDEN 10-4i;0.972972972972973;37
BU00804003;OS LEEUWARDEN 10-4i;0.9782608695652174;46
BU00804004;OS LEEUWARDEN 10-4i;0.5774647887323944;71
BU00804101;OS SCHENKENSCHANS 10-1i;0.7946428571428571;112
BU00804102;OS SCHENKENSCHANS 10-1i;1.0;5
BU00804103;OS SCHENKENSCHANS 10-1i;1.0;7
BU00804104;OS SCHENKENSCHANS 10-9i;0.625;8
BU00804105;OS SCHENKENSCHANS 10-9i;0.8181818181818182;11
BU00804106;OS SCHENKENSCHANS 10-2i;0.875;8
BU00804107;OS SCHENKENSCHANS 10-2i;1.0;1
BU00804108;OS SCHENKENSCHANS 10-9i;1.0;1
BU00804109;OS SCHENKENSCHANS 10-1i;0.75;4
BU00804110;OS LEEUWARDEN 10-1i;0.6666666666666666;3
BU00805001;OS LEEUWARDEN 10-4i;1.0;51
BU00805002;OS LEEUWARDEN 10-4i;0.9104477611940298;67
BU00805003;OS LEEUWARDEN 10-4i;1.0;2
BU00805101;OS LEEUWARDEN 10-4i;1.0;86
BU00805102;OS LEEUWARDEN 10-4i;1.0;86
BU00805103;OS LEEUWARDEN 10-4i;0.9838709677419355;62
BU00805104;OS LEEUWARDEN 10-1i;1.0;2
BU00805105;OS LEEUWARDEN 10-1i;1.0;5
BU00806001;OS SCHENKENSCHANS 10-2i;1.0;171
BU00806002;OS SCHENKENSCHANS 10-2i;1.0;8
BU00806003;OS SCHENKENSCHANS 10-2i;0.8333333333333334;6
BU00806101;OS SCHENKENSCHANS 10-2i;1.0;49
BU00806102;OS SCHENKENSCHANS 10-2i;0.9285714285714286;28
BU00806201;OS SCHENKENSCHANS 10-2i;1.0;14
BU00806202;OS SCHENKENSCHANS 10-2i;1.0;9
BU00806203;OS SCHENKENSCHANS 10-2i;1.0;6
BU00806204;OS LEEUWARDEN 10-4i;0.9444444444444444;18
BU00806205;OS LEEUWARDEN 10-1i;1.0;3
BU00806206;OS LEEUWARDEN 10-1i;0.9285714285714286;14
BU00806207;OS LEEUWARDEN 10-1i;1.0;14
BU00806208;OS LEEUWARDEN 10-1i;1.0;8
BU00806209;OS LEEUWARDEN 10-1i;1.0;25
BU00806210;OS LEEUWARDEN 10-1i;1.0;5
BU00806301;OS LEEUWARDEN 10-1i;1.0;224
BU00806302;OS LEEUWARDEN 10-1i;1.0;17
BU00806303;OS LEEUWARDEN 10-1i;1.0;3
BU00806304;OS LEEUWARDEN 10-1i;1.0;4
BU00806305;OS LEEUWARDEN 10-1i;1.0;19
BU00806306;OS LEEUWARDEN 10-1i;1.0;5
BU00806307;OS LEEUWARDEN 10-1i;1.0;13
BU00807001;OS SCHENKENSCHANS 10-1i;1.0;110
BU00807002;OS LEEUWARDEN 10-4i;0.509090909090909;55
BU00807003;OS LEEUWARDEN 10-4i;0.9545454545454546;22
BU00807004;OS LEEUWARDEN 10-4i;1.0;30
BU00807101;OS LEEUWARDEN 10-4i;0.8955223880597015;67
BU00807201;OS LEEUWARDEN 10-4i;1.0;10
BU00807202;OS LEEUWARDEN 10-4i;1.0;7
BU00807203;OS LEEUWARDEN 10-4i;1.0;80
BU00807301;OS LEEUWARDEN 10-4i;0.84375;32
BU00807302;OS LEEUWARDEN 10-4i;1.0;9
BU00807303;OS SCHENKENSCHANS 10-1i;1.0;2
BU00807304;OS SCHENKENSCHANS 10-1i;0.5;2
BU00807305;OS LEEUWARDEN 10-4i;1.0;13
BU00807306;OS SCHENKENSCHANS 10-1i;1.0;1
BU00807401;OS SCHENKENSCHANS 10-1i;1.0;4
BU00807402;OS SCHENKENSCHANS 10-1i;1.0;2
BU00807403;OS SCHENKENSCHANS 10-1i;1.0;1
BU00807404;OS SCHENKENSCHANS 10-1i;1.0;1
BU00808001;OS LEEUWARDEN 10-4i;1.0;31
BU00808002;OS LEEUWARDEN 10-4i;1.0;3
BU00808003;OS LEEUWARDEN 10-4i;0.45454545454545453;11
BU00808004;OS LEEUWARDEN 10-1i;1.0;58
BU00808005;OS LEEUWARDEN 10-1i;0.6363636363636364;11
BU00808006;OS LEEUWARDEN 10-1i;1.0;2
BU00808007;OS LEEUWARDEN 10-1i;1.0;31
BU00808008;OS LEEUWARDEN 10-1i;0.7857142857142857;14
BU00808101;OS LEEUWARDEN 10-4i;1.0;13
BU00808102;OS LEEUWARDEN 10-4i;0.7777777777777778;9
BU00808103;OS RAUWERD 10-1i;1.0;38
BU00808104;OS RAUWERD 10-1i;1.0;8
BU00808105;OS RAUWERD 10-1i;1.0;14
BU00808106;OS RAUWERD 10-1i;1.0;6
BU00808107;OS RAUWERD 10-1i;1.0;5
BU00808108;OS RAUWERD 10-1i;0.8571428571428571;7
BU00808109;OS RAUWERD 10-1i;1.0;9
BU00808110;OS RAUWERD 10-1i;1.0;11
BU00808111;OS LEEUWARDEN 10-1i;1.0;2
BU00808112;OS LEEUWARDEN 10-1i;0.9090909090909091;11
BU00808113;OS LEEUWARDEN 10-1i;1.0;3
BU00808114;OS LEEUWARDEN 10-1i;1.0;1
BU00808115;OS RAUWERD 10-1i;1.0;12
BU00808116;OS MARNEZIJL 10-2i;1.0;15
BU00808117;OS MARNEZIJL 10-2i;0.625;8
BU00808201;OS RAUWERD 10-1i;1.0;34
BU00808202;OS RAUWERD 10-1i;1.0;6
BU00808203;OS RAUWERD 10-1i;1.0;1
BU00808204;OS RAUWERD 10-1i;1.0;4
BU00808205;OS RAUWERD 10-1i;1.0;3
BU00808206;OS RAUWERD 10-1i;1.0;207
BU00808207;OS RAUWERD 10-1i;0.9375;16
BU00808208;OS OUDEHASKE 10-2i;0.8636363636363636;44
BU00808209;OS OUDEHASKE 10-2i;0.42857142857142855;7
BU00850101;OS OOSTERWOLDE 10-1i;1.0;6
BU00850102;OS OOSTERWOLDE 10-1i;0.8888888888888888;9
BU00850103;OS OOSTERWOLDE 10-1i;1.0;6
BU00850104;OS OOSTERWOLDE 10-1i;1.0;29
BU00850105;OS OOSTERWOLDE 10-1i;1.0;11
BU00850106;OS OOSTERWOLDE 10-1i;1.0;5
BU00850107;OS OOSTERWOLDE 10-1i;1.0;8
BU00850108;OS OOSTERWOLDE 10-1i;1.0;11
BU00850109;OS OOSTERWOLDE 10-1i;1.0;11
BU00850110;OS OOSTERWOLDE 10-1i;1.0;9
BU00850111;OS OOSTERWOLDE 10-1i;1.0;44
BU00850201;OS OOSTERWOLDE 10-1i;1.0;11
BU00850202;OS OOSTERWOLDE 10-1i;1.0;23
BU00850203;OS OOSTERWOLDE 10-1i;1.0;31
BU00850301;OS OOSTERWOLDE 10-1i;1.0;6
BU00850302;OS OOSTERWOLDE 10-1i;1.0;17
BU00850401;OS OOSTERWOLDE 10-1i;1.0;2
BU00850402;OS OOSTERWOLDE 10-1i;1.0;13
BU00850501;OS OOSTERWOLDE 10-1i;1.0;1
BU00850502;OS OOSTERWOLDE 10-1i;1.0;20
BU00850601;OS OOSTERWOLDE 10-1i;1.0;7
BU00850602;OS OOSTERWOLDE 10-1i;1.0;8
BU00850603;OS OOSTERWOLDE 10-1i;1.0;22
BU00850604;OS OOSTERWOLDE 10-1i;1.0;5
BU00850605;OS OOSTERWOLDE 10-1i;1.0;4
BU00850606;OS OOSTERWOLDE 10-1i;1.0;10
BU00850607;OS OOSTERWOLDE 10-1i;1.0;3
BU00850608;OS OOSTERWOLDE 10-1i;1.0;28
BU00850701;OS OOSTERWOLDE 10-1i;1.0;4
BU00850702;OS OOSTERWOLDE 10-1i;1.0;6
BU00850801;OS OOSTERWOLDE 10-1i;1.0;14
BU00850802;OS OOSTERWOLDE 10-1i;0.7894736842105263;19
BU00850901;OS OOSTERWOLDE 10-1i;1.0;1
BU00850902;OS OOSTERWOLDE 10-1i;0.5;10
BU00851001;OS GORREDIJK 10-1i;1.0;24
BU00851002;OS GORREDIJK 10-1i;1.0;9
BU00851003;OS GORREDIJK 10-1i;1.0;12
BU00851101;OS OOSTERWOLDE 10-1i;0.9545454545454546;22
BU00851102;OS OOSTERWOLDE 10-2i;1.0;4
BU00851103;OS OOSTERWOLDE 10-1i;1.0;21
BU00851104;OS OOSTERWOLDE 10-1i;0.8888888888888888;9
BU00851105;OS OOSTERWOLDE 10-1i;0.6923076923076923;13
BU00851106;OS OOSTERWOLDE 10-2i;1.0;14
BU00851107;OS OOSTERWOLDE 10-2i;0.8235294117647058;17
BU00851108;OS OOSTERWOLDE 10-2i;1.0;21
BU00851109;OS OOSTERWOLDE 10-2i;1.0;7
BU00851110;OS OOSTERWOLDE 10-1i;0.5555555555555556;27
BU00851111;OS OOSTERWOLDE 10-2i;1.0;16
BU00851112;OS OOSTERWOLDE 10-2i;1.0;43
BU00851113;OS OOSTERWOLDE 10-2i;0.5;16
BU00851114;OS OOSTERWOLDE 10-2i;1.0;9
BU00851115;OS OOSTERWOLDE 10-2i;1.0;14
BU00851116;OS OOSTERWOLDE 10-2i;1.0;10
BU00851117;OS OOSTERWOLDE 10-1i;0.6111111111111112;18
BU00851118;OS OOSTERWOLDE 10-1i;0.9259259259259259;27
BU00851201;OS OOSTERWOLDE 10-1i;1.0;2
BU00851202;OS OOSTERWOLDE 10-1i;1.0;10
BU00851301;OS OOSTERWOLDE 10-1i;1.0;8
BU00851302;OS OOSTERWOLDE 10-1i;1.0;13
BU00860101;OS OOSTERWOLDE 10-1i;1.0;7
BU00860102;OS OOSTERWOLDE 10-1i;1.0;29
BU00860103;OS OOSTERWOLDE 10-1i;0.9411764705882353;17
BU00860201;OS DRACHTEN 10-1i;1.0;6
BU00860202;OS DRACHTEN 10-1i;1.0;18
BU00860203;OS DRACHTEN 10-1i;1.0;37
BU00860204;OS DRACHTEN 10-1i;1.0;1
BU00860205;OS DRACHTEN 10-1i;1.0;7
BU00860206;OS DRACHTEN 10-1i;1.0;12
BU00860207;OS DRACHTEN 10-1i;1.0;8
BU00860208;OS DRACHTEN 10-1i;0.8;5
BU00860209;OS DRACHTEN 10-1i;1.0;11
BU00860401;OS DRACHTEN 10-1i;1.0;14
BU00860402;OS DRACHTEN 10-1i;1.0;8
BU00860501;OS GORREDIJK 10-1i;1.0;43
BU00860502;OS GORREDIJK 10-1i;1.0;15
BU00860503;OS GORREDIJK 10-1i;1.0;40
BU00860504;OS GORREDIJK 10-1i;1.0;21
BU00860505;OS GORREDIJK 10-1i;1.0;24
BU00860506;OS GORREDIJK 10-1i;1.0;67
BU00860507;OS GORREDIJK 10-1i;1.0;14
BU00860508;OS GORREDIJK 10-1i;1.0;15
BU00860601;OS GORREDIJK 10-1i;0.9090909090909091;11
BU00860602;OS GORREDIJK 10-1i;0.6470588235294118;17
BU00860701;OS GORREDIJK 10-1i;1.0;2
BU00860702;OS GORREDIJK 10-1i;1.0;7
BU00860801;OS HEERENVEEN 10-1i;0.6153846153846154;13
BU00860802;OS HEERENVEEN 10-1i;0.6;15
BU00860901;OS GORREDIJK 10-1i;1.0;27
BU00860902;OS GORREDIJK 10-1i;0.7692307692307693;13
BU00861001;OS HEERENVEEN 10-1i;1.0;5
BU00861002;OS HEERENVEEN 10-1i;1.0;7
BU00861101;OS DRACHTEN 10-1i;1.0;19
BU00861102;OS DRACHTEN 10-1i;0.8;15
BU00861301;OS OOSTERWOLDE 10-1i;1.0;4
BU00861302;OS OOSTERWOLDE 10-1i;0.6363636363636364;22
BU00861401;OS GORREDIJK 10-1i;0.8181818181818182;11
BU00861402;OS GORREDIJK 10-1i;0.95;20
BU00861501;OS GORREDIJK 10-1i;0.96;25
BU00861502;OS GORREDIJK 10-1i;0.5555555555555556;18
BU00861601;OS DRACHTEN 10-1i;1.0;10
BU00861602;OS DRACHTEN 10-1i;1.0;39
BU00861603;OS DRACHTEN 10-1i;1.0;1
BU00861604;OS DRACHTEN 10-1i;1.0;9
BU00861605;OS DRACHTEN 10-1i;1.0;19
BU00861606;OS DRACHTEN 10-2i;0.8333333333333334;6
BU00861607;OS DRACHTEN 10-1i;1.0;29
BU00861701;OS OOSTERWOLDE 10-1i;1.0;11
BU00861702;OS OOSTERWOLDE 10-1i;1.0;16
BU00861703;OS OOSTERWOLDE 10-1i;1.0;34
BU00880000;OS DOKKUM 10-1i;1.0;55
BU00880009;OS DOKKUM 10-1i;1.0;28
BU00900101;OS DRACHTEN 10-1i;1.0;53
BU00900201;OS DRACHTEN 10-1i;1.0;9
BU00900202;OS DRACHTEN 10-1i;1.0;18
BU00900203;OS DRACHTEN 10-1i;1.0;25
BU00900204;OS DRACHTEN 10-1i;1.0;49
BU00900205;OS DRACHTEN 10-1i;1.0;34
BU00900206;OS DRACHTEN 10-1i;0.8461538461538461;39
BU00900301;OS DRACHTEN 10-1i;0.9473684210526315;19
BU00900302;OS DRACHTEN 10-1i;1.0;50
BU00900303;OS DRACHTEN 10-1i;1.0;18
BU00900304;OS DRACHTEN 10-1i;1.0;19
BU00900401;OS DRACHTEN 10-1i;1.0;15
BU00900402;OS DRACHTEN 10-1i;1.0;18
BU00900403;OS DRACHTEN 10-1i;1.0;23
BU00900404;OS DRACHTEN 10-1i;1.0;25
BU00900405;OS DRACHTEN 10-1i;1.0;21
BU00900406;OS DRACHTEN 10-1i;1.0;46
BU00900501;OS DRACHTEN 10-1i;1.0;16
BU00900502;OS DRACHTEN 10-1i;1.0;2
BU00900601;OS DRACHTEN 10-1i;0.9047619047619048;21
BU00900602;OS DRACHTEN 10-1i;1.0;40
BU00900603;OS DRACHTEN 10-1i;1.0;16
BU00900701;OS DRACHTEN 10-1i;1.0;17
BU00900702;OS DRACHTEN 10-1i;1.0;12
BU00900703;OS DRACHTEN 10-1i;1.0;27
BU00900704;OS DRACHTEN 10-1i;1.0;25
BU00900705;OS DRACHTEN 10-1i;1.0;14
BU00900706;OS DRACHTEN 10-1i;1.0;13
BU00900801;OS DRACHTEN 10-1i;0.9655172413793104;58
BU00900802;OS DRACHTEN 10-1i;0.9830508474576272;59
BU00900803;OS DRACHTEN 10-1i;1.0;14
BU00900901;OS DRACHTEN 10-1i;1.0;21
BU00900902;OS DRACHTEN 10-1i;1.0;15
BU00900903;OS DRACHTEN 10-1i;1.0;35
BU00900904;OS DRACHTEN 10-1i;1.0;20
BU00901001;OS DRACHTEN 10-1i;1.0;39
BU00901002;OS DRACHTEN 10-1i;1.0;11
BU00901003;OS DRACHTEN 10-1i;1.0;32
BU00901004;OS DRACHTEN 10-1i;1.0;39
BU00901101;OS DRACHTEN 10-2i;1.0;29
BU00901201;OS DRACHTEN 10-2i;1.0;16
BU00901202;OS DRACHTEN 10-1i;0.8;5
BU00901301;OS DRACHTEN 10-1i;1.0;19
BU00901302;OS DRACHTEN 10-1i;1.0;40
BU00901303;OS DRACHTEN 10-1i;1.0;22
BU00902104;OS DRACHTEN 10-1i;1.0;34
BU00902105;OS DRACHTEN 10-1i;0.8666666666666667;15
BU00902109;OS DRACHTEN 10-1i;0.9411764705882353;17
BU00902110;OS DRACHTEN 10-1i;0.9636363636363636;55
BU00902114;OS BERGUM CENTRALE 10-1i;1.0;13
BU00902201;OS DRACHTEN 10-1i;1.0;9
BU00902202;OS DRACHTEN 10-1i;1.0;13
BU00902203;OS DRACHTEN 10-1i;1.0;5
BU00902206;OS DRACHTEN 10-1i;1.0;40
BU00902212;OS DRACHTEN 10-1i;1.0;2
BU00902213;OS RAUWERD 10-1i;1.0;4
BU00902215;OS DRACHTEN 10-1i;0.9;10
BU00902216;OS DRACHTEN 10-1i;1.0;7
BU00902307;OS DRACHTEN 10-1i;1.0;43
BU00902308;OS DRACHTEN 10-1i;0.7857142857142857;28
BU00902311;OS DRACHTEN 10-1i;0.6578947368421053;38
BU00930000;OS HERBAYUM 20KV 20-1i;1.0;83
BU00930002;OS HERBAYUM 20KV 20-1i;1.0;8
BU00930110;OS HERBAYUM 20KV 20-1i;1.0;24
BU00930111;OS HERBAYUM 20KV 20-1i;1.0;25
BU00930112;OS HERBAYUM 20KV 20-1i;1.0;3
BU00930213;OS HERBAYUM 20KV 20-1i;1.0;8
BU00930214;OS HERBAYUM 20KV 20-1i;1.0;8
BU00930215;OS HERBAYUM 20KV 20-1i;1.0;3
BU00930316;OS HERBAYUM 20KV 20-1i;1.0;4
BU00930317;OS HERBAYUM 20KV 20-1i;1.0;4
BU00930418;OS HERBAYUM 20KV 20-1i;1.0;4
BU00930419;OS HERBAYUM 20KV 20-1i;1.0;18
BU00930420;OS HERBAYUM 20KV 20-1i;1.0;8
BU00930521;OS HERBAYUM 20KV 20-1i;1.0;2
BU00930522;OS HERBAYUM 20KV 20-1i;1.0;2
BU00930523;OS HERBAYUM 20KV 20-1i;1.0;1
BU00960000;OS HERBAYUM 20KV 20-1i;1.0;43
BU00960009;OS HERBAYUM 20KV 20-1i;1.0;11
BU00980001;OS WOLVEGA 10-2i;1.0;8
BU00980002;OS WOLVEGA 10-2i;1.0;16
BU00980003;OS WOLVEGA 10-2i;1.0;15
BU00980004;OS WOLVEGA 10-2i;1.0;44
BU00980005;OS WOLVEGA 10-2i;1.0;34
BU00980006;OS WOLVEGA 10-2i;1.0;36
BU00980007;OS WOLVEGA 10-2i;1.0;11
BU00980008;OS WOLVEGA 10-2i;1.0;19
BU00980009;OS WOLVEGA 10-2i;1.0;12
BU00980010;OS WOLVEGA 10-2i;1.0;29
BU00980011;OS WOLVEGA 10-2i;1.0;39
BU00980012;OS WOLVEGA 10-2i;1.0;37
BU00980013;OS WOLVEGA 10-2i;1.0;19
BU00980014;OS WOLVEGA 10-2i;1.0;22
BU00980015;OS WOLVEGA 10-2i;1.0;15
BU00980016;OS WOLVEGA 10-2i;1.0;28
BU00980017;OS WOLVEGA 10-2i;1.0;7
BU00980018;OS WOLVEGA 10-2i;1.0;2
BU00980019;OS WOLVEGA 10-2i;1.0;9
BU00980020;OS WOLVEGA 10-2i;1.0;17
BU00980021;OS WOLVEGA 10-2i;1.0;7
BU00980101;OS WOLVEGA 10-2i;1.0;8
BU00980102;OS WOLVEGA 10-2i;1.0;12
BU00980104;OS WOLVEGA 10-2i;1.0;11
BU00980201;OS WOLVEGA 10-2i;1.0;5
BU00980202;OS WOLVEGA 10-2i;0.9090909090909091;11
BU00980301;Lemmer 10kV;1.0;3
BU00980302;Lemmer 10kV;1.0;8
BU00980303;OS WOLVEGA 10-2i;1.0;2
BU00980304;OS WOLVEGA 10-2i;0.7692307692307693;13
BU00980305;OS WOLVEGA 10-2i;1.0;8
BU00980401;OS WOLVEGA 10-2i;1.0;6
BU00980402;OS WOLVEGA 10-2i;0.625;8
BU00980403;OS WOLVEGA 10-2i;0.6666666666666666;12
BU00980501;OS WOLVEGA 10-2i;1.0;6
BU00980502;OS WOLVEGA 10-2i;1.0;8
BU00980601;OS WOLVEGA 10-2i;1.0;1
BU00980602;OS WOLVEGA 10-2i;0.8125;16
BU00980701;OS WOLVEGA 10-2i;0.9230769230769231;26
BU00980702;OS WOLVEGA 10-2i;1.0;6
BU00980801;OS WOLVEGA 10-2i;1.0;16
BU00980802;OS WOLVEGA 10-2i;0.9473684210526315;19
BU00980901;OS WOLVEGA 10-2i;1.0;1
BU00980902;OS WOLVEGA 10-2i;1.0;9
BU00980903;OS WOLVEGA 10-2i;1.0;7
BU00981001;OS WOLVEGA 10-2i;1.0;11
BU00981002;OS WOLVEGA 10-2i;1.0;8
BU00981003;OS WOLVEGA 10-2i;1.0;20
BU00981004;OS WOLVEGA 10-2i;1.0;15
BU00981005;OS WOLVEGA 10-2i;1.0;43
BU00981006;OS WOLVEGA 10-2i;1.0;1
BU00981007;OS WOLVEGA 10-2i;1.0;3
BU00981008;OS WOLVEGA 10-2i;1.0;12
BU00981009;OS WOLVEGA 10-2i;1.0;24
BU00981101;OS WOLVEGA 10-2i;1.0;3
BU00981102;OS WOLVEGA 10-2i;1.0;15
BU00981201;OS WOLVEGA 10-2i;1.0;14
BU00981301;OS WOLVEGA 10-2i;1.0;11
BU00981302;OS WOLVEGA 10-2i;0.8181818181818182;22
BU00981401;OS GORREDIJK 10-1i;1.0;4
BU00981402;OS WOLVEGA 10-2i;0.5;10
BU00981501;OS WOLVEGA 10-2i;1.0;25
BU00981502;OS WOLVEGA 10-2i;1.0;12
BU01060000;MAK;1.0;24
BU01060001;MAK;1.0;5
BU01060002;MAK;1.0;16
BU01060003;MAK;1.0;31
BU01060004;MAK;1.0;28
BU01060005;MAK;0.9850746268656716;67
BU01060006;ZYV;0.8333333333333334;12
BU01060007;ZYV;1.0;7
BU01060008;ZYV;0.6666666666666666;18
BU01060009;MAK;0.5714285714285714;7
BU01060010;MAK;1.0;27
BU01060011;MAK;1.0;22
BU01060012;MAK;1.0;10
BU01060100;ZYV;1.0;39
BU01060101;ZYV;1.0;26
BU01060102;ZYV;1.0;46
BU01060103;ZYV;1.0;29
BU01060104;ZYV;0.5333333333333333;15
BU01060105;MAK;1.0;24
BU01060200;ZYV;1.0;59
BU01060201;ZYV;0.9090909090909091;22
BU01060202;ZYV;0.8545454545454545;55
BU01060203;MAK;0.9761904761904762;42
BU01060204;MAK;1.0;18
BU01060205;MAK;1.0;60
BU01060302;MAK;1.0;5
BU01060303;MAK;1.0;12
BU01060304;MAK;1.0;31
BU01060305;MAK;1.0;63
BU01060306;MAK;1.0;11
BU01060307;MAK;1.0;69
BU01060308;MAK;1.0;41
BU01060309;MAK;1.0;3
BU01060310;MAK;1.0;13
BU01060311;MAK;1.0;2
BU01060400;ZYV;1.0;11
BU01060401;ZYV;0.9743589743589743;39
BU01060402;ZYV;0.7142857142857143;35
BU01060403;MAK;1.0;2
BU01060500;MAK;1.0;6
BU01060501;ZYV;1.0;1
BU01060502;ZYV;1.0;34
BU01060503;ZYV;1.0;49
BU01060504;ZYV;1.0;21
BU01060505;ZYV;1.0;1
BU01060506;ZYV;1.0;5
BU01060507;ZYV;1.0;2
BU01060508;ZYV;1.0;20
BU01060509;ZYV;1.0;3
BU01060600;MAK;1.0;25
BU01060601;MAK;1.0;42
BU01060602;MAK;1.0;56
BU01060603;MAK;1.0;37
BU01060604;MAK;1.0;8
BU01060700;MAK;1.0;15
BU01060701;MAK;1.0;14
BU01060702;MAK;1.0;11
BU01060703;MAK;1.0;11
BU01060704;MAK;1.0;20
BU01060705;MAK;1.0;21
BU01060706;MAK;1.0;18
BU01060707;MAK;1.0;28
BU01060708;MAK;1.0;15
BU01060709;MAK;1.0;14
BU01060710;MAK;1.0;28
BU01060711;MAK;1.0;17
BU01060712;MAK;1.0;8
BU01060713;MAK;1.0;8
BU01060714;MAK;1.0;7
BU01060715;MAK;1.0;13
BU01060716;MAK;1.0;5
BU01060717;MAK;1.0;5
BU01060800;ZYV;1.0;18
BU01060801;ZYV;1.0;13
BU01060802;ZYV;1.0;6
BU01060803;ZYV;1.0;14
BU01060804;ZYV;1.0;21
BU01060805;ZYV;1.0;15
BU01060806;ZYV;1.0;10
BU01060807;ZYV;1.0;15
BU01060808;ZYV;1.0;10
BU01060809;ZYV;1.0;7
BU01060810;ZYV;1.0;13
BU01060811;ZYV;1.0;3
BU01060812;ZYV;1.0;1
BU01060813;ZYV;1.0;4
BU01060815;ZYV;1.0;18
BU01060816;ZYV;1.0;18
BU01060817;ZYV;1.0;10
BU01060899;ZYV;1.0;3
BU01069900;MAK;1.0;8
BU01069901;MAK;1.0;5
BU01069902;MAK;1.0;5
BU01069903;MAK;1.0;4
BU01069904;MAK;1.0;1
BU01069905;ZYV;0.5;2
BU01069906;MAK;1.0;5
BU01069907;MAK;0.75;4
BU01069909;ZYV;1.0;7
BU01069910;ZYV;1.0;6
BU01069911;ZYV;1.0;10
BU01069912;ZYV;1.0;1
BU01069913;MAK;1.0;4
BU01069914;MAK;0.6666666666666666;3
BU01069915;MAK;1.0;1
BU01069916;MAK;1.0;3
BU01069917;MAK;1.0;2
BU01069918;MAK;1.0;5
BU01091000;CVD;1.0;80
BU01091001;CVD;1.0;47
BU01091002;CVD;1.0;40
BU01091003;CVD;1.0;93
BU01091004;CVD;1.0;64
BU01091006;CVD;1.0;3
BU01091007;CVD;1.0;39
BU01091008;CVD;1.0;38
BU01091009;CVD;1.0;10
BU01091010;CVD;1.0;6
BU01091011;CVD;1.0;9
BU01091012;CVD;1.0;12
BU01091013;CVD;1.0;6
BU01091014;CVD;1.0;4
BU01091015;CVD;1.0;19
BU01091116;CVD;1.0;14
BU01091117;CVD;1.0;16
BU01091218;CVD;1.0;2
BU01091219;CVD;1.0;2
BU01091320;VO;1.0;2
BU01091421;VO;1.0;4
BU01092022;CVD;1.0;103
BU01092023;CVD;0.96;25
BU01092024;CVD;1.0;9
BU01092025;CVD;1.0;12
BU01092026;CVD;1.0;14
BU01092027;CVD;1.0;14
BU01092028;CVD;0.5;6
BU01092029;CVD;0.8333333333333334;6
BU01092030;CVD;1.0;7
BU01092031;CVD;1.0;4
BU01093032;CVD;1.0;48
BU01093033;CVD;1.0;11
BU01093034;CVD;1.0;12
BU01093035;CVD;1.0;8
BU01093036;CVD;0.8;5
BU01093037;CVD;0.7777777777777778;9
BU01093038;HGV;1.0;16
BU01093039;HGV;1.0;25
BU01093068;CVD;1.0;7
BU01094040;BGMR;1.0;79
BU01094041;BGMR;1.0;1
BU01094042;BGMR;1.0;12
BU01094043;BGMR;1.0;13
BU01094044;BGMR;0.5;2
BU01094045;BGMR;0.5;6
BU01094046;BGMR;1.0;11
BU01094047;EMW;0.98;50
BU01094048;EMW;1.0;6
BU01094049;EMW;1.0;5
BU01094050;BGMR;1.0;1
BU01094051;BGMR;0.5;8
BU01094052;VO;1.0;5
BU01094053;BGMR;1.0;12
BU01094054;BGMR;1.0;1
BU01094055;VO;1.0;3
BU01094056;VO;1.0;7
BU01094057;BGMR;1.0;15
BU01095058;BL;1.0;9
BU01095059;BL;0.8571428571428571;56
BU01095060;BL;0.8;10
BU01095061;BL;1.0;15
BU01095062;BL;0.8181818181818182;11
BU01095063;BL;1.0;5
BU01095064;BL;1.0;4
BU01095065;BGMR;1.0;3
BU01095066;BGMR;1.0;7
BU01095067;BL;0.875;8
BU01140100;EMW;1.0;17
BU01140101;EMW;1.0;65
BU01140102;EMW;1.0;8
BU01140103;EMW;1.0;8
BU01140104;MSKZ;0.8888888888888888;9
BU01140106;EMW;1.0;5
BU01140109;EMW;0.6842105263157895;19
BU01140200;MSKZ;1.0;8
BU01140206;EMW;0.6666666666666666;3
BU01140208;MSKZ;0.75;4
BU01140209;EMW;0.5;16
BU01140300;EMW;1.0;148
BU01140301;EMW;1.0;56
BU01140302;EMW;0.6666666666666666;9
BU01140303;EMW;0.6923076923076923;13
BU01140309;EMW;0.92;25
BU01140400;KZVZ;1.0;32
BU01140401;KZVZ;1.0;4
BU01140402;KZVZ;1.0;6
BU01140408;KZVZ;1.0;1
BU01140409;KZVZ;1.0;13
BU01140500;KZVZ;1.0;33
BU01140502;BGMR;0.8333333333333334;6
BU01140503;KZVZ;1.0;1
BU01140504;KZVZ;1.0;1
BU01140509;KZVZ;0.8;5
BU01140600;VO;1.0;138
BU01140601;VO;1.0;6
BU01140608;VO;1.0;10
BU01140609;VO;1.0;11
BU01140700;VO;1.0;100
BU01140701;VO;1.0;4
BU01140702;VO;1.0;10
BU01140707;VO;1.0;1
BU01140708;BGMR;1.0;1
BU01140709;VO;0.9;20
BU01140800;KZVZ;1.0;135
BU01140801;KZVZ;0.9625;160
BU01140802;VO;1.0;3
BU01140803;KZVZ;1.0;8
BU01140804;KZVZ;1.0;2
BU01140806;VO;1.0;2
BU01140807;KZVZ;1.0;12
BU01140809;KZVZ;0.5263157894736842;19
BU01140900;KZVZ;1.0;76
BU01140901;KZVZ;1.0;5
BU01140909;KZVZ;1.0;4
BU01141000;VO;1.0;119
BU01141001;VO;1.0;5
BU01141002;VO;1.0;4
BU01141003;VO;1.0;15
BU01141004;VO;1.0;8
BU01141009;VO;1.0;15
BU01141300;VO;1.0;66
BU01141308;VO;1.0;2
BU01141309;VO;1.0;3
BU01142100;VO;1.0;20
BU01142101;VO;1.0;4
BU01142102;VO;1.0;5
BU01142109;VO;1.0;9
BU01143200;VO;1.0;37
BU01143201;VO;1.0;3
BU01143209;VO;1.0;6
BU01144000;BGMR;0.625;160
BU01144100;EMW;1.0;44
BU01144101;EMW;0.723404255319149;47
BU01144200;EMW;1.0;212
BU01144300;BGMR;0.5869565217391305;230
BU01144400;EMW;1.0;164
BU01144500;EMW;1.0;30
BU01144600;BGMR;1.0;213
BU01144700;BGMR;1.0;182
BU01144800;BGMR;0.9791666666666666;48
BU01144900;BGMR;1.0;40
BU01145000;BGMR;0.8552631578947368;76
BU01145100;EMW;1.0;20
BU01145101;EMW;1.0;3
BU01145109;EMW;0.5405405405405406;74
BU01145200;BGMR;1.0;48
BU01145201;BGMR;1.0;16
BU01145300;BGMR;1.0;71
BU01145301;BGMR;0.9;10
BU01185000;HGV;1.0;66
BU01185001;HGV;1.0;41
BU01185002;HGV;1.0;16
BU01185003;HGV;1.0;124
BU01185004;HGV;1.0;97
BU01185005;HGV;1.0;182
BU01185006;HGV;1.0;58
BU01185007;HGV;1.0;78
BU01185008;HGV;1.0;79
BU01185100;HGV;1.0;27
BU01185101;HGV;1.0;32
BU01185102;HGV;1.0;4
BU01185103;HGV;1.0;40
BU01185104;HGV;1.0;40
BU01185105;HGV;1.0;21
BU01185106;HGV;1.0;36
BU01185107;HGV;1.0;32
BU01185108;HGV;1.0;34
BU01185109;HGV;1.0;51
BU01185200;HGV;1.0;9
BU01185201;HGV;1.0;8
BU01185300;HGV;1.0;33
BU01185301;HGV;1.0;12
BU01185302;HGV;1.0;31
BU01185400;HGV;1.0;75
BU01185401;HGV;1.0;10
BU01185402;HGV;1.0;22
BU01185500;HGV;1.0;30
BU01185501;HGV;1.0;27
BU01185600;CVD;0.9032258064516129;31
BU01185601;CVD;0.75;8
BU01185700;HGV;1.0;17
BU01185701;HGV;1.0;20
BU01185800;HGV;1.0;9
BU01185801;HGV;1.0;11
BU01185900;HGV;1.0;9
BU01185901;HGV;1.0;17
BU01186000;HGV;1.0;35
BU01186001;HGV;1.0;8
BU01186002;HGV;1.0;7
BU01186003;HGV;1.0;11
BU01186100;HGV;1.0;8
BU01186201;HGV;1.0;4
BU01186202;HGV;1.0;21
BU01186203;HGV;1.0;22
BU01186204;HGV;1.0;19
BU01186205;HGV;1.0;4
BU01186206;HGV;1.0;5
BU01190000;MP;1.0;98
BU01190001;MP;1.0;41
BU01190002;MP;1.0;71
BU01190100;MP;1.0;13
BU01190101;MP;1.0;5
BU01190200;MP;1.0;33
BU01190201;MP;1.0;47
BU01190202;MP;1.0;43
BU01190300;MP;1.0;51
BU01190301;MP;1.0;46
BU01190302;MP;1.0;17
BU01190303;MP;1.0;56
BU01190400;MP;1.0;31
BU01190401;MP;1.0;32
BU01190500;MP;1.0;16
BU01190501;MP;1.0;3
BU01190600;MP;1.0;51
BU01190601;MP;1.0;29
BU01190602;MP;1.0;13
BU01190603;MP;1.0;63
BU01190700;MP;1.0;20
BU01190701;MP;1.0;15
BU01190800;MP;1.0;7
BU01190900;MP;1.0;10
BU01190901;MP;1.0;7
BU01191000;MP;1.0;3
BU01191001;MP;1.0;4
BU01191002;MP;1.0;8
BU01191003;MP;0.6666666666666666;3
BU01191004;MP;1.0;7
BU01191100;SW;0.6;10
BU01191101;MP;1.0;5
BU01191102;MP;1.0;2
BU01191200;SW;1.0;3
BU01191201;SW;1.0;31
BU01191202;SW;1.0;23
BU01191203;SW;1.0;18
BU01191204;ZS;0.5;2
BU01191205;SW;1.0;1
BU01191206;SW;1.0;5
BU01191207;SW;1.0;2
BU01191208;SW;1.0;4
BU01191209;SW;0.6666666666666666;18
BU01191300;MP;1.0;11
BU01191301;MP;1.0;4
BU01191302;MP;1.0;4
BU01411000;AMLM;0.8452380952380952;84
BU01411001;AMLU;1.0;37
BU01411002;AMLU;0.5294117647058824;34
BU01411003;AMLM;1.0;38
BU01411100;AMLU;1.0;32
BU01411101;AMLU;1.0;36
BU01411102;AMLU;1.0;38
BU01411103;AMLU;1.0;53
BU01411104;AMLU;0.95;40
BU01411105;AMLU;1.0;8
BU01411109;AMLU;1.0;5
BU01411200;AMLM;1.0;37
BU01411201;AMLM;0.8225806451612904;62
BU01411202;AMLM;1.0;46
BU01411203;AMLM;0.9523809523809523;21
BU01411204;AMLM;0.9230769230769231;26
BU01411205;AMLM;1.0;12
BU01411206;AMLM;1.0;5
BU01411209;AMLM;0.5384615384615384;13
BU01411300;AMLU;1.0;36
BU01411301;AMLU;1.0;28
BU01411302;AMLU;1.0;31
BU01411303;AMLU;1.0;58
BU01411304;AMLU;1.0;16
BU01411305;AMLU;1.0;27
BU01411309;AMLU;0.8888888888888888;9
BU01411400;AMLM;1.0;16
BU01411401;AMLM;1.0;15
BU01411402;AMLM;1.0;50
BU01411403;AMLM;1.0;29
BU01411404;AMLM;1.0;19
BU01411405;AMLM;1.0;42
BU01411406;AMLM;1.0;26
BU01411409;AMLM;1.0;17
BU01411500;AMLM;0.84375;32
BU01411501;AMLM;0.6888888888888889;45
BU01411502;AMLM;1.0;17
BU01411600;AMLM;0.9565217391304348;23
BU01411601;AMLM;0.9583333333333334;24
BU01411602;AMLM;1.0;24
BU01411603;AMLM;0.9411764705882353;34
BU01411604;AMLM;0.9661016949152542;59
BU01411605;AMLM;0.967741935483871;31
BU01411700;AMLU;1.0;29
BU01411701;AMLU;1.0;28
BU01411702;AMLU;1.0;11
BU01411703;AMLU;1.0;22
BU01411709;AMLU;0.7916666666666666;24
BU01411800;AMLU;0.9743589743589743;39
BU01411801;AMLU;1.0;46
BU01411802;AMLU;1.0;54
BU01411803;AMLU;1.0;45
BU01411804;AMLU;1.0;36
BU01411805;AMLU;1.0;73
BU01411806;AMLU;1.0;3
BU01411900;AMLM;1.0;16
BU01411901;AMLM;1.0;33
BU01411902;AMLM;1.0;35
BU01411903;AMLM;1.0;37
BU01411904;AMLM;0.9655172413793104;29
BU01411905;AMLM;1.0;29
BU01411906;AMLM;0.7058823529411765;34
BU01411907;AMLM;0.7333333333333333;15
BU01411908;AMLU;0.8666666666666667;15
BU01411909;AMLU;0.8974358974358975;39
BU01411910;AMLU;1.0;4
BU01411920;AMLU;0.5;4
BU01412000;VH;1.0;14
BU01412001;VH;1.0;28
BU01412100;AMLU;0.967741935483871;31
BU01412109;AMLU;0.6938775510204082;49
BU01470000;HGLW;1.0;76
BU01470001;HGLW;1.0;103
BU01470002;HGLW;1.0;27
BU01470003;HGLW;1.0;65
BU01470004;HGLW;1.0;54
BU01470005;HGLW;1.0;41
BU01470006;HGLW;1.0;79
BU01470007;HGLW;1.0;27
BU01470008;HGLW;1.0;85
BU01470009;HGLW;1.0;20
BU01470100;HGLW;1.0;19
BU01470101;HGLW;1.0;24
BU01470102;HGLW;1.0;34
BU01470105;HGLW;1.0;6
BU01470106;HGLW;1.0;17
BU01480101;ZLH;1.0;43
BU01480102;ZLH;1.0;21
BU01480103;ZLH;1.0;41
BU01480104;ZLH;1.0;61
BU01480105;ZLH;1.0;41
BU01480106;ZLH;1.0;29
BU01480107;ZLH;1.0;8
BU01480109;ZLH;1.0;21
BU01480110;ZLH;0.5;18
BU01480111;OMD;0.6923076923076923;13
BU01480112;ZLH;0.9523809523809523;21
BU01480113;RT;0.6666666666666666;6
BU01480114;RT;0.625;16
BU01480115;ZLW;1.0;14
BU01480116;ZLW;1.0;13
BU01480117;ZLW;0.6666666666666666;15
BU01480118;OMD;1.0;12
BU01480119;OMD;1.0;43
BU01480201;OMD;1.0;55
BU01480202;OMD;1.0;31
BU01480203;OMD;1.0;49
BU01480204;OMD;1.0;24
BU01480205;OMD;1.0;30
BU01480206;OMD;1.0;3
BU01480207;OMD;1.0;1
BU01480208;OMD;0.6111111111111112;18
BU01480209;OMD;1.0;8
BU01480210;OMD;0.6923076923076923;26
BU01480211;OMD;1.0;7
BU01480301;RT;1.0;39
BU01480302;RT;1.0;37
BU01480303;RT;1.0;14
BU01480304;RT;1.0;3
BU01480305;RT;1.0;37
BU01480306;RT;1.0;20
BU01500101;DVTP;1.0;106
BU01500102;DVTP;0.8928571428571429;28
BU01500103;DVTP;1.0;27
BU01500104;DVTP;1.0;14
BU01500105;DVTP;1.0;41
BU01500106;DVTB;0.84;25
BU01500107;DVTB;1.0;48
BU01500201;DVTP;0.9841269841269841;63
BU01500301;DVTP;1.0;28
BU01500302;DVTP;1.0;62
BU01500303;DVTP;1.0;40
BU01500304;DVTP;1.0;71
BU01500305;DVTP;0.9841269841269841;63
BU01500306;DVTP;1.0;64
BU01500401;DVTP;1.0;66
BU01500402;DVTP;1.0;34
BU01500403;DVTP;1.0;32
BU01500404;DVTP;1.0;52
BU01500405;DVTP;1.0;45
BU01500406;DVTP;1.0;59
BU01500407;DVTP;0.6666666666666666;3
BU01500501;DVTP;1.0;111
BU01500502;DVTP;1.0;44
BU01500601;DVTP;1.0;76
BU01500602;DVTP;1.0;51
BU01500603;DVTP;1.0;47
BU01500604;DVTP;1.0;64
BU01500605;DVTP;1.0;39
BU01500606;DVTP;1.0;22
BU01500701;DVTB;0.625;32
BU01500702;DVTB;1.0;76
BU01500703;DVTP;0.9375;16
BU01500704;DVTB;1.0;41
BU01500705;DVTB;0.9310344827586207;29
BU01500706;OS ZUTPHEN 20-3i;0.6666666666666666;12
BU01500801;DVTB;1.0;59
BU01500802;DVTB;1.0;50
BU01500803;DVTB;1.0;37
BU01500901;DVTB;1.0;72
BU01500902;DVTB;1.0;34
BU01500903;DVTB;1.0;13
BU01500904;DVTB;1.0;54
BU01500905;DVTB;1.0;57
BU01500906;DVTB;1.0;48
BU01500907;DVTB;1.0;7
BU01501001;DVTB;1.0;13
BU01501002;DVTB;1.0;30
BU01501003;DVTB;1.0;3
BU01501004;DVTB;1.0;61
BU01501005;DVTB;1.0;28
BU01501006;DVTB;1.0;33
BU01501007;DVTB;1.0;33
BU01501008;DVTB;1.0;40
BU01501009;DVTB;0.8571428571428571;14
BU01501010;DVTB;1.0;5
BU01501101;DVTP;1.0;129
BU01501102;DVTP;0.875;8
BU01501103;DVTP;1.0;9
BU01501201;DVTP;1.0;130
BU01501202;DVTP;0.9130434782608695;23
BU01501301;DVTB;1.0;10
BU01501401;DVTB;1.0;10
BU01501402;DVTB;1.0;1
BU01501403;DVTB;0.8214285714285714;56
BU01501501;DVTB;1.0;125
BU01501502;DVTB;1.0;36
BU01501503;DVTB;1.0;12
BU01501504;DVTB;0.9090909090909091;11
BU01501505;DVTB;1.0;9
BU01530000;ESDV;0.4954128440366973;109
BU01530001;ESDH;0.7450980392156863;51
BU01530002;ESDV;1.0;49
BU01530003;ESDV;0.7153284671532847;137
BU01530004;ESDW;1.0;70
BU01530005;ESDW;0.8737864077669902;103
BU01530006;ESDH;0.640625;64
BU01530007;ESDH;0.5405405405405406;74
BU01530008;ESDH;1.0;30
BU01530100;ESDV;0.9745762711864406;118
BU01530101;ESDV;1.0;36
BU01530102;ESDV;0.8620689655172413;58
BU01530103;ESDW;0.9369369369369369;111
BU01530104;ESDV;1.0;15
BU01530105;ESDV;1.0;2
BU01530106;ESDW;0.5714285714285714;7
BU01530200;ESDW;1.0;34
BU01530201;ESDW;1.0;103
BU01530202;ESDH;0.55;60
BU01530203;ESDH;0.5169491525423728;118
BU01530204;ESDH;0.6428571428571429;42
BU01530205;ESDH;1.0;67
BU01530206;ESDH;1.0;49
BU01530207;ESDH;0.9615384615384616;26
BU01530208;ESDW;0.9523809523809523;21
BU01530300;ESDH;1.0;133
BU01530301;ESDH;1.0;120
BU01530400;ESDH;1.0;77
BU01530401;ESDH;1.0;68
BU01530402;ESDV;0.7352941176470589;102
BU01530403;ESDV;0.9122807017543859;57
BU01530404;ESDV;1.0;135
BU01530405;ESDV;1.0;26
BU01530406;ESDH;0.9166666666666666;12
BU01530500;ESDV;1.0;64
BU01530501;ESDV;1.0;61
BU01530502;ESDV;1.0;101
BU01530503;ESDV;1.0;34
BU01530600;ESDW;0.9879518072289156;83
BU01530601;ESDW;1.0;107
BU01530602;ESDW;1.0;62
BU01530603;ESDW;1.0;89
BU01530604;ESDW;1.0;83
BU01530605;ESDW;1.0;46
BU01530606;ESDW;1.0;81
BU01530607;ESDW;1.0;105
BU01530608;ESDW;1.0;90
BU01530609;ESDW;1.0;10
BU01530700;ESDM;0.5365853658536586;41
BU01530701;ESDM;1.0;14
BU01530702;ESDM;1.0;2
BU01530703;ESDH;1.0;17
BU01530800;ESDV;1.0;20
BU01530801;ESDV;1.0;66
BU01530802;ESDV;1.0;60
BU01530803;ESDV;1.0;46
BU01530804;ESDV;0.6333333333333333;30
BU01530805;ESDV;1.0;25
BU01530806;ESDV;1.0;11
BU01530807;ESDV;1.0;19
BU01530808;ESDV;1.0;40
BU01530900;ESDV;1.0;48
BU01530901;ESDM;1.0;69
BU01530902;ESDV;0.9072164948453608;97
BU01530903;ESDV;1.0;22
BU01530904;ESDW;0.7391304347826086;23
BU01530905;ESDW;0.5416666666666666;72
BU01530906;ESDM;0.782608695652174;23
BU01530907;ESDM;0.9459459459459459;37
BU01530908;ESDM;0.8666666666666667;15
BU01580001;HBG;1.0;52
BU01580002;HBG;1.0;15
BU01580003;HBG;1.0;25
BU01580004;HBG;1.0;23
BU01580010;HBG;1.0;30
BU01580011;HBG;1.0;9
BU01580020;HBG;1.0;8
BU01580030;HBG;1.0;49
BU01580040;HBG;1.0;39
BU01580041;HBG;1.0;39
BU01580050;HBG;1.0;15
BU01580051;HBG;1.0;13
BU01580052;HBG;1.0;15
BU01580053;HBG;1.0;31
BU01580060;HBG;1.0;40
BU01580090;HBG;1.0;15
BU01580091;HBG;1.0;3
BU01580160;HBG;1.0;2
BU01580170;HBG;0.9347826086956522;46
BU01580180;HBG;0.9333333333333333;15
BU01580190;HBG;1.0;47
BU01580200;HBG;1.0;10
BU01580290;HBG;1.0;28
BU01580300;HBG;1.0;6
BU01580390;HBG;0.9791666666666666;48
BU01580490;HBG;0.9411764705882353;17
BU01580590;HBG;1.0;8
BU01580690;HBG;1.0;9
BU01580900;HBG;1.0;28
BU01600102;HDB;0.9310344827586207;29
BU01600201;CVD;0.6666666666666666;12
BU01600301;CVD;1.0;2
BU01600401;OMD;1.0;29
BU01600402;OMD;1.0;18
BU01600403;OMD;1.0;32
BU01600404;OMD;1.0;9
BU01600405;OMD;0.8333333333333334;6
BU01600406;OMD;0.7142857142857143;14
BU01600407;OMD;0.8888888888888888;18
BU01600501;HDB;0.9795918367346939;49
BU01600502;VH;0.5333333333333333;15
BU01600503;HDB;1.0;20
BU01600601;HDB;1.0;12
BU01600701;HDB;1.0;17
BU01600801;DDV;1.0;10
BU01600802;CVD;0.8666666666666667;15
BU01600803;CVD;1.0;27
BU01600804;CVD;0.875;8
BU01600805;CVD;1.0;7
BU01600901;DDV;1.0;144
BU01600902;DDV;1.0;84
BU01600903;DDV;1.0;62
BU01600904;DDV;1.0;14
BU01600905;DDV;1.0;14
BU01600906;DDV;1.0;6
BU01600907;DDV;0.8571428571428571;14
BU01600908;DDV;1.0;16
BU01600909;DDV;1.0;8
BU01601001;CVD;0.6666666666666666;9
BU01601101;HDB;1.0;6
BU01601201;CVD;1.0;54
BU01601202;CVD;1.0;42
BU01601301;HDB;0.8125;16
BU01601401;CVD;1.0;10
BU01601501;CVD;1.0;7
BU01601601;HDB;1.0;18
BU01601701;VH;1.0;29
BU01601702;VH;1.0;12
BU01601801;HDB;1.0;14
BU01601901;HDB;0.9523809523809523;21
BU01601902;DDV;0.9230769230769231;13
BU01601903;HDB;0.8333333333333334;6
BU01601904;DDV;0.7368421052631579;19
BU01602001;HDB;1.0;21
BU01602002;HDB;1.0;8
BU01602101;HDB;1.0;26
BU01602201;HDB;1.0;11
BU01602301;HDB;0.8333333333333334;24
BU01602401;HGV;1.0;8
BU01602402;HGV;0.8;20
BU01602501;VH;0.9375;16
BU01602502;VH;1.0;26
BU01602601;DDV;0.9538461538461539;65
BU01602602;HGV;1.0;1
BU01602603;DDV;1.0;8
BU01602604;HGV;0.6666666666666666;21
BU01602701;HDB;1.0;9
BU01602801;HDB;1.0;62
BU01602802;HDB;1.0;26
BU01602803;HDB;1.0;57
BU01602804;HDB;1.0;48
BU01602805;HDB;1.0;45
BU01602806;HDB;1.0;75
BU01602807;HDB;1.0;67
BU01602808;HDB;1.0;81
BU01602809;HDB;1.0;48
BU01602811;HDB;1.0;1
BU01602812;HDB;1.0;1
BU01602813;HDB;1.0;1
BU01602901;HDB;1.0;9
BU01602902;HDB;0.7916666666666666;24
BU01630101;NVD;1.0;16
BU01630102;NVD;1.0;22
BU01630103;NVD;1.0;10
BU01630104;NVD;1.0;20
BU01630105;NVD;1.0;32
BU01630106;NVD;1.0;11
BU01630201;NVD;1.0;18
BU01630202;NVD;1.0;39
BU01630203;NVD;1.0;9
BU01630301;NVD;1.0;62
BU01630302;NVD;1.0;34
BU01630303;NVD;1.0;57
BU01630304;NVD;1.0;30
BU01630401;NVD;1.0;30
BU01630402;NVD;1.0;37
BU01630403;NVD;1.0;11
BU01630404;NVD;1.0;20
BU01630405;NVD;1.0;59
BU01630406;NVD;1.0;50
BU01630407;NVD;1.0;26
BU01630408;NVD;1.0;17
BU01630501;NVD;0.9655172413793104;29
BU01630503;NVD;1.0;24
BU01630504;NVD;1.0;2
BU01630505;NVD;0.9655172413793104;29
BU01630506;NVD;1.0;35
BU01630507;RT;0.6428571428571429;42
BU01630508;VH;0.92;25
BU01630509;VH;1.0;18
BU01630510;NVD;0.9473684210526315;19
BU01630601;NVD;1.0;6
BU01630602;NVD;1.0;63
BU01630603;NVD;1.0;7
BU01630604;NVD;1.0;29
BU01630605;NVD;1.0;18
BU01630606;NVD;1.0;7
BU01630700;RT;0.6363636363636364;22
BU01630800;VH;0.8888888888888888;9
BU01630900;VH;1.0;16
BU01640000;HGLW;1.0;65
BU01640001;HGLW;1.0;30
BU01640002;HGLW;1.0;42
BU01640100;HGLW;1.0;93
BU01640101;HGLW;1.0;81
BU01640102;HGLW;1.0;84
BU01640103;HGLW;1.0;6
BU01640200;HGLW;1.0;116
BU01640201;HGLW;1.0;55
BU01640202;HGLW;1.0;68
BU01640203;HGLW;1.0;54
BU01640204;HGLW;1.0;8
BU01640300;HGLW;1.0;48
BU01640301;HGLW;1.0;18
BU01640302;HGLW;1.0;29
BU01640303;HGLW;1.0;23
BU01640304;HGLW;1.0;44
BU01640305;HGLW;1.0;25
BU01640306;HGLW;1.0;33
BU01640307;HGLW;1.0;36
BU01640308;HGLW;1.0;29
BU01640309;HGLW;1.0;6
BU01640400;HGLB;1.0;32
BU01640401;HGLB;0.9387755102040817;49
BU01640402;HGLB;1.0;60
BU01640403;HGLB;1.0;98
BU01640500;HGLB;1.0;3
BU01640501;HGLB;1.0;95
BU01640502;HGLB;1.0;47
BU01640503;HGLB;1.0;4
BU01640504;HGLB;1.0;34
BU01640505;HGLB;1.0;36
BU01640506;HGLB;1.0;4
BU01640600;HGLB;1.0;28
BU01640601;HGLW;0.8153846153846154;65
BU01640602;HGLB;0.5681818181818182;88
BU01640603;HGLB;1.0;15
BU01640604;HGLW;1.0;138
BU01640605;HGLW;0.9545454545454546;22
BU01640606;HGLB;1.0;8
BU01640700;HGLW;1.0;15
BU01640701;HGLW;1.0;67
BU01640702;HGLW;1.0;65
BU01640703;HGLW;1.0;74
BU01640704;HGLW;1.0;7
BU01640705;HGLW;1.0;11
BU01640706;HGLW;1.0;3
BU01640800;HGLW;1.0;54
BU01640801;HGLW;1.0;42
BU01640802;HGLW;1.0;39
BU01640803;HGLW;1.0;73
BU01640804;HGLW;1.0;3
BU01640805;HGLW;1.0;29
BU01640900;HGLB;1.0;12
BU01640901;HGLW;1.0;6
BU01640902;HGLW;1.0;6
BU01640903;HGLW;1.0;10
BU01640904;HGLB;1.0;13
BU01640905;HGLB;1.0;7
BU01640906;HGLB;0.6111111111111112;18
BU01640907;HGLW;1.0;6
BU01640909;HGLB;0.8888888888888888;18
BU01660000;KP;1.0;182
BU01660001;KP;1.0;104
BU01660002;KP;1.0;6
BU01660003;KP;1.0;57
BU01660004;KP;1.0;58
BU01660005;KP;1.0;99
BU01660006;KP;1.0;45
BU01660007;KP;1.0;43
BU01660008;KP;1.0;147
BU01660009;KP;1.0;53
BU01660010;KP;1.0;42
BU01660011;KP;1.0;4
BU01660012;ISM;0.75;4
BU01660013;KP;1.0;21
BU01660015;KP;1.0;57
BU01660016;KP;1.0;8
BU01660017;KP;1.0;5
BU01660018;ISM;1.0;16
BU01660019;ISM;1.0;2
BU01660225;ISM;1.0;9
BU01660300;ISM;1.0;106
BU01660301;ISM;1.0;61
BU01660302;ISM;1.0;11
BU01660303;ISM;1.0;6
BU01660304;ISM;1.0;17
BU01660305;ISM;0.875;16
BU01660306;ZLF;0.6;5
BU01660307;ISM;1.0;29
BU01660400;KP;1.0;11
BU01660401;KP;0.95;20
BU01660500;ISM;1.0;19
BU01660501;ISM;1.0;5
BU01660600;ISM;1.0;20
BU01660700;KP;0.9629629629629629;27
BU01660800;ZLF;1.0;14
BU01660900;ZLF;0.6666666666666666;6
BU01680001;LS;1.0;193
BU01680002;LS;1.0;7
BU01680003;LS;1.0;150
BU01680009;LS;0.9767441860465116;43
BU01680101;LS;1.0;3
BU01680102;LS;1.0;1
BU01680109;LS;1.0;13
BU01680201;LS;1.0;91
BU01680209;LS;1.0;27
BU01680301;LS;1.0;60
BU01680309;ODZ;0.5416666666666666;72
BU01680401;ODZ;1.0;5
BU01680409;ODZ;1.0;37
BU01710101;Emmeloord inst. 2+3;1.0;57
BU01710102;Emmeloord inst. 2+3;1.0;46
BU01710103;Emmeloord inst. 2+3;0.9285714285714286;14
BU01710104;Emmeloord inst. 2+3;1.0;49
BU01710105;Emmeloord inst. 2+3;1.0;46
BU01710106;Emmeloord inst. 2+3;1.0;56
BU01710107;Emmeloord inst. 2+3;1.0;33
BU01710108;Emmeloord inst. 2+3;1.0;53
BU01710109;Emmeloord inst. 2+3;1.0;78
BU01710110;Emmeloord inst. 2+3;1.0;87
BU01710111;Emmeloord inst. 2+3;1.0;99
BU01710112;Emmeloord inst. 2+3;1.0;4
BU01710113;Emmeloord inst. 2+3;1.0;34
BU01710114;Emmeloord inst. 2+3;1.0;19
BU01710115;Emmeloord inst. 2+3;1.0;19
BU01710116;Emmeloord inst. 2+3;1.0;20
BU01710117;Emmeloord inst. 2+3;1.0;6
BU01710118;Emmeloord inst. 2+3;0.6486486486486487;37
BU01710219;OS LEMMER 20-4i;1.0;22
BU01710220;OS LEMMER 20-4i;1.0;1
BU01710221;OS LEMMER 20-4i;0.9285714285714286;28
BU01710322;VLH DE VOORST 61 10-1i;1.0;26
BU01710323;VLH DE VOORST 61 10-1i;0.8125;32
BU01710424;VLH DE VOORST 61 10-1i;1.0;77
BU01710425;VLH DE VOORST 61 10-1i;1.0;13
BU01710426;VLH DE VOORST 61 10-1i;0.8518518518518519;54
BU01710527;VLH DE VOORST 61 10-1i;1.0;28
BU01710528;VLH DE VOORST 61 10-1i;1.0;2
BU01710529;VLH DE VOORST 61 10-1i;1.0;2
BU01710530;VLH DE VOORST 61 10-1i;0.5714285714285714;28
BU01710631;OS EMMELOORD 10-1i;1.0;61
BU01710632;OS EMMELOORD 10-1i;1.0;6
BU01710633;OS EMMELOORD 10-1i;0.7441860465116279;43
BU01710734;OS EMMELOORD 10-1i;1.0;37
BU01710735;OS EMMELOORD 10-1i;1.0;2
BU01710736;OS EMMELOORD 10-1i;0.9210526315789473;38
BU01710837;OS EMMELOORD 10-1i;1.0;46
BU01710838;OS EMMELOORD 10-1i;1.0;3
BU01710839;OS EMMELOORD 10-1i;0.9629629629629629;27
BU01710941;Emmeloord inst. 2+3;1.0;24
BU01710942;Emmeloord inst. 2+3;1.0;1
BU01710943;Emmeloord inst. 2+3;0.6153846153846154;26
BU01711045;OS LEMMER 20-4i;1.0;42
BU01711046;OS LEMMER 20-4i;1.0;1
BU01711047;OS LEMMER 20-4i;1.0;29
BU01711149;OS LEMMER 20-4i;1.0;23
BU01711150;OS LEMMER 20-4i;1.0;2
BU01711151;OS LEMMER 20-4i;1.0;34
BU01711252;OS EMMELOORD 10-1i;1.0;2
BU01730100;ODZ;1.0;77
BU01730200;ODZ;1.0;75
BU01730300;ODZ;1.0;109
BU01730400;ODZ;1.0;34
BU01730500;ODZ;1.0;45
BU01730600;ODZ;1.0;142
BU01730700;HGLW;0.6;10
BU01730800;ODZ;1.0;47
BU01730900;ODZ;0.8;10
BU01731000;HGLW;0.5714285714285714;14
BU01731100;ODZ;1.0;165
BU01731200;ODZ;1.0;119
BU01731300;ODZ;1.0;125
BU01731400;ODZ;1.0;9
BU01750101;RT;1.0;23
BU01750102;RT;0.75;4
BU01750103;OMD;0.6666666666666666;39
BU01750104;RT;1.0;5
BU01750105;OMD;0.6363636363636364;11
BU01750106;OMD;0.5555555555555556;9
BU01750107;VH;1.0;10
BU01750108;RT;0.7;10
BU01750109;OMD;1.0;16
BU01750110;OMD;1.0;6
BU01750111;OMD;1.0;4
BU01750112;RT;1.0;1
BU01750113;RT;1.0;15
BU01750114;RT;1.0;10
BU01750115;OMD;1.0;28
BU01750116;RT;0.8857142857142857;35
BU01750117;RT;1.0;28
BU01750118;OMD;0.8461538461538461;39
BU01750119;OMD;1.0;11
BU01750120;OMD;1.0;4
BU01750121;OMD;1.0;17
BU01750122;OMD;1.0;3
BU01750123;OMD;1.0;2
BU01750124;OMD;1.0;5
BU01750125;OMD;1.0;16
BU01750126;OMD;1.0;4
BU01750201;OMD;1.0;10
BU01750202;OMD;1.0;7
BU01750301;HDB;1.0;7
BU01750401;HDB;1.0;6
BU01750402;HDB;1.0;1
BU01750403;HDB;0.8235294117647058;17
BU01750501;RT;1.0;17
BU01750601;RT;1.0;10
BU01750701;RT;1.0;19
BU01750702;RT;1.0;28
BU01750703;RT;1.0;10
BU01750801;OMD;1.0;8
BU01750802;OMD;0.7;10
BU01750901;RT;0.6666666666666666;3
BU01750902;RT;1.0;8
BU01751001;OMD;1.0;13
BU01751002;OMD;1.0;7
BU01751102;OMD;1.0;14
BU01751103;OMD;1.0;5
BU01770101;RT;1.0;36
BU01770102;RT;1.0;42
BU01770103;RT;1.0;11
BU01770104;RT;1.0;42
BU01770105;RT;1.0;41
BU01770106;RT;1.0;51
BU01770107;RT;1.0;48
BU01770108;RT;1.0;28
BU01770109;RT;1.0;7
BU01770110;RT;1.0;28
BU01770111;RT;1.0;50
BU01770112;RT;1.0;32
BU01770113;RT;1.0;34
BU01770114;RT;1.0;10
BU01770115;RT;1.0;6
BU01770116;RT;1.0;15
BU01770117;RT;1.0;12
BU01770119;RT;1.0;63
BU01770201;RT;1.0;36
BU01770209;RT;1.0;40
BU01770301;RT;1.0;18
BU01770309;RT;1.0;34
BU01770401;RT;1.0;21
BU01770409;RT;0.9545454545454546;22
BU01770501;RT;1.0;66
BU01770509;RT;0.96875;64
BU01770601;RT;1.0;19
BU01770609;RT;1.0;23
BU01770701;RT;1.0;42
BU01770702;RT;1.0;52
BU01770703;RT;1.0;48
BU01770704;RT;1.0;26
BU01770705;RT;1.0;4
BU01770709;RT;1.0;69
BU01770801;RT;0.8571428571428571;7
BU01770809;RT;1.0;8
BU01770901;ZLW;0.8333333333333334;6
BU01770909;ZLW;0.5882352941176471;17
BU01800000;MP;1.0;14
BU01800002;MP;1.0;14
BU01800003;MP;1.0;15
BU01800004;MP;1.0;18
BU01800005;MP;1.0;63
BU01800006;MP;1.0;42
BU01800007;MP;1.0;19
BU01800008;MP;1.0;14
BU01800100;MP;1.0;34
BU01800101;MP;0.9333333333333333;15
BU01800102;MP;1.0;12
BU01800206;ZLH;0.42857142857142855;7
BU01800207;MP;0.75;4
BU01800209;ZS;0.5714285714285714;7
BU01800210;MP;1.0;4
BU01800305;MP;1.0;20
BU01800306;MP;1.0;17
BU01800307;MP;0.5555555555555556;9
BU01800308;MP;1.0;7
BU01800309;MP;0.5384615384615384;13
BU01800310;MP;1.0;6
BU01800400;MP;1.0;23
BU01800409;MP;1.0;20
BU01800509;OMD;0.8666666666666667;30
BU01830001;TBG;1.0;26
BU01830002;TBG;1.0;57
BU01830003;TBG;1.0;56
BU01830009;TBG;1.0;49
BU01830050;TBG;1.0;13
BU01830101;TBG;1.0;27
BU01830102;TBG;1.0;32
BU01830109;TBG;0.9655172413793104;58
BU01830150;TBG;1.0;6
BU01830200;TBG;1.0;23
BU01830209;TBG;1.0;31
BU01830301;TBG;1.0;39
BU01830302;TBG;1.0;27
BU01830309;TBG;0.9264705882352942;68
BU01830350;TBG;1.0;6
BU01830400;TBG;1.0;18
BU01830409;TBG;1.0;28
BU01830500;TBG;1.0;15
BU01830508;TBG;1.0;15
BU01830600;TBG;1.0;14
BU01830609;TBG;0.875;32
BU01830700;TBG;1.0;12
BU01830709;TBG;0.9130434782608695;23
BU01830800;TBG;1.0;12
BU01830900;TBG;1.0;2
BU01830909;TBG;1.0;25
BU01831009;TBG;1.0;18
BU01831109;TBG;0.6470588235294118;17
BU01831209;TBG;1.0;9
BU01840000;OS EMMELOORD 10-1i;1.0;49
BU01840002;OS EMMELOORD 10-1i;1.0;2
BU01840003;OS EMMELOORD 10-1i;1.0;26
BU01840004;OS EMMELOORD 20-5i;0.6578947368421053;38
BU01840006;OS EMMELOORD 10-1i;1.0;33
BU01840007;OS EMMELOORD 10-1i;1.0;63
BU01840008;OS EMMELOORD 10-1i;1.0;79
BU01840009;OS EMMELOORD 10-1i;1.0;4
BU01840010;OS EMMELOORD 10-1i;1.0;71
BU01840011;OS EMMELOORD 10-1i;1.0;19
BU01840015;OS EMMELOORD 20-5i;0.9583333333333334;24
BU01890000;AMLM;1.0;42
BU01890001;AMLM;1.0;20
BU01890002;AMLM;1.0;52
BU01890003;AMLM;1.0;55
BU01890004;AMLM;1.0;74
BU01890005;AMLM;1.0;19
BU01890006;AMLM;1.0;11
BU01890007;AMLM;1.0;49
BU01890008;AMLM;1.0;27
BU01890105;AMLM;1.0;16
BU01890106;AMLM;1.0;4
BU01890107;AMLM;0.7777777777777778;9
BU01890108;AMLM;1.0;14
BU01890109;AMLM;0.8333333333333334;12
BU01890200;AMLM;1.0;4
BU01890209;AMLM;0.6923076923076923;26
BU01890300;GO;1.0;45
BU01890301;GO;1.0;41
BU01890302;GO;1.0;44
BU01890303;GO;1.0;4
BU01890405;GO;0.4444444444444444;9
BU01890406;GO;1.0;11
BU01890407;GO;1.0;14
BU01890408;GO;1.0;13
BU01890409;GO;0.95;20
BU01890507;AMLM;1.0;11
BU01890508;RS;0.5416666666666666;24
BU01890509;RS;1.0;18
BU01931000;ZLW;1.0;89
BU01931010;ZLW;1.0;46
BU01931020;ZLW;1.0;29
BU01931100;ZLF;1.0;37
BU01931110;ZLF;1.0;13
BU01931120;ZLF;1.0;55
BU01931130;ZLW;0.967741935483871;31
BU01931140;ZLW;1.0;22
BU01931150;ZLF;0.9035087719298246;114
BU01931160;ZLW;1.0;35
BU01931170;ZLF;0.7272727272727273;11
BU01931180;ZLW;0.875;8
BU01931200;ZLW;1.0;80
BU01931210;ZLW;1.0;93
BU01931300;ZLW;1.0;43
BU01931310;ZLW;1.0;104
BU01931320;ZLW;1.0;72
BU01931330;ZLW;1.0;33
BU01931340;ZLW;1.0;63
BU01931350;ZLW;1.0;2
BU01931360;ZLW;1.0;41
BU01931400;ZLF;0.825;40
BU01931410;ZLF;1.0;50
BU01932000;ZLF;1.0;8
BU01932010;ZLF;1.0;8
BU01932020;ZLF;1.0;10
BU01932100;ZLF;1.0;55
BU01932110;ZLF;1.0;70
BU01932120;ZLF;1.0;6
BU01932130;ZLF;1.0;8
BU01932140;ZLF;1.0;3
BU01932200;ZLF;1.0;92
BU01932210;ZLF;0.75;4
BU01932220;ZLF;1.0;91
BU01932230;ZLF;1.0;58
BU01932240;ZLF;1.0;100
BU01932250;ZLF;1.0;13
BU01932260;ZLF;1.0;35
BU01932270;ZLF;0.9714285714285714;35
BU01932280;ZLF;0.5;2
BU01933000;ZLF;1.0;86
BU01933010;ZLF;1.0;36
BU01933020;ZLF;1.0;86
BU01933030;ZLF;1.0;60
BU01933100;ZLF;1.0;63
BU01933110;ZLF;1.0;114
BU01933120;ZLF;1.0;95
BU01933130;ZLF;1.0;82
BU01933200;ZLH;1.0;21
BU01933210;ZLF;1.0;12
BU01933220;ZLH;1.0;21
BU01934000;ZLH;1.0;114
BU01934010;ZLW;0.8333333333333334;6
BU01934020;ZLH;1.0;14
BU01934030;ZLW;1.0;29
BU01934040;ZLH;1.0;20
BU01934050;ZLH;1.0;11
BU01934100;ZLW;0.6875;16
BU01934110;ZLW;1.0;43
BU01934120;ZLW;1.0;20
BU01935000;ZLW;1.0;24
BU01935010;ZLW;1.0;18
BU01935020;ZLW;1.0;42
BU01935030;ZLW;1.0;84
BU01935040;ZLW;1.0;60
BU01935050;ZLW;1.0;41
BU01935060;ZLW;1.0;57
BU01935070;ZLW;1.0;10
BU01935080;ZLF;1.0;20
BU01935100;ZLW;1.0;39
BU01935110;ZLW;1.0;101
BU01935120;ZLW;1.0;58
BU01935130;ZLW;1.0;21
BU01935140;ZLW;1.0;71
BU01935150;ZLW;1.0;64
BU01935160;ZLW;1.0;6
BU01935200;ZLW;1.0;11
BU01935210;ZLW;1.0;17
BU01970101;OS DALE 10-1i;1.0;2
BU01970102;OS DALE 10-1i;1.0;20
BU01970103;OS DALE 10-1i;1.0;17
BU01970104;OS ULFT 10-1i;0.5384615384615384;13
BU01970105;OS ULFT 10-1i;1.0;2
BU01970106;OS ULFT 20-3i;1.0;1
BU01970107;OS DALE 10-1i;1.0;9
BU01970108;OS ULFT 20-3i;0.5555555555555556;27
BU01970109;OS DALE 10-1i;1.0;7
BU01970110;OS DALE 10-1i;1.0;27
BU01970111;OS DALE 10-1i;0.95;20
BU01970112;OS WINTERSWIJK 10-1i;1.0;1
BU01970201;OS DALE 10-1i;0.75;12
BU01970202;OS DALE 10-1i;1.0;10
BU01970203;OS DALE 10-1i;1.0;6
BU01970204;OS DALE 10-1i;1.0;46
BU01970301;OS DALE 10-1i;1.0;56
BU01970302;OS DALE 10-1i;1.0;71
BU01970303;OS DALE 10-1i;1.0;31
BU01970304;OS DALE 10-1i;1.0;78
BU01970305;OS DALE 10-1i;1.0;17
BU01970306;OS DALE 10-1i;1.0;26
BU01970307;OS DALE 10-1i;1.0;74
BU01970400;OS ULFT 10-1i;1.0;89
BU01970401;OS ULFT 10-1i;1.0;53
BU01970402;OS ULFT 10-1i;1.0;64
BU01970403;OS ULFT 10-1i;1.0;8
BU01970408;OS ULFT 10-1i;1.0;14
BU01970409;OS ULFT 10-1i;0.9473684210526315;38
BU02000101;OS APELDOORN 10-1i;0.9938271604938271;162
BU02000102;OS APELDOORN 10-1i;1.0;43
BU02000201;OS APELDOORN 10-2i;0.6282051282051282;78
BU02000202;OS APELDOORN 10-1i;1.0;41
BU02000203;OS APELDOORN 10-1i;0.648;125
BU02000204;OS APELDOORN 10-1i;0.9157894736842105;95
BU02000205;OS APELDOORN 10-2i;1.0;131
BU02000206;OS APELDOORN 10-2i;1.0;189
BU02000207;OS APELDOORN 10-1i;0.6666666666666666;3
BU02000301;OS APELDOORN 10-2i;1.0;101
BU02000302;OS APELDOORN 10-2i;1.0;7
BU02000303;OS APELDOORN 10-2i;1.0;71
BU02000304;OS APELDOORN 10-2i;1.0;99
BU02000305;OS APELDOORN 10-2i;1.0;52
BU02000306;OS APELDOORN 10-2i;1.0;58
BU02000307;OS APELDOORN 10-2i;1.0;13
BU02000308;OS APELDOORN 10-2i;0.8;5
BU02000309;OS APELDOORN 10-2i;1.0;7
BU02000310;OS APELDOORN 10-2i;0.6666666666666666;3
BU02000311;OS APELDOORN 10-2i;1.0;15
BU02000401;OS APELDOORN 10-1i;0.8095238095238095;84
BU02000402;OS APELDOORN 10-2i;0.9452054794520548;146
BU02000403;OS APELDOORN 10-1i;0.5454545454545454;88
BU02000404;OS APELDOORN 10-2i;1.0;116
BU02000405;OS APELDOORN 10-2i;1.0;104
BU02000406;OS APELDOORN 10-2i;1.0;19
BU02000407;OS APELDOORN 10-1i;0.8947368421052632;19
BU02000408;OS APELDOORN 10-2i;1.0;7
BU02000409;OS APELDOORN 10-2i;0.8888888888888888;9
BU02000501;OS WOUDHUIS 10-2i;0.7933884297520661;121
BU02000502;OS WOUDHUIS 10-2i;0.6911764705882353;68
BU02000503;OS WOUDHUIS 10-2i;1.0;128
BU02000504;OS WOUDHUIS 10-2i;0.8383838383838383;99
BU02000505;OS WOUDHUIS 10-2i;0.5347222222222222;144
BU02000506;OS WOUDHUIS 10-1i;0.7681159420289855;69
BU02000507;OS WOUDHUIS 10-2i;1.0;6
BU02000508;OS WOUDHUIS 10-1i;0.5;6
BU02000601;OS APELDOORN 10-1i;0.8021978021978022;91
BU02000602;OS WOUDHUIS 10-2i;0.9090909090909091;55
BU02000603;OS WOUDHUIS 10-1i;0.6470588235294118;85
BU02000604;OS WOUDHUIS 10-2i;0.7247706422018348;109
BU02000605;OS WOUDHUIS 10-1i;0.72;25
BU02000606;OS WOUDHUIS 10-1i;0.5;4
BU02000607;OS WOUDHUIS 10-1i;1.0;2
BU02000608;OS WOUDHUIS 10-1i;1.0;5
BU02000701;OS APELDOORN 10-1i;0.7857142857142857;56
BU02000702;OS ZUIDBROEK 20-1i;0.9904761904761905;105
BU02000703;OS ZUIDBROEK 20-1i;0.6288659793814433;97
BU02000704;OS ZUIDBROEK 20-1i;1.0;119
BU02000705;OS ZUIDBROEK 20-1i;0.7920792079207921;101
BU02000706;OS ZUIDBROEK 20-1i;1.0;44
BU02000707;OS ZUIDBROEK 20-1i;0.8571428571428571;7
BU02000708;OS ZUIDBROEK 20-1i;0.9861111111111112;72
BU02000709;OS WOUDHUIS 10-2i;0.875;16
BU02000801;OS APELDOORN 10-1i;1.0;117
BU02000802;OS APELDOORN 10-1i;0.9705882352941176;34
BU02000803;OS APELDOORN 10-1i;0.8656716417910447;67
BU02000804;OS ZUIDBROEK 20-1i;1.0;38
BU02000805;OS ZUIDBROEK 20-1i;0.8787878787878788;33
BU02000806;OS APELDOORN 10-1i;0.5739130434782609;115
BU02000807;OS ZUIDBROEK 20-1i;0.7142857142857143;7
BU02000808;OS ZUIDBROEK 20-1i;0.9565217391304348;23
BU02000809;OS ZUIDBROEK 20-1i;1.0;21
BU02001001;OS HARDERWIJK 10-2i;1.0;31
BU02001002;OS HARDERWIJK 10-2i;1.0;12
BU02001003;OS HARDERWIJK 10-2i;1.0;21
BU02001004;OS HARDERWIJK 10-2i;1.0;8
BU02001101;OS APELDOORN 10-2i;1.0;3
BU02001102;OS APELDOORN 10-1i;1.0;3
BU02001103;OS APELDOORN 10-1i;0.5;8
BU02001104;OS APELDOORN 10-2i;0.5714285714285714;7
BU02001201;OS APELDOORN 10-2i;0.72;25
BU02001202;OS APELDOORN 10-2i;0.9090909090909091;11
BU02001203;OS APELDOORN 10-2i;0.9;10
BU02001204;OS APELDOORN 10-2i;0.9583333333333334;24
BU02001301;OS EERBEEK 10-1i + 10-2i;1.0;11
BU02001302;OS EERBEEK 10-1i + 10-2i;1.0;64
BU02001303;OS EERBEEK 10-1i + 10-2i;0.9428571428571428;35
BU02001401;OS APELDOORN 10-2i;1.0;68
BU02001402;OS APELDOORN 10-2i;1.0;15
BU02001403;OS APELDOORN 10-2i;1.0;21
BU02001404;OS APELDOORN 10-2i;1.0;29
BU02001501;OS APELDOORN 10-2i;1.0;18
BU02001502;OS APELDOORN 10-2i;0.9523809523809523;21
BU02001503;OS WOUDHUIS 10-1i;1.0;5
BU02001601;OS WOUDHUIS 10-2i;0.6666666666666666;15
BU02001602;OS WOUDHUIS 10-1i;1.0;15
BU02001603;OS WOUDHUIS 10-1i;0.9032258064516129;31
BU02001604;OS WOUDHUIS 10-1i;0.875;8
BU02001701;OS ZUIDBROEK 20-1i;0.7777777777777778;9
BU02001702;OS ZUIDBROEK 20-1i;1.0;2
BU02001703;OS APELDOORN 10-1i;0.6666666666666666;3
BU02001704;OS ZUIDBROEK 20-1i;0.5357142857142857;28
BU02001705;OS ZUIDBROEK 20-1i;0.5;32
BU02001706;OS ZUIDBROEK 20-1i;0.68;25
BU02020100;OS ARNHEM 10-1i;0.9803921568627451;51
BU02020101;OS ARNHEM 10-1i;1.0;43
BU02020102;OS KATTENBERG (D 219) 10-1i;0.5333333333333333;45
BU02020103;OS KATTENBERG (D 219) 10-1i;0.5833333333333334;12
BU02020104;OS ARNHEM 10-1i;0.8888888888888888;18
BU02020170;OS ARNHEM 10-1i;0.9444444444444444;18
BU02020210;OS ARNHEM 10-1i;1.0;42
BU02020211;OS ARNHEM 10-1i;0.6923076923076923;78
BU02020212;OS PRESIKHAAF 10-1i;0.972972972972973;37
BU02020314;OS PRESIKHAAF 10-1i;0.5079365079365079;63
BU02020320;OS ARNHEM 10-1i;0.625;56
BU02020321;OS PRESIKHAAF 10-1i;0.7272727272727273;11
BU02020322;OS PRESIKHAAF 10-1i;0.6;35
BU02020338;OS ARNHEM 10-1i;0.6666666666666666;3
BU02020339;OS ARNHEM 10-1i;0.9230769230769231;13
BU02020423;OS PRESIKHAAF 10-1i;1.0;55
BU02020424;OS PRESIKHAAF 10-1i;1.0;32
BU02020425;OS PRESIKHAAF 10-1i;0.992;125
BU02020526;OS PRESIKHAAF 10-1i;1.0;153
BU02020527;OS PRESIKHAAF 10-1i;1.0;19
BU02020528;OS PRESIKHAAF 10-1i;1.0;39
BU02020529;OS PRESIKHAAF 10-2i;0.8571428571428571;14
BU02020630;OS ARNHEM 10-1i;0.9215686274509803;51
BU02020631;OS KATTENBERG (D 219) 10-1i;0.8823529411764706;85
BU02020650;OS KATTENBERG (D 219) 10-1i;1.0;31
BU02020732;OS ARNHEM 10-1i;0.6268656716417911;67
BU02020733;OS KATTENBERG (D 219) 10-1i;0.42857142857142855;70
BU02020734;OS KATTENBERG (D 219) 10-1i;0.6470588235294118;34
BU02020735;OS PRESIKHAAF 10-1i;0.5609756097560976;41
BU02020840;OS PRESIKHAAF 10-1i;0.9;20
BU02020841;OS PRESIKHAAF 10-1i;1.0;23
BU02020842;OS PRESIKHAAF 10-1i;1.0;6
BU02020843;OS PRESIKHAAF 10-1i;1.0;51
BU02020844;OS PRESIKHAAF 10-1i;0.8518518518518519;54
BU02020845;OS PRESIKHAAF 10-1i;0.8360655737704918;61
BU02020951;OS KATTENBERG (D 219) 10-1i;1.0;8
BU02020952;OS KATTENBERG (D 219) 10-1i;1.0;111
BU02021053;OS KATTENBERG (D 219) 10-1i;0.9426229508196722;122
BU02021154;OS KATTENBERG (D 219) 10-1i;0.7397260273972602;73
BU02021155;OS KATTENBERG (D 219) 10-1i;1.0;32
BU02021159;OS KATTENBERG (D 219) 10-1i;0.875;24
BU02021260;OS ARNHEM 10-1i;0.9130434782608695;23
BU02021261;OS KATTENBERG (D 219) 10-1i;1.0;78
BU02021262;OS KATTENBERG (D 219) 10-1i;1.0;38
BU02021263;OS KATTENBERG (D 219) 10-1i;1.0;27
BU02021264;OS KATTENBERG (D 219) 10-1i;1.0;36
BU02021269;OS KATTENBERG (D 219) 10-1i;1.0;5
BU02021365;OS KATTENBERG (D 219) 10-1i;1.0;35
BU02021366;OS KATTENBERG (D 219) 10-1i;1.0;4
BU02021367;OS KATTENBERG (D 219) 10-1i;0.9565217391304348;23
BU02021368;OS KATTENBERG (D 219) 10-1i;0.9523809523809523;21
BU02021471;OS ARNHEM 10-1i;1.0;43
BU02021473;OS KATTENBERG (D 219) 10-1i;1.0;33
BU02021474;OS KATTENBERG (D 219) 10-1i;1.0;29
BU02021572;OS ARNHEM 10-1i;0.96;25
BU02021579;OS KATTENBERG (D 219) 10-1i;1.0;7
BU02021681;OS ARNHEM 10-1i;0.8888888888888888;9
BU02021682;OS ARNHEM 10-1i;1.0;106
BU02021780;OS ARNHEM 10-1i;0.9838709677419355;62
BU02021783;OS ARNHEM 10-1i;1.0;58
BU02021798;OS ARNHEM 10-1i;1.0;23
BU02021815;OS ARNHEM 10-1i;1.0;44
BU02021884;OS ARNHEM 10-1i;0.918918918918919;37
BU02021885;OS ARNHEM 10-1i;1.0;30
BU02021886;OS ARNHEM 10-1i;0.7352941176470589;34
BU02021887;OS ELST 10-2i;1.0;28
BU02021888;OS ARNHEM 10-1i;1.0;43
BU02021989;OS ELST 10-2i;0.9696969696969697;33
BU02021990;OS ELST 10-2i;1.0;84
BU02021993;OS ELST 10-2i;1.0;109
BU02022092;OS ELST 10-2i;0.9850746268656716;67
BU02022191;OS ELST 10-2i;1.0;126
BU02022194;OS ELST 10-2i;1.0;54
BU02022197;OS ELST 10-2i;1.0;67
BU02022295;OS ELST 10-2i;0.9931506849315068;146
BU02022296;OS ELST 10-2i;1.0;159
BU02022316;OS ELST 10-2i;1.0;59
BU02022317;OS ELST 10-2i;0.9871794871794872;78
BU02022318;OS ELST 10-2i;0.9912280701754386;114
BU02022319;OS ELST 10-2i;1.0;25
BU02022447;OS ELST 10-1i;1.0;114
BU02022448;OS ELST 10-1i;1.0;35
BU02022449;OS ELST 10-1i;1.0;93
BU02035400;OS HARSELAAR 20-3i;0.6555555555555556;90
BU02035401;OS HARSELAAR 20-3i;1.0;56
BU02035402;OS HARSELAAR 20-3i;1.0;17
BU02035403;OS HARSELAAR 20-3i;1.0;22
BU02035404;OS HARSELAAR 20-3i;1.0;50
BU02035405;OS HARSELAAR 20-3i;1.0;34
BU02035406;OS HARSELAAR 20-3i;1.0;24
BU02035407;OS HARSELAAR 20-3i;1.0;29
BU02035408;OS HARSELAAR 20-3i;1.0;78
BU02035409;OS HARSELAAR 20-3i;1.0;38
BU02035410;OS HARSELAAR 20-3i;1.0;54
BU02035411;OS HARSELAAR 20-3i;1.0;38
BU02035412;OS HARSELAAR 20-3i;0.971830985915493;71
BU02035413;OS HARSELAAR 20-3i;1.0;6
BU02035414;OS HARSELAAR 20-3i;1.0;70
BU02035415;OS HARSELAAR 20-3i;1.0;32
BU02035425;OS HARSELAAR 10-1i;0.5;14
BU02035426;OS HARSELAAR 10-1i;0.9090909090909091;11
BU02035530;OS HARSELAAR 10-1i;0.9130434782608695;92
BU02035531;OS HARSELAAR 10-1i;1.0;12
BU02035532;OS HARSELAAR 10-1i;1.0;18
BU02035533;OS HARSELAAR 10-1i;1.0;12
BU02035534;OS HARSELAAR 10-1i;1.0;7
BU02035535;OS HARSELAAR 10-1i;1.0;28
BU02035536;OS HARSELAAR 10-1i;1.0;7
BU02035537;OS HARSELAAR 10-1i;1.0;18
BU02035538;OS HARSELAAR 10-1i;1.0;28
BU02035539;OS HARSELAAR 10-1i;1.0;35
BU02035540;OS HARSELAAR 10-1i;1.0;15
BU02035541;OS HARSELAAR 10-1i;1.0;9
BU02035650;OS HARSELAAR 10-1i;0.9722222222222222;72
BU02035651;OS HARSELAAR 10-1i;1.0;31
BU02035652;OS HARSELAAR 10-1i;1.0;8
BU02035780;OS HARDERWIJK 10-2i;0.8108108108108109;37
BU02035781;OS HARDERWIJK 10-2i;1.0;32
BU02035875;OS HARSELAAR 20-3i;0.6333333333333333;30
BU02035876;OS HARSELAAR 20-3i;1.0;9
BU02035877;OS HARSELAAR 20-3i;1.0;5
BU02035960;OS HARSELAAR 10-1i;1.0;35
BU02035961;OS HARSELAAR 10-1i;1.0;9
BU02036070;OS HARSELAAR 20-3i;0.5862068965517241;29
BU02036071;OS HARSELAAR 20-3i;1.0;12
BU02036190;OS HARSELAAR 20-3i;1.0;12
BU02036191;OS HARSELAAR 20-3i;1.0;5
BU02036265;OS HARDERWIJK 10-2i;0.5263157894736842;19
BU02036266;OS HARDERWIJK 10-2i;1.0;2
BU02036395;OS HARSELAAR 20-3i;0.8888888888888888;9
BU02090100;OS WINSELINGSEWEG 10-3i;0.7333333333333333;15
BU02090101;OS TEERSDIJK 10-1i;0.6;5
BU02090110;OS TEERSDIJK 10-1i;0.5;2
BU02090111;OS TEERSDIJK 10-1i;0.8125;16
BU02090112;OS TEERSDIJK 10-1i;0.8723404255319149;47
BU02090113;OS TEERSDIJK 10-1i;0.6666666666666666;9
BU02090114;OS TEERSDIJK 10-1i;0.6666666666666666;3
BU02090121;OS TEERSDIJK 10-1i;1.0;24
BU02090122;OS TEERSDIJK 10-1i;1.0;4
BU02090123;OS TEERSDIJK 10-2i;1.0;11
BU02090124;OS TEERSDIJK 10-1i;0.9375;16
BU02090125;OS TEERSDIJK 10-1i;1.0;7
BU02090126;OS TEERSDIJK 10-1i;1.0;5
BU02090131;OS TEERSDIJK 10-2i;1.0;9
BU02090141;OS TEERSDIJK 10-2i;1.0;18
BU02090142;OS TEERSDIJK 10-2i;0.972972972972973;37
BU02090143;OS TEERSDIJK 10-2i;0.95;20
BU02090144;OS TEERSDIJK 10-2i;1.0;25
BU02090145;OS TEERSDIJK 10-2i;1.0;50
BU02090146;OS TEERSDIJK 10-2i;0.6666666666666666;15
BU02090147;OS TEERSDIJK 10-2i;1.0;1
BU02090151;OS TEERSDIJK 10-2i;1.0;10
BU02090152;OS TEERSDIJK 10-2i;1.0;10
BU02090153;OS TEERSDIJK 10-2i;1.0;7
BU02090154;OS TEERSDIJK 10-2i;1.0;9
BU02090161;OS TEERSDIJK 10-2i;0.8666666666666667;45
BU02090202;OS TEERSDIJK 10-2i;0.5714285714285714;7
BU02090203;OS TEERSDIJK 10-2i;0.6666666666666666;6
BU02090204;OS TEERSDIJK 10-1i;1.0;4
BU02090271;OS TEERSDIJK 10-2i;0.9629629629629629;27
BU02090272;OS TEERSDIJK 10-2i;1.0;14
BU02090273;OS TEERSDIJK 10-2i;1.0;20
BU02090274;OS TEERSDIJK 10-2i;1.0;3
BU02090275;OS TEERSDIJK 10-2i;1.0;28
BU02090276;OS TEERSDIJK 10-2i;1.0;9
BU02090305;OS WINSELINGSEWEG 10-3i;1.0;5
BU02090306;OS WINSELINGSEWEG 10-3i;1.0;6
BU02090381;OS WINSELINGSEWEG 10-3i;1.0;17
BU02090382;OS WINSELINGSEWEG 10-3i;1.0;62
BU02090383;OS WINSELINGSEWEG 10-3i;1.0;6
BU02090407;OS TEERSDIJK 10-2i;0.7;10
BU02090408;OS DRUTEN 10-1i;0.8888888888888888;18
BU02090409;OS TEERSDIJK 10-1i;0.5;2
BU02090491;OS TEERSDIJK 10-2i;0.5333333333333333;30
BU02130100;OS EERBEEK 10-1i + 10-2i;0.625;8
BU02130101;OS EERBEEK 10-1i + 10-2i;1.0;14
BU02130102;OS ZUTPHEN 10-1i;1.0;4
BU02130200;OS EERBEEK 10-1i + 10-2i;1.0;12
BU02130300;OS EERBEEK 10-1i + 10-2i;1.0;51
BU02130301;OS EERBEEK 10-1i + 10-2i;1.0;39
BU02130302;OS EERBEEK 10-1i + 10-2i;1.0;51
BU02130303;OS EERBEEK 10-1i + 10-2i;1.0;22
BU02130304;OS EERBEEK 10-1i + 10-2i;1.0;12
BU02130305;OS EERBEEK 10-1i + 10-2i;1.0;4
BU02130306;OS EERBEEK 10-1i + 10-2i;1.0;18
BU02130307;OS ZUTPHEN 10-1i;0.75;4
BU02130308;OS EERBEEK 10-1i + 10-2i;1.0;4
BU02130309;OS EERBEEK 10-1i + 10-2i;1.0;26
BU02130310;OS EERBEEK 10-1i + 10-2i;1.0;3
BU02130311;OS EERBEEK 10-1i + 10-2i;1.0;3
BU02130312;OS EERBEEK 10-1i + 10-2i;1.0;7
BU02130313;OS EERBEEK 10-1i + 10-2i;1.0;1
BU02130314;OS EERBEEK 10-1i + 10-2i;0.8571428571428571;14
BU02130315;OS ZUTPHEN 10-1i;0.8;5
BU02130316;OS EERBEEK 10-1i + 10-2i;1.0;6
BU02130317;OS EERBEEK 10-1i + 10-2i;0.8333333333333334;12
BU02130400;OS EERBEEK 10-1i + 10-2i;1.0;16
BU02130401;OS EERBEEK 10-1i + 10-2i;1.0;10
BU02130402;OS EERBEEK 10-1i + 10-2i;1.0;5
BU02130500;OS EERBEEK 10-1i + 10-2i;1.0;9
BU02130501;OS EERBEEK 10-1i + 10-2i;1.0;21
BU02130502;OS EERBEEK 10-1i + 10-2i;1.0;9
BU02130600;OS EERBEEK 10-1i + 10-2i;1.0;22
BU02130601;OS EERBEEK 10-1i + 10-2i;1.0;28
BU02130602;OS EERBEEK 10-1i + 10-2i;1.0;51
BU02130603;OS EERBEEK 10-1i + 10-2i;1.0;33
BU02130604;OS EERBEEK 10-1i + 10-2i;1.0;5
BU02130605;OS EERBEEK 10-1i + 10-2i;1.0;98
BU02130606;OS EERBEEK 10-1i + 10-2i;1.0;16
BU02130607;OS EERBEEK 10-1i + 10-2i;1.0;5
BU02130608;OS EERBEEK 10-1i + 10-2i;1.0;13
BU02130609;OS EERBEEK 10-1i + 10-2i;1.0;29
BU02130610;OS EERBEEK 10-1i + 10-2i;1.0;9
BU02140000;OS CULEMBORG 10-2i;1.0;19
BU02140001;OS CULEMBORG 10-2i;1.0;31
BU02140002;OS CULEMBORG 10-2i;0.6842105263157895;19
BU02140003;OS CULEMBORG 10-2i;1.0;7
BU02140004;OS TIEL 10-1i;0.6666666666666666;6
BU02140006;OS CULEMBORG 10-2i;0.8;5
BU02140007;OS TIEL 10-1i;0.6;10
BU02140008;OS CULEMBORG 10-2i;1.0;7
BU02140009;OS CULEMBORG 10-2i;0.4642857142857143;28
BU02140100;OS CULEMBORG 10-2i;1.0;66
BU02140101;OS CULEMBORG 10-2i;1.0;16
BU02140109;OS CULEMBORG 10-2i;0.9428571428571428;35
BU02140200;OS TIEL 10-2i;0.8846153846153846;26
BU02140201;OS TIEL 10-1i;0.9393939393939394;33
BU02140202;OS TIEL 10-1i;1.0;2
BU02140206;OS TIEL 20-4i;0.45454545454545453;11
BU02140207;OS TIEL 10-2i;0.7083333333333334;24
BU02140208;OS TIEL 10-1i;1.0;4
BU02140209;OS CULEMBORG 10-1i;0.75;12
BU02140300;OS DODEWAARD 10-1i;0.8604651162790697;86
BU02140301;OS TIEL 10-2i;1.0;9
BU02140305;OS TIEL 10-2i;0.9166666666666666;12
BU02140306;OS TIEL 10-1i;0.6333333333333333;30
BU02140307;OS DODEWAARD 10-1i;1.0;9
BU02140308;OS DODEWAARD 10-1i;0.7;20
BU02140400;OS TIEL 20-4i;0.9047619047619048;21
BU02140402;OS TIEL 20-4i;1.0;7
BU02140408;OS TIEL 20-4i;1.0;18
BU02140409;OS TIEL 10-2i;0.8571428571428571;7
BU02140500;OS TIEL 10-2i;0.9866666666666667;75
BU02140501;OS TIEL 20-4i;1.0;7
BU02140502;OS TIEL 20-4i;0.5238095238095238;21
BU02140503;OS TIEL 20-4i;1.0;4
BU02140507;OS TIEL 20-4i;1.0;12
BU02140508;OS TIEL 10-2i;0.6829268292682927;41
BU02140509;OS TIEL 10-2i;0.7272727272727273;22
BU02140600;OS CULEMBORG 10-2i;1.0;7
BU02140608;OS CULEMBORG 10-2i;1.0;8
BU02140609;OS CULEMBORG 10-2i;0.7777777777777778;9
BU02160000;OS CULEMBORG 10-1i;1.0;73
BU02160001;OS CULEMBORG 10-1i;0.8181818181818182;11
BU02160002;OS CULEMBORG 10-9i;0.5535714285714286;56
BU02160003;OS CULEMBORG 10-2i;0.9117647058823529;34
BU02160004;OS CULEMBORG 10-9i;0.8392857142857143;56
BU02160005;OS CULEMBORG 10-9i;0.9696969696969697;66
BU02160006;OS CULEMBORG 10-2i;1.0;21
BU02160007;OS CULEMBORG 10-2i;0.9583333333333334;48
BU02160008;OS CULEMBORG 10-1i;1.0;37
BU02160009;OS CULEMBORG 10-1i;0.7959183673469388;49
BU02160010;OS CULEMBORG 10-2i;0.5555555555555556;9
BU02160100;OS CULEMBORG 10-9i;0.5;30
BU02160101;OS CULEMBORG 10-9i;0.6885245901639344;61
BU02160102;OS CULEMBORG 10-9i;0.7333333333333333;45
BU02160103;OS CULEMBORG 10-1i;0.8620689655172413;58
BU02160104;OS CULEMBORG 10-1i;1.0;24
BU02160105;OS CULEMBORG 10-1i;1.0;30
BU02160106;OS CULEMBORG 10-9i;0.78125;32
BU02160107;OS CULEMBORG 10-9i;0.5;10
BU02160108;OS CULEMBORG 10-9i;0.8125;16
BU02210100;OS DOETINCHEM 20-6i;1.0;98
BU02210101;OS DOETINCHEM 20-6i;1.0;38
BU02210102;OS DOETINCHEM 20-6i;1.0;33
BU02210103;OS DOETINCHEM 20-6i;1.0;71
BU02210104;OS DOETINCHEM 20-6i;1.0;61
BU02210105;OS DOETINCHEM 20-6i;1.0;23
BU02210106;OS DOETINCHEM 20-6i;1.0;4
BU02210107;OS DOETINCHEM 20-6i;1.0;1
BU02210108;OS DOETINCHEM 20-6i;1.0;10
BU02210109;OS DOETINCHEM 20-6i;1.0;1
BU02210110;OS DOETINCHEM 20-6i;1.0;2
BU02220101;OS DOETINCHEM 10-3i;1.0;41
BU02220102;OS DOETINCHEM 10-3i;0.7777777777777778;9
BU02220103;OS DOETINCHEM 10-3i;1.0;17
BU02220104;OS DOETINCHEM 10-3i;1.0;21
BU02220105;OS DOETINCHEM 10-3i;1.0;18
BU02220106;OS DOETINCHEM 10-3i;1.0;32
BU02220201;OS DOETINCHEM 10-3i;1.0;27
BU02220202;OS DOETINCHEM 10-3i;1.0;40
BU02220203;OS DOETINCHEM 10-5i;0.8571428571428571;7
BU02220204;OS DOETINCHEM 10-3i;1.0;64
BU02220205;OS DOETINCHEM 10-3i;0.9375;48
BU02220206;OS DOETINCHEM 10-3i;1.0;9
BU02220208;OS DOETINCHEM 10-5i;0.8;5
BU02220301;OS DOETINCHEM 10-3i;1.0;8
BU02220302;OS DOETINCHEM 10-3i;1.0;31
BU02220303;OS DOETINCHEM 10-3i;1.0;37
BU02220401;OS DOETINCHEM 10-3i;0.5;78
BU02220402;OS DOETINCHEM 10-3i;0.5714285714285714;7
BU02220403;OS DOETINCHEM 10-3i;0.5;4
BU02220404;OS DOETINCHEM 10-3i;1.0;10
BU02220405;OS DOETINCHEM 10-3i;1.0;9
BU02220406;OS DOETINCHEM 10-5i;1.0;3
BU02220407;OS DOETINCHEM 10-5i;0.9;10
BU02220408;OS DOETINCHEM 20-6i;0.8571428571428571;14
BU02220501;OS DOETINCHEM 10-3i;1.0;5
BU02220502;OS DOETINCHEM 10-3i;0.5;6
BU02220503;OS DOETINCHEM 10-3i;0.5333333333333333;15
BU02220504;OS DOETINCHEM 10-3i;0.6666666666666666;3
BU02220505;OS DOETINCHEM 10-3i;1.0;11
BU02220601;OS DOETINCHEM 10-3i;1.0;27
BU02220602;OS DOETINCHEM 10-3i;0.7924528301886793;53
BU02220603;OS DOETINCHEM 20-6i;0.55;40
BU02220604;OS DOETINCHEM 10-3i;1.0;23
BU02220605;OS DOETINCHEM 20-6i;0.7804878048780488;41
BU02220606;OS DOETINCHEM 20-6i;1.0;38
BU02220607;OS DOETINCHEM 10-5i;0.6666666666666666;3
BU02220608;OS DOETINCHEM 10-3i;0.5384615384615384;13
BU02220609;OS DOETINCHEM 10-5i;1.0;1
BU02220702;OS DOETINCHEM 10-5i;1.0;12
BU02220703;OS DOETINCHEM 10-5i;1.0;16
BU02220704;OS DOETINCHEM 10-5i;1.0;17
BU02220705;OS DOETINCHEM 10-5i;1.0;21
BU02220706;OS DOETINCHEM 10-5i;1.0;24
BU02220707;OS DOETINCHEM 10-5i;1.0;18
BU02220708;OS DOETINCHEM 10-5i;1.0;6
BU02220709;OS DOETINCHEM 10-5i;1.0;9
BU02220710;OS DOETINCHEM 10-5i;1.0;13
BU02220711;OS DOETINCHEM 10-5i;1.0;4
BU02220712;OS DOETINCHEM 10-5i;0.8;5
BU02220713;OS DOETINCHEM 10-3i;0.896551724137931;29
BU02220801;OS DOETINCHEM 10-5i;0.8095238095238095;21
BU02220802;OS DOETINCHEM 10-3i;0.5714285714285714;14
BU02220803;OS DOETINCHEM 10-5i;1.0;3
BU02220804;OS DOETINCHEM 10-5i;1.0;4
BU02220901;OS DOETINCHEM 10-3i;1.0;11
BU02220902;OS DOETINCHEM 10-3i;1.0;10
BU02220903;OS DOETINCHEM 10-3i;1.0;7
BU02220904;OS DOETINCHEM 10-3i;1.0;38
BU02220905;OS DOETINCHEM 10-3i;1.0;68
BU02220906;OS DOETINCHEM 10-3i;1.0;45
BU02220907;OS DOETINCHEM 10-5i;0.5;6
BU02220908;OS DOETINCHEM 10-5i;1.0;9
BU02220909;OS DOETINCHEM 10-5i;1.0;2
BU02220911;OS DOETINCHEM 10-5i;1.0;4
BU02221101;OS ULFT 10-1i;1.0;34
BU02221102;OS ULFT 10-1i;1.0;36
BU02221103;OS ULFT 10-1i;1.0;11
BU02221104;OS ULFT 10-1i;0.9655172413793104;58
BU02221105;OS ULFT 10-1i;1.0;3
BU02221106;OS DOETINCHEM 10-5i;0.75;12
BU02221107;OS DOETINCHEM 10-5i;0.75;4
BU02223101;OS DOETINCHEM 10-5i;0.9642857142857143;56
BU02223102;OS DOETINCHEM 10-5i;0.625;8
BU02223103;OS DOETINCHEM 10-5i;0.625;8
BU02223104;OS DOETINCHEM 10-5i;1.0;10
BU02223105;OS DOETINCHEM 10-5i;0.8;5
BU02223106;OS DOETINCHEM 10-5i;1.0;4
BU02223107;OS DOETINCHEM 10-5i;1.0;5
BU02223108;OS ZEVENAAR 10-3i;0.75;8
BU02223109;OS DOETINCHEM 10-5i;1.0;9
BU02223110;OS ZEVENAAR 10-3i;1.0;7
BU02223111;OS DOETINCHEM 20-6i;1.0;4
BU02223112;OS DOETINCHEM 10-5i;0.9682539682539683;63
BU02223113;OS DOETINCHEM 20-6i;1.0;14
BU02250001;OS DRUTEN 10-1i;1.0;6
BU02250101;OS DRUTEN 10-1i;1.0;16
BU02250102;OS DRUTEN 10-1i;1.0;30
BU02250103;OS DRUTEN 10-1i;1.0;20
BU02250104;OS DRUTEN 10-1i;1.0;22
BU02250105;OS DRUTEN 10-1i;1.0;26
BU02250106;OS DRUTEN 10-1i;1.0;24
BU02250107;OS DRUTEN 10-1i;1.0;15
BU02250108;OS DRUTEN 10-1i;1.0;11
BU02250109;OS DRUTEN 10-1i;1.0;11
BU02250110;OS DRUTEN 10-1i;1.0;1
BU02250201;OS DRUTEN 10-1i;1.0;19
BU02250202;OS DRUTEN 10-1i;1.0;47
BU02250203;OS DRUTEN 10-1i;1.0;22
BU02250204;OS DRUTEN 10-1i;1.0;29
BU02250205;OS DRUTEN 10-1i;1.0;2
BU02250301;OS DRUTEN 10-1i;1.0;10
BU02250302;OS DRUTEN 10-1i;1.0;40
BU02250303;OS DRUTEN 10-1i;1.0;5
BU02250401;OS DRUTEN 10-1i;1.0;19
BU02250402;OS DRUTEN 10-1i;1.0;30
BU02250501;OS DRUTEN 10-1i;1.0;11
BU02250502;OS DRUTEN 10-1i;1.0;21
BU02250601;OS DRUTEN 10-1i;1.0;24
BU02250602;OS DRUTEN 10-1i;1.0;32
BU02250603;OS DRUTEN 10-1i;1.0;3
BU02260101;OS ZEVENAAR 10-3i;1.0;25
BU02260201;OS ZEVENAAR 10-1i;0.5333333333333333;15
BU02260301;OS ZEVENAAR 10-3i;1.0;72
BU02260302;OS ZEVENAAR 10-3i;1.0;76
BU02260303;OS ZEVENAAR 10-3i;1.0;31
BU02260304;OS ZEVENAAR 10-3i;1.0;57
BU02260305;OS ZEVENAAR 10-3i;1.0;20
BU02260306;OS ZEVENAAR 10-3i;1.0;13
BU02260307;OS ZEVENAAR 10-3i;1.0;28
BU02260308;OS ZEVENAAR 10-3i;1.0;26
BU02260401;OS ZEVENAAR 10-3i;1.0;72
BU02260402;OS ZEVENAAR 10-3i;1.0;97
BU02260501;OS ZEVENAAR 10-1i;0.9583333333333334;72
BU02260601;OS ZEVENAAR 10-3i;0.972972972972973;37
BU02280101;OS EDE 10-1i;0.9891304347826086;92
BU02280102;OS EDE 10-1i;0.9166666666666666;12
BU02280103;OS EDE 10-1i;0.9833333333333333;60
BU02280104;OS EDE 10-1i;1.0;63
BU02280105;OS EDE 10-1i;1.0;44
BU02280201;OS EDE 10-1i;1.0;70
BU02280202;OS EDE 10-1i;1.0;62
BU02280203;OS EDE 10-1i;1.0;68
BU02280204;OS EDE 10-1i;1.0;81
BU02280205;OS EDE 10-1i;1.0;63
BU02280206;OS EDE 10-1i;1.0;55
BU02280301;OS EDE 10-1i;1.0;48
BU02280302;OS EDE 10-1i;1.0;46
BU02280303;OS EDE 10-1i;1.0;72
BU02280305;OS EDE 10-1i;0.9814814814814815;54
BU02280306;OS EDE 10-1i;0.9814814814814815;54
BU02280307;OS EDE 10-1i;1.0;55
BU02280401;OS EDE 10-2i;0.9285714285714286;14
BU02280402;OS EDE 10-2i;1.0;36
BU02280403;OS EDE 10-2i;1.0;40
BU02280501;OS EDE 10-2i;0.7222222222222222;36
BU02281001;OS EDE 10-1i;0.56;50
BU02281002;OS EDE 10-1i;1.0;49
BU02281003;OS EDE 10-2i;0.8421052631578947;95
BU02281004;OS EDE 10-2i;1.0;39
BU02281101;OS EDE 10-2i;0.7741935483870968;62
BU02281102;OS EDE 10-2i;1.0;33
BU02281103;OS EDE 10-2i;1.0;24
BU02281201;OS FRANKENENG 10-1i;1.0;20
BU02281202;OS FRANKENENG 10-1i;1.0;43
BU02281203;OS FRANKENENG 10-1i;0.9777777777777777;45
BU02281204;OS FRANKENENG 10-1i;1.0;35
BU02281301;OS FRANKENENG 10-1i;1.0;14
BU02281302;OS FRANKENENG 10-1i;1.0;15
BU02281303;OS FRANKENENG 10-1i;1.0;7
BU02281304;OS EDE 10-2i;0.7272727272727273;11
BU02281305;OS EDE 10-2i;0.8571428571428571;7
BU02281306;OS EDE 10-2i;0.75;8
BU02282031;OS FRANKENENG 10-1i;0.9;10
BU02282032;OS EDE 10-2i;0.9333333333333333;30
BU02282051;OS EDE 10-2i;0.7027027027027027;37
BU02283001;OS RENKUM 10-1i;1.0;73
BU02283002;OS RENKUM 10-1i;1.0;78
BU02283003;OS RENKUM 10-1i;1.0;74
BU02283004;OS RENKUM 10-1i;1.0;80
BU02283031;OS RENKUM 10-1i;0.68;25
BU02283051;OS RENKUM 10-1i;0.7647058823529411;17
BU02284001;OS EDE 10-2i;1.0;78
BU02284002;OS EDE 10-2i;1.0;54
BU02284003;OS EDE 10-2i;1.0;26
BU02284031;OS HARSELAAR 20-3i;0.6388888888888888;36
BU02284032;OS EDE 10-2i;1.0;15
BU02284033;OS EDE 10-2i;1.0;36
BU02284034;OS EDE 10-2i;1.0;43
BU02284051;OS EDE 10-2i;1.0;14
BU02285001;OS EDE 10-2i;1.0;31
BU02285031;OS EDE 10-2i;1.0;26
BU02286001;OS EDE 10-2i;1.0;6
BU02286031;OS EDE 10-2i;0.9090909090909091;11
BU02287001;OS EDE 10-2i;1.0;49
BU02287002;OS EDE 10-2i;1.0;3
BU02287031;OS EDE 10-2i;1.0;31
BU02287051;OS EDE 10-2i;1.0;2
BU02288001;OS EDE 10-2i;1.0;38
BU02288031;OS EDE 10-2i;1.0;24
BU02288051;OS EDE 10-2i;1.0;6
BU02289001;OS EDE 10-2i;1.0;43
BU02289031;OS EDE 10-2i;1.0;26
BU02289051;OS EDE 10-2i;0.8181818181818182;11
BU02289052;OS EERBEEK 10-1i + 10-2i;0.6;5
BU02289053;OS EERBEEK 10-1i + 10-2i;0.6666666666666666;3
BU02300100;OS NUNSPEET 10-2i;1.0;51
BU02300101;OS NUNSPEET 10-2i;1.0;12
BU02300102;OS NUNSPEET 10-2i;1.0;77
BU02300103;OS NUNSPEET 10-2i;1.0;53
BU02300104;OS NUNSPEET 10-2i;1.0;43
BU02300105;OS NUNSPEET 10-2i;1.0;28
BU02300106;OS NUNSPEET 10-2i;1.0;27
BU02300107;OS NUNSPEET 10-2i;1.0;41
BU02300108;OS NUNSPEET 10-2i;1.0;10
BU02300109;OS NUNSPEET 10-2i;1.0;10
BU02300110;OS NUNSPEET 10-2i;1.0;8
BU02300201;OS NUNSPEET 10-2i;1.0;62
BU02300202;OS NUNSPEET 10-2i;1.0;61
BU02300203;OS NUNSPEET 10-2i;1.0;30
BU02300204;OS NUNSPEET 10-2i;1.0;10
BU02300205;OS NUNSPEET 10-2i;1.0;18
BU02300207;OS NUNSPEET 10-2i;1.0;19
BU02300209;OS NUNSPEET 10-2i;0.6666666666666666;3
BU02300300;OS NUNSPEET 10-2i;1.0;33
BU02300304;OS NUNSPEET 10-2i;1.0;17
BU02300306;OS NUNSPEET 10-2i;0.8333333333333334;12
BU02300308;OS NUNSPEET 10-1i;0.5714285714285714;28
BU02309997;OS NUNSPEET 10-2i;1.0;1
BU02320000;OS VAASSEN 10-1i;1.0;54
BU02320001;OS VAASSEN 10-1i;1.0;39
BU02320002;OS VAASSEN 10-1i;1.0;33
BU02320003;OS VAASSEN 10-1i;1.0;35
BU02320004;OS VAASSEN 10-1i;1.0;31
BU02320005;OS VAASSEN 10-1i;1.0;57
BU02320006;OS VAASSEN 10-1i;1.0;20
BU02320007;OS VAASSEN 10-1i;1.0;15
BU02320008;OS VAASSEN 10-1i;1.0;69
BU02320009;OS VAASSEN 10-1i;1.0;15
BU02320010;OS VAASSEN 10-1i;1.0;41
BU02320011;OS VAASSEN 10-1i;1.0;38
BU02320012;OS VAASSEN 10-1i;0.9482758620689655;58
BU02320100;OS VAASSEN 10-1i;1.0;21
BU02320101;OS VAASSEN 10-1i;1.0;77
BU02320200;OS VAASSEN 10-1i;1.0;33
BU02320201;OS VAASSEN 10-1i;1.0;45
BU02320202;OS VAASSEN 10-1i;1.0;16
BU02320203;OS VAASSEN 10-1i;1.0;43
BU02320204;OS VAASSEN 10-1i;1.0;49
BU02320205;OS VAASSEN 10-1i;1.0;23
BU02320206;OS VAASSEN 10-1i;1.0;19
BU02320207;OS VAASSEN 10-1i;1.0;30
BU02320208;OS VAASSEN 10-1i;1.0;23
BU02320209;OS VAASSEN 10-1i;1.0;16
BU02320210;OS VAASSEN 10-1i;1.0;8
BU02320211;OS VAASSEN 10-1i;1.0;70
BU02320300;OS VAASSEN 10-1i;1.0;19
BU02320301;OS VAASSEN 10-1i;0.9;40
BU02330001;OS HARDERWIJK 10-2i;1.0;78
BU02330002;OS HARDERWIJK 10-2i;1.0;80
BU02330003;OS HARDERWIJK 10-2i;1.0;150
BU02330004;OS HARDERWIJK 10-2i;1.0;142
BU02330005;OS HARDERWIJK 10-2i;1.0;7
BU02330101;OS HARDERWIJK 10-2i;1.0;75
BU02330201;OS HARDERWIJK 10-2i;0.8695652173913043;23
BU02330202;OS HARDERWIJK 10-2i;1.0;28
BU02330301;OS HARDERWIJK 10-2i;1.0;22
BU02330302;OS HARDERWIJK 10-2i;1.0;12
BU02330303;OS HARDERWIJK 10-2i;1.0;5
BU02330304;OS HARDERWIJK 10-2i;1.0;27
BU02330401;OS HARDERWIJK 10-2i;1.0;42
BU02330402;OS HARDERWIJK 10-2i;1.0;1
BU02330501;OS HARDERWIJK 10-2i;1.0;11
BU02330502;OS HARDERWIJK 10-2i;1.0;7
BU02330503;OS HARDERWIJK 10-2i;1.0;6
BU02330504;OS HARDERWIJK 10-2i;1.0;1
BU02330505;OS HARDERWIJK 10-2i;1.0;5
BU02330506;OS HARDERWIJK 10-2i;1.0;4
BU02430101;OS HARDERWIJK 10-1i;1.0;43
BU02430102;OS HARDERWIJK 10-1i;1.0;39
BU02430201;OS HARDERWIJK 10-1i;1.0;14
BU02430202;OS HARDERWIJK 10-1i;1.0;5
BU02430203;OS HARDERWIJK 10-1i;1.0;8
BU02430204;OS HARDERWIJK 10-1i;1.0;1
BU02430301;OS HARDERWIJK 10-1i;1.0;33
BU02430302;OS HARDERWIJK 10-1i;1.0;22
BU02430401;OS HARDERWIJK 10-1i;1.0;22
BU02430402;OS HARDERWIJK 10-1i;1.0;24
BU02430501;OS HARDERWIJK 10-1i;1.0;45
BU02430502;OS HARDERWIJK 10-1i;1.0;58
BU02430503;OS HARDERWIJK 10-1i;1.0;20
BU02430504;OS HARDERWIJK 10-1i;1.0;26
BU02430601;OS HARDERWIJK 10-1i;1.0;5
BU02430602;OS HARDERWIJK 10-1i;1.0;13
BU02430701;OS HARDERWIJK 10-1i;1.0;5
BU02430702;OS HARDERWIJK 10-1i;1.0;6
BU02430801;OS HARDERWIJK 10-1i;1.0;21
BU02430802;OS HARDERWIJK 10-1i;1.0;15
BU02430803;OS HARDERWIJK 10-1i;1.0;25
BU02430804;OS HARDERWIJK 10-1i;1.0;31
BU02430805;OS HARDERWIJK 10-1i;1.0;28
BU02430806;OS HARDERWIJK 10-1i;1.0;38
BU02430807;OS HARDERWIJK 10-1i;1.0;15
BU02430808;OS HARDERWIJK 10-1i;1.0;33
BU02430901;OS HARDERWIJK 10-1i;1.0;20
BU02430902;OS HARDERWIJK 10-1i;1.0;15
BU02431001;OS HARDERWIJK 10-1i;1.0;34
BU02431002;OS HARDERWIJK 10-1i;1.0;12
BU02431003;OS HARDERWIJK 10-1i;1.0;5
BU02431004;OS HARDERWIJK 10-1i;1.0;31
BU02431005;OS HARDERWIJK 10-1i;1.0;43
BU02431006;OS HARDERWIJK 10-1i;1.0;31
BU02431101;OS HARDERWIJK 10-1i;1.0;20
BU02431102;OS HARDERWIJK 10-1i;1.0;23
BU02431103;OS HARDERWIJK 10-1i;1.0;25
BU02431104;OS HARDERWIJK 10-1i;1.0;5
BU02431201;OS HARDERWIJK 10-2i;0.96875;32
BU02431202;OS HARDERWIJK 10-2i;1.0;12
BU02431203;OS HARDERWIJK 10-2i;1.0;14
BU02431204;OS HARDERWIJK 10-2i;1.0;17
BU02431205;OS HARDERWIJK 10-2i;1.0;23
BU02431206;OS HARDERWIJK 10-2i;1.0;18
BU02431207;OS HARDERWIJK 10-2i;1.0;26
BU02431210;OS HARDERWIJK 10-2i;0.9166666666666666;12
BU02431211;OS HARDERWIJK 10-1i;1.0;2
BU02431212;OS HARDERWIJK 10-1i;1.0;2
BU02431213;OS HARDERWIJK 10-2i;1.0;21
BU02431301;OS HARDERWIJK 10-1i;1.0;26
BU02431302;OS HARDERWIJK 10-1i;1.0;10
BU02431303;OS HARDERWIJK 10-1i;1.0;7
BU02431401;OS HARDERWIJK 10-2i;0.6;5
BU02431402;OS HARDERWIJK 10-2i;1.0;2
BU02431403;OS HARDERWIJK 10-1i;0.7692307692307693;13
BU02431501;OS HARDERWIJK 10-1i;1.0;26
BU02431502;OS HARDERWIJK 10-1i;1.0;6
BU02431503;OS HARDERWIJK 10-1i;0.625;8
BU02431504;OS HARDERWIJK 10-1i;1.0;23
BU02431505;OS HARDERWIJK 10-1i;1.0;13
BU02431506;OS HARDERWIJK 10-1i;0.9375;16
BU02439997;OS HARDERWIJK 10-1i;1.0;1
BU02440000;OS HATTEM 10-1i;1.0;37
BU02440001;OS HATTEM 10-1i;1.0;75
BU02440002;OS HATTEM 10-1i;1.0;54
BU02440003;OS HATTEM 10-1i;1.0;37
BU02440004;OS HATTEM 10-1i;1.0;30
BU02440005;OS HATTEM 10-1i;1.0;71
BU02440008;OS HATTEM 10-1i;1.0;9
BU02440009;OS HATTEM 10-1i;1.0;6
BU02440108;OS HATTEM 10-1i;1.0;21
BU02440109;OS HATTEM 10-1i;0.9444444444444444;18
BU02460000;OS HATTEM 10-1i;1.0;223
BU02460001;OS HATTEM 10-1i;1.0;12
BU02460002;OS HATTEM 10-1i;1.0;1
BU02460003;OS HATTEM 10-1i;1.0;2
BU02460004;OS HATTEM 10-1i;1.0;8
BU02460005;OS HATTEM 10-1i;1.0;47
BU02460006;OS HATTEM 10-1i;1.0;34
BU02460007;OS HATTEM 10-1i;1.0;9
BU02460008;OS HATTEM 10-1i;1.0;15
BU02460009;OS HATTEM 10-1i;0.8571428571428571;7
BU02460100;OS HATTEM 10-1i;1.0;76
BU02460106;OS HATTEM 10-1i;1.0;24
BU02460107;OS HATTEM 10-1i;1.0;36
BU02460108;OS HATTEM 10-1i;1.0;6
BU02460109;OS HATTEM 10-1i;1.0;10
BU02520000;OS TEERSDIJK 10-2i;1.0;31
BU02520001;OS TEERSDIJK 10-2i;0.8805970149253731;67
BU02520002;OS TEERSDIJK 10-1i;0.5847953216374269;171
BU02520003;OS SINT ANNAMOLEN 10-1i;1.0;3
BU02520004;OS TEERSDIJK 10-2i;1.0;10
BU02520005;OS SINT ANNAMOLEN 10-1i;1.0;6
BU02520006;OS TEERSDIJK 10-2i;0.4166666666666667;36
BU02520007;OS SINT ANNAMOLEN 10-1i;0.6666666666666666;6
BU02520008;OS TEERSDIJK 10-2i;1.0;21
BU02520009;OS TEERSDIJK 10-2i;1.0;4
BU02520100;OS TEERSDIJK 10-2i;1.0;40
BU02520101;OS TEERSDIJK 10-2i;1.0;10
BU02520103;OS TEERSDIJK 10-2i;1.0;5
BU02520104;OS TEERSDIJK 10-2i;1.0;14
BU02520105;OS TEERSDIJK 10-2i;1.0;7
BU02520106;OS TEERSDIJK 10-2i;1.0;2
BU02520107;OS TEERSDIJK 10-2i;1.0;8
BU02520108;OS TEERSDIJK 10-2i;1.0;4
BU02520109;OS TEERSDIJK 10-2i;1.0;4
BU02620000;OS LOCHEM 10-1i;1.0;31
BU02620001;OS LOCHEM 10-1i;1.0;116
BU02620002;OS LOCHEM 10-1i;1.0;27
BU02620003;OS LOCHEM 10-1i;1.0;82
BU02620004;OS LOCHEM 10-1i;1.0;52
BU02620005;OS LOCHEM 10-1i;1.0;30
BU02620006;OS LOCHEM 10-1i;1.0;20
BU02620106;OS LOCHEM 10-1i;0.8947368421052632;19
BU02620107;OS LOCHEM 10-1i;0.9444444444444444;18
BU02620108;OS LOCHEM 10-1i;0.9090909090909091;11
BU02620109;OS LOCHEM 10-1i;1.0;25
BU02620200;OS LOCHEM 10-1i;1.0;43
BU02620201;OS LOCHEM 10-1i;1.0;1
BU02620205;OS LOCHEM 10-1i;0.5333333333333333;15
BU02620206;OS LOCHEM 10-1i;1.0;33
BU02620207;OS LOCHEM 10-1i;1.0;60
BU02620208;OS LOCHEM 10-1i;0.8333333333333334;12
BU02620209;OS LOCHEM 10-1i;0.5;2
BU02620300;OS LOCHEM 10-1i;1.0;28
BU02620307;OS LOCHEM 10-1i;1.0;12
BU02620308;OS LOCHEM 10-1i;1.0;25
BU02620309;OS LOCHEM 10-1i;0.9545454545454546;22
BU02620400;OS ZUTPHEN 10-2i;1.0;128
BU02620401;OS ZUTPHEN 10-2i;1.0;97
BU02620402;OS ZUTPHEN 10-2i;0.9402985074626866;67
BU02620406;OS ZUTPHEN 10-2i;1.0;36
BU02620407;OS ZUTPHEN 10-2i;1.0;39
BU02620408;OS ZUTPHEN 10-2i;0.918918918918919;37
BU02620409;OS ZUTPHEN 10-2i;1.0;47
BU02620500;OS ZUTPHEN 10-2i;1.0;37
BU02620501;OS ZUTPHEN 10-2i;1.0;27
BU02620506;OS ZUTPHEN 10-2i;1.0;19
BU02620507;OS ZUTPHEN 10-2i;1.0;15
BU02620508;OS ZUTPHEN 10-2i;0.9375;48
BU02620509;OS ZUTPHEN 10-2i;0.625;16
BU02630000;OS ZALTBOMMEL 10-1i;0.6918238993710691;159
BU02630001;OS ZALTBOMMEL 10-1i;1.0;16
BU02630002;OS ZALTBOMMEL 10-1i;1.0;4
BU02630003;OS ZALTBOMMEL 10-2i;1.0;12
BU02630006;OS ZALTBOMMEL 10-1i;0.625;8
BU02630007;OS ZALTBOMMEL 10-2i;0.7142857142857143;28
BU02630008;OS ZALTBOMMEL 10-1i;1.0;27
BU02630009;OS ZALTBOMMEL 10-1i;0.5454545454545454;11
BU02630010;OS ZALTBOMMEL 10-2i;0.8571428571428571;7
BU02630100;OS ZALTBOMMEL 10-1i;1.0;82
BU02630101;OS ZALTBOMMEL 10-1i;1.0;11
BU02630102;OS ZALTBOMMEL 10-1i;1.0;7
BU02630108;OS ZALTBOMMEL 10-1i;1.0;14
BU02630109;OS ZALTBOMMEL 10-1i;1.0;23
BU02630200;OS ZALTBOMMEL 10-1i;1.0;112
BU02630208;OS ZALTBOMMEL 10-1i;1.0;20
BU02630209;OS ZALTBOMMEL 10-1i;1.0;18
BU02630300;OS ZALTBOMMEL 10-1i;1.0;30
BU02630301;OS ZALTBOMMEL 10-1i;1.0;9
BU02630309;OS ZALTBOMMEL 10-1i;1.0;10
BU02630400;OS ZALTBOMMEL 10-2i;0.8769230769230769;65
BU02630401;OS ZALTBOMMEL 10-2i;1.0;9
BU02630408;OS ZALTBOMMEL 10-2i;0.8214285714285714;28
BU02630409;OS ZALTBOMMEL 10-1i;1.0;3
BU02670101;OS NIJKERK 10-1i;1.0;34
BU02670102;OS NIJKERK 10-2i;1.0;43
BU02670103;OS NIJKERK 10-2i;1.0;77
BU02670104;OS NIJKERK 10-2i;0.7333333333333333;60
BU02670105;OS NIJKERK 10-1i;0.5853658536585366;41
BU02670106;OS NIJKERK 10-1i;1.0;31
BU02670107;OS NIJKERK 10-1i;1.0;50
BU02670108;OS NIJKERK 10-1i;0.975609756097561;41
BU02670109;OS NIJKERK 10-2i;0.6923076923076923;39
BU02670110;OS NIJKERK 10-2i;0.8333333333333334;6
BU02670111;OS NIJKERK 10-2i;0.9803921568627451;51
BU02670112;OS NIJKERK 10-2i;0.96875;32
BU02670113;OS NIJKERK 10-2i;1.0;43
BU02670114;OS NIJKERK 10-2i;1.0;26
BU02670115;OS NIJKERK 10-2i;0.96875;32
BU02670116;OS NIJKERK 10-2i;1.0;6
BU02670117;OS NIJKERK 10-2i;1.0;29
BU02670118;OS NIJKERK 10-2i;0.6;45
BU02670201;OS NIJKERK 10-2i;1.0;11
BU02670202;OS NIJKERK 10-2i;0.9310344827586207;29
BU02670203;OS NIJKERK 10-2i;0.9230769230769231;13
BU02670204;OS HARSELAAR 10-1i;1.0;4
BU02670300;OS HARSELAAR 20-3i;1.0;47
BU02670301;OS HARSELAAR 20-3i;0.84375;32
BU02670302;OS NIJKERK 10-2i;0.5294117647058824;17
BU02670401;OS NIJKERK 10-2i;0.5;12
BU02670402;OS NIJKERK 10-2i;1.0;10
BU02670500;OS HARSELAAR 20-3i;0.9591836734693877;49
BU02670501;OS HARSELAAR 20-3i;0.8717948717948718;39
BU02670502;OS HARSELAAR 20-3i;0.896551724137931;58
BU02670503;OS HARSELAAR 20-3i;1.0;49
BU02670504;OS HARSELAAR 20-3i;0.8055555555555556;36
BU02670505;OS NIJKERK 10-2i;0.8666666666666667;30
BU02680100;OS WINSELINGSEWEG 10-1i;1.0;76
BU02680101;OS WINSELINGSEWEG 10-1i;1.0;310
BU02680202;OS WINSELINGSEWEG 10-1i;1.0;133
BU02680203;OS SINT ANNAMOLEN 10-1i;0.5157894736842106;285
BU02680204;OS WINSELINGSEWEG 10-1i;0.92;200
BU02680205;OS WINSELINGSEWEG 10-1i;0.8581081081081081;148
BU02680206;OS WINSELINGSEWEG 10-1i;0.6666666666666666;213
BU02680207;OS SINT ANNAMOLEN 10-1i;0.574468085106383;47
BU02680208;OS SINT ANNAMOLEN 10-1i;0.9833333333333333;60
BU02680209;OS WINSELINGSEWEG 10-1i;0.7272727272727273;11
BU02680320;OS WINSELINGSEWEG 10-1i;0.9696969696969697;198
BU02680321;OS WINSELINGSEWEG 10-1i;1.0;187
BU02680422;OS WINSELINGSEWEG 10-1i;0.9306930693069307;101
BU02680423;OS WINSELINGSEWEG 10-1i;0.9852216748768473;203
BU02680424;OS DUKENBURG 10-1i;0.9776785714285714;224
BU02680425;OS WINSELINGSEWEG 10-1i;0.7380952380952381;42
BU02680510;OS SINT ANNAMOLEN 10-1i;0.5314685314685315;143
BU02680511;OS SINT ANNAMOLEN 10-1i;0.625;160
BU02680512;OS DUKENBURG 10-1i;1.0;70
BU02680513;OS SINT ANNAMOLEN 10-1i;0.7073170731707317;123
BU02680517;OS SINT ANNAMOLEN 10-1i;0.8780487804878049;41
BU02680614;OS DUKENBURG 10-1i;0.8148148148148148;135
BU02680615;OS DUKENBURG 10-1i;1.0;153
BU02680616;OS DUKENBURG 10-1i;1.0;298
BU02680618;OS DUKENBURG 10-1i;1.0;121
BU02680731;OS TEERSDIJK 10-1i;1.0;105
BU02680732;OS TEERSDIJK 10-1i;1.0;152
BU02680733;OS TEERSDIJK 10-1i;1.0;96
BU02680734;OS TEERSDIJK 10-1i;1.0;76
BU02680735;OS TEERSDIJK 10-1i;1.0;76
BU02680736;OS TEERSDIJK 10-1i;1.0;91
BU02680737;OS TEERSDIJK 10-1i;0.9920634920634921;126
BU02680738;OS TEERSDIJK 10-1i;1.0;1
BU02680739;OS TEERSDIJK 10-1i;0.9;10
BU02680840;OS TEERSDIJK 10-1i;1.0;134
BU02680841;OS TEERSDIJK 10-1i;1.0;135
BU02680842;OS TEERSDIJK 10-1i;1.0;88
BU02680843;OS TEERSDIJK 10-1i;1.0;9
BU02680847;OS TEERSDIJK 10-1i;0.8421052631578947;19
BU02680848;OS TEERSDIJK 10-1i;1.0;5
BU02680849;OS TEERSDIJK 10-1i;1.0;7
BU02680950;OS OOSTERHOUT 20-2i;0.7553191489361702;94
BU02680960;OS ELST 10-1i;0.8275862068965517;58
BU02680970;OS OOSTERHOUT 20-2i;0.8949579831932774;238
BU02690000;OS NUNSPEET 10-2i;1.0;79
BU02690001;OS NUNSPEET 10-2i;1.0;4
BU02690002;OS NUNSPEET 10-2i;0.5333333333333333;15
BU02690004;OS HATTEM 10-1i;1.0;5
BU02690005;OS NUNSPEET 10-2i;0.7954545454545454;44
BU02690006;OS NUNSPEET 10-2i;0.8;5
BU02690007;OS NUNSPEET 10-2i;1.0;4
BU02690008;OS HATTEM 10-1i;0.625;16
BU02690009;OS HATTEM 10-1i;1.0;4
BU02690100;OS HATTEM 10-1i;1.0;119
BU02690101;OS HATTEM 10-1i;1.0;87
BU02690102;OS HATTEM 10-1i;1.0;27
BU02690103;OS HATTEM 10-1i;1.0;43
BU02690104;OS HATTEM 10-1i;1.0;48
BU02690105;OS HATTEM 10-1i;0.9285714285714286;14
BU02690106;OS HATTEM 10-1i;1.0;5
BU02690107;OS HATTEM 10-1i;1.0;2
BU02690108;OS HATTEM 10-1i;1.0;7
BU02690109;OS HATTEM 10-1i;1.0;12
BU02690110;OS HATTEM 10-1i;1.0;2
BU02690200;OS NUNSPEET 10-2i;1.0;22
BU02690201;OS NUNSPEET 10-2i;1.0;2
BU02690203;OS NUNSPEET 10-2i;1.0;6
BU02690208;OS NUNSPEET 10-2i;1.0;19
BU02690209;OS NUNSPEET 10-2i;0.9;10
BU02690210;OS NUNSPEET 10-2i;1.0;7
BU02730000;OS HARDERWIJK 10-2i;1.0;41
BU02730001;OS HARDERWIJK 10-2i;0.6917293233082706;133
BU02730002;OS HARDERWIJK 10-2i;1.0;65
BU02730003;OS HARSELAAR 10-1i;0.8297872340425532;47
BU02730004;OS HARDERWIJK 10-2i;1.0;52
BU02730005;OS NIJKERK 10-2i;0.5333333333333333;15
BU02730006;OS HARDERWIJK 10-2i;0.4857142857142857;35
BU02730007;OS NIJKERK 10-2i;0.9285714285714286;14
BU02730008;OS HARDERWIJK 10-2i;0.9019607843137255;51
BU02730009;OS NIJKERK 10-1i;0.6666666666666666;18
BU02730100;OS HARSELAAR 10-1i;1.0;5
BU02730108;OS HARSELAAR 10-1i;0.8974358974358975;39
BU02730109;OS HARDERWIJK 10-2i;0.5882352941176471;17
BU02740101;OS RENKUM 10-1i;1.0;3
BU02740102;OS RENKUM 10-1i;1.0;3
BU02740103;OS RENKUM 10-1i;1.0;58
BU02740104;OS RENKUM 10-1i;1.0;40
BU02740105;OS RENKUM 10-1i;1.0;47
BU02740106;OS RENKUM 10-1i;1.0;23
BU02740201;OS RENKUM 10-1i;1.0;4
BU02740202;OS RENKUM 10-1i;1.0;49
BU02740203;OS RENKUM 10-1i;1.0;5
BU02740204;OS RENKUM 10-1i;1.0;6
BU02740205;OS RENKUM 10-1i;1.0;42
BU02740206;OS RENKUM 10-1i;1.0;3
BU02740207;OS RENKUM 10-1i;1.0;4
BU02740301;OS RENKUM 10-1i;1.0;3
BU02740302;OS RENKUM 10-1i;1.0;7
BU02740303;OS RENKUM 10-1i;1.0;41
BU02740304;OS RENKUM 10-1i;1.0;26
BU02740305;OS RENKUM 10-1i;1.0;17
BU02740306;OS RENKUM 10-1i;0.8333333333333334;6
BU02740401;OS OOSTERBEEK 10-1i;1.0;2
BU02740402;OS OOSTERBEEK 10-1i;0.8;5
BU02740403;OS OOSTERBEEK 10-1i;1.0;2
BU02740501;OS OOSTERBEEK 10-1i;1.0;2
BU02740502;OS OOSTERBEEK 10-1i;1.0;1
BU02740503;OS OOSTERBEEK 10-1i;1.0;5
BU02740504;OS OOSTERBEEK 10-1i;1.0;17
BU02740601;OS OOSTERBEEK 10-1i;1.0;1
BU02740602;OS OOSTERBEEK 10-1i;1.0;3
BU02740603;OS OOSTERBEEK 10-1i;1.0;15
BU02740604;OS OOSTERBEEK 10-1i;1.0;1
BU02740701;OS OOSTERBEEK 10-1i;1.0;1
BU02740702;OS OOSTERBEEK 10-1i;1.0;11
BU02740703;OS OOSTERBEEK 10-1i;1.0;21
BU02740801;OS OOSTERBEEK 10-1i;1.0;60
BU02740802;OS OOSTERBEEK 10-1i;1.0;44
BU02740803;OS OOSTERBEEK 10-1i;1.0;35
BU02740901;OS OOSTERBEEK 10-1i;1.0;2
BU02740902;OS OOSTERBEEK 10-1i;1.0;22
BU02741001;OS OOSTERBEEK 10-1i;1.0;10
BU02741002;OS OOSTERBEEK 10-1i;1.0;7
BU02741003;OS OOSTERBEEK 10-1i;1.0;1
BU02741004;OS OOSTERBEEK 10-1i;1.0;7
BU02741005;OS OOSTERBEEK 10-1i;1.0;8
BU02741101;OS OOSTERBEEK 10-1i;1.0;7
BU02741102;OS OOSTERBEEK 10-1i;1.0;67
BU02741103;OS OOSTERBEEK 10-1i;1.0;59
BU02741104;OS OOSTERBEEK 10-1i;1.0;44
BU02741105;OS OOSTERBEEK 10-1i;0.6666666666666666;3
BU02741201;OS OOSTERBEEK 10-1i;1.0;16
BU02741202;OS OOSTERBEEK 10-1i;1.0;36
BU02741203;OS OOSTERBEEK 10-1i;1.0;17
BU02741204;OS OOSTERBEEK 10-1i;1.0;36
BU02741205;OS OOSTERBEEK 10-1i;1.0;6
BU02741206;OS OOSTERBEEK 10-1i;1.0;51
BU02750000;OS EERBEEK 10-1i + 10-2i;0.8421052631578947;57
BU02750001;OS EERBEEK 10-1i + 10-2i;1.0;212
BU02750002;OS EERBEEK 10-1i + 10-2i;1.0;121
BU02750003;OS EERBEEK 10-1i + 10-2i;1.0;13
BU02750004;OS DOETINCHEM 20-6i;1.0;36
BU02750005;OS EERBEEK 10-1i + 10-2i;1.0;27
BU02750007;OS EERBEEK 10-1i + 10-2i;1.0;16
BU02750008;OS EERBEEK 10-1i + 10-2i;1.0;13
BU02750009;OS DOETINCHEM 20-6i;1.0;8
BU02750010;OS DOETINCHEM 20-6i;1.0;1
BU02750011;OS EERBEEK 10-1i + 10-2i;1.0;3
BU02750100;OS PRESIKHAAF 10-2i;1.0;202
BU02750101;OS PRESIKHAAF 10-2i;1.0;3
BU02750102;OS PRESIKHAAF 10-2i;1.0;12
BU02750103;OS PRESIKHAAF 10-2i;1.0;44
BU02750106;OS PRESIKHAAF 10-2i;0.6666666666666666;6
BU02750107;OS PRESIKHAAF 10-2i;0.6666666666666666;3
BU02750108;OS DOETINCHEM 20-6i;1.0;3
BU02750200;OS PRESIKHAAF 10-2i;1.0;291
BU02750201;OS PRESIKHAAF 10-2i;0.9959839357429718;249
BU02750202;OS PRESIKHAAF 10-2i;1.0;86
BU02750208;OS PRESIKHAAF 10-2i;1.0;2
BU02750209;OS PRESIKHAAF 10-2i;1.0;12
BU02770000;OS PRESIKHAAF 10-2i;1.0;63
BU02770009;OS PRESIKHAAF 10-2i;0.7;10
BU02790000;OS HARSELAAR 20-3i;1.0;202
BU02790008;OS HARSELAAR 20-3i;1.0;23
BU02790009;OS HARSELAAR 20-3i;0.8846153846153846;26
BU02810000;OS TIEL 10-1i;1.0;68
BU02810001;OS TIEL 10-1i;0.8157894736842105;38
BU02810002;OS TIEL 10-1i;0.66;50
BU02810003;OS TIEL 10-1i;0.9512195121951219;41
BU02810004;OS TIEL 10-1i;1.0;26
BU02810005;OS TIEL 10-1i;0.8421052631578947;38
BU02810006;OS TIEL 10-1i;0.6410256410256411;39
BU02810007;OS TIEL 10-1i;0.8450704225352113;71
BU02810009;OS TIEL 10-1i;0.9538461538461539;65
BU02810010;OS TIEL 10-1i;0.78125;32
BU02810011;OS TIEL 10-1i;1.0;59
BU02810100;OS TIEL 10-1i;0.5285714285714286;70
BU02810101;OS TIEL 10-1i;0.9069767441860465;43
BU02810102;OS TIEL 10-2i;0.75;4
BU02810103;OS TIEL 10-1i;0.8888888888888888;63
BU02810104;OS TIEL 10-1i;1.0;56
BU02810107;OS TIEL 10-1i;0.8333333333333334;18
BU02810108;OS TIEL 10-1i;0.7142857142857143;7
BU02810109;OS TIEL 10-2i;0.9565217391304348;23
BU02810200;OS TIEL 10-1i;0.8125;16
BU02810201;OS TIEL 10-2i;1.0;11
BU02810208;OS TIEL 10-1i;0.6666666666666666;12
BU02810209;OS ZALTBOMMEL 20-5i;0.6;15
BU02810300;OS TIEL 10-2i;0.5172413793103449;29
BU02810301;OS TIEL 10-1i;0.8648648648648649;37
BU02810302;OS TIEL 10-2i;1.0;52
BU02810303;OS TIEL 10-2i;1.0;62
BU02810304;OS TIEL 10-2i;0.875;8
BU02810305;OS TIEL 10-2i;1.0;3
BU02810306;OS TIEL 10-2i;0.6666666666666666;3
BU02850101;OS PLATVOET 10-1i;1.0;3
BU02850102;OS PLATVOET 10-1i;0.6;20
BU02850201;OS PLATVOET 10-1i;1.0;27
BU02850202;OS PLATVOET 10-1i;1.0;32
BU02850301;OS WOUDHUIS 10-2i;0.5;2
BU02850302;OS WOUDHUIS 10-2i;0.75;8
BU02850401;OS WOUDHUIS 10-2i;1.0;12
BU02850402;OS WOUDHUIS 10-2i;0.8333333333333334;18
BU02850501;OS PLATVOET 10-1i;0.6071428571428571;28
BU02850502;OS WOUDHUIS 10-2i;0.9666666666666667;30
BU02850503;OS WOUDHUIS 10-2i;0.8;35
BU02850504;OS WOUDHUIS 10-1i;0.6326530612244898;49
BU02850505;OS WOUDHUIS 10-2i;0.532258064516129;62
BU02850506;OS PLATVOET 10-1i;0.9696969696969697;33
BU02850507;OS PLATVOET 10-1i;1.0;17
BU02850508;OS WOUDHUIS 10-2i;0.96875;32
BU02850509;OS WOUDHUIS 10-2i;1.0;36
BU02850510;OS PLATVOET 10-1i;0.6153846153846154;13
BU02850511;OS PLATVOET 10-1i;0.5483870967741935;31
BU02850601;OS PLATVOET 10-1i;1.0;16
BU02850701;OS WOUDHUIS 10-1i;1.0;2
BU02850702;OS WOUDHUIS 10-1i;0.95;20
BU02850801;OS WOUDHUIS 10-2i;1.0;4
BU02850802;OS WOUDHUIS 10-2i;1.0;10
BU02850901;OS WOUDHUIS 10-2i;1.0;32
BU02850902;OS WOUDHUIS 10-2i;0.6842105263157895;19
BU02851001;OS WOUDHUIS 10-1i;0.8421052631578947;19
BU02851002;OS WOUDHUIS 10-2i;0.5714285714285714;28
BU02851101;OS WOUDHUIS 10-2i;1.0;1
BU02851102;OS WOUDHUIS 10-2i;0.9;10
BU02851201;OS ZUTPHEN 10-1i;1.0;46
BU02851202;OS EERBEEK 10-1i + 10-2i;0.3409090909090909;44
BU02890101;OS WAGENINGEN 10-1i;1.0;21
BU02890102;OS WAGENINGEN 10-1i;1.0;41
BU02890103;OS WAGENINGEN 10-1i;1.0;21
BU02890104;OS WAGENINGEN 10-1i;1.0;3
BU02890201;OS WAGENINGEN 10-1i;0.5;4
BU02890202;OS WAGENINGEN 10-1i;0.8;5
BU02890301;OS WAGENINGEN 10-1i;1.0;43
BU02890302;OS WAGENINGEN 10-1i;1.0;14
BU02890401;OS WAGENINGEN 10-1i;1.0;23
BU02890402;OS WAGENINGEN 10-1i;1.0;18
BU02890501;OS WAGENINGEN 10-1i;1.0;12
BU02890502;OS WAGENINGEN 10-1i;1.0;20
BU02890503;OS WAGENINGEN 10-1i;1.0;2
BU02890504;OS WAGENINGEN 10-1i;1.0;3
BU02890601;OS WAGENINGEN 10-1i;1.0;17
BU02890602;OS WAGENINGEN 10-1i;1.0;45
BU02890603;OS WAGENINGEN 10-1i;1.0;72
BU02890604;OS WAGENINGEN 10-1i;1.0;68
BU02890701;OS WAGENINGEN 10-1i;0.9875;80
BU02890702;OS WAGENINGEN 10-1i;1.0;73
BU02890801;OS WAGENINGEN 10-1i;1.0;58
BU02890802;OS WAGENINGEN 10-1i;1.0;18
BU02890901;OS WAGENINGEN 10-1i;1.0;80
BU02890902;OS WAGENINGEN 10-1i;1.0;18
BU02891001;OS WAGENINGEN 10-1i;1.0;49
BU02891002;OS WAGENINGEN 10-1i;0.6666666666666666;12
BU02891003;OS RENKUM 10-1i;0.9019607843137255;51
BU02891101;OS RENKUM 10-1i;1.0;60
BU02891201;OS WAGENINGEN 10-1i;0.6923076923076923;13
BU02891202;OS RENKUM 10-1i;0.7916666666666666;24
BU02891203;OS RENKUM 10-1i;0.8666666666666667;15
BU02891204;OS WAGENINGEN 10-1i;1.0;10
BU02891205;OS WAGENINGEN 10-1i;0.7142857142857143;7
BU02930000;OS ZEVENAAR 10-3i;1.0;158
BU02930001;OS ZEVENAAR 10-3i;1.0;42
BU02930002;OS ZEVENAAR 10-3i;1.0;77
BU02930003;OS ZEVENAAR 10-3i;1.0;44
BU02930004;OS ZEVENAAR 10-3i;1.0;58
BU02930009;OS ZEVENAAR 10-3i;1.0;11
BU02940000;OS WINTERSWIJK 10-1i;1.0;127
BU02940001;OS WINTERSWIJK 10-1i;1.0;98
BU02940002;OS WINTERSWIJK 10-1i;1.0;125
BU02940003;OS WINTERSWIJK 10-1i;1.0;160
BU02940004;OS WINTERSWIJK 10-1i;1.0;100
BU02940100;OS WINTERSWIJK 10-1i;1.0;8
BU02940102;OS WINTERSWIJK 10-1i;1.0;1
BU02940103;OS WINTERSWIJK 10-1i;1.0;30
BU02940104;OS WINTERSWIJK 10-1i;1.0;37
BU02940105;OS WINTERSWIJK 10-1i;1.0;23
BU02940106;OS WINTERSWIJK 10-1i;1.0;46
BU02940107;OS WINTERSWIJK 10-1i;1.0;22
BU02940108;OS WINTERSWIJK 10-1i;1.0;1
BU02940109;OS WINTERSWIJK 10-1i;0.7894736842105263;19
BU02940120;OS WINTERSWIJK 10-1i;0.9761904761904762;42
BU02940121;OS WINTERSWIJK 10-1i;0.975;40
BU02960000;OS TEERSDIJK 10-1i;0.8888888888888888;9
BU02960001;OS TEERSDIJK 10-2i;1.0;7
BU02960002;OS TEERSDIJK 10-1i;1.0;3
BU02960100;OS TEERSDIJK 10-1i;1.0;39
BU02960101;OS TEERSDIJK 10-1i;0.8888888888888888;18
BU02960102;OS TEERSDIJK 10-1i;1.0;14
BU02960103;OS TEERSDIJK 10-1i;1.0;25
BU02960104;OS TEERSDIJK 10-1i;1.0;11
BU02960105;OS TEERSDIJK 10-2i;1.0;8
BU02960106;OS TEERSDIJK 10-2i;1.0;48
BU02960107;OS TEERSDIJK 10-2i;0.6727272727272727;55
BU02960108;OS TEERSDIJK 10-2i;1.0;38
BU02960109;OS TEERSDIJK 10-1i;0.6140350877192983;114
BU02960110;OS TEERSDIJK 10-1i;1.0;17
BU02960111;OS TEERSDIJK 10-1i;0.7857142857142857;14
BU02960112;OS TEERSDIJK 10-2i;1.0;34
BU02960113;OS TEERSDIJK 10-2i;1.0;38
BU02960114;OS TEERSDIJK 10-2i;1.0;57
BU02960115;OS TEERSDIJK 10-2i;1.0;29
BU02960116;OS TEERSDIJK 10-2i;1.0;56
BU02960117;OS TEERSDIJK 10-2i;0.8;25
BU02960118;OS TEERSDIJK 10-2i;1.0;11
BU02960119;OS TEERSDIJK 10-2i;1.0;5
BU02960120;OS TEERSDIJK 10-2i;1.0;4
BU02960121;OS TEERSDIJK 10-2i;1.0;2
BU02960122;OS TEERSDIJK 10-2i;1.0;6
BU02960123;OS TEERSDIJK 10-2i;1.0;40
BU02960124;OS TEERSDIJK 10-2i;1.0;10
BU02960125;OS TEERSDIJK 10-2i;1.0;28
BU02960126;OS TEERSDIJK 10-2i;1.0;11
BU02960127;OS TEERSDIJK 10-2i;1.0;8
BU02960128;OS TEERSDIJK 10-2i;1.0;4
BU02960129;OS TEERSDIJK 10-2i;1.0;12
BU02960130;OS TEERSDIJK 10-2i;1.0;47
BU02960131;OS TEERSDIJK 10-2i;1.0;16
BU02960132;OS TEERSDIJK 10-2i;1.0;5
BU02960133;OS TEERSDIJK 10-2i;1.0;8
BU02960134;OS TEERSDIJK 10-2i;1.0;8
BU02960135;OS TEERSDIJK 10-2i;1.0;19
BU02960136;OS TEERSDIJK 10-2i;1.0;12
BU02960137;OS TEERSDIJK 10-2i;1.0;17
BU02960138;OS TEERSDIJK 10-2i;1.0;30
BU02960200;OS TEERSDIJK 10-2i;1.0;14
BU02960201;OS TEERSDIJK 10-2i;1.0;10
BU02960300;OS DRUTEN 10-1i;1.0;17
BU02960301;OS DRUTEN 10-1i;0.9166666666666666;12
BU02960400;OS DRUTEN 10-1i;0.7619047619047619;42
BU02960401;OS DRUTEN 10-1i;1.0;5
BU02960402;OS DRUTEN 10-1i;0.9;20
BU02960500;OS TEERSDIJK 10-1i;1.0;15
BU02960501;OS TEERSDIJK 10-1i;1.0;18
BU02960600;OS TEERSDIJK 10-1i;1.0;3
BU02960601;OS TEERSDIJK 10-1i;0.9;10
BU02960700;OS DRUTEN 10-1i;0.75;8
BU02960701;OS TEERSDIJK 10-2i;1.0;4
BU02960702;OS DRUTEN 10-1i;0.4;5
BU02960800;OS TEERSDIJK 10-1i;0.8571428571428571;14
BU02960801;OS TEERSDIJK 10-2i;1.0;18
BU02960802;OS TEERSDIJK 10-2i;1.0;3
BU02960803;OS TEERSDIJK 10-2i;0.9761904761904762;42
BU02970000;OS ZALTBOMMEL 10-1i;1.0;76
BU02970001;OS ZALTBOMMEL 10-1i;0.9477611940298507;134
BU02970002;OS ZALTBOMMEL 10-1i;0.9696969696969697;66
BU02970007;OS ZALTBOMMEL 10-1i;0.6842105263157895;57
BU02970008;OS ZALTBOMMEL 10-1i;0.8125;16
BU02970009;OS ZALTBOMMEL 10-1i;0.6153846153846154;13
BU02970100;OS ZALTBOMMEL 10-2i;0.559322033898305;59
BU02970101;OS ZUILICHEM 20-1i;1.0;10
BU02970102;OS ZALTBOMMEL 10-2i;1.0;38
BU02970103;OS ZALTBOMMEL 10-2i;0.96875;32
BU02970104;OS ZALTBOMMEL 10-2i;1.0;3
BU02970105;OS ZALTBOMMEL 10-2i;0.8928571428571429;28
BU02970106;OS ZUILICHEM 20-1i;0.7894736842105263;19
BU02970107;OS ZALTBOMMEL 10-2i;0.782608695652174;23
BU02970108;OS ZALTBOMMEL 10-2i;1.0;3
BU02970109;OS ZALTBOMMEL 10-2i;0.9166666666666666;12
BU02970200;OS ZALTBOMMEL 10-1i;1.0;9
BU02970201;OS ZALTBOMMEL 10-1i;0.9142857142857143;35
BU02970202;OS ZALTBOMMEL 10-1i;1.0;2
BU02970203;OS ZALTBOMMEL 10-2i;0.9387755102040817;49
BU02970204;OS ZALTBOMMEL 20-4i;1.0;8
BU02970207;OS ZALTBOMMEL 10-1i;0.9090909090909091;22
BU02970208;OS ZALTBOMMEL 10-1i;0.8666666666666667;30
BU02970209;OS ZALTBOMMEL 10-2i;0.5185185185185185;27
BU02970300;OS ZALTBOMMEL 10-2i;0.8928571428571429;28
BU02970301;OS ZALTBOMMEL 10-2i;1.0;1
BU02970309;OS ZALTBOMMEL 10-2i;0.8666666666666667;15
BU02990000;OS ZEVENAAR 10-1i;1.0;44
BU02990001;OS ZEVENAAR 10-1i;1.0;50
BU02990002;OS ZEVENAAR 10-1i;1.0;49
BU02990003;OS ZEVENAAR 10-1i;1.0;89
BU02990004;OS ZEVENAAR 10-1i;1.0;152
BU02990005;OS ZEVENAAR 10-1i;1.0;69
BU02990006;OS ZEVENAAR 10-1i;1.0;83
BU02990007;OS ZEVENAAR 10-1i;1.0;40
BU02990008;OS ZEVENAAR 10-1i;1.0;6
BU02990009;OS ZEVENAAR 10-1i;1.0;21
BU02990010;OS ZEVENAAR 10-1i;1.0;71
BU02990011;OS ZEVENAAR 10-1i;1.0;4
BU02990012;OS ZEVENAAR 10-1i;1.0;9
BU02990013;OS ZEVENAAR 10-1i;1.0;7
BU02990014;OS ZEVENAAR 10-1i;1.0;20
BU02990015;OS ZEVENAAR 10-1i;1.0;37
BU02990016;OS ZEVENAAR 10-1i;1.0;45
BU02990017;OS ZEVENAAR 10-1i;1.0;9
BU02990018;OS ZEVENAAR 10-1i;1.0;11
BU02990100;OS ZEVENAAR 10-1i;1.0;43
BU02990101;OS ZEVENAAR 10-1i;1.0;18
BU02990102;OS ZEVENAAR 10-1i;0.8571428571428571;21
BU02990200;OS DOETINCHEM 20-6i;0.975609756097561;41
BU02990201;OS DOETINCHEM 20-6i;0.5;18
BU02990300;OS DOETINCHEM 20-6i;0.9545454545454546;88
BU02990301;OS ZEVENAAR 10-3i;0.8;5
BU02990302;OS DOETINCHEM 20-6i;1.0;13
BU02990400;OS ZEVENAAR 10-3i;0.9473684210526315;19
BU02990500;OS ZEVENAAR 10-1i;0.5;8
BU02990600;OS ZEVENAAR 10-1i;0.6481481481481481;54
BU02990601;OS ZEVENAAR 10-1i;0.6666666666666666;12
BU02990700;OS ZEVENAAR 10-3i;1.0;7
BU02990701;OS ZEVENAAR 10-3i;1.0;19
BU02990800;OS ZEVENAAR 10-3i;1.0;23
BU02990801;OS ZEVENAAR 10-3i;1.0;10
BU02990900;OS ZEVENAAR 10-3i;1.0;104
BU02991000;OS ZEVENAAR 10-3i;1.0;77
BU02991001;OS ZEVENAAR 10-3i;1.0;4
BU02991100;OS ZEVENAAR 10-3i;1.0;19
BU02991101;OS ZEVENAAR 10-3i;1.0;13
BU03010000;OS ZUTPHEN 10-1i;1.0;98
BU03010001;OS ZUTPHEN 10-1i;1.0;69
BU03010002;OS ZUTPHEN 10-1i;0.9811320754716981;53
BU03010003;OS ZUTPHEN 10-1i;1.0;60
BU03010004;OS ZUTPHEN 10-1i;1.0;70
BU03010100;OS ZUTPHEN 10-1i;1.0;34
BU03010101;OS ZUTPHEN 10-1i;0.972972972972973;37
BU03010102;OS ZUTPHEN 10-1i;1.0;47
BU03010103;OS ZUTPHEN 10-1i;0.9761904761904762;42
BU03010104;OS ZUTPHEN 10-1i;1.0;56
BU03010105;OS ZUTPHEN 10-1i;1.0;32
BU03010106;OS ZUTPHEN 10-1i;1.0;42
BU03010200;OS ZUTPHEN 10-1i;1.0;28
BU03010201;OS ZUTPHEN 10-1i;1.0;31
BU03010202;OS ZUTPHEN 10-1i;0.9387755102040817;49
BU03010203;OS ZUTPHEN 10-1i;0.9142857142857143;35
BU03010300;OS ZUTPHEN 10-1i;1.0;32
BU03010301;OS ZUTPHEN 10-1i;1.0;26
BU03010302;OS ZUTPHEN 10-1i;1.0;17
BU03010303;OS ZUTPHEN 10-1i;0.896551724137931;29
BU03010304;OS ZUTPHEN 10-1i;1.0;26
BU03010400;OS ZUTPHEN 10-2i;1.0;47
BU03010401;OS ZUTPHEN 10-2i;1.0;66
BU03010402;OS ZUTPHEN 10-2i;1.0;36
BU03010403;OS ZUTPHEN 10-2i;1.0;27
BU03010409;OS ZUTPHEN 10-2i;1.0;30
BU03010500;OS ZUTPHEN 10-2i;1.0;146
BU03010501;OS ZUTPHEN 10-2i;1.0;19
BU03010502;OS ZUTPHEN 10-2i;1.0;52
BU03010503;OS ZUTPHEN 10-2i;1.0;24
BU03010509;OS ZUTPHEN 10-2i;1.0;25
BU03020000;OS NUNSPEET 10-1i;0.9545454545454546;242
BU03020001;OS NUNSPEET 10-1i;1.0;235
BU03020002;OS NUNSPEET 10-1i;1.0;8
BU03020003;OS NUNSPEET 10-1i;1.0;13
BU03020005;OS NUNSPEET 10-1i;0.875;16
BU03020006;OS NUNSPEET 10-1i;0.71875;64
BU03020007;OS NUNSPEET 10-1i;1.0;14
BU03020008;OS NUNSPEET 10-1i;0.6666666666666666;9
BU03020009;OS NUNSPEET 10-1i;0.8888888888888888;9
BU03020100;OS HARDERWIJK 10-2i;0.9259259259259259;54
BU03020101;OS NUNSPEET 10-1i;1.0;11
BU03020107;OS NUNSPEET 10-1i;1.0;17
BU03020108;OS HARDERWIJK 10-2i;0.71875;32
BU03020109;OS HARDERWIJK 10-2i;0.75;12
BU03030101;OS DRONTEN 10-1i;0.8;5
BU03030102;OS DRONTEN 10-1i;1.0;26
BU03030103;OS DRONTEN 10-1i;1.0;90
BU03030104;OS DRONTEN 10-1i;1.0;80
BU03030105;OS DRONTEN 10-1i;1.0;5
BU03030210;OS DRONTEN 10-1i;1.0;9
BU03030211;OS DRONTEN 10-1i;1.0;7
BU03030212;OS DRONTEN 10-1i;1.0;15
BU03030213;OS DRONTEN 10-1i;1.0;37
BU03030320;OS DRONTEN 10-1i;1.0;42
BU03030321;OS DRONTEN 10-1i;1.0;99
BU03030322;OS DRONTEN 10-1i;1.0;26
BU03030323;OS DRONTEN 10-1i;1.0;24
BU03030324;OS DRONTEN 10-1i;1.0;20
BU03030430;OS DRONTEN 10-1i;1.0;39
BU03030431;OS DRONTEN 10-1i;1.0;51
BU03030432;OS DRONTEN 10-1i;1.0;20
BU03030433;OS DRONTEN 10-1i;1.0;31
BU03030434;OS DRONTEN 10-1i;1.0;44
BU03030435;OS DRONTEN 10-1i;1.0;16
BU03030549;OS DRONTEN 10-1i;1.0;14
BU03030550;OS DRONTEN 10-1i;1.0;47
BU03030601;OS DRONTEN 10-1i;1.0;8
BU03030602;OS DRONTEN 10-1i;1.0;37
BU03030603;OS DRONTEN 10-1i;1.0;9
BU03030604;OS DRONTEN 10-1i;1.0;1
BU03030605;OS DRONTEN 10-1i;1.0;36
BU03030606;OS DRONTEN 10-1i;1.0;23
BU03030607;OS DRONTEN 10-1i;1.0;11
BU03030608;OS DRONTEN 10-1i;1.0;5
BU03030609;OS DRONTEN 10-1i;1.0;5
BU03030620;OS DRONTEN 10-1i;0.9545454545454546;44
BU03030701;OS DRONTEN 10-1i;1.0;18
BU03030702;OS DRONTEN 10-1i;1.0;4
BU03030703;OS DRONTEN 10-1i;0.9736842105263158;38
BU03030704;OS DRONTEN 10-1i;1.0;34
BU03030705;OS DRONTEN 10-1i;1.0;44
BU03030706;OS DRONTEN 10-1i;1.0;3
BU03030707;OS DRONTEN 10-1i;1.0;5
BU03030708;OS DRONTEN 10-1i;1.0;2
BU03030720;OS DRONTEN 10-1i;0.6923076923076923;26
BU03070100;TS060_10;1.0;32
BU03070101;TS060_10;1.0;16
BU03070102;TS060_10;1.0;10
BU03070103;TS060_10;1.0;16
BU03070104;TS060_10;0.5769230769230769;52
BU03070105;TS062_10;0.92;25
BU03070106;TS060_10;1.0;18
BU03070107;TS060_10;1.0;18
BU03070108;TS062_10;1.0;10
BU03070200;TS060_10;1.0;6
BU03070202;TS060_10;1.0;17
BU03070204;TS060_10;1.0;17
BU03070300;TS061_10;1.0;44
BU03070301;TS061_10;1.0;33
BU03070302;TS061_10;1.0;31
BU03070303;TS061_10;1.0;57
BU03070304;TS061_10;1.0;43
BU03070305;TS061_10;1.0;44
BU03070306;TS061_10;1.0;16
BU03070307;TS061_10;1.0;2
BU03070308;TS061_10;1.0;6
BU03070309;TS061_10;1.0;1
BU03070401;TS061_10;1.0;9
BU03070402;TS061_10;1.0;6
BU03070504;TS061_10;1.0;12
BU03070505;TS066_10;0.8;20
BU03070600;TS061_10;1.0;30
BU03070601;TS061_10;1.0;23
BU03070603;TS061_10;1.0;16
BU03070700;TS062_10;1.0;56
BU03070701;TS062_10;1.0;42
BU03070702;TS062_10;1.0;42
BU03070800;TS061_10;1.0;44
BU03070801;TS061_10;1.0;55
BU03070803;TS061_10;1.0;31
BU03070900;TS061_10;1.0;34
BU03070902;TS061_10;1.0;25
BU03070903;TS061_10;1.0;37
BU03070905;CM11;1.0;15
BU03070906;TS061_10;0.8;5
BU03071000;TS062_10;1.0;23
BU03071001;TS062_10;1.0;45
BU03071002;TS062_10;1.0;45
BU03071003;TS062_10;1.0;53
BU03071004;TS062_10;1.0;27
BU03071100;TS062_10;0.9714285714285714;35
BU03071101;TS062_10;1.0;55
BU03071201;TS062_10;1.0;6
BU03071202;TS062_10;0.875;8
BU03071203;TS062_10;0.8333333333333334;6
BU03071204;OS HARSELAAR 20-3i;0.5;8
BU03071205;OS HARSELAAR 20-3i;0.5;6
BU03071300;TS062_10;1.0;46
BU03071301;TS062_10;1.0;32
BU03071302;TS062_10;1.0;37
BU03071400;TS062_10;1.0;35
BU03071401;TS062_10;1.0;53
BU03071402;TS062_10;1.0;24
BU03071403;TS062_10;1.0;53
BU03071500;TS060_10;0.5897435897435898;39
BU03071501;TS062_10;0.9148936170212766;47
BU03071502;TS060_10;0.8333333333333334;42
BU03071503;TS062_10;1.0;10
BU03071600;TS060_10;1.0;39
BU03071601;TS060_10;0.6595744680851063;47
BU03071602;TS060_10;1.0;64
BU03071603;TS060_10;0.5;6
BU03071700;TS060_10;1.0;12
BU03071701;TS060_10;1.0;22
BU03071702;TS060_10;1.0;15
BU03071703;TS060_10;0.56;25
BU03071704;TS060_10;0.84;25
BU03071705;TS056_10;1.0;26
BU03071706;TS056_10;1.0;27
BU03071707;TS060_10;0.6;5
BU03071800;TS060_10;1.0;20
BU03071801;TS060_10;1.0;4
BU03071802;TS060_10;1.0;20
BU03071803;TS060_10;1.0;37
BU03071804;TS060_10;0.7307692307692307;26
BU03071900;TS061_10;0.9428571428571428;35
BU03071901;CM11;0.5609756097560976;41
BU03071902;TS061_10;1.0;54
BU03071903;TS061_10;1.0;36
BU03071904;TS061_10;1.0;37
BU03071905;CM11;0.8235294117647058;17
BU03071906;TS061_10;0.9285714285714286;14
BU03072000;CM11;1.0;34
BU03072001;CM11;1.0;29
BU03072002;CM11;1.0;18
BU03072003;CM11;1.0;23
BU03072004;CM11;1.0;26
BU03072005;CM11;1.0;24
BU03072006;CM11;1.0;2
BU03072007;CM11;0.875;8
BU03072100;CM11;1.0;29
BU03072101;CM11;1.0;16
BU03072102;CM11;1.0;27
BU03072103;CM11;1.0;29
BU03072104;CM11;1.0;22
BU03072105;CM11;1.0;19
BU03072106;CM11;1.0;26
BU03072107;CM11;1.0;28
BU03072108;CM11;1.0;28
BU03072201;CM11;0.9;20
BU03072400;TS066_10;0.9122807017543859;57
BU03072402;TS066_10;0.98;50
BU03072403;TS066_10;1.0;25
BU03072404;TS066_10;0.975;40
BU03072405;TS066_10;1.0;47
BU03072407;TS066_10;0.975;40
BU03072500;CM11;0.7333333333333333;15
BU03072501;CM11;1.0;13
BU03072600;CM11;0.9736842105263158;38
BU03072601;CM11;1.0;37
BU03072602;CM11;1.0;18
BU03072603;CM11;1.0;11
BU03072700;TS061_10;0.6666666666666666;3
BU03072701;TS061_10;0.6428571428571429;14
BU03072709;TS061_10;1.0;4
BU03072800;CM11;0.85;40
BU03072801;CM11;1.0;12
BU03072802;CM11;1.0;34
BU03072803;CM11;1.0;21
BU03072804;CM11;1.0;12
BU03072900;CM11;1.0;28
BU03072901;CM11;1.0;16
BU03072902;CM11;1.0;13
BU03073000;CM11;1.0;12
BU03073001;CM11;1.0;32
BU03073100;CM11;0.6;5
BU03073101;CM11;1.0;31
BU03073102;CM11;1.0;14
BU03073103;CM11;1.0;41
BU03073104;TS071_10;0.7419354838709677;31
BU03073105;OS NIJKERK 10-2i;0.5;8
BU03073106;CM11;0.8;5
BU03073301;CM11;0.5555555555555556;9
BU03073302;CM11;1.0;7
BU03073303;CM11;1.0;2
BU03073304;CM11;1.0;1
BU03073401;TS061_10;0.5;6
BU03073402;TS056_10;0.6666666666666666;6
BU03073403;TS056_10;1.0;10
BU03080000;CM15;1.0;53
BU03080001;CM15;1.0;30
BU03080002;CM15;1.0;22
BU03080003;CM15;1.0;49
BU03080004;CM15;1.0;63
BU03080005;CM15;1.0;59
BU03080006;CM15;1.0;13
BU03080007;CM15;1.0;22
BU03080100;CM15;1.0;32
BU03080101;CM15;1.0;53
BU03080102;CM15;1.0;31
BU03080103;CM15;1.0;63
BU03080104;CM15;1.0;47
BU03080105;CM15;1.0;48
BU03080109;TS043_10;0.5;6
BU03080200;CM15;1.0;42
BU03080201;CM15;1.0;13
BU03080400;CM15;0.9047619047619048;21
BU03080401;CM15;0.9629629629629629;27
BU03080500;TS045_10;0.6666666666666666;9
BU03080501;CM15;0.5555555555555556;9
BU03100101;CM12;0.9;20
BU03100102;CM12;0.5;12
BU03100201;CM12;1.0;25
BU03100202;CM12;0.8823529411764706;17
BU03100301;CM12;1.0;131
BU03100302;CM12;1.0;5
BU03100303;CM12;1.0;13
BU03100401;CM12;1.0;28
BU03100402;CM12;1.0;27
BU03100505;CM12;1.0;131
BU03100601;CM12;1.0;80
BU03100602;CM12;1.0;61
BU03100603;CM12;1.0;11
BU03100701;CM12;1.0;125
BU03100702;CM12;1.0;14
BU03100703;CM12;1.0;6
BU03100801;CM12;1.0;81
BU03100802;CM12;1.0;141
BU03100803;CM12;1.0;3
BU03100901;CM12;1.0;136
BU03100902;CM12;1.0;2
BU03100903;CM12;1.0;25
BU03101001;CM12;1.0;122
BU03101002;CM12;0.6;20
BU03120000;TS044_10;0.7195767195767195;189
BU03120001;TS044_10;1.0;4
BU03120008;TS044_10;1.0;3
BU03120009;CM37;0.8888888888888888;9
BU03120100;CM37;1.0;139
BU03120109;CM37;1.0;22
BU03120200;CM37;1.0;47
BU03120209;CM37;0.875;24
BU03130001;TS043_10;1.0;93
BU03130002;TS043_10;1.0;133
BU03130003;TS043_10;0.9333333333333333;15
BU03130004;TS043_10;1.0;54
BU03130005;TS043_10;1.0;63
BU03130006;TS043_10;1.0;81
BU03130007;TS043_10;0.6363636363636364;11
BU03130008;TS043_10;1.0;17
BU03130009;TS043_10;1.0;34
BU03130011;TS043_10;1.0;24
BU03170210;CM15;1.0;2
BU03170211;CM15;1.0;1
BU03170212;CM15;1.0;13
BU03170213;CM15;1.0;10
BU03170214;CM15;0.8333333333333334;6
BU03170215;CM15;0.7272727272727273;11
BU03170216;CM15;1.0;3
BU03170217;CM15;1.0;96
BU03170218;CM15;1.0;13
BU03170219;CM15;1.0;89
BU03211010;CM39;1.0;48
BU03211011;CM39;1.0;27
BU03211012;CM39;1.0;23
BU03211013;CM39;1.0;35
BU03211014;CM39;1.0;47
BU03211015;CM39;1.0;22
BU03211016;CM39;1.0;22
BU03211017;CM39;1.0;44
BU03211018;CM39;1.0;21
BU03211019;CM39;1.0;35
BU03211050;CM39;1.0;3
BU03211120;CM39;1.0;4
BU03211121;CM39;1.0;41
BU03211122;CM39;1.0;18
BU03211123;CM39;1.0;25
BU03211124;CM39;1.0;49
BU03211125;CM39;1.0;52
BU03211126;CM39;1.0;32
BU03211127;CM39;1.0;27
BU03211128;CM39;1.0;14
BU03211129;CM39;1.0;24
BU03211151;CM39;1.0;9
BU03211230;CM39;1.0;22
BU03211231;CM39;1.0;28
BU03211232;CM39;1.0;27
BU03211233;CM39;1.0;14
BU03211234;CM39;1.0;31
BU03211235;CM39;1.0;31
BU03211236;CM39;1.0;16
BU03211237;CM39;1.0;16
BU03211238;CM39;1.0;8
BU03211340;CM39;1.0;20
BU03211341;CM39;1.0;30
BU03211342;CM39;1.0;28
BU03211343;CM39;1.0;35
BU03211344;CM39;1.0;39
BU03211345;CM39;1.0;34
BU03211353;CM39;1.0;3
BU03212054;CM39;1.0;2
BU03212055;CM39;1.0;9
BU03212056;CM39;1.0;7
BU03212057;CM39;1.0;4
BU03212058;CM39;1.0;9
BU03212059;CM39;1.0;4
BU03212060;CM39;1.0;2
BU03212061;CM39;1.0;7
BU03212062;CM39;1.0;3
BU03212063;CM39;1.0;3
BU03212064;CM39;1.0;10
BU03212065;CM39;0.8333333333333334;6
BU03213070;CM39;1.0;4
BU03213071;CM39;1.0;1
BU03213172;CM39;0.8333333333333334;12
BU03214080;CM39;1.0;11
BU03214182;CM39;1.0;7
BU03215090;CM39;1.0;28
BU03215091;CM39;1.0;11
BU03215192;CM39;0.9375;16
BU03215193;CM39;0.4444444444444444;9
BU03270000;TS049_10;1.0;26
BU03270001;TS049_10;1.0;20
BU03270002;TS049_10;1.0;38
BU03270003;TS049_10;1.0;29
BU03270004;TS049_10;1.0;31
BU03270005;TS049_10;1.0;30
BU03270006;TS049_10;1.0;19
BU03270007;TS049_10;1.0;28
BU03270008;TS049_10;1.0;37
BU03270009;TS049_10;1.0;23
BU03270100;TS049_10;1.0;31
BU03270101;TS049_10;1.0;14
BU03270102;TS049_10;1.0;14
BU03270103;TS049_10;1.0;28
BU03270104;TS049_10;1.0;11
BU03270105;TS049_10;1.0;35
BU03270106;TS049_10;1.0;35
BU03270107;TS049_10;1.0;20
BU03270108;TS049_10;1.0;50
BU03270109;TS049_10;0.6666666666666666;33
BU03270200;TS049_10;0.9444444444444444;54
BU03270201;TS049_10;1.0;48
BU03270209;TS056_10;0.575;40
BU03270300;TS062_10;0.9411764705882353;51
BU03270309;TS062_10;0.5217391304347826;23
BU03270400;TS062_10;0.8333333333333334;12
BU03270500;TS049_10;1.0;22
BU03270501;TS049_10;1.0;29
BU03310000;CM58;1.0;136
BU03310001;CM58;1.0;16
BU03310002;CM58;1.0;14
BU03310003;TS068_10;0.7272727272727273;11
BU03310004;CM58;1.0;7
BU03310005;CM58;1.0;5
BU03310006;CM58;1.0;19
BU03310007;CM58;1.0;1
BU03310008;CM58;0.8333333333333334;6
BU03310009;CM58;0.9428571428571428;35
BU03310010;TS068_10;1.0;59
BU03310019;CM58;0.5;28
BU03310020;CM58;1.0;14
BU03310029;CM58;1.0;13
BU03350000;CM57;1.0;139
BU03350001;CM57;1.0;51
BU03350100;CM57;1.0;82
BU03350101;CM57;1.0;5
BU03350102;CM57;1.0;4
BU03350103;CM57;0.9375;16
BU03350108;CM57;1.0;7
BU03350109;CM57;0.5;10
BU03350200;CM57;1.0;7
BU03350201;CM57;1.0;1
BU03350202;CM57;1.0;4
BU03350209;CM57;0.6666666666666666;3
BU03390000;CM38;1.0;62
BU03390009;CM38;0.9583333333333334;48
BU03400001;TS059_10;1.0;44
BU03400101;TS059_10;1.0;11
BU03400102;TS059_10;1.0;5
BU03400103;TS059_10;1.0;7
BU03400104;TS059_10;1.0;14
BU03400105;TS059_10;1.0;25
BU03400201;TS059_10;1.0;35
BU03400202;TS059_10;1.0;14
BU03400203;TS059_10;1.0;16
BU03400301;TS059_10;1.0;69
BU03400302;TS059_10;1.0;21
BU03400303;TS059_10;1.0;7
BU03400401;TS059_10;1.0;6
BU03400501;TS059_10;1.0;18
BU03400502;CM38;0.5;12
BU03400503;CM38;1.0;1
BU03400601;TS059_10;1.0;28
BU03400701;TS059_10;1.0;12
BU03400702;TS059_10;1.0;2
BU03400703;TS059_10;1.0;6
BU03400801;TS059_10;1.0;9
BU03400901;TS059_10;1.0;3
BU03401001;TS059_10;0.8;5
BU03401101;CM38;0.875;8
BU03401201;CM38;0.8;5
BU03401301;CM38;1.0;8
BU03401302;CM38;1.0;52
BU03401303;CM38;1.0;11
BU03401304;CM38;1.0;10
BU03420101;CM15;1.0;23
BU03420102;CM15;1.0;91
BU03420103;CM15;1.0;141
BU03420201;CM15;1.0;88
BU03420301;TS045_10;1.0;3
BU03420302;TS045_10;0.75;8
BU03420303;CM15;1.0;8
BU03420304;CM15;1.0;40
BU03420401;CM15;0.9166666666666666;12
BU03420402;CM15;0.7922077922077922;77
BU03420403;TS066_10;0.5;58
BU03420404;TS066_10;0.5;8
BU03420405;TS045_10;0.8571428571428571;7
BU03420501;TS045_10;0.9732142857142857;112
BU03420601;TS045_10;0.689922480620155;129
BU03420602;TS045_10;1.0;5
BU03420604;TS045_10;1.0;11
BU03420605;TS045_10;1.0;18
BU03420606;TS045_10;1.0;10
BU03420701;TS066_10;0.9824561403508771;114
BU03420702;TS066_10;1.0;7
BU03420703;TS045_10;0.8571428571428571;7
BU03420704;TS066_10;0.875;8
BU03420705;TS056_10;0.8571428571428571;7
BU03420706;TS056_10;1.0;3
BU03420801;TS056_10;1.0;13
BU03420802;TS056_10;0.5606060606060606;66
BU03420803;TS056_10;0.9090909090909091;11
BU03420804;TS073_10;1.0;87
BU03440111;CM59;0.972972972972973;37
BU03440112;CM59;1.0;91
BU03440113;CM59;1.0;31
BU03440114;CM59;1.0;46
BU03440121;CM59;0.9807692307692307;52
BU03440122;CM59;1.0;23
BU03440123;CM59;1.0;120
BU03440124;CM59;1.0;98
BU03440131;CM59;1.0;136
BU03440132;CM59;1.0;42
BU03440133;CM60;0.5098039215686274;51
BU03440211;CM60;1.0;93
BU03440212;CM60;1.0;49
BU03440221;CM60;0.5714285714285714;42
BU03440222;CM59;0.7572815533980582;103
BU03440223;CM60;0.9042553191489362;94
BU03440224;CM59;0.868421052631579;76
BU03440231;CM59;1.0;75
BU03440232;CM59;1.0;118
BU03440233;CM59;1.0;90
BU03440241;CM59;1.0;96
BU03440242;CM59;1.0;90
BU03440243;CM59;1.0;25
BU03440244;CM59;1.0;75
BU03440311;CM59;1.0;116
BU03440312;CM59;1.0;116
BU03440321;CM59;1.0;108
BU03440322;CM59;1.0;94
BU03440331;CM59;1.0;122
BU03440332;CM59;1.0;80
BU03440333;CM59;0.9772727272727273;44
BU03440341;CM59;1.0;100
BU03440342;CM59;1.0;113
BU03440343;CM59;0.4444444444444444;9
BU03440411;CM59;1.0;94
BU03440412;CM59;1.0;52
BU03440413;CM59;1.0;40
BU03440414;CM59;1.0;56
BU03440415;CM59;1.0;72
BU03440421;CM59;1.0;176
BU03440422;CM59;1.0;106
BU03440423;CM59;1.0;92
BU03440431;CM59;1.0;51
BU03440432;CM59;1.0;87
BU03440433;CM59;1.0;175
BU03440511;CM59;0.98125;160
BU03440512;CM39;0.5337837837837838;148
BU03440521;CM39;0.9818181818181818;55
BU03440522;CM39;1.0;26
BU03440523;CM39;1.0;123
BU03440524;CM39;0.9705882352941176;68
BU03440525;CM39;1.0;32
BU03440526;CM39;1.0;12
BU03440531;CM39;1.0;117
BU03440532;CM39;0.9067796610169492;118
BU03440533;CM39;0.9577464788732394;71
BU03440534;CM39;0.9764705882352941;85
BU03440535;CM39;1.0;11
BU03440611;CM60;1.0;93
BU03440612;CM60;1.0;69
BU03440613;CM60;0.6666666666666666;90
BU03440621;CM60;1.0;36
BU03440622;CM60;1.0;72
BU03440623;CM60;1.0;26
BU03440624;CM60;1.0;63
BU03440625;CM60;1.0;75
BU03440626;CM60;0.6857142857142857;35
BU03440627;CM60;1.0;13
BU03440628;CM60;1.0;50
BU03440711;CM39;1.0;102
BU03440712;CM39;1.0;200
BU03440721;CM39;0.9897959183673469;98
BU03440722;CM39;1.0;55
BU03440723;CM39;1.0;46
BU03440731;CM39;1.0;26
BU03440732;CM39;1.0;47
BU03440733;CM39;1.0;79
BU03440811;CM59;0.9603174603174603;126
BU03440812;CM60;0.9959839357429718;249
BU03440821;CM60;0.7931034482758621;29
BU03440822;CM60;1.0;48
BU03440823;CM60;0.5084745762711864;118
BU03440831;CM60;1.0;172
BU03440832;CM60;0.9933333333333333;150
BU03440911;CM60;0.5294117647058824;17
BU03440912;CM60;1.0;65
BU03440913;CM60;1.0;61
BU03440921;CM60;1.0;50
BU03440922;CM60;1.0;51
BU03440931;CM60;1.0;46
BU03440932;CM60;1.0;16
BU03440933;CM60;1.0;40
BU03440934;CM60;0.9743589743589743;39
BU03440941;CM60;1.0;36
BU03440942;CM60;1.0;59
BU03440943;CM60;0.9178082191780822;73
BU03440951;CM10;1.0;37
BU03440952;CM10;1.0;2
BU03440953;CM10;1.0;19
BU03441011;CM14;1.0;6
BU03441012;CM14;0.6296296296296297;27
BU03441013;CM60;0.8473684210526315;190
BU03441014;CM60;1.0;26
BU03441021;CM10;1.0;80
BU03441022;CM10;1.0;89
BU03441023;CM10;1.0;63
BU03441024;CM10;1.0;166
BU03441031;CM10;0.944;125
BU03441032;CM10;1.0;161
BU03441033;CM10;1.0;24
BU03441041;CM10;0.5555555555555556;9
BU03450001;CM38;1.0;30
BU03450002;CM38;1.0;30
BU03450003;CM38;1.0;38
BU03450099;CM38;1.0;60
BU03450110;CM38;1.0;103
BU03450111;CM38;1.0;73
BU03450112;CM38;1.0;6
BU03450113;CM38;0.7857142857142857;14
BU03450114;CM38;0.972972972972973;37
BU03450116;OS FRANKENENG 10-1i;0.5;8
BU03450117;OS FRANKENENG 10-1i;1.0;54
BU03450118;OS FRANKENENG 10-1i;1.0;39
BU03450220;CM38;1.0;91
BU03450221;TS059_10;0.9583333333333334;24
BU03450222;CM38;1.0;50
BU03450223;CM38;1.0;65
BU03450224;TS059_10;1.0;38
BU03450225;TS059_10;1.0;26
BU03450226;TS059_10;1.0;1
BU03450227;TS059_10;1.0;3
BU03450228;TS059_10;1.0;2
BU03450330;CM38;1.0;16
BU03450331;CM38;1.0;140
BU03450332;CM38;1.0;14
BU03450440;CM38;1.0;55
BU03450441;CM38;1.0;66
BU03450442;CM38;1.0;39
BU03450443;CM38;1.0;23
BU03450444;CM38;1.0;5
BU03450445;OS EDE 10-2i;0.6470588235294118;17
BU03450550;CM38;1.0;60
BU03450551;CM38;1.0;50
BU03450552;CM38;1.0;68
BU03450553;CM38;1.0;80
BU03450554;CM38;1.0;48
BU03450555;CM38;1.0;27
BU03450556;CM38;1.0;2
BU03450557;CM38;1.0;7
BU03510001;TS049_10;1.0;49
BU03510002;TS049_10;1.0;45
BU03510003;TS049_10;1.0;35
BU03510004;TS049_10;1.0;69
BU03510005;TS049_10;1.0;20
BU03510006;TS049_10;1.0;28
BU03510008;TS049_10;1.0;3
BU03510009;TS049_10;0.7272727272727273;11
BU03510010;TS049_10;1.0;7
BU03510011;TS049_10;0.8;10
BU03510012;TS049_10;1.0;22
BU03510013;TS049_10;1.0;19
BU03520000;CM40;1.0;36
BU03520001;CM40;1.0;34
BU03520002;CM40;1.0;13
BU03520003;CM40;1.0;61
BU03520004;CM40;1.0;42
BU03520005;CM40;1.0;29
BU03520006;CM40;1.0;39
BU03520007;CM40;1.0;27
BU03520008;CM40;1.0;40
BU03520009;CM40;1.0;21
BU03520010;CM40;1.0;14
BU03520011;CM40;1.0;46
BU03520100;CM40;0.9583333333333334;24
BU03520101;CM40;1.0;9
BU03520200;CM40;1.0;69
BU03520201;CM40;0.5;22
BU03520300;CM36;1.0;28
BU03520301;CM36;0.9583333333333334;24
BU03530001;TS068_10;1.0;34
BU03530002;TS068_10;1.0;23
BU03530003;TS068_10;1.0;22
BU03530004;TS068_10;1.0;33
BU03530005;TS068_10;1.0;43
BU03530006;TS068_10;1.0;21
BU03530007;TS068_10;1.0;68
BU03530008;TS068_10;1.0;72
BU03530009;TS068_10;1.0;13
BU03530010;TS068_10;0.5714285714285714;14
BU03530011;TS051_10;1.0;1
BU03530012;TS068_10;1.0;17
BU03530013;TS068_10;1.0;11
BU03530014;TS068_10;1.0;6
BU03530015;TS068_10;1.0;11
BU03530016;TS068_10;1.0;9
BU03530017;TS068_10;1.0;56
BU03530018;TS068_10;1.0;23
BU03530019;TS068_10;1.0;35
BU03530020;TS068_10;1.0;27
BU03530021;TS068_10;1.0;15
BU03530022;TS068_10;1.0;48
BU03530023;TS068_10;1.0;14
BU03530024;TS068_10;1.0;22
BU03530025;TS068_10;1.0;64
BU03530026;TS068_10;1.0;49
BU03530027;TS068_10;1.0;21
BU03530028;TS068_10;1.0;6
BU03530029;TS068_10;0.875;8
BU03530030;TS068_10;0.8571428571428571;7
BU03530031;TS068_10;1.0;6
BU03550101;TS073_10;0.9285714285714286;98
BU03550102;TS073_10;0.6373626373626373;91
BU03550103;TS073_10;0.6929133858267716;127
BU03550104;TS073_10;1.0;121
BU03550105;CM37;1.0;15
BU03550201;TS073_10;0.6210526315789474;95
BU03550202;TS073_10;1.0;93
BU03550203;TS073_10;1.0;53
BU03550204;TS044_10;0.723404255319149;47
BU03550205;TS073_10;0.9619047619047619;105
BU03550206;TS044_10;1.0;40
BU03550301;TS044_10;0.8767123287671232;73
BU03550302;TS044_10;1.0;79
BU03550303;TS044_10;1.0;25
BU03550304;TS044_10;1.0;43
BU03550305;TS044_10;1.0;70
BU03550306;TS044_10;1.0;18
BU03550307;TS044_10;1.0;75
BU03550308;CM37;1.0;2
BU03550309;TS044_10;0.6666666666666666;9
BU03550401;CM37;1.0;75
BU03550402;CM37;1.0;42
BU03550403;CM37;1.0;8
BU03550404;CM37;1.0;3
BU03550405;TS073_10;0.875;16
BU03550406;CM37;1.0;41
BU03550407;CM37;1.0;8
BU03550501;TS073_10;1.0;16
BU03550502;TS073_10;1.0;23
BU03550503;TS073_10;0.7358490566037735;53
BU03550504;TS073_10;0.9333333333333333;15
BU03550505;CM12;0.9333333333333333;45
BU03550506;CM12;1.0;64
BU03550507;CM12;1.0;3
BU03550508;TS073_10;1.0;19
BU03560101;TS054_10;0.9803921568627451;51
BU03560102;TS054_10;1.0;72
BU03560103;TS054_10;1.0;39
BU03560201;TS067_10;0.6935483870967742;62
BU03560202;TS067_10;0.6896551724137931;87
BU03560301;TS054_10;0.6111111111111112;36
BU03560302;TS054_10;1.0;54
BU03560303;TS054_10;1.0;89
BU03560401;TS054_10;0.8181818181818182;88
BU03560402;TS054_10;1.0;59
BU03560403;TS054_10;0.5076923076923077;65
BU03560501;TS054_10;0.8615384615384616;65
BU03560502;CM39;1.0;46
BU03560503;CM39;1.0;61
BU03560600;TS054_10;0.875;16
BU03560700;CM10;1.0;28
BU03560801;CM10;1.0;58
BU03560802;CM10;1.0;55
BU03560803;CM10;1.0;46
BU03560804;CM10;1.0;5
BU03561001;CM39;1.0;48
BU03561002;CM39;1.0;79
BU03561003;CM39;1.0;55
BU03561101;CM39;1.0;44
BU03561102;CM39;1.0;33
BU03561200;CM39;1.0;34
BU03561301;CM39;1.0;72
BU03561302;CM39;1.0;22
BU03561400;TS054_10;0.7142857142857143;35
BU03561500;CM39;1.0;5
BU03561600;CM39;1.0;55
BU03561800;CM39;1.0;28
BU03562001;CM39;1.0;16
BU03562002;CM39;1.0;6
BU03562100;CM39;0.85;20
BU03562200;CM39;1.0;21
BU03562300;CM39;0.6666666666666666;3
BU03562400;TS054_10;1.0;72
BU03562500;CM39;1.0;34
BU03580000;OS SCHIPHOL OOST 50-1i;0.9838709677419355;62
BU03580001;OS SCHIPHOL OOST 50-1i;0.9939393939393939;165
BU03580004;OS AALSMEER BLOEMENVEILING 10-1i;0.971830985915493;71
BU03580005;OS ROZENBURG 10-2i;0.8181818181818182;22
BU03580100;OS AALSMEER BLOEMENVEILING 10-1i;0.6323529411764706;204
BU03580200;OS SCHIPHOL OOST 50-1i;0.9629629629629629;27
BU03580201;OS AALSMEER BLOEMENVEILING 10-1i;0.5151515151515151;33
BU03580205;OS SCHIPHOL OOST 50-1i;1.0;136
BU03580206;OS SCHIPHOL OOST 50-1i;1.0;13
BU03610100;OS OUDORP 10-2i;0.9795918367346939;49
BU03610101;OS OUDORP 10-1i;0.8787878787878788;33
BU03610102;OS OUDORP 10-1i;0.5423728813559322;59
BU03610103;OS OUDORP 10-1i;1.0;33
BU03610104;OS OUDORP 10-1i;0.8888888888888888;36
BU03610105;OS OUDORP 10-1i;0.5714285714285714;49
BU03610106;OS ALKMAAR 10-1i;0.7647058823529411;34
BU03610107;OS ALKMAAR 10-1i;1.0;16
BU03610108;OS ALKMAAR 10-1i;0.8888888888888888;45
BU03610109;OS OUDORP 10-1i;0.5161290322580645;31
BU03610200;OS OUDORP 10-2i;0.7346938775510204;49
BU03610201;OS OUDORP 10-2i;0.5806451612903226;62
BU03610202;OS OUDORP 10-2i;0.5;56
BU03610203;OS OUDORP 10-1i;0.8627450980392157;51
BU03610204;OS OUDORP 10-2i;0.851063829787234;47
BU03610205;OS OUDORP 10-2i;1.0;10
BU03610206;OS OUDORP 10-2i;1.0;34
BU03610208;OS OUDORP 10-1i;1.0;19
BU03610209;OS OUDORP 10-1i;1.0;22
BU03610300;OS OUDORP 10-2i;0.6515151515151515;66
BU03610301;OS OUDORP 10-2i;1.0;37
BU03610302;OS OUDORP 10-2i;1.0;76
BU03610303;OS OUDORP 10-2i;0.9714285714285714;35
BU03610308;OS OUDORP 10-1i;1.0;15
BU03610309;OS OUDORP 10-1i;0.5;10
BU03610400;OS ALKMAAR 10-1i;1.0;79
BU03610401;OS ALKMAAR 10-1i;1.0;94
BU03610402;OS ALKMAAR 10-1i;1.0;34
BU03610403;OS ALKMAAR 10-1i;1.0;42
BU03610404;OS ALKMAAR 10-1i;1.0;63
BU03610409;OS ALKMAAR 10-1i;0.9545454545454546;22
BU03610500;OS ALKMAAR 10-1i;0.8571428571428571;56
BU03610501;OS ALKMAAR 10-1i;1.0;15
BU03610502;OS OUDORP 10-1i;0.6779661016949152;59
BU03610503;OS ALKMAAR 10-1i;0.5;44
BU03610600;OS ALKMAAR 10-1i;1.0;94
BU03610601;OS WARMENHUIZEN 10-1i;0.7368421052631579;76
BU03610602;OS OUDORP 10-1i;0.9459459459459459;74
BU03610603;OS ALKMAAR 10-1i;0.5833333333333334;84
BU03610604;OS ALKMAAR 10-1i;1.0;86
BU03610700;OS OUDORP 10-1i;1.0;53
BU03610701;OS WARMENHUIZEN 10-1i;0.5375;80
BU03610702;OS WARMENHUIZEN 10-1i;0.9714285714285714;70
BU03610703;OS WARMENHUIZEN 10-1i;1.0;53
BU03610704;OS OUDORP 10-1i;0.6666666666666666;48
BU03610709;OS WARMENHUIZEN 10-1i;1.0;1
BU03610800;OS ALKMAAR 10-1i;0.6639344262295082;122
BU03610801;OS OUDORP 10-1i;0.5131578947368421;76
BU03610802;OS ALKMAAR 10-1i;1.0;59
BU03610803;OS OUDORP 10-1i;0.875;16
BU03610900;OS OTERLEEK 10-4i;0.7647058823529411;17
BU03610901;OS OTERLEEK 10-4i;0.8;5
BU03610902;OS OTERLEEK 10-2i;0.5217391304347826;46
BU03610903;OS OTERLEEK 10-4i;1.0;36
BU03610904;OS OTERLEEK 10-2i;0.875;16
BU03610905;OS OTERLEEK 10-2i;1.0;10
BU03610906;OS OTERLEEK 10-4i;1.0;22
BU03611000;OS OTERLEEK 10-4i;1.0;2
BU03611001;OS KROMMENIE 50-1i;0.95;20
BU03611002;OS OTERLEEK 10-4i;0.9130434782608695;23
BU03611003;OS PURMEREND SCHAEPMANSTRAAT 50-1i;0.9919354838709677;124
BU03611004;OS PURMEREND SCHAEPMANSTRAAT 50-1i;0.8;5
BU03611005;OS PURMEREND SCHAEPMANSTRAAT 50-1i;0.6666666666666666;9
BU03611006;OS KROMMENIE 50-1i;1.0;12
BU03611100;OS OUDORP 10-1i;1.0;33
BU03611101;OS OUDORP 10-1i;1.0;33
BU03620101;OS AMSTELVEEN BOLWERK 50-1i;0.9767441860465116;43
BU03620102;OS AMSTELVEEN BOLWERK 50-1i;1.0;83
BU03620201;OS AMSTELVEEN BOLWERK 50-1i;1.0;30
BU03620202;OS AMSTELVEEN BOLWERK 50-1i;1.0;69
BU03620301;OS AMSTELVEEN BOLWERK 50-1i;1.0;55
BU03620302;OS AMSTELVEEN BOLWERK 50-1i;1.0;43
BU03620303;OS AMSTELVEEN BOLWERK 50-1i;1.0;44
BU03620304;OS AMSTELVEEN BOLWERK 50-1i;1.0;66
BU03620401;OS AMSTELVEEN BOLWERK 50-1i;0.9803921568627451;51
BU03620501;Amstelveen;0.7142857142857143;7
BU03620502;Amstelveen;1.0;5
BU03620601;Amstelveen;1.0;72
BU03620602;Amstelveen;1.0;48
BU03620603;Amstelveen;1.0;67
BU03620604;Amstelveen;1.0;51
BU03620701;Amstelveen;0.9375;16
BU03620702;Amstelveen;1.0;13
BU03620801;OS AMSTELVEEN BOLWERK 50-1i;1.0;29
BU03620802;OS AMSTELVEEN BOLWERK 50-1i;1.0;59
BU03620803;OS AMSTELVEEN BOLWERK 50-1i;0.9473684210526315;57
BU03620804;OS AMSTELVEEN BOLWERK 50-1i;1.0;91
BU03620805;OS AMSTELVEEN BOLWERK 50-1i;1.0;78
BU03620806;OS AMSTELVEEN BOLWERK 50-1i;1.0;13
BU03620901;Amstelveen;1.0;16
BU03620902;Amstelveen;0.8648648648648649;37
BU03620903;Amstelveen;1.0;27
BU03620904;Amstelveen;1.0;64
BU03620905;Amstelveen;1.0;65
BU03621001;Amstelveen;1.0;35
BU03621002;Amstelveen;0.9841269841269841;63
BU03621003;Amstelveen;1.0;76
BU03621004;Amstelveen;1.0;76
BU03621005;Amstelveen;1.0;70
BU03621101;OS AMSTELVEEN BOLWERK 50-1i;0.9852941176470589;68
BU03621102;OS SCHIPHOL OOST 50-1i;1.0;22
BU03621103;OS SCHIPHOL OOST 50-1i;1.0;29
BU03621104;Amstelveen;0.7333333333333333;15
BU03621105;OS SCHIPHOL OOST 50-1i;1.0;36
BU03621106;OS SCHIPHOL OOST 50-1i;1.0;56
BU03621201;OS SCHIPHOL OOST 50-1i;1.0;21
BU03621202;OS SCHIPHOL OOST 50-1i;1.0;36
BU03621203;Amstelveen;0.9375;16
BU03621204;OS SCHIPHOL OOST 50-1i;1.0;6
BU03621301;Amstelveen;0.8529411764705882;34
BU03621302;OS AALSMEER BLOEMENVEILING 10-1i;0.7692307692307693;13
BU03621401;OS AMSTELVEEN BOLWERK 50-1i;1.0;14
BU03621402;OS SCHIPHOL OOST 50-1i;1.0;2
BU03639997;OS VLIEGENBOS 10-1i;1.0;2
BU03639998;OS IJBURG 20-2i;0.6666666666666666;3
BU0363AA01;OS WESTZAANSTRAAT 10-1i;1.0;9
BU0363AA02;OS WESTZAANSTRAAT 10-1i;1.0;42
BU0363AA03;OS WESTZAANSTRAAT 10-1i;1.0;11
BU0363AA04;OS WESTZAANSTRAAT 10-1i;1.0;5
BU0363AA05;OS WESTZAANSTRAAT 10-1i;1.0;51
BU0363AA06;OS WESTZAANSTRAAT 10-1i;1.0;38
BU0363AB01;OS WESTZAANSTRAAT 10-1i;1.0;39
BU0363AB02;OS WESTZAANSTRAAT 10-1i;1.0;49
BU0363AB03;OS WESTZAANSTRAAT 10-1i;1.0;47
BU0363AB04;OS WESTZAANSTRAAT 10-1i;1.0;29
BU0363AB05;OS WESTZAANSTRAAT 10-1i;1.0;68
BU0363AB06;OS MARNIXSTRAAT 10-2i;1.0;6
BU0363AB07;OS MARNIXSTRAAT 10-2i;0.735632183908046;87
BU0363AB08;OS MARNIXSTRAAT 10-1i;0.8333333333333334;6
BU0363AB09;OS MARNIXSTRAAT 10-2i;0.8;15
BU0363AB10;OS MARNIXSTRAAT 10-2i;1.0;111
BU0363AB11;OS MARNIXSTRAAT 10-2i;1.0;20
BU0363AC01;OS MARNIXSTRAAT 10-1i;0.6511627906976745;43
BU0363AC02;OS MARNIXSTRAAT 10-1i;0.9272727272727272;55
BU0363AC03;OS MARNIXSTRAAT 10-1i;0.6753246753246753;77
BU0363AC04;OS MARNIXSTRAAT 10-2i;1.0;24
BU0363AD01;OS UILENBURG 50-1i;0.5;2
BU0363AD02;OS WESTZAANSTRAAT 10-1i;0.9090909090909091;22
BU0363AD03;OS UILENBURG 50-1i;0.5;22
BU0363AD04;OS MARNIXSTRAAT 10-1i;0.6;30
BU0363AD05;OS MARNIXSTRAAT 10-1i;0.45714285714285713;35
BU0363AD06;OS MARNIXSTRAAT 10-1i;0.8888888888888888;27
BU0363AD07;OS UILENBURG 50-1i;0.5;38
BU0363AD08;OS FREDERIKSPLEIN 10-1i;0.8;20
BU0363AE01;OS UILENBURG 50-1i;1.0;35
BU0363AE02;OS UILENBURG 50-1i;0.9354838709677419;31
BU0363AE03;OS UILENBURG 50-1i;1.0;52
BU0363AE04;OS RHIJNSPOOR 10-1i;1.0;21
BU0363AE05;OS UILENBURG 50-1i;0.6206896551724138;29
BU0363AF01;OS HOOGTE KADIJK 10-1i;0.5555555555555556;9
BU0363AF02;OS UILENBURG 50-1i;1.0;40
BU0363AF03;OS UILENBURG 50-1i;0.92;25
BU0363AF04;OS HOOGTE KADIJK 10-1i;1.0;19
BU0363AF05;OS UILENBURG 50-1i;0.9782608695652174;46
BU0363AF06;OS UILENBURG 50-1i;0.9655172413793104;29
BU0363AF07;OS HOOGTE KADIJK 10-1i;0.6904761904761905;42
BU0363AF08;OS UILENBURG 50-1i;1.0;48
BU0363AF09;OS RHIJNSPOOR 10-1i;0.8421052631578947;38
BU0363AG01;OS MARNIXSTRAAT 10-2i;1.0;23
BU0363AG02;OS FREDERIKSPLEIN 10-1i;0.8181818181818182;11
BU0363AG03;OS FREDERIKSPLEIN 10-1i;0.5161290322580645;31
BU0363AG04;OS MARNIXSTRAAT 10-2i;0.7142857142857143;28
BU0363AG05;OS FREDERIKSPLEIN 10-1i;0.9512195121951219;41
BU0363AG06;OS FREDERIKSPLEIN 10-1i;0.9761904761904762;42
BU0363AH01;OS MARNIXSTRAAT 10-2i;1.0;10
BU0363AH02;OS FREDERIKSPLEIN 10-1i;0.6551724137931034;29
BU0363AH03;OS FREDERIKSPLEIN 10-1i;1.0;61
BU0363AH04;OS FREDERIKSPLEIN 10-1i;1.0;25
BU0363AH05;OS MARNIXSTRAAT 10-2i;0.6666666666666666;6
BU0363AH06;OS FREDERIKSPLEIN 10-1i;0.5454545454545454;11
BU0363AH07;OS FREDERIKSPLEIN 10-1i;1.0;27
BU0363AH08;OS FREDERIKSPLEIN 10-1i;0.9629629629629629;27
BU0363AJ01;OS RHIJNSPOOR 10-1i;0.8412698412698413;63
BU0363AJ02;OS HOOGTE KADIJK 10-1i;0.9795918367346939;49
BU0363AJ03;OS RHIJNSPOOR 10-1i;0.6666666666666666;51
BU0363AJ04;OS HOOGTE KADIJK 10-1i;1.0;7
BU0363AK01;OS HOOGTE KADIJK 10-1i;1.0;4
BU0363AK02;OS HOOGTE KADIJK 10-1i;1.0;33
BU0363AK03;OS HOOGTE KADIJK 10-1i;1.0;30
BU0363AK04;OS HOOGTE KADIJK 10-1i;0.717948717948718;39
BU0363AK05;OS HOOGTE KADIJK 10-1i;0.9830508474576272;59
BU0363AK06;OS HOOGTE KADIJK 10-1i;1.0;5
BU0363AK07;OS HOOGTE KADIJK 10-1i;0.975;40
BU0363AK08;OS HOOGTE KADIJK 10-1i;1.0;8
BU0363BA01;OS RUIGOORD 10-1i;0.8888888888888888;9
BU0363BA02;OS IJPOLDER 10-4i;0.391304347826087;23
BU0363BA03;OS WESTHAVEN 10-1i;0.6;25
BU0363BA04;OS WESTHAVEN 10-1i;1.0;15
BU0363BA05;OS WESTHAVEN 10-1i;0.7;10
BU0363BA06;OS BASISWEG 10-1i;1.0;4
BU0363BB01;OS WESTHAVEN 10-2i;0.6;5
BU0363BB02;OS WESTZAANSTRAAT 10-1i;0.3333333333333333;3
BU0363BB03;OS WESTZAANSTRAAT 10-1i;1.0;4
BU0363BB04;OS WESTZAANSTRAAT 10-1i;1.0;2
BU0363BB06;OS WESTZAANSTRAAT 10-1i;1.0;3
BU0363BB07;OS WESTHAVEN 10-1i;0.6;10
BU0363BB08;OS WESTZAANSTRAAT 10-1i;1.0;1
BU0363EA01;OS WESTZAANSTRAAT 10-1i;0.7142857142857143;7
BU0363EA02;OS WESTZAANSTRAAT 10-1i;0.8571428571428571;7
BU0363EA03;OS WESTZAANSTRAAT 10-1i;0.5;8
BU0363EB01;OS WESTZAANSTRAAT 10-1i;1.0;1
BU0363EB02;OS WESTZAANSTRAAT 10-1i;1.0;2
BU0363EB03;OS WESTZAANSTRAAT 10-1i;1.0;2
BU0363EB04;OS WESTZAANSTRAAT 10-1i;1.0;43
BU0363EB05;OS WESTZAANSTRAAT 10-1i;1.0;27
BU0363EB06;OS WESTZAANSTRAAT 10-1i;1.0;33
BU0363EB07;OS WESTZAANSTRAAT 10-1i;1.0;29
BU0363EB08;OS WESTZAANSTRAAT 10-1i;1.0;34
BU0363EB09;OS WESTZAANSTRAAT 10-1i;1.0;9
BU0363EB10;OS WESTZAANSTRAAT 10-1i;1.0;13
BU0363EC01;OS WESTZAANSTRAAT 10-1i;1.0;13
BU0363EC02;OS WESTZAANSTRAAT 10-1i;1.0;4
BU0363ED01;OS SLOTERMEER 10-1i;1.0;72
BU0363ED02;OS SLOTERMEER 10-1i;1.0;37
BU0363ED03;OS SLOTERMEER 10-1i;1.0;10
BU0363ED04;OS SLOTERMEER 10-1i;1.0;24
BU0363EE01;OS SLOTERMEER 10-1i;0.6732673267326733;101
BU0363EE02;OS WESTZAANSTRAAT 10-1i;0.9027777777777778;72
BU0363EE03;OS WESTZAANSTRAAT 10-1i;1.0;6
BU0363EE04;OS MARNIXSTRAAT 10-1i;0.78;50
BU0363EE05;OS MARNIXSTRAAT 10-1i;0.5714285714285714;28
BU0363EE06;OS MARNIXSTRAAT 10-1i;0.987012987012987;77
BU0363EF01;OS SLOTERMEER 10-1i;1.0;33
BU0363EF02;OS SLOTERMEER 10-1i;0.6086956521739131;92
BU0363EG01;OS WESTZAANSTRAAT 10-1i;1.0;11
BU0363EG02;OS WESTZAANSTRAAT 10-1i;1.0;24
BU0363EG03;OS WESTZAANSTRAAT 10-1i;1.0;4
BU0363EG04;OS MARNIXSTRAAT 10-1i;0.9545454545454546;22
BU0363EH01;OS WESTZAANSTRAAT 10-1i;1.0;57
BU0363EH02;OS WESTZAANSTRAAT 10-1i;1.0;73
BU0363EH03;OS WESTZAANSTRAAT 10-1i;1.0;29
BU0363EH04;OS WESTZAANSTRAAT 10-1i;1.0;31
BU0363EH05;OS WESTZAANSTRAAT 10-1i;1.0;19
BU0363EH06;OS WESTZAANSTRAAT 10-1i;1.0;58
BU0363EJ01;OS WESTZAANSTRAAT 10-1i;1.0;97
BU0363EJ02;OS WESTZAANSTRAAT 10-1i;1.0;23
BU0363EJ03;OS WESTZAANSTRAAT 10-1i;0.9880952380952381;84
BU0363EK01;OS SLOTERMEER 10-1i;1.0;4
BU0363EK02;OS SLOTERMEER 10-1i;1.0;26
BU0363EK03;OS SLOTERMEER 10-1i;1.0;38
BU0363EK04;OS SLOTERMEER 10-1i;1.0;35
BU0363EL01;OS MARNIXSTRAAT 10-1i;0.7560975609756098;41
BU0363EL02;OS MARNIXSTRAAT 10-1i;1.0;52
BU0363EL03;OS MARNIXSTRAAT 10-1i;1.0;26
BU0363EM01;OS SLOTERMEER 10-1i;1.0;34
BU0363EM02;OS SLOTERMEER 10-1i;1.0;49
BU0363EM03;OS SLOTERMEER 10-1i;1.0;34
BU0363EM04;OS SLOTERMEER 10-1i;0.782051282051282;78
BU0363EN01;OS MARNIXSTRAAT 10-1i;0.9545454545454546;22
BU0363EN02;OS MARNIXSTRAAT 10-1i;1.0;43
BU0363EN03;OS MARNIXSTRAAT 10-1i;0.9473684210526315;19
BU0363EN04;OS MARNIXSTRAAT 10-1i;0.9722222222222222;36
BU0363EP01;OS MARNIXSTRAAT 10-1i;1.0;55
BU0363EP02;OS MARNIXSTRAAT 10-1i;1.0;76
BU0363EQ01;OS MARNIXSTRAAT 10-1i;0.9489795918367347;98
BU0363ER01;OS SLOTERMEER 10-1i;1.0;68
BU0363ER02;OS SLOTERMEER 10-1i;1.0;60
BU0363ES01;OS MARNIXSTRAAT 10-1i;1.0;42
BU0363ES02;OS MARNIXSTRAAT 10-1i;1.0;79
BU0363ES03;OS MARNIXSTRAAT 10-1i;1.0;47
BU0363ET01;OS MARNIXSTRAAT 10-1i;1.0;104
BU0363ET02;OS MARNIXSTRAAT 10-1i;0.8333333333333334;42
BU0363EU01;OS MARNIXSTRAAT 10-1i;0.7777777777777778;36
BU0363EU02;OS MARNIXSTRAAT 10-2i;0.8412698412698413;63
BU0363EU03;OS MARNIXSTRAAT 10-2i;0.9166666666666666;60
BU0363EV01;OS MARNIXSTRAAT 10-1i;1.0;19
BU0363EV02;OS MARNIXSTRAAT 10-1i;0.9230769230769231;26
BU0363FA01;OS BASISWEG 10-1i;1.0;6
BU0363FA02;OS BASISWEG 10-1i;1.0;12
BU0363FA03;OS BASISWEG 10-1i;1.0;36
BU0363FA04;OS BASISWEG 10-1i;0.8333333333333334;6
BU0363FA05;OS WESTHAVEN 10-2i;0.5;2
BU0363FA06;OS BASISWEG 10-1i;1.0;5
BU0363FA07;OS BASISWEG 10-1i;1.0;4
BU0363FA08;OS BASISWEG 10-1i;0.5106382978723404;47
BU0363FB01;OS BASISWEG 10-1i;0.8571428571428571;7
BU0363FB02;OS BASISWEG 10-1i;1.0;43
BU0363FB03;OS BASISWEG 10-1i;1.0;79
BU0363FB04;OS BASISWEG 10-1i;1.0;5
BU0363FB05;OS SLOTERMEER 10-1i;0.9;50
BU0363FB06;OS SLOTERMEER 10-1i;0.9166666666666666;48
BU0363FB07;OS SLOTERMEER 10-1i;0.9736842105263158;38
BU0363FB08;OS SLOTERMEER 10-1i;1.0;33
BU0363FC01;OS SLOTERMEER 10-1i;0.527027027027027;74
BU0363FC02;OS SLOTERMEER 10-1i;1.0;72
BU0363FC03;OS SLOTERMEER 10-1i;1.0;70
BU0363FD01;OS BASISWEG 10-1i;1.0;64
BU0363FD02;OS SLOTERMEER 10-1i;0.725;40
BU0363FD03;OS SLOTERMEER 10-1i;0.9818181818181818;55
BU0363FD04;OS SLOTERMEER 10-1i;0.9864864864864865;74
BU0363FE01;OS SLOTERMEER 10-1i;1.0;31
BU0363FE02;OS SLOTERMEER 10-1i;1.0;72
BU0363FE03;OS SLOTERMEER 10-1i;1.0;68
BU0363FE04;OS SLOTERMEER 10-1i;1.0;2
BU0363FF01;OS BASISWEG 10-1i;0.6;15
BU0363FF02;OS SLOTERMEER 10-1i;1.0;6
BU0363FF03;OS NIEUWE MEER 10-1i;0.875;8
BU0363FG01;OS NIEUWE MEER 10-1i;0.9743589743589743;39
BU0363FG02;OS NIEUWE MEER 10-1i;1.0;49
BU0363FG03;OS NIEUWE MEER 10-1i;0.9882352941176471;85
BU0363FH01;OS SLOTERMEER 10-1i;1.0;7
BU0363FH02;OS NIEUWE MEER 10-1i;0.9880952380952381;84
BU0363FJ01;OS SLOTERMEER 10-1i;1.0;38
BU0363FJ02;OS SCHIPLUIDENLAAN 10-1i;0.9534883720930233;43
BU0363FJ03;OS SCHIPLUIDENLAAN 10-1i;0.7142857142857143;21
BU0363FJ04;OS NIEUWE MEER 10-1i;0.775;40
BU0363FK01;OS SLOTERMEER 10-1i;0.5748031496062992;127
BU0363FK02;OS SLOTERMEER 10-1i;1.0;32
BU0363FK03;OS SCHIPLUIDENLAAN 10-1i;1.0;60
BU0363FK04;OS SCHIPLUIDENLAAN 10-1i;1.0;25
BU0363FK05;OS SCHIPLUIDENLAAN 10-1i;1.0;80
BU0363FL01;OS SLOTERMEER 10-1i;1.0;27
BU0363FL02;OS SCHIPLUIDENLAAN 10-1i;1.0;49
BU0363FL03;OS SCHIPLUIDENLAAN 10-1i;0.8387096774193549;62
BU0363FM01;OS SLOTERMEER 10-1i;1.0;2
BU0363FM02;OS SLOTERMEER 10-1i;1.0;78
BU0363FM03;OS SLOTERMEER 10-1i;1.0;24
BU0363FM04;OS SCHIPLUIDENLAAN 10-1i;0.6101694915254238;59
BU0363FM05;OS SLOTERMEER 10-1i;0.5294117647058824;17
BU0363FM06;OS SCHIPLUIDENLAAN 10-1i;1.0;13
BU0363FN01;OS SCHIPLUIDENLAAN 10-1i;1.0;72
BU0363FN02;OS SCHIPLUIDENLAAN 10-1i;0.9864864864864865;74
BU0363FN03;OS SCHIPLUIDENLAAN 10-1i;1.0;12
BU0363FN04;OS SCHIPLUIDENLAAN 10-1i;1.0;54
BU0363FP01;OS SCHIPLUIDENLAAN 10-1i;1.0;8
BU0363FP02;OS SCHIPLUIDENLAAN 10-1i;1.0;25
BU0363FP03;OS SCHIPLUIDENLAAN 10-1i;1.0;6
BU0363FP04;OS SCHIPLUIDENLAAN 10-1i;1.0;55
BU0363FP05;OS SCHIPLUIDENLAAN 10-1i;0.967741935483871;31
BU0363FP06;OS SCHIPLUIDENLAAN 10-1i;1.0;6
BU0363FQ01;OS NIEUWE MEER 10-1i;1.0;27
BU0363FQ02;OS NIEUWE MEER 10-1i;0.6153846153846154;52
BU0363FQ03;OS SCHIPLUIDENLAAN 10-1i;1.0;53
BU0363FQ04;OS SCHIPLUIDENLAAN 10-1i;0.6071428571428571;28
BU0363FQ05;OS SCHIPLUIDENLAAN 10-1i;1.0;15
BU0363FQ06;OS SCHIPLUIDENLAAN 10-1i;1.0;30
BU0363FQ07;OS NIEUWE MEER 10-1i;0.625;8
BU0363FQ08;OS SCHIPLUIDENLAAN 10-1i;1.0;20
BU0363FQ09;OS SCHIPLUIDENLAAN 10-1i;0.8888888888888888;9
BU0363FQ10;OS NIEUWE MEER 10-1i;0.5;6
BU0363KA01;OS KARPERWEG 10-4i;0.84;75
BU0363KA02;OS SCHIPLUIDENLAAN 10-1i;0.56;25
BU0363KA03;OS KARPERWEG 10-4i;1.0;29
BU0363KA04;OS KARPERWEG 10-4i;0.9672131147540983;61
BU0363KA05;OS KARPERWEG 10-4i;1.0;41
BU0363KA06;OS KARPERWEG 10-4i;0.5714285714285714;21
BU0363KB01;OS KARPERWEG 10-4i;0.5714285714285714;42
BU0363KB02;OS KARPERWEG 10-3i;0.8888888888888888;36
BU0363KC01;OS MARNIXSTRAAT 10-1i;0.6666666666666666;3
BU0363KC02;OS KARPERWEG 10-3i;0.9545454545454546;44
BU0363KC03;OS KARPERWEG 10-3i;0.8125;64
BU0363KC04;OS KARPERWEG 10-3i;0.7948717948717948;39
BU0363KD01;OS MARNIXSTRAAT 10-1i;1.0;1
BU0363KD02;OS KARPERWEG 10-3i;0.735632183908046;87
BU0363KD03;OS KARPERWEG 10-3i;0.8571428571428571;63
BU0363KD04;OS MARNIXSTRAAT 10-2i;0.717948717948718;39
BU0363KD05;OS MARNIXSTRAAT 10-2i;0.875;8
BU0363KD06;OS KARPERWEG 10-3i;0.9411764705882353;34
BU0363KD07;OS KARPERWEG 10-3i;0.9615384615384616;52
BU0363KD08;OS FREDERIKSPLEIN 10-1i;0.46808510638297873;47
BU0363KD09;OS FREDERIKSPLEIN 10-1i;0.8518518518518519;27
BU0363KD10;OS KARPERWEG 10-3i;0.7096774193548387;31
BU0363KE01;OS FREDERIKSPLEIN 10-1i;1.0;56
BU0363KE02;OS FREDERIKSPLEIN 10-1i;1.0;44
BU0363KE03;OS FREDERIKSPLEIN 10-1i;1.0;57
BU0363KE04;OS FREDERIKSPLEIN 10-1i;1.0;105
BU0363KE05;OS FREDERIKSPLEIN 10-1i;0.9791666666666666;48
BU0363KF01;OS KARPERWEG 10-3i;0.35526315789473684;76
BU0363KF02;OS FREDERIKSPLEIN 10-1i;0.875;48
BU0363KF03;OS FREDERIKSPLEIN 10-1i;0.75;76
BU0363KF04;OS RHIJNSPOOR 10-1i;0.5172413793103449;58
BU0363KG01;OS FREDERIKSPLEIN 10-1i;0.6730769230769231;52
BU0363KG02;OS FREDERIKSPLEIN 10-1i;0.746031746031746;63
BU0363KG03;OS RHIJNSPOOR 10-1i;1.0;72
BU0363KH01;OS KARPERWEG 10-4i;1.0;33
BU0363KH02;OS KARPERWEG 10-3i;0.9375;16
BU0363KH03;OS KARPERWEG 10-4i;0.971830985915493;71
BU0363KH04;OS KARPERWEG 10-4i;1.0;43
BU0363KH05;OS KARPERWEG 10-3i;0.9537037037037037;108
BU0363KH06;OS KARPERWEG 10-4i;0.6;10
BU0363KJ01;OS KARPERWEG 10-4i;0.875;8
BU0363KJ02;OS KARPERWEG 10-4i;0.5967741935483871;62
BU0363KJ03;OS KARPERWEG 10-4i;0.5632183908045977;87
BU0363KJ04;OS ZORGVLIED 20-4i;0.9761904761904762;84
BU0363KJ05;OS ZORGVLIED 20-4i;0.98;50
BU0363KJ06;OS ZORGVLIED 20-4i;0.9459459459459459;37
BU0363KK01;OS ZORGVLIED 20-4i;1.0;63
BU0363KK02;OS ZORGVLIED 20-4i;0.7876106194690266;113
BU0363KK03;OS RHIJNSPOOR 10-1i;0.676056338028169;71
BU0363KK04;OS RHIJNSPOOR 10-1i;0.95;60
BU0363KK05;OS ZORGVLIED 20-4i;1.0;40
BU0363KK06;OS ZORGVLIED 20-4i;0.7142857142857143;7
BU0363KL01;OS RHIJNSPOOR 10-1i;1.0;58
BU0363KL02;OS RHIJNSPOOR 10-1i;1.0;62
BU0363KM01;OS RHIJNSPOOR 10-1i;1.0;58
BU0363KM02;OS ZORGVLIED 20-4i;0.9361702127659575;47
BU0363KM03;OS RHIJNSPOOR 10-1i;0.9137931034482759;58
BU0363KM04;OS RHIJNSPOOR 10-1i;1.0;67
BU0363KM05;OS ZORGVLIED 20-4i;0.6666666666666666;3
BU0363KN01;OS KARPERWEG 10-4i;0.5625;48
BU0363KN02;OS ZORGVLIED 20-4i;1.0;1
BU0363KP01;OS KARPERWEG 10-4i;0.3;20
BU0363KP02;OS ZORGVLIED 20-4i;0.6;5
BU0363KP03;OS ZORGVLIED 20-4i;0.7777777777777778;9
BU0363KP04;OS ZORGVLIED 20-4i;1.0;17
BU0363KP05;OS ZORGVLIED 20-4i;1.0;7
BU0363KQ01;OS KARPERWEG 10-3i;0.42857142857142855;7
BU0363KQ02;OS KARPERWEG 10-3i;0.8;5
BU0363KQ03;OS ZORGVLIED 20-4i;1.0;28
BU0363KQ04;OS ZORGVLIED 20-4i;1.0;128
BU0363KQ05;OS ZORGVLIED 20-4i;1.0;108
BU0363KQ06;OS ZORGVLIED 20-4i;1.0;118
BU0363KR01;OS ZORGVLIED 20-4i;1.0;17
BU0363KR02;OS ZORGVLIED 20-4i;1.0;96
BU0363KR03;OS ZORGVLIED 20-4i;1.0;99
BU0363KR04;OS ZORGVLIED 20-4i;1.0;3
BU0363MA01;OS VLIEGENBOS 10-1i;1.0;50
BU0363MA02;OS VLIEGENBOS 10-1i;1.0;43
BU0363MA03;OS HOOGTE KADIJK 10-1i;0.9;10
BU0363MA04;OS HOOGTE KADIJK 10-1i;0.7241379310344828;29
BU0363MA05;OS HOOGTE KADIJK 10-1i;0.9629629629629629;27
BU0363MA06;OS HOOGTE KADIJK 10-1i;1.0;37
BU0363MA07;OS HOOGTE KADIJK 10-1i;1.0;25
BU0363MA08;OS HOOGTE KADIJK 10-1i;1.0;16
BU0363MA09;OS HOOGTE KADIJK 10-1i;1.0;50
BU0363MA10;OS HOOGTE KADIJK 10-1i;1.0;29
BU0363MA11;OS HOOGTE KADIJK 10-1i;1.0;7
BU0363MB01;OS RHIJNSPOOR 10-1i;1.0;35
BU0363MB02;OS RHIJNSPOOR 10-1i;1.0;56
BU0363MB03;OS RHIJNSPOOR 10-1i;1.0;7
BU0363MC01;OS RHIJNSPOOR 10-1i;1.0;68
BU0363MC02;OS HOOGTE KADIJK 10-1i;0.6666666666666666;6
BU0363MC03;OS RHIJNSPOOR 10-1i;0.8095238095238095;63
BU0363MC04;OS HOOGTE KADIJK 10-2i;0.9782608695652174;92
BU0363MD01;OS RHIJNSPOOR 10-1i;1.0;100
BU0363MD02;OS WATERGRAAFSMEER 10-2i;0.8017241379310345;116
BU0363ME01;OS HOOGTE KADIJK 10-1i;0.989010989010989;91
BU0363ME02;OS HOOGTE KADIJK 10-2i;0.5698924731182796;93
BU0363ME03;OS WATERGRAAFSMEER 10-2i;0.9655172413793104;29
BU0363MF01;OS HOOGTE KADIJK 10-1i;0.9518072289156626;83
BU0363MF02;OS HOOGTE KADIJK 10-1i;0.6732673267326733;101
BU0363MF03;OS WATERGRAAFSMEER 10-2i;0.717948717948718;78
BU0363MG01;OS HOOGTE KADIJK 10-1i;0.512396694214876;121
BU0363MG02;OS HOOGTE KADIJK 10-1i;1.0;7
BU0363MG03;OS WATERGRAAFSMEER 10-2i;0.9876543209876543;81
BU0363MG04;OS HOOGTE KADIJK 10-1i;0.6666666666666666;3
BU0363MH01;OS HOOGTE KADIJK 10-2i;1.0;7
BU0363MH02;OS HOOGTE KADIJK 10-2i;0.5294117647058824;17
BU0363MH03;OS HOOGTE KADIJK 10-2i;1.0;3
BU0363MH04;OS HOOGTE KADIJK 10-2i;1.0;1
BU0363MH05;OS HOOGTE KADIJK 10-2i;1.0;2
BU0363MH06;OS WEESP 10-2i;0.5;4
BU0363MJ01;OS IJBURG 20-2i;0.9655172413793104;29
BU0363MJ02;OS IJBURG 20-2i;1.0;11
BU0363MJ03;OS IJBURG 20-2i;1.0;22
BU0363MJ04;OS IJBURG 20-2i;1.0;24
BU0363MJ05;OS IJBURG 20-2i;1.0;42
BU0363MK04;OS IJBURG 20-2i;0.9565217391304348;23
BU0363MK05;OS IJBURG 20-2i;1.0;1
BU0363ML01;OS IJBURG 20-2i;1.0;13
BU0363ML02;OS IJBURG 20-2i;0.9714285714285714;35
BU0363ML03;OS IJBURG 20-2i;1.0;8
BU0363MM01;OS RHIJNSPOOR 10-1i;1.0;9
BU0363MM02;OS RHIJNSPOOR 10-1i;1.0;19
BU0363MM03;OS RHIJNSPOOR 10-1i;1.0;48
BU0363MM04;OS WATERGRAAFSMEER 10-2i;0.8666666666666667;15
BU0363MM05;OS RHIJNSPOOR 10-1i;0.6;5
BU0363MM06;OS WATERGRAAFSMEER 10-2i;1.0;30
BU0363MM07;OS WATERGRAAFSMEER 10-2i;1.0;54
BU0363MM08;OS WATERGRAAFSMEER 10-2i;1.0;82
BU0363MN01;OS WATERGRAAFSMEER 10-2i;0.5138888888888888;72
BU0363MN02;OS WATERGRAAFSMEER 10-2i;1.0;68
BU0363MN03;OS WATERGRAAFSMEER 10-2i;1.0;129
BU0363MN04;OS WATERGRAAFSMEER 10-2i;1.0;5
BU0363MN05;OS VENSERWEG 10-12i;0.6666666666666666;3
BU0363MN06;OS WATERGRAAFSMEER 10-2i;1.0;11
BU0363MN07;OS WATERGRAAFSMEER 10-2i;1.0;3
BU0363MN08;OS WATERGRAAFSMEER 10-2i;0.9545454545454546;22
BU0363MN09;OS WATERGRAAFSMEER 10-2i;1.0;1
BU0363MP01;OS WATERGRAAFSMEER 10-2i;1.0;2
BU0363MP02;OS WATERGRAAFSMEER 10-2i;1.0;2
BU0363MP03;OS WATERGRAAFSMEER 10-2i;0.9905660377358491;106
BU0363MQ01;OS RHIJNSPOOR 10-1i;0.9444444444444444;18
BU0363MQ02;OS ZORGVLIED 20-4i;1.0;1
BU0363MQ03;OS ZORGVLIED 20-4i;1.0;1
BU0363MQ04;OS RHIJNSPOOR 10-1i;1.0;2
BU0363MQ05;OS RHIJNSPOOR 10-1i;1.0;18
BU0363MQ06;OS RHIJNSPOOR 10-1i;1.0;7
BU0363MQ07;OS RHIJNSPOOR 10-1i;0.8666666666666667;15
BU0363NA01;OS NOORD PAPAVERWEG 10-1i;1.0;4
BU0363NA02;OS NOORD PAPAVERWEG 10-1i;1.0;5
BU0363NA03;OS NOORD PAPAVERWEG 10-1i;1.0;29
BU0363NA04;OS NOORD PAPAVERWEG 10-1i;1.0;54
BU0363NA05;OS NOORD PAPAVERWEG 10-1i;1.0;11
BU0363NA06;OS NOORD PAPAVERWEG 10-1i;1.0;35
BU0363NA07;OS NOORD PAPAVERWEG 10-1i;1.0;75
BU0363NB01;OS NOORD PAPAVERWEG 10-1i;1.0;7
BU0363NB02;OS NOORD PAPAVERWEG 10-1i;1.0;19
BU0363NB03;OS NOORD PAPAVERWEG 10-1i;1.0;23
BU0363NB04;OS NOORD PAPAVERWEG 10-1i;1.0;25
BU0363NB05;OS NOORD PAPAVERWEG 10-1i;1.0;25
BU0363NB06;OS NOORD PAPAVERWEG 10-1i;1.0;12
BU0363NB07;OS NOORD PAPAVERWEG 10-1i;1.0;14
BU0363NC01;OS NOORD PAPAVERWEG 10-1i;1.0;33
BU0363NC02;OS NOORD PAPAVERWEG 10-1i;1.0;131
BU0363NC03;OS NOORD PAPAVERWEG 10-1i;1.0;124
BU0363NC04;OS NOORD PAPAVERWEG 10-1i;1.0;30
BU0363ND01;OS NOORD PAPAVERWEG 10-1i;1.0;28
BU0363ND02;OS NOORD PAPAVERWEG 10-1i;1.0;65
BU0363NE01;OS NOORD PAPAVERWEG 10-1i;1.0;62
BU0363NE02;OS NOORD PAPAVERWEG 10-1i;1.0;84
BU0363NE03;OS NOORD PAPAVERWEG 10-1i;1.0;67
BU0363NE04;OS NOORD PAPAVERWEG 10-1i;1.0;72
BU0363NE05;OS NOORD PAPAVERWEG 10-1i;1.0;4
BU0363NE06;OS NOORD PAPAVERWEG 10-1i;1.0;7
BU0363NF01;OS NOORD PAPAVERWEG 10-1i;1.0;4
BU0363NF02;OS VLIEGENBOS 10-1i;1.0;2
BU0363NF03;OS VLIEGENBOS 10-1i;1.0;24
BU0363NF04;OS VLIEGENBOS 10-1i;1.0;8
BU0363NF05;OS VLIEGENBOS 10-1i;1.0;1
BU0363NG01;OS VLIEGENBOS 10-1i;1.0;23
BU0363NG02;OS VLIEGENBOS 10-1i;0.7142857142857143;7
BU0363NG03;OS VLIEGENBOS 10-1i;1.0;2
BU0363NH01;OS VLIEGENBOS 10-1i;1.0;61
BU0363NH02;OS VLIEGENBOS 10-1i;1.0;56
BU0363NH03;OS VLIEGENBOS 10-1i;1.0;37
BU0363NH04;OS VLIEGENBOS 10-1i;1.0;32
BU0363NH05;OS VLIEGENBOS 10-1i;1.0;69
BU0363NH06;OS VLIEGENBOS 10-1i;1.0;6
BU0363NJ01;OS VLIEGENBOS 10-1i;1.0;16
BU0363NJ02;OS VLIEGENBOS 10-1i;1.0;53
BU0363NJ03;OS VLIEGENBOS 10-1i;1.0;40
BU0363NJ04;OS VLIEGENBOS 10-1i;1.0;13
BU0363NJ05;OS VLIEGENBOS 10-1i;1.0;104
BU0363NJ06;OS VLIEGENBOS 10-1i;1.0;32
BU0363NK01;OS NOORD PAPAVERWEG 10-1i;1.0;86
BU0363NK02;OS NOORD PAPAVERWEG 10-1i;1.0;80
BU0363NK03;OS NOORD PAPAVERWEG 10-1i;1.0;152
BU0363NL01;OS VLIEGENBOS 10-1i;1.0;53
BU0363NL02;OS VLIEGENBOS 10-1i;1.0;3
BU0363NL03;OS VLIEGENBOS 10-1i;0.9823008849557522;113
BU0363NL04;OS VLIEGENBOS 10-1i;1.0;60
BU0363NM01;OS VLIEGENBOS 10-1i;1.0;58
BU0363NN01;OS VLIEGENBOS 10-1i;1.0;36
BU0363NN02;OS VLIEGENBOS 10-1i;1.0;90
BU0363NP01;OS VLIEGENBOS 10-1i;1.0;21
BU0363NP02;OS VLIEGENBOS 10-1i;1.0;4
BU0363NP03;OS VLIEGENBOS 10-1i;1.0;1
BU0363NQ01;OS VLIEGENBOS 10-1i;1.0;3
BU0363NQ02;OS VLIEGENBOS 10-1i;1.0;2
BU0363NQ03;OS VLIEGENBOS 10-1i;0.9;20
BU0363NQ04;OS VLIEGENBOS 10-1i;1.0;3
BU0363NQ05;OS VLIEGENBOS 10-1i;1.0;14
BU0363NQ06;OS VLIEGENBOS 10-1i;1.0;1
BU0363NQ07;OS VLIEGENBOS 10-1i;1.0;2
BU0363NQ08;OS VLIEGENBOS 10-1i;1.0;8
BU0363NQ09;OS VLIEGENBOS 10-1i;1.0;10
BU0363NQ10;OS VLIEGENBOS 10-1i;1.0;15
BU0363SA01;OS VENSERWEG 10-11i;0.6666666666666666;3
BU0363SA02;OS VENSERWEG 10-11i;1.0;37
BU0363SB01;OS WEESP 10-9i;1.0;1
BU0363SB02;OS WEESP 10-9i;0.7058823529411765;17
BU0363SB03;OS WEESP 10-9i;0.5714285714285714;28
BU0363SB04;OS WEESP 10-9i;0.8076923076923077;26
BU0363SB05;OS WEESP 10-1i;1.0;18
BU0363SB06;OS WEESP 10-1i;1.0;8
BU0363SC01;OS WEESP 10-1i;0.625;24
BU0363SC02;OS WEESP 10-1i;1.0;37
BU0363SC03;OS WEESP 10-1i;1.0;50
BU0363SC04;OS WEESP 10-1i;0.9285714285714286;42
BU0363SC05;OS WEESP 10-1i;1.0;54
BU0363SC06;OS WEESP 10-1i;1.0;27
BU0363SD01;OS WEESP 10-1i;1.0;25
BU0363SD02;OS WEESP 10-1i;0.8;10
BU0363SD03;OS WEESP 10-1i;0.6987951807228916;83
BU0363SD04;OS WEESP 10-2i;1.0;12
BU0363SD05;OS WEESP 10-1i;1.0;18
BU0363SD06;OS WEESP 10-1i;1.0;14
BU0363SE01;OS WEESP 10-1i;0.6111111111111112;18
BU0363SE02;OS WEESP 10-2i;1.0;53
BU0363SE03;OS WEESP 10-2i;1.0;64
BU0363SE04;OS WEESP 10-1i;0.625;16
BU0363TA01;Bijlmer Noord 10kV totaal;0.8888888888888888;9
BU0363TA02;OS BIJLMER ZUID 10-1i;0.5384615384615384;26
BU0363TA03;OS BIJLMER NOORD 20-4i;0.47368421052631576;38
BU0363TA04;OS BIJLMER ZUID 10-1i;1.0;8
BU0363TA05;OS BIJLMER ZUID 10-1i;1.0;13
BU0363TA06;OS BIJLMER ZUID 10-1i;1.0;4
BU0363TA07;OS BIJLMER ZUID 10-1i;1.0;5
BU0363TB01;Bijlmer Noord 10kV totaal;0.9833333333333333;60
BU0363TB02;Bijlmer Noord 10kV totaal;0.8461538461538461;52
BU0363TC01;OS VENSERWEG 10-12i;1.0;8
BU0363TC02;OS VENSERWEG 10-12i;1.0;28
BU0363TC03;Bijlmer Noord 10kV totaal;0.7906976744186046;43
BU0363TC04;OS VENSERWEG 10-12i;1.0;10
BU0363TC05;OS BIJLMER ZUID 10-1i;0.5;4
BU0363TD01;OS BIJLMER ZUID 10-1i;0.8;30
BU0363TD02;Bijlmer Noord 10kV totaal;0.9807692307692307;52
BU0363TD03;OS BIJLMER ZUID 10-1i;0.8571428571428571;7
BU0363TD04;OS BIJLMER ZUID 10-1i;1.0;4
BU0363TE01;OS VENSERWEG 10-11i;1.0;26
BU0363TE02;OS VENSERWEG 10-11i;0.7076923076923077;65
BU0363TE03;OS VENSERWEG 10-11i;1.0;2
BU0363TF01;OS VENSERWEG 10-11i;0.9701492537313433;67
BU0363TF02;OS VENSERWEG 10-12i;1.0;18
BU0363TF03;OS VENSERWEG 10-11i;0.9;20
BU0363TG01;OS VENSERWEG 10-11i;0.8;50
BU0363TG02;OS VENSERWEG 10-11i;0.6666666666666666;33
BU0363TG03;OS VENSERWEG 10-12i;0.6923076923076923;13
BU0363TH01;OS DRONTEN 10-1i;1.0;1
BU0363TH02;OS VENSERWEG 10-12i;0.9795918367346939;49
BU0363TH03;OS BIJLMER ZUID 10-1i;1.0;17
BU0363TH04;OS BIJLMER ZUID 10-1i;0.6;10
BU0363TH05;OS VENSERWEG 10-12i;1.0;11
BU0363TJ01;OS BIJLMER ZUID 10-1i;1.0;72
BU0363TJ02;OS BIJLMER ZUID 10-1i;1.0;31
BU0363TJ03;OS BIJLMER ZUID 10-1i;1.0;108
BU0363TK01;OS BIJLMER ZUID 10-1i;1.0;100
BU0363TK02;OS BIJLMER ZUID 10-1i;0.75;4
BU0363TK03;OS VENSERWEG 10-11i;0.3333333333333333;3
BU0363TL01;OS BIJLMER ZUID 10-1i;1.0;48
BU0363TL02;OS BIJLMER ZUID 10-1i;1.0;48
BU0363TL03;OS BIJLMER ZUID 10-1i;1.0;55
BU0363TL04;OS BIJLMER ZUID 10-1i;1.0;57
BU0363TM01;OS BIJLMER ZUID 10-1i;1.0;36
BU0363TM02;OS BIJLMER ZUID 10-1i;1.0;37
BU0363TM03;OS BIJLMER ZUID 10-1i;1.0;32
BU0363TM04;OS BIJLMER ZUID 10-1i;1.0;73
BU03730101;OS OTERLEEK 10-2i;0.6818181818181818;22
BU03730102;OS OTERLEEK 10-2i;1.0;22
BU03730103;OS ALKMAAR 10-1i;0.5185185185185185;27
BU03730104;OS OTERLEEK 10-2i;1.0;3
BU03730105;OS ALKMAAR 10-1i;1.0;7
BU03730106;OS ALKMAAR 10-1i;1.0;5
BU03730107;OS OTERLEEK 10-2i;0.6458333333333334;48
BU03730108;OS ALKMAAR 10-1i;1.0;16
BU03730109;OS ALKMAAR 10-1i;0.967741935483871;31
BU03730110;OS ALKMAAR 10-1i;0.9705882352941176;34
BU03730111;OS ALKMAAR 10-1i;0.9354838709677419;31
BU03730112;OS ALKMAAR 10-1i;0.8;20
BU03730113;OS ALKMAAR 10-1i;1.0;16
BU03730114;OS ALKMAAR 10-1i;1.0;15
BU03730115;OS OTERLEEK 10-2i;0.75;4
BU03730116;OS ALKMAAR 10-1i;0.5652173913043478;23
BU03730117;OS OTERLEEK 10-2i;1.0;12
BU03730200;OS OTERLEEK 10-2i;1.0;27
BU03730300;OS OTERLEEK 10-2i;0.5294117647058824;34
BU03730400;OS Heiloo 10-1i + 10-2i;0.9878048780487805;82
BU03730401;OS Heiloo 10-1i + 10-2i;1.0;2
BU03730402;OS Heiloo 10-1i + 10-2i;1.0;45
BU03730403;OS Heiloo 10-1i + 10-2i;1.0;14
BU03730500;OS Heiloo 10-1i + 10-2i;1.0;65
BU03730501;OS Heiloo 10-1i + 10-2i;1.0;7
BU03730600;OS Heiloo 10-1i + 10-2i;1.0;70
BU03730601;OS Heiloo 10-1i + 10-2i;1.0;12
BU03730602;OS Heiloo 10-1i + 10-2i;0.6;5
BU03730609;OS Heiloo 10-1i + 10-2i;0.5;12
BU03730700;OS WARMENHUIZEN 10-1i;0.9375;96
BU03730701;OS WARMENHUIZEN 10-1i;1.0;12
BU03730702;OS WARMENHUIZEN 10-1i;0.5882352941176471;17
BU03730703;OS WARMENHUIZEN 10-1i;1.0;8
BU03730704;OS WARMENHUIZEN 10-1i;1.0;40
BU03730705;OS WARMENHUIZEN 10-1i;1.0;6
BU03730709;OS WARMENHUIZEN 10-1i;1.0;13
BU03750000;OS BEVERWIJK 50-1i;1.0;17
BU03750001;OS BEVERWIJK 50-1i;0.9512195121951219;41
BU03750002;OS BEVERWIJK 50-1i;1.0;38
BU03750003;OS BEVERWIJK 50-1i;1.0;22
BU03750004;OS BEVERWIJK 50-1i;1.0;19
BU03750005;OS BEVERWIJK 50-1i;1.0;23
BU03750100;OS VELSEN 10-1i;0.7714285714285715;35
BU03750101;OS BEVERWIJK 50-1i;0.7678571428571429;56
BU03750102;OS VELSEN 10-1i;1.0;4
BU03750200;OS BEVERWIJK 50-1i;1.0;18
BU03750201;OS BEVERWIJK 50-1i;1.0;14
BU03750202;OS BEVERWIJK 50-1i;1.0;9
BU03750300;OS BEVERWIJK 50-1i;0.5277777777777778;36
BU03750301;OS BEVERWIJK 50-1i;0.8372093023255814;43
BU03750302;OS BEVERWIJK 50-1i;1.0;47
BU03750303;OS BEVERWIJK 50-1i;1.0;5
BU03750400;OS VELSEN 10-1i;1.0;22
BU03750401;OS VELSEN 10-1i;1.0;17
BU03750500;OS VELSEN 10-1i;0.8064516129032258;62
BU03750501;OS VELSEN 10-1i;0.9444444444444444;18
BU03750502;OS VELSEN 10-1i;1.0;13
BU03750600;OS BEVERWIJK 50-1i;1.0;60
BU03750601;OS BEVERWIJK 50-1i;1.0;39
BU03750700;OS BEVERWIJK 50-1i;1.0;53
BU03750701;OS BEVERWIJK 50-1i;1.0;29
BU03750702;OS BEVERWIJK 50-1i;1.0;45
BU03750703;OS BEVERWIJK 50-1i;1.0;19
BU03750800;OS VELSEN 10-1i;1.0;52
BU03750801;OS VELSEN 10-1i;1.0;3
BU03750900;OS BEVERWIJK 50-1i;0.5517241379310345;29
BU03750901;OS VELSEN 10-1i;0.9166666666666666;12
BU03750902;OS BEVERWIJK 50-1i;0.75;8
BU03751000;OS BEVERWIJK 50-1i;1.0;20
BU03751001;OS BEVERWIJK 50-1i;1.0;13
BU03751002;OS BEVERWIJK 50-1i;1.0;10
BU03751003;OS BEVERWIJK 50-1i;1.0;9
BU03760101;OS HUIZEN 10-1i;1.0;123
BU03760102;OS HUIZEN 10-1i;0.6614583333333334;192
BU03760103;OS CRAILO 10-1i;1.0;2
BU03760104;OS HUIZEN 10-1i;1.0;57
BU03760105;OS CRAILO 10-1i;1.0;8
BU03760106;TS084_10;0.5;2
BU03760108;OS HUIZEN 10-1i;1.0;1
BU03760109;OS HUIZEN 10-1i;1.0;2
BU03770000;OS OVERVEEN 10-2i;1.0;141
BU03770001;OS OVERVEEN 10-2i;1.0;23
BU03770002;OS OVERVEEN 10-2i;1.0;9
BU03770003;OS OVERVEEN 10-2i;1.0;38
BU03770004;OS OVERVEEN 10-2i;1.0;10
BU03770005;OS OVERVEEN 10-2i;1.0;2
BU03770009;OS OVERVEEN 10-2i;1.0;8
BU03770100;OS OVERVEEN 10-2i;0.9903846153846154;104
BU03770101;OS OVERVEEN 10-2i;1.0;10
BU03770109;OS OVERVEEN 10-2i;1.0;11
BU03770200;OS OVERVEEN 10-2i;1.0;95
BU03770201;OS OVERVEEN 10-2i;1.0;31
BU03770202;OS OVERVEEN 10-2i;1.0;24
BU03770209;OS OVERVEEN 10-2i;0.8571428571428571;14
BU03770300;OS HAARLEMMERMEER 10-1i;1.0;52
BU03770309;OS HAARLEMMERMEER 10-1i;1.0;11
BU03770400;OS HAARLEMMERMEER 10-1i;1.0;35
BU03770401;OS HAARLEMMERMEER 10-1i;1.0;28
BU03770402;OS HAARLEMMERMEER 10-1i;1.0;27
BU03770403;OS HAARLEMMERMEER 10-1i;1.0;12
BU03770404;OS HAARLEMMERMEER 10-1i;1.0;33
BU03770409;OS HAARLEMMERMEER 10-1i;1.0;6
BU03830001;OS UITGEEST 50-1i;0.6551724137931034;58
BU03830011;OS UITGEEST 50-1i;0.3898305084745763;59
BU03830101;OS UITGEEST 50-1i;0.8285714285714286;70
BU03830111;OS UITGEEST 50-1i;1.0;76
BU03830201;OS UITGEEST 50-1i;0.8255813953488372;86
BU03830211;OS UITGEEST 50-1i;1.0;68
BU03830221;OS UITGEEST 50-1i;1.0;73
BU03830301;OS UITGEEST 50-1i;0.5263157894736842;19
BU03830311;OS UITGEEST 50-1i;0.8571428571428571;7
BU03830401;OS UITGEEST 50-1i;0.6153846153846154;13
BU03830411;OS UITGEEST 50-1i;1.0;62
BU03830421;OS UITGEEST 50-1i;1.0;12
BU03830431;OS UITGEEST 50-1i;0.8181818181818182;11
BU03830501;OS UITGEEST 50-1i;1.0;43
BU03830511;OS UITGEEST 50-1i;0.9680851063829787;94
BU03830601;OS KROMMENIE 50-1i;1.0;6
BU03830701;OS Heiloo 10-1i + 10-2i;0.9864864864864865;74
BU03830711;OS Heiloo 10-1i + 10-2i;1.0;52
BU03830721;OS Heiloo 10-1i + 10-2i;0.9433962264150944;53
BU03840101;OS VENSERWEG 10-12i;1.0;42
BU03840102;OS VENSERWEG 10-12i;1.0;1
BU03840103;OS VENSERWEG 10-12i;1.0;39
BU03840104;OS VENSERWEG 10-12i;1.0;33
BU03840105;OS VENSERWEG 10-12i;1.0;36
BU03840201;OS VENSERWEG 10-12i;0.5737704918032787;61
BU03840202;OS VENSERWEG 10-12i;0.54;50
BU03840203;OS VENSERWEG 10-12i;1.0;9
BU03840204;OS VENSERWEG 10-12i;1.0;10
BU03840205;OS VENSERWEG 10-12i;1.0;1
BU03840206;OS VENSERWEG 10-12i;1.0;59
BU03840207;OS VENSERWEG 10-12i;0.96875;32
BU03840208;OS VENSERWEG 10-12i;1.0;4
BU03840301;OS VENSERWEG 10-11i;1.0;34
BU03840302;OS VENSERWEG 10-11i;1.0;35
BU03840303;OS VENSERWEG 10-11i;1.0;18
BU03840304;OS VENSERWEG 10-11i;1.0;10
BU03840305;OS VENSERWEG 10-11i;1.0;25
BU03840306;OS VENSERWEG 10-11i;0.9743589743589743;39
BU03840307;OS VENSERWEG 10-11i;1.0;22
BU03840308;OS VENSERWEG 10-11i;1.0;25
BU03840401;OS VENSERWEG 10-11i;0.4444444444444444;9
BU03840501;OS VENSERWEG 10-12i;1.0;2
BU03840502;OS VENSERWEG 10-12i;0.7857142857142857;14
BU03840503;OS VENSERWEG 10-11i;0.6;5
BU03840504;OS VENSERWEG 10-11i;1.0;2
BU03840601;OS VENSERWEG 10-11i;0.6;10
BU03840602;OS VENSERWEG 10-12i;1.0;4
BU03840603;OS VENSERWEG 10-12i;1.0;3
BU03840701;OS VENSERWEG 10-12i;1.0;11
BU03840702;OS VENSERWEG 10-12i;1.0;22
BU03840801;OS VENSERWEG 10-12i;0.8;5
BU03840802;OS VENSERWEG 10-12i;1.0;1
BU03840803;OS WEESP 10-2i;1.0;1
BU03850001;OS EDAM 10-1i;1.0;105
BU03850002;OS EDAM 10-1i;0.625;16
BU03850003;OS EDAM 10-1i;1.0;30
BU03850004;OS EDAM 10-1i;1.0;45
BU03850005;OS EDAM 10-1i;0.9375;32
BU03850006;OS EDAM 10-1i;1.0;4
BU03850007;OS EDAM 10-1i;1.0;5
BU03850008;OS EDAM 10-1i;1.0;1
BU03850101;OS EDAM 10-1i;1.0;4
BU03850201;OS EDAM 10-1i;0.9097744360902256;133
BU03850202;OS EDAM 10-1i;0.8484848484848485;66
BU03850203;OS EDAM 10-1i;0.7945205479452054;73
BU03850204;OS EDAM 10-1i;1.0;51
BU03850205;OS EDAM 10-2i;0.9722222222222222;36
BU03850206;OS EDAM 10-2i;0.65;40
BU03850207;OS EDAM 10-2i;0.5686274509803921;51
BU03850208;OS EDAM 10-1i;0.8181818181818182;44
BU03850209;OS EDAM 10-2i;0.9117647058823529;34
BU03850210;OS EDAM 10-2i;1.0;64
BU03850211;OS EDAM 10-1i;1.0;2
BU03850212;OS EDAM 10-1i;0.5384615384615384;39
BU03850301;OS EDAM 10-1i;0.8125;16
BU03850401;OS EDAM 10-2i;0.8541666666666666;48
BU03850402;OS EDAM 10-2i;1.0;62
BU03850501;OS EDAM 10-2i;0.75;20
BU03850601;OS EDAM 10-2i;0.8095238095238095;21
BU03850701;OS PURMEREND KWADIJKERKOOGWEG 50-1i;0.7368421052631579;19
BU03850801;OS EDAM 10-2i;1.0;4
BU03850901;OS PURMEREND KWADIJKERKOOGWEG 50-1i;1.0;4
BU03880001;OS ENKHUIZEN 10-2i;0.7582417582417582;91
BU03880002;OS ENKHUIZEN 10-2i;1.0;66
BU03880003;OS ENKHUIZEN 10-2i;0.775;40
BU03880004;OS ENKHUIZEN 10-1i;0.8529411764705882;34
BU03880101;OS ENKHUIZEN 10-2i;1.0;42
BU03880103;OS ENKHUIZEN 10-2i;1.0;10
BU03880104;OS ENKHUIZEN 10-2i;1.0;41
BU03880105;OS ENKHUIZEN 10-2i;1.0;52
BU03880106;OS ENKHUIZEN 10-2i;0.9852941176470589;68
BU03880107;OS ENKHUIZEN 10-2i;0.7209302325581395;43
BU03880108;OS ENKHUIZEN 10-1i;0.5;2
BU03880201;OS ENKHUIZEN 10-1i;0.3333333333333333;6
BU03880301;OS ENKHUIZEN 10-2i;1.0;4
BU03880302;OS ENKHUIZEN 10-1i;1.0;11
BU03880303;OS ENKHUIZEN 10-1i;1.0;5
BU03880304;OS ENKHUIZEN 10-1i;1.0;1
BU03881001;OS ENKHUIZEN 10-1i;1.0;1
BU03920101;OS OVERVEEN 10-1i;0.8955223880597015;67
BU03920102;OS VIJFHUIZEN 10-2i;0.6022727272727273;88
BU03920103;OS VIJFHUIZEN 10-2i;0.8518518518518519;54
BU03920104;OS WAARDERPOLDER 10-1i;1.0;54
BU03920105;OS OVERVEEN 10-1i;1.0;96
BU03920106;OS VIJFHUIZEN 10-2i;0.7777777777777778;45
BU03920201;OS SCHALKWIJK 10-1i;1.0;75
BU03920202;OS SCHALKWIJK 10-1i;1.0;21
BU03920203;OS SCHALKWIJK 10-1i;1.0;44
BU03920204;OS SCHALKWIJK 10-1i;1.0;33
BU03920205;OS SCHALKWIJK 10-1i;1.0;57
BU03920206;OS SCHALKWIJK 10-1i;1.0;55
BU03920207;OS SCHALKWIJK 10-1i;1.0;5
BU03920208;OS SCHALKWIJK 10-1i;1.0;49
BU03920301;OS OVERVEEN 10-1i;1.0;51
BU03920302;OS OVERVEEN 10-1i;1.0;37
BU03920303;OS OVERVEEN 10-1i;1.0;64
BU03920304;OS OVERVEEN 10-1i;1.0;56
BU03920401;OS OVERVEEN 10-1i;0.9411764705882353;17
BU03920402;OS OVERVEEN 10-1i;1.0;52
BU03920403;OS OVERVEEN 10-1i;1.0;59
BU03920404;OS OVERVEEN 10-1i;1.0;26
BU03920405;OS OVERVEEN 10-1i;0.9782608695652174;46
BU03920501;OS OVERVEEN 10-2i;1.0;12
BU03920502;OS OVERVEEN 10-2i;0.9714285714285714;35
BU03920503;OS OVERVEEN 10-2i;1.0;69
BU03920504;OS OVERVEEN 10-2i;1.0;6
BU03920505;OS OVERVEEN 10-2i;1.0;1
BU03920506;OS OVERVEEN 10-2i;0.9629629629629629;27
BU03920601;OS WAARDERPOLDER 10-1i;0.972972972972973;37
BU03920602;OS WAARDERPOLDER 10-2i;0.6875;64
BU03920603;OS WAARDERPOLDER 10-2i;0.8571428571428571;7
BU03920701;OS WAARDERPOLDER 10-1i;0.8787878787878788;66
BU03920702;OS VIJFHUIZEN 10-2i;1.0;46
BU03920703;OS VIJFHUIZEN 10-2i;0.972972972972973;37
BU03920704;OS VIJFHUIZEN 10-2i;1.0;57
BU03920801;OS VIJFHUIZEN 10-2i;1.0;54
BU03920802;OS VIJFHUIZEN 10-2i;1.0;29
BU03920803;OS VIJFHUIZEN 10-2i;1.0;47
BU03920804;OS VIJFHUIZEN 10-2i;1.0;22
BU03920901;OS VIJFHUIZEN 10-2i;0.9333333333333333;30
BU03920902;OS VIJFHUIZEN 10-1i;0.5588235294117647;34
BU03920903;OS VIJFHUIZEN 10-1i;0.8;5
BU03920904;OS VIJFHUIZEN 10-2i;0.8205128205128205;39
BU03920905;OS VIJFHUIZEN 10-1i;1.0;25
BU03920906;OS VIJFHUIZEN 10-2i;1.0;2
BU03921001;OS WAARDERPOLDER 10-2i;1.0;45
BU03921002;OS WAARDERPOLDER 10-2i;1.0;53
BU03921003;OS WAARDERPOLDER 10-2i;0.9565217391304348;23
BU03921004;OS WAARDERPOLDER 10-2i;1.0;40
BU03921005;OS WAARDERPOLDER 10-2i;1.0;30
BU03921101;OS WAARDERPOLDER 10-1i;1.0;43
BU03921102;OS WAARDERPOLDER 10-1i;1.0;33
BU03921103;OS WAARDERPOLDER 10-1i;0.868421052631579;38
BU03921104;OS WAARDERPOLDER 10-2i;0.5384615384615384;26
BU03921105;OS WAARDERPOLDER 10-2i;0.9807692307692307;52
BU03921201;OS WAARDERPOLDER 10-2i;0.96;50
BU03921202;OS WAARDERPOLDER 10-2i;1.0;38
BU03921203;OS WAARDERPOLDER 10-2i;0.5428571428571428;35
BU03921204;OS WAARDERPOLDER 10-2i;1.0;28
BU03921205;OS WAARDERPOLDER 10-2i;0.9818181818181818;55
BU03921206;OS WAARDERPOLDER 10-2i;1.0;20
BU03921207;OS WAARDERPOLDER 10-2i;1.0;56
BU03921301;OS WAARDERPOLDER 10-1i;0.6;10
BU03921302;OS WAARDERPOLDER 10-1i;1.0;23
BU03921303;OS WAARDERPOLDER 10-1i;0.9444444444444444;36
BU03921304;OS WAARDERPOLDER 10-1i;0.782608695652174;69
BU03921305;OS WAARDERPOLDER 10-1i;0.6857142857142857;35
BU03921306;OS WAARDERPOLDER 10-1i;0.7931034482758621;29
BU03921307;OS WAARDERPOLDER 10-2i;0.8333333333333334;36
BU03921401;OS WAARDERPOLDER 10-1i;1.0;56
BU03921402;OS WAARDERPOLDER 10-1i;0.9259259259259259;27
BU03921403;OS WAARDERPOLDER 10-1i;0.967741935483871;31
BU03921404;OS WAARDERPOLDER 10-1i;1.0;2
BU03921501;OS WAARDERPOLDER 10-1i;0.5757575757575758;33
BU03921502;OS WAARDERPOLDER 10-2i;1.0;40
BU03921503;OS WAARDERPOLDER 10-2i;0.53125;32
BU03921601;OS OVERVEEN 10-1i;0.75;8
BU03921602;OS WAARDERPOLDER 10-2i;0.5;2
BU03921603;OS WAARDERPOLDER 10-1i;0.5185185185185185;54
BU03921604;OS WAARDERPOLDER 10-1i;0.8484848484848485;33
BU03921605;OS WAARDERPOLDER 10-1i;0.6153846153846154;26
BU03921701;OS WAARDERPOLDER 10-2i;1.0;1
BU03921702;OS WAARDERPOLDER 10-2i;0.9565217391304348;23
BU03921801;OS SCHALKWIJK 10-1i;1.0;3
BU03921802;OS SCHALKWIJK 10-1i;0.9827586206896551;58
BU03921803;OS SCHALKWIJK 10-1i;1.0;15
BU03921804;OS SCHALKWIJK 10-1i;1.0;53
BU03921805;OS SCHALKWIJK 10-1i;1.0;2
BU03921806;OS SCHALKWIJK 10-1i;1.0;78
BU03921807;OS SCHALKWIJK 10-1i;1.0;62
BU03921901;OS SCHALKWIJK 10-1i;1.0;18
BU03921902;OS SCHALKWIJK 10-1i;1.0;14
BU03921903;OS SCHALKWIJK 10-1i;1.0;59
BU03921904;OS SCHALKWIJK 10-1i;1.0;34
BU03921905;OS SCHALKWIJK 10-1i;1.0;1
BU03921906;OS SCHALKWIJK 10-1i;1.0;62
BU03922001;OS SCHALKWIJK 10-1i;1.0;7
BU03922002;OS SCHALKWIJK 10-1i;1.0;39
BU03922003;OS SCHALKWIJK 10-1i;1.0;43
BU03922004;OS SCHALKWIJK 10-1i;1.0;42
BU03922005;OS SCHALKWIJK 10-1i;1.0;50
BU03922006;OS SCHALKWIJK 10-1i;1.0;31
BU03922007;OS SCHALKWIJK 10-1i;1.0;2
BU03922101;OS SCHALKWIJK 10-1i;1.0;19
BU03922102;OS SCHALKWIJK 10-1i;1.0;31
BU03922103;OS SCHALKWIJK 10-1i;1.0;54
BU03922104;OS SCHALKWIJK 10-1i;1.0;1
BU03922105;OS SCHALKWIJK 10-1i;1.0;46
BU03922106;OS SCHALKWIJK 10-1i;1.0;55
BU03922107;OS SCHALKWIJK 10-1i;0.5;2
BU03940101;OS HAARLEMMERMEER 10-1i;0.9545454545454546;22
BU03940102;OS HOOFDDORP 10-2i;0.6323529411764706;68
BU03940103;OS HOOFDDORP 10-2i;0.6195652173913043;92
BU03940104;OS HOOFDDORP 10-2i;1.0;105
BU03940105;OS HAARLEMMERMEER 10-1i;0.978494623655914;93
BU03940106;OS HAARLEMMERMEER 10-1i;1.0;57
BU03940107;OS HAARLEMMERMEER 10-1i;1.0;64
BU03940108;OS HAARLEMMERMEER 10-1i;1.0;84
BU03940109;OS HAARLEMMERMEER 10-1i;1.0;74
BU03940110;OS HOOFDDORP 10-1i;1.0;19
BU03940111;OS HAARLEMMERMEER 10-1i;1.0;106
BU03940112;OS HAARLEMMERMEER 10-1i;1.0;107
BU03940113;OS HAARLEMMERMEER 10-1i;1.0;121
BU03940114;OS HAARLEMMERMEER 10-1i;0.9935483870967742;155
BU03940115;OS VIJFHUIZEN 10-1i;0.8;10
BU03940116;OS HAARLEMMERMEER 10-1i;1.0;66
BU03940117;OS HAARLEMMERMEER 10-1i;1.0;80
BU03940118;OS HAARLEMMERMEER 10-1i;1.0;32
BU03940119;OS HOOFDDORP 10-1i;0.9090909090909091;11
BU03940122;OS HOOFDDORP 10-2i;0.5384615384615384;13
BU03940123;OS HOOFDDORP 10-2i;0.5625;16
BU03940124;OS HOOFDDORP 10-1i;0.625;16
BU03940125;OS HOOFDDORP 10-1i;0.5882352941176471;17
BU03940126;OS HOOFDDORP 10-1i;0.6363636363636364;11
BU03940127;OS HAARLEMMERMEER 10-1i;1.0;1
BU03940230;OS NIEUW VENNEP 10-1i;1.0;36
BU03940231;OS NIEUW VENNEP 10-1i;1.0;45
BU03940232;OS NIEUW VENNEP 10-1i;1.0;36
BU03940233;OS NIEUW VENNEP 10-1i;0.9846153846153847;65
BU03940234;OS NIEUW VENNEP 10-1i;1.0;53
BU03940235;OS NIEUW VENNEP 10-1i;1.0;94
BU03940236;OS NIEUW VENNEP 10-1i;1.0;139
BU03940237;OS NIEUW VENNEP 10-1i;1.0;118
BU03940239;OS NIEUW VENNEP 10-1i;1.0;11
BU03940240;OS NIEUW VENNEP 10-1i;0.7142857142857143;21
BU03940241;OS NIEUW VENNEP 10-1i;1.0;3
BU03940343;OS VIJFHUIZEN 10-2i;0.8648648648648649;37
BU03940344;OS VIJFHUIZEN 10-2i;1.0;30
BU03940345;OS VIJFHUIZEN 10-1i;0.7916666666666666;24
BU03940346;OS VIJFHUIZEN 10-1i;1.0;28
BU03940347;OS VIJFHUIZEN 10-1i;0.5652173913043478;23
BU03940348;OS VIJFHUIZEN 10-2i;0.6428571428571429;28
BU03940349;OS VIJFHUIZEN 10-1i;0.7407407407407407;27
BU03940350;OS VIJFHUIZEN 10-1i;0.7777777777777778;9
BU03940429;OS VIJFHUIZEN 10-2i;0.9473684210526315;19
BU03940465;OS VIJFHUIZEN 10-2i;0.8333333333333334;18
BU03940466;OS VIJFHUIZEN 10-2i;0.7;10
BU03940551;OS AMSTELVEEN BOLWERK 50-1i;1.0;9
BU03940552;OS AMSTELVEEN BOLWERK 50-1i;1.0;66
BU03940553;OS AMSTELVEEN BOLWERK 50-1i;1.0;31
BU03940554;OS AMSTELVEEN BOLWERK 50-1i;0.9848484848484849;66
BU03940556;OS AMSTELVEEN BOLWERK 50-1i;1.0;22
BU03940557;OS AMSTELVEEN BOLWERK 50-1i;0.9722222222222222;36
BU03940558;OS AMSTELVEEN BOLWERK 50-1i;1.0;27
BU03940559;OS AMSTELVEEN BOLWERK 50-1i;1.0;28
BU03940560;OS AMSTELVEEN BOLWERK 50-1i;1.0;25
BU03940561;OS AMSTELVEEN BOLWERK 50-1i;1.0;3
BU03940562;OS AMSTELVEEN BOLWERK 50-1i;1.0;12
BU03940564;OS AMSTELVEEN BOLWERK 50-1i;0.9523809523809523;21
BU03940674;OS ROZENBURG 10-1i;0.4473684210526316;38
BU03940675;OS SCHIPHOL OOST 50-1i;1.0;16
BU03940676;OS ROZENBURG 10-1i;0.7894736842105263;19
BU03940677;OS ROZENBURG 10-1i;0.5;6
BU03940678;OS ROZENBURG 10-1i;0.8888888888888888;9
BU03940779;OS ROZENBURG 10-1i;1.0;49
BU03940780;OS ROZENBURG 10-1i;1.0;36
BU03940781;OS ROZENBURG 10-1i;1.0;14
BU03940782;OS ROZENBURG 10-1i;0.7931034482758621;29
BU03940883;OS ROZENBURG 10-1i;0.9;10
BU03940884;OS ROZENBURG 10-1i;1.0;2
BU03940885;OS ROZENBURG 10-1i;0.8181818181818182;11
BU03940986;OS NIEUW VENNEP 10-1i;1.0;24
BU03940987;OS NIEUW VENNEP 10-1i;1.0;11
BU03940988;OS NIEUW VENNEP 10-1i;1.0;14
BU03940989;OS NIEUW VENNEP 10-1i;1.0;2
BU03941090;OS NIEUW VENNEP 10-1i;0.9855072463768116;69
BU03941091;OS NIEUW VENNEP 10-1i;1.0;6
BU03941192;OS HAARLEMMERMEER 10-1i;0.6;5
BU03941193;OS NIEUW VENNEP 10-1i;1.0;14
BU03941294;OS HAARLEMMERMEER 10-1i;1.0;37
BU03941295;OS HAARLEMMERMEER 10-1i;1.0;16
BU03941397;OS HAARLEMMERMEER 10-1i;0.9444444444444444;18
BU03941398;OS HAARLEMMERMEER 10-1i;0.8;5
BU03941399;OS VIJFHUIZEN 10-1i;0.9090909090909091;11
BU03941567;OS VIJFHUIZEN 10-1i;1.0;44
BU03941569;OS VIJFHUIZEN 10-1i;1.0;43
BU03941570;OS VIJFHUIZEN 10-1i;0.9642857142857143;28
BU03941571;OS VIJFHUIZEN 10-1i;1.0;9
BU03941663;OS AMSTELVEEN BOLWERK 50-1i;0.5;8
BU03942038;OS WAARDERPOLDER 10-1i;1.0;69
BU03942042;OS WAARDERPOLDER 10-1i;1.0;10
BU03942096;OS WAARDERPOLDER 10-1i;1.0;3
BU03942120;OS WAARDERPOLDER 10-1i;1.0;5
BU03942121;OS WAARDERPOLDER 10-1i;1.0;3
BU03942128;OS VIJFHUIZEN 10-1i;1.0;2
BU03942272;OS VIJFHUIZEN 10-1i;0.9705882352941176;68
BU03942273;OS VIJFHUIZEN 10-1i;0.6428571428571429;14
BU03960100;OS UITGEEST 50-1i;0.9111111111111111;45
BU03960101;OS UITGEEST 50-1i;1.0;7
BU03960200;OS BEVERWIJK 50-1i;0.8245614035087719;57
BU03960202;OS VELSEN 10-1i;1.0;5
BU03960300;OS UITGEEST 50-1i;0.8571428571428571;7
BU03960301;OS UITGEEST 50-1i;0.6666666666666666;3
BU03960302;OS BEVERWIJK 50-1i;1.0;58
BU03960303;OS BEVERWIJK 50-1i;1.0;65
BU03960400;OS VELSEN 10-1i;0.9230769230769231;13
BU03960402;OS VELSEN 10-1i;1.0;19
BU03960403;OS VELSEN 10-1i;1.0;7
BU03960404;OS VELSEN 10-1i;1.0;8
BU03960409;OS VELSEN 10-1i;1.0;5
BU03960500;OS UITGEEST 50-1i;1.0;41
BU03960501;OS UITGEEST 50-1i;0.8571428571428571;49
BU03960502;OS UITGEEST 50-1i;1.0;30
BU03960503;OS VELSEN 10-1i;0.5;6
BU03960600;OS UITGEEST 50-1i;1.0;25
BU03960601;OS UITGEEST 50-1i;1.0;41
BU03960602;OS UITGEEST 50-1i;1.0;4
BU03960603;OS UITGEEST 50-1i;1.0;60
BU03960605;OS UITGEEST 50-1i;1.0;4
BU03960700;OS BEVERWIJK 50-1i;1.0;38
BU03960701;OS BEVERWIJK 50-1i;0.5384615384615384;13
BU03960702;OS BEVERWIJK 50-1i;1.0;25
BU03960800;OS UITGEEST 50-1i;0.9795918367346939;49
BU03960801;OS BEVERWIJK 50-1i;0.9696969696969697;33
BU03960802;OS BEVERWIJK 50-1i;0.9285714285714286;28
BU03960900;OS BEVERWIJK 50-1i;0.7619047619047619;42
BU03960901;OS BEVERWIJK 50-1i;0.9137931034482759;58
BU03961001;OS BEVERWIJK 50-1i;1.0;30
BU03961002;OS BEVERWIJK 50-1i;1.0;14
BU03961100;OS UITGEEST 50-1i;1.0;3
BU03970000;TS004_10;1.0;111
BU03970001;TS004_10;0.9919354838709677;124
BU03970002;TS004_10;1.0;64
BU03970003;TS004_10;1.0;146
BU03970004;TS004_10;1.0;44
BU03970005;TS004_10;1.0;38
BU03970006;TS004_10;1.0;46
BU03970007;TS004_10;1.0;36
BU03970008;TS004_10;1.0;33
BU03970009;TS004_10;1.0;53
BU03970100;TS004_10;1.0;38
BU03970101;TS004_10;1.0;34
BU03970102;TS004_10;0.875;8
BU03970200;TS004_10;0.92;25
BU03990101;OS ALKMAAR 10-1i;0.8518518518518519;27
BU03990201;OS Heiloo 10-1i + 10-2i;1.0;3
BU03990202;OS Heiloo 10-1i + 10-2i;1.0;66
BU03990301;OS Heiloo 10-1i + 10-2i;0.6756756756756757;37
BU03990302;OS Heiloo 10-1i + 10-2i;1.0;20
BU03990303;OS Heiloo 10-1i + 10-2i;1.0;62
BU03990304;OS Heiloo 10-1i + 10-2i;1.0;7
BU03990401;OS Heiloo 10-1i + 10-2i;1.0;43
BU03990402;OS Heiloo 10-1i + 10-2i;1.0;56
BU03990501;OS Heiloo 10-1i + 10-2i;1.0;57
BU03990502;OS Heiloo 10-1i + 10-2i;1.0;46
BU03990503;OS Heiloo 10-1i + 10-2i;1.0;9
BU03990504;OS Heiloo 10-1i + 10-2i;1.0;30
BU03990601;OS Heiloo 10-1i + 10-2i;1.0;5
BU03990602;OS Heiloo 10-1i + 10-2i;1.0;5
BU03990603;OS Heiloo 10-1i + 10-2i;1.0;37
BU03990604;OS Heiloo 10-1i + 10-2i;1.0;40
BU03990701;OS OUDORP 10-1i;0.6666666666666666;3
BU03990801;OS Heiloo 10-1i + 10-2i;1.0;2
BU03990802;OS Heiloo 10-1i + 10-2i;1.0;11
BU04000100;OS DEN HELDER DE SCHOOTEN 10-2i;0.5;2
BU04000101;OS DEN HELDER VOGELWIJK 10-1i;0.6382978723404256;47
BU04000102;OS DEN HELDER VOGELWIJK 10-1i;0.5714285714285714;56
BU04000103;OS DEN HELDER DE SCHOOTEN 10-2i;0.9090909090909091;11
BU04000104;OS DEN HELDER VOGELWIJK 10-1i;0.7368421052631579;38
BU04000105;OS DEN HELDER VOGELWIJK 10-1i;0.6;75
BU04000106;OS DEN HELDER DE SCHOOTEN 10-2i;0.6;15
BU04000107;OS DEN HELDER VOGELWIJK 10-1i;0.5555555555555556;9
BU04000108;OS DEN HELDER VOGELWIJK 10-1i;0.6226415094339622;53
BU04000109;OS DEN HELDER DE SCHOOTEN 10-2i;1.0;4
BU04000200;OS DEN HELDER VOGELWIJK 10-1i;1.0;70
BU04000201;OS DEN HELDER VOGELWIJK 10-1i;1.0;58
BU04000202;OS DEN HELDER VOGELWIJK 10-1i;1.0;24
BU04000203;OS DEN HELDER VOGELWIJK 10-1i;1.0;23
BU04000204;OS DEN HELDER VOGELWIJK 10-1i;1.0;42
BU04000205;OS DEN HELDER VOGELWIJK 10-1i;1.0;48
BU04000206;OS DEN HELDER VOGELWIJK 10-1i;1.0;22
BU04000207;OS DEN HELDER VOGELWIJK 10-1i;1.0;1
BU04000208;OS DEN HELDER DE SCHOOTEN 10-2i;1.0;1
BU04000300;OS DEN HELDER VOGELWIJK 10-1i;1.0;17
BU04000301;OS DEN HELDER VOGELWIJK 10-1i;1.0;6
BU04000302;OS DEN HELDER VOGELWIJK 10-1i;1.0;31
BU04000303;OS DEN HELDER VOGELWIJK 10-1i;0.7435897435897436;39
BU04000304;OS DEN HELDER DE SCHOOTEN 10-2i;1.0;1
BU04000400;OS DEN HELDER VOGELWIJK 10-1i;1.0;18
BU04000401;OS DEN HELDER VOGELWIJK 10-1i;1.0;22
BU04000402;OS DEN HELDER DE SCHOOTEN 10-2i;0.6216216216216216;37
BU04000403;OS DEN HELDER DE SCHOOTEN 10-2i;1.0;11
BU04000404;OS DEN HELDER DE SCHOOTEN 10-2i;0.8666666666666667;15
BU04000405;OS DEN HELDER DE SCHOOTEN 10-2i;0.8421052631578947;19
BU04000406;OS DEN HELDER DE SCHOOTEN 10-2i;1.0;22
BU04000407;OS DEN HELDER DE SCHOOTEN 10-2i;1.0;38
BU04000408;OS DEN HELDER DE SCHOOTEN 10-2i;1.0;50
BU04000409;OS DEN HELDER DE SCHOOTEN 10-2i;1.0;13
BU04000500;OS DEN HELDER VOGELWIJK 10-1i;0.8888888888888888;9
BU04000501;OS DEN HELDER VOGELWIJK 10-1i;1.0;29
BU04000502;OS DEN HELDER VOGELWIJK 10-1i;0.6;30
BU04000503;OS DEN HELDER VOGELWIJK 10-1i;0.5;26
BU04000504;OS DEN HELDER DE SCHOOTEN 10-2i;0.7058823529411765;34
BU04000505;OS DEN HELDER DE SCHOOTEN 10-2i;1.0;27
BU04000506;OS DEN HELDER DE SCHOOTEN 10-2i;0.8;30
BU04000507;OS DEN HELDER DE SCHOOTEN 10-2i;1.0;25
BU04000508;OS DEN HELDER DE SCHOOTEN 10-2i;1.0;16
BU04000509;OS DEN HELDER DE SCHOOTEN 10-2i;1.0;19
BU04000600;OS ANNA PAULOWNA 10-2i;0.5161290322580645;31
BU04000601;OS DEN HELDER DE SCHOOTEN 10-2i;1.0;1
BU04000602;OS DEN HELDER DE SCHOOTEN 10-2i;0.75;4
BU04000603;OS ANNA PAULOWNA 10-2i;0.8461538461538461;13
BU04000604;OS DEN HELDER DE SCHOOTEN 10-2i;1.0;3
BU04000605;OS DEN HELDER DE SCHOOTEN 10-2i;1.0;3
BU04000606;OS DEN HELDER DE SCHOOTEN 10-2i;1.0;1
BU04000700;OS DEN HELDER DE SCHOOTEN 10-2i;1.0;2
BU04000701;OS DEN HELDER DE SCHOOTEN 10-2i;0.5238095238095238;21
BU04000702;OS ANNA PAULOWNA 10-2i;1.0;21
BU04000800;OS DEN HELDER DE SCHOOTEN 10-2i;0.8888888888888888;18
BU04000801;OS ANNA PAULOWNA 10-2i;1.0;57
BU04000802;OS ANNA PAULOWNA 10-2i;1.0;27
BU04000803;OS ANNA PAULOWNA 10-2i;0.9795918367346939;49
BU04000804;OS ANNA PAULOWNA 10-2i;1.0;53
BU04000805;OS ANNA PAULOWNA 10-2i;1.0;30
BU04000806;OS ANNA PAULOWNA 10-2i;1.0;9
BU04000807;OS ANNA PAULOWNA 10-2i;1.0;21
BU04000808;OS ANNA PAULOWNA 10-2i;1.0;9
BU04000809;OS ANNA PAULOWNA 10-2i;1.0;7
BU04020101;OS HILVERSUM JONKERWEG 10-1i;0.6826923076923077;104
BU04020102;OS HILVERSUM JONKERWEG 10-1i;0.9402985074626866;67
BU04020103;OS HILVERSUM RAAFSTRAAT 10-1i;0.9767441860465116;43
BU04020104;OS HILVERSUM JONKERWEG 10-1i;0.7916666666666666;48
BU04020201;OS HILVERSUM JONKERWEG 10-1i;0.9560439560439561;91
BU04020202;OS HILVERSUM JONKERWEG 10-1i;0.6885245901639344;61
BU04020203;OS HILVERSUM JONKERWEG 10-1i;1.0;26
BU04020204;OS HILVERSUM JONKERWEG 10-1i;1.0;53
BU04020205;OS HILVERSUM JONKERWEG 10-1i;1.0;28
BU04020206;OS 'S-GRAVELAND 50-2i;0.5;6
BU04020301;OS HILVERSUM JONKERWEG 10-1i;1.0;19
BU04020302;OS HILVERSUM JONKERWEG 10-1i;1.0;36
BU04020303;OS HILVERSUM JONKERWEG 10-1i;1.0;52
BU04020304;OS HILVERSUM JONKERWEG 10-1i;1.0;149
BU04020401;OS HILVERSUM JONKERWEG 10-1i;0.582089552238806;67
BU04020402;OS HILVERSUM JONKERWEG 10-1i;0.8660714285714286;112
BU04020403;OS HILVERSUM JONKERWEG 10-1i;1.0;50
BU04020404;OS HILVERSUM JONKERWEG 10-1i;1.0;81
BU04020405;OS HILVERSUM JONKERWEG 10-1i;1.0;104
BU04020501;OS HILVERSUM RAAFSTRAAT 10-1i;0.7634408602150538;93
BU04020502;OS HILVERSUM JONKERWEG 10-1i;0.7441860465116279;43
BU04020503;OS HILVERSUM RAAFSTRAAT 10-1i;1.0;37
BU04020504;OS HILVERSUM RAAFSTRAAT 10-1i;1.0;9
BU04020505;OS HILVERSUM RAAFSTRAAT 10-1i;1.0;92
BU04020506;OS HILVERSUM RAAFSTRAAT 10-1i;1.0;1
BU04020601;OS 'S-GRAVELAND 50-2i;0.7894736842105263;57
BU04020602;OS 'S-GRAVELAND 50-2i;0.875;48
BU04020603;OS HILVERSUM RAAFSTRAAT 10-1i;0.8024691358024691;81
BU04020604;OS HILVERSUM RAAFSTRAAT 10-1i;1.0;106
BU04020605;OS HILVERSUM RAAFSTRAAT 10-1i;0.9291338582677166;127
BU04020606;OS HILVERSUM RAAFSTRAAT 10-1i;1.0;16
BU04020701;OS 'S-GRAVELAND 50-2i;0.7441860465116279;43
BU04020702;OS 'S-GRAVELAND 50-2i;0.5116279069767442;43
BU04020703;OS 'S-GRAVELAND 50-2i;0.8222222222222222;180
BU04020801;OS 'S-GRAVELAND 10-1i;1.0;93
BU04020901;OS 'S-GRAVELAND 50-2i;0.47368421052631576;19
BU04020902;OS HILVERSUM RAAFSTRAAT 10-1i;1.0;4
BU04020903;OS HILVERSUM RAAFSTRAAT 10-1i;1.0;15
BU04020904;OS HILVERSUM RAAFSTRAAT 10-1i;0.6;5
BU04020905;OS HILVERSUM RAAFSTRAAT 10-1i;0.8;20
BU04020906;OS HILVERSUM JONKERWEG 10-1i;1.0;4
BU04020907;OS NAARDEN 50-1i;0.5;2
BU04051000;OS HOORN HOLENWEG 10-1i;1.0;20
BU04051001;OS HOORN HOLENWEG 10-1i;1.0;65
BU04051002;OS HOORN HOLENWEG 10-1i;0.5423728813559322;59
BU04051003;OS HOORN GELDELOZEWEG 50-1i;1.0;38
BU04051100;OS HOORN HOLENWEG 10-1i;1.0;10
BU04051101;OS HOORN HOLENWEG 10-1i;1.0;7
BU04051102;OS HOORN HOLENWEG 10-1i;0.9285714285714286;56
BU04051103;OS HOORN GELDELOZEWEG 50-1i;0.9090909090909091;11
BU04051200;OS HOORN HOLENWEG 10-1i;1.0;29
BU04051201;OS HOORN HOLENWEG 10-1i;1.0;43
BU04051202;OS HOORN GELDELOZEWEG 50-1i;0.574468085106383;47
BU04051203;OS HOORN HOLENWEG 10-1i;0.5714285714285714;7
BU04051204;OS HOORN GELDELOZEWEG 50-1i;1.0;3
BU04051300;OS HOORN GELDELOZEWEG 50-1i;0.9583333333333334;24
BU04051301;OS HOORN GELDELOZEWEG 50-1i;1.0;30
BU04051302;OS HOORN GELDELOZEWEG 50-1i;1.0;2
BU04051303;OS HOORN GELDELOZEWEG 50-1i;1.0;20
BU04051304;OS HOORN GELDELOZEWEG 50-1i;1.0;15
BU04051305;OS HOORN GELDELOZEWEG 50-1i;1.0;23
BU04051306;OS HOORN GELDELOZEWEG 50-1i;1.0;11
BU04051307;OS HOORN GELDELOZEWEG 50-1i;1.0;48
BU04051308;OS HOORN GELDELOZEWEG 50-1i;1.0;2
BU04052000;OS HOORN HOLENWEG 10-1i;1.0;21
BU04052001;OS HOORN GELDELOZEWEG 50-1i;1.0;1
BU04052002;OS HOORN GELDELOZEWEG 50-1i;1.0;5
BU04052003;OS HOORN HOLENWEG 10-1i;0.9444444444444444;18
BU04052004;OS HOORN GELDELOZEWEG 50-1i;1.0;33
BU04052005;OS HOORN GELDELOZEWEG 50-1i;1.0;4
BU04052006;OS HOORN HOLENWEG 10-1i;0.9787234042553191;47
BU04052007;OS HOORN GELDELOZEWEG 50-1i;0.7380952380952381;42
BU04052008;OS HOORN GELDELOZEWEG 50-1i;0.75;24
BU04052100;OS HOORN GELDELOZEWEG 50-1i;0.9615384615384616;52
BU04052101;OS HOORN GELDELOZEWEG 50-1i;0.9444444444444444;18
BU04052102;OS HOORN GELDELOZEWEG 50-1i;1.0;4
BU04052103;OS HOORN GELDELOZEWEG 50-1i;1.0;43
BU04052104;OS HOORN GELDELOZEWEG 50-1i;1.0;44
BU04052105;OS HOORN GELDELOZEWEG 50-1i;1.0;14
BU04052200;OS HOORN HOLENWEG 10-2i;1.0;24
BU04052201;OS HOORN HOLENWEG 10-1i;1.0;5
BU04053000;OS HOORN HOLENWEG 10-2i;0.8;5
BU04053001;OS HOORN HOLENWEG 10-2i;1.0;62
BU04053002;OS HOORN HOLENWEG 10-2i;1.0;21
BU04053004;OS WESTWOUD 10-4i;0.6666666666666666;6
BU04053005;OS WESTWOUD 10-4i;0.6666666666666666;3
BU04053006;OS WESTWOUD 10-4i;0.6666666666666666;3
BU04053100;OS HOORN HOLENWEG 10-2i;0.5;2
BU04053101;OS HOORN HOLENWEG 10-1i;0.6;5
BU04053102;OS HOORN HOLENWEG 10-2i;0.6666666666666666;6
BU04053103;OS HOORN HOLENWEG 10-2i;1.0;20
BU04053104;OS HOORN HOLENWEG 10-2i;0.5636363636363636;55
BU04053200;OS HOORN HOLENWEG 10-1i;1.0;16
BU04053201;OS HOORN HOLENWEG 10-1i;1.0;37
BU04053202;OS HOORN HOLENWEG 10-1i;1.0;18
BU04053203;OS HOORN HOLENWEG 10-1i;0.95;20
BU04053300;OS HOORN HOLENWEG 10-2i;0.5111111111111111;45
BU04053301;OS HOORN HOLENWEG 10-1i;0.9642857142857143;28
BU04053302;OS HOORN HOLENWEG 10-1i;1.0;16
BU04053303;OS HOORN HOLENWEG 10-2i;0.8;35
BU04053304;OS HOORN HOLENWEG 10-2i;0.9230769230769231;26
BU04053305;OS HOORN HOLENWEG 10-2i;1.0;22
BU04053306;OS HOORN HOLENWEG 10-1i;0.8518518518518519;27
BU04053307;OS HOORN HOLENWEG 10-1i;0.6956521739130435;23
BU04053308;OS HOORN HOLENWEG 10-1i;1.0;14
BU04053309;OS HOORN HOLENWEG 10-1i;1.0;2
BU04053400;OS HOORN HOLENWEG 10-1i;1.0;1
BU04053401;OS HOORN HOLENWEG 10-1i;1.0;6
BU04053402;OS HOORN HOLENWEG 10-1i;0.6666666666666666;6
BU04053501;OS WESTWOUD 10-4i;1.0;11
BU04053502;OS WESTWOUD 10-4i;1.0;6
BU04053503;OS WESTWOUD 10-4i;0.8235294117647058;17
BU04053504;OS WESTWOUD 10-4i;0.8947368421052632;19
BU04053505;OS WESTWOUD 10-4i;0.875;16
BU04053506;OS WESTWOUD 10-4i;0.875;8
BU04053600;OS WESTWOUD 10-4i;1.0;9
BU04059997;OS HOORN HOLENWEG 10-1i;1.0;1
BU04060001;OS HUIZEN 10-1i;1.0;109
BU04060002;OS HUIZEN 10-1i;1.0;81
BU04060103;OS HUIZEN 10-1i;0.8769230769230769;65
BU04060204;OS NAARDEN 50-1i;0.6428571428571429;14
BU04060205;OS NAARDEN 50-1i;0.75;12
BU04060206;OS CRAILO 10-1i;1.0;17
BU04060307;OS HUIZEN 10-1i;0.7142857142857143;7
BU04060308;OS NAARDEN 50-1i;0.5555555555555556;9
BU04060327;OS HUIZEN 10-1i;1.0;2
BU04060328;OS HUIZEN 10-1i;1.0;2
BU04060329;OS HUIZEN 10-1i;1.0;3
BU04060330;OS HUIZEN 10-1i;1.0;6
BU04060409;OS HUIZEN 10-1i;0.75;16
BU04060410;OS HUIZEN 10-1i;1.0;65
BU04060511;OS HUIZEN 10-1i;1.0;20
BU04060512;OS HUIZEN 10-1i;1.0;7
BU04060513;OS HUIZEN 10-1i;1.0;38
BU04060614;OS HUIZEN 10-1i;1.0;70
BU04060615;OS HUIZEN 10-1i;1.0;37
BU04060716;OS HUIZEN 10-1i;1.0;99
BU04060817;OS HUIZEN 10-1i;1.0;109
BU04060818;OS HUIZEN 10-1i;1.0;80
BU04060919;OS HUIZEN 10-1i;1.0;97
BU04061020;OS HUIZEN 10-1i;1.0;51
BU04061021;OS HUIZEN 10-1i;1.0;19
BU04061123;OS HUIZEN 10-1i;1.0;115
BU04061124;OS HUIZEN 10-1i;1.0;44
BU04061125;OS HUIZEN 10-1i;1.0;34
BU04061226;OS HUIZEN 10-1i;1.0;58
BU04061231;OS HUIZEN 10-1i;1.0;6
BU04069997;OS HUIZEN 10-1i;1.0;1
BU04150101;OS PURMEREND SCHAEPMANSTRAAT 50-1i;1.0;10
BU04150201;OS PURMEREND SCHAEPMANSTRAAT 50-1i;1.0;24
BU04150301;OS NOORD PAPAVERWEG 10-1i;1.0;86
BU04150302;OS NOORD PAPAVERWEG 10-1i;1.0;1
BU04150303;OS NOORD PAPAVERWEG 10-1i;1.0;11
BU04150304;OS NOORD PAPAVERWEG 10-1i;1.0;51
BU04150305;OS NOORD PAPAVERWEG 10-1i;1.0;72
BU04150306;OS NOORD PAPAVERWEG 10-1i;0.8947368421052632;19
BU04150307;OS NOORD PAPAVERWEG 10-1i;1.0;3
BU04150308;OS NOORD PAPAVERWEG 10-1i;1.0;47
BU04170320;OS CRAILO 10-1i;1.0;79
BU04170321;OS CRAILO 10-1i;0.45454545454545453;11
BU04170322;OS CRAILO 10-1i;0.9722222222222222;36
BU04170323;OS CRAILO 10-1i;1.0;35
BU04170324;OS 'S-GRAVELAND 50-2i;1.0;6
BU04170325;OS CRAILO 10-1i;1.0;15
BU04170326;OS CRAILO 10-1i;1.0;10
BU04170327;OS CRAILO 10-1i;1.0;25
BU04170328;OS 'S-GRAVELAND 50-2i;0.7419354838709677;124
BU04170329;OS CRAILO 10-1i;1.0;33
BU04200101;OS MEDEMBLIK 10-2i;1.0;68
BU04200102;OS MEDEMBLIK 10-2i;1.0;27
BU04200103;OS MEDEMBLIK 10-2i;1.0;14
BU04200104;OS MEDEMBLIK 10-2i;1.0;37
BU04200105;OS MEDEMBLIK 10-2i;1.0;52
BU04200106;OS MEDEMBLIK 10-2i;1.0;18
BU04200107;OS MEDEMBLIK 10-2i;1.0;14
BU04200108;OS MEDEMBLIK 10-2i;1.0;1
BU04200109;OS MEDEMBLIK 10-2i;1.0;2
BU04200110;OS MEDEMBLIK 10-2i;1.0;10
BU04200201;OS MEDEMBLIK 10-2i;1.0;39
BU04200202;OS MEDEMBLIK 10-2i;1.0;11
BU04200301;OS MEDEMBLIK 10-2i;1.0;18
BU04200302;OS MEDEMBLIK 10-2i;1.0;7
BU04200401;OS MEDEMBLIK 10-2i;0.8333333333333334;6
BU04200501;OS MEDEMBLIK 10-2i;0.5510204081632653;49
BU04200502;OS MEDEMBLIK 10-2i;1.0;5
BU04200601;RS HOOGWOUD 10-4i;1.0;14
BU04200602;RS HOOGWOUD 10-4i;1.0;8
BU04200701;RS HOOGWOUD 10-4i;1.0;6
BU04200702;RS HOOGWOUD 10-4i;0.75;16
BU04200801;OS HOORN GELDELOZEWEG 50-1i;1.0;37
BU04200802;OS HOORN GELDELOZEWEG 50-1i;1.0;40
BU04200803;OS HOORN GELDELOZEWEG 50-1i;1.0;16
BU04200804;OS HOORN GELDELOZEWEG 50-1i;1.0;8
BU04200805;OS HOORN GELDELOZEWEG 50-1i;1.0;1
BU04200806;OS HOORN GELDELOZEWEG 50-1i;1.0;5
BU04200807;OS HOORN GELDELOZEWEG 50-1i;1.0;6
BU04200808;OS HOORN GELDELOZEWEG 50-1i;1.0;1
BU04200809;OS HOORN GELDELOZEWEG 50-1i;1.0;17
BU04200901;OS HOORN GELDELOZEWEG 50-1i;1.0;5
BU04200902;OS HOORN GELDELOZEWEG 50-1i;0.875;8
BU04201001;OS WESTWOUD 10-4i;0.95;40
BU04201002;OS HOORN GELDELOZEWEG 50-1i;1.0;2
BU04201003;OS WESTWOUD 10-4i;0.6666666666666666;12
BU04201101;OS WESTWOUD 10-4i;1.0;54
BU04201102;OS WESTWOUD 10-4i;0.875;8
BU04201201;OS WESTWOUD 10-4i;1.0;14
BU04201202;OS MEDEMBLIK 10-2i;0.45454545454545453;11
BU04201301;OS WESTWOUD 10-4i;1.0;17
BU04201401;OS WESTWOUD 10-4i;0.9333333333333333;15
BU04201402;OS WESTWOUD 10-4i;0.5333333333333333;15
BU04201403;OS WESTWOUD 10-4i;0.5789473684210527;19
BU04201501;OS MEDEMBLIK 10-1i;0.8405797101449275;69
BU04201502;OS MEDEMBLIK 10-1i;0.8378378378378378;37
BU04201503;OS WERVERSHOOF 10-1i;0.55;20
BU04201504;OS MEDEMBLIK 10-2i;0.5;2
BU04201505;OS WERVERSHOOF 10-1i;0.7777777777777778;18
BU04201506;OS MEDEMBLIK 10-2i;0.875;32
BU04201508;OS MEDEMBLIK 10-2i;1.0;4
BU04201601;OS WERVERSHOOF 10-1i;1.0;41
BU04201602;OS WERVERSHOOF 10-1i;0.8333333333333334;12
BU04201603;OS WERVERSHOOF 10-1i;1.0;21
BU04201604;OS WERVERSHOOF 10-1i;1.0;34
BU04201605;OS WERVERSHOOF 10-1i;1.0;32
BU04201606;OS WERVERSHOOF 10-1i;1.0;1
BU04201607;OS WERVERSHOOF 10-1i;1.0;2
BU04201608;OS WERVERSHOOF 10-1i;1.0;7
BU04201609;OS ENKHUIZEN 10-1i;1.0;1
BU04201610;OS WERVERSHOOF 10-1i;1.0;24
BU04209997;OS MEDEMBLIK 10-2i;1.0;1
BU04310000;OS NOORD PAPAVERWEG 10-1i;1.0;165
BU04310001;OS NOORD PAPAVERWEG 10-1i;1.0;9
BU04310002;OS NOORD PAPAVERWEG 10-1i;1.0;15
BU04310003;OS NOORD PAPAVERWEG 10-1i;0.9666666666666667;30
BU04320101;RS HOOGWOUD 10-4i;0.5;4
BU04320102;RS HOOGWOUD 10-4i;1.0;20
BU04320103;RS HOOGWOUD 10-4i;1.0;3
BU04320104;RS HOOGWOUD 10-4i;1.0;6
BU04320105;RS HOOGWOUD 10-4i;1.0;13
BU04320106;RS HOOGWOUD 10-4i;1.0;4
BU04320107;RS HOOGWOUD 10-4i;0.8333333333333334;6
BU04320108;RS HOOGWOUD 10-5i;1.0;2
BU04320109;RS HOOGWOUD 10-4i;0.6666666666666666;3
BU04320110;RS HOOGWOUD 10-4i;1.0;2
BU04320112;RS HOOGWOUD 10-4i;1.0;1
BU04320201;RS HOOGWOUD 10-4i;1.0;3
BU04320202;RS HOOGWOUD 10-4i;1.0;2
BU04320203;RS HOOGWOUD 10-4i;0.5;2
BU04320204;OS HOORN GELDELOZEWEG 50-1i;0.75;8
BU04320205;RS HOOGWOUD 10-4i;1.0;7
BU04320206;RS HOOGWOUD 10-4i;1.0;10
BU04320207;RS HOOGWOUD 10-4i;1.0;6
BU04320208;RS HOOGWOUD 10-4i;1.0;13
BU04320209;RS HOOGWOUD 10-4i;1.0;12
BU04320210;RS HOOGWOUD 10-4i;1.0;11
BU04320211;RS HOOGWOUD 10-4i;1.0;11
BU04320212;RS HOOGWOUD 10-4i;1.0;12
BU04320301;RS HOOGWOUD 10-5i;0.6;5
BU04320302;RS HOOGWOUD 10-4i;0.6666666666666666;3
BU04320304;RS HOOGWOUD 10-5i;0.75;4
BU04320305;RS HOOGWOUD 10-4i;1.0;11
BU04320306;RS HOOGWOUD 10-4i;1.0;8
BU04320307;RS HOOGWOUD 10-4i;1.0;7
BU04320308;RS HOOGWOUD 10-4i;0.6666666666666666;12
BU04320309;RS HOOGWOUD 10-4i;1.0;12
BU04320310;RS HOOGWOUD 10-4i;1.0;11
BU04320311;RS HOOGWOUD 10-4i;1.0;1
BU04320312;RS HOOGWOUD 10-5i;0.6;5
BU04320313;RS HOOGWOUD 10-5i;1.0;7
BU04320314;RS HOOGWOUD 10-5i;1.0;3
BU04320315;RS HOOGWOUD 10-4i;0.6;5
BU04320401;RS HOOGWOUD 10-5i;1.0;3
BU04320402;RS HOOGWOUD 10-5i;1.0;5
BU04320403;RS HOOGWOUD 10-5i;1.0;3
BU04320404;RS HOOGWOUD 10-5i;1.0;3
BU04320501;RS HOOGWOUD 10-4i;1.0;5
BU04320503;RS HOOGWOUD 10-4i;1.0;14
BU04320504;RS HOOGWOUD 10-4i;1.0;1
BU04370000;Amstelveen;1.0;197
BU04370001;OS BIJLMER NOORD 20-4i;0.98125;160
BU04370002;OS BIJLMER NOORD 20-4i;0.8571428571428571;7
BU04370006;Amstelveen;1.0;10
BU04370007;Bijlmer Noord 10kV totaal;0.625;8
BU04370008;Amstelveen;0.8571428571428571;7
BU04370009;Amstelveen;1.0;4
BU04390101;OS PURMEREND SCHAEPMANSTRAAT 50-1i;0.75;80
BU04390102;OS PURMEREND SCHAEPMANSTRAAT 50-1i;1.0;19
BU04390103;OS PURMEREND SCHAEPMANSTRAAT 50-1i;1.0;49
BU04390201;OS PURMEREND KWADIJKERKOOGWEG 50-1i;1.0;166
BU04390202;OS PURMEREND KWADIJKERKOOGWEG 50-1i;1.0;8
BU04390203;OS PURMEREND SCHAEPMANSTRAAT 50-1i;0.7692307692307693;13
BU04390204;OS PURMEREND KWADIJKERKOOGWEG 50-1i;1.0;138
BU04390205;OS PURMEREND KWADIJKERKOOGWEG 50-1i;1.0;18
BU04390301;OS PURMEREND KWADIJKERKOOGWEG 50-1i;0.9782608695652174;46
BU04390302;OS PURMEREND KWADIJKERKOOGWEG 50-1i;1.0;123
BU04390303;OS PURMEREND KWADIJKERKOOGWEG 50-1i;1.0;4
BU04390401;OS PURMEREND SCHAEPMANSTRAAT 50-1i;1.0;96
BU04390402;OS PURMEREND SCHAEPMANSTRAAT 50-1i;0.9716981132075472;106
BU04390501;OS PURMEREND KWADIJKERKOOGWEG 50-1i;1.0;114
BU04390502;OS PURMEREND KWADIJKERKOOGWEG 50-1i;0.9622641509433962;53
BU04390503;OS PURMEREND KWADIJKERKOOGWEG 50-1i;0.9795918367346939;49
BU04390504;OS PURMEREND KWADIJKERKOOGWEG 50-1i;1.0;107
BU04390505;OS PURMEREND KWADIJKERKOOGWEG 50-1i;0.9666666666666667;60
BU04390506;OS EDAM 10-1i;0.6666666666666666;3
BU04390601;OS PURMEREND KWADIJKERKOOGWEG 50-1i;0.9914529914529915;117
BU04390602;OS PURMEREND KWADIJKERKOOGWEG 50-1i;1.0;142
BU04390603;OS EDAM 10-1i;1.0;2
BU04390701;OS PURMEREND SCHAEPMANSTRAAT 50-1i;1.0;13
BU04390702;OS PURMEREND SCHAEPMANSTRAAT 50-1i;1.0;81
BU04390703;OS PURMEREND SCHAEPMANSTRAAT 50-1i;1.0;73
BU04390704;OS PURMEREND SCHAEPMANSTRAAT 50-1i;1.0;71
BU04390705;OS PURMEREND SCHAEPMANSTRAAT 50-1i;0.9807692307692307;52
BU04390801;OS PURMEREND SCHAEPMANSTRAAT 50-1i;1.0;173
BU04390802;OS OTERLEEK 10-4i;0.42105263157894735;19
BU04390803;OS PURMEREND SCHAEPMANSTRAAT 50-1i;0.5238095238095238;21
BU04390804;OS PURMEREND SCHAEPMANSTRAAT 50-1i;0.9090909090909091;99
BU04410101;OS SCHAGEN 10-2i;1.0;39
BU04410190;OS SCHAGEN 10-2i;0.8;10
BU04410191;OS ANNA PAULOWNA 10-2i;0.42857142857142855;7
BU04410192;OS SCHAGEN 10-1i;0.8888888888888888;9
BU04410201;OS SCHAGEN 10-1i;1.0;42
BU04410202;OS SCHAGEN 10-1i;1.0;2
BU04410280;OS SCHAGEN 10-1i;0.7272727272727273;11
BU04410290;OS SCHAGEN 10-1i;1.0;2
BU04410301;OS WARMENHUIZEN 10-1i;0.625;8
BU04410390;OS WARMENHUIZEN 10-1i;0.7272727272727273;11
BU04410391;OS WARMENHUIZEN 10-1i;1.0;7
BU04410401;OS SCHAGEN 10-1i;1.0;29
BU04410402;OS SCHAGEN 10-1i;0.75;4
BU04410490;OS SCHAGEN 10-1i;1.0;5
BU04410491;OS SCHAGEN 10-1i;1.0;4
BU04410492;OS SCHAGEN 10-1i;1.0;6
BU04410493;OS WARMENHUIZEN 10-1i;0.6666666666666666;3
BU04410494;OS WARMENHUIZEN 10-1i;0.7142857142857143;7
BU04410501;OS WARMENHUIZEN 10-1i;1.0;32
BU04410502;OS WARMENHUIZEN 10-1i;1.0;19
BU04410503;OS WARMENHUIZEN 10-1i;1.0;31
BU04410504;OS WARMENHUIZEN 10-1i;1.0;32
BU04410505;OS WARMENHUIZEN 10-1i;1.0;14
BU04410506;OS WARMENHUIZEN 10-1i;1.0;11
BU04410580;OS WARMENHUIZEN 10-1i;1.0;3
BU04410581;OS WARMENHUIZEN 10-1i;1.0;12
BU04410590;OS WARMENHUIZEN 10-1i;1.0;24
BU04410591;OS WARMENHUIZEN 10-1i;1.0;4
BU04410601;OS WARMENHUIZEN 10-1i;1.0;8
BU04410602;OS WARMENHUIZEN 10-1i;1.0;40
BU04410603;OS WARMENHUIZEN 10-1i;1.0;34
BU04410690;OS WARMENHUIZEN 10-1i;0.8571428571428571;7
BU04410701;OS DE WEEL 20-1i;1.0;49
BU04410790;OS DE WEEL 20-1i;0.9583333333333334;24
BU04410801;OS WARMENHUIZEN 10-1i;0.5483870967741935;31
BU04410880;OS WARMENHUIZEN 10-1i;1.0;2
BU04410890;OS SCHAGEN 10-1i;0.7142857142857143;14
BU04410901;OS SCHAGEN 10-1i;1.0;9
BU04410990;OS SCHAGEN 10-1i;0.75;12
BU04411001;OS SCHAGEN 10-2i;0.6341463414634146;82
BU04411002;OS SCHAGEN 10-1i;0.96;25
BU04411101;OS WARMENHUIZEN 10-1i;1.0;21
BU04411102;OS WARMENHUIZEN 10-1i;1.0;12
BU04411103;OS WARMENHUIZEN 10-1i;1.0;9
BU04411170;OS WARMENHUIZEN 10-1i;1.0;1
BU04411190;OS WARMENHUIZEN 10-1i;0.8571428571428571;7
BU04411201;OS SCHAGEN 10-1i;1.0;9
BU04411290;OS SCHAGEN 10-1i;0.8181818181818182;11
BU04411301;OS ANNA PAULOWNA 10-2i;1.0;23
BU04411302;OS ANNA PAULOWNA 10-2i;1.0;38
BU04411380;OS ANNA PAULOWNA 10-2i;1.0;4
BU04411390;OS ANNA PAULOWNA 10-2i;0.42857142857142855;7
BU04411391;OS ANNA PAULOWNA 10-2i;1.0;9
BU04411401;OS SCHAGEN 10-1i;1.0;8
BU04411470;OS SCHAGEN 10-1i;1.0;6
BU04411471;OS SCHAGEN 10-1i;1.0;3
BU04411490;OS SCHAGEN 10-1i;1.0;4
BU04411501;OS ANNA PAULOWNA 10-2i;1.0;36
BU04411502;OS ANNA PAULOWNA 10-2i;1.0;24
BU04411570;OS ANNA PAULOWNA 10-2i;1.0;2
BU04411590;OS ANNA PAULOWNA 10-2i;1.0;20
BU04411591;OS ANNA PAULOWNA 10-2i;1.0;7
BU04411592;OS ANNA PAULOWNA 10-2i;1.0;9
BU04411601;OS SCHAGEN 10-1i;0.9615384615384616;26
BU04411602;OS SCHAGEN 10-2i;0.9107142857142857;56
BU04411603;OS SCHAGEN 10-2i;1.0;29
BU04411680;OS SCHAGEN 10-2i;1.0;11
BU04411690;OS SCHAGEN 10-1i;0.6666666666666666;6
BU04411691;OS SCHAGEN 10-1i;1.0;5
BU04411701;OS SCHAGEN 10-2i;1.0;27
BU04411702;OS SCHAGEN 10-2i;1.0;22
BU04411703;OS SCHAGEN 10-2i;0.9473684210526315;19
BU04411790;OS SCHAGEN 10-2i;0.8888888888888888;9
BU04411801;OS SCHAGEN 10-2i;0.6744186046511628;43
BU04411802;OS SCHAGEN 10-2i;0.5945945945945946;37
BU04411803;OS SCHAGEN 10-2i;0.660377358490566;53
BU04411890;OS SCHAGEN 10-1i;0.6;5
BU04480000;OS TEXEL 10-1i;1.0;187
BU04480001;OS TEXEL 10-1i;1.0;54
BU04480002;OS TEXEL 10-1i;1.0;36
BU04480003;OS TEXEL 10-1i;1.0;8
BU04480004;OS TEXEL 10-1i;1.0;31
BU04480005;OS TEXEL 10-1i;1.0;19
BU04480007;OS TEXEL 10-1i;1.0;84
BU04480008;OS TEXEL 10-1i;1.0;17
BU04480009;OS TEXEL 10-1i;1.0;69
BU04480100;OS TEXEL 10-1i;1.0;15
BU04480107;OS TEXEL 10-1i;1.0;44
BU04480108;OS TEXEL 10-1i;1.0;9
BU04480109;OS TEXEL 10-1i;1.0;13
BU04500001;OS UITGEEST 50-1i;1.0;105
BU04500002;OS UITGEEST 50-1i;1.0;41
BU04500003;OS UITGEEST 50-1i;1.0;16
BU04500004;OS UITGEEST 50-1i;1.0;108
BU04500005;OS UITGEEST 50-1i;1.0;12
BU04500006;OS UITGEEST 50-1i;0.85;20
BU04511500;OS UITHOORN 50-1i;1.0;43
BU04512500;OS UITHOORN 50-1i;1.0;87
BU04513500;OS UITHOORN 50-1i;1.0;185
BU04514500;OS UITHOORN 50-1i;0.9935064935064936;154
BU04515000;OS UITHOORN 50-1i;0.8571428571428571;14
BU04515500;OS AALSMEER BLOEMENVEILING 10-1i;1.0;11
BU04516500;OS UITHOORN 50-1i;1.0;145
BU04517500;OS UITHOORN 50-1i;1.0;29
BU04518500;OS UITHOORN 50-1i;1.0;83
BU04519000;OS AALSMEER BLOEMENVEILING 10-2i;0.5714285714285714;14
BU04519500;OS UITHOORN 50-1i;0.42857142857142855;7
BU04530000;OS IJMUIDEN 50-1i;1.0;8
BU04530001;OS IJMUIDEN 50-1i;1.0;29
BU04530002;OS IJMUIDEN 50-1i;1.0;24
BU04530003;OS IJMUIDEN 50-1i;1.0;39
BU04530004;OS IJMUIDEN 50-1i;1.0;18
BU04530005;OS IJMUIDEN 50-1i;0.9714285714285714;35
BU04530100;OS IJMUIDEN 50-1i;1.0;17
BU04530101;OS IJMUIDEN 50-1i;1.0;33
BU04530102;OS IJMUIDEN 50-1i;1.0;37
BU04530103;OS IJMUIDEN 50-1i;1.0;45
BU04530104;OS IJMUIDEN 50-1i;1.0;47
BU04530105;OS IJMUIDEN 50-1i;1.0;32
BU04530106;OS IJMUIDEN 50-1i;0.9615384615384616;26
BU04530200;OS IJMUIDEN 50-1i;1.0;48
BU04530201;OS IJMUIDEN 50-1i;1.0;15
BU04530202;OS IJMUIDEN 50-1i;1.0;15
BU04530203;OS IJMUIDEN 50-1i;1.0;36
BU04530204;OS IJMUIDEN 50-1i;1.0;19
BU04530205;OS IJMUIDEN 50-1i;1.0;10
BU04530206;OS IJMUIDEN 50-1i;1.0;62
BU04530300;OS IJMUIDEN 50-1i;1.0;2
BU04530301;OS IJMUIDEN 50-1i;1.0;29
BU04530302;OS IJMUIDEN 50-1i;0.9879518072289156;83
BU04530303;OS IJMUIDEN 50-1i;1.0;71
BU04530400;OS IJMUIDEN 50-1i;1.0;38
BU04530401;OS IJMUIDEN 50-1i;1.0;27
BU04530402;OS IJMUIDEN 50-1i;1.0;49
BU04530403;OS IJMUIDEN 50-1i;1.0;18
BU04530404;OS IJMUIDEN 50-1i;1.0;28
BU04530405;OS IJMUIDEN 50-1i;1.0;30
BU04530406;OS IJMUIDEN 50-1i;1.0;31
BU04530500;OS VELSEN 10-1i;1.0;29
BU04530501;OS VELSEN 10-1i;1.0;24
BU04530502;OS VELSEN 10-1i;1.0;26
BU04530503;OS VELSEN 10-1i;1.0;26
BU04530504;OS VELSEN 10-1i;1.0;32
BU04530505;OS VELSEN 10-1i;1.0;20
BU04530506;OS VELSEN 10-1i;1.0;2
BU04530507;OS VELSEN 10-1i;1.0;1
BU04530600;OS OVERVEEN 10-1i;1.0;15
BU04530601;OS OVERVEEN 10-1i;0.8947368421052632;19
BU04530602;OS OVERVEEN 10-1i;1.0;21
BU04530603;OS OVERVEEN 10-1i;1.0;17
BU04530604;OS OVERVEEN 10-1i;0.9459459459459459;37
BU04530605;OS OVERVEEN 10-1i;1.0;21
BU04530606;OS OVERVEEN 10-1i;1.0;21
BU04530607;OS OVERVEEN 10-2i;0.6875;32
BU04530608;OS IJMUIDEN 50-1i;1.0;3
BU04530700;OS OVERVEEN 10-2i;1.0;28
BU04530701;OS OVERVEEN 10-2i;1.0;19
BU04530702;OS OVERVEEN 10-2i;1.0;45
BU04530703;OS OVERVEEN 10-2i;1.0;14
BU04530800;OS OVERVEEN 10-1i;0.9636363636363636;55
BU04530801;OS OVERVEEN 10-1i;1.0;24
BU04530802;OS OVERVEEN 10-1i;1.0;36
BU04530803;OS OVERVEEN 10-1i;1.0;35
BU04530804;OS OVERVEEN 10-1i;1.0;40
BU04530805;OS OVERVEEN 10-1i;1.0;56
BU04530806;OS OVERVEEN 10-1i;1.0;82
BU04530807;OS OVERVEEN 10-1i;1.0;49
BU04530808;OS OVERVEEN 10-1i;1.0;6
BU04530900;OS IJMUIDEN 50-1i;0.8571428571428571;7
BU04530901;OS WAARDERPOLDER 10-2i;0.5;6
BU04730101;OS OVERVEEN 10-2i;1.0;51
BU04730102;OS OVERVEEN 10-2i;1.0;20
BU04730103;OS OVERVEEN 10-2i;1.0;55
BU04730104;OS OVERVEEN 10-2i;1.0;14
BU04730105;OS OVERVEEN 10-2i;1.0;70
BU04730106;OS OVERVEEN 10-2i;1.0;8
BU04730107;OS OVERVEEN 10-2i;1.0;2
BU04730201;OS OVERVEEN 10-2i;1.0;25
BU04730202;OS OVERVEEN 10-2i;1.0;9
BU04730203;OS OVERVEEN 10-2i;1.0;77
BU04730204;OS OVERVEEN 10-2i;1.0;10
BU04730205;OS OVERVEEN 10-2i;1.0;35
BU04730206;OS OVERVEEN 10-2i;1.0;90
BU04730301;OS OVERVEEN 10-2i;1.0;18
BU04730302;OS OVERVEEN 10-2i;1.0;22
BU04730401;OS OVERVEEN 10-2i;1.0;1
BU04730402;OS OVERVEEN 10-2i;1.0;3
BU04730403;OS OVERVEEN 10-2i;0.6666666666666666;6
BU04730404;OS OVERVEEN 10-2i;1.0;6
BU04791111;OS ZAANDAM WEST 10-1i;0.5714285714285714;7
BU04791112;OS ZAANDAM NOORD 50-1i;0.6153846153846154;13
BU04791121;OS ZAANDAM NOORD 50-1i;1.0;52
BU04791122;OS ZAANDAM NOORD 50-1i;0.6521739130434783;69
BU04791131;OS ZAANDAM NOORD 50-1i;0.9894736842105263;95
BU04791132;OS ZAANDAM NOORD 50-1i;0.5625;96
BU04791211;OS ZAANDAM NOORD 50-1i;1.0;24
BU04791212;OS ZAANDAM NOORD 50-1i;1.0;59
BU04791213;OS ZAANDAM NOORD 50-1i;1.0;71
BU04791311;OS ZAANDAM NOORD 50-1i;1.0;44
BU04791312;OS ZAANDAM NOORD 50-1i;1.0;33
BU04791321;OS ZAANDAM NOORD 50-1i;1.0;81
BU04791322;OS ZAANDAM NOORD 50-1i;1.0;42
BU04791411;OS ZAANDAM NOORD 50-1i;1.0;55
BU04791412;OS ZAANDAM NOORD 50-1i;0.9290322580645162;155
BU04791511;OS ZAANDAM NOORD 50-1i;1.0;9
BU04791512;OS ZAANDAM NOORD 50-1i;1.0;73
BU04791521;OS ZAANDAM NOORD 50-1i;1.0;19
BU04791522;OS ZAANDAM NOORD 50-1i;1.0;22
BU04791611;OS ZAANDAM NOORD 50-1i;1.0;61
BU04791612;OS ZAANDAM NOORD 50-1i;1.0;104
BU04791620;OS ZAANDAM NOORD 50-1i;0.6666666666666666;21
BU04792111;OS ZAANDAM WEST 10-1i;1.0;25
BU04792112;OS ZAANDAM WEST 10-1i;1.0;19
BU04792121;OS ZAANDAM WEST 10-1i;1.0;6
BU04792122;OS ZAANDAM WEST 10-1i;1.0;5
BU04792130;OS ZAANDAM NOORD 50-1i;0.75;16
BU04792140;OS ZAANDAM WEST 10-1i;1.0;83
BU04792210;OS ZAANDAM NOORD 50-1i;0.6639344262295082;122
BU04792220;OS ZAANDAM NOORD 50-1i;0.5925925925925926;27
BU04792230;OS ZAANDAM NOORD 50-1i;1.0;76
BU04792311;OS ZAANDAM WEST 10-1i;1.0;18
BU04792312;OS ZAANDAM WEST 10-1i;1.0;42
BU04792313;OS ZAANDAM WEST 10-1i;1.0;5
BU04792314;OS ZAANDAM WEST 10-1i;0.9459459459459459;37
BU04792321;OS ZAANDIJK 50-1i;1.0;6
BU04792322;OS ZAANDIJK 50-1i;1.0;81
BU04792323;OS ZAANDIJK 50-1i;0.8735632183908046;87
BU04793110;OS ZAANDIJK 50-1i;1.0;148
BU04793211;OS ZAANDIJK 50-1i;1.0;5
BU04793212;OS ZAANDIJK 50-1i;1.0;58
BU04793213;OS ZAANDIJK 50-1i;1.0;108
BU04794110;OS ZAANDIJK 50-1i;0.7916666666666666;96
BU04794211;OS ZAANDIJK 50-1i;0.9411764705882353;51
BU04794212;OS ZAANDIJK 50-1i;1.0;55
BU04794213;OS ZAANDIJK 50-1i;1.0;8
BU04795110;OS WORMERVEER 50-1i;1.0;103
BU04795120;OS WORMERVEER 50-1i;1.0;1
BU04795131;OS WORMERVEER 50-1i;0.9875;80
BU04795132;OS WORMERVEER 50-1i;1.0;74
BU04795133;OS WORMERVEER 50-1i;0.9743589743589743;39
BU04795140;OS KROMMENIE 50-1i;1.0;27
BU04795150;OS KROMMENIE 50-1i;1.0;11
BU04795160;OS KROMMENIE 50-1i;1.0;23
BU04796110;OS KROMMENIE 50-1i;1.0;59
BU04796120;OS KROMMENIE 50-1i;1.0;61
BU04796130;OS KROMMENIE 50-1i;1.0;68
BU04796140;OS KROMMENIE 50-1i;1.0;35
BU04796210;OS KROMMENIE 50-1i;0.9876543209876543;81
BU04796220;OS KROMMENIE 50-1i;1.0;80
BU04796230;OS KROMMENIE 50-1i;1.0;17
BU04796240;OS KROMMENIE 50-1i;1.0;43
BU04797110;OS KROMMENIE 50-1i;0.65;40
BU04797120;OS KROMMENIE 50-1i;0.5202702702702703;148
BU04797130;OS UITGEEST 50-1i;0.375;8
BU04797211;OS KROMMENIE 50-1i;0.8571428571428571;14
BU04797212;OS KROMMENIE 50-1i;1.0;32
BU04797213;OS KROMMENIE 50-1i;1.0;62
BU04797221;OS KROMMENIE 50-1i;1.0;6
BU04797222;OS KROMMENIE 50-1i;1.0;27
BU04797231;OS KROMMENIE 50-1i;0.8333333333333334;6
BU04797232;OS KROMMENIE 50-1i;1.0;17
BU04797233;OS KROMMENIE 50-1i;1.0;49
BU04797234;OS KROMMENIE 50-1i;1.0;55
BU04798110;OS ZAANDAM WEST 10-1i;0.5555555555555556;18
BU04798120;OS ZAANDIJK 50-1i;0.967741935483871;31
BU04798130;OS ZAANDIJK 50-1i;1.0;23
BU04798140;OS ZAANDIJK 50-1i;1.0;68
BU04798150;OS ZAANDIJK 50-1i;1.0;3
BU04820101;CM66;1.0;20
BU04820102;CM66;1.0;18
BU04820103;CM66;1.0;28
BU04820104;CM66;1.0;10
BU04820105;CM66;1.0;17
BU04820201;CM66;1.0;10
BU04820202;CM66;1.0;22
BU04820203;CM66;1.0;12
BU04820204;CM66;1.0;5
BU04820205;CM66;1.0;15
BU04820206;CM66;1.0;13
BU04820301;CM66;1.0;14
BU04820302;CM66;1.0;7
BU04820303;CM66;1.0;14
BU04820304;CM66;1.0;11
BU04820305;CM66;1.0;11
BU04820306;CM66;1.0;23
BU04820307;CM66;1.0;27
BU04820401;CM66;1.0;29
BU04820402;CM66;1.0;29
BU04820403;CM66;1.0;8
BU04820404;CM66;1.0;8
BU04820501;CM66;0.9375;16
BU04820502;TT088_13;1.0;3
BU04820503;TT088_13;1.0;10
BU04820601;CM66;1.0;4
BU04820602;CM66;1.0;1
BU04820603;CM66;1.0;1
BU04820604;CM66;1.0;3
BU04840101;OS ALPHEN WEST 10-1i;1.0;10
BU04840102;OS ALPHEN CENTRUM 10-2i;0.5;4
BU04840103;OS ALPHEN WEST 10-1i;1.0;20
BU04840104;OS ALPHEN WEST 10-1i;1.0;9
BU04840105;OS ALPHEN WEST 10-1i;0.9642857142857143;28
BU04840106;OS ALPHEN WEST 10-1i;1.0;39
BU04840107;OS ALPHEN CENTRUM 10-1i;0.75;8
BU04840108;OS ALPHEN CENTRUM 10-1i;0.39215686274509803;51
BU04840109;OS ALPHEN WEST 10-1i;1.0;9
BU04840110;OS ALPHEN CENTRUM 10-2i;0.7058823529411765;17
BU04840111;OS ALPHEN CENTRUM 10-2i;1.0;4
BU04840201;OS ALPHEN WEST 10-1i;1.0;3
BU04840202;OS ALPHEN WEST 10-1i;1.0;28
BU04840203;OS ALPHEN CENTRUM 10-1i;0.6666666666666666;33
BU04840204;OS ALPHEN WEST 10-1i;1.0;29
BU04840205;OS ALPHEN CENTRUM 10-1i;0.7142857142857143;28
BU04840206;OS ALPHEN WEST 10-1i;0.9655172413793104;29
BU04840207;OS ALPHEN WEST 10-1i;0.92;25
BU04840208;OS ALPHEN WEST 10-1i;0.6326530612244898;49
BU04840209;OS ALPHEN CENTRUM 10-2i;0.6666666666666666;6
BU04840210;OS ALPHEN CENTRUM 10-2i;0.8571428571428571;35
BU04840211;OS ALPHEN CENTRUM 10-2i;0.78125;32
BU04840301;OS ALPHEN CENTRUM 10-1i;0.96875;32
BU04840302;OS ALPHEN WEST 10-1i;0.975609756097561;41
BU04840303;OS ALPHEN WEST 10-1i;0.4782608695652174;23
BU04840304;OS ALPHEN CENTRUM 10-1i;0.7368421052631579;19
BU04840305;OS ALPHEN CENTRUM 10-1i;0.7804878048780488;41
BU04840306;OS ALPHEN CENTRUM 10-1i;1.0;56
BU04840307;OS ALPHEN CENTRUM 10-2i;0.5;4
BU04840401;OS ALPHEN WEST 10-1i;1.0;7
BU04840402;OS ALPHEN WEST 10-1i;0.6956521739130435;23
BU04840403;OS ALPHEN CENTRUM 10-2i;0.7608695652173914;46
BU04840404;OS ALPHEN CENTRUM 10-2i;0.6818181818181818;44
BU04840405;OS ALPHEN CENTRUM 10-2i;0.9615384615384616;26
BU04840501;OS ALPHEN CENTRUM 10-2i;1.0;60
BU04840502;OS ALPHEN CENTRUM 10-2i;0.8974358974358975;39
BU04840503;OS ALPHEN CENTRUM 10-2i;0.56;25
BU04840504;OS ALPHEN CENTRUM 10-1i;0.9655172413793104;29
BU04840505;OS ALPHEN CENTRUM 10-1i;1.0;28
BU04840506;OS ALPHEN CENTRUM 10-1i;1.0;2
BU04840601;OS ALPHEN CENTRUM 10-2i;0.7619047619047619;42
BU04840602;OS ALPHEN CENTRUM 10-2i;0.9833333333333333;60
BU04840603;OS ALPHEN CENTRUM 10-2i;0.8513513513513513;74
BU04840604;OS ALPHEN CENTRUM 10-1i;0.9772727272727273;44
BU04840605;OS ALPHEN CENTRUM 10-2i;0.7142857142857143;7
BU04840701;OS ALPHEN CENTRUM 10-1i;1.0;17
BU04840702;OS ALPHEN CENTRUM 10-1i;1.0;3
BU04840801;OS ALPHEN WEST 10-1i;1.0;23
BU04840802;OS ALPHEN WEST 10-1i;0.9473684210526315;38
BU04840803;OS ALPHEN WEST 10-1i;1.0;37
BU04840804;OS ALPHEN WEST 10-1i;1.0;28
BU04840805;OS ALPHEN WEST 10-1i;1.0;30
BU04840806;OS ALPHEN WEST 10-1i;0.9375;32
BU04840807;OS ALPHEN WEST 10-1i;1.0;22
BU04840808;OS ALPHEN WEST 10-1i;1.0;12
BU04840809;OS ALPHEN WEST 10-1i;0.9696969696969697;33
BU04840810;OS ALPHEN WEST 10-1i;1.0;30
BU04840811;OS ALPHEN WEST 10-1i;1.0;13
BU04840812;OS ALPHEN CENTRUM 10-1i;1.0;3
BU04840813;OS ALPHEN WEST 10-1i;1.0;2
BU04840901;OS ALPHEN CENTRUM 10-1i;0.6666666666666666;3
BU04843101;OS ZOETERWOUDE 10-2i;0.9444444444444444;18
BU04843102;OS ZOETERWOUDE 10-2i;0.9393939393939394;33
BU04843103;OS ZOETERWOUDE 10-2i;1.0;49
BU04843104;OS ZOETERWOUDE 10-2i;0.7142857142857143;14
BU04844501;OS ALPHEN CENTRUM 10-2i;0.9090909090909091;11
BU04844502;OS ALPHEN CENTRUM 10-2i;0.75;4
BU04844503;OS ALPHEN CENTRUM 10-2i;1.0;14
BU04844504;OS ALPHEN CENTRUM 10-2i;0.75;8
BU04847001;OS ALPHEN WEST 10-1i;0.7857142857142857;14
BU04847002;OS ALPHEN WEST 10-1i;0.8333333333333334;6
BU04847003;OS ALPHEN WEST 10-1i;1.0;9
BU04847004;OS ALPHEN WEST 10-1i;0.9333333333333333;15
BU04847005;OS ALPHEN WEST 10-1i;1.0;30
BU04847006;OS ALPHEN WEST 10-1i;1.0;57
BU04847007;OS ALPHEN WEST 10-1i;1.0;24
BU04847008;OS ALPHEN WEST 10-1i;0.9565217391304348;23
BU04847009;OS ALPHEN WEST 10-1i;1.0;40
BU04847010;OS ALPHEN WEST 10-1i;1.0;34
BU04847011;OS ALPHEN WEST 10-1i;1.0;34
BU04847012;OS ALPHEN WEST 10-1i;1.0;32
BU04847013;OS ALPHEN WEST 10-1i;1.0;41
BU04847014;OS ALPHEN WEST 10-1i;0.8695652173913043;23
BU04847015;OS ALPHEN WEST 10-1i;0.5;8
BU04847101;OS ALPHEN CENTRUM 10-1i;1.0;33
BU04847102;OS ALPHEN CENTRUM 10-1i;1.0;3
BU04847103;OS ALPHEN CENTRUM 10-1i;1.0;10
BU04849101;OS ALPHEN WEST 10-1i;0.6206896551724138;58
BU04849102;OS ALPHEN WEST 10-1i;0.8260869565217391;23
BU04849103;OS ZOETERWOUDE 10-2i;0.7142857142857143;28
BU04849104;OS ZOETERWOUDE 10-2i;0.9183673469387755;49
BU04849105;OS ALPHEN WEST 10-1i;0.4722222222222222;36
BU04849401;OS ZOETERWOUDE 10-2i;1.0;25
BU04849402;OS ZOETERWOUDE 10-2i;1.0;42
BU04849403;OS ZOETERWOUDE 10-2i;0.9466666666666667;75
BU04849404;OS ZOETERWOUDE 10-2i;0.7352941176470589;34
BU04849601;OS ALPHEN WEST 10-1i;0.5625;16
BU04849602;OS ALPHEN WEST 10-1i;1.0;51
BU04849603;OS ALPHEN WEST 10-1i;1.0;65
BU04849604;OS ALPHEN WEST 10-1i;1.0;5
BU04890101;CM48;1.0;16
BU04890102;CM48;1.0;9
BU04890103;CM48;1.0;16
BU04890204;CM48;1.0;15
BU04890205;CM48;1.0;14
BU04890206;CM48;1.0;15
BU04890207;CM48;1.0;13
BU04890308;CM48;1.0;19
BU04890409;CM48;1.0;25
BU04890410;CM48;1.0;11
BU04890511;CM48;1.0;18
BU04890512;CM48;1.0;26
BU04890513;CM48;1.0;9
BU04890614;CM48;1.0;18
BU04890715;CM48;1.0;51
BU04890816;CM48;1.0;28
BU04890817;CM48;1.0;13
BU04890918;CM48;1.0;18
BU04890919;CM48;1.0;15
BU04890920;CM48;1.0;14
BU04890921;CM48;1.0;8
BU04890922;CM48;1.0;15
BU04891023;CM48;1.0;12
BU04891124;CM48;1.0;19
BU04891225;CM47;1.0;18
BU04891226;CM47;1.0;6
BU04891227;CM47;1.0;9
BU04891328;CM47;1.0;12
BU04891429;CM47;1.0;16
BU04891430;CM47;1.0;14
BU04891431;CM47;1.0;21
BU04891432;CM47;1.0;16
BU04891533;CM47;1.0;15
BU04891634;CM47;1.0;24
BU04891735;CM47;1.0;13
BU04891836;CM47;1.0;16
BU04891937;CM47;1.0;25
BU04892039;CM47;1.0;75
BU04893050;CM47;1.0;1
BU04893051;CM47;1.0;1
BU04893052;CM47;1.0;1
BU04893053;CM47;0.6666666666666666;3
BU04893054;CM48;0.8888888888888888;9
BU04893160;CM47;1.0;2
BU04893161;CM48;1.0;3
BU04893162;CM48;1.0;6
BU04893163;CM48;1.0;11
BU04893164;CM48;1.0;26
BU04895070;CM48;1.0;5
BU04895071;CM47;1.0;3
BU04895072;CM47;0.8;5
BU04895073;CM47;1.0;1
BU04895074;CM47;0.8;5
BU04895075;CM47;0.5;2
BU04895076;CM47;0.6666666666666666;6
BU04895077;CM48;1.0;3
BU04895078;CM48;1.0;1
BU04895081;CM47;1.0;2
BU04895082;CM47;1.0;10
BU04895083;CM47;1.0;5
BU04895084;CM47;1.0;5
BU04980000;OS WERVERSHOOF 10-1i;1.0;2
BU04980001;OS WESTWOUD 10-4i;0.5;2
BU04980002;OS WESTWOUD 10-4i;1.0;15
BU04980003;OS WESTWOUD 10-4i;1.0;29
BU04980004;OS WERVERSHOOF 10-1i;1.0;38
BU04980005;OS WESTWOUD 10-4i;0.7916666666666666;24
BU04980006;OS WESTWOUD 10-4i;0.6363636363636364;44
BU04980007;OS WESTWOUD 10-4i;1.0;13
BU04980008;OS WESTWOUD 10-4i;1.0;29
BU04980009;OS WESTWOUD 10-4i;1.0;2
BU04980010;OS WESTWOUD 10-4i;0.42857142857142855;7
BU04980100;OS WESTWOUD 10-4i;1.0;35
BU04980101;OS WESTWOUD 10-4i;0.75;4
BU04980109;OS WESTWOUD 10-4i;0.8;5
BU04980200;OS HOORN HOLENWEG 10-1i;1.0;37
BU04980300;OS ENKHUIZEN 10-1i;0.8064516129032258;62
BU04980301;OS ENKHUIZEN 10-1i;0.967741935483871;31
BU04980306;OS HOORN HOLENWEG 10-1i;0.5;2
BU04980308;OS ENKHUIZEN 10-1i;0.8;5
BU04980309;OS ENKHUIZEN 10-1i;1.0;1
BU04980400;OS HOORN HOLENWEG 10-1i;0.6774193548387096;31
BU04980401;OS WESTWOUD 10-4i;1.0;7
BU04980500;OS HOORN HOLENWEG 10-1i;1.0;19
BU04980600;OS HOORN HOLENWEG 10-1i;1.0;9
BU04980601;OS WESTWOUD 10-4i;1.0;25
BU04980602;OS WESTWOUD 10-4i;1.0;9
BU04980700;OS WESTWOUD 10-4i;1.0;4
BU05020110;CM48;1.0;1
BU05020111;CM48;1.0;24
BU05020112;CM48;1.0;9
BU05020113;CM48;1.0;19
BU05020114;CM48;1.0;4
BU05020115;CM48;1.0;18
BU05020116;CM48;1.0;16
BU05020117;CM48;1.0;9
BU05020118;CM48;1.0;6
BU05020119;CM48;1.0;19
BU05020223;CM48;1.0;14
BU05020224;CM48;1.0;42
BU05020225;CM48;1.0;23
BU05020226;CM48;1.0;20
BU05020227;CM48;1.0;19
BU05020228;CM48;1.0;8
BU05020229;CM48;1.0;21
BU05020332;CM48;1.0;33
BU05020333;CM48;1.0;29
BU05020334;CM48;1.0;22
BU05020335;CM48;1.0;25
BU05020336;CM48;1.0;11
BU05020337;CM48;1.0;8
BU05020338;CM48;1.0;30
BU05020441;CM48;1.0;20
BU05020442;CM48;1.0;25
BU05020443;CM48;1.0;31
BU05020444;CM48;1.0;2
BU05020445;CM48;1.0;13
BU05020446;CM48;1.0;21
BU05020447;CM48;1.0;1
BU05020448;CM48;1.0;23
BU05020449;CM48;1.0;10
BU05020551;CM48;1.0;35
BU05020552;CM48;1.0;19
BU05020553;CM48;1.0;3
BU05020554;CM48;1.0;14
BU05020555;CM48;1.0;7
BU05020556;CM48;1.0;59
BU05020557;CM48;1.0;14
BU05020621;CM48;0.8;5
BU05020622;CM48;1.0;3
BU05020631;CM48;1.0;6
BU05020658;CM48;1.0;1
BU05020659;CM48;1.0;2
BU05020661;CM48;1.0;17
BU05020662;CM48;1.0;42
BU05020663;CM48;1.0;25
BU05020664;CM48;1.0;13
BU05020665;CM48;1.0;22
BU05020666;CM48;1.0;2
BU05020770;TT032_13;1.0;23
BU05020771;TT032_13;0.9523809523809523;21
BU05020772;TT032_13;1.0;16
BU05020773;TT032_13;1.0;30
BU05020774;CM48;0.8;15
BU05020775;TT032_13;1.0;15
BU05020776;TT032_13;1.0;14
BU05020777;TT032_13;1.0;16
BU05020778;TT032_13;1.0;14
BU05020779;TT032_13;1.0;15
BU05020880;CM48;1.0;1
BU05020881;TT032_13;0.8;10
BU05020882;CM48;0.5;2
BU05020883;TT032_13;1.0;4
BU05020884;TT032_13;1.0;4
BU05020885;TT032_13;1.0;5
BU05020886;TT032_13;1.0;6
BU05020887;TT032_13;1.0;9
BU05020888;TT032_13;0.8888888888888888;9
BU05020889;TT032_13;1.0;8
BU05020991;TH039_23;0.9333333333333333;15
BU05020992;TH039_23;1.0;11
BU05020993;TH039_23;0.6666666666666666;3
BU05020994;TH039_23;1.0;2
BU05020995;CM48;1.0;3
BU05020996;CM48;1.0;1
BU05020997;CM48;1.0;3
BU05020998;CM48;1.0;3
BU05031100;TZ018_10;1.0;1
BU05031101;TZ018_10;1.0;29
BU05031102;TZ018_10;0.6176470588235294;68
BU05031103;TT110_10;0.9850746268656716;67
BU05031104;TT110_10;1.0;72
BU05031105;TT110_10;1.0;7
BU05031106;TT110_10;1.0;33
BU05031107;TT110_10;1.0;33
BU05031108;TT110_10;1.0;27
BU05031109;TT110_10;1.0;19
BU05031200;TZ018_10;1.0;7
BU05031201;TZ018_10;1.0;17
BU05031202;TZ018_10;1.0;63
BU05031203;TZ018_10;1.0;7
BU05031204;TT110_10;0.7;40
BU05031205;TT110_10;0.9310344827586207;29
BU05031206;TT110_10;0.9375;32
BU05031207;TT110_10;1.0;62
BU05031208;TT110_10;1.0;4
BU05031300;TZ018_10;1.0;2
BU05031301;TZ018_10;1.0;37
BU05031302;TT110_10;0.6857142857142857;35
BU05031303;TZ018_10;0.631578947368421;57
BU05031304;TZ018_10;0.9285714285714286;14
BU05031305;TT110_10;0.7558139534883721;86
BU05031306;TT110_10;1.0;36
BU05031307;TT110_10;1.0;80
BU05031400;TZ018_10;1.0;50
BU05031401;TZ018_10;1.0;46
BU05031402;TZ018_10;1.0;19
BU05031403;TZ018_10;1.0;18
BU05031404;TT028_10;0.9629629629629629;27
BU05031405;TZ018_10;0.6190476190476191;42
BU05031406;De Lier;0.7878787878787878;33
BU05031407;TT028_10;0.5;42
BU05031600;TT110_10;0.5;4
BU05031601;TZ018_10;1.0;1
BU05031602;TT110_10;0.875;8
BU05031603;TT110_10;1.0;4
BU05031604;TT110_10;1.0;3
BU05032200;TT038_10;0.8571428571428571;7
BU05032201;TT038_10;1.0;29
BU05032202;TT038_10;1.0;50
BU05032203;TT038_10;0.9782608695652174;46
BU05032204;TT038_10;0.96;50
BU05032205;TT038_10;1.0;1
BU05032300;TT037_10;1.0;11
BU05032301;TT037_10;1.0;50
BU05032302;TT037_10;1.0;28
BU05032303;TT037_10;1.0;51
BU05032304;TT037_10;1.0;34
BU05032305;TT037_10;1.0;15
BU05032400;TT028_10;0.9722222222222222;36
BU05032401;TT028_10;0.7857142857142857;28
BU05032402;TT110_10;0.5625;16
BU05032403;TT037_10;0.9767441860465116;43
BU05032404;TT028_10;0.88;25
BU05032405;TT028_10;0.6907216494845361;97
BU05032406;TT037_10;1.0;68
BU05032407;TT037_10;1.0;44
BU05032408;TT037_10;1.0;1
BU05032500;TT028_10;0.9523809523809523;21
BU05032501;TT028_10;0.6071428571428571;84
BU05032502;TT028_10;0.9230769230769231;13
BU05032503;TT038_10;0.8571428571428571;28
BU05032504;TT038_10;0.6428571428571429;28
BU05032505;TT028_10;1.0;26
BU05032506;TT028_10;1.0;19
BU05032507;TT028_10;0.5217391304347826;69
BU05032508;TT028_10;1.0;33
BU05032509;TT028_10;0.6842105263157895;19
BU05032510;TT038_10;0.5;2
BU05032600;TT037_10;1.0;4
BU05032700;TT110_10;1.0;29
BU05032702;TT110_10;0.8333333333333334;6
BU05032703;TT037_10;0.8666666666666667;15
BU05032704;TH010_10;1.0;2
BU05032800;TT037_10;0.5151515151515151;33
BU05032801;TT110_10;0.5555555555555556;18
BU05032802;TT039_10;0.6935483870967742;62
BU05032803;TT039_10;0.9583333333333334;48
BU05032804;TT037_10;0.8;5
BU05032805;TT037_10;0.7843137254901961;51
BU05032806;TT039_10;1.0;45
BU05032807;TT039_10;0.8;5
BU05032808;TT039_10;0.5;4
BU05032809;TT037_10;0.9375;16
BU05032810;TT039_10;1.0;19
BU05032900;TT037_10;0.6;5
BU05032901;TT119_23;0.4117647058823529;17
BU05032902;TH010_10;1.0;5
BU05050100;CM63;1.0;22
BU05050101;CM63;1.0;19
BU05050102;CM63;1.0;9
BU05050103;CM63;1.0;10
BU05050104;CM63;1.0;8
BU05050105;CM63;1.0;6
BU05050106;CM63;1.0;14
BU05050107;CM63;1.0;15
BU05050108;CM63;1.0;30
BU05050109;CM63;1.0;11
BU05050110;CM63;1.0;13
BU05050111;CM63;1.0;12
BU05050112;CM63;1.0;15
BU05050113;CM63;0.9090909090909091;11
BU05050114;CM63;1.0;14
BU05050200;CM63;1.0;40
BU05050201;CM63;1.0;11
BU05050202;CM63;1.0;16
BU05050203;CM63;1.0;15
BU05050204;CM63;1.0;11
BU05050205;CM63;1.0;21
BU05050206;CM63;1.0;21
BU05050300;CM29/45;1.0;5
BU05050301;CM29/45;1.0;39
BU05050302;CM29/45;1.0;19
BU05050303;CM29/45;1.0;36
BU05050304;CM29/45;1.0;31
BU05050305;CM29/45;1.0;39
BU05050306;CM29/45;1.0;29
BU05050307;CM29/45;1.0;9
BU05050400;CM29/45;1.0;40
BU05050401;CM29/45;1.0;20
BU05050402;CM29/45;1.0;5
BU05050403;CM29/45;1.0;9
BU05050404;CM29/45;1.0;10
BU05050405;CM29/45;1.0;5
BU05050406;CM29/45;1.0;3
BU05050500;CM63;1.0;18
BU05050501;CM63;1.0;20
BU05050502;CM63;1.0;24
BU05050503;CM63;1.0;29
BU05050504;CM63;1.0;16
BU05050505;CM63;1.0;62
BU05050506;CM29/45;1.0;16
BU05050507;CM29/45;1.0;31
BU05050508;CM29/45;1.0;24
BU05050509;CM29/45;1.0;15
BU05050510;CM29/45;1.0;5
BU05050600;CM63;1.0;5
BU05050601;CM63;1.0;12
BU05050602;CM63;1.0;18
BU05050603;CM63;1.0;14
BU05050604;CM63;1.0;23
BU05050605;CM63;1.0;36
BU05050606;CM63;1.0;2
BU05050607;CM63;1.0;2
BU05050608;CM63;1.0;2
BU05050700;CM29/45;1.0;12
BU05050701;CM29/45;1.0;29
BU05050702;CM29/45;1.0;15
BU05050703;CM29/45;1.0;13
BU05050704;CM29/45;1.0;24
BU05050705;CM29/45;1.0;15
BU05050706;CM29/45;1.0;1
BU05050707;CM29/45;1.0;10
BU05050708;CM29/45;1.0;8
BU05050709;CM29/45;1.0;2
BU05050710;CM29/45;1.0;1
BU05050711;CM29/45;1.0;1
BU05050800;CM29/45;1.0;83
BU05050801;CM29/45;1.0;44
BU05050802;CM29/45;1.0;24
BU05050900;CM29/45;1.0;33
BU05050901;CM29/45;1.0;91
BU05050902;CM29/45;1.0;35
BU05050903;CM29/45;1.0;19
BU05050904;CM29/45;1.0;34
BU05050905;CM29/45;1.0;14
BU05050906;CM29/45;1.0;28
BU05050907;CM29/45;1.0;27
BU05050908;CM29/45;1.0;40
BU05050909;CM29/45;1.0;45
BU05050910;CM29/45;1.0;14
BU05051000;CM29/45;1.0;1
BU05051001;CM63;0.42857142857142855;7
BU05051002;CM29/45;0.8;5
BU05051003;CM29/45;1.0;3
BU05051004;CM29/64;1.0;1
BU05051005;CM63;1.0;2
BU05051006;CM29/45;1.0;92
BU05051007;CM29/45;1.0;99
BU05051008;CM29/45;1.0;1
BU05051009;CM29/45;1.0;2
BU05051010;CM29/45;1.0;7
BU05051011;CM29/64;1.0;12
BU05051012;CM29/45;0.6666666666666666;3
BU05051013;CM29/45;1.0;4
BU05051100;CM63;1.0;17
BU05051101;CM63;1.0;32
BU05051102;CM63;1.0;16
BU05051103;CM63;1.0;17
BU05051104;CM63;1.0;2
BU05051105;CM63;1.0;42
BU05051106;CM63;1.0;21
BU05051107;CM63;1.0;10
BU05051108;CM63;0.8571428571428571;14
BU05051109;CM63;1.0;45
BU05051110;CM63;1.0;22
BU05051111;CM63;1.0;22
BU05051112;CM63;1.0;1
BU05051900;CM29/45;0.8;5
BU05051901;CM29/64;1.0;3
BU05051902;CM29/64;1.0;4
BU05051903;CM29/64;1.0;12
BU05051904;CM29/64;1.0;2
BU05051905;CM29/64;1.0;3
BU05051906;CM29/64;1.0;1
BU05051907;CM29/64;1.0;7
BU05051909;CM29/64;1.0;3
BU05051910;CM29/64;1.0;14
BU05051911;CM29/64;1.0;4
BU05051912;CM29/64;1.0;1
BU05051914;CM29/45;1.0;5
BU05051915;CM29/64;1.0;4
BU05051916;CM29/64;1.0;8
BU05051917;CM29/64;1.0;16
BU05051918;CM29/64;1.0;2
BU05051919;CM29/64;1.0;4
BU05059800;CM63;1.0;6
BU05059801;CM63;1.0;2
BU05059804;CM29/64;0.55;20
BU05059805;CM29/64;1.0;4
BU05120101;CM22;1.0;66
BU05120102;CM22;1.0;126
BU05120200;CM22;1.0;53
BU05120300;CM22;1.0;76
BU05120403;CM22;1.0;104
BU05120404;CM22;1.0;65
BU05120500;CM22;1.0;83
BU05120600;CM22;1.0;176
BU05120700;CM22;1.0;16
BU05120800;CM22;1.0;9
BU05120900;CM22;1.0;3
BU05121000;CM22;1.0;6
BU05121105;CM22;1.0;61
BU05121106;CM22;1.0;55
BU05121107;CM22;1.0;55
BU05121108;CM22;1.0;9
BU05121200;CM22;1.0;24
BU05121300;CM22;1.0;37
BU05121409;CM22;1.0;2
BU05121410;CM22;1.0;9
BU05121411;CM22;1.0;4
BU05121500;CM22;1.0;12
BU05121600;CM22;1.0;4
BU05121700;CM22;1.0;1
BU05121800;CM22;1.0;3
BU05121900;CM22;1.0;1
BU05122000;CM22;1.0;2
BU05122100;CM22;1.0;2
BU05130100;TT072_10;1.0;70
BU05130101;TT072_10;1.0;63
BU05130102;TT072_10;1.0;48
BU05130103;TT072_10;1.0;60
BU05130104;TT072_10;1.0;54
BU05130105;CM31;1.0;7
BU05130200;TT072_10;1.0;157
BU05130201;TT072_10;0.9726027397260274;73
BU05130202;TT072_10;1.0;14
BU05130203;TT072_10;1.0;4
BU05130204;TT072_10;1.0;18
BU05130300;CM31;1.0;53
BU05130301;CM31;1.0;105
BU05130302;CM31;0.9827586206896551;58
BU05130303;CM31;1.0;4
BU05130304;CM31;0.9714285714285714;35
BU05130305;CM31;1.0;19
BU05130400;CM31;1.0;74
BU05130401;CM31;1.0;28
BU05130402;CM31;0.9787234042553191;47
BU05130403;CM31;1.0;80
BU05130404;CM31;1.0;39
BU05130405;CM31;1.0;4
BU05130406;CM31;1.0;29
BU05130407;CM31;1.0;29
BU05130500;CM31;1.0;140
BU05130501;CM31;1.0;9
BU05130502;TH009_10;0.5454545454545454;11
BU05130503;TH009_10;1.0;31
BU05130504;TH009_10;1.0;37
BU05130505;TH009_10;1.0;16
BU05130509;TH009_10;1.0;5
BU05130600;TH009_10;1.0;39
BU05130601;TH009_10;1.0;32
BU05130602;TH009_10;1.0;17
BU05130603;TH009_10;1.0;78
BU05130604;TH009_10;1.0;103
BU05130700;TH009_10;1.0;41
BU05130701;TH009_10;1.0;55
BU05130702;TH009_10;1.0;68
BU05130703;TH009_10;1.0;19
BU05130704;TH009_10;1.0;37
BU05130705;TH009_10;1.0;14
BU05130800;TH009_10;1.0;11
BU05130809;TH009_10;1.0;4
BU05130900;TT072_10;1.0;8
BU05130901;TT075_10;1.0;1
BU05130902;TT072_10;1.0;5
BU05130903;TT072_10;1.0;17
BU05130904;TT072_10;1.0;20
BU05130905;TT072_10;1.0;10
BU05130906;TT072_10;1.0;5
BU05130907;TT072_10;1.0;1
BU05130909;TT072_10;1.0;4
BU05180170;CM26;0.6666666666666666;3
BU05180271;CM26;1.0;214
BU05180373;CM26;1.0;28
BU05180374;CM26;0.9347826086956522;46
BU05180448;TT063_10;0.9387755102040817;49
BU05180475;TT063_10;1.0;68
BU05180476;TT063_10;1.0;99
BU05180477;TT063_10;0.98989898989899;99
BU05180478;TT063_10;0.9565217391304348;46
BU05180479;TT063_10;1.0;57
BU05180546;CM26;1.0;211
BU05180605;CM26;1.0;28
BU05180701;CM26;1.0;99
BU05180702;CM26;1.0;92
BU05180703;CM26;1.0;179
BU05180704;CM26;1.0;114
BU05180772;CM26;1.0;51
BU05180800;CM26;1.0;151
BU05180907;CM26;1.0;317
BU05180908;CM26;1.0;140
BU05181041;CM26;0.8275862068965517;29
BU05181142;CM26;0.9310344827586207;58
BU05181143;CM50;0.697841726618705;139
BU05181250;CM49;1.0;67
BU05181251;CM49;0.8542713567839196;199
BU05181252;CM26;0.5252525252525253;198
BU05181309;CM49;0.6419753086419753;243
BU05181481;CM49;1.0;18
BU05181492;CM49;1.0;183
BU05181590;CM49;0.5909090909090909;22
BU05181591;CM49;1.0;67
BU05181697;CM53;0.98;200
BU05181785;CM53;1.0;26
BU05181786;CM49;0.4420289855072464;276
BU05181795;CM49;0.569620253164557;158
BU05181806;CM49;1.0;81
BU05181840;CM49;1.0;149
BU05181882;CM51;0.6309523809523809;84
BU05181893;CM49;1.0;75
BU05181894;CM49;1.0;125
BU05181953;CM49;0.9820359281437125;167
BU05181983;CM49;0.8055555555555556;72
BU05182054;CM49;0.8548387096774194;186
BU05182055;CM50;0.9966329966329966;297
BU05182110;CM50;1.0;132
BU05182144;CM50;0.9297297297297298;185
BU05182245;TT065_10;0.8091872791519434;283
BU05182347;CM26;1.0;68
BU05182449;TT050_10;0.6190476190476191;21
BU05182561;CM55;1.0;142
BU05182567;CM55;0.9659090909090909;88
BU05182568;CM55;0.9333333333333333;30
BU05182569;CM55;1.0;176
BU05182664;TT050_10;0.9878048780487805;82
BU05182665;TT050_10;1.0;116
BU05182666;TT050_10;0.98046875;256
BU05182718;TT065_10;0.907563025210084;119
BU05182762;TT066_10;1.0;21
BU05182763;TT066_10;0.8974358974358975;78
BU05182811;TT065_10;0.9516129032258065;186
BU05182812;CM26;0.7857142857142857;126
BU05182813;CM26;0.4805194805194805;77
BU05182814;TT065_10;1.0;150
BU05182915;CM54;0.552901023890785;293
BU05182916;TT065_10;0.5714285714285714;210
BU05182917;CM54;0.75177304964539;141
BU05183032;CM50;1.0;90
BU05183033;CM50;0.8064516129032258;93
BU05183034;CM54;0.9868421052631579;152
BU05183130;CM50;1.0;182
BU05183131;CM50;1.0;132
BU05183135;CM50;0.9447004608294931;217
BU05183284;CM51;0.9950248756218906;402
BU05183387;CM53;0.9770114942528736;174
BU05183396;CM53;0.9502762430939227;181
BU05183398;CM53;0.9619047619047619;210
BU05183399;CM53;0.9782608695652174;46
BU05183480;CM51;1.0;145
BU05183488;CM51;1.0;152
BU05183489;CM51;1.0;149
BU05183536;CM51;0.8571428571428571;14
BU05183620;CM52;0.95;80
BU05183637;CM51;1.0;167
BU05183638;CM54;0.8881578947368421;152
BU05183639;CM51;0.9920634920634921;126
BU05183721;CM54;1.0;72
BU05183819;CM52;1.0;72
BU05183822;CM52;1.0;115
BU05183823;CM52;1.0;114
BU05183824;CM52;1.0;195
BU05183825;CM52;1.0;303
BU05183826;CM52;1.0;200
BU05183960;TT066_10;1.0;50
BU05184001;CM51;1.0;39
BU05184002;CM51;1.0;95
BU05184003;CM51;1.0;50
BU05184004;CM51;1.0;41
BU05184005;CM51;1.0;43
BU05184106;CM56;0.7916666666666666;24
BU05184107;TH064_23;0.5714285714285714;14
BU05184110;TT133_23;0.6;10
BU05184208;CM35/72;0.7272727272727273;33
BU05184209;TT108_10;0.5;2
BU05184211;CM35/72;0.5217391304347826;23
BU05184212;CM35/72;0.8088235294117647;136
BU05184213;TT062_10;0.6666666666666666;75
BU05184214;TH064_23;0.825;80
BU05184215;CM35/72;1.0;94
BU05184316;CM56;1.0;9
BU05184317;CM56;0.7735849056603774;53
BU05184418;TT068_23;0.9342105263157895;76
BU05184419;TT068_10;0.8831168831168831;77
BU05184420;TT068_10;0.9596774193548387;124
BU05184421;TT068_23;0.8205128205128205;39
BU05230101;CM63;1.0;6
BU05230102;CM63;1.0;43
BU05230103;CM63;1.0;19
BU05230104;CM63;1.0;3
BU05230105;CM63;0.75;8
BU05230106;CM63;1.0;9
BU05230107;CM63;1.0;10
BU05230108;CM63;1.0;7
BU05230201;CM63;1.0;6
BU05230202;CM63;1.0;57
BU05230301;CM22;1.0;33
BU05230302;CM22;1.0;31
BU05230303;CM22;1.0;13
BU05230304;CM22;1.0;3
BU05230305;CM22;1.0;5
BU05230306;CM22;1.0;3
BU05230307;CM22;1.0;9
BU05230308;CM22;1.0;1
BU05230309;CM22;1.0;1
BU05230310;CM22;1.0;3
BU05230401;CM63;1.0;64
BU05230402;CM63;1.0;17
BU05230403;CM63;1.0;14
BU05230404;CM63;1.0;2
BU05230405;CM63;1.0;4
BU05310101;CM63;1.0;96
BU05310102;CM63;1.0;75
BU05310103;CM63;1.0;59
BU05310201;CM63;1.0;46
BU05310202;CM63;1.0;46
BU05310203;CM63;1.0;19
BU05310204;CM63;1.0;14
BU05310301;CM63;1.0;93
BU05310302;CM63;1.0;56
BU05310400;CM63;1.0;7
BU05310501;CM63;0.9090909090909091;11
BU05310502;CM63;1.0;4
BU05320101;OS WERVERSHOOF 10-1i;1.0;3
BU05320102;OS WERVERSHOOF 10-1i;1.0;3
BU05320103;OS ENKHUIZEN 10-2i;0.6666666666666666;3
BU05320201;OS WERVERSHOOF 10-1i;0.7021276595744681;47
BU05320202;OS ENKHUIZEN 10-1i;1.0;15
BU05320203;OS ENKHUIZEN 10-1i;0.6785714285714286;28
BU05320204;OS ENKHUIZEN 10-1i;1.0;7
BU05320205;OS ENKHUIZEN 10-1i;1.0;30
BU05320206;OS ENKHUIZEN 10-1i;1.0;6
BU05320207;OS ENKHUIZEN 10-1i;1.0;46
BU05320208;OS ENKHUIZEN 10-1i;1.0;12
BU05320209;OS ENKHUIZEN 10-1i;0.7142857142857143;7
BU05320210;OS ENKHUIZEN 10-1i;0.6060606060606061;33
BU05320301;OS WESTWOUD 10-4i;0.6666666666666666;3
BU05320302;OS ENKHUIZEN 10-1i;0.8571428571428571;7
BU05320303;OS ENKHUIZEN 10-1i;1.0;1
BU05320304;OS ENKHUIZEN 10-1i;1.0;36
BU05320305;OS ENKHUIZEN 10-1i;1.0;7
BU05320306;OS ENKHUIZEN 10-1i;1.0;47
BU05320307;OS ENKHUIZEN 10-1i;1.0;10
BU05320308;OS ENKHUIZEN 10-1i;1.0;37
BU05320309;OS ENKHUIZEN 10-1i;1.0;4
BU05320310;OS ENKHUIZEN 10-1i;1.0;69
BU05320311;OS ENKHUIZEN 10-1i;1.0;18
BU05320312;OS ENKHUIZEN 10-1i;1.0;2
BU05340101;OS HILLEGOM 10-1i;1.0;48
BU05340102;OS HILLEGOM 10-1i;1.0;54
BU05340103;OS HILLEGOM 10-1i;1.0;23
BU05340104;OS HILLEGOM 10-1i;1.0;8
BU05340105;OS HILLEGOM 10-1i;1.0;42
BU05340201;OS HILLEGOM 10-1i;1.0;6
BU05340202;OS HILLEGOM 10-1i;1.0;8
BU05340203;OS HILLEGOM 10-1i;1.0;21
BU05340204;OS HILLEGOM 10-1i;1.0;23
BU05340205;OS HILLEGOM 10-1i;1.0;6
BU05340206;OS HILLEGOM 10-1i;1.0;34
BU05340301;OS HILLEGOM 10-1i;1.0;27
BU05340302;OS HILLEGOM 10-1i;1.0;26
BU05340303;OS HILLEGOM 10-1i;1.0;39
BU05340304;OS HILLEGOM 10-1i;1.0;39
BU05340305;OS HILLEGOM 10-1i;1.0;29
BU05340306;OS HILLEGOM 10-1i;1.0;14
BU05340401;OS HILLEGOM 10-1i;1.0;34
BU05340402;OS HILLEGOM 10-1i;1.0;36
BU05340501;OS HILLEGOM 10-1i;1.0;1
BU05340502;OS HILLEGOM 10-1i;1.0;2
BU05340503;OS HILLEGOM 10-1i;1.0;52
BU05370101;OS KATWIJK 10-3i;1.0;29
BU05370102;OS KATWIJK 10-3i;0.9516129032258065;62
BU05370103;OS KATWIJK 10-3i;1.0;83
BU05370104;OS KATWIJK 10-3i;1.0;55
BU05370105;OS RIJNSBURG 10-1i;1.0;11
BU05370106;OS KATWIJK 10-3i;1.0;55
BU05370201;OS KATWIJK 10-3i;1.0;8
BU05370202;OS KATWIJK 10-3i;0.7333333333333333;15
BU05370301;OS KATWIJK 10-2i;1.0;78
BU05370302;OS KATWIJK 10-2i;1.0;17
BU05370303;OS KATWIJK 10-2i;1.0;50
BU05370304;OS KATWIJK 10-2i;1.0;40
BU05370305;OS KATWIJK 10-2i;1.0;33
BU05370306;OS KATWIJK 10-2i;1.0;46
BU05370501;OS KATWIJK 10-3i;1.0;1
BU05370502;OS KATWIJK 10-3i;0.989010989010989;91
BU05370503;OS KATWIJK 10-3i;1.0;36
BU05370504;OS KATWIJK 10-3i;0.8181818181818182;44
BU05370505;OS KATWIJK 10-2i;0.5176470588235295;85
BU05370506;OS KATWIJK 10-2i;0.6470588235294118;17
BU05370507;OS KATWIJK 10-2i;0.9107142857142857;56
BU05370508;OS KATWIJK 10-2i;1.0;18
BU05370509;OS KATWIJK 10-3i;1.0;50
BU05370510;OS KATWIJK 10-2i;0.9464285714285714;56
BU05370601;OS KATWIJK 10-3i;1.0;3
BU05370602;OS KATWIJK 10-2i;0.8;5
BU05370604;OS KATWIJK 10-2i;1.0;4
BU05370700;OS RIJKSUNIVERSITEIT LEIDEN 10-1i;0.7192982456140351;57
BU05370701;OS RIJKSUNIVERSITEIT LEIDEN 10-1i;0.8636363636363636;44
BU05370702;OS RIJNSBURG 10-1i;1.0;37
BU05370703;OS RIJKSUNIVERSITEIT LEIDEN 10-1i;0.9787234042553191;47
BU05370704;OS RIJKSUNIVERSITEIT LEIDEN 10-1i;0.5681818181818182;44
BU05370705;OS RIJNSBURG 10-1i;0.7027027027027027;37
BU05370706;OS RIJKSUNIVERSITEIT LEIDEN 10-1i;0.8823529411764706;51
BU05370707;OS RIJKSUNIVERSITEIT LEIDEN 10-1i;1.0;26
BU05370708;OS RIJNSBURG 10-1i;0.75;8
BU05370709;OS RIJNSBURG 10-1i;0.9354838709677419;31
BU05370800;OS KATWIJK 10-2i;0.9827586206896551;58
BU05370801;OS KATWIJK 10-2i;1.0;43
BU05370802;OS RIJKSUNIVERSITEIT LEIDEN 10-2i;0.9142857142857143;35
BU05370808;OS RIJKSUNIVERSITEIT LEIDEN 10-2i;1.0;3
BU05370809;OS RIJKSUNIVERSITEIT LEIDEN 10-2i;0.6;5
BU05420000;CM48;1.0;66
BU05420001;CM48;1.0;147
BU05420002;CM48;1.0;128
BU05420003;CM48;1.0;78
BU05420004;CM48;1.0;122
BU05420005;CM48;1.0;39
BU05460000;OS LEIDEN NOORD 10-1i;1.0;82
BU05460001;OS LEIDEN NOORD 10-1i;1.0;41
BU05460002;OS LEIDEN NOORD 10-1i;1.0;37
BU05460003;OS LEIDEN NOORD 10-1i;1.0;64
BU05460100;OS LEIDEN NOORD 10-1i;1.0;39
BU05460101;OS LEIDEN NOORD 10-1i;1.0;72
BU05460102;OS LEIDEN NOORD 10-1i;1.0;36
BU05460103;OS LEIDEN NOORD 10-1i;1.0;43
BU05460104;OS LEIDEN NOORD 10-1i;1.0;22
BU05460105;OS LEIDEN NOORD 10-1i;1.0;40
BU05460106;OS LEIDEN NOORD 10-1i;1.0;17
BU05460107;OS LEIDEN NOORD 10-1i;1.0;47
BU05460108;OS LEIDEN NOORD 10-1i;1.0;15
BU05460109;OS LEIDEN NOORD 10-1i;0.6666666666666666;78
BU05460200;OS LEIDEN NOORD 10-1i;1.0;76
BU05460300;OS LEIDEN NOORD 10-1i;1.0;69
BU05460301;OS LEIDEN NOORD 10-1i;1.0;175
BU05460302;OS LEIDEN NOORD 10-1i;1.0;184
BU05460400;OS LEIDEN NOORD 10-1i;0.819672131147541;61
BU05460401;OS LEIDEN NOORD 10-1i;0.98;50
BU05460402;OS LEIDEN NOORD 10-1i;1.0;38
BU05460403;OS LEIDEN NOORD 10-1i;1.0;41
BU05460404;OS LEIDEN NOORD 10-1i;0.9863013698630136;73
BU05460405;OS LEIDEN NOORD 10-1i;0.9306930693069307;101
BU05460406;OS LEIDEN ZUID WEST 10-1i;1.0;72
BU05460407;OS LEIDEN ZUID WEST 10-1i;0.6;5
BU05460408;OS ZOETERWOUDE 10-2i;0.8333333333333334;60
BU05460409;OS LEIDERDORP 10-1i;1.0;27
BU05460500;OS LEIDEN ZUID WEST 10-1i;0.921875;64
BU05460501;OS LEIDEN ZUID WEST 10-1i;1.0;50
BU05460502;OS LEIDEN ZUID WEST 10-1i;1.0;74
BU05460503;OS LEIDEN ZUID WEST 10-1i;1.0;108
BU05460504;OS LEIDEN ZUID WEST 10-1i;0.9850746268656716;67
BU05460505;OS LEIDEN ZUID WEST 10-1i;0.9230769230769231;13
BU05460506;OS LEIDEN ZUID WEST 10-1i;1.0;89
BU05460507;OS LEIDEN ZUID WEST 10-1i;1.0;57
BU05460600;OS RIJKSUNIVERSITEIT LEIDEN 10-2i;0.7551020408163265;49
BU05460601;OS RIJKSUNIVERSITEIT LEIDEN 10-2i;1.0;99
BU05460602;OS RIJKSUNIVERSITEIT LEIDEN 10-2i;1.0;110
BU05460700;OS RIJKSUNIVERSITEIT LEIDEN 10-1i;0.4074074074074074;27
BU05460701;OS LEIDEN NOORD 10-1i;1.0;54
BU05460702;OS LEIDEN NOORD 10-1i;0.972972972972973;37
BU05460703;OS RIJKSUNIVERSITEIT LEIDEN 10-1i;0.6052631578947368;38
BU05460704;OS RIJKSUNIVERSITEIT LEIDEN 10-2i;0.65;20
BU05460800;OS LEIDEN NOORD 10-1i;1.0;101
BU05460801;OS LEIDEN NOORD 10-1i;1.0;80
BU05460802;OS LEIDEN NOORD 10-1i;1.0;95
BU05460803;OS LEIDEN NOORD 10-1i;1.0;55
BU05460804;OS LEIDEN NOORD 10-1i;1.0;28
BU05460805;OS LEIDEN NOORD 10-1i;1.0;82
BU05460900;OS RIJKSUNIVERSITEIT LEIDEN 10-1i;0.631578947368421;57
BU05460901;OS RIJKSUNIVERSITEIT LEIDEN 10-2i;0.6567164179104478;67
BU05460902;OS RIJKSUNIVERSITEIT LEIDEN 10-2i;0.8947368421052632;38
BU05460903;OS RIJKSUNIVERSITEIT LEIDEN 10-1i;0.926829268292683;82
BU05470000;OS ZOETERWOUDE 10-2i;0.8852459016393442;61
BU05470001;OS LEIDERDORP 10-1i;0.9263157894736842;95
BU05470002;OS LEIDERDORP 10-1i;1.0;24
BU05470003;OS LEIDERDORP 10-1i;1.0;53
BU05470004;OS LEIDERDORP 10-1i;1.0;17
BU05470005;OS LEIDERDORP 10-1i;1.0;24
BU05470006;OS LEIDERDORP 10-1i;1.0;18
BU05470007;OS LEIDERDORP 10-1i;1.0;42
BU05470008;OS LEIDERDORP 10-1i;1.0;71
BU05470009;OS LEIDERDORP 10-1i;0.625;8
BU05470010;OS LEIDERDORP 10-1i;1.0;3
BU05470100;OS ZOETERWOUDE 10-2i;1.0;46
BU05470101;OS ZOETERWOUDE 10-2i;1.0;23
BU05470102;OS ZOETERWOUDE 10-2i;1.0;11
BU05470103;OS ZOETERWOUDE 10-2i;0.8333333333333334;12
BU05470200;OS LEIDERDORP 10-1i;1.0;2
BU05470201;OS LEIDERDORP 10-1i;1.0;40
BU05470202;OS LEIDERDORP 10-1i;1.0;65
BU05470203;OS LEIDERDORP 10-1i;1.0;31
BU05470204;OS LEIDERDORP 10-1i;1.0;8
BU05530101;OS LISSE 10-2i;0.8571428571428571;7
BU05530102;OS LISSE 10-1i;0.8787878787878788;33
BU05530103;OS LISSE 10-1i;0.8529411764705882;34
BU05530104;OS LISSE 10-1i;0.6382978723404256;47
BU05530105;OS LISSE 10-1i;1.0;34
BU05530201;OS LISSE 10-2i;0.5625;32
BU05530202;OS LISSE 10-1i;1.0;41
BU05530203;OS LISSE 10-1i;0.9722222222222222;36
BU05530204;OS LISSE 10-1i;0.9545454545454546;22
BU05530205;OS LISSE 10-1i;1.0;42
BU05530301;OS LISSE 10-1i;0.5;4
BU05530302;OS LISSE 10-2i;1.0;48
BU05530303;OS LISSE 10-2i;1.0;25
BU05530304;OS LISSE 10-2i;0.975609756097561;41
BU05530305;OS LISSE 10-1i;0.5;2
BU05530306;OS LISSE 10-1i;1.0;29
BU05530307;OS LISSE 10-2i;1.0;22
BU05530401;OS LISSE 10-2i;1.0;4
BU05530402;OS SASSENHEIM 10-1i;0.6923076923076923;13
BU05530403;OS SASSENHEIM 10-2i;1.0;4
BU05530404;OS SASSENHEIM 10-2i;1.0;4
BU05530405;OS LISSE 10-1i;0.4375;32
BU05560101;TT029_10;1.0;69
BU05560201;TT029_10;1.0;59
BU05560202;TT029_10;1.0;21
BU05560203;TT029_10;1.0;32
BU05560301;TT029_10;1.0;79
BU05560302;TT029_10;1.0;45
BU05560303;TT029_10;1.0;37
BU05560401;TT029_10;0.975609756097561;41
BU05560402;TT030_10;0.8611111111111112;36
BU05560403;TT030_10;0.9333333333333333;30
BU05560404;TT029_10;1.0;15
BU05560405;TT029_10;1.0;6
BU05560501;TT030_10;1.0;87
BU05560502;TT030_10;1.0;38
BU05560601;TT030_10;0.975;40
BU05560602;TT030_10;1.0;41
BU05560701;TT029_10;1.0;4
BU05560702;TT029_10;1.0;4
BU05560801;Westerlee;0.9090909090909091;11
BU05690101;OS NIEUWKOOP 10-1i;1.0;168
BU05690102;OS NIEUWKOOP 10-1i;0.625;8
BU05690103;OS NIEUWKOOP 10-1i;1.0;29
BU05690104;OS NIEUWKOOP 10-1i;1.0;3
BU05690105;OS NIEUWKOOP 10-1i;1.0;16
BU05690106;OS NIEUWKOOP 10-1i;1.0;5
BU05690308;OS NIEUWKOOP 10-1i;1.0;24
BU05690309;OS NIEUWKOOP 10-1i;1.0;17
BU05690410;OS NIEUWKOOP 10-1i;1.0;1
BU05690411;OS NIEUWKOOP 10-1i;1.0;5
BU05690512;CM13;0.9545454545454546;22
BU05690513;CM13;0.6666666666666666;9
BU05690614;OS NIEUWKOOP 10-1i;1.0;38
BU05690615;OS NIEUWKOOP 10-1i;0.7777777777777778;9
BU05690616;OS NIEUWKOOP 10-1i;1.0;4
BU05690617;OS NIEUWKOOP 10-1i;0.75;12
BU05690718;OS NIEUWKOOP 10-1i;1.0;14
BU05690819;CM13;1.0;4
BU05690920;OS NIEUWKOOP 10-1i;1.0;21
BU05690921;OS NIEUWKOOP 10-1i;0.8571428571428571;7
BU05690922;OS NIEUWKOOP 10-1i;1.0;8
BU05690923;OS NIEUWKOOP 10-1i;1.0;2
BU05690924;CM13;1.0;3
BU05690925;OS NIEUWKOOP 10-1i;0.8181818181818182;11
BU05690926;OS NIEUWKOOP 10-1i;1.0;52
BU05690927;OS NIEUWKOOP 10-1i;1.0;4
BU05691028;OS LEIMUIDEN 10-2i;0.46153846153846156;13
BU05691029;OS LEIMUIDEN 10-2i;1.0;82
BU05691030;OS NIEUWKOOP 10-1i;1.0;15
BU05691031;OS LEIMUIDEN 10-2i;1.0;4
BU05691132;OS NIEUWKOOP 10-1i;1.0;12
BU05691133;OS NIEUWKOOP 10-1i;1.0;4
BU05691134;OS NIEUWKOOP 10-1i;0.5;2
BU05691235;OS LEIMUIDEN 10-2i;1.0;55
BU05691236;OS LEIMUIDEN 10-2i;1.0;19
BU05691337;OS LEIMUIDEN 10-2i;0.85;40
BU05750000;OS NOORDWIJK 10-1i;1.0;40
BU05750001;OS NOORDWIJK 10-1i;1.0;38
BU05750002;OS NOORDWIJK 10-1i;1.0;35
BU05750003;OS NOORDWIJK 10-1i;1.0;19
BU05750004;OS NOORDWIJK 10-1i;1.0;59
BU05750005;OS NOORDWIJK 10-1i;1.0;33
BU05750006;OS NOORDWIJK 10-1i;1.0;19
BU05750007;OS NOORDWIJK 10-1i;1.0;36
BU05750100;OS NOORDWIJK 10-1i;1.0;29
BU05750101;OS NOORDWIJK 10-1i;1.0;17
BU05750102;OS NOORDWIJK 10-1i;1.0;4
BU05750103;OS NOORDWIJK 10-1i;1.0;20
BU05750104;OS NOORDWIJK 10-1i;1.0;19
BU05750105;OS NOORDWIJK 10-1i;0.972972972972973;37
BU05750106;OS NOORDWIJK 10-1i;1.0;47
BU05750107;OS NOORDWIJK 10-1i;1.0;61
BU05750108;OS NOORDWIJK 10-1i;1.0;74
BU05750109;OS NOORDWIJK 10-1i;1.0;16
BU05750110;OS NOORDWIJK 10-1i;1.0;31
BU05750111;OS NOORDWIJK 10-1i;1.0;59
BU05750112;OS NOORDWIJK 10-1i;1.0;12
BU05750113;OS NOORDWIJK 10-1i;1.0;23
BU05750200;OS NOORDWIJK 10-1i;1.0;20
BU05750201;OS RIJNSBURG 10-1i;0.8;10
BU05750202;OS KATWIJK 10-3i;0.8;5
BU05750203;OS NOORDWIJK 10-1i;0.6;20
BU05750204;OS LISSE 10-1i;0.37037037037037035;27
BU05750205;OS LISSE 10-1i;1.0;6
BU05750300;OS SASSENHEIM 10-2i;1.0;43
BU05750301;OS SASSENHEIM 10-2i;1.0;23
BU05750302;OS LISSE 10-1i;0.6086956521739131;23
BU05750303;OS SASSENHEIM 10-2i;1.0;35
BU05750304;OS SASSENHEIM 10-2i;0.6521739130434783;46
BU05750305;OS SASSENHEIM 10-2i;1.0;27
BU05750306;OS SASSENHEIM 10-2i;1.0;36
BU05750307;OS SASSENHEIM 10-2i;1.0;40
BU05750308;OS SASSENHEIM 10-2i;0.5;20
BU05750309;OS LISSE 10-1i;1.0;26
BU05750310;OS SASSENHEIM 10-2i;1.0;10
BU05750400;OS LISSE 10-1i;1.0;3
BU05750401;OS LISSE 10-1i;0.39622641509433965;53
BU05750402;OS LISSE 10-1i;1.0;9
BU05750500;OS HILLEGOM 10-1i;0.625;40
BU05750501;OS LISSE 10-1i;0.5;14
BU05790101;OS RIJKSUNIVERSITEIT LEIDEN 10-2i;0.9285714285714286;14
BU05790102;OS RIJNSBURG 10-1i;0.5034013605442177;147
BU05790201;OS RIJNSBURG 10-1i;0.6410256410256411;39
BU05790202;OS RIJNSBURG 10-1i;1.0;26
BU05790203;OS RIJNSBURG 10-1i;1.0;84
BU05790204;OS RIJNSBURG 10-1i;1.0;57
BU05790205;OS RIJNSBURG 10-1i;1.0;38
BU05790301;OS RIJNSBURG 10-1i;1.0;28
BU05790302;OS LEIDEN NOORD 10-1i;1.0;28
BU05790401;OS RIJNSBURG 10-1i;0.7777777777777778;9
BU05790402;OS RIJNSBURG 10-1i;1.0;51
BU05790403;OS RIJNSBURG 10-1i;1.0;62
BU05790404;OS RIJNSBURG 10-1i;1.0;19
BU05790501;OS RIJKSUNIVERSITEIT LEIDEN 10-2i;0.5714285714285714;49
BU05790502;OS RIJKSUNIVERSITEIT LEIDEN 10-1i;1.0;20
BU05890101;TH009_10;1.0;7
BU05890102;TH009_10;1.0;10
BU05890201;TH009_10;0.8314606741573034;89
BU05890202;CM57;0.5172413793103449;29
BU05890203;TH009_10;1.0;32
BU05890204;TH009_10;1.0;33
BU05890205;CM57;1.0;10
BU05890206;CM57;0.5;2
BU05890207;TH009_10;0.6666666666666666;3
BU05890208;TH009_10;0.875;8
BU05890209;TH009_10;1.0;2
BU05890210;CM57;1.0;6
BU05890211;CM57;1.0;4
BU05890212;CM57;1.0;4
BU05890213;TH009_10;1.0;2
BU05890301;TH009_10;1.0;3
BU05890302;TH009_10;1.0;5
BU05890401;CM57;1.0;15
BU05900101;TT088_13;1.0;18
BU05900102;TT088_13;1.0;52
BU05900103;TT088_13;1.0;42
BU05900104;TT088_13;1.0;5
BU05900105;TT088_13;1.0;35
BU05900106;TT088_13;1.0;22
BU05900107;TT088_13;1.0;21
BU05900201;TT088_13;1.0;46
BU05900202;TT088_13;1.0;14
BU05900203;TT088_13;1.0;5
BU05900204;TT088_13;1.0;1
BU05900301;TT088_13;1.0;57
BU05900302;TT088_13;1.0;51
BU05900303;TT088_13;1.0;11
BU05900304;TT088_13;1.0;8
BU05900401;TT088_13;1.0;47
BU05900402;TT088_13;1.0;22
BU05900501;TT088_13;1.0;30
BU05900502;TT088_13;1.0;22
BU05900503;TT088_13;1.0;26
BU05900504;TT088_13;1.0;6
BU05900601;TT088_13;1.0;34
BU05900602;TT088_13;1.0;11
BU05900701;TT088_13;1.0;2
BU05900702;TT088_13;1.0;27
BU05900703;TT088_13;1.0;27
BU05900704;TT088_13;1.0;8
BU05900705;TT088_13;1.0;8
BU05900801;TT088_13;0.5;2
BU05900802;TT088_13;1.0;1
BU05900901;TT088_13;1.0;1
BU05900902;TT088_13;1.0;1
BU05900903;TT088_13;1.0;1
BU05970100;CM48;1.0;130
BU05970200;CM48;1.0;75
BU05970300;CM48;1.0;121
BU05970400;CM48;1.0;106
BU05970500;CM48;1.0;48
BU05970600;CM48;1.0;178
BU05970700;CM48;1.0;151
BU05970800;CM48;0.972972972972973;74
BU05970900;CM48;1.0;17
BU05971000;CM48;1.0;41
BU05971100;CM47;1.0;2
BU05971200;CM47;1.0;9
BU05990110;TT019_10;0.40672782874617736;327
BU05990111;TH061_23;0.7184115523465704;277
BU05990112;TH060_23;0.8418079096045198;177
BU05990113;TH061_23;0.8709677419354839;31
BU05990118;TH060_23;1.0;52
BU05990119;TH060_23;0.8666666666666667;30
BU05990320;TH060_23;0.8263888888888888;144
BU05990321;TT004_10;1.0;159
BU05990322;TT004_10;1.0;161
BU05990323;TT004_10;0.9946524064171123;187
BU05990324;TH061_23;0.9976689976689976;429
BU05990325;TH061_23;0.9968354430379747;316
BU05990327;TT004_10;0.9945945945945946;185
BU05990328;TT004_10;1.0;22
BU05990329;TT004_10;0.6111111111111112;54
BU05990451;TT018_10;1.0;218
BU05990452;TT018_10;1.0;4
BU05990454;TT018_10;1.0;11
BU05990455;TT134_23;0.45454545454545453;88
BU05990456;TT018_10;1.0;199
BU05990457;TT018_10;1.0;10
BU05990515;TT002_10;1.0;110
BU05990516;TT002_10;1.0;130
BU05990531;TT002_10;1.0;226
BU05990532;TT002_10;1.0;274
BU05990534;TT002_10;0.9945945945945946;185
BU05990535;TT002_10;0.9912472647702407;457
BU05990558;TT018_10;0.6666666666666666;9
BU05990660;TT025_10;0.990990990990991;444
BU05990661;TT025_10;1.0;253
BU05990662;TT010_10;0.9108910891089109;202
BU05990664;TT010_10;0.6612903225806451;62
BU05990665;TT010_10;1.0;242
BU05990814;TT019_10;0.9931972789115646;147
BU05990836;TT019_10;0.9871794871794872;78
BU05990837;TT019_10;1.0;134
BU05990841;TT041_10;1.0;306
BU05990842;TT041_10;0.9478260869565217;230
BU05990843;TT024_10;0.46153846153846156;13
BU05990845;TT041_10;1.0;65
BU05990847;TT041_10;1.0;91
BU05991017;CM47;1.0;26
BU05991079;CM47;1.0;48
BU05991080;CM47;1.0;342
BU05991081;CM47;1.0;282
BU05991082;CM47;1.0;258
BU05991085;CM47;0.9893617021276596;94
BU05991086;CM47;1.0;153
BU05991087;CM47;1.0;117
BU05991088;CM47;1.0;84
BU05991283;TT026_10;0.813953488372093;129
BU05991284;CM47;0.9966777408637874;301
BU05991289;TT026_10;0.9912434325744308;571
BU05991290;TT026_10;0.9870967741935484;155
BU05991391;TT022_10;1.0;135
BU05991444;TH039_23;0.9469026548672567;113
BU05991446;TT041_10;0.9375;32
BU05991448;TT024_10;0.5808383233532934;167
BU05991449;TT024_10;1.0;266
BU05991463;TT024_10;0.5907258064516129;496
BU05991466;TT035_10;0.9939393939393939;165
BU05991467;TT035_10;0.9642857142857143;112
BU05991468;TT032_13;0.8208955223880597;134
BU05991570;CM47;0.45454545454545453;22
BU05991571;CM47;0.9858156028368794;282
BU05991572;TT008_10;1.0;277
BU05991573;CM47;0.9964664310954063;283
BU05991574;TT008_10;0.9724770642201835;327
BU05991575;TT008_10;0.9487179487179487;39
BU05991576;CM47;1.0;38
BU05991577;TT022_10;0.9826839826839827;231
BU05991578;TT008_10;0.5333333333333333;30
BU05991593;TH053_23;1.0;51
BU05991692;TT011_10;0.7086330935251799;278
BU05991699;TT033_10;0.9902439024390244;410
BU05991701;CM74;1.0;59
BU05991702;CM74;0.9946808510638298;188
BU05991703;CM74;1.0;16
BU05991853;TT018_10;0.9523809523809523;63
BU05991926;TT004_10;0.8076923076923077;26
BU05992194;TH053_23;0.7906976744186046;43
BU05992196;TH053_23;0.5217391304347826;23
BU05992198;TT022_10;0.9393939393939394;33
BU05992295;TT011_10;0.5454545454545454;11
BU05992306;CM77;0.5925925925925926;27
BU05992307;CM74;0.9523809523809523;21
BU05992308;TH058_23;0.5128205128205128;39
BU05992459;TT018_10;0.9655172413793104;29
BU05992540;TT041_10;0.5;2
BU05992704;TH029_10;0.9813432835820896;268
BU05992705;TH027_10;0.5;2
BU06030111;CM52;1.0;65
BU06030112;CM52;1.0;81
BU06030221;CM52;1.0;95
BU06030222;CM52;0.9213483146067416;89
BU06030223;CM52;1.0;9
BU06030224;CM52;1.0;110
BU06030225;TT062_10;0.8;15
BU06030391;TT056_10;0.8;10
BU06030392;TT062_10;1.0;12
BU06030431;CM52;1.0;9
BU06030432;CM52;1.0;38
BU06030434;CM52;1.0;106
BU06030581;TT062_10;0.9777777777777777;45
BU06030633;TT062_10;0.9;30
BU06030641;CM52;1.0;1
BU06030642;TT062_10;0.9883720930232558;86
BU06030643;TT062_10;1.0;77
BU06030771;TT062_10;1.0;129
BU06030772;TT062_10;0.6666666666666666;3
BU06030851;TT062_10;0.8571428571428571;7
BU06030852;TT062_10;0.9666666666666667;60
BU06030853;TT062_10;1.0;27
BU06030854;TT062_10;1.0;93
BU06030961;TT062_10;0.9574468085106383;188
BU06030962;CM51;0.9285714285714286;14
BU06030963;TT062_10;1.0;23
BU06031064;TH064_23;1.0;53
BU06031082;TT062_10;1.0;2
BU06031083;TT062_10;1.0;20
BU06031084;TH064_23;0.8787878787878788;33
BU06031193;TT062_10;1.0;4
BU06031194;TT062_10;0.9714285714285714;35
BU06060001;TT013_10;1.0;90
BU06060002;TT013_10;1.0;28
BU06060003;TT013_10;0.9444444444444444;18
BU06060004;TT013_10;1.0;20
BU06060101;TT013_10;1.0;10
BU06060102;TT013_10;1.0;23
BU06060103;TT013_10;1.0;51
BU06060104;TT013_10;1.0;13
BU06060105;TT013_10;1.0;26
BU06060106;TT013_10;1.0;53
BU06060107;TT013_10;1.0;32
BU06060108;TT013_10;0.9583333333333334;24
BU06060109;TT013_10;1.0;51
BU06060110;TT013_10;1.0;6
BU06060111;TT013_10;1.0;1
BU06060201;TT020_10;1.0;6
BU06060202;TT020_10;0.7692307692307693;13
BU06060203;TT013_10;1.0;12
BU06060301;TT020_10;1.0;66
BU06060302;TT020_10;1.0;81
BU06060303;TT020_10;1.0;46
BU06060304;TT020_10;1.0;40
BU06060305;TT020_10;1.0;18
BU06060306;TT020_10;1.0;35
BU06060307;TT020_10;1.0;39
BU06060308;TT020_10;1.0;31
BU06060309;TT020_10;1.0;18
BU06060310;TT020_10;1.0;4
BU06060401;TT013_10;1.0;41
BU06060402;TT013_10;1.0;51
BU06060403;TT013_10;1.0;73
BU06060404;TT013_10;1.0;17
BU06060501;TT034_10;1.0;26
BU06060502;TT034_10;1.0;28
BU06060503;TT034_10;0.9444444444444444;36
BU06060504;TT020_10;1.0;12
BU06060505;TT020_10;1.0;16
BU06060506;TT013_10;1.0;2
BU06060507;TT020_10;1.0;2
BU06060601;TT020_10;1.0;24
BU06060602;TT020_10;1.0;18
BU06060603;TT020_10;0.9354838709677419;31
BU06060604;TT013_10;1.0;14
BU06060605;TT013_10;1.0;16
BU06060606;TT013_10;1.0;38
BU06060607;TT020_10;0.9210526315789473;38
BU06060608;TT020_10;0.8928571428571429;28
BU06060609;TT013_10;0.92;25
BU06060610;TT020_10;0.9230769230769231;52
BU06060701;TT034_10;1.0;14
BU06060702;TT034_10;0.9444444444444444;18
BU06060703;TT034_10;1.0;45
BU06060704;TT034_10;1.0;25
BU06060705;TT034_10;1.0;44
BU06060706;TT034_10;1.0;25
BU06060801;TT013_10;0.9166666666666666;12
BU06060802;TT013_10;0.9615384615384616;26
BU06060901;TT034_10;1.0;48
BU06060902;TT034_10;0.9696969696969697;33
BU06060903;TT034_10;1.0;36
BU06060904;TT034_10;1.0;27
BU06061001;TT034_10;1.0;12
BU06061002;TT034_10;1.0;20
BU06061003;TT034_10;1.0;20
BU06061004;TT034_10;1.0;18
BU06061005;TT034_10;1.0;21
BU06061006;TT034_10;1.0;5
BU06061007;TT034_10;1.0;4
BU06061101;TT034_10;1.0;4
BU06061102;TT034_10;0.6666666666666666;9
BU06100101;TT088_13;1.0;29
BU06100102;TT088_13;1.0;1
BU06100103;CM63;1.0;25
BU06100104;TT082_13;0.4444444444444444;9
BU06100105;TT088_13;0.8571428571428571;7
BU06100106;CM63;1.0;17
BU06100107;CM63;1.0;15
BU06100108;TT088_13;0.875;8
BU06100109;TT088_13;0.5;2
BU06100201;CM63;1.0;22
BU06100202;CM63;0.8571428571428571;14
BU06100203;CM63;0.42857142857142855;7
BU06100204;TT088_13;0.6521739130434783;23
BU06100205;TT088_13;1.0;1
BU06100206;CM63;1.0;7
BU06100207;CM63;1.0;22
BU06100208;CM63;1.0;44
BU06100209;CM63;1.0;24
BU06100210;CM63;1.0;10
BU06100211;CM63;0.9743589743589743;39
BU06100301;CM63;1.0;31
BU06100302;CM63;1.0;53
BU06100303;CM63;1.0;23
BU06100304;CM63;1.0;10
BU06100305;CM63;1.0;33
BU06100306;CM63;1.0;7
BU06100307;CM63;1.0;7
BU06100401;CM63;1.0;3
BU06100402;TT088_13;1.0;1
BU06100403;CM63;1.0;18
BU06100404;CM63;1.0;2
BU06100405;CM63;1.0;1
BU06100406;CM63;1.0;5
BU06130101;TT033_10;0.9523809523809523;21
BU06130102;TT033_10;0.5714285714285714;7
BU06130103;TT022_10;1.0;1
BU06130104;TT022_10;1.0;5
BU06130205;TT022_10;1.0;38
BU06130207;TT022_10;1.0;4
BU06130308;TT033_10;1.0;33
BU06130309;TT033_10;1.0;38
BU06130310;TT033_10;1.0;24
BU06130311;TT022_10;1.0;39
BU06130312;TT022_10;0.7142857142857143;14
BU06130313;TT022_10;0.875;8
BU06130414;TT022_10;1.0;53
BU06130415;TT022_10;1.0;31
BU06130416;TT022_10;1.0;10
BU06130417;TT022_10;1.0;38
BU06130418;TT022_10;1.0;25
BU06130419;TT022_10;1.0;31
BU06130420;TT022_10;1.0;2
BU06130521;CM47;0.6;5
BU06130522;TT022_10;0.9285714285714286;14
BU06130623;CM47;1.0;19
BU06130624;CM47;1.0;19
BU06130625;CM47;1.0;4
BU06130626;CM47;1.0;28
BU06130706;TH053_23;1.0;5
BU06220101;TT015_10;0.9375;64
BU06220102;TT015_10;0.990990990990991;111
BU06220103;TT014_10;0.9844961240310077;129
BU06220104;TT015_10;0.75;4
BU06220201;TT015_10;1.0;59
BU06220202;TT015_10;1.0;67
BU06220203;TT015_10;1.0;72
BU06220204;TT015_10;1.0;60
BU06220205;TT029_10;0.75;4
BU06220301;TT015_10;1.0;10
BU06220302;TT015_10;0.5;2
BU06220303;TT015_10;1.0;8
BU06220304;TT015_10;1.0;4
BU06220305;TT015_10;1.0;2
BU06220306;TT015_10;1.0;16
BU06220307;TT015_10;1.0;36
BU06220401;TT014_10;1.0;25
BU06220402;TT014_10;1.0;145
BU06220403;TT014_10;1.0;9
BU06220404;TT014_10;1.0;3
BU06220501;TT014_10;0.9534883720930233;43
BU06220502;TT014_10;1.0;29
BU06220503;TT014_10;1.0;95
BU06220504;TT014_10;1.0;69
BU06220505;TT014_10;1.0;1
BU06220601;TT034_10;1.0;25
BU06220602;TT034_10;1.0;47
BU06220603;TT034_10;1.0;42
BU06220604;TT034_10;1.0;69
BU06220605;TT034_10;1.0;4
BU06220606;TT034_10;1.0;68
BU06220701;TT034_10;1.0;52
BU06220702;TT034_10;1.0;14
BU06220703;TT034_10;1.0;9
BU06220704;TT034_10;1.0;49
BU06220705;TT034_10;1.0;3
BU06220706;TT034_10;1.0;51
BU06220707;TT034_10;1.0;4
BU06220708;TT034_10;1.0;33
BU06220801;TT034_10;0.5;10
BU06260001;OS LEIDEN ZUID WEST 10-1i;1.0;131
BU06260002;OS LEIDEN ZUID WEST 10-1i;1.0;88
BU06260004;OS LEIDEN ZUID WEST 10-1i;0.9464285714285714;56
BU06260006;OS LEIDEN ZUID WEST 10-1i;1.0;48
BU06260007;OS LEIDEN ZUID WEST 10-1i;1.0;109
BU06260008;OS LEIDEN ZUID WEST 10-1i;1.0;47
BU06260009;OS WASSENAAR 10-1i;1.0;8
BU06260010;OS LEIDEN ZUID WEST 10-1i;1.0;48
BU06260011;OS LEIDEN ZUID WEST 10-1i;1.0;31
BU06260012;OS LEIDEN ZUID WEST 10-1i;1.0;59
BU06260013;OS LEIDEN ZUID WEST 10-1i;1.0;49
BU06260014;OS LEIDEN ZUID WEST 10-1i;0.7368421052631579;19
BU06270101;CM08;1.0;26
BU06270102;CM08;1.0;34
BU06270103;CM08;1.0;28
BU06270104;CM08;1.0;39
BU06270105;CM08;1.0;10
BU06270106;CM08;1.0;55
BU06270202;CM08;1.0;102
BU06270203;CM08;1.0;30
BU06270204;CM08;1.0;62
BU06270205;CM33;0.4;35
BU06270301;CM08;1.0;31
BU06270302;CM08;1.0;47
BU06270303;CM08;1.0;60
BU06270304;CM08;1.0;20
BU06270401;CM08;1.0;36
BU06270402;CM08;1.0;38
BU06270403;CM08;1.0;9
BU06270404;CM08;1.0;27
BU06270405;CM08;1.0;17
BU06270406;CM08;1.0;1
BU06270407;CM08;0.9333333333333333;15
BU06270408;CM08;1.0;16
BU06290000;OS WASSENAAR 10-1i;1.0;29
BU06290001;OS WASSENAAR 10-1i;1.0;24
BU06290002;OS WASSENAAR 10-1i;1.0;51
BU06290003;OS WASSENAAR 10-1i;0.75;12
BU06290004;OS WASSENAAR 10-1i;0.9523809523809523;21
BU06290005;OS WASSENAAR 10-1i;1.0;59
BU06290006;OS WASSENAAR 10-1i;1.0;25
BU06290007;OS WASSENAAR 10-1i;1.0;18
BU06290008;OS WASSENAAR 10-1i;1.0;4
BU06290009;OS WASSENAAR 10-1i;1.0;5
BU06290100;OS WASSENAAR 10-1i;1.0;49
BU06290101;OS WASSENAAR 10-1i;1.0;101
BU06290102;OS WASSENAAR 10-1i;1.0;50
BU06290103;OS WASSENAAR 10-1i;1.0;133
BU06290104;OS WASSENAAR 10-1i;1.0;36
BU06290105;OS WASSENAAR 10-1i;1.0;118
BU06290106;OS WASSENAAR 10-1i;1.0;14
BU06290107;OS WASSENAAR 10-1i;1.0;6
BU06290108;OS WASSENAAR 10-1i;0.9523809523809523;21
BU06290109;OS WASSENAAR 10-1i;0.875;8
BU06290110;OS WASSENAAR 10-1i;1.0;28
BU06320101;CM09;1.0;96
BU06320102;CM09;1.0;117
BU06320103;CM09;1.0;11
BU06320104;CM09;1.0;126
BU06320105;CM09;1.0;32
BU06320106;CM09;1.0;139
BU06320201;CM09;1.0;21
BU06320202;CM09;1.0;114
BU06320203;CM09;1.0;86
BU06320204;CM09;0.5;2
BU06320301;CM09;1.0;14
BU06320302;CM09;1.0;9
BU06320303;CM57;1.0;112
BU06320304;CM57;1.0;11
BU06320305;CM57;1.0;35
BU06320401;CM09;1.0;6
BU06320402;CM09;1.0;7
BU06320501;CM09;1.0;5
BU06320502;CM09;0.5;2
BU06320503;CM57;1.0;3
BU06320601;CM60;1.0;63
BU06320602;CM60;1.0;117
BU06320603;CM60;1.0;12
BU06320604;CM60;0.6086956521739131;23
BU06320605;CM10;0.6666666666666666;3
BU06320606;CM60;1.0;7
BU06320701;TS040_10;0.6065573770491803;61
BU06320702;TS040_10;1.0;12
BU06320703;TS040_10;0.6;30
BU06320801;TS040_10;1.0;36
BU06320802;TS040_10;0.8571428571428571;28
BU06370101;TT070_10;0.7272727272727273;22
BU06370102;TT042_10;0.64;25
BU06370103;TT043_10;0.7916666666666666;72
BU06370104;TT042_10;0.8421052631578947;38
BU06370105;TT042_10;0.9791666666666666;48
BU06370106;TT042_10;1.0;4
BU06370201;TT045_10;0.65;20
BU06370202;TT045_10;0.9210526315789473;38
BU06370203;TT070_10;0.9259259259259259;27
BU06370204;TT047_10;1.0;20
BU06370205;TT070_10;1.0;21
BU06370206;TT070_10;1.0;21
BU06370301;TT043_10;1.0;1
BU06370302;TT043_10;1.0;12
BU06370303;TT043_10;0.5625;48
BU06370304;TT043_10;1.0;3
BU06370305;TT043_10;1.0;19
BU06370306;TT043_10;0.7647058823529411;34
BU06370307;TT043_10;0.6190476190476191;21
BU06370401;TT070_10;0.96;25
BU06370402;TT042_10;1.0;29
BU06370403;TT042_10;1.0;42
BU06370404;TT042_10;0.5245901639344263;61
BU06370501;TT046_10;0.3333333333333333;6
BU06370502;TT048_10;0.8;20
BU06370503;TT048_10;1.0;34
BU06370504;TT045_10;0.8837209302325582;43
BU06370505;TT042_10;0.7741935483870968;31
BU06370506;TT045_10;0.8;30
BU06370507;TT045_10;0.8125;16
BU06370508;TT045_10;0.8888888888888888;18
BU06370509;TT048_10;0.7307692307692307;52
BU06370510;TT048_10;1.0;35
BU06370511;TT048_10;0.8181818181818182;33
BU06370512;TT048_10;0.875;24
BU06370513;TT048_10;1.0;28
BU06370601;TT046_10;0.8;5
BU06370602;TT046_10;1.0;33
BU06370603;TT046_10;1.0;14
BU06370604;TT047_10;0.9166666666666666;24
BU06370605;TT047_10;1.0;15
BU06370606;TT046_10;1.0;11
BU06370607;TT046_10;1.0;27
BU06370608;TT046_10;1.0;12
BU06370609;TT046_10;1.0;26
BU06370610;TT046_10;1.0;32
BU06370611;TT046_10;1.0;25
BU06370612;TT046_10;1.0;13
BU06370613;TT046_10;0.9166666666666666;24
BU06370614;TT046_10;1.0;15
BU06370701;TT046_10;0.6153846153846154;13
BU06370702;TT047_10;0.835820895522388;67
BU06370703;TT069_10;1.0;25
BU06370704;TT069_10;1.0;33
BU06370705;TT069_10;1.0;24
BU06370706;TT069_10;1.0;25
BU06370707;TT047_10;1.0;3
BU06370708;TT047_10;0.9259259259259259;27
BU06370709;TT069_10;0.6428571428571429;28
BU06370710;TT069_10;1.0;13
BU06370801;TT049_10;0.75;28
BU06370802;TT049_10;0.775;40
BU06370803;TT049_10;1.0;36
BU06370804;TT049_10;0.9166666666666666;24
BU06370805;TT049_10;1.0;25
BU06370806;TT049_10;1.0;34
BU06370807;TT049_10;0.5;8
BU06370808;TT043_10;0.8333333333333334;42
BU06370809;TT043_10;1.0;56
BU06370810;TT043_10;0.7083333333333334;24
BU06370811;TT069_10;0.5918367346938775;49
BU06370812;TT069_10;1.0;7
BU06370813;TT049_10;0.5;30
BU06370814;TT069_10;0.7222222222222222;36
BU06370901;TT069_10;1.0;13
BU06370902;TT069_10;1.0;15
BU06370903;TT069_10;0.625;24
BU06370904;TT049_10;1.0;28
BU06370905;TT049_10;1.0;14
BU06370906;TT069_10;1.0;35
BU06370907;TT069_10;1.0;10
BU06370908;TT069_10;1.0;32
BU06370909;TT069_10;1.0;3
BU06371001;TT078_10;0.9523809523809523;21
BU06371002;TT078_10;1.0;7
BU06371003;TT042_10;0.6764705882352942;34
BU06371004;TT042_10;1.0;47
BU06371005;TT042_10;1.0;39
BU06371006;TT042_10;1.0;17
BU06371007;TT042_10;0.6;5
BU06371008;TT078_10;1.0;18
BU06371009;TT042_10;0.6388888888888888;36
BU06371010;TT079_10;0.9090909090909091;11
BU06371011;TT079_10;1.0;24
BU06371012;TT079_10;1.0;33
BU06371013;TT079_10;1.0;25
BU06371014;TT079_10;0.75;8
BU06371015;TT079_10;1.0;6
BU06371016;TT079_10;0.5882352941176471;17
BU06371017;TT079_10;0.5428571428571428;35
BU06371101;TT049_10;0.8695652173913043;23
BU06371102;TT049_10;1.0;5
BU06371103;TT049_10;0.9736842105263158;38
BU06371104;TT113_10;0.5526315789473685;38
BU06371105;TT049_10;0.7872340425531915;47
BU06371106;TT113_10;0.9310344827586207;29
BU06371107;TT113_10;1.0;8
BU06371108;TT113_10;1.0;14
BU06371109;TT113_10;0.8571428571428571;7
BU06371110;TT113_10;1.0;32
BU06371111;TT113_10;1.0;20
BU06371112;TT113_10;1.0;6
BU06371113;TT113_10;1.0;10
BU06371114;TT113_10;1.0;9
BU06371115;TT113_10;1.0;19
BU06371116;TT113_10;1.0;17
BU06371117;TT113_10;0.875;8
BU06371118;TT113_10;0.9767441860465116;43
BU06371119;TT113_10;0.7692307692307693;13
BU06371201;TT045_10;1.0;1
BU06371202;TT070_10;0.6666666666666666;3
BU06371203;TT045_10;1.0;1
BU06371204;TT045_10;1.0;1
BU06371207;TT042_10;1.0;6
BU06371301;TT049_10;1.0;13
BU06371302;TT113_10;0.5555555555555556;9
BU06371303;TT043_10;1.0;10
BU06371304;TT042_10;1.0;3
BU06371305;TT043_10;0.7142857142857143;7
BU06371306;TT043_10;1.0;4
BU06371307;TT078_10;0.6756756756756757;37
BU06371308;TT078_10;0.5;2
BU06371401;TT079_10;1.0;4
BU06371402;TT048_10;1.0;3
BU06371403;TT048_10;0.75;4
BU06371404;TT048_10;1.0;1
BU06371405;TT048_10;0.5;6
BU06371406;TT046_10;1.0;1
BU06371407;TT046_10;1.0;4
BU06371408;TT046_10;1.0;2
BU06371409;OS ZOETERWOUDE 10-2i;0.5;2
BU06371411;TT043_10;1.0;2
BU06371501;TT048_10;0.5;2
BU06380001;OS ZOETERWOUDE 10-2i;1.0;49
BU06380002;OS ZOETERWOUDE 10-2i;1.0;3
BU06380003;OS ZOETERWOUDE 10-2i;1.0;25
BU06380004;OS ZOETERWOUDE 10-2i;1.0;6
BU06380005;OS ZOETERWOUDE 10-2i;1.0;34
BU06380006;OS ZOETERWOUDE 10-2i;1.0;4
BU06380007;OS ZOETERWOUDE 10-2i;1.0;13
BU06380101;OS ZOETERWOUDE 10-2i;0.8;5
BU06380202;OS ZOETERWOUDE 10-2i;1.0;13
BU06380303;OS ZOETERWOUDE 10-2i;1.0;10
BU06380404;OS ZOETERWOUDE 10-2i;1.0;2
BU06380909;OS ZOETERWOUDE 10-2i;0.8181818181818182;11
BU06381004;OS ZOETERWOUDE 10-2i;1.0;34
BU06381005;OS ZOETERWOUDE 10-2i;1.0;6
BU06381006;OS ZOETERWOUDE 10-2i;1.0;16
BU06381007;OS ZOETERWOUDE 10-2i;1.0;17
BU06381010;OS ZOETERWOUDE 10-2i;1.0;23
BU06381011;OS ZOETERWOUDE 10-2i;1.0;2
BU06381012;OS ZOETERWOUDE 10-2i;1.0;12
BU06381013;OS ZOETERWOUDE 10-2i;1.0;14
BU06420101;CM63;1.0;15
BU06420102;CM63;1.0;8
BU06420103;CM63;1.0;1
BU06420104;CM63;1.0;6
BU06420106;CM63;1.0;1
BU06420107;CM63;1.0;31
BU06420108;CM63;1.0;30
BU06420109;CM63;1.0;20
BU06420110;CM63;1.0;7
BU06420111;CM63;1.0;16
BU06420112;CM63;1.0;30
BU06420113;CM63;1.0;8
BU06420114;CM63;1.0;22
BU06420115;CM63;1.0;6
BU06420201;CM63;1.0;5
BU06420202;CM63;1.0;2
BU06420203;CM63;1.0;12
BU06420205;CM63;1.0;6
BU06420206;CM63;1.0;15
BU06420207;CM63;1.0;10
BU06420208;CM63;1.0;16
BU06420209;CM63;1.0;27
BU06420301;CM63;1.0;5
BU06420302;CM63;1.0;9
BU06420303;CM63;1.0;29
BU06420304;CM63;1.0;21
BU06420305;CM63;1.0;14
BU06420306;CM63;1.0;1
BU06420307;CM63;1.0;7
BU06420308;CM63;1.0;5
BU06420309;CM63;1.0;4
BU06420310;CM63;1.0;16
BU06420311;CM63;1.0;6
BU06420312;CM63;1.0;13
BU06420313;CM63;1.0;10
BU06420401;CM63;1.0;1
BU06420402;CM63;1.0;25
BU06420403;CM63;1.0;19
BU06420404;CM63;1.0;14
BU06420405;CM63;1.0;6
BU06420406;CM63;1.0;7
BU06420407;CM63;1.0;4
BU06420408;CM63;1.0;15
BU06420501;CM63;1.0;1
BU06420503;CM63;1.0;4
BU06420504;CM63;1.0;10
BU06420505;CM63;1.0;12
BU06420506;CM63;1.0;7
BU06420507;CM63;1.0;9
BU06420508;CM63;1.0;19
BU06420509;CM63;1.0;13
BU06420510;CM63;1.0;12
BU06420511;CM63;1.0;18
BU06420512;CM63;1.0;14
BU06420513;CM63;1.0;8
BU06420514;CM63;1.0;11
BU06420515;CM63;1.0;3
BU06420601;CM63;1.0;10
BU06420602;CM63;1.0;13
BU06420603;CM63;1.0;8
BU06420604;CM63;1.0;16
BU06420605;CM63;1.0;11
BU06420606;CM63;1.0;17
BU06420607;CM63;1.0;11
BU06420608;CM63;1.0;18
BU06420609;CM63;1.0;17
BU06420610;CM63;1.0;6
BU06420701;CM63;1.0;10
BU06420702;CM63;1.0;4
BU06420703;CM63;1.0;4
BU06420704;CM63;1.0;3
BU06420705;CM63;1.0;6
BU06420706;CM63;1.0;2
BU06420707;CM63;1.0;2
BU06420708;CM63;1.0;10
BU06420801;CM63;0.5;8
BU06420802;CM63;0.9655172413793104;29
BU06420803;CM63;1.0;16
BU06420804;CM63;0.9375;16
BU06420805;CM48;0.6;5
BU06420901;CM63;1.0;1
BU06420902;CM63;1.0;2
BU06420903;CM63;1.0;3
BU06420904;CM63;1.0;2
BU06420905;CM63;1.0;3
BU06420906;CM63;1.0;2
BU06420907;CM63;1.0;3
BU06540101;TH201_10_A;1.0;15
BU06540102;TH201_10_A;1.0;20
BU06540201;TH215_10_A;1.0;38
BU06540202;TH215_10_A;0.9473684210526315;19
BU06540301;TH201_10_A;1.0;10
BU06540302;TH201_10_A;0.9411764705882353;17
BU06540401;TH201_10_A;1.0;12
BU06540402;TH201_10_A;1.0;12
BU06540501;TH201_10_A;1.0;149
BU06540502;TH201_10_A;0.9473684210526315;38
BU06540601;TH201_10_A;1.0;24
BU06540602;TH201_10_A;1.0;13
BU06540701;TH201_10_A;1.0;17
BU06540702;TH201_10_A;1.0;29
BU06540801;TH201_10_A;1.0;38
BU06540802;TH201_10_A;0.5185185185185185;27
BU06540901;TH215_10_A;1.0;27
BU06540902;TH215_10_A;1.0;15
BU06540903;TH215_10_A;0.8333333333333334;18
BU06541001;TH201_10_A;1.0;10
BU06541002;TH201_10_A;1.0;18
BU06541101;TH201_10_A;1.0;16
BU06541102;TH201_10_A;1.0;21
BU06541201;TH201_10_A;1.0;29
BU06541202;TH201_10_A;0.8076923076923077;26
BU06541301;TH201_10_A;1.0;101
BU06541302;TH201_10_A;1.0;22
BU06541401;TH201_10_A;1.0;11
BU06541402;TH201_10_A;1.0;20
BU06541501;TH215_10_A;1.0;53
BU06541502;TH215_10_A;1.0;20
BU06640101;TT228_10;1.0;102
BU06640102;TT228_10;1.0;174
BU06640103;TT228_10;0.9844961240310077;129
BU06640104;TT228_10;0.99;100
BU06640105;TT228_10;1.0;129
BU06640106;TT228_10;1.0;35
BU06640107;TH201_10_A;0.9705882352941176;34
BU06640108;TT228_10;1.0;11
BU06640109;TT228_10;1.0;28
BU06640110;TH201_10_A;0.9649122807017544;57
BU06640111;TT228_10;1.0;19
BU06640220;TT228_10;1.0;14
BU06640229;TT228_10;0.9090909090909091;11
BU06640330;TT228_10;1.0;56
BU06640331;TH201_10_A;0.6551724137931034;29
BU06640338;TT228_10;1.0;8
BU06640339;TH201_10_A;1.0;4
BU06640440;TT228_10;1.0;15
BU06640449;TT228_10;1.0;13
BU06640550;TH201_10_A;1.0;34
BU06640551;TH201_10_A;0.875;8
BU06640559;TH201_10_A;1.0;9
BU06640660;TH201_10_A;1.0;10
BU06640770;TH201_10_A;0.9714285714285714;35
BU06640778;TH201_10_A;1.0;6
BU06640779;TH201_10_A;1.0;8
BU06640880;TH201_10_A;1.0;56
BU06640889;TH201_10_A;0.9787234042553191;47
BU06640990;TH201_10_A;1.0;9
BU06680100;OS TIEL 10-1i;1.0;22
BU06680101;OS TIEL 10-1i;0.918918918918919;37
BU06680200;OS DRUTEN 10-1i;1.0;9
BU06680201;OS DRUTEN 10-1i;0.9230769230769231;13
BU06680300;OS DRUTEN 10-1i;1.0;18
BU06680301;OS DRUTEN 10-1i;1.0;19
BU06680400;OS DRUTEN 10-1i;0.864516129032258;155
BU06680401;OS DRUTEN 10-1i;0.9;40
BU06680500;OS DRUTEN 10-1i;1.0;36
BU06680501;OS DRUTEN 10-1i;1.0;35
BU06680600;OS TIEL 10-1i;0.8787878787878788;66
BU06680601;OS TIEL 10-1i;0.8055555555555556;36
BU06680700;OS TIEL 10-1i;1.0;22
BU06680701;OS TIEL 10-1i;0.8846153846153846;26
BU06680800;OS TIEL 10-1i;1.0;61
BU06680801;OS TIEL 10-1i;1.0;20
BU06770101;TT220_10;1.0;76
BU06770102;TT220_10;1.0;39
BU06770103;TT220_10;1.0;27
BU06770104;TT220_10;1.0;42
BU06770105;TT220_10;1.0;33
BU06770106;TT220_10;1.0;23
BU06770107;TT220_10;1.0;29
BU06770108;TT220_10;1.0;31
BU06770109;TT220_10;1.0;12
BU06770110;TT220_10;1.0;12
BU06770111;TT220_10;1.0;38
BU06770201;TT220_10;1.0;45
BU06770202;TT220_10;1.0;37
BU06770203;TT220_10;1.0;12
BU06770204;TT220_10;1.0;5
BU06770301;TT220_10;1.0;38
BU06770302;TT220_10;1.0;23
BU06770303;TT220_10;1.0;14
BU06770401;TT220_10;1.0;22
BU06770402;TT220_10;1.0;5
BU06770403;TT220_10;1.0;22
BU06770501;TT220_10;1.0;29
BU06770502;TT220_10;1.0;8
BU06770601;TT220_10;1.0;29
BU06770602;TT220_10;1.0;18
BU06770701;TT220_10;1.0;7
BU06770702;TT220_10;1.0;3
BU06770801;TT220_10;1.0;12
BU06770802;TT220_10;1.0;37
BU06770803;TT220_10;1.0;30
BU06770804;TT220_10;1.0;3
BU06770805;TT220_10;1.0;25
BU06770901;TT220_10;1.0;13
BU06770902;TT220_10;1.0;7
BU06771001;TT220_10;1.0;6
BU06771002;TT220_10;1.0;10
BU06771101;TT220_10;1.0;18
BU06771102;TT220_10;1.0;28
BU06771103;TT220_10;1.0;17
BU06771201;TT220_10;1.0;9
BU06771202;TT220_10;1.0;24
BU06771301;TT220_10;1.0;5
BU06771302;TT220_10;1.0;15
BU06771401;TT220_10;1.0;4
BU06771402;TT220_10;1.0;10
BU06771501;TT220_10;1.0;10
BU06771502;TT220_10;1.0;5
BU06771503;TT220_10;1.0;7
BU06780000;TT228_10;0.9146919431279621;211
BU06780009;TT228_10;0.7555555555555555;45
BU06780100;TT228_10;1.0;83
BU06780109;TT228_10;1.0;22
BU06780200;CM80;1.0;11
BU06780209;CM80;1.0;6
BU06870003;TH212_10_AB;1.0;108
BU06870004;TH212_10_AB;1.0;58
BU06870005;TH212_10_AB;1.0;61
BU06870006;TH212_10_AB;1.0;64
BU06870007;TH212_10_AB;1.0;18
BU06871008;TH212_10_AB;1.0;54
BU06871009;TH212_10_AB;1.0;35
BU06871010;TH212_10_AB;1.0;3
BU06871102;TH212_10_AB;1.0;18
BU06871111;TH212_10_AB;1.0;42
BU06871112;TH212_10_AB;1.0;32
BU06871213;TH212_10_AB;1.0;65
BU06871301;CM34/46;0.5833333333333334;12
BU06871314;CM34/46;0.6666666666666666;3
BU06871415;CM34/46;1.0;30
BU06871416;CM34/46;1.0;1
BU06871417;CM34/46;1.0;6
BU06871518;TH212_10_AB;1.0;9
BU06871619;TH212_10_AB;1.0;9
BU06871620;TH212_10_AB;1.0;39
BU06871721;CM34/46;1.0;2
BU06871768;CM34/46;1.0;1
BU06871781;TH212_10_AB;0.5;2
BU06871822;CM34/46;1.0;3
BU06871823;CM34/46;1.0;2
BU06871824;TH212_10_AB;1.0;1
BU06871925;TH212_10_AB;0.75;4
BU06871926;CM34/46;1.0;2
BU06872027;TH212_10_AB;1.0;19
BU06872028;TH212_10_AB;1.0;51
BU06872031;TH212_10_AB;1.0;95
BU06872032;TH212_10_AB;1.0;10
BU06872084;TH212_10_AB;1.0;38
BU06872933;TH212_10_AB;1.0;1
BU06872934;TH212_10_AB;1.0;1
BU06872935;TH202_10;0.6666666666666666;3
BU06872936;TH202_10;0.625;8
BU06873037;TH212_10_AB;1.0;34
BU06873038;TH212_10_AB;1.0;47
BU06873039;TH212_10_AB;1.0;14
BU06873040;TH212_10_AB;1.0;18
BU06873041;TH212_10_AB;1.0;40
BU06873082;TH212_10_AB;1.0;20
BU06873083;TH212_10_AB;1.0;6
BU06873143;TH212_10_AB;1.0;2
BU06873144;TH212_10_AB;1.0;100
BU06873145;TH212_10_AB;1.0;58
BU06873171;TH212_10_AB;1.0;34
BU06873247;TH212_10_AB;1.0;12
BU06873248;TH212_10_AB;1.0;8
BU06873946;TH212_10_AB;1.0;28
BU06873950;TH212_10_AB;1.0;31
BU06873970;TH212_10_AB;1.0;3
BU06874051;TH212_10_AB;1.0;33
BU06874952;TH212_10_AB;1.0;2
BU06874953;TH212_10_AB;1.0;5
BU06874954;TH212_10_AB;1.0;4
BU06874955;TH212_10_AB;0.5;4
BU06874956;TH212_10_AB;1.0;5
BU06874957;TH212_10_AB;0.75;4
BU06875058;TH212_10_AB;1.0;50
BU06875059;TH212_10_AB;1.0;25
BU06875060;TH212_10_AB;1.0;25
BU06875061;TH212_10_AB;1.0;14
BU06875062;TH212_10_AB;1.0;8
BU06875063;TH212_10_AB;1.0;8
BU06875069;TH212_10_AB;1.0;2
BU06875085;TH212_10_AB;1.0;5
BU06875164;TH212_10_AB;1.0;3
BU06875265;TH212_10_AB;1.0;13
BU06875966;TH212_10_AB;1.0;28
BU07030000;CM80;0.99;100
BU07030001;CM80;1.0;35
BU07030002;CM80;1.0;35
BU07030006;CM80;1.0;13
BU07030009;CM80;1.0;20
BU07030100;CM80;1.0;53
BU07030101;CM80;1.0;38
BU07030102;CM80;1.0;13
BU07030106;CM80;1.0;3
BU07030109;CM80;1.0;32
BU07030200;CM44;1.0;57
BU07030201;CM44;1.0;20
BU07030202;CM44;1.0;30
BU07030206;CM44;1.0;2
BU07030209;CM44;0.9375;16
BU07030300;CM44;1.0;27
BU07030309;CM44;1.0;24
BU07030400;CM44;1.0;54
BU07030401;CM44;1.0;2
BU07030402;CM44;1.0;6
BU07030403;CM44;1.0;16
BU07030406;CM44;1.0;3
BU07030409;CM44;1.0;46
BU07030500;CM80;0.9666666666666667;30
BU07030501;CM80;1.0;27
BU07030509;CM80;1.0;12
BU07030600;CM80;1.0;9
BU07030609;CM80;1.0;7
BU07150101;TH203_10_A;0.9789915966386554;238
BU07150201;TH203_10_A;0.6086956521739131;46
BU07150301;TH203_10_A;1.0;44
BU07150401;TH203_10_A;0.75;32
BU07150501;TH203_10_A;1.0;75
BU07150601;TH203_10_A;0.7959183673469388;49
BU07150701;TH203_10_A;1.0;49
BU07150801;TH203_10_A;0.8;35
BU07150901;TH203_10_A;1.0;5
BU07151001;TH203_10_A;1.0;6
BU07151101;TH203_10_A;1.0;69
BU07151201;TH203_10_A;1.0;19
BU07151301;TT219_10_A;0.9342105263157895;152
BU07151401;TH203_10_A;0.7058823529411765;34
BU07151501;TH203_10_A;1.0;75
BU07151601;TH203_10_A;1.0;18
BU07151701;TH203_10_A;1.0;5
BU07151801;TH203_10_A;1.0;4
BU07151901;TT224_10_A;0.7777777777777778;9
BU07152001;TT224_10_A;1.0;124
BU07152101;TT224_10_A;1.0;64
BU07152102;TT224_10_A;1.0;54
BU07152103;TT224_10_A;1.0;56
BU07152104;TT224_10_A;1.0;77
BU07152105;TT224_10_A;1.0;44
BU07152201;TT224_10_A;0.8461538461538461;13
BU07152202;TT224_10_A;1.0;16
BU07152203;TH203_10_A;1.0;6
BU07152204;TT224_10_A;0.8888888888888888;9
BU07152301;TT224_10_A;1.0;29
BU07152302;TT224_10_A;1.0;10
BU07152303;TT224_10_A;1.0;70
BU07152304;TT224_10_A;1.0;43
BU07152305;TT224_10_A;0.7846153846153846;65
BU07152401;TT224_10_A;1.0;96
BU07152501;TT219_10_A;0.9666666666666667;60
BU07152601;TH203_10_A;0.5294117647058824;17
BU07152701;TT224_10_A;1.0;57
BU07152801;TT224_10_A;0.9347826086956522;46
BU07152901;TH203_10_A;1.0;27
BU07153001;TH203_10_A;0.7777777777777778;18
BU07160000;CM79;1.0;197
BU07160009;CM79;0.9459459459459459;37
BU07160100;CM79;0.9787234042553191;47
BU07160109;CM00;0.5714285714285714;35
BU07160200;CM00;1.0;55
BU07160209;CM00;1.0;20
BU07160300;CM00;1.0;106
BU07160309;CM00;1.0;39
BU07160400;CM00;1.0;44
BU07160409;CM00;1.0;19
BU07160500;CM00;1.0;104
BU07160509;CM00;1.0;25
BU07160600;CM79;1.0;70
BU07160609;CM79;1.0;21
BU07160700;CM79;1.0;54
BU07160709;CM79;0.9545454545454546;22
BU07160710;CM79;1.0;3
BU07170000;CM34/46;1.0;33
BU07170001;CM34/46;1.0;24
BU07170002;CM34/46;1.0;5
BU07170009;CM34/46;0.8888888888888888;18
BU07170100;CM34/46;1.0;11
BU07170109;CM34/46;1.0;13
BU07170200;CM34/46;1.0;30
BU07170201;CM34/46;1.0;16
BU07170209;CM34/46;0.896551724137931;29
BU07170300;CM34/46;1.0;49
BU07170309;CM34/46;1.0;25
BU07170400;CM34/46;1.0;78
BU07170409;CM34/46;1.0;35
BU07170500;CM34/46;1.0;47
BU07170501;CM34/46;1.0;33
BU07170502;CM34/46;1.0;18
BU07170508;CM34/46;1.0;22
BU07170509;CM34/46;1.0;12
BU07170600;CM34/46;1.0;39
BU07170609;CM34/46;1.0;26
BU07170700;CM34/46;1.0;29
BU07170709;CM34/46;1.0;29
BU07170800;CM34/46;1.0;31
BU07170809;CM34/46;1.0;15
BU07170900;TH202_10;0.6363636363636364;77
BU07170901;TH202_10;1.0;17
BU07170908;TH202_10;1.0;10
BU07170909;TH202_10;0.8823529411764706;34
BU07171000;TH212_10_C;1.0;22
BU07171001;CM34/46;1.0;3
BU07171008;TH202_10;0.6;5
BU07171009;CM34/46;0.5;22
BU07171100;CM34/46;1.0;61
BU07171101;CM34/46;1.0;26
BU07171109;CM34/46;1.0;28
BU07171200;CM34/46;1.0;82
BU07171201;CM34/46;1.0;21
BU07171209;CM34/46;1.0;21
BU07179997;TH201_10_A;1.0;1
BU07180100;TH202_10;1.0;165
BU07180101;TH202_10;1.0;97
BU07180102;TH202_10;1.0;29
BU07180103;TH202_10;1.0;26
BU07180200;TH202_10;1.0;39
BU07180201;TH202_10;1.0;53
BU07180202;TH202_10;1.0;64
BU07180203;TH202_10;1.0;11
BU07180204;TH202_10;1.0;20
BU07180205;TH202_10;1.0;21
BU07180206;TH202_10;1.0;64
BU07180207;TH202_10;1.0;5
BU07180208;TH202_10;1.0;13
BU07180209;TH202_10;1.0;45
BU07180300;TH202_10;1.0;59
BU07180301;TH202_10;1.0;64
BU07180302;TH202_10;1.0;8
BU07180303;TH202_10;1.0;54
BU07180400;TH202_10;1.0;34
BU07180401;TH202_10;1.0;50
BU07180402;TH202_10;1.0;44
BU07180403;TH202_10;1.0;32
BU07180405;TH202_10;1.0;25
BU07180406;TH202_10;1.0;59
BU07180407;TH202_10;1.0;8
BU07180408;TH202_10;1.0;8
BU07180500;TH202_10;1.0;64
BU07180501;TH202_10;1.0;30
BU07180502;TH202_10;1.0;54
BU07180503;TH202_10;1.0;47
BU07180504;TH202_10;1.0;1
BU07180505;TH202_10;1.0;50
BU07180506;TH202_10;1.0;26
BU07180507;TH202_10;1.0;8
BU07180600;TH202_10;1.0;11
BU07180601;TH202_10;1.0;8
BU07180602;TH202_10;0.7777777777777778;9
BU07180603;TH202_10;1.0;1
BU07180700;TH202_10;1.0;22
BU07180701;TH202_10;1.0;9
BU07180702;TH202_10;1.0;2
BU07180800;TH212_10_C;0.4;15
BU07360101;CM13;1.0;50
BU07360102;CM13;1.0;91
BU07360103;CM13;1.0;69
BU07360104;CM13;1.0;105
BU07360105;CM13;1.0;62
BU07360106;CM13;1.0;2
BU07360107;CM13;1.0;28
BU07360108;CM13;1.0;27
BU07360201;CM13;1.0;7
BU07360202;CM13;1.0;14
BU07360301;CM13;1.0;29
BU07360401;TS069_10;0.9166666666666666;48
BU07360402;TS069_10;1.0;104
BU07360403;TS069_10;0.8387096774193549;31
BU07360404;TS069_10;0.6923076923076923;13
BU07360501;CM13;1.0;5
BU07360502;CM13;1.0;16
BU07360601;CM13;1.0;51
BU07360602;CM13;1.0;93
BU07360603;CM13;0.8076923076923077;26
BU07360701;TS069_10;1.0;93
BU07360702;TS069_10;1.0;131
BU07360703;TS069_10;0.8181818181818182;33
BU07360801;TS069_10;1.0;33
BU07360802;TS069_10;1.0;12
BU07370000;OS BERGUM CENTRALE 10-1i;0.9212962962962963;216
BU07370009;OS BERGUM CENTRALE 10-2i;0.6842105263157895;19
BU07370100;OS LEEUWARDEN 10-1i;1.0;15
BU07370101;OS LEEUWARDEN 10-1i;1.0;54
BU07370102;OS LEEUWARDEN 10-1i;1.0;9
BU07370108;OS LEEUWARDEN 10-1i;1.0;5
BU07370109;OS LEEUWARDEN 10-1i;1.0;3
BU07370200;OS LEEUWARDEN 10-1i;1.0;16
BU07370201;OS LEEUWARDEN 10-1i;1.0;57
BU07370208;OS LEEUWARDEN 10-1i;1.0;4
BU07370209;OS LEEUWARDEN 10-1i;1.0;7
BU07370300;OS LEEUWARDEN 10-1i;1.0;17
BU07370309;OS LEEUWARDEN 10-1i;1.0;3
BU07370400;OS LEEUWARDEN 10-1i;1.0;42
BU07370401;OS LEEUWARDEN 10-1i;0.6666666666666666;12
BU07370408;OS LEEUWARDEN 10-1i;1.0;7
BU07370409;OS LEEUWARDEN 10-1i;0.6;5
BU07370500;OS DRACHTEN 10-1i;1.0;14
BU07370501;OS BERGUM CENTRALE 10-1i;1.0;31
BU07370508;OS DRACHTEN 10-1i;1.0;4
BU07370509;OS BERGUM CENTRALE 10-1i;0.9375;16
BU07370600;OS BERGUM CENTRALE 10-1i;0.9;30
BU07370609;OS BERGUM CENTRALE 10-1i;1.0;17
BU07370700;OS BERGUM CENTRALE 10-1i;1.0;33
BU07370701;OS BERGUM CENTRALE 10-1i;1.0;11
BU07370708;OS BERGUM CENTRALE 10-1i;1.0;15
BU07370709;OS BERGUM CENTRALE 10-1i;0.9411764705882353;17
BU07370800;OS BERGUM CENTRALE 10-2i;1.0;33
BU07370809;OS BERGUM CENTRALE 10-2i;1.0;26
BU07370900;OS LEEUWARDEN 10-1i;0.9649122807017544;114
BU07370909;OS BERGUM CENTRALE 10-2i;0.8333333333333334;12
BU07430101;HMZ;1.0;7
BU07430102;HMZ;1.0;8
BU07430103;HMZ;1.0;1
BU07430201;HMZ;1.0;10
BU07430202;HMZ;1.0;21
BU07430301;HMZ;1.0;9
BU07430302;HMZ;1.0;35
BU07430303;HMZ;1.0;25
BU07430401;HMZ;1.0;13
BU07430402;HMZ;1.0;13
BU07430403;HMZ;1.0;4
BU07430404;HMZ;1.0;17
BU07430405;HMZ;1.0;16
BU07430501;HMZ;1.0;11
BU07430502;HMZ;1.0;45
BU07430503;HMZ;1.0;8
BU07430504;HMZ;1.0;10
BU07430601;HMZ;1.0;33
BU07430602;HMZ;1.0;30
BU07430603;HMZ;1.0;23
BU07430701;HMZ;1.0;19
BU07430702;HMZ;1.0;5
BU07430801;HMZ;1.0;37
BU07430802;HMZ;0.6956521739130435;46
BU07430901;MZ;1.0;3
BU07431001;HMZ;1.0;10
BU07431002;HMZ;1.0;19
BU07431101;HMZ;1.0;2
BU07440101;TBZ;1.0;35
BU07440102;TBZ;1.0;31
BU07440103;TBZ;1.0;39
BU07440104;TBZ;1.0;6
BU07440105;TBZ;1.0;3
BU07440106;TBZ;1.0;1
BU07440107;TBZ;1.0;51
BU07440201;TBZ;1.0;8
BU07440202;TBZ;1.0;33
BU07440301;TBZ;1.0;2
BU07480000;WDT;0.987012987012987;154
BU07480001;WDT;0.84;50
BU07480002;WDT;0.8571428571428571;42
BU07480003;WDT;1.0;35
BU07480004;WDT;1.0;59
BU07480005;WDT;1.0;67
BU07480006;WDT;1.0;28
BU07480100;BOZ;0.9767441860465116;86
BU07480101;BOZ;1.0;55
BU07480102;BOZ;1.0;53
BU07480103;BOZ;1.0;79
BU07480200;WDT;1.0;128
BU07480201;WDT;1.0;56
BU07480202;WDT;1.0;76
BU07480203;WDT;1.0;82
BU07480204;WDT;1.0;63
BU07480205;WDT;1.0;26
BU07480206;WDT;1.0;10
BU07480208;WDT;1.0;11
BU07480209;WDT;0.5185185185185185;54
BU07480300;WDT;1.0;115
BU07480301;WDT;1.0;25
BU07480302;WDT;0.8148148148148148;27
BU07480306;BOZ;1.0;24
BU07480308;WDT;1.0;3
BU07480309;WDT;0.6666666666666666;3
BU07480400;BOZ;1.0;70
BU07480401;BOZ;1.0;63
BU07480402;BOZ;1.0;12
BU07480403;BOZ;1.0;26
BU07480404;BOZ;1.0;52
BU07480405;BOZ;1.0;47
BU07480408;BOZ;1.0;13
BU07480409;BOZ;1.0;6
BU07480500;BOZ;1.0;44
BU07480507;BOZ;1.0;4
BU07480508;BOZ;1.0;5
BU07480509;BOZ;1.0;10
BU07530101;BT;1.0;48
BU07530201;BT;1.0;51
BU07530301;BT;1.0;28
BU07530401;BT;1.0;50
BU07530501;BT;1.0;21
BU07530601;BT;1.0;15
BU07530701;BT;1.0;75
BU07530801;BT;1.0;90
BU07530901;BT;1.0;92
BU07531001;BT;1.0;28
BU07531101;BT;1.0;10
BU07531201;BT;1.0;3
BU07531301;BT;1.0;73
BU07531401;BT;1.0;60
BU07531501;BT;0.9830508474576272;59
BU07531601;BT;1.0;29
BU07531701;BT;1.0;37
BU07531801;BT;1.0;13
BU07531901;BT;1.0;18
BU07550000;UD;1.0;134
BU07550005;UD;1.0;11
BU07550006;UD;1.0;23
BU07550007;UD;0.8666666666666667;15
BU07550008;UD;1.0;19
BU07550009;UD;1.0;15
BU07550100;UD;1.0;23
BU07550109;UD;0.9;30
BU07570000;BXT;1.0;187
BU07570001;BXT;1.0;186
BU07570002;BXT;1.0;92
BU07570003;BXT;1.0;84
BU07570004;BXT;1.0;17
BU07570005;BXT;1.0;10
BU07570006;BXT;1.0;17
BU07570007;HTN;0.7777777777777778;9
BU07570008;BXT;1.0;14
BU07570009;BXT;1.0;14
BU07570100;BXT;1.0;20
BU07570109;BXT;1.0;21
BU07570200;BXT;1.0;117
BU07570206;BXT;1.0;5
BU07570207;BXT;1.0;4
BU07570208;BXT;1.0;20
BU07570209;BXT;1.0;14
BU07573000;HTN;1.0;43
BU07573100;HTN;0.9047619047619048;21
BU07580001;BD;1.0;50
BU07580002;BD;1.0;67
BU07580003;PCH;0.6944444444444444;36
BU07580004;BD;0.8181818181818182;44
BU07580005;BD;1.0;41
BU07580006;BD;1.0;78
BU07580100;BD;1.0;71
BU07580101;BD;1.0;110
BU07580102;BD;1.0;104
BU07580103;BD;1.0;68
BU07580104;BD;1.0;82
BU07580105;BD;1.0;37
BU07580106;BD;1.0;50
BU07580107;BD;1.0;4
BU07580200;BD;1.0;194
BU07580201;BD;1.0;66
BU07580202;BD;1.0;108
BU07580203;BD;1.0;109
BU07580204;BD;1.0;6
BU07580205;BD;1.0;15
BU07580300;BD;1.0;71
BU07580301;BD;1.0;124
BU07580302;BD;1.0;66
BU07580303;BD;1.0;109
BU07580309;PCH;0.5925925925925926;27
BU07580400;BD;0.8861788617886179;123
BU07580401;BD;0.5909090909090909;66
BU07580500;PCH;1.0;49
BU07580501;PCH;1.0;157
BU07580502;PCH;0.925;160
BU07580503;PCH;0.9949494949494949;198
BU07580504;PCH;0.9795918367346939;49
BU07580505;PCH;1.0;22
BU07580506;ETN;0.75;12
BU07580507;BD;0.8947368421052632;19
BU07580508;PCH;0.9705882352941176;34
BU07580509;PCH;0.9642857142857143;28
BU07580600;BD;1.0;118
BU07580601;BD;1.0;100
BU07580602;BD;1.0;70
BU07580603;BD;1.0;70
BU07580604;BD;1.0;78
BU07580605;BD;1.0;53
BU07580606;BD;1.0;16
BU07580607;BD;1.0;26
BU07580609;BD;1.0;12
BU07580700;BD;1.0;132
BU07580701;BD;1.0;33
BU07580709;BD;0.96;25
BU07580800;BD;1.0;121
BU07580809;BD;1.0;15
BU07580900;PCH;0.9914893617021276;235
BU07580909;PCH;0.7931034482758621;29
BU07581000;BD;1.0;168
BU07581008;BD;0.7142857142857143;7
BU07581009;BD;0.8181818181818182;11
BU07620100;HMO;1.0;13
BU07620101;HMO;0.9743589743589743;39
BU07620102;HMO;1.0;21
BU07620103;HMO;1.0;35
BU07620104;HMO;1.0;20
BU07620105;HMO;1.0;27
BU07620106;HMO;1.0;15
BU07620107;HMO;1.0;22
BU07620108;HMO;1.0;18
BU07620109;HMO;0.9770992366412213;131
BU07620110;HMO;1.0;39
BU07620111;HMO;1.0;6
BU07620112;HMO;1.0;7
BU07620113;HMO;1.0;13
BU07620114;HMO;1.0;5
BU07620200;HMO;1.0;41
BU07620201;HMO;1.0;48
BU07620300;HMO;1.0;23
BU07620301;HMO;1.0;74
BU07620400;HMO;1.0;36
BU07620401;HMO;1.0;28
BU07620500;HMZ;0.76;25
BU07620501;HMZ;0.6785714285714286;28
BU07620600;HMZ;1.0;48
BU07620601;HMZ;0.9807692307692307;52
BU07620700;HMZ;1.0;33
BU07620701;HMZ;1.0;43
BU07620800;HMZ;1.0;12
BU07620801;HMZ;1.0;28
BU07650000;MEE;0.970954356846473;241
BU07650009;MEE;1.0;8
BU07650100;MEE;1.0;138
BU07650101;MEE;0.9333333333333333;15
BU07650109;MEE;1.0;8
BU07660101;OTD;1.0;91
BU07660102;OTD;1.0;3
BU07660103;OTD;0.9897959183673469;98
BU07660104;OTD;1.0;12
BU07660105;OTD;1.0;88
BU07660106;OTD;1.0;37
BU07660107;OTD;1.0;89
BU07660108;OTD;1.0;63
BU07660109;OTD;1.0;85
BU07660110;OTD;1.0;15
BU07660111;OTD;1.0;6
BU07660112;OTD;0.9285714285714286;14
BU07660113;OTD;0.75;12
BU07660114;OTD;1.0;21
BU07660115;OTD;1.0;1
BU07660216;OTD;1.0;52
BU07660217;OTD;1.0;2
BU07700000;HPT;1.0;85
BU07700001;HPT;1.0;29
BU07700002;HPT;1.0;43
BU07700003;HPT;1.0;45
BU07700004;HPT;1.0;15
BU07700005;HPT;1.0;12
BU07700006;HPT;1.0;4
BU07700007;HPT;1.0;8
BU07700008;HPT;1.0;6
BU07700009;HPT;1.0;25
BU07700010;HPT;1.0;19
BU07700100;HPT;1.0;40
BU07700101;HPT;1.0;2
BU07700102;HPT;1.0;2
BU07700109;HPT;1.0;15
BU07700200;HPT;1.0;31
BU07700209;HPT;1.0;9
BU07700300;HPT;1.0;35
BU07700309;HPT;1.0;32
BU07700400;HPT;0.7142857142857143;35
BU07700409;EHVW;0.6296296296296297;27
BU07700500;HPT;1.0;21
BU07700501;HPT;1.0;13
BU07700509;HPT;1.0;23
BU07721110;EHVN;0.6237623762376238;101
BU07721120;EHVW;1.0;57
BU07721130;EHVN;0.8260869565217391;23
BU07721140;EHVO;1.0;18
BU07721150;EHVO;0.9;10
BU07722110;EHVO;1.0;59
BU07722120;EHVO;1.0;39
BU07722130;EHVO;0.9705882352941176;34
BU07722140;EHVO;1.0;65
BU07722150;EHVO;1.0;28
BU07722160;EHVO;1.0;34
BU07722170;EHVO;1.0;16
BU07722180;EHVO;1.0;10
BU07722210;EHVO;1.0;48
BU07722220;EHVO;1.0;69
BU07722230;EHVO;1.0;27
BU07722240;EHVO;1.0;21
BU07722250;EHVO;1.0;35
BU07722260;EHVO;1.0;5
BU07722300;EHVO;1.0;31
BU07722310;EHVO;1.0;4
BU07722320;EHVO;1.0;85
BU07722330;EHVO;1.0;53
BU07722340;EHVO;1.0;40
BU07722350;EHVO;1.0;38
BU07722360;EHVO;1.0;38
BU07722370;EHVO;1.0;67
BU07722380;EHVO;1.0;26
BU07722390;EHVO;1.0;4
BU07722399;EHVO;1.0;6
BU07723110;EHVO;1.0;67
BU07723120;EHVO;1.0;85
BU07723210;EHVO;1.0;82
BU07723220;EHVO;1.0;67
BU07723280;EHVO;1.0;35
BU07723330;EHVO;1.0;113
BU07723340;EHVO;1.0;12
BU07723350;EHVO;1.0;85
BU07723360;EHVO;1.0;19
BU07723370;EHVO;1.0;17
BU07724100;EHVN;1.0;30
BU07724110;EHVN;1.0;55
BU07724120;EHVN;0.7538461538461538;65
BU07724130;EHVN;0.7916666666666666;48
BU07724140;EHVO;1.0;29
BU07724210;EHVN;1.0;115
BU07724220;EHVN;0.9886363636363636;88
BU07724230;EHVN;1.0;43
BU07724240;EHVN;1.0;73
BU07724250;EHVN;1.0;56
BU07724260;EHVN;1.0;4
BU07724310;EHVO;1.0;114
BU07724320;EHVO;1.0;41
BU07724330;EHVO;1.0;8
BU07724340;EHVO;1.0;81
BU07724350;EHVO;1.0;41
BU07724360;EHVO;1.0;1
BU07725110;EHVN;1.0;25
BU07725120;EHVN;1.0;128
BU07725130;EHVN;1.0;89
BU07725140;EHVO;1.0;55
BU07725150;EHVN;1.0;20
BU07725160;EHVN;0.9882352941176471;85
BU07725200;EHVN;1.0;10
BU07725210;EHVN;1.0;82
BU07725220;EHVN;1.0;97
BU07725230;EHVN;1.0;96
BU07725240;EHVN;1.0;89
BU07725310;EHVO;0.9918032786885246;122
BU07725320;EHVO;1.0;136
BU07725330;EHVN;0.9705882352941176;34
BU07725340;EHVO;1.0;118
BU07725350;EHVN;1.0;14
BU07725410;EHVO;1.0;97
BU07725420;EHVO;1.0;30
BU07725430;EHVO;1.0;119
BU07725440;EHVO;1.0;56
BU07725450;EHVO;1.0;7
BU07725460;EHVO;1.0;3
BU07726110;EHVW;1.0;61
BU07726120;EHVW;0.9508196721311475;61
BU07726130;EHVW;1.0;23
BU07726140;EHVW;1.0;33
BU07726150;EHVW;0.96;50
BU07726160;EHVN;0.9629629629629629;27
BU07726210;EHVW;0.9310344827586207;29
BU07726220;EHVW;1.0;95
BU07726230;EHVW;1.0;89
BU07726240;EHVW;0.9841269841269841;63
BU07726250;EHVN;0.8421052631578947;19
BU07726260;EHVN;0.75;4
BU07726270;EHVN;1.0;1
BU07726280;EHVN;1.0;8
BU07726310;EHVN;0.8333333333333334;6
BU07726320;EHVN;0.75;4
BU07726330;EHVW;1.0;60
BU07726340;EHVN;1.0;40
BU07726350;EHVW;1.0;36
BU07726360;EHVW;1.0;6
BU07726370;EHVN;1.0;23
BU07726380;EHVW;0.5;6
BU07726390;EHVW;0.8;10
BU07726399;EHVW;1.0;15
BU07727110;EHVW;1.0;87
BU07727120;EHVW;1.0;42
BU07727130;EHVW;1.0;30
BU07727210;EHVW;1.0;84
BU07727220;EHVW;1.0;64
BU07727230;EHVW;1.0;22
BU07727240;EHVW;1.0;68
BU07727250;EHVW;1.0;70
BU07727260;EHVO;0.625;8
BU07727270;EHVW;1.0;4
BU07727310;EHVW;1.0;85
BU07727320;EHVW;1.0;100
BU07727330;EHVW;0.9523809523809523;21
BU07770000;ETN;1.0;32
BU07770001;ETN;1.0;30
BU07770002;ETN;1.0;30
BU07770003;ETN;1.0;24
BU07770004;ETN;1.0;17
BU07770005;ETN;1.0;93
BU07770100;ETN;1.0;9
BU07770200;ETN;1.0;10
BU07771000;ETN;1.0;15
BU07771001;ETN;1.0;22
BU07771002;ETN;1.0;22
BU07771003;ETN;1.0;3
BU07771004;ETN;1.0;19
BU07771005;ETN;1.0;22
BU07771006;ETN;1.0;21
BU07771007;ETN;1.0;19
BU07771008;ETN;1.0;8
BU07771009;ETN;1.0;15
BU07771010;ETN;1.0;31
BU07771011;ETN;1.0;17
BU07771012;ETN;1.0;34
BU07771013;ETN;1.0;44
BU07771014;ETN;1.0;9
BU07771015;ETN;1.0;42
BU07771100;ETN;1.0;7
BU07771200;ETN;1.0;12
BU07771201;ETN;0.8888888888888888;9
BU07771202;ETN;1.0;6
BU07771203;MDK;0.5454545454545454;11
BU07772000;ETN;1.0;21
BU07772001;ETN;1.0;13
BU07772002;ETN;1.0;38
BU07772003;ETN;1.0;19
BU07772004;ETN;1.0;25
BU07772005;ETN;1.0;10
BU07772006;ETN;1.0;43
BU07772007;ETN;1.0;35
BU07772008;ETN;1.0;7
BU07772009;ETN;1.0;21
BU07772010;ETN;1.0;19
BU07772011;ETN;1.0;8
BU07772100;ETN;1.0;32
BU07772200;ETN;1.0;1
BU07772300;ETN;1.0;12
BU07772301;ETN;1.0;18
BU07772302;ETN;1.0;9
BU07772303;ETN;1.0;6
BU07790000;GT;1.0;184
BU07790001;GT;1.0;123
BU07790002;GT;1.0;21
BU07790009;GT;1.0;5
BU07790100;GT;1.0;50
BU07790109;GT;1.0;20
BU07790200;GT;1.0;77
BU07790201;GT;1.0;66
BU07790202;GT;1.0;38
BU07790203;GT;1.0;3
BU07790209;GT;1.0;7
BU07840101;OTD;1.0;27
BU07840102;OTD;1.0;87
BU07840103;OTD;1.0;83
BU07840104;OTD;1.0;36
BU07840105;OTD;1.0;34
BU07840106;OTD;1.0;53
BU07840107;OTD;1.0;4
BU07840108;OTD;1.0;22
BU07840109;OTD;1.0;23
BU07840110;OTD;1.0;7
BU07840112;OTD;1.0;3
BU07840113;OTD;1.0;9
BU07840201;TBZ;1.0;12
BU07840202;TBZ;1.0;27
BU07840203;TBZ;1.0;36
BU07840204;TBZ;1.0;53
BU07840205;TBZ;1.0;7
BU07840206;TBZ;1.0;25
BU07840207;TBZ;1.0;4
BU07840208;TBZ;0.9803921568627451;51
BU07840301;TBZ;1.0;5
BU07840302;TBZ;1.0;9
BU07840401;OTD;0.8333333333333334;12
BU07840402;TBZ;0.6;25
BU07850101;TBZ;1.0;30
BU07850202;TBZ;1.0;42
BU07850303;TBZ;1.0;34
BU07850304;TBZ;1.0;1
BU07850405;TBZ;1.0;6
BU07850406;TBZ;1.0;10
BU07850507;TBZ;1.0;38
BU07850608;TBZ;1.0;54
BU07850709;TBZ;1.0;19
BU07850710;TBZ;1.0;16
BU07850811;TBZ;1.0;12
BU07850812;TBZ;1.0;14
BU07850813;TBZ;1.0;18
BU07850914;TBZ;1.0;23
BU07850915;TBZ;1.0;22
BU07850916;TBZ;1.0;9
BU07850917;TBZ;1.0;22
BU07850918;TBZ;1.0;27
BU07851019;TBZ;1.0;12
BU07851120;TBZ;1.0;7
BU07851121;TBZ;1.0;16
BU07851122;TBZ;1.0;21
BU07851223;TBZ;1.0;4
BU07851324;TBZ;1.0;11
BU07851325;TBZ;1.0;6
BU07851426;TBZ;1.0;21
BU07852027;TBZ;1.0;68
BU07852028;TBZ;1.0;3
BU07852129;TBZ;1.0;4
BU07852331;TBZ;1.0;15
BU07941000;HMZ;1.0;65
BU07941002;HMZ;1.0;68
BU07941003;HMZ;1.0;81
BU07941004;HMZ;1.0;11
BU07941005;HMZ;1.0;63
BU07941006;HMZ;1.0;42
BU07941007;HMZ;0.8823529411764706;34
BU07941100;HMZ;1.0;66
BU07941101;HMZ;1.0;66
BU07941102;HMZ;1.0;70
BU07941200;HMZ;0.978021978021978;91
BU07941201;HMZ;0.9897959183673469;98
BU07941202;HMZ;1.0;95
BU07941300;HMZ;1.0;79
BU07941301;HMZ;1.0;50
BU07941302;HMZ;1.0;80
BU07941303;HMZ;1.0;34
BU07941309;HMZ;1.0;3
BU07941400;HMO;1.0;73
BU07941401;HMO;1.0;62
BU07941402;HMO;1.0;49
BU07941404;HMO;1.0;6
BU07941409;HMO;1.0;11
BU07941500;HMZ;1.0;94
BU07941501;HMZ;1.0;22
BU07941600;HMZ;1.0;50
BU07941601;ARI;1.0;38
BU07941609;ARI;0.8461538461538461;13
BU07941700;HMZ;1.0;112
BU07941701;HMZ;1.0;17
BU07941709;HMZ;0.9166666666666666;24
BU07941801;HMO;1.0;60
BU07941802;HMO;0.9888888888888889;90
BU07941809;HMO;0.7777777777777778;9
BU07941900;ARI;0.9864864864864865;74
BU07941909;ARI;0.8888888888888888;9
BU07942100;HMZ;1.0;35
BU07942101;HMZ;1.0;27
BU07942102;HMZ;1.0;66
BU07942103;HMZ;1.0;92
BU07942104;HMZ;1.0;5
BU07942105;HMZ;1.0;4
BU07942901;HMZ;0.8723404255319149;47
BU07942902;HMO;0.9;10
BU07960101;HTN;1.0;182
BU07960102;HTN;1.0;54
BU07960103;HTN;1.0;22
BU07960104;HTN;1.0;16
BU07960105;HTN;1.0;82
BU07960106;HTN;1.0;10
BU07960201;HTN;1.0;3
BU07960202;HTN;1.0;111
BU07960203;HTN;1.0;48
BU07960204;HTN;1.0;6
BU07960205;HTN;1.0;30
BU07960206;HTN;1.0;8
BU07960207;HTN;1.0;12
BU07960208;HTN;1.0;3
BU07960209;HTN;1.0;17
BU07960210;HTN;1.0;14
BU07960211;HTN;1.0;102
BU07960212;HTN;1.0;15
BU07960301;HTN;1.0;49
BU07960302;HTN;1.0;45
BU07960303;HTN;1.0;43
BU07960304;HTN;1.0;57
BU07960305;HTN;1.0;90
BU07960306;HTN;1.0;60
BU07960401;HTN;1.0;80
BU07960402;HTN;1.0;91
BU07960403;HTN;1.0;18
BU07960501;HTN;1.0;4
BU07960502;HTN;1.0;31
BU07960503;HTN;1.0;7
BU07960504;HTN;1.0;13
BU07960505;HTN;1.0;64
BU07960506;HTN;1.0;99
BU07960507;HTN;1.0;9
BU07960601;HTN;1.0;58
BU07960602;HTN;1.0;46
BU07960603;HTN;1.0;58
BU07960604;HTN;1.0;17
BU07960605;HTN;1.0;13
BU07960606;HTN;1.0;69
BU07960607;HTN;1.0;72
BU07960608;HTN;1.0;4
BU07960609;HTN;1.0;10
BU07960701;HTN;1.0;2
BU07960702;HTN;1.0;3
BU07960703;HTN;1.0;6
BU07960704;HTN;1.0;55
BU07960705;HTN;1.0;29
BU07960706;HTN;1.0;32
BU07960707;HTN;1.0;23
BU07960708;HTN;1.0;5
BU07960709;HTN;1.0;2
BU07960798;HTN;1.0;1
BU07960799;HTN;1.0;1
BU07960801;HTN;1.0;34
BU07960802;HTN;1.0;41
BU07960803;HTN;1.0;59
BU07960804;HTN;1.0;3
BU07960901;HTN;1.0;53
BU07960902;HTN;1.0;33
BU07960903;HTN;1.0;23
BU07960904;HTN;1.0;44
BU07960905;HTN;1.0;26
BU07960906;HTN;1.0;36
BU07960907;HTN;1.0;37
BU07960908;HTN;1.0;53
BU07960909;HTN;1.0;27
BU07960910;HTN;1.0;28
BU07960911;HTN;1.0;17
BU07960912;HTN;1.0;18
BU07960913;HTN;1.0;36
BU07960914;HTN;1.0;24
BU07960915;HTN;1.0;2
BU07961001;HTN;1.0;14
BU07961002;HTN;1.0;64
BU07961003;HTN;1.0;40
BU07961004;HTN;1.0;38
BU07961005;HTN;1.0;57
BU07961006;HTN;1.0;44
BU07961007;HTN;1.0;46
BU07961008;HTN;1.0;49
BU07961009;HTW;0.65625;64
BU07961010;HTN;0.8666666666666667;15
BU07961011;HTN;0.8333333333333334;6
BU07961101;HTN;0.9882352941176471;85
BU07961102;HTN;1.0;47
BU07961103;HTN;1.0;4
BU07961104;HTN;0.9743589743589743;39
BU07961105;HTW;0.75;8
BU07961106;HTW;0.984375;128
BU07961107;HTW;1.0;190
BU07961108;HTW;0.75;12
BU07961109;HTW;1.0;17
BU07961110;HTN;1.0;5
BU07961111;HTN;1.0;7
BU07961201;HTW;1.0;68
BU07961202;HTW;1.0;7
BU07961203;HTW;1.0;5
BU07961204;HTW;1.0;50
BU07961205;HTW;1.0;12
BU07961206;HTW;1.0;4
BU07961301;HTN;1.0;89
BU07961302;HTN;1.0;5
BU07961303;HTN;0.8888888888888888;9
BU07961304;HTN;1.0;13
BU07961399;OS;0.7142857142857143;7
BU07961401;OS;0.8285714285714286;35
BU07961402;HTN;1.0;6
BU07961499;OS;0.6333333333333333;30
BU07970101;WW;1.0;63
BU07970102;WW;1.0;101
BU07970103;WW;1.0;18
BU07970104;WW;1.0;171
BU07970105;WW;1.0;143
BU07970200;WW;1.0;48
BU07970300;HTW;1.0;50
BU07970400;HTW;0.9873417721518988;79
BU07970501;HTW;1.0;165
BU07970502;HTW;1.0;100
BU07970503;HTW;0.9745762711864406;118
BU07970600;WW;1.0;2
BU07970700;WW;1.0;10
BU07970800;WW;1.0;7
BU07970900;WW;0.9166666666666666;24
BU07971000;WW;1.0;47
BU07971100;WW;1.0;67
BU07980000;TBZ;1.0;208
BU07980009;TBZ;0.9487179487179487;39
BU07980100;TBZ;1.0;25
BU07980109;TBZ;0.9523809523809523;21
BU07980200;TBZ;1.0;15
BU07980209;TBZ;1.0;14
BU07980300;TBZ;1.0;75
BU07980301;TBZ;1.0;3
BU07980309;TBZ;1.0;31
BU07980400;TBZ;1.0;13
BU07980409;TBZ;0.6521739130434783;23
BU08091001;TBN;1.0;44
BU08091005;TBN;1.0;14
BU08091006;TBN;1.0;20
BU08091010;TBN;1.0;28
BU08091011;TBN;1.0;14
BU08091015;TBN;1.0;9
BU08091020;TBN;1.0;17
BU08091021;TBN;1.0;10
BU08091025;TBN;1.0;12
BU08091030;TBN;1.0;19
BU08091031;TBN;1.0;11
BU08091035;TBN;0.9523809523809523;21
BU08091040;WW;0.5625;16
BU08091041;TBN;1.0;22
BU08092045;TBN;1.0;33
BU08092048;TBN;1.0;8
BU08092049;TBN;1.0;7
BU08092052;TBN;1.0;19
BU08092055;TBN;1.0;34
BU08092058;TBN;1.0;11
BU08092061;TBN;1.0;13
BU08092063;WW;0.6428571428571429;14
BU08092066;TBN;1.0;8
BU08093070;TBN;1.0;46
BU08093071;TBN;1.0;10
BU08093080;TBN;1.0;36
BU08093081;TBN;1.0;48
BU08093085;TBN;1.0;4
BU08093090;TBN;1.0;5
BU08093091;TBN;1.0;16
BU08093092;TBN;1.0;5
BU08094095;TBN;1.0;12
BU08200000;EHVO;1.0;180
BU08200001;EHVO;1.0;178
BU08200002;EHVO;1.0;137
BU08200003;EHVO;1.0;34
BU08200008;EHVO;1.0;33
BU08200009;EHVO;0.8888888888888888;9
BU08200100;EHVO;0.9523809523809523;63
BU08200109;EHVO;0.8181818181818182;11
BU08200200;EHVO;1.0;20
BU08200209;EHVO;1.0;7
BU08230000;BT;1.0;98
BU08230001;BT;1.0;7
BU08230002;BT;1.0;82
BU08230003;BT;1.0;8
BU08230004;BT;0.8;10
BU08230005;BT;1.0;11
BU08230008;BT;1.0;44
BU08230009;BT;0.8076923076923077;26
BU08230100;BT;1.0;11
BU08230109;BT;0.8695652173913043;46
BU08230200;BT;1.0;64
BU08230208;BT;0.8333333333333334;12
BU08230209;BT;1.0;28
BU08230300;BT;1.0;27
BU08230309;BT;0.9411764705882353;34
BU08240101;TBN;1.0;21
BU08240201;TBN;1.0;87
BU08240202;TBN;1.0;34
BU08240301;TBN;1.0;16
BU08240401;TBN;1.0;29
BU08240402;TBN;0.875;8
BU08240501;TBN;1.0;10
BU08240601;TBN;1.0;3
BU08240701;TBN;1.0;25
BU08240702;TBN;1.0;17
BU08240703;TBN;1.0;5
BU08240704;TBN;1.0;10
BU08240705;TBN;1.0;21
BU08240706;TBN;1.0;19
BU08240707;TBN;1.0;24
BU08240801;TBN;1.0;22
BU08240802;TBN;1.0;18
BU08240803;TBN;1.0;26
BU08240901;TBN;1.0;16
BU08240902;TBN;1.0;30
BU08240903;TBN;1.0;21
BU08241001;TBN;1.0;2
BU08241002;TBN;1.0;42
BU08241101;TBN;1.0;16
BU08241102;TBN;1.0;62
BU08241201;TBN;1.0;19
BU08241202;TBN;1.0;5
BU08241301;TBN;1.0;33
BU08241302;TBN;1.0;38
BU08241401;TBN;1.0;27
BU08241501;TBN;1.0;13
BU08241601;TBN;1.0;121
BU08241701;TBN;0.9803921568627451;51
BU08241801;TBN;1.0;7
BU08241901;TBN;1.0;1
BU08260000;OTD;1.0;127
BU08260100;OTD;1.0;27
BU08260101;OTD;1.0;79
BU08260102;OTD;1.0;57
BU08260200;OTD;1.0;40
BU08260201;OTD;1.0;26
BU08260300;OTD;1.0;50
BU08260301;OTD;1.0;47
BU08260400;OTD;1.0;24
BU08260401;OTD;1.0;14
BU08260500;OTD;1.0;45
BU08260501;OTD;1.0;35
BU08260502;OTD;1.0;40
BU08260503;OTD;1.0;37
BU08260504;OTD;1.0;16
BU08260505;OTD;1.0;19
BU08260600;OTD;1.0;37
BU08260601;OTD;1.0;30
BU08260602;OTD;1.0;30
BU08260603;OTD;1.0;27
BU08260604;OTD;1.0;43
BU08260605;OTD;1.0;57
BU08260606;OTD;1.0;26
BU08260607;OTD;1.0;37
BU08260700;OTD;0.8571428571428571;28
BU08260701;GT;1.0;60
BU08260702;GT;0.9615384615384616;26
BU08260703;GT;1.0;23
BU08260800;OTD;0.9166666666666666;12
BU08260801;OTD;1.0;2
BU08260900;OTD;0.9166666666666666;12
BU08260901;GT;1.0;13
BU08260902;GT;1.0;5
BU08261000;OTD;1.0;4
BU08261001;OTD;0.7777777777777778;18
BU08261100;GT;1.0;18
BU08261109;BD;0.5;18
BU08261200;OTD;1.0;18
BU08261208;OTD;1.0;14
BU08261209;OTD;1.0;6
BU08261300;BD;1.0;59
BU08261307;BD;1.0;14
BU08261308;BD;1.0;10
BU08261309;OTD;0.7777777777777778;9
BU08280000;OS;1.0;80
BU08280001;OS;1.0;22
BU08280002;OS;1.0;52
BU08280100;OS;1.0;58
BU08280101;OS;1.0;38
BU08280102;OS;1.0;40
BU08280103;OS;1.0;27
BU08280104;OS;1.0;27
BU08280105;OS;1.0;18
BU08280106;OS;1.0;33
BU08280200;OS;1.0;10
BU08280201;OS;1.0;11
BU08280202;OS;1.0;24
BU08280300;OS;1.0;52
BU08280301;OS;1.0;31
BU08280302;OS;1.0;15
BU08280303;OS;1.0;20
BU08280304;OS;1.0;17
BU08280305;OS;1.0;13
BU08280306;OS;1.0;9
BU08280307;OS;1.0;8
BU08280400;OS;1.0;14
BU08280401;OS;1.0;77
BU08280402;OS;1.0;39
BU08280403;OS;1.0;21
BU08280404;OS;1.0;15
BU08280500;OS;1.0;25
BU08280503;OS;1.0;9
BU08280600;OS;1.0;42
BU08280601;OS;1.0;44
BU08280602;OS;1.0;53
BU08280603;OS;1.0;50
BU08280604;OS;1.0;50
BU08280605;OS;1.0;8
BU08280606;OS;1.0;33
BU08280607;OS;1.0;17
BU08280608;OS;1.0;35
BU08280700;OS;1.0;58
BU08280701;OS;1.0;22
BU08280702;OS;1.0;19
BU08280703;OS;1.0;17
BU08280704;OS;1.0;38
BU08280705;OS;1.0;46
BU08280706;OS;1.0;39
BU08280707;OS;1.0;25
BU08280708;OS;1.0;21
BU08280709;OS;1.0;22
BU08280806;OS;1.0;3
BU08280807;OS;1.0;5
BU08280808;OS;1.0;3
BU08280809;OS;1.0;11
BU08280905;OS;1.0;1
BU08280906;OS;1.0;7
BU08280907;OS;1.0;6
BU08280908;OS;1.0;8
BU08280909;OS;1.0;16
BU08281000;OS;1.0;98
BU08281001;OS;1.0;92
BU08281007;OS;1.0;11
BU08281008;OS;1.0;8
BU08281009;OS;1.0;6
BU08281100;OS;1.0;27
BU08281108;OS;1.0;1
BU08281200;OS;1.0;22
BU08281208;OS;1.0;1
BU08281209;OS;1.0;5
BU08281300;OS;1.0;48
BU08281308;OS;1.0;5
BU08281309;OS;1.0;3
BU08281400;OS;1.0;73
BU08281401;OS;1.0;24
BU08281403;OS;1.0;16
BU08281404;OS;1.0;4
BU08281409;OS;1.0;5
BU08281500;OS;1.0;75
BU08281508;OS;0.9473684210526315;19
BU08281509;OS;0.9;10
BU08281600;OS;1.0;17
BU08281601;OS;1.0;9
BU08281609;OS;1.0;4
BU08281700;OS;1.0;17
BU08281701;OS;1.0;9
BU08281702;OS;1.0;7
BU08281703;OS;1.0;5
BU08281709;OS;1.0;7
BU08281800;OS;0.9759036144578314;83
BU08281808;HTN;1.0;1
BU08281809;OS;0.7;10
BU08281900;OS;1.0;23
BU08281901;OS;1.0;8
BU08281908;OS;1.0;4
BU08281909;OS;1.0;6
BU08282000;OS;1.0;18
BU08282009;OS;1.0;22
BU08282100;HTN;1.0;22
BU08282101;HTN;1.0;8
BU08282102;HTN;1.0;7
BU08282103;HTN;1.0;5
BU08282109;HTN;1.0;18
BU08282200;OS;0.9523809523809523;105
BU08282201;OS;1.0;10
BU08282208;OS;1.0;15
BU08282209;OS;1.0;8
BU08400000;ETN;0.925;80
BU08400009;ETN;0.6190476190476191;63
BU08400100;ETN;1.0;212
BU08400109;ETN;1.0;18
BU08400200;ETN;1.0;100
BU08400201;ETN;1.0;13
BU08400209;ETN;1.0;49
BU08400300;ETN;1.0;18
BU08400309;ETN;0.9473684210526315;38
BU08400400;RSD;1.0;41
BU08400409;RSD;1.0;33
BU08450000;HTN;1.0;64
BU08450001;HTN;1.0;106
BU08450002;HTN;1.0;69
BU08450003;HTN;1.0;3
BU08450007;HTN;1.0;10
BU08450008;HTN;0.9333333333333333;15
BU08450009;HTN;1.0;18
BU08450100;BXT;0.7142857142857143;42
BU08450108;ERD;0.6666666666666666;24
BU08450109;BXT;0.85;20
BU08450200;HTN;1.0;88
BU08450201;HTN;1.0;40
BU08450207;HTN;0.8181818181818182;22
BU08450208;HTN;1.0;12
BU08450209;HTN;1.0;6
BU08450300;HTN;1.0;104
BU08450301;HTN;1.0;8
BU08450302;HTN;1.0;59
BU08450308;HTN;1.0;6
BU08450309;HTN;1.0;26
BU08450400;HTN;1.0;40
BU08450408;HTN;1.0;14
BU08450409;HTN;1.0;5
BU08470001;HMZ;0.8533333333333334;75
BU08470002;HMZ;1.0;64
BU08470003;HMZ;1.0;59
BU08470004;HMZ;1.0;31
BU08470005;HMZ;1.0;18
BU08470006;MZ;1.0;10
BU08470101;HMZ;1.0;27
BU08470102;HMZ;1.0;5
BU08470201;MZ;1.0;51
BU08470202;MZ;1.0;5
BU08470203;MZ;1.0;3
BU08470301;MZ;1.0;14
BU08470401;HMZ;1.0;20
BU08470402;MZ;0.8888888888888888;9
BU08470403;HMZ;1.0;15
BU08470404;HMZ;0.6666666666666666;9
BU08470405;HMZ;0.9285714285714286;14
BU08470406;MZ;0.6;5
BU08470407;MZ;1.0;9
BU08470501;HMZ;1.0;12
BU08470502;HMZ;1.0;7
BU08470503;HMZ;1.0;9
BU08470504;HMZ;1.0;6
BU08470505;HMZ;1.0;8
BU08470506;HMZ;1.0;6
BU08470601;MZ;1.0;6
BU08470602;MZ;1.0;11
BU08470603;MZ;1.0;8
BU08470604;MZ;1.0;16
BU08470605;MZ;1.0;7
BU08470701;MZ;1.0;33
BU08470702;MZ;0.6666666666666666;3
BU08470703;MZ;1.0;9
BU08470704;MZ;1.0;3
BU08480000;BT;1.0;177
BU08480001;BT;1.0;98
BU08480002;BT;1.0;55
BU08480003;BT;1.0;20
BU08480009;BT;1.0;55
BU08480100;BT;1.0;30
BU08480101;BT;1.0;85
BU08480109;BT;0.75;8
BU08510000;BOZ;1.0;115
BU08510001;BOZ;1.0;25
BU08510002;BOZ;1.0;99
BU08510003;BOZ;1.0;55
BU08510004;BOZ;1.0;6
BU08510007;BOZ;0.7272727272727273;11
BU08510008;BOZ;1.0;30
BU08510009;BOZ;0.7857142857142857;14
BU08510100;RSD;1.0;56
BU08510109;RSD;0.6666666666666666;42
BU08510200;BOZ;1.0;11
BU08510209;BOZ;1.0;23
BU08510300;DTO;1.0;149
BU08510301;DTO;1.0;3
BU08510308;DTO;0.9523809523809523;21
BU08510309;DTO;0.9523809523809523;21
BU08510400;BOZ;1.0;61
BU08510409;BOZ;1.0;23
BU08520000;OS EDAM 10-2i;0.9863013698630136;73
BU08520001;OS EDAM 10-2i;1.0;34
BU08520002;OS EDAM 10-2i;1.0;76
BU08520003;OS EDAM 10-2i;1.0;43
BU08520004;OS EDAM 10-2i;1.0;23
BU08520005;OS EDAM 10-2i;1.0;8
BU08520006;OS EDAM 10-2i;1.0;14
BU08520007;OS EDAM 10-2i;1.0;14
BU08520009;OS EDAM 10-2i;0.5;6
BU08520010;OS EDAM 10-1i;1.0;5
BU08520100;OS EDAM 10-2i;0.7272727272727273;11
BU08520200;OS EDAM 10-2i;1.0;60
BU08520201;OS EDAM 10-2i;1.0;11
BU08520300;OS EDAM 10-2i;0.6309523809523809;84
BU08520301;OS EDAM 10-2i;0.9090909090909091;11
BU08520302;OS EDAM 10-2i;1.0;8
BU08520400;OS PURMEREND SCHAEPMANSTRAAT 50-1i;1.0;48
BU08520401;OS EDAM 10-1i;1.0;2
BU08520500;OS NOORD PAPAVERWEG 10-1i;1.0;18
BU08551001;TBC;0.9811320754716981;53
BU08551002;TBC;1.0;66
BU08551003;TBC;1.0;24
BU08551004;TBZ;1.0;14
BU08551101;TBC;1.0;8
BU08551102;TBC;1.0;46
BU08551103;TBC;1.0;19
BU08551104;TBC;1.0;39
BU08551105;TBZ;0.96;25
BU08551201;TBC;1.0;19
BU08551202;TBC;1.0;11
BU08551203;TBC;1.0;18
BU08551301;TBZ;1.0;15
BU08551302;TBZ;1.0;15
BU08551401;TBZ;1.0;47
BU08551402;TBZ;1.0;13
BU08551403;TBZ;1.0;4
BU08551404;TBZ;1.0;3
BU08551405;TBZ;0.8888888888888888;9
BU08551501;TBZ;0.8333333333333334;6
BU08551502;TBZ;1.0;35
BU08551503;TBZ;1.0;6
BU08551504;TBZ;1.0;32
BU08551505;TBZ;1.0;11
BU08551601;TBZ;1.0;16
BU08551602;TBZ;1.0;54
BU08551603;TBZ;1.0;23
BU08551604;TBZ;1.0;47
BU08551701;TBZ;1.0;8
BU08551702;TBZ;1.0;8
BU08551703;TBZ;1.0;13
BU08551704;TBZ;1.0;20
BU08551705;TBZ;1.0;25
BU08551706;TBZ;1.0;45
BU08551707;TBZ;1.0;4
BU08551801;TBZ;1.0;38
BU08551802;TBZ;1.0;39
BU08551901;TBZ;0.9696969696969697;33
BU08551902;TBZ;1.0;26
BU08552001;TBC;0.9333333333333333;15
BU08552002;TBC;1.0;50
BU08552003;TBC;1.0;22
BU08552101;TBC;1.0;14
BU08552102;TBC;1.0;2
BU08552103;TBC;1.0;2
BU08552201;TBC;1.0;38
BU08552202;TBC;1.0;39
BU08552301;TBC;1.0;28
BU08552302;TBC;1.0;20
BU08552303;TBC;1.0;24
BU08552304;TBC;1.0;39
BU08552305;TBC;1.0;21
BU08552401;TBC;1.0;17
BU08552402;TBC;1.0;49
BU08552403;TBC;1.0;22
BU08552501;TBC;1.0;41
BU08552502;TBC;1.0;20
BU08552503;TBC;1.0;26
BU08552504;TBC;1.0;43
BU08552601;TBC;1.0;30
BU08552602;TBC;1.0;4
BU08552603;TBC;1.0;21
BU08552604;TBC;1.0;27
BU08552605;TBC;1.0;26
BU08552701;TBC;1.0;9
BU08552702;TBC;1.0;44
BU08552703;TBC;1.0;22
BU08552801;TBC;1.0;2
BU08552802;TBC;1.0;4
BU08552901;TBC;1.0;2
BU08552902;TBC;1.0;10
BU08552903;TBN;0.6;5
BU08552904;TBN;1.0;10
BU08552905;TBN;1.0;7
BU08552906;TBN;1.0;4
BU08552907;TBN;1.0;3
BU08553001;TBZ;0.8333333333333334;6
BU08553101;TBZ;1.0;6
BU08553102;TBZ;1.0;4
BU08553103;TBZ;1.0;3
BU08553104;TBZ;1.0;2
BU08553201;TBZ;1.0;22
BU08553202;TBZ;1.0;20
BU08553203;TBZ;1.0;28
BU08553204;TBZ;1.0;12
BU08553205;TBZ;1.0;24
BU08553206;TBZ;1.0;11
BU08553207;TBZ;1.0;33
BU08553208;TBZ;1.0;10
BU08553209;TBZ;1.0;4
BU08553301;TBZ;1.0;17
BU08553302;TBZ;1.0;7
BU08553303;TBZ;1.0;11
BU08553401;TBZ;1.0;14
BU08553402;TBZ;1.0;3
BU08553501;TBZ;1.0;34
BU08553502;TBZ;1.0;30
BU08553503;TBZ;1.0;53
BU08553504;TBZ;1.0;25
BU08553601;TBZ;1.0;25
BU08553602;TBZ;1.0;44
BU08553603;TBZ;1.0;32
BU08553702;TBZ;1.0;33
BU08553703;TBZ;1.0;7
BU08553704;TBZ;1.0;43
BU08553705;TBZ;1.0;16
BU08553706;TBZ;1.0;3
BU08553707;TBZ;1.0;38
BU08553801;TBC;1.0;6
BU08553802;TBC;1.0;25
BU08553803;TBC;1.0;32
BU08553804;TBC;1.0;35
BU08553805;TBC;1.0;33
BU08553806;TBC;1.0;23
BU08553807;TBC;1.0;22
BU08553808;TBC;1.0;38
BU08553809;TBC;1.0;35
BU08553810;TBC;1.0;8
BU08553811;TBC;1.0;12
BU08553812;TBC;1.0;8
BU08553813;TBC;1.0;9
BU08553814;TBC;1.0;12
BU08553901;TBW;1.0;4
BU08553902;TBW;1.0;33
BU08553903;TBW;1.0;37
BU08553904;TBW;1.0;36
BU08553905;TBW;1.0;32
BU08554001;TBW;1.0;4
BU08554002;TBW;1.0;40
BU08554003;TBW;1.0;24
BU08554101;TBZ;0.6666666666666666;3
BU08554201;TBN;1.0;12
BU08554202;TBN;1.0;38
BU08554203;TBN;1.0;13
BU08554204;TBN;1.0;30
BU08554205;TBN;1.0;13
BU08554206;TBN;1.0;22
BU08554207;TBN;1.0;13
BU08554301;TBN;1.0;19
BU08554302;TBN;1.0;16
BU08554303;TBN;1.0;25
BU08554304;TBN;1.0;24
BU08554305;TBN;1.0;29
BU08554306;TBN;1.0;35
BU08554307;TBN;1.0;42
BU08554308;TBN;1.0;25
BU08554401;TBN;1.0;25
BU08554402;TBN;1.0;18
BU08554403;TBN;1.0;33
BU08554404;TBN;1.0;9
BU08554405;TBN;1.0;13
BU08554406;TBN;1.0;8
BU08554501;TBN;1.0;18
BU08554502;TBN;1.0;17
BU08554601;TBN;1.0;4
BU08554701;TBW;1.0;3
BU08554702;TBW;1.0;26
BU08554703;TBW;1.0;25
BU08554704;TBW;1.0;36
BU08554801;TBW;1.0;41
BU08554802;TBW;1.0;30
BU08554803;TBW;1.0;34
BU08554804;TBW;1.0;3
BU08554901;TBW;1.0;4
BU08554902;TBW;1.0;32
BU08554903;TBW;1.0;17
BU08555001;TBW;1.0;12
BU08555101;TBW;1.0;25
BU08555102;TBW;1.0;21
BU08555201;TBW;1.0;23
BU08555202;TBW;1.0;6
BU08555301;TBW;1.0;12
BU08555302;TBW;1.0;26
BU08555303;TBW;1.0;12
BU08555304;TBW;1.0;20
BU08555401;OTD;1.0;1
BU08555402;TBW;1.0;2
BU08555403;TBW;1.0;1
BU08555404;TBW;1.0;17
BU08555405;TBW;1.0;17
BU08555406;TBW;1.0;23
BU08555407;TBW;1.0;19
BU08555501;TBW;1.0;12
BU08555502;TBW;1.0;43
BU08555503;TBW;1.0;6
BU08555601;TBW;1.0;26
BU08555602;TBW;1.0;48
BU08555603;TBW;1.0;5
BU08555701;TBW;1.0;27
BU08555702;TBW;1.0;31
BU08555703;TBW;1.0;9
BU08555704;TBZ;0.5;2
BU08555705;TBW;0.9230769230769231;13
BU08555801;TBW;0.9428571428571428;35
BU08555802;TBW;1.0;14
BU08555803;TBZ;1.0;1
BU08555901;TBW;1.0;2
BU08555902;TBN;1.0;2
BU08555903;TBW;1.0;1
BU08555904;TBN;0.6;15
BU08555905;TBN;1.0;1
BU08556001;TBW;1.0;8
BU08556002;TBW;1.0;8
BU08556003;TBW;1.0;8
BU08556004;TBW;1.0;15
BU08556006;TBW;1.0;2
BU08556007;TBW;1.0;8
BU08556101;TBZ;1.0;13
BU08556102;TBZ;1.0;3
BU08556103;TBZ;1.0;6
BU08556202;TBZ;0.5;2
BU08556301;TBZ;1.0;4
BU08556302;TBZ;1.0;11
BU08556303;TBZ;1.0;9
BU08556304;TBZ;1.0;1
BU08556401;TBN;1.0;11
BU08556402;TBN;1.0;9
BU08556501;TBW;0.4;5
BU08556601;TBN;1.0;1
BU08556602;TBN;1.0;12
BU08556603;TBN;1.0;8
BU08556604;TBN;1.0;7
BU08556605;TBN;1.0;3
BU08556606;TBN;1.0;62
BU08556607;TBN;1.0;16
BU08556608;TBN;1.0;45
BU08556609;TBN;1.0;41
BU08556610;TBN;1.0;26
BU08556611;TBN;1.0;31
BU08556612;TBN;1.0;33
BU08556613;TBN;1.0;21
BU08556614;TBN;1.0;6
BU08556615;TBN;1.0;8
BU08556616;TBN;1.0;3
BU08556617;TBN;1.0;3
BU08556618;TBN;1.0;3
BU08556620;TBN;1.0;1
BU08556701;TBN;1.0;2
BU08556702;TBN;1.0;36
BU08556703;TBN;1.0;8
BU08556704;TBN;1.0;20
BU08556705;TBN;1.0;39
BU08556706;TBN;1.0;60
BU08556707;TBN;1.0;10
BU08556708;TBN;1.0;8
BU08556709;TBN;1.0;4
BU08556710;TBN;1.0;11
BU08556801;TBN;1.0;18
BU08556803;TBN;1.0;21
BU08580000;EHVZ;1.0;95
BU08580001;EHVZ;1.0;95
BU08580002;EHVZ;1.0;63
BU08580003;EHVZ;1.0;50
BU08580004;EHVZ;1.0;70
BU08580005;EHVZ;1.0;64
BU08580006;EHVZ;1.0;83
BU08580007;EHVZ;1.0;14
BU08580008;EHVZ;1.0;2
BU08580009;EHVZ;1.0;33
BU08580101;EHVZ;1.0;53
BU08580102;EHVZ;1.0;64
BU08580103;EHVZ;1.0;51
BU08580105;EHVZ;1.0;25
BU08580106;EHVZ;1.0;51
BU08580200;EHVZ;0.9777777777777777;45
BU08610000;EHVZ;0.9748427672955975;159
BU08610001;EHVW;0.6444444444444445;90
BU08610002;EHVW;1.0;152
BU08610003;EHVW;0.8981481481481481;108
BU08610004;EHVW;0.9270833333333334;96
BU08610005;EHVW;1.0;73
BU08610006;EHVW;1.0;124
BU08610009;EHVZ;0.8333333333333334;18
BU08610100;EHVW;1.0;95
BU08610101;EHVW;1.0;69
BU08610102;EHVW;1.0;74
BU08610103;EHVW;1.0;56
BU08610200;EHVW;1.0;66
BU08610201;EHVW;1.0;4
BU08610207;EHVZ;0.8043478260869565;46
BU08610208;EHVW;1.0;17
BU08610209;EHVW;1.0;24
BU08650000;HTN;1.0;102
BU08650001;HTN;1.0;38
BU08650002;HTN;1.0;46
BU08650003;HTN;1.0;26
BU08650004;HTN;1.0;25
BU08650005;HTN;1.0;69
BU08650008;HTN;1.0;22
BU08650009;HTN;1.0;6
BU08650100;HTN;1.0;26
BU08650101;HTN;1.0;61
BU08650102;HTN;1.0;71
BU08650103;HTN;1.0;40
BU08650104;HTN;1.0;62
BU08650108;HTN;1.0;10
BU08650109;HTN;0.9333333333333333;15
BU08650110;HTN;1.0;2
BU08650200;HTN;1.0;17
BU08650209;HTN;0.8181818181818182;11
BU08650300;TBN;1.0;104
BU08650301;TBN;1.0;15
BU08650307;TBN;1.0;11
BU08650308;TBN;1.0;5
BU08650309;TBN;0.9285714285714286;14
BU08660000;EHVZ;1.0;169
BU08660001;EHVZ;0.9893617021276596;94
BU08660002;EHVZ;1.0;81
BU08660003;EHVZ;1.0;89
BU08660009;EHVZ;0.9696969696969697;33
BU08670000;WW;1.0;111
BU08670001;WW;1.0;88
BU08670002;WW;1.0;50
BU08670003;WW;1.0;66
BU08670004;WW;1.0;59
BU08670005;WW;1.0;59
BU08670006;WW;1.0;113
BU08670007;WW;1.0;89
BU08670008;WW;1.0;49
BU08670009;WW;1.0;21
BU08670010;WW;1.0;46
BU08670011;WW;1.0;7
BU08670012;WW;1.0;2
BU08670013;WW;1.0;3
BU08670100;WW;0.9493670886075949;79
BU08670101;WW;1.0;88
BU08670102;WW;0.7;60
BU08670103;WW;1.0;6
BU08670104;WW;1.0;78
BU08670200;GT;0.9795918367346939;98
BU08670201;OTD;0.9411764705882353;34
BU08670202;GT;1.0;8
BU08670203;GT;1.0;2
BU08730000;WDT;1.0;172
BU08730001;WDT;1.0;37
BU08730002;WDT;1.0;55
BU08730003;WDT;1.0;4
BU08730008;WDT;1.0;14
BU08730009;WDT;1.0;24
BU08730100;WDT;1.0;50
BU08730101;WDT;1.0;5
BU08730108;WDT;1.0;6
BU08730109;WDT;1.0;14
BU08730200;WDT;1.0;137
BU08730201;WDT;1.0;13
BU08730208;WDT;1.0;12
BU08730209;WDT;1.0;31
BU08730300;WDT;1.0;120
BU08730309;WDT;1.0;12
BU08790000;ETN;1.0;167
BU08790009;ETN;1.0;56
BU08790100;ETN;1.0;19
BU08790109;ETN;1.0;44
BU08790200;ETN;1.0;24
BU08790209;ETN;1.0;39
BU08790300;ETN;1.0;14
BU08790309;ETN;1.0;46
BU08790400;ETN;1.0;106
BU08790408;ETN;1.0;32
BU08790409;ETN;0.9767441860465116;43
BU08800000;OS WORMERVEER 50-1i;0.9629629629629629;27
BU08800001;OS WORMERVEER 50-1i;1.0;98
BU08800002;OS WORMERVEER 50-1i;0.6363636363636364;22
BU08800003;OS WORMERVEER 50-1i;1.0;77
BU08800004;OS WORMERVEER 50-1i;1.0;73
BU08800005;OS WORMERVEER 50-1i;1.0;18
BU08800009;OS WORMERVEER 50-1i;1.0;2
BU08800100;OS PURMEREND SCHAEPMANSTRAAT 50-1i;1.0;24
BU08800108;OS PURMEREND SCHAEPMANSTRAAT 50-1i;0.8571428571428571;7
BU08800109;OS PURMEREND SCHAEPMANSTRAAT 50-1i;0.875;8
BU08800200;OS WORMERVEER 50-1i;0.5714285714285714;14
BU08800201;OS WORMERVEER 50-1i;1.0;8
BU08800208;OS PURMEREND SCHAEPMANSTRAAT 50-1i;1.0;1
BU08800209;OS PURMEREND SCHAEPMANSTRAAT 50-1i;1.0;9
BU08820001;TERW;1.0;51
BU08820002;TERW;1.0;53
BU08820003;TERW;1.0;26
BU08820004;TERW;1.0;27
BU08820005;TERW;1.0;22
BU08820006;TERW;1.0;16
BU08820007;TERW;1.0;29
BU08820008;TERW;1.0;83
BU08820009;TERW;1.0;26
BU08820010;TERW;1.0;37
BU08820011;TERW;1.0;46
BU08820012;TERW;1.0;12
BU08820020;TERW;1.0;9
BU08820101;TERW;1.0;84
BU08820102;TERW;1.0;90
BU08820103;TERW;1.0;30
BU08820104;TERW;1.0;19
BU08820105;TERW;1.0;13
BU08820120;TERW;0.8888888888888888;9
BU08820201;TERW;1.0;37
BU08820202;TERW;1.0;32
BU08820203;TERW;1.0;22
BU08820204;TERW;1.0;78
BU08820205;TERW;1.0;87
BU08820206;TERW;1.0;27
BU08820207;TERW;1.0;17
BU08820220;TERW;1.0;2
BU08880000;BEEK;0.9953917050691244;217
BU08880001;BEEK;1.0;50
BU08880002;BEEK;0.975;80
BU08880100;BEEK;1.0;10
BU08880101;BEEK;1.0;20
BU08880102;BEEK;1.0;5
BU08880103;BEEK;1.0;5
BU08880109;BEEK;1.0;22
BU08890000;BELF;0.9927536231884058;138
BU08890001;BELF;1.0;102
BU08890008;BELF;1.0;12
BU08890009;BELF;1.0;7
BU08890100;MLBK;1.0;53
BU08890101;MLBK;1.0;4
BU08890102;MLBK;1.0;5
BU08890109;MLBK;0.7142857142857143;14
BU08930110;VENR;1.0;4
BU08930111;VENR;1.0;6
BU08930220;VENR;1.0;8
BU08930221;VENR;1.0;1
BU08930330;VENR;1.0;113
BU08930331;VENR;1.0;13
BU08930332;VENR;1.0;6
BU08930440;VENR;1.0;45
BU08930441;VENR;0.8235294117647058;17
BU08930550;VENR;1.0;36
BU08930551;VENR;0.8571428571428571;28
BU08930660;VENR;1.0;40
BU08930661;VENR;1.0;13
BU08930662;VENR;1.0;24
BU08930770;VENR;1.0;14
BU08930771;VENR;0.96;25
BU08990124;TRBK;1.0;15
BU08990126;TRBK;1.0;40
BU08990134;TRBK;1.0;59
BU08990135;TRBK;1.0;18
BU08990136;TRBK;1.0;18
BU08990144;TRBK;1.0;44
BU08990201;TRBK;1.0;3
BU08990202;TRBK;1.0;11
BU08990203;TRBK;1.0;30
BU08990204;TRBK;1.0;22
BU08990205;TRBK;1.0;23
BU08990207;TRBK;1.0;37
BU08990208;TRBK;1.0;27
BU08990209;TRBK;1.0;19
BU08990225;TRBK;1.0;11
BU08990242;TRBK;1.0;5
BU08990243;TRBK;1.0;7
BU08990314;TRBK;1.0;5
BU08990315;TRBK;1.0;5
BU08990316;TRBK;1.0;24
BU08990317;TRBK;1.0;49
BU08990318;TRBK;1.0;29
BU08990333;TRBK;1.0;4
BU08990337;TERW;1.0;1
BU08990339;TERW;1.0;1
BU08990340;TRBK;1.0;3
BU08990345;TRBK;1.0;6
BU08990428;TRBK;1.0;11
BU08990429;TRBK;1.0;37
BU08990430;TRBK;1.0;33
BU08990431;TRBK;1.0;2
BU08990438;TERW;1.0;1
BU08990441;TRBK;1.0;3
BU08990506;TRBK;1.0;18
BU08990510;TRBK;1.0;14
BU08990511;TRBK;1.0;7
BU08990512;TRBK;1.0;21
BU08990513;TRBK;1.0;14
BU08990519;TRBK;1.0;32
BU08990520;TRBK;1.0;11
BU08990521;TRBK;1.0;18
BU08990522;TRBK;1.0;4
BU08990523;TRBK;1.0;21
BU08990527;TRBK;1.0;17
BU09070000;GENN;1.0;59
BU09070001;GENN;1.0;10
BU09070009;GENN;1.0;23
BU09070100;GENN;1.0;35
BU09070108;GENN;1.0;20
BU09070109;GENN;1.0;11
BU09070200;GENN;1.0;16
BU09070209;GENN;1.0;17
BU09070300;GENN;1.0;24
BU09070301;GENN;1.0;17
BU09070302;GENN;1.0;122
BU09070303;GENN;1.0;79
BU09070309;GENN;1.0;7
BU09070400;GENN;1.0;44
BU09070408;GENN;1.0;11
BU09070409;GENN;1.0;20
BU09171000;TRBK;1.0;119
BU09171001;TRBK;1.0;20
BU09171100;TRBK;1.0;52
BU09171101;TRBK;1.0;41
BU09171200;TRBK;1.0;91
BU09171201;TRBK;1.0;86
BU09171300;TRBK;1.0;55
BU09171301;TRBK;1.0;66
BU09171400;HUSK;0.5384615384615384;13
BU09172000;HUSK;1.0;18
BU09172001;HUSK;0.9555555555555556;45
BU09172002;HUSK;1.0;37
BU09172003;HUSK;1.0;20
BU09172004;HUSK;1.0;38
BU09172100;HUSK;1.0;62
BU09172101;HUSK;1.0;72
BU09172200;HUSK;1.0;75
BU09172201;HUSK;1.0;17
BU09172300;HUSK;0.8888888888888888;9
BU09172400;HUSK;1.0;60
BU09172401;HUSK;1.0;55
BU09172402;HUSK;1.0;10
BU09173000;HUSK;1.0;21
BU09173001;HUSK;1.0;45
BU09173002;HUSK;1.0;3
BU09173100;HUSK;1.0;21
BU09173101;HUSK;1.0;37
BU09173102;HUSK;1.0;45
BU09173103;HUSK;1.0;31
BU09173200;HUSK;0.9130434782608695;23
BU09173201;HUSK;1.0;11
BU09173202;HUSK;0.9767441860465116;86
BU09173203;HUSK;0.9736842105263158;76
BU09173300;HUSK;1.0;79
BU09173301;HUSK;1.0;48
BU09173302;HUSK;1.0;31
BU09173303;HUSK;1.0;25
BU09173400;HUSK;1.0;64
BU09173500;HUSK;1.0;11
BU09173600;HUSK;0.7142857142857143;7
BU09173601;HUSK;1.0;94
BU09173602;TERW;0.6;5
BU09173603;TERW;1.0;4
BU09173700;TERW;0.782608695652174;46
BU09173701;HUSK;0.7954545454545454;44
BU09173800;TERW;1.0;32
BU09173801;TERW;0.9903846153846154;104
BU09173900;HUSK;0.7727272727272727;44
BU09173901;HUSK;0.9666666666666667;30
BU09173902;HUSK;0.9622641509433962;53
BU09173903;HUSK;0.8333333333333334;6
BU09174000;TERW;1.0;110
BU09174100;TERW;1.0;33
BU09174101;TERW;1.0;48
BU09174102;TERW;1.0;35
BU09174103;TERW;1.0;3
BU09174200;TERW;1.0;23
BU09280000;TERW;1.0;94
BU09280001;TERW;1.0;76
BU09280002;TERW;1.0;95
BU09280003;TERW;1.0;77
BU09280004;TERW;1.0;58
BU09280009;TERW;1.0;21
BU09280100;TERW;1.0;137
BU09280101;TERW;1.0;49
BU09280102;TERW;1.0;62
BU09280103;TERW;1.0;53
BU09280104;TERW;1.0;73
BU09280105;TERW;1.0;116
BU09280200;TERW;1.0;60
BU09280201;TERW;1.0;60
BU09280202;TERW;1.0;34
BU09280203;TERW;1.0;64
BU09280204;TERW;1.0;85
BU09280205;TERW;1.0;60
BU09350000;LIMM;0.6206896551724138;87
BU09350001;LIMM;0.7037037037037037;54
BU09350002;LIMM;0.95;40
BU09350003;LIMM;1.0;73
BU09350004;LIMM;1.0;42
BU09350005;WVV;0.9761904761904762;42
BU09350006;WVV;1.0;83
BU09350100;LIMM;1.0;79
BU09350101;LIMM;1.0;36
BU09350102;LIMM;1.0;43
BU09350103;LIMM;1.0;31
BU09350104;LIMM;0.9777777777777777;45
BU09350105;LIMM;1.0;20
BU09350200;BOSP;0.9310344827586207;116
BU09350201;LIMM;0.9375;128
BU09350202;BOSP;1.0;69
BU09350203;BOSP;1.0;66
BU09350204;BOSP;1.0;53
BU09350205;BOSP;1.0;80
BU09350206;BOSP;1.0;45
BU09350207;BOSP;1.0;136
BU09350208;BOSP;1.0;42
BU09350209;BOSP;0.9937888198757764;161
BU09350300;LIMM;1.0;49
BU09350301;BOSP;1.0;9
BU09350302;LIMM;0.5454545454545454;11
BU09350303;BOSP;1.0;7
BU09350304;BOSP;1.0;5
BU09350400;WVV;0.801980198019802;101
BU09350401;WVV;1.0;62
BU09350402;WVV;0.8513513513513513;148
BU09350403;LIMM;1.0;92
BU09350404;LIMM;1.0;56
BU09350405;WVV;0.9939024390243902;164
BU09350406;WVV;0.7218045112781954;133
BU09350500;LIMM;1.0;16
BU09350501;LIMM;1.0;54
BU09350502;LIMM;1.0;26
BU09350503;LIMM;1.0;4
BU09350600;HEER;0.9852941176470589;68
BU09350601;HEER;1.0;97
BU09350602;HEER;1.0;190
BU09350603;HEER;1.0;128
BU09350604;HEER;1.0;20
BU09380000;LIMM;1.0;142
BU09380001;LIMM;1.0;41
BU09380002;LIMM;1.0;5
BU09380003;LIMM;1.0;3
BU09380009;LIMM;1.0;6
BU09380100;LIMM;0.9117647058823529;68
BU09380109;LIMM;0.9285714285714286;14
BU09380200;LIMM;1.0;119
BU09380201;LIMM;1.0;13
BU09380202;BEEK;1.0;8
BU09380203;BEEK;1.0;26
BU09380204;BEEK;1.0;26
BU09380205;BEEK;1.0;23
BU09380206;LIMM;0.6666666666666666;9
BU09440000;GENN;0.9896907216494846;97
BU09440001;GENN;1.0;88
BU09440009;GENN;1.0;16
BU09440100;GENN;0.9444444444444444;18
BU09440101;GENN;1.0;26
BU09460101;NEDW;1.0;172
BU09460102;NEDW;0.7083333333333334;24
BU09460103;NEDW;1.0;13
BU09460104;NEDW;0.9090909090909091;11
BU09460201;NEDW;1.0;43
BU09460202;NEDW;1.0;12
BU09460301;NEDW;1.0;63
BU09460302;NEDW;1.0;6
BU09460303;NEDW;1.0;24
BU09460304;NEDW;1.0;16
BU09460305;NEDW;0.8823529411764706;17
BU09460401;NEDW;1.0;39
BU09460402;NEDW;1.0;14
BU09460501;KELP;0.7037037037037037;27
BU09460502;KELP;0.631578947368421;19
BU09570000;RMND;0.975;120
BU09570001;RMND;1.0;45
BU09570002;RMND;1.0;55
BU09570003;RMND;1.0;35
BU09570004;BUGG;0.7692307692307693;13
BU09570100;RMND;0.5957446808510638;94
BU09570101;RMND;0.8333333333333334;60
BU09570200;RMND;0.8703703703703703;54
BU09570201;MLBK;0.9206349206349206;63
BU09570202;MRUM;0.8;20
BU09570203;RMND;0.625;16
BU09570204;MLBK;1.0;22
BU09570300;MLBK;0.6024096385542169;83
BU09570301;MLBK;0.5925925925925926;27
BU09570302;BUGG;0.8;50
BU09570303;MLBK;1.0;27
BU09570304;MLBK;0.625;8
BU09570400;MLBK;1.0;49
BU09570401;MLBK;1.0;27
BU09570402;MLBK;1.0;39
BU09570403;MLBK;1.0;47
BU09570501;MLBK;1.0;57
BU09570600;MLBK;1.0;14
BU09570601;MLBK;1.0;18
BU09570700;BUGG;0.625;8
BU09570701;RMND;1.0;62
BU09570702;RMND;0.7592592592592593;54
BU09570703;RMND;0.7586206896551724;29
BU09570800;MLBK;1.0;45
BU09570801;MLBK;1.0;72
BU09570802;MLBK;1.0;19
BU09570804;MLBK;1.0;6
BU09570805;MLBK;1.0;61
BU09570806;MLBK;1.0;24
BU09570809;MLBK;1.0;35
BU09570900;BUGG;0.75;8
BU09650000;TERW;1.0;73
BU09650001;TERW;0.5813953488372093;43
BU09650002;SBRN;1.0;11
BU09650003;TERW;1.0;23
BU09650009;TERW;0.7857142857142857;14
BU09650100;TERW;1.0;120
BU09650101;TERW;1.0;16
BU09650102;TERW;1.0;9
BU09650103;TERW;1.0;5
BU09710000;LUTT;1.0;86
BU09710001;LUTT;1.0;72
BU09710002;LUTT;0.984375;64
BU09710003;LUTT;1.0;8
BU09710004;LUTT;1.0;8
BU09710005;LUTT;1.0;68
BU09710100;BEEK;1.0;174
BU09710101;LUTT;1.0;29
BU09710102;BEEK;1.0;18
BU09710200;LUTT;1.0;56
BU09710201;LUTT;1.0;32
BU09710202;LUTT;1.0;71
BU09710203;LUTT;1.0;3
BU09810000;SBRN;1.0;38
BU09810001;SBRN;1.0;2
BU09810005;SBRN;1.0;17
BU09810006;SBRN;1.0;6
BU09810007;SBRN;1.0;10
BU09810008;SBRN;1.0;3
BU09810009;SBRN;1.0;5
BU09810100;SBRN;1.0;177
BU09831101;BLER;0.9857142857142858;70
BU09831102;BLER;1.0;29
BU09831103;BLER;0.9655172413793104;29
BU09831104;BLER;1.0;33
BU09831201;BLER;1.0;50
BU09831202;BLER;1.0;15
BU09831203;BLER;1.0;13
BU09831204;BLER;1.0;41
BU09831205;BLER;1.0;55
BU09831206;BLER;1.0;23
BU09831207;BLER;0.8181818181818182;11
BU09831208;BLER;1.0;1
BU09831209;BLER;1.0;2
BU09831210;BLER;1.0;11
BU09831301;BLER;1.0;36
BU09831302;BLER;1.0;44
BU09831303;BLER;1.0;7
BU09831304;BLER;1.0;7
BU09831305;BLER;1.0;31
BU09831306;BLER;1.0;32
BU09831307;BLER;1.0;60
BU09831308;BLER;1.0;10
BU09831401;BLER;1.0;43
BU09831402;BLER;1.0;76
BU09831403;BLER;1.0;70
BU09831404;BLER;1.0;7
BU09831405;BLER;1.0;3
BU09831501;BLER;1.0;21
BU09831502;BLER;1.0;29
BU09831503;BLER;1.0;25
BU09831504;BLER;1.0;14
BU09831505;BLER;1.0;27
BU09831506;BLER;1.0;5
BU09831507;BLER;1.0;6
BU09831508;BLER;1.0;13
BU09831509;BLER;1.0;16
BU09831510;BLER;1.0;7
BU09831511;BLER;1.0;5
BU09831512;BLER;1.0;3
BU09831601;BLER;1.0;26
BU09831602;BLER;1.0;15
BU09831603;BLER;1.0;10
BU09831604;BLER;1.0;16
BU09831605;BLER;1.0;1
BU09831606;BLER;1.0;14
BU09832101;BLER;1.0;97
BU09832102;BLER;1.0;82
BU09832201;BLER;1.0;26
BU09832202;BLER;1.0;66
BU09832203;BLER;1.0;42
BU09832301;BLER;1.0;7
BU09832302;BLER;1.0;29
BU09832303;BLER;1.0;18
BU09832304;BLER;1.0;3
BU09832401;BLER;1.0;22
BU09832402;BLER;1.0;15
BU09832403;BLER;1.0;21
BU09832404;BLER;1.0;14
BU09832501;BLER;1.0;58
BU09832502;BLER;1.0;27
BU09832601;BLER;1.0;29
BU09832602;BLER;0.9545454545454546;22
BU09832603;BLER;1.0;22
BU09832701;BLER;1.0;15
BU09832702;BLER;1.0;17
BU09832801;BLER;1.0;15
BU09832802;BLER;1.0;2
BU09832803;BLER;1.0;7
BU09832804;BLER;1.0;11
BU09832805;BLER;1.0;9
BU09832806;BOEK;0.8571428571428571;7
BU09832807;BOEK;1.0;13
BU09832808;BLER;1.0;3
BU09832809;BLER;1.0;4
BU09832810;BOEK;0.5714285714285714;7
BU09832811;BOEK;1.0;5
BU09832812;HRST;0.7142857142857143;7
BU09833101;BELF;1.0;93
BU09833102;BELF;1.0;90
BU09833103;BELF;1.0;4
BU09833104;BELF;1.0;15
BU09833105;BELF;1.0;16
BU09833201;BELF;1.0;40
BU09833202;BELF;1.0;4
BU09833203;BELF;1.0;6
BU09833204;BELF;1.0;80
BU09833205;BELF;1.0;4
BU09833206;BELF;0.6666666666666666;3
BU09833207;BELF;1.0;6
BU09833501;BELF;1.0;45
BU09833502;BELF;1.0;47
BU09834101;BLER;1.0;39
BU09834102;BLER;1.0;48
BU09834103;HRST;1.0;7
BU09834104;HRST;0.75;8
BU09834105;BLER;0.8235294117647058;17
BU09834106;BLER;1.0;3
BU09834107;BLER;0.8461538461538461;13
BU09834301;HRST;1.0;24
BU09834302;HRST;1.0;2
BU09834303;HRST;1.0;7
BU09834401;HRST;1.0;53
BU09834402;HRST;1.0;5
BU09834403;HRST;1.0;13
BU09834404;HRST;1.0;15
BU09835101;BELF;1.0;112
BU09835102;BELF;1.0;3
BU09835103;BELF;1.0;1
BU09835104;BELF;1.0;6
BU09835105;BELF;1.0;1
BU09835106;BELF;1.0;7
BU09835107;BELF;1.0;7
BU09835108;BELF;1.0;22
BU09840101;VENR;1.0;20
BU09840201;VENR;1.0;63
BU09840301;VENR;1.0;42
BU09840401;VENR;1.0;10
BU09840501;VENR;1.0;10
BU09840601;VENR;1.0;69
BU09840701;VENR;1.0;44
BU09840801;VENR;1.0;31
BU09840901;VENR;1.0;19
BU09841001;VENR;1.0;62
BU09841101;VENR;1.0;61
BU09841201;VENR;1.0;15
BU09841202;VENR;1.0;30
BU09841203;VENR;1.0;23
BU09841301;VENR;1.0;44
BU09841302;VENR;1.0;32
BU09841303;VENR;1.0;19
BU09841401;VENR;1.0;35
BU09841501;VENR;1.0;59
BU09841502;VENR;1.0;51
BU09841601;VENR;1.0;61
BU09841602;VENR;1.0;57
BU09841701;VENR;1.0;43
BU09841702;VENR;1.0;44
BU09841703;VENR;1.0;36
BU09841704;VENR;1.0;4
BU09841801;VENR;1.0;37
BU09841901;VENR;1.0;41
BU09842001;VENR;1.0;25
BU09842101;VENR;1.0;72
BU09842201;VENR;1.0;19
BU09842301;VENR;1.0;37
BU09860101;SBRN;1.0;81
BU09860102;SBRN;1.0;1
BU09860201;SBRN;1.0;84
BU09860203;SBRN;1.0;1
BU09860301;SBRN;1.0;40
BU09860302;SBRN;1.0;1
BU09860401;SBRN;1.0;54
BU09860402;SBRN;1.0;5
BU09860403;SBRN;1.0;1
BU09860404;SBRN;1.0;1
BU09860405;SBRN;1.0;21
BU09860406;TRBK;1.0;4
BU09860501;SBRN;1.0;22
BU09860900;SBRN;0.9310344827586207;58
BU09880101;WRTH;1.0;118
BU09880102;WRTH;1.0;13
BU09880103;WRTH;1.0;17
BU09880104;WRTH;1.0;14
BU09880105;WRTH;0.75;8
BU09880201;NEDW;1.0;16
BU09880202;NEDW;1.0;6
BU09880203;NEDW;0.9375;16
BU09880204;WRTH;0.7777777777777778;9
BU09880205;NEDW;1.0;27
BU09880301;NEDW;0.9761904761904762;42
BU09880302;NEDW;1.0;9
BU09880303;NEDW;1.0;3
BU09881101;NEDW;0.7435897435897436;78
BU09881102;NEDW;0.8611111111111112;36
BU09881201;NEDW;1.0;63
BU09881301;NEDW;1.0;49
BU09881302;NEDW;1.0;62
BU09881401;WRTH;1.0;54
BU09881402;WRTH;1.0;10
BU09882101;WRTH;1.0;108
BU09882102;WRTH;1.0;5
BU09882201;WRTH;1.0;91
BU09882202;NEDW;0.8666666666666667;15
BU09882301;NEDW;0.9803921568627451;51
BU09882401;NEDW;1.0;99
BU09882402;NEDW;1.0;10
BU09882403;NEDW;0.9;20
BU09882501;WRTH;1.0;60
BU09882502;WRTH;1.0;6
BU09883101;WRTH;1.0;9
BU09883102;WRTH;1.0;37
BU09883201;NEDW;1.0;19
BU09883202;NEDW;1.0;20
BU09883301;NEDW;1.0;11
BU09883302;NEDW;1.0;19
BU09883401;KELP;1.0;105
BU09883402;KELP;1.0;28
BU09940000;SBRN;0.9907407407407407;108
BU09940001;SBRN;1.0;43
BU09940002;SBRN;1.0;35
BU09940003;SBRN;1.0;5
BU09940004;SBRN;1.0;3
BU09940005;SBRN;1.0;1
BU09940006;SBRN;1.0;11
BU09940007;SBRN;1.0;4
BU09940008;SBRN;1.0;2
BU09940100;WVV;0.36;25
BU09940101;LIMM;0.875;8
BU09940102;SBRN;1.0;5
BU09940103;LIMM;1.0;2
BU09940104;SBRN;0.75;4
BU09940200;SBRN;1.0;17
BU09940201;SBRN;1.0;7
BU09940202;SBRN;1.0;3
BU09940203;SBRN;1.0;10
BU09940204;SBRN;1.0;1
BU09940205;SBRN;1.0;3
BU09940300;SBRN;1.0;23
BU09940301;SBRN;1.0;12
BU09940302;SBRN;1.0;2
BU09940400;WVV;1.0;74
BU09940401;WVV;1.0;4
BU09940402;WVV;1.0;24
BU09940403;WVV;0.75;4
BU09940404;WVV;1.0;2
BU09940405;WVV;1.0;2
BU09940406;WVV;1.0;1
BU09940500;SBRN;1.0;2
BU09950110;OS ZUIDERVELD 10-1i;1.0;1
BU09950111;OS ZUIDERVELD 10-1i;1.0;66
BU09950112;OS ZUIDERVELD 10-1i;1.0;19
BU09950113;OS ZUIDERVELD 10-1i;1.0;7
BU09950115;OS ZUIDERVELD 10-1i;1.0;5
BU09950117;OS ZUIDERVELD 10-1i;1.0;4
BU09950118;OS ZUIDERVELD 10-1i;1.0;5
BU09950119;OS ZUIDERVELD 10-1i;1.0;6
BU09950161;OS ZUIDERVELD 10-1i;1.0;17
BU09950162;OS ZUIDERVELD 10-1i;1.0;5
BU09950166;OS ZUIDERVELD 10-1i;1.0;25
BU09950172;OS ZUIDERVELD 10-1i;1.0;2
BU09950174;OS ZUIDERVELD 10-1i;1.0;1
BU09950220;OS ZUIDERVELD 10-1i;1.0;19
BU09950221;OS ZUIDERVELD 10-1i;1.0;63
BU09950222;OS ZUIDERVELD 10-1i;1.0;43
BU09950223;OS ZUIDERVELD 10-1i;1.0;21
BU09950224;OS ZUIDERVELD 10-1i;1.0;27
BU09950225;OS ZUIDERVELD 10-1i;1.0;36
BU09950226;OS ZUIDERVELD 10-1i;1.0;6
BU09950227;OS ZUIDERVELD 10-1i;1.0;14
BU09950228;OS ZUIDERVELD 10-1i;1.0;4
BU09950310;OS ZUIDERVELD 10-1i;1.0;9
BU09950311;OS ZUIDERVELD 10-1i;1.0;47
BU09950312;OS ZUIDERVELD 10-1i;1.0;49
BU09950313;OS ZUIDERVELD 10-1i;1.0;53
BU09950314;OS ZUIDERVELD 10-1i;1.0;13
BU09950315;OS ZUIDERVELD 10-1i;1.0;39
BU09950316;OS ZUIDERVELD 10-1i;1.0;62
BU09950317;OS ZUIDERVELD 10-1i;1.0;4
BU09950420;OS ZUIDERVELD 10-1i;1.0;19
BU09950421;OS ZUIDERVELD 10-1i;1.0;22
BU09950422;OS ZUIDERVELD 10-1i;1.0;30
BU09950423;OS ZUIDERVELD 10-1i;1.0;24
BU09950424;OS ZUIDERVELD 10-1i;1.0;25
BU09950425;OS ZUIDERVELD 10-1i;1.0;37
BU09950428;OS ZUIDERVELD 10-1i;1.0;2
BU09950431;OS ZUIDERVELD 10-1i;1.0;27
BU09950432;OS ZUIDERVELD 10-1i;1.0;12
BU09950433;OS ZUIDERVELD 10-1i;1.0;17
BU09950434;OS ZUIDERVELD 10-1i;1.0;12
BU09950521;OS ZUIDERVELD 10-1i;1.0;32
BU09950522;OS ZUIDERVELD 10-1i;1.0;45
BU09950523;OS ZUIDERVELD 10-1i;1.0;26
BU09950524;OS ZUIDERVELD 10-1i;1.0;25
BU09950525;OS ZUIDERVELD 10-1i;1.0;36
BU09950526;OS ZUIDERVELD 10-1i;1.0;44
BU09950527;OS ZUIDERVELD 10-1i;1.0;4
BU09950528;OS ZUIDERVELD 10-1i;1.0;2
BU09950611;OS ZUIDERVELD 10-1i;1.0;28
BU09950612;OS ZUIDERVELD 10-1i;1.0;57
BU09950613;OS ZUIDERVELD 10-1i;1.0;12
BU09950615;OS ZUIDERVELD 10-1i;1.0;7
BU09950631;OS ZUIDERVELD 10-1i;1.0;18
BU09950632;OS ZUIDERVELD 10-1i;1.0;50
BU09950633;OS ZUIDERVELD 10-1i;1.0;53
BU09950634;OS ZUIDERVELD 10-1i;1.0;27
BU09950635;OS ZUIDERVELD 10-1i;1.0;3
BU09950637;OS ZUIDERVELD 10-1i;1.0;14
BU09950638;OS ZUIDERVELD 10-1i;1.0;2
BU09950651;OS ZUIDERVELD 10-1i;0.8888888888888888;9
BU09950652;OS ZUIDERVELD 10-1i;1.0;15
BU09950671;OS ZUIDERVELD 10-1i;1.0;1
BU09950672;OS ZUIDERVELD 10-1i;0.96875;32
BU09950711;OS ZUIDERVELD 10-1i;1.0;26
BU09950712;OS ZUIDERVELD 10-1i;1.0;18
BU09950713;OS ZUIDERVELD 10-1i;1.0;24
BU09950731;OS ZUIDERVELD 10-1i;1.0;3
BU09950732;OS ZUIDERVELD 10-1i;1.0;3
BU09950733;OS ZUIDERVELD 10-1i;1.0;2
BU09950734;OS ZUIDERVELD 10-1i;1.0;1
BU09950741;OS ZUIDERVELD 10-1i;1.0;34
BU09950742;OS ZUIDERVELD 10-1i;1.0;25
BU09950743;OS ZUIDERVELD 10-1i;1.0;44
BU09950744;OS ZUIDERVELD 10-1i;1.0;50
BU09950747;OS ZUIDERVELD 10-1i;1.0;3
BU09950748;OS ZUIDERVELD 10-1i;1.0;2
BU09950766;OS ZUIDERVELD 10-1i;1.0;10
BU09950822;OS ZEEWOLDE 20KV 20-7i;1.0;13
BU09950836;OS ZUIDERVELD 10-1i;1.0;1
BU09950851;OS ZUIDERVELD 10-1i;1.0;30
BU09950852;OS ZUIDERVELD 10-1i;1.0;51
BU09950853;OS ZUIDERVELD 10-1i;1.0;7
BU09950871;OS ZEEWOLDE 20KV 20-7i;1.0;1
BU09950881;OS ZUIDERVELD 10-1i;1.0;10
BU09950882;OS ZUIDERVELD 10-1i;1.0;15
BU09950961;OS ZUIDERVELD 10-1i;1.0;12
BU09950962;OS ZUIDERVELD 10-1i;1.0;24
BU09950963;OS ZUIDERVELD 10-1i;1.0;4
BU09950964;OS ZUIDERVELD 10-1i;1.0;31
BU09950965;OS ZUIDERVELD 10-1i;1.0;6
BU09951017;OS LELYSTAD 10-1i;1.0;1
BU09951018;OS LELYSTAD 10-1i;1.0;3
BU09951019;OS LELYSTAD 10-1i;1.0;6
BU09951029;OS ZUIDERVELD 10-1i;0.5;4
BU09951031;OS LELYSTAD 10-1i;1.0;5
BU09951039;OS ZUIDERVELD 10-1i;0.6666666666666666;3
BU09951047;OS DRONTEN 10-1i;0.5;2
BU09951049;OS ZUIDERVELD 10-1i;1.0;1
BU09951058;OS ZEEWOLDE 20KV 20-7i;0.9166666666666666;12
BU09951059;OS ZEEWOLDE 20KV 20-7i;1.0;1
BU09951068;OS ZEEWOLDE 20KV 20-8i;1.0;1
BU09951069;OS DRONTEN 10-1i;0.6666666666666666;3
BU09951070;OS ZUIDERVELD 10-1i;1.0;2
BU09951071;OS ZUIDERVELD 10-1i;1.0;3
BU09951073;OS ZUIDERVELD 10-1i;1.0;2
BU09951074;OS LELYSTAD 10-1i;1.0;2
BU09951075;OS LELYSTAD 10-1i;0.5;2
BU09951076;OS ZUIDERVELD 10-1i;0.6666666666666666;3
BU09951078;OS ZUIDERVELD 10-1i;1.0;1
BU09951081;OS ZUIDERVELD 10-1i;1.0;7
BU09951083;OS LELYSTAD 10-1i;1.0;1
BU09951084;OS LELYSTAD 10-1i;0.8571428571428571;7
BU09951085;OS LELYSTAD 10-1i;1.0;8
BU09951087;OS ZEEWOLDE 20KV 20-7i;1.0;1
BU09951088;OS ZUIDERVELD 10-1i;0.75;8
BU09951097;OS ZUIDERVELD 10-1i;1.0;1
BU09951098;OS ZEEWOLDE 20KV 20-7i;0.5;4
BU09951111;OS ZUIDERVELD 10-1i;1.0;20
BU09951112;OS ZUIDERVELD 10-1i;1.0;21
BU09951113;OS ZUIDERVELD 10-1i;1.0;1
BU09951121;OS ZUIDERVELD 10-1i;0.6666666666666666;3
BU09951131;OS ZUIDERVELD 10-1i;1.0;3
BU09951132;OS ZUIDERVELD 10-1i;1.0;3
BU09951149;OS ZUIDERVELD 10-1i;1.0;1
BU09989999;TBZ;1.0;6
BU15070000;HRST;1.0;13
BU15070009;HRST;1.0;5
BU15070100;HRST;1.0;23
BU15070102;HRST;1.0;1
BU15070109;HRST;0.9761904761904762;42
BU15070200;HRST;1.0;10
BU15070209;HRST;1.0;29
BU15070300;HRST;1.0;22
BU15070309;HRST;1.0;30
BU15070400;HRST;1.0;49
BU15070401;HRST;1.0;65
BU15070402;HRST;1.0;13
BU15070403;HRST;1.0;21
BU15070404;HRST;1.0;13
BU15070405;HRST;1.0;6
BU15070406;HRST;1.0;11
BU15070407;HRST;1.0;26
BU15070408;HRST;1.0;21
BU15070409;HRST;1.0;29
BU15070410;HRST;1.0;8
BU15070419;HRST;0.9433962264150944;53
BU15070500;HRST;1.0;14
BU15070509;HRST;1.0;34
BU15070600;HRST;1.0;24
BU15070609;HRST;0.6666666666666666;18
BU15070700;HRST;1.0;25
BU15070709;HRST;1.0;34
BU15070800;HRST;0.68;25
BU15070801;HRST;1.0;12
BU15070802;HRST;0.8461538461538461;26
BU15070803;HRST;1.0;23
BU15070804;HRST;1.0;23
BU15070809;HRST;0.75;28
BU15070900;HRST;1.0;16
BU15070909;HRST;1.0;15
BU15071000;HRST;0.990909090909091;110
BU15071009;HRST;0.8947368421052632;76
BU15071100;HRST;1.0;15
BU15071109;HRST;1.0;24
BU15071209;HRST;0.9230769230769231;13
BU15071300;VENR;0.6341463414634146;41
BU15071309;HRST;0.5555555555555556;27
BU15071400;HRST;1.0;23
BU15071409;HRST;1.0;15
BU15071500;HRST;1.0;22
BU15071509;HRST;1.0;30
BU15090000;OS ULFT 10-1i;1.0;81
BU15090001;OS ULFT 10-1i;1.0;112
BU15090002;OS ULFT 10-1i;1.0;49
BU15090003;OS ULFT 10-1i;1.0;33
BU15090004;OS ULFT 10-1i;0.8823529411764706;17
BU15090007;OS ULFT 10-1i;0.8620689655172413;29
BU15090008;OS ULFT 10-1i;0.9629629629629629;27
BU15090009;OS ULFT 10-1i;1.0;19
BU15090100;OS ULFT 20-3i;0.8952380952380953;105
BU15090101;OS ULFT 20-3i;1.0;16
BU15090102;OS ULFT 20-3i;1.0;11
BU15090103;OS ULFT 20-3i;1.0;2
BU15090104;OS ULFT 10-1i;1.0;6
BU15090105;OS ULFT 20-3i;1.0;20
BU15090106;OS ULFT 20-3i;0.9375;16
BU15090107;OS ULFT 20-3i;1.0;14
BU15090108;OS ULFT 10-1i;0.9444444444444444;18
BU15090109;OS ULFT 10-1i;1.0;35
BU15090200;OS ULFT 10-1i;1.0;125
BU15090201;OS ULFT 10-1i;1.0;9
BU15090202;OS ULFT 10-1i;1.0;128
BU15090203;OS ULFT 10-1i;1.0;4
BU15090207;OS ULFT 10-1i;0.8333333333333334;12
BU15090208;OS ULFT 10-1i;1.0;31
BU15090300;OS DALE 10-1i;0.8954248366013072;153
BU15090301;OS DOETINCHEM 20-6i;1.0;10
BU15090302;OS DALE 10-1i;1.0;2
BU15090306;OS DOETINCHEM 20-6i;0.6060606060606061;33
BU15090307;OS DALE 10-1i;0.8409090909090909;44
BU15090308;OS DALE 10-1i;0.5111111111111111;45
BU15090309;OS ULFT 10-1i;0.525;40
BU15250101;OS SASSENHEIM 10-2i;1.0;28
BU15250102;OS SASSENHEIM 10-2i;1.0;63
BU15250103;OS SASSENHEIM 10-2i;1.0;51
BU15250104;OS SASSENHEIM 10-2i;1.0;1
BU15250201;OS SASSENHEIM 10-2i;1.0;48
BU15250202;OS SASSENHEIM 10-2i;1.0;14
BU15250203;OS SASSENHEIM 10-2i;1.0;36
BU15250204;OS SASSENHEIM 10-2i;1.0;16
BU15250205;OS SASSENHEIM 10-2i;1.0;22
BU15250301;OS SASSENHEIM 10-2i;1.0;22
BU15250302;OS SASSENHEIM 10-2i;1.0;15
BU15250303;OS SASSENHEIM 10-2i;1.0;3
BU15250304;OS SASSENHEIM 10-2i;1.0;7
BU15250401;OS SASSENHEIM 10-2i;1.0;4
BU15250403;OS SASSENHEIM 10-2i;1.0;3
BU15250404;OS SASSENHEIM 10-2i;1.0;3
BU15250405;OS SASSENHEIM 10-2i;0.5833333333333334;36
BU15251101;OS SASSENHEIM 10-2i;1.0;33
BU15251102;OS SASSENHEIM 10-2i;0.9705882352941176;34
BU15251103;OS SASSENHEIM 10-2i;1.0;33
BU15251104;OS SASSENHEIM 10-2i;0.5;2
BU15251201;OS SASSENHEIM 10-2i;0.7272727272727273;33
BU15251202;OS SASSENHEIM 10-2i;0.7878787878787878;33
BU15251203;OS SASSENHEIM 10-2i;1.0;5
BU15251204;OS SASSENHEIM 10-1i;0.95;20
BU15251205;OS SASSENHEIM 10-1i;1.0;14
BU15251206;OS SASSENHEIM 10-1i;0.8888888888888888;18
BU15251207;OS SASSENHEIM 10-2i;0.7647058823529411;17
BU15251208;OS SASSENHEIM 10-2i;0.75;12
BU15251301;OS SASSENHEIM 10-1i;1.0;1
BU15251302;OS SASSENHEIM 10-1i;0.7142857142857143;7
BU15251303;OS SASSENHEIM 10-2i;0.8333333333333334;6
BU15251304;OS SASSENHEIM 10-2i;1.0;1
BU15251401;OS SASSENHEIM 10-2i;1.0;17
BU15251402;OS SASSENHEIM 10-2i;1.0;17
BU15251403;OS SASSENHEIM 10-2i;1.0;15
BU15251404;OS SASSENHEIM 10-2i;0.9;10
BU15251405;OS SASSENHEIM 10-2i;1.0;28
BU15251406;OS SASSENHEIM 10-2i;0.8225806451612904;62
BU15251407;OS SASSENHEIM 10-2i;1.0;13
BU15251408;OS SASSENHEIM 10-2i;1.0;7
BU15251501;OS SASSENHEIM 10-1i;1.0;1
BU15251502;OS SASSENHEIM 10-2i;0.6666666666666666;6
BU15251503;OS SASSENHEIM 10-2i;0.6;5
BU15252101;OS LEIDEN NOORD 10-1i;1.0;103
BU15252102;OS LEIDEN NOORD 10-1i;1.0;58
BU15252103;OS LEIDEN NOORD 10-1i;1.0;21
BU15252104;OS LEIDEN NOORD 10-1i;1.0;4
BU15252201;OS LEIDEN NOORD 10-1i;0.5;2
BU15252202;OS LEIDERDORP 10-1i;0.39285714285714285;28
BU15810000;CM36;1.0;87
BU15810001;CM37;1.0;35
BU15810002;CM36;0.9655172413793104;58
BU15810003;CM36;0.8048780487804879;41
BU15810004;CM36;1.0;57
BU15810007;CM36;1.0;10
BU15810008;CM37;0.8125;16
BU15810009;CM36;0.7777777777777778;18
BU15810101;CM37;1.0;6
BU15810102;CM37;1.0;15
BU15810103;CM37;1.0;53
BU15810104;CM37;1.0;8
BU15810105;CM37;1.0;51
BU15810106;CM37;1.0;91
BU15810107;CM37;1.0;55
BU15810108;CM37;1.0;132
BU15810109;CM37;1.0;87
BU15810110;CM37;1.0;8
BU15810200;CM36;1.0;171
BU15810201;CM36;1.0;1
BU15810206;CM36;1.0;5
BU15810207;CM36;1.0;14
BU15810208;CM36;0.6;10
BU15810209;CM38;1.0;8
BU15810300;CM38;0.8432835820895522;134
BU15810302;CM38;1.0;27
BU15810308;CM38;1.0;11
BU15810309;CM36;0.7142857142857143;7
BU15810400;CM36;0.984251968503937;127
BU15810402;TS049_10;1.0;19
BU15810403;CM36;1.0;2
BU15810408;CM36;0.7419354838709677;31
BU15810409;TS049_10;0.9166666666666666;12
BU15860101;OS DALE 10-1i;1.0;23
BU15860102;OS DALE 10-1i;1.0;37
BU15860103;OS DALE 10-1i;1.0;9
BU15860104;OS DALE 10-1i;1.0;54
BU15860105;OS DALE 10-1i;1.0;35
BU15860106;OS DALE 10-1i;1.0;52
BU15860107;OS DALE 10-1i;1.0;18
BU15860108;OS DALE 10-1i;1.0;22
BU15860109;OS DALE 10-1i;1.0;44
BU15860110;OS DALE 10-1i;1.0;9
BU15860111;OS DALE 10-1i;1.0;17
BU15860112;OS DALE 10-1i;1.0;3
BU15860113;OS DALE 10-1i;1.0;8
BU15860114;OS DALE 10-1i;1.0;8
BU15860115;OS DALE 10-1i;1.0;3
BU15860116;OS DALE 10-1i;1.0;24
BU15860201;OS DALE 10-1i;1.0;17
BU15860202;OS DALE 10-1i;1.0;21
BU15860301;OS DALE 10-1i;1.0;25
BU15860302;OS DALE 10-1i;0.7619047619047619;42
BU15860401;OS DALE 10-1i;0.7777777777777778;18
BU15860402;OS WINTERSWIJK 10-1i;0.6944444444444444;36
BU15860501;OS WINTERSWIJK 10-1i;1.0;10
BU15860502;OS WINTERSWIJK 10-1i;0.8181818181818182;33
BU15860601;OS WINTERSWIJK 10-1i;1.0;55
BU15860602;OS WINTERSWIJK 10-1i;1.0;13
BU15860603;OS WINTERSWIJK 10-1i;1.0;67
BU15860604;OS WINTERSWIJK 10-1i;1.0;28
BU15860605;OS WINTERSWIJK 10-1i;1.0;38
BU15860606;OS WINTERSWIJK 10-1i;1.0;15
BU15860607;OS WINTERSWIJK 10-1i;1.0;10
BU15860608;OS WINTERSWIJK 10-1i;1.0;2
BU15860609;OS WINTERSWIJK 10-1i;1.0;9
BU15860610;OS WINTERSWIJK 10-1i;1.0;12
BU15860611;OS WINTERSWIJK 10-1i;1.0;11
BU15860612;OS WINTERSWIJK 10-1i;1.0;4
BU15860613;OS BORCULO 20-3i;1.0;7
BU15860614;OS BORCULO 20-3i;1.0;2
BU15860615;OS WINTERSWIJK 10-1i;0.5925925925925926;54
BU15860701;OS BORCULO 20-3i;1.0;11
BU15860702;OS BORCULO 20-3i;0.4090909090909091;22
BU15980101;OS OTERLEEK 10-4i;0.5;2
BU15980102;OS OTERLEEK 10-4i;0.8888888888888888;9
BU15980103;OS OTERLEEK 10-4i;1.0;8
BU15980104;OS OTERLEEK 10-4i;1.0;20
BU15980105;OS OTERLEEK 10-4i;1.0;10
BU15980106;OS OTERLEEK 10-4i;1.0;19
BU15980107;OS OTERLEEK 10-4i;1.0;20
BU15980108;OS OTERLEEK 10-4i;1.0;6
BU15980109;OS OTERLEEK 10-4i;0.84;25
BU15980110;OS OTERLEEK 10-4i;1.0;19
BU15980111;OS OTERLEEK 10-4i;1.0;13
BU15980112;OS OTERLEEK 10-4i;1.0;8
BU15980113;OS OTERLEEK 10-4i;0.75;4
BU15980201;OS OTERLEEK 10-2i;0.6;15
BU15980202;OS OTERLEEK 10-2i;0.6666666666666666;18
BU15980203;OS OTERLEEK 10-2i;0.875;8
BU15980301;OS OTERLEEK 10-2i;1.0;5
BU15980302;OS OTERLEEK 10-2i;0.5333333333333333;15
BU15980303;OS OTERLEEK 10-2i;1.0;18
BU15980401;OS HOORN GELDELOZEWEG 50-1i;1.0;5
BU15980402;OS HOORN GELDELOZEWEG 50-1i;1.0;4
BU15980403;OS HOORN GELDELOZEWEG 50-1i;1.0;3
BU15980501;OS HOORN GELDELOZEWEG 50-1i;1.0;15
BU15980502;OS HOORN GELDELOZEWEG 50-1i;1.0;6
BU15980503;OS HOORN GELDELOZEWEG 50-1i;1.0;3
BU15980504;OS HOORN GELDELOZEWEG 50-1i;1.0;16
BU15980505;OS HOORN GELDELOZEWEG 50-1i;1.0;9
BU15980506;OS HOORN GELDELOZEWEG 50-1i;1.0;5
BU15980507;OS HOORN GELDELOZEWEG 50-1i;1.0;7
BU15980601;OS OTERLEEK 10-2i;1.0;3
BU15980602;OS OTERLEEK 10-2i;0.8181818181818182;11
BU15980603;OS OTERLEEK 10-4i;0.9285714285714286;14
BU15980604;OS OTERLEEK 10-4i;1.0;11
BU15980605;OS OTERLEEK 10-4i;1.0;13
BU15980606;OS OTERLEEK 10-4i;1.0;10
BU15980607;OS OTERLEEK 10-4i;1.0;4
BU15980608;OS OTERLEEK 10-4i;1.0;9
BU15980609;OS OTERLEEK 10-4i;1.0;3
BU15980610;OS OTERLEEK 10-4i;1.0;2
BU15980701;OS OTERLEEK 10-4i;0.5;6
BU15980702;OS OTERLEEK 10-4i;1.0;14
BU15980703;OS HOORN GELDELOZEWEG 50-1i;1.0;17
BU15980704;OS HOORN GELDELOZEWEG 50-1i;0.8333333333333334;6
BU15980705;OS HOORN GELDELOZEWEG 50-1i;1.0;19
BU15980706;OS HOORN GELDELOZEWEG 50-1i;1.0;14
BU15980707;OS HOORN GELDELOZEWEG 50-1i;1.0;9
BU15980708;OS HOORN GELDELOZEWEG 50-1i;1.0;7
BU15980709;OS HOORN GELDELOZEWEG 50-1i;1.0;1
BU15980801;OS OTERLEEK 10-4i;0.75;4
BU15980802;OS HOORN GELDELOZEWEG 50-1i;1.0;10
BU15980803;OS HOORN GELDELOZEWEG 50-1i;1.0;18
BU15980804;OS HOORN GELDELOZEWEG 50-1i;1.0;8
BU15980805;OS HOORN GELDELOZEWEG 50-1i;1.0;16
BU15980806;OS HOORN GELDELOZEWEG 50-1i;1.0;4
BU15980807;OS HOORN GELDELOZEWEG 50-1i;1.0;2
BU15980808;OS HOORN GELDELOZEWEG 50-1i;0.875;8
BU15980901;OS HOORN GELDELOZEWEG 50-1i;1.0;6
BU15980902;OS HOORN GELDELOZEWEG 50-1i;1.0;4
BU15981001;OS PURMEREND SCHAEPMANSTRAAT 50-1i;0.7142857142857143;7
BU15981002;OS PURMEREND SCHAEPMANSTRAAT 50-1i;1.0;4
BU16211111;TT114_10;1.0;76
BU16211121;TT114_10;0.75;4
BU16211211;TT114_10;1.0;49
BU16211221;TT114_10;1.0;63
BU16211231;TT114_10;0.9642857142857143;28
BU16211311;TT114_10;1.0;41
BU16211321;TT114_10;1.0;68
BU16211331;TT114_10;1.0;13
BU16211411;TT010_10;0.5882352941176471;17
BU16211514;TT114_10;0.85;20
BU16211522;CM20;0.75;8
BU16211531;TT114_10;1.0;9
BU16211543;TT114_10;0.9411764705882353;17
BU16211552;TT114_10;0.5;6
BU16212111;CM19/30;0.9487179487179487;39
BU16212121;CM19/30;0.8888888888888888;18
BU16212131;CM19/30;1.0;44
BU16212144;TT114_10;0.5;2
BU16212211;CM19/30;1.0;22
BU16212221;CM19/30;1.0;37
BU16212231;CM19/30;1.0;24
BU16212241;CM19/30;1.0;19
BU16212254;CM19/30;1.0;3
BU16212311;CM19/30;1.0;21
BU16212321;CM19/30;1.0;40
BU16212331;CM19/30;0.9428571428571428;35
BU16212412;CM19/30;0.675;40
BU16212511;TT104_10;1.0;18
BU16212521;TT104_10;1.0;25
BU16212531;TT104_10;1.0;29
BU16212541;TT104_10;0.95;20
BU16212611;TT104_10;0.7692307692307693;13
BU16212621;TT104_10;0.9166666666666666;12
BU16212633;TT114_10;1.0;1
BU16212644;TT104_10;0.8;5
BU16212711;TT104_10;1.0;16
BU16212721;TT104_10;1.0;25
BU16212731;TT104_10;1.0;14
BU16212741;TT104_10;0.9473684210526315;19
BU16212814;TT104_10;1.0;19
BU16212823;TT104_10;1.0;2
BU16212833;TT104_10;1.0;3
BU16212843;TT104_10;1.0;18
BU16212851;TT104_10;1.0;26
BU16212864;TT104_10;0.75;4
BU16213111;CM20;1.0;14
BU16213121;CM20;1.0;29
BU16213133;CM20;1.0;15
BU16213141;CM20;1.0;46
BU16213162;CM20;1.0;2
BU16213211;CM20;1.0;19
BU16213221;CM20;1.0;32
BU16213231;CM20;1.0;42
BU16213242;CM20;1.0;2
BU16213251;CM20;1.0;22
BU16213261;CM20;1.0;14
BU16213312;CM20;0.5;30
BU16213323;CM20;0.5714285714285714;7
BU16213334;CM20;1.0;6
BU16213344;TT113_10;0.7777777777777778;9
BU16213353;TH011_23;0.7;20
BU16400000;BUGG;1.0;137
BU16400001;BUGG;0.9230769230769231;39
BU16400100;BUGG;1.0;10
BU16400101;BUGG;0.7777777777777778;9
BU16400200;BUGG;1.0;81
BU16400201;BUGG;0.9393939393939394;33
BU16400300;HELD;1.0;66
BU16400301;HELD;0.9615384615384616;52
BU16400400;BUGG;1.0;15
BU16400401;BUGG;0.875;16
BU16400500;BUGG;1.0;111
BU16400501;BUGG;1.0;30
BU16400600;BUGG;1.0;22
BU16400601;BUGG;0.8888888888888888;9
BU16400700;BUGG;1.0;90
BU16400701;BUGG;1.0;18
BU16400800;BUGG;1.0;49
BU16400801;BUGG;0.9473684210526315;38
BU16400900;KELP;1.0;17
BU16400901;KELP;0.9285714285714286;28
BU16401000;KELP;0.6444444444444445;45
BU16401001;KELP;0.5;16
BU16401100;KELP;1.0;31
BU16401101;KELP;0.9473684210526315;19
BU16401200;KELP;1.0;9
BU16401201;KELP;1.0;11
BU16401300;KELP;1.0;16
BU16401301;KELP;1.0;18
BU16401400;KELP;1.0;39
BU16401401;KELP;1.0;7
BU16401500;MSBT;0.5;44
BU16401501;MSBT;0.6666666666666666;21
BU16410000;MSBT;1.0;156
BU16410001;MSBT;1.0;26
BU16410009;MSBT;1.0;11
BU16410100;MSBT;0.7899159663865546;119
BU16410200;MSBT;1.0;53
BU16410201;MSBT;1.0;7
BU16410300;MSBT;1.0;7
BU16410301;MSBT;1.0;23
BU16410400;MSBT;1.0;69
BU16410409;MSBT;1.0;11
BU16410500;BUGG;1.0;99
BU16410501;MSBT;0.75;8
BU16410509;BUGG;0.5555555555555556;9
BU16410600;BUGG;1.0;58
BU16410700;MSBT;0.9761904761904762;84
BU16520000;ARI;1.0;126
BU16520008;ARI;1.0;18
BU16520101;ARI;1.0;99
BU16520104;ARI;1.0;14
BU16520107;ARI;1.0;30
BU16520202;ARI;1.0;139
BU16520203;ARI;1.0;15
BU16520209;ARI;1.0;22
BU16520300;ARI;1.0;31
BU16520308;ARI;1.0;13
BU16520309;ARI;1.0;14
BU16520400;ARI;1.0;20
BU16520408;ARI;1.0;10
BU16520409;ARI;1.0;29
BU16520500;ARI;1.0;13
BU16520509;ARI;1.0;26
BU16520600;ARI;1.0;111
BU16520608;ARI;1.0;18
BU16520609;ARI;1.0;24
BU16520700;ARI;1.0;36
BU16520708;ARI;1.0;13
BU16520709;ARI;1.0;27
BU16520800;ARI;1.0;22
BU16520809;ARI;1.0;26
BU16550101;RSD;1.0;158
BU16550102;RSD;1.0;14
BU16550109;RSD;1.0;31
BU16550201;RSD;1.0;38
BU16550209;RSD;1.0;3
BU16550301;RSD;0.9910714285714286;112
BU16550302;ETN;0.9375;64
BU16550303;ETN;1.0;45
BU16550304;RSD;1.0;40
BU16550305;RSD;1.0;44
BU16550307;RSD;1.0;36
BU16550308;RSD;0.8666666666666667;15
BU16550309;RSD;0.5789473684210527;19
BU16550401;ETN;1.0;114
BU16550402;ETN;1.0;6
BU16550403;ETN;1.0;7
BU16550408;ETN;1.0;25
BU16550409;ETN;1.0;18
BU16550501;RSD;1.0;62
BU16550509;RSD;0.875;16
BU16580001;MZ;1.0;5
BU16580010;MZ;1.0;6
BU16580011;MZ;1.0;24
BU16580012;MZ;1.0;4
BU16580013;MZ;1.0;11
BU16580014;MZ;1.0;40
BU16580015;MZ;1.0;28
BU16580016;MZ;1.0;24
BU16580017;MZ;1.0;33
BU16580018;MZ;1.0;8
BU16580019;MZ;0.8333333333333334;6
BU16580020;MZ;0.9565217391304348;23
BU16580021;MZ;1.0;5
BU16580022;MZ;1.0;12
BU16580023;MZ;1.0;17
BU16580024;MZ;1.0;11
BU16580101;MZ;1.0;7
BU16580108;EHVZ;0.625;8
BU16580110;MZ;1.0;10
BU16580111;MZ;1.0;13
BU16580112;MZ;1.0;20
BU16580113;MZ;1.0;12
BU16580115;MZ;1.0;5
BU16580116;MZ;1.0;1
BU16580117;MZ;1.0;20
BU16580118;MZ;1.0;3
BU16580119;MZ;1.0;13
BU16580200;MZ;1.0;10
BU16580209;MZ;1.0;2
BU16580310;MZ;1.0;24
BU16580311;MZ;1.0;17
BU16580312;MZ;1.0;8
BU16580313;MZ;0.9230769230769231;13
BU16590000;ARI;1.0;138
BU16590001;ARI;1.0;94
BU16590002;ARI;1.0;11
BU16590003;ARI;1.0;12
BU16590009;ARI;1.0;54
BU16590100;ARI;1.0;128
BU16590101;ARI;1.0;2
BU16590102;ARI;1.0;2
BU16590108;ARI;1.0;10
BU16590109;ARI;1.0;11
BU16590200;ARI;1.0;97
BU16590201;ARI;1.0;2
BU16590209;ARI;1.0;36
BU16590300;ARI;1.0;27
BU16590309;ARI;1.0;42
BU16670000;HPT;1.0;162
BU16670001;HPT;1.0;13
BU16670002;HPT;1.0;14
BU16670008;HPT;1.0;24
BU16670009;HPT;1.0;17
BU16670100;HPT;1.0;40
BU16670109;HPT;1.0;20
BU16670200;HPT;1.0;40
BU16670209;HPT;0.9583333333333334;24
BU16670300;HPT;1.0;16
BU16670309;HPT;1.0;13
BU16690101;MSBT;1.0;74
BU16690109;MSBT;1.0;30
BU16690201;MSBT;0.9620253164556962;79
BU16690202;RMND;1.0;1
BU16690203;MSBT;1.0;4
BU16690209;MSBT;0.8666666666666667;30
BU16690301;MSBT;0.9902912621359223;103
BU16690309;MLBK;0.5714285714285714;7
BU16690401;MSBT;1.0;75
BU16690402;MSBT;1.0;1
BU16690403;MSBT;1.0;2
BU16690404;MSBT;1.0;3
BU16690409;MSBT;1.0;28
BU16690501;MLBK;1.0;102
BU16690502;MLBK;1.0;1
BU16690503;MLBK;1.0;1
BU16690509;MLBK;1.0;14
BU16690601;MSBT;0.9821428571428571;56
BU16690602;MLBK;1.0;1
BU16690603;MLBK;1.0;1
BU16690609;MLBK;0.55;20
BU16740000;RSD;1.0;96
BU16740001;RSD;1.0;48
BU16740002;RSD;1.0;34
BU16740003;RSD;1.0;25
BU16740100;RSD;1.0;42
BU16740101;RSD;1.0;61
BU16740102;RSD;1.0;49
BU16740200;RSD;1.0;48
BU16740201;RSD;1.0;43
BU16740202;RSD;1.0;83
BU16740209;RSD;1.0;15
BU16740300;RSD;1.0;49
BU16740301;RSD;1.0;24
BU16740302;RSD;1.0;59
BU16740303;RSD;1.0;64
BU16740309;RSD;1.0;21
BU16740400;RSD;1.0;25
BU16740401;RSD;1.0;37
BU16740402;RSD;1.0;34
BU16740403;RSD;1.0;48
BU16740404;RSD;1.0;48
BU16740405;RSD;1.0;19
BU16740409;RSD;1.0;12
BU16740500;RSD;1.0;23
BU16740501;RSD;1.0;34
BU16740502;RSD;1.0;49
BU16740509;RSD;1.0;8
BU16740600;RSD;1.0;100
BU16740601;RSD;1.0;78
BU16740602;RSD;1.0;36
BU16740603;RSD;1.0;18
BU16740609;RSD;1.0;9
BU16740700;RSD;1.0;16
BU16740701;RSD;1.0;40
BU16740702;RSD;1.0;51
BU16740703;RSD;1.0;31
BU16740705;RSD;1.0;17
BU16740706;RSD;1.0;1
BU16740709;RSD;1.0;16
BU16740800;RSD;1.0;23
BU16740801;RSD;1.0;9
BU16740802;RSD;1.0;16
BU16740803;RSD;1.0;22
BU16740804;RSD;1.0;6
BU16741000;RSD;1.0;42
BU16741009;RSD;0.9642857142857143;28
BU16741100;RSD;1.0;112
BU16741108;RSD;1.0;6
BU16741109;RSD;1.0;3
BU16741200;RSD;1.0;35
BU16741209;RSD;0.9130434782608695;23
BU16741300;RSD;1.0;7
BU16741309;RSD;0.9285714285714286;14
BU16741400;RSD;1.0;22
BU16741409;RSD;1.0;25
BU16760000;CM73;1.0;155
BU16760001;CM73;1.0;50
BU16760002;CM73;1.0;103
BU16760003;CM73;1.0;14
BU16760004;CM73;1.0;16
BU16760007;CM73;1.0;29
BU16760008;CM73;1.0;10
BU16760009;CM73;1.0;4
BU16760100;CM73;1.0;59
BU16760109;CM73;1.0;32
BU16760200;CM73;0.9583333333333334;24
BU16760209;CM73;1.0;22
BU16760300;CM73;1.0;28
BU16760309;CM73;0.9473684210526315;19
BU16760400;CM73;1.0;14
BU16760401;CM73;1.0;18
BU16760409;CM73;1.0;11
BU16760500;CM00;1.0;97
BU16760501;CM00;1.0;17
BU16760509;CM00;1.0;21
BU16760600;CM00;1.0;67
BU16760609;CM00;0.8888888888888888;27
BU16760700;CM00;1.0;53
BU16760701;CM00;1.0;9
BU16760708;CM00;1.0;10
BU16760709;CM00;0.9565217391304348;23
BU16760800;CM73;1.0;15
BU16760809;CM73;0.8947368421052632;19
BU16760900;CM73;1.0;59
BU16760909;CM73;0.9615384615384616;26
BU16761000;CM73;1.0;23
BU16761009;CM73;1.0;26
BU16761100;CM73;1.0;11
BU16761109;CM73;1.0;11
BU16761200;CM73;1.0;57
BU16761201;CM73;1.0;23
BU16761202;CM73;1.0;18
BU16761203;CM73;1.0;15
BU16761204;CM73;1.0;20
BU16761205;CM73;1.0;35
BU16761208;CM73;1.0;28
BU16761209;CM73;1.0;21
BU16761300;CM73;1.0;47
BU16761301;CM73;1.0;40
BU16761302;CM73;1.0;19
BU16761303;CM73;1.0;9
BU16761309;CM73;1.0;5
BU16761400;CM73;1.0;7
BU16761409;CM73;1.0;15
BU16761500;CM73;1.0;6
BU16761509;CM73;1.0;10
BU16800000;GLTK;0.5656565656565656;99
BU16800009;GLTK;0.5;12
BU16800100;GLTK;1.0;37
BU16800109;GLTK;1.0;19
BU16800200;MAK;1.0;11
BU16800209;MAK;1.0;8
BU16800300;MAK;1.0;11
BU16800309;MAK;1.0;4
BU16800400;GLTK;1.0;6
BU16800409;GLTK;1.0;5
BU16800500;KWD;1.0;16
BU16800509;KWD;1.0;7
BU16800600;VDM;1.0;8
BU16800609;VDM;1.0;4
BU16800700;VDM;1.0;4
BU16800809;VDM;1.0;2
BU16800900;VDM;1.0;1
BU16800909;VDM;1.0;2
BU16801100;VDM;1.0;8
BU16801109;VDM;1.0;2
BU16801200;VDM;1.0;7
BU16801209;VDM;1.0;1
BU16801300;VDM;1.0;2
BU16801309;VDM;1.0;4
BU16801400;GLTK;1.0;49
BU16801401;GLTK;1.0;4
BU16801409;GLTK;1.0;18
BU16801500;GLTK;1.0;53
BU16801501;GLTK;1.0;1
BU16801509;GLTK;1.0;3
BU16801600;SKN;0.6428571428571429;14
BU16801609;GLTK;1.0;4
BU16801700;GLTK;0.9944444444444445;180
BU16801709;GLTK;0.8461538461538461;13
BU16801800;GLTK;0.6428571428571429;14
BU16801801;GLTK;1.0;3
BU16801802;VDM;1.0;4
BU16801809;GLTK;0.8125;16
BU16801900;MAK;1.0;132
BU16801901;MAK;1.0;4
BU16801902;GLTK;1.0;1
BU16801903;MAK;1.0;1
BU16801908;MAK;1.0;17
BU16801909;MAK;0.8888888888888888;18
BU16802000;GLTK;1.0;17
BU16802001;BL;1.0;2
BU16802008;GLTK;1.0;5
BU16802009;BL;0.5217391304347826;23
BU16802100;GLTK;1.0;8
BU16802101;GLTK;1.0;3
BU16802109;GLTK;1.0;10
BU16810001;EMW;1.0;29
BU16810009;EMW;1.0;10
BU16810101;MSKZ;1.0;15
BU16810102;EMW;0.5483870967741935;31
BU16810103;MSKZ;1.0;20
BU16810104;EMW;1.0;25
BU16810109;MSKZ;0.7857142857142857;14
BU16810209;GLTK;1.0;8
BU16810309;MSKZ;1.0;3
BU16817901;SKN;1.0;6
BU16817909;SKN;1.0;2
BU16818001;SKN;1.0;7
BU16818002;EMW;0.68;25
BU16818003;EMW;1.0;19
BU16818009;EMW;0.6666666666666666;9
BU16818109;MSKZ;1.0;3
BU16818201;GLTK;1.0;17
BU16818202;GLTK;1.0;15
BU16818203;GLTK;1.0;38
BU16818204;GLTK;1.0;20
BU16818205;GLTK;1.0;14
BU16818206;GLTK;1.0;31
BU16818209;GLTK;1.0;19
BU16818309;GLTK;1.0;4
BU16818409;GLTK;1.0;5
BU16818501;GLTK;1.0;21
BU16818509;GLTK;1.0;6
BU16818601;GLTK;1.0;4
BU16818609;GLTK;1.0;7
BU16818701;GLTK;1.0;10
BU16818709;GLTK;1.0;8
BU16818801;SKN;1.0;8
BU16818809;SKN;1.0;4
BU16818909;GLTK;1.0;9
BU16819001;GLTK;1.0;8
BU16819009;GLTK;1.0;9
BU16819109;GLTK;1.0;8
BU16819209;EMW;0.75;8
BU16819309;GLTK;1.0;1
BU16819409;GLTK;0.6666666666666666;3
BU16819501;EMW;1.0;20
BU16819502;EMW;1.0;13
BU16819503;EMW;1.0;17
BU16819509;EMW;1.0;9
BU16819601;EMW;1.0;14
BU16819609;EMW;1.0;10
BU16819701;SKN;1.0;23
BU16819702;SKN;1.0;46
BU16819703;SKN;1.0;29
BU16819704;SKN;1.0;13
BU16819705;GLTK;0.6153846153846154;13
BU16819709;SKN;0.8333333333333334;6
BU16819801;EMW;1.0;28
BU16819802;EMW;1.0;10
BU16819803;EMW;1.0;22
BU16819809;EMW;1.0;8
BU16819901;EMW;1.0;3
BU16819909;EMW;1.0;8
BU16900000;HGV;1.0;169
BU16900009;HGV;1.0;34
BU16900100;HGV;1.0;11
BU16900109;HGV;1.0;14
BU16900200;HGV;1.0;8
BU16900209;DDV;0.5714285714285714;14
BU16900300;DDV;1.0;6
BU16900309;DDV;1.0;10
BU16900400;HGV;1.0;2
BU16900409;DDV;0.6;20
BU16900500;HGV;1.0;3
BU16900509;HGV;0.7368421052631579;19
BU16900600;HGV;1.0;4
BU16900609;HGV;1.0;15
BU16900700;HGV;1.0;8
BU16900709;HGV;1.0;13
BU16900800;HGV;1.0;79
BU16900801;HGV;1.0;2
BU16900803;HGV;1.0;1
BU16900809;HGV;0.9512195121951219;41
BU16900909;HGV;1.0;4
BU16901000;HGV;1.0;9
BU16901009;HGV;1.0;11
BU16901100;MP;1.0;72
BU16901101;MP;1.0;1
BU16901102;MP;1.0;6
BU16901103;MP;1.0;2
BU16901104;MP;1.0;1
BU16901105;MP;0.5714285714285714;7
BU16901109;MP;0.72;25
BU16901200;MP;1.0;26
BU16901201;MP;1.0;3
BU16901202;MP;1.0;3
BU16901203;MP;1.0;1
BU16901209;MP;0.96;50
BU16901300;MP;1.0;71
BU16901309;MP;0.9523809523809523;21
BU16950000;TH201_10_B;1.0;58
BU16950001;TH201_10_B;1.0;36
BU16950009;TH201_10_B;1.0;17
BU16950100;TH201_10_B;1.0;58
BU16950109;TH201_10_B;1.0;19
BU16950200;TH201_10_B;1.0;15
BU16950209;TH201_10_B;1.0;13
BU16950300;TH201_10_B;1.0;49
BU16950301;TH201_10_B;1.0;38
BU16950309;TH201_10_B;1.0;79
BU16950400;TH201_10_B;1.0;38
BU16950409;TH201_10_B;1.0;18
BU16950500;TH201_10_B;1.0;12
BU16950509;TH201_10_B;1.0;7
BU16960000;OS 'S-GRAVELAND 10-1i;0.6521739130434783;46
BU16960100;OS 'S-GRAVELAND 10-1i;0.9;10
BU16960101;OS 'S-GRAVELAND 10-1i;0.9875776397515528;161
BU16960102;OS 'S-GRAVELAND 10-1i;0.8;5
BU16960103;OS 'S-GRAVELAND 10-1i;0.75;4
BU16960200;OS 'S-GRAVELAND 10-1i;1.0;9
BU16960201;OS 'S-GRAVELAND 10-1i;1.0;31
BU16960202;OS 'S-GRAVELAND 10-1i;1.0;3
BU16960300;TS069_10;0.6666666666666666;57
BU16960400;TS040_10;0.5987261146496815;157
BU16960401;TS040_10;1.0;3
BU16960402;TS040_10;1.0;3
BU16960500;TS040_10;1.0;8
BU16960601;OS 'S-GRAVELAND 10-1i;1.0;40
BU16960602;OS 'S-GRAVELAND 10-1i;1.0;42
BU16960603;OS 'S-GRAVELAND 10-1i;1.0;22
BU16960604;OS 'S-GRAVELAND 10-1i;0.92;50
BU16990000;VVL10;1.0;215
BU16990010;VVL10;1.0;188
BU16990020;VVL10;1.0;27
BU16990030;VVL10;1.0;35
BU16990040;VVL10;1.0;27
BU16990050;VVL10;1.0;1
BU16990060;VVL10;1.0;3
BU16990070;VVL10;1.0;10
BU16990090;VVL10;1.0;1
BU16990100;VVL10;0.75;4
BU16990120;VVL10;1.0;20
BU16990130;VVL10;0.8292682926829268;41
BU16990140;VVL10;1.0;15
BU16990300;ZYV;1.0;137
BU16990310;VVL10;0.9166666666666666;12
BU16990320;ZYV;1.0;7
BU16990330;ZYV;1.0;2
BU16990340;ZYV;1.0;3
BU16990350;ZYV;1.0;8
BU16990360;ZYV;1.0;28
BU16990370;ZYV;1.0;6
BU16990380;VVL10;0.6666666666666666;9
BU16990390;ZYV;0.9629629629629629;54
BU16990400;ZYV;0.5454545454545454;11
BU16990410;ZYV;0.875;8
BU16990420;ZYV;1.0;9
BU16990430;ZYV;1.0;4
BU16990440;ZYV;1.0;3
BU16990450;ZYV;0.9047619047619048;21
BU16990600;VVL10;1.0;139
BU16990610;VVL10;1.0;3
BU16990620;VVL10;1.0;2
BU16990630;VVL10;0.9574468085106383;47
BU17000101;VH;1.0;21
BU17000102;VH;1.0;9
BU17000103;VH;1.0;6
BU17000104;VH;1.0;69
BU17000105;VH;1.0;27
BU17000106;VH;1.0;72
BU17000107;VH;1.0;74
BU17000108;VH;1.0;24
BU17000201;VH;1.0;9
BU17000202;VH;1.0;47
BU17000203;VH;1.0;46
BU17000204;VH;1.0;3
BU17000205;VH;0.6;15
BU17000301;VH;1.0;12
BU17000302;VH;1.0;98
BU17000303;VH;1.0;18
BU17000304;VH;1.0;29
BU17000401;VH;1.0;17
BU17000402;VH;1.0;140
BU17000403;VH;1.0;14
BU17000404;VH;1.0;6
BU17000405;VH;1.0;71
BU17000406;VH;1.0;13
BU17000501;VH;1.0;6
BU17000502;VH;1.0;10
BU17000503;VH;1.0;9
BU17000601;VH;1.0;14
BU17010000;BL;1.0;78
BU17010003;BL;1.0;1
BU17010009;BL;0.9782608695652174;46
BU17010100;BL;1.0;14
BU17010109;BL;1.0;15
BU17010200;BL;1.0;4
BU17010209;BL;1.0;20
BU17010300;BL;1.0;68
BU17010301;BL;1.0;1
BU17010303;HGV;1.0;10
BU17010309;BL;0.9285714285714286;14
BU17010400;BL;1.0;1
BU17010409;BL;1.0;18
BU17010500;BL;1.0;1
BU17010509;BL;1.0;6
BU17010600;BL;1.0;4
BU17010601;BL;1.0;1
BU17010609;BL;1.0;11
BU17010700;BL;1.0;10
BU17010709;BL;1.0;2
BU17010800;SW;1.0;90
BU17010801;SW;1.0;17
BU17010802;SW;1.0;3
BU17010809;SW;1.0;43
BU17010900;SW;1.0;34
BU17010909;SW;0.9047619047619048;21
BU17011000;SW;1.0;12
BU17011001;SW;1.0;2
BU17011009;SW;1.0;12
BU17011100;BL;1.0;66
BU17011109;BL;1.0;12
BU17011200;BL;1.0;5
BU17011209;BL;1.0;10
BU17011300;BL;1.0;6
BU17011309;BL;0.7777777777777778;9
BU17011400;BL;1.0;7
BU17011409;BL;1.0;12
BU17011500;BL;1.0;23
BU17011509;BL;1.0;7
BU17011600;BL;1.0;2
BU17011609;BL;1.0;10
BU17011709;BL;1.0;3
BU17050000;OS OOSTERHOUT 20-1i;1.0;30
BU17050001;OS OOSTERHOUT 20-1i;1.0;37
BU17050002;OS OOSTERHOUT 20-1i;1.0;17
BU17050003;OS OOSTERHOUT 20-1i;1.0;53
BU17050004;OS OOSTERHOUT 20-1i;1.0;20
BU17050005;OS OOSTERHOUT 20-1i;1.0;58
BU17050006;OS OOSTERHOUT 20-1i;1.0;21
BU17050007;OS OOSTERHOUT 20-1i;1.0;21
BU17050008;OS OOSTERHOUT 20-1i;1.0;3
BU17050009;OS OOSTERHOUT 20-2i;0.45454545454545453;11
BU17050010;OS OOSTERHOUT 20-1i;1.0;8
BU17050011;OS OOSTERHOUT 20-1i;1.0;6
BU17050012;OS OOSTERHOUT 20-1i;1.0;7
BU17050100;OS OOSTERHOUT 20-1i;1.0;27
BU17050101;OS OOSTERHOUT 20-1i;1.0;23
BU17050102;OS OOSTERHOUT 20-1i;1.0;22
BU17050103;OS OOSTERHOUT 20-1i;1.0;14
BU17050104;OS OOSTERHOUT 20-1i;1.0;44
BU17050105;OS OOSTERHOUT 20-1i;1.0;43
BU17050106;OS OOSTERHOUT 20-1i;1.0;5
BU17050200;OS OOSTERHOUT 20-1i;1.0;39
BU17050201;OS OOSTERHOUT 20-1i;1.0;28
BU17050202;OS OOSTERHOUT 20-1i;1.0;31
BU17050203;OS OOSTERHOUT 20-1i;1.0;59
BU17050204;OS OOSTERHOUT 20-1i;1.0;32
BU17050205;OS OOSTERHOUT 20-1i;1.0;36
BU17050206;OS OOSTERHOUT 20-1i;1.0;29
BU17050207;OS OOSTERHOUT 20-1i;1.0;15
BU17050208;OS OOSTERHOUT 20-1i;1.0;54
BU17050209;OS OOSTERHOUT 20-1i;1.0;46
BU17050210;OS OOSTERHOUT 20-1i;1.0;28
BU17050211;OS OOSTERHOUT 20-1i;1.0;29
BU17050212;OS OOSTERHOUT 20-1i;0.9827586206896551;58
BU17050213;OS OOSTERHOUT 20-1i;1.0;14
BU17050300;OS ZEVENAAR 10-3i;1.0;1
BU17050400;OS OOSTERHOUT 20-1i;1.0;57
BU17050401;OS OOSTERHOUT 20-1i;1.0;15
BU17050500;OS OOSTERHOUT 20-1i;1.0;51
BU17050501;OS OOSTERHOUT 20-1i;1.0;25
BU17050600;OS OOSTERHOUT 20-1i;1.0;35
BU17050601;OS OOSTERHOUT 20-1i;1.0;14
BU17050700;OS OOSTERHOUT 20-2i;0.7;10
BU17060000;MZ;1.0;215
BU17060001;MZ;1.0;13
BU17060002;MZ;1.0;10
BU17060008;MZ;1.0;16
BU17060009;MZ;1.0;21
BU17060100;MZ;1.0;47
BU17060101;MZ;1.0;9
BU17060109;MZ;1.0;6
BU17060200;MZ;1.0;36
BU17060201;MZ;1.0;3
BU17060209;MZ;1.0;8
BU17060300;MZ;1.0;131
BU17060301;MZ;1.0;11
BU17060302;MZ;1.0;2
BU17060308;MZ;1.0;12
BU17060309;MZ;1.0;8
BU17060400;MZ;1.0;48
BU17060409;MZ;1.0;12
BU17060500;MZ;1.0;21
BU17060509;MZ;1.0;2
BU17080001;SW;1.0;40
BU17080002;SW;1.0;86
BU17080003;SW;1.0;14
BU17080004;SW;1.0;32
BU17080005;SW;1.0;50
BU17080006;SW;1.0;33
BU17080007;SW;1.0;7
BU17080008;SW;1.0;22
BU17080009;SW;1.0;68
BU17080010;SW;1.0;2
BU17080011;SW;1.0;34
BU17080012;SW;1.0;57
BU17080014;SW;1.0;12
BU17080028;SW;1.0;10
BU17080029;SW;1.0;23
BU17080030;SW;1.0;6
BU17080200;SW;1.0;80
BU17080201;SW;1.0;9
BU17080209;SW;1.0;6
BU17080300;SW;0.8888888888888888;9
BU17080309;SW;1.0;3
BU17080400;VLH DE VOORST 61 10-1i;1.0;21
BU17080408;VLH DE VOORST 61 10-1i;1.0;2
BU17080409;Lemmer 10kV;0.5;4
BU17080500;VLH DE VOORST 61 10-1i;1.0;3
BU17080501;VLH DE VOORST 61 10-1i;1.0;9
BU17080509;VLH DE VOORST 61 10-1i;1.0;1
BU17080600;VLH;1.0;11
BU17080608;SW;1.0;2
BU17080609;VLH;0.8571428571428571;7
BU17080700;VLH;1.0;122
BU17080701;VLH;1.0;4
BU17080702;VLH;1.0;4
BU17080709;VLH;1.0;10
BU17080800;VLH;1.0;37
BU17080808;VLH;1.0;5
BU17080809;VLH;1.0;6
BU17080810;VLH;1.0;6
BU17080811;VLH;1.0;5
BU17080812;VLH;1.0;6
BU17080813;VLH;1.0;3
BU17081000;ZS;1.0;11
BU17081001;ZS;1.0;6
BU17081100;ZS;1.0;19
BU17081102;ZS;1.0;1
BU17081103;ZS;1.0;15
BU17081104;ZS;1.0;2
BU17081105;ZS;1.0;10
BU17081106;ZS;1.0;2
BU17081107;SW;1.0;1
BU17081108;ZS;1.0;2
BU17081600;VLH;1.0;45
BU17081601;VLH;1.0;1
BU17081608;VLH;0.75;8
BU17081609;VLH;1.0;5
BU17081700;VLH;0.75;4
BU17081701;SW;1.0;6
BU17081702;SW;1.0;13
BU17081703;SW;1.0;24
BU17081704;SW;0.8787878787878788;33
BU17081705;SW;1.0;3
BU17081706;SW;1.0;5
BU17081707;SW;1.0;1
BU17081800;SW;1.0;11
BU17081801;SW;1.0;3
BU17081901;SW;1.0;8
BU17082000;SW;1.0;3
BU17082001;SW;1.0;8
BU17082100;SW;0.7142857142857143;7
BU17082101;SW;1.0;14
BU17082200;SW;1.0;10
BU17082300;SW;1.0;7
BU17082400;SW;1.0;2
BU17082401;SW;1.0;7
BU17082500;SW;1.0;8
BU17082600;SW;1.0;17
BU17082601;SW;0.9090909090909091;11
BU17082700;SW;1.0;4
BU17082800;SW;1.0;58
BU17082801;SW;1.0;6
BU17082900;SW;1.0;46
BU17082901;SW;1.0;13
BU17083001;SW;1.0;10
BU17083100;SW;0.8666666666666667;15
BU17083200;SW;1.0;3
BU17083300;SW;1.0;18
BU17083301;SW;0.7142857142857143;14
BU17083400;VLH;1.0;5
BU17083401;VLH;1.0;1
BU17083500;VLH;1.0;2
BU17083600;VLH DE VOORST 61 10-1i;0.75;4
BU17090000;MDK;1.0;80
BU17090001;MDK;1.0;77
BU17090002;MDK;1.0;85
BU17090003;MDK;1.0;47
BU17090004;MDK;1.0;52
BU17090005;MDK;1.0;4
BU17090006;MDK;1.0;16
BU17090008;MDK;1.0;22
BU17090009;MDK;1.0;6
BU17090100;MDK;1.0;41
BU17090109;MDK;1.0;23
BU17090200;MDK;1.0;15
BU17090209;MDK;1.0;16
BU17090300;MDK;1.0;143
BU17090301;MDK;1.0;5
BU17090302;MDK;1.0;2
BU17090303;MDK;1.0;41
BU17090309;MDK;1.0;12
BU17090400;MDK;1.0;32
BU17090401;MDK;1.0;3
BU17090409;MDK;1.0;16
BU17090500;MDK;1.0;27
BU17090509;MDK;1.0;4
BU17090600;RSD;1.0;50
BU17090601;MDK;1.0;6
BU17090609;RSD;0.7777777777777778;9
BU17090700;MDK;1.0;131
BU17090701;MDK;1.0;5
BU17090702;MDK;1.0;4
BU17090703;MDK;1.0;3
BU17090709;MDK;1.0;24
BU17090800;DTO;1.0;17
BU17090809;DTO;0.7777777777777778;27
BU17090900;MDK;1.0;32
BU17090901;MDK;1.0;24
BU17090902;MDK;1.0;12
BU17090909;MDK;1.0;17
BU17091000;MDK;1.0;19
BU17091009;DTO;0.7777777777777778;9
BU17099997;MDK;1.0;1
BU17110153;BORN;1.0;4
BU17110158;BORN;1.0;22
BU17110159;BORN;1.0;34
BU17110160;BORN;0.8461538461538461;13
BU17110161;BORN;1.0;37
BU17110163;BORN;1.0;8
BU17110165;BORN;1.0;20
BU17110166;BORN;1.0;1
BU17110167;BORN;1.0;25
BU17110264;BORN;1.0;9
BU17110268;BORN;1.0;21
BU17110313;BORN;0.8;10
BU17110362;BORN;1.0;14
BU17110415;BORN;1.0;2
BU17110416;BORN;1.0;3
BU17110417;BORN;1.0;35
BU17110418;BORN;1.0;5
BU17110419;BORN;1.0;7
BU17110521;MSBT;1.0;4
BU17110522;MSBT;1.0;12
BU17110523;MSBT;1.0;7
BU17110524;MSBT;1.0;85
BU17110525;MSBT;1.0;64
BU17110526;MSBT;1.0;5
BU17110527;BORN;1.0;1
BU17110548;MSBT;1.0;3
BU17110549;MSBT;1.0;3
BU17110551;MSBT;0.5;2
BU17110554;MSBT;1.0;8
BU17110555;MSBT;1.0;2
BU17110557;MSBT;1.0;1
BU17110569;MSBT;1.0;26
BU17110628;MSBT;1.0;32
BU17110629;MSBT;1.0;4
BU17110630;MSBT;1.0;15
BU17110731;MSBT;1.0;15
BU17110732;MSBT;1.0;73
BU17110733;MSBT;1.0;6
BU17110734;MSBT;1.0;1
BU17110735;MSBT;1.0;51
BU17110750;MSBT;1.0;2
BU17110836;MSBT;1.0;10
BU17110837;MSBT;1.0;20
BU17110938;BORN;1.0;8
BU17110939;BORN;1.0;52
BU17110940;BORN;1.0;37
BU17111041;MSBT;1.0;30
BU17111042;MSBT;1.0;15
BU17111143;MSBT;1.0;32
BU17111144;MSBT;1.0;21
BU17111145;MSBT;1.0;1
BU17111146;MSBT;1.0;1
BU17111152;MSBT;1.0;1
BU17140000;TH210_10;1.0;84
BU17140001;TH210_10;1.0;8
BU17140009;TH210_10;1.0;41
BU17140100;TH210_10;1.0;4
BU17140109;TH210_10;1.0;43
BU17140200;TH210_10;1.0;67
BU17140209;TH210_10;1.0;53
BU17140300;TH210_10;1.0;18
BU17140309;TH210_10;1.0;20
BU17140400;TH210_10;1.0;3
BU17140409;TH210_10;1.0;16
BU17140500;TH210_10;1.0;162
BU17140509;TH210_10;1.0;33
BU17140600;TH210_10;1.0;16
BU17140609;TH210_10;1.0;20
BU17140700;TH210_10;1.0;18
BU17140701;TH210_10;1.0;44
BU17140709;TH210_10;1.0;40
BU17140800;TH210_10;1.0;9
BU17140801;TH210_10;1.0;21
BU17140809;TH210_10;1.0;26
BU17140900;TH210_10;1.0;32
BU17140909;TH210_10;1.0;27
BU17141000;TH210_10;1.0;150
BU17141009;TH210_10;1.0;32
BU17141100;TH210_10;1.0;21
BU17141101;TH210_10;1.0;5
BU17141108;TH210_10;1.0;7
BU17141109;TH210_10;0.6923076923076923;13
BU17141200;TH210_10;1.0;65
BU17141209;TH210_10;0.5555555555555556;63
BU17141300;TH210_10;1.0;49
BU17141309;TH210_10;1.0;12
BU17141400;TH210_10;1.0;12
BU17141409;TH210_10;1.0;24
BU17190101;GT;1.0;2
BU17190102;GT;1.0;11
BU17190103;GT;1.0;4
BU17190104;GT;1.0;14
BU17190201;GT;1.0;28
BU17190202;GT;1.0;17
BU17190203;GT;1.0;18
BU17190204;GT;1.0;30
BU17190205;GT;1.0;11
BU17190206;GT;1.0;38
BU17190207;GT;1.0;52
BU17190208;GT;1.0;46
BU17190209;GT;1.0;27
BU17190210;GT;1.0;35
BU17190301;BD;0.9375;16
BU17190302;BD;1.0;28
BU17190303;BD;1.0;19
BU17190304;BD;1.0;9
BU17190305;BD;1.0;27
BU17190306;BD;1.0;8
BU17190307;BD;1.0;43
BU17190308;BD;1.0;5
BU17190309;BD;1.0;11
BU17190401;GT;0.7368421052631579;19
BU17190402;GT;0.8235294117647058;17
BU17190403;GT;1.0;20
BU17190501;GT;0.8;10
BU17190502;MDK;1.0;3
BU17190503;GT;1.0;8
BU17190504;GT;1.0;21
BU17190505;GT;1.0;13
BU17190601;MDK;0.9545454545454546;22
BU17190602;MDK;1.0;5
BU17190603;MDK;1.0;36
BU17190604;MDK;1.0;21
BU17190605;MDK;1.0;4
BU17190606;MDK;1.0;16
BU17190607;MDK;1.0;18
BU17210101;OS;1.0;14
BU17210102;OS;1.0;18
BU17210103;OS;1.0;8
BU17210104;OS;1.0;15
BU17210105;OS;1.0;13
BU17210106;OS;1.0;23
BU17210107;OS;1.0;11
BU17210108;OS;1.0;10
BU17210109;OS;1.0;24
BU17210110;OS;1.0;18
BU17210111;OS;1.0;7
BU17210112;OS;1.0;10
BU17210113;OS;1.0;6
BU17210114;OS;1.0;12
BU17210115;OS;1.0;12
BU17210116;OS;1.0;11
BU17210117;OS;1.0;9
BU17210118;OS;1.0;18
BU17210119;OS;1.0;5
BU17210120;OS;1.0;43
BU17210201;ERD;1.0;12
BU17210202;ERD;1.0;10
BU17210203;ERD;1.0;10
BU17210204;ERD;1.0;20
BU17210205;ERD;1.0;12
BU17210206;ERD;1.0;17
BU17210207;ERD;1.0;9
BU17210208;ERD;1.0;10
BU17210209;ERD;1.0;16
BU17210210;ERD;1.0;15
BU17210211;ERD;1.0;19
BU17210301;UD;1.0;23
BU17210302;UD;1.0;17
BU17210303;UD;1.0;13
BU17210304;UD;1.0;18
BU17210305;UD;1.0;11
BU17210306;UD;1.0;23
BU17210307;UD;1.0;12
BU17210308;UD;1.0;16
BU17210309;UD;1.0;15
BU17210310;UD;1.0;15
BU17210401;OS;0.5555555555555556;18
BU17210402;OS;1.0;22
BU17210403;OS;0.8;20
BU17210501;ERD;1.0;16
BU17210502;ERD;1.0;10
BU17210503;ERD;1.0;14
BU17210504;ERD;0.75;28
BU17210505;ERD;0.8275862068965517;29
BU17210506;ERD;1.0;18
BU17210601;UD;0.9722222222222222;36
BU17210602;UD;1.0;28
BU17210603;UD;1.0;30
BU17230101;TBZ;1.0;8
BU17230102;TBZ;1.0;29
BU17230103;TBZ;1.0;24
BU17230104;TBZ;1.0;5
BU17230105;TBZ;1.0;6
BU17230106;TBZ;0.9583333333333334;24
BU17230107;TBZ;1.0;43
BU17230201;TBZ;1.0;9
BU17230202;TBZ;1.0;17
BU17230203;TBZ;1.0;13
BU17230204;TBZ;1.0;13
BU17230205;TBZ;1.0;2
BU17230206;TBZ;1.0;17
BU17230207;TBZ;0.9444444444444444;54
BU17230301;BD;0.9090909090909091;11
BU17230401;BD;1.0;14
BU17230402;BD;1.0;12
BU17230501;BD;1.0;11
BU17230601;BD;1.0;3
BU17240001;HPT;0.75;8
BU17240002;HPT;1.0;4
BU17240003;HPT;1.0;26
BU17240004;HPT;1.0;6
BU17240005;HPT;1.0;15
BU17240006;HPT;1.0;27
BU17240007;HPT;1.0;4
BU17240008;HPT;0.7142857142857143;7
BU17240009;HPT;1.0;3
BU17240010;HPT;0.7333333333333333;15
BU17240011;HPT;1.0;16
BU17240012;HPT;1.0;9
BU17240013;HPT;1.0;29
BU17240014;HPT;1.0;20
BU17240015;HPT;1.0;4
BU17240016;HPT;1.0;3
BU17240017;HPT;1.0;9
BU17240101;HPT;1.0;9
BU17240201;HPT;1.0;13
BU17240202;HPT;1.0;12
BU17240203;HPT;1.0;1
BU17240204;HPT;1.0;18
BU17240205;HPT;1.0;4
BU17240206;HPT;1.0;1
BU17240207;HPT;1.0;3
BU17240208;HPT;1.0;6
BU17240209;HPT;1.0;1
BU17240211;HPT;1.0;1
BU17240301;HPT;1.0;1
BU17240302;HPT;1.0;9
BU17240303;HPT;0.5;2
BU17240304;EHVZ;0.6;5
BU17240306;HPT;1.0;6
BU17240307;HPT;1.0;8
BU17240401;EHVZ;1.0;7
BU17240402;EHVZ;1.0;4
BU17240403;EHVZ;1.0;5
BU17240405;EHVZ;1.0;8
BU17240406;EHVZ;1.0;1
BU17240407;EHVZ;1.0;6
BU17240408;EHVZ;1.0;6
BU17240409;EHVZ;1.0;2
BU17240501;HPT;1.0;7
BU17240502;HPT;1.0;5
BU17240503;HPT;1.0;10
BU17240504;HPT;1.0;8
BU17240505;HPT;1.0;3
BU17240601;HPT;0.9166666666666666;12
BU17240602;HPT;0.5;6
BU17240603;EHVZ;0.6153846153846154;13
BU17240604;EHVZ;0.6153846153846154;13
BU17240605;EHVZ;1.0;12
BU17240606;HPT;1.0;12
BU17240607;HPT;1.0;25
BU17240608;HPT;1.0;15
BU17240609;HPT;0.9166666666666666;24
BU17240610;HPT;0.6666666666666666;6
BU17280000;HPT;1.0;26
BU17280001;HPT;1.0;9
BU17280002;HPT;1.0;6
BU17280003;HPT;1.0;65
BU17280004;HPT;1.0;17
BU17280005;HPT;1.0;41
BU17280006;HPT;1.0;49
BU17280007;HPT;1.0;8
BU17280008;HPT;1.0;22
BU17280009;HPT;1.0;33
BU17280100;HPT;1.0;19
BU17280109;HPT;1.0;9
BU17280200;HPT;1.0;16
BU17280201;HPT;1.0;9
BU17280202;HPT;1.0;46
BU17280203;HPT;1.0;17
BU17280204;HPT;1.0;43
BU17280208;HPT;1.0;3
BU17280209;HPT;1.0;18
BU17280300;HPT;1.0;44
BU17280301;HPT;1.0;9
BU17280309;HPT;1.0;14
BU17280400;HPT;1.0;23
BU17280409;HPT;1.0;6
BU17290000;SBRN;1.0;100
BU17290001;SBRN;1.0;4
BU17290002;SBRN;1.0;7
BU17290003;SBRN;1.0;12
BU17290009;SBRN;1.0;21
BU17290100;SBRN;1.0;55
BU17290101;SBRN;1.0;7
BU17290102;SBRN;1.0;5
BU17290103;SBRN;1.0;1
BU17290109;SBRN;1.0;12
BU17290200;SBRN;0.95;40
BU17290201;SBRN;1.0;4
BU17290202;SBRN;1.0;1
BU17290209;SBRN;0.7142857142857143;7
BU17290300;SBRN;1.0;17
BU17290301;SBRN;1.0;9
BU17290302;SBRN;1.0;20
BU17290309;SBRN;0.9;10
BU17290400;SBRN;1.0;40
BU17290401;SBRN;1.0;3
BU17290402;SBRN;1.0;4
BU17290409;SBRN;1.0;15
BU17290500;SBRN;1.0;19
BU17290501;SBRN;1.0;4
BU17290509;SBRN;1.0;14
BU17290600;SBRN;1.0;13
BU17290601;SBRN;1.0;11
BU17290602;SBRN;1.0;3
BU17290603;SBRN;1.0;1
BU17300000;KWD;1.0;145
BU17300001;KWD;1.0;88
BU17300009;KWD;1.0;3
BU17300100;KWD;1.0;13
BU17300109;KWD;1.0;6
BU17300200;KWD;1.0;5
BU17300209;KWD;1.0;9
BU17300300;KWD;1.0;2
BU17300309;KWD;1.0;21
BU17300400;KWD;1.0;44
BU17300401;KWD;1.0;9
BU17300402;KWD;1.0;5
BU17300403;KWD;1.0;2
BU17300500;KWD;1.0;8
BU17300509;KWD;1.0;5
BU17300600;VVL10;1.0;123
BU17300609;VVL10;1.0;5
BU17300700;VVL10;1.0;175
BU17300701;VVL10;1.0;3
BU17300709;VVL10;0.9090909090909091;11
BU17300800;VVL10;1.0;5
BU17300805;VVL10;1.0;35
BU17300809;VVL10;1.0;13
BU17300900;MAK;1.0;123
BU17300909;MAK;1.0;11
BU17301000;MAK;1.0;13
BU17301009;MAK;0.9;10
BU17301100;MAK;1.0;3
BU17301101;MAK;1.0;4
BU17301108;MAK;1.0;4
BU17301109;MAK;0.5555555555555556;9
BU17301200;VVL10;0.6785714285714286;28
BU17301201;MAK;1.0;6
BU17301208;VVL10;0.6;5
BU17301209;VVL10;0.8181818181818182;11
BU17301300;MAK;1.0;68
BU17301309;MAK;1.0;16
BU17301400;MAK;1.0;6
BU17301401;MAK;1.0;2
BU17301402;MAK;1.0;2
BU17301407;MAK;0.7647058823529411;17
BU17301408;MAK;1.0;3
BU17301409;MAK;1.0;4
BU17301500;ZYV;0.96;25
BU17301509;ZYV;1.0;9
BU17310000;BL;1.0;264
BU17310001;BL;1.0;4
BU17310009;BL;1.0;61
BU17310100;BL;1.0;22
BU17310101;BL;1.0;1
BU17310109;BL;1.0;21
BU17310200;BL;1.0;26
BU17310209;BL;0.65;20
BU17310300;BL;1.0;22
BU17310309;BL;0.7619047619047619;21
BU17310400;BL;1.0;2
BU17310409;BL;1.0;4
BU17310500;BL;1.0;1
BU17310509;BL;0.6428571428571429;14
BU17310600;ZYV;0.926605504587156;109
BU17310601;ZYV;1.0;8
BU17310602;BL;0.7142857142857143;7
BU17310609;ZYV;0.6;15
BU17310700;ZYV;1.0;70
BU17310701;ZYV;1.0;6
BU17310702;ZYV;1.0;5
BU17310709;ZYV;1.0;8
BU17310800;BL;1.0;24
BU17310801;BL;1.0;10
BU17310802;BL;1.0;3
BU17310809;BL;1.0;19
BU17310900;BL;1.0;156
BU17310901;BL;1.0;2
BU17310909;BL;1.0;20
BU17311000;BL;1.0;16
BU17311001;BL;1.0;1
BU17311009;BL;1.0;9
BU17311100;BL;1.0;12
BU17311109;BL;1.0;10
BU17311200;HGV;1.0;17
BU17311209;HGV;0.9285714285714286;14
BU17311309;HGV;1.0;4
BU17311400;BL;1.0;9
BU17311409;BL;1.0;17
BU17311500;BL;1.0;6
BU17311509;BL;1.0;11
BU17311600;BL;1.0;4
BU17311601;BL;1.0;3
BU17311602;BL;1.0;4
BU17311609;BL;1.0;19
BU17340101;OS ELST 10-1i;1.0;6
BU17340102;OS ELST 10-1i;0.8;20
BU17340103;OS ELST 10-1i;1.0;14
BU17340104;OS OOSTERHOUT 20-2i;0.625;8
BU17340201;OS ELST 10-1i;1.0;7
BU17340202;OS ELST 10-1i;1.0;49
BU17340203;OS ELST 10-1i;1.0;26
BU17340204;OS ELST 10-1i;1.0;26
BU17340205;OS ELST 10-1i;1.0;6
BU17340206;OS ELST 10-1i;1.0;36
BU17340207;OS ELST 10-1i;1.0;37
BU17340301;OS ELST 10-1i;1.0;38
BU17340302;OS ELST 10-1i;1.0;17
BU17340303;OS ELST 10-1i;1.0;22
BU17340304;OS ELST 10-1i;1.0;29
BU17340305;OS ELST 10-1i;1.0;42
BU17340306;OS ELST 10-1i;1.0;37
BU17340401;OS ELST 10-1i;1.0;4
BU17340402;OS ELST 10-1i;1.0;23
BU17340501;OS ELST 10-1i;1.0;7
BU17340502;OS ELST 10-1i;1.0;47
BU17340503;OS ELST 10-1i;1.0;13
BU17340504;OS ELST 10-1i;1.0;35
BU17340505;OS ELST 10-1i;1.0;33
BU17340601;OS ELST 10-1i;1.0;15
BU17340602;OS ELST 10-1i;1.0;16
BU17340603;OS ELST 10-1i;1.0;26
BU17340701;OS OOSTERHOUT 20-2i;1.0;44
BU17340702;OS OOSTERHOUT 20-2i;1.0;4
BU17340703;OS OOSTERHOUT 20-2i;1.0;5
BU17340704;OS OOSTERHOUT 20-2i;1.0;7
BU17340705;OS OOSTERHOUT 20-2i;1.0;2
BU17340801;OS ELST 10-1i;1.0;7
BU17340802;OS ELST 10-1i;1.0;6
BU17340803;OS ELST 10-1i;1.0;1
BU17340804;OS ELST 10-1i;0.6666666666666666;3
BU17340901;OS DODEWAARD 10-3i;1.0;19
BU17340902;OS DODEWAARD 10-3i;1.0;50
BU17340903;OS DODEWAARD 10-3i;1.0;3
BU17340904;OS DODEWAARD 10-3i;0.9166666666666666;12
BU17340905;OS DODEWAARD 10-3i;1.0;4
BU17341001;OS DODEWAARD 10-3i;0.75;8
BU17341002;OS DODEWAARD 10-3i;1.0;11
BU17341003;OS DODEWAARD 10-3i;1.0;5
BU17341004;OS DODEWAARD 10-3i;1.0;5
BU17341006;OS DODEWAARD 10-3i;1.0;44
BU17341101;OS DODEWAARD 10-3i;1.0;20
BU17341102;OS DODEWAARD 10-3i;1.0;11
BU17341103;OS DODEWAARD 10-3i;1.0;19
BU17341104;OS DODEWAARD 10-3i;1.0;18
BU17341105;OS DODEWAARD 10-3i;1.0;24
BU17341106;OS DODEWAARD 10-3i;1.0;24
BU17341107;OS DODEWAARD 10-3i;1.0;2
BU17341201;OS DODEWAARD 10-3i;1.0;6
BU17341202;OS DODEWAARD 10-3i;1.0;8
BU17341301;OS DODEWAARD 10-3i;1.0;4
BU17341302;OS DODEWAARD 10-3i;1.0;8
BU17341401;OS DODEWAARD 10-3i;1.0;14
BU17341402;OS DODEWAARD 10-3i;0.9285714285714286;14
BU17341403;OS DODEWAARD 10-3i;1.0;2
BU17341404;OS DODEWAARD 10-1i;0.6666666666666666;3
BU17341405;OS DODEWAARD 10-3i;1.0;2
BU17341501;OS RENKUM 10-1i;1.0;11
BU17341502;OS RENKUM 10-1i;1.0;48
BU17341503;OS RENKUM 10-1i;1.0;7
BU17341504;OS RENKUM 10-1i;1.0;29
BU17341505;OS RENKUM 10-1i;1.0;4
BU17341506;OS RENKUM 10-1i;0.5;18
BU17341507;OS RENKUM 10-1i;1.0;28
BU17341601;OS RENKUM 10-1i;1.0;2
BU17341602;OS RENKUM 10-1i;0.6666666666666666;6
BU17341603;OS RENKUM 10-1i;0.5714285714285714;7
BU17341701;OS ELST 10-1i;0.9230769230769231;13
BU17341702;OS ELST 10-1i;1.0;10
BU17341704;OS ELST 10-1i;1.0;7
BU17341705;OS ELST 10-1i;0.7142857142857143;7
BU17341706;OS ELST 10-1i;1.0;33
BU17341801;OS ELST 10-1i;1.0;10
BU17341802;OS ELST 10-1i;1.0;19
BU17341803;OS ELST 10-1i;1.0;2
BU17341804;OS ELST 10-1i;1.0;21
BU17341805;OS ELST 10-1i;1.0;9
BU17341806;OS ELST 10-1i;1.0;11
BU17341807;OS ELST 10-1i;1.0;27
BU17341808;OS ELST 10-1i;1.0;16
BU17341810;OS ELST 10-1i;1.0;1
BU17341903;OS ELST 10-1i;0.6666666666666666;3
BU17350000;GO;1.0;86
BU17350001;GO;1.0;35
BU17350002;GO;1.0;17
BU17350003;GO;1.0;22
BU17350004;GO;1.0;15
BU17350005;GO;1.0;35
BU17350006;GO;1.0;12
BU17350007;GO;1.0;8
BU17350008;GO;1.0;5
BU17350009;GO;1.0;1
BU17350100;GO;1.0;20
BU17350101;GO;1.0;45
BU17350102;GO;1.0;3
BU17350109;GO;1.0;36
BU17350200;GO;1.0;97
BU17350206;GO;1.0;12
BU17350207;GO;0.9629629629629629;27
BU17350208;GO;1.0;13
BU17350209;GO;1.0;37
BU17350309;GO;1.0;13
BU17350407;GO;1.0;16
BU17350408;GO;1.0;5
BU17350409;GO;1.0;3
BU17350500;GO;1.0;39
BU17350501;GO;1.0;14
BU17350508;GO;0.8461538461538461;13
BU17350509;GO;0.875;40
BU17350600;HGLW;1.0;26
BU17350601;HGLW;1.0;7
BU17350602;HGLW;1.0;7
BU17350603;HGLW;1.0;15
BU17350604;HGLW;1.0;17
BU17350605;HGLW;1.0;27
BU17350606;HGLW;1.0;16
BU17350607;HGLW;1.0;22
BU17350608;HGLW;1.0;18
BU17350609;HGLW;1.0;62
BU17350700;HGLW;1.0;7
BU17350709;HGLW;1.0;5
BU17350800;GO;1.0;38
BU17350805;GO;1.0;23
BU17350806;HGLW;0.9473684210526315;19
BU17350807;HGLW;0.45454545454545453;22
BU17350808;HGLW;0.8461538461538461;13
BU17350809;GO;0.9166666666666666;12
BU17350900;HGLW;1.0;24
BU17350908;HGLW;0.631578947368421;19
BU17350909;HGLW;0.7575757575757576;33
BU17400000;OS DODEWAARD 10-1i;1.0;96
BU17400001;OS DODEWAARD 10-1i;1.0;105
BU17400006;OS DODEWAARD 10-1i;1.0;12
BU17400007;OS DODEWAARD 10-1i;0.9534883720930233;43
BU17400008;OS DODEWAARD 10-1i;1.0;14
BU17400009;OS DODEWAARD 10-1i;0.875;8
BU17400100;OS DODEWAARD 10-1i;0.7475728155339806;103
BU17400101;OS TIEL 10-1i;0.9090909090909091;11
BU17400102;OS TIEL 10-2i;1.0;18
BU17400103;OS DODEWAARD 10-1i;0.5;2
BU17400106;OS TIEL 10-2i;1.0;1
BU17400107;OS TIEL 10-1i;0.5172413793103449;29
BU17400108;OS TIEL 10-2i;0.8;10
BU17400109;OS DODEWAARD 10-1i;0.5454545454545454;22
BU17400200;OS DODEWAARD 10-1i;1.0;89
BU17400201;OS DODEWAARD 10-3i;1.0;2
BU17400208;OS DODEWAARD 10-3i;0.6;20
BU17400209;OS DODEWAARD 10-1i;1.0;24
BU17420000;RS;1.0;36
BU17420004;RS;1.0;11
BU17420005;RS;1.0;17
BU17420006;RS;1.0;24
BU17420007;RS;1.0;12
BU17420008;RS;1.0;32
BU17420207;RS;1.0;15
BU17420208;RS;1.0;24
BU17420209;RS;1.0;6
BU17420301;RS;1.0;44
BU17420302;RS;1.0;6
BU17420303;RS;1.0;10
BU17420304;RS;1.0;8
BU17420305;RS;1.0;14
BU17420308;RS;1.0;6
BU17420309;RS;1.0;8
BU17420310;RS;1.0;41
BU17420311;RS;1.0;47
BU17420401;RS;1.0;3
BU17420402;RS;1.0;8
BU17420500;RS;0.8421052631578947;19
BU17420501;RS;1.0;5
BU17420502;RS;1.0;25
BU17420503;RS;0.6428571428571429;14
BU17420504;RS;0.9230769230769231;13
BU17420505;RS;1.0;15
BU17420506;RS;0.8571428571428571;7
BU17420507;RS;1.0;1
BU17420508;RS;1.0;3
BU17420509;RS;1.0;10
BU17420701;RS;1.0;44
BU17420801;RS;1.0;17
BU17420901;RS;1.0;59
BU17420902;RS;1.0;42
BU17420904;RS;1.0;7
BU17421001;RS;1.0;36
BU17421002;RS;1.0;42
BU17421003;RS;1.0;1
BU17421004;RS;1.0;32
BU17421005;RS;1.0;40
BU17421006;RS;1.0;77
BU17421007;RS;1.0;46
BU17421106;RS;1.0;8
BU17421107;RS;1.0;11
BU17421108;RS;1.0;11
BU17421109;RS;1.0;22
BU17710000;EHVO;0.9885057471264368;87
BU17710001;EHVO;1.0;83
BU17710002;EHVO;0.9836065573770492;61
BU17710003;EHVO;1.0;105
BU17710004;EHVO;1.0;123
BU17710005;EHVO;1.0;93
BU17710006;EHVO;1.0;113
BU17710007;EHVO;1.0;69
BU17710008;EHVO;1.0;6
BU17710009;EHVO;1.0;8
BU17710110;HMZ;1.0;65
BU17710111;HMZ;1.0;93
BU17710112;HMZ;1.0;74
BU17710113;HMZ;1.0;31
BU17710114;HMZ;0.9696969696969697;33
BU17730111;OL;1.0;37
BU17730112;OL;1.0;46
BU17730113;OL;1.0;34
BU17730114;OL;1.0;38
BU17730115;DVTP;0.625;8
BU17730216;OL;1.0;80
BU17730217;OL;1.0;49
BU17730218;OL;0.9772727272727273;44
BU17730219;OL;1.0;5
BU17730320;RT;1.0;16
BU17730321;RT;0.8529411764705882;34
BU17730422;OL;1.0;26
BU17730423;OL;0.8;5
BU17730525;OL;0.7333333333333333;15
BU17730626;OL;0.9230769230769231;26
BU17730727;OL;1.0;16
BU17730728;OL;0.9375;16
BU17730829;OL;1.0;15
BU17730930;RT;0.6818181818181818;22
BU17731031;OS HATTEM 10-1i;1.0;3
BU17731132;OL;0.7;10
BU17731233;OL;1.0;9
BU17741010;ODZ;1.0;33
BU17741011;ODZ;1.0;34
BU17741012;ODZ;1.0;11
BU17741013;ODZ;1.0;8
BU17741014;ODZ;1.0;56
BU17741015;ODZ;1.0;52
BU17741017;ODZ;1.0;16
BU17741020;ODZ;1.0;15
BU17741021;ODZ;1.0;8
BU17741050;ODZ;1.0;7
BU17741051;ODZ;1.0;5
BU17741099;ODZ;1.0;26
BU17741110;ODZ;1.0;8
BU17741198;ODZ;1.0;12
BU17741199;ODZ;1.0;21
BU17741210;ODZ;1.0;7
BU17741299;ODZ;1.0;24
BU17741398;ODZ;1.0;21
BU17741399;ODZ;1.0;14
BU17741410;ODZ;1.0;10
BU17741499;ODZ;1.0;16
BU17741510;ODZ;1.0;20
BU17741511;ODZ;1.0;21
BU17741512;ODZ;1.0;13
BU17741513;ODZ;1.0;33
BU17741514;ODZ;1.0;6
BU17741515;ODZ;1.0;26
BU17741516;ODZ;1.0;19
BU17741550;ODZ;1.0;9
BU17741598;ODZ;1.0;2
BU17741599;ODZ;1.0;9
BU17741610;ODZ;0.6666666666666666;21
BU17741611;ODZ;1.0;26
BU17741612;ODZ;1.0;7
BU17741613;ODZ;1.0;5
BU17741614;ODZ;1.0;5
BU17741650;ODZ;0.5;6
BU17741699;ODZ;0.7115384615384616;52
BU17741710;ODZ;1.0;39
BU17741799;ODZ;1.0;53
BU17741810;HGLW;1.0;17
BU17741899;HGLW;0.9830508474576272;59
BU17741910;HGLW;1.0;33
BU17741999;HGLW;0.9545454545454546;44
BU17742099;ODZ;0.7333333333333333;15
BU17742199;ODZ;1.0;21
BU17830101;Westerlee;1.0;153
BU17830103;Westerlee;1.0;74
BU17830105;Westerlee;1.0;47
BU17830111;Westerlee;1.0;47
BU17830113;Westerlee;1.0;68
BU17830151;Westerlee;1.0;29
BU17830154;Westerlee;0.9230769230769231;13
BU17830155;Westerlee;1.0;22
BU17830157;Westerlee;1.0;5
BU17830158;Westerlee;1.0;5
BU17830159;Westerlee;1.0;25
BU17830160;Westerlee;1.0;12
BU17830161;Westerlee;1.0;52
BU17830201;Westerlee;1.0;17
BU17830207;Westerlee;1.0;51
BU17830211;Westerlee;1.0;45
BU17830251;Westerlee;1.0;8
BU17830253;Westerlee;1.0;15
BU17830256;Westerlee;1.0;12
BU17830257;Westerlee;1.0;63
BU17830301;Westerlee;0.8695652173913043;69
BU17830306;De Lier;0.6666666666666666;6
BU17830351;Westerlee;1.0;20
BU17830352;Westerlee;0.8461538461538461;26
BU17830401;Westerlee;1.0;60
BU17830402;Westerlee;1.0;55
BU17830403;Westerlee;1.0;48
BU17830404;Westerlee;1.0;74
BU17830405;Westerlee;1.0;45
BU17830406;Westerlee;1.0;37
BU17830407;Westerlee;1.0;27
BU17830408;Westerlee;1.0;43
BU17830409;Westerlee;1.0;24
BU17830410;Westerlee;1.0;16
BU17830420;Westerlee;1.0;95
BU17830421;Westerlee;1.0;2
BU17830480;Westerlee;1.0;30
BU17830502;Westerlee;1.0;62
BU17830504;Westerlee;1.0;84
BU17830505;Westerlee;1.0;82
BU17830506;Westerlee;1.0;27
BU17830507;Westerlee;1.0;21
BU17830508;Westerlee;1.0;8
BU17830509;Westerlee;1.0;30
BU17830510;Westerlee;1.0;12
BU17830511;Westerlee;1.0;10
BU17830512;Westerlee;1.0;1
BU17830601;Westerlee;1.0;32
BU17830602;Westerlee;1.0;64
BU17830603;Westerlee;1.0;5
BU17830606;Westerlee;1.0;63
BU17830607;Westerlee;1.0;19
BU17830608;Westerlee;1.0;58
BU17830609;Westerlee;1.0;6
BU17830610;Westerlee;1.0;56
BU17830611;Westerlee;1.0;59
BU17830612;Westerlee;0.9375;32
BU17830701;Westerlee;0.6;60
BU17830702;Westerlee;0.5384615384615384;13
BU17830703;Westerlee;1.0;21
BU17830704;Westerlee;1.0;5
BU17830710;Westerlee;1.0;70
BU17830712;Westerlee;1.0;72
BU17830713;Westerlee;1.0;22
BU17830714;Westerlee;1.0;35
BU17830801;Westerlee;1.0;70
BU17830802;Westerlee;1.0;2
BU17830803;Westerlee;1.0;45
BU17830901;Westerlee;1.0;41
BU17830902;Westerlee;1.0;64
BU17830903;Westerlee;1.0;27
BU17830904;Westerlee;1.0;10
BU17830905;Westerlee;1.0;6
BU17830906;Westerlee;1.0;11
BU17830907;Westerlee;1.0;29
BU17831001;Westerlee;1.0;28
BU18420000;De Lier;1.0;102
BU18420001;De Lier;0.891566265060241;166
BU18420002;De Lier;1.0;5
BU18420004;Westerlee;0.5;4
BU18420005;De Lier;0.5714285714285714;14
BU18420007;De Lier;1.0;1
BU18420009;Westerlee;0.5333333333333333;15
BU18420100;Westerlee;1.0;90
BU18420101;Westerlee;1.0;7
BU18420103;Westerlee;0.8823529411764706;17
BU18420106;Westerlee;1.0;33
BU18420108;Westerlee;1.0;4
BU18420109;Westerlee;1.0;8
BU18590000;OS BORCULO 10-1i;1.0;37
BU18590002;OS BORCULO 10-1i;1.0;32
BU18590003;OS BORCULO 10-1i;1.0;18
BU18590004;OS BORCULO 10-1i;1.0;10
BU18590005;OS BORCULO 10-1i;1.0;5
BU18590006;OS BORCULO 10-1i;1.0;33
BU18590007;OS BORCULO 10-1i;0.9361702127659575;47
BU18590008;OS BORCULO 10-1i;0.9090909090909091;33
BU18590009;OS BORCULO 10-1i;0.8421052631578947;19
BU18590010;OS BORCULO 10-1i;1.0;14
BU18590011;OS BORCULO 10-1i;1.0;30
BU18590012;OS BORCULO 10-1i;1.0;18
BU18590013;OS BORCULO 10-1i;1.0;17
BU18590014;OS BORCULO 10-1i;1.0;12
BU18590015;OS BORCULO 10-1i;1.0;26
BU18590016;OS BORCULO 10-1i;1.0;19
BU18590017;OS BORCULO 10-1i;1.0;16
BU18590018;OS BORCULO 10-1i;1.0;10
BU18590102;OS EIBERGEN 10-3i;1.0;7
BU18590104;OS BORCULO 20-3i;0.6875;16
BU18590105;OS BORCULO 20-3i;0.5;10
BU18590106;OS EIBERGEN 10-3i;0.5172413793103449;29
BU18590107;OS EIBERGEN 10-3i;1.0;26
BU18590108;OS EIBERGEN 10-3i;0.7058823529411765;17
BU18590109;OS EIBERGEN 10-3i;1.0;42
BU18590110;OS EIBERGEN 10-3i;1.0;26
BU18590111;OS EIBERGEN 10-3i;1.0;2
BU18590112;OS EIBERGEN 10-3i;1.0;22
BU18590113;OS EIBERGEN 10-3i;1.0;29
BU18590114;OS EIBERGEN 10-3i;1.0;15
BU18590115;OS EIBERGEN 10-3i;1.0;9
BU18590116;OS EIBERGEN 10-3i;1.0;27
BU18590117;OS EIBERGEN 10-3i;1.0;11
BU18590118;OS EIBERGEN 10-3i;1.0;11
BU18590119;OS EIBERGEN 10-3i;1.0;37
BU18590120;OS EIBERGEN 10-3i;1.0;18
BU18590121;OS EIBERGEN 10-3i;1.0;11
BU18590122;OS EIBERGEN 10-3i;1.0;14
BU18590123;OS EIBERGEN 10-3i;1.0;23
BU18590124;OS EIBERGEN 10-3i;1.0;8
BU18590200;OS BORCULO 20-3i;0.8048780487804879;41
BU18590206;OS BORCULO 20-3i;0.7857142857142857;14
BU18590207;OS BORCULO 20-3i;0.7111111111111111;45
BU18590209;OS BORCULO 20-3i;0.75;8
BU18590301;OS BORCULO 10-1i;1.0;2
BU18590302;OS EIBERGEN 10-3i;1.0;13
BU18590307;OS EIBERGEN 10-3i;0.9310344827586207;29
BU18590308;OS BORCULO 10-1i;0.9523809523809523;42
BU18590309;OS EIBERGEN 10-3i;0.675;40
BU18590310;OS EIBERGEN 10-3i;1.0;36
BU18590311;OS EIBERGEN 10-3i;1.0;11
BU18590312;OS EIBERGEN 10-3i;1.0;52
BU18590313;OS EIBERGEN 10-3i;1.0;3
BU18590314;OS EIBERGEN 10-3i;1.0;31
BU18590315;OS EIBERGEN 10-3i;1.0;14
BU18590316;OS EIBERGEN 10-3i;1.0;24
BU18590317;OS EIBERGEN 10-3i;1.0;13
BU18590318;OS EIBERGEN 10-3i;1.0;23
BU18590319;OS EIBERGEN 10-3i;1.0;14
BU18590405;OS BORCULO 10-1i;0.64;50
BU18590406;OS BORCULO 20-3i;0.9;20
BU18590407;OS BORCULO 20-3i;0.8333333333333334;6
BU18590408;OS BORCULO 20-3i;1.0;21
BU18590410;OS BORCULO 20-3i;1.0;8
BU18590411;OS BORCULO 10-1i;1.0;38
BU18590412;OS BORCULO 10-1i;1.0;35
BU18590413;OS BORCULO 10-1i;1.0;21
BU18590414;OS BORCULO 10-1i;1.0;13
BU18590415;OS BORCULO 10-1i;1.0;5
BU18590416;OS BORCULO 10-1i;0.9512195121951219;41
BU18590417;OS BORCULO 10-1i;0.5238095238095238;21
BU18590418;OS BORCULO 10-1i;0.6363636363636364;11
BU18760000;OS DOETINCHEM 20-7i;1.0;116
BU18760001;OS DOETINCHEM 20-7i;1.0;28
BU18760002;OS DOETINCHEM 10-5i;1.0;2
BU18760004;OS DOETINCHEM 20-7i;0.7407407407407407;27
BU18760005;OS DOETINCHEM 20-7i;0.96;25
BU18760006;OS DOETINCHEM 20-7i;1.0;32
BU18760007;OS DOETINCHEM 20-7i;1.0;10
BU18760008;OS DOETINCHEM 20-7i;0.8333333333333334;18
BU18760009;OS DOETINCHEM 20-7i;0.5833333333333334;12
BU18760100;OS DOETINCHEM 10-5i;1.0;164
BU18760101;OS DOETINCHEM 20-6i;1.0;18
BU18760102;OS DOETINCHEM 10-5i;1.0;3
BU18760103;OS DOETINCHEM 10-5i;0.6896551724137931;87
BU18760104;OS DOETINCHEM 20-6i;0.7592592592592593;54
BU18760105;OS DOETINCHEM 10-5i;0.8666666666666667;30
BU18760200;OS ZUTPHEN 10-2i;1.0;134
BU18760201;OS ZUTPHEN 10-2i;1.0;3
BU18760202;OS ZUTPHEN 10-2i;1.0;14
BU18760203;OS ZUTPHEN 10-2i;1.0;7
BU18760204;OS ZUTPHEN 10-2i;1.0;11
BU18760207;OS LOCHEM 10-1i;0.7450980392156863;51
BU18760208;OS ZUTPHEN 10-2i;0.8461538461538461;13
BU18760209;OS ZUTPHEN 10-2i;0.9764705882352941;85
BU18760300;OS DOETINCHEM 20-6i;1.0;59
BU18760301;OS DOETINCHEM 20-6i;1.0;10
BU18760302;OS ZUTPHEN 10-2i;1.0;17
BU18760303;OS DOETINCHEM 20-6i;1.0;3
BU18760304;OS DOETINCHEM 20-6i;1.0;2
BU18760305;OS DOETINCHEM 20-7i;1.0;9
BU18760306;OS DOETINCHEM 20-6i;1.0;4
BU18760307;OS DOETINCHEM 20-6i;1.0;7
BU18760308;OS ZUTPHEN 10-2i;0.6538461538461539;26
BU18760309;OS DOETINCHEM 20-7i;0.7272727272727273;22
BU18760310;OS DOETINCHEM 20-6i;0.8888888888888888;27
BU18760400;OS DOETINCHEM 10-5i;0.5172413793103449;29
BU18760401;OS DOETINCHEM 20-6i;1.0;15
BU18760402;OS DOETINCHEM 10-5i;0.5;14
BU18760403;OS DOETINCHEM 20-6i;1.0;22
BU18760404;OS DOETINCHEM 20-6i;1.0;2
BU18760405;OS DOETINCHEM 20-6i;1.0;22
BU18760406;OS DOETINCHEM 10-5i;0.6190476190476191;21
BU18760407;OS DOETINCHEM 10-5i;1.0;4
BU18760408;OS DOETINCHEM 10-5i;1.0;7
BU18760409;OS DOETINCHEM 20-6i;1.0;11
BU18760410;OS DOETINCHEM 10-5i;0.9230769230769231;13
BU18830001;LUTT;0.7007874015748031;127
BU18830008;LUTT;1.0;26
BU18830100;LUTT;0.9090909090909091;110
BU18830101;LUTT;1.0;55
BU18830102;LUTT;1.0;97
BU18830103;LUTT;1.0;112
BU18830109;LUTT;1.0;5
BU18830200;BORN;0.9431818181818182;88
BU18830201;LUTT;0.6931818181818182;88
BU18830202;LUTT;1.0;71
BU18830203;LUTT;1.0;63
BU18830204;LUTT;1.0;39
BU18830205;LUTT;1.0;148
BU18830208;BORN;0.9375;16
BU18830209;LUTT;0.6666666666666666;3
BU18830300;LUTT;1.0;134
BU18830301;LUTT;1.0;5
BU18830400;BORN;1.0;36
BU18830401;BORN;1.0;67
BU18830402;BORN;0.7857142857142857;42
BU18830501;LUTT;1.0;178
BU18830502;LUTT;1.0;106
BU18830503;LUTT;1.0;241
BU18830504;LUTT;0.9932432432432432;148
BU18830505;LUTT;1.0;159
BU18830506;LUTT;1.0;149
BU18830507;LUTT;0.8181818181818182;11
BU18830601;BORN;1.0;37
BU18830602;BORN;1.0;62
BU18830603;BORN;1.0;66
BU18830604;BORN;1.0;47
BU18830606;LUTT;0.8333333333333334;12
BU18830607;BORN;1.0;16
BU18830609;BORN;1.0;8
BU18830700;BORN;1.0;54
BU18830701;BORN;1.0;29
BU18830702;BORN;1.0;68
BU18840000;OS LEIMUIDEN 10-2i;1.0;105
BU18840001;OS LEIMUIDEN 10-2i;1.0;75
BU18840002;OS LEIMUIDEN 10-2i;1.0;104
BU18840003;OS LEIMUIDEN 10-2i;1.0;38
BU18840004;OS LEIMUIDEN 10-2i;1.0;54
BU18840101;OS LEIMUIDEN 10-2i;1.0;14
BU18840102;OS LEIDERDORP 10-1i;0.8888888888888888;45
BU18840104;OS LEIDERDORP 10-1i;1.0;14
BU18840105;OS LEIDERDORP 10-1i;0.8666666666666667;15
BU18840107;OS LEIMUIDEN 10-2i;0.9411764705882353;17
BU18840109;OS LEIDERDORP 10-1i;0.8636363636363636;22
BU18840200;OS ALPHEN CENTRUM 10-2i;0.5517241379310345;29
BU18840201;OS ALPHEN WEST 10-1i;1.0;3
BU18840202;OS LEIDERDORP 10-1i;1.0;37
BU18840203;OS ALPHEN CENTRUM 10-2i;0.6341463414634146;41
BU18840207;OS ALPHEN CENTRUM 10-2i;0.5;6
BU18840208;OS ALPHEN WEST 10-1i;0.5789473684210527;19
BU18840209;OS LEIDERDORP 10-1i;0.75;16
BU18840300;OS LEIMUIDEN 10-2i;0.9714285714285714;35
BU18840309;OS LEIMUIDEN 10-2i;1.0;3
BU18840400;OS LEIMUIDEN 10-2i;1.0;34
BU18840402;OS LEIMUIDEN 10-2i;1.0;2
BU18840404;OS LEIMUIDEN 10-2i;1.0;3
BU18840405;OS LEIMUIDEN 10-2i;1.0;37
BU18840407;OS LEIMUIDEN 10-2i;1.0;3
BU18840408;OS LEIMUIDEN 10-2i;1.0;48
BU18840409;OS LEIMUIDEN 10-2i;1.0;1
BU18910000;OS DOKKUM 20kV 20-1i;0.9846153846153847;130
BU18910001;OS BERGUM CENTRALE 10-2i;0.9411764705882353;34
BU18910002;OS BERGUM CENTRALE 10-2i;1.0;9
BU18910008;OS DOKKUM 20kV 20-1i;0.6666666666666666;12
BU18910009;OS BERGUM CENTRALE 10-2i;0.8333333333333334;6
BU18910100;OS DOKKUM 20kV 20-1i;1.0;19
BU18910101;OS DOKKUM 20kV 20-1i;1.0;21
BU18910108;OS DOKKUM 20kV 20-1i;1.0;8
BU18910109;OS DOKKUM 20kV 20-1i;1.0;5
BU18910200;OS BERGUM CENTRALE 10-2i;1.0;136
BU18910201;OS BERGUM CENTRALE 10-2i;1.0;113
BU18910202;OS LEEUWARDEN 10-1i;0.8181818181818182;11
BU18910208;OS BERGUM CENTRALE 10-2i;0.8333333333333334;6
BU18910209;OS BERGUM CENTRALE 10-2i;1.0;3
BU18910300;OS DOKKUM 20kV 20-1i;1.0;27
BU18910301;OS DOKKUM 20kV 20-1i;1.0;1
BU18910309;OS DOKKUM 20kV 20-1i;0.9285714285714286;14
BU18920101;OS ZEVENHUIZEN 10-2i;0.8857142857142857;35
BU18920102;OS ZEVENHUIZEN 10-2i;1.0;5
BU18920103;OS ZEVENHUIZEN 10-2i;1.0;17
BU18920104;OS ZEVENHUIZEN 10-2i;0.5609756097560976;41
BU18920105;OS ZEVENHUIZEN 10-1i;0.5;6
BU18920106;OS ZEVENHUIZEN 10-2i;1.0;6
BU18920107;OS ZEVENHUIZEN 10-2i;1.0;13
BU18920191;OS ZEVENHUIZEN 10-2i;0.7894736842105263;19
BU18920201;OS ZEVENHUIZEN 10-1i;1.0;18
BU18920202;OS ZEVENHUIZEN 10-1i;1.0;23
BU18920203;OS ZEVENHUIZEN 10-1i;1.0;30
BU18920204;OS ZEVENHUIZEN 10-1i;1.0;1
BU18920205;OS ZEVENHUIZEN 10-1i;1.0;30
BU18920206;OS ZEVENHUIZEN 10-1i;1.0;35
BU18920208;OS ZEVENHUIZEN 10-1i;1.0;1
BU18920209;OS ZEVENHUIZEN 10-1i;0.7142857142857143;14
BU18920210;OS ZEVENHUIZEN 10-1i;1.0;1
BU18920211;OS ZEVENHUIZEN 10-1i;1.0;52
BU18920291;OS ZEVENHUIZEN 10-1i;0.5;8
BU18920292;OS ZEVENHUIZEN 10-1i;0.5862068965517241;29
BU18920293;OS ZEVENHUIZEN 10-1i;1.0;7
BU18920301;TT075_10;1.0;50
BU18920302;TT075_10;0.9545454545454546;22
BU18920303;TT075_10;1.0;29
BU18920304;TT075_10;1.0;45
BU18920305;TT075_10;1.0;13
BU18920306;TT075_10;1.0;6
BU18920307;TT075_10;1.0;6
BU18920308;TT075_10;1.0;6
BU18920310;TT072_10;1.0;8
BU18920311;TT075_10;1.0;14
BU18920399;TT075_10;0.6428571428571429;28
BU18920401;TT075_10;1.0;8
BU18920402;TT075_10;1.0;1
BU18920403;TT075_10;1.0;39
BU18920404;TT075_10;1.0;22
BU18920405;TT075_10;1.0;6
BU18920406;TT075_10;1.0;4
BU18920407;TT075_10;1.0;1
BU18920408;TT075_10;1.0;28
BU18920409;TT075_10;1.0;24
BU18920410;TT075_10;1.0;17
BU18920411;TT075_10;1.0;36
BU18920412;TT075_10;1.0;11
BU18920413;TT075_10;1.0;24
BU18920414;TT075_10;1.0;39
BU18920415;TT075_10;1.0;42
BU18920416;TT075_10;1.0;56
BU18920491;CM07;0.6666666666666666;21
BU18920492;TT075_10;0.9;20
BU18920493;TT075_10;0.7777777777777778;9
BU18940101;HELD;1.0;49
BU18940102;HELD;1.0;66
BU18940103;HELD;1.0;38
BU18940104;HELD;1.0;12
BU18940105;HELD;1.0;12
BU18940106;HELD;1.0;13
BU18940107;HELD;1.0;4
BU18940108;HELD;1.0;11
BU18940201;HELD;1.0;65
BU18940202;HELD;1.0;11
BU18940204;BELF;0.7;10
BU18940208;HELD;1.0;14
BU18940301;BELF;1.0;76
BU18940302;BELF;1.0;64
BU18940303;BOEK;0.5714285714285714;7
BU18940304;BELF;0.9230769230769231;26
BU18940305;BELF;0.5;14
BU18940306;BELF;0.9333333333333333;15
BU18940307;BELF;0.8;5
BU18940401;BELF;1.0;69
BU18940402;BELF;1.0;8
BU18940403;BELF;1.0;13
BU18940404;BELF;1.0;62
BU18940406;BELF;1.0;12
BU18940408;BELF;0.8125;16
BU18940409;BELF;1.0;7
BU18940501;HELD;1.0;60
BU18940502;HELD;0.6363636363636364;11
BU18940503;HELD;1.0;26
BU18940504;HELD;1.0;33
BU18940506;HELD;1.0;10
BU18940507;HELD;0.5714285714285714;7
BU18940508;HELD;0.8181818181818182;11
BU18940509;HELD;1.0;11
BU18940601;HELD;1.0;12
BU18940602;HELD;1.0;17
BU18940701;HELD;1.0;17
BU18940702;HELD;1.0;9
BU18940801;HELD;1.0;64
BU18940802;HELD;1.0;29
BU18940803;HELD;1.0;29
BU18940804;HELD;0.9230769230769231;13
BU18940805;HELD;1.0;15
BU18940901;HELD;1.0;19
BU18940902;HELD;1.0;12
BU18940903;HELD;1.0;6
BU18940904;HELD;1.0;12
BU18941001;HELD;1.0;21
BU18941002;HELD;0.5454545454545454;11
BU18941101;HELD;1.0;27
BU18941102;HELD;1.0;12
BU18941103;HELD;1.0;12
BU18941104;HELD;1.0;13
BU18950000;WS;1.0;167
BU18950001;WS;1.0;88
BU18950002;WS;1.0;74
BU18950003;WS;1.0;88
BU18950004;WS;1.0;4
BU18950005;WS;1.0;29
BU18950006;WS;1.0;63
BU18950007;WS;1.0;19
BU18950008;WS;1.0;37
BU18950009;WS;0.896551724137931;29
BU18950100;WS;1.0;27
BU18950101;WS;1.0;16
BU18950102;WS;1.0;18
BU18950103;WS;1.0;6
BU18950104;WS;1.0;37
BU18950200;WS;1.0;13
BU18950209;WS;1.0;12
BU18950300;WS;1.0;28
BU18950301;WS;1.0;30
BU18950302;WS;1.0;12
BU18950309;WS;1.0;26
BU18950400;WS;1.0;6
BU18950500;WS;1.0;13
BU18950501;WS;1.0;35
BU18950502;WS;1.0;21
BU18950600;MEE;1.0;78
BU18950601;MEE;1.0;47
BU18950602;WS;1.0;31
BU18950603;MEE;0.5263157894736842;19
BU18950604;MEE;0.75;12
BU18950605;WS;1.0;4
BU18950700;WS;0.9354838709677419;31
BU18950708;MEE;0.5454545454545454;11
BU18950709;MEE;0.5;4
BU18950800;WEW;1.0;11
BU18950801;WEW;1.0;5
BU18950802;WEW;1.0;3
BU18950803;MEE;1.0;3
BU18950809;WEW;1.0;8
BU18950900;WS;1.0;57
BU18950901;WS;1.0;38
BU18950902;MEE;0.8;5
BU18950903;WS;1.0;3
BU18950904;WS;1.0;7
BU18950905;WS;1.0;7
BU18950907;WS;1.0;10
BU18950909;WS;0.8333333333333334;18
BU18951000;WEW;1.0;41
BU18951001;WEW;1.0;2
BU18951009;WEW;0.9230769230769231;13
BU18960000;ZS;1.0;36
BU18960001;ZS;1.0;24
BU18960008;ZS;1.0;1
BU18960009;ZS;1.0;6
BU18960010;ZS;1.0;23
BU18960011;ZS;1.0;23
BU18960012;ZS;1.0;44
BU18960013;ZS;1.0;51
BU18960014;ZS;1.0;35
BU18960100;ZS;1.0;6
BU18960101;ZS;1.0;2
BU18960108;ZS;1.0;7
BU18960109;ZS;1.0;4
BU18960200;ZS;1.0;43
BU18960201;ZS;1.0;32
BU18960202;ZS;1.0;30
BU18960203;ZS;0.9090909090909091;11
BU18960204;ZS;1.0;36
BU18960205;ZS;1.0;38
BU18960206;ZS;1.0;3
BU18960207;ZS;1.0;12
BU18960307;ZS;0.8;10
BU18960310;ZS;0.7777777777777778;18
BU18960400;ZS;1.0;17
BU18960402;ZS;1.0;12
BU18960403;ZS;1.0;18
BU18960404;ZS;1.0;46
BU18960405;ZS;1.0;13
BU18960406;ZS;1.0;27
BU18960407;ZS;1.0;10
BU18960408;ZS;1.0;4
BU18960409;ZS;1.0;5
BU18960410;ZS;1.0;10
BU18960500;ZS;1.0;6
BU19000000;OS MARNEZIJL 20-3i;1.0;59
BU19000001;OS MARNEZIJL 20-3i;1.0;58
BU19000002;OS MARNEZIJL 20-3i;1.0;73
BU19000003;OS MARNEZIJL 20-3i;1.0;12
BU19000004;OS MARNEZIJL 20-3i;1.0;100
BU19000009;OS MARNEZIJL 20-3i;0.8333333333333334;18
BU19000101;OS SNEEK 10-1i;1.0;73
BU19000102;OS SNEEK 10-1i;1.0;36
BU19000103;OS SNEEK 10-1i;1.0;50
BU19000104;OS SNEEK 10-1i;1.0;50
BU19000105;OS SNEEK 10-1i;1.0;69
BU19000106;OS SNEEK 10-1i;1.0;58
BU19000107;OS SNEEK 10-1i;1.0;49
BU19000108;OS SNEEK 10-1i;1.0;17
BU19000109;OS SNEEK 10-1i;1.0;29
BU19000110;OS SNEEK 10-1i;1.0;78
BU19000111;OS SNEEK 10-1i;1.0;53
BU19000112;OS SNEEK 10-1i;1.0;35
BU19000113;OS SNEEK 10-1i;1.0;107
BU19000114;OS SNEEK 10-1i;1.0;41
BU19000115;OS SNEEK 10-1i;1.0;73
BU19000116;OS SNEEK 10-1i;1.0;60
BU19000117;OS SNEEK 10-1i;1.0;91
BU19000118;OS SNEEK 10-1i;1.0;12
BU19000119;OS SNEEK 10-1i;1.0;17
BU19000120;OS SNEEK 10-1i;1.0;31
BU19000200;OS MARNEZIJL 20-3i;1.0;140
BU19000201;OS MARNEZIJL 20-3i;1.0;1
BU19000202;OS MARNEZIJL 20-3i;1.0;39
BU19000208;OS MARNEZIJL 20-3i;1.0;18
BU19000209;OS MARNEZIJL 20-3i;0.8;10
BU19000300;OS LEMMER 20-4i;1.0;74
BU19000301;OS MARNEZIJL 20-3i;1.0;12
BU19000302;OS LEMMER 20-4i;1.0;8
BU19000308;OS LEMMER 20-4i;0.8461538461538461;13
BU19000309;OS LEMMER 20-4i;1.0;9
BU19000400;Lemmer 10kV;1.0;17
BU19000401;OS LEMMER 20-4i;1.0;25
BU19000402;OS LEMMER 20-4i;0.75;4
BU19000403;OS LEMMER 20-4i;1.0;28
BU19000408;OS LEMMER 20-4i;0.5;6
BU19000409;OS LEMMER 20-4i;1.0;13
BU19000500;OS SNEEK 10-1i;1.0;13
BU19000501;OS SNEEK 10-1i;1.0;44
BU19000502;OS SNEEK 10-1i;1.0;25
BU19000503;OS SNEEK 10-1i;1.0;9
BU19000600;OS SNEEK 10-1i;1.0;56
BU19000602;OS SNEEK 10-1i;1.0;12
BU19000603;OS SNEEK 10-1i;1.0;5
BU19000607;OS SNEEK 10-1i;1.0;13
BU19000608;OS SNEEK 10-1i;1.0;7
BU19000609;OS SNEEK 10-1i;1.0;5
BU19000700;OS SNEEK 10-1i;1.0;41
BU19000701;OS SNEEK 10-1i;1.0;6
BU19000702;OS SNEEK 10-1i;1.0;6
BU19000706;OS SNEEK 10-1i;1.0;8
BU19000707;OS SNEEK 10-1i;1.0;5
BU19000708;OS SNEEK 10-1i;1.0;3
BU19000800;OS SNEEK 10-1i;1.0;23
BU19000801;OS MARNEZIJL 20-3i;1.0;8
BU19000802;OS SNEEK 10-1i;1.0;2
BU19000804;OS SNEEK 10-1i;1.0;1
BU19000808;OS SNEEK 10-1i;1.0;7
BU19000809;OS MARNEZIJL 20-3i;1.0;5
BU19000900;OS SNEEK 10-1i;1.0;5
BU19000901;OS MARNEZIJL 20-3i;1.0;18
BU19000902;OS MARNEZIJL 20-3i;1.0;2
BU19000903;OS SNEEK 10-1i;1.0;2
BU19000904;OS MARNEZIJL 20-3i;1.0;2
BU19000905;OS MARNEZIJL 20-3i;1.0;2
BU19000906;OS MARNEZIJL 20-3i;1.0;4
BU19000907;OS SNEEK 10-1i;1.0;10
BU19000908;OS SNEEK 10-1i;1.0;5
BU19000909;OS SNEEK 10-1i;0.7142857142857143;7
BU19001000;OS SNEEK 10-1i;1.0;3
BU19001001;OS MARNEZIJL 20-3i;0.5555555555555556;27
BU19001002;OS SNEEK 10-1i;1.0;10
BU19001003;OS SNEEK 10-1i;1.0;1
BU19001007;OS SNEEK 10-1i;1.0;3
BU19001008;OS MARNEZIJL 20-3i;0.5454545454545454;11
BU19001100;OS SNEEK 10-1i;1.0;27
BU19001101;OS SNEEK 10-1i;1.0;13
BU19001108;OS SNEEK 10-1i;1.0;3
BU19001109;OS SNEEK 10-1i;1.0;6
BU19001200;Lemmer 10kV;1.0;65
BU19001201;Lemmer 10kV;1.0;9
BU19001202;Lemmer 10kV;1.0;1
BU19001203;Lemmer 10kV;1.0;1
BU19001209;Lemmer 10kV;0.6666666666666666;3
BU19001300;OS MARNEZIJL 20-3i;1.0;68
BU19001301;OS MARNEZIJL 20-3i;1.0;21
BU19001302;OS HERBAYUM 10-1i;1.0;15
BU19001303;OS HERBAYUM 10-1i;1.0;23
BU19001306;OS MARNEZIJL 20-3i;0.9375;16
BU19001307;OS MARNEZIJL 20-3i;0.8461538461538461;13
BU19001308;OS HERBAYUM 10-1i;0.9;10
BU19001309;OS HERBAYUM 10-1i;0.8333333333333334;12
BU19001400;OS MARNEZIJL 10-2i;1.0;8
BU19001401;OS MARNEZIJL 10-2i;1.0;9
BU19001402;OS MARNEZIJL 20-3i;1.0;4
BU19001403;OS MARNEZIJL 20-3i;1.0;3
BU19001404;OS MARNEZIJL 20-3i;1.0;4
BU19001405;OS MARNEZIJL 20-3i;1.0;3
BU19001406;OS MARNEZIJL 20-3i;1.0;6
BU19001407;OS MARNEZIJL 10-2i;0.875;8
BU19001408;OS MARNEZIJL 10-2i;0.6;5
BU19001409;OS MARNEZIJL 20-3i;1.0;5
BU19001500;OS MARNEZIJL 20-3i;1.0;7
BU19001501;OS MARNEZIJL 20-3i;0.6153846153846154;13
BU19001502;OS MARNEZIJL 20-3i;0.75;4
BU19001503;OS MARNEZIJL 20-3i;1.0;2
BU19001509;OS MARNEZIJL 20-3i;0.8333333333333334;6
BU19001600;OS MARNEZIJL 20-3i;1.0;9
BU19001601;OS MARNEZIJL 20-3i;1.0;4
BU19001602;OS MARNEZIJL 20-3i;1.0;5
BU19001603;OS MARNEZIJL 20-3i;1.0;9
BU19001604;OS MARNEZIJL 20-3i;1.0;12
BU19001606;OS MARNEZIJL 20-3i;1.0;9
BU19001607;OS MARNEZIJL 20-3i;0.875;8
BU19001608;OS MARNEZIJL 20-3i;0.8571428571428571;7
BU19001700;OS MARNEZIJL 20-3i;1.0;105
BU19001709;OS MARNEZIJL 20-3i;0.8888888888888888;9
BU19001800;OS MARNEZIJL 20-3i;0.9285714285714286;28
BU19001801;OS MARNEZIJL 20-3i;0.75;4
BU19001802;OS MARNEZIJL 20-3i;1.0;2
BU19001803;OS MARNEZIJL 20-3i;1.0;5
BU19001804;OS MARNEZIJL 20-3i;1.0;4
BU19001808;OS MARNEZIJL 20-3i;1.0;5
BU19001809;OS MARNEZIJL 20-3i;1.0;5
BU19001900;OS RAUWERD 10-1i;1.0;26
BU19001901;OS RAUWERD 10-1i;1.0;6
BU19001902;OS RAUWERD 10-1i;0.6923076923076923;13
BU19001903;OS RAUWERD 10-1i;0.9166666666666666;12
BU19001904;OS RAUWERD 10-1i;0.8;5
BU19002001;OS MARNEZIJL 10-2i;1.0;63
BU19002002;OS MARNEZIJL 10-2i;1.0;27
BU19002003;OS MARNEZIJL 10-2i;0.6666666666666666;3
BU19002004;OS RAUWERD 10-1i;1.0;14
BU19002005;OS RAUWERD 10-1i;1.0;5
BU19002006;OS RAUWERD 10-1i;0.625;8
BU19002007;OS MARNEZIJL 10-2i;1.0;5
BU19002008;OS SNEEK 10-1i;0.8333333333333334;6
BU19002009;OS MARNEZIJL 10-2i;0.9285714285714286;14
BU19002010;OS MARNEZIJL 10-2i;0.7;10
BU19002011;OS MARNEZIJL 10-2i;0.75;4
BU19002012;OS MARNEZIJL 10-2i;1.0;4
BU19002013;OS MARNEZIJL 10-2i;1.0;3
BU19002014;OS MARNEZIJL 10-2i;0.5;8
BU19002015;OS RAUWERD 10-1i;0.8571428571428571;7
BU19002016;OS RAUWERD 10-1i;1.0;12
BU19002017;OS RAUWERD 10-1i;1.0;15
BU19002018;OS RAUWERD 10-1i;1.0;17
BU19002019;OS RAUWERD 10-1i;0.8888888888888888;9
BU19009997;OS MARNEZIJL 20-3i;1.0;1
BU19010101;TT073_10;0.875;8
BU19010102;TT073_10;1.0;8
BU19010103;TT073_10;1.0;38
BU19010104;TT073_10;1.0;19
BU19010105;TT073_10;1.0;27
BU19010106;TT073_10;1.0;16
BU19010201;TT073_10;0.8571428571428571;7
BU19010202;TT073_10;1.0;4
BU19010203;TT073_10;1.0;3
BU19010204;TT073_10;1.0;7
BU19010205;TT073_10;1.0;13
BU19010206;TT073_10;1.0;30
BU19010207;TT073_10;1.0;6
BU19010209;TT073_10;1.0;26
BU19010210;TT073_10;1.0;22
BU19010211;TT073_10;1.0;4
BU19010212;TT073_10;1.0;38
BU19010213;TT073_10;1.0;25
BU19010214;TT073_10;1.0;18
BU19010215;TT073_10;1.0;25
BU19010216;TT073_10;1.0;15
BU19010217;TT073_10;1.0;25
BU19010218;TT073_10;0.8333333333333334;6
BU19010219;TT073_10;1.0;10
BU19010220;TT073_10;1.0;15
BU19010301;TT073_10;0.75;16
BU19010302;TT073_10;1.0;30
BU19010401;CM31;1.0;4
BU19010402;CM31;1.0;6
BU19010403;CM31;0.9090909090909091;11
BU19010404;CM31;1.0;27
BU19010405;CM31;1.0;12
BU19010501;CM31;1.0;5
BU19010502;CM31;1.0;8
BU19010503;CM31;1.0;32
BU19010504;CM31;1.0;42
BU19010505;CM31;1.0;19
BU19010506;CM31;1.0;21
BU19010507;CM31;1.0;65
BU19010508;CM31;1.0;22
BU19010509;CM31;1.0;4
BU19010510;CM28;1.0;1
BU19010511;CM31;1.0;19
BU19010512;CM31;1.0;8
BU19010513;CM28;0.6;5
BU19010514;CM28;1.0;4
BU19010515;CM28;1.0;2
BU19010601;CM28;1.0;3
BU19010602;CM28;1.0;48
BU19010603;CM28;1.0;3
BU19010604;CM28;1.0;3
BU19010701;CM28;1.0;5
BU19010702;CM28;1.0;30
BU19010703;CM28;1.0;3
BU19030000;HEER;1.0;115
BU19030001;HEER;1.0;54
BU19030002;HEER;1.0;9
BU19030003;HEER;0.9230769230769231;13
BU19030004;HEER;1.0;15
BU19030005;HEER;1.0;5
BU19030009;HEER;1.0;33
BU19030100;HEER;1.0;65
BU19030101;HEER;1.0;16
BU19030200;SBRN;1.0;103
BU19030201;SBRN;1.0;3
BU19030202;SBRN;1.0;4
BU19030203;SBRN;1.0;1
BU19030204;SBRN;1.0;5
BU19030205;SBRN;1.0;4
BU19030300;HEER;0.8536585365853658;82
BU19030301;WVV;1.0;4
BU19030302;WVV;1.0;3
BU19030303;WVV;1.0;12
BU19030304;SBRN;1.0;2
BU19030309;HEER;0.6;10
BU19030400;HEER;1.0;21
BU19030401;HEER;1.0;10
BU19030402;HEER;1.0;4
BU19030403;HEER;1.0;1
BU19030409;HEER;0.9;20
BU19030500;SBRN;0.6923076923076923;26
BU19030501;SBRN;1.0;26
BU19030502;SBRN;1.0;22
BU19030503;SBRN;1.0;6
BU19030504;SBRN;1.0;5
BU19030505;SBRN;1.0;1
BU19030509;SBRN;1.0;5
BU19040101;CM14;1.0;13
BU19040102;CM14;1.0;5
BU19040103;CM14;1.0;8
BU19040104;CM60;0.9565217391304348;23
BU19040105;CM14;1.0;57
BU19040106;CM14;1.0;49
BU19040107;CM14;1.0;8
BU19040108;CM14;1.0;22
BU19040109;CM14;1.0;27
BU19040110;CM14;1.0;31
BU19040111;CM14;1.0;17
BU19040112;CM14;1.0;51
BU19040113;CM14;1.0;15
BU19040114;CM14;1.0;3
BU19040115;CM14;1.0;30
BU19040116;CM14;1.0;12
BU19040117;CM14;1.0;11
BU19040118;CM14;1.0;20
BU19040201;CM14;0.7142857142857143;7
BU19040202;TS040_10;0.7;10
BU19040203;TS040_10;1.0;2
BU19040204;TS040_10;0.8;5
BU19040205;TS040_10;1.0;4
BU19040206;CM14;1.0;6
BU19040207;TS040_10;0.9893617021276596;94
BU19040208;TS040_10;0.8571428571428571;7
BU19040209;CM14;1.0;17
BU19040210;TS040_10;1.0;1
BU19040211;TS040_10;1.0;2
BU19040212;TS040_10;1.0;39
BU19040213;TS040_10;0.96875;32
BU19040214;TS040_10;0.6666666666666666;3
BU19040215;TS040_10;1.0;68
BU19040216;TS040_10;1.0;2
BU19040301;TS069_10;0.8333333333333334;6
BU19040302;TS069_10;1.0;1
BU19040303;TS040_10;0.8333333333333334;6
BU19040306;TS040_10;1.0;4
BU19040307;TS069_10;1.0;38
BU19040308;TS069_10;1.0;36
BU19040309;TS040_10;0.75;4
BU19040310;TS069_10;1.0;16
BU19040311;TS069_10;1.0;12
BU19040312;TS069_10;1.0;4
BU19040401;TS040_10;0.6666666666666666;9
BU19040402;TS040_10;1.0;12
BU19040501;CM60;0.42857142857142855;7
BU19040502;TS040_10;1.0;6
BU19040503;TS040_10;1.0;3
BU19040504;TS040_10;1.0;5
BU19040505;TS040_10;1.0;39
BU19040506;TS040_10;1.0;3
BU19040507;TS040_10;1.0;11
BU19040508;TS040_10;1.0;13
BU19040509;TS040_10;1.0;2
BU19040601;TS069_10;1.0;10
BU19040602;TS069_10;1.0;5
BU19040603;TS069_10;1.0;49
BU19040604;TS069_10;1.0;2
BU19040701;CM14;1.0;11
BU19040702;CM14;0.8888888888888888;9
BU19040703;CM14;0.5909090909090909;22
BU19040801;TS069_10;1.0;6
BU19040802;TS069_10;1.0;3
BU19040804;TS069_10;1.0;31
BU19040805;TS069_10;1.0;2
BU19040901;TS040_10;1.0;3
BU19040902;TS040_10;1.0;4
BU19040903;TS040_10;1.0;4
BU19040904;TS040_10;1.0;3
BU19040905;TS040_10;1.0;3
BU19040907;TS040_10;1.0;1
BU19041001;TS069_10;1.0;3
BU19041002;TS069_10;1.0;4
BU19041003;TS069_10;1.0;10
BU19041101;CM60;0.85;20
BU19041201;CM14;1.0;20
BU19041202;CM14;1.0;12
BU19041203;CM14;1.0;46
BU19041204;CM14;1.0;31
BU19041205;CM14;1.0;38
BU19041206;CM14;1.0;50
BU19041207;CM14;1.0;36
BU19041208;CM14;1.0;37
BU19041209;CM14;1.0;30
BU19041210;CM14;1.0;36
BU19041211;CM14;1.0;24
BU19041212;CM14;1.0;23
BU19041213;CM14;1.0;53
BU19041214;CM14;1.0;51
BU19041215;CM14;1.0;19
BU19110101;OS ANNA PAULOWNA 10-2i;0.7254901960784313;51
BU19110102;OS ULKESLUIS 10-1i;0.5294117647058824;17
BU19110103;OS ULKESLUIS 10-1i;0.8571428571428571;7
BU19110104;OS SCHAGEN 10-1i;0.9411764705882353;17
BU19110105;OS SCHAGEN 10-1i;0.8928571428571429;28
BU19110106;OS ANNA PAULOWNA 10-2i;1.0;40
BU19110107;OS ANNA PAULOWNA 10-2i;0.9333333333333333;15
BU19110108;OS ULKESLUIS 10-1i;1.0;12
BU19110180;OS ANNA PAULOWNA 10-2i;1.0;4
BU19110190;OS ANNA PAULOWNA 10-2i;0.5555555555555556;18
BU19110191;OS ULKESLUIS 10-1i;1.0;9
BU19110201;OS ANNA PAULOWNA 10-2i;0.8085106382978723;47
BU19110202;OS ANNA PAULOWNA 10-2i;1.0;5
BU19110290;OS ANNA PAULOWNA 10-2i;0.41025641025641024;39
BU19110301;OS ULKESLUIS 10-1i;0.9487179487179487;39
BU19110302;OS ULKESLUIS 10-1i;1.0;2
BU19110390;OS SCHAGEN 10-1i;0.3684210526315789;19
BU19110401;OS ULKESLUIS 10-1i;1.0;12
BU19110402;OS ULKESLUIS 10-1i;1.0;2
BU19110490;OS ULKESLUIS 10-1i;1.0;18
BU19110501;OS ULKESLUIS 10-1i;1.0;44
BU19110502;OS ULKESLUIS 10-1i;1.0;51
BU19110503;OS ULKESLUIS 10-1i;1.0;43
BU19110504;OS ULKESLUIS 10-1i;1.0;3
BU19110590;OS ULKESLUIS 10-1i;1.0;28
BU19110601;OS ULKESLUIS 10-1i;1.0;78
BU19110602;OS ULKESLUIS 10-1i;1.0;5
BU19110690;OS ULKESLUIS 10-1i;1.0;9
BU19110701;OS MIDDENMEER 20-2i;1.0;37
BU19110702;OS MIDDENMEER 20-2i;1.0;16
BU19110703;OS MIDDENMEER 20-2i;1.0;25
BU19110704;OS MIDDENMEER 20-2i;1.0;34
BU19110705;OS MIDDENMEER 20-2i;1.0;27
BU19110780;OS MIDDENMEER 20-2i;0.8181818181818182;11
BU19110790;OS MEDEMBLIK 10-2i;0.391304347826087;23
BU19110801;OS MIDDENMEER 20-2i;1.0;15
BU19110901;OS ULKESLUIS 10-1i;0.7575757575757576;33
BU19110990;OS ULKESLUIS 10-1i;0.875;24
BU19111001;OS MIDDENMEER 20-2i;1.0;46
BU19111002;OS MIDDENMEER 20-2i;1.0;38
BU19111080;OS MEDEMBLIK 10-2i;0.42857142857142855;7
BU19111081;OS MIDDENMEER 20-2i;1.0;3
BU19111090;OS MIDDENMEER 20-2i;0.35;20
BU19111101;OS SCHAGEN 10-1i;1.0;21
BU19111190;OS SCHAGEN 10-1i;0.9090909090909091;11
BU19111201;OS SCHAGEN 10-1i;1.0;16
BU19111290;OS SCHAGEN 10-1i;0.8181818181818182;11
BU19111301;OS SCHAGEN 10-2i;1.0;3
BU19111390;OS SCHAGEN 10-2i;0.6666666666666666;6
BU19111401;OS DE WEEL 20-1i;1.0;9
BU19111490;OS DE WEEL 20-1i;0.7333333333333333;15
BU19111501;OS DE WEEL 20-1i;1.0;16
BU19111502;OS DE WEEL 20-1i;1.0;20
BU19111503;OS DE WEEL 20-1i;1.0;14
BU19111504;OS DE WEEL 20-1i;1.0;13
BU19111580;OS DE WEEL 20-1i;1.0;10
BU19111590;OS DE WEEL 20-1i;0.5;14
BU19111601;OS DE WEEL 20-1i;1.0;35
BU19111602;OS DE WEEL 20-1i;1.0;25
BU19111690;OS DE WEEL 20-1i;0.5789473684210527;19
BU19111701;OS DE WEEL 20-1i;1.0;36
BU19111702;OS DE WEEL 20-1i;1.0;2
BU19111790;OS DE WEEL 20-1i;0.95;20
BU19111801;OS DE WEEL 20-1i;1.0;4
BU19111890;OS DE WEEL 20-1i;0.875;8
BU19111901;RS HOOGWOUD 10-5i;1.0;3
BU19111990;RS HOOGWOUD 10-5i;0.7;10
BU19160100;CM56;1.0;46
BU19160101;CM56;1.0;55
BU19160102;CM56;1.0;26
BU19160103;CM56;0.9565217391304348;23
BU19160104;CM56;0.8666666666666667;15
BU19160200;CM56;1.0;113
BU19160201;CM56;1.0;26
BU19160300;CM56;1.0;68
BU19160301;CM56;1.0;58
BU19160302;CM56;1.0;31
BU19160400;CM56/78;1.0;34
BU19160401;CM56/78;0.7575757575757576;33
BU19160500;CM56;1.0;40
BU19160501;CM56;1.0;12
BU19160502;CM56/78;1.0;48
BU19160503;CM56;1.0;26
BU19160504;CM56/78;0.88;25
BU19160600;CM56;1.0;39
BU19160601;CM56;1.0;17
BU19160602;CM56;1.0;53
BU19160700;CM55;0.9666666666666667;30
BU19160701;CM56;1.0;47
BU19160702;CM56;1.0;67
BU19160703;CM55;0.95;20
BU19160704;CM55;1.0;22
BU19160800;CM55;1.0;22
BU19160801;CM55;0.9523809523809523;21
BU19160802;CM55;1.0;17
BU19160803;CM55;1.0;27
BU19160804;CM55;1.0;62
BU19160900;CM55;1.0;73
BU19160901;CM55;1.0;76
BU19160902;CM55;1.0;64
BU19161000;CM55;1.0;51
BU19161001;CM55;1.0;114
BU19161002;CM55;1.0;28
BU19161100;CM55;1.0;96
BU19161101;CM55;1.0;81
BU19161200;CM55;1.0;68
BU19161201;CM56;1.0;16
BU19161202;CM55;1.0;50
BU19161300;CM55;1.0;104
BU19161301;CM55;1.0;82
BU19240001;TT091_13;1.0;49
BU19240002;TT091_13;1.0;6
BU19240003;TT091_13;1.0;20
BU19240101;TT091_13;1.0;20
BU19240102;TT091_13;1.0;21
BU19240103;TT091_13;1.0;27
BU19240104;TT091_13;1.0;37
BU19240105;TT091_13;1.0;38
BU19240106;TT091_13;1.0;9
BU19240107;TT091_13;1.0;4
BU19240108;TT091_13;1.0;3
BU19240109;TT091_13;1.0;48
BU19240201;TT091_13;1.0;26
BU19240202;TT091_13;1.0;40
BU19240203;TT091_13;1.0;2
BU19240204;TT091_13;1.0;7
BU19240205;TT091_13;1.0;19
BU19240301;TH086_13;1.0;36
BU19240302;TH086_13;1.0;40
BU19240303;TH086_13;1.0;17
BU19240304;TH086_13;1.0;37
BU19240305;TH086_13;1.0;11
BU19240306;TH086_13;1.0;8
BU19240307;TH086_13;1.0;26
BU19240401;TH086_13;1.0;49
BU19240402;TH086_13;1.0;2
BU19240403;TH086_13;1.0;28
BU19240501;TH086_13;1.0;25
BU19240502;TH086_13;1.0;24
BU19240601;TH086_13;1.0;31
BU19240602;TH086_13;1.0;28
BU19240603;TH086_13;1.0;19
BU19240605;TH086_13;1.0;6
BU19240606;TH086_13;1.0;24
BU19240701;TH086_13;1.0;41
BU19240702;TH086_13;1.0;29
BU19240703;TH086_13;1.0;32
BU19240704;TH086_13;1.0;10
BU19240705;TH086_13;0.8928571428571429;28
BU19240801;TT091_13;1.0;36
BU19240802;TT091_13;0.8333333333333334;18
BU19240901;TH086_13;1.0;25
BU19240902;TH086_13;1.0;4
BU19240903;TH086_13;1.0;11
BU19241001;TH086_13;1.0;34
BU19241002;TH086_13;1.0;35
BU19241003;TH086_13;1.0;24
BU19241004;TH086_13;1.0;25
BU19241005;TH086_13;1.0;19
BU19241006;TH086_13;1.0;25
BU19241101;TH086_13;1.0;35
BU19241102;TH086_13;1.0;4
BU19241103;TH086_13;1.0;17
BU19241201;TH086_13;1.0;24
BU19241202;TH086_13;1.0;11
BU19241301;TH086_13;1.0;12
BU19241302;TH086_13;1.0;22
BU19260101;TT102_10;0.7924528301886793;106
BU19260102;TT103_10;0.782258064516129;124
BU19260103;TT102_10;1.0;65
BU19260104;TT102_10;1.0;61
BU19260105;TT102_10;1.0;41
BU19260106;TT102_10;1.0;31
BU19260107;TT102_10;0.8157894736842105;38
BU19260108;TT102_10;1.0;26
BU19260109;TT102_10;1.0;9
BU19260110;TT102_10;1.0;17
BU19260111;TT110_10;0.64;25
BU19260112;TT044_10;0.34782608695652173;23
BU19260113;TT103_10;0.5;8
BU19260114;CM24;1.0;18
BU19260115;TT120_10;0.8181818181818182;11
BU19260116;TT102_10;1.0;12
BU19260221;CM35/72;1.0;66
BU19260222;CM35/72;1.0;65
BU19260223;CM35/72;1.0;83
BU19260224;CM35/72;1.0;20
BU19260225;CM35/72;1.0;49
BU19260226;CM35/72;0.9736842105263158;38
BU19260227;CM35/72;1.0;32
BU19260231;CM35/72;0.9333333333333333;15
BU19260232;CM35/72;0.8333333333333334;18
BU19260341;TT110_10;0.7631578947368421;38
BU19260342;TT115_10;0.9444444444444444;18
BU19260343;TT115_10;0.9387755102040817;49
BU19260344;TT115_10;1.0;36
BU19260351;TT115_10;1.0;9
BU19260352;TT110_10;0.8;10
BU19260353;TT110_10;0.7142857142857143;7
BU19300101;CM76;1.0;30
BU19300102;CM76;1.0;9
BU19300103;CM76;1.0;14
BU19300104;CM76;1.0;20
BU19300105;CM76;1.0;19
BU19300106;CM76;1.0;29
BU19300201;CM76;1.0;42
BU19300202;CM76;1.0;43
BU19300301;CM76;1.0;49
BU19300302;CM76;1.0;57
BU19300401;CM76;1.0;21
BU19300501;CM76;1.0;12
BU19300502;CM76;1.0;18
BU19300503;CM76;1.0;12
BU19300504;CM76;1.0;4
BU19300601;CM76;1.0;8
BU19300602;CM76;1.0;12
BU19300603;CM76;1.0;3
BU19300701;CM76;1.0;17
BU19300702;CM76;1.0;11
BU19300703;CM76;1.0;34
BU19300801;CM76;1.0;29
BU19300802;CM76;1.0;17
BU19300803;CM76;1.0;31
BU19300804;CM76;1.0;9
BU19300805;CM76;1.0;17
BU19300901;CM76;1.0;15
BU19300902;CM76;1.0;2
BU19300903;CM76;1.0;28
BU19300904;CM76;1.0;14
BU19300905;CM76;1.0;13
BU19301001;CM76;1.0;5
BU19301002;CM76;1.0;5
BU19301003;CM76;1.0;12
BU19301004;CM76;1.0;10
BU19301101;CM76;1.0;62
BU19301102;CM76;1.0;22
BU19301201;CM76;1.0;36
BU19301202;CM76;1.0;24
BU19301203;CM76;1.0;22
BU19301204;CM76;1.0;21
BU19301205;CM76;1.0;38
BU19301206;CM76;1.0;32
BU19301301;CM76;1.0;39
BU19301401;CM76;1.0;9
BU19301402;CM76;1.0;9
BU19301403;CM76;1.0;14
BU19301404;CM76;1.0;10
BU19301405;CM76;1.0;11
BU19301406;CM76;1.0;8
BU19301407;CM76;1.0;20
BU19301408;CM76;1.0;10
BU19301409;CM76;1.0;20
BU19301410;CM76;1.0;17
BU19301411;CM76;1.0;3
BU19301501;CM76;1.0;47
BU19301502;CM76;1.0;19
BU19301503;CM76;1.0;32
BU19301504;CM76;1.0;62
BU19301505;CM76;1.0;7
BU19301601;CM76;1.0;26
BU19301701;CM76;1.0;5
BU19301702;CM76;1.0;2
BU19301703;CM76;1.0;1
BU19301704;CM76;1.0;3
BU19301705;CM76;1.0;2
BU19301706;CM76;1.0;5
BU19301707;CM29/64;0.5;2
BU19301708;CM29/64;1.0;1
BU19302501;CM85;1.0;20
BU19302502;CM85;1.0;22
BU19302503;CM85;1.0;27
BU19302504;CM85;1.0;9
BU19302701;CM76;1.0;18
BU19302702;CM76;1.0;34
BU19302703;CM76;0.8666666666666667;15
BU19302901;CM85;1.0;25
BU19302902;CM85;1.0;17
BU19303101;CM85;1.0;69
BU19303102;CM85;1.0;31
BU19303103;CM85;1.0;35
BU19303104;CM85;1.0;6
BU19303105;CM85;1.0;15
BU19303301;CM76;1.0;8
BU19303302;CM76;0.625;16
BU19305001;CM76;1.0;44
BU19305002;CM76;1.0;4
BU19305003;CM76;1.0;6
BU19310000;CM48;1.0;27
BU19310001;CM48;1.0;7
BU19310002;CM48;1.0;12
BU19310003;CM48;1.0;4
BU19310004;CM48;1.0;24
BU19310005;CM48;1.0;12
BU19310006;CM48;1.0;18
BU19310007;CM48;1.0;15
BU19310008;CM48;1.0;16
BU19310009;CM48;1.0;21
BU19310010;CM48;1.0;8
BU19310011;CM48;0.875;8
BU19310100;CM48;1.0;39
BU19310101;CM48;1.0;31
BU19310102;CM48;1.0;21
BU19310103;CM48;1.0;10
BU19310104;CM48;1.0;2
BU19310105;CM48;1.0;24
BU19310106;CM48;1.0;9
BU19310107;CM48;1.0;2
BU19310108;CM48;1.0;8
BU19310109;CM48;1.0;7
BU19310200;CM48;1.0;95
BU19310208;CM48;1.0;27
BU19310209;CM48;1.0;7
BU19310300;TH009_10;1.0;63
BU19310400;TT076_10;1.0;36
BU19310401;TT076_10;1.0;3
BU19310402;TT076_10;1.0;91
BU19310403;TT076_10;1.0;10
BU19310404;TT076_10;1.0;5
BU19310409;TT076_10;1.0;6
BU19310500;TT076_10;1.0;39
BU19310501;TT076_10;0.75;4
BU19310502;TT076_10;1.0;7
BU19310503;TT076_10;1.0;4
BU19310504;TT076_10;1.0;2
BU19310600;TT076_10;1.0;47
BU19310700;TH009_10;0.8181818181818182;33
BU19310701;TH009_10;1.0;5
BU19310800;TH009_10;1.0;32
BU19310801;TH009_10;1.0;5
BU19310802;TH009_10;1.0;2
BU19310803;TH009_10;0.5;2
BU19310804;TH009_10;1.0;2
BU19310805;TH009_10;1.0;11
BU19310806;TH009_10;1.0;17
BU19310807;TH009_10;1.0;26
BU19310808;TH009_10;1.0;4
BU19310809;TH009_10;0.5;6
BU19310810;TH009_10;1.0;16
BU19311000;TT076_10;1.0;106
BU19311001;TT076_10;1.0;6
BU19311002;TT076_10;1.0;8
BU19311003;TT076_10;1.0;6
BU19311004;TH009_10;1.0;1
BU19311005;TH009_10;0.7777777777777778;9
BU19311006;TT076_10;1.0;3
BU19311007;TT076_10;1.0;3
BU19311008;TT076_10;1.0;2
BU19311100;TT076_10;0.9375;16
BU19311101;TT076_10;1.0;3
BU19311200;TT076_10;1.0;132
BU19311201;TT076_10;1.0;74
BU19311202;TT076_10;1.0;102
BU19311203;TT076_10;1.0;9
BU19311204;TT076_10;1.0;64
BU19311205;TT076_10;1.0;9
BU19400101;OS OUDEHASKE 10-1i;1.0;4
BU19400201;Lemmer 10kV;0.9555555555555556;45
BU19400301;Lemmer 10kV;0.992;125
BU19400401;Lemmer 10kV;0.92;25
BU19400501;OS OUDEHASKE 10-1i;0.6153846153846154;13
BU19400601;OS OUDEHASKE 10-1i;1.0;11
BU19400701;Lemmer 10kV;1.0;12
BU19400702;OS OUDEHASKE 10-1i;0.5714285714285714;7
BU19400801;Lemmer 10kV;1.0;1
BU19400901;Lemmer 10kV;1.0;3
BU19401001;Lemmer 10kV;1.0;10
BU19401101;Lemmer 10kV;1.0;5
BU19401102;Lemmer 10kV;1.0;22
BU19401201;Lemmer 10kV;1.0;2
BU19401301;Lemmer 10kV;1.0;12
BU19401401;Lemmer 10kV;1.0;6
BU19401501;OS OUDEHASKE 10-1i;1.0;11
BU19401601;Lemmer 10kV;1.0;21
BU19401701;OS OUDEHASKE 10-1i;0.8947368421052632;19
BU19401801;Lemmer 10kV;1.0;19
BU19401901;OS OUDEHASKE 10-1i;0.9873417721518988;79
BU19401902;OS OUDEHASKE 10-2i;0.75;4
BU19401903;OS OUDEHASKE 10-1i;0.9818181818181818;55
BU19401904;OS OUDEHASKE 10-1i;1.0;10
BU19401905;OS OUDEHASKE 10-2i;0.6;30
BU19401906;OS OUDEHASKE 10-1i;1.0;49
BU19401907;OS OUDEHASKE 10-1i;1.0;65
BU19401908;OS OUDEHASKE 10-1i;1.0;15
BU19401909;OS OUDEHASKE 10-1i;1.0;17
BU19401910;OS OUDEHASKE 10-1i;1.0;92
BU19402001;OS LEMMER 20-4i;1.0;3
BU19402101;Lemmer 10kV;0.9302325581395349;43
BU19402201;Lemmer 10kV;1.0;1
BU19402301;Lemmer 10kV;0.9375;16
BU19402302;Lemmer 10kV;1.0;32
BU19402303;Lemmer 10kV;1.0;56
BU19402304;Lemmer 10kV;1.0;65
BU19402305;Lemmer 10kV;1.0;65
BU19402306;Lemmer 10kV;1.0;32
BU19402307;Lemmer 10kV;1.0;59
BU19402308;Lemmer 10kV;1.0;11
BU19402401;Lemmer 10kV;1.0;4
BU19402501;OS OUDEHASKE 10-1i;0.6666666666666666;3
BU19402601;Lemmer 10kV;1.0;18
BU19402701;OS OUDEHASKE 10-1i;1.0;4
BU19402801;Lemmer 10kV;1.0;14
BU19402802;Lemmer 10kV;1.0;16
BU19402901;Lemmer 10kV;0.8;10
BU19403001;OS OUDEHASKE 10-1i;0.9433962264150944;53
BU19403101;Lemmer 10kV;1.0;54
BU19403201;OS OUDEHASKE 10-1i;1.0;9
BU19403301;OS OUDEHASKE 10-1i;1.0;2
BU19403401;Lemmer 10kV;1.0;11
BU19403501;OS OUDEHASKE 10-1i;1.0;12
BU19403601;OS OUDEHASKE 10-1i;1.0;6
BU19403701;OS OUDEHASKE 10-1i;1.0;25
BU19403801;OS OUDEHASKE 10-1i;0.9047619047619048;21
BU19403901;Lemmer 10kV;1.0;5
BU19404001;OS OUDEHASKE 10-1i;0.9545454545454546;22
BU19404101;Lemmer 10kV;0.9385964912280702;114
BU19404201;OS OUDEHASKE 10-1i;1.0;34
BU19404301;Lemmer 10kV;1.0;34
BU19404401;OS OUDEHASKE 10-1i;1.0;2
BU19404501;Lemmer 10kV;1.0;18
BU19404601;OS OUDEHASKE 10-2i;1.0;41
BU19404701;OS OUDEHASKE 10-1i;0.6363636363636364;11
BU19404801;Lemmer 10kV;1.0;1
BU19404901;Lemmer 10kV;1.0;13
BU19405001;OS OUDEHASKE 10-2i;1.0;18
BU19405101;Lemmer 10kV;1.0;21
BU19420000;OS NAARDEN 50-1i;1.0;65
BU19420001;OS NAARDEN 50-1i;1.0;48
BU19420002;OS NAARDEN 50-1i;1.0;46
BU19420003;OS NAARDEN 50-1i;1.0;31
BU19420004;OS NAARDEN 50-1i;1.0;34
BU19420005;OS NAARDEN 50-1i;1.0;33
BU19420006;OS NAARDEN 50-1i;1.0;30
BU19420007;OS NAARDEN 50-1i;1.0;34
BU19420008;OS NAARDEN 50-1i;0.6585365853658537;41
BU19420100;OS NAARDEN 50-1i;1.0;29
BU19420101;OS NAARDEN 50-1i;1.0;19
BU19420102;OS NAARDEN 50-1i;1.0;42
BU19420103;OS NAARDEN 50-1i;0.9523809523809523;21
BU19420104;OS CRAILO 10-1i;0.5555555555555556;36
BU19420200;OS NAARDEN 50-1i;1.0;3
BU19420201;OS NAARDEN 50-1i;1.0;35
BU19420202;OS NAARDEN 50-1i;0.896551724137931;29
BU19420203;OS CRAILO 10-1i;0.85;20
BU19420204;OS NAARDEN 50-1i;0.9230769230769231;39
BU19420205;OS NAARDEN 50-1i;0.6607142857142857;56
BU19420206;OS 'S-GRAVELAND 50-2i;0.9594594594594594;74
BU19420207;OS 'S-GRAVELAND 50-2i;0.92;50
BU19420208;OS NAARDEN 50-1i;0.5365853658536586;41
BU19420209;OS 'S-GRAVELAND 50-2i;0.7547169811320755;53
BU19420300;OS NAARDEN 50-1i;0.926829268292683;41
BU19420301;OS NAARDEN 50-1i;1.0;14
BU19420302;OS 'S-GRAVELAND 10-1i;0.8596491228070176;57
BU19420303;OS 'S-GRAVELAND 10-1i;1.0;31
BU19420304;OS 'S-GRAVELAND 10-1i;1.0;41
BU19420305;OS 'S-GRAVELAND 10-1i;0.65;20
BU19420306;OS 'S-GRAVELAND 10-1i;1.0;11
BU19420400;OS WEESP 10-9i;0.6818181818181818;44
BU19420401;OS WEESP 10-9i;0.8292682926829268;82
BU19420402;OS NAARDEN 50-1i;1.0;51
BU19420403;OS WEESP 10-9i;1.0;19
BU19420404;OS NAARDEN 50-1i;1.0;41
BU19420408;OS WEESP 10-1i;0.6666666666666666;6
BU19420410;OS NAARDEN 50-1i;0.6111111111111112;18
BU19420501;OS NAARDEN 50-1i;1.0;65
BU19420502;OS NAARDEN 50-1i;1.0;88
BU19420503;OS NAARDEN 50-1i;1.0;18
BU19420504;OS NAARDEN 50-1i;1.0;16
BU19420506;OS NAARDEN 50-1i;1.0;17
BU19420507;OS NAARDEN 50-1i;1.0;30
BU19420508;OS NAARDEN 50-1i;1.0;53
BU19420509;OS NAARDEN 50-1i;0.625;40
BU19420510;OS NAARDEN 50-1i;0.7692307692307693;52
BU19420511;OS NAARDEN 50-1i;1.0;6
BU19420512;OS NAARDEN 50-1i;0.5;24
BU19420513;OS NAARDEN 50-1i;1.0;4
BU19420515;OS NAARDEN 50-1i;0.6;5
BU19420555;OS NAARDEN 50-1i;1.0;4
BU19420565;OS NAARDEN 50-1i;1.0;20
BU19420575;OS NAARDEN 50-1i;1.0;11
BU19420585;OS NAARDEN 50-1i;1.0;28
BU19450000;OS WINSELINGSEWEG 10-3i;1.0;54
BU19450001;OS WINSELINGSEWEG 10-3i;1.0;41
BU19450002;OS WINSELINGSEWEG 10-3i;1.0;23
BU19450003;OS WINSELINGSEWEG 10-3i;1.0;5
BU19450100;OS WINSELINGSEWEG 10-3i;1.0;36
BU19450101;OS WINSELINGSEWEG 10-3i;1.0;28
BU19450102;OS WINSELINGSEWEG 10-3i;0.9047619047619048;21
BU19450200;OS WINSELINGSEWEG 10-2i;1.0;52
BU19450201;OS WINSELINGSEWEG 10-2i;1.0;18
BU19450300;OS WINSELINGSEWEG 10-2i;1.0;15
BU19450301;OS WINSELINGSEWEG 10-2i;1.0;16
BU19450400;OS WINSELINGSEWEG 10-3i;1.0;7
BU19450500;OS WINSELINGSEWEG 10-2i;1.0;39
BU19450501;OS WINSELINGSEWEG 10-2i;1.0;61
BU19450502;OS WINSELINGSEWEG 10-2i;1.0;39
BU19450503;OS WINSELINGSEWEG 10-2i;1.0;42
BU19450504;OS WINSELINGSEWEG 10-2i;1.0;31
BU19450505;OS WINSELINGSEWEG 10-2i;1.0;65
BU19450506;OS WINSELINGSEWEG 10-2i;1.0;1
BU19450507;OS WINSELINGSEWEG 10-2i;1.0;9
BU19450508;OS WINSELINGSEWEG 10-2i;0.8;5
BU19450509;OS WINSELINGSEWEG 10-2i;1.0;4
BU19450510;OS WINSELINGSEWEG 10-2i;0.9565217391304348;23
BU19450511;OS WINSELINGSEWEG 10-2i;1.0;2
BU19450600;OS WINSELINGSEWEG 10-3i;0.8055555555555556;36
BU19450601;OS WINSELINGSEWEG 10-3i;0.5454545454545454;11
BU19450700;OS WINSELINGSEWEG 10-3i;1.0;14
BU19450701;OS WINSELINGSEWEG 10-3i;1.0;4
BU19450800;OS WINSELINGSEWEG 10-3i;1.0;35
BU19450801;OS WINSELINGSEWEG 10-3i;1.0;1
BU19450802;OS WINSELINGSEWEG 10-3i;1.0;13
BU19450900;OS WINSELINGSEWEG 10-3i;1.0;91
BU19450901;OS WINSELINGSEWEG 10-3i;1.0;75
BU19450902;OS WINSELINGSEWEG 10-3i;1.0;1
BU19450903;OS WINSELINGSEWEG 10-3i;1.0;9
BU19450904;OS WINSELINGSEWEG 10-3i;1.0;2
BU19451000;OS WINSELINGSEWEG 10-3i;1.0;65
BU19451001;OS WINSELINGSEWEG 10-3i;1.0;1
BU19451002;OS WINSELINGSEWEG 10-3i;1.0;21
BU19451100;OS WINSELINGSEWEG 10-3i;1.0;6
BU19451200;OS WINSELINGSEWEG 10-3i;1.0;20
BU19480101;ARI;1.0;14
BU19480102;UD;1.0;23
BU19480103;ARI;0.875;8
BU19480104;UD;0.8;10
BU19480105;ERD;1.0;5
BU19480106;UD;0.875;8
BU19480107;UD;1.0;12
BU19480108;UD;1.0;12
BU19480109;UD;1.0;22
BU19480110;UD;1.0;26
BU19480111;UD;1.0;17
BU19480112;UD;1.0;16
BU19480113;UD;1.0;25
BU19480201;ERD;1.0;50
BU19480202;ERD;1.0;33
BU19480203;ERD;1.0;10
BU19480204;ERD;1.0;22
BU19480205;ERD;0.896551724137931;29
BU19480206;ERD;0.8571428571428571;14
BU19480207;ERD;1.0;16
BU19480208;ERD;1.0;5
BU19480209;ERD;1.0;9
BU19480210;ERD;1.0;47
BU19480211;ERD;1.0;14
BU19480212;ERD;1.0;26
BU19480213;ERD;1.0;4
BU19480214;ERD;1.0;10
BU19480215;ERD;1.0;5
BU19480216;ERD;1.0;31
BU19480217;ERD;1.0;52
BU19480218;ERD;1.0;16
BU19480219;ERD;1.0;30
BU19480220;ERD;1.0;4
BU19480221;ERD;1.0;31
BU19480222;ERD;1.0;5
BU19480223;ERD;1.0;13
BU19480224;ERD;1.0;4
BU19480225;ERD;1.0;19
BU19480226;ERD;1.0;19
BU19480227;ERD;1.0;16
BU19480228;ERD;1.0;12
BU19480229;ERD;1.0;20
BU19480301;ERD;1.0;12
BU19480302;ERD;1.0;19
BU19480303;ERD;0.95;40
BU19480304;ERD;0.9545454545454546;22
BU19480305;ERD;0.9166666666666666;12
BU19480306;ERD;1.0;25
BU19480307;ERD;1.0;16
BU19480308;ERD;1.0;17
BU19480309;ERD;0.7741935483870968;31
BU19480310;ERD;1.0;35
BU19480311;ERD;1.0;50
BU19480312;ERD;1.0;29
BU19480313;ERD;1.0;16
BU19480314;ERD;1.0;44
BU19480315;ERD;1.0;40
BU19480316;ERD;1.0;10
BU19480317;ERD;1.0;47
BU19480318;ERD;1.0;50
BU19480401;ERD;1.0;14
BU19480402;ERD;1.0;19
BU19480403;ERD;1.0;11
BU19480404;ERD;1.0;37
BU19480405;UD;0.5454545454545454;11
BU19480406;ERD;1.0;14
BU19480407;ERD;1.0;8
BU19480408;ERD;0.8333333333333334;6
BU19480409;ERD;0.9473684210526315;19
BU19480410;ERD;1.0;9
BU19480411;ERD;1.0;26
BU19480412;ERD;1.0;33
BU19480413;ERD;1.0;29
BU19480414;ERD;1.0;35
BU19480415;ERD;1.0;7
BU19480416;ERD;1.0;11
BU19480417;ERD;1.0;19
BU19480418;ERD;1.0;26
BU19480419;ERD;1.0;29
BU19480420;ERD;1.0;17
BU19480421;ERD;1.0;12
BU19480422;ERD;1.0;28
BU19480423;ERD;1.0;51
BU19480424;ERD;1.0;45
BU19480425;ERD;1.0;19
BU19480426;ERD;1.0;24
BU19480427;ERD;1.0;30
BU19480428;ERD;1.0;7
BU19480429;ERD;1.0;79
BU19480430;ERD;1.0;34
BU19480431;ERD;1.0;45
BU19480432;ERD;1.0;16
BU19480433;ERD;1.0;18
BU19491500;OS HERBAYUM 10-1i;1.0;8
BU19491501;OS HERBAYUM 10-1i;1.0;15
BU19491600;OS HERBAYUM 20KV 20-1i;0.6190476190476191;21
BU19491601;OS HERBAYUM 20KV 20-1i;1.0;1
BU19491602;OS HERBAYUM 20KV 20-1i;1.0;32
BU19491603;OS HERBAYUM 20KV 20-1i;1.0;13
BU19491604;OS HERBAYUM 20KV 20-1i;1.0;40
BU19491605;OS HERBAYUM 20KV 20-1i;1.0;37
BU19491606;OS HERBAYUM 20KV 20-1i;1.0;4
BU19491700;OS LEEUWARDEN 10-1i;1.0;6
BU19491800;OS HERBAYUM 20KV 20-1i;1.0;10
BU19491801;OS HERBAYUM 20KV 20-1i;1.0;45
BU19491802;OS HERBAYUM 20KV 20-1i;1.0;41
BU19491803;OS HERBAYUM 20KV 20-1i;1.0;3
BU19491804;OS HERBAYUM 20KV 20-1i;1.0;3
BU19491900;OS HERBAYUM 20KV 20-1i;1.0;6
BU19491901;OS HERBAYUM 20KV 20-1i;1.0;28
BU19492000;OS LEEUWARDEN 10-1i;0.6666666666666666;9
BU19492001;OS LEEUWARDEN 10-1i;0.5714285714285714;21
BU19492100;OS LEEUWARDEN 10-1i;1.0;6
BU19492200;OS HERBAYUM 10-1i;1.0;3
BU19492300;OS LEEUWARDEN 10-1i;1.0;5
BU19492301;OS LEEUWARDEN 10-1i;1.0;12
BU19492400;OS LEEUWARDEN 10-1i;1.0;6
BU19492401;OS LEEUWARDEN 10-1i;1.0;31
BU19492500;OS HERBAYUM 10-1i;1.0;4
BU19492501;OS HERBAYUM 10-1i;1.0;11
BU19492600;OS LEEUWARDEN 10-1i;1.0;9
BU19492601;OS LEEUWARDEN 10-1i;1.0;4
BU19492602;OS LEEUWARDEN 10-1i;1.0;52
BU19492603;OS LEEUWARDEN 10-1i;1.0;31
BU19492604;OS LEEUWARDEN 10-1i;1.0;13
BU19492700;OS HERBAYUM 20KV 20-1i;1.0;5
BU19492800;OS HERBAYUM 10-1i;1.0;12
BU19492801;OS HERBAYUM 10-1i;1.0;10
BU19492802;OS HERBAYUM 10-1i;1.0;57
BU19492803;OS HERBAYUM 10-1i;1.0;39
BU19492804;OS HERBAYUM 10-1i;1.0;35
BU19492805;OS HERBAYUM 10-1i;1.0;14
BU19492806;OS HERBAYUM 10-1i;1.0;2
BU19492807;OS HERBAYUM 10-1i;0.6666666666666666;3
BU19492808;OS HERBAYUM 10-1i;1.0;39
BU19492809;OS HERBAYUM 10-1i;1.0;20
BU19492810;OS HERBAYUM 10-1i;1.0;8
BU19492811;OS HERBAYUM 10-1i;1.0;38
BU19492812;OS HERBAYUM 10-1i;1.0;45
BU19492813;OS HERBAYUM 10-1i;1.0;31
BU19492814;OS HERBAYUM 10-1i;1.0;6
BU19492815;OS HERBAYUM 10-1i;1.0;14
BU19492816;OS HERBAYUM 10-1i;1.0;24
BU19492817;OS HERBAYUM 10-1i;1.0;11
BU19492900;OS HERBAYUM 10-1i;1.0;12
BU19493000;OS HERBAYUM 10-1i;1.0;12
BU19493100;OS LEEUWARDEN 10-1i;1.0;5
BU19493101;OS LEEUWARDEN 10-1i;1.0;9
BU19493200;OS HERBAYUM 20KV 20-1i;1.0;21
BU19493201;OS HERBAYUM 20KV 20-1i;1.0;23
BU19493202;OS HERBAYUM 20KV 20-1i;1.0;25
BU19493300;OS HERBAYUM 10-1i;1.0;3
BU19493400;OS LEEUWARDEN 10-1i;1.0;12
BU19493401;OS LEEUWARDEN 10-1i;1.0;29
BU19493500;OS LEEUWARDEN 10-1i;0.6;15
BU19493501;OS HERBAYUM 20KV 20-1i;1.0;2
BU19493502;OS LEEUWARDEN 10-1i;0.8688524590163934;61
BU19493503;OS LEEUWARDEN 10-1i;0.9117647058823529;34
BU19493600;OS HERBAYUM 20KV 20-1i;1.0;15
BU19493601;OS HERBAYUM 20KV 20-1i;1.0;2
BU19493602;OS HERBAYUM 20KV 20-1i;1.0;22
BU19493603;OS HERBAYUM 20KV 20-1i;1.0;29
BU19493700;OS HERBAYUM 20KV 20-1i;0.9166666666666666;12
BU19493800;OS HERBAYUM 10-1i;0.8333333333333334;6
BU19493801;OS HERBAYUM 10-1i;1.0;18
BU19493900;OS LEEUWARDEN 10-1i;1.0;18
BU19493901;OS LEEUWARDEN 10-1i;1.0;20
BU19494000;OS HERBAYUM 10-1i;1.0;9
BU19494100;OS HERBAYUM 10-1i;0.9090909090909091;11
BU19494200;OS HERBAYUM 20KV 20-1i;0.75;4
BU19494201;OS HERBAYUM 20KV 20-1i;1.0;13
BU19494300;OS HERBAYUM 10-1i;1.0;6
BU19494400;OS HERBAYUM 10-1i;1.0;11
BU19494401;OS HERBAYUM 10-1i;1.0;43
BU19494402;OS HERBAYUM 10-1i;1.0;1
BU19494403;OS HERBAYUM 10-1i;1.0;2
BU19494500;OS LEEUWARDEN 10-1i;1.0;5
BU19494600;OS LEEUWARDEN 10-1i;1.0;3
BU19494700;OS MARNEZIJL 10-2i;1.0;4
BU19494701;OS MARNEZIJL 10-2i;1.0;7
BU19494800;OS HERBAYUM 10-1i;0.8125;16
BU19494801;OS HERBAYUM 10-1i;1.0;27
BU19494900;OS HERBAYUM 20KV 20-1i;0.6923076923076923;13
BU19494901;OS HERBAYUM 20KV 20-1i;1.0;17
BU19494902;OS HERBAYUM 20KV 20-1i;0.6190476190476191;21
BU19495000;OS LEEUWARDEN 10-1i;1.0;12
BU19495001;OS LEEUWARDEN 10-1i;1.0;16
BU19495100;OS HERBAYUM 20KV 20-1i;1.0;8
BU19495200;OS HERBAYUM 20KV 20-1i;1.0;8
BU19495300;OS MARNEZIJL 10-2i;0.5;10
BU19495301;OS LEEUWARDEN 10-1i;0.5517241379310345;29
BU19495302;OS LEEUWARDEN 10-1i;1.0;2
BU19495400;OS LEEUWARDEN 10-1i;0.6153846153846154;13
BU19495401;OS LEEUWARDEN 10-1i;1.0;8
BU19495500;OS HERBAYUM 10-1i;0.6666666666666666;3
BU19500000;MEE;1.0;73
BU19500001;MEE;1.0;7
BU19500002;MEE;1.0;17
BU19500004;MEE;1.0;16
BU19500005;WS;1.0;9
BU19500006;WS;1.0;3
BU19500007;MEE;1.0;14
BU19500008;MEE;1.0;9
BU19500009;WS;0.625;8
BU19500100;MEE;1.0;17
BU19500101;MEE;1.0;6
BU19500108;MEE;1.0;10
BU19500109;MEE;1.0;13
BU19500200;MEE;0.6825396825396826;63
BU19500201;MEE;1.0;18
BU19500202;MEE;1.0;18
BU19500203;MEE;1.0;12
BU19500204;MEE;1.0;4
BU19500206;MEE;0.6;5
BU19500207;MEE;0.8333333333333334;6
BU19500208;MEE;1.0;9
BU19500209;MEE;1.0;10
BU19500300;MSKZ;1.0;35
BU19500301;MSKZ;1.0;3
BU19500304;MSKZ;0.75;4
BU19500306;MSKZ;1.0;7
BU19500308;MSKZ;0.5;10
BU19500309;MSKZ;0.9230769230769231;26
BU19500400;MEE;1.0;62
BU19500401;MEE;1.0;2
BU19500402;MEE;1.0;2
BU19500403;MEE;1.0;4
BU19500404;MEE;1.0;5
BU19500409;MEE;1.0;15
BU19500500;MEE;1.0;27
BU19500501;MEE;1.0;1
BU19500502;MEE;1.0;2
BU19500504;MEE;1.0;9
BU19500507;MEE;1.0;7
BU19500508;MEE;1.0;11
BU19500509;MEE;1.0;10
BU19500600;MEE;1.0;4
BU19500601;MSKZ;1.0;7
BU19500602;MSKZ;1.0;4
BU19500609;MEE;0.5263157894736842;19
BU19500700;MSKZ;1.0;117
BU19500701;MSKZ;1.0;9
BU19500702;MSKZ;1.0;18
BU19500703;MSKZ;1.0;13
BU19500704;MSKZ;1.0;13
BU19500705;MSKZ;0.5555555555555556;9
BU19500706;MSKZ;1.0;10
BU19500707;MSKZ;1.0;19
BU19500708;MSKZ;1.0;56
BU19500709;MSKZ;1.0;12
BU19500808;MSKZ;1.0;7
BU19500809;MSKZ;1.0;13
BU19500900;MSKZ;1.0;2
BU19500909;MSKZ;1.0;10
BU19520101;KWD;1.0;83
BU19520102;KWD;1.0;26
BU19520103;KWD;1.0;12
BU19520104;KWD;1.0;14
BU19520105;KWD;1.0;18
BU19520106;KWD;1.0;12
BU19520107;KWD;1.0;23
BU19520201;KWD;1.0;41
BU19520202;KWD;1.0;13
BU19520203;KWD;1.0;41
BU19520204;KWD;1.0;12
BU19520205;KWD;1.0;56
BU19520206;KWD;1.0;46
BU19520207;KWD;1.0;38
BU19520208;KWD;1.0;32
BU19520209;KWD;1.0;1
BU19520210;KWD;1.0;5
BU19520301;KWD;1.0;11
BU19520302;KWD;1.0;26
BU19520303;KWD;1.0;18
BU19520304;KWD;1.0;18
BU19520305;KWD;1.0;4
BU19520306;KWD;0.8;5
BU19520401;KWD;1.0;49
BU19520402;KWD;1.0;19
BU19520403;KWD;1.0;36
BU19520404;KWD;1.0;11
BU19520405;KWD;1.0;35
BU19520406;KWD;1.0;10
BU19520407;KWD;1.0;8
BU19520408;KWD;1.0;10
BU19520409;KWD;1.0;25
BU19520501;VDM;0.8461538461538461;13
BU19520502;VDM;0.5;8
BU19520601;KWD;1.0;4
BU19520602;KWD;1.0;20
BU19520603;KWD;1.0;8
BU19520604;KWD;1.0;3
BU19520701;KWD;1.0;27
BU19520702;KWD;1.0;7
BU19520801;KWD;1.0;2
BU19520802;KWD;1.0;8
BU19520803;KWD;1.0;15
BU19520804;KWD;1.0;5
BU19520901;KWD;1.0;59
BU19520902;KWD;1.0;1
BU19520903;KWD;1.0;2
BU19520904;KWD;1.0;4
BU19520905;KWD;1.0;7
BU19520906;KWD;1.0;1
BU19520907;KWD;1.0;7
BU19521001;KWD;1.0;28
BU19521002;KWD;1.0;10
BU19521003;KWD;1.0;3
BU19521004;KWD;1.0;5
BU19521101;KWD;1.0;15
BU19521102;KWD;1.0;8
BU19521103;KWD;1.0;3
BU19521201;KWD;0.5333333333333333;60
BU19521202;KWD;1.0;6
BU19521203;KWD;1.0;5
BU19521301;WEW;0.975;40
BU19521302;WEW;0.8;5
BU19521303;WEW;1.0;4
BU19521401;WEW;1.0;18
BU19521402;WEW;1.0;2
BU19521501;WEW;1.0;77
BU19521502;WEW;1.0;23
BU19521503;WEW;1.0;1
BU19521601;GNHU;1.0;1
BU19521602;GNHU;0.5882352941176471;17
BU19521603;GNHU;1.0;2
BU19521604;GNHU;0.625;8
BU19521701;WEW;1.0;11
BU19521702;WEW;1.0;5
BU19521801;MEE;1.0;71
BU19521802;MEE;0.8082191780821918;73
BU19521803;MEE;1.0;6
BU19521804;MEE;1.0;2
BU19521805;KWD;1.0;4
BU19521806;KWD;1.0;2
BU19521901;MEE;0.6730769230769231;52
BU19521902;KWD;0.5625;16
BU19522001;MEE;0.9479166666666666;96
BU19522002;MEE;1.0;8
BU19522003;MEE;0.5714285714285714;7
BU19522004;MEE;1.0;2
BU19522005;MEE;1.0;1
BU19522101;MEE;1.0;38
BU19522102;MEE;0.9375;16
BU19540000;TRBK;1.0;133
BU19540001;TRBK;1.0;26
BU19540002;TRBK;1.0;25
BU19540003;TRBK;1.0;55
BU19540009;TRBK;1.0;13
BU19540100;TRBK;1.0;135
BU19540101;TRBK;1.0;39
BU19540102;TRBK;1.0;9
BU19540103;TRBK;1.0;27
BU19540104;TRBK;1.0;6
BU19540200;TRBK;1.0;43
BU19540201;TRBK;1.0;15
BU19540300;SBRN;1.0;89
BU19540301;TRBK;1.0;11
BU19540302;SBRN;1.0;17
BU19540400;BEEK;1.0;57
BU19540401;BEEK;0.9655172413793104;29
BU19540402;BEEK;1.0;4
BU19540500;TRBK;1.0;39
BU19540501;TRBK;1.0;49
BU19540502;TRBK;1.0;25
BU19540503;TRBK;1.0;17
BU19540504;TRBK;1.0;3
BU19540505;TRBK;1.0;22
BU19540509;TRBK;0.6666666666666666;12
BU19540600;TRBK;1.0;49
BU19540601;TRBK;1.0;99
BU19540602;TRBK;1.0;12
BU19540603;TRBK;1.0;30
BU19550000;OS DOETINCHEM 10-3i;1.0;139
BU19550001;OS DOETINCHEM 10-3i;1.0;101
BU19550002;OS DOETINCHEM 10-3i;0.9846153846153847;65
BU19550003;OS DOETINCHEM 10-3i;0.6;15
BU19550004;OS DOETINCHEM 10-5i;1.0;21
BU19550005;OS DOETINCHEM 10-3i;1.0;19
BU19550006;OS DOETINCHEM 10-3i;1.0;14
BU19550007;OS DOETINCHEM 10-3i;1.0;15
BU19550008;OS DOETINCHEM 10-5i;0.7631578947368421;38
BU19550009;OS DOETINCHEM 10-3i;0.4090909090909091;22
BU19550010;OS DOETINCHEM 10-3i;1.0;20
BU19550100;OS ZEVENAAR 10-3i;0.6451612903225806;31
BU19550101;OS DOETINCHEM 10-5i;1.0;24
BU19550102;OS ZEVENAAR 10-3i;1.0;7
BU19550106;OS ZEVENAAR 10-3i;0.6923076923076923;13
BU19550107;OS DOETINCHEM 10-5i;1.0;27
BU19550108;OS ZEVENAAR 10-3i;0.5151515151515151;33
BU19550109;OS DOETINCHEM 10-3i;0.5;16
BU19550200;OS ZEVENAAR 10-1i;0.934640522875817;153
BU19550201;OS ZEVENAAR 10-1i;0.7833333333333333;180
BU19550202;OS ZEVENAAR 10-1i;0.9411764705882353;17
BU19550203;OS ZEVENAAR 10-1i;1.0;13
BU19550205;OS ZEVENAAR 10-1i;0.5;4
BU19550206;OS ZEVENAAR 10-1i;1.0;19
BU19550207;OS ZEVENAAR 10-1i;0.9666666666666667;30
BU19550208;OS ZEVENAAR 10-1i;0.5882352941176471;34
BU19550209;OS ZEVENAAR 10-1i;0.5217391304347826;23
BU19590101;BBS;1.0;51
BU19590102;BBS;1.0;29
BU19590103;BBS;1.0;40
BU19590104;BBS;1.0;30
BU19590105;BBS;1.0;36
BU19590106;BBS;1.0;58
BU19590107;BBS;1.0;26
BU19590191;BBS;1.0;4
BU19590192;BBS;1.0;6
BU19590193;BBS;1.0;10
BU19590194;BBS;1.0;22
BU19590201;BBS;1.0;90
BU19590202;BBS;1.0;36
BU19590291;BBS;1.0;14
BU19590301;GT;0.9204545454545454;88
BU19590391;GT;0.6666666666666666;6
BU19590392;GT;1.0;7
BU19590401;GT;1.0;87
BU19590402;GT;1.0;1
BU19590491;GT;1.0;13
BU19590492;GT;1.0;7
BU19590501;GT;1.0;63
BU19590591;GT;0.5;6
BU19590592;GT;0.9090909090909091;11
BU19590601;WW;1.0;38
BU19590602;WW;1.0;68
BU19590603;WW;1.0;5
BU19590691;WW;0.8125;16
BU19590701;WW;1.0;41
BU19590791;WW;1.0;9
BU19590801;WW;1.0;10
BU19590891;WW;1.0;5
BU19590901;WW;1.0;6
BU19590991;WW;0.5;2
BU19591001;WW;1.0;31
BU19591002;WW;1.0;12
BU19591091;WW;1.0;9
BU19591101;WW;1.0;67
BU19591191;WW;1.0;13
BU19591201;GT;1.0;39
BU19591202;GT;1.0;41
BU19591203;GT;1.0;3
BU19591291;GT;1.0;17
BU19591292;GT;0.8181818181818182;11
BU19591301;WW;1.0;51
BU19591302;WW;1.0;14
BU19591303;WW;1.0;2
BU19591391;WW;1.0;1
BU19591401;WW;1.0;34
BU19591402;WW;1.0;59
BU19591403;WW;1.0;20
BU19591491;WW;1.0;20
BU19591492;WW;1.0;9
BU19591501;WW;1.0;5
BU19591591;WW;1.0;7
BU19591601;WW;1.0;13
BU19591691;WW;0.8888888888888888;9
BU19591701;WW;1.0;15
BU19591791;WW;1.0;6
BU19591801;WW;1.0;4
BU19591891;WW;1.0;8
BU19591901;WW;1.0;31
BU19591991;WW;1.0;11
BU19600000;OS CULEMBORG 10-1i;1.0;45
BU19600001;OS CULEMBORG 10-1i;1.0;33
BU19600002;OS CULEMBORG 10-1i;0.9130434782608695;23
BU19600003;OS CULEMBORG 10-1i;1.0;40
BU19600004;OS CULEMBORG 10-1i;1.0;70
BU19600005;OS CULEMBORG 10-1i;0.8666666666666667;15
BU19600006;OS CULEMBORG 10-1i;0.7142857142857143;14
BU19600007;OS CULEMBORG 10-1i;1.0;16
BU19600008;OS CULEMBORG 10-1i;0.5833333333333334;12
BU19600009;OS CULEMBORG 10-1i;1.0;1
BU19600100;OS CULEMBORG 10-1i;1.0;43
BU19600101;OS CULEMBORG 10-1i;1.0;10
BU19600102;OS CULEMBORG 10-1i;1.0;8
BU19600103;OS CULEMBORG 10-1i;1.0;5
BU19600106;OS ZUILICHEM 20-1i;0.5;10
BU19600107;OS CULEMBORG 10-1i;0.7;20
BU19600108;OS ZUILICHEM 20-1i;0.5384615384615384;13
BU19600109;OS CULEMBORG 10-1i;1.0;14
BU19600200;OS CULEMBORG 10-1i;1.0;38
BU19600201;OS CULEMBORG 10-1i;0.9705882352941176;34
BU19600202;OS CULEMBORG 10-1i;1.0;18
BU19600203;OS ZUILICHEM 20-1i;1.0;12
BU19600207;OS ZUILICHEM 20-1i;0.5333333333333333;15
BU19600208;OS CULEMBORG 10-1i;0.9166666666666666;12
BU19600209;OS CULEMBORG 10-1i;0.78125;32
BU19600300;OS CULEMBORG 10-1i;1.0;18
BU19600301;OS CULEMBORG 10-1i;1.0;41
BU19600308;OS CULEMBORG 10-1i;0.5;20
BU19600309;OS CULEMBORG 10-1i;0.7894736842105263;19
BU19600400;OS ZALTBOMMEL 20-5i;1.0;21
BU19600401;OS ZALTBOMMEL 20-5i;1.0;44
BU19600402;OS ZALTBOMMEL 20-5i;1.0;34
BU19600403;OS ZALTBOMMEL 20-5i;0.875;8
BU19600500;OS ZALTBOMMEL 20-5i;1.0;65
BU19600501;OS ZALTBOMMEL 20-5i;1.0;9
BU19600502;OS ZUILICHEM 20-1i;1.0;21
BU19600507;OS ZALTBOMMEL 20-5i;0.9473684210526315;19
BU19600508;OS ZUILICHEM 20-1i;1.0;11
BU19600509;OS ZALTBOMMEL 20-5i;0.8421052631578947;19
BU19600600;OS ZALTBOMMEL 20-5i;1.0;40
BU19600601;OS ZALTBOMMEL 20-5i;1.0;6
BU19600602;OS ZALTBOMMEL 20-5i;1.0;4
BU19600603;OS ZALTBOMMEL 20-5i;1.0;32
BU19600604;OS ZALTBOMMEL 20-5i;1.0;11
BU19600606;OS ZALTBOMMEL 20-5i;1.0;10
BU19600607;OS ZALTBOMMEL 20-5i;1.0;8
BU19600608;OS ZALTBOMMEL 20-5i;1.0;12
BU19600609;OS ZALTBOMMEL 20-5i;0.92;25
BU19600700;OS TIEL 10-2i;0.4523809523809524;42
BU19600701;OS ZALTBOMMEL 20-5i;1.0;21
BU19600702;OS ZALTBOMMEL 20-5i;1.0;4
BU19600707;OS ZALTBOMMEL 20-5i;1.0;11
BU19600708;OS ZALTBOMMEL 20-5i;1.0;5
BU19600709;OS ZALTBOMMEL 20-5i;0.4375;16
BU19600800;CM22;1.0;28
BU19600801;CM22;1.0;42
BU19600802;CM22;1.0;4
BU19600809;CM22;0.9230769230769231;13
BU19600900;CM22;1.0;20
BU19600901;CM22;1.0;30
BU19600902;CM22;0.8484848484848485;33
BU19600909;CM22;0.9166666666666666;12
BU19601000;OS ZUILICHEM 20-1i;0.8627450980392157;51
BU19601009;OS ZUILICHEM 20-1i;0.7352941176470589;34
BU19601100;OS ZUILICHEM 20-1i;1.0;57
BU19601109;OS ZUILICHEM 20-1i;0.9;30
BU19610101;CM22;1.0;2
BU19610201;CM22;1.0;7
BU19610202;CM22;1.0;10
BU19610301;CM22;1.0;23
BU19610302;CM22;1.0;44
BU19610303;CM22;1.0;6
BU19610401;CM22;1.0;1
BU19610402;CM22;1.0;5
BU19610403;CM22;1.0;2
BU19610501;CM22;1.0;40
BU19610502;CM22;1.0;26
BU19610503;CM22;1.0;7
BU19610504;CM22;1.0;9
BU19610601;CM22;1.0;9
BU19610602;CM22;1.0;11
BU19610701;CM22;1.0;48
BU19610801;CM22;1.0;7
BU19610802;CM22;1.0;4
BU19610803;CM22;1.0;9
BU19610901;CM22;1.0;15
BU19611001;CM22;1.0;7
BU19611002;CM22;1.0;3
BU19611003;CM22;1.0;2
BU19611101;CM22;1.0;22
BU19611201;CM22;1.0;7
BU19611202;CM22;1.0;2
BU19611203;CM22;1.0;7
BU19611301;CM22;1.0;13
BU19611401;CM22;1.0;11
BU19611501;CM22;1.0;12
BU19611601;CM22;1.0;9
BU19611701;CM22;1.0;6
BU19611801;CM22;1.0;23
BU19611901;CM22;1.0;48
BU19611902;CM22;1.0;26
BU19611903;CM22;1.0;27
BU19611904;CM22;1.0;10
BU19611905;CM22;1.0;2
BU19612001;CM22;1.0;10
BU19612002;CM22;1.0;11
BU19612003;CM22;1.0;5
BU19612101;CM22;1.0;41
BU19612102;CM22;1.0;7
BU19612103;CM22;1.0;20
BU19612104;CM22;1.0;39
BU19612105;CM22;1.0;17
BU19612106;CM22;1.0;6
BU19612201;CM22;1.0;39
BU19612202;CM22;1.0;15
BU19612203;CM22;1.0;23
BU19612204;CM22;1.0;28
BU19612205;CM22;1.0;9
BU19612301;CM22;1.0;11
BU19612302;CM22;1.0;11
BU19612401;CM22;1.0;51
BU19612402;CM22;1.0;8
BU19612403;CM22;1.0;21
BU19612404;CM22;1.0;13
BU19612405;CM22;1.0;48
BU19612406;CM22;1.0;18
BU19612407;CM22;1.0;21
BU19612408;CM22;1.0;3
BU19612501;CM22;1.0;22
BU19612502;CM22;1.0;32
BU19612503;CM22;1.0;24
BU19612504;CM22;1.0;18
BU19612505;CM22;1.0;16
BU19612601;CM22;1.0;42
BU19612602;CM22;1.0;22
BU19612701;CM22;1.0;14
BU19612702;CM22;1.0;37
BU19612703;CM22;1.0;22
BU19612801;CM22;1.0;17
BU19612901;CM22;1.0;28
BU19613001;CM22;1.0;25
BU19613101;CM22;1.0;14
BU19613201;CM22;1.0;17
BU19613301;CM22;1.0;5
BU19613401;CM22;1.0;16
BU19613501;CM22;1.0;2
BU19613502;CM22;1.0;8
BU19613503;CM22;1.0;6
BU19613601;CM22;1.0;31
BU19613602;CM22;1.0;25
BU19613603;CM22;1.0;17
BU19613701;CM22;1.0;16
BU19613801;CM22;1.0;14
BU19613901;CM22;1.0;1
BU19630000;CM29/64;1.0;55
BU19630001;CM29/64;1.0;38
BU19630002;CM29/64;1.0;68
BU19630003;CM29/64;1.0;57
BU19630004;CM29/64;1.0;72
BU19630005;CM29/64;1.0;78
BU19630006;CM29/64;1.0;22
BU19630007;CM29/64;1.0;78
BU19630050;CM29/64;1.0;23
BU19630051;CM29/64;1.0;9
BU19630099;CM29/64;1.0;21
BU19630100;CM29/64;1.0;60
BU19630150;CM29/64;1.0;6
BU19630199;CM29/64;1.0;24
BU19630200;CM29/64;1.0;81
BU19630299;CM29/64;1.0;23
BU19630300;CM29/64;1.0;41
BU19630399;CM29/64;1.0;12
BU19630400;CM29/64;1.0;157
BU19630499;CM29/64;1.0;6
BU19630500;CM29/64;1.0;65
BU19630599;CM29/64;1.0;14
BU19630600;CM29/64;1.0;176
BU19630650;CM29/64;1.0;7
BU19630699;CM29/64;1.0;31
BU19630700;CM29/64;1.0;133
BU19630750;CM29/64;1.0;9
BU19630799;CM29/64;1.0;69
BU19630800;CM29/64;1.0;77
BU19630899;CM29/64;1.0;18
BU19630900;CM29/64;1.0;164
BU19630950;CM29/64;1.0;10
BU19630999;CM29/64;1.0;47
BU19631000;CM29/64;1.0;60
BU19631099;CM29/64;1.0;32
BU19631100;CM29/64;1.0;31
BU19631199;CM29/64;1.0;28
BU19631200;CM29/64;1.0;32
BU19631299;CM29/64;1.0;13
BU19631300;CM29/64;1.0;87
BU19631399;CM29/64;1.0;14
BU19660101;WSMR;1.0;29
BU19660102;WSMR;1.0;18
BU19660103;WSMR;1.0;50
BU19660104;WSMR;1.0;51
BU19660105;WSMR;1.0;4
BU19660106;WSMR;1.0;7
BU19660201;WSMR;1.0;45
BU19660202;WSMR;1.0;55
BU19660203;WSMR;1.0;19
BU19660204;WSMR;1.0;2
BU19660205;WSMR;1.0;7
BU19660206;WSMR;1.0;2
BU19660207;WSMR;1.0;4
BU19660301;WSMR;1.0;19
BU19660302;WSMR;1.0;5
BU19660303;WSMR;1.0;14
BU19660304;WSMR;1.0;19
BU19660305;WSMR;1.0;4
BU19660401;WSMR;1.0;35
BU19660402;WSMR;1.0;10
BU19660403;WSMR;1.0;47
BU19660404;WSMR;1.0;10
BU19660501;WSMR;0.9523809523809523;21
BU19660502;WSMR;1.0;20
BU19660503;WSMR;1.0;41
BU19660601;WSMR;1.0;21
BU19660602;WSMR;1.0;44
BU19660603;WSMR;1.0;42
BU19660604;WSMR;1.0;24
BU19660605;WSMR;1.0;27
BU19660606;WSMR;1.0;56
BU19660701;WSMR;1.0;32
BU19660702;WSMR;1.0;58
BU19660703;WSMR;1.0;10
BU19660704;WSMR;1.0;11
BU19660801;GNHU;0.7222222222222222;18
BU19660802;WSMR;0.9333333333333333;30
BU19660803;GNHU;1.0;26
BU19660804;GNHU;1.0;5
BU19660805;WSMR;0.9666666666666667;30
BU19660806;WSMR;1.0;38
BU19660807;WSMR;1.0;62
BU19660808;WSMR;1.0;44
BU19660809;WSMR;1.0;63
BU19660810;WSMR;1.0;12
BU19660901;WSMR;1.0;16
BU19660902;WSMR;1.0;72
BU19661001;WSMR;0.5588235294117647;34
BU19661002;WSMR;1.0;19
BU19661003;EHAVM;1.0;12
BU19661101;WSMR;0.8461538461538461;13
BU19661102;WSMR;0.9166666666666666;36
BU19661201;EHAVM;0.9473684210526315;19
BU19661202;EHAVM;1.0;28
BU19661203;EHAVM;1.0;27
BU19661204;EHAVM;1.0;64
BU19661205;EHAVM;1.0;35
BU19661301;EHAVM;0.6415094339622641;53
BU19661302;EHAVM;1.0;19
BU19661303;EHAVM;1.0;71
BU19661304;EHAVM;0.9090909090909091;33
BU19661305;EHAVO;1.0;2
BU19661401;EHAVO;0.7222222222222222;18
BU19690000;VVL10;1.0;106
BU19690001;VVL10;1.0;15
BU19690002;VVL10;1.0;8
BU19690006;VVL10;1.0;2
BU19690007;VVL10;1.0;11
BU19690008;VVL10;1.0;18
BU19690009;VVL10;0.9375;16
BU19690100;VVL10;1.0;21
BU19690109;VVL10;1.0;20
BU19690200;VVL10;1.0;30
BU19690201;VVL10;1.0;9
BU19690202;VVL10;1.0;12
BU19690209;VVL10;1.0;36
BU19690300;VVL10;1.0;33
BU19690301;VVL10;1.0;22
BU19690309;VVL10;1.0;27
BU19690401;VVL10;1.0;16
BU19690402;VVL10;1.0;122
BU19690403;VVL10;1.0;114
BU19690404;VVL10;1.0;10
BU19690408;VVL10;1.0;2
BU19690409;VVL10;1.0;47
BU19690500;VVL10;1.0;42
BU19690501;VVL10;1.0;5
BU19690502;VVL10;1.0;8
BU19690503;VVL10;1.0;1
BU19690507;VVL10;1.0;12
BU19690508;VVL10;1.0;11
BU19690509;VVL10;0.9230769230769231;26
BU19690600;VVL10;1.0;48
BU19690601;VVL10;1.0;56
BU19690609;VVL10;1.0;27
BU19690700;VVL10;1.0;1
BU19690701;VVL10;1.0;3
BU19690709;VVL10;1.0;20
BU19690809;VVL10;1.0;7
BU19690900;VVL10;1.0;16
BU19690909;VVL10;1.0;7
BU19691000;VVL10;1.0;8
BU19691009;VVL10;1.0;6
BU19691100;VVL10;1.0;176
BU19691102;VVL10;1.0;20
BU19691103;VVL10;1.0;20
BU19691104;VVL10;1.0;6
BU19691105;VVL10;1.0;10
BU19691106;VVL10;1.0;6
BU19691107;VVL10;1.0;5
BU19691108;VVL10;0.9230769230769231;13
BU19691109;VVL10;1.0;26
BU19691200;VVL10;1.0;42
BU19691201;VVL10;1.0;3
BU19691202;VVL10;1.0;7
BU19691204;VVL10;1.0;6
BU19691208;VVL10;1.0;12
BU19691209;VVL10;1.0;12
BU19691300;WSMR;1.0;26
BU19691301;WSMR;1.0;6
BU19691302;WSMR;1.0;13
BU19691309;WSMR;1.0;24
BU19691400;VVL10;1.0;216
BU19691401;VVL10;1.0;43
BU19691402;VVL10;1.0;15
BU19691403;VVL10;1.0;5
BU19691409;VVL10;1.0;35
BU19691500;VVL10;1.0;84
BU19691502;VVL10;1.0;7
BU19691503;VVL10;1.0;22
BU19691504;VVL10;1.0;5
BU19691509;VVL10;1.0;35
BU19691600;WSMR;1.0;35
BU19691601;VVL10;1.0;9
BU19691603;WSMR;1.0;7
BU19691604;VVL10;1.0;1
BU19691608;VVL10;0.8;5
BU19691609;VVL10;0.6666666666666666;24
BU19691700;VVL10;1.0;60
BU19691701;VVL10;1.0;4
BU19691702;VVL10;1.0;3
BU19691709;VVL10;0.9032258064516129;31
BU19700000;OS DOKKUM 20kV 20-1i;1.0;74
BU19700001;OS DOKKUM 20kV 20-1i;1.0;36
BU19700002;OS DOKKUM 20kV 20-1i;1.0;63
BU19700003;OS DOKKUM 20kV 20-1i;1.0;63
BU19700004;OS DOKKUM 20kV 20-1i;0.9090909090909091;11
BU19700005;OS DOKKUM 20kV 20-1i;1.0;33
BU19700006;OS DOKKUM 10-1i;0.8333333333333334;12
BU19700007;OS DOKKUM 20kV 20-1i;0.9375;16
BU19700008;OS DOKKUM 20kV 20-1i;1.0;30
BU19700009;OS DOKKUM 20kV 20-1i;0.9722222222222222;36
BU19700010;OS DOKKUM 20kV 20-1i;1.0;31
BU19700011;OS DOKKUM 20kV 20-1i;1.0;8
BU19700100;OS DOKKUM 10-1i;1.0;19
BU19700101;OS DOKKUM 10-1i;1.0;3
BU19700102;OS DOKKUM 10-1i;1.0;13
BU19700103;OS DOKKUM 10-1i;1.0;9
BU19700104;OS DOKKUM 10-1i;0.6666666666666666;6
BU19700105;OS DOKKUM 10-1i;1.0;5
BU19700107;OS DOKKUM 10-1i;1.0;6
BU19700108;OS DOKKUM 10-1i;1.0;9
BU19700109;OS DOKKUM 20kV 20-1i;0.6666666666666666;3
BU19700200;OS DOKKUM 10-1i;0.52;25
BU19700201;OS DOKKUM 10-1i;0.75;16
BU19700202;OS DOKKUM 10-1i;1.0;1
BU19700208;OS DOKKUM 10-1i;0.7333333333333333;15
BU19700209;OS DOKKUM 10-1i;0.7142857142857143;7
BU19700300;OS DOKKUM 10-1i;1.0;25
BU19700301;OS DOKKUM 10-1i;1.0;15
BU19700302;OS DOKKUM 10-1i;1.0;8
BU19700303;OS DOKKUM 10-1i;1.0;13
BU19700307;OS DOKKUM 10-1i;0.9375;16
BU19700308;OS DOKKUM 10-1i;1.0;7
BU19700309;OS DOKKUM 10-1i;1.0;10
BU19700400;OS DOKKUM 10-1i;1.0;20
BU19700401;OS DOKKUM 10-1i;1.0;14
BU19700408;OS DOKKUM 10-1i;1.0;9
BU19700409;OS DOKKUM 10-1i;1.0;6
BU19700500;OS DOKKUM 20kV 20-1i;1.0;35
BU19700501;OS DOKKUM 20kV 20-1i;1.0;20
BU19700502;OS DOKKUM 20kV 20-1i;1.0;16
BU19700503;OS DOKKUM 10-1i;1.0;10
BU19700506;OS DOKKUM 20kV 20-1i;1.0;15
BU19700507;OS DOKKUM 20kV 20-1i;1.0;5
BU19700508;OS DOKKUM 20kV 20-1i;0.5;6
BU19700509;OS DOKKUM 10-1i;1.0;5
BU19700600;OS DOKKUM 20kV 20-1i;0.5818181818181818;55
BU19700601;OS DOKKUM 10-1i;0.8;5
BU19700602;OS DOKKUM 10-1i;1.0;9
BU19700603;OS DOKKUM 10-1i;1.0;8
BU19700604;OS DOKKUM 10-1i;0.9;10
BU19700605;OS DOKKUM 10-1i;1.0;8
BU19700608;OS DOKKUM 10-1i;0.5;16
BU19700609;OS DOKKUM 10-1i;1.0;5
BU19700700;OS DOKKUM 10-1i;0.8461538461538461;13
BU19700701;OS DOKKUM 20kV 20-1i;1.0;6
BU19700702;OS DOKKUM 10-1i;1.0;8
BU19700703;OS DOKKUM 10-1i;0.8;5
BU19700708;OS DOKKUM 20kV 20-1i;0.5714285714285714;7
BU19700709;OS DOKKUM 20kV 20-1i;0.8333333333333334;6
BU19700800;OS LEEUWARDEN 10-1i;1.0;55
BU19700801;OS LEEUWARDEN 10-1i;1.0;34
BU19700802;OS DOKKUM 10-1i;1.0;19
BU19700803;OS LEEUWARDEN 10-1i;1.0;9
BU19700807;OS LEEUWARDEN 10-1i;1.0;19
BU19700808;OS LEEUWARDEN 10-1i;0.9333333333333333;15
BU19700809;OS DOKKUM 10-1i;0.5625;16
BU19700900;OS LEEUWARDEN 10-1i;1.0;76
BU19700909;OS LEEUWARDEN 10-1i;0.9523809523809523;21
BU19701000;OS LEEUWARDEN 10-1i;0.6206896551724138;29
BU19701001;OS LEEUWARDEN 10-1i;1.0;4
BU19701002;OS DOKKUM 20kV 20-1i;1.0;1
BU19701003;OS DOKKUM 20kV 20-1i;1.0;6
BU19701004;OS DOKKUM 20kV 20-1i;1.0;6
BU19701005;OS DOKKUM 20kV 20-1i;0.75;4
BU19701006;OS DOKKUM 20kV 20-1i;0.6666666666666666;3
BU19701008;OS DOKKUM 20kV 20-1i;0.9090909090909091;11
BU19701009;OS LEEUWARDEN 10-1i;1.0;9
BU19701100;OS BERGUM CENTRALE 10-2i;1.0;152
BU19701109;OS BERGUM CENTRALE 10-2i;0.95;20
BU19701200;OS BERGUM CENTRALE 10-2i;1.0;25
BU19701201;OS BERGUM CENTRALE 10-2i;1.0;7
BU19701202;OS BERGUM CENTRALE 10-2i;1.0;4
BU19701203;OS BERGUM CENTRALE 10-2i;1.0;18
BU19701204;OS BERGUM CENTRALE 10-2i;1.0;7
BU19701206;OS BERGUM CENTRALE 10-2i;1.0;8
BU19701207;OS BERGUM CENTRALE 10-2i;1.0;10
BU19701208;OS BERGUM CENTRALE 10-2i;1.0;5
BU19701209;OS BERGUM CENTRALE 10-2i;0.9230769230769231;13
BU19701300;OS BERGUM CENTRALE 10-2i;1.0;17
BU19701301;OS BERGUM CENTRALE 10-2i;1.0;7
BU19701302;OS DOKKUM 20kV 20-1i;1.0;16
BU19701308;OS BERGUM CENTRALE 10-2i;1.0;9
BU19701309;OS DOKKUM 20kV 20-1i;0.875;8
BU19701400;OS BERGUM CENTRALE 10-2i;0.8271604938271605;81
BU19701401;OS BERGUM CENTRALE 10-2i;1.0;13
BU19701402;OS BERGUM CENTRALE 10-2i;1.0;6
BU19701409;OS BERGUM CENTRALE 10-2i;0.6363636363636364;11
BU19780101;CM22;1.0;3
BU19780102;CM22;1.0;1
BU19780104;CM22;1.0;78
BU19780105;CM22;1.0;5
BU19780107;CM22;1.0;17
BU19780108;CM22;1.0;11
BU19780201;CM63;1.0;4
BU19780202;CM63;0.8333333333333334;6
BU19780203;CM63;0.9375;48
BU19780204;CM63;0.8333333333333334;6
BU19780205;CM63;1.0;4
BU19780206;CM66;1.0;1
BU19780301;CM66;1.0;1
BU19780302;CM66;1.0;16
BU19780303;CM63;1.0;2
BU19780304;CM66;1.0;2
BU19780307;CM66;0.875;8
BU19780308;CM66;1.0;1
BU19780401;CM63;1.0;4
BU19780402;CM63;1.0;51
BU19780403;CM63;1.0;2
BU19780404;CM63;1.0;6
BU19780405;CM22;1.0;3
BU19780406;CM63;0.625;16
BU19780407;CM22;1.0;3
BU19780408;CM63;0.8333333333333334;18
BU19780410;CM63;1.0;1
BU19780501;CM22;1.0;6
BU19780502;CM22;1.0;9
BU19780503;CM22;1.0;3
BU19780504;CM22;1.0;5
BU19780601;CM22;1.0;1
BU19780602;CM22;1.0;10
BU19780603;CM22;1.0;4
BU19780604;CM22;0.9861111111111112;72
BU19780605;CM22;1.0;1
BU19780607;CM22;1.0;2
BU19780609;CM22;0.7142857142857143;7
BU19780610;CM22;1.0;4
BU19780702;CM22;1.0;23
BU19780703;CM22;1.0;1
BU19780704;CM22;1.0;1
BU19780705;CM22;1.0;8
BU19780706;CM22;1.0;7
BU19780801;CM22;1.0;3
BU19780802;CM22;1.0;30
BU19780803;CM22;1.0;2
BU19780804;CM22;1.0;6
BU19780901;CM66;1.0;2
BU19780902;CM66;1.0;1
BU19780903;CM66;1.0;16
BU19780904;CM66;1.0;2
BU19781002;CM22;1.0;6
BU19781003;CM22;1.0;32
BU19781004;CM22;1.0;7
BU19781101;CM66;1.0;15
BU19781103;CM66;1.0;1
BU19781104;CM66;1.0;1
BU19781105;CM66;0.8571428571428571;7
BU19781106;CM66;1.0;1
BU19781201;CM66;1.0;85
BU19781202;CM66;1.0;60
BU19781203;CM66;1.0;2
BU19781204;CM66;1.0;11
BU19781205;CM66;1.0;2
BU19781206;CM66;1.0;1
BU19781207;CM66;1.0;3
BU19781301;CM22;1.0;36
BU19781302;CM22;1.0;1
BU19781402;CM22;1.0;11
BU19781403;CM22;1.0;2
BU19781405;CM22;1.0;1
BU19781406;CM22;1.0;22
BU19781407;CM22;1.0;4
BU19781408;CM22;1.0;2
BU19781409;CM22;1.0;5
BU19781501;CM63;0.3333333333333333;3
BU19781504;CM63;1.0;1
BU19781505;CM63;1.0;1
BU19781507;CM63;0.8571428571428571;7
BU19781508;CM63;1.0;11
BU19781509;CM63;1.0;1
BU19781510;CM63;1.0;5
BU19781601;CM63;1.0;5
BU19781602;CM66;1.0;3
BU19781603;CM66;1.0;30
BU19781604;CM66;0.8571428571428571;7
BU19781605;CM66;0.6666666666666666;6
BU19781701;CM22;1.0;31
BU19781702;CM22;1.0;2
BU19781703;CM22;1.0;3
BU19781704;CM22;1.0;1
BU19781705;CM22;1.0;8
BU19781801;CM66;1.0;7
BU19781802;CM66;1.0;12
BU19781803;CM66;1.0;39
BU19781901;CM22;1.0;1
BU19782001;CM63;1.0;4
BU19782002;CM63;1.0;12
BU19782004;CM63;1.0;1
BU19790101;WEW;1.0;49
BU19790202;WEW;1.0;35
BU19790203;WEW;1.0;41
BU19790204;WEW;1.0;35
BU19790205;WEW;1.0;7
BU19790221;WEW;1.0;3
BU19790306;WEW;1.0;19
BU19790307;WEW;1.0;45
BU19790308;WEW;1.0;24
BU19790309;WEW;1.0;11
BU19790410;WEW;1.0;2
BU19790411;WEW;1.0;26
BU19790412;WEW;1.0;20
BU19790413;WEW;1.0;10
BU19790414;WEW;1.0;8
BU19790415;WEW;1.0;7
BU19790518;WEW;1.0;24
BU19790519;WEW;1.0;12
BU19790520;WEW;1.0;10
BU19790622;WEW;1.0;11
BU19790623;WEW;1.0;17
BU19790624;WEW;1.0;11
BU19790625;WEW;1.0;62
BU19790626;WEW;1.0;74
BU19790646;WEW;1.0;23
BU19790647;WEW;1.0;12
BU19790727;WEW;1.0;5
BU19790728;WEW;1.0;2
BU19790730;WEW;1.0;1
BU19790733;WEW;1.0;31
BU19790734;WEW;1.0;2
BU19790735;EHAVO;1.0;11
BU19790736;EHAVO;1.0;3
BU19790737;EHAVO;1.0;20
BU19790738;EHAVO;0.9428571428571428;35
BU19790739;EHAVO;0.5555555555555556;54
BU19790829;WEW;1.0;2
BU19790831;WEW;1.0;19
BU19790932;WEW;1.0;9
BU19790940;WEW;1.0;5
BU19790941;WEW;1.0;11
BU19790942;WEW;1.0;12
BU19790943;WEW;1.0;29
BU19790944;WEW;1.0;59
BU19790945;WEW;1.0;49
BU19791016;WEW;1.0;3
BU19791017;WEW;1.0;4
BU19791149;WEW;1.0;59
BU19791150;WEW;1.0;23
BU19791151;WEW;1.0;16
BU19791252;WEW;1.0;7
BU19791253;WEW;1.0;3
BU19791254;WEW;1.0;6
BU19791255;WEW;1.0;42
BU19791256;WEW;1.0;112
BU19791257;WEW;1.0;10
BU19791258;WEW;1.0;8
BU19791359;WEW;1.0;12
BU19791360;WEW;1.0;5
BU19791361;WEW;1.0;16
BU19791362;WEW;1.0;19
BU19791363;WEW;1.0;29
BU19791364;WEW;1.0;7
BU19791469;WEW;1.0;20
BU19791570;WEW;1.0;3
BU19791571;WEW;1.0;6
BU19791572;WEW;1.0;5
BU19791673;WEW;1.0;83
BU19791674;WEW;0.7;10
BU19791675;WEW;1.0;12
BU19791676;WEW;0.875;40
BU19791777;WSMR;1.0;30
BU19791778;WSMR;1.0;14
BU19791779;EHAVM;1.0;8
BU19791780;WSMR;0.7931034482758621;29
BU19791881;WSMR;1.0;62
BU19791882;WSMR;1.0;1
BU19791883;WSMR;1.0;4
BU19791885;WSMR;1.0;27
BU19791986;EHAVO;0.8260869565217391;23
BU19791987;WEW;0.9230769230769231;13
BU19791988;EHAVM;1.0;3
BU19791989;WEW;1.0;7
BU19791990;WEW;1.0;3
BU19791991;WEW;1.0;7
BU19791992;WEW;0.5714285714285714;49
BU19800101;OS WARMENHUIZEN 10-1i;1.0;38
BU19800102;OS WARMENHUIZEN 10-1i;1.0;36
BU19800103;OS DE WEEL 20-1i;0.6;5
BU19800104;OS WARMENHUIZEN 10-1i;1.0;10
BU19800105;OS WARMENHUIZEN 10-1i;1.0;10
BU19800201;OS DE WEEL 20-1i;0.6296296296296297;81
BU19800202;OS WARMENHUIZEN 10-1i;0.7368421052631579;57
BU19800203;OS WARMENHUIZEN 10-1i;1.0;3
BU19800204;OS DE WEEL 20-1i;1.0;2
BU19800205;OS WARMENHUIZEN 10-1i;1.0;3
BU19800301;OS DE WEEL 20-1i;1.0;55
BU19800302;OS DE WEEL 20-1i;1.0;43
BU19800303;OS DE WEEL 20-1i;1.0;23
BU19800304;OS WARMENHUIZEN 10-1i;1.0;11
BU19800305;OS DE WEEL 20-1i;1.0;35
BU19800306;OS WARMENHUIZEN 10-1i;1.0;3
BU19800401;OS DE WEEL 20-1i;0.6363636363636364;55
BU19800402;OS DE WEEL 20-1i;0.7;10
BU19800403;OS DE WEEL 20-1i;1.0;36
BU19800404;OS DE WEEL 20-1i;1.0;24
BU19800405;OS DE WEEL 20-1i;0.5;2
BU19800406;OS DE WEEL 20-1i;1.0;17
BU19800407;OS OUDORP 10-1i;0.5;2
BU19800501;OS OTERLEEK 10-4i;0.4537037037037037;108
BU19800502;OS OUDORP 10-1i;0.5882352941176471;34
BU19800503;OS OUDORP 10-1i;1.0;6
BU19800601;OS WARMENHUIZEN 10-1i;1.0;8
BU19800602;OS WARMENHUIZEN 10-1i;1.0;1
BU19801001;OS HEERHUGOWAARD 50-1i;0.7666666666666667;60
BU19801101;OS HEERHUGOWAARD 50-1i;1.0;71
BU19801102;OS HEERHUGOWAARD 50-1i;1.0;34
BU19801201;OS HEERHUGOWAARD 50-1i;0.9767441860465116;43
BU19801301;OS OTERLEEK 10-4i;1.0;61
BU19801302;OS HEERHUGOWAARD 50-1i;0.6;50
BU19801303;OS OTERLEEK 10-4i;1.0;5
BU19801401;OS HEERHUGOWAARD 50-1i;1.0;33
BU19801402;OS HEERHUGOWAARD 50-1i;1.0;30
BU19801501;OS OTERLEEK 10-2i;0.42696629213483145;89
BU19801601;OS OTERLEEK 10-2i;0.5142857142857142;70
BU19801701;OS OTERLEEK 10-2i;1.0;87
BU19801801;OS HEERHUGOWAARD 50-1i;0.6521739130434783;23
BU19801802;OS HEERHUGOWAARD 50-1i;1.0;21
BU19801803;OS HEERHUGOWAARD 50-1i;1.0;10
BU19801901;OS DE WEEL 20-1i;0.8888888888888888;18
BU19801903;OS OUDORP 10-2i;0.5;2
BU19802001;OS HEERHUGOWAARD 50-1i;0.9375;16
BU19802002;OS DE WEEL 20-1i;1.0;13
BU19802003;OS DE WEEL 20-1i;1.0;10
BU19802004;OS HEERHUGOWAARD 50-1i;1.0;9
BU19802005;OS DE WEEL 20-1i;0.75;4
BU19802101;OS OTERLEEK 10-2i;1.0;54
BU19802102;OS OTERLEEK 10-4i;1.0;9
BU19802201;OS OTERLEEK 10-2i;1.0;46
BU19802202;OS OTERLEEK 10-2i;0.7916666666666666;48
BU19802301;OS OTERLEEK 10-2i;0.8235294117647058;51
BU19802401;OS OTERLEEK 10-2i;0.9782608695652174;46
BU19802402;OS OTERLEEK 10-4i;0.7058823529411765;17
BU19802403;OS OTERLEEK 10-2i;1.0;17
BU19802501;OS OTERLEEK 10-4i;1.0;43
BU19802502;OS OTERLEEK 10-4i;0.375;8
BU19802503;OS OUDORP 10-1i;0.5;2
BU19802601;OS HEERHUGOWAARD 50-1i;0.9459459459459459;37
BU19802602;OS HEERHUGOWAARD 50-1i;0.8857142857142857;35
BU19802701;OS HEERHUGOWAARD 50-1i;0.8125;32
BU19802702;OS HEERHUGOWAARD 50-1i;1.0;8
BU19802703;OS DE WEEL 20-1i;0.7714285714285715;35
BU19802801;OS OTERLEEK 10-4i;1.0;6
BU19802802;OS OTERLEEK 10-4i;0.625;8
BU19820101;UD;1.0;5
BU19820103;UD;1.0;9
BU19820105;UD;1.0;14
BU19820107;UD;1.0;17
BU19820109;UD;1.0;1
BU19820111;UD;1.0;5
BU19820113;UD;1.0;1
BU19820201;UD;1.0;58
BU19820203;UD;1.0;21
BU19820205;UD;1.0;28
BU19820207;UD;1.0;68
BU19820209;UD;1.0;33
BU19820211;UD;1.0;21
BU19820213;UD;1.0;2
BU19820301;UD;1.0;18
BU19820303;UD;1.0;21
BU19820305;UD;1.0;17
BU19820401;UD;1.0;21
BU19820403;UD;0.9090909090909091;22
BU19820501;CU;1.0;7
BU19820503;CU;1.0;6
BU19820601;HPS;1.0;7
BU19820603;HPS;0.5;4
BU19820605;CU;1.0;6
BU19820701;HPS;1.0;35
BU19820703;HPS;1.0;29
BU19820801;HPS;1.0;102
BU19820803;HPS;1.0;68
BU19820805;HPS;0.989010989010989;91
BU19820807;CU;1.0;125
BU19820809;HPS;1.0;4
BU19820811;HPS;1.0;26
BU19820813;HPS;1.0;4
BU19820901;UD;1.0;54
BU19820903;UD;1.0;41
BU19821001;HPS;1.0;52
BU19821003;HPS;1.0;43
BU19821005;HPS;1.0;17
BU19821007;HPS;1.0;18
BU19821009;HPS;1.0;13
BU19821011;HPS;1.0;4
BU19821013;HPS;1.0;5
BU19821015;HPS;1.0;31
BU19821017;HPS;0.9565217391304348;23
BU19821101;HPS;1.0;20
BU19821103;HPS;1.0;17
BU19821201;HPS;1.0;8
BU19821203;HPS;1.0;14
BU19821301;HPS;1.0;48
BU19821303;HPS;1.0;34
BU19821305;HPS;1.0;3
BU19821401;HPS;1.0;52
BU19821403;HPS;1.0;21
BU19821501;HPS;1.0;22
BU19821503;HPS;1.0;35
BU19821601;HPS;1.0;18
BU19821603;HPS;0.9583333333333334;24
BU19821701;HPS;1.0;74
BU19821703;HPS;1.0;4
BU19821705;HPS;1.0;29
BU19821801;HPS;1.0;29
BU19821803;HPS;1.0;18
BU19821901;HPS;1.0;38
BU19821903;HPS;1.0;29
BU19822001;HPS;1.0;15
BU19822003;HPS;0.76;25
BU19822101;HPS;1.0;8
BU19822103;HPS;1.0;9
BU19822201;HPS;0.9811320754716981;53
BU19822203;HPS;1.0;30
BU19822205;HPS;1.0;15
BU19822207;HPS;1.0;55
BU19822209;HPS;1.0;28
BU19822211;HPS;1.0;78
BU19822213;HPS;1.0;32
BU19822215;HPS;1.0;11
BU19822217;HPS;1.0;19
BU19822219;HPS;1.0;4
BU19822221;HPS;1.0;3
BU19822301;HPS;1.0;84
BU19822303;HPS;1.0;31
BU19822401;HPS;1.0;36
BU19822403;HPS;1.0;16
BU19822501;HPS;1.0;28
BU19822503;HPS;0.9565217391304348;23
BU19822601;HPS;1.0;12
BU19822603;HPS;1.0;6
BU19822701;HPS;1.0;10
BU19822703;HPS;0.5294117647058824;17
BU19822801;VENR;1.0;4
BU19822803;VENR;1.0;10
BU19822901;HPS;1.0;6
BU19822903;HPS;0.9444444444444444;18
BU19823001;VENR;1.0;65
BU19823003;VENR;0.925;40
BU19823101;VENR;1.0;64
BU19823103;VENR;1.0;11
BU19823201;VENR;1.0;6
BU19823203;VENR;1.0;11
BU19823301;VENR;1.0;17
BU19823303;VENR;1.0;14
BU19910101;UD;1.0;87
BU19910102;UD;1.0;50
BU19910103;UD;1.0;34
BU19910104;UD;1.0;21
BU19910105;UD;1.0;89
BU19910106;UD;1.0;61
BU19910107;UD;1.0;23
BU19910108;UD;1.0;6
BU19910109;UD;1.0;47
BU19910110;UD;1.0;78
BU19910111;UD;1.0;58
BU19910112;UD;1.0;9
BU19910113;UD;1.0;82
BU19910114;UD;1.0;3
BU19910115;UD;1.0;52
BU19910116;UD;1.0;64
BU19910117;UD;1.0;11
BU19910196;UD;1.0;9
BU19910197;UD;1.0;11
BU19910198;UD;1.0;23
BU19910199;UD;1.0;34
BU19910201;UD;1.0;60
BU19910298;UD;1.0;1
BU19910299;UD;1.0;40
BU19910301;UD;1.0;29
BU19910399;UD;1.0;36
BU19910401;UD;1.0;140
BU19910402;UD;1.0;22
BU19910403;UD;1.0;21
BU19910404;UD;1.0;6
BU19910501;UD;1.0;38
BU19910502;UD;1.0;23
BU19910601;UD;1.0;114
BU19910602;UD;1.0;10
BU19910603;UD;1.0;9
BU19910604;UD;1.0;15
BU19910605;UD;1.0;9
BU19910606;UD;1.0;9
BU19910607;UD;1.0;8
BU19920000;CM84;1.0;24
BU19920001;CM84;1.0;20
BU19920003;CM84;1.0;10
BU19920004;CM84;1.0;19
BU19920005;CM84;1.0;35
BU19920100;CM84;1.0;6
BU19920101;CM84;1.0;34
BU19920102;CM84;1.0;24
BU19920103;CM84;1.0;18
BU19920104;CM84;1.0;25
BU19920105;CM84;1.0;18
BU19920106;CM84;1.0;16
BU19920107;CM84;1.0;2
BU19920200;CM84;1.0;23
BU19920201;CM84;1.0;4
BU19920300;CM84;1.0;12
BU19920301;CM84;1.0;36
BU19920302;CM84;1.0;54
BU19920303;CM84;1.0;40
BU19920400;CM84;1.0;41
BU19920401;CM84;1.0;38
BU19920402;CM84;1.0;45
BU19920404;CM84;1.0;9
BU19920500;CM84;1.0;5
BU19920502;CM84;1.0;22
BU19920503;CM84;1.0;12
BU19920504;CM84;1.0;24
BU19920505;CM84;1.0;23
BU19920600;CM84;1.0;13
BU19920601;CM84;1.0;26
BU19920700;CM84;1.0;8
BU19920701;CM84;1.0;13
BU19920800;CM84;1.0;15
BU19920900;CM84;1.0;11
BU19920901;CM84;0.9583333333333334;48
BU19920902;CM84;1.0;2
BU19921001;CM85;0.7222222222222222;18
BU19921002;CM85;0.9;10
BU19921003;CM84;1.0;2
BU19922000;CM84;1.0;33
BU19922001;CM84;1.0;1
BU19922002;CM84;1.0;5
BU19922003;CM84;1.0;13
BU19922004;CM84;1.0;55
BU19922005;CM84;1.0;22
BU19922009;CM84;0.8461538461538461;65
BU19922100;CM74;1.0;105
BU19922101;CM74;1.0;9
BU19922102;CM74;1.0;53
BU19922103;CM85;0.75;8
BU19922104;CM74;1.0;19
BU19922105;CM74;1.0;18
BU19922106;CM74;1.0;5
BU19922108;CM74;0.8333333333333334;6
BU19922109;CM74;0.5555555555555556;45
BU19923000;CM74;0.5238095238095238;84
BU19923001;CM85;1.0;18
BU19923002;CM85;1.0;35
BU19923003;CM85;1.0;66
BU19923004;CM74;1.0;14
BU19923005;CM85;1.0;26
BU19923006;CM85;1.0;31
BU19923009;CM85;0.55;20
BU19923100;CM85;1.0;22
BU19923109;CM85;0.972972972972973;37
BU19923200;CM85;1.0;16
BU19923201;CM85;1.0;22
BU19923202;CM85;1.0;3
BU19923209;CM85;0.95;20
BU19923300;CM74;0.75;4
