PK_UID;LandCode;INST_TYPE;NIC;INRICHTING;STAD;STRAATNAAM;POSTCODE;NR;TOEVOEGING;X;Y;SBI_CODE;SBI;SECTOR;SUBSECTOR;EMISSIE;kton1990;kton2000;kton2010;kton2015;kton2020;kton2021;kton2022;kton2023;kton2024;conv_grp;TJ_Warmte;TJ_W_Ind;legenda;Size;color;Jaar;buurtcode_2023;gemeentecode_2023;pc4_code_2023;pc6_code_2023;buurtcode_2024;gemeentecode_2024;pc4_code_2024;pc6_code_2024;buurtcode_2025;gemeentecode_2025;pc4_code_2025;pc6_code_2025;buurtcode_gewijzigd;gemeentecode_gewijzigd;pc4_gewijzigd;lat;lon;meta_source_layer;meta_source_wfs_url;meta_retrieved_at;meta_source_last_modified
1;NL;LCP;10001;Nobian Industrial Chemicals BV (Rotterdam);Botlek Rotterdam;Welplaatweg;3197KS;12;;78660;432300;20.13;Vervaardiging van overige anorganische basischemicaliën;Chemische Industrie;Chemische Industrie basisproducten;CO2;198.989583;193.179;180.95335;152.069;117.432067;112.892633;127.88757;102.059769;103.227146;Chemische Industrie;1401.771932;1401.771932;Chemie;3;Magenta;2024;BU05992306;GM0599;3197.0;3197KS;BU05992306;GM0599;3197.0;3197KS;BU05992306;GM0599;3197.0;3197KS;False;False;False;51.874006357301305;4.278625650429412;WarmteAtlas:CO2EmissieBedrijven;;;
10;NL;;10017;Evonik Carbon Black Nederland B.V.;Botlek Rotterdam;Welplaatweg;3197KS;30;;78898;432942;20.13;Vervaardiging van overige anorganische basischemicaliën;Chemische Industrie;Chemische Industrie basisproducten;CO2;133.98816;141.01;61.43;0.0;0.0;0.0;0.0;0.0;0.0;Chemische Industrie;0.0;0.0;Chemie;0;Magenta;2024;BU05992306;GM0599;3197.0;3197KS;BU05992306;GM0599;3197.0;3197KS;BU05992306;GM0599;3197.0;3197KS;False;False;False;51.879808541174654;4.281939452805831;WarmteAtlas:CO2EmissieBedrijven;;;
11;NL;;10018;Huntsman Holland BV;Botlek Rotterdam;Merseyweg;3197KG;10;;76660;434000;20.59;Vervaardiging van overige chemische producten n.e.g.;Chemische Industrie;Chemische Industrie overig;CO2;126.80928;0.0;0.0;0.0;0.143731;0.126774;0.421002;0.07761;0.135281;Chemische Industrie;1.837047;1.837047;Chemie;1;Magenta;2024;BU05992306;GM0599;3197.0;3197KG;BU05992306;GM0599;3197.0;3197KG;BU05992306;GM0599;3197.0;3197KG;False;False;False;51.88900634279315;4.249201512856756;WarmteAtlas:CO2EmissieBedrijven;;;
12;NL;;10035;Team Terminal BV;Europoort Rotterdam;Rijndwarsweg;3198LK;3;;70000;440000;52.24;Laad-, los- en overslagactiviteiten;Handel, Diensten en Overheid (HDO);Energiegebruik en processen Handel, Diensten en Overheid (HDO);CO2;1.0692;0.0;0.0;0.0;0.0;0.0;0.0;0.0;0.0;Overig;0.0;0.0;Overige;0;Gray;2024;BU05992307;GM0599;3198.0;3198LS;BU05992307;GM0599;3198.0;3198LS;BU05992307;GM0599;3198.0;3198LS;False;False;False;51.94194886930268;4.150993835856961;WarmteAtlas:CO2EmissieBedrijven;;;
13;NL;;10042;Kemira Rotterdam BV;Botlek Rotterdam;Botlekweg;3197KA;175;;77830;434620;20.14.9;Vervaardiging van organische basischemicaliën (geen petrochemische producten);Chemische Industrie;Chemische Industrie basisproducten;CO2;0.76;0.7;0.135;0.114;0.2257;0.152265;0.15593;0.18792;0.189486;Chemische Industrie;2.573123;2.573123;Chemie;1;Magenta;2024;BU05992306;GM0599;3197.0;3197KA;BU05992306;GM0599;3197.0;3197KA;BU05992306;GM0599;3197.0;3197KA;False;False;False;51.89474159621375;4.266055425471531;WarmteAtlas:CO2EmissieBedrijven;;;
14;NL;;10048;Compaxo Fijne Vleeswaren BV;Gouda;Schielands Hoge Zeedijk;2802RC;35;;107911;445904;10.13;Vleesverwerking (niet tot maaltijden);Overige industrie;Voedings- en genotmiddelenindustrie;CO2;3.408;4.779;5.76;4.74;4.02;4.0;3.93;3.82;2.7;Voedings- en genotmiddelenindustrie;42.131837;42.131837;Voeding;2;Green;2024;BU05130203;GM0513;2802.0;2802RC;BU05130203;GM0513;2802.0;2802RC;BU05130203;GM0513;2802.0;2802RC;False;False;False;51.99951581856377;4.701494438893164;WarmteAtlas:CO2EmissieBedrijven;;;
15;NL;;10049;De Graan-Elevator Maatschappij (GEM);Rotterdam;Brielselaan;3081AB;85;;93000;434600;52.00;Opslag en dienstverlening voor vervoer;Handel, Diensten en Overheid (HDO);Energiegebruik en processen Handel, Diensten en Overheid (HDO);CO2;2.235165;0.0;0.0;0.0;0.0;0.0;0.0;0.0;0.0;Overig;0.0;0.0;Overige;0;Gray;2024;BU05991571;GM0599;3081.0;3081AE;BU05991571;GM0599;3081.0;3081AE;BU05991571;GM0599;3081.0;3081AE;False;False;False;51.89645799517933;4.486423801246278;WarmteAtlas:CO2EmissieBedrijven;;;
16;NL;;10051;Nerefco Botlek;Rozenburg;Welplaatweg;3180AA;110;;80400;433600;19.20.1;Aardolieraffinage;Raffinaderijen;Raffinage en verwerking;CO2;5.4864;0.0;0.0;0.0;0.0;0.0;0.0;0.0;0.0;Raffinage en verwerking;0.0;0.0;Raffinage;0;Purple;2024;BU05992306;GM0599;3197.0;3197KR;BU05992306;GM0599;3197.0;3197KS;BU05992306;GM0599;3197.0;3197KS;False;False;False;51.885925186214514;4.303607477014802;WarmteAtlas:CO2EmissieBedrijven;;;
17;NL;LCP;10057;Shell Nederland Raffinaderij BV;Vondelingenplaat Rotterdam;Vondelingenweg;3196KK;601;;82574;432924;19.20.1;Aardolieraffinage;Raffinaderijen;Raffinage en verwerking;CO2;4621.304396;5736.0;4134.663274;4254.783327;4171.581948;4392.68895;4178.613546;4351.260773;4234.653853;Raffinage en verwerking;54626.643039;0.0;Raffinage;5;Purple;2024;BU05992295;GM0599;3196.0;3196KK;BU05992295;GM0599;3196.0;3196KK;BU05992295;GM0599;3196.0;3196KK;False;False;False;51.880136926307465;4.335322603864862;WarmteAtlas:CO2EmissieBedrijven;;;
18;NL;LCP;10058;BP Rotterdam Refinery;Europoort Rotterdam;D'Arcyweg;3198NA;76;;67036;440390;19.20.1;Aardolieraffinage;Raffinaderijen;Raffinage en verwerking;CO2;1500.62635;2225.4;2245.441;2337.784;2027.33;2117.592;1938.767;2137.686;2051.725;Raffinage en verwerking;26467.062733;0.0;Raffinage;5;Purple;2024;BU05992307;GM0599;3198.0;3198NA;BU05992307;GM0599;3198.0;3198NA;BU05992307;GM0599;3198.0;3198NA;False;False;False;51.944992504629965;4.107796747048895;WarmteAtlas:CO2EmissieBedrijven;;;
19;NL;LCP;10059;Gunvor Energy Rotterdam B.V.;Europoort Rotterdam;Moezelweg;3198LS;255;;71000;439203;19.20.1;Aardolieraffinage;Raffinaderijen;Raffinage en verwerking;CO2;731.57138;516.203142;531.079385;554.443567;131.763574;212.532603;233.245981;231.286305;198.800697;Raffinage en verwerking;2564.510604;0.0;Raffinage;3;Purple;2024;BU05992307;GM0599;3198.0;3198LT;BU05992307;GM0599;3198.0;3198LS;BU05992307;GM0599;3198.0;3198LS;False;False;False;51.9349385631359;4.1657290998312515;WarmteAtlas:CO2EmissieBedrijven;;;
2;NL;;10002;Nouryon Performance Formulations B.V.;Europoort Rotterdam;Merwedeweg;3198LH;17;;72450;438450;20.13;Vervaardiging van overige anorganische basischemicaliën;Chemische Industrie;Chemische Industrie basisproducten;CO2;0.0;0.0;0.016;0.521159;0.029324;0.029193;0.025399;0.021001;0.020686;Chemische Industrie;0.280905;0.280905;Chemie;1;Magenta;2024;BU05992307;GM0599;3198.0;3198LR;BU05992307;GM0599;3198.0;3198LR;BU05992307;GM0599;3198.0;3198LR;False;False;False;51.92838877335733;4.1869904142475;WarmteAtlas:CO2EmissieBedrijven;;;
20;NL;;10060;Nerefco Pernis;Vondelingenplaat Rotterdam;Petroleumweg;3196KD;30;;84200;434300;19.20.1;Aardolieraffinage;Raffinaderijen;Raffinage en verwerking;CO2;518.32318;1.184;0.0;0.0;0.0;0.0;0.0;0.0;0.0;Raffinage en verwerking;0.0;0.0;Raffinage;0;Purple;2024;BU05992295;GM0599;3196.0;3196KD;BU05992295;GM0599;3196.0;3196KD;BU05992295;GM0599;3196.0;3196KD;False;False;False;51.89271226683972;4.358651444165886;WarmteAtlas:CO2EmissieBedrijven;;;
21;NL;LCP;10061;Esso Nederland BV (Raffinaderij Rotterdam);Botlek Rotterdam;Botlekweg;3197KA;121;;79871;432082;19.20.1;Aardolieraffinage;Raffinaderijen;Raffinage en verwerking;CO2;1615.075537;2134.0;2199.782388;2330.590905;2733.802572;2380.054142;2674.280831;2489.828589;2182.378729;Raffinage en verwerking;28152.483752;0.0;Raffinage;5;Purple;2024;BU05992306;GM0599;3197.0;3197KA;BU05992306;GM0599;3197.0;3197KA;BU05992306;GM0599;3197.0;3197KA;False;False;False;51.87221183695835;4.296255704290987;WarmteAtlas:CO2EmissieBedrijven;;;
22;NL;;10062;ExxonMobil Chemical Holland BV (RAP);Botlek Rotterdam;Botlekweg;3197KA;121;;79808;432207;20.14.1;Vervaardiging van petrochemische producten;Chemische Industrie;Chemische Industrie basisproducten;CO2;120.427062;459.52384;411.416541;445.334575;0.0;0.0;0.0;0.0;0.0;Chemische Industrie;0.0;0.0;Chemie;0;Magenta;2024;BU05992306;GM0599;3197.0;3197KA;BU05992306;GM0599;3197.0;3197KA;BU05992306;GM0599;3197.0;3197KA;False;False;False;51.873326709922196;4.29531378387075;WarmteAtlas:CO2EmissieBedrijven;;;
23;NL;LCP;10063;AVR-Afvalverwerking B.V.;Botlek Rotterdam;Professor Gerbrandyweg;3197KK;10;;78545;434865;38.21;Behandeling van onschadelijk afval;Afvalverwijdering;AVI's;CO2;0.656;0.0;1759.5;1432.69;1734.4;1942.397001;1788.174999;1213.713154;459.905361;Overig;7287.232833;7287.232833;Afval;4;Maroon;2024;BU05992306;GM0599;3197.0;3197KK;BU05992306;GM0599;3197.0;3197KK;BU05992306;GM0599;3197.0;3197KK;False;False;False;51.89704203984352;4.276386885052627;WarmteAtlas:CO2EmissieBedrijven;;;
24;NL;;10064;Almatis BV;Botlek Rotterdam;THEEMSWEG;3197KM;30;;75900;433620;24.42;Vervaardiging van aluminium;Overige industrie;Basismetaal;CO2;15.208;0.0;19.004772;17.245785;16.813485;0.0;16.730447;12.869563;12.007256;Basismetaal;135.241393;135.241393;Basismetaal;2;Black;2024;BU05992306;GM0599;3197.0;3197KM;BU05992306;GM0599;3197.0;3197KM;BU05992306;GM0599;3197.0;3197KM;False;False;False;51.8854839041057;4.238250763708421;WarmteAtlas:CO2EmissieBedrijven;;;
25;NL;;10066;Kemira Chemicals BV;Rozenburg;Moezelweg;3198LS;151;;72350;437418;20.14.9;Vervaardiging van organische basischemicaliën (geen petrochemische producten);Chemische Industrie;Chemische Industrie basisproducten;CO2;102.888;810.051201;8.955898;5.94747;7.34;7.34;7.85;7.57;5.633361;Chemische Industrie;76.498161;76.498161;Chemie;2;Magenta;2024;BU05992307;GM0599;3198.0;3198LS;BU05992307;GM0599;3198.0;3198LS;BU05992307;GM0599;3198.0;3198LS;False;False;False;51.9190997071225;4.185784801914796;WarmteAtlas:CO2EmissieBedrijven;;;
26;NL;;10069;Standic BV;Dordrecht;Wieldrechtseweg;3316BG;48;;103000;422400;52.10.1;Opslag in tanks;Handel, Diensten en Overheid (HDO);Energiegebruik en processen Handel, Diensten en Overheid (HDO);CO2;1.665692;1.71188;0.0;2.412002;2.358294;2.317268;2.079526;2.285895;1.93143;Overig;30.603644;30.603644;Overige;1;Gray;2024;BU05051905;GM0505;3316.0;3316BG;BU05051905;GM0505;3316.0;3316BG;BU05051905;GM0505;3316.0;3316BG;False;False;False;51.78783185230908;4.633534319934615;WarmteAtlas:CO2EmissieBedrijven;;;
27;NL;;10073;Tronox Pigments (Holland) BV;Botlek Rotterdam;Professor Gerbrandyweg;3197KK;2;;78070;434900;20.12;Vervaardiging van kleurstoffen en pigmenten;Chemische Industrie;Chemische Industrie basisproducten;CO2;26.670346;105.866;95.092609;90.354632;104.6061;95.189579;91.110862;85.16833;90.438487;Chemische Industrie;1228.108473;1228.108473;Chemie;3;Magenta;2024;BU05992306;GM0599;3197.0;3197KA;BU05992306;GM0599;3197.0;3197KA;BU05992306;GM0599;3197.0;3197KA;False;False;False;51.8972911418473;4.269479035683858;WarmteAtlas:CO2EmissieBedrijven;;;
28;NL;;10076;HVC afvalcentrale locatie Dordrecht;Dordrecht;Baanhoekweg;3313LA;40;;110212;425400;38.21;Behandeling van onschadelijk afval;Afvalverwijdering;AVI's;CO2;0.0;7.315;141.019603;322.1;322.8;319.1;326.67;283.294;300.09;Overig;4754.947183;4754.947183;Afval;4;Maroon;2024;BU05050608;GM0505;3313.0;3313LA;BU05050608;GM0505;3313.0;3313LA;BU05050608;GM0505;3313.0;3313LA;False;False;False;51.81542054925455;4.737667124251002;WarmteAtlas:CO2EmissieBedrijven;;;
29;NL;;10078;Nedstaal BV (Ruigenhil Vastgoed BV);Alblasserdam;Rapenburg;2952AP;1;;104800;429800;24.34;Koudtrekken van draad;Overige industrie;Basismetaal;CO2;61.971676;43.567;44.876535;40.095106;0.0;0.0;0.0;0.0;0.0;Basismetaal;0.0;0.0;Basismetaal;0;Black;2024;BU04820503;GM0482;2952.0;2952AP;BU04820503;GM0482;2952.0;2952AP;BU04820503;GM0482;2952.0;2952AP;False;False;False;51.85450608331993;4.6585463843069705;WarmteAtlas:CO2EmissieBedrijven;;;
3;NL;;10003;Synres B.V.;Hoek Van Holland;SLACHTHUISWEG;3151XN;30;;70183;442535;20.16;Vervaardiging van kunststof in primaire vorm;Chemische Industrie;Chemische Industrie basisproducten;CO2;11.25116;0.0;5.8941;6.2658;6.9341;6.058094;6.596679;5.650431;6.221386;Chemische Industrie;84.483245;84.483245;Chemie;2;Magenta;2024;BU05991703;GM0599;3151.0;3151XN;BU05991703;GM0599;3151.0;3151XN;BU05991703;GM0599;3151.0;3151XN;False;False;False;51.964757640910726;4.153028610349005;WarmteAtlas:CO2EmissieBedrijven;;;
30;NL;LCP;10079;Chemours Netherlands B.V.;Dordrecht;Baanhoekweg;3313LA;22;;109500;425710;20.16;Vervaardiging van kunststof in primaire vorm;Chemische Industrie;Chemische Industrie basisproducten;CO2;131.294496;273.346951;175.269717;87.055503;45.598356;39.598182;21.057948;25.992666;15.849362;Chemische Industrie;215.226243;215.226243;Chemie;2;Magenta;2024;BU05050608;GM0505;3313.0;3313LA;BU05050608;GM0505;3313.0;3313LA;BU05050608;GM0505;3313.0;3313LA;False;False;False;51.81814919479361;4.727301253117398;WarmteAtlas:CO2EmissieBedrijven;;;
31;NL;;10081;NV Elec.Bed.Zuid-H.C.Dordrecht;Dordrecht;Kerkeplaat;2270AX;2;;108180;425750;35.11.1;Productie van elektriciteit door thermische, kern- en warmtekrachtcentrales;Energiesector;Opwekking electriciteit;CO2;263.4045;0.0;0.0;0.0;0.0;0.0;0.0;0.0;0.0;Opwekking electriciteit;0.0;0.0;Energy;0;Yellow;2024;BU05050607;GM0505;3313.0;3313LC;BU05050607;GM0505;3313.0;3313LC;BU05050607;GM0505;3313.0;3313LC;False;False;False;51.81839951251673;4.708152720843624;WarmteAtlas:CO2EmissieBedrijven;;;
32;NL;;10082;Akzo Nobel Car Refinishes B.V.;Sassenheim;Rijksstraatweg;2171AJ;31;;93500;469360;20.30;Vervaardiging van verf, vernis e.d., drukinkt en mastiek;Chemische Industrie;Chemische Industrie overig;CO2;0.0;3.8515;0.0;0.0;0.0;0.0;0.0;0.0;0.0;Chemische Industrie;0.0;0.0;Chemie;0;Magenta;2024;BU15251302;GM1525;2171.0;2171AJ;BU15251302;GM1525;2171.0;2171AJ;BU15251302;GM1525;2171.0;2171AJ;False;False;False;52.20890777584109;4.487430332014329;WarmteAtlas:CO2EmissieBedrijven;;;
33;NL;;10084;Lever Vlaardingen BV;Vlaardingen;Deltaweg;3133KM;150;;82800;435050;20.41;Vervaardiging van zeep en wasmiddelen, poets- en reinigingsmiddelen;Chemische Industrie;Chemische Industrie overig;CO2;8.947296;0.0;0.0;0.0;0.0;0.0;0.0;0.0;0.0;Chemische Industrie;0.0;0.0;Chemie;0;Magenta;2024;BU06220304;GM0622;3133.0;3133KM;BU06220304;GM0622;3133.0;3133KM;BU06220304;GM0622;3133.0;3133KM;False;False;False;51.8992727688427;4.338158864328629;WarmteAtlas:CO2EmissieBedrijven;;;
34;NL;;10086;NV Nutricia Zoetermeer;Zoetermeer;1e Stationsstraat;2712HM;186;;93800;451400;10.51;Vervaardiging van zuivelproducten (geen consumptie-ijs);Overige industrie;Voedings- en genotmiddelenindustrie;CO2;18.94836;8.722;13.846995;12.272477;9.984362;10.639069;10.391;11.059;11.988;Voedings- en genotmiddelenindustrie;187.065356;187.065356;Voeding;2;Green;2024;BU06370800;GM0637;2712.0;2712HM;BU06370800;GM0637;2712.0;2712HM;BU06371304;GM0637;2712.0;2712HM;True;False;False;52.04753320157239;4.495048573650786;WarmteAtlas:CO2EmissieBedrijven;;;
35;NL;;10089;Prysmian Netherlands B.V.;Delft;Schieweg;2627AN;9;;84750;445750;27.32;Vervaardiging van overige elektrische en elektronische kabel;Overige industrie;Metaalelektro;CO2;6.36852;1.452;2.076166;0.668;1.527016;1.782;1.431872;1.453386;1.43231;Metaalelektro;22.528675;22.528675;Overige;1;Gray;2024;BU05032702;GM0503;2627.0;2627BK;BU05032702;GM0503;2627.0;2627BK;BU05032702;GM0503;2627.0;2627BK;False;False;False;51.995683776105125;4.364299177748197;WarmteAtlas:CO2EmissieBedrijven;;;
36;NL;;10090;Avery Dennison Materials BV;Hazerswoude;Rijndijk;2394AJ;86;;98160;460880;17.29;Vervaardiging van overige papier- en kartonwaren;Overige industrie;Papier(waren);CO2;9.776;0.0;0.0;0.0;0.0;0.0;0.0;0.0;0.0;Papier(waren);0.0;0.0;Papier;0;White;2024;BU04849401;GM0484;2394.0;2394BX;BU04849401;GM0484;2394.0;2394BX;BU04849401;GM0484;2394.0;2394BX;False;False;False;52.13319667010059;4.557020516016714;WarmteAtlas:CO2EmissieBedrijven;;;
37;NL;;10091;Avery Dennison Materials Group Europe BV;Leiden;Lammenschansweg;2321JX;140;;93530;462000;17.20;Vervaardiging van papier- en kartonwaren;Overige industrie;Papier(waren);CO2;0.336;0.0;0.0;0.0;0.0;0.0;0.0;0.0;0.0;Papier(waren);0.0;0.0;Papier;0;White;2024;BU05460406;GM0546;2321.0;2321LA;BU05460406;GM0546;2321.0;2321LA;BU05460406;GM0546;2321.0;2321LA;False;False;False;52.14276681835757;4.489201793661199;WarmteAtlas:CO2EmissieBedrijven;;;
38;NL;;10095;Delft Gelatin BV;Delft;Rotterdamseweg;2628AT;270;;85060;445850;20.52;Vervaardiging van lijm en bereide kleefmiddelen;Chemische Industrie;Chemische Industrie overig;CO2;12.082;13.48965;0.0;0.0;0.0;0.0;0.0;0.0;0.0;Chemische Industrie;0.0;0.0;Chemie;0;Magenta;2024;BU05032804;GM0503;2628.0;2628AT;BU05032804;GM0503;2628.0;2628AT;BU05032804;GM0503;2628.0;2628AT;False;False;False;51.99662162125259;4.368791964832116;WarmteAtlas:CO2EmissieBedrijven;;;
39;NL;;10097;Sime Darby Unimills B.V.;Zwijndrecht;Lindtsedijk;3336LE;8;;103500;424600;10.41;Vervaardiging van plantaardige en dierlijke oliën en vetten (geen margarine en andere spijsvetten);Overige industrie;Voedings- en genotmiddelenindustrie;CO2;77.160221;56.60295;53.383;52.083645;48.734795;47.709054;49.285267;44.434267;40.836444;Voedings- en genotmiddelenindustrie;637.227557;637.227557;Voeding;3;Green;2024;BU06420701;GM0642;3336.0;3336LE;BU06420701;GM0642;3336.0;3336LE;BU06420701;GM0642;3336.0;3336LE;False;False;False;51.80765127719142;4.640453242241956;WarmteAtlas:CO2EmissieBedrijven;;;
4;NL;LCP;10004;Lyondell Chemie Nederland BV;Botlek Rotterdam;Theemsweg;3197KM;14;;76900;433220;20.14.1;Vervaardiging van petrochemische producten;Chemische Industrie;Chemische Industrie basisproducten;CO2;87.541966;0.0;133.146039;159.57552;273.781065;325.558824;287.033795;221.538654;292.107372;Chemische Industrie;3966.668953;3966.668953;Chemie;3;Magenta;2024;BU05992306;GM0599;3197.0;3197KE;BU05992306;GM0599;3197.0;3197KE;BU05992306;GM0599;3197.0;3197KE;False;False;False;51.88203030509064;4.252863982589159;WarmteAtlas:CO2EmissieBedrijven;;;
40;NL;;10099;Van Leer Nederland BV (Vondelingenplaat);Vondelingenplaat Rotterdam;Vondelingenweg;3196KK;599;;82850;433350;25.90;Vervaardiging van overige produkten van metaal;Overige industrie;Metaalelektro;CO2;1.649956;0.0;0.0;0.0;0.0;0.0;0.0;0.0;0.0;Metaalelektro;0.0;0.0;Overige;0;Gray;2024;BU05992295;GM0599;3196.0;3196KE;BU05992295;GM0599;3196.0;3196KK;BU05992295;GM0599;3196.0;3196KK;False;False;False;51.88400124285812;4.339241275585099;WarmteAtlas:CO2EmissieBedrijven;;;
41;NL;;10100;Bakelite Botlek B.V.;Botlek Rotterdam;Chemiestraat;3197KB;30;;77750;432575;20.16;Vervaardiging van kunststof in primaire vorm;Chemische Industrie;Chemische Industrie basisproducten;CO2;0.0;0.0;7.376;6.66;7.47;5.349211;6.843132;4.382179;4.652716;Chemische Industrie;63.181507;63.181507;Chemie;2;Magenta;2024;BU05992306;GM0599;3197.0;3197KB;BU05992306;GM0599;3197.0;3197KB;BU05992306;GM0599;3197.0;3197KB;False;False;False;51.87635230485314;4.265351808716739;WarmteAtlas:CO2EmissieBedrijven;;;
42;NL;;101001;NAM locaties nabij Groningen;Assen;Schepersmaat;9405TA;2;;246400;579200;06.10;Winning van aardolie;Energiesector;Olie- gaswinning land;CO2;37.4976;44.079;0.0;0.0;0.0;0.0;0.0;0.0;0.0;Overig;0.0;0.0;Overige;0;Gray;2024;BU19521004;GM1952;9615.0;9615AR;BU19521004;GM1952;9615.0;9615AR;BU19521004;GM1952;9615.0;9615AR;False;False;False;53.19165162624198;6.754730363619267;WarmteAtlas:CO2EmissieBedrijven;;;
43;NL;;101002;Henkel Nederland B.V.;Scheemda;Haven Noordzijde;9679TC;6;;262028;576554;19.20.2;Aardolieverwerking (geen -raffinage);Overige industrie;Bouwmaterialenindustrie;CO2;0.0;1.526836;0.0;0.0;0.0;0.0;0.0;0.0;0.0;Bouwmaterialenindustrie;0.0;0.0;BouwMaterialen;0;SandyBrown;2024;BU18950603;GM1895;9679.0;9679TC;BU18950603;GM1895;9679.0;9679TC;BU18950603;GM1895;9679.0;9679TC;False;False;False;53.16499000837162;6.987594882411455;WarmteAtlas:CO2EmissieBedrijven;;;
44;NL;;101103;Bio Methanol Chemie Nederland (BioMCN);Farmsum;Oosterhorn;9936HD;10;;259983;593070;20.14.1;Vervaardiging van petrochemische producten;Chemische Industrie;Chemische Industrie basisproducten;CO2;581.629;645.0;272.019555;267.003089;410.037038;233.808821;0.0;0.0;0.0;Chemische Industrie;0.0;0.0;Chemie;0;Magenta;2024;BU19790831;GM1979;9936.0;9936HD;BU19790831;GM1979;9936.0;9936HD;BU19790831;GM1979;9936.0;9936HD;False;False;False;53.31375260305756;6.962428015125798;WarmteAtlas:CO2EmissieBedrijven;;;
45;NL;;101104;DOW Benelux BV (Delfzijl);Delfzijl;Heemskesweg;9936HE;45;;259700;592600;20.14.1;Vervaardiging van petrochemische producten;Chemische Industrie;Chemische Industrie basisproducten;CO2;0.0;9.467564;11.122542;11.601466;11.542654;12.071057;11.106742;11.018576;10.34167;Chemische Industrie;140.434598;140.434598;Chemie;2;Magenta;2024;BU19790831;GM1979;9936.0;9936HE;BU19790831;GM1979;9936.0;9936HE;BU19790831;GM1979;9936.0;9936HE;False;False;False;53.30958639471782;6.958029415815716;WarmteAtlas:CO2EmissieBedrijven;;;
46;NL;;101105;PQ Silicas BV (Winschoten);Winschoten;P. van Dijkstraat;9672AJ;9;;266100;573750;20.13;Vervaardiging van overige anorganische basischemicaliën;Chemische Industrie;Chemische Industrie basisproducten;CO2;34.087788;16.961;16.013;15.514734;15.495507;19.627796;18.301711;14.783298;17.412163;Chemische Industrie;236.448282;236.448282;Chemie;2;Magenta;2024;BU18950008;GM1895;9672.0;9672AJ;BU18950008;GM1895;9672.0;9672AJ;BU18950008;GM1895;9672.0;9672AJ;False;False;False;53.13897463164084;7.047493336312325;WarmteAtlas:CO2EmissieBedrijven;;;
47;NL;;101108;QEMETICA NL Silica B.V.;Delfzijl;Valgenweg;9936HV;1;- 3;261590;591898;20.13;Vervaardiging van overige anorganische basischemicaliën;Chemische Industrie;Chemische Industrie overig;CO2;0.0;29.6;36.313;36.295;40.15;52.87;49.684;43.822;48.621;Chemische Industrie;660.248353;660.248353;Chemie;3;Magenta;2024;BU19790831;GM1979;9936.0;9936HV;BU19790831;GM1979;9936.0;9936HV;BU19790831;GM1979;9936.0;9936HV;False;False;False;53.30290686573534;6.9861407408956495;WarmteAtlas:CO2EmissieBedrijven;;;
48;NL;;101403;Reym B.V.;Delfzijl;Valgenweg;9934HV;7;;261809;592211;81.29;Overige reiniging;Chemische Industrie;Chemische Industrie basisproducten;CO2;0.0;0.0;7.100301;0.0;0.0;0.0;0.0;0.0;0.0;Chemische Industrie;0.0;0.0;Chemie;0;Magenta;2024;BU19790831;GM1979;9936.0;9936HV;BU19790831;GM1979;9936.0;9936HV;BU19790831;GM1979;9936.0;9936HV;False;False;False;53.30567461281645;6.989529159690567;WarmteAtlas:CO2EmissieBedrijven;;;
49;NL;;101404;Delamine BV;Farmsum;Oosterhorn;9936HD;8;;259936;593060;20.14.9;Vervaardiging van organische basischemicaliën (geen petrochemische producten);Chemische Industrie;Chemische Industrie basisproducten;CO2;0.0;0.0;1.262484;1.786198;1.673574;1.930878;1.604474;0.980567;1.223596;Chemische Industrie;16.615809;16.615809;Chemie;1;Magenta;2024;BU19790831;GM1979;9936.0;9936HD;BU19790831;GM1979;9936.0;9936HD;BU19790831;GM1979;9936.0;9936HD;False;False;False;53.313672016621354;6.961719778579924;WarmteAtlas:CO2EmissieBedrijven;;;
5;NL;;10005;LBC Rotterdam BV;Botlek Rotterdam;Oude Maasweg;3197KJ;4;;81150;433600;52.10;Opslag;Chemische Industrie;Chemische Industrie basisproducten;CO2;8.84985;5.157;0.0;0.0;0.0;0.0;0.0;0.0;0.0;Chemische Industrie;0.0;0.0;Chemie;0;Magenta;2024;BU05992306;GM0599;3197.0;3197KJ;BU05992306;GM0599;3197.0;3197KJ;BU05992306;GM0599;3197.0;3197KJ;False;False;False;51.88602515468136;4.314499697048532;WarmteAtlas:CO2EmissieBedrijven;;;
50;NL;;101405;Electric Glass Fiber NL, B.V.;Westerbroek;Energieweg;9608PZ;3;;241450;577380;23.14;Vervaardiging van glasvezels;Overige industrie;Bouwmaterialenindustrie;CO2;84.4208;0.0;44.922471;39.208405;38.974579;26.261581;23.379399;18.745904;0.0;Bouwmaterialenindustrie;0.0;0.0;BouwMaterialen;0;SandyBrown;2024;BU19520804;GM1952;9608.0;9608PZ;BU19520804;GM1952;9608.0;9608PZ;BU19520804;GM1952;9608.0;9608PZ;False;False;False;53.176122574344994;6.680198760168858;WarmteAtlas:CO2EmissieBedrijven;;;
6;NL;;10006;Shell Nederland Chemie BV (Pernis);Vondelingenplaat Rotterdam;Vondelingenweg;3196KK;601;;84625;433319;20.14.1;Vervaardiging van petrochemische producten;Chemische Industrie;Chemische Industrie basisproducten;CO2;92.378939;55.02;33.274024;27.966128;35.684697;45.097184;48.699271;22.43153;33.074834;Chemische Industrie;449.139352;449.139352;Chemie;3;Magenta;2024;BU05992295;GM0599;3196.0;3196KH;BU05992295;GM0599;3196.0;3196KH;BU05992295;GM0599;3196.0;3196KH;False;False;False;51.8839497777682;4.36502508389528;WarmteAtlas:CO2EmissieBedrijven;;;
7;NL;;10012;Kemira Agro Pernis BV;Rotterdam;Vondelingplaat;3196KL;17;;82250;434000;20.15;Vervaardiging van kunstmeststoffen en stikstofverbindingen;Chemische Industrie;Chemische Industrie kunstmeststoffen;CO2;904.11439;0.0;0.0;0.0;0.0;0.0;0.0;0.0;0.0;Chemische Industrie;0.0;0.0;Chemie;0;Magenta;2024;BU05992295;GM0599;3196.0;3196KL;BU05992295;GM0599;3196.0;3196KL;BU05992295;GM0599;3196.0;3196KL;False;False;False;51.8897647675579;4.330390597771612;WarmteAtlas:CO2EmissieBedrijven;;;
8;NL;;10013;Hydro Agri Rotterdam BV;Vlaardingen;Maassluissedijk;3133KA;103;;81700;434920;46.76;Groothandel in intermediaire producten;Chemische Industrie;Chemische Industrie kunstmeststoffen;CO2;51.249572;0.0095;0.0;0.0;0.0;0.0;0.0;0.0;0.0;Chemische Industrie;0.0;0.0;Chemie;0;Magenta;2024;BU06220304;GM0622;3133.0;3133CA;BU06220304;GM0622;3133.0;3133CA;BU06220304;GM0622;3133.0;3133CA;False;False;False;51.89796069526284;4.3222064911545495;WarmteAtlas:CO2EmissieBedrijven;;;
9;NL;;10016;Climax Molybdenum BV;Botlek Rotterdam;Theemsweg;3197KM;20;;76600;433310;20.12;Vervaardiging van kleurstoffen en pigmenten;Chemische Industrie;Chemische Industrie basisproducten;CO2;0.70848;8.002806;9.293594;10.609091;8.703124;8.882572;8.446753;9.042489;8.712351;Chemische Industrie;118.309278;118.309278;Chemie;2;Magenta;2024;BU05992306;GM0599;3197.0;3197KM;BU05992306;GM0599;3197.0;3197KM;BU05992306;GM0599;3197.0;3197KM;False;False;False;51.882796970921504;4.248487075664082;WarmteAtlas:CO2EmissieBedrijven;;;
100;NL;;10506;Van Leer Ned.BV (Welplaatweg);Botlek Rotterdam;Welplaatweg;3197KS;38;;79200;433250;25.90;Vervaardiging van overige produkten van metaal;Overige industrie;Metaalelektro;CO2;0.313628;0.0;0.0;0.0;0.0;0.0;0.0;0.0;0.0;Metaalelektro;0.0;0.0;Overige;0;Gray;2024;BU05992306;GM0599;3197.0;3197KS;BU05992306;GM0599;3197.0;3197KS;BU05992306;GM0599;3197.0;3197KS;False;False;False;51.882617704681444;4.286257024056142;WarmteAtlas:CO2EmissieBedrijven;;;
101;NL;;10546;Lactalis Leerdammer BV (Schoonrewoerd);Schoonrewoerd;Steenovenweg;4145KK;4;;136450;437100;10.51;Vervaardiging van zuivelproducten (geen consumptie-ijs);Overige industrie;Voedings- en genotmiddelenindustrie;CO2;0.0;0.0;11.640738;10.844404;9.997628;9.512115;9.756212;8.495129;8.833563;Voedings- en genotmiddelenindustrie;137.84231;137.84231;Voeding;2;Green;2024;BU19613101;GM1961;4145.0;4145KK;BU19613101;GM1961;4145.0;4145KK;BU19613101;GM1961;4145.0;4145KK;False;False;False;51.922071714041635;5.117546203693166;WarmteAtlas:CO2EmissieBedrijven;;;
102;NL;;10590;FrieslandCampina Rotterdam;Rotterdam;Keenstraat;3044CD;55;;88200;438400;10.51;Vervaardiging van zuivelproducten (geen consumptie-ijs);Overige industrie;Voedings- en genotmiddelenindustrie;CO2;0.0;2.466;2.466744;2.69388;2.585463;2.601593;2.320466;1.625802;0.0;Voedings- en genotmiddelenindustrie;0.0;0.0;Voeding;0;Green;2024;BU05991853;GM0599;3044.0;3044CD;BU05991853;GM0599;3044.0;3044CD;BU05991853;GM0599;3044.0;3044CD;False;False;False;51.93005413499265;4.415957652031441;WarmteAtlas:CO2EmissieBedrijven;;;
103;NL;;10615;ENCI B.V. (Rotterdam);Botlek Rotterdam;Humberweg;3197KE;9;;76250;433200;23.51;Vervaardiging van cement;Overige industrie;Bouwmaterialenindustrie;CO2;14.15992;20.669441;0.0;0.0;0.0;0.0;0.0;0.0;0.0;Bouwmaterialenindustrie;0.0;0.0;BouwMaterialen;0;SandyBrown;2024;BU05992306;GM0599;3197.0;3197KE;BU05992306;GM0599;3197.0;3197KE;BU05992306;GM0599;3197.0;3197KE;False;False;False;51.88175903659906;4.243429623080465;WarmteAtlas:CO2EmissieBedrijven;;;
104;NL;;10621;Hunter Douglas Europe BV;Rotterdam;Piekstraat;3071EL;2;;94850;436030;13.96;Vervaardiging van technisch en industrieel textiel;Overige industrie;Textiel- en tapijtindustrie;CO2;13.664126;16.687;13.125192;6.637116;4.720452;3.25973;1.475459;0.487372;0.32523;Overig;5.153292;5.153292;Overige;1;Gray;2024;BU05991087;GM0599;3071.0;3071EL;BU05991087;GM0599;3071.0;3071EL;BU05991087;GM0599;3071.0;3071EL;False;False;False;51.90951296860463;4.5130490222974595;WarmteAtlas:CO2EmissieBedrijven;;;
105;NL;;10632;Schokindustrie BV;Zwijndrecht;Lindtsedijk;3336LE;18;;102500;424100;23.60;Vervaardiging van produkten van beton, cement en gips;Overige industrie;Bouwmaterialenindustrie;CO2;1.054368;0.0;0.0;0.0;0.0;0.0;0.0;0.0;0.0;Bouwmaterialenindustrie;0.0;0.0;BouwMaterialen;0;SandyBrown;2024;BU06420701;GM0642;3336.0;3336LE;BU06420701;GM0642;3336.0;3336LE;BU06420701;GM0642;3336.0;3336LE;False;False;False;51.803064243986746;4.62603033005838;WarmteAtlas:CO2EmissieBedrijven;;;
106;NL;;10687;DSM Delft Permit B.V.;Delft;Alexander Fleminglaan;2613AX;1;;83500;448300;10.89;Vervaardiging van overige voedingsmiddelen n.e.g.;Overige industrie;Voedings- en genotmiddelenindustrie;CO2;110.117156;140.588;76.953222;81.207586;86.080712;82.871318;60.160844;50.707799;46.952443;Voedings- en genotmiddelenindustrie;732.663954;732.663954;Voeding;3;Green;2024;BU05031300;GM0503;2613.0;2613AX;BU05031300;GM0503;2613.0;2613AX;BU05031300;GM0503;2613.0;2613AX;False;False;False;52.01844086069716;4.345568494182759;WarmteAtlas:CO2EmissieBedrijven;;;
107;NL;LCP;10689;Air Products Nederland BV (Botlek);Botlek Rotterdam;Boyneweg;3197LK;10;;77340;432870;20.11;Vervaardiging van industriële gassen;Chemische Industrie;Chemische Industrie basisproducten;CO2;457.7782;206.823;402.640127;290.493194;107.289292;107.056748;106.932844;82.947685;104.356638;Chemische Industrie;1417.109856;1417.109856;Chemie;3;Magenta;2024;BU05992306;GM0599;3197.0;3197KG;BU05992306;GM0599;3197.0;3197KG;BU05992306;GM0599;3197.0;3197KG;False;False;False;51.87894642494438;4.259332293106244;WarmteAtlas:CO2EmissieBedrijven;;;
108;NL;LCP;10698;Cargill Bioindustrial B.V.;Gouda;Buurtje;2802BE;1;;108400;446500;20.14.9;Vervaardiging van organische basischemicaliën (geen petrochemische producten);Chemische Industrie;Chemische Industrie basisproducten;CO2;52.320949;50.681244;53.464982;37.987807;30.367726;38.078297;33.901845;32.281141;36.680012;Chemische Industrie;498.095833;498.095833;Chemie;3;Magenta;2024;BU05130203;GM0513;2802.0;2802BE;BU05130203;GM0513;2802.0;2802BE;BU05130203;GM0513;2802.0;2802BE;False;False;False;52.00491371671408;4.708533686668457;WarmteAtlas:CO2EmissieBedrijven;;;
109;NL;;10714;637 Intendance Centr.Werkpl.;Woerden;Wilhelminaweg;3441XC;46;;120750;455200;84.22;Defensie;Handel, Diensten en Overheid (HDO);Energiegebruik en processen Handel, Diensten en Overheid (HDO);CO2;1.152;0.0;0.0;0.0;0.0;0.0;0.0;0.0;0.0;Overig;0.0;0.0;Overige;0;Gray;2024;BU06320101;GM0632;3441.0;3441VJ;BU06320101;GM0632;3441.0;3441VJ;BU06320101;GM0632;3441.0;3441VJ;False;False;False;52.0840072154914;4.887516251412525;WarmteAtlas:CO2EmissieBedrijven;;;
110;NL;;10722;O-I Netherlands BV (Schiedam);Schiedam;Buitenhavenweg;3113BE;114;- 116;87500;436550;23.13;Vervaardiging van holglas;Overige industrie;Bouwmaterialenindustrie;CO2;93.915465;75.961415;62.081;64.527128;0.0;0.0;0.0;0.0;0.0;Bouwmaterialenindustrie;0.0;0.0;BouwMaterialen;0;SandyBrown;2024;BU06060108;GM0606;3113.0;3113BE;BU06060108;GM0606;3113.0;3113BE;BU06060108;GM0606;3113.0;3113BE;False;False;False;51.91334333717088;4.406144396190292;WarmteAtlas:CO2EmissieBedrijven;;;
111;NL;;10723;O-I Netherlands BV (Leerdam);Leerdam;Lingedijk;4142LD;8;;134256;433341;23.13;Vervaardiging van holglas;Overige industrie;Bouwmaterialenindustrie;CO2;79.793833;116.140181;98.934123;113.375385;85.439611;100.592354;100.475526;99.185806;92.286526;Bouwmaterialenindustrie;1390.192203;1390.192203;BouwMaterialen;3;SandyBrown;2024;BU19612408;GM1961;4142.0;4142LD;BU19612408;GM1961;4142.0;4142LD;BU19612408;GM1961;4142.0;4142LD;False;False;False;51.88820773633704;5.085879430333178;WarmteAtlas:CO2EmissieBedrijven;;;
112;NL;;10728;Cargill B.V.;Botlek Rotterdam;Welplaatweg;3197KS;34;;78989;433152;10.41;Vervaardiging van plantaardige en dierlijke oliën en vetten (geen margarine en andere spijsvetten);Overige industrie;Voedings- en genotmiddelenindustrie;CO2;11.09887;0.0;25.767;25.438;24.398439;25.404519;23.27157;22.24716;22.991572;Voedings- en genotmiddelenindustrie;358.76932;358.76932;Voeding;3;Green;2024;BU05992306;GM0599;3197.0;3197KS;BU05992306;GM0599;3197.0;3197KS;BU05992306;GM0599;3197.0;3197KS;False;False;False;51.88170822591934;4.2832145420111125;WarmteAtlas:CO2EmissieBedrijven;;;
113;NL;;10733;Upfield Sourcing Nederland B.V.;Rotterdam;Nassaukade;3071JL;3;;94200;436500;10.42;Vervaardiging van margarine en overige spijsvetten;Overige industrie;Voedings- en genotmiddelenindustrie;CO2;17.659637;15.43916;0.0;4.177619;3.682293;4.713587;0.0;0.0;0.0;Voedings- en genotmiddelenindustrie;0.0;0.0;Voeding;0;Green;2024;BU05991087;GM0599;3071.0;3071JM;BU05991087;GM0599;3071.0;3071JM;BU05991087;GM0599;3071.0;3071JM;False;False;False;51.91366640748244;4.503520674462932;WarmteAtlas:CO2EmissieBedrijven;;;
114;NL;;10738;Cerexagri BV / ARKEMA Rotterdam BV;Vondelingenplaat Rotterdam;TANKHOOFD;3196KE;10;;82650;434100;20.10;Vervaardiging van chemische basisprodukten,kunstmestoffen en stikstofverbindingen en van rubber;Chemische Industrie;Chemische Industrie basisproducten;CO2;14.046686;0.0;0.0;0.0;0.0;0.0;0.0;0.0;0.0;Chemische Industrie;0.0;0.0;Chemie;0;Magenta;2024;BU05992295;GM0599;3196.0;3196KE;BU05992295;GM0599;3196.0;3196KE;BU05992295;GM0599;3196.0;3196KE;False;False;False;51.89071559244905;4.336179311428801;WarmteAtlas:CO2EmissieBedrijven;;;
115;NL;;10789;BMI Monier Woerden;Woerden;Pannenbakkerijen;3443CA;1;;119600;455350;23.32;Vervaardiging van keramische producten voor de bouw (geen tegels en plavuizen);Overige industrie;Bouwmaterialenindustrie;CO2;0.0;0.0;11.770491;9.716754;13.446433;14.985661;14.565;9.825;7.031;Bouwmaterialenindustrie;105.914068;105.914068;BouwMaterialen;2;SandyBrown;2024;BU06320106;GM0632;3443.0;3443BT;BU06320106;GM0632;3443.0;3443BT;BU06320106;GM0632;3443.0;3443BT;False;False;False;52.08528305463418;4.870723515701624;WarmteAtlas:CO2EmissieBedrijven;;;
116;NL;;10793;Tata Steel Nederland Tubes BV (Zwijndrecht);Zwijndrecht;Lindtsedijk;3336LE;19;;102384;424379;24.20;Vervaardiging van stalen buizen, pijpen, holle profielen en fittings daarvoor;Overige industrie;Basismetaal;CO2;0.0;0.0;0.0;1.565646;1.756213;1.691794;0.827792;0.743437;0.956077;Basismetaal;10.768587;10.768587;Basismetaal;1;Black;2024;BU06420701;GM0642;3336.0;3336LJ;BU06420701;GM0642;3336.0;3336LJ;BU06420701;GM0642;3336.0;3336LJ;False;False;False;51.8055609004973;4.624306223984746;WarmteAtlas:CO2EmissieBedrijven;;;
117;NL;;10794;Douwe Egberts van Nelle;Rotterdam;Van Nelleweg;3000DC;1;;89400;437800;12.00;Vervaardiging van tabaksproducten;Overige industrie;Voedings- en genotmiddelenindustrie;CO2;1.645196;0.0;0.0;0.0;0.0;0.0;0.0;0.0;0.0;Voedings- en genotmiddelenindustrie;0.0;0.0;Voeding;0;Green;2024;BU05991853;GM0599;3044.0;3044BC;BU05991853;GM0599;3044.0;3044BC;BU05991853;GM0599;3044.0;3044BC;False;False;False;51.924804633292766;4.433517300951459;WarmteAtlas:CO2EmissieBedrijven;;;
118;NL;;10799;Vopak Terminal Botlek-Noord BV;Botlek Rotterdam;Welplaatweg;3197KS;110;;80525;433646;52.10;Opslag;Handel, Diensten en Overheid (HDO);Energiegebruik en processen Handel, Diensten en Overheid (HDO);CO2;31.807529;29.017;0.0;0.0;0.0;0.0;0.0;0.0;0.0;Overig;0.0;0.0;Overige;0;Gray;2024;BU05992306;GM0599;3197.0;3197KJ;BU05992306;GM0599;3197.0;3197KJ;BU05992306;GM0599;3197.0;3197KJ;False;False;False;51.886355319345014;4.305412901356901;WarmteAtlas:CO2EmissieBedrijven;;;
119;NL;;10815;AVR NV (Rotterdam);Rotterdam;Brielselaan;3081AC;175;;92090;434420;38.21;Behandeling van onschadelijk afval;Afvalverwijdering;AVI's;CO2;0.0;0.0;0.0;0.0;0.0;0.0;0.0;0.0;0.0;Overig;0.0;0.0;Afval;0;Maroon;2024;BU05991571;GM0599;3081.0;3081AD;BU05991571;GM0599;3081.0;3081AD;BU05991571;GM0599;3081.0;3081AD;False;False;False;51.89473818194097;4.473237164923691;WarmteAtlas:CO2EmissieBedrijven;;;
120;NL;;10820;Dakpannenfabriek v.h. Oordt BV;Alphen aan den Rijn;Churchilllaan;2400AB;3;;104510;462030;23.32;Vervaardiging van keramische producten voor de bouw (geen tegels en plavuizen);Overige industrie;Bouwmaterialenindustrie;CO2;26.344;0.0;0.0;0.0;0.0;0.0;0.0;0.0;0.0;Bouwmaterialenindustrie;0.0;0.0;BouwMaterialen;0;SandyBrown;2024;BU04840109;GM0484;2401.0;2401HA;BU04840109;GM0484;2401.0;2401HA;BU04840109;GM0484;2401.0;2401HA;False;False;False;52.14414844548023;4.649587637361928;WarmteAtlas:CO2EmissieBedrijven;;;
121;NL;;10829;Cosun Beet company (Puttershoek);Puttershoek;Rustenburgstraat;3297LG;2;;98085;424965;10.81;Vervaardiging van suiker;Overige industrie;Voedings- en genotmiddelenindustrie;CO2;96.46008;81.733225;0.801;0.0;0.353749;0.400996;0.0;0.0;0.0;Voedings- en genotmiddelenindustrie;0.0;0.0;Voeding;0;Green;2024;BU19630499;GM1963;2995.0;2995XL;BU19630499;GM1963;2995.0;2995XL;BU19630499;GM1963;2995.0;2995XL;False;False;False;51.81040585512084;4.561883202717449;WarmteAtlas:CO2EmissieBedrijven;;;
122;NL;;10880;Bolnes Motorenfabriek BV;Krimpen aan de Lek;Zaag;2931LD;29;;100250;435030;28.10;Vervaardiging van motoren, turbines, pompen, compressoren, appendages en drijfwerkelementen;Overige industrie;Metaalelektro;CO2;0.271152;0.0;0.0;0.0;0.0;0.0;0.0;0.0;0.0;Metaalelektro;0.0;0.0;Overige;0;Gray;2024;BU19310104;GM1931;2931.0;2931LD;BU19310104;GM1931;2931.0;2931LD;BU19310104;GM1931;2931.0;2931LD;False;False;False;51.901082873161755;4.591678105092754;WarmteAtlas:CO2EmissieBedrijven;;;
123;NL;;10882;Crown Cork Company Holland BV;Mijdrecht;Veenweg;3641SM;161;;90420;434750;25.90;Vervaardiging van overige produkten van metaal;Overige industrie;Metaalelektro;CO2;2.248707;0.0;0.0;0.0;0.0;0.0;0.0;0.0;0.0;Metaalelektro;0.0;0.0;Overige;0;Gray;2024;BU05992194;GM0599;3087.0;3087AE;BU05992194;GM0599;3087.0;3087AE;BU05992194;GM0599;3087.0;3087AE;False;False;False;51.89751277903622;4.448916357995484;WarmteAtlas:CO2EmissieBedrijven;;;
124;NL;;10884;Timmerfabriek Bouter en Zn BV;Bergambacht;Dijklaan;2861EE;32;-36;113640;437430;31.09;Vervaardiging van overige meubels;Overige industrie;Industrie overig;CO2;0.805;0.0;0.0;0.0;0.0;0.0;0.0;0.0;0.0;Overig;0.0;0.0;Overige;0;Gray;2024;BU19310500;GM1931;2861.0;2861EK;BU19310500;GM1931;2861.0;2861EK;BU19310500;GM1931;2861.0;2861EK;False;False;False;51.923809682648475;4.785936206680757;WarmteAtlas:CO2EmissieBedrijven;;;
125;NL;;109;Thomas Regout International BV;Maastricht;Industrieweg;6219NR;40;;175920;319396;25.72;Vervaardiging van hang- en sluitwerk;Overige industrie;Metaalelektro;CO2;0.655112;0.0;0.0;0.0;0.0;0.0;0.0;0.0;0.0;Metaalelektro;0.0;0.0;Overige;0;Gray;2024;BU09350303;GM0935;6219.0;6219NW;BU09350303;GM0935;6219.0;6219NW;BU09350303;GM0935;6219.0;6219NW;False;False;False;50.86399997151749;5.684335969451911;WarmteAtlas:CO2EmissieBedrijven;;;
126;NL;;10921;Damen Shiprepair Rotterdam;Schiedam;Admiraal de Ruyterstraat;3115HB;24;;85500;435500;33.15;Reparatie en onderhoud van schepen;Overige industrie;Metaalelektro;CO2;0.0;0.0;0.0;0.493902;1.73894;1.61519;1.090549;1.06;1.087;Metaalelektro;17.097321;17.097321;Overige;1;Gray;2024;BU06060201;GM0606;3115.0;3115JG;BU06060201;GM0606;3115.0;3115JG;BU06060201;GM0606;3115.0;3115JG;False;False;False;51.903660636467485;4.377292268858723;WarmteAtlas:CO2EmissieBedrijven;;;
127;NL;;10928;Aluminium & Chemie Rotterdam BV;Botlek Rotterdam;Oude Maasweg;3197KJ;80;;81574;432192;27.90;Vervaardiging van overige elektrische apparatuur;Overige industrie;Metaalelektro;CO2;62.35724;0.0;260.212;153.867156;64.083519;51.822111;0.0;0.0;0.0;Metaalelektro;0.0;0.0;Overige;0;Gray;2024;BU05992306;GM0599;3197.0;3197KJ;BU05992306;GM0599;3197.0;3197KJ;BU05992306;GM0599;3197.0;3197KJ;False;False;False;51.873427477809265;4.3209573768512755;WarmteAtlas:CO2EmissieBedrijven;;;
128;NL;;10950;N+P Rotterdam MRF B.V.;Rotterdam;Waalhavenweg;3089JJ;50;;88933;433511;38.11;Inzameling van onschadelijk afval;Afvalverwijdering;AVI's;CO2;749.549;0.0;0.0;0.335694;0.366042;0.0313;0.03569;0.038263;0.023354;Overig;0.370046;0.370046;Afval;1;Maroon;2024;BU05992194;GM0599;3089.0;3089JJ;BU05992194;GM0599;3089.0;3089JJ;BU05992194;GM0599;3089.0;3089JJ;False;False;False;51.88620307295042;4.427552133037331;WarmteAtlas:CO2EmissieBedrijven;;;
129;NL;LCP;10951;Uniper Centrale Leiden;Leiden;Maresingel;2316HB;21;e;93890;464356;35.11.1;Productie van elektriciteit door thermische, kern- en warmtekrachtcentrales;Energiesector;Opwekking electriciteit;CO2;124.129;118.656;177.943592;110.255;127.789395;134.03183;103.965243;86.9;89.3;Opwekking electriciteit;625.1;0.0;Energy;3;Yellow;2024;BU05460105;GM0546;2316.0;2316HB;BU05460105;GM0546;2316.0;2316HB;BU05460105;GM0546;2316.0;2316HB;False;False;False;52.16398021095375;4.4940367547388975;WarmteAtlas:CO2EmissieBedrijven;;;
130;NL;LCP;10953;Uniper Centrale Den Haag;'s-Gravenhage;De Constant Rebecqueplein;2518RA;20;;79821;454750;35.11.1;Productie van elektriciteit door thermische, kern- en warmtekrachtcentrales;Energiesector;Opwekking electriciteit;CO2;382.121237;0.0;184.514;166.509;140.732611;164.961775;133.955161;127.567;137.651;Opwekking electriciteit;963.557;0.0;Energy;3;Yellow;2024;BU05182110;GM0518;2518.0;2518RA;BU05182110;GM0518;2518.0;2518RA;BU05182110;GM0518;2518.0;2518RA;False;False;False;52.075919016671314;4.29056193555572;WarmteAtlas:CO2EmissieBedrijven;;;
131;NL;;10971;Ferro (Holland) BV (HS);Rotterdam;Van Helmontstraat;3029AB;20;;89050;436080;20.30;Vervaardiging van verf, vernis e.d., drukinkt en mastiek;Chemische Industrie;Chemische Industrie basisproducten;CO2;12.9189;8.723;0.0;0.0;0.0;0.0;0.0;0.0;0.0;Chemische Industrie;0.0;0.0;Chemie;0;Magenta;2024;BU05991926;GM0599;3029.0;3029AB;BU05991926;GM0599;3029.0;3029AB;BU05991926;GM0599;3029.0;3029AB;False;False;False;51.9093052053546;4.428759421215861;WarmteAtlas:CO2EmissieBedrijven;;;
132;NL;;10972;Oranje Recycling B.V.;Rotterdam;Industrieweg;3044AT;120;;88600;438250;20.30;Vervaardiging van verf, vernis e.d., drukinkt en mastiek;Chemische Industrie;Chemische Industrie basisproducten;CO2;2.656;2.371;0.0;0.0;0.0;0.0;0.0;0.0;0.0;Chemische Industrie;0.0;0.0;Chemie;0;Magenta;2024;BU05991853;GM0599;3044.0;3044AT;BU05991853;GM0599;3044.0;3044AT;BU05991853;GM0599;3044.0;3044AT;False;False;False;51.92875395437304;4.421801667384986;WarmteAtlas:CO2EmissieBedrijven;;;
133;NL;;10981;Hollandia BV;Krimpen aan den IJssel;Industrieweg;2921LB;2;A;99250;435450;25.10;Vervaardiging van metalen producten voor de bouw;Overige industrie;Metaalelektro;CO2;1.1504;0.0;0.0;0.0;0.0;0.0;0.0;0.0;0.0;Metaalelektro;0.0;0.0;Overige;0;Gray;2024;BU05420000;GM0542;2921.0;2921LB;BU05420000;GM0542;2921.0;2921LB;BU05420000;GM0542;2921.0;2921LB;False;False;False;51.90475838481528;4.577081345874428;WarmteAtlas:CO2EmissieBedrijven;;;
134;NL;;10982;Galvanisch Bedrijf Chromolux;Rotterdam;Waalhaven NZ;3087BK;95;;90500;434500;25.61;Oppervlaktebehandeling en bekleding van metaal;Overige industrie;Metaalelektro;CO2;0.0;0.0;0.0;0.259336;0.0;0.28874;0.221916;0.217446;0.0;Metaalelektro;0.0;0.0;Overige;0;Gray;2024;BU05992194;GM0599;3087.0;3087BL;BU05992194;GM0599;3087.0;3087BL;BU05992194;GM0599;3087.0;3087BL;False;False;False;51.89527522812249;4.450125352145683;WarmteAtlas:CO2EmissieBedrijven;;;
135;NL;;10983;IHC Smit BV;Nieuw-Lekkerland;Smitweg;2961AW;6;;102750;433250;30.11;Bouw van schepen en drijvend materieel (geen sport- en recreatievaartuigen);Overige industrie;Metaalelektro;CO2;0.0;0.0;4.87368;0.0;1.797459;1.741345;1.466624;1.260557;1.117966;Metaalelektro;17.584382;17.584382;Overige;1;Gray;2024;BU19780902;GM1978;2961.0;2961AW;BU19780902;GM1978;2961.0;2961AW;BU19780902;GM1978;2961.0;2961AW;False;False;False;51.88532515026303;4.628270292082073;WarmteAtlas:CO2EmissieBedrijven;;;
136;NL;;10987;Sigarettenfabriek Ed. Laurens BV;'s-Gravenhage;Saturnusstraat;2516AH;40;;83400;453600;12.00;Vervaardiging van tabaksproducten;Overige industrie;Voedings- en genotmiddelenindustrie;CO2;1.892048;0.0;0.0;0.0;0.0;0.0;0.0;0.0;0.0;Voedings- en genotmiddelenindustrie;0.0;0.0;Voeding;0;Green;2024;BU05183960;GM0518;2516.0;2516BL;BU05183960;GM0518;2516.0;2516BL;BU05183960;GM0518;2516.0;2516BL;False;False;False;52.06605843381652;4.343001786233743;WarmteAtlas:CO2EmissieBedrijven;;;
137;NL;;10994;Conline Coatings B.V.;Maassluis;Adriaan van Heelstraat;3143CA;19;;77000;436880;42.00;Grond-, water- en wegenbouw (geen grondverzet);Overige industrie;Metaalelektro;CO2;2.1066;0.0;0.0;0.0;0.0;0.0;0.0;0.0;0.0;Metaalelektro;0.0;0.0;Overige;0;Gray;2024;BU05560101;GM0556;3143.0;3143DE;BU05560101;GM0556;3143.0;3143DE;BU05560101;GM0556;3143.0;3143DE;False;False;False;51.914936189300825;4.2534871418390185;WarmteAtlas:CO2EmissieBedrijven;;;
138;NL;;10998;Draka Interfoam BV;Hillegom;Van den Endelaan;2182ES;15;;99700;478740;22.21;Vervaardiging van platen, folie, buizen en profielen van kunststof;Overige industrie;Rubber- en kunstofverw. Industrie;CO2;1.586;0.0;1.035669;0.7611;0.812345;0.913932;0.738708;0.674635;0.631489;Overig;10.005988;10.005988;Overige;1;Gray;2024;BU05340401;GM0534;2182.0;2182ES;BU05340401;GM0534;2182.0;2182ES;BU05340401;GM0534;2182.0;2182ES;False;False;False;52.293862557364164;4.576596200772698;WarmteAtlas:CO2EmissieBedrijven;;;
139;NL;;1102;Honeywell Fluorine Products Europe BV;Weert;Kempenweg;6002SX;90;;170180;359550;20.10;Vervaardiging van chemische basisprodukten,kunstmestoffen en stikstofverbindingen en van rubber;Chemische Industrie;Chemische Industrie basisproducten;CO2;5.459063;0.0;0.0;0.0;0.0;0.0;0.0;0.0;0.0;Chemische Industrie;0.0;0.0;Chemie;0;Magenta;2024;BU09880105;GM0988;6002.0;6002SX;BU09880105;GM0988;6002.0;6002SX;BU09880105;GM0988;6002.0;6002SX;False;False;False;51.22511441202714;5.604505120426406;WarmteAtlas:CO2EmissieBedrijven;;;
140;NL;;11024;Cabot BV;Botlek Rotterdam;Botlekstraat;3197KC;2;;77704;434252;20.13;Vervaardiging van overige anorganische basischemicaliën;Chemische Industrie;Chemische Industrie basisproducten;CO2;205.085367;160.677;227.514423;235.829054;204.626;236.355118;204.17;200.8;207.309;Chemische Industrie;2815.150361;2815.150361;Chemie;3;Magenta;2024;BU05992306;GM0599;3197.0;3197KA;BU05992306;GM0599;3197.0;3197KA;BU05992306;GM0599;3197.0;3197KA;False;False;False;51.89141694380307;4.264307774446217;WarmteAtlas:CO2EmissieBedrijven;;;
141;NL;;11034;Dossche Mils B.V.;Rotterdam;Brielselaan;3081AB;115;;92600;434400;10.61;Vervaardiging van meel (geen zetmeel);Overige industrie;Voedings- en genotmiddelenindustrie;CO2;0.0;5.337;0.0;3.67;2.815197;3.148289;3.144174;2.745837;3.038959;Voedings- en genotmiddelenindustrie;47.421083;47.421083;Voeding;2;Green;2024;BU05991571;GM0599;3081.0;3081AB;BU05991571;GM0599;3081.0;3081AB;BU05991571;GM0599;3081.0;3081AB;False;False;False;51.89461583034113;4.480649251261045;WarmteAtlas:CO2EmissieBedrijven;;;
142;NL;;11038;APH B.V.;Hoogblokland;Bazeldijk;4221XX;50;;127904;433493;23.99;Vervaardiging van niet-metaalhoudende minerale producten (geen schuur-, slijp- en polijstmiddelen);Overige industrie;Bouwmaterialenindustrie;CO2;0.0;0.0;0.0;0.0;0.0;0.0;0.0;0.0;0.0;Bouwmaterialenindustrie;0.0;0.0;BouwMaterialen;0;SandyBrown;2024;BU19780701;GM1978;4221.0;4221XX;BU19780701;GM1978;4221.0;4221XX;BU19780701;GM1978;4221.0;4221XX;False;False;False;51.88930114309689;4.99360146180964;WarmteAtlas:CO2EmissieBedrijven;;;
143;NL;;1104;Solvay Chemie BV;Herten;Schepersweg;6049CV;1;;194887;353181;20.14.9;Vervaardiging van organische basischemicaliën (geen petrochemische producten);Chemische Industrie;Chemische Industrie basisproducten;CO2;3.321093;0.0;2.439006;2.277987;2.493394;2.65378;2.974212;4.8845;2.838628;Chemische Industrie;38.547119;38.547119;Chemie;2;Magenta;2024;BU09570702;GM0957;6049.0;6049CD;BU09570702;GM0957;6049.0;6049CD;BU09570702;GM0957;6049.0;6049CD;False;False;False;51.166667897472465;5.957467540358264;WarmteAtlas:CO2EmissieBedrijven;;;
144;NL;;11046;PURAC Biochem B.V.;Gorinchem;Arkelsedijk;4206AC;46;;127480;428400;20.14.9;Vervaardiging van organische basischemicaliën (geen petrochemische producten);Chemische Industrie;Chemische Industrie basisproducten;CO2;12.39;0.0;0.0;19.882603;25.974836;25.817558;28.379948;25.629085;22.643219;Chemische Industrie;307.483352;307.483352;Chemie;3;Magenta;2024;BU05121409;GM0512;4206.0;4206AC;BU05121409;GM0512;4206.0;4206AC;BU05121409;GM0512;4206.0;4206AC;False;False;False;51.84350377819751;4.9878487443496535;WarmteAtlas:CO2EmissieBedrijven;;;
145;NL;;11047;Vecom Metal Treatment Technology BV;Maassluis;Mozartlaan;3144NA;3;;76350;437720;81.22.9;Overige gespecialiseerde reiniging;Chemische Industrie;Chemische Industrie overig;CO2;0.0;0.0;0.0;0.434;0.155;0.193;0.124;0.0;0.0;Chemische Industrie;0.0;0.0;Chemie;0;Magenta;2024;BU05560401;GM0556;3144.0;3144RD;BU05560401;GM0556;3144.0;3144RD;BU05560401;GM0556;3144.0;3144RD;False;False;False;51.92239359966767;4.243849257909788;WarmteAtlas:CO2EmissieBedrijven;;;
146;NL;;1105;Peter Greven Nederland CV / Akcros Chemicals;Venlo;Edisonstraat;5928PG;1;;207060;377680;21.10;Vervaardiging van farmaceutische grondstoffen;Handel, Diensten en Overheid (HDO);Energiegebruik en processen Handel, Diensten en Overheid (HDO);CO2;0.0;0.815;0.0;0.0;0.0;0.0;0.0;0.0;0.0;Overig;0.0;0.0;Overige;0;Gray;2024;BU09832804;GM0983;5928.0;5928PG;BU09832804;GM0983;5928.0;5928PG;BU09832804;GM0983;5928.0;5928PG;False;False;False;51.38588330198074;6.135083075755101;WarmteAtlas:CO2EmissieBedrijven;;;
147;NL;;11057;Chemische Industrie en Handelmaatschappij Weduwe Hondorff, Block en Braet BV;Schoonhoven;Havenstraat;2871EC;152;;118020;440060;20.13;Vervaardiging van overige anorganische basischemicaliën;Chemische Industrie;Chemische Industrie basisproducten;CO2;0.476496;0.0;0.0;0.0;0.0;0.0;0.0;0.0;0.0;Chemische Industrie;0.0;0.0;Chemie;0;Magenta;2024;BU19311200;GM1931;2871.0;2871ES;BU19311200;GM1931;2871.0;2871ES;BU19311200;GM1931;2871.0;2871ES;False;False;False;51.947756279365095;4.849324215119021;WarmteAtlas:CO2EmissieBedrijven;;;
148;NL;;1107;Nouryon Functional Chemicals;Herkenbosch;Lispinweg;6075CE;6;;202300;352150;20.14.1;Vervaardiging van petrochemische producten;Chemische Industrie;Chemische Industrie basisproducten;CO2;5.193609;10.553585;11.457;10.501535;10.385306;11.22082;10.939835;10.5518;14.194404;Chemische Industrie;192.752758;192.752758;Chemie;2;Magenta;2024;BU16690509;GM1669;6075.0;6075CE;BU16690509;GM1669;6075.0;6075CE;BU16690509;GM1669;6075.0;6075CE;False;False;False;51.15683229506766;6.063308872320695;WarmteAtlas:CO2EmissieBedrijven;;;
149;NL;;11078;Bakker BV;Ridderkerk;Havenkade;2984AA;2;B;101250;431660;24.50;Gieten van metalen;Overige industrie;Basismetaal;CO2;0.745395;0.0;0.0;0.0;0.0;0.0;0.0;0.0;0.0;Basismetaal;0.0;0.0;Basismetaal;0;Black;2024;BU05971000;GM0597;2984.0;2984AB;BU05971000;GM0597;2984.0;2984AB;BU05971000;GM0597;2984.0;2984AB;False;False;False;51.870892074686154;4.606732565697143;WarmteAtlas:CO2EmissieBedrijven;;;
150;NL;;11089;Vopak Nom;Vondelingenplaat Rotterdam;Butaanweg;3196KC;17;;85030;434420;52.10;Opslag;Handel, Diensten en Overheid (HDO);Energiegebruik en processen Handel, Diensten en Overheid (HDO);CO2;0.0;0.0;0.0;0.0;0.0;0.0;0.0;0.0;0.0;Overig;0.0;0.0;Overige;0;Gray;2024;BU05992295;GM0599;3196.0;3196KC;BU05992295;GM0599;3196.0;3196KC;BU05992295;GM0599;3196.0;3196KC;False;False;False;51.893895651338426;4.370683119677803;WarmteAtlas:CO2EmissieBedrijven;;;
51;NL;;101407;Zeolyst CV;Farmsum;Oosterhorn;9936HD;36;;261647;592403;20.13;Vervaardiging van overige anorganische basischemicaliën;Chemische Industrie;Chemische Industrie basisproducten;CO2;0.0;0.0;4.878004;5.656;3.774493;5.484876;5.128941;3.501816;2.557453;Chemische Industrie;34.728906;34.728906;Chemie;2;Magenta;2024;BU19790831;GM1979;9936.0;9936HD;BU19790831;GM1979;9936.0;9936HD;BU19790831;GM1979;9936.0;9936HD;False;False;False;53.307431606395255;6.987163800511636;WarmteAtlas:CO2EmissieBedrijven;;;
52;NL;;101408;Nedmag B.V.;Veendam;Billitonweg;9641KZ;1;;256065;570785;08.99;Winning van overige delfstoffen n.e.g.;Bouw;Overig bouw;CO2;74.62644;90.271;79.658265;77.885202;61.139322;79.467007;73.002452;49.172653;48.994324;Overig;776.318514;776.318514;Overige;3;Gray;2024;BU00470006;GM0047;9641.0;9641KZ;BU00470006;GM0047;9641.0;9641KZ;BU00470006;GM0047;9641.0;9641KZ;False;False;False;53.114322658575055;6.8966545450480865;WarmteAtlas:CO2EmissieBedrijven;;;
53;NL;;101515;N.V. Nederlandse Gasunie;Spijk;Vierhuizerweg;9909TM;1;;253587;603833;35.12;Beheer en exploitatie van transportnetten voor elektriciteit, aardgas en warm water;Energiesector;Olie- gaswinning land;CO2;49.983;0.0;36.214474;2.450421;1.9555;3.955192;0.905824;0.74059;0.70974;Overig;11.24588;11.24588;Overige;1;Gray;2024;BU19661401;GM1966;9979.0;9979XA;BU19661401;GM1966;9979.0;9979XA;BU19661401;GM1966;9979.0;9979XA;False;False;False;53.41165194827039;6.869817949234987;WarmteAtlas:CO2EmissieBedrijven;;;
54;NL;;102001;FrieslandCampina Bedum;Bedum;Boterdiep Westzijde;9781EL;45;;235710;592080;10.51;Vervaardiging van zuivelproducten (geen consumptie-ijs);Overige industrie;Voedings- en genotmiddelenindustrie;CO2;18.333742;18.818;22.888541;34.380167;35.092651;29.448911;32.57525;27.755371;22.006922;Voedings- en genotmiddelenindustrie;343.404469;343.404469;Voeding;3;Green;2024;BU19660809;GM1966;9781.0;9781EL;BU19660809;GM1966;9781.0;9781EL;BU19660809;GM1966;9781.0;9781EL;False;False;False;53.30907969573269;6.598063820223439;WarmteAtlas:CO2EmissieBedrijven;;;
55;NL;;102008;Plixxent B.V.;Foxhol;Korte Groningerweg;9607PS;1;a;243543;577139;20.16;Vervaardiging van kunststof in primaire vorm;Chemische Industrie;Chemische Industrie basisproducten;CO2;0.0;0.0;0.189165;0.120435;0.068013;0.107608;0.11333;0.121966;0.087673;Chemische Industrie;1.190555;1.190555;Chemie;1;Magenta;2024;BU19520702;GM1952;9607.0;9607PS;BU19520702;GM1952;9607.0;9607PS;BU19520702;GM1952;9607.0;9607PS;False;False;False;53.17361592844244;6.7114285388469925;WarmteAtlas:CO2EmissieBedrijven;;;
56;NL;;102301;Suiker Unie (Groningen);Groningen;VAN HEEMSKERCKSTRAAT;9726GJ;101;;231800;581100;10.81;Vervaardiging van suiker;Overige industrie;Voedings- en genotmiddelenindustrie;CO2;339.065036;101.784097;0.0;0.0;0.0;0.0;0.0;0.0;0.0;Voedings- en genotmiddelenindustrie;0.0;0.0;Voeding;0;Green;2024;BU00140908;GM0014;9743.0;9743DA;BU00140908;GM0014;9743.0;9743DA;BU00140908;GM0014;9743.0;9743DA;False;False;False;53.21101278295005;6.536785918053759;WarmteAtlas:CO2EmissieBedrijven;;;
57;NL;LCP;102302;Cosun Beet Company - Productielocatie Vierverlaten;Groningen;Fabriekslaan;9745AG;12;;229011;581366;10.81;Vervaardiging van suiker;Overige industrie;Voedings- en genotmiddelenindustrie;CO2;116.523819;82.2561;128.676;125.659;129.35649;151.35441;129.327646;136.872425;143.344585;Voedings- en genotmiddelenindustrie;2236.803961;2236.803961;Voeding;3;Green;2024;BU00140800;GM0014;9745.0;9745AG;BU00140800;GM0014;9745.0;9745AG;BU00140800;GM0014;9745.0;9745AG;False;False;False;53.21379525763883;6.495107780123802;WarmteAtlas:CO2EmissieBedrijven;;;
58;NL;;102504;Rixona BV (Warffum);Warffum;Westervalge;9989EE;82;;230757;601513;10.31;Vervaardiging van aardappelproducten;Overige industrie;Voedings- en genotmiddelenindustrie;CO2;0.0;0.0;0.0;18.404332;18.754109;17.941244;17.350287;14.966081;13.635425;Voedings- en genotmiddelenindustrie;212.772401;212.772401;Voeding;2;Green;2024;BU19660901;GM1966;9989.0;9989EE;BU19660901;GM1966;9989.0;9989EE;BU19660901;GM1966;9989.0;9989EE;False;False;False;53.394548363294966;6.526010192081136;WarmteAtlas:CO2EmissieBedrijven;;;
59;NL;;102608;Oldambt BV;Oostwold;Langeweg;9682XR;5;;264900;583400;10.91;Vervaardiging van veevoeders;Overige industrie;Voedings- en genotmiddelenindustrie;CO2;43.99905;61.9;0.0;0.0;0.0;0.0;0.0;0.0;0.0;Voedings- en genotmiddelenindustrie;0.0;0.0;Voeding;0;Green;2024;BU18950909;GM1895;9682.0;9682XR;BU18950909;GM1895;9682.0;9682XR;BU18950909;GM1895;9682.0;9682XR;False;False;False;53.22590396608029;7.03286097342504;WarmteAtlas:CO2EmissieBedrijven;;;
60;NL;;102615;Avebe b.a. (DWM Veendam);Veendam;Industrieweg;9641HM;12;;254700;568700;10.62;Vervaardiging van zetmeel en zetmeelproducten;Overige industrie;Voedings- en genotmiddelenindustrie;CO2;21.6756;21.626;0.0;0.0;0.0;0.0;0.0;0.0;0.0;Voedings- en genotmiddelenindustrie;0.0;0.0;Voeding;0;Green;2024;BU00470003;GM0047;9641.0;9641RA;BU00470003;GM0047;9641.0;9641RA;BU00470003;GM0047;9641.0;9641RA;False;False;False;53.09584739694969;6.875631491537402;WarmteAtlas:CO2EmissieBedrijven;;;
61;NL;LCP;102620;Avebe u.a. (Ter Apelkanaal);Ter Apelkanaal;M en O Weg;9563TM;13;;266540;549498;10.62;Vervaardiging van zetmeel en zetmeelproducten;Overige industrie;Voedings- en genotmiddelenindustrie;CO2;79.598507;160.645;146.116629;116.024008;95.787084;97.6989;87.82;80.554408;85.698468;Voedings- en genotmiddelenindustrie;1337.271805;1337.271805;Voeding;3;Green;2024;BU19500704;GM1950;9563.0;9563TM;BU19500704;GM1950;9563.0;9563TM;BU19500704;GM1950;9563.0;9563TM;False;False;False;52.921028109565036;7.045733207176485;WarmteAtlas:CO2EmissieBedrijven;;;
62;NL;;102621;Avebe u.a. (Foxhol);Foxhol;Avebeweg;9607PT;1;;243650;576850;10.62;Vervaardiging van zetmeel en zetmeelproducten;Overige industrie;Voedings- en genotmiddelenindustrie;CO2;90.8218;69.195;44.137755;23.402152;0.0;0.0;0.0;0.0;0.0;Voedings- en genotmiddelenindustrie;0.0;0.0;Voeding;0;Green;2024;BU19520702;GM1952;9607.0;9607PT;BU19520702;GM1952;9607.0;9607PT;BU19520702;GM1952;9607.0;9607PT;False;False;False;53.171001956535235;6.712948863289038;WarmteAtlas:CO2EmissieBedrijven;;;
63;NL;;103009;KBM Master Alloys BV (Delfzijl);Delfzijl;Kloosterlaan;9936TE;2;;260800;592000;24.42;Vervaardiging van aluminium;Overige industrie;Basismetaal;CO2;0.0;3.154048;3.5422;4.402661;4.079696;4.794353;4.207235;3.173433;3.032502;Basismetaal;34.155997;34.155997;Basismetaal;2;Black;2024;BU19790831;GM1979;9936.0;9936HV;BU19790831;GM1979;9936.0;9936HV;BU19790831;GM1979;9936.0;9936HV;False;False;False;53.30398013661312;6.974328267709851;WarmteAtlas:CO2EmissieBedrijven;;;
64;NL;;103010;DAMCO Aluminium Delfzijl Coöperatie U.A.;Farmsum;Oosterhorn;9936HD;20;- 22;261063;592961;24.42;Vervaardiging van aluminium;Overige industrie;Basismetaal;CO2;166.379;179.704;148.054872;53.277582;114.605468;82.279986;15.143778;0.021386;0.0;Basismetaal;0.0;0.0;Basismetaal;0;Black;2024;BU19790831;GM1979;9936.0;9936BV;BU19790831;GM1979;9936.0;9936BV;BU19790831;GM1979;9936.0;9936BV;False;False;False;53.31256009609699;6.978590737417676;WarmteAtlas:CO2EmissieBedrijven;;;
65;NL;;103158;Philips Semiconductors BV;Stadskanaal;Electronicaweg;9503GA;1;;260980;555180;26.40;Vervaardiging van consumentenelektronica;Overige industrie;Metaalelektro;CO2;5.1762;3.421;0.0;0.0;0.0;0.0;0.0;0.0;0.0;Metaalelektro;0.0;0.0;Overige;0;Gray;2024;BU00370107;GM0037;9503.0;9503GW;BU00370107;GM0037;9503.0;9503GW;BU00370107;GM0037;9503.0;9503GW;False;False;False;52.97319185790885;6.964937544241633;WarmteAtlas:CO2EmissieBedrijven;;;
66;NL;;103602;NedCoat Groningen BV;Groningen;Bornholmstraat;9723AZ;58;;236050;580600;25.60;"Oppervlaktebehandeling en bekleding van metaal; algemene metaalbewerking";Overige industrie;Metaalelektro;CO2;1.4344;0.0;0.0;0.0;0.0;0.0;0.0;0.0;0.0;Metaalelektro;0.0;0.0;Overige;0;Gray;2024;BU00140502;GM0014;9723.0;9723AZ;BU00140502;GM0014;9723.0;9723AZ;BU00140513;GM0014;9723.0;9723AZ;True;False;False;53.20589452191202;6.600262465974382;WarmteAtlas:CO2EmissieBedrijven;;;
67;NL;LCP;104001;ENGIE Energie Nederland N.V. (Eemscentrale);Eemshaven;Robbenplaatweg;9979XL;17;;254265;606627;35.11.1;Productie van elektriciteit door thermische, kern- en warmtekrachtcentrales;Energiesector;Opwekking electriciteit;CO2;1568.963;4417.0;4763.344;1583.205718;1755.755053;1354.285045;1224.972487;1195.414799;979.219109;Opwekking electriciteit;6854.53376;0.0;Energy;4;Yellow;2024;BU19661401;GM1966;9979.0;9979XL;BU19661401;GM1966;9979.0;9979XL;BU19661401;GM1966;9979.0;9979XL;False;False;False;53.43662280938915;6.88088318009558;WarmteAtlas:CO2EmissieBedrijven;;;
68;NL;;104002;NV Epon Hunzecentrale;Groningen;Winschoterdiep;8000GB;50;;235350;580900;35.11.1;Productie van elektriciteit door thermische, kern- en warmtekrachtcentrales;Energiesector;Opwekking electriciteit;CO2;296.137;0.0;0.0;0.0;0.0;0.0;0.0;0.0;0.0;Opwekking electriciteit;0.0;0.0;Energy;0;Yellow;2024;BU00140501;GM0014;9723.0;9723ZL;BU00140501;GM0014;9723.0;9723ZL;BU00140501;GM0014;9723.0;9723ZL;False;False;False;53.20869516764392;6.589862940532705;WarmteAtlas:CO2EmissieBedrijven;;;
69;NL;LCP;104003;Delesto BV;Farmsum;Oosterhorn;9936HD;4;a;259432;593623;20.13;Vervaardiging van overige anorganische basischemicaliën;Energiesector;Opwekking electriciteit;CO2;885.9641;1844.362738;1730.523;539.975997;318.623049;419.583274;405.655593;353.246968;364.956596;Opwekking electriciteit;2554.696172;0.0;Energy;4;Yellow;2024;BU19790831;GM1979;9936.0;9936HD;BU19790831;GM1979;9936.0;9936HD;BU19790831;GM1979;9936.0;9936HD;False;False;False;53.318827966600324;6.954344137228596;WarmteAtlas:CO2EmissieBedrijven;;;
70;NL;;104301;Heinzel Paperboard De Eendracht B.V.;Appingedam;Woldweg;9902AG;18;;253047;593202;17.12;Vervaardiging van papier en karton;Overige industrie;Papier(waren);CO2;57.747036;66.146;0.0;0.0;0.0;0.0;0.0;0.0;0.0;Papier(waren);0.0;0.0;Papier;0;White;2024;BU19791254;GM1979;9902.0;9902AK;BU19791254;GM1979;9902.0;9902AK;BU19791254;GM1979;9902.0;9902AK;False;False;False;53.31625696993815;6.858431457241334;WarmteAtlas:CO2EmissieBedrijven;;;
71;NL;;104302;Solidus Solutions Board B.V. (Hoogkerk);Groningen;HALMSTRAAT;9745BC;1;- 3;229850;581350;17.12.1;Vervaardiging van grafisch papier en karton;Overige industrie;Papier(waren);CO2;18.054;26.781;27.108;17.158;13.138;14.396;12.478128;7.424001;0.007421;Papier(waren);0.117586;0.117586;Papier;1;White;2024;BU00140800;GM0014;9745.0;9745BJ;BU00140800;GM0014;9745.0;9745BJ;BU00140800;GM0014;9745.0;9745BJ;False;False;False;53.213534901126046;6.507661073431274;WarmteAtlas:CO2EmissieBedrijven;;;
72;NL;;104304;ESKA Graphic Board BV (Hoogezand);Hoogezand;MEINT VENINGASTRAAT;9601KJ;114;- 116;246200;575950;17.12.2;Vervaardiging van papier en karton voor verpakking;Overige industrie;Papier(waren);CO2;29.69529;65.044;63.432289;59.568768;49.859884;52.013315;46.814198;25.779934;26.65459;Papier(waren);422.343856;422.343856;Papier;3;White;2024;BU19520105;GM1952;9601.0;9601KJ;BU19520105;GM1952;9601.0;9601KJ;BU19520105;GM1952;9601.0;9601KJ;False;False;False;53.16248907020713;6.750818584361004;WarmteAtlas:CO2EmissieBedrijven;;;
73;NL;;104305;ESKA Graphic Board BV (Sappemeer);Sappemeer;Noorderstraat;9611AW;394;;249900;575960;17.12.2;Vervaardiging van papier en karton voor verpakking;Overige industrie;Papier(waren);CO2;40.069625;51.269;31.261857;34.074958;30.709778;36.021387;28.677063;20.114811;19.997788;Papier(waren);316.866352;316.866352;Papier;2;White;2024;BU19520408;GM1952;9611.0;9611AW;BU19520408;GM1952;9611.0;9611AW;BU19520408;GM1952;9611.0;9611AW;False;False;False;53.161937017057525;6.806127409709567;WarmteAtlas:CO2EmissieBedrijven;;;
74;NL;;104307;Solidus Solutions (Bad Nieuweschans);Bad Nieuweschans;Hoofdstraat;9693AH;34;;276380;578810;17.12.1;Vervaardiging van grafisch papier en karton;Overige industrie;Papier(waren);CO2;0.0;38.58;40.379709;38.056951;35.553884;43.003545;29.875691;0.0;21.600202;Papier(waren);342.256722;342.256722;Papier;3;White;2024;BU18950500;GM1895;9693.0;9693AH;BU18950500;GM1895;9693.0;9693AH;BU18950500;GM1895;9693.0;9693AH;False;False;False;53.182197545129284;7.202952071498933;WarmteAtlas:CO2EmissieBedrijven;;;
75;NL;;104311;Smurfit Kappa Attica;Oude Pekela;H. WESTERSTRAAT;9665AN;59;;264182;569800;17.12;Vervaardiging van papier en karton;Overige industrie;Papier(waren);CO2;21.682541;38.309;0.0;0.0;0.0;0.0;0.0;0.0;0.0;Papier(waren);0.0;0.0;Papier;0;White;2024;BU07650000;GM0765;9665.0;9665BS;BU07650000;GM0765;9665.0;9665BS;BU07650000;GM0765;9665.0;9665BS;False;False;False;53.10388596707908;7.0175069872200995;WarmteAtlas:CO2EmissieBedrijven;;;
76;NL;;104312;Attica Lokatie Pm5;Oude Pekela;H.Westerstraat;9665ZG;59;;264180;569840;17.12;Vervaardiging van papier en karton;Overige industrie;Papier(waren);CO2;27.783249;0.0;0.0;0.0;0.0;0.0;0.0;0.0;0.0;Papier(waren);0.0;0.0;Papier;0;White;2024;BU07650000;GM0765;9665.0;9665BS;BU07650000;GM0765;9665.0;9665BS;BU07650000;GM0765;9665.0;9665BS;False;False;False;53.104245689385984;7.017490640644726;WarmteAtlas:CO2EmissieBedrijven;;;
77;NL;;104511;Gasunie Mengstation (Kootstertille Fr);Kootstertille;Westkern;9288CD;2;;202148;580437;35.12;Beheer en exploitatie van transportnetten voor elektriciteit, aardgas en warm water;Energiesector;Olie- gaswinning land;CO2;0.0;0.0;0.020454;0.007916;0.015786;0.070617;0.0;0.0;0.0;Overig;0.0;0.0;Overige;0;Gray;2024;BU00590007;GM0059;9288.0;9288CD;BU00590007;GM0059;9288.0;9288CD;BU00590007;GM0059;9288.0;9288CD;False;False;False;53.20848728431795;6.092886417686353;WarmteAtlas:CO2EmissieBedrijven;;;
78;NL;;104521;FrieslandCampina Cheese (Wolvega);Wolvega;Frisaxstraat;8471ZW;5;;195790;544570;10.51;Vervaardiging van zuivelproducten (geen consumptie-ijs);Overige industrie;Voedings- en genotmiddelenindustrie;CO2;0.0;1.263;0.55377;0.439;0.438759;0.0;0.0;0.0;0.0;Voedings- en genotmiddelenindustrie;0.0;0.0;Voeding;0;Green;2024;BU00980001;GM0098;8471.0;8471ZW;BU00980001;GM0098;8471.0;8471ZW;BU00980001;GM0098;8471.0;8471ZW;False;False;False;52.88672264487576;5.993217720798151;WarmteAtlas:CO2EmissieBedrijven;;;
79;NL;;104527;Friese Ekologische Zuivel (Drachten);Drachten;Ampèrelaan;9207AM;4;;205123;569513;10.51;Vervaardiging van zuivelproducten (geen consumptie-ijs);Overige industrie;Voedings- en genotmiddelenindustrie;CO2;0.0;0.0;0.158001;0.0;0.0;0.0;0.0;0.0;0.0;Voedings- en genotmiddelenindustrie;0.0;0.0;Voeding;0;Green;2024;BU00900016;GM0090;9207.0;9207AM;BU00901201;GM0090;9207.0;9207AM;BU00901201;GM0090;9207.0;9207AM;True;False;False;53.110064077710746;6.135712062986613;WarmteAtlas:CO2EmissieBedrijven;;;
80;NL;;104611;Schur Flexible Benelux BV;Leek;Zernikelaan;9351VA;4;;222100;575550;22.22;Vervaardiging van verpakkingsmiddelen van kunststof;Overige industrie;Rubber- en kunstofverw. Industrie;CO2;0.0;0.0;0.0;2.06489;2.93805;2.750396;2.45127;0.0;1.006938;Overig;15.955004;15.955004;Overige;1;Gray;2024;BU19690402;GM1969;9351.0;9351BM;BU19690402;GM1969;9351.0;9351BM;BU19690402;GM1969;9351.0;9351BM;False;False;False;53.1624519735663;6.390458004131157;WarmteAtlas:CO2EmissieBedrijven;;;
81;NL;;104706;Steenfabriek Fivelmonde (v/h Steenfabriek Hijlkema BV);Delfzijl;Weg Naar den Dam;9932GA;1;;255650;594400;23.32;Vervaardiging van keramische producten voor de bouw (geen tegels en plavuizen);Overige industrie;Bouwmaterialenindustrie;CO2;0.0;0.0;0.0;0.0;0.0;0.0;0.0;0.0;0.0;Bouwmaterialenindustrie;0.0;0.0;BouwMaterialen;0;SandyBrown;2024;BU19790518;GM1979;9932.0;9932GA;BU19790518;GM1979;9932.0;9932GA;BU19790518;GM1979;9932.0;9932GA;False;False;False;53.326533880028975;6.897854482106516;WarmteAtlas:CO2EmissieBedrijven;;;
82;NL;;104708;Siniat B.V.;Farmsum;Oosterhorn;9936HD;32;-34;261500;592200;23.62;Vervaardiging van producten van gips voor de bouw;Overige industrie;Bouwmaterialenindustrie;CO2;30.5;0.0;0.0;0.0;0.0;0.0;0.0;0.0;0.0;Bouwmaterialenindustrie;0.0;0.0;BouwMaterialen;0;SandyBrown;2024;BU19790831;GM1979;9936.0;9936HV;BU19790831;GM1979;9936.0;9936HV;BU19790831;GM1979;9936.0;9936HV;False;False;False;53.30563750914592;6.98489170441542;WarmteAtlas:CO2EmissieBedrijven;;;
83;NL;;104710;ESD-SIC BV;Farmsum;Kloosterlaan;9936TE;11;- 13;260222;591232;20.13;Vervaardiging van overige anorganische basischemicaliën;Chemische Industrie;Chemische Industrie basisproducten;CO2;114.460366;0.0;125.407627;126.738011;104.393169;106.244847;83.412632;73.88695;70.387981;Chemische Industrie;955.83284;955.83284;Chemie;3;Magenta;2024;BU19790831;GM1979;9936.0;9936TE;BU19790831;GM1979;9936.0;9936TE;BU19790831;GM1979;9936.0;9936TE;False;False;False;53.297195750424216;6.96540827481253;WarmteAtlas:CO2EmissieBedrijven;;;
84;NL;;10474;Adapa the Netherlands Rotterdam B.V.;Rotterdam;Willingestraat;3087AN;1;;90860;434720;17.20;Vervaardiging van papier- en kartonwaren;Overige industrie;Papier(waren);CO2;1.217664;0.0;0.0;0.0;0.0;0.0;0.0;0.0;2.114544;Papier(waren);33.505099;33.505099;Papier;2;White;2024;BU05992194;GM0599;3087.0;3087AN;BU05992194;GM0599;3087.0;3087AN;BU05992194;GM0599;3087.0;3087AN;False;False;False;51.89729402931513;4.455313918138759;WarmteAtlas:CO2EmissieBedrijven;;;
85;NL;;104755;Qsil Nederland BV;Winschoten;H.M.Brouwerstraat;9672AG;1;;266920;573580;23.10;Vervaardiging van glas en glaswerk;Overige industrie;Metaalelektro;CO2;10.267864;0.0;0.0;0.0;0.0;0.0;0.0;0.0;0.0;Metaalelektro;0.0;0.0;Overige;0;Gray;2024;BU18950008;GM1895;9672.0;9672AH;BU18950008;GM1895;9672.0;9672AH;BU18950008;GM1895;9672.0;9672AH;False;False;False;53.13727722831618;7.059683504978281;WarmteAtlas:CO2EmissieBedrijven;;;
86;NL;;104756;Steenindustrie Strating BV;Oude Pekela;Gelmswijk;9665RR;4;;262250;568350;23.32;Vervaardiging van keramische producten voor de bouw (geen tegels en plavuizen);Overige industrie;Bouwmaterialenindustrie;CO2;9.13248;0.0;0.0;4.414;5.436;5.265;5.835;5.516;5.546;Bouwmaterialenindustrie;83.544221;83.544221;BouwMaterialen;2;SandyBrown;2024;BU07650000;GM0765;9665.0;9665RR;BU07650000;GM0765;9665.0;9665RR;BU07650000;GM0765;9665.0;9665RR;False;False;False;53.091249704519576;6.988188673971382;WarmteAtlas:CO2EmissieBedrijven;;;
87;NL;;10500;Campina;Gouda;Nieuwe Gouwe O.Z.;2801SB;6;;106800;447800;10.50;Vervaardiging van zuivelprodukten;Overige industrie;Voedings- en genotmiddelenindustrie;CO2;16.228044;0.0;0.0;0.0;0.0;0.0;0.0;0.0;0.0;Voedings- en genotmiddelenindustrie;0.0;0.0;Voeding;0;Green;2024;BU05130105;GM0513;2801.0;2801DD;BU05130105;GM0513;2801.0;2801DD;BU05130105;GM0513;2801.0;2801DD;False;False;False;52.01646092842033;4.685050388131829;WarmteAtlas:CO2EmissieBedrijven;;;
88;NL;;105001;ChemCom Industries B.V.;Farmsum;Oosterhorn;9936HD;10;;260126;593401;20.16;Vervaardiging van kunststof in primaire vorm;Chemische Industrie;Chemische Industrie basisproducten;CO2;0.0;0.0;7.2475;7.652003;6.021551;7.19032;5.6137;4.1946;4.6007;Chemische Industrie;62.475158;62.475158;Chemie;2;Magenta;2024;BU19790831;GM1979;9936.0;9936HD;BU19790831;GM1979;9936.0;9936HD;BU19790831;GM1979;9936.0;9936HD;False;False;False;53.316697663964405;6.964681697320995;WarmteAtlas:CO2EmissieBedrijven;;;
89;NL;;105002;Koninklijke Nedalco BV (Farmsum);Farmsum;Melasseweg;9936CX;1;;258400;594200;11.01;Vervaardiging van sterk alcoholische dranken door distilleren, rectificeren en mengen;Overige industrie;Voedings- en genotmiddelenindustrie;CO2;0.0;18.272;0.0;0.0;0.0;0.0;0.0;0.0;0.0;Voedings- en genotmiddelenindustrie;0.0;0.0;Voeding;0;Green;2024;BU19790831;GM1979;9936.0;9936CX;BU19790831;GM1979;9936.0;9936CX;BU19790831;GM1979;9936.0;9936CX;False;False;False;53.32421175091498;6.93904981938688;WarmteAtlas:CO2EmissieBedrijven;;;
90;NL;;105004;Teijin Aramid BV (Farmsum);Farmsum;Oosterhorn;9930AD;6;;258810;593450;20.60;Vervaardiging van synthetische en kunstmatige vezels;Chemische Industrie;Chemische Industrie overig;CO2;0.0;0.0;19.216;16.906;17.779;13.86;18.798;16.693755;19.349105;Chemische Industrie;262.750966;262.750966;Chemie;2;Magenta;2024;BU19790831;GM1979;9936.0;9936HK;BU19790831;GM1979;9936.0;9936HK;BU19790831;GM1979;9936.0;9936HK;False;False;False;53.31739529284175;6.944957402478878;WarmteAtlas:CO2EmissieBedrijven;;;
91;NL;;105006;QEW Engineered Rubber B.V.;Hoogezand;Foxham;9601LE;57;;245480;576400;22.19;Vervaardiging van overige producten van rubber;Overige industrie;Rubber- en kunstofverw. Industrie;CO2;0.0;3.161;0.0;0.0;0.0;0.0;0.0;0.0;0.0;Overig;0.0;0.0;Overige;0;Gray;2024;BU19520107;GM1952;9601.0;9601LE;BU19520107;GM1952;9601.0;9601LE;BU19520107;GM1952;9601.0;9601LE;False;False;False;53.16665365536258;6.740182466968811;WarmteAtlas:CO2EmissieBedrijven;;;
92;NL;;105007;FrieslandCampina Cheese Marum;Marum;Noorderringweg;9363HA;33;;213000;573000;10.51;Vervaardiging van zuivelproducten (geen consumptie-ijs);Overige industrie;Voedings- en genotmiddelenindustrie;CO2;0.0;8.019;10.249506;9.508387;9.170334;9.004535;8.259373;9.04048;8.6025;Voedings- en genotmiddelenindustrie;134.23671;134.23671;Voeding;2;Green;2024;BU19691100;GM1969;9363.0;9363EW;BU19691100;GM1969;9363.0;9363EW;BU19691100;GM1969;9363.0;9363EW;False;False;False;53.14060185219881;6.253956296066304;WarmteAtlas:CO2EmissieBedrijven;;;
93;NL;;105008;Hydro Extrusion Hoogezand B.V.;Hoogezand;Nijverheidsweg;9601LX;9;;245350;576300;24.42;Vervaardiging van aluminium;Overige industrie;Basismetaal;CO2;1.825428;3.012;0.0;3.035965;0.0;3.633782;0.0;0.0;0.0;Basismetaal;0.0;0.0;Basismetaal;0;Black;2024;BU19520107;GM1952;9601.0;9601LJ;BU19520107;GM1952;9601.0;9601LJ;BU19520107;GM1952;9601.0;9601LJ;False;False;False;53.16577720759736;6.738211025438852;WarmteAtlas:CO2EmissieBedrijven;;;
94;NL;;105011;North Refinery;Farmsum;Oosterwierum;9936HJ;25;;261327;591640;32.99.9;Vervaardiging van overige goederen n.e.g.;Afvalverwijdering;Overige afvalbedrijven;CO2;0.0;0.0;9.725619;0.0;0.0;0.0;0.0;0.0;0.0;Overig;0.0;0.0;Afval;0;Maroon;2024;BU19790831;GM1979;9936.0;9936HJ;BU19790831;GM1979;9936.0;9936HJ;BU19790831;GM1979;9936.0;9936HJ;False;False;False;53.30064181285386;6.982111287713063;WarmteAtlas:CO2EmissieBedrijven;;;
95;NL;;105014;Brunner Mond;Farmsum;OOSTERHORN;9936AD;4;;259000;593700;20.13;Vervaardiging van overige anorganische basischemicaliën;Chemische Industrie;Chemische Industrie basisproducten;CO2;0.0;0.0;0.0;0.0;0.0;0.0;0.0;0.0;0.0;Chemische Industrie;0.0;0.0;Chemie;0;Magenta;2024;BU19790831;GM1979;9936.0;9936HD;BU19790831;GM1979;9936.0;9936HD;BU19790831;GM1979;9936.0;9936HD;False;False;False;53.31960394489397;6.947888802731272;WarmteAtlas:CO2EmissieBedrijven;;;
96;NL;;105016;Nobian Industrial Chemicals B.V.;Farmsum;Oosterhorn;9936HD;4;;259000;593700;20.13;Vervaardiging van overige anorganische basischemicaliën;Chemische Industrie;Chemische Industrie basisproducten;CO2;84.467515;6.356675;2.312172;0.0;2.292985;2.110833;1.859773;1.564;0.0;Chemische Industrie;0.0;0.0;Chemie;0;Magenta;2024;BU19790831;GM1979;9936.0;9936HD;BU19790831;GM1979;9936.0;9936HD;BU19790831;GM1979;9936.0;9936HD;False;False;False;53.31960394489397;6.947888802731272;WarmteAtlas:CO2EmissieBedrijven;;;
97;NL;;105019;Friesland Foods Western Europe (Groningen);Groningen;SCANDINAVIEWEG;9723AV;13;;235540;581660;10.51;Vervaardiging van zuivelproducten (geen consumptie-ijs);Overige industrie;Voedings- en genotmiddelenindustrie;CO2;0.0;6.368;0.0;0.0;0.0;0.0;0.0;0.0;0.0;Voedings- en genotmiddelenindustrie;0.0;0.0;Voeding;0;Green;2024;BU00140502;GM0014;9723.0;9723BW;BU00140502;GM0014;9723.0;9723BW;BU00140512;GM0014;9723.0;9723BW;True;False;False;53.21549441824194;6.592896590318094;WarmteAtlas:CO2EmissieBedrijven;;;
98;NL;;105027;Kisuma Chemicals BV;Veendam;Billitonweg;9641KZ;7;;255841;570713;20.59;Vervaardiging van overige chemische producten n.e.g.;Chemische Industrie;Chemische Industrie basisproducten;CO2;0.0;0.0;13.11736;11.680139;10.3928;14.1034;8.54;8.863832;10.3;Chemische Industrie;139.86874;139.86874;Chemie;2;Magenta;2024;BU00470006;GM0047;9641.0;9641KZ;BU00470006;GM0047;9641.0;9641KZ;BU00470006;GM0047;9641.0;9641KZ;False;False;False;53.1137179611698;6.893287664290836;WarmteAtlas:CO2EmissieBedrijven;;;
99;NL;;105029;Storteboom Kornhorn BV;Kornhorn;Provincialeweg;9864PG;70;;212511;577696;10.12;Pluimveeslachterijen;Overige industrie;Voedings- en genotmiddelenindustrie;CO2;0.0;0.0;0.0;2.177342;0.0;0.0;2.68;2.644;2.516;Voedings- en genotmiddelenindustrie;39.26063;39.26063;Voeding;2;Green;2024;BU19690202;GM1969;9864.0;9864PG;BU19690202;GM1969;9864.0;9864PG;BU19690202;GM1969;9864.0;9864PG;False;False;False;53.182847458312544;6.247487377680823;WarmteAtlas:CO2EmissieBedrijven;;;
151;NL;;11090;Koole Tankstorage Botlek B.V.;Botlek Rotterdam;Oude Maasweg;3197KJ;6;;81505;432967;52.10.1;Opslag in tanks;Handel, Diensten en Overheid (HDO);Energiegebruik en processen Handel, Diensten en Overheid (HDO);CO2;34.650712;27.977;30.1877;23.982074;36.01251;35.573851;38.43143;39.978834;41.196248;Overig;652.757451;652.757451;Overige;3;Gray;2024;BU05992306;GM0599;3197.0;3197KJ;BU05992306;GM0599;3197.0;3197KJ;BU05992306;GM0599;3197.0;3197KJ;False;False;False;51.880383331863946;4.319790354261033;WarmteAtlas:CO2EmissieBedrijven;;;
152;NL;;11092;Vopak Terminal Europoort BV;Europoort Rotterdam;Moezelweg;3198LS;75;;73700;436450;52.10;Opslag;Handel, Diensten en Overheid (HDO);Energiegebruik en processen Handel, Diensten en Overheid (HDO);CO2;0.0;5.709;0.0;0.0;0.0;0.0;0.0;0.0;0.0;Overig;0.0;0.0;Overige;0;Gray;2024;BU05992307;GM0599;3198.0;3198LS;BU05992307;GM0599;3198.0;3198LS;BU05992307;GM0599;3198.0;3198LS;False;False;False;51.9105994999801;4.20563338817157;WarmteAtlas:CO2EmissieBedrijven;;;
153;NL;LCP;11105;Heineken Nederland BV (Zoeterwoude);Zoeterwoude;Burgemeester Smeetsweg;2382PH;1;;97050;461400;11.05;Vervaardiging van bier;Overige industrie;Voedings- en genotmiddelenindustrie;CO2;72.712203;77.162013;54.617211;85.747496;73.956429;74.091099;72.143228;63.177475;61.858545;Voedings- en genotmiddelenindustrie;965.264495;965.264495;Voeding;3;Green;2024;BU06381011;GM0638;2382.0;2382PH;BU06381011;GM0638;2382.0;2382PH;BU06381011;GM0638;2382.0;2382PH;False;False;False;52.13775476988237;4.5407213904149435;WarmteAtlas:CO2EmissieBedrijven;;;
154;NL;;11109;Gieterij Hardinxveld BV;Hardinxveld-Giessendam;Rivierdijk;3371EN;827;;117280;426130;25.00;Vervaardiging van produkten van metaal (geen machines en apparaten);Overige industrie;Metaalelektro;CO2;0.09252;0.0;0.0;0.0;0.0;0.0;0.0;0.0;0.0;Metaalelektro;0.0;0.0;Overige;0;Gray;2024;BU05230102;GM0523;3371.0;3371DW;BU05230102;GM0523;3371.0;3371DW;BU05230102;GM0523;3371.0;3371DW;False;False;False;51.82250431746914;4.840085848621987;WarmteAtlas:CO2EmissieBedrijven;;;
155;NL;;11111;Ashland Industries Nederland B.V.;Zwijndrecht;Noordweg;3336LH;9;;102050;424450;20.16;Vervaardiging van kunststof in primaire vorm;Chemische Industrie;Chemische Industrie basisproducten;CO2;10.669496;19.89;24.764057;18.338534;15.8753;18.023;17.1734;13.3637;17.2129;Chemische Industrie;233.742393;233.742393;Chemie;2;Magenta;2024;BU06420701;GM0642;3336.0;3336LH;BU06420701;GM0642;3336.0;3336LH;BU06420701;GM0642;3336.0;3336LH;False;False;False;51.80616744525375;4.6194530012733805;WarmteAtlas:CO2EmissieBedrijven;;;
156;NL;;11153;Haagsche Verzinkerij Zichtenburg BV;Den Haag;Zinkwerf;2544EE;10;;76850;451550;25.60;"Oppervlaktebehandeling en bekleding van metaal; algemene metaalbewerking";Overige industrie;Metaalelektro;CO2;0.36108;0.0;0.0;0.0;0.0;0.0;0.0;0.0;0.0;Metaalelektro;0.0;0.0;Overige;0;Gray;2024;BU05181785;GM0518;2544.0;2544EE;BU05181785;GM0518;2544.0;2544EE;BU05181785;GM0518;2544.0;2544EE;False;False;False;52.0467505487017;4.247964084692691;WarmteAtlas:CO2EmissieBedrijven;;;
157;NL;;112101;Groenvoerdrogerij Flevoland BV;Dronten;Dronterweg;8250AA;29;;173380;503300;10.90;Vervaardiging van diervoeder;Overige industrie;Voedings- en genotmiddelenindustrie;CO2;0.0;10.618;0.0;0.0;0.0;0.0;0.0;0.0;0.0;Voedings- en genotmiddelenindustrie;0.0;0.0;Voeding;0;Green;2024;BU03030550;GM0303;8251.0;8251PA;BU03030550;GM0303;8251.0;8251PA;BU03030550;GM0303;8251.0;8251PA;False;False;False;52.517064043236445;5.657983080590702;WarmteAtlas:CO2EmissieBedrijven;;;
158;NL;;11230;Damen Verolme B.V.;Botlek Rotterdam;Professor Gerbrandyweg;3197KK;25;;79750;434250;33.15;Reparatie en onderhoud van schepen;Overige industrie;Metaalelektro;CO2;1.374;0.0;3.815249;2.004584;0.80294;0.641535;0.639894;0.666427;0.806261;Metaalelektro;12.681603;12.681603;Overige;1;Gray;2024;BU05992306;GM0599;3197.0;3197KK;BU05992306;GM0599;3197.0;3197KK;BU05992306;GM0599;3197.0;3197KK;False;False;False;51.89167925435469;4.294025635627797;WarmteAtlas:CO2EmissieBedrijven;;;
159;NL;;11235;RZB Holding BV;Rotterdam;Eemhavenweg;3089KG;26;;88143;434037;33.15;Reparatie en onderhoud van schepen;Overige industrie;Metaalelektro;CO2;0.0;0.0;0.0;0.081808;0.013578;0.015631;0.011609;0.011918;0.014084;Metaalelektro;0.221526;0.221526;Overige;1;Gray;2024;BU05992196;GM0599;3089.0;3089KG;BU05992196;GM0599;3089.0;3089KG;BU05992196;GM0599;3089.0;3089KG;False;False;False;51.890836074902445;4.415976557155791;WarmteAtlas:CO2EmissieBedrijven;;;
160;NL;;113;VDL Nedcar BV;Born;Dr. Hub van Doorneweg;6121RD;1;;186200;339300;29.10;Vervaardiging van auto's;Overige industrie;Metaalelektro;CO2;35.586449;32.0;13.390822;15.920965;21.243155;22.045044;17.741754;19.842198;3.699902;Metaalelektro;58.195409;58.195409;Overige;2;Gray;2024;BU18830609;GM1883;6121.0;6121RD;BU18830609;GM1883;6121.0;6121RD;BU18830609;GM1883;6121.0;6121RD;False;False;False;51.0424409887416;5.832064288573536;WarmteAtlas:CO2EmissieBedrijven;;;
161;NL;;11334;Maasvlakte Olie Terminal CV;Maasvlakte Rotterdam;Europaweg;3199LD;975;;63880;443720;52.00;Opslag en dienstverlening voor vervoer;Handel, Diensten en Overheid (HDO);Energiegebruik en processen Handel, Diensten en Overheid (HDO);CO2;0.648;0.0;0.0;0.0;0.0;0.0;0.0;0.0;0.0;Overig;0.0;0.0;Overige;0;Gray;2024;BU05992308;GM0599;3199.0;3199LZ;BU05992308;GM0599;3199.0;3199LZ;BU05992308;GM0599;3199.0;3199LZ;False;False;False;51.97440836973125;4.0610214670831;WarmteAtlas:CO2EmissieBedrijven;;;
162;NL;;11355;Haagse Asfalt Centrale;'s-Gravenhage;Zonweg;2516AK;23;;83600;453700;23.00;Vervaardiging van overige niet-metaalhoudende minerale producten;Overige industrie;Bouwmaterialenindustrie;CO2;2.478;0.0;0.0;0.0;0.0;0.0;0.0;0.0;0.0;Bouwmaterialenindustrie;0.0;0.0;BouwMaterialen;0;SandyBrown;2024;BU05183960;GM0518;2516.0;2516AG;BU05183960;GM0518;2516.0;2516AG;BU05183960;GM0518;2516.0;2516AG;False;False;False;52.06698293275336;4.345897175651988;WarmteAtlas:CO2EmissieBedrijven;;;
163;NL;;11358;Koninklijke Wegenbouw Stevin BV (Rotterdam);Rotterdam;Giessenweg;3044AL;4;-6;89100;438000;42.00;Grond-, water- en wegenbouw (geen grondverzet);Bouw;Overig bouw;CO2;3.678336;0.0;0.0;0.0;0.0;0.0;0.0;0.0;0.0;Overig;0.0;0.0;Overige;0;Gray;2024;BU05991853;GM0599;3044.0;3044AL;BU05991853;GM0599;3044.0;3044AL;BU05991853;GM0599;3044.0;3044AL;False;False;False;51.92656661710944;4.429118190551848;WarmteAtlas:CO2EmissieBedrijven;;;
164;NL;;11361;AC Gouda;Gouda;Gouderaksedijk;2808NG;34;;108850;446600;23.00;Vervaardiging van overige niet-metaalhoudende minerale producten;Overige industrie;Bouwmaterialenindustrie;CO2;3.688312;0.0;0.0;0.0;0.0;0.0;0.0;0.0;0.0;Bouwmaterialenindustrie;0.0;0.0;BouwMaterialen;0;SandyBrown;2024;BU05130809;GM0513;2808.0;2808NG;BU05130809;GM0513;2808.0;2808NG;BU05130809;GM0513;2808.0;2808NG;False;False;False;52.00585008272234;4.7150734529466245;WarmteAtlas:CO2EmissieBedrijven;;;
165;NL;;11366;LANXESS Chemical B.V.;Botlek Rotterdam;Montrealweg;3197KH;15;;77444;433673;20.14.9;Vervaardiging van organische basischemicaliën (geen petrochemische producten);Chemische Industrie;Chemische Industrie basisproducten;CO2;251.26408;0.0;102.980245;58.38117;77.19697;76.553935;57.285865;70.6182;78.645936;Chemische Industrie;1067.971652;1067.971652;Chemie;3;Magenta;2024;BU05992306;GM0599;3197.0;3197KH;BU05992306;GM0599;3197.0;3197KH;BU05992306;GM0599;3197.0;3197KH;False;False;False;51.88617738536278;4.260661729053218;WarmteAtlas:CO2EmissieBedrijven;;;
166;NL;LCP;114001;Maxima-centrale;Lelystad;IJsselmeerdijk;8221RC;101;;164694;509969;35.11.1;Productie van elektriciteit door thermische, kern- en warmtekrachtcentrales;Energiesector;Opwekking electriciteit;CO2;1101.03418;0.0;1050.879719;1233.372986;1789.174395;949.882378;1221.772264;970.214404;1167.327316;Opwekking electriciteit;8171.291212;0.0;Energy;5;Yellow;2024;BU09951018;GM0995;8221.0;8221RC;BU09951018;GM0995;8221.0;8221RC;BU09951018;GM0995;8221.0;8221RC;False;False;False;52.57722290437191;5.530213954115616;WarmteAtlas:CO2EmissieBedrijven;;;
167;NL;LCP;114002;Vattenfall Power Generation B.V. (HWC Hogering/WKC Almere);Almere;Markerkant;1314AK;1210;;143323;488954;35.11.1;Productie van elektriciteit door thermische, kern- en warmtekrachtcentrales;Energiesector;Opwekking electriciteit;CO2;93.164;0.0;364.767739;11.174759;4.460116;10.791;7.89646;3.242777;10.837086;Opwekking electriciteit;75.859602;0.0;Energy;2;Yellow;2024;BU00343501;GM0034;1314.0;1314AK;BU00343501;GM0034;1314.0;1314AK;BU00343501;GM0034;1314.0;1314AK;False;False;False;52.38831600994468;5.215676334111433;WarmteAtlas:CO2EmissieBedrijven;;;
168;NL;;11406;Fabriek van Klinknagels & Schroefbouten BV v/h Joh. Smit-Ridderkerk;Ridderkerk;Ringdijk;2983GS;400;;101990;433500;25.50;"Smeden, persen, stampen en profielwalsen van metaal; poedermetallurgie";Overige industrie;Metaalelektro;CO2;1.3888;0.0;0.0;0.0;0.0;0.0;0.0;0.0;0.0;Metaalelektro;0.0;0.0;Overige;0;Gray;2024;BU05970600;GM0597;2983.0;2983GW;BU05970600;GM0597;2983.0;2983GW;BU05970600;GM0597;2983.0;2983GW;False;False;False;51.88750023413825;4.617193765239655;WarmteAtlas:CO2EmissieBedrijven;;;
169;NL;;11409;E.ON Benelux Generation NV (Centrale Delft);Delft;Energieweg;2627AZ;20;;85080;444880;35.11.1;Productie van elektriciteit door thermische, kern- en warmtekrachtcentrales;Energiesector;Opwekking electriciteit;CO2;3.681432;2.4;0.0;0.0;0.0;0.0;0.0;0.0;0.0;Opwekking electriciteit;0.0;0.0;Energy;0;Yellow;2024;BU05032703;GM0503;2627.0;2627AN;BU05032703;GM0503;2627.0;2627AN;BU05032703;GM0503;2627.0;2627AN;False;False;False;51.98790674345569;4.369281038713636;WarmteAtlas:CO2EmissieBedrijven;;;
170;NL;;11413;Damen Ship Repair Rotterdam (locatie Pernis);Rotterdam;Pastoriestraat;3195HT;1;;87000;433650;33.15;Reparatie en onderhoud van schepen;Overige industrie;Metaalelektro;CO2;0.0;0.0;0.0;0.520336;0.0;0.0;0.0;0.0;0.0;Metaalelektro;0.0;0.0;Overige;0;Gray;2024;BU05992196;GM0599;3195.0;3195HT;BU05992196;GM0599;3195.0;3195HT;BU05992196;GM0599;3195.0;3195HT;False;False;False;51.88721960756934;4.399451008179845;WarmteAtlas:CO2EmissieBedrijven;;;
171;NL;;11465;Nam Locatie 'Brienenoord';Rotterdam;Brienenoordbrug;0.0;;;96860;435040;06.10;Winning van aardolie;Energiesector;Olie- gaswinning land;CO2;3.17088;0.0;0.0;0.0;0.0;0.0;0.0;0.0;0.0;Overig;0.0;0.0;Overige;0;Gray;2024;BU05991283;GM0599;3077.0;3077AE;BU05991283;GM0599;3077.0;3077AE;BU05991283;GM0599;3077.0;3077AE;False;False;False;51.900828992605014;4.542424247758745;WarmteAtlas:CO2EmissieBedrijven;;;
172;NL;;11467;Maas Silo BV;Botlek Rotterdam;Montrealweg;3197KH;151;;78000;432800;52.10;Opslag;Handel, Diensten en Overheid (HDO);Energiegebruik en processen Handel, Diensten en Overheid (HDO);CO2;23.56796;0.0;0.0;0.0;0.0;0.0;0.0;0.0;0.0;Overig;0.0;0.0;Overige;0;Gray;2024;BU05992306;GM0599;3197.0;3197KC;BU05992306;GM0599;3197.0;3197KC;BU05992306;GM0599;3197.0;3197KC;False;False;False;51.87840897534451;4.268931477736168;WarmteAtlas:CO2EmissieBedrijven;;;
173;NL;;114709;McCain Foods Holland BV (Lelystad);Lelystad;Steenstraat;8211AG;9;;164429;505923;10.31;Vervaardiging van aardappelproducten;Overige industrie;Voedings- en genotmiddelenindustrie;CO2;0.0;0.0;0.0;0.0;24.25062;26.73462;26.295658;26.92262;26.75762;Voedings- en genotmiddelenindustrie;417.53618;417.53618;Voeding;3;Green;2024;BU09951084;GM0995;8211.0;8211AH;BU09951084;GM0995;8211.0;8211AH;BU09951084;GM0995;8211.0;8211AH;False;False;False;52.540865432792124;5.526189817846175;WarmteAtlas:CO2EmissieBedrijven;;;
174;NL;;114711;Yakult Europe B.V.;Almere;Schutsluisweg;1332EN;1;;145197;491088;10.51;Vervaardiging van zuivelproducten (geen consumptie-ijs);Overige industrie;Voedings- en genotmiddelenindustrie;CO2;0.0;0.0;0.0;1.428046;1.4966;1.551163;0.0;0.0;0.0;Voedings- en genotmiddelenindustrie;0.0;0.0;Voeding;0;Green;2024;BU00345702;GM0034;1332.0;1332EN;BU00345702;GM0034;1332.0;1332EN;BU00345702;GM0034;1332.0;1332EN;False;False;False;52.407531962110276;5.243141892675974;WarmteAtlas:CO2EmissieBedrijven;;;
175;NL;;114720;Sonac Almere B.V.;Almere;Bolderweg;1332AW;40;;146061;491635;10.11;Slachterijen (geen pluimvee-);Overige industrie;Voedings- en genotmiddelenindustrie;CO2;0.0;0.0;0.0;5.443828;4.847691;5.32349;5.197273;5.125849;4.917247;Voedings- en genotmiddelenindustrie;76.730611;76.730611;Voeding;2;Green;2024;BU00345701;GM0034;1332.0;1332AW;BU00345701;GM0034;1332.0;1332AW;BU00345701;GM0034;1332.0;1332AW;False;False;False;52.41246285687703;5.255824434678629;WarmteAtlas:CO2EmissieBedrijven;;;
176;NL;;114721;Gasunie (Alphen en Riel);Alphen;Dijksbaantje;5131PB;1;;125901;391599;35.12;Beheer en exploitatie van transportnetten voor elektriciteit, aardgas en warm water;Energiesector;Olie- gaswinning land;CO2;0.0;0.0;0.272071;0.083322;0.046814;0.0415;0.021868;0.0;0.0;Overig;0.0;0.0;Overige;0;Gray;2024;BU17230107;GM1723;5131.0;5131PB;BU17230107;GM1723;5131.0;5131PB;BU17230107;GM1723;5131.0;5131PB;False;False;False;51.51264514629886;4.968010008860454;WarmteAtlas:CO2EmissieBedrijven;;;
177;NL;;114722;RWZI Garmerwolde;Garmerwolde;Grasdijkweg;9798TC;2;;240747;585402;37.00;Afvalwaterinzameling en -behandeling;Riolering en waterzuiveringsinstallaties;Energiegebruik en processen Riolering en waterzuiveringsinstallaties;CO2;6.73093;8.095595;9.837353;11.224544;15.550864;14.821076;18.354055;13.962712;11.286146;Overig;178.829778;178.829778;RWZI;2;Bleu;2024;BU00141502;GM0014;9798.0;9798TC;BU00141502;GM0014;9798.0;9798TC;BU00141502;GM0014;9798.0;9798TC;False;False;False;53.248302815469486;6.671826442849692;WarmteAtlas:CO2EmissieBedrijven;;;
178;NL;;114723;RWZI Harderwijk;Harderwijk;Lorentzstraat;3846AV;5;;171615;485571;37.00;Afvalwaterinzameling en -behandeling;Riolering en waterzuiveringsinstallaties;Energiegebruik en processen Riolering en waterzuiveringsinstallaties;CO2;3.21673;3.624871;8.565471;8.115707;13.661358;12.429363;7.36212;31.379095;6.591641;Overig;104.445009;104.445009;RWZI;2;Bleu;2024;BU02431301;GM0243;3846.0;3846AV;BU02431301;GM0243;3846.0;3846AV;BU02431301;GM0243;3846.0;3846AV;False;False;False;52.35778342693128;5.631100688737251;WarmteAtlas:CO2EmissieBedrijven;;;
179;NL;;114724;RWZI Apeldoorn;Apeldoorn;Stadhoudersmolenweg;7317AX;40;;194906;472453;37.00;Afvalwaterinzameling en -behandeling;Riolering en waterzuiveringsinstallaties;Energiegebruik en processen Riolering en waterzuiveringsinstallaties;CO2;12.609549;11.087104;16.261415;10.086561;11.017772;9.825131;14.014603;8.11566;9.042214;Overig;143.274517;143.274517;RWZI;2;Bleu;2024;BU02000808;GM0200;7317.0;7317AX;BU02000808;GM0200;7317.0;7317AX;BU02000808;GM0200;7317.0;7317AX;False;False;False;52.23868887870044;5.971431510312612;WarmteAtlas:CO2EmissieBedrijven;;;
180;NL;;114725;RWZI Ede;Ede;Dwarsweg;6715AT;5;;171052;450259;37.00;Afvalwaterinzameling en -behandeling;Riolering en waterzuiveringsinstallaties;Energiegebruik en processen Riolering en waterzuiveringsinstallaties;CO2;2.858181;6.76249;7.866198;8.908442;9.853968;7.881617;6.736368;8.395084;11.501614;Overig;182.243886;182.243886;RWZI;2;Bleu;2024;BU02280306;GM0228;6715.0;6715AT;BU02280306;GM0228;6715.0;6715AT;BU02280306;GM0228;6715.0;6715AT;False;False;False;52.04042327619929;5.621163173057361;WarmteAtlas:CO2EmissieBedrijven;;;
181;NL;;114726;RWZI Nieuwgraaf;Duiven;Roelofshoeveweg;6921RG;10;;197283;442850;37.00;Afvalwaterinzameling en -behandeling;Riolering en waterzuiveringsinstallaties;Energiegebruik en processen Riolering en waterzuiveringsinstallaties;CO2;7.861168;7.920146;11.872657;14.232368;8.199871;7.413844;12.555984;18.857684;10.501586;Overig;166.398376;166.398376;RWZI;2;Bleu;2024;BU02260101;GM0226;6921.0;6921RG;BU02260101;GM0226;6921.0;6921RG;BU02260101;GM0226;6921.0;6921RG;False;False;False;51.97245242319944;6.002553852534194;WarmteAtlas:CO2EmissieBedrijven;;;
182;NL;;114727;RWZI Nijmegen;Weurt;Jonkerstraat;6551DK;42;a;183198;428959;37.00;Afvalwaterinzameling en -behandeling;Riolering en waterzuiveringsinstallaties;Energiegebruik en processen Riolering en waterzuiveringsinstallaties;CO2;6.697575;10.238311;12.587682;11.717088;13.476661;14.092718;13.33086;13.726649;13.368421;Overig;211.823575;211.823575;RWZI;2;Bleu;2024;BU02090306;GM0209;6551.0;6551DK;BU02090306;GM0209;6551.0;6551DK;BU02090306;GM0209;6551.0;6551DK;False;False;False;51.84849313879328;5.796440145566397;WarmteAtlas:CO2EmissieBedrijven;;;
183;NL;;114728;RWZI Nieuwveer;Breda;Biezenstraat;4823ZJ;7;;107969;404809;37.00;Afvalwaterinzameling en -behandeling;Riolering en waterzuiveringsinstallaties;Energiegebruik en processen Riolering en waterzuiveringsinstallaties;CO2;7.315407;10.717622;11.065958;12.315875;14.564049;14.116095;15.532653;15.503387;14.012742;Overig;222.032887;222.032887;RWZI;2;Bleu;2024;BU07580609;GM0758;4823.0;4823ZJ;BU07580609;GM0758;4823.0;4823ZJ;BU07580609;GM0758;4823.0;4823ZJ;False;False;False;51.63016520303981;4.707927061306593;WarmteAtlas:CO2EmissieBedrijven;;;
184;NL;;114729;RWZI Aarle-Rixtel;Aarle Rixtel;Bakelseweg;5735SC;2;;174147;390811;37.00;Afvalwaterinzameling en -behandeling;Riolering en waterzuiveringsinstallaties;Energiegebruik en processen Riolering en waterzuiveringsinstallaties;CO2;5.839948;5.313586;8.299262;5.226374;8.361196;5.852147;8.483342;7.660052;6.960031;Overig;110.282184;110.282184;RWZI;2;Bleu;2024;BU16590109;GM1659;5735.0;5735SC;BU16590109;GM1659;5735.0;5735SC;BU16590109;GM1659;5735.0;5735SC;False;False;False;51.505987779073855;5.662985907763804;WarmteAtlas:CO2EmissieBedrijven;;;
185;NL;;114730;RWZI Eindhoven;Eindhoven;Van Oldebarneveldlaan;5631AG;1;;163244;385678;37.00;Afvalwaterinzameling en -behandeling;Riolering en waterzuiveringsinstallaties;Energiegebruik en processen Riolering en waterzuiveringsinstallaties;CO2;27.458027;15.040361;7.661138;12.409486;13.385884;13.048638;14.488601;14.301559;9.841882;Overig;155.945315;155.945315;RWZI;2;Bleu;2024;BU07723370;GM0772;5631.0;5631AG;BU07723370;GM0772;5631.0;5631AG;BU07723370;GM0772;5631.0;5631AG;False;False;False;51.46011461624627;5.505824048007135;WarmteAtlas:CO2EmissieBedrijven;;;
186;NL;;114731;RWZI Utrecht;Utrecht;Zandpad;3552TJ;1;a;135871;457999;37.00;Afvalwaterinzameling en -behandeling;Riolering en waterzuiveringsinstallaties;Energiegebruik en processen Riolering en waterzuiveringsinstallaties;CO2;17.549823;19.163992;17.66022;14.553613;9.08671;10.812636;9.071921;8.071635;10.152939;Overig;160.874033;160.874033;RWZI;2;Bleu;2024;BU03440321;GM0344;3552.0;3552XD;BU03440321;GM0344;3552.0;3552TJ;BU03440321;GM0344;3552.0;3552TJ;False;False;False;52.109893143997944;5.107962088869565;WarmteAtlas:CO2EmissieBedrijven;;;
187;NL;;114732;Rioolwaterzuiveringsinstallatie (RWZI) Venlo;Venlo;Ubroekweg;5928NM;38;;208670;377205;37.00;Afvalwaterinzameling en -behandeling;Riolering en waterzuiveringsinstallaties;Energiegebruik en processen Riolering en waterzuiveringsinstallaties;CO2;5.240602;5.099167;7.190137;11.366126;10.779984;12.395867;10.664766;13.457881;14.162563;Overig;224.406811;224.406811;RWZI;2;Bleu;2024;BU09832803;GM0983;5928.0;5928NM;BU09832803;GM0983;5928.0;5928NM;BU09832803;GM0983;5928.0;5928NM;False;False;False;51.38146326320548;6.158137876754387;WarmteAtlas:CO2EmissieBedrijven;;;
188;NL;;114733;Rioolwaterzuiveringsinstallatie (RWZI) Hoensbroek;Hoensbroek;Klinkertstraat;6433PA;75;;192119;324888;37.00;Afvalwaterinzameling en -behandeling;Riolering en waterzuiveringsinstallaties;Energiegebruik en processen Riolering en waterzuiveringsinstallaties;CO2;3.511494;9.865231;10.727075;2.819629;3.67002;1.715391;3.725249;3.151223;2.630068;Overig;41.673613;41.673613;RWZI;2;Bleu;2024;BU09171300;GM0917;6433.0;6433PA;BU09171300;GM0917;6433.0;6433PA;BU09171300;GM0917;6433.0;6433PA;False;False;False;50.91254440789385;5.914973868747641;WarmteAtlas:CO2EmissieBedrijven;;;
189;NL;;114734;RWZI Enschede West;Enschede;Lonnekerbrugstraat;7547AM;175;;254284;472779;37.00;Afvalwaterinzameling en -behandeling;Riolering en waterzuiveringsinstallaties;Energiegebruik en processen Riolering en waterzuiveringsinstallaties;CO2;7.983883;14.381851;10.851553;11.68179;9.295922;5.787007;6.285108;5.264751;11.145859;Overig;176.606926;176.606926;RWZI;2;Bleu;2024;BU01530703;GM0153;7547.0;7547AM;BU01530703;GM0153;7547.0;7547AM;BU01530703;GM0153;7547.0;7547AM;False;False;False;52.23411950421019;6.8406389710887625;WarmteAtlas:CO2EmissieBedrijven;;;
190;NL;;114735;AWZI De Groote Lucht (Vlaardingen);Vlaardingen;Maassluisedijk;3133KA;175;;80388;435165;37.00;Afvalwaterinzameling en -behandeling;Riolering en waterzuiveringsinstallaties;Energiegebruik en processen Riolering en waterzuiveringsinstallaties;CO2;7.770579;6.906919;6.615885;7.603794;4.56546;4.639771;5.115514;5.520732;5.180689;Overig;82.088382;82.088382;RWZI;2;Bleu;2024;BU06220303;GM0622;3133.0;3133LA;BU06220303;GM0622;3133.0;3133LA;BU06220303;GM0622;3133.0;3133LA;False;False;False;51.89998819875721;4.303094224660595;WarmteAtlas:CO2EmissieBedrijven;;;
191;NL;;114736;RWZI Rotterdam-Dokhaven;Rotterdam;Bonn en Meeswerf;3087EH;205;;91503;434572;37.00;Afvalwaterinzameling en -behandeling;Riolering en waterzuiveringsinstallaties;Energiegebruik en processen Riolering en waterzuiveringsinstallaties;CO2;12.216285;13.1273;14.585286;16.069201;18.310391;18.017683;15.157267;16.192441;17.581832;Overig;278.585371;278.585371;RWZI;2;Bleu;2024;BU05991574;GM0599;3087.0;3087EH;BU05991574;GM0599;3087.0;3087EH;BU05991574;GM0599;3087.0;3087EH;False;False;False;51.896037617134326;4.464682174795512;WarmteAtlas:CO2EmissieBedrijven;;;
192;NL;;114737;AWZI Kralingseveer;Capelle aan den IJssel;Rivium Promenade;2909LM;27;;96837;435900;37.00;Afvalwaterinzameling en -behandeling;Riolering en waterzuiveringsinstallaties;Energiegebruik en processen Riolering en waterzuiveringsinstallaties;CO2;8.924523;9.574341;6.882844;9.742707;9.718957;10.132717;10.246171;9.407472;10.799802;Overig;171.12363;171.12363;RWZI;2;Bleu;2024;BU05020996;GM0502;2909.0;2909LM;BU05020996;GM0502;2909.0;2909LM;BU05020996;GM0502;2909.0;2909LM;False;False;False;51.90855581854515;4.541944798963481;WarmteAtlas:CO2EmissieBedrijven;;;
193;NL;;114739;RWZI Oost;Amsterdam;0.0;0.0;;;126501;487199;37.00;Afvalwaterinzameling en -behandeling;Riolering en waterzuiveringsinstallaties;Energiegebruik en processen Riolering en waterzuiveringsinstallaties;CO2;6.330758;18.540021;0.0;0.0;0.0;0.0;0.0;0.0;0.0;Overig;0.0;0.0;RWZI;0;Bleu;2024;BU0363MH02;GM0363;1095.0;1095MD;BU0363MH02;GM0363;1095.0;1095MD;BU0363MH02;GM0363;1095.0;1095MD;False;False;False;52.37192770420181;4.968724679958768;WarmteAtlas:CO2EmissieBedrijven;;;
194;NL;;114740;Rioolwaterzuiveringsinstallatie (RWZI) Susteren;Susteren;Baakhoverweg;6114RG;47;a;186293;341540;37.00;Afvalwaterinzameling en -behandeling;Riolering en waterzuiveringsinstallaties;Energiegebruik en processen Riolering en waterzuiveringsinstallaties;CO2;3.316789;10.589798;19.40447;14.661184;15.830908;16.547138;18.415884;6.842996;6.505017;Overig;103.072449;103.072449;RWZI;2;Bleu;2024;BU17110107;GM1711;6114.0;6114RG;BU17110160;GM1711;6114.0;6114RG;BU17110160;GM1711;6114.0;6114RG;True;False;False;51.06257029418738;5.833585389415727;WarmteAtlas:CO2EmissieBedrijven;;;
195;NL;;114741;RWZI Amersfoort;Amersfoort;Neonweg;3812RH;30;;152361;465119;37.00;Afvalwaterinzameling en -behandeling;Riolering en waterzuiveringsinstallaties;Energiegebruik en processen Riolering en waterzuiveringsinstallaties;CO2;3.015837;5.475803;8.790451;8.814315;10.207915;10.859673;13.051153;11.691327;13.150936;Overig;208.377509;208.377509;RWZI;2;Bleu;2024;BU03420702;GM0342;3768.0;3768MS;BU03420702;GM0342;3768.0;3768MS;BU03420702;GM0342;3768.0;3768MS;False;False;False;52.174211435575884;5.348624518339168;WarmteAtlas:CO2EmissieBedrijven;;;
196;NL;;114743;RWZI Dinther;Heeswijk-Dinther;Hazelbergsestraat;5473XL;5;;164847;405339;37.00;Afvalwaterinzameling en -behandeling;Riolering en waterzuiveringsinstallaties;Energiegebruik en processen Riolering en waterzuiveringsinstallaties;CO2;6.408826;5.561075;7.628823;6.163031;8.274966;7.455116;5.523169;6.618302;6.130615;Overig;97.140028;97.140028;RWZI;2;Bleu;2024;BU17210504;GM1721;5473.0;5473XL;BU17210504;GM1721;5473.0;5473XL;BU17210504;GM1721;5473.0;5473XL;False;False;False;51.63681338639693;5.529442554151915;WarmteAtlas:CO2EmissieBedrijven;;;
197;NL;LCP;114744;Elsta BV & Co. CV;Hoek;Herbert H. Dowweg;4542NM;5;d;42898;372783;35.11.1;Productie van elektriciteit door thermische, kern- en warmtekrachtcentrales;Energiesector;Opwekking electriciteit;CO2;0.0;1657.711;1693.6052;1101.111;0.0;0.0;0.0;0.0;0.0;Opwekking electriciteit;0.0;0.0;Energy;0;Yellow;2024;BU07150601;GM0715;4542.0;4542NM;BU07150601;GM0715;4542.0;4542NM;BU07150601;GM0715;4542.0;4542NM;False;False;False;51.333159116116086;3.7785559798783455;WarmteAtlas:CO2EmissieBedrijven;;;
198;NL;;114745;Komeco B.V.;Dronten;Colijnweg;8251PK;2;;179687;509638;28.25;Vervaardiging van machines en apparaten voor industriële koeltechniek en klimaatregeling;Chemische Industrie;Chemische Industrie kunstmeststoffen;CO2;0.0;0.0;0.165819;0.0;0.0;0.0;0.0;0.0;0.0;Chemische Industrie;0.0;0.0;Chemie;0;Magenta;2024;BU03030550;GM0303;8251.0;8251PK;BU03030550;GM0303;8251.0;8251PK;BU03030550;GM0303;8251.0;8251PK;False;False;False;52.573775582630404;5.751367725212565;WarmteAtlas:CO2EmissieBedrijven;;;
199;NL;;114747;Gasunie LNG;Maasvlakte Rotterdam;Missouriweg;3199LB;55;;64259;440368;35.12;Beheer en exploitatie van transportnetten voor elektriciteit, aardgas en warm water;Energiesector;Olie- gaswinning land;CO2;0.0;0.0;0.942315;8.906992;0.545304;0.673394;0.709765;0.697978;0.664609;Overig;10.530776;10.530776;Overige;1;Gray;2024;BU05992308;GM0599;3199.0;3199LB;BU05992308;GM0599;3199.0;3199LB;BU05992308;GM0599;3199.0;3199LB;False;False;False;51.94434845492627;4.06742213096493;WarmteAtlas:CO2EmissieBedrijven;;;
200;NL;;114753;Campo Coprint B.V.;Brummen;Mercuriusweg;6971GV;1;;207354;457213;17.12;Vervaardiging van papier en karton;Overige industrie;Papier(waren);CO2;0.0;0.0;0.0;0.0;0.0;0.0;0.0;0.0;0.0;Papier(waren);0.0;0.0;Papier;0;White;2024;BU02130307;GM0213;6971.0;6971GV;BU02130307;GM0213;6971.0;6971GV;BU02130307;GM0213;6971.0;6971GV;False;False;False;52.100680945080576;6.151307376264243;WarmteAtlas:CO2EmissieBedrijven;;;
201;NL;;114754;Tarkett B.V.;Waalwijk;Taxandriaweg;5142PA;15;;133500;411600;13.93;Vervaardiging van vloerkleden en tapijt;Overige industrie;Textiel- en tapijtindustrie;CO2;0.0;0.0;0.0;0.0;0.0;0.0;0.0;0.0;0.0;Overig;0.0;0.0;Overige;0;Gray;2024;BU08670002;GM0867;5142.0;5142EC;BU08670002;GM0867;5142.0;5142EC;BU08670002;GM0867;5142.0;5142EC;False;False;False;51.692764748180004;5.076247479573483;WarmteAtlas:CO2EmissieBedrijven;;;
202;NL;;114755;Synthomer Hasselt BV;Hasselt;Randweg;8061RW;16;;203000;510300;46.49.9;Groothandel in overige consumentenartikelen (non-food) n.e.g.;Overige industrie;Textiel- en tapijtindustrie;CO2;0.0;0.0;0.0;0.0;0.0;0.0;0.0;0.0;0.0;Overig;0.0;0.0;Overige;0;Gray;2024;BU18960203;GM1896;8061.0;8061RW;BU18960203;GM1896;8061.0;8061RW;BU18960203;GM1896;8061.0;8061RW;False;False;False;52.578171771649906;6.095338730400177;WarmteAtlas:CO2EmissieBedrijven;;;
203;NL;LCP;114757;Eurogen CV;Botlek Rotterdam;Merseyweg;3197KG;10;;77212;433504;35.11.1;Productie van elektriciteit door thermische, kern- en warmtekrachtcentrales;Energiesector;Opwekking electriciteit;CO2;0.0;0.0;464.514;481.494059;193.708089;175.882333;176.311258;127.775243;151.028927;Opwekking electriciteit;1057.202489;0.0;Energy;3;Yellow;2024;BU05992306;GM0599;3197.0;3197KG;BU05992306;GM0599;3197.0;3197KG;BU05992306;GM0599;3197.0;3197KG;False;False;False;51.88462624373999;4.2573305830815915;WarmteAtlas:CO2EmissieBedrijven;;;
204;NL;;114758;Farm Dairy;Lelystad;Kaapstanderweg;8243RB;50;;158900;501300;10.51;Vervaardiging van zuivelproducten (geen consumptie-ijs);Overige industrie;Voedings- en genotmiddelenindustrie;CO2;0.0;0.0;0.0;1.793776;0.0;1.76;1.86;1.99;2.100922;Voedings- en genotmiddelenindustrie;32.783594;32.783594;Voeding;2;Green;2024;BU09950881;GM0995;8243.0;8243RB;BU09950881;GM0995;8243.0;8243RB;BU09950881;GM0995;8243.0;8243RB;False;False;False;52.49938482768072;5.444637366990299;WarmteAtlas:CO2EmissieBedrijven;;;
205;NL;;114762;Tapijtfabriek Intercarpet B.V.;Aalten;Tweede Broekdijk;7122LB;1;;236600;437100;13.93;Vervaardiging van vloerkleden en tapijt;Overige industrie;Textiel- en tapijtindustrie;CO2;0.0;0.0;0.0;0.0;0.0;0.0;0.0;0.0;0.0;Overig;0.0;0.0;Overige;0;Gray;2024;BU01970302;GM0197;7122.0;7122LB;BU01970302;GM0197;7122.0;7122LB;BU01970302;GM0197;7122.0;7122LB;False;False;False;51.91639362287768;6.573285118751472;WarmteAtlas:CO2EmissieBedrijven;;;
206;NL;;114763;De Ploeg BV;Bergeyk;Riethovensedijk;5571CR;20;;153300;370700;13.20;Weven van textiel;Overige industrie;Textiel- en tapijtindustrie;CO2;0.0;0.0;0.0;0.0;0.0;0.0;0.0;0.0;0.0;Overig;0.0;0.0;Overige;0;Gray;2024;BU17240008;GM1724;5571.0;5571CR;BU17240008;GM1724;5571.0;5571CR;BU17240008;GM1724;5571.0;5571CR;False;False;False;51.32553980426103;5.362811210741901;WarmteAtlas:CO2EmissieBedrijven;;;
207;NL;;114766;Deco-Tricot International B.V.;Sittard;Holleweg;6163AA;29;;188000;334100;13.91;Vervaardiging van gebreide en gehaakte stoffen;Overige industrie;Textiel- en tapijtindustrie;CO2;0.0;0.0;0.0;0.0;0.0;0.0;0.0;0.0;0.0;Overig;0.0;0.0;Overige;0;Gray;2024;BU18830102;GM1883;6134.0;6134AK;BU18830102;GM1883;6134.0;6134AK;BU18830102;GM1883;6134.0;6134AK;False;False;False;50.9955992058801;5.857251964130012;WarmteAtlas:CO2EmissieBedrijven;;;
208;NL;;114767;Delfluent Services BV;Den Haag;Houtrustweg;2566GJ;120;;78197;456183;37.00;Afvalwaterinzameling en -behandeling;Riolering en waterzuiveringsinstallaties;Energiegebruik en processen Riolering en waterzuiveringsinstallaties;CO2;22.988644;38.831556;9.918163;11.736617;11.162768;6.851891;4.072673;4.898668;5.19772;Overig;82.358234;82.358234;RWZI;2;Bleu;2024;BU05181309;GM0518;2566.0;2566GJ;BU05181309;GM0518;2566.0;2566GJ;BU05181309;GM0518;2566.0;2566GJ;False;False;False;52.08857403583939;4.266554197443477;WarmteAtlas:CO2EmissieBedrijven;;;
209;NL;;114768;MediaMotion Manufacturing BV;Uden;Industrielaan;5406XC;24;;172800;407600;18.20;Reproductie van opgenomen media;Overige industrie;Grafische industrie;CO2;0.0;0.0;0.0;0.0;0.0;0.0;0.0;0.0;0.0;Overig;0.0;0.0;Overige;0;Gray;2024;BU19910115;GM1991;5405.0;5405AM;BU19910115;GM1991;5405.0;5405AM;BU19910115;GM1991;5405.0;5405AM;False;False;False;51.65694008092363;5.644439077878468;WarmteAtlas:CO2EmissieBedrijven;;;
210;NL;;114770;Mitsubishi Chemical Advanced Materials B.V.;Almelo;Anthony Fokkerweg;7602PK;2;;240400;487500;22.21;Vervaardiging van platen, folie, buizen en profielen van kunststof;Overige industrie;Rubber- en kunstofverw. Industrie;CO2;0.0;0.0;0.0;0.0;0.0;0.0;0.0;0.0;0.0;Overig;0.0;0.0;Overige;0;Gray;2024;BU01411204;GM0141;7602.0;7602PK;BU01411204;GM0141;7602.0;7602PK;BU01411204;GM0141;7602.0;7602PK;False;False;False;52.368727879973704;6.641167338658737;WarmteAtlas:CO2EmissieBedrijven;;;
211;NL;;114771;Mauser Benelux BV;Oosterhout;Souvereinstraat;4903RH;1;;120000;404000;22.22;Vervaardiging van verpakkingsmiddelen van kunststof;Overige industrie;Rubber- en kunstofverw. Industrie;CO2;0.0;0.0;0.0;0.0;0.0;0.0;0.0;0.0;0.0;Overig;0.0;0.0;Overige;0;Gray;2024;BU08260800;GM0826;4903.0;4903RH;BU08260800;GM0826;4903.0;4903RH;BU08260800;GM0826;4903.0;4903RH;False;False;False;51.623773245302814;4.88176580830619;WarmteAtlas:CO2EmissieBedrijven;;;
212;NL;;114772;Dunlop Conveyor Belting;Drachten;Oliemolenstraat;9203ZN;2;;202128;569157;22.19;Vervaardiging van overige producten van rubber;Overige industrie;Rubber- en kunstofverw. Industrie;CO2;0.0;3.786;0.0;0.0;3.677;3.831;3.086;2.837;2.388;Overig;37.838028;37.838028;Overige;2;Gray;2024;BU00900008;GM0090;9203.0;9203ZN;BU00900802;GM0090;9203.0;9203ZN;BU00900802;GM0090;9203.0;9203ZN;True;False;False;53.10713645541103;6.090938094888152;WarmteAtlas:CO2EmissieBedrijven;;;
213;NL;;11478;Vopak Terminal Europoort Oost;Europoort Rotterdam;Neckarweg;3198LJ;5;;74600;436700;52.10;Opslag;Handel, Diensten en Overheid (HDO);Energiegebruik en processen Handel, Diensten en Overheid (HDO);CO2;3.372;9.652;0.0;0.0;0.0;0.0;0.0;0.0;0.0;Overig;0.0;0.0;Overige;0;Gray;2024;BU05992307;GM0599;3198.0;3198LJ;BU05992307;GM0599;3198.0;3198LJ;BU05992307;GM0599;3198.0;3198LJ;False;False;False;51.91297694944057;4.218652471042904;WarmteAtlas:CO2EmissieBedrijven;;;
214;NL;;114785;Romi Smilfood BV (Heerenveen);Heerenveen;Kruinder;8444DC;7;;193000;549500;10.42;Vervaardiging van margarine en overige spijsvetten;Overige industrie;Voedings- en genotmiddelenindustrie;CO2;0.0;0.0;1.599909;1.574;1.5524;0.0;2.022;1.778;1.777;Voedings- en genotmiddelenindustrie;27.728991;27.728991;Voeding;1;Green;2024;BU00740401;GM0074;8444.0;8444DC;BU00740401;GM0074;8444.0;8444DC;BU00740401;GM0074;8444.0;8444DC;False;False;False;52.93122709898006;5.952342659360777;WarmteAtlas:CO2EmissieBedrijven;;;
215;NL;;114792;DSM Limburg BV (Verbranding 2001);Geleen;Mijnweg;6167AC;1;;183900;331100;35.11.2;Productie van elektriciteit door windenergie;Energiesector;Opwekking electriciteit;CO2;0.0;2535.6715;0.0;0.0;0.0;0.0;0.0;0.0;0.0;Opwekking electriciteit;0.0;0.0;Energy;0;Yellow;2024;BU18830507;GM1883;6167.0;6167AE;BU18830507;GM1883;6167.0;6167AE;BU18830507;GM1883;6167.0;6167AE;False;False;False;50.96885564074594;5.798612543235612;WarmteAtlas:CO2EmissieBedrijven;;;
216;NL;;114804;Vleeswarenfabriek Persoon BV;Lisse;Grachtweg;2161HM;89;;98440;474524;10.13;Vleesverwerking (niet tot maaltijden);Overige industrie;Voedings- en genotmiddelenindustrie;CO2;0.0;0.0;0.0;0.721;0.0;0.748;0.0;0.0;0.0;Voedings- en genotmiddelenindustrie;0.0;0.0;Voeding;0;Green;2024;BU05530205;GM0553;2162.0;2162VW;BU05530205;GM0553;2162.0;2162VW;BU05530205;GM0553;2162.0;2162VW;False;False;False;52.255845436872;4.5588344540333505;WarmteAtlas:CO2EmissieBedrijven;;;
217;NL;;114814;Recycling Kombinatie Bouw- en Sloopafval Rotterdam;Vondelingenplaat Rotterdam;Vondelingenplaat;3196KL;17;;82415;433874;38.32;Gesorteerd materiaal voorbereiden tot recycling;Afvalverwijdering;Overige afvalbedrijven;CO2;0.0;0.0;0.0;19.690789;29.756515;49.811628;62.14323;65.808321;65.643834;Overig;1040.131173;1040.131173;Afval;3;Maroon;2024;BU05992295;GM0599;3196.0;3196KL;BU05992295;GM0599;3196.0;3196KL;BU05992295;GM0599;3196.0;3196KL;False;False;False;51.88865393285905;4.332813647768957;WarmteAtlas:CO2EmissieBedrijven;;;
218;NL;;114824;Pernis PVC Plant;Vondelingenplaat Rotterdam;Vondelingenweg;3196KK;601;;83345;432458;20.16;Vervaardiging van kunststof in primaire vorm;Chemische Industrie;Chemische Industrie basisproducten;CO2;1.0;1.0;1.0;1.0;1.0;1.0;1.0;1.0;0.0;Chemische Industrie;0.0;0.0;Chemie;0;Magenta;2024;BU05992295;GM0599;3196.0;3196KK;BU05992295;GM0599;3196.0;3196KD;BU05992295;GM0599;3196.0;3196KD;False;False;False;51.87604866506623;4.3466153199578;WarmteAtlas:CO2EmissieBedrijven;;;
219;NL;;11485;Vopak Terminal Chemiehaven BV;Botlek Rotterdam;Chemiestraat;3197KB;10;;78028;432399;52.10;Opslag;Handel, Diensten en Overheid (HDO);Energiegebruik en processen Handel, Diensten en Overheid (HDO);CO2;4.82976;0.1939;0.0;0.0;0.0;0.0;0.0;0.0;0.0;Overig;0.0;0.0;Overige;0;Gray;2024;BU05992306;GM0599;3197.0;3197KB;BU05992306;GM0599;3197.0;3197KB;BU05992306;GM0599;3197.0;3197KB;False;False;False;51.8748090929277;4.269427576476285;WarmteAtlas:CO2EmissieBedrijven;;;
220;NL;;11487;Koole Tankstorage Pernis BV;Vondelingenplaat Rotterdam;Tankhoofd;3196KE;2;;82934;434094;52.10;Opslag;Handel, Diensten en Overheid (HDO);Energiegebruik en processen Handel, Diensten en Overheid (HDO);CO2;12.32064;13.594;0.0;0.0;0.0;0.0;0.0;0.0;0.0;Overig;0.0;0.0;Overige;0;Gray;2024;BU05992295;GM0599;3196.0;3196KE;BU05992295;GM0599;3196.0;3196KE;BU05992295;GM0599;3196.0;3196KE;False;False;False;51.890698501071235;4.340305555225797;WarmteAtlas:CO2EmissieBedrijven;;;
221;NL;;11493;Shell Nederland Raffinaderij BV (Europoort Rotterdam);Europoort Rotterdam;Rijndwarsweg;3198LK;9;;69200;440600;19.20.1;Aardolieraffinage;Raffinaderijen;Raffinage en verwerking;CO2;12.4632;0.0;0.0;0.0;0.0;0.0;0.0;0.0;0.0;Raffinage en verwerking;0.0;0.0;Raffinage;0;Purple;2024;BU05992307;GM0599;3198.0;3198LG;BU05992307;GM0599;3198.0;3198LG;BU05992307;GM0599;3198.0;3198LG;False;False;False;51.94721787671175;4.139211708236578;WarmteAtlas:CO2EmissieBedrijven;;;
222;NL;;115026;Dokkumer Vlaggen Centrale BV;Dokkum;Holwerderweg;9101PA;25;;194494;593841;13.92;Vervaardiging van geconfectioneerde artikelen van textiel, geen kleding;Overige industrie;Textiel- en tapijtindustrie;CO2;0.0;0.0;0.0;0.0;0.0;0.0;0.0;0.0;0.0;Overig;0.0;0.0;Overige;0;Gray;2024;BU19700004;GM1970;9101.0;9101PA;BU19700004;GM1970;9101.0;9101PA;BU19700004;GM1970;9101.0;9101PA;False;False;False;53.32954126926262;5.979984966012674;WarmteAtlas:CO2EmissieBedrijven;;;
223;NL;LCP;115036;Lyondell Chemie Nederland B.V.;Maasvlakte Rotterdam;Australieweg;3199KB;7;;61001;443044;20.14.1;Vervaardiging van petrochemische producten;Chemische Industrie;Chemische Industrie basisproducten;CO2;0.0;0.0;11.677927;11.3315;10.685962;35.604282;48.368685;80.609605;122.512814;Chemische Industrie;1663.661455;1663.661455;Chemie;3;Magenta;2024;BU05992308;GM0599;3199.0;3199KB;BU05992308;GM0599;3199.0;3199KB;BU05992308;GM0599;3199.0;3199KB;False;False;False;51.96785399779722;4.019316286393815;WarmteAtlas:CO2EmissieBedrijven;;;
224;NL;;115037;Teijin Aramid BV (Arnhem);Arnhem;Westervoortsedijk;6827AV;73;;193000;442000;20.60;Vervaardiging van synthetische en kunstmatige vezels;Chemische Industrie;Chemische Industrie overig;CO2;0.0;0.0;0.0;0.747;0.615899;0.658;0.651;0.550108;0.38755;Chemische Industrie;5.262731;5.262731;Chemie;1;Magenta;2024;BU02020322;GM0202;6827.0;6827AV;BU02020322;GM0202;6827.0;6827AV;BU02020322;GM0202;6827.0;6827AV;False;False;False;51.9651224076677;5.940131448146848;WarmteAtlas:CO2EmissieBedrijven;;;
225;NL;;115039;Nouryon Functional Chemicals B.V.;Arnhem;WESTERVOORTSEDIJK;6827AV;73;;193000;442000;20.14.1;Vervaardiging van petrochemische producten;Chemische Industrie;Chemische Industrie basisproducten;CO2;1.0;1.0;1.0;1.0;1.0;1.0;1.0;1.0;0.0;Chemische Industrie;0.0;0.0;Chemie;0;Magenta;2024;BU02020322;GM0202;6827.0;6827AV;BU02020322;GM0202;6827.0;6827AV;BU02020322;GM0202;6827.0;6827AV;False;False;False;51.9651224076677;5.940131448146848;WarmteAtlas:CO2EmissieBedrijven;;;
226;NL;;115042;Dyka BV;Steenwijk;Produktieweg;8331LJ;7;;203517;533958;22.21;Vervaardiging van platen, folie, buizen en profielen van kunststof;Overige industrie;Rubber- en kunstofverw. Industrie;CO2;0.0;0.0;0.0;0.0;0.0;0.0;0.0;0.0;0.0;Overig;0.0;0.0;Overige;0;Gray;2024;BU17080007;GM1708;8331.0;8331LJ;BU17080007;GM1708;8331.0;8331LJ;BU17080007;GM1708;8331.0;8331LJ;False;False;False;52.79072514577348;6.106438245650308;WarmteAtlas:CO2EmissieBedrijven;;;
227;NL;;115047;Helvoet Rubber & Plastic Technologies BV;Hellevoetsluis;Sportlaan;3223EV;13;;69028;428298;22.19;Vervaardiging van overige producten van rubber;Overige industrie;Rubber- en kunstofverw. Industrie;CO2;0.0;0.0;1.08;0.0;0.0;0.0;0.0;0.0;0.0;Overig;0.0;0.0;Overige;0;Gray;2024;BU19920103;GM1992;3223.0;3223EV;BU19920103;GM1992;3223.0;3223EZ;BU19920103;GM1992;3223.0;3223EZ;False;False;False;51.836638752239864;4.139780642728105;WarmteAtlas:CO2EmissieBedrijven;;;
228;NL;;115048;Carlisle Construction Materials BV;Kampen;Industrieweg;8263AD;16;;189324;509060;46.73;Groothandel in hout, sanitair en overige bouwmaterialen;Overige industrie;Rubber- en kunstofverw. Industrie;CO2;0.0;0.0;0.0;0.0;0.0;0.0;0.0;0.0;0.0;Overig;0.0;0.0;Overige;0;Gray;2024;BU01660006;GM0166;8263.0;8263AD;BU01660006;GM0166;8263.0;8263AD;BU01660006;GM0166;8263.0;8263AD;False;False;False;52.56805994788333;5.893460690393207;WarmteAtlas:CO2EmissieBedrijven;;;
229;NL;;115049;Holonite BV (Tholen);Tholen;Ambachtsweg;4691SB;9;;74643;395657;23.61.1;Vervaardiging van producten van beton voor de bouw;Overige industrie;Rubber- en kunstofverw. Industrie;CO2;0.0;0.0;0.197;0.119;0.106;0.123;0.115;0.135;0.12;Overig;1.901408;1.901408;Overige;1;Gray;2024;BU07160000;GM0716;4691.0;4691SL;BU07160000;GM0716;4691.0;4691SL;BU07160000;GM0716;4691.0;4691SL;False;False;False;51.54413182418352;4.228771757981699;WarmteAtlas:CO2EmissieBedrijven;;;
230;NL;;115050;Holonite BV (Halsteren);Halsteren;Industrieweg;4661VN;1;;78190;393906;22.23;Vervaardiging van kunststofproducten voor de bouw;Overige industrie;Rubber- en kunstofverw. Industrie;CO2;0.0;0.0;0.17;0.000449;0.0;0.0;0.0;0.0;0.0;Overig;0.0;0.0;Overige;0;Gray;2024;BU07480405;GM0748;4661.0;4661VN;BU07480405;GM0748;4661.0;4661VN;BU07480405;GM0748;4661.0;4661VN;False;False;False;51.52889078243979;4.280279547790076;WarmteAtlas:CO2EmissieBedrijven;;;
231;NL;;115058;Perfon BV / Oerlemans Packaging BV;Goor;Nijverheidsweg;7471EW;13;;236252;473436;22.22;Vervaardiging van verpakkingsmiddelen van kunststof;Overige industrie;Rubber- en kunstofverw. Industrie;CO2;0.0;0.0;0.0;0.0;0.0;0.0;0.0;0.0;0.0;Overig;0.0;0.0;Overige;0;Gray;2024;BU17350102;GM1735;7471.0;7471GG;BU17350102;GM1735;7471.0;7471EV;BU17350102;GM1735;7471.0;7471EV;False;False;False;52.24297698167076;6.576883852293715;WarmteAtlas:CO2EmissieBedrijven;;;
232;NL;;115060;Plasticon The Netherlands BV;Hengelo;Havenkade;7553GN;46;;250100;474370;22.22;Vervaardiging van verpakkingsmiddelen van kunststof;Overige industrie;Rubber- en kunstofverw. Industrie;CO2;0.0;0.0;0.0;0.0;0.0;0.0;0.0;0.0;0.0;Overig;0.0;0.0;Overige;0;Gray;2024;BU01640603;GM0164;7553.0;7553GN;BU01640603;GM0164;7553.0;7553GN;BU01640603;GM0164;7553.0;7553GN;False;False;False;52.24915349020672;6.779853708037257;WarmteAtlas:CO2EmissieBedrijven;;;
233;NL;;115061;Polylac Holland B.V.;Leek;Mulderspark;9351NR;3;;220287;574442;22.20;Vervaardiging van produkten van kunststof;Overige industrie;Rubber- en kunstofverw. Industrie;CO2;0.0;0.0;0.0;0.0;0.0;0.0;0.0;0.0;0.0;Overig;0.0;0.0;Overige;0;Gray;2024;BU19690403;GM1969;9351.0;9351NR;BU19690403;GM1969;9351.0;9351NR;BU19690403;GM1969;9351.0;9351NR;False;False;False;53.15272074668627;6.363130283611248;WarmteAtlas:CO2EmissieBedrijven;;;
234;NL;;115063;Eagle Simrax BV;Kerkrade;Hopelerweg;6468XX;250;;201062;322187;22.19;Vervaardiging van overige producten van rubber;Overige industrie;Rubber- en kunstofverw. Industrie;CO2;0.0;0.0;0.353;0.251;0.183614;0.272686;0.19108;0.128867;0.034128;Overig;0.540761;0.540761;Overige;1;Gray;2024;BU08820020;GM0882;6372.0;6372PZ;BU08820020;GM0882;6372.0;6372PZ;BU08820020;GM0882;6372.0;6372PZ;False;False;False;50.88761716129362;6.041778812277211;WarmteAtlas:CO2EmissieBedrijven;;;
235;NL;;115064;Synprodo Produktie BV;Wijchen;Nieuweweg;6603BM;235;;180407;425144;22.23;Vervaardiging van kunststofproducten voor de bouw;Overige industrie;Rubber- en kunstofverw. Industrie;CO2;0.0;0.0;0.0;0.0;0.0;0.0;0.0;0.0;0.0;Overig;0.0;0.0;Overige;0;Gray;2024;BU02960117;GM0296;6603.0;6603BV;BU02960117;GM0296;6603.0;6603BV;BU02960117;GM0296;6603.0;6603BV;False;False;False;51.814337422182355;5.755654516497301;WarmteAtlas:CO2EmissieBedrijven;;;
236;NL;;115066;Trespa International B.V.;Weert;Wetering;6002SM;20;;173461;361310;22.21;Vervaardiging van platen, folie, buizen en profielen van kunststof;Overige industrie;Rubber- en kunstofverw. Industrie;CO2;0.0;0.0;28.886758;26.504421;22.096225;24.443577;21.987074;20.48631;18.99181;Overig;300.926567;300.926567;Overige;2;Gray;2024;BU09880105;GM0988;6002.0;6002SM;BU09880105;GM0988;6002.0;6002SM;BU09880105;GM0988;6002.0;6002SM;False;False;False;51.24083717584053;5.651564194457193;WarmteAtlas:CO2EmissieBedrijven;;;
237;NL;;115067;Unidek Produktie / Van Dijk Produktie B.V.;Gemert;Scheiweg;5421XL;26;;177407;397544;22.23;Vervaardiging van kunststofproducten voor de bouw;Overige industrie;Rubber- en kunstofverw. Industrie;CO2;0.0;0.0;0.0;0.0;0.0;0.0;0.0;0.0;0.0;Overig;0.0;0.0;Overige;0;Gray;2024;BU16520203;GM1652;5421.0;5421XL;BU16520203;GM1652;5421.0;5421XL;BU16520203;GM1652;5421.0;5421XL;False;False;False;51.5663869515899;5.710371179307896;WarmteAtlas:CO2EmissieBedrijven;;;
238;NL;;115069;Vernay Europa BV;Oldenzaal;Kelvinstraat;7575AS;6;;259481;480422;28.14;Vervaardiging van appendages;Overige industrie;Rubber- en kunstofverw. Industrie;CO2;0.0;0.0;0.0;0.0;0.0;0.0;0.0;0.0;0.0;Overig;0.0;0.0;Overige;0;Gray;2024;BU01730800;GM0173;7575.0;7575AS;BU01730800;GM0173;7575.0;7575AS;BU01730800;GM0173;7575.0;7575AS;False;False;False;52.301832245950074;6.919057278759038;WarmteAtlas:CO2EmissieBedrijven;;;
239;NL;;115072;Seasun BV;Kapelle;Kreekweg;4421RV;2;;55135;386645;01.13.2;Teelt van groenten onder glas;Landbouw;Landbouwbedrijven;CO2;0.0;0.0;42.020275;29.888;34.405325;34.405325;21.0707;25.181428;28.349299;Overig;449.196639;449.196639;Overige;3;Gray;2024;BU06780009;GM0678;4421.0;4421RV;BU06780009;GM0678;4421.0;4421RV;BU06780009;GM0678;4421.0;4421RV;False;False;False;51.46002115473444;3.950180835111175;WarmteAtlas:CO2EmissieBedrijven;;;
240;NL;;115079;Rinos BV;Genemuiden;Klaas Fuitestraat;8281BZ;12;;199500;515500;13.93;Vervaardiging van vloerkleden en tapijt;Overige industrie;Textiel- en tapijtindustrie;CO2;0.0;0.0;0.0;0.0;0.0;0.0;0.0;0.0;0.0;Overig;0.0;0.0;Overige;0;Gray;2024;BU18960001;GM1896;8281.0;8281BS;BU18960001;GM1896;8281.0;8281BS;BU18960001;GM1896;8281.0;8281BS;False;False;False;52.62519895797219;6.044404506605563;WarmteAtlas:CO2EmissieBedrijven;;;
241;NL;LCP;115084;Stadsverwarming Purmerend HWC1;Purmerend;Waterlandlaan;1441RT;111;;126444;501583;35.14;Handel in elektriciteit en in gas via leidingen;Energiesector;Opwekking electriciteit;CO2;0.0;0.0;24.49895;27.530611;17.651;22.75;15.708671;30.924652;14.560432;Opwekking electriciteit;101.923024;0.0;Energy;2;Yellow;2024;BU04390402;GM0439;1441.0;1441RT;BU04390402;GM0439;1441.0;1441RT;BU04390402;GM0439;1441.0;1441RT;False;False;False;52.50119729180082;4.966661637778423;WarmteAtlas:CO2EmissieBedrijven;;;
242;NL;LCP;115085;Enecal Energy VOF;Botlek Rotterdam;Merseyweg;3197KG;10;;77000;434000;35.11.1;Productie van elektriciteit door thermische, kern- en warmtekrachtcentrales;Energiesector;Opwekking electriciteit;CO2;0.0;0.0;204.188;35.335492;202.963;190.821722;198.835583;191.318877;199.850082;Opwekking electriciteit;1398.950574;0.0;Energy;3;Yellow;2024;BU05992306;GM0599;3197.0;3197KG;BU05992306;GM0599;3197.0;3197KG;BU05992306;GM0599;3197.0;3197KG;False;False;False;51.889054074908124;4.254139577161385;WarmteAtlas:CO2EmissieBedrijven;;;
243;NL;;115087;Essent Energie Productie WKC Erica;Erica;Beekweg;7887TN;12;;258021;523203;35.14;Handel in elektriciteit en in gas via leidingen;Energiesector;Opwekking electriciteit;CO2;0.0;0.0;41.056;0.0;0.0;0.0;0.0;0.0;0.0;Opwekking electriciteit;0.0;0.0;Energy;0;Yellow;2024;BU01141009;GM0114;7887.0;7887TH;BU01141009;GM0114;7887.0;7887TH;BU01141009;GM0114;7887.0;7887TH;False;False;False;52.68648459378458;6.910860063962195;WarmteAtlas:CO2EmissieBedrijven;;;
244;NL;;115088;Essent Energie Productie WKC Klazienaveen;Klazienaveen;Zwet;7891XJ;20;;264825;529086;35.14;Handel in elektriciteit en in gas via leidingen;Energiesector;Opwekking electriciteit;CO2;0.0;0.0;59.112;0.0;0.0;0.0;0.0;0.0;0.0;Opwekking electriciteit;0.0;0.0;Energy;0;Yellow;2024;BU01140807;GM0114;7891.0;7891XK;BU01140807;GM0114;7891.0;7891XK;BU01140807;GM0114;7891.0;7891XK;False;False;False;52.73800578645123;7.013409089340342;WarmteAtlas:CO2EmissieBedrijven;;;
245;NL;;115090;Trioworld Apeldoorn B.V.;Apeldoorn;Laan van Westerenk;7336AZ;11;;192784;467112;22.22;Vervaardiging van verpakkingsmiddelen van kunststof;Overige industrie;Rubber- en kunstofverw. Industrie;CO2;0.0;0.0;0.0;0.0;0.862;1.176956;0.531986;0.0;0.0;Overig;0.0;0.0;Overige;0;Gray;2024;BU02000307;GM0200;7336.0;7336AZ;BU02000307;GM0200;7336.0;7336AZ;BU02000307;GM0200;7336.0;7336AZ;False;False;False;52.19083629055871;5.939770744023438;WarmteAtlas:CO2EmissieBedrijven;;;
246;NL;;115098;MCi (Mirror Controls International) Netherlands BV;Montfoort;Waardsedijk-Oost;3417XJ;9;;124035;450635;35.11.1;Productie van elektriciteit door thermische, kern- en warmtekrachtcentrales;Overige industrie;Metaalelektro;CO2;0.0;0.0;0.291;0.0;0.0;0.0;0.0;0.0;0.0;Metaalelektro;0.0;0.0;Overige;0;Gray;2024;BU03350000;GM0335;3417.0;3417XJ;BU03350000;GM0335;3417.0;3417XJ;BU03350000;GM0335;3417.0;3417XJ;False;False;False;52.0431711770844;4.935854828060817;WarmteAtlas:CO2EmissieBedrijven;;;
247;NL;;115108;Koninklijke Verpakkingsindustrie Stempher BV (papier);Rijssen;Morsweg;7461AG;22;;231631;481735;17.21.1;Vervaardiging van verpakkingsmiddelen van papier en karton;Overige industrie;Rubber- en kunstofverw. Industrie;CO2;0.0;0.0;0.0;0.0;0.0;0.0;0.0;0.0;0.0;Overig;0.0;0.0;Overige;0;Gray;2024;BU17420701;GM1742;7461.0;7461TV;BU17420701;GM1742;7461.0;7461TV;BU17420701;GM1742;7461.0;7461TV;False;False;False;52.318216544712975;6.511120667786255;WarmteAtlas:CO2EmissieBedrijven;;;
248;NL;;11512;Vopak Terminal Vlaardingen BV;Vlaardingen;Kon. Wilhelminahaven ZOZ;3134KH;1;;84220;435450;52.10;Opslag;Handel, Diensten en Overheid (HDO);Energiegebruik en processen Handel, Diensten en Overheid (HDO);CO2;16.83936;17.613;0.0;0.0;0.0;0.0;0.0;0.0;0.0;Overig;0.0;0.0;Overige;0;Gray;2024;BU06220403;GM0622;3134.0;3134KH;BU06220403;GM0622;3134.0;3134KH;BU06220403;GM0622;3134.0;3134KH;False;False;False;51.90304997738715;4.358705596311538;WarmteAtlas:CO2EmissieBedrijven;;;
249;NL;;115143;FrieslandCampina Cheese (Leerdam);Leerdam;Handelstraat;4143HT;11;;135546;434465;10.51;Vervaardiging van zuivelproducten (geen consumptie-ijs);Overige industrie;Voedings- en genotmiddelenindustrie;CO2;0.0;0.0;0.0;0.08036;0.0668;0.0;0.0;0.0;0.0;Voedings- en genotmiddelenindustrie;0.0;0.0;Voeding;0;Green;2024;BU19612801;GM1961;4143.0;4143HT;BU19612801;GM1961;4143.0;4143HT;BU19612801;GM1961;4143.0;4143HT;False;False;False;51.89835701115723;5.104554027828748;WarmteAtlas:CO2EmissieBedrijven;;;
250;NL;;115155;Avebe BA (Latenstein);Nijmegen;Waalbandijk;6541AJ;22;;187000;429000;10.62;Vervaardiging van zetmeel en zetmeelproducten;Overige industrie;Voedings- en genotmiddelenindustrie;CO2;0.0;0.0;0.0;0.0;0.0;0.0;0.0;0.0;0.0;Voedings- en genotmiddelenindustrie;0.0;0.0;Voeding;0;Green;2024;BU02680320;GM0268;6541.0;6541EA;BU02680320;GM0268;6541.0;6541EA;BU02680320;GM0268;6541.0;6541EA;False;False;False;51.84865625749308;5.851620770436812;WarmteAtlas:CO2EmissieBedrijven;;;
251;NL;LCP;115180;apt Extrusions B.V.;Roermond;Industrieweg;6145JG;8;;200570;353650;24.42;Vervaardiging van aluminium;Overige industrie;Basismetaal;CO2;0.0;0.0;3.797132;0.0;4.211417;4.377731;0.0;4.623;0.0;Basismetaal;0.0;0.0;Basismetaal;0;Black;2024;BU09570202;GM0957;6045.0;6045JG;BU09570202;GM0957;6045.0;6045JG;BU09570202;GM0957;6045.0;6045JG;False;False;False;51.170456088107684;6.038772993639586;WarmteAtlas:CO2EmissieBedrijven;;;
252;NL;LCP;115181;Rijnmond Energie;Vondelingenplaat Rotterdam;Petroleumweg;3196KD;46;;83725;434099;35.14;Handel in elektriciteit en in gas via leidingen;Energiesector;Opwekking electriciteit;CO2;0.0;0.0;1781.59;0.024718;1094.728;266.577;375.197;512.48255;261.56586;Opwekking electriciteit;1830.96102;0.0;Energy;3;Yellow;2024;BU05992295;GM0599;3196.0;3196KD;BU05992295;GM0599;3196.0;3196KD;BU05992295;GM0599;3196.0;3196KD;False;False;False;51.89084525512028;4.351793512890175;WarmteAtlas:CO2EmissieBedrijven;;;
253;NL;;115182;Mestdrogerij Hubun;Bunschoten;Groeneweg;3751LE;6;;155404;473328;46.75;Groothandel in chemische producten;Handel, Diensten en Overheid (HDO);Energiegebruik en processen Handel, Diensten en Overheid (HDO);CO2;0.0;0.0;0.0;0.0;0.0;0.0;0.0;0.0;0.0;Overig;0.0;0.0;Overige;0;Gray;2024;BU03130008;GM0313;3751.0;3751LE;BU03130008;GM0313;3751.0;3751LE;BU03130008;GM0313;3751.0;3751LE;False;False;False;52.24799870596308;5.39311964344625;WarmteAtlas:CO2EmissieBedrijven;;;
254;NL;;115185;DOC Kaas (Zuivelpark);Hoogeveen;Buitenvaart;7905TC;4001;;231671;525745;10.51;Vervaardiging van zuivelproducten (geen consumptie-ijs);Overige industrie;Voedings- en genotmiddelenindustrie;CO2;0.0;0.0;41.505955;49.879513;38.728719;44.72096;47.325256;41.107075;40.569325;Voedings- en genotmiddelenindustrie;633.05933;633.05933;Voeding;3;Green;2024;BU01186204;GM0118;7905.0;7905TC;BU01186204;GM0118;7905.0;7905TC;BU01186204;GM0118;7905.0;7905TC;False;False;False;52.71367853814219;6.521826439602712;WarmteAtlas:CO2EmissieBedrijven;;;
255;NL;;115186;Yara Vlaardingen BV;Vlaardingen;Zevenmanshaven Oost;3133CA;67;;81938;435008;20.15;Vervaardiging van kunstmeststoffen en stikstofverbindingen;Chemische Industrie;Chemische Industrie kunstmeststoffen;CO2;0.0;0.0;0.624;0.444078;0.490489;0.574;0.465167;0.43887;0.463493;Chemische Industrie;6.293998;6.293998;Chemie;1;Magenta;2024;BU06220304;GM0622;3133.0;3133CA;BU06220304;GM0622;3133.0;3133CA;BU06220304;GM0622;3133.0;3133CA;False;False;False;51.898782841374285;4.325645221830054;WarmteAtlas:CO2EmissieBedrijven;;;
256;NL;;11532;Coatinc Alblasserdam BV;Alblasserdam;Edisonweg;2952AD;5;;105500;430200;25.61;Oppervlaktebehandeling en bekleding van metaal;Overige industrie;Metaalelektro;CO2;0.6906;0.0;0.0;1.884667;1.858;1.7414;0.0;1.168723;1.2125;Metaalelektro;19.071298;19.071298;Overige;1;Gray;2024;BU04820501;GM0482;2952.0;2952AD;BU04820501;GM0482;2952.0;2952AD;BU04820501;GM0482;2952.0;2952AD;False;False;False;51.85816378696931;4.668648790174305;WarmteAtlas:CO2EmissieBedrijven;;;
257;NL;;11656;Asko BV;Zoetermeer;Galvanistraat;2723RV;46;;95820;452150;23.00;Vervaardiging van overige niet-metaalhoudende minerale producten;Overige industrie;Bouwmaterialenindustrie;CO2;2.844393;0.0;0.0;0.0;0.0;0.0;0.0;0.0;0.0;Bouwmaterialenindustrie;0.0;0.0;BouwMaterialen;0;SandyBrown;2024;BU06370802;GM0637;2723.0;2723RJ;BU06370802;GM0637;2723.0;2723RJ;BU06371302;GM0637;2723.0;2723RJ;True;False;False;52.054492996126775;4.524362361503522;WarmteAtlas:CO2EmissieBedrijven;;;
258;NL;;11658;Farm Frites BV;Oudenhoorn;Molendijk;3227CD;108;;70714;426770;10.31;Vervaardiging van aardappelproducten;Overige industrie;Voedings- en genotmiddelenindustrie;CO2;0.0;0.0;28.987856;28.25424;30.667107;36.235135;33.443416;33.097077;34.489152;Voedings- en genotmiddelenindustrie;538.181975;538.181975;Voeding;3;Green;2024;BU19921003;GM1992;3227.0;3227CD;BU19921003;GM1992;3227.0;3227CD;BU19921003;GM1992;3227.0;3227CD;False;False;False;51.823164462847295;4.164611178388323;WarmteAtlas:CO2EmissieBedrijven;;;
259;NL;;11704;EBS Terminal Europoort II;Europoort Rotterdam;Elbeweg;3180AE;117;;68170;441130;52.24.1;Laad-, los- en overslagactiviteiten voor zeevaart;Handel, Diensten en Overheid (HDO);Energiegebruik en processen Handel, Diensten en Overheid (HDO);CO2;12.064;0.0;0.0;0.0;0.0;0.0;0.0;0.0;0.0;Overig;0.0;0.0;Overige;0;Gray;2024;BU05992307;GM0599;3198.0;3198LC;BU05992307;GM0599;3198.0;3198LC;BU05992307;GM0599;3198.0;3198LC;False;False;False;51.95182075467503;4.124099468937216;WarmteAtlas:CO2EmissieBedrijven;;;
260;NL;;12134;Archer Daniels Midland Europoort B.V. (ADM);Europoort Rotterdam;Elbeweg;3198LC;125;;68067;441593;10.41;Vervaardiging van plantaardige en dierlijke oliën en vetten (geen margarine en andere spijsvetten);Overige industrie;Voedings- en genotmiddelenindustrie;CO2;79.12;301.903;203.977;155.184987;148.08;147.95;138.53;135.09;126.308758;Voedings- en genotmiddelenindustrie;1970.970374;1970.970374;Voeding;3;Green;2024;BU05992307;GM0599;3198.0;3198LC;BU05992307;GM0599;3198.0;3198LC;BU05992307;GM0599;3198.0;3198LC;False;False;False;51.95596537183917;4.122484278699771;WarmteAtlas:CO2EmissieBedrijven;;;
261;NL;LCP;12135;ExxonMobil Chemical Holland BV (ROP van RPI);Europoort Rotterdam;Merwedeweg;3198LH;21;;72300;438500;20.14.1;Vervaardiging van petrochemische producten;Chemische Industrie;Chemische Industrie overig;CO2;79.551421;0.0;55.503;51.557041;57.7803;58.08468;49.932117;46.771866;49.802106;Chemische Industrie;676.287169;676.287169;Chemie;3;Magenta;2024;BU05992307;GM0599;3198.0;3198LR;BU05992307;GM0599;3198.0;3198LR;BU05992307;GM0599;3198.0;3198LR;False;False;False;51.92881582123094;4.1847979641474975;WarmteAtlas:CO2EmissieBedrijven;;;
262;NL;;12137;EBS Europoort Terminal I;Europoort Rotterdam;Elbeweg;3198LC;139;;68000;442000;52.24;Laad-, los- en overslagactiviteiten;Handel, Diensten en Overheid (HDO);Energiegebruik en processen Handel, Diensten en Overheid (HDO);CO2;7.923404;0.0;0.0;0.0;0.0;0.0;0.0;0.0;0.0;Overig;0.0;0.0;Overige;0;Gray;2024;BU05992307;GM0599;3198.0;3198LC;BU05992307;GM0599;3198.0;3198LC;BU05992307;GM0599;3198.0;3198LC;False;False;False;51.959612361517266;4.121406640663503;WarmteAtlas:CO2EmissieBedrijven;;;
263;NL;;12147;E.On Benelux NV (Galileistraat);Rotterdam;Galileistraat;3029AL;15;;88935;436199;35.11;Productie van elektriciteit;Energiesector;Opwekking electriciteit;CO2;526.626;521.279;482.200027;0.0;0.0;0.0;0.0;0.0;0.0;Opwekking electriciteit;0.0;0.0;Energy;0;Yellow;2024;BU05991926;GM0599;3029.0;3029AC;BU05991926;GM0599;3029.0;3029AC;BU05991926;GM0599;3029.0;3029AC;False;False;False;51.91036104626041;4.42706552219949;WarmteAtlas:CO2EmissieBedrijven;;;
264;NL;LCP;12149;Uniper Centrale Maasvlakte;Maasvlakte Rotterdam;Coloradoweg;3199LA;10;;61481;442057;35.11.1;Productie van elektriciteit door thermische, kern- en warmtekrachtcentrales;Energiesector;Opwekking electriciteit;CO2;6591.266;5293.919;6680.554551;9172.373818;4424.830068;4936.04682;4266.796391;2948.622469;2827.13602;Opwekking electriciteit;19789.95214;0.0;Energy;5;Yellow;2024;BU05992308;GM0599;3199.0;3199LA;BU05992308;GM0599;3199.0;3199LD;BU05992308;GM0599;3199.0;3199LD;False;False;False;51.95906568843189;4.026568357245158;WarmteAtlas:CO2EmissieBedrijven;;;
265;NL;LCP;12150;Uniper Centrale RoCa;Rotterdam;Capelseweg;3068AX;400;;98212;440895;35.11.1;Productie van elektriciteit door thermische, kern- en warmtekrachtcentrales;Energiesector;Opwekking electriciteit;CO2;30.354;0.0;671.33067;316.056718;326.392718;219.288734;110.9884;139.402604;279.9084;Opwekking electriciteit;1959.3588;0.0;Energy;3;Yellow;2024;BU05991467;GM0599;3068.0;3068AX;BU05991467;GM0599;3068.0;3068AX;BU05991467;GM0599;3068.0;3068AX;False;False;False;51.95359028362848;4.561100036252078;WarmteAtlas:CO2EmissieBedrijven;;;
266;NL;LCP;12151;Uniper HWC Blekerstraat;Rotterdam;2e Blekerhof;3011CK;9;;92648;436763;35.11.1;Productie van elektriciteit door thermische, kern- en warmtekrachtcentrales;Energiesector;Opwekking electriciteit;CO2;0.004;0.0;0.124;0.639091;0.057;0.002506;0.026309;0.0;0.0182;Opwekking electriciteit;0.1274;0.0;Energy;1;Yellow;2024;BU05990110;GM0599;3011.0;3011CK;BU05990110;GM0599;3011.0;3011CK;BU05990110;GM0599;3011.0;3011CK;False;False;False;51.91585833087669;4.480918533496398;WarmteAtlas:CO2EmissieBedrijven;;;
267;NL;LCP;12152;Uniper HWC Delftsevaart;Rotterdam;Grote Kerkplein;3011GC;11;;92841;437409;35.11.1;Productie van elektriciteit door thermische, kern- en warmtekrachtcentrales;Energiesector;Opwekking electriciteit;CO2;0.051461;0.0;4.794852;6.317295;0.178194;2.196057;0.633;12.491;15.39;Opwekking electriciteit;107.73;0.0;Energy;2;Yellow;2024;BU05990110;GM0599;3011.0;3011GC;BU05990110;GM0599;3011.0;3011GC;BU05990110;GM0599;3011.0;3011GC;False;False;False;51.921685750732664;4.4836067266268556;WarmteAtlas:CO2EmissieBedrijven;;;
268;NL;;12153;J. den Breejen Ecotechniek VOF;Botlek Rotterdam;Torontostraat;3197KN;2;;78820;434747;46.73;Groothandel in hout, sanitair en overige bouwmaterialen;Afvalverwijdering;AVI's;CO2;0.0;5.103;0.0;0.0;0.0;0.0;0.0;0.0;0.0;Overig;0.0;0.0;Afval;0;Maroon;2024;BU05992306;GM0599;3197.0;3197KN;BU05992306;GM0599;3197.0;3197KK;BU05992306;GM0599;3197.0;3197KK;False;False;False;51.896019284149446;4.280407751159004;WarmteAtlas:CO2EmissieBedrijven;;;
269;NL;;12154;Boskalis Environmental B.V.;Schiedam;Nieuwe Waterwegstraat;3115HE;52;;86400;435050;42.91;Natte waterbouw;Afvalverwijdering;Overige afvalbedrijven;CO2;10.54;0.0;0.0;0.0;0.0;0.0;0.0;0.0;0.0;Overig;0.0;0.0;Afval;0;Maroon;2024;BU06060202;GM0606;3115.0;3115HE;BU06060202;GM0606;3115.0;3115HE;BU06060202;GM0606;3115.0;3115HE;False;False;False;51.8997280653586;4.390457997341817;WarmteAtlas:CO2EmissieBedrijven;;;
270;NL;;12155;Key en Kramer Ruberoid BV;Maassluis;Adr. van Heelstraat;3143CA;19;;77000;436880;23.00;Vervaardiging van overige niet-metaalhoudende minerale producten;Overige industrie;Bouwmaterialenindustrie;CO2;4.185;0.0;0.0;0.0;0.0;0.0;0.0;0.0;0.0;Bouwmaterialenindustrie;0.0;0.0;BouwMaterialen;0;SandyBrown;2024;BU05560101;GM0556;3143.0;3143DE;BU05560101;GM0556;3143.0;3143DE;BU05560101;GM0556;3143.0;3143DE;False;False;False;51.914936189300825;4.2534871418390185;WarmteAtlas:CO2EmissieBedrijven;;;
271;NL;;12157;HVC ZVI B.V.;Dordrecht;Baanhoekweg;3313LP;46;;110200;425450;38.22;Behandeling van schadelijk afval;Afvalverwijdering;AVI's;CO2;0.0;0.0;9.93102;12.819451;14.718378;10.406681;14.068137;11.871316;12.936145;Overig;204.974129;204.974129;Afval;2;Maroon;2024;BU05050608;GM0505;3313.0;3313LA;BU05050608;GM0505;3313.0;3313LA;BU05050608;GM0505;3313.0;3313LA;False;False;False;51.81586898105094;4.7374866291653;WarmteAtlas:CO2EmissieBedrijven;;;
272;NL;;12158;HVC Slibverbrandingsinstallatie;Dordrecht;Baanhoekweg;3313LA;40;;110420;425520;38.21;Behandeling van onschadelijk afval;Afvalverwijdering;AVI's;CO2;0.0;0.0;122.0;114.38;127.604;126.103;137.846;139.641;142.7719;Overig;2262.23081;2262.23081;Afval;3;Maroon;2024;BU05050608;GM0505;3313.0;3313LP;BU05050608;GM0505;3313.0;3313LP;BU05050608;GM0505;3313.0;3313LP;False;False;False;51.81651575295862;4.740667979924673;WarmteAtlas:CO2EmissieBedrijven;;;
273;NL;;12160;Koole Tankstorage Botlek II B.V.;Botlek Rotterdam;Oude Maasweg;3197KJ;5;;81450;433569;52.24.1;Laad-, los- en overslagactiviteiten voor zeevaart;Afvalverwijdering;AVI's;CO2;0.0;0.0;0.88833;0.0;0.0;0.0;0.0;0.0;0.0;Overig;0.0;0.0;Afval;0;Maroon;2024;BU05992306;GM0599;3197.0;3197KJ;BU05992306;GM0599;3197.0;3197KJ;BU05992306;GM0599;3197.0;3197KJ;False;False;False;51.885786261565634;4.3188632172422325;WarmteAtlas:CO2EmissieBedrijven;;;
274;NL;;12162;Evos Rotterdam B.V.;Europoort Rotterdam;Merwedeweg;3198LH;20;;71969;438459;52.10.1;Opslag in tanks;Handel, Diensten en Overheid (HDO);Energiegebruik en processen Handel, Diensten en Overheid (HDO);CO2;0.0;0.0;7.671289;13.089292;12.63168;13.236403;11.253663;10.478421;9.021291;Overig;142.942991;142.942991;Overige;2;Gray;2024;BU05992307;GM0599;3198.0;3198LR;BU05992307;GM0599;3198.0;3198LR;BU05992307;GM0599;3198.0;3198LR;False;False;False;51.92839805305413;4.179996356372646;WarmteAtlas:CO2EmissieBedrijven;;;
275;NL;;12163;EPS B.V.;Hendrik-Ido-Ambacht;Nijverheidsweg;3341LJ;35;;104300;429200;20.16;Vervaardiging van kunststof in primaire vorm;Chemische Industrie;Chemische Industrie basisproducten;CO2;0.0;0.0;0.44407;0.569998;0.591782;0.613744;0.476098;0.500306;0.413611;Chemische Industrie;5.616626;5.616626;Chemie;1;Magenta;2024;BU05310501;GM0531;3341.0;3341LJ;BU05310501;GM0531;3341.0;3341LJ;BU05310501;GM0531;3341.0;3341LJ;False;False;False;51.84906819145527;4.65137754117221;WarmteAtlas:CO2EmissieBedrijven;;;
276;NL;;12166;TU Delft Warmtekrachtcentrale;Delft;Kluyverweg;2629HT;6;;85100;446200;85.42;Universitair hoger onderwijs;Handel, Diensten en Overheid (HDO);Energiegebruik en processen Handel, Diensten en Overheid (HDO);CO2;0.0;15.206;15.858;16.117571;14.654604;15.743353;9.613379;8.153775;7.49318;Overig;118.729965;118.729965;Overige;2;Gray;2024;BU05032805;GM0503;2628.0;2628CA;BU05032805;GM0503;2628.0;2628CA;BU05032805;GM0503;2628.0;2628CA;False;False;False;51.999772109795664;4.369302919077624;WarmteAtlas:CO2EmissieBedrijven;;;
277;NL;;12167;UZIMET BV;Rijswijk;Delftweg;2289BA;62;;83663;450035;24.43;Vervaardiging van lood, zink en tin;Overige industrie;Basismetaal;CO2;0.0;0.225;0.690527;0.781276;0.734436;0.699724;0.733049;0.65302;0.62056;Basismetaal;6.989557;6.989557;Basismetaal;1;Black;2024;BU06031193;GM0603;2289.0;2289BA;BU06031193;GM0603;2289.0;2289BA;BU06031193;GM0603;2289.0;2289BA;False;False;False;52.03405414017338;4.347580985453512;WarmteAtlas:CO2EmissieBedrijven;;;
278;NL;;12168;INV Nylon Chemicals Netherlands BV;Botlek Rotterdam;Merseyweg;3197KG;12;;77100;433840;13.10;Bewerken en spinnen van textielvezels;Chemische Industrie;Chemische Industrie basisproducten;CO2;0.0;0.0;8.150232;7.527164;3.805833;6.203818;4.681365;0.003165;0.004421;Chemische Industrie;0.060041;0.060041;Chemie;1;Magenta;2024;BU05992306;GM0599;3197.0;3197KG;BU05992306;GM0599;3197.0;3197KG;BU05992306;GM0599;3197.0;3197KG;False;False;False;51.88763017570204;4.255628125925561;WarmteAtlas:CO2EmissieBedrijven;;;
279;NL;;12169;Campina BV (Wassenaar);Wassenaar;Menkenlaan;2243CK;2;;86250;460200;10.50;Vervaardiging van zuivelprodukten;Overige industrie;Voedings- en genotmiddelenindustrie;CO2;0.0;0.0;0.0;0.0;0.0;0.0;0.0;0.0;0.0;Voedings- en genotmiddelenindustrie;0.0;0.0;Voeding;0;Green;2024;BU06290001;GM0629;2243.0;2243EV;BU06290001;GM0629;2243.0;2243EV;BU06290001;GM0629;2243.0;2243EV;False;False;False;52.12573298022021;4.383228406364067;WarmteAtlas:CO2EmissieBedrijven;;;
280;NL;;12170;FrieslandCampina Maasdam;Maasdam;LAGEWEG;3299ZG;4;- 8;97050;422750;10.51;Vervaardiging van zuivelproducten (geen consumptie-ijs);Overige industrie;Voedings- en genotmiddelenindustrie;CO2;0.0;1.883;5.511407;5.131437;4.690117;4.584362;4.435186;5.023008;5.603374;Voedings- en genotmiddelenindustrie;87.4372;87.4372;Voeding;2;Green;2024;BU19630500;GM1963;3299.0;3299AL;BU19630500;GM1963;3299.0;3299AL;BU19630500;GM1963;3299.0;3299AL;False;False;False;51.79039180719339;4.54724714482866;WarmteAtlas:CO2EmissieBedrijven;;;
281;NL;;12171;DeltaMilk (De Graafstroom);Bleskensgraaf;Dorpsstraat;2971AD;18;;112970;431300;10.51;Vervaardiging van zuivelproducten (geen consumptie-ijs);Overige industrie;Voedings- en genotmiddelenindustrie;CO2;0.0;3.225;3.585336;4.209602;3.92;0.0;0.0;0.0;0.0;Voedings- en genotmiddelenindustrie;0.0;0.0;Voeding;0;Green;2024;BU19780204;GM1978;2971.0;2971VK;BU19780204;GM1978;2971.0;2971AD;BU19780204;GM1978;2971.0;2971AD;False;False;False;51.868663858267695;4.776944675732019;WarmteAtlas:CO2EmissieBedrijven;;;
282;NL;;12172;Promelca B.V. (Gorinchem);Gorinchem;Timorstraat;4202MA;22;;125150;426700;10.51;Vervaardiging van zuivelproducten (geen consumptie-ijs);Overige industrie;Voedings- en genotmiddelenindustrie;CO2;0.0;26.4;30.251337;38.66654;53.63954;53.03706;54.57793;53.356;53.92231;Voedings- en genotmiddelenindustrie;841.424436;841.424436;Voeding;3;Green;2024;BU05120800;GM0512;4202.0;4202MA;BU05120800;GM0512;4202.0;4202MA;BU05120800;GM0512;4202.0;4202MA;False;False;False;51.82810409218082;4.954184929821375;WarmteAtlas:CO2EmissieBedrijven;;;
283;NL;;12174;Ducor Petrochemicals B.V.;Botlek Rotterdam;Merseyweg;3197KG;24;;76311;434104;20.16;Vervaardiging van kunststof in primaire vorm;Chemische Industrie;Chemische Industrie basisproducten;CO2;0.0;0.0;6.9542;8.3175;9.4779;9.507;9.7534;10.0639;10.1751;Chemische Industrie;138.172662;138.172662;Chemie;2;Magenta;2024;BU05992306;GM0599;3197.0;3197KG;BU05992306;GM0599;3197.0;3197KG;BU05992306;GM0599;3197.0;3197KG;False;False;False;51.88989176222446;4.244108994701364;WarmteAtlas:CO2EmissieBedrijven;;;
284;NL;;12175;Air Liquide Nederland BV;Botlek Rotterdam;Merseyweg;3197KG;10;;77139;433574;20.11;Vervaardiging van industriële gassen;Chemische Industrie;Chemische Industrie basisproducten;CO2;0.0;750.741145;52.92;673.085658;847.896487;797.734093;599.586839;599.05371;615.54419;Chemische Industrie;8358.775777;8358.775777;Chemie;4;Magenta;2024;BU05992306;GM0599;3197.0;3197KG;BU05992306;GM0599;3197.0;3197KG;BU05992306;GM0599;3197.0;3197KG;False;False;False;51.885245122990234;4.256254638327788;WarmteAtlas:CO2EmissieBedrijven;;;
285;NL;;12176;Air Products Nederland BV (Pernis);Vondelingenplaat Rt;Vondelingenplaat;3196KL;17;;82224;433862;20.11;Vervaardiging van industriële gassen;Chemische Industrie;Chemische Industrie basisproducten;CO2;0.0;532.095;618.952353;0.0;0.0;0.0;0.0;0.0;0.0;Chemische Industrie;0.0;0.0;Chemie;0;Magenta;2024;BU05992295;GM0599;3196.0;3196KL;BU05992295;GM0599;3196.0;3196KL;BU05992295;GM0599;3196.0;3196KL;False;False;False;51.88852115754113;4.330042116259446;WarmteAtlas:CO2EmissieBedrijven;;;
286;NL;LCP;12177;VPR Energy B.V.;Europoort Rotterdam;Neckarweg;3198LJ;5;;74500;436400;19.20.1;Aardolieraffinage;Raffinaderijen;Raffinage en verwerking;CO2;0.0;0.0;106.240998;115.9347;129.029233;118.584348;121.476349;135.796542;140.857064;Raffinage en verwerking;1817.043096;0.0;Raffinage;3;Purple;2024;BU05992307;GM0599;3198.0;3198LJ;BU05992307;GM0599;3198.0;3198LJ;BU05992307;GM0599;3198.0;3198LJ;False;False;False;51.910266469023036;4.2172695146824415;WarmteAtlas:CO2EmissieBedrijven;;;
287;NL;;12178;Maatschap Europoort Terminal;Europoort Rotterdam;Moezelweg;3198LS;101;;72600;437300;52.10;Opslag;Handel, Diensten en Overheid (HDO);Energiegebruik en processen Handel, Diensten en Overheid (HDO);CO2;0.0;1.192;0.0;0.0;0.0;0.0;0.0;0.0;0.0;Overig;0.0;0.0;Overige;0;Gray;2024;BU05992307;GM0599;3198.0;3198LS;BU05992307;GM0599;3198.0;3198LS;BU05992307;GM0599;3198.0;3198LS;False;False;False;51.91807636623924;4.189446359008378;WarmteAtlas:CO2EmissieBedrijven;;;
288;NL;;124;Steenfabriek Nuth BV;Nuth;Daelderweg;6361HK;12;;189600;326600;23.32;Vervaardiging van keramische producten voor de bouw (geen tegels en plavuizen);Overige industrie;Bouwmaterialenindustrie;CO2;5.10624;0.0;4.321;0.0;0.0;0.0;0.0;0.0;0.0;Bouwmaterialenindustrie;0.0;0.0;BouwMaterialen;0;SandyBrown;2024;BU19540102;GM1954;6361.0;6361HK;BU19540102;GM1954;6361.0;6361HK;BU19540102;GM1954;6361.0;6361HK;False;False;False;50.928090576221635;5.879322651552744;WarmteAtlas:CO2EmissieBedrijven;;;
289;NL;;125;Steenfabriek Nievelsteen BV;Eygelshoven;Wolfsweg;6471CP;75;;203250;322800;46.73.9;Groothandel in bouwmaterialen algemeen assortiment;Handel, Diensten en Overheid (HDO);Energiegebruik en processen Handel, Diensten en Overheid (HDO);CO2;0.340563;0.0;0.0;0.071;1.009;0.727;3.106;0.0;0.0;Overig;0.0;0.0;Overige;0;Gray;2024;BU09280200;GM0928;6471.0;6471CP;BU09280200;GM0928;6471.0;6471CP;BU09280200;GM0928;6471.0;6471CP;False;False;False;50.89294683698344;6.072951721188647;WarmteAtlas:CO2EmissieBedrijven;;;
290;NL;;129;Ankersmit Maalbedrijven B.V.;Maastricht;Op de Bos;6223EP;300;;177450;321750;08.99;Winning van overige delfstoffen n.e.g.;Overige industrie;Bouwmaterialenindustrie;CO2;15.74002;12.485;0.0;0.0;0.0;0.0;0.0;0.0;0.0;Bouwmaterialenindustrie;0.0;0.0;BouwMaterialen;0;SandyBrown;2024;BU09350501;GM0935;6223.0;6223EP;BU09350501;GM0935;6223.0;6223EP;BU09350501;GM0935;6223.0;6223EP;False;False;False;50.88510138901449;5.70621281354209;WarmteAtlas:CO2EmissieBedrijven;;;
291;NL;;13001;Aliphos Rotterdam Rotterdam B.V.;Vlaardingen;Maassluissedijk;3133KA;103;;81686;434913;20.13;Vervaardiging van overige anorganische basischemicaliën;Chemische Industrie;Chemische Industrie basisproducten;CO2;0.0;7.972949;0.0;0.0;0.0;0.0;0.0;0.0;0.0;Chemische Industrie;0.0;0.0;Chemie;0;Magenta;2024;BU06220304;GM0622;3133.0;3133CA;BU06220304;GM0622;3133.0;3133CA;BU06220304;GM0622;3133.0;3133CA;False;False;False;51.89789594251124;4.322004605016193;WarmteAtlas:CO2EmissieBedrijven;;;
292;NL;;1404;DSM Pharma Chemicals Venlo BV;Venlo;Grubbenvorsterweg;5928NX;8;;207644;378310;20.14.9;Vervaardiging van organische basischemicaliën (geen petrochemische producten);Chemische Industrie;Chemische Industrie basisproducten;CO2;0.0;5.163;6.685;1.633;0.0;0.0;0.0;0.0;0.0;Chemische Industrie;0.0;0.0;Chemie;0;Magenta;2024;BU09832805;GM0983;5928.0;5928NW;BU09832805;GM0983;5928.0;5928NW;BU09832805;GM0983;5928.0;5928NW;False;False;False;51.39149164622575;6.143565872362431;WarmteAtlas:CO2EmissieBedrijven;;;
293;NL;;148;ENCI BV (Maastricht);Maastricht;Lage Kanaaldijk;6212NA;115;;176276;314297;23.51;Vervaardiging van cement;Overige industrie;Bouwmaterialenindustrie;CO2;896.289112;776.821;633.39;458.4915;0.527194;0.0;0.0;0.0;0.0;Bouwmaterialenindustrie;0.0;0.0;BouwMaterialen;0;SandyBrown;2024;BU09350105;GM0935;6212.0;6212NA;BU09350105;GM0935;6212.0;6212NA;BU09350105;GM0935;6212.0;6212NA;False;False;False;50.818153638093264;5.689093526388196;WarmteAtlas:CO2EmissieBedrijven;;;
294;NL;;151;O-I Netherlands BV (Maastricht);Maastricht;Nieuweweg;6221AA;25;;177322;318844;23.13;Vervaardiging van holglas;Overige industrie;Bouwmaterialenindustrie;CO2;109.998675;0.0;90.720737;95.333092;89.24773;92.534152;93.439;80.619606;75.640557;Bouwmaterialenindustrie;1139.439495;1139.439495;BouwMaterialen;3;SandyBrown;2024;BU09350400;GM0935;6221.0;6221AA;BU09350400;GM0935;6221.0;6221AA;BU09350400;GM0935;6221.0;6221AA;False;False;False;50.858985328439765;5.704215015737373;WarmteAtlas:CO2EmissieBedrijven;;;
295;NL;;153;Chroomwerk BV;Kerkrade;Steenbergstr;6465AB;25;;200630;318250;25.61;Oppervlaktebehandeling en bekleding van metaal;Overige industrie;Metaalelektro;CO2;0.0;0.0;0.0;0.0;0.0;0.0;0.0;0.0;0.0;Metaalelektro;0.0;0.0;Overige;0;Gray;2024;BU09280004;GM0928;6465.0;6465AB;BU09280004;GM0928;6465.0;6465AB;BU09280004;GM0928;6465.0;6465AB;False;False;False;50.8522647514076;6.035144708203433;WarmteAtlas:CO2EmissieBedrijven;;;
296;NL;;159;Fenzi AGT Netherlands B.V.;Maastricht;Fregatweg;6222NZ;38;;178253;321177;20.30;Vervaardiging van verf, vernis e.d., drukinkt en mastiek;Chemische Industrie;Chemische Industrie overig;CO2;0.0;3.161;4.615973;3.659081;2.699951;3.125831;3.019583;2.747029;3.176083;Chemische Industrie;43.129585;43.129585;Chemie;2;Magenta;2024;BU09350500;GM0935;6222.0;6222NZ;BU09350500;GM0935;6222.0;6222NZ;BU09350500;GM0935;6222.0;6222NZ;False;False;False;50.879918845870165;5.717586469922378;WarmteAtlas:CO2EmissieBedrijven;;;
297;NL;;163;Dechamps-Holland BV;Kerkrade;Wenckebachstraat;6460BB;3;;199070;319120;13.30;Textielveredeling;Overige industrie;Textiel- en tapijtindustrie;CO2;0.0;4.822;0.0;0.0;0.0;0.0;0.0;0.0;0.0;Overig;0.0;0.0;Overige;0;Gray;2024;BU09280000;GM0928;6466.0;6466KS;BU09280000;GM0928;6466.0;6466KS;BU09280000;GM0928;6466.0;6466KS;False;False;False;50.860206635365756;6.0130996435658215;WarmteAtlas:CO2EmissieBedrijven;;;
298;NL;;166;Slachthuis Kerkrade;Kerkrade;Hammolenweg;6466XW;66;;201849;319516;10.11;Slachterijen (geen pluimvee-);Overige industrie;Voedings- en genotmiddelenindustrie;CO2;0.0;0.0;0.0;0.274815;0.0;0.0;0.0;0.0;0.0;Voedings- en genotmiddelenindustrie;0.0;0.0;Voeding;0;Green;2024;BU09280100;GM0928;6466.0;6466XW;BU09280100;GM0928;6466.0;6466XW;BU09280100;GM0928;6466.0;6466XW;False;False;False;50.86354561430888;6.052616871669342;WarmteAtlas:CO2EmissieBedrijven;;;
299;NL;;174;Tata Steel Nederland Tubes BV (Maastricht);Maastricht;Ankerkade;6222NL;71;;178000;321520;24.20;Vervaardiging van stalen buizen, pijpen, holle profielen en fittings daarvoor;Overige industrie;Basismetaal;CO2;0.0;0.710655;1.139397;0.66289;0.6742;0.9225;0.3799;0.3473;0.3603;Basismetaal;4.058169;4.058169;Basismetaal;1;Black;2024;BU09350500;GM0935;6222.0;6222NN;BU09350500;GM0935;6222.0;6222NN;BU09350500;GM0935;6222.0;6222NN;False;False;False;50.883012171916604;5.714013577447077;WarmteAtlas:CO2EmissieBedrijven;;;
300;NL;;176;Caradon Stelrad BV;Nuth;Kathagen;6361HG;30;;190450;326300;25.21;Vervaardiging van ketels en radiatoren voor centrale verwarming;Overige industrie;Metaalelektro;CO2;2.03904;0.0;1.668161;1.54282;0.0;0.0;0.0;0.0;0.0;Metaalelektro;0.0;0.0;Overige;0;Gray;2024;BU19540103;GM1954;6361.0;6361HG;BU19540103;GM1954;6361.0;6361HG;BU19540103;GM1954;6361.0;6361HG;False;False;False;50.92534198474829;5.891382541132799;WarmteAtlas:CO2EmissieBedrijven;;;
301;NL;;19004;ExxonMobil Chemical Holland B.V. (RPP van RPI);Botlek Rotterdam;Welplaatweg;3197KS;2;;79333;433167;20.14.1;Vervaardiging van petrochemische producten;Chemische Industrie;Chemische Industrie basisproducten;CO2;0.0;0.0;50.562;32.127;35.043;35.847;37.165;27.105;36.982137;Chemische Industrie;502.198536;502.198536;Chemie;3;Magenta;2024;BU05992306;GM0599;3197.0;3197KT;BU05992306;GM0599;3197.0;3197KT;BU05992306;GM0599;3197.0;3197KT;False;False;False;51.88188987381983;4.288206644564101;WarmteAtlas:CO2EmissieBedrijven;;;
302;NL;;19032;Janssen Biologics BV;Leiden;Einsteinweg;2333CB;101;;91223;464748;21.20;Vervaardiging van farmaceutische producten (geen grondstoffen);Chemische Industrie;Chemische Industrie overig;CO2;0.0;0.0;0.0;3.82;3.976;4.19;4.36;4.27;4.128;Chemische Industrie;56.056132;56.056132;Chemie;2;Magenta;2024;BU05460704;GM0546;2333.0;2333CB;BU05460704;GM0546;2333.0;2333CB;BU05460704;GM0546;2333.0;2333CB;False;False;False;52.16720162089999;4.454987857057413;WarmteAtlas:CO2EmissieBedrijven;;;
303;NL;;19048;Refresco Benelux BV;Bodegraven;Europaweg;2411NE;6;;111030;453850;11.07;"Vervaardiging van frisdranken; productie van mineraalwater en overig gebotteld water";Overige industrie;Voedings- en genotmiddelenindustrie;CO2;0.0;0.0;0.0;3.59;4.7962;3.822;0.0;0.0;4.1998;Voedings- en genotmiddelenindustrie;65.535292;65.535292;Voeding;2;Green;2024;BU19010216;GM1901;2411.0;2411NE;BU19010216;GM1901;2411.0;2411NE;BU19010216;GM1901;2411.0;2411NE;False;False;False;52.07118747364877;4.745888775843054;WarmteAtlas:CO2EmissieBedrijven;;;
304;NL;LCP;19070;Indorama Ventures Europe BV;Europoort Rotterdam;Markweg;3198NB;201;;66394;442175;20.16;Vervaardiging van kunststof in primaire vorm;Chemische Industrie;Chemische Industrie basisproducten;CO2;0.0;10.225084;110.768218;113.94734;146.651;163.512381;98.246306;85.266;41.672788;Chemische Industrie;565.895182;565.895182;Chemie;3;Magenta;2024;BU05992307;GM0599;3198.0;3198NH;BU05992307;GM0599;3198.0;3198NB;BU05992307;GM0599;3198.0;3198NB;False;False;False;51.96093120728276;4.098000763879545;WarmteAtlas:CO2EmissieBedrijven;;;
305;NL;LCP;19071;Botlek VCM Plant;Botlek Rotterdam;Welplaatweg;3197KS;12;;78610;431979;20.16;Vervaardiging van kunststof in primaire vorm;Chemische Industrie;Chemische Industrie basisproducten;CO2;0.0;77.9435;100.876139;0.0;102.455429;92.860123;98.05;88.07938;96.323087;Chemische Industrie;1308.018336;1308.018336;Chemie;3;Magenta;2024;BU05992306;GM0599;3197.0;3197KS;BU05992306;GM0599;3197.0;3197KS;BU05992306;GM0599;3197.0;3197KS;False;False;False;51.87111469521426;4.2779708125287845;WarmteAtlas:CO2EmissieBedrijven;;;
306;NL;;19072;FrieslandCampina Butter (Noordwijk);Noordwijk;Noorderweg;9824PA;27;;213196;576375;10.51;Vervaardiging van zuivelproducten (geen consumptie-ijs);Overige industrie;Voedings- en genotmiddelenindustrie;CO2;0.0;0.0;1.312453;2.059263;2.235868;2.390864;2.127842;1.950573;2.051298;Voedings- en genotmiddelenindustrie;32.009242;32.009242;Voeding;2;Green;2024;BU19691106;GM1969;9824.0;9824PA;BU19691106;GM1969;9824.0;9824PA;BU19691106;GM1969;9824.0;9824PA;False;False;False;53.17090458287661;6.257494140106898;WarmteAtlas:CO2EmissieBedrijven;;;
307;NL;;19073;Westlake Epoxy B.V.;Vondelingenplaat Rotterdam;Vondelingenweg;3196KK;601;;83345;432458;20.16;Vervaardiging van kunststof in primaire vorm;Chemische Industrie;Chemische Industrie basisproducten;CO2;0.0;0.0;37.758689;42.127999;39.320501;45.156996;38.95753;30.358271;20.337614;Chemische Industrie;276.174413;276.174413;Chemie;3;Magenta;2024;BU05992295;GM0599;3196.0;3196KK;BU05992295;GM0599;3196.0;3196KD;BU05992295;GM0599;3196.0;3196KD;False;False;False;51.87604866506623;4.3466153199578;WarmteAtlas:CO2EmissieBedrijven;;;
308;NL;;200002;A. van de Groep en Zonen BV;Bunschoten Spakenburg;Haringweg;3751BG;27;;155047;473810;46.38.2;Groothandel in vis-, schaal- en weekdieren;Handel, Diensten en Overheid (HDO);Energiegebruik en processen Handel, Diensten en Overheid (HDO);CO2;0.0;0.0;0.0;3.1758;3.782089;3.660697;0.0;0.0;0.0;Overig;0.0;0.0;Overige;0;Gray;2024;BU03130002;GM0313;3751.0;3751BG;BU03130002;GM0313;3751.0;3751BG;BU03130002;GM0313;3751.0;3751BG;False;False;False;52.252330967411105;5.387892158333697;WarmteAtlas:CO2EmissieBedrijven;;;
309;NL;;200019;Stichting Amsterdam UMC, locatie AMC;Amsterdam;Meibergdreef;1105AZ;9;;125713;478645;86.10.1;Universitair medische centra;Handel, Diensten en Overheid (HDO);Energiegebruik en processen Handel, Diensten en Overheid (HDO);CO2;0.0;0.0;37.93;0.0;0.0;0.0;36.906;35.947028;34.272674;Overig;543.052933;543.052933;Overige;3;Gray;2024;BU0363TA06;GM0363;1105.0;1105AZ;BU0363TA06;GM0363;1105.0;1105AZ;BU0363TA06;GM0363;1105.0;1105AZ;False;False;False;52.29500779244427;4.957897800138988;WarmteAtlas:CO2EmissieBedrijven;;;
310;NL;;200101;Döhler Holland B.V.;Oosterhout Nb;Albusstraat;4903RG;5;;119609;404117;10.32;Vervaardiging van fruit- en groentesap;Overige industrie;Voedings- en genotmiddelenindustrie;CO2;0.0;0.0;0.0;2.213193;0.0;0.0;0.0;0.0;0.0;Voedings- en genotmiddelenindustrie;0.0;0.0;Voeding;0;Green;2024;BU08260800;GM0826;4903.0;4903RG;BU08260800;GM0826;4903.0;4903RG;BU08260800;GM0826;4903.0;4903RG;False;False;False;51.624800348940234;4.87610772654187;WarmteAtlas:CO2EmissieBedrijven;;;
311;NL;;200114;EuroCeramic BV (Greswarenstraat);Reuver;Greswarenstraat;5953NW;3;;203606;366325;23.32;Vervaardiging van keramische producten voor de bouw (geen tegels en plavuizen);Overige industrie;Bouwmaterialenindustrie;CO2;0.0;0.0;0.051408;0.0;0.0;0.0;0.0;0.0;0.0;Bouwmaterialenindustrie;0.0;0.0;BouwMaterialen;0;SandyBrown;2024;BU08890001;GM0889;5953.0;5953PB;BU08890001;GM0889;5953.0;5953PB;BU08890001;GM0889;5953.0;5953PB;False;False;False;51.2841302825786;6.083909314279664;WarmteAtlas:CO2EmissieBedrijven;;;
312;NL;;200119;F. Wellink Lekkerkerk BV;Lekkerkerk;Jan Tomstraat;2941CD;10;;107224;434706;10.13;Vleesverwerking (niet tot maaltijden);Overige industrie;Voedings- en genotmiddelenindustrie;CO2;0.0;0.0;0.11249;0.0;0.0;0.0;0.0;0.0;0.0;Voedings- en genotmiddelenindustrie;0.0;0.0;Voeding;0;Green;2024;BU19310010;GM1931;2941.0;2941CD;BU19310010;GM1931;2941.0;2941CD;BU19310010;GM1931;2941.0;2941CD;False;False;False;51.89881310323434;4.693048544677439;WarmteAtlas:CO2EmissieBedrijven;;;
313;NL;;200125;Ovako Twente BV;Almelo;Bedrijvenpark Twente;7602KK;295;;238565;487466;25.61;Oppervlaktebehandeling en bekleding van metaal;Overige industrie;Metaalelektro;CO2;0.0;0.0;0.178;0.116109;0.0;0.0;0.0;0.0;0.0;Metaalelektro;0.0;0.0;Overige;0;Gray;2024;BU01411205;GM0141;7602.0;7602KK;BU01411205;GM0141;7602.0;7602KK;BU01411205;GM0141;7602.0;7602KK;False;False;False;52.368704754433494;6.6142208217135225;WarmteAtlas:CO2EmissieBedrijven;;;
314;NL;;200131;HAK;Giessen;H.C. Hakstraat;4283KA;1;;130356;422745;10.39;Verwerking van groente en fruit (niet tot sap en maaltijden);Overige industrie;Voedings- en genotmiddelenindustrie;CO2;0.0;7.425;6.949105;5.667917;7.004876;7.098;5.852;3.5;4.623;Voedings- en genotmiddelenindustrie;72.139068;72.139068;Voeding;2;Green;2024;BU19591001;GM1959;4283.0;4283GM;BU19591001;GM1959;4283.0;4283GM;BU19591001;GM1959;4283.0;4283GM;False;False;False;51.792809874273054;5.029985609390069;WarmteAtlas:CO2EmissieBedrijven;;;
315;NL;;200141;BV Steenfabriek Hedikhuizen;Heusden;Bokhovenseweg;5256TC;8;;142565;416517;23.32;Vervaardiging van keramische producten voor de bouw (geen tegels en plavuizen);Overige industrie;Bouwmaterialenindustrie;CO2;0.0;0.0;0.0;15.382;15.829;16.602;14.739;11.783;10.486;Bouwmaterialenindustrie;157.959738;157.959738;BouwMaterialen;2;SandyBrown;2024;BU07970700;GM0797;5257.0;5257NC;BU07970700;GM0797;5257.0;5257NC;BU07970700;GM0797;5257.0;5257NC;False;False;False;51.737235419277425;5.207177903794944;WarmteAtlas:CO2EmissieBedrijven;;;
316;NL;;200152;J.A. ter Maten Pluimveebedrijf B.V.;Bunschoten Spakenburg;Copernicusweg;3752LZ;6;;153720;471364;10.13;Vleesverwerking (niet tot maaltijden);Handel, Diensten en Overheid (HDO);Energiegebruik en processen Handel, Diensten en Overheid (HDO);CO2;0.0;0.0;0.0;0.0;0.0;0.232;0.215;0.166;0.173;Overig;2.741197;2.741197;Overige;1;Gray;2024;BU03130001;GM0313;3752.0;3752LZ;BU03130001;GM0313;3752.0;3752LZ;BU03130001;GM0313;3752.0;3752LZ;False;False;False;52.23034537474516;5.368468115931187;WarmteAtlas:CO2EmissieBedrijven;;;
317;NL;;200155;FrieslandCampina Cheese & Butter;Drachten;De Bolder;9206AN;40;;200712;570038;10.51;Vervaardiging van zuivelproducten (geen consumptie-ijs);Overige industrie;Voedings- en genotmiddelenindustrie;CO2;0.0;0.0;0.148;0.0;0.0;0.0;0.0;0.0;0.0;Voedings- en genotmiddelenindustrie;0.0;0.0;Voeding;0;Green;2024;BU00900011;GM0090;9206.0;9206AR;BU00901101;GM0090;9206.0;9206AR;BU00901101;GM0090;9206.0;9206AR;True;False;False;53.115174897945806;6.069919997849414;WarmteAtlas:CO2EmissieBedrijven;;;
318;NL;;200188;Kriek Poedercoaten B.V.;Alphen aan den Rijn;Bedrijfsweg;2404CB;11;;103924;460682;25.61;Oppervlaktebehandeling en bekleding van metaal;Overige industrie;Metaalelektro;CO2;0.0;0.0;0.0;0.34318;0.39005;0.38645;0.35739;0.35445;0.34213;Metaalelektro;5.381331;5.381331;Overige;1;Gray;2024;BU04840402;GM0484;2404.0;2404CB;BU04840402;GM0484;2404.0;2404CB;BU04840402;GM0484;2404.0;2404CB;False;False;False;52.1319796799751;4.641229765229511;WarmteAtlas:CO2EmissieBedrijven;;;
319;NL;;200214;Gasunie Exportstation (Hilvarenbeek);Esbeek;Oude Trambaan;5085NH;48;;137200;385800;06.10;Winning van aardolie;Energiesector;Olie- gaswinning land;CO2;0.0;0.0;0.0;0.0;0.0;0.0;0.0;0.0;0.0;Overig;0.0;0.0;Overige;0;Gray;2024;BU07980100;GM0798;5085.0;5085NH;BU07980100;GM0798;5085.0;5085NH;BU07980100;GM0798;5085.0;5085NH;False;False;False;51.460990970459676;5.131071232175006;WarmteAtlas:CO2EmissieBedrijven;;;
320;NL;;200228;Gouda Refractories BV;Gouda;Goudkade;2802AA;16;;107135;447577;23.20;Vervaardiging van vuurvaste keramische producten;Overige industrie;Bouwmaterialenindustrie;CO2;0.0;0.0;5.596;10.151;11.107;10.675;9.216;8.376;7.212;Bouwmaterialenindustrie;108.640628;108.640628;BouwMaterialen;2;SandyBrown;2024;BU05130202;GM0513;2802.0;2802AA;BU05130202;GM0513;2802.0;2802AA;BU05130202;GM0513;2802.0;2802AA;False;False;False;52.014485699327224;4.689961327776431;WarmteAtlas:CO2EmissieBedrijven;;;
321;NL;;200286;Wienerberger B.V. Steenfabriek De Nijverheid;Azewijn;Terborgseweg;7045AL;30;;218250;434896;23.32;Vervaardiging van keramische producten voor de bouw (geen tegels en plavuizen);Overige industrie;Bouwmaterialenindustrie;CO2;8.45856;10.171;0.0;20.172;17.573363;17.144887;12.872327;3.067503;4.463436;Bouwmaterialenindustrie;67.236612;67.236612;BouwMaterialen;2;SandyBrown;2024;BU19550009;GM1955;7045.0;7045AL;BU19550009;GM1955;7045.0;7045AL;BU19550009;GM1955;7045.0;7045AL;False;False;False;51.89897506119159;6.30619432685643;WarmteAtlas:CO2EmissieBedrijven;;;
322;NL;;200287;Steenfabriek Engels Helden BV;Panningen;Steenstraat;5981AE;8;b;195744;371754;23.32;Vervaardiging van keramische producten voor de bouw (geen tegels en plavuizen);Overige industrie;Bouwmaterialenindustrie;CO2;0.0;0.0;12.056;16.853524;20.326576;20.196847;20.789165;19.389684;14.923635;Bouwmaterialenindustrie;224.807693;224.807693;BouwMaterialen;2;SandyBrown;2024;BU18940101;GM1894;5981.0;5981AE;BU18940108;GM1894;5981.0;5981AE;BU18940108;GM1894;5981.0;5981AE;True;False;False;51.33354827410273;5.971846656974124;WarmteAtlas:CO2EmissieBedrijven;;;
323;NL;;200292;T. Boer & zn.;Nieuwerkerk aan den IJssel;'s-Gravenweg;2911CJ;114;;102117;441156;10.11;Slachterijen (geen pluimvee-);Overige industrie;Voedings- en genotmiddelenindustrie;CO2;0.0;0.0;1.07;0.64;0.675;0.722;0.749;0.762;0.758;Voedings- en genotmiddelenindustrie;11.828123;11.828123;Voeding;1;Green;2024;BU18920492;GM1892;2911.0;2911CJ;BU18920492;GM1892;2911.0;2911CJ;BU18920492;GM1892;2911.0;2911CJ;False;False;False;51.95632130736232;4.617861334054019;WarmteAtlas:CO2EmissieBedrijven;;;
324;NL;;200308;Verzinkerij Twente BV;Almelo;Edisonstraat;7601PS;7;;243401;484205;25.61;Oppervlaktebehandeling en bekleding van metaal;Overige industrie;Metaalelektro;CO2;0.0;0.0;0.116973;0.0;0.0;0.102;0.115;0.0891;0.0811;Metaalelektro;1.275614;1.275614;Overige;1;Gray;2024;BU01411105;GM0141;7601.0;7601PS;BU01411105;GM0141;7601.0;7601PS;BU01411105;GM0141;7601.0;7601PS;False;False;False;52.33864487746048;6.684355447888092;WarmteAtlas:CO2EmissieBedrijven;;;
325;NL;;200312;Koninklijke Mosa B.V.;Maastricht;Bersebastraat;6222EL;11;;177474;319133;23.31;Vervaardiging van keramische tegels en plavuizen;Overige industrie;Bouwmaterialenindustrie;CO2;0.0;0.0;0.0;12.200993;11.11805;10.9723;12.18886;11.634063;0.0;Bouwmaterialenindustrie;0.0;0.0;BouwMaterialen;0;SandyBrown;2024;BU09350404;GM0935;6222.0;6222EN;BU09350404;GM0935;6222.0;6222EN;BU09350404;GM0935;6222.0;6222EN;False;False;False;50.86157711139866;5.706391589013555;WarmteAtlas:CO2EmissieBedrijven;;;
326;NL;;200314;Supply Point Cuijk B.V.;Katwijk;Korte Oijen;5433NE;6;;187849;418427;52.10.2;Opslag in koelhuizen e.d.;Handel, Diensten en Overheid (HDO);Energiegebruik en processen Handel, Diensten en Overheid (HDO);CO2;0.0;0.0;0.0;0.292004;0.22334;0.23531;0.23698;0.0;0.0;Overig;0.0;0.0;Overige;0;Gray;2024;BU19820605;GM1982;5433.0;5433NE;BU19820605;GM1982;5433.0;5433NE;BU19820605;GM1982;5433.0;5433NE;False;False;False;51.7535753282322;5.862937923860528;WarmteAtlas:CO2EmissieBedrijven;;;
327;NL;;200333;Wienerberger Steenfabriek Bemmel;Haalderen;Buitenpolder;6685MA;10;;191377;432158;23.32;Vervaardiging van keramische producten voor de bouw (geen tegels en plavuizen);Overige industrie;Bouwmaterialenindustrie;CO2;16.20864;0.0;7.377;5.909;5.239637;5.366912;5.339563;4.076724;3.285744;Bouwmaterialenindustrie;49.496019;49.496019;BouwMaterialen;2;SandyBrown;2024;BU17050601;GM1705;6685.0;6685MA;BU17050601;GM1705;6685.0;6685MA;BU17050601;GM1705;6685.0;6685MA;False;False;False;51.87677181381026;5.915475213971467;WarmteAtlas:CO2EmissieBedrijven;;;
328;NL;;200355;Wienerberger Dakpannenfabriek Narvik Tegelen;Tegelen;Trappistenweg;5932NB;7;;208516;372291;23.32;Vervaardiging van keramische producten voor de bouw (geen tegels en plavuizen);Overige industrie;Bouwmaterialenindustrie;CO2;0.0;0.0;10.086;9.126;8.853912;8.548047;9.133916;8.516529;5.816334;Bouwmaterialenindustrie;87.616495;87.616495;BouwMaterialen;2;SandyBrown;2024;BU09833205;GM0983;5932.0;5932CT;BU09833205;GM0983;5932.0;5932CT;BU09833205;GM0983;5932.0;5932CT;False;False;False;51.337310534900254;6.155182708776737;WarmteAtlas:CO2EmissieBedrijven;;;
329;NL;;200376;Wienerberger Dakpanfabriek Janssen-Dings;Tegelen;Kaldenkerkerweg;5932KS;11;;208132;372710;23.32;Vervaardiging van keramische producten voor de bouw (geen tegels en plavuizen);Overige industrie;Bouwmaterialenindustrie;CO2;0.0;0.0;25.085246;11.634;10.739495;11.362874;11.403353;11.814196;9.037442;Bouwmaterialenindustrie;136.13885;136.13885;BouwMaterialen;2;SandyBrown;2024;BU09833203;GM0983;5932.0;5932EA;BU09833203;GM0983;5932.0;5932EA;BU09833203;GM0983;5932.0;5932EA;False;False;False;51.3411127501786;6.1497354312921715;WarmteAtlas:CO2EmissieBedrijven;;;
330;NL;;200377;Monier BV (Tegelen);Tegelen;Steenweg;5932AC;29;;207490;372282;23.32;Vervaardiging van keramische producten voor de bouw (geen tegels en plavuizen);Overige industrie;Bouwmaterialenindustrie;CO2;0.0;0.0;22.283286;10.549;11.801;12.68;12.815;8.731;8.374;Bouwmaterialenindustrie;126.144845;126.144845;BouwMaterialen;2;SandyBrown;2024;BU09833202;GM0983;5932.0;5932AC;BU09833202;GM0983;5932.0;5932AC;BU09833202;GM0983;5932.0;5932AC;False;False;False;51.337325805653016;6.140458968031756;WarmteAtlas:CO2EmissieBedrijven;;;
331;NL;;200407;COATEX Netherlands BV;Moerdijk;Middenweg;4782PM;47;a;99473;411511;20.16;Vervaardiging van kunststof in primaire vorm;Chemische Industrie;Chemische Industrie basisproducten;CO2;0.0;0.0;1.548279;1.05016;0.611;0.62;0.583;0.484;0.30839;Chemische Industrie;4.187779;4.187779;Chemie;1;Magenta;2024;BU17090303;GM1709;4782.0;4782PM;BU17090303;GM1709;4782.0;4782PM;BU17090303;GM1709;4782.0;4782PM;False;False;False;51.689624916098886;4.584161384819306;WarmteAtlas:CO2EmissieBedrijven;;;
332;NL;;200420;RMD BV;Farmsum;Oosterhorn;9936HD;24;;260884;592191;46.72.2;Groothandel in ferrometalen en -halffabrikaten;Handel, Diensten en Overheid (HDO);Energiegebruik en processen Handel, Diensten en Overheid (HDO);CO2;0.0;0.0;0.0;5.251185;4.447123;4.667092;4.882423;4.513762;4.098823;Overig;64.946141;64.946141;Overige;2;Gray;2024;BU19790831;GM1979;9936.0;9936HD;BU19790831;GM1979;9936.0;9936HD;BU19790831;GM1979;9936.0;9936HD;False;False;False;53.30567914027004;6.975651106919612;WarmteAtlas:CO2EmissieBedrijven;;;
333;NL;;200441;Amcor Tobacco Packaging Brabant BV;Bergen op Zoom;Burgerhout;4613BZ;25;;77808;391261;17.21.1;Vervaardiging van verpakkingsmiddelen van papier en karton;Overige industrie;Papier(waren);CO2;0.0;0.0;0.0;1.091742;0.0;0.770403;0.91123;0.786696;0.701252;Papier(waren);11.111387;11.111387;Papier;1;White;2024;BU07480306;GM0748;4613.0;4613BZ;BU07480306;GM0748;4613.0;4613BZ;BU07480306;GM0748;4613.0;4613BZ;False;False;False;51.505067203739124;4.275356918781642;WarmteAtlas:CO2EmissieBedrijven;;;
334;NL;;200451;Main B.V. (Jan van Riebeeckhavenweg);Amsterdam;Jan van Riebeeckhavenweg;1041AD;1;- 3;118708;491204;38.22;Behandeling van schadelijk afval;Afvalverwijdering;AVI's;CO2;0.0;0.0;0.0;0.0;0.046344;0.085676;0.074448;0.0;0.0;Overig;0.0;0.0;Afval;0;Maroon;2024;BU0363BA04;GM0363;1041.0;1041AD;BU0363BA04;GM0363;1041.0;1041AD;BU0363BA04;GM0363;1041.0;1041AD;False;False;False;52.40746178942327;4.853863578349511;WarmteAtlas:CO2EmissieBedrijven;;;
335;NL;;200480;Bostik Nederland BV;Roosendaal;Zeggeveld;4705RP;10;;93132;395419;20.52;Vervaardiging van lijm en bereide kleefmiddelen;Chemische Industrie;Chemische Industrie overig;CO2;0.0;0.0;0.0;0.93269;1.18;0.0;0.719;0.659697;0.742;Chemische Industrie;10.075981;10.075981;Chemie;1;Magenta;2024;BU16740802;GM1674;4705.0;4705RP;BU16740802;GM1674;4705.0;4705RP;BU16740802;GM1674;4705.0;4705RP;False;False;False;51.54433074877987;4.4953165374044985;WarmteAtlas:CO2EmissieBedrijven;;;
336;NL;;200490;Deege Coating Moerdijk BV;Klundert;Kievitweg;4791RW;2;;97660;408705;25.61;Oppervlaktebehandeling en bekleding van metaal;Overige industrie;Metaalelektro;CO2;0.0;0.0;0.0;0.359;0.0;0.392744;0.385958;0.32746;0.3698;Metaalelektro;5.816549;5.816549;Overige;1;Gray;2024;BU17090303;GM1709;4791.0;4791RW;BU17090303;GM1709;4791.0;4791RW;BU17090303;GM1709;4791.0;4791RW;False;False;False;51.664222622398135;4.5584059963394505;WarmteAtlas:CO2EmissieBedrijven;;;
337;NL;;200507;E.on Locatie Delft;Delft;Schieweg;2627AT;49;;85117;444930;35.11.1;Productie van elektriciteit door thermische, kern- en warmtekrachtcentrales;Energiesector;Opwekking electriciteit;CO2;0.0;0.0;1.7;0.0;0.0;0.0;0.0;0.0;0.0;Opwekking electriciteit;0.0;0.0;Energy;0;Yellow;2024;BU05032703;GM0503;2627.0;2627AT;BU05032703;GM0503;2627.0;2627AT;BU05032703;GM0503;2627.0;2627AT;False;False;False;51.98836075237352;4.369809424428314;WarmteAtlas:CO2EmissieBedrijven;;;
338;NL;;200508;Uniper HWC Bezuidenhout-West;Den Haag;Schenkkade;2595AP;1;a;82782;454755;35.11.1;Productie van elektriciteit door thermische, kern- en warmtekrachtcentrales;Energiesector;Opwekking electriciteit;CO2;0.0;0.0;21.260054;3.051;16.556;12.220332;8.262;6.871;7.863;Opwekking electriciteit;55.041;0.0;Energy;2;Yellow;2024;BU05182664;GM0518;2595.0;2595AP;BU05182664;GM0518;2595.0;2595AP;BU05182664;GM0518;2595.0;2595AP;False;False;False;52.07635798859943;4.333746064964463;WarmteAtlas:CO2EmissieBedrijven;;;
339;NL;;200512;ESA BV;Apeldoorn;Saba;7332BH;9;;196020;466562;10.11;Slachterijen (geen pluimvee-);Overige industrie;Voedings- en genotmiddelenindustrie;CO2;0.0;0.0;0.0;0.431;0.0;0.715;0.715;0.461;0.323;Voedings- en genotmiddelenindustrie;5.040216;5.040216;Voeding;1;Green;2024;BU02000409;GM0200;7332.0;7332BH;BU02000409;GM0200;7332.0;7332BH;BU02000409;GM0200;7332.0;7332BH;False;False;False;52.18566207205021;5.987026283548426;WarmteAtlas:CO2EmissieBedrijven;;;
340;NL;;200522;Ennatuurlijk (Tilburg);Tilburg;Rodenberg;5047SZ;51;;129552;400368;35.14;Handel in elektriciteit en in gas via leidingen;Energiesector;Opwekking electriciteit;CO2;0.0;0.0;5.212;2.659635;6.18035;4.578594;2.959534;0.0;0.0;Opwekking electriciteit;0.0;0.0;Energy;0;Yellow;2024;BU08556004;GM0855;5047.0;5047SZ;BU08556004;GM0855;5047.0;5047SZ;BU08556004;GM0855;5047.0;5047SZ;False;False;False;51.5916417677845;5.019967607212627;WarmteAtlas:CO2EmissieBedrijven;;;
341;NL;;200526;Exportslachterij Clazing BV;Zevenhuizen;Bierhoogtweg;2761JH;17;;101169;445769;10.12;Pluimveeslachterijen;Overige industrie;Voedings- en genotmiddelenindustrie;CO2;0.0;0.0;0.95;0.0;2.003;2.198;1.087;0.8377;1.822317;Voedings- en genotmiddelenindustrie;28.436134;28.436134;Voeding;1;Green;2024;BU18920292;GM1892;2761.0;2761JH;BU18920292;GM1892;2761.0;2761JH;BU18920292;GM1892;2761.0;2761JH;False;False;False;51.997689614775865;4.603347092815621;WarmteAtlas:CO2EmissieBedrijven;;;
342;NL;;200537;Cargill BV - Cargill Cocoa (Aurora);Zaandam;Kalf;1509AA;17;;116327;497520;10.82.1;Verwerking van cacao;Overige industrie;Voedings- en genotmiddelenindustrie;CO2;0.0;0.0;15.660622;14.800436;14.071;15.150732;14.070984;12.211361;11.815539;Voedings- en genotmiddelenindustrie;184.374209;184.374209;Voeding;2;Green;2024;BU04791610;GM0479;1509.0;1509AA;BU04791611;GM0479;1509.0;1509AA;BU04791611;GM0479;1509.0;1509AA;True;False;False;52.46406152912916;4.818145277762632;WarmteAtlas:CO2EmissieBedrijven;;;
343;NL;;200538;GMB Slibverwerking Zutphen BV;Zutphen;Oostzeestraat;7202CM;3;b;210294;463909;38.21;Behandeling van onschadelijk afval;Afvalverwijdering;AVI's;CO2;0.0;0.0;28.646;31.118425;32.972066;30.442586;34.463306;36.402463;35.624606;Overig;564.474391;564.474391;Afval;3;Maroon;2024;BU03010002;GM0301;7202.0;7202CM;BU03010002;GM0301;7202.0;7202CM;BU03010002;GM0301;7202.0;7202CM;False;False;False;52.160573453865624;6.195301010861863;WarmteAtlas:CO2EmissieBedrijven;;;
344;NL;;200540;Goglio North Europe BV;Zaandam;Provincialeweg;1506MG;200;;115871;495305;22.22;Vervaardiging van verpakkingsmiddelen van kunststof;Overige industrie;Rubber- en kunstofverw. Industrie;CO2;0.0;0.0;0.0;0.0;0.0;0.0;2.605076;2.850252;2.59104;Overig;41.055214;41.055214;Overige;2;Gray;2024;BU04792220;GM0479;1506.0;1506MG;BU04792220;GM0479;1506.0;1506MG;BU04792220;GM0479;1506.0;1506MG;False;False;False;52.44412284346483;4.811694694671989;WarmteAtlas:CO2EmissieBedrijven;;;
345;NL;;200551;Heiploeg International BV;Zoutkamp;Panserweg;9974SL;14;;215899;595842;46.38.2;Groothandel in vis-, schaal- en weekdieren;Handel, Diensten en Overheid (HDO);Energiegebruik en processen Handel, Diensten en Overheid (HDO);CO2;0.0;0.0;0.0;0.825929;3.11583;3.30648;3.09654;2.89941;2.82441;Overig;44.752975;44.752975;Overige;2;Gray;2024;BU19660101;GM1966;9974.0;9974SL;BU19660101;GM1966;9974.0;9974SL;BU19660101;GM1966;9974.0;9974SL;False;False;False;53.34550536114061;6.301607848184004;WarmteAtlas:CO2EmissieBedrijven;;;
346;NL;;200554;Hilton Meats Zaandam B.V.;Zaandam;Grote Tocht;1507CG;31;;115134;493399;46.32;Groothandel in vlees en vleesproducten en in wild en gevogelte (niet levend);Handel, Diensten en Overheid (HDO);Energiegebruik en processen Handel, Diensten en Overheid (HDO);CO2;0.0;0.0;0.0;0.0;0.0;1.135747;0.931155;0.0;0.485879;Overig;7.69879;7.69879;Overige;1;Gray;2024;BU04792310;GM0479;1507.0;1507CJ;BU04792311;GM0479;1507.0;1507CJ;BU04792311;GM0479;1507.0;1507CJ;True;False;False;52.42694037955379;4.8010822505847806;WarmteAtlas:CO2EmissieBedrijven;;;
347;NL;;200557;Holland Malt (Bavaria);Eemshaven;Westlob;9979XG;4;a;250261;608613;11.06;Mouterijen;Overige industrie;Voedings- en genotmiddelenindustrie;CO2;0.0;0.0;0.0;0.0;0.0;31.3533;31.0997;30.899204;11.19;Voedings- en genotmiddelenindustrie;174.613058;174.613058;Voeding;2;Green;2024;BU19661401;GM1966;9979.0;9979XJ;BU19661401;GM1966;9979.0;9979XJ;BU19661401;GM1966;9979.0;9979XJ;False;False;False;53.45519409859374;6.8212480568909815;WarmteAtlas:CO2EmissieBedrijven;;;
348;NL;;200582;LPF Flexible Packaging BV;Grootegast;Legolaan;9861AT;14;;213703;581176;22.22;Vervaardiging van verpakkingsmiddelen van kunststof;Overige industrie;Rubber- en kunstofverw. Industrie;CO2;0.0;0.0;0.0;1.863;3.936;3.93;0.0;3.81765;1.035324;Overig;16.404782;16.404782;Overige;1;Gray;2024;BU19690000;GM1969;9861.0;9861AT;BU19690000;GM1969;9861.0;9861AT;BU19690000;GM1969;9861.0;9861AT;False;False;False;53.21398510262516;6.265950950033692;WarmteAtlas:CO2EmissieBedrijven;;;
349;NL;;200587;Martens Havenontvangstinst. Vlissingen BV;Nieuwdorp;Spanjeweg;4455TW;2;;38482;385075;38.11;Inzameling van onschadelijk afval;Bouw;Overig bouw;CO2;0.0;0.0;0.42;0.545;0.070256;0.0;0.054958;0.194736;0.107;Overig;1.695423;1.695423;Overige;1;Gray;2024;BU06540903;GM0654;4455.0;4455TW;BU06540903;GM0654;4455.0;4455TW;BU06540903;GM0654;4455.0;4455TW;False;False;False;51.4427179225781;3.7111601676053443;WarmteAtlas:CO2EmissieBedrijven;;;
350;NL;;200606;Theo Pouw Secundaire Bouwstoffen B.V.;Eemshaven;Kwelderweg;9979XN;15;;251393;607100;38.32;Gesorteerd materiaal voorbereiden tot recycling;Afvalverwijdering;Overige afvalbedrijven;CO2;0.0;0.0;0.0;92.728393;105.245924;62.481131;87.872166;89.466335;129.202;Overig;2047.214789;2047.214789;Afval;3;Maroon;2024;BU19661401;GM1966;9979.0;9979XN;BU19661401;GM1966;9979.0;9979XN;BU19661401;GM1966;9979.0;9979XN;False;False;False;53.44139962875184;6.837824345063424;WarmteAtlas:CO2EmissieBedrijven;;;
351;NL;;200610;UMC St Radboud & Radboud Universiteit Nijmegen;Nijmegen;Erasmuslaan;6525GE;17;;187976;425797;86.10.1;Universitair medische centra;Handel, Diensten en Overheid (HDO);Energiegebruik en processen Handel, Diensten en Overheid (HDO);CO2;0.0;0.0;0.0;20.800463;13.8201;16.656;13.710097;11.3332;10.8908;Overig;172.565493;172.565493;Overige;2;Gray;2024;BU02680517;GM0268;6525.0;6525GG;BU02680517;GM0268;6525.0;6525GG;BU02680517;GM0268;6525.0;6525GG;False;False;False;51.81981048053556;5.865479206509504;WarmteAtlas:CO2EmissieBedrijven;;;
352;NL;;200640;Exportslachterij J. Gosschalk en Zn. BV;Epe;Oenerweg;8161PM;2;- 4;196215;484571;10.11;Slachterijen (geen pluimvee-);Overige industrie;Voedings- en genotmiddelenindustrie;CO2;0.0;0.0;0.0;1.897545;2.93;2.36;1.99;0.0;0.0;Voedings- en genotmiddelenindustrie;0.0;0.0;Voeding;0;Green;2024;BU02320007;GM0232;8161.0;8161PM;BU02320007;GM0232;8161.0;8161PM;BU02320007;GM0232;8161.0;8161PM;False;False;False;52.34750057283636;5.992075141310869;WarmteAtlas:CO2EmissieBedrijven;;;
353;NL;;200653;Saturn Petcare;Hattem;Stationslaan;8051NC;1;;201248;498216;10.92;Vervaardiging van voeders voor huisdieren;Overige industrie;Voedings- en genotmiddelenindustrie;CO2;0.0;0.0;0.0;0.0;5.350801;0.0;5.14;5.328;5.068236;Voedings- en genotmiddelenindustrie;79.086701;79.086701;Voeding;2;Green;2024;BU02440003;GM0244;8051.0;8051NC;BU02440003;GM0244;8051.0;8051NC;BU02440003;GM0244;8051.0;8051NC;False;False;False;52.46972718490272;6.067816805430603;WarmteAtlas:CO2EmissieBedrijven;;;
354;NL;;200664;Handelsonderneming A. Smit & Zoon B.V.;Amersfoort;Neonweg;3812RG;41;;152700;465019;20.59;Vervaardiging van overige chemische producten n.e.g.;Chemische Industrie;Chemische Industrie overig;CO2;0.0;0.0;2.495034;2.317236;1.877167;2.286497;1.685418;1.66037;1.737516;Chemische Industrie;23.59458;23.59458;Chemie;1;Magenta;2024;BU03070505;GM0307;3812.0;3812RG;BU03070505;GM0307;3812.0;3812RG;BU03070505;GM0307;3812.0;3812RG;False;False;False;52.17331415513164;5.353580970946351;WarmteAtlas:CO2EmissieBedrijven;;;
355;NL;;200673;Mineralz Zweekhorst B.V.;Zevenaar;Doesburgseweg;6902PN;16;;202921;440550;38.21;Behandeling van onschadelijk afval;Afvalverwijdering;AVI's;CO2;0.0;0.0;0.0;0.0;0.0;0.3406;0.334025;0.0;0.180523;Overig;2.860402;2.860402;Afval;1;Maroon;2024;BU02990017;GM0299;6902.0;6902PN;BU02990017;GM0299;6902.0;6902PN;BU02990017;GM0299;6902.0;6902PN;False;False;False;51.95132283687046;6.0842778412307155;WarmteAtlas:CO2EmissieBedrijven;;;
356;NL;;200683;Theo Pouw Beheer BV;Utrecht;Isotopenweg;3542AS;29;- 33;133422;458289;38.32;Gesorteerd materiaal voorbereiden tot recycling;Afvalverwijdering;Overige afvalbedrijven;CO2;0.0;0.0;0.0;0.143607;0.0;0.104452;0.082382;0.0567;0.053979;Overig;0.855301;0.855301;Afval;1;Maroon;2024;BU03440133;GM0344;3542.0;3542AS;BU03440133;GM0344;3542.0;3542AS;BU03440133;GM0344;3542.0;3542AS;False;False;False;52.112409570063924;5.072194207484622;WarmteAtlas:CO2EmissieBedrijven;;;
357;NL;;200702;Renewi Nieuwegein;Nieuwegein;Grote Wade;3439NZ;45;;136145;451047;38.11;Inzameling van onschadelijk afval;Afvalverwijdering;AVI's;CO2;0.0;0.0;0.0;0.223058;0.174773;0.2886;0.293117;0.0;0.0;Overig;0.0;0.0;Afval;0;Maroon;2024;BU03562001;GM0356;3439.0;3439NZ;BU03562001;GM0356;3439.0;3439NZ;BU03562001;GM0356;3439.0;3439NZ;False;False;False;52.04741827327569;5.112345855157344;WarmteAtlas:CO2EmissieBedrijven;;;
358;NL;;200719;Wuppermann Staal Nederland BV;Moerdijk;Vlasweg;4782PW;15;;100338;411937;25.61;Oppervlaktebehandeling en bekleding van metaal;Overige industrie;Metaalelektro;CO2;0.0;0.0;0.0;2.45194;2.0798;2.39127;1.77204;1.51171;1.46152;Metaalelektro;22.988111;22.988111;Overige;1;Gray;2024;BU17090303;GM1709;4782.0;4782PW;BU17090303;GM1709;4782.0;4782PW;BU17090303;GM1709;4782.0;4782PW;False;False;False;51.693538812377426;4.596603106236911;WarmteAtlas:CO2EmissieBedrijven;;;
359;NL;;200758;Lubrizol Advanced Materials Resins BV;Farmsum;Oosterhorn;9936HD;4;;258707;593694;46.12;Handelsbemiddeling in brandstoffen, ertsen, metalen en chemische producten;Handel, Diensten en Overheid (HDO);Energiegebruik en processen Handel, Diensten en Overheid (HDO);CO2;0.0;0.0;0.0;0.555;0.0;0.372;0.382;0.377;0.42917;Overig;6.800229;6.800229;Overige;1;Gray;2024;BU19790831;GM1979;9936.0;9936HD;BU19790831;GM1979;9936.0;9936HD;BU19790831;GM1979;9936.0;9936HD;False;False;False;53.3196070450104;6.943491509137506;WarmteAtlas:CO2EmissieBedrijven;;;
360;NL;;200781;FNSteel BV;Alblasserdam;Rapenburg;2952AP;1;;104909;430273;24.34;Koudtrekken van draad;Overige industrie;Basismetaal;CO2;0.0;0.0;0.0;0.0;14.697;20.326828;16.476668;15.920203;13.563502;Basismetaal;152.769867;152.769867;Basismetaal;2;Black;2024;BU04820104;GM0482;2952.0;2952AB;BU04820104;GM0482;2952.0;2952AB;BU04820104;GM0482;2952.0;2952AB;False;False;False;51.85876708902341;4.6600597548698435;WarmteAtlas:CO2EmissieBedrijven;;;
361;NL;;200900;Arkema BV Location Brummen;Brummen;Mercuriusweg;6971GV;14;;207534;457475;46.75.1;Groothandel in chemische grondstoffen en chemicaliën voor industriële toepassing;Handel, Diensten en Overheid (HDO);Energiegebruik en processen Handel, Diensten en Overheid (HDO);CO2;0.0;0.0;0.401;0.0;0.227772;0.262;0.242;0.208;0.19;Overig;3.010563;3.010563;Overige;1;Gray;2024;BU02130307;GM0213;6971.0;6971GV;BU02130307;GM0213;6971.0;6971GV;BU02130307;GM0213;6971.0;6971GV;False;False;False;52.1030185674938;6.153974646143247;WarmteAtlas:CO2EmissieBedrijven;;;
362;NL;;201012;Renewi Drachten-De Lier;Drachten;De Lier;9206BH;2;;199856;569827;38.11;Inzameling van onschadelijk afval;Afvalverwijdering;AVI's;CO2;0.0;0.0;0.0;0.417439;0.479499;0.371751;0.473403;0.398397;0.389086;Overig;6.165095;6.165095;Afval;1;Maroon;2024;BU00900011;GM0090;9206.0;9206BH;BU00901101;GM0090;9206.0;9206BH;BU00901101;GM0090;9206.0;9206BH;True;False;False;53.11335117425597;6.057107120768638;WarmteAtlas:CO2EmissieBedrijven;;;
363;NL;;201043;REMONDIS PMR B.V.;Moerdijk;Middenweg;4782PM;7;;99450;409663;38.32;Gesorteerd materiaal voorbereiden tot recycling;Afvalverwijdering;Overige afvalbedrijven;CO2;0.0;0.0;0.0;0.0;0.0;1.17;1.35;1.26;1.14;Overig;18.06338;18.06338;Afval;1;Maroon;2024;BU17090303;GM1709;4782.0;4782PM;BU17090303;GM1709;4782.0;4782PM;BU17090303;GM1709;4782.0;4782PM;False;False;False;51.673013208021835;4.584123579608654;WarmteAtlas:CO2EmissieBedrijven;;;
364;NL;;201151;Enrichment Technology Company Nederland;Almelo;Planthofsweg;7601PJ;77;;243571;484119;28.99;Vervaardiging van overige machines, apparaten en werktuigen voor specifieke doeleinden n.e.g.;Overige industrie;Metaalelektro;CO2;0.0;0.0;3.146934;1.82;1.17;1.53;1.28;1.04;0.903349;Metaalelektro;14.208691;14.208691;Overige;1;Gray;2024;BU01411105;GM0141;7601.0;7601PJ;BU01411105;GM0141;7601.0;7601PJ;BU01411105;GM0141;7601.0;7601PJ;False;False;False;52.337844726122356;6.686826694642596;WarmteAtlas:CO2EmissieBedrijven;;;
365;NL;;201165;Vaassen Flexible Packaging;Vaassen;Dorpsstraat;8170AA;88;;194670;477630;24.42;Vervaardiging van aluminium;Overige industrie;Basismetaal;CO2;0.0;0.0;0.0;0.0;0.0;0.0;4.397447;5.632693;3.939284;Basismetaal;44.369359;44.369359;Basismetaal;2;Black;2024;BU02320203;GM0232;8171.0;8171BT;BU02320203;GM0232;8171.0;8171BT;BU02320203;GM0232;8171.0;8171BT;False;False;False;52.2852335903594;5.96858453027955;WarmteAtlas:CO2EmissieBedrijven;;;
366;NL;;201172;Smit & Zoon;Weesp;Nijverheidslaan;1382LK;48;;132205;480475;20.59;Vervaardiging van overige chemische producten n.e.g.;Chemische Industrie;Chemische Industrie overig;CO2;0.0;0.0;0.0;1.344936;1.263579;1.324838;1.180929;1.132629;1.031818;Chemische Industrie;14.011562;14.011562;Chemie;1;Magenta;2024;BU0363SB06;GM0363;1382.0;1382LK;BU0363SB06;GM0363;1382.0;1382LK;BU0363SB06;GM0363;1382.0;1382LK;False;False;False;52.311762165171494;5.052935969596958;WarmteAtlas:CO2EmissieBedrijven;;;
367;NL;;201189;ARCG Stainkoeln II;Groningen;Winschoterweg;9723CG;1;;237456;579820;38.21;Behandeling van onschadelijk afval;Afvalverwijdering;AVI's;CO2;0.0;0.0;0.795562;1.496396;1.36278;1.266592;1.303464;1.106043;0.780028;Overig;12.359599;12.359599;Afval;1;Maroon;2024;BU00140509;GM0014;9723.0;9723CG;BU00140509;GM0014;9723.0;9723CG;BU00140509;GM0014;9723.0;9723CG;False;False;False;53.19867250743497;6.621101092431067;WarmteAtlas:CO2EmissieBedrijven;;;
368;NL;LCP;201241;Emmtec Services BV;Emmen;1e Bokslootweg;7821AT;17;;257552;533045;35.11.1;Productie van elektriciteit door thermische, kern- en warmtekrachtcentrales;Energiesector;Opwekking electriciteit;CO2;0.0;0.0;178.220732;170.470832;139.082;149.9876;147.3524;142.407534;145.365612;Opwekking electriciteit;1017.559284;0.0;Energy;3;Yellow;2024;BU01145300;GM0114;7821.0;7821AT;BU01145300;GM0114;7821.0;7821AT;BU01145300;GM0114;7821.0;7821AT;False;False;False;52.77499622537848;6.906986728251183;WarmteAtlas:CO2EmissieBedrijven;;;
369;NL;;201304;Biomassacentrale Moerdijk;Moerdijk;Middenweg;4782PM;36;a;99292;411125;35.11.3;Productie van elektriciteit door zonnecellen, warmtepompen en waterkracht;Energiesector;Opwekking electriciteit;CO2;0.0;0.0;350.862552;358.453081;351.266297;314.150129;325.913224;332.525564;334.19033;Opwekking electriciteit;2339.33231;0.0;Energy;4;Yellow;2024;BU17090303;GM1709;4782.0;4782PM;BU17090303;GM1709;4782.0;4782PM;BU17090303;GM1709;4782.0;4782PM;False;False;False;51.686137660036984;4.581605750474381;WarmteAtlas:CO2EmissieBedrijven;;;
370;NL;;201326;Aludyne Netherlands B.V.;Oss;Rijnstraat;5347KL;19;;166299;421695;24.53;Gieten van lichte metalen;Overige industrie;Basismetaal;CO2;0.0;0.298;5.178385;6.84;3.62455;3.98;4.064823;4.37;4.33;Basismetaal;48.770113;48.770113;Basismetaal;2;Black;2024;BU08280500;GM0828;5347.0;5347KL;BU08280500;GM0828;5347.0;5347KL;BU08280500;GM0828;5347.0;5347KL;False;False;False;51.78380096327073;5.550948907246372;WarmteAtlas:CO2EmissieBedrijven;;;
371;NL;LCP;201386;Sloe Centrale BV (Vlissingen);Ritthem;Albanieweg;4389PR;10;;37262;385782;35.14;Handel in elektriciteit en in gas via leidingen;Energiesector;Opwekking electriciteit;CO2;0.0;0.0;1971.18;902.1854;1798.5;1271.4176;1106.762;1193.583105;1027.444908;Opwekking electriciteit;7192.114356;0.0;Energy;5;Yellow;2024;BU07180800;GM0718;4389.0;4389PR;BU07180800;GM0718;4389.0;4389PR;BU07180800;GM0718;4389.0;4389PR;False;False;False;51.448817312325374;3.6933822599151145;WarmteAtlas:CO2EmissieBedrijven;;;
372;NL;;201418;Plaatijzerindustrie Apeldoorn;Apeldoorn;Kayersdijk;7332AP;131;;195475;467336;25.11;Vervaardiging van metalen constructiewerken en delen daarvan;Overige industrie;Metaalelektro;CO2;0.0;0.0;0.0;0.0295;0.0;0.0;0.0;0.0;0.0;Metaalelektro;0.0;0.0;Overige;0;Gray;2024;BU02000408;GM0200;7332.0;7332AP;BU02000408;GM0200;7332.0;7332AP;BU02000408;GM0200;7332.0;7332AP;False;False;False;52.192658630648495;5.9791497115715195;WarmteAtlas:CO2EmissieBedrijven;;;
373;NL;;201425;Afvalverwerking Vink B.V.;Esveld;Wencopperweg;3770AB;33;;170948;464159;38.21;Behandeling van onschadelijk afval;Afvalverwijdering;AVI's;CO2;0.0;0.0;0.0;22.1;28.020002;25.47851;11.458626;12.075004;12.036974;Overig;190.726701;190.726701;Afval;2;Maroon;2024;BU02035400;GM0203;3771.0;3771PN;BU02035400;GM0203;3771.0;3771PN;BU02035400;GM0203;3771.0;3771PN;False;False;False;52.16535870823836;5.620298463782332;WarmteAtlas:CO2EmissieBedrijven;;;
374;NL;;201503;Valtris AO Maastricht B.V.;Maastricht;Ankerkade;6222NL;111;;177553;321190;20.59;Vervaardiging van overige chemische producten n.e.g.;Chemische Industrie;Chemische Industrie overig;CO2;0.0;0.0;3.5332;4.017824;3.323112;3.746256;3.433807;2.195134;2.023096;Chemische Industrie;27.472611;27.472611;Chemie;2;Magenta;2024;BU09350500;GM0935;6222.0;6222NL;BU09350500;GM0935;6222.0;6222NL;BU09350500;GM0935;6222.0;6222NL;False;False;False;50.880063689020155;5.707641559912225;WarmteAtlas:CO2EmissieBedrijven;;;
375;NL;;201541;Olenex Edible Oils B.V.;Vondelingenplaat Rotterdam;Vondelingenweg;3196KK;540;;82133;433531;10.41;Vervaardiging van plantaardige en dierlijke oliën en vetten (geen margarine en andere spijsvetten);Overige industrie;Voedings- en genotmiddelenindustrie;CO2;0.0;0.0;0.0;12.184;11.61;11.2;11.91;11.106;9.819;Voedings- en genotmiddelenindustrie;153.219447;153.219447;Voeding;2;Green;2024;BU05992295;GM0599;3196.0;3196KK;BU05992295;GM0599;3196.0;3196KK;BU05992295;GM0599;3196.0;3196KK;False;False;False;51.88553454449575;4.328790441209972;WarmteAtlas:CO2EmissieBedrijven;;;
376;NL;LCP;201571;Vattenfall Warmte N.V. (HWC Duiven Westervoort);Westervoort;Het Hazeland;6931KB;20;- 22;195956;441103;35.11.1;Productie van elektriciteit door thermische, kern- en warmtekrachtcentrales;Energiesector;Opwekking electriciteit;CO2;0.0;0.0;1.195862;0.434166;0.435973;1.41216;1.159747;0.693513;0.538379;Opwekking electriciteit;3.768653;0.0;Energy;1;Yellow;2024;BU02930009;GM0293;6931.0;6931KB;BU02930009;GM0293;6931.0;6931KB;BU02930009;GM0293;6931.0;6931KB;False;False;False;51.956850208857766;5.983034261908037;WarmteAtlas:CO2EmissieBedrijven;;;
377;NL;;201596;M&R Claushuis BV;Zeewolde;Nijverheidsweg;3899AH;26;;163026;485508;46.72.2;Groothandel in ferrometalen en -halffabrikaten;Handel, Diensten en Overheid (HDO);Energiegebruik en processen Handel, Diensten en Overheid (HDO);CO2;0.0;0.0;0.0;0.146284;0.060164;0.096505;0.08248;0.114818;0.10241;Overig;1.622694;1.622694;Overige;1;Gray;2024;BU00500009;GM0050;3899.0;3899AH;BU00500009;GM0050;3899.0;3899AH;BU00500009;GM0050;3899.0;3899AH;False;False;False;52.35741007029378;5.505019141293567;WarmteAtlas:CO2EmissieBedrijven;;;
378;NL;;201639;Solidus Solutions Board Oude Pekela;Oude Pekela;W.H.Bosgrastraat;9665PH;82;;262197;568546;17.12.1;Vervaardiging van grafisch papier en karton;Overige industrie;Papier(waren);CO2;0.0;0.0;22.003575;23.762055;12.489394;13.071741;12.577882;10.189035;12.782749;Papier(waren);202.543558;202.543558;Papier;2;White;2024;BU07650000;GM0765;9665.0;9665PH;BU07650000;GM0765;9665.0;9665PH;BU07650000;GM0765;9665.0;9665PH;False;False;False;53.09302095295988;6.987462745897241;WarmteAtlas:CO2EmissieBedrijven;;;
379;NL;LCP;201986;Eneco (Kanaalweg);Utrecht;Kanaalweg;3527KX;60;a;135834;454542;35.12;Beheer en exploitatie van transportnetten voor elektriciteit, aardgas en warm water;Energiesector;Opwekking electriciteit;CO2;0.0;0.0;1.35907;0.17394;0.011612;0.002745;9.3e-05;0.0;0.0;Opwekking electriciteit;0.0;0.0;Energy;0;Yellow;2024;BU03440823;GM0344;3527.0;3527KX;BU03440823;GM0344;3527.0;3527KX;BU03440823;GM0344;3527.0;3527KX;False;False;False;52.078820586269025;5.107616242742455;WarmteAtlas:CO2EmissieBedrijven;;;
380;NL;;202066;Nouryon Performance Formulations B.V.;Farmsum;Oosterhorn;9936HD;4;;258707;593694;20.14.1;Vervaardiging van petrochemische producten;Chemische Industrie;Chemische Industrie basisproducten;CO2;0.0;0.0;0.0;0.0;0.0;0.0;0.0;0.0;1.822;Chemische Industrie;24.74183;24.74183;Chemie;1;Magenta;2024;BU19790831;GM1979;9936.0;9936HD;BU19790831;GM1979;9936.0;9936HD;BU19790831;GM1979;9936.0;9936HD;False;False;False;53.3196070450104;6.943491509137506;WarmteAtlas:CO2EmissieBedrijven;;;
381;NL;;202140;Vitelco BV;'s-Hertogenbosch;Veemarktkade;5222AG;21;;147821;412803;10.11;Slachterijen (geen pluimvee-);Overige industrie;Voedings- en genotmiddelenindustrie;CO2;0.0;0.0;0.0;0.653;0.0;0.0;1.130773;1.031191;1.009995;Voedings- en genotmiddelenindustrie;15.76035;15.76035;Voeding;1;Green;2024;BU07961110;GM0796;5222.0;5222AE;BU07961110;GM0796;5222.0;5222AE;BU07961110;GM0796;5222.0;5222AE;False;False;False;51.70394438412571;5.283346559105306;WarmteAtlas:CO2EmissieBedrijven;;;
382;NL;;202159;Fokker Aerostructures BV;Papendrecht;Industrieweg;3351LB;4;;106240;426515;30.30;Vervaardiging van vliegtuigen en onderdelen daarvoor;Overige industrie;Metaalelektro;CO2;0.0;0.0;0.0;4.6;4.0;4.08;4.313658;3.532208;3.891804;Metaalelektro;61.213819;61.213819;Overige;2;Gray;2024;BU05900902;GM0590;3351.0;3351LB;BU05900902;GM0590;3351.0;3351NL;BU05900902;GM0590;3351.0;3351NL;False;False;False;51.825109030216126;4.679910228804382;WarmteAtlas:CO2EmissieBedrijven;;;
383;NL;;202194;Trivium Packaging Netherlands B.V.;Deventer;Zweedsestraat;7418BG;7;;209368;473132;25.92;Vervaardiging van verpakkingsmiddelen van licht metaal;Overige industrie;Metaalelektro;CO2;3.184;0.0;0.0;0.0;0.0;0.0;0.0;0.0;0.0;Metaalelektro;0.0;0.0;Overige;0;Gray;2024;BU01500704;GM0150;7418.0;7418BG;BU01500704;GM0150;7418.0;7418BG;BU01500704;GM0150;7418.0;7418BG;False;False;False;52.24355387913988;6.183248755046509;WarmteAtlas:CO2EmissieBedrijven;;;
384;NL;;202214;Greif Nederland BV;Europoort Rotterdam;Isarweg;3198LP;10;;74652;435929;25.91;Vervaardiging van stalen vaten en dergelijke;Overige industrie;Metaalelektro;CO2;0.0;0.0;2.765583;4.203124;3.983627;3.650573;2.75734;2.170052;2.262807;Metaalelektro;35.591478;35.591478;Overige;2;Gray;2024;BU05992307;GM0599;3198.0;3198LP;BU05992307;GM0599;3198.0;3198LP;BU05992307;GM0599;3198.0;3198LP;False;False;False;51.906055677518005;4.219588089728392;WarmteAtlas:CO2EmissieBedrijven;;;
385;NL;;202229;IOI - Loders Croklaan Oils B.V.;Maasvlakte Rotterdam;Antarcticaweg;3199KA;191;;61400;443100;10.41;Vervaardiging van plantaardige en dierlijke oliën en vetten (geen margarine en andere spijsvetten);Overige industrie;Voedings- en genotmiddelenindustrie;CO2;0.0;0.0;12.936758;14.407;15.865;14.931;12.051142;9.482888;10.093718;Voedings- en genotmiddelenindustrie;157.506253;157.506253;Voeding;2;Green;2024;BU05992308;GM0599;3199.0;3199KA;BU05992308;GM0599;3199.0;3199KA;BU05992308;GM0599;3199.0;3199KA;False;False;False;51.96842458981174;4.025105743678436;WarmteAtlas:CO2EmissieBedrijven;;;
386;NL;;202257;Titan Wood B.V.;Arnhem;Westervoortsedijk;6827AV;73;;192981;442540;16.10.2;Verduurzamen van hout;Overige industrie;Houtbewerkende industrie;CO2;0.0;0.0;0.0;2.519927;4.153295;4.098071;4.343192;4.713978;3.956624;Overig;62.692986;62.692986;Overige;2;Gray;2024;BU02020322;GM0202;6827.0;6827AV;BU02020322;GM0202;6827.0;6827AV;BU02020322;GM0202;6827.0;6827AV;False;False;False;51.96997714719031;5.939914792663255;WarmteAtlas:CO2EmissieBedrijven;;;
387;NL;LCP;202268;Eneco HWC Overvecht (Esmoreit);Utrecht;Esmoreit;3562LB;2;;135849;458405;35.12;Beheer en exploitatie van transportnetten voor elektriciteit, aardgas en warm water;Energiesector;Opwekking electriciteit;CO2;0.0;0.0;1.825717;5.483719;0.24313;0.123126;0.095219;0.668577;0.0;Opwekking electriciteit;0.0;0.0;Energy;0;Yellow;2024;BU03440321;GM0344;3562.0;3562LB;BU03440321;GM0344;3562.0;3562LB;BU03440321;GM0344;3562.0;3562LB;False;False;False;52.113541473001774;5.107618123279234;WarmteAtlas:CO2EmissieBedrijven;;;
388;NL;;202298;Evonik Peroxide Netherlands B.V.;Farmsum;Oosterhorn;9930AD;14;;260264;592833;20.13;Vervaardiging van overige anorganische basischemicaliën;Chemische Industrie;Chemische Industrie basisproducten;CO2;0.0;0.0;32.241;35.11;34.219;32.795;25.096;25.4155;25.498;Chemische Industrie;346.24982;346.24982;Chemie;3;Magenta;2024;BU19790831;GM1979;9936.0;9936HD;BU19790831;GM1979;9936.0;9936HD;BU19790831;GM1979;9936.0;9936HD;False;False;False;53.31156844012478;6.96656473082707;WarmteAtlas:CO2EmissieBedrijven;;;
389;NL;;202380;Pluimveeverwerkingsbedrijf Jan van Ee BV;Stroe;Wolweg;3776LP;2;;176126;465468;10.12;Pluimveeslachterijen;Overige industrie;Voedings- en genotmiddelenindustrie;CO2;0.0;0.0;0.0;0.61312;1.147954;1.181388;0.0;0.0;0.0;Voedings- en genotmiddelenindustrie;0.0;0.0;Voeding;0;Green;2024;BU02035960;GM0203;3776.0;3776LP;BU02035960;GM0203;3776.0;3776LP;BU02035960;GM0203;3776.0;3776LP;False;False;False;52.176949830263915;5.696060341232653;WarmteAtlas:CO2EmissieBedrijven;;;
390;NL;;202417;Gasunie Compressorstation (Anna Paulowna);Anna Paulowna;Grasweg;1761LJ;46;;113749;543385;35.12;Beheer en exploitatie van transportnetten voor elektriciteit, aardgas en warm water;Energiesector;Olie- gaswinning land;CO2;0.0;0.0;0.023425;0.031537;0.014648;0.009408;0.0;0.0;0.0;Overig;0.0;0.0;Overige;0;Gray;2024;BU19110190;GM1911;1761.0;1761LJ;BU19110190;GM1911;1761.0;1761LJ;BU19110190;GM1911;1761.0;1761LJ;False;False;False;52.87604091569925;4.774495495835371;WarmteAtlas:CO2EmissieBedrijven;;;
391;NL;LCP;202418;Eneco HWC Nicolaas Beetsstraat;Utrecht;Nicolaas Beetsstraat;3511HD;3;;136344;455260;35.12;Beheer en exploitatie van transportnetten voor elektriciteit, aardgas en warm water;Energiesector;Opwekking electriciteit;CO2;0.287985;0.388;6.078525;2.970272;0.828871;0.690161;0.563089;1.822689;0.0;Opwekking electriciteit;0.0;0.0;Energy;0;Yellow;2024;BU03440628;GM0344;3511.0;3511EW;BU03440628;GM0344;3511.0;3511EW;BU03440628;GM0344;3511.0;3511EW;False;False;False;52.085291346105706;5.115016616305356;WarmteAtlas:CO2EmissieBedrijven;;;
392;NL;LCP;202419;Eneco (Nieuwegein);Nieuwegein;Doorslag;3435DG;3;;134208;448648;35.12;Beheer en exploitatie van transportnetten voor elektriciteit, aardgas en warm water;Energiesector;Opwekking electriciteit;CO2;0.0;0.0;2.889677;1.690676;1.453948;1.556005;1.377421;2.120265;2.080124;Opwekking electriciteit;14.560868;0.0;Energy;2;Yellow;2024;BU03560502;GM0356;3435.0;3435CM;BU03560502;GM0356;3435.0;3435CM;BU03560502;GM0356;3435.0;3435CM;False;False;False;52.02578681707;5.084255573435716;WarmteAtlas:CO2EmissieBedrijven;;;
393;NL;;202578;Mars Food Europe CV;Oud-Beijerland;Benjamin Franklinstraat;3261LW;19;;89690;427150;10.84;"Vervaardiging van specerijen, sauzen en kruiderijen; zoutraffinage";Overige industrie;Voedings- en genotmiddelenindustrie;CO2;0.0;0.0;0.0;6.38862;6.068;6.019;0.0;0.0;0.0;Voedings- en genotmiddelenindustrie;0.0;0.0;Voeding;0;Green;2024;BU19630050;GM1963;3261.0;3261LW;BU19630050;GM1963;3261.0;3261LW;BU19630050;GM1963;3261.0;3261LW;False;False;False;51.82912399533306;4.43975024531782;WarmteAtlas:CO2EmissieBedrijven;;;
394;NL;;202597;Coatinc Groningen BV;Groningen;Rouaanstraat;9723CC;49;;236680;579576;25.61;Oppervlaktebehandeling en bekleding van metaal;Overige industrie;Metaalelektro;CO2;0.0;0.0;0.0;1.007534;0.995;0.992;0.0;0.916638;0.909;Metaalelektro;14.297575;14.297575;Overige;1;Gray;2024;BU00140508;GM0014;9723.0;9723CC;BU00140508;GM0014;9723.0;9723CC;BU00140508;GM0014;9723.0;9723CC;False;False;False;53.19659929491993;6.609429442400895;WarmteAtlas:CO2EmissieBedrijven;;;
395;NL;;202634;Egga Food B.V.;Ospel;Nieuwstraat;6035PB;26;;181279;368018;46.33.2;Groothandel in eieren;Handel, Diensten en Overheid (HDO);Energiegebruik en processen Handel, Diensten en Overheid (HDO);CO2;0.0;0.0;0.0;0.0;0.0;0.0;0.572232;0.0;0.67396;Overig;10.678944;10.678944;Overige;1;Gray;2024;BU09460303;GM0946;6035.0;6035PB;BU09460303;GM0946;6035.0;6035PB;BU09460303;GM0946;6035.0;6035PB;False;False;False;51.30082416819992;5.764013148575309;WarmteAtlas:CO2EmissieBedrijven;;;
396;NL;;202662;Pluimveeslachterij G.P. Remkes B.V.;Epe;Kweekweg;8161PG;8;;196322;484206;10.12;Pluimveeslachterijen;Overige industrie;Voedings- en genotmiddelenindustrie;CO2;0.0;0.0;0.0;0.655;0.78966;0.863519;0.807572;0.870613;0.0;Voedings- en genotmiddelenindustrie;0.0;0.0;Voeding;0;Green;2024;BU02320007;GM0232;8161.0;8161PG;BU02320007;GM0232;8161.0;8161PG;BU02320007;GM0232;8161.0;8161PG;False;False;False;52.34421220414036;5.993600548975613;WarmteAtlas:CO2EmissieBedrijven;;;
397;NL;;202692;Drukkerij Zwart;Amersfoort;Mijnbouwweg;3812RT;7;;153565;464110;18.12.4;Drukkerijen van verpakkingen;Overige industrie;Grafische industrie;CO2;0.0;0.0;0.0;0.965636;1.605969;1.53822;1.174803;1.063652;1.08195;Overig;17.143574;17.143574;Overige;1;Gray;2024;BU03070504;GM0307;3812.0;3812RT;BU03070504;GM0307;3812.0;3812RT;BU03070504;GM0307;3812.0;3812RT;False;False;False;52.16514705717822;5.366229804338803;WarmteAtlas:CO2EmissieBedrijven;;;
398;NL;;202746;Argent Energy Netherlands B.V.;Amsterdam;Hornweg;1044AN;61;;115750;490110;19.20.1;Aardolieraffinage;Raffinaderijen;Raffinage en verwerking;CO2;0.0;0.0;0.0;59.06;27.5;26.3;25.2;20.5;20.46;Raffinage en verwerking;263.932108;0.0;Raffinage;3;Purple;2024;BU0363BA03;GM0363;1044.0;1044AN;BU0363BA03;GM0363;1044.0;1044AN;BU0363BA03;GM0363;1044.0;1044AN;False;False;False;52.39742619150051;4.810523320100257;WarmteAtlas:CO2EmissieBedrijven;;;
399;NL;;202803;Avery Dennison Materials Nederland BV;Alphen aan den Rijn;H.A. Lorentzweg;2408AT;2;;103810;460470;17.29;Vervaardiging van overige papier- en kartonwaren;Overige industrie;Papier(waren);CO2;0.0;0.0;4.066455;5.6999;1.883;1.8453;1.831;1.143;0.0;Papier(waren);0.0;0.0;Papier;0;White;2024;BU04840801;GM0484;2408.0;2408AS;BU04840801;GM0484;2408.0;2408AS;BU04840801;GM0484;2408.0;2408AS;False;False;False;52.13006382117283;4.6395968018670635;WarmteAtlas:CO2EmissieBedrijven;;;
400;NL;;202812;Norden Shipping and Engineering B.V.;Sluiskil;Wervenweg;4551MC;1;;46289;365365;30.11;Bouw van schepen en drijvend materieel (geen sport- en recreatievaartuigen);Overige industrie;Metaalelektro;CO2;0.0;0.0;0.0;0.0;0.0;0.0;0.260269;0.269665;0.0;Metaalelektro;0.0;0.0;Overige;0;Gray;2024;BU07151401;GM0715;4551.0;4551LB;BU07151401;GM0715;4551.0;4551LB;BU07151401;GM0715;4551.0;4551LB;False;False;False;51.26716230838487;3.8294703655322317;WarmteAtlas:CO2EmissieBedrijven;;;
401;NL;LCP;202824;Eneco Warmteproductie Utrecht B.V.;Utrecht;Keulsekade;3534AC;181;;133894;457010;35.12;Beheer en exploitatie van transportnetten voor elektriciteit, aardgas en warm water;Energiesector;Opwekking electriciteit;CO2;0.0;0.0;499.857769;173.315115;200.965416;176.801105;95.212694;77.550716;117.591;Opwekking electriciteit;823.137;0.0;Energy;3;Yellow;2024;BU03440132;GM0344;3534.0;3534AC;BU03440132;GM0344;3534.0;3534AC;BU03440132;GM0344;3534.0;3534AC;False;False;False;52.10093225508692;5.0791638655076365;WarmteAtlas:CO2EmissieBedrijven;;;
402;NL;LCP;202825;Eneco (Lage Weide);Utrecht;Atoomweg;3542AA;7;- 9;133424;457245;35.12;Beheer en exploitatie van transportnetten voor elektriciteit, aardgas en warm water;Energiesector;Opwekking electriciteit;CO2;0.0;0.0;584.090445;491.630488;582.109834;542.03297;505.435522;454.65368;371.013007;Opwekking electriciteit;2597.09105;0.0;Energy;4;Yellow;2024;BU03440133;GM0344;3542.0;3542AA;BU03440133;GM0344;3542.0;3542AA;BU03440133;GM0344;3542.0;3542AA;False;False;False;52.10302629260135;5.0722894987829905;WarmteAtlas:CO2EmissieBedrijven;;;
403;NL;;202832;Crealis Nederland BV;Bergen op Zoom;Van Konijnenburgweg;4612PL;84;;76500;391150;20.14.1;Vervaardiging van petrochemische producten;Chemische Industrie;Chemische Industrie basisproducten;CO2;1.0;1.0;1.0;1.0;1.0;1.0;1.0;1.0;0.0;Chemische Industrie;0.0;0.0;Chemie;0;Magenta;2024;BU07480306;GM0748;4612.0;4612PL;BU07480306;GM0748;4612.0;4612PL;BU07480306;GM0748;4612.0;4612PL;False;False;False;51.50388876737439;4.256545244288405;WarmteAtlas:CO2EmissieBedrijven;;;
404;NL;;202850;Sassenheimse Vleesbedrijven B.V.;Sassenheim;Edisonstraat;2171TV;16;;93863;469695;46.32;Groothandel in vlees en vleesproducten en in wild en gevogelte (niet levend);Handel, Diensten en Overheid (HDO);Energiegebruik en processen Handel, Diensten en Overheid (HDO);CO2;1.0;1.0;1.0;1.0;1.0;1.0;1.0;1.0;0.0;Overig;0.0;0.0;Overige;0;Gray;2024;BU15251302;GM1525;2171.0;2171TV;BU15251302;GM1525;2171.0;2171TV;BU15251302;GM1525;2171.0;2171TV;False;False;False;52.211958750733444;4.492680133819523;WarmteAtlas:CO2EmissieBedrijven;;;
405;NL;;202858;Grolsche Bierbrouwerij Nederland BV;Enschede;Brouwerslaan;7548XA;1;;252629;469696;11.05;Vervaardiging van bier;Overige industrie;Voedings- en genotmiddelenindustrie;CO2;0.0;0.0;10.9692;9.644738;9.354809;9.0835;8.97444;3.135397;3.716688;Voedings- en genotmiddelenindustrie;57.996627;57.996627;Voeding;2;Green;2024;BU01530906;GM0153;7548.0;7548XA;BU01530906;GM0153;7548.0;7548XA;BU01530906;GM0153;7548.0;7548XA;False;False;False;52.206712694844214;6.815529580411836;WarmteAtlas:CO2EmissieBedrijven;;;
406;NL;LCP;202867;Vrije Universiteit Amsterdam;Amsterdam;Van der Boechorststraat;1081BT;1;;119190;483110;85.42;Universitair hoger onderwijs;Handel, Diensten en Overheid (HDO);Energiegebruik en processen Handel, Diensten en Overheid (HDO);CO2;0.0;0.0;0.0;0.0;29.175693;22.310154;22.497306;22.474701;14.048294;Overig;222.596208;222.596208;Overige;2;Gray;2024;BU0363KP03;GM0363;1081.0;1081BT;BU0363KP03;GM0363;1081.0;1081BT;BU0363KP03;GM0363;1081.0;1081BT;False;False;False;52.33475060294964;4.861808989823398;WarmteAtlas:CO2EmissieBedrijven;;;
407;NL;;202895;Lingezegen Energy B.V.;Bemmel;Azalealaan;6681RH;11;;191490;436460;35.12;Beheer en exploitatie van transportnetten voor elektriciteit, aardgas en warm water;Handel, Diensten en Overheid (HDO);Energiegebruik en processen Handel, Diensten en Overheid (HDO);CO2;0.0;0.0;48.257171;32.012256;27.718071;19.607759;3.586025;0.0;0.0;Overig;0.0;0.0;Overige;0;Gray;2024;BU17050213;GM1705;6851.0;6851TH;BU17050213;GM1705;6851.0;6851TH;BU17050213;GM1705;6851.0;6851TH;False;False;False;51.91543064973681;5.917572160642105;WarmteAtlas:CO2EmissieBedrijven;;;
408;NL;;202902;GMB BioEnergie Tiel B.V.;Tiel;Simon Stevinstraat;4004JV;2;a;158236;436521;38.21;Behandeling van onschadelijk afval;Afvalverwijdering;AVI's;CO2;0.0;0.0;14.332;19.485;16.135905;17.006086;15.278081;16.258948;17.956694;Overig;284.525081;284.525081;Afval;2;Maroon;2024;BU02810109;GM0281;4004.0;4004JV;BU02810109;GM0281;4004.0;4004JV;BU02810109;GM0281;4004.0;4004JV;False;False;False;51.91716700769633;5.434238303635074;WarmteAtlas:CO2EmissieBedrijven;;;
409;NL;;202903;Reterra B.V.;Goor;Mossendamsdwarsweg;7472DB;1;a;238180;473940;38.21;Behandeling van onschadelijk afval;Afvalverwijdering;AVI's;CO2;0.0;0.0;28.9;28.0;0.0;0.0;0.0;0.0;0.0;Overig;0.0;0.0;Afval;0;Maroon;2024;BU17350109;GM1735;7472.0;7472DA;BU17350109;GM1735;7472.0;7472DA;BU17350109;GM1735;7472.0;7472DA;False;False;False;52.24721830119684;6.605231271110027;WarmteAtlas:CO2EmissieBedrijven;;;
410;NL;;202926;Ulamo;Ulft;Riezenweg;7071PR;1;;222200;435430;25.21;Vervaardiging van ketels en radiatoren voor centrale verwarming;Overige industrie;Metaalelektro;CO2;0.0;0.0;1.297486;1.661082;0.0;0.0;1.63584;1.385876;1.501456;Metaalelektro;23.616264;23.616264;Overige;1;Gray;2024;BU15090009;GM1509;7071.0;7071PV;BU15090009;GM1509;7071.0;7071PV;BU15090009;GM1509;7071.0;7071PV;False;False;False;51.903311247424426;6.363682430220484;WarmteAtlas:CO2EmissieBedrijven;;;
411;NL;;202928;C & T Technics;Uden;Frontstraat;5405AK;12;a;173000;407050;25.61;Oppervlaktebehandeling en bekleding van metaal;Overige industrie;Metaalelektro;CO2;0.0;0.0;0.0;0.62476;0.0;0.0;0.0;0.0;0.0;Metaalelektro;0.0;0.0;Overige;0;Gray;2024;BU19910115;GM1991;5405.0;5405AK;BU19910115;GM1991;5405.0;5405AK;BU19910115;GM1991;5405.0;5405AK;False;False;False;51.6519900421603;5.6473009427742555;WarmteAtlas:CO2EmissieBedrijven;;;
412;NL;;202935;Alblasserdam Yachtbuilding B.V. (Oceanco);Alblasserdam;Marineweg;2952BX;1;;104638;430413;30.12;Bouw van sport- en recreatievaartuigen;Overige industrie;Metaalelektro;CO2;0.0;0.0;0.611;0.647;0.7427;0.604;0.604;0.596;0.125597;Metaalelektro;1.975503;1.975503;Overige;1;Gray;2024;BU04820105;GM0482;2952.0;2952AZ;BU04820105;GM0482;2952.0;2952AZ;BU04820105;GM0482;2952.0;2952AZ;False;False;False;51.860000948492946;4.656105674377922;WarmteAtlas:CO2EmissieBedrijven;;;
413;NL;;202940;Scheepswerf Hoebee;Dordrecht;Merwedestraat;3313CS;56;;106850;425760;30.11;Bouw van schepen en drijvend materieel (geen sport- en recreatievaartuigen);Overige industrie;Metaalelektro;CO2;0.0;0.0;0.125;0.0;0.0;0.0;0.0;0.0;0.0;Metaalelektro;0.0;0.0;Overige;0;Gray;2024;BU05050602;GM0505;3313.0;3313GN;BU05050602;GM0505;3313.0;3313GN;BU05050602;GM0505;3313.0;3313GN;False;False;False;51.818376207381405;4.688863144084242;WarmteAtlas:CO2EmissieBedrijven;;;
414;NL;;202962;IQIP B.V.;Sliedrecht;Molendijk;3361EP;94;;111810;426380;30.11;Bouw van schepen en drijvend materieel (geen sport- en recreatievaartuigen);Overige industrie;Metaalelektro;CO2;0.0;0.0;0.68501;0.564428;0.0;0.0;0.366774;0.0;0.0;Metaalelektro;0.0;0.0;Overige;0;Gray;2024;BU06100108;GM0610;3361.0;3361EP;BU06100108;GM0610;3361.0;3361EP;BU06100108;GM0610;3361.0;3361EP;False;False;False;51.8243546853806;4.76071826901783;WarmteAtlas:CO2EmissieBedrijven;;;
415;NL;;202970;Scheepswerf Kooiman BV;Zwijndrecht;Lindtsedijk;3336LE;84;;101565;425101;30.11;Bouw van schepen en drijvend materieel (geen sport- en recreatievaartuigen);Overige industrie;Metaalelektro;CO2;0.0;0.0;0.15;0.0;0.0;0.0;0.0;0.0;0.0;Metaalelektro;0.0;0.0;Overige;0;Gray;2024;BU06420701;GM0642;3336.0;3336LE;BU06420701;GM0642;3336.0;3336LE;BU06420701;GM0642;3336.0;3336LE;False;False;False;51.811972225106715;4.61232080087029;WarmteAtlas:CO2EmissieBedrijven;;;
416;NL;LCP;202990;Alco Energy Rotterdam B.V.;Europoort Rotterdam;Merwedeweg;3198LH;10;;72210;438230;46.71.2;Groothandel in vloeibare en gasvormige brandstoffen;Handel, Diensten en Overheid (HDO);Energiegebruik en processen Handel, Diensten en Overheid (HDO);CO2;0.0;0.0;213.894896;527.662;328.601389;357.416224;343.725943;352.921056;388.300508;Overig;6152.648894;6152.648894;Overige;4;Gray;2024;BU05992307;GM0599;3198.0;3198LR;BU05992307;GM0599;3198.0;3198LR;BU05992307;GM0599;3198.0;3198LR;False;False;False;51.9263760407478;4.183554705320046;WarmteAtlas:CO2EmissieBedrijven;;;
417;NL;;202992;Viterra Botlek B.V.;Botlek Rotterdam;Welplaatweg;3197KS;108;;80191;433416;19.20.1;Aardolieraffinage;Raffinaderijen;Raffinage en verwerking;CO2;0.0;0.0;19.024189;37.3776;32.744517;33.328092;33.200936;27.939819;28.619684;Raffinage en verwerking;369.191277;0.0;Raffinage;3;Purple;2024;BU05992306;GM0599;3197.0;3197KR;BU05992306;GM0599;3197.0;3197KS;BU05992306;GM0599;3197.0;3197KS;False;False;False;51.884243543968154;4.300612131620362;WarmteAtlas:CO2EmissieBedrijven;;;
418;NL;;202999;Van Gansewinkel (Stuurboord);Drachten;Stuurboord;9206BK;9;;200205;570315;38.11;Inzameling van onschadelijk afval;Afvalverwijdering;AVI's;CO2;0.0;0.0;0.0;0.749454;0.0;0.0;0.720796;0.723291;0.646872;Overig;10.249732;10.249732;Afval;1;Maroon;2024;BU00900011;GM0090;9206.0;9206BK;BU00901101;GM0090;9206.0;9206BK;BU00901101;GM0090;9206.0;9206BK;True;False;False;53.117706749902304;6.062387174629879;WarmteAtlas:CO2EmissieBedrijven;;;
419;NL;;203024;Boehringer Ingelheim Animal Health Operations;Weesp;C.J. van Houtenlaan;1381CP;36;;130837;479482;46.46.1;Groothandel in farmaceutische producten;Handel, Diensten en Overheid (HDO);Energiegebruik en processen Handel, Diensten en Overheid (HDO);CO2;0.0;0.0;0.0;0.139;0.0;0.0;0.0;0.0;0.0;Overig;0.0;0.0;Overige;0;Gray;2024;BU0363SD02;GM0363;1381.0;1381CP;BU0363SD02;GM0363;1381.0;1381CP;BU0363SD02;GM0363;1381.0;1381CP;False;False;False;52.30277916048906;5.032946977086084;WarmteAtlas:CO2EmissieBedrijven;;;
420;NL;;203083;Exploitatiemaatschappij J. ter Horst BV;Varsseveld;Aaltenseweg;7051GV;58;;229581;439468;49.41;Goederenvervoer over de weg (geen verhuizingen);Handel, Diensten en Overheid (HDO);Energiegebruik en processen Handel, Diensten en Overheid (HDO);CO2;0.0;0.0;0.0;0.118145;0.117901;0.131387;0.147899;0.117679;0.0912;Overig;1.44507;1.44507;Overige;1;Gray;2024;BU15090300;GM1509;7051.0;7051GV;BU15090300;GM1509;7051.0;7051GV;BU15090300;GM1509;7051.0;7051GV;False;False;False;51.938660146061224;6.471793716405517;WarmteAtlas:CO2EmissieBedrijven;;;
421;NL;;203086;JAZO Zevenaar BV;Zevenaar;Handelsdwarsstraat;6905DJ;10;;201642;437257;25.12;Vervaardiging van metalen deuren, vensters en kozijnen;Overige industrie;Metaalelektro;CO2;0.0;0.0;0.0;0.125559;0.0;0.0;0.115;0.099308;0.098894;Metaalelektro;1.555494;1.555494;Overige;1;Gray;2024;BU02990013;GM0299;6905.0;6905DJ;BU02990013;GM0299;6905.0;6905DJ;BU02990013;GM0299;6905.0;6905DJ;False;False;False;51.921835126216216;6.065227274545322;WarmteAtlas:CO2EmissieBedrijven;;;
422;NL;LCP;203155;Vattenfall Power Generation B.V. (HWC Almere Stad);Almere;Markerkant;1316AB;1015;;143251;488915;35.11.1;Productie van elektriciteit door thermische, kern- en warmtekrachtcentrales;Energiesector;Opwekking electriciteit;CO2;0.0;0.0;6.191223;0.569823;0.446653;1.533279;0.181834;0.29994;4.098664;Opwekking electriciteit;28.690648;0.0;Energy;2;Yellow;2024;BU00343501;GM0034;1314.0;1314AK;BU00343501;GM0034;1314.0;1314AK;BU00343501;GM0034;1314.0;1314AK;False;False;False;52.387963961920875;5.214620065953331;WarmteAtlas:CO2EmissieBedrijven;;;
423;NL;;203159;Eco Fuels Netherlands BV;Eemshaven;Westlob;9979XJ;6;;250767;608511;19.20.1;Aardolieraffinage;Raffinaderijen;Raffinage en verwerking;CO2;0.0;0.0;0.0;3.32;4.75;5.51;4.27;5.21;5.28;Raffinage en verwerking;68.111512;0.0;Raffinage;2;Purple;2024;BU19661401;GM1966;9979.0;9979XW;BU19661401;GM1966;9979.0;9979XW;BU19661401;GM1966;9979.0;9979XW;False;False;False;53.454186995816734;6.828832171716911;WarmteAtlas:CO2EmissieBedrijven;;;
424;NL;;203186;RWZI Amsterdam-West;Amsterdam;Australiëhavenweg;1046BS;15;;114161;490246;37.00;Afvalwaterinzameling en -behandeling;Riolering en waterzuiveringsinstallaties;Energiegebruik en processen Riolering en waterzuiveringsinstallaties;CO2;0.0;0.0;14.517231;17.113082;19.140888;9.008583;9.478266;5.616397;7.843808;Overig;124.285698;124.285698;RWZI;2;Bleu;2024;BU0363FA02;GM0363;1046.0;1046BS;BU0363FA02;GM0363;1046.0;1046BS;BU0363FA02;GM0363;1046.0;1046BS;False;False;False;52.39853247711351;4.787161575032389;WarmteAtlas:CO2EmissieBedrijven;;;
425;NL;;203220;EEW Energy from Waste Delfzijl B.V.;Farmsum;Oosterhorn;9936HD;38;;261673;592659;38.21;Behandeling van onschadelijk afval;Afvalverwijdering;AVI's;CO2;0.0;0.0;47.861303;381.457875;825.841974;828.791825;694.211329;682.663459;549.692398;Overig;8709.914757;8709.914757;Afval;4;Maroon;2024;BU19790831;GM1979;9936.0;9936HD;BU19790831;GM1979;9936.0;9936HD;BU19790831;GM1979;9936.0;9936HD;False;False;False;53.309725908275745;6.987639086286566;WarmteAtlas:CO2EmissieBedrijven;;;
426;NL;LCP;203228;RWE Eemshaven Magnum B.V.;Eemshaven;Synergieweg;9979XD;11;;252795;607838;35.11.1;Productie van elektriciteit door thermische, kern- en warmtekrachtcentrales;Energiesector;Opwekking electriciteit;CO2;0.0;0.0;0.0;585.005238;2248.105968;1295.11038;1199.442657;1100.402828;437.223392;Opwekking electriciteit;3060.563745;0.0;Energy;4;Yellow;2024;BU19661401;GM1966;9979.0;9979XD;BU19661401;GM1966;9979.0;9979XD;BU19661401;GM1966;9979.0;9979XD;False;False;False;53.44777275066758;6.859143587833397;WarmteAtlas:CO2EmissieBedrijven;;;
427;NL;LCP;203273;RWE Eemshaven Holding BV;Eemshaven;Synergieweg;9979XD;1;;252795;607838;35.11.1;Productie van elektriciteit door thermische, kern- en warmtekrachtcentrales;Energiesector;Opwekking electriciteit;CO2;0.0;0.0;0.0;6293.5955;3034.033729;7197.545586;5998.185996;3634.580284;3855.371055;Opwekking electriciteit;26987.597385;0.0;Energy;5;Yellow;2024;BU19661401;GM1966;9979.0;9979XD;BU19661401;GM1966;9979.0;9979XD;BU19661401;GM1966;9979.0;9979XD;False;False;False;53.44777275066758;6.859143587833397;WarmteAtlas:CO2EmissieBedrijven;;;
428;NL;;203284;Staalstraal Brabant BV;Oosterhout;Gooikensdam;4905BN;6;;118320;408760;25.61;Oppervlaktebehandeling en bekleding van metaal;Overige industrie;Metaalelektro;CO2;0.0;0.0;0.0;0.653;0.531451;0.913461;0.467037;0.539918;0.561001;Metaalelektro;8.823932;8.823932;Overige;1;Gray;2024;BU08260606;GM0826;4908.0;4908BE;BU08260606;GM0826;4908.0;4908BE;BU08260606;GM0826;4908.0;4908BE;False;False;False;51.666449879589855;4.85700544862885;WarmteAtlas:CO2EmissieBedrijven;;;
429;NL;;203332;Brabant Alucast The Netherlands (Heijen);Heijen;De Grens;6598DK;45;;196693;408187;24.53;Gieten van lichte metalen;Overige industrie;Basismetaal;CO2;0.0;0.0;0.0;1.85838;0.0;0.0;0.0;0.0;0.0;Basismetaal;0.0;0.0;Basismetaal;0;Black;2024;BU09070409;GM0907;6598.0;6598DK;BU09070409;GM0907;6598.0;6598DK;BU09070409;GM0907;6598.0;6598DK;False;False;False;51.66094750561299;5.989786938277917;WarmteAtlas:CO2EmissieBedrijven;;;
430;NL;;203346;Inter-Che-M BV;Beuningen;Platinawerf;6641TL;22;- 26;178673;429681;38.22;Behandeling van schadelijk afval;Afvalverwijdering;AVI's;CO2;0.0;0.0;0.404734;0.342138;0.25697;0.34287;0.22807;0.2133;0.20132;Overig;3.18993;3.18993;Afval;1;Maroon;2024;BU02090131;GM0209;6641.0;6641TL;BU02090131;GM0209;6641.0;6641TL;BU02090131;GM0209;6641.0;6641TL;False;False;False;51.85519326929463;5.730819572563201;WarmteAtlas:CO2EmissieBedrijven;;;
431;NL;LCP;203411;Air Liquide Pergen VOF;Pernis Rotterdam;Vondelingenweg;3196KK;601;;84800;433523;35.11.1;Productie van elektriciteit door thermische, kern- en warmtekrachtcentrales;Energiesector;Opwekking electriciteit;CO2;0.0;0.0;1374.819663;1231.671661;1260.57869;1209.44803;1154.359637;1101.627224;1031.225096;Opwekking electriciteit;7218.575672;0.0;Energy;5;Yellow;2024;BU05992295;GM0599;3196.0;3196KH;BU05992295;GM0599;3196.0;3196KH;BU05992295;GM0599;3196.0;3196KH;False;False;False;51.88580524098241;4.367524969908818;WarmteAtlas:CO2EmissieBedrijven;;;
432;NL;;203416;IHC Offshore & Marine B.V.;Krimpen aan den IJssel;Schaardijk;2921LG;24;;98978;435618;30.11;Bouw van schepen en drijvend materieel (geen sport- en recreatievaartuigen);Overige industrie;Metaalelektro;CO2;0.0;0.0;0.0;0.0;0.433889;0.295122;0.229463;0.185036;0.211843;Metaalelektro;3.332059;3.332059;Overige;1;Gray;2024;BU05420000;GM0542;2921.0;2921LM;BU05420000;GM0542;2921.0;2921LM;BU05420000;GM0542;2921.0;2921LM;False;False;False;51.906240978743604;4.573101867299477;WarmteAtlas:CO2EmissieBedrijven;;;
433;NL;;203417;Van Rooi Meat BV (Helmond);Helmond;Roggedijk;5704RH;4;;176659;384365;10.11;Slachterijen (geen pluimvee-);Overige industrie;Voedings- en genotmiddelenindustrie;CO2;0.0;0.0;0.0;4.98583;4.058158;8.507626;5.237868;3.741703;5.1553;Voedings- en genotmiddelenindustrie;80.445281;80.445281;Voeding;2;Green;2024;BU07942902;GM0794;5704.0;5704RG;BU07942902;GM0794;5704.0;5704RG;BU07942902;GM0794;5704.0;5704RG;False;False;False;51.44795650634666;5.698770072507095;WarmteAtlas:CO2EmissieBedrijven;;;
434;NL;;203422;Koole Renewable Energy B.V.;Vondelingenplaat Rotterdam;Petroleumweg;3196KD;56;;84099;434651;46.71.2;Groothandel in vloeibare en gasvormige brandstoffen;Handel, Diensten en Overheid (HDO);Energiegebruik en processen Handel, Diensten en Overheid (HDO);CO2;0.0;0.0;0.158629;0.0;0.0;0.0;0.0;0.0;0.0;Overig;0.0;0.0;Overige;0;Gray;2024;BU05992295;GM0599;3196.0;3196KD;BU05992295;GM0599;3196.0;3196KD;BU05992295;GM0599;3196.0;3196KD;False;False;False;51.895853887073045;4.357112137587029;WarmteAtlas:CO2EmissieBedrijven;;;
435;NL;;203430;Rotocoat Kampen B.V.;IJsselmuiden;Veldoven;8271RT;11;;192130;507361;25.61;Oppervlaktebehandeling en bekleding van metaal;Overige industrie;Metaalelektro;CO2;0.0;0.0;0.0;0.0;0.0;0.0;0.0;0.803;0.711408;Metaalelektro;11.18967;11.18967;Overige;1;Gray;2024;BU01660302;GM0166;8271.0;8271RT;BU01660302;GM0166;8271.0;8271RT;BU01660302;GM0166;8271.0;8271RT;False;False;False;52.5526075494022;5.934655882209593;WarmteAtlas:CO2EmissieBedrijven;;;
436;NL;;203438;Straalbedrijf A.J. den Breejen & Zonen BV;Dordrecht;Vogelaarsweg  / Derde Merwedehaven;3313LL;23;t.o.;111254;425172;25.61;Oppervlaktebehandeling en bekleding van metaal;Overige industrie;Metaalelektro;CO2;0.0;0.0;0.570696;0.348141;0.182762;0.0;0.0;0.0;0.0;Metaalelektro;0.0;0.0;Overige;0;Gray;2024;BU05059801;GM0505;3313.0;3313LP;BU05059801;GM0505;3313.0;3313LP;BU05059801;GM0505;3313.0;3313LP;False;False;False;51.81345395962327;4.7528066053580345;WarmteAtlas:CO2EmissieBedrijven;;;
437;NL;;203493;A.C. Hartman BV;Sexbierum;Juckemaleane;8861NW;10;;161651;580654;01.13;Teelt van groenten en wortel- en knolgewassen;Landbouw;Landbouwbedrijven;CO2;0.0;0.0;0.0;27.229912;0.0;0.0;0.0;0.0;0.0;Overig;0.0;0.0;Overige;0;Gray;2024;BU19494402;GM1949;8855.0;8855XE;BU19494402;GM1949;8855.0;8855XE;BU19494402;GM1949;8855.0;8855XE;False;False;False;53.21247167420076;5.486763173834091;WarmteAtlas:CO2EmissieBedrijven;;;
438;NL;;203496;Reststoffen Energie Centrale (REC);Harlingen;Lange Lijnbaan;8861NW;14;;157800;578200;38.21;Behandeling van onschadelijk afval;Afvalverwijdering;AVI's;CO2;0.0;0.0;0.0;239.974886;288.840855;303.164315;318.0;237.168;254.432;Overig;4031.492958;4031.492958;Afval;3;Maroon;2024;BU00720109;GM0072;8861.0;8861NW;BU00720109;GM0072;8861.0;8861NW;BU00720109;GM0072;8861.0;8861NW;False;False;False;53.19045510570694;5.4290979589186765;WarmteAtlas:CO2EmissieBedrijven;;;
439;NL;LCP;203505;Maasstroom Energie CV;Vondelingenplaat Rotterdam;Petroleumweg;3196KD;46;;83747;433987;35.14;Handel in elektriciteit en in gas via leidingen;Energiesector;Opwekking electriciteit;CO2;0.0;0.0;639.568;161.258;832.572;571.39983;426.3343;486.91;394.299989;Opwekking electriciteit;2760.099923;0.0;Energy;4;Yellow;2024;BU05992295;GM0599;3196.0;3196KD;BU05992295;GM0599;3196.0;3196KD;BU05992295;GM0599;3196.0;3196KD;False;False;False;51.88984151619974;4.352136219943077;WarmteAtlas:CO2EmissieBedrijven;;;
440;NL;;203530;Teijin Aramid BV (Emmen);Emmen;1e bokslootslootweg;7821AT;17;;257552;533045;20.60;Vervaardiging van synthetische en kunstmatige vezels;Chemische Industrie;Chemische Industrie overig;CO2;0.0;0.0;0.0;4.019;3.7182;3.760969;3.90596;3.073959;3.50645;Chemische Industrie;47.6158;47.6158;Chemie;2;Magenta;2024;BU01145300;GM0114;7821.0;7821AT;BU01145300;GM0114;7821.0;7821AT;BU01145300;GM0114;7821.0;7821AT;False;False;False;52.77499622537848;6.906986728251183;WarmteAtlas:CO2EmissieBedrijven;;;
441;NL;;203531;Laarakker Groenteverwerking BV;Well;Veenweg;5855ES;4;;207186;397108;01.61;Dienstverlening voor de akker- en/of tuinbouw;Landbouw;Landbouwbedrijven;CO2;0.0;0.0;0.0;0.0;0.0;0.0;0.0;0.0;0.046812;Overig;0.741739;0.741739;Overige;1;Gray;2024;BU08930662;GM0893;5855.0;5855ES;BU08930662;GM0893;5855.0;5855ES;BU08930662;GM0893;5855.0;5855ES;False;False;False;51.56049111034068;6.139775066348363;WarmteAtlas:CO2EmissieBedrijven;;;
442;NL;;203542;Galvano Hengelo BV;Hengelo;Scandinaviëlaan;7559SJ;21;;249236;474213;46.73.8;Groothandel gespecialiseerd in overige bouwmaterialen;Handel, Diensten en Overheid (HDO);Energiegebruik en processen Handel, Diensten en Overheid (HDO);CO2;0.0;0.0;0.0;0.157;0.0;0.0;0.151;0.119;0.120256;Overig;1.905471;1.905471;Overige;1;Gray;2024;BU01640600;GM0164;7554.0;7554PA;BU01640600;GM0164;7554.0;7554PA;BU01640600;GM0164;7554.0;7554PA;False;False;False;52.24789121494429;6.767161020357472;WarmteAtlas:CO2EmissieBedrijven;;;
443;NL;;203587;Contitank BV;Delfzijl;Melasseweg;9936CX;1;;258399;594113;52.10.1;Opslag in tanks;Handel, Diensten en Overheid (HDO);Energiegebruik en processen Handel, Diensten en Overheid (HDO);CO2;0.0;0.0;0.0;0.43;0.675;0.0;0.0;0.0;0.0;Overig;0.0;0.0;Overige;0;Gray;2024;BU19790831;GM1979;9936.0;9936CX;BU19790831;GM1979;9936.0;9936CX;BU19790831;GM1979;9936.0;9936CX;False;False;False;53.32343046509603;6.939006670987093;WarmteAtlas:CO2EmissieBedrijven;;;
444;NL;;203589;Cerexagri BV;Vondelingenplaat Rotterdam;Tankhoofd;3196KE;10;;82620;434005;20.20;Vervaardiging van verdelgingsmiddelen en overige landbouwchemicaliën;Chemische Industrie;Chemische Industrie bestrijdingsmiddelen;CO2;0.0;0.0;0.0;2.705316;3.927871;0.0;0.0;0.0;0.0;Chemische Industrie;0.0;0.0;Chemie;0;Magenta;2024;BU05992295;GM0599;3196.0;3196KK;BU05992295;GM0599;3196.0;3196KK;BU05992295;GM0599;3196.0;3196KK;False;False;False;51.88985792288056;4.335763532197354;WarmteAtlas:CO2EmissieBedrijven;;;
445;NL;;203590;Arkema BV (Rotterdam);Vondelingenplaat Rotterdam;Tankhoofd;3196KE;10;;82620;434005;46.75.1;Groothandel in chemische grondstoffen en chemicaliën voor industriële toepassing;Handel, Diensten en Overheid (HDO);Energiegebruik en processen Handel, Diensten en Overheid (HDO);CO2;0.0;0.0;3.805503;3.542437;4.523945;4.636307;4.971274;4.51;4.13;Overig;65.440141;65.440141;Overige;2;Gray;2024;BU05992295;GM0599;3196.0;3196KK;BU05992295;GM0599;3196.0;3196KK;BU05992295;GM0599;3196.0;3196KK;False;False;False;51.88985792288056;4.335763532197354;WarmteAtlas:CO2EmissieBedrijven;;;
446;NL;;203605;Kok Gorinchem BV;Gorinchem;Spijksedijk;4207GN;56;;127839;428463;42.11.1;Wegenbouw;Bouw;Overig bouw;CO2;0.0;0.0;0.0;0.715;0.0;0.934;0.804;0.648;0.423;Overig;6.702465;6.702465;Overige;1;Gray;2024;BU05121409;GM0512;4207.0;4207GN;BU05121409;GM0512;4207.0;4207GN;BU05121409;GM0512;4207.0;4207GN;False;False;False;51.844087632904795;4.9930532633908955;WarmteAtlas:CO2EmissieBedrijven;;;
447;NL;;203651;DSM Advanced Polyesters Emmen BV;Emmen;1e Bokslootweg;7821AT;17;;257552;533045;20.16;Vervaardiging van kunststof in primaire vorm;Chemische Industrie;Chemische Industrie basisproducten;CO2;0.0;0.0;3.57;2.29;1.27;1.52;1.3;0.893958;1.10406;Chemische Industrie;14.992566;14.992566;Chemie;1;Magenta;2024;BU01145300;GM0114;7821.0;7821AT;BU01145300;GM0114;7821.0;7821AT;BU01145300;GM0114;7821.0;7821AT;False;False;False;52.77499622537848;6.906986728251183;WarmteAtlas:CO2EmissieBedrijven;;;
448;NL;;203707;Afvalstoffendienst gemeente 's-Hertogenbosch;Den Bosch;Titaniumlaan;5221CJ;1;;147413;415914;84.11;Algemeen overheidsbestuur;Afvalverwijdering;Overige afvalbedrijven;CO2;0.0;0.0;0.0;0.0;3.417161;2.834946;3.043471;2.42;3.29;Overig;52.130282;52.130282;Afval;2;Maroon;2024;BU07961010;GM0796;5221.0;5221CJ;BU07961010;GM0796;5221.0;5221CJ;BU07961010;GM0796;5221.0;5221CJ;False;False;False;51.73190209058393;5.277376400026948;WarmteAtlas:CO2EmissieBedrijven;;;
449;NL;;203709;Recyclingcentrum Tammer;Soesterberg;Verlengde Tempellaan;3769CG;1;;148231;459541;38.32;Gesorteerd materiaal voorbereiden tot recycling;Afvalverwijdering;AVI's;CO2;0.0;0.0;0.0;0.0;0.0;0.0;0.0;0.0;0.15941;Overig;2.525863;2.525863;Afval;1;Maroon;2024;BU03420802;GM0342;3769.0;3769CG;BU03420802;GM0342;3769.0;3769CG;BU03420802;GM0342;3769.0;3769CG;False;False;False;52.124041683928446;5.288359759104975;WarmteAtlas:CO2EmissieBedrijven;;;
450;NL;;203738;Fokker Landing Gear;Helmond;Grasbeemd;5705DG;28;;176012;385145;30.30;Vervaardiging van vliegtuigen en onderdelen daarvoor;Overige industrie;Metaalelektro;CO2;0.0;0.0;0.567;0.469375;0.0;0.0;0.541397;0.567309;0.516;Metaalelektro;8.116115;8.116115;Overige;1;Gray;2024;BU07942901;GM0794;5705.0;5705DE;BU07942901;GM0794;5705.0;5705DE;BU07942901;GM0794;5705.0;5705DE;False;False;False;51.454992085341104;5.689509523557947;WarmteAtlas:CO2EmissieBedrijven;;;
451;NL;;203785;Neste Oil Netherlands B.V.;Maasvlakte Rotterdam;Antarticaweg;3199KA;185;;62613;442920;20.59;Vervaardiging van overige chemische producten n.e.g.;Chemische Industrie;Chemische Industrie overig;CO2;0.0;0.0;0.0;49.854;52.189847;62.52904;69.11673;68.236664;58.34313;Chemische Industrie;792.269914;792.269914;Chemie;3;Magenta;2024;BU05992308;GM0599;3199.0;3199KA;BU05992308;GM0599;3199.0;3199KA;BU05992308;GM0599;3199.0;3199KA;False;False;False;51.967010128560474;4.042801495784371;WarmteAtlas:CO2EmissieBedrijven;;;
452;NL;;203825;Linde Gas Benelux BV;Dieren;Kanaalweg;6951KJ;4;;204514;451908;20.11;Vervaardiging van industriële gassen;Chemische Industrie;Chemische Industrie basisproducten;CO2;0.0;0.0;0.180539;0.405309;0.543935;0.490702;0.428394;0.366316;0.433173;Chemische Industrie;5.882268;5.882268;Chemie;1;Magenta;2024;BU02750001;GM0275;6951.0;6951CH;BU02750001;GM0275;6951.0;6951CH;BU02750001;GM0275;6951.0;6951CH;False;False;False;52.05326394155584;6.10909086816591;WarmteAtlas:CO2EmissieBedrijven;;;
453;NL;;203843;Putman Recycling BV (Westervoort);Westervoort;IJsseldijk;6931AA;3;- 7;195446;442762;38.32;Gesorteerd materiaal voorbereiden tot recycling;Afvalverwijdering;Overige afvalbedrijven;CO2;0.0;0.0;0.0;0.0;1.327069;1.469983;1.115133;1.10882;0.0;Overig;0.0;0.0;Afval;0;Maroon;2024;BU02930009;GM0293;6931.0;6931AA;BU02930009;GM0293;6931.0;6931AA;BU02930009;GM0293;6931.0;6931AA;False;False;False;51.971798354814595;5.975810708643399;WarmteAtlas:CO2EmissieBedrijven;;;
454;NL;;203857;Agro Care Wieringermeer BV;Middenmeer;Wagenpad;1755RJ;17;;133004;532973;01.13;Teelt van groenten en wortel- en knolgewassen;Landbouw;Landbouwbedrijven;CO2;0.0;0.0;49.158;0.0;0.0;0.0;0.0;0.0;0.0;Overig;0.0;0.0;Overige;0;Gray;2024;BU19111080;GM1911;1775.0;1775RJ;BU19111080;GM1911;1775.0;1775RJ;BU19111080;GM1911;1775.0;1775RJ;False;False;False;52.783599098069864;5.06118581079044;WarmteAtlas:CO2EmissieBedrijven;;;
455;NL;;203860;Kwekerij De Wieringermeer;Middenmeer;Oostlanderweg;1775TH;17;;131830;531216;01.13;Teelt van groenten en wortel- en knolgewassen;Landbouw;Landbouwbedrijven;CO2;0.0;0.0;62.467;0.0;0.0;0.0;0.0;0.0;0.0;Overig;0.0;0.0;Overige;0;Gray;2024;BU19111080;GM1911;1775.0;1775TH;BU19111080;GM1911;1775.0;1775TH;BU19111080;GM1911;1775.0;1775TH;False;False;False;52.767760810706655;5.043908999657998;WarmteAtlas:CO2EmissieBedrijven;;;
456;NL;;203868;Cérélia Netherlands B.V.;Sliedrecht;Baanhoek;3361GN;186;;110031;426433;10.72;Vervaardiging van beschuit en koekjes en van ander houdbaar banketbakkerswerk;Overige industrie;Voedings- en genotmiddelenindustrie;CO2;0.0;0.0;0.0;3.826615;5.256274;6.73304;6.730311;5.469879;5.494853;Voedings- en genotmiddelenindustrie;85.743797;85.743797;Voeding;2;Green;2024;BU06100102;GM0610;3361.0;3361GN;BU06100102;GM0610;3361.0;3361GN;BU06100102;GM0610;3361.0;3361GN;False;False;False;51.82469048575651;4.734908005103444;WarmteAtlas:CO2EmissieBedrijven;;;
457;NL;;203878;Van Gansewinkel (Hoogeveen);Hoogeveen;Fokkerstraat;7903AP;14;;231091;528372;38.32;Gesorteerd materiaal voorbereiden tot recycling;Afvalverwijdering;AVI's;CO2;0.0;0.0;0.0;0.0;0.0;0.0;0.0;0.0;0.105569;Overig;1.672748;1.672748;Afval;1;Maroon;2024;BU01186203;GM0118;7903.0;7903AP;BU01186203;GM0118;7903.0;7903AP;BU01186203;GM0118;7903.0;7903AP;False;False;False;52.737364753231056;6.513850908529158;WarmteAtlas:CO2EmissieBedrijven;;;
458;NL;;203887;Noblesse Proteins BV;Wijster;Ambachtsweg;9418TW;7;;230460;533980;10.13;Vleesverwerking (niet tot maaltijden);Overige industrie;Voedings- en genotmiddelenindustrie;CO2;0.0;0.0;0.0;4.121858;1.960668;3.138847;3.034465;2.830278;2.785;Voedings- en genotmiddelenindustrie;43.45821;43.45821;Voeding;2;Green;2024;BU17310309;GM1731;9418.0;9418TW;BU17310309;GM1731;9418.0;9418TW;BU17310309;GM1731;9418.0;9418TW;False;False;False;52.787842662871185;6.5057951980303175;WarmteAtlas:CO2EmissieBedrijven;;;
459;NL;;203888;A. Jansen B.V.;Son;Kanaaldijk Zuid;5691NL;24;;159056;390361;38.32;Gesorteerd materiaal voorbereiden tot recycling;Afvalverwijdering;Overige afvalbedrijven;CO2;0.0;0.0;0.0;0.0;4.61707;6.515094;4.373455;5.061473;5.67883;Overig;89.981466;89.981466;Afval;2;Maroon;2024;BU08480009;GM0848;5691.0;5691NL;BU08480009;GM0848;5691.0;5691NL;BU08480009;GM0848;5691.0;5691NL;False;False;False;51.50225423543293;5.445617038159392;WarmteAtlas:CO2EmissieBedrijven;;;
460;NL;;204038;Keizersberg Diervoeders Elsendorp BV;Elsendorp;Keizersberg;5424SH;20;;181499;399733;01.49.9;Fokken en houden van overige dieren (rest);Landbouw;Landbouwbedrijven;CO2;0.0;0.0;0.0;0.026321;0.006852;0.005562;0.007158;0.0;0.0;Overig;0.0;0.0;Overige;0;Gray;2024;BU16520509;GM1652;5424.0;5424SH;BU16520509;GM1652;5424.0;5424SH;BU16520509;GM1652;5424.0;5424SH;False;False;False;51.585884458261276;5.7695535728832334;WarmteAtlas:CO2EmissieBedrijven;;;
461;NL;;204050;Driessen Grondwerken B.V.;Horst;Hamweg;5961PS;6;;202536;383873;49.41;Goederenvervoer over de weg (geen verhuizingen);Handel, Diensten en Overheid (HDO);Energiegebruik en processen Handel, Diensten en Overheid (HDO);CO2;0.0;0.0;0.0;0.149184;0.0;0.0;0.0;0.0;0.0;Overig;0.0;0.0;Overige;0;Gray;2024;BU15070419;GM1507;5961.0;5961PS;BU15070419;GM1507;5961.0;5961PS;BU15070419;GM1507;5961.0;5961PS;False;False;False;51.44194599793927;6.070931254129629;WarmteAtlas:CO2EmissieBedrijven;;;
462;NL;;204051;Driessen Grondwerken BV;Horst;Handelstraat;5961PV;5;;201344;383624;49.41;Goederenvervoer over de weg (geen verhuizingen);Handel, Diensten en Overheid (HDO);Energiegebruik en processen Handel, Diensten en Overheid (HDO);CO2;0.0;0.0;0.0;0.039509;0.0;0.0;0.0;0.0;0.0;Overig;0.0;0.0;Overige;0;Gray;2024;BU15070410;GM1507;5961.0;5961PV;BU15070410;GM1507;5961.0;5961PV;BU15070410;GM1507;5961.0;5961PV;False;False;False;51.4398071831301;6.053754583529406;WarmteAtlas:CO2EmissieBedrijven;;;
463;NL;;204062;Intervet Schering-Plough Animal Health (De Bilt);De Bilt;Ambachtstraat;3732CN;4;;141194;457889;21.20;Vervaardiging van farmaceutische producten (geen grondstoffen);Chemische Industrie;Chemische Industrie overig;CO2;0.0;0.0;0.0;0.0;0.254001;0.257602;0.2546;0.2652;0.2634;Chemische Industrie;3.576837;3.576837;Chemie;1;Magenta;2024;BU03101001;GM0310;3732.0;3732CN;BU03101001;GM0310;3732.0;3732CN;BU03101001;GM0310;3732.0;3732CN;False;False;False;52.109062825134;5.185670067875162;WarmteAtlas:CO2EmissieBedrijven;;;
464;NL;;204215;Enerco BV;Buchten;Keerweg;6122CL;2;;184568;339935;46.71.1;Groothandel in vaste brandstoffen;Handel, Diensten en Overheid (HDO);Energiegebruik en processen Handel, Diensten en Overheid (HDO);CO2;0.0;0.0;0.0;0.0;0.443843;0.658954;0.610444;0.573995;0.0;Overig;0.0;0.0;Overige;0;Gray;2024;BU18830602;GM1883;6122.0;6122CL;BU18830602;GM1883;6122.0;6122CL;BU18830602;GM1883;6122.0;6122CL;False;False;False;51.04823571179473;5.808847292509855;WarmteAtlas:CO2EmissieBedrijven;;;
465;NL;;204235;Vopak Terminal Vlissingen BV;Nieuwdorp;Frankrijkweg;4455TR;4;;38923;387315;52.10.1;Opslag in tanks;Handel, Diensten en Overheid (HDO);Energiegebruik en processen Handel, Diensten en Overheid (HDO);CO2;0.0;0.006;0.0;0.0;0.0;0.0;0.0;0.0;0.0;Overig;0.0;0.0;Overige;0;Gray;2024;BU06540903;GM0654;4455.0;4455TR;BU06540903;GM0654;4455.0;4455TR;BU06540903;GM0654;4455.0;4455TR;False;False;False;51.46293655223047;3.7167630466492274;WarmteAtlas:CO2EmissieBedrijven;;;
466;NL;;204287;Global Food Group BV eierverwerking;Ospel;Gebbelsweg;6035EA;9;;182020;367682;10.89;Vervaardiging van overige voedingsmiddelen n.e.g.;Overige industrie;Voedings- en genotmiddelenindustrie;CO2;0.0;0.0;0.0;0.545506;0.735738;0.577286;0.861582;0.925;1.604705;Voedings- en genotmiddelenindustrie;25.040429;25.040429;Voeding;1;Green;2024;BU09460301;GM0946;6035.0;6035EA;BU09460301;GM0946;6035.0;6035EA;BU09460301;GM0946;6035.0;6035EA;False;False;False;51.297769115798665;5.774612481414937;WarmteAtlas:CO2EmissieBedrijven;;;
467;NL;;204335;Quality Technology Services B.V.;Eemshaven;Huibertgatweg;9979 X;2;;252734;606643;41.10;Projectontwikkeling;Bouw;Overig bouw;CO2;0.0;0.0;0.0;0.1066;0.0;0.0;0.0;0.0;0.0;Overig;0.0;0.0;Overige;0;Gray;2024;BU19661401;GM1966;9979.0;9979XZ;BU19661401;GM1966;9979.0;9979XZ;BU19661401;GM1966;9979.0;9979XZ;False;False;False;53.437049974665804;6.8578580210265745;WarmteAtlas:CO2EmissieBedrijven;;;
468;NL;;204361;Ecofuels BV;Well;Veenweg;5855ES;4;;207186;397108;35.11.3;Productie van elektriciteit door zonnecellen, warmtepompen en waterkracht;Energiesector;Opwekking electriciteit;CO2;0.0;0.0;0.0;12.573908;11.373255;13.795393;14.280069;13.301871;14.0;Opwekking electriciteit;98.0;0.0;Energy;2;Yellow;2024;BU08930662;GM0893;5855.0;5855ES;BU08930662;GM0893;5855.0;5855ES;BU08930662;GM0893;5855.0;5855ES;False;False;False;51.56049111034068;6.139775066348363;WarmteAtlas:CO2EmissieBedrijven;;;
469;NL;;204363;Vattenfall Warmte N.V. (HWC Schuytgraaf);Arnhem;Marasingel;6846DX;151;;186213;439706;35.11.1;Productie van elektriciteit door thermische, kern- en warmtekrachtcentrales;Energiesector;Opwekking electriciteit;CO2;0.0;0.0;0.326848;0.271264;0.341117;1.51586;0.859335;1.292065;0.810661;Opwekking electriciteit;5.674627;0.0;Energy;1;Yellow;2024;BU02022449;GM0202;6846.0;6846DZ;BU02022449;GM0202;6846.0;6846DZ;BU02022449;GM0202;6846.0;6846DZ;False;False;False;51.94492695148039;5.841170131658449;WarmteAtlas:CO2EmissieBedrijven;;;
470;NL;;204395;Van Gansewinkel (Stadskanaal);Stadskanaal;Industriestraat;9502EJ;34;;262459;555604;38.11;Inzameling van onschadelijk afval;Afvalverwijdering;AVI's;CO2;0.0;0.0;0.0;0.789106;0.0;0.0;0.577628;0.0;0.659151;Overig;10.444294;10.444294;Afval;1;Maroon;2024;BU00370106;GM0037;9502.0;9502EJ;BU00370106;GM0037;9502.0;9502EJ;BU00370106;GM0037;9502.0;9502EJ;False;False;False;52.97670817266536;6.987087238342592;WarmteAtlas:CO2EmissieBedrijven;;;
471;NL;;204416;Kanola Vethandel;Lexmond;Driemolensweg;4128LS;17;;128996;439814;38.12;Inzameling van schadelijk afval;Afvalverwijdering;AVI's;CO2;0.0;0.0;0.0;0.1054;0.0;0.0;0.0;0.0;0.0;Overig;0.0;0.0;Afval;0;Maroon;2024;BU19610801;GM1961;4128.0;4128LS;BU19610801;GM1961;4128.0;4128LS;BU19610801;GM1961;4128.0;4128LS;False;False;False;51.9461669411196;5.008986045413785;WarmteAtlas:CO2EmissieBedrijven;;;
472;NL;;204488;Cumapol Emmen BV;Emmen;Eerste Bokslootweg;7821AT;17;;257552;533045;20.16;Vervaardiging van kunststof in primaire vorm;Chemische Industrie;Chemische Industrie basisproducten;CO2;0.0;0.0;0.0;0.415;0.665;0.818;0.643;0.78365;0.0;Chemische Industrie;0.0;0.0;Chemie;0;Magenta;2024;BU01145300;GM0114;7821.0;7821AT;BU01145300;GM0114;7821.0;7821AT;BU01145300;GM0114;7821.0;7821AT;False;False;False;52.77499622537848;6.906986728251183;WarmteAtlas:CO2EmissieBedrijven;;;
473;NL;;204492;De Ingensche Waarden BV;Ingen;Veerweg;4031KP;;;161736;443540;41.10;Projectontwikkeling;Bouw;Overig bouw;CO2;0.0;0.0;0.0;0.077981;0.0;0.0;0.0;0.0;0.0;Overig;0.0;0.0;Overige;0;Gray;2024;BU02140408;GM0214;4031.0;4031KN;BU02140408;GM0214;4031.0;4031KN;BU02140408;GM0214;4031.0;4031KN;False;False;False;51.980223766318254;5.485249098166966;WarmteAtlas:CO2EmissieBedrijven;;;
474;NL;;204497;Summa Petfood B.V.;Putten;Nijverheidsweg;3881LA;11;;168183;475406;46.32;Groothandel in vlees en vleesproducten en in wild en gevogelte (niet levend);Handel, Diensten en Overheid (HDO);Energiegebruik en processen Handel, Diensten en Overheid (HDO);CO2;0.0;0.0;0.0;0.0;0.304883;0.1277;0.0805;0.108658;0.1196;Overig;1.89507;1.89507;Overige;1;Gray;2024;BU02730004;GM0273;3881.0;3881LA;BU02730004;GM0273;3881.0;3881LA;BU02730004;GM0273;3881.0;3881LA;False;False;False;52.26651736104733;5.580323745551462;WarmteAtlas:CO2EmissieBedrijven;;;
475;NL;;204522;Ondergrondse aardgasopslag Zuidwending;Veendam;Zoutweg;9644TW;3;;258576;567374;35.12;Beheer en exploitatie van transportnetten voor elektriciteit, aardgas en warm water;Energiesector;Olie- gaswinning land;CO2;0.0;0.0;0.0;2.821175;2.761283;2.690085;3.180151;2.900233;3.116803;Overig;49.385963;49.385963;Overige;2;Gray;2024;BU00470109;GM0047;9644.0;9644TW;BU00470109;GM0047;9644.0;9644TW;BU00470109;GM0047;9644.0;9644TW;False;False;False;53.08320259918735;6.933052052845871;WarmteAtlas:CO2EmissieBedrijven;;;
476;NL;;204523;Aardgascompressorstation Wijngaarden;Wijngaarden;Westeinde;3366BL;37;;110350;428582;35.12;Beheer en exploitatie van transportnetten voor elektriciteit, aardgas en warm water;Energiesector;Olie- gaswinning land;CO2;0.0;0.0;0.0;0.000319;0.0;0.0;0.0;0.0;0.0;Overig;0.0;0.0;Overige;0;Gray;2024;BU19782001;GM1978;3366.0;3366BL;BU19782001;GM1978;3366.0;3366BL;BU19782001;GM1978;3366.0;3366BL;False;False;False;51.84403106825335;4.739257256920474;WarmteAtlas:CO2EmissieBedrijven;;;
477;NL;LCP;204609;Leo Hoogweg BV;Luttelgeest;Kalenbergerweg;8315PE;10;2;187950;528503;01.13.4;Teelt van aardappels en overige wortel- en knolgewassen;Landbouw;Landbouwbedrijven;CO2;0.0;0.0;0.0;40.084648;1.038949;63.204998;79.114335;5.060492;4.24108;Overig;67.200211;67.200211;Overige;2;Gray;2024;BU01710323;GM0171;8315.0;8315PE;BU01710323;GM0171;8315.0;8315PE;BU01710323;GM0171;8315.0;8315PE;False;False;False;52.742873570944575;5.875131513363815;WarmteAtlas:CO2EmissieBedrijven;;;
478;NL;LCP;204617;Centrale Rotterdam;MAASVLAKTE ROTTERDAM;Missouriweg;3199LB;69;;64578;440415;35.11.1;Productie van elektriciteit door thermische, kern- en warmtekrachtcentrales;Energiesector;Opwekking electriciteit;CO2;0.0;0.0;0.0;2792.007723;17.699701;1828.512304;2490.59224;1248.216673;898.134244;Opwekking electriciteit;6286.939708;0.0;Energy;4;Yellow;2024;BU05992308;GM0599;3199.0;3199LB;BU05992308;GM0599;3199.0;3199LB;BU05992308;GM0599;3199.0;3199LB;False;False;False;51.944822788993676;4.0720482801948386;WarmteAtlas:CO2EmissieBedrijven;;;
479;NL;;204650;Ferdinand Zandbergen BV;Woudenberg;De Nort;3931NE;21;;159114;455450;46.32;Groothandel in vlees en vleesproducten en in wild en gevogelte (niet levend);Handel, Diensten en Overheid (HDO);Energiegebruik en processen Handel, Diensten en Overheid (HDO);CO2;0.0;0.0;0.0;0.0;0.0;0.0;0.091;0.055737;0.0738;Overig;1.169366;1.169366;Overige;1;Gray;2024;BU03510008;GM0351;3931.0;3931NE;BU03510008;GM0351;3931.0;3931NE;BU03510008;GM0351;3931.0;3931NE;False;False;False;52.087297692422595;5.447228146692147;WarmteAtlas:CO2EmissieBedrijven;;;
480;NL;LCP;204654;Enecogen VOF;EUROPOORT ROTTERDAM;Markweg;3198NB;194;;66120;441896;35.12;Beheer en exploitatie van transportnetten voor elektriciteit, aardgas en warm water;Energiesector;Opwekking electriciteit;CO2;0.0;0.0;0.0;907.945659;1903.267927;1429.011976;1126.574888;1042.868832;1277.185046;Opwekking electriciteit;8940.295325;0.0;Energy;5;Yellow;2024;BU05992307;GM0599;3198.0;3198NB;BU05992307;GM0599;3198.0;3198NB;BU05992307;GM0599;3198.0;3198NB;False;False;False;51.95838025698023;4.094087314398966;WarmteAtlas:CO2EmissieBedrijven;;;
481;NL;;204667;Aliphos Rotterdam BV;VLAARDINGEN;Zevenmanshaven;3133CA;139;;81932;434823;20.13;Vervaardiging van overige anorganische basischemicaliën;Chemische Industrie;Chemische Industrie basisproducten;CO2;0.0;0.0;0.0;6.083659;0.0;0.0;0.0;0.0;0.0;Chemische Industrie;0.0;0.0;Chemie;0;Magenta;2024;BU06220304;GM0622;3133.0;3133CA;BU06220304;GM0622;3133.0;3133CA;BU06220304;GM0622;3133.0;3133CA;False;False;False;51.89711945420229;4.325597310431853;WarmteAtlas:CO2EmissieBedrijven;;;
482;NL;;204692;Technivet;Ermelo;Lokhorstweg;3851SE;34;;170591;481144;46.71.3;Groothandel in minerale olieproducten (geen brandstoffen);Handel, Diensten en Overheid (HDO);Energiegebruik en processen Handel, Diensten en Overheid (HDO);CO2;0.0;0.0;0.0;0.0;0.0;0.0;2.318814;1.884679;1.860487;Overig;29.479548;29.479548;Overige;1;Gray;2024;BU02330202;GM0233;3851.0;3851SE;BU02330202;GM0233;3851.0;3851SE;BU02330202;GM0233;3851.0;3851SE;False;False;False;52.318025514400496;5.615864009259205;WarmteAtlas:CO2EmissieBedrijven;;;
483;NL;;204763;KH Dairy Sourcing BV;Coevorden;Vlieghuis Europaweg;7742PR;42;;253097;520062;10.51;Vervaardiging van zuivelproducten (geen consumptie-ijs);Handel, Diensten en Overheid (HDO);Energiegebruik en processen Handel, Diensten en Overheid (HDO);CO2;0.0;0.0;0.0;1.080068;1.10896;1.392178;1.718298;1.943869;2.13889;Overig;33.890863;33.890863;Overige;2;Gray;2024;BU01091421;GM0109;7742.0;7742PR;BU01091421;GM0109;7742.0;7742PR;BU01091421;GM0109;7742.0;7742PR;False;False;False;52.65917428975188;6.8371267963155145;WarmteAtlas:CO2EmissieBedrijven;;;
484;NL;;204851;Air Products Nederland BV (Pernis);Botlek Rotterdam;Botlekweg;3197KA;127;;79259;431845;20.11;Vervaardiging van industriële gassen;Chemische Industrie;Chemische Industrie basisproducten;CO2;0.0;0.0;0.0;606.052366;612.484429;738.388587;502.190345;627.198584;483.208258;Chemische Industrie;6561.721402;6561.721402;Chemie;4;Magenta;2024;BU05992306;GM0599;3197.0;3197KA;BU05992306;GM0599;3197.0;3197KA;BU05992306;GM0599;3197.0;3197KA;False;False;False;51.86999905515065;4.287422472959911;WarmteAtlas:CO2EmissieBedrijven;;;
485;NL;;204911;Koninklijke Drukkerij EM. de Jong B.V.;Baarle-Nassau;Visweg;5111HJ;8;;124122;384152;18.12.3;Drukkerijen van reclame;Overige industrie;Grafische industrie;CO2;0.0;0.0;0.0;0.0;0.0;0.0;0.0;0.0;3.064946;Overig;48.56428;48.56428;Overige;2;Gray;2024;BU07440104;GM0744;5111.0;n.a.;BU07440104;GM0744;5111.0;n.a.;BU07440104;GM0744;5111.0;n.a.;False;False;False;51.44561351899423;4.943036474932808;WarmteAtlas:CO2EmissieBedrijven;;;
486;NL;LCP;204944;Eneco Bio Golden Raand;Farmsum;Metaalpark;9936BV;20;;261424;592709;35.12;Beheer en exploitatie van transportnetten voor elektriciteit, aardgas en warm water;Energiesector;Opwekking electriciteit;CO2;0.0;0.0;0.0;419.0;413.2566;417.02;398.2447;407.7513;424.5489;Opwekking electriciteit;2971.8423;0.0;Energy;4;Yellow;2024;BU19790831;GM1979;9936.0;9936BV;BU19790831;GM1979;9936.0;9936BV;BU19790831;GM1979;9936.0;9936BV;False;False;False;53.31022470699813;6.983921342617339;WarmteAtlas:CO2EmissieBedrijven;;;
487;NL;;204957;Eneco Solar, Bio & Hydro BV, WKC Ypenburg;'s-Gravenhage;Spoorlaan;2495AL;100;;85471;452540;35.12;Beheer en exploitatie van transportnetten voor elektriciteit, aardgas en warm water;Energiesector;Opwekking electriciteit;CO2;0.0;0.0;0.0;36.58;34.970658;38.777542;34.325535;33.437086;32.749003;Opwekking electriciteit;229.243021;0.0;Energy;3;Yellow;2024;BU05184110;GM0518;2496.0;2496ZX;BU05184110;GM0518;2496.0;2496ZX;BU05184110;GM0518;2496.0;2496ZX;False;False;False;52.056796099481446;4.373416097292752;WarmteAtlas:CO2EmissieBedrijven;;;
488;NL;;205100;Avista Oil B.V.;Roosendaal;Tussenriemer;4704RT;21;;90348;396011;38.12;Inzameling van schadelijk afval;Afvalverwijdering;AVI's;CO2;0.0;0.0;0.0;0.0;0.0;0.225387;0.3304;0.303143;0.257745;Overig;4.083988;4.083988;Afval;1;Maroon;2024;BU16740800;GM1674;4704.0;4704RT;BU16740800;GM1674;4704.0;4704RT;BU16740800;GM1674;4704.0;4704RT;False;False;False;51.54933827614353;4.455078372858477;WarmteAtlas:CO2EmissieBedrijven;;;
489;NL;;205183;Van Merksteijn International BV;Almelo;Bedrijvenpark Twente;7602 K;237;;238760;487181;25.93;Vervaardiging van artikelen van draad en van kettingen en veren;Overige industrie;Metaalelektro;CO2;0.0;0.0;0.0;4.625531;8.827127;9.215681;8.257946;5.291429;6.942185;Metaalelektro;109.192975;109.192975;Overige;2;Gray;2024;BU01411205;GM0141;7602.0;7602KJ;BU01411205;GM0141;7602.0;7602KJ;BU01411205;GM0141;7602.0;7602KJ;False;False;False;52.36611405834958;6.617012413245714;WarmteAtlas:CO2EmissieBedrijven;;;
490;NL;;205186;Eneco Solar, Bio & Hydro / HWC Ypenburg;'s-Gravenhage;Laan van Deelen;2497GG;2;;84489;451037;35.12;Beheer en exploitatie van transportnetten voor elektriciteit, aardgas en warm water;Energiesector;Opwekking electriciteit;CO2;0.0;0.0;0.0;9.17;9.176681;10.096306;7.04178;0.0;0.0;Opwekking electriciteit;0.0;0.0;Energy;0;Yellow;2024;BU05184107;GM0518;2497.0;2497GG;BU05184107;GM0518;2497.0;2497GG;BU05184107;GM0518;2497.0;2497GG;False;False;False;52.0431646907099;4.359410103365646;WarmteAtlas:CO2EmissieBedrijven;;;
491;NL;;205221;Vendecs B.V.;Enschede;Verzetslaan;7548EN;20;;252205;469558;22.21;Vervaardiging van platen, folie, buizen en profielen van kunststof;Overige industrie;Rubber- en kunstofverw. Industrie;CO2;0.0;0.0;0.0;0.0;2.472082;2.384201;2.02925;0.558158;0.0;Overig;0.0;0.0;Overige;0;Gray;2024;BU01530901;GM0153;7548.0;7548EN;BU01530901;GM0153;7548.0;7548EN;BU01530901;GM0153;7548.0;7548EN;False;False;False;52.20554756705854;6.809288651358556;WarmteAtlas:CO2EmissieBedrijven;;;
492;NL;;205256;DCC Maastricht B.V.;Maastricht;Sortieweg;6219NT;39;;175625;319556;20.30;Vervaardiging van verf, vernis e.d., drukinkt en mastiek;Chemische Industrie;Chemische Industrie overig;CO2;0.0;0.0;0.0;0.124883;3.348179;4.069143;3.855078;2.842731;3.235463;Chemische Industrie;43.935935;43.935935;Chemie;2;Magenta;2024;BU09350303;GM0935;6219.0;6219NT;BU09350303;GM0935;6219.0;6219NT;BU09350303;GM0935;6219.0;6219NT;False;False;False;50.865448854887504;5.680155091408496;WarmteAtlas:CO2EmissieBedrijven;;;
493;NL;;205276;Diffutherm BV;Hapert;Smaragdweg;5527LB;50;;147092;374329;20.52;Vervaardiging van lijm en bereide kleefmiddelen;Handel, Diensten en Overheid (HDO);Energiegebruik en processen Handel, Diensten en Overheid (HDO);CO2;0.0;0.0;0.0;0.62482;0.70623;0.76665;0.70227;0.67398;0.62154;Overig;9.848345;9.848345;Overige;1;Gray;2024;BU17280208;GM1728;5527.0;5527LB;BU17280208;GM1728;5527.0;5527LB;BU17280208;GM1728;5527.0;5527LB;False;False;False;51.358107250621366;5.273666480788184;WarmteAtlas:CO2EmissieBedrijven;;;
494;NL;;205339;Veco Zuivel B.V.;Zeewolde;Werktuigweg;3899AN;37;;163816;486287;46.33.1;Groothandel in zuivelproducten en spijsoliën en -vetten;Handel, Diensten en Overheid (HDO);Energiegebruik en processen Handel, Diensten en Overheid (HDO);CO2;0.0;0.0;0.0;0.0;0.0;0.0;0.0;1.14;1.2;Overig;19.014085;19.014085;Overige;1;Gray;2024;BU00500008;GM0050;3899.0;3899AN;BU00500008;GM0050;3899.0;3899AN;BU00500008;GM0050;3899.0;3899AN;False;False;False;52.36439925425564;5.516636098654971;WarmteAtlas:CO2EmissieBedrijven;;;
495;NL;;205351;Westfort Vleesproducten;IJsselstein;Kamerlingh Onneslaan;3401MZ;9;;156349;467407;46.32;Groothandel in vlees en vleesproducten en in wild en gevogelte (niet levend);Handel, Diensten en Overheid (HDO);Energiegebruik en processen Handel, Diensten en Overheid (HDO);CO2;0.0;0.0;0.0;0.0;0.0;0.0;4.109747;0.0;4.50852;Overig;71.437817;71.437817;Overige;2;Gray;2024;BU03073302;GM0307;3825.0;3825HD;BU03073302;GM0307;3825.0;3825HD;BU03073302;GM0307;3825.0;3825HD;False;False;False;52.194780285836515;5.4069335390244975;WarmteAtlas:CO2EmissieBedrijven;;;
496;NL;;205467;A-ware Cheese Production B.V.;Heerenveen;Saturnus;8448CC;21;;192790;555127;10.51;Vervaardiging van zuivelproducten (geen consumptie-ijs);Overige industrie;Voedings- en genotmiddelenindustrie;CO2;0.0;0.0;0.0;0.0;0.0;0.0;0.0;0.0;28.98096;Voedings- en genotmiddelenindustrie;452.230031;452.230031;Voeding;3;Green;2024;BU00740108;GM0074;8448.0;8448CP;BU00740108;GM0074;8448.0;8448CP;BU00740108;GM0074;8448.0;8448CP;False;False;False;52.98180557678714;5.949872362748757;WarmteAtlas:CO2EmissieBedrijven;;;
497;NL;;205470;BES Exploitatie B.V.;Sittard;Rijksweg Noord;6136AC;301;;187982;336875;35.11.1;Productie van elektriciteit door thermische, kern- en warmtekrachtcentrales;Energiesector;Opwekking electriciteit;CO2;0.0;0.0;0.0;28.660838;30.266;31.585025;0.0;0.0;0.0;Opwekking electriciteit;0.0;0.0;Energy;0;Yellow;2024;BU18830001;GM1883;6136.0;6136AC;BU18830001;GM1883;6136.0;6136AC;BU18830001;GM1883;6136.0;6136AC;False;False;False;51.02054346849791;5.857249749775675;WarmteAtlas:CO2EmissieBedrijven;;;
498;NL;;205493;Euro Support Advanced Materials B.V.;Uden;Liessentstraat;5405AH;9;F;172961;407060;20.59;Vervaardiging van overige chemische producten n.e.g.;Chemische Industrie;Chemische Industrie overig;CO2;0.0;0.0;0.0;0.0;1.575788;1.671809;1.737992;2.482516;1.799648;Chemische Industrie;24.438302;24.438302;Chemie;1;Magenta;2024;BU19910115;GM1991;5405.0;5405AH;BU19910115;GM1991;5405.0;5405AH;BU19910115;GM1991;5405.0;5405AH;False;False;False;51.652081178492516;5.646737915315971;WarmteAtlas:CO2EmissieBedrijven;;;
499;NL;;205497;N.V. Organon;Oss;Molenstraat;5342CC;110;;164884;419360;21.10;Vervaardiging van farmaceutische grondstoffen;Chemische Industrie;Chemische Industrie overig;CO2;0.0;0.0;0.0;0.0;0.0;0.0;4.421883;3.811149;3.461666;Chemische Industrie;47.007663;47.007663;Chemie;2;Magenta;2024;BU08280200;GM0828;5342.0;5342CC;BU08280200;GM0828;5342.0;5342CC;BU08280200;GM0828;5342.0;5342CC;False;False;False;51.76283993930488;5.530375907497106;WarmteAtlas:CO2EmissieBedrijven;;;
500;NL;;205498;MSD Biotech B.V.;Oss;Veersemeer;5347JN;4;;166567;421525;21.10;Vervaardiging van farmaceutische grondstoffen;Handel, Diensten en Overheid (HDO);Energiegebruik en processen Handel, Diensten en Overheid (HDO);CO2;0.0;0.0;0.0;0.0;0.144702;0.137177;0.115096;0.1171;0.1735;Overig;2.74912;2.74912;Overige;1;Gray;2024;BU08280503;GM0828;5347.0;5347JM;BU08280503;GM0828;5347.0;5347JM;BU08280503;GM0828;5347.0;5347JM;False;False;False;51.78226744744009;5.554827103723629;WarmteAtlas:CO2EmissieBedrijven;;;
501;NL;;205500;Aspen Oss B.V. (locatie Moleneind);Oss;Kloosterstraat;5349AB;6;;165005;419461;21.20;Vervaardiging van farmaceutische producten (geen grondstoffen);Chemische Industrie;Chemische Industrie overig;CO2;0.0;0.0;0.0;0.0;8.05;8.4431;7.5;7.14;6.540184;Chemische Industrie;88.812359;88.812359;Chemie;2;Magenta;2024;BU08280200;GM0828;5342.0;5342CC;BU08280200;GM0828;5342.0;5342CC;BU08280200;GM0828;5342.0;5342CC;False;False;False;51.76374561169175;5.532131555258188;WarmteAtlas:CO2EmissieBedrijven;;;
502;NL;;205501;Aspen Oss B.V. (locatie De Geer);Oss;Veersemeer;5347JN;4;;166567;421525;21.20;Vervaardiging van farmaceutische producten (geen grondstoffen);Chemische Industrie;Chemische Industrie overig;CO2;0.0;0.0;0.0;0.0;4.725834;4.8;4.633729;5.06;5.033868;Chemische Industrie;68.357357;68.357357;Chemie;2;Magenta;2024;BU08280503;GM0828;5347.0;5347JM;BU08280503;GM0828;5347.0;5347JM;BU08280503;GM0828;5347.0;5347JM;False;False;False;51.78226744744009;5.554827103723629;WarmteAtlas:CO2EmissieBedrijven;;;
503;NL;;205503;MRC Plating Products B.V.;Zeewolde;Nijverheidsweg;3899AH;25;;162946;485424;46.72.2;Groothandel in ferrometalen en -halffabrikaten;Handel, Diensten en Overheid (HDO);Energiegebruik en processen Handel, Diensten en Overheid (HDO);CO2;0.0;0.0;0.0;0.0;0.2047;0.206351;0.1854;0.130922;0.132162;Overig;2.094116;2.094116;Overige;1;Gray;2024;BU00500009;GM0050;3899.0;3899AD;BU00500009;GM0050;3899.0;3899AD;BU00500009;GM0050;3899.0;3899AD;False;False;False;52.35665627885717;5.503842823647602;WarmteAtlas:CO2EmissieBedrijven;;;
504;NL;;205568;Asfaltcentrale Gebr. Van der Lee V.O.F.;Lelystad;Mortelstraat;8211AD;4;;164063;505294;42.11.1;Wegenbouw;Bouw;Overig bouw;CO2;0.0;0.0;0.0;0.0;5.012688;0.0;0.0;0.0;0.0;Overig;0.0;0.0;Overige;0;Gray;2024;BU09951084;GM0995;8211.0;8211AD;BU09951084;GM0995;8211.0;8211AD;BU09951084;GM0995;8211.0;8211AD;False;False;False;52.53521867212987;5.520777803133446;WarmteAtlas:CO2EmissieBedrijven;;;
505;NL;;205570;NL-DC Datacenter Flevoland;Almere;Rondebeltweg;1329BG;62;;146911;486281;63.11;Gegevensverwerking, webhosting en aanverwante activiteiten;Handel, Diensten en Overheid (HDO);Energiegebruik en processen Handel, Diensten en Overheid (HDO);CO2;0.0;0.0;0.0;0.0;0.0;0.0;0.0272;0.025541;0.0;Overig;0.0;0.0;Overige;0;Gray;2024;BU00343903;GM0034;1329.0;1329BG;BU00343903;GM0034;1329.0;1329BG;BU00343903;GM0034;1329.0;1329BG;False;False;False;52.364356866729004;5.268446018244659;WarmteAtlas:CO2EmissieBedrijven;;;
506;NL;;205572;Nutricia Cuijk BV;Haps;Schuttersweg;5443PR;12;;189318;411778;10.86;Vervaardiging van gehomogeniseerde voedingspreparaten en dieetvoeding;Overige industrie;Voedings- en genotmiddelenindustrie;CO2;0.0;0.0;0.0;0.0;0.0;0.0;0.0;0.0;6.66895;Voedings- en genotmiddelenindustrie;104.064853;104.064853;Voeding;2;Green;2024;BU19821305;GM1982;5443.0;5443PR;BU19821305;GM1982;5443.0;5443PR;BU19821305;GM1982;5443.0;5443PR;False;False;False;51.69372456605389;5.883554950888023;WarmteAtlas:CO2EmissieBedrijven;;;
507;NL;;205588;Van der Velden Rioleringsbeheer Buren B.V.;Schalkwijk;Kanaaldijk Zuid;3998WK;2;;141073;446275;37.00;Afvalwaterinzameling en -behandeling;Riolering en waterzuiveringsinstallaties;Energiegebruik en processen Riolering en waterzuiveringsinstallaties;CO2;0.0;0.0;0.0;0.0;0.439208;0.5037;0.397259;0.26871;0.392;Overig;6.211268;6.211268;RWZI;1;Bleu;2024;BU03215192;GM0321;3998.0;3998WK;BU03215192;GM0321;3998.0;3998WK;BU03215192;GM0321;3998.0;3998WK;False;False;False;52.00467287251378;5.1843770091405235;WarmteAtlas:CO2EmissieBedrijven;;;
508;NL;;205591;Exploitatiemaatschappij J. ter Horst BV;Goor;Breukersweg;7471ST;4;c;237057;473936;49.41;Goederenvervoer over de weg (geen verhuizingen);Handel, Diensten en Overheid (HDO);Energiegebruik en processen Handel, Diensten en Overheid (HDO);CO2;0.0;0.0;0.0;0.0;0.004234;0.004957;0.004403;0.0;0.0;Overig;0.0;0.0;Overige;0;Gray;2024;BU17350007;GM1735;7471.0;7471ST;BU17350007;GM1735;7471.0;7471ST;BU17350007;GM1735;7471.0;7471ST;False;False;False;52.247350770237944;6.588789394054706;WarmteAtlas:CO2EmissieBedrijven;;;
509;NL;;205661;Woodvision B.V.;Kampen;Haatlanderdijk;8263AP;55;;188580;509257;46.73.1;Groothandel in hout en plaatmateriaal;Handel, Diensten en Overheid (HDO);Energiegebruik en processen Handel, Diensten en Overheid (HDO);CO2;0.0;0.0;0.0;0.0;0.0;0.0665;0.0309;0.1881;0.0;Overig;0.0;0.0;Overige;0;Gray;2024;BU01660006;GM0166;8263.0;8263AP;BU01660006;GM0166;8263.0;8263AP;BU01660006;GM0166;8263.0;8263AP;False;False;False;52.56987666137571;5.882507492479957;WarmteAtlas:CO2EmissieBedrijven;;;
510;NL;;205694;B.V. Esbro;Wehl;Aragonstraat;7031HZ;2;;212574;440240;10.12;Pluimveeslachterijen;Overige industrie;Voedings- en genotmiddelenindustrie;CO2;0.0;0.0;0.0;0.0;1.691581;1.314097;1.216952;1.064262;1.175217;Voedings- en genotmiddelenindustrie;18.338537;18.338537;Voeding;1;Green;2024;BU02223111;GM0222;7031.0;7031GG;BU02223111;GM0222;7031.0;7031GG;BU02223111;GM0222;7031.0;7031GG;False;False;False;51.94762030713547;6.224628529278346;WarmteAtlas:CO2EmissieBedrijven;;;
511;NL;;205709;IJsselland Bio Fuels B.V.;Kampen;Haatlandhaven;8263AS;15;;188175;509752;20.59;Vervaardiging van overige chemische producten n.e.g.;Chemische Industrie;Chemische Industrie overig;CO2;0.0;0.0;0.0;0.0;0.0;1.948478;1.654517;1.7784;2.532615;Chemische Industrie;34.391618;34.391618;Chemie;2;Magenta;2024;BU01660006;GM0166;8263.0;8263AS;BU01660006;GM0166;8263.0;8263AS;BU01660006;GM0166;8263.0;8263AS;False;False;False;52.574349954312886;5.876583385158752;WarmteAtlas:CO2EmissieBedrijven;;;
512;NL;;205768;Renewi Tubbergen;Tubbergen;Galvanistraat;7651DH;6;;250492;491286;38.10;Inzameling van afval;Afvalverwijdering;AVI's;CO2;0.0;0.0;0.0;0.0;0.0;0.0;0.0;0.0;0.033131;Overig;0.524963;0.524963;Afval;1;Maroon;2024;BU01830000;GM0183;7651.0;7651DH;BU01830050;GM0183;7651.0;7651DH;BU01830050;GM0183;7651.0;7651DH;True;False;False;52.4010837671105;6.790388700397841;WarmteAtlas:CO2EmissieBedrijven;;;
513;NL;;205802;Empyro B.V.;Enschede;Boortorenweg;7554RS;7;-;250809;474049;38.21;Behandeling van onschadelijk afval;Afvalverwijdering;AVI's;CO2;0.0;0.0;0.0;0.0;24.16792;24.639012;14.8;0.0;0.0;Overig;0.0;0.0;Afval;0;Maroon;2024;BU01640500;GM0164;7554.0;7554RS;BU01640500;GM0164;7554.0;7554RS;BU01640500;GM0164;7554.0;7554RS;False;False;False;52.2461462667314;6.79014242436996;WarmteAtlas:CO2EmissieBedrijven;;;
514;NL;;205837;Hunter Douglas Europe BV;Leek;Industriepark;9351PA;17;;221236;575725;24.42;Vervaardiging van aluminium;Overige industrie;Textiel- en tapijtindustrie;CO2;0.0;0.0;0.0;0.0;0.0;0.0;0.0;0.0;1.038894;Overig;16.461349;16.461349;Overige;1;Gray;2024;BU19690402;GM1969;9351.0;9351KA;BU19690402;GM1969;9351.0;9351KA;BU19690402;GM1969;9351.0;9351KA;False;False;False;53.16413167993979;6.377577682477497;WarmteAtlas:CO2EmissieBedrijven;;;
515;NL;;205844;Green Box Computing B.V.;Eemshaven;Oostpolder;9979XL;4;;252893;605299;63.11;Gegevensverwerking, webhosting en aanverwante activiteiten;Handel, Diensten en Overheid (HDO);Energiegebruik en processen Handel, Diensten en Overheid (HDO);CO2;0.0;0.0;0.0;0.0;0.177;0.10251;1.447789;0.551232;0.3198;Overig;5.067254;5.067254;Overige;1;Gray;2024;BU19661401;GM1966;9979.0;9979XT;BU19661401;GM1966;9979.0;9979XT;BU19661401;GM1966;9979.0;9979XT;False;False;False;53.42494833200776;6.859835797435379;WarmteAtlas:CO2EmissieBedrijven;;;
516;NL;;205876;Hartog Containers B.V.;Amersfoort;Nijverheidsweg-Noord;3812PL;135;;152417;464834;77.39.9;Verhuur en lease van overige machines en werktuigen en van overige goederen n.e.g. (geen automaten);Bouw;Overig bouw;CO2;0.0;0.0;0.0;0.0;0.243148;0.0;0.201119;0.202781;0.194373;Overig;3.079854;3.079854;Overige;1;Gray;2024;BU03070505;GM0307;3812.0;3812PL;BU03070505;GM0307;3812.0;3812PL;BU03070505;GM0307;3812.0;3812PL;False;False;False;52.17165014818307;5.349445330964506;WarmteAtlas:CO2EmissieBedrijven;;;
517;NL;;205961;Chamlon B.V.;Ootmarsum;Eerste Stegge;7631AE;40;-44;259035;492547;15.11;"Looien en bereiden van leer; bereiden en verven van bont";Overige industrie;Lederindustrie;CO2;0.0;0.0;0.0;0.0;0.181602;0.0;0.19136;0.169813;0.0;Overig;0.0;0.0;Overige;0;Gray;2024;BU17741550;GM1774;7631.0;7631AE;BU17741550;GM1774;7631.0;7631AE;BU17741550;GM1774;7631.0;7631AE;False;False;False;52.41085984709658;6.916271781650874;WarmteAtlas:CO2EmissieBedrijven;;;
518;NL;;205965;Amsterdam Meat Company Ameco BV;Apeldoorn;Ecofactorij;7325WC;29;;199158;468037;10.11;Slachterijen (geen pluimvee-);Overige industrie;Voedings- en genotmiddelenindustrie;CO2;0.0;0.0;0.0;0.0;0.0;0.0;0.666;0.694;0.789;Voedings- en genotmiddelenindustrie;12.311859;12.311859;Voeding;1;Green;2024;BU02000607;GM0200;7325.0;7325WC;BU02000607;GM0200;7325.0;7325WC;BU02000607;GM0200;7325.0;7325WC;False;False;False;52.198676303447925;6.033101682513047;WarmteAtlas:CO2EmissieBedrijven;;;
519;NL;;205998;Koster Keunen (Holland) B.V.;Bladel;Raambrug;5531AG;3;;142348;374440;20.14.9;Vervaardiging van organische basischemicaliën (geen petrochemische producten);Chemische Industrie;Chemische Industrie basisproducten;CO2;0.0;0.0;0.0;0.0;0.4249;0.4108;0.3188;0.311791;0.377;Chemische Industrie;5.119467;5.119467;Chemie;1;Magenta;2024;BU17280001;GM1728;5531.0;5531AB;BU17280001;GM1728;5531.0;5531AB;BU17280001;GM1728;5531.0;5531AB;False;False;False;51.35901881719259;5.205553787290227;WarmteAtlas:CO2EmissieBedrijven;;;
520;NL;;206000;Purified Metal Company;Farmsum;Oosterwierum;9936HJ;7;;259376;592382;38.32;Gesorteerd materiaal voorbereiden tot recycling;Afvalverwijdering;Overige afvalbedrijven;CO2;0.0;0.0;0.0;0.0;0.0;7.107732;0.0;0.0;0.0;Overig;0.0;0.0;Afval;0;Maroon;2024;BU19790831;GM1979;9936.0;9936HE;BU19790831;GM1979;9936.0;9936HE;BU19790831;GM1979;9936.0;9936HE;False;False;False;53.30769162707892;6.953099044803315;WarmteAtlas:CO2EmissieBedrijven;;;
521;NL;;206010;Reststoffen Bewerkingsinstallatie;Farmsum;Warvenweg;9936TG;8;;260444;590788;06.20;Winning van aardgas;Energiesector;Olie- gaswinning land;CO2;0.0;0.0;0.0;0.0;0.104849;0.144103;0.129134;0.139053;0.123647;Overig;1.959195;1.959195;Overige;1;Gray;2024;BU19790945;GM1979;9936.0;9936TG;BU19790945;GM1979;9936.0;9936TG;BU19790945;GM1979;9936.0;9936TG;False;False;False;53.29316374668392;6.9685905191984086;WarmteAtlas:CO2EmissieBedrijven;;;
522;NL;;206028;Vattenfall HWC Waalsprong;Lent;Dijkstraat;6663AD;4;;187439;431352;35.11.1;Productie van elektriciteit door thermische, kern- en warmtekrachtcentrales;Energiesector;Opwekking electriciteit;CO2;0.0;0.0;0.0;0.0;0.0;0.0;0.0;0.0;1.066649;Opwekking electriciteit;7.466543;0.0;Energy;1;Yellow;2024;BU02680970;GM0268;6663.0;6663AD;BU02680970;GM0268;6663.0;6663AD;BU02680970;GM0268;6663.0;6663AD;False;False;False;51.869770823321055;5.858213029220638;WarmteAtlas:CO2EmissieBedrijven;;;
523;NL;;206034;Spiraloh B.V.;Putten;Beulekampersteeg;3882LK;4;;169645;470759;01.61;Dienstverlening voor de akker- en/of tuinbouw;Landbouw;Landbouwbedrijven;CO2;0.0;0.0;0.0;0.0;0.0;0.0;0.0;0.0;0.0;Overig;0.0;0.0;Overige;0;Gray;2024;BU02730006;GM0273;3882.0;3882LK;BU02730006;GM0273;3882.0;3882LK;BU02730006;GM0273;3882.0;3882LK;False;False;False;52.2247143973483;5.601539298242097;WarmteAtlas:CO2EmissieBedrijven;;;
524;NL;;206040;Groen Gas Gelderland B.V.;Bemmel;Veronica;6681RK;2;;191153;436753;35.11.3;Productie van elektriciteit door zonnecellen, warmtepompen en waterkracht;Energiesector;Opwekking electriciteit;CO2;0.0;0.0;0.0;0.0;7.067;7.911;7.599;9.9851;9.2285;Opwekking electriciteit;64.5995;0.0;Energy;2;Yellow;2024;BU17050011;GM1705;6681.0;6681RK;BU17050011;GM1705;6681.0;6681RK;BU17050011;GM1705;6681.0;6681RK;False;False;False;51.918086128609865;5.91270498365979;WarmteAtlas:CO2EmissieBedrijven;;;
525;NL;;206132;Alblasserdam Yachtbuilding Construction B.V.;Zwijndrecht;Noordweg;3336LH;8;;102049;424784;30.12;Bouw van sport- en recreatievaartuigen;Overige industrie;Metaalelektro;CO2;0.0;0.0;0.0;0.0;0.502866;1.622243;1.625119;0.321664;0.381194;Metaalelektro;5.995769;5.995769;Overige;1;Gray;2024;BU06420701;GM0642;3336.0;3336LH;BU06420701;GM0642;3336.0;3336LH;BU06420701;GM0642;3336.0;3336LH;False;False;False;51.809169250021284;4.619387387615469;WarmteAtlas:CO2EmissieBedrijven;;;
526;NL;;206149;Stinoil Holding B.V.;Veendam;Cereslaan;9641MJ;9;;255779;569070;20.59;Vervaardiging van overige chemische producten n.e.g.;Chemische Industrie;Chemische Industrie overig;CO2;0.0;0.0;0.0;0.0;0.803;0.907889;0.896003;0.815759;1.091203;Chemische Industrie;14.817978;14.817978;Chemie;1;Magenta;2024;BU00470006;GM0047;9641.0;9641ML;BU00470006;GM0047;9641.0;9641ML;BU00470006;GM0047;9641.0;9641ML;False;False;False;53.09896998558299;6.891849859629309;WarmteAtlas:CO2EmissieBedrijven;;;
527;NL;;206160;Greenergy Biofuels Amsterdam B.V.;Amsterdam;Heining;1047AH;110;;113182;490290;09.90;Dienstverlening voor de winning van delfstoffen (geen olie en gas);Bouw;Overig bouw;CO2;0.0;0.0;0.0;0.0;5.24;6.43;5.741914;6.090809;8.559608;Overig;135.627584;135.627584;Overige;2;Gray;2024;BU0363BA02;GM0363;1047.0;1047AH;BU0363BA02;GM0363;1047.0;1047AH;BU0363BA02;GM0363;1047.0;1047AH;False;False;False;52.398854169915786;4.772772539656923;WarmteAtlas:CO2EmissieBedrijven;;;
528;NL;;206181;Jonkman Coating BV;Hengelo;Lemerij;7555PX;11;;248362;478515;25.61;Oppervlaktebehandeling en bekleding van metaal;Overige industrie;Metaalelektro;CO2;0.0;0.0;0.0;0.0;0.0;0.0;0.0;0.367216;0.761978;Metaalelektro;11.98508;11.98508;Overige;1;Gray;2024;BU01640706;GM0164;7555.0;7555PX;BU01640706;GM0164;7555.0;7555PX;BU01640706;GM0164;7555.0;7555PX;False;False;False;52.28669635617045;6.755554968382508;WarmteAtlas:CO2EmissieBedrijven;;;
529;NL;;206211;ABL-Technic Uden B.V.;Uden;Vliegeniersstraat;5405BH;24;;173940;407820;25.61;Oppervlaktebehandeling en bekleding van metaal;Overige industrie;Metaalelektro;CO2;0.0;0.0;0.0;0.0;0.0;0.0;1.033729;1.16057;1.13031;Metaalelektro;17.77854;17.77854;Overige;1;Gray;2024;BU19910115;GM1991;5405.0;5405BH;BU19910115;GM1991;5405.0;5405BH;BU19910115;GM1991;5405.0;5405BH;False;False;False;51.65888014825973;5.660925619303154;WarmteAtlas:CO2EmissieBedrijven;;;
530;NL;LCP;206213;HWC Amsterdam Driehoek;Amsterdam;Johan Huizingalaan;1066VH;801;;117319;483773;35.11.1;Productie van elektriciteit door thermische, kern- en warmtekrachtcentrales;Energiesector;Opwekking electriciteit;CO2;0.0;0.0;0.0;0.0;0.0;3.243587;2.067691;0.439431;8.174183;Opwekking electriciteit;57.219281;0.0;Energy;2;Yellow;2024;BU0363FQ09;GM0363;1066.0;1066VH;BU0363FQ09;GM0363;1066.0;1066VH;BU0363FQ09;GM0363;1066.0;1066VH;False;False;False;52.3405841116887;4.834285152573104;WarmteAtlas:CO2EmissieBedrijven;;;
531;NL;;206262;Fresh Trading Manufacturing B.V.;Rotterdam;Seguraweg;3198NH;50;;66255;442973;46.34;Groothandel in dranken (geen zuivel);Handel, Diensten en Overheid (HDO);Energiegebruik en processen Handel, Diensten en Overheid (HDO);CO2;0.0;0.0;0.0;0.0;0.0;0.0;0.0;2.563;2.501336;Overig;39.633841;39.633841;Overige;2;Gray;2024;BU05992307;GM0599;3198.0;3198NH;BU05992307;GM0599;3198.0;3198NH;BU05992307;GM0599;3198.0;3198NH;False;False;False;51.968080125932325;4.095772483601364;WarmteAtlas:CO2EmissieBedrijven;;;
532;NL;;206263;Delrin Netherlands B.V.;Dordrecht;Baanhoekweg;3313LA;22;;109230;425690;20.16;Vervaardiging van kunststof in primaire vorm;Chemische Industrie;Chemische Industrie basisproducten;CO2;0.0;0.0;0.0;0.0;0.0;0.0;20.99029;11.750625;10.223604;Chemische Industrie;138.831317;138.831317;Chemie;2;Magenta;2024;BU05050608;GM0505;3313.0;3313LA;BU05050608;GM0505;3313.0;3313LA;BU05050608;GM0505;3313.0;3313LA;False;False;False;51.81794735566454;4.723388253972124;WarmteAtlas:CO2EmissieBedrijven;;;
533;NL;;206266;Hexion VAD B.V.;Vondelingenplaat Rotterdam;Vondelingenweg;3196KK;601;;83857;433269;20.14.1;Vervaardiging van petrochemische producten;Chemische Industrie;Chemische Industrie basisproducten;CO2;0.0;0.0;0.0;0.0;0.0;0.0;4.615505;4.355;4.559188;Chemische Industrie;61.911445;61.911445;Chemie;2;Magenta;2024;BU05992295;GM0599;3196.0;3196KD;BU05992295;GM0599;3196.0;3196KE;BU05992295;GM0599;3196.0;3196KE;False;False;False;51.88340284109663;4.353882140075101;WarmteAtlas:CO2EmissieBedrijven;;;
534;NL;LCP;206267;EemsEnergy Terminal B.V.;Eemshaven;Synergieweg;9979XL;2001;;252390;607484;35.12;Beheer en exploitatie van transportnetten voor elektriciteit, aardgas en warm water;Energiesector;Olie- gaswinning land;CO2;0.0;0.0;0.0;0.0;0.0;0.0;16.588215;31.576368;49.507553;Overig;784.450664;784.450664;Overige;3;Gray;2024;BU19661401;GM1966;9979.0;9979XD;BU19661401;GM1966;9979.0;9979XD;BU19661401;GM1966;9979.0;9979XD;False;False;False;53.44466728843626;6.8529412004038885;WarmteAtlas:CO2EmissieBedrijven;;;
535;NL;;206268;Linde Gas Benelux B.V. (Europoort 2);Europoort Rotterdam;Merwedeweg;3198LH;10;;72013;438279;20.11;Vervaardiging van industriële gassen;Chemische Industrie;Chemische Industrie basisproducten;CO2;0.0;0.0;0.0;0.0;0.0;0.0;14.12;8.061;9.243;Chemische Industrie;125.51522;125.51522;Chemie;2;Magenta;2024;BU05992307;GM0599;3198.0;3198LH;BU05992307;GM0599;3198.0;3198LH;BU05992307;GM0599;3198.0;3198LH;False;False;False;51.92678702767716;4.18067938822964;WarmteAtlas:CO2EmissieBedrijven;;;
536;NL;;206270;CAN-PACK Netherlands B.V.;Helmond;Maisdijk;5704RM;9;;176990;383782;25.92;Vervaardiging van verpakkingsmiddelen van licht metaal;Overige industrie;Metaalelektro;CO2;0.0;0.0;0.0;0.0;0.0;0.0;9.644497;9.587717;9.994262;Metaalelektro;157.198807;157.198807;Overige;2;Gray;2024;BU07942902;GM0794;5704.0;5704RM;BU07942902;GM0794;5704.0;5704RM;BU07942902;GM0794;5704.0;5704RM;False;False;False;51.442703355713725;5.703495103883884;WarmteAtlas:CO2EmissieBedrijven;;;
537;NL;;206310;Bek & Verburg B.V.;Amsterdam;Petroleumhavenweg;1013BL;29;;118625;491595;38.12;Inzameling van schadelijk afval;Afvalverwijdering;AVI's;CO2;0.0;0.0;0.0;0.0;0.0;0.0;0.0;0.075;0.188924;Overig;2.993514;2.993514;Afval;1;Maroon;2024;BU0363BA04;GM0363;1041.0;1041AB;BU0363BA04;GM0363;1041.0;1041AB;BU0363BA04;GM0363;1041.0;1041AB;False;False;False;52.41097027832983;4.85260147856075;WarmteAtlas:CO2EmissieBedrijven;;;
538;NL;;206325;J.A. ter Maten Pluimveebedrijf B.V.;Bunschoten-Spakenburg;De Kooihoek;3751LZ;7;;154065;470727;10.13;Vleesverwerking (niet tot maaltijden);Overige industrie;Voedings- en genotmiddelenindustrie;CO2;0.0;0.0;0.0;0.0;0.0;0.0;0.0;0.0206;0.0;Voedings- en genotmiddelenindustrie;0.0;0.0;Voeding;0;Green;2024;BU03130007;GM0313;3751.0;3751LZ;BU03130007;GM0313;3751.0;3751LZ;BU03130007;GM0313;3751.0;3751LZ;False;False;False;52.22462082392328;5.373519702653168;WarmteAtlas:CO2EmissieBedrijven;;;
539;NL;;206333;Den Ouden Group B.V.;Alblasserdam;Edisonweg;2952AD;14;a;105294;430222;49.41;Goederenvervoer over de weg (geen verhuizingen);Handel, Diensten en Overheid (HDO);Energiegebruik en processen Handel, Diensten en Overheid (HDO);CO2;0.0;0.0;0.0;0.0;0.0;0.0;0.0;0.962223;0.961284;Overig;15.231613;15.231613;Overige;1;Gray;2024;BU04820501;GM0482;2952.0;2952AD;BU04820501;GM0482;2952.0;2952AD;BU04820501;GM0482;2952.0;2952AD;False;False;False;51.858343183529;4.665655502902155;WarmteAtlas:CO2EmissieBedrijven;;;
540;NL;;21001;BP Amsterdam Terminal;Amsterdam;Hornweg;1045AR;10;;113800;492250;46.71;Groothandel in brandstoffen en andere minerale olieproducten;Handel, Diensten en Overheid (HDO);Energiegebruik en processen Handel, Diensten en Overheid (HDO);CO2;11.7025;5.941;0.0;0.0;0.0;0.0;0.0;0.0;0.0;Overig;0.0;0.0;Overige;0;Gray;2024;BU0363BA02;GM0363;1045.0;1045AV;BU0363BA02;GM0363;1045.0;1045AV;BU0363BA02;GM0363;1045.0;1045AV;False;False;False;52.41651561838484;4.7816116155821;WarmteAtlas:CO2EmissieBedrijven;;;
541;NL;;21002;Smid & Hollander Raffinaderij;Amsterdam;Sextantweg;1042AH;10;;116950;490890;19.20.1;Aardolieraffinage;Raffinaderijen;Raffinage en verwerking;CO2;26.575746;31.803;0.0;0.0;0.0;0.0;0.0;0.0;0.0;Raffinage en verwerking;0.0;0.0;Raffinage;0;Purple;2024;BU0363BA03;GM0363;1042.0;1042AH;BU0363BA03;GM0363;1042.0;1042AH;BU0363BA03;GM0363;1042.0;1042AH;False;False;False;52.404520701704584;4.828065081251204;WarmteAtlas:CO2EmissieBedrijven;;;
542;NL;LCP;21010;Sonneborn Refined Products BV (Amsterdam);Amsterdam;Mainhavenweg;1043AL;6;;116857;489691;19.20.1;Aardolieraffinage;Raffinaderijen;Raffinage en verwerking;CO2;13.227504;26.28;23.40985;19.066166;13.6993;14.254286;13.03849;12.76746;12.743794;Raffinage en verwerking;164.393764;0.0;Raffinage;2;Purple;2024;BU0363BA06;GM0363;1043.0;1043AL;BU0363BA06;GM0363;1043.0;1043AL;BU0363BA06;GM0363;1043.0;1043AL;False;False;False;52.39373863357807;4.8268347825072215;WarmteAtlas:CO2EmissieBedrijven;;;
543;NL;;21011;Rütgers Resins B.V.;Uithoorn;Molenlaan;1422ZA;30;;117900;472450;20.14.1;Vervaardiging van petrochemische producten;Chemische Industrie;Chemische Industrie basisproducten;CO2;21.87742;23.582;24.466;4.337;0.0;0.0;0.0;0.0;0.0;Chemische Industrie;0.0;0.0;Chemie;0;Magenta;2024;BU04517500;GM0451;1422.0;1422XX;BU04517500;GM0451;1422.0;1422XX;BU04517500;GM0451;1422.0;1422XX;False;False;False;52.238859533966966;4.844054722020468;WarmteAtlas:CO2EmissieBedrijven;;;
544;NL;;21101;Ketjen Netherlands B.V.;Amsterdam;Nieuwendammerkade;1022AB;1;;124570;488620;20.59;Vervaardiging van overige chemische producten n.e.g.;Chemische Industrie;Chemische Industrie overig;CO2;67.002599;86.629;0.0;64.587581;60.167987;59.653558;55.36374;54.308792;50.765526;Chemische Industrie;689.369921;689.369921;Chemie;3;Magenta;2024;BU0363NP02;GM0363;1022.0;1022AB;BU0363NP02;GM0363;1022.0;1022AB;BU0363NP02;GM0363;1022.0;1022AB;False;False;False;52.38459509900148;4.94024196928488;WarmteAtlas:CO2EmissieBedrijven;;;
545;NL;;21102;ICL Fertilizers Europe CV;Amsterdam;Fosfaatweg;1013BM;48;;120040;490970;20.15;Vervaardiging van kunstmeststoffen en stikstofverbindingen;Chemische Industrie;Chemische Industrie kunstmeststoffen;CO2;17.506714;0.0;11.753;12.8;13.58;12.31;12.2;12.13;11.62;Chemische Industrie;157.793666;157.793666;Chemie;2;Magenta;2024;BU0363BB01;GM0363;1013.0;1013BM;BU0363BB01;GM0363;1013.0;1013BM;BU0363BB01;GM0363;1013.0;1013BM;False;False;False;52.40544528679636;4.873462030312525;WarmteAtlas:CO2EmissieBedrijven;;;
546;NL;;21103;DSM Agro BV;Velsen Noord;Wenckebachstraat;1951JZ;1;;102494;498989;20.15;Vervaardiging van kunstmeststoffen en stikstofverbindingen;Chemische Industrie;Chemische Industrie kunstmeststoffen;CO2;272.73868;11.171;0.0;0.0;0.0;0.0;0.0;0.0;0.0;Chemische Industrie;0.0;0.0;Chemie;0;Magenta;2024;BU04530506;GM0453;1951.0;1951JZ;BU04530506;GM0453;1951.0;1951JZ;BU04530506;GM0453;1951.0;1951JZ;False;False;False;52.47611146832735;4.614382373224036;WarmteAtlas:CO2EmissieBedrijven;;;
547;NL;;21104;GE Plastics ABS BV;Amsterdam;Cyprusweg;1044AA;2;;115650;490260;20.16;Vervaardiging van kunststof in primaire vorm;Chemische Industrie;Chemische Industrie basisproducten;CO2;20.264984;13.913;0.0;0.0;0.0;0.0;0.0;0.0;0.0;Chemische Industrie;0.0;0.0;Chemie;0;Magenta;2024;BU0363BA03;GM0363;1044.0;1044AN;BU0363BA03;GM0363;1044.0;1044AN;BU0363BA03;GM0363;1044.0;1044AN;False;False;False;52.39876710097575;4.8090365551520025;WarmteAtlas:CO2EmissieBedrijven;;;
548;NL;;21301;Chemtura Manufacturing Netherlands B.V.;Amsterdam;Ankerweg;1041AT;18;;117620;492100;20.20;Vervaardiging van verdelgingsmiddelen en overige landbouwchemicaliën;Chemische Industrie;Chemische Industrie bestrijdingsmiddelen;CO2;9.970229;5.826761;4.595883;4.97895;0.0;0.0;0.0;0.0;0.0;Chemische Industrie;0.0;0.0;Chemie;0;Magenta;2024;BU0363BA04;GM0363;1041.0;1041AT;BU0363BA04;GM0363;1041.0;1041AT;BU0363BA04;GM0363;1041.0;1041AT;False;False;False;52.41544122232312;4.837775363329328;WarmteAtlas:CO2EmissieBedrijven;;;
549;NL;;21302;Abbott Healthcare Products BV;Weesp;C.J. Van Houtenlaan;1381CP;36;;130940;479560;21.20;Vervaardiging van farmaceutische producten (geen grondstoffen);Chemische Industrie;Chemische Industrie overig;CO2;21.191725;0.0;17.449951;13.545716;28.120163;11.78261;10.724058;11.162488;11.38613;Chemische Industrie;154.617835;154.617835;Chemie;2;Magenta;2024;BU0363SD02;GM0363;1381.0;1381CP;BU0363SD02;GM0363;1381.0;1381CP;BU0363SD02;GM0363;1381.0;1381CP;False;False;False;52.303484701925626;5.034451484059594;WarmteAtlas:CO2EmissieBedrijven;;;
550;NL;;21304;Givaudan Nederland BV (Naarden);Naarden;Huizerstraatweg;1411GP;28;;141030;478690;20.53;Vervaardiging van etherische oliën;Chemische Industrie;Chemische Industrie overig;CO2;6.02208;0.0;9.648122;4.33;4.907;4.805;4.63;4.582;3.886904;Chemische Industrie;52.782172;52.782172;Chemie;2;Magenta;2024;BU19420512;GM1942;1411.0;1411GP;BU19420512;GM1942;1411.0;1411GP;BU19420512;GM1942;1411.0;1411GP;False;False;False;52.29601404479341;5.182419488791601;WarmteAtlas:CO2EmissieBedrijven;;;
551;NL;;21401;Muiden Chemie BV;Muiden;Kruitpad;1398CP;16;;132400;482850;20.51;Vervaardiging van kruit en springstoffen en van lucifers;Chemische Industrie;Chemische Industrie overig;CO2;3.57717;0.0;0.0;0.0;0.0;0.0;0.0;0.0;0.0;Chemische Industrie;0.0;0.0;Chemie;0;Magenta;2024;BU19420401;GM1942;1398.0;1398DW;BU19420401;GM1942;1398.0;1398DW;BU19420401;GM1942;1398.0;1398DW;False;False;False;52.33311559403618;5.055636167040346;WarmteAtlas:CO2EmissieBedrijven;;;
552;NL;;21403;Norit Nederland B.V.;Zaandam;Pieter Ghijsenlaan;1506PW;42;;116710;492900;20.59;Vervaardiging van overige chemische producten n.e.g.;Chemische Industrie;Chemische Industrie overig;CO2;1.73028;0.0;38.041134;38.887379;28.458179;33.101901;35.461473;32.03879;28.20056;Chemische Industrie;382.949205;382.949205;Chemie;3;Magenta;2024;BU04792120;GM0479;1506.0;1506PW;BU04792122;GM0479;1506.0;1506PW;BU04792122;GM0479;1506.0;1506PW;True;False;False;52.422568143838824;4.824308999038109;WarmteAtlas:CO2EmissieBedrijven;;;
553;NL;;21416;Shell Research and Technology Centre Amsterdam;Amsterdam;Badhuisweg;1031CM;3;;122190;488630;72.10;Natuurwetenschappelijk speur- en ontwikkelingswerk;Handel, Diensten en Overheid (HDO);Energiegebruik en processen Handel, Diensten en Overheid (HDO);CO2;22.871006;15.5;0.0;0.0;0.0;0.0;0.0;0.0;0.0;Overig;0.0;0.0;Overige;0;Gray;2024;BU0363NB07;GM0363;1031.0;1031KV;BU0363NB07;GM0363;1031.0;1031KV;BU0363NB07;GM0363;1031.0;1031KV;False;False;False;52.38454788532142;4.9052841825158975;WarmteAtlas:CO2EmissieBedrijven;;;
554;NL;;21501;Europoint Terminals Netherlands BV (Van Riebeeckhavenweg);Amsterdam;Van Riebeekhavenweg;1041AD;9;;118400;491800;52.10;Opslag;Handel, Diensten en Overheid (HDO);Energiegebruik en processen Handel, Diensten en Overheid (HDO);CO2;6.57259;3.426;0.0;0.0;0.0;0.0;0.0;0.0;0.0;Overig;0.0;0.0;Overige;0;Gray;2024;BU0363BA04;GM0363;1041.0;1041AT;BU0363BA04;GM0363;1041.0;1041AT;BU0363BA04;GM0363;1041.0;1041AT;False;False;False;52.41279768071191;4.849272425975862;WarmteAtlas:CO2EmissieBedrijven;;;
555;NL;;21502;Europoint Terminals Netherlands BV (Octaanweg);Amsterdam;Octaanweg;1041AN;14;;117560;491560;52.10;Opslag;Handel, Diensten en Overheid (HDO);Energiegebruik en processen Handel, Diensten en Overheid (HDO);CO2;0.0;0.0;0.0;0.0;0.0;0.0;0.0;0.0;0.0;Overig;0.0;0.0;Overige;0;Gray;2024;BU0363BA04;GM0363;1041.0;1041AK;BU0363BA04;GM0363;1041.0;1041AK;BU0363BA04;GM0363;1041.0;1041AK;False;False;False;52.41058406812254;4.8369537740219;WarmteAtlas:CO2EmissieBedrijven;;;
556;NL;;21503;Oiltanking Amsterdam BV (Westpoort 7451);Amsterdam;Heining;1047AH;100;;113110;490420;52.10;Opslag;Handel, Diensten en Overheid (HDO);Energiegebruik en processen Handel, Diensten en Overheid (HDO);CO2;14.224369;5.125;0.0;0.0;0.0;0.0;0.0;0.0;0.0;Overig;0.0;0.0;Overige;0;Gray;2024;BU0363BA02;GM0363;1047.0;1047AH;BU0363BA02;GM0363;1047.0;1047AH;BU0363BA02;GM0363;1047.0;1047AH;False;False;False;52.40001699969045;4.77169847629919;WarmteAtlas:CO2EmissieBedrijven;;;
557;NL;;21507;Varo Energy Terminal Amsterdam;Amsterdam;Petroleumhavenweg;1041AC;48;;118900;491850;38.22;Behandeling van schadelijk afval;Afvalverwijdering;AVI's;CO2;5.177088;0.0;0.0;2.15;0.0;0.0;0.0;0.0;0.0;Overig;0.0;0.0;Afval;0;Maroon;2024;BU0363BA04;GM0363;1041.0;1041AC;BU0363BA04;GM0363;1041.0;1041AC;BU0363BA04;GM0363;1041.0;1041AC;False;False;False;52.41328017600462;4.856615538385735;WarmteAtlas:CO2EmissieBedrijven;;;
558;NL;;21522;NAM (Den Helder Balgzand);Den Helder;Oostoeverweg;1786PT;10;;115220;548320;06.10;Winning van aardolie;Energiesector;Olie- gaswinning land;CO2;5.75424;0.0;0.0;0.0;0.0;0.0;0.0;0.0;0.0;Overig;0.0;0.0;Overige;0;Gray;2024;BU04000601;GM0400;1786.0;1786PT;BU04000601;GM0400;1786.0;1786PT;BU04000601;GM0400;1786.0;1786PT;False;False;False;52.920497104597146;4.795743094698296;WarmteAtlas:CO2EmissieBedrijven;;;
559;NL;;21528;Gasunie (Wieringermeer);Middenmeer;Koggenrandweg;1775RG;4;;132250;530325;35.12;Beheer en exploitatie van transportnetten voor elektriciteit, aardgas en warm water;Energiesector;Olie- gaswinning land;CO2;0.916464;6.546;8.820141;2.309307;21.632488;22.641865;26.281697;6.898988;0.398761;Overig;6.318396;6.318396;Overige;1;Gray;2024;BU19111090;GM1911;1775.0;1775RG;BU19111090;GM1911;1775.0;1775RG;BU19111090;GM1911;1775.0;1775RG;False;False;False;52.75977149462067;5.050193339554615;WarmteAtlas:CO2EmissieBedrijven;;;
560;NL;LCP;21529;Gasunie (Beverwijk);Heemskerk;Genieweg;1967PS;5;;108327;500235;35.12;Beheer en exploitatie van transportnetten voor elektriciteit, aardgas en warm water;Energiesector;Olie- gaswinning land;CO2;11.142;10.713;21.709273;0.548497;0.426609;1.087997;0.482466;0.459125;0.465041;Overig;7.368607;7.368607;Overige;1;Gray;2024;BU03750902;GM0375;1947.0;1947PH;BU03750902;GM0375;1947.0;1947PH;BU03750902;GM0375;1947.0;1947PH;False;False;False;52.48783744466472;4.700056483692062;WarmteAtlas:CO2EmissieBedrijven;;;
561;NL;;21530;OQ Chemicals Nederland BV.;Amsterdam;Hornweg;1045AR;10;;115320;491100;46.12;Handelsbemiddeling in brandstoffen, ertsen, metalen en chemische producten;Handel, Diensten en Overheid (HDO);Energiegebruik en processen Handel, Diensten en Overheid (HDO);CO2;0.0;0.0;1.52;4.005826;1.580065;1.813847;2.37736;1.632095;0.861752;Overig;13.654521;13.654521;Overige;1;Gray;2024;BU0363BA03;GM0363;1044.0;1044AN;BU0363BA03;GM0363;1044.0;1044AN;BU0363BA03;GM0363;1044.0;1044AN;False;False;False;52.40629252435177;4.804088791908541;WarmteAtlas:CO2EmissieBedrijven;;;
562;NL;;220001;Aardenburg;Aardenburg;Eedeweg;4527AK;;;19200;366400;37.00;Afvalwaterinzameling en -behandeling;Riolering en waterzuiveringsinstallaties;Energiegebruik en processen Riolering en waterzuiveringsinstallaties;CO2;0.229532;0.0;0.0;0.0;0.0;0.0;0.0;0.0;0.0;Overig;0.0;0.0;RWZI;0;Bleu;2024;BU17140200;GM1714;4527.0;4527AK;BU17140200;GM1714;4527.0;4527AK;BU17140200;GM1714;4527.0;4527AK;False;False;False;51.270619496464114;3.441105702925926;WarmteAtlas:CO2EmissieBedrijven;;;
563;NL;;220002;Arkel;Arkel;Dr. Dreeslaan;4241CG;1;;127800;430700;37.00;Afvalwaterinzameling en -behandeling;Riolering en waterzuiveringsinstallaties;Energiegebruik en processen Riolering en waterzuiveringsinstallaties;CO2;0.042056;0.0;0.0;0.0;0.0;0.0;0.0;0.0;0.0;Overig;0.0;0.0;RWZI;0;Bleu;2024;BU19780104;GM1978;4241.0;4241BW;BU19780104;GM1978;4241.0;4241BW;BU19780104;GM1978;4241.0;4241BW;False;False;False;51.86419223229743;4.992311079553374;WarmteAtlas:CO2EmissieBedrijven;;;
564;NL;;220003;Eede;Eede;Brieversstraat;4529GX;;;19500;364000;37.00;Afvalwaterinzameling en -behandeling;Riolering en waterzuiveringsinstallaties;Energiegebruik en processen Riolering en waterzuiveringsinstallaties;CO2;0.006878;0.0;0.0;0.0;0.0;0.0;0.0;0.0;0.0;Overig;0.0;0.0;RWZI;0;Bleu;2024;BU17140309;GM1714;4529.0;4529GH;BU17140309;GM1714;4529.0;4529GH;BU17140309;GM1714;4529.0;4529GH;False;False;False;51.24912828999132;3.4463166636675844;WarmteAtlas:CO2EmissieBedrijven;;;
565;NL;;220004;Emmen;Emmen;2de Bokslootweg;7821AS;5;;258000;533100;37.00;Afvalwaterinzameling en -behandeling;Riolering en waterzuiveringsinstallaties;Energiegebruik en processen Riolering en waterzuiveringsinstallaties;CO2;3.460574;0.0;0.0;0.0;0.0;0.0;0.0;0.0;0.0;Overig;0.0;0.0;RWZI;0;Bleu;2024;BU01145300;GM0114;7821.0;7821AX;BU01145300;GM0114;7821.0;7821AX;BU01145300;GM0114;7821.0;7821AX;False;False;False;52.77540548165597;6.913640870401237;WarmteAtlas:CO2EmissieBedrijven;;;
566;NL;;220005;RWZI Emmer-Compascuum;Emmer-Compascuum;Kalkovenwijk;7881LK;19;;267900;537500;37.00;Afvalwaterinzameling en -behandeling;Riolering en waterzuiveringsinstallaties;Energiegebruik en processen Riolering en waterzuiveringsinstallaties;CO2;0.332639;0.0;0.0;0.0;0.0;0.0;0.0;0.0;0.0;Overig;0.0;0.0;RWZI;0;Bleu;2024;BU01140309;GM0114;7881.0;7881LJ;BU01140309;GM0114;7881.0;7881LJ;BU01140309;GM0114;7881.0;7881LJ;False;False;False;52.812963259246274;7.06181019825185;WarmteAtlas:CO2EmissieBedrijven;;;
567;NL;;220006;RWZI Giessenburg;Giessenburg;Kerkweg;3381KJ;1;;121000;428900;37.00;Afvalwaterinzameling en -behandeling;Riolering en waterzuiveringsinstallaties;Energiegebruik en processen Riolering en waterzuiveringsinstallaties;CO2;0.132184;0.0;0.0;0.0;0.0;0.0;0.0;0.0;0.0;Overig;0.0;0.0;RWZI;0;Bleu;2024;BU19780402;GM1978;3381.0;3381DL;BU19780402;GM1978;3381.0;3381DL;BU19780402;GM1978;3381.0;3381DL;False;False;False;51.84764037706697;4.89376868356047;WarmteAtlas:CO2EmissieBedrijven;;;
568;NL;;220007;Hengelo;Hengelo;Banninkstraat;7255KE;26;;217700;451600;37.00;Afvalwaterinzameling en -behandeling;Riolering en waterzuiveringsinstallaties;Energiegebruik en processen Riolering en waterzuiveringsinstallaties;CO2;0.117742;0.0;0.0;0.0;0.0;0.0;0.0;0.0;0.0;Overig;0.0;0.0;RWZI;0;Bleu;2024;BU18760006;GM1876;7255.0;7255KE;BU18760006;GM1876;7255.0;7255KE;BU18760006;GM1876;7255.0;7255KE;False;False;False;52.049160426276664;6.30125823900404;WarmteAtlas:CO2EmissieBedrijven;;;
569;NL;;220008;RWZI Hoogblokland;Hoogblokland;Beemdweg;4221LV;3;B;126600;432000;37.00;Afvalwaterinzameling en -behandeling;Riolering en waterzuiveringsinstallaties;Energiegebruik en processen Riolering en waterzuiveringsinstallaties;CO2;0.048259;0.0;0.0;0.0;0.0;0.0;0.0;0.0;0.0;Overig;0.0;0.0;RWZI;0;Bleu;2024;BU19780702;GM1978;4221.0;4221KC;BU19780702;GM1978;4221.0;4221KC;BU19780702;GM1978;4221.0;4221KC;False;False;False;51.87581693279715;4.974782793769195;WarmteAtlas:CO2EmissieBedrijven;;;
570;NL;;220009;Hoornaar;Hoornaar;Groeneweg;4223MD;15;A;124800;431700;37.00;Afvalwaterinzameling en -behandeling;Riolering en waterzuiveringsinstallaties;Energiegebruik en processen Riolering en waterzuiveringsinstallaties;CO2;0.085715;0.0;0.0;0.0;0.0;0.0;0.0;0.0;0.0;Overig;0.0;0.0;RWZI;0;Bleu;2024;BU19780802;GM1978;4223.0;4223ML;BU19780802;GM1978;4223.0;4223ML;BU19780802;GM1978;4223.0;4223ML;False;False;False;51.873025843949925;4.948670497691576;WarmteAtlas:CO2EmissieBedrijven;;;
571;NL;;22001;Campina (Opmeer);Opmeer;Koninginneweg;1716DE;1;;124800;523900;10.50;Vervaardiging van zuivelprodukten;Overige industrie;Voedings- en genotmiddelenindustrie;CO2;8.04168;0.0;0.0;0.0;0.0;0.0;0.0;0.0;0.0;Voedings- en genotmiddelenindustrie;0.0;0.0;Voeding;0;Green;2024;BU04320103;GM0432;1716.0;1716DN;BU04320103;GM0432;1716.0;1716DN;BU04320103;GM0432;1716.0;1716DN;False;False;False;52.70166936054412;4.940422010917515;WarmteAtlas:CO2EmissieBedrijven;;;
572;NL;;220010;Kedichem;Kedichem;Zwaansweg;4247EX;7;;131500;430500;37.00;Afvalwaterinzameling en -behandeling;Riolering en waterzuiveringsinstallaties;Energiegebruik en processen Riolering en waterzuiveringsinstallaties;CO2;0.03787;0.0;0.0;0.0;0.0;0.0;0.0;0.0;0.0;Overig;0.0;0.0;RWZI;0;Bleu;2024;BU19611401;GM1961;4247.0;4247EX;BU19611401;GM1961;4247.0;4247EX;BU19611401;GM1961;4247.0;4247EX;False;False;False;51.86256287938382;5.046040558424775;WarmteAtlas:CO2EmissieBedrijven;;;
573;NL;;220011;Keijenbor;Keijenborg;Uilenesterstraat;7256KC;;;216800;449500;37.00;Afvalwaterinzameling en -behandeling;Riolering en waterzuiveringsinstallaties;Energiegebruik en processen Riolering en waterzuiveringsinstallaties;CO2;0.09257;0.0;0.0;0.0;0.0;0.0;0.0;0.0;0.0;Overig;0.0;0.0;RWZI;0;Bleu;2024;BU18760004;GM1876;7256.0;7256KA;BU18760004;GM1876;7256.0;7256KA;BU18760004;GM1876;7256.0;7256KA;False;False;False;52.03038843996458;6.287759658302228;WarmteAtlas:CO2EmissieBedrijven;;;
574;NL;;220012;RWZI Nieuw-Weerdinge;Nieuw-Weerdinge;Tussen De Wijken;7831CG;33;A;262900;541700;37.00;Afvalwaterinzameling en -behandeling;Riolering en waterzuiveringsinstallaties;Energiegebruik en processen Riolering en waterzuiveringsinstallaties;CO2;0.110448;0.0;0.0;0.0;0.0;0.0;0.0;0.0;0.0;Overig;0.0;0.0;RWZI;0;Bleu;2024;BU01140101;GM0114;7831.0;7831CC;BU01140101;GM0114;7831.0;7831CC;BU01140101;GM0114;7831.0;7831CC;False;False;False;52.85171349105156;6.989057142845502;WarmteAtlas:CO2EmissieBedrijven;;;
575;NL;;220013;RWZI Oud-Alblas;Oud-Alblas;Beemdweg;2969CD;;;108200;429500;37.00;Afvalwaterinzameling en -behandeling;Riolering en waterzuiveringsinstallaties;Energiegebruik en processen Riolering en waterzuiveringsinstallaties;CO2;0.137237;0.0;0.0;0.0;0.0;0.0;0.0;0.0;0.0;Overig;0.0;0.0;RWZI;0;Bleu;2024;BU19781604;GM1978;2969.0;2969CD;BU19781604;GM1978;2969.0;2969CD;BU19781604;GM1978;2969.0;2969CD;False;False;False;51.852105575670976;4.707934831540973;WarmteAtlas:CO2EmissieBedrijven;;;
576;NL;;220014;RWZI Oudelande;Oudelande;Oudelande;4436A;;;31717;390401;37.00;Afvalwaterinzameling en -behandeling;Riolering en waterzuiveringsinstallaties;Energiegebruik en processen Riolering en waterzuiveringsinstallaties;CO2;0.022439;0.0;0.0;0.0;0.0;0.0;0.0;0.0;0.0;Overig;0.0;0.0;RWZI;0;Bleu;2024;BU06873037;GM0687;4336.0;4336AZ;BU06873037;GM0687;4336.0;4336AZ;BU06873037;GM0687;4336.0;4336AZ;False;False;False;51.48913485516899;3.612027853501011;WarmteAtlas:CO2EmissieBedrijven;;;
577;NL;;220015;RWZI Abcoude;Abcoude;Oude Dijk;1391KP;11;;127200;474800;37.00;Afvalwaterinzameling en -behandeling;Riolering en waterzuiveringsinstallaties;Energiegebruik en processen Riolering en waterzuiveringsinstallaties;CO2;0.296119;0.0;0.0;0.0;0.0;0.0;0.0;0.0;0.0;Overig;0.0;0.0;RWZI;0;Bleu;2024;BU07360703;GM0736;1391.0;1391KP;BU07360703;GM0736;1391.0;1391KP;BU07360703;GM0736;1391.0;1391KP;False;False;False;52.26052779466295;4.980011032810578;WarmteAtlas:CO2EmissieBedrijven;;;
578;NL;;220016;RWZI Boven Hardinxveld;Hardinxveld-Giessendam;Pieter de Hooghstraat;3372XJ;56;;120500;426600;37.00;Afvalwaterinzameling en -behandeling;Riolering en waterzuiveringsinstallaties;Energiegebruik en processen Riolering en waterzuiveringsinstallaties;CO2;0.374256;0.0;0.0;0.0;0.0;0.0;0.0;0.0;0.0;Overig;0.0;0.0;RWZI;0;Bleu;2024;BU05230304;GM0523;3372.0;3372AJ;BU05230304;GM0523;3372.0;3372AJ;BU05230304;GM0523;3372.0;3372AJ;False;False;False;51.82693710782182;4.886742230870343;WarmteAtlas:CO2EmissieBedrijven;;;
579;NL;;220017;RWZI Doetinchem;Doetinchem;Stokhorstweg;7006GA;11;;215800;442200;37.00;Afvalwaterinzameling en -behandeling;Riolering en waterzuiveringsinstallaties;Energiegebruik en processen Riolering en waterzuiveringsinstallaties;CO2;2.056266;0.0;0.0;0.0;0.0;0.0;0.0;0.0;0.0;Overig;0.0;0.0;RWZI;0;Bleu;2024;BU02220607;GM0222;7006.0;7006GJ;BU02220607;GM0222;7006.0;7006GJ;BU02220607;GM0222;7006.0;7006GJ;False;False;False;51.96489187363049;6.2718933571542035;WarmteAtlas:CO2EmissieBedrijven;;;
580;NL;;220018;RWZI Harskamp;Harskamp;Laarweg;6732;;;179700;459600;37.00;Afvalwaterinzameling en -behandeling;Riolering en waterzuiveringsinstallaties;Energiegebruik en processen Riolering en waterzuiveringsinstallaties;CO2;0.101108;0.0;0.0;0.0;0.0;0.0;0.0;0.0;0.0;Overig;0.0;0.0;RWZI;0;Bleu;2024;BU02287031;GM0228;6732.0;6732GV;BU02287031;GM0228;6732.0;6732GV;BU02287031;GM0228;6732.0;6732GV;False;False;False;52.124061078630945;5.747883749606309;WarmteAtlas:CO2EmissieBedrijven;;;
581;NL;;220019;RWZI Hasselt;Hasselt;Van Nahuysweg;8061EZ;;;202600;512400;37.00;Afvalwaterinzameling en -behandeling;Riolering en waterzuiveringsinstallaties;Energiegebruik en processen Riolering en waterzuiveringsinstallaties;CO2;0.020366;0.0;0.0;0.0;0.0;0.0;0.0;0.0;0.0;Overig;0.0;0.0;RWZI;0;Bleu;2024;BU18960206;GM1896;8061.0;8061EZ;BU18960206;GM1896;8061.0;8061EZ;BU18960206;GM1896;8061.0;8061EZ;False;False;False;52.59707865619097;6.089738963914298;WarmteAtlas:CO2EmissieBedrijven;;;
582;NL;;22002;Campina BV (Heiloo);Heiloo;Kanaalweg;1851LP;32;;109242;512519;10.51;Vervaardiging van zuivelproducten (geen consumptie-ijs);Overige industrie;Voedings- en genotmiddelenindustrie;CO2;0.0;1.939;0.0;0.0;0.0;0.0;0.0;0.0;0.0;Voedings- en genotmiddelenindustrie;0.0;0.0;Voeding;0;Green;2024;BU03990304;GM0399;1851.0;1851GM;BU03990304;GM0399;1851.0;1851GM;BU03990304;GM0399;1851.0;1851GM;False;False;False;52.5983076420349;4.711839379215742;WarmteAtlas:CO2EmissieBedrijven;;;
583;NL;;220020;RWZI Hazerswoude-Rijndijk;Hazerswoude-Rijndijk;Potgieterlaan;2394VH;;;100600;460100;37.00;Afvalwaterinzameling en -behandeling;Riolering en waterzuiveringsinstallaties;Energiegebruik en processen Riolering en waterzuiveringsinstallaties;CO2;0.192239;0.0;0.0;0.0;0.0;0.0;0.0;0.0;0.0;Overig;0.0;0.0;RWZI;0;Bleu;2024;BU04849403;GM0484;2394.0;2394GV;BU04849403;GM0484;2394.0;2394GV;BU04849403;GM0484;2394.0;2394GV;False;False;False;52.12643205618388;4.59277953958852;WarmteAtlas:CO2EmissieBedrijven;;;
584;NL;;220022;RWZI Kaagdorp;Kaag;Nassaulaan;2159LR;1;;98700;469700;37.00;Afvalwaterinzameling en -behandeling;Riolering en waterzuiveringsinstallaties;Energiegebruik en processen Riolering en waterzuiveringsinstallaties;CO2;0.013691;0.0;0.0;0.0;0.0;0.0;0.0;0.0;0.0;Overig;0.0;0.0;RWZI;0;Bleu;2024;BU18840105;GM1884;2159.0;2159LR;BU18840105;GM1884;2159.0;2159LR;BU18840105;GM1884;2159.0;2159LR;False;False;False;52.21251855327417;4.563444372832551;WarmteAtlas:CO2EmissieBedrijven;;;
585;NL;;220023;RWZI Leiderdorp;Leiderdorp;Mauritssingel;2351;;;96700;462700;37.00;Afvalwaterinzameling en -behandeling;Riolering en waterzuiveringsinstallaties;Energiegebruik en processen Riolering en waterzuiveringsinstallaties;CO2;0.185708;0.0;0.0;0.0;0.0;0.0;0.0;0.0;0.0;Overig;0.0;0.0;RWZI;0;Bleu;2024;BU05470103;GM0547;2351.0;2351CR;BU05470103;GM0547;2351.0;2351CR;BU05470103;GM0547;2351.0;2351CR;False;False;False;52.149401251329394;4.5353865745429935;WarmteAtlas:CO2EmissieBedrijven;;;
586;NL;;220024;RWZI Lepelstraat;Lepelstraat;Zoekweg;4664BC;1;;78100;396600;37.00;Afvalwaterinzameling en -behandeling;Riolering en waterzuiveringsinstallaties;Energiegebruik en processen Riolering en waterzuiveringsinstallaties;CO2;0.105;0.0;0.0;0.0;0.0;0.0;0.0;0.0;0.0;Overig;0.0;0.0;RWZI;0;Bleu;2024;BU07480500;GM0748;4664.0;4664RA;BU07480500;GM0748;4664.0;4664RA;BU07480500;GM0748;4664.0;4664RA;False;False;False;51.55309014097041;4.2783920699378655;WarmteAtlas:CO2EmissieBedrijven;;;
587;NL;;220025;RWZI Loon op Zand;Loon op Zand;Bergstraat;5175;;;132200;403600;37.00;Afvalwaterinzameling en -behandeling;Riolering en waterzuiveringsinstallaties;Energiegebruik en processen Riolering en waterzuiveringsinstallaties;CO2;0.177221;0.0;0.0;0.0;0.0;0.0;0.0;0.0;0.0;Overig;0.0;0.0;RWZI;0;Bleu;2024;BU08093092;GM0809;5175.0;5175NR;BU08093092;GM0809;5175.0;5175NR;BU08093092;GM0809;5175.0;5175NR;False;False;False;51.620806130468374;5.057968866349321;WarmteAtlas:CO2EmissieBedrijven;;;
588;NL;;220026;RWZI Otterlo;Otterlo;Mosselseweg;6731SK;;;180800;456700;37.00;Afvalwaterinzameling en -behandeling;Riolering en waterzuiveringsinstallaties;Energiegebruik en processen Riolering en waterzuiveringsinstallaties;CO2;0.089689;0.0;0.0;0.0;0.0;0.0;0.0;0.0;0.0;Overig;0.0;0.0;RWZI;0;Bleu;2024;BU02289031;GM0228;6731.0;6731SJ;BU02289031;GM0228;6731.0;6731SJ;BU02289031;GM0228;6731.0;6731SJ;False;False;False;52.097946100275145;5.763726325487192;WarmteAtlas:CO2EmissieBedrijven;;;
589;NL;;220027;RWZI Rotterdam-Hoogvliet;Hoogvliet Rotterdam;Venkelweg;3193KA;65;;82529;432268;37.00;Afvalwaterinzameling en -behandeling;Riolering en waterzuiveringsinstallaties;Energiegebruik en processen Riolering en waterzuiveringsinstallaties;CO2;0.033236;1.107046;2.694719;1.485951;5.186436;1.99835;1.804478;2.050828;2.210877;Overig;35.031508;35.031508;RWZI;2;Bleu;2024;BU05992295;GM0599;3196.0;3196KJ;BU05992295;GM0599;3196.0;3196KJ;BU05992295;GM0599;3196.0;3196KJ;False;False;False;51.87423555422376;4.334807050795688;WarmteAtlas:CO2EmissieBedrijven;;;
590;NL;;220028;RWZI Rucphen;Rucphen;Gebrande Hoefstraat;4715PP;26;;96800;394400;37.00;Afvalwaterinzameling en -behandeling;Riolering en waterzuiveringsinstallaties;Energiegebruik en processen Riolering en waterzuiveringsinstallaties;CO2;0.288218;0.0;0.0;0.0;0.0;0.0;0.0;0.0;0.0;Overig;0.0;0.0;RWZI;0;Bleu;2024;BU08400009;GM0840;4715.0;4715PT;BU08400009;GM0840;4715.0;4715PT;BU08400009;GM0840;4715.0;4715PT;False;False;False;51.53556370314068;4.5483576890568065;WarmteAtlas:CO2EmissieBedrijven;;;
591;NL;;220029;RWZI Scherpenzeel;Scherpenzeel;Nieuwstraat;3925;;;161100;453800;37.00;Afvalwaterinzameling en -behandeling;Riolering en waterzuiveringsinstallaties;Energiegebruik en processen Riolering en waterzuiveringsinstallaties;CO2;0.370382;0.0;0.0;0.0;0.0;0.0;0.0;0.0;0.0;Overig;0.0;0.0;RWZI;0;Bleu;2024;BU03510012;GM0351;3931.0;3931PK;BU03510012;GM0351;3931.0;3931PK;BU03510012;GM0351;3931.0;3931PK;False;False;False;52.07244907889539;5.47617508404311;WarmteAtlas:CO2EmissieBedrijven;;;
592;NL;;220030;RWZI 's-Heerenberg;'s-Heerenberg;Nijverheidsstraat;7041GE;2;;215000;431900;37.00;Afvalwaterinzameling en -behandeling;Riolering en waterzuiveringsinstallaties;Energiegebruik en processen Riolering en waterzuiveringsinstallaties;CO2;0.770788;0.0;0.0;0.0;0.0;0.0;0.0;0.0;0.0;Overig;0.0;0.0;RWZI;0;Bleu;2024;BU19550001;GM1955;7041.0;7041GE;BU19550001;GM1955;7041.0;7041GE;BU19550001;GM1955;7041.0;7041GE;False;False;False;51.87240859174717;6.258456931689421;WarmteAtlas:CO2EmissieBedrijven;;;
593;NL;;220031;RWZI Spijkenisse-Hekelingseweg;Spijkenisse;Hekelingseweg;3201LR;2;;81400;429400;37.00;Afvalwaterinzameling en -behandeling;Riolering en waterzuiveringsinstallaties;Energiegebruik en processen Riolering en waterzuiveringsinstallaties;CO2;0.4841;0.0;0.0;0.0;0.0;0.0;0.0;0.0;0.0;Overig;0.0;0.0;RWZI;0;Bleu;2024;BU19300401;GM1930;3201.0;3201KT;BU19300401;GM1930;3201.0;3201KT;BU19300401;GM1930;3201.0;3201KT;False;False;False;51.84831266683166;4.31902664064101;WarmteAtlas:CO2EmissieBedrijven;;;
594;NL;;220032;RWZI 't Zandt;'t Zandt;Molenweg;9915PJ;47;;247400;599100;37.00;Afvalwaterinzameling en -behandeling;Riolering en waterzuiveringsinstallaties;Energiegebruik en processen Riolering en waterzuiveringsinstallaties;CO2;0.054011;0.0;0.0;0.0;0.0;0.0;0.0;0.0;0.0;Overig;0.0;0.0;RWZI;0;Bleu;2024;BU19791992;GM1979;9915.0;9915TD;BU19791992;GM1979;9915.0;9915TD;BU19791992;GM1979;9915.0;9915TD;False;False;False;53.370245836661375;6.775428281705655;WarmteAtlas:CO2EmissieBedrijven;;;
595;NL;;220033;RWZI Vianen;Vianen;Lekdijk;4131KA;2;;135182;445641;37.00;Afvalwaterinzameling en -behandeling;Riolering en waterzuiveringsinstallaties;Energiegebruik en processen Riolering en waterzuiveringsinstallaties;CO2;0.111857;0.452012;0.855951;0.579449;0.81334;0.775791;0.769846;0.946284;0.709757;Overig;11.246144;11.246144;RWZI;1;Bleu;2024;BU19612301;GM1961;4131.0;4131KA;BU19612301;GM1961;4131.0;4131KA;BU19612301;GM1961;4131.0;4131KA;False;False;False;51.998795427410705;5.098620946521327;WarmteAtlas:CO2EmissieBedrijven;;;
596;NL;;220034;RWZI Zegge;Zegge;Hoge Heistraat;4735SZ;12;;94000;396800;37.00;Afvalwaterinzameling en -behandeling;Riolering en waterzuiveringsinstallaties;Energiegebruik en processen Riolering en waterzuiveringsinstallaties;CO2;0.117364;0.0;0.0;0.0;0.0;0.0;0.0;0.0;0.0;Overig;0.0;0.0;RWZI;0;Bleu;2024;BU08400409;GM0840;4735.0;4735SZ;BU08400409;GM0840;4735.0;4735SZ;BU08400409;GM0840;4735.0;4735SZ;False;False;False;51.55683764810711;4.507587842122294;WarmteAtlas:CO2EmissieBedrijven;;;
597;NL;;220035;RWZI Zwartsluis;Zwartsluis;Westeinde;8064AJ;21;;200500;516900;37.00;Afvalwaterinzameling en -behandeling;Riolering en waterzuiveringsinstallaties;Energiegebruik en processen Riolering en waterzuiveringsinstallaties;CO2;0.092287;0.0;0.0;0.0;0.0;0.0;0.0;0.0;0.0;Overig;0.0;0.0;RWZI;0;Bleu;2024;BU18960409;GM1896;8064.0;8064PZ;BU18960409;GM1896;8064.0;8064PZ;BU18960409;GM1896;8064.0;8064PZ;False;False;False;52.637697516890015;6.0593642660204;WarmteAtlas:CO2EmissieBedrijven;;;
598;NL;;220036;Stompetoren;Stompetoren;Noordervaart;1841;;;116300;513900;37.00;Afvalwaterinzameling en -behandeling;Riolering en waterzuiveringsinstallaties;Energiegebruik en processen Riolering en waterzuiveringsinstallaties;CO2;0.050687;0.0;0.0;0.0;0.0;0.0;0.0;0.0;0.0;Overig;0.0;0.0;RWZI;0;Bleu;2024;BU03610902;GM0361;1841.0;1841JK;BU03610902;GM0361;1841.0;1841JK;BU03610902;GM0361;1841.0;1841JK;False;False;False;52.611264711478675;4.81584564210219;WarmteAtlas:CO2EmissieBedrijven;;;
599;NL;;220037;Margraten;Margraten;Eijkerweg;6269GG;;;185500;315400;37.00;Afvalwaterinzameling en -behandeling;Riolering en waterzuiveringsinstallaties;Energiegebruik en processen Riolering en waterzuiveringsinstallaties;CO2;0.054096;0.0;0.0;0.0;0.0;0.0;0.0;0.0;0.0;Overig;0.0;0.0;RWZI;0;Bleu;2024;BU19030200;GM1903;6269.0;6269EX;BU19030200;GM1903;6269.0;6269EX;BU19030200;GM1903;6269.0;6269EX;False;False;False;50.82765187105797;5.8200666147481845;WarmteAtlas:CO2EmissieBedrijven;;;
600;NL;;220038;RWZI Spijkenisse;Spijkenisse;Schenkelweg;3203LE;100;;83200;428700;37.00;Afvalwaterinzameling en -behandeling;Riolering en waterzuiveringsinstallaties;Energiegebruik en processen Riolering en waterzuiveringsinstallaties;CO2;0.958412;0.0;0.0;0.0;0.0;0.0;0.0;0.0;0.0;Overig;0.0;0.0;RWZI;0;Bleu;2024;BU19301505;GM1930;3203.0;3203LE;BU19301505;GM1930;3203.0;3203LE;BU19301505;GM1930;3203.0;3203LE;False;False;False;51.842256414542085;4.345291878247504;WarmteAtlas:CO2EmissieBedrijven;;;
601;NL;;220039;Wekerom;Wekerom;Wekerom;6733;;;176542;459460;37.00;Afvalwaterinzameling en -behandeling;Riolering en waterzuiveringsinstallaties;Energiegebruik en processen Riolering en waterzuiveringsinstallaties;CO2;0.030766;0.0;0.0;0.0;0.0;0.0;0.0;0.0;0.0;Overig;0.0;0.0;RWZI;0;Bleu;2024;BU02288031;GM0228;6733.0;6733GE;BU02288031;GM0228;6733.0;6733GE;BU02288031;GM0228;6733.0;6733GE;False;False;False;52.12293489360032;5.701761081580626;WarmteAtlas:CO2EmissieBedrijven;;;
602;NL;;220040;Wijhe;Wijhe;Het Anem;8131PA;3;;206480;491364;37.00;Afvalwaterinzameling en -behandeling;Riolering en waterzuiveringsinstallaties;Energiegebruik en processen Riolering en waterzuiveringsinstallaties;CO2;0.285016;0.0;0.0;0.0;0.0;0.0;0.0;0.0;0.0;Overig;0.0;0.0;RWZI;0;Bleu;2024;BU17731233;GM1773;8131.0;8131PA;BU17731233;GM1773;8131.0;8131PA;BU17731233;GM1773;8131.0;8131PA;False;False;False;52.40768249279931;6.143754130005564;WarmteAtlas:CO2EmissieBedrijven;;;
603;NL;;220041;Wolfaartsdijk;Wolphaarts;Nazareth;4471;;;46056;394830;37.00;Afvalwaterinzameling en -behandeling;Riolering en waterzuiveringsinstallaties;Energiegebruik en processen Riolering en waterzuiveringsinstallaties;CO2;0.203162;0.0;0.0;0.0;0.0;0.0;0.0;0.0;0.0;Overig;0.0;0.0;RWZI;0;Bleu;2024;BU06640880;GM0664;4471.0;4471CE;BU06640880;GM0664;4471.0;4471CE;BU06640880;GM0664;4471.0;4471CE;False;False;False;51.53188945400452;3.817045336093244;WarmteAtlas:CO2EmissieBedrijven;;;
604;NL;;220042;RWZI Zwartemeer;Zwartemeer;De Panden;7894BZ;57;;266400;526300;37.00;Afvalwaterinzameling en -behandeling;Riolering en waterzuiveringsinstallaties;Energiegebruik en processen Riolering en waterzuiveringsinstallaties;CO2;0.143476;0.0;0.0;0.0;0.0;0.0;0.0;0.0;0.0;Overig;0.0;0.0;RWZI;0;Bleu;2024;BU01140909;GM0114;7894.0;7894CG;BU01140909;GM0114;7894.0;7894CG;BU01140909;GM0114;7894.0;7894CG;False;False;False;52.712656143393694;7.0357803744075955;WarmteAtlas:CO2EmissieBedrijven;;;
605;NL;;220043;RWZI Almkerk;Almkerk;Doornseweg;4286EG;3;;125300;420700;37.00;Afvalwaterinzameling en -behandeling;Riolering en waterzuiveringsinstallaties;Energiegebruik en processen Riolering en waterzuiveringsinstallaties;CO2;0.188621;0.0;0.0;0.0;0.0;0.0;0.0;0.0;0.0;Overig;0.0;0.0;RWZI;0;Bleu;2024;BU19591291;GM1959;4286.0;4286EG;BU19591291;GM1959;4286.0;4286EG;BU19591291;GM1959;4286.0;4286EG;False;False;False;51.77418302572065;4.956875623327208;WarmteAtlas:CO2EmissieBedrijven;;;
606;NL;;220044;RWZI Alphen West;Alphen aan den Rijn;Laan der Continenten;2408AA;200;;104600;460200;37.00;Afvalwaterinzameling en -behandeling;Riolering en waterzuiveringsinstallaties;Energiegebruik en processen Riolering en waterzuiveringsinstallaties;CO2;0.460525;0.0;0.0;0.0;0.0;0.0;0.0;0.0;0.0;Overig;0.0;0.0;RWZI;0;Bleu;2024;BU04840802;GM0484;2408.0;2408BD;BU04840802;GM0484;2408.0;2408BD;BU04840802;GM0484;2408.0;2408BD;False;False;False;52.12770980082197;4.651173457882586;WarmteAtlas:CO2EmissieBedrijven;;;
607;NL;;220045;RWZI Amsterdam West Per 1-1-94 Opgeheven;Amsterdam;Oostoever;1064GV;10;;117100;486900;37.00;Afvalwaterinzameling en -behandeling;Riolering en waterzuiveringsinstallaties;Energiegebruik en processen Riolering en waterzuiveringsinstallaties;CO2;1.535552;0.0;0.0;0.0;0.0;0.0;0.0;0.0;0.0;Overig;0.0;0.0;RWZI;0;Bleu;2024;BU0363FL01;GM0363;1064.0;1064NS;BU0363FL01;GM0363;1064.0;1064NS;BU0363FL01;GM0363;1064.0;1064NS;False;False;False;52.368672188052074;4.8307194714768364;WarmteAtlas:CO2EmissieBedrijven;;;
608;NL;;220046;RWZI Badhoevedorp;Badhoevedorp;Rijstvogelstraat;1171SK;90;;114000;483100;37.00;Afvalwaterinzameling en -behandeling;Riolering en waterzuiveringsinstallaties;Energiegebruik en processen Riolering en waterzuiveringsinstallaties;CO2;0.140562;0.0;0.0;0.0;0.0;0.0;0.0;0.0;0.0;Overig;0.0;0.0;RWZI;0;Bleu;2024;BU03940560;GM0394;1171.0;1171JA;BU03940560;GM0394;1171.0;1171JA;BU03940560;GM0394;1171.0;1171JA;False;False;False;52.33429814939935;4.78566761829167;WarmteAtlas:CO2EmissieBedrijven;;;
609;NL;;220047;RWZI Barneveld;Barneveld;Otelaarseweg;3771VJ;11;;166900;461900;37.00;Afvalwaterinzameling en -behandeling;Riolering en waterzuiveringsinstallaties;Energiegebruik en processen Riolering en waterzuiveringsinstallaties;CO2;2.430995;0.0;0.0;0.0;0.0;0.0;0.0;0.0;0.0;Overig;0.0;0.0;RWZI;0;Bleu;2024;BU02035400;GM0203;3771.0;3771VJ;BU02035400;GM0203;3771.0;3771VJ;BU02035400;GM0203;3771.0;3771VJ;False;False;False;52.145157198202334;5.561054279698783;WarmteAtlas:CO2EmissieBedrijven;;;
610;NL;;220048;RWZI Beekbergen;Lieren;Wippenpol;7364BK;4;;196700;464600;37.00;Afvalwaterinzameling en -behandeling;Riolering en waterzuiveringsinstallaties;Energiegebruik en processen Riolering en waterzuiveringsinstallaties;CO2;0.247409;0.0;0.0;0.0;0.0;0.0;0.0;0.0;0.0;Overig;0.0;0.0;RWZI;0;Bleu;2024;BU02001502;GM0200;7364.0;7364BK;BU02001502;GM0200;7364.0;7364BK;BU02001502;GM0200;7364.0;7364BK;False;False;False;52.167977666316055;5.996728065128252;WarmteAtlas:CO2EmissieBedrijven;;;
611;NL;;220049;RWZI Biddinghuizen;Biddinghuizen;Buitenkant;8256CA;30;;175300;496500;37.00;Afvalwaterinzameling en -behandeling;Riolering en waterzuiveringsinstallaties;Energiegebruik en processen Riolering en waterzuiveringsinstallaties;CO2;0.161563;0.0;0.0;0.0;0.0;0.0;0.0;0.0;0.0;Overig;0.0;0.0;RWZI;0;Bleu;2024;BU03030603;GM0303;8256.0;8256CA;BU03030603;GM0303;8256.0;8256CA;BU03030603;GM0303;8256.0;8256CA;False;False;False;52.45588279905268;5.68585508535826;WarmteAtlas:CO2EmissieBedrijven;;;
612;NL;;220050;RWZI Bleiswijk;Bleiswijk;Merenweg;2665KM;15;;96700;446100;37.00;Afvalwaterinzameling en -behandeling;Riolering en waterzuiveringsinstallaties;Energiegebruik en processen Riolering en waterzuiveringsinstallaties;CO2;0.693692;0.0;0.0;0.0;0.0;0.0;0.0;0.0;0.0;Overig;0.0;0.0;RWZI;0;Bleu;2024;BU16213312;GM1621;2665.0;2665KM;BU16213312;GM1621;2665.0;2665KM;BU16213312;GM1621;2665.0;2665KM;False;False;False;52.00021304709377;4.538222344266441;WarmteAtlas:CO2EmissieBedrijven;;;
613;NL;;220051;RWZI Cruquius;Cruquius;Spieringsweg;2142ED;757;;105000;483200;37.00;Afvalwaterinzameling en -behandeling;Riolering en waterzuiveringsinstallaties;Energiegebruik en processen Riolering en waterzuiveringsinstallaties;CO2;0.064423;0.0;0.0;0.0;0.0;0.0;0.0;0.0;0.0;Overig;0.0;0.0;RWZI;0;Bleu;2024;BU03941399;GM0394;2142.0;2142GH;BU03941399;GM0394;2142.0;2142GH;BU03941399;GM0394;2142.0;2142GH;False;False;False;52.33445192485698;4.65361759914989;WarmteAtlas:CO2EmissieBedrijven;;;
614;NL;;220052;RWZI Doorn;Doorn;Vossensteinsesteeg;3941BL;6;;150100;449700;37.00;Afvalwaterinzameling en -behandeling;Riolering en waterzuiveringsinstallaties;Energiegebruik en processen Riolering en waterzuiveringsinstallaties;CO2;1.640496;0.0;0.0;0.0;0.0;0.0;0.0;0.0;0.0;Overig;0.0;0.0;RWZI;0;Bleu;2024;BU15810009;GM1581;3941.0;3941BZ;BU15810009;GM1581;3941.0;3941BZ;BU15810009;GM1581;3941.0;3941BZ;False;False;False;52.035610136374366;5.315792654185572;WarmteAtlas:CO2EmissieBedrijven;;;
615;NL;;220053;RWZI Enschede Zuid;Enschede;Boswinkelbeekweg;7546PA;310;;255200;467400;37.00;Afvalwaterinzameling en -behandeling;Riolering en waterzuiveringsinstallaties;Energiegebruik en processen Riolering en waterzuiveringsinstallaties;CO2;1.800179;0.0;0.0;0.0;0.0;0.0;0.0;0.0;0.0;Overig;0.0;0.0;RWZI;0;Bleu;2024;BU01530905;GM0153;7546.0;7546PG;BU01530905;GM0153;7546.0;7546PG;BU01530905;GM0153;7546.0;7546PG;False;False;False;52.18562099277407;6.852453511580804;WarmteAtlas:CO2EmissieBedrijven;;;
616;NL;;220054;RWZI Etten Leur;Etten-Leur;Brandseweg;4871CH;57;;104100;400400;37.00;Afvalwaterinzameling en -behandeling;Riolering en waterzuiveringsinstallaties;Energiegebruik en processen Riolering en waterzuiveringsinstallaties;CO2;0.919329;0.0;0.0;0.0;0.0;0.0;0.0;0.0;0.0;Overig;0.0;0.0;RWZI;0;Bleu;2024;BU07771013;GM0777;4871.0;4871JA;BU07771013;GM0777;4871.0;4871JA;BU07771013;GM0777;4871.0;4871JA;False;False;False;51.59019959563129;4.652692935028406;WarmteAtlas:CO2EmissieBedrijven;;;
617;NL;;220055;RWZI Glimmen;Glimmen;Oosterbroekweg;9756TN;;;237000;573500;37.00;Afvalwaterinzameling en -behandeling;Riolering en waterzuiveringsinstallaties;Energiegebruik en processen Riolering en waterzuiveringsinstallaties;CO2;0.126937;0.0;0.0;0.0;0.0;0.0;0.0;0.0;0.0;Overig;0.0;0.0;RWZI;0;Bleu;2024;BU00141709;GM0014;9752.0;9752VT;BU00141709;GM0014;9752.0;9752VT;BU00141709;GM0014;9752.0;9752VT;False;False;False;53.14196363236304;6.6126705005051205;WarmteAtlas:CO2EmissieBedrijven;;;
618;NL;;220056;RWZI Goedereede-Havenhoofd;Goedereede;Blauwe Distelweg;3252LA;1;A;59700;426700;37.00;Afvalwaterinzameling en -behandeling;Riolering en waterzuiveringsinstallaties;Energiegebruik en processen Riolering en waterzuiveringsinstallaties;CO2;0.015359;0.0;0.0;0.0;0.0;0.0;0.0;0.0;0.0;Overig;0.0;0.0;RWZI;0;Bleu;2024;BU19240003;GM1924;3252.0;3252LW;BU19240003;GM1924;3252.0;3252LW;BU19240003;GM1924;3252.0;3252LW;False;False;False;51.82076268670083;4.004911240632623;WarmteAtlas:CO2EmissieBedrijven;;;
619;NL;;220057;RWZI Gramsbergen;Gramsbergen;De Oostermaat;7783BW;;;241900;513900;37.00;Afvalwaterinzameling en -behandeling;Riolering en waterzuiveringsinstallaties;Energiegebruik en processen Riolering en waterzuiveringsinstallaties;CO2;0.152389;0.0;0.0;0.0;0.0;0.0;0.0;0.0;0.0;Overig;0.0;0.0;RWZI;0;Bleu;2024;BU01601201;GM0160;7783.0;7783GM;BU01601202;GM0160;7783.0;7783GM;BU01601202;GM0160;7783.0;7783GM;True;False;False;52.605710173479224;6.6700566268648;WarmteAtlas:CO2EmissieBedrijven;;;
620;NL;;220058;RWZI Groesbeek;Groesbeek;Heikantweg;6561AT;4;;193800;421400;37.00;Afvalwaterinzameling en -behandeling;Riolering en waterzuiveringsinstallaties;Energiegebruik en processen Riolering en waterzuiveringsinstallaties;CO2;0.088925;0.0;0.0;0.0;0.0;0.0;0.0;0.0;0.0;Overig;0.0;0.0;RWZI;0;Bleu;2024;BU19450507;GM1945;6561.0;6561AT;BU19450507;GM1945;6561.0;6561AT;BU19450507;GM1945;6561.0;6561AT;False;False;False;51.77991528813423;5.949452538036321;WarmteAtlas:CO2EmissieBedrijven;;;
621;NL;;220059;RWZI Heerenveen-Oost;Heerenveen;Nieuwburen;8442CV;86;;192000;553000;37.00;Afvalwaterinzameling en -behandeling;Riolering en waterzuiveringsinstallaties;Energiegebruik en processen Riolering en waterzuiveringsinstallaties;CO2;1.074605;0.0;0.0;0.0;0.0;0.0;0.0;0.0;0.0;Overig;0.0;0.0;RWZI;0;Bleu;2024;BU00740107;GM0074;8448.0;8448GK;BU00740107;GM0074;8448.0;8448GK;BU00740107;GM0074;8448.0;8448GK;False;False;False;52.962747393872775;5.937868607858157;WarmteAtlas:CO2EmissieBedrijven;;;
622;NL;;22006;FrieslandCampina Lutjewinkel;Lutjewinkel;Mientweg;1732LE;20;;120900;530900;10.51;Vervaardiging van zuivelproducten (geen consumptie-ijs);Overige industrie;Voedings- en genotmiddelenindustrie;CO2;0.0;5.267;6.838213;7.022356;6.97;6.94;5.47925;4.559112;4.606674;Voedings- en genotmiddelenindustrie;71.88431;71.88431;Voeding;2;Green;2024;BU19111401;GM1911;1732.0;1732LE;BU19111401;GM1911;1732.0;1732LE;BU19111401;GM1911;1732.0;1732LE;False;False;False;52.7643445668939;4.882003173382285;WarmteAtlas:CO2EmissieBedrijven;;;
623;NL;;220060;RWZI Holwerd;Holwerd;Hemmingaweg;9151HP;;;189200;597800;37.00;Afvalwaterinzameling en -behandeling;Riolering en waterzuiveringsinstallaties;Energiegebruik en processen Riolering en waterzuiveringsinstallaties;CO2;0.039442;0.0;0.0;0.0;0.0;0.0;0.0;0.0;0.0;Overig;0.0;0.0;RWZI;0;Bleu;2024;BU19700608;GM1970;9151.0;9151HZ;BU19700608;GM1970;9151.0;9151HZ;BU19700608;GM1970;9151.0;9151HZ;False;False;False;53.36547785294353;5.90095338037092;WarmteAtlas:CO2EmissieBedrijven;;;
624;NL;;220061;RWZI Hoofddorp;Hoofddorp;Hoofdweg;2132MH;560;;108500;480900;37.00;Afvalwaterinzameling en -behandeling;Riolering en waterzuiveringsinstallaties;Energiegebruik en processen Riolering en waterzuiveringsinstallaties;CO2;1.323776;0.0;0.0;0.0;0.0;0.0;0.0;0.0;0.0;Overig;0.0;0.0;RWZI;0;Bleu;2024;BU03940122;GM0394;2132.0;2132MH;BU03940122;GM0394;2132.0;2132MH;BU03940122;GM0394;2132.0;2132MH;False;False;False;52.31408873558993;4.7052824746288;WarmteAtlas:CO2EmissieBedrijven;;;
625;NL;;220063;RWZI Klijndijk;Klijndijk;Zijtak;7871TA;6;;253100;539000;37.00;Afvalwaterinzameling en -behandeling;Riolering en waterzuiveringsinstallaties;Energiegebruik en processen Riolering en waterzuiveringsinstallaties;CO2;0.115183;0.0;0.0;0.0;0.0;0.0;0.0;0.0;0.0;Overig;0.0;0.0;RWZI;0;Bleu;2024;BU16819609;GM1681;7871.0;7871TA;BU16819609;GM1681;7871.0;7871TA;BU16819609;GM1681;7871.0;7871TA;False;False;False;52.82932099630836;6.842808933493398;WarmteAtlas:CO2EmissieBedrijven;;;
626;NL;;220064;RWZI Koudekerk aan de Rijn;Koudekerk aan den Rijn;Kerklaan;2396VJ;;;101200;461100;37.00;Afvalwaterinzameling en -behandeling;Riolering en waterzuiveringsinstallaties;Energiegebruik en processen Riolering en waterzuiveringsinstallaties;CO2;0.184561;0.0;0.0;0.0;0.0;0.0;0.0;0.0;0.0;Overig;0.0;0.0;RWZI;0;Bleu;2024;BU04849602;GM0484;2396.0;2396WT;BU04849602;GM0484;2396.0;2396WT;BU04849602;GM0484;2396.0;2396WT;False;False;False;52.135478029675106;4.601382677008545;WarmteAtlas:CO2EmissieBedrijven;;;
627;NL;;220065;RWZI Loenen;Loenen;Slatsdijk;7371EC;;;199000;459000;37.00;Afvalwaterinzameling en -behandeling;Riolering en waterzuiveringsinstallaties;Energiegebruik en processen Riolering en waterzuiveringsinstallaties;CO2;0.133572;0.0;0.0;0.0;0.0;0.0;0.0;0.0;0.0;Overig;0.0;0.0;RWZI;0;Bleu;2024;BU02001303;GM0200;7371.0;7371EC;BU02001303;GM0200;7371.0;7371EC;BU02001303;GM0200;7371.0;7371EC;False;False;False;52.11746922854741;6.029620092450732;WarmteAtlas:CO2EmissieBedrijven;;;
628;NL;;220066;RWZI Lunteren;Lunteren;Hullerpad;6741PA;;;169800;455000;37.00;Afvalwaterinzameling en -behandeling;Riolering en waterzuiveringsinstallaties;Energiegebruik en processen Riolering en waterzuiveringsinstallaties;CO2;0.46295;0.0;0.0;0.0;0.0;0.0;0.0;0.0;0.0;Overig;0.0;0.0;RWZI;0;Bleu;2024;BU02284033;GM0228;6741.0;6741PA;BU02284033;GM0228;6741.0;6741PA;BU02284033;GM0228;6741.0;6741PA;False;False;False;52.08307031353402;5.6031208948017825;WarmteAtlas:CO2EmissieBedrijven;;;
629;NL;;220067;RWZI Mheer;Mheer;Steegstraat;6261NK;25;;183400;309700;37.00;Afvalwaterinzameling en -behandeling;Riolering en waterzuiveringsinstallaties;Energiegebruik en processen Riolering en waterzuiveringsinstallaties;CO2;0.053027;0.0;0.0;0.0;0.0;0.0;0.0;0.0;0.0;Overig;0.0;0.0;RWZI;0;Bleu;2024;BU19030500;GM1903;6261.0;6261NK;BU19030500;GM1903;6261.0;6261NK;BU19030500;GM1903;6261.0;6261NK;False;False;False;50.77652476642222;5.789818356236814;WarmteAtlas:CO2EmissieBedrijven;;;
630;NL;;220068;RWZI Muntendam;Muntendam;Duurkenakker;9649;;;255400;573200;37.00;Afvalwaterinzameling en -behandeling;Riolering en waterzuiveringsinstallaties;Energiegebruik en processen Riolering en waterzuiveringsinstallaties;CO2;0.278062;0.0;0.0;0.0;0.0;0.0;0.0;0.0;0.0;Overig;0.0;0.0;RWZI;0;Bleu;2024;BU19521803;GM1952;9649.0;9649JV;BU19521803;GM1952;9649.0;9649JV;BU19521803;GM1952;9649.0;9649JV;False;False;False;53.13614202501495;6.887476478900634;WarmteAtlas:CO2EmissieBedrijven;;;
631;NL;;220069;RWZI Nieuw Amsterdam;Nieuw Amsterdam;Zijtak Oostzijde;7833AN;65;;254400;525300;37.00;Afvalwaterinzameling en -behandeling;Riolering en waterzuiveringsinstallaties;Energiegebruik en processen Riolering en waterzuiveringsinstallaties;CO2;0.384207;0.0;0.0;0.0;0.0;0.0;0.0;0.0;0.0;Overig;0.0;0.0;RWZI;0;Bleu;2024;BU01140600;GM0114;7833.0;7833BK;BU01140600;GM0114;7833.0;7833BK;BU01140600;GM0114;7833.0;7833BK;False;False;False;52.705998853255444;6.857954619052886;WarmteAtlas:CO2EmissieBedrijven;;;
632;NL;;22007;Campina BV (Ursem);Ursem;Molenweg;1645WK;4;;120320;514670;10.50;Vervaardiging van zuivelprodukten;Overige industrie;Voedings- en genotmiddelenindustrie;CO2;0.0;4.79;0.0;0.0;0.0;0.0;0.0;0.0;0.0;Voedings- en genotmiddelenindustrie;0.0;0.0;Voeding;0;Green;2024;BU03610901;GM0361;1646.0;1646WK;BU03610901;GM0361;1646.0;1646WK;BU03610901;GM0361;1646.0;1646WK;False;False;False;52.618455012723196;4.87511330388031;WarmteAtlas:CO2EmissieBedrijven;;;
633;NL;;220070;RWZI Nieuwendijk;Nieuwendijk;Ippelseweg;4255;;;123100;421200;37.00;Afvalwaterinzameling en -behandeling;Riolering en waterzuiveringsinstallaties;Energiegebruik en processen Riolering en waterzuiveringsinstallaties;CO2;0.141335;0.0;0.0;0.0;0.0;0.0;0.0;0.0;0.0;Overig;0.0;0.0;RWZI;0;Bleu;2024;BU19590301;GM1959;4255.0;4255GK;BU19590301;GM1959;4255.0;4255GK;BU19590301;GM1959;4255.0;4255GK;False;False;False;51.7785558457325;4.924954522729617;WarmteAtlas:CO2EmissieBedrijven;;;
634;NL;;220071;RWZI Nieuwerkerk-Emmahof;Nieuwerkerk aan den IJssel;Koningin Emmahof;2911AE;;;101800;441800;37.00;Afvalwaterinzameling en -behandeling;Riolering en waterzuiveringsinstallaties;Energiegebruik en processen Riolering en waterzuiveringsinstallaties;CO2;0.256506;0.0;0.0;0.0;0.0;0.0;0.0;0.0;0.0;Overig;0.0;0.0;RWZI;0;Bleu;2024;BU18920409;GM1892;2911.0;2911RG;BU18920409;GM1892;2911.0;2911RG;BU18920409;GM1892;2911.0;2911RG;False;False;False;51.962079026086144;4.613150228041993;WarmteAtlas:CO2EmissieBedrijven;;;
635;NL;;220072;RWZI Nieuwvliet-Bad;Nieuwvliet;Kapelleweg;4504PC;;;19000;378000;37.00;Afvalwaterinzameling en -behandeling;Riolering en waterzuiveringsinstallaties;Energiegebruik en processen Riolering en waterzuiveringsinstallaties;CO2;0.054036;0.0;0.0;0.0;0.0;0.0;0.0;0.0;0.0;Overig;0.0;0.0;RWZI;0;Bleu;2024;BU17140709;GM1714;4506.0;4506HP;BU17140709;GM1714;4506.0;4506HP;BU17140709;GM1714;4506.0;4506HP;False;False;False;51.374791947879984;3.433792469270097;WarmteAtlas:CO2EmissieBedrijven;;;
636;NL;;220073;RWZI Noordbroek;Noordbroek;Scheemderstraat;9635;;;255000;579600;37.00;Afvalwaterinzameling en -behandeling;Riolering en waterzuiveringsinstallaties;Energiegebruik en processen Riolering en waterzuiveringsinstallaties;CO2;0.044081;0.0;0.0;0.0;0.0;0.0;0.0;0.0;0.0;Overig;0.0;0.0;RWZI;0;Bleu;2024;BU19521902;GM1952;9635.0;9635TD;BU19521902;GM1952;9635.0;9635TD;BU19521902;GM1952;9635.0;9635TD;False;False;False;53.193709135636624;6.883486916400261;WarmteAtlas:CO2EmissieBedrijven;;;
637;NL;;220074;RWZI Odiliapeel;Odiliapeel;Nieuwedijk;5409SB;8;;177200;406900;37.00;Afvalwaterinzameling en -behandeling;Riolering en waterzuiveringsinstallaties;Energiegebruik en processen Riolering en waterzuiveringsinstallaties;CO2;0.2032;0.0;0.0;0.0;0.0;0.0;0.0;0.0;0.0;Overig;0.0;0.0;RWZI;0;Bleu;2024;BU19910399;GM1991;5409.0;5409SB;BU19910399;GM1991;5409.0;5409SB;BU19910399;GM1991;5409.0;5409SB;False;False;False;51.65049108835032;5.707980396982843;WarmteAtlas:CO2EmissieBedrijven;;;
638;NL;;220075;RWZI Oosterhesselen;Oosterhesselen;Grevenbergseweg;7860;;;245700;530100;37.00;Afvalwaterinzameling en -behandeling;Riolering en waterzuiveringsinstallaties;Energiegebruik en processen Riolering en waterzuiveringsinstallaties;CO2;0.242848;0.0;0.0;0.0;0.0;0.0;0.0;0.0;0.0;Overig;0.0;0.0;RWZI;0;Bleu;2024;BU01093033;GM0109;7861.0;7861BH;BU01093033;GM0109;7861.0;7861BH;BU01093033;GM0109;7861.0;7861BH;False;False;False;52.75064720974427;6.730582819844588;WarmteAtlas:CO2EmissieBedrijven;;;
639;NL;;220076;RWZI Oudenhoorn;Oudenhoorn;Burgemeester de Zeeuwstraat;3227AC;2;;72300;427000;37.00;Afvalwaterinzameling en -behandeling;Riolering en waterzuiveringsinstallaties;Energiegebruik en processen Riolering en waterzuiveringsinstallaties;CO2;0.060854;0.0;0.0;0.0;0.0;0.0;0.0;0.0;0.0;Overig;0.0;0.0;RWZI;0;Bleu;2024;BU19921002;GM1992;3227.0;3227AH;BU19921002;GM1992;3227.0;3227AH;BU19921002;GM1992;3227.0;3227AH;False;False;False;51.82546878610026;4.18755665305248;WarmteAtlas:CO2EmissieBedrijven;;;
640;NL;;220077;RWZI Ouder Amstel;Ouder Amstel;Molenpad;1016GL;3;;122200;479300;37.00;Afvalwaterinzameling en -behandeling;Riolering en waterzuiveringsinstallaties;Energiegebruik en processen Riolering en waterzuiveringsinstallaties;CO2;0.011332;0.0;0.0;0.0;0.0;0.0;0.0;0.0;0.0;Overig;0.0;0.0;RWZI;0;Bleu;2024;BU04370000;GM0437;1191.0;1191AB;BU04370000;GM0437;1191.0;1191AE;BU04370000;GM0437;1191.0;1191AE;False;False;False;52.3006964259811;4.906340132967246;WarmteAtlas:CO2EmissieBedrijven;;;
641;NL;;220078;RWZI Poortvliet;Poortvliet;Burgemeet;4693CJ;;;68600;396050;37.00;Afvalwaterinzameling en -behandeling;Riolering en waterzuiveringsinstallaties;Energiegebruik en processen Riolering en waterzuiveringsinstallaties;CO2;0.0631;0.0;0.0;0.0;0.0;0.0;0.0;0.0;0.0;Overig;0.0;0.0;RWZI;0;Bleu;2024;BU07160100;GM0716;4693.0;4693CL;BU07160100;GM0716;4693.0;4693CL;BU07160100;GM0716;4693.0;4693CL;False;False;False;51.54676773439299;4.14157771322988;WarmteAtlas:CO2EmissieBedrijven;;;
642;NL;;220079;RWZI Reeuwijk-Brug;Reeuwijk;Kennedysingel;2011VA;31;;109200;451700;37.00;Afvalwaterinzameling en -behandeling;Riolering en waterzuiveringsinstallaties;Energiegebruik en processen Riolering en waterzuiveringsinstallaties;CO2;0.164848;0.0;0.0;0.0;0.0;0.0;0.0;0.0;0.0;Overig;0.0;0.0;RWZI;0;Bleu;2024;BU19010405;GM1901;2811.0;2811KB;BU19010405;GM1901;2811.0;2811KB;BU19010405;GM1901;2811.0;2811KB;False;False;False;52.05171591453891;4.719487748701152;WarmteAtlas:CO2EmissieBedrijven;;;
643;NL;;22008;Kaptein PCF BV;Oosthuizen;Industrielaan;1474MR;3;;128950;510330;46.33.1;Groothandel in zuivelproducten en spijsoliën en -vetten;Overige industrie;Voedings- en genotmiddelenindustrie;CO2;0.0;0.588;0.579;0.603938;0.0;0.0;0.0;0.0;0.0;Voedings- en genotmiddelenindustrie;0.0;0.0;Voeding;0;Green;2024;BU03850401;GM0385;1474.0;1474MR;BU03850401;GM0385;1474.0;1474MR;BU03850401;GM0385;1474.0;1474MR;False;False;False;52.579932271689074;5.002882756042483;WarmteAtlas:CO2EmissieBedrijven;;;
644;NL;;220080;RWZI Renswoude;Renswoude;Holleweg;3927;;;164800;453800;37.00;Afvalwaterinzameling en -behandeling;Riolering en waterzuiveringsinstallaties;Energiegebruik en processen Riolering en waterzuiveringsinstallaties;CO2;0.131894;0.0;0.0;0.0;0.0;0.0;0.0;0.0;0.0;Overig;0.0;0.0;RWZI;0;Bleu;2024;BU03390009;GM0339;3927.0;3927CM;BU03390009;GM0339;3927.0;3927CM;BU03390009;GM0339;3927.0;3927CM;False;False;False;52.0723958851525;5.5301415040280695;WarmteAtlas:CO2EmissieBedrijven;;;
645;NL;;220081;RWZI Sassenheim;Sassenheim;Schoonzorgweg;2172VH;16;;95800;470300;37.00;Afvalwaterinzameling en -behandeling;Riolering en waterzuiveringsinstallaties;Energiegebruik en processen Riolering en waterzuiveringsinstallaties;CO2;0.701433;0.0;0.0;0.0;0.0;0.0;0.0;0.0;0.0;Overig;0.0;0.0;RWZI;0;Bleu;2024;BU15251206;GM1525;2172.0;2172VJ;BU15251206;GM1525;2172.0;2172VJ;BU15251206;GM1525;2172.0;2172VJ;False;False;False;52.217607157588745;4.520912412718551;WarmteAtlas:CO2EmissieBedrijven;;;
646;NL;;220083;RWZI Schinveld;Schinveld;Pastoor Greymansstraat;6451BN;;;197100;331700;37.00;Afvalwaterinzameling en -behandeling;Riolering en waterzuiveringsinstallaties;Energiegebruik en processen Riolering en waterzuiveringsinstallaties;CO2;0.886406;0.0;0.0;0.0;0.0;0.0;0.0;0.0;0.0;Overig;0.0;0.0;RWZI;0;Bleu;2024;BU19540009;GM1954;6451.0;6451PS;BU19540009;GM1954;6451.0;6451PS;BU19540009;GM1954;6451.0;6451PS;False;False;False;50.9734286314627;5.986586302484225;WarmteAtlas:CO2EmissieBedrijven;;;
647;NL;;220084;RWZI Sellingen;Sellingen;Hassebergerweg;9551CB;41;;274200;552500;37.00;Afvalwaterinzameling en -behandeling;Riolering en waterzuiveringsinstallaties;Energiegebruik en processen Riolering en waterzuiveringsinstallaties;CO2;0.053041;0.0;0.0;0.0;0.0;0.0;0.0;0.0;0.0;Overig;0.0;0.0;RWZI;0;Bleu;2024;BU19500309;GM1950;9551.0;9551CB;BU19500309;GM1950;9551.0;9551CB;BU19500309;GM1950;9551.0;9551CB;False;False;False;52.94635867419673;7.160678214785301;WarmteAtlas:CO2EmissieBedrijven;;;
648;NL;;220085;RWZI Siebengewald;Siebengewald;Kreeftenheide;5853AJ;;;204300;406900;37.00;Afvalwaterinzameling en -behandeling;Riolering en waterzuiveringsinstallaties;Energiegebruik en processen Riolering en waterzuiveringsinstallaties;CO2;0.08737;0.0;0.0;0.0;0.0;0.0;0.0;0.0;0.0;Overig;0.0;0.0;RWZI;0;Bleu;2024;BU08930551;GM0893;5853.0;5853AB;BU08930551;GM0893;5853.0;5853AB;BU08930551;GM0893;5853.0;5853AB;False;False;False;51.648762262462405;6.099540720312119;WarmteAtlas:CO2EmissieBedrijven;;;
649;NL;;220086;RWZI Sint Willebrord;Hoeven;Oude Bredasepostb;4741SM;2;;99500;397300;37.00;Afvalwaterinzameling en -behandeling;Riolering en waterzuiveringsinstallaties;Energiegebruik en processen Riolering en waterzuiveringsinstallaties;CO2;0.84372;0.0;0.0;0.0;0.0;0.0;0.0;0.0;0.0;Overig;0.0;0.0;RWZI;0;Bleu;2024;BU16550408;GM1655;4741.0;4741TV;BU16550408;GM1655;4741.0;4741SM;BU16550408;GM1655;4741.0;4741SM;False;False;False;51.56190146987366;4.5868103293521;WarmteAtlas:CO2EmissieBedrijven;;;
650;NL;;220087;RWZI Slijk Ewijk;Slijk Ewijk;Dorpsstraat;6677;;;182700;433400;37.00;Afvalwaterinzameling en -behandeling;Riolering en waterzuiveringsinstallaties;Energiegebruik en processen Riolering en waterzuiveringsinstallaties;CO2;0.027826;0.0;0.0;0.0;0.0;0.0;0.0;0.0;0.0;Overig;0.0;0.0;RWZI;0;Bleu;2024;BU17340801;GM1734;6677.0;6677PG;BU17340801;GM1734;6677.0;6677PD;BU17340801;GM1734;6677.0;6677PD;False;False;False;51.8884344101039;5.789569717361507;WarmteAtlas:CO2EmissieBedrijven;;;
651;NL;;220088;RWZI St Annaland (bij St Maartensdijk);Sint Maartensdijk;Provinciale Weg;4695RR;1;;64000;397000;37.00;Afvalwaterinzameling en -behandeling;Riolering en waterzuiveringsinstallaties;Energiegebruik en processen Riolering en waterzuiveringsinstallaties;CO2;0.201107;0.0;0.0;0.0;0.0;0.0;0.0;0.0;0.0;Overig;0.0;0.0;RWZI;0;Bleu;2024;BU07160309;GM0716;4695.0;4695PP;BU07160309;GM0716;4695.0;4695PP;BU07160309;GM0716;4695.0;4695PP;False;False;False;51.554579513357;4.075029305505204;WarmteAtlas:CO2EmissieBedrijven;;;
652;NL;;220089;RWZI Swifterbant;Swifterbant;De Kolk;8255PA;1;;172600;509500;37.00;Afvalwaterinzameling en -behandeling;Riolering en waterzuiveringsinstallaties;Energiegebruik en processen Riolering en waterzuiveringsinstallaties;CO2;0.202782;0.0;0.0;0.0;0.0;0.0;0.0;0.0;0.0;Overig;0.0;0.0;RWZI;0;Bleu;2024;BU03030706;GM0303;8255.0;8255PE;BU03030706;GM0303;8255.0;8255PE;BU03030706;GM0303;8255.0;8255PE;False;False;False;52.572810077845304;5.646819964181245;WarmteAtlas:CO2EmissieBedrijven;;;
653;NL;;220091;RWZI Vierpolders;Vierpolders;Hogeweg;3237LD;;;72300;432600;37.00;Afvalwaterinzameling en -behandeling;Riolering en waterzuiveringsinstallaties;Energiegebruik en processen Riolering en waterzuiveringsinstallaties;CO2;0.040735;0.0;0.0;0.0;0.0;0.0;0.0;0.0;0.0;Overig;0.0;0.0;RWZI;0;Bleu;2024;BU19923100;GM1992;3237.0;3237LD;BU19923100;GM1992;3237.0;3237LD;BU19923100;GM1992;3237.0;3237LD;False;False;False;51.87579448192328;4.186215116458595;WarmteAtlas:CO2EmissieBedrijven;;;
654;NL;;220092;RWZI Vijfhuizen;Vijfhuizen;Vijfhuizerweg;2141;;;107000;484800;37.00;Afvalwaterinzameling en -behandeling;Riolering en waterzuiveringsinstallaties;Energiegebruik en processen Riolering en waterzuiveringsinstallaties;CO2;0.067873;0.0;0.0;0.0;0.0;0.0;0.0;0.0;0.0;Overig;0.0;0.0;RWZI;0;Bleu;2024;BU03941567;GM0394;2141.0;2141XJ;BU03941567;GM0394;2141.0;2141XJ;BU03941567;GM0394;2141.0;2141XJ;False;False;False;52.3490095102231;4.682730738604421;WarmteAtlas:CO2EmissieBedrijven;;;
655;NL;;220093;RWZI Voorschoten;Voorschoten;Dobbeweg;2254AG;;;89800;460600;37.00;Afvalwaterinzameling en -behandeling;Riolering en waterzuiveringsinstallaties;Energiegebruik en processen Riolering en waterzuiveringsinstallaties;CO2;0.010673;0.0;0.0;0.0;0.0;0.0;0.0;0.0;0.0;Overig;0.0;0.0;RWZI;0;Bleu;2024;BU06260009;GM0626;2254.0;2254AB;BU06260009;GM0626;2254.0;2254AB;BU06260009;GM0626;2254.0;2254AB;False;False;False;52.12975770201182;4.434986360170119;WarmteAtlas:CO2EmissieBedrijven;;;
656;NL;;220095;RWZI Wormer;Wormer;Veerdijk;1531MB;97;A;114900;501700;37.00;Afvalwaterinzameling en -behandeling;Riolering en waterzuiveringsinstallaties;Energiegebruik en processen Riolering en waterzuiveringsinstallaties;CO2;0.0;0.0;0.0;0.0;0.0;0.0;0.0;0.0;0.0;Overig;0.0;0.0;RWZI;0;Bleu;2024;BU08800004;GM0880;1531.0;1531MB;BU08800004;GM0880;1531.0;1531MB;BU08800004;GM0880;1531.0;1531MB;False;False;False;52.50152441825278;4.796646941215424;WarmteAtlas:CO2EmissieBedrijven;;;
657;NL;;220096;RWZI Zaltbommel;Zaltbommel;Beersteeg;5301HR;;;144700;424600;37.00;Afvalwaterinzameling en -behandeling;Riolering en waterzuiveringsinstallaties;Energiegebruik en processen Riolering en waterzuiveringsinstallaties;CO2;0.094495;0.0;0.0;0.0;0.0;0.0;0.0;0.0;0.0;Overig;0.0;0.0;RWZI;0;Bleu;2024;BU02970009;GM0297;5301.0;5301HS;BU02970009;GM0297;5301.0;5301HS;BU02970009;GM0297;5301.0;5301HS;False;False;False;51.809931920035915;5.237846634033576;WarmteAtlas:CO2EmissieBedrijven;;;
658;NL;;220097;RWZI Zevenhuizen;Zevenhuizen;Zuidplasweg;2761JL;2;D;100000;446800;37.00;Afvalwaterinzameling en -behandeling;Riolering en waterzuiveringsinstallaties;Energiegebruik en processen Riolering en waterzuiveringsinstallaties;CO2;0.308849;0.0;0.0;0.0;0.0;0.0;0.0;0.0;0.0;Overig;0.0;0.0;RWZI;0;Bleu;2024;BU18920292;GM1892;2761.0;2761JL;BU18920292;GM1892;2761.0;2761JL;BU18920292;GM1892;2761.0;2761JL;False;False;False;52.006841061166604;4.586160829909741;WarmteAtlas:CO2EmissieBedrijven;;;
659;NL;;220098;RWZI Zuidbroek;Zuidbroek;K.Woltjerweg;9636;;;254400;576000;37.00;Afvalwaterinzameling en -behandeling;Riolering en waterzuiveringsinstallaties;Energiegebruik en processen Riolering en waterzuiveringsinstallaties;CO2;0.175886;0.0;0.0;0.0;0.0;0.0;0.0;0.0;0.0;Overig;0.0;0.0;RWZI;0;Bleu;2024;BU19522005;GM1952;9636.0;9636DB;BU19522005;GM1952;9636.0;9636DB;BU19522005;GM1952;9636.0;9636DB;False;False;False;53.161481297437994;6.8734012035036605;WarmteAtlas:CO2EmissieBedrijven;;;
660;NL;;220099;RWZI Zwammerdam;Zwammerdam;Vinkebuurt;2471;;;109300;458000;37.00;Afvalwaterinzameling en -behandeling;Riolering en waterzuiveringsinstallaties;Energiegebruik en processen Riolering en waterzuiveringsinstallaties;CO2;0.014233;0.0;0.0;0.0;0.0;0.0;0.0;0.0;0.0;Overig;0.0;0.0;RWZI;0;Bleu;2024;BU04840701;GM0484;2407.0;2407BG;BU04840701;GM0484;2407.0;2407BG;BU04840701;GM0484;2407.0;2407BG;False;False;False;52.10834569987509;4.720101733830181;WarmteAtlas:CO2EmissieBedrijven;;;
661;NL;;22010;DMV International (Uitgeest);Uitgeest;Provincialeweg;1911MB;4;;108800;503700;10.51;Vervaardiging van zuivelproducten (geen consumptie-ijs);Overige industrie;Voedings- en genotmiddelenindustrie;CO2;0.0;7.395;0.0;0.0;0.0;0.0;0.0;0.0;0.0;Voedings- en genotmiddelenindustrie;0.0;0.0;Voeding;0;Green;2024;BU04500002;GM0450;1911.0;1911MG;BU04500002;GM0450;1911.0;1911MG;BU04500002;GM0450;1911.0;1911MG;False;False;False;52.519016831735065;4.706540228871177;WarmteAtlas:CO2EmissieBedrijven;;;
662;NL;;220100;Slibverwerking Nuenen;Nuenen;Eeneindseweg;5674TK;97;;167800;383700;37.00;Afvalwaterinzameling en -behandeling;Riolering en waterzuiveringsinstallaties;Energiegebruik en processen Riolering en waterzuiveringsinstallaties;CO2;0.0;0.0;0.068721;0.0;0.061151;0.070251;0.054847;0.048305;0.05989;Overig;0.948959;0.948959;RWZI;1;Bleu;2024;BU17710109;GM1771;5731.0;5731PX;BU17710114;GM1771;5731.0;5731PX;BU17710114;GM1771;5731.0;5731PX;True;False;False;51.442249957621;5.571308213212144;WarmteAtlas:CO2EmissieBedrijven;;;
663;NL;;220103;RWZI Finsterwolde;Finsterwolde;Hardenberg;9684AM;4;;268300;578700;37.00;Afvalwaterinzameling en -behandeling;Riolering en waterzuiveringsinstallaties;Energiegebruik en processen Riolering en waterzuiveringsinstallaties;CO2;0.097206;0.03003;0.0;0.0;0.0;0.0;0.0;0.0;0.0;Overig;0.0;0.0;RWZI;0;Bleu;2024;BU18950101;GM1895;9684.0;9684AZ;BU18950101;GM1895;9684.0;9684AZ;BU18950101;GM1895;9684.0;9684AZ;False;False;False;53.18297812677281;7.082096143613552;WarmteAtlas:CO2EmissieBedrijven;;;
664;NL;;220104;RWZI Nieuwer ter Aa;Nieuwer ter Aa;Honderdschelaan;3626AB;1;;127200;467400;37.00;Afvalwaterinzameling en -behandeling;Riolering en waterzuiveringsinstallaties;Energiegebruik en processen Riolering en waterzuiveringsinstallaties;CO2;0.03;0.01527;0.0;0.0;0.0;0.0;0.0;0.0;0.0;Overig;0.0;0.0;RWZI;0;Bleu;2024;BU19040401;GM1904;3626.0;3626AB;BU19040401;GM1904;3626.0;3626AB;BU19040401;GM1904;3626.0;3626AB;False;False;False;52.19401933789527;4.980618468853963;WarmteAtlas:CO2EmissieBedrijven;;;
665;NL;;220105;RWZI Schoonrewoerd;Schoonrewoerd;Overheicop;4145KT;18;A;136100;437200;37.00;Afvalwaterinzameling en -behandeling;Riolering en waterzuiveringsinstallaties;Energiegebruik en processen Riolering en waterzuiveringsinstallaties;CO2;0.025898;0.052948;0.0;0.0;0.0;0.0;0.0;0.0;0.0;Overig;0.0;0.0;RWZI;0;Bleu;2024;BU19613101;GM1961;4145.0;4145KT;BU19613101;GM1961;4145.0;4145KT;BU19613101;GM1961;4145.0;4145KT;False;False;False;51.922958753972296;5.11245290877214;WarmteAtlas:CO2EmissieBedrijven;;;
666;NL;;22011;CONO Kaasmakers (Stompetoren);Stompetoren;NOORDERVAART;1841JC;140;;116200;513900;10.51;Vervaardiging van zuivelproducten (geen consumptie-ijs);Overige industrie;Voedings- en genotmiddelenindustrie;CO2;0.0;6.85;0.0;0.0;0.0;0.0;0.0;0.0;0.0;Voedings- en genotmiddelenindustrie;0.0;0.0;Voeding;0;Green;2024;BU03610902;GM0361;1841.0;1841JJ;BU03610902;GM0361;1841.0;1841JJ;BU03610902;GM0361;1841.0;1841JJ;False;False;False;52.611257605430886;4.814369331579347;WarmteAtlas:CO2EmissieBedrijven;;;
667;NL;;220112;RWZI Aalburg;Wijk en Aalburg;Aalburgsestraat;4261BJ;31;;136733;418332;37.00;Afvalwaterinzameling en -behandeling;Riolering en waterzuiveringsinstallaties;Energiegebruik en processen Riolering en waterzuiveringsinstallaties;CO2;0.567198;0.22208;0.25889;0.260669;0.0;0.0;0.0;0.0;0.0;Overig;0.0;0.0;RWZI;0;Bleu;2024;BU19591491;GM1959;4261.0;4261BJ;BU19591491;GM1959;4261.0;4261BJ;BU19591491;GM1959;4261.0;4261BJ;False;False;False;51.75338930660013;5.12265206889257;WarmteAtlas:CO2EmissieBedrijven;;;
668;NL;;220113;RWZI Aalsmeer;Aalsmeer;Molenvlietweg;1431GW;30;;113300;475700;37.00;Afvalwaterinzameling en -behandeling;Riolering en waterzuiveringsinstallaties;Energiegebruik en processen Riolering en waterzuiveringsinstallaties;CO2;0.582487;0.453829;0.704552;0.99339;0.0;0.0;0.0;0.0;0.0;Overig;0.0;0.0;RWZI;0;Bleu;2024;BU03580201;GM0358;1432.0;1432GW;BU03580201;GM0358;1432.0;1432GW;BU03580201;GM0358;1432.0;1432GW;False;False;False;52.267739668585605;4.77631279244266;WarmteAtlas:CO2EmissieBedrijven;;;
669;NL;;220114;RWZI Aalten;Aalten;3e Broekdijk;7122LA;9;;236500;436700;37.00;Afvalwaterinzameling en -behandeling;Riolering en waterzuiveringsinstallaties;Energiegebruik en processen Riolering en waterzuiveringsinstallaties;CO2;0.728831;0.669864;0.852418;0.673333;0.682348;0.749404;0.787328;0.789951;0.682676;Overig;10.817051;10.817051;RWZI;1;Bleu;2024;BU01970302;GM0197;7122.0;7122LA;BU01970302;GM0197;7122.0;7122LA;BU01970302;GM0197;7122.0;7122LA;False;False;False;51.91281360533686;6.571737113347743;WarmteAtlas:CO2EmissieBedrijven;;;
670;NL;;220115;RWZI Aardam-Oost;Ter Aar;Van Schravendijkstraat;2461;;;108800;464000;37.00;Afvalwaterinzameling en -behandeling;Riolering en waterzuiveringsinstallaties;Energiegebruik en processen Riolering en waterzuiveringsinstallaties;CO2;0.015392;0.012806;0.0;0.0;0.0;0.0;0.0;0.0;0.0;Overig;0.0;0.0;RWZI;0;Bleu;2024;BU05690300;GM0569;2461.0;2461VV;BU05691030;GM0569;2461.0;2461VV;BU05691030;GM0569;2461.0;2461VV;True;False;False;52.162228886742454;4.711988767175803;WarmteAtlas:CO2EmissieBedrijven;;;
671;NL;;220116;RWZI Aardam-West;Ter Aar;Mijsstraat;2461AK;11;;108500;464100;37.00;Afvalwaterinzameling en -behandeling;Riolering en waterzuiveringsinstallaties;Energiegebruik en processen Riolering en waterzuiveringsinstallaties;CO2;0.094892;0.077142;0.131432;0.0;0.0;0.0;0.0;0.0;0.0;Overig;0.0;0.0;RWZI;0;Bleu;2024;BU05690305;GM0569;2461.0;2461BT;BU05691029;GM0569;2461.0;2461BT;BU05691029;GM0569;2461.0;2461BT;True;False;False;52.16310245800207;4.707590863309089;WarmteAtlas:CO2EmissieBedrijven;;;
672;NL;;220117;RWZI Abbenbroek;Abbenbroek;Gemeenlandsedijk;3216AG;12;A;76500;429500;37.00;Afvalwaterinzameling en -behandeling;Riolering en waterzuiveringsinstallaties;Energiegebruik en processen Riolering en waterzuiveringsinstallaties;CO2;0.035604;0.079435;0.0;0.0;0.0;0.0;0.0;0.0;0.0;Overig;0.0;0.0;RWZI;0;Bleu;2024;BU19302703;GM1930;3216.0;3216LM;BU19302703;GM1930;3216.0;3216LM;BU19302703;GM1930;3216.0;3216LM;False;False;False;51.848542902878044;4.24790194163869;WarmteAtlas:CO2EmissieBedrijven;;;
673;NL;;220118;RWZI Akkrum;Akkrum;Polsleatwei;8491EK;13;;185000;562100;37.00;Afvalwaterinzameling en -behandeling;Riolering en waterzuiveringsinstallaties;Energiegebruik en processen Riolering en waterzuiveringsinstallaties;CO2;0.089734;0.123107;0.161418;0.181034;0.237417;0.174461;0.212398;0.174491;0.22649;Overig;3.588755;3.588755;RWZI;1;Bleu;2024;BU00740901;GM0074;8491.0;8491EK;BU00740901;GM0074;8491.0;8491EK;BU00740901;GM0074;8491.0;8491EK;False;False;False;53.04495400804595;5.8345328065675375;WarmteAtlas:CO2EmissieBedrijven;;;
674;NL;;220119;RWZI Alblasserdam;Alblasserdam;Staalindustrieweg;2952AT;30;;105800;429300;37.00;Afvalwaterinzameling en -behandeling;Riolering en waterzuiveringsinstallaties;Energiegebruik en processen Riolering en waterzuiveringsinstallaties;CO2;0.792284;0.588271;0.691847;0.916741;1.190799;0.980604;0.987981;0.973441;1.062737;Overig;16.839137;16.839137;RWZI;1;Bleu;2024;BU04820502;GM0482;2952.0;2952CA;BU04820502;GM0482;2952.0;2952CA;BU04820502;GM0482;2952.0;2952CA;False;False;False;51.85010136578324;4.673131618812371;WarmteAtlas:CO2EmissieBedrijven;;;
675;NL;;22012;CONO Kaasmakers (Middenbeemster);Westbeemster;Rijperweg;1464MB;20;;120220;507805;10.51;Vervaardiging van zuivelproducten (geen consumptie-ijs);Overige industrie;Voedings- en genotmiddelenindustrie;CO2;2.328003;0.0;7.429;9.253778;9.89217;9.342481;9.539185;9.61154;9.908477;Voedings- en genotmiddelenindustrie;154.615681;154.615681;Voeding;2;Green;2024;BU04390803;GM0439;1464.0;1464MB;BU04390803;GM0439;1464.0;1464MB;BU04390803;GM0439;1464.0;1464MB;False;False;False;52.55675394657707;4.874355119164116;WarmteAtlas:CO2EmissieBedrijven;;;
676;NL;;220120;RWZI Alem;Alem;J. Klingenweg;5335;;;152800;421700;37.00;Afvalwaterinzameling en -behandeling;Riolering en waterzuiveringsinstallaties;Energiegebruik en processen Riolering en waterzuiveringsinstallaties;CO2;0.029034;0.001361;0.0;0.0;0.0;0.0;0.0;0.0;0.0;Overig;0.0;0.0;RWZI;0;Bleu;2024;BU02630010;GM0263;5335.0;5335LW;BU02630010;GM0263;5335.0;5335LW;BU02630010;GM0263;5335.0;5335LW;False;False;False;51.783956159930696;5.355319334104953;WarmteAtlas:CO2EmissieBedrijven;;;
677;NL;;220121;RWZI Alkmaar;Alkmaar;J van Scorelkade;1817ET;6;;111269;517400;37.00;Afvalwaterinzameling en -behandeling;Riolering en waterzuiveringsinstallaties;Energiegebruik en processen Riolering en waterzuiveringsinstallaties;CO2;1.961611;4.515736;3.081832;2.921691;1.471454;2.109942;2.132508;2.182056;2.048041;Overig;32.451357;32.451357;RWZI;2;Bleu;2024;BU03610403;GM0361;1817.0;1817BA;BU03610403;GM0361;1817.0;1817BA;BU03610403;GM0361;1817.0;1817BA;False;False;False;52.642337524141006;4.741111689413389;WarmteAtlas:CO2EmissieBedrijven;;;
678;NL;;220122;RWZI Almelo-Sumpel;Almelo;De Bosuil;7609BZ;1;;239200;484400;37.00;Afvalwaterinzameling en -behandeling;Riolering en waterzuiveringsinstallaties;Energiegebruik en processen Riolering en waterzuiveringsinstallaties;CO2;2.390741;5.655831;2.530254;3.971286;3.091198;3.8983;2.046337;3.017725;3.283414;Overig;52.025923;52.025923;RWZI;2;Bleu;2024;BU01411901;GM0141;7609.0;7609HB;BU01411901;GM0141;7609.0;7609HB;BU01411901;GM0141;7609.0;7609HB;False;False;False;52.341056974239905;6.6227749896887556;WarmteAtlas:CO2EmissieBedrijven;;;
679;NL;;220123;RWZI Almelo Vissedijk;Almelo;Kolthofsingel;7602EM;22;;241000;487200;37.00;Afvalwaterinzameling en -behandeling;Riolering en waterzuiveringsinstallaties;Energiegebruik en processen Riolering en waterzuiveringsinstallaties;CO2;2.996251;2.038477;2.04202;2.839066;1.985499;1.618302;2.164107;1.812819;2.39532;Overig;37.95402;37.95402;RWZI;2;Bleu;2024;BU01411204;GM0141;7602.0;7602EM;BU01411204;GM0141;7602.0;7602EM;BU01411204;GM0141;7602.0;7602EM;False;False;False;52.36593847471781;6.649898565358814;WarmteAtlas:CO2EmissieBedrijven;;;
680;NL;;220124;AWZI Almere;Almere;Vlotbrugweg;1332AG;27;;145400;490200;37.00;Afvalwaterinzameling en -behandeling;Riolering en waterzuiveringsinstallaties;Energiegebruik en processen Riolering en waterzuiveringsinstallaties;CO2;2.652794;3.552241;6.688094;7.504863;6.781193;7.074475;5.303751;5.199707;5.696342;Overig;90.258946;90.258946;RWZI;2;Bleu;2024;BU00345702;GM0034;1332.0;1332AG;BU00345702;GM0034;1332.0;1332AG;BU00345702;GM0034;1332.0;1332AG;False;False;False;52.399554663740275;5.246150506515908;WarmteAtlas:CO2EmissieBedrijven;;;
681;NL;;220125;RWZI Alphen NB;Alphen;Nieuwveldweg;5131AN;;;126000;388500;37.00;Afvalwaterinzameling en -behandeling;Riolering en waterzuiveringsinstallaties;Energiegebruik en processen Riolering en waterzuiveringsinstallaties;CO2;0.135215;0.163946;0.0;0.0;0.0;0.0;0.0;0.0;0.0;Overig;0.0;0.0;RWZI;0;Bleu;2024;BU17230107;GM1723;5131.0;5131RJ;BU17230107;GM1723;5131.0;5131RJ;BU17230107;GM1723;5131.0;5131RJ;False;False;False;51.48479505592413;4.96969178269135;WarmteAtlas:CO2EmissieBedrijven;;;
682;NL;;220126;RWZI Alphen aan den Rijn-Noord;Alphen aan den Rijn;President Kennedylaan;2406LJ;10;;106240;461275;37.00;Afvalwaterinzameling en -behandeling;Riolering en waterzuiveringsinstallaties;Energiegebruik en processen Riolering en waterzuiveringsinstallaties;CO2;1.176011;1.884323;2.479306;1.097346;1.523239;1.360774;1.240771;1.077547;2.299639;Overig;36.437943;36.437943;RWZI;2;Bleu;2024;BU04840605;GM0484;2406.0;2406LD;BU04840605;GM0484;2406.0;2406LD;BU04840605;GM0484;2406.0;2406LD;False;False;False;52.13751828734531;4.6749677950159105;WarmteAtlas:CO2EmissieBedrijven;;;
683;NL;;220127;RWZI Ameland;Ballum;Reeweg;9162ED;1;;177292;606470;37.00;Afvalwaterinzameling en -behandeling;Riolering en waterzuiveringsinstallaties;Energiegebruik en processen Riolering en waterzuiveringsinstallaties;CO2;0.232672;0.253791;0.239267;0.391701;0.370302;0.289998;0.277595;0.257202;0.332294;Overig;5.265221;5.265221;RWZI;1;Bleu;2024;BU00600007;GM0060;9162.0;9162ED;BU00600007;GM0060;9162.0;9162ED;BU00600007;GM0060;9162.0;9162ED;False;False;False;53.44400744971985;5.72268523050062;WarmteAtlas:CO2EmissieBedrijven;;;
684;NL;;220128;RWZI Ammerstol;Ammerstol;Industrieweg;2865AG;6;;115000;438100;37.00;Afvalwaterinzameling en -behandeling;Riolering en waterzuiveringsinstallaties;Energiegebruik en processen Riolering en waterzuiveringsinstallaties;CO2;0.059172;0.062318;0.056999;0.057198;0.078402;0.071695;0.0646;0.071346;0.055228;Overig;0.875094;0.875094;RWZI;1;Bleu;2024;BU19310600;GM1931;2865.0;2865AH;BU19310600;GM1931;2865.0;2865AH;BU19310600;GM1931;2865.0;2865AH;False;False;False;51.92993100240666;4.805628140584987;WarmteAtlas:CO2EmissieBedrijven;;;
685;NL;;220129;RWZI Amstelveen;Amstelveen;Machineweg Middelp.;1183TN;26;;121063;480600;37.00;Afvalwaterinzameling en -behandeling;Riolering en waterzuiveringsinstallaties;Energiegebruik en processen Riolering en waterzuiveringsinstallaties;CO2;1.391549;3.531657;3.262295;4.506575;3.358555;3.332897;3.549625;3.616565;4.509802;Overig;71.458132;71.458132;RWZI;2;Bleu;2024;BU03620701;GM0362;1183.0;1183TN;BU03620701;GM0362;1183.0;1183TN;BU03620701;GM0362;1183.0;1183TN;False;False;False;52.31231110785986;4.889540940174958;WarmteAtlas:CO2EmissieBedrijven;;;
686;NL;;22013;Campina BV (Uithoorn);Uithoorn;Wilhelminakade;0.0;105;;117000;472000;10.50;Vervaardiging van zuivelprodukten;Overige industrie;Voedings- en genotmiddelenindustrie;CO2;0.0;0.0;0.0;0.0;0.0;0.0;0.0;0.0;0.0;Voedings- en genotmiddelenindustrie;0.0;0.0;Voeding;0;Green;2024;BU04511500;GM0451;1421.0;1421XZ;BU04511500;GM0451;1421.0;1421XZ;BU04511500;GM0451;1421.0;1421XZ;False;False;False;52.23475387540983;4.830929707803075;WarmteAtlas:CO2EmissieBedrijven;;;
687;NL;;220130;RWZI Amsterdam-Westpoort Huishoudens;Amsterdam;Hornweg;1045AR;28;;115237;491769;37.00;Afvalwaterinzameling en -behandeling;Riolering en waterzuiveringsinstallaties;Energiegebruik en processen Riolering en waterzuiveringsinstallaties;CO2;0.0;0.0;0.0;0.0;0.0;0.0;0.0;0.0;0.0;Overig;0.0;0.0;RWZI;0;Bleu;2024;BU0363BA02;GM0363;1045.0;1045AR;BU0363BA02;GM0363;1045.0;1045AR;BU0363BA02;GM0363;1045.0;1045AR;False;False;False;52.41229889432783;4.802789829561623;WarmteAtlas:CO2EmissieBedrijven;;;
688;NL;;220131;RWZI Amsterdam-Westpoort;Amsterdam;Hornweg;1045AR;28;;115200;491871;37.00;Afvalwaterinzameling en -behandeling;Riolering en waterzuiveringsinstallaties;Energiegebruik en processen Riolering en waterzuiveringsinstallaties;CO2;1.889596;12.513647;5.169776;7.857909;17.248548;16.492427;16.029723;16.230638;18.487337;Overig;292.933157;292.933157;RWZI;2;Bleu;2024;BU0363BA02;GM0363;1045.0;1045AR;BU0363BA02;GM0363;1045.0;1045AR;BU0363BA02;GM0363;1045.0;1045AR;False;False;False;52.41321289568721;4.802233947075692;WarmteAtlas:CO2EmissieBedrijven;;;
689;NL;;220132;RWZI Amsterdam-Zuid;Amsterdam;Korte Oudekerkerdijk;1096AC;36;;123122;483550;38.30;Voorbereiding tot recycling;Riolering en waterzuiveringsinstallaties;Energiegebruik en processen Riolering en waterzuiveringsinstallaties;CO2;1.445309;1.779731;0.0;0.0;0.0;0.0;0.0;0.0;0.0;Overig;0.0;0.0;RWZI;0;Bleu;2024;BU0363MQ05;GM0363;1096.0;1096GK;BU0363MQ05;GM0363;1096.0;1096GK;BU0363MQ05;GM0363;1096.0;1096GK;False;False;False;52.33894711724633;4.91945468166495;WarmteAtlas:CO2EmissieBedrijven;;;
690;NL;;220133;RWZI Arnhem-Zuid;Arnhem;Drielsedijk;6841HJ;25;;187132;442198;37.00;Afvalwaterinzameling en -behandeling;Riolering en waterzuiveringsinstallaties;Energiegebruik en processen Riolering en waterzuiveringsinstallaties;CO2;0.841232;5.785175;6.459463;6.3342;10.091923;14.315609;15.131028;6.534883;7.269411;Overig;115.184326;115.184326;RWZI;2;Bleu;2024;BU02022194;GM0202;6841.0;6841HJ;BU02022194;GM0202;6841.0;6841HJ;BU02022194;GM0202;6841.0;6841HJ;False;False;False;51.96727256711764;5.854769141198507;WarmteAtlas:CO2EmissieBedrijven;;;
691;NL;;220134;RWZI Asperen;Asperen;3e Industrieweg;4147CV;;;135953;432874;37.00;Afvalwaterinzameling en -behandeling;Riolering en waterzuiveringsinstallaties;Energiegebruik en processen Riolering en waterzuiveringsinstallaties;CO2;0.194508;0.180798;0.177764;0.1763;0.175783;0.189984;0.153426;0.133124;0.116563;Overig;1.846947;1.846947;RWZI;1;Bleu;2024;BU19600802;GM1960;4147.0;4147CV;BU19600802;GM1960;4147.0;4147CV;BU19600802;GM1960;4147.0;4147CV;False;False;False;51.88407085518724;5.110555221025782;WarmteAtlas:CO2EmissieBedrijven;;;
692;NL;;220135;RWZI Assen;Assen;W.A. Scholtenstraat;9403AK;14;- 16;234715;557817;37.00;Afvalwaterinzameling en -behandeling;Riolering en waterzuiveringsinstallaties;Energiegebruik en processen Riolering en waterzuiveringsinstallaties;CO2;2.014643;3.316009;3.482957;3.009225;3.409365;4.32657;3.562602;3.093252;3.348635;Overig;53.059358;53.059358;RWZI;2;Bleu;2024;BU01060716;GM0106;9403.0;9403AK;BU01060716;GM0106;9403.0;9403AK;BU01060716;GM0106;9403.0;9403AK;False;False;False;53.00140594609848;6.574669253196549;WarmteAtlas:CO2EmissieBedrijven;;;
693;NL;;220136;RWZI Asten;Vinkel;Waardjesweg;5725TB;50;;179800;378200;37.00;Afvalwaterinzameling en -behandeling;Riolering en waterzuiveringsinstallaties;Energiegebruik en processen Riolering en waterzuiveringsinstallaties;CO2;1.906986;1.257439;1.443018;2.076887;3.288408;2.290192;1.799485;1.599648;0.507379;Overig;8.039449;8.039449;RWZI;1;Bleu;2024;BU07430702;GM0743;5721.0;5721TC;BU07430702;GM0743;5721.0;5721TC;BU07430702;GM0743;5721.0;5721TC;False;False;False;51.39241264987224;5.743519663556948;WarmteAtlas:CO2EmissieBedrijven;;;
694;NL;;220137;RWZI Baarle Nassau;Baarle-Nassau;Loveren;5111TC;50;;121073;384500;37.00;Afvalwaterinzameling en -behandeling;Riolering en waterzuiveringsinstallaties;Energiegebruik en processen Riolering en waterzuiveringsinstallaties;CO2;0.671321;0.471988;0.397346;0.541651;0.463142;0.480206;0.496868;0.340624;0.470382;Overig;7.45324;7.45324;RWZI;1;Bleu;2024;BU07440107;GM0744;5111.0;5111TA;BU07440107;GM0744;5111.0;5111TA;BU07440107;GM0744;5111.0;5111TA;False;False;False;51.4485663371446;4.899146094065557;WarmteAtlas:CO2EmissieBedrijven;;;
695;NL;;220138;RWZI Emmen;Emmen;Dikke Wijk OZ;7833HR;56;;255924;528133;37.00;Afvalwaterinzameling en -behandeling;Riolering en waterzuiveringsinstallaties;Energiegebruik en processen Riolering en waterzuiveringsinstallaties;CO2;1.730052;4.680695;5.067677;4.452691;6.847572;5.615484;5.719462;5.982028;4.515213;Overig;71.543872;71.543872;RWZI;2;Bleu;2024;BU01140609;GM0114;7833.0;7833JD;BU01140609;GM0114;7833.0;7833JD;BU01140609;GM0114;7833.0;7833JD;False;False;False;52.73117075280959;6.881363295914899;WarmteAtlas:CO2EmissieBedrijven;;;
696;NL;;220139;RWZI Bath;Rilland Bath;Gemaalweg;4411SV;2;;75629;379539;37.00;Afvalwaterinzameling en -behandeling;Riolering en waterzuiveringsinstallaties;Energiegebruik en processen Riolering en waterzuiveringsinstallaties;CO2;8.856236;12.171862;14.824852;17.024418;17.237068;13.686917;13.635557;12.519685;14.848551;Overig;235.276341;235.276341;RWZI;2;Bleu;2024;BU07030409;GM0703;4411.0;4411SV;BU07030409;GM0703;4411.0;4411SV;BU07030409;GM0703;4411.0;4411SV;False;False;False;51.39941599149077;4.246618186918486;WarmteAtlas:CO2EmissieBedrijven;;;
697;NL;;220141;RWZI Beesd;Beesd;Dr. A. Kuyperweg;4153BT;2;;140000;434400;37.00;Afvalwaterinzameling en -behandeling;Riolering en waterzuiveringsinstallaties;Energiegebruik en processen Riolering en waterzuiveringsinstallaties;CO2;0.134459;0.162155;0.177365;0.158091;0.261318;0.22318;0.17645;0.136933;0.1451;Overig;2.299116;2.299116;RWZI;1;Bleu;2024;BU19600209;GM1960;4153.0;4153XB;BU19600209;GM1960;4153.0;4153XB;BU19600209;GM1960;4153.0;4153XB;False;False;False;51.89791054909114;5.169268824453267;WarmteAtlas:CO2EmissieBedrijven;;;
698;NL;;220142;RWZI Beilen;Beilen;Beilervaart;9411VE;10;;229500;542000;37.00;Afvalwaterinzameling en -behandeling;Riolering en waterzuiveringsinstallaties;Energiegebruik en processen Riolering en waterzuiveringsinstallaties;CO2;2.038588;1.568035;1.957726;1.722965;1.732029;1.052126;1.445792;1.20352;1.338184;Overig;21.203627;21.203627;RWZI;1;Bleu;2024;BU17310009;GM1731;9411.0;9411VR;BU17310009;GM1731;9411.0;9411VR;BU17310009;GM1731;9411.0;9411VR;False;False;False;52.86003701278949;6.493387964629353;WarmteAtlas:CO2EmissieBedrijven;;;
699;NL;;220143;RWZI Bellingwolde;Bellingwolde;Wymeersterweg;9695XA;;;274900;573000;37.00;Afvalwaterinzameling en -behandeling;Riolering en waterzuiveringsinstallaties;Energiegebruik en processen Riolering en waterzuiveringsinstallaties;CO2;0.2127;0.127876;0.08759;0.129359;0.089039;0.109839;0.086707;0.177829;0.195719;Overig;3.101182;3.101182;RWZI;1;Bleu;2024;BU19500000;GM1950;9695.0;9695XA;BU19500000;GM1950;9695.0;9695XA;BU19500000;GM1950;9695.0;9695XA;False;False;False;53.130344448831416;7.178662807790305;WarmteAtlas:CO2EmissieBedrijven;;;
700;NL;;220144;RWZI Bennekom;Bennekom;Willem Dreeslaan;6721ND;20;;173535;445450;37.00;Afvalwaterinzameling en -behandeling;Riolering en waterzuiveringsinstallaties;Energiegebruik en processen Riolering en waterzuiveringsinstallaties;CO2;0.547687;0.546094;0.441067;0.411201;0.547725;0.636917;0.453701;0.439754;0.428873;Overig;6.795528;6.795528;RWZI;1;Bleu;2024;BU02283031;GM0228;6721.0;6721NB;BU02283031;GM0228;6721.0;6721NB;BU02283031;GM0228;6721.0;6721NB;False;False;False;51.99712225974123;5.6570922353229225;WarmteAtlas:CO2EmissieBedrijven;;;
701;NL;;220145;RWZI Bergambacht;Bergambacht;Tussenlanen;2861CD;18;A;113800;439300;37.00;Afvalwaterinzameling en -behandeling;Riolering en waterzuiveringsinstallaties;Energiegebruik en processen Riolering en waterzuiveringsinstallaties;CO2;0.111738;0.174328;0.157292;0.189396;0.239181;0.302508;0.447035;0.308085;0.23846;Overig;3.778411;3.778411;RWZI;1;Bleu;2024;BU19310404;GM1931;2861.0;2861CD;BU19310404;GM1931;2861.0;2861CD;BU19310404;GM1931;2861.0;2861CD;False;False;False;51.94062880956862;4.7880379798186;WarmteAtlas:CO2EmissieBedrijven;;;
702;NL;;220146;RWZI Bergharen;Bergharen;Schaarsestraat;6617KD;2;;172630;428613;37.00;Afvalwaterinzameling en -behandeling;Riolering en waterzuiveringsinstallaties;Energiegebruik en processen Riolering en waterzuiveringsinstallaties;CO2;0.206792;0.100686;0.349605;0.250156;0.220289;0.186266;0.2199;0.199204;0.326493;Overig;5.173306;5.173306;RWZI;1;Bleu;2024;BU02960402;GM0296;6617.0;6617KE;BU02960402;GM0296;6617.0;6617KE;BU02960402;GM0296;6617.0;6617KE;False;False;False;51.845817882201345;5.643050908845109;WarmteAtlas:CO2EmissieBedrijven;;;
703;NL;;220147;Rioolwaterzuiveringsinstallatie Burgum;Sumar;Solcamastraat;9262ND;24;A;195700;577600;37.00;Afvalwaterinzameling en -behandeling;Riolering en waterzuiveringsinstallaties;Energiegebruik en processen Riolering en waterzuiveringsinstallaties;CO2;1.653596;1.594743;0.984171;1.161179;0.992832;1.068403;1.0061;1.15576;1.093156;Overig;17.321141;17.321141;RWZI;1;Bleu;2024;BU07370600;GM0737;9262.0;9262NB;BU07370600;GM0737;9262.0;9262NB;BU07370600;GM0737;9262.0;9262NB;False;False;False;53.18352516845487;5.996023955031841;WarmteAtlas:CO2EmissieBedrijven;;;
704;NL;;220148;RWZI Berkel;Bergschenhoek;Boterdorpseweg;2661;;;92300;444700;37.00;Afvalwaterinzameling en -behandeling;Riolering en waterzuiveringsinstallaties;Energiegebruik en processen Riolering en waterzuiveringsinstallaties;CO2;0.40572;0.24435;0.0;0.0;0.0;0.0;0.0;0.0;0.0;Overig;0.0;0.0;RWZI;0;Bleu;2024;BU16212611;GM1621;2651.0;2651NN;BU16212611;GM1621;2651.0;2651NN;BU16212611;GM1621;2651.0;2651NN;False;False;False;51.98715132057526;4.47441197741758;WarmteAtlas:CO2EmissieBedrijven;;;
705;NL;;220149;RWZI Berkenwoude;Berkenwoude;Zuidbroekse Opweg;2825AB;30;;108000;438000;37.00;Afvalwaterinzameling en -behandeling;Riolering en waterzuiveringsinstallaties;Energiegebruik en processen Riolering en waterzuiveringsinstallaties;CO2;0.052686;0.032924;0.088391;0.068202;0.111381;0.125181;0.106812;0.10444;0.077459;Overig;1.227336;1.227336;RWZI;1;Bleu;2024;BU19310011;GM1931;2941.0;2941LB;BU19310011;GM1931;2941.0;2941LB;BU19310011;GM1931;2941.0;2941LB;False;False;False;51.92848477333873;4.703872661853909;WarmteAtlas:CO2EmissieBedrijven;;;
706;NL;;220150;RWZI Beverwijk;Beverwijk;Randweg;1948NS;2;;106175;498741;37.00;Afvalwaterinzameling en -behandeling;Riolering en waterzuiveringsinstallaties;Energiegebruik en processen Riolering en waterzuiveringsinstallaties;CO2;5.074919;9.705221;9.300926;29.577364;33.726822;29.899159;30.60744;28.516622;31.635563;Overig;501.267729;501.267729;RWZI;3;Bleu;2024;BU03750900;GM0375;1948.0;1948NS;BU03750900;GM0375;1948.0;1948NS;BU03750900;GM0375;1948.0;1948NS;False;False;False;52.47422342582009;4.668594045511133;WarmteAtlas:CO2EmissieBedrijven;;;
707;NL;;220151;RWZI Beverwijk-Zaanstad;Beverwijk;Wijkermeerweg;1948NW;22;;106100;498800;37.00;Afvalwaterinzameling en -behandeling;Riolering en waterzuiveringsinstallaties;Energiegebruik en processen Riolering en waterzuiveringsinstallaties;CO2;2.831605;1.951263;0.0;0.0;0.0;0.0;0.0;0.0;0.0;Overig;0.0;0.0;RWZI;0;Bleu;2024;BU03750900;GM0375;1948.0;1948NS;BU03750900;GM0375;1948.0;1948NS;BU03750900;GM0375;1948.0;1948NS;False;False;False;52.47474695272025;4.667481642169064;WarmteAtlas:CO2EmissieBedrijven;;;
708;NL;;220152;RWZI Birdaard;Birdaard;Hikkaarderdijk;9111HR;44;;188087;590242;37.00;Afvalwaterinzameling en -behandeling;Riolering en waterzuiveringsinstallaties;Energiegebruik en processen Riolering en waterzuiveringsinstallaties;CO2;0.663907;0.60662;0.400207;0.580305;0.610276;0.643224;0.804007;0.549256;0.543361;Overig;8.609589;8.609589;RWZI;1;Bleu;2024;BU19701008;GM1970;9111.0;9111HR;BU19701008;GM1970;9111.0;9111HR;BU19701008;GM1970;9111.0;9111HR;False;False;False;53.29764010809373;5.883451776498046;WarmteAtlas:CO2EmissieBedrijven;;;
709;NL;;220153;RWZI Bodegraven;Bodegraven;J.C. Hoogendoornlaan;2411NB;2;a;110299;455105;37.00;Afvalwaterinzameling en -behandeling;Riolering en waterzuiveringsinstallaties;Energiegebruik en processen Riolering en waterzuiveringsinstallaties;CO2;0.891416;2.098459;1.196257;1.618647;1.809314;1.679653;1.418322;1.024326;1.182006;Overig;18.728961;18.728961;RWZI;1;Bleu;2024;BU19010203;GM1901;2411.0;2411NB;BU19010203;GM1901;2411.0;2411NB;BU19010203;GM1901;2411.0;2411NB;False;False;False;52.08240836740343;4.735063206235366;WarmteAtlas:CO2EmissieBedrijven;;;
710;NL;;220154;RWZI Boekelo;Enschede;Weisinkhoekweg;7548BW;54;;251000;469900;38.30;Voorbereiding tot recycling;Riolering en waterzuiveringsinstallaties;Energiegebruik en processen Riolering en waterzuiveringsinstallaties;CO2;0.170812;0.108973;0.0;0.0;0.0;0.0;0.0;0.0;0.0;Overig;0.0;0.0;RWZI;0;Bleu;2024;BU01530901;GM0153;7548.0;7548BW;BU01530901;GM0153;7548.0;7548BW;BU01530901;GM0153;7548.0;7548BW;False;False;False;52.20883169522647;6.791761795583108;WarmteAtlas:CO2EmissieBedrijven;;;
711;NL;;220155;RWZI Bolsward;Bolsward;Hichtumerweg;8701PG;23;;164100;565200;37.00;Afvalwaterinzameling en -behandeling;Riolering en waterzuiveringsinstallaties;Energiegebruik en processen Riolering en waterzuiveringsinstallaties;CO2;1.364588;0.660363;1.334259;0.887616;1.517102;1.321276;0.854458;0.90126;1.050283;Overig;16.641806;16.641806;RWZI;1;Bleu;2024;BU19000004;GM1900;8701.0;8701PG;BU19000004;GM1900;8701.0;8701PG;BU19000004;GM1900;8701.0;8701PG;False;False;False;53.073570066303105;5.522984683636445;WarmteAtlas:CO2EmissieBedrijven;;;
712;NL;;220156;RWZI Borculo;Borculo;Barchemseweg;7271CD;10;;232174;459379;37.00;Afvalwaterinzameling en -behandeling;Riolering en waterzuiveringsinstallaties;Energiegebruik en processen Riolering en waterzuiveringsinstallaties;CO2;1.128276;0.248596;0.079323;0.0;0.0;0.0;0.0;0.0;0.0;Overig;0.0;0.0;RWZI;0;Bleu;2024;BU18590010;GM1859;7271.0;7271CD;BU18590010;GM1859;7271.0;7271CD;BU18590010;GM1859;7271.0;7271CD;False;False;False;52.11724045075381;6.513988639055673;WarmteAtlas:CO2EmissieBedrijven;;;
713;NL;;220157;RWZI Boskoop;Boskoop;Linnaeusweg;2771HD;5;;104900;453200;37.00;Afvalwaterinzameling en -behandeling;Riolering en waterzuiveringsinstallaties;Energiegebruik en processen Riolering en waterzuiveringsinstallaties;CO2;0.369859;0.040189;0.0;0.0;0.0;0.0;0.0;0.0;0.0;Overig;0.0;0.0;RWZI;0;Bleu;2024;BU04847013;GM0484;2771.0;2771NN;BU04847013;GM0484;2771.0;2771NN;BU04847013;GM0484;2771.0;2771NN;False;False;False;52.06482511402345;4.656582967145226;WarmteAtlas:CO2EmissieBedrijven;;;
714;NL;;220158;RWZI Maastricht-Bosscherveld;Maastricht;Sandersweg;6219NW;20;;175791;319433;37.00;Afvalwaterinzameling en -behandeling;Riolering en waterzuiveringsinstallaties;Energiegebruik en processen Riolering en waterzuiveringsinstallaties;CO2;1.572962;3.973945;4.247449;2.267323;1.502257;2.26679;2.319411;2.60571;2.900395;Overig;45.95696;45.95696;RWZI;2;Bleu;2024;BU09350303;GM0935;6219.0;6219NW;BU09350303;GM0935;6219.0;6219NW;BU09350303;GM0935;6219.0;6219NW;False;False;False;50.86433724786643;5.682505863156634;WarmteAtlas:CO2EmissieBedrijven;;;
715;NL;;220159;RWZI Bourtange;Bourtange;Zevenkampenweg;9545TM;;;276100;559700;37.00;Afvalwaterinzameling en -behandeling;Riolering en waterzuiveringsinstallaties;Energiegebruik en processen Riolering en waterzuiveringsinstallaties;CO2;0.025255;0.00995;0.0;0.0;0.0;0.0;0.0;0.0;0.0;Overig;0.0;0.0;RWZI;0;Bleu;2024;BU19500500;GM1950;9545.0;9545TM;BU19500500;GM1950;9545.0;9545TM;BU19500500;GM1950;9545.0;9545TM;False;False;False;53.010610359040264;7.191611797599511;WarmteAtlas:CO2EmissieBedrijven;;;
716;NL;;220160;RWZI Boxtel;Boxtel;Heult;5283SC;6;;150900;402200;37.00;Afvalwaterinzameling en -behandeling;Riolering en waterzuiveringsinstallaties;Energiegebruik en processen Riolering en waterzuiveringsinstallaties;CO2;1.960937;1.947383;2.66749;2.176253;2.322332;2.339227;2.22716;2.137701;1.966863;Overig;31.165081;31.165081;RWZI;1;Bleu;2024;BU07570007;GM0757;5283.0;5283SC;BU07570007;GM0757;5283.0;5283SC;BU07570007;GM0757;5283.0;5283SC;False;False;False;51.60867008743049;5.328013368880731;WarmteAtlas:CO2EmissieBedrijven;;;
717;NL;;220161;RWZI Aalst;Zuilichem;De Schout;5305TJ;2;;137031;423217;37.00;Afvalwaterinzameling en -behandeling;Riolering en waterzuiveringsinstallaties;Energiegebruik en processen Riolering en waterzuiveringsinstallaties;CO2;0.479729;0.193398;0.277807;0.240575;0.489265;0.0;0.0;0.0;0.0;Overig;0.0;0.0;RWZI;0;Bleu;2024;BU02970105;GM0297;5305.0;5305TJ;BU02970105;GM0297;5305.0;5305TJ;BU02970105;GM0297;5305.0;5305TJ;False;False;False;51.79730698179861;5.126714601876054;WarmteAtlas:CO2EmissieBedrijven;;;
718;NL;;220162;RWZI Breskens;Breskens;Duivelhoekseweg;4511PR;2;;29600;378900;37.00;Afvalwaterinzameling en -behandeling;Riolering en waterzuiveringsinstallaties;Energiegebruik en processen Riolering en waterzuiveringsinstallaties;CO2;0.765082;0.602252;0.39856;0.280284;0.436383;0.415754;0.385764;0.342412;0.295237;Overig;4.678055;4.678055;RWZI;1;Bleu;2024;BU17141009;GM1714;4511.0;4511PR;BU17141009;GM1714;4511.0;4511PR;BU17141009;GM1714;4511.0;4511PR;False;False;False;51.3853301926484;3.585649675090085;WarmteAtlas:CO2EmissieBedrijven;;;
719;NL;;220163;RWZI Breukelen;Breukelen;Keulsche Vaart;3621MX;6;;128100;464100;37.00;Afvalwaterinzameling en -behandeling;Riolering en waterzuiveringsinstallaties;Energiegebruik en processen Riolering en waterzuiveringsinstallaties;CO2;0.81702;0.941958;0.673978;0.572648;0.341765;0.505052;0.35686;0.484511;0.599803;Overig;9.503925;9.503925;RWZI;1;Bleu;2024;BU19040208;GM1904;3621.0;3621MX;BU19040208;GM1904;3621.0;3621MX;BU19040208;GM1904;3621.0;3621MX;False;False;False;52.16440445645205;4.9940424573549045;WarmteAtlas:CO2EmissieBedrijven;;;
720;NL;;220164;RWZI Brummen;Brummen;Holthuizerweg;6971JE;14;a;209710;456379;37.00;Afvalwaterinzameling en -behandeling;Riolering en waterzuiveringsinstallaties;Energiegebruik en processen Riolering en waterzuiveringsinstallaties;CO2;0.591196;0.805098;0.494285;0.697454;0.771661;0.910584;0.703812;0.69937;0.774221;Overig;12.267588;12.267588;RWZI;1;Bleu;2024;BU02130317;GM0213;6971.0;6971JH;BU02130317;GM0213;6971.0;6971JH;BU02130317;GM0213;6971.0;6971JH;False;False;False;52.092957549063236;6.185556050828531;WarmteAtlas:CO2EmissieBedrijven;;;
721;NL;;220165;RWZI Bunnik;Bunnik;Rumpsterweg;3981AK;10;;143500;452800;37.00;Afvalwaterinzameling en -behandeling;Riolering en waterzuiveringsinstallaties;Energiegebruik en processen Riolering en waterzuiveringsinstallaties;CO2;2.488399;0.727073;1.134127;1.190273;0.643503;0.622143;0.503688;0.61849;0.612164;Overig;9.699785;9.699785;RWZI;1;Bleu;2024;BU03120000;GM0312;3981.0;3981AK;BU03120000;GM0312;3981.0;3981AK;BU03120000;GM0312;3981.0;3981AK;False;False;False;52.06337560044604;5.219503235046639;WarmteAtlas:CO2EmissieBedrijven;;;
722;NL;;220166;RWZI Bunschoten;Bunschoten-Spakenburg;Groenweg;3751LE;;;155400;473600;37.00;Afvalwaterinzameling en -behandeling;Riolering en waterzuiveringsinstallaties;Energiegebruik en processen Riolering en waterzuiveringsinstallaties;CO2;2.81643;0.619266;0.0;0.0;0.0;0.0;0.0;0.0;0.0;Overig;0.0;0.0;RWZI;0;Bleu;2024;BU03130008;GM0313;3751.0;3751LE;BU03130008;GM0313;3751.0;3751LE;BU03130008;GM0313;3751.0;3751LE;False;False;False;52.25044338444772;5.393061402074511;WarmteAtlas:CO2EmissieBedrijven;;;
723;NL;;220168;RWZI Capelle-Groenedijk;Capelle aan den IJssel;Groenedijk;2904LB;20;;101000;438100;37.00;Afvalwaterinzameling en -behandeling;Riolering en waterzuiveringsinstallaties;Energiegebruik en processen Riolering en waterzuiveringsinstallaties;CO2;1.772593;0.871792;0.473101;0.991158;1.490863;1.268092;1.181032;1.076918;1.245209;Overig;19.73042;19.73042;RWZI;1;Bleu;2024;BU05020447;GM0502;2904.0;2904LB;BU05020447;GM0502;2904.0;2904LB;BU05020447;GM0502;2904.0;2904LB;False;False;False;51.928747982376;4.602092935187499;WarmteAtlas:CO2EmissieBedrijven;;;
724;NL;;220169;RWZI Chaam;Chaam;Elsakkerpad;4861TA;15;;117900;391600;37.00;Afvalwaterinzameling en -behandeling;Riolering en waterzuiveringsinstallaties;Energiegebruik en processen Riolering en waterzuiveringsinstallaties;CO2;0.147373;0.236197;0.172061;0.233825;0.172053;0.232596;0.243223;0.198411;0.203262;Overig;3.220701;3.220701;RWZI;1;Bleu;2024;BU17230207;GM1723;4861.0;4861TA;BU17230207;GM1723;4861.0;4861TA;BU17230207;GM1723;4861.0;4861TA;False;False;False;51.51218372956922;4.85275423771971;WarmteAtlas:CO2EmissieBedrijven;;;
725;NL;;220171;RWZI Coevorden;Coevorden;De Hulteweg;7741LE;5;;245056;518100;37.00;Afvalwaterinzameling en -behandeling;Riolering en waterzuiveringsinstallaties;Energiegebruik en processen Riolering en waterzuiveringsinstallaties;CO2;0.571699;0.882674;2.354422;2.024477;2.32863;1.246629;1.713298;1.674331;2.184185;Overig;34.608571;34.608571;RWZI;2;Bleu;2024;BU01091009;GM0109;7741.0;7741LE;BU01091009;GM0109;7741.0;7741LE;BU01091009;GM0109;7741.0;7741LE;False;False;False;52.642935373611195;6.7177755128814844;WarmteAtlas:CO2EmissieBedrijven;;;
726;NL;;220172;RWZI Colijnsplaat;Colijnsplaat;Ringweg;4486BH;;;48300;401900;37.00;Afvalwaterinzameling en -behandeling;Riolering en waterzuiveringsinstallaties;Energiegebruik en processen Riolering en waterzuiveringsinstallaties;CO2;0.128766;0.088656;0.0;0.0;0.0;0.0;0.0;0.0;0.0;Overig;0.0;0.0;RWZI;0;Bleu;2024;BU16950100;GM1695;4486.0;4486BH;BU16950100;GM1695;4486.0;4486BH;BU16950100;GM1695;4486.0;4486BH;False;False;False;51.59585035467566;3.847222300180594;WarmteAtlas:CO2EmissieBedrijven;;;
727;NL;;220173;RWZI Culemborg;Culemborg;Parallelweg Oost;4103ND;23;a;144632;439008;37.00;Afvalwaterinzameling en -behandeling;Riolering en waterzuiveringsinstallaties;Energiegebruik en processen Riolering en waterzuiveringsinstallaties;CO2;0.617341;0.88797;1.39796;0.9301;0.826297;1.194995;0.975938;1.142631;1.096776;Overig;17.378487;17.378487;RWZI;1;Bleu;2024;BU02160108;GM0216;4103.0;4103ND;BU02160108;GM0216;4103.0;4103ND;BU02160108;GM0216;4103.0;4103ND;False;False;False;51.93943376322713;5.2364277409339675;WarmteAtlas:CO2EmissieBedrijven;;;
728;NL;;220174;RWZI Land van Cuijk;Haps;Beijersbos;5443PL;4;;190002;412063;37.00;Afvalwaterinzameling en -behandeling;Riolering en waterzuiveringsinstallaties;Energiegebruik en processen Riolering en waterzuiveringsinstallaties;CO2;2.72097;5.972678;5.307188;5.643905;5.790002;7.251173;6.141429;5.61481;5.788958;Overig;91.726448;91.726448;RWZI;2;Bleu;2024;BU19821303;GM1982;5443.0;5443PL;BU19821303;GM1982;5443.0;5443PL;BU19821303;GM1982;5443.0;5443PL;False;False;False;51.69624384511247;5.8934761970053895;WarmteAtlas:CO2EmissieBedrijven;;;
729;NL;;220175;RWZI Dalen;Dalen;De Drift;7751SH;;;248200;523000;37.00;Afvalwaterinzameling en -behandeling;Riolering en waterzuiveringsinstallaties;Energiegebruik en processen Riolering en waterzuiveringsinstallaties;CO2;0.187182;0.298196;0.0;0.0;0.0;0.0;0.0;0.0;0.0;Overig;0.0;0.0;RWZI;0;Bleu;2024;BU01092023;GM0109;7751.0;7751SG;BU01092023;GM0109;7751.0;7751SG;BU01092023;GM0109;7751.0;7751SG;False;False;False;52.68643220673145;6.765595274574433;WarmteAtlas:CO2EmissieBedrijven;;;
730;NL;;220176;RWZI Dalfsen;Dalfsen;Ruitenborghweg;7721BB;1;A;212700;502800;37.00;Afvalwaterinzameling en -behandeling;Riolering en waterzuiveringsinstallaties;Energiegebruik en processen Riolering en waterzuiveringsinstallaties;CO2;0.57944;0.737237;1.27309;1.297387;0.984812;0.655987;0.654906;0.798644;0.957668;Overig;15.174313;15.174313;RWZI;1;Bleu;2024;BU01480109;GM0148;7722.0;7722PA;BU01480109;GM0148;7722.0;7722PA;BU01480109;GM0148;7722.0;7722PA;False;False;False;52.509833945238974;6.237127137485161;WarmteAtlas:CO2EmissieBedrijven;;;
731;NL;;220177;RWZI Damwoude;Walterswald;Broekloane;9113AV;27;;198060;587952;37.00;Afvalwaterinzameling en -behandeling;Riolering en waterzuiveringsinstallaties;Energiegebruik en processen Riolering en waterzuiveringsinstallaties;CO2;0.777463;0.649222;0.463416;0.231321;0.561459;0.322054;0.727888;0.563477;0.637627;Overig;10.103243;10.103243;RWZI;1;Bleu;2024;BU18910109;GM1891;9113.0;9113AV;BU18910109;GM1891;9113.0;9113AV;BU18910109;GM1891;9113.0;9113AV;False;False;False;53.276353852661764;6.032712269857625;WarmteAtlas:CO2EmissieBedrijven;;;
732;NL;;220178;RWZI De Bilt;De Bilt;Groenekanseweg;3737AE;189;;140422;459037;37.00;Afvalwaterinzameling en -behandeling;Riolering en waterzuiveringsinstallaties;Energiegebruik en processen Riolering en waterzuiveringsinstallaties;CO2;2.487935;2.613342;1.482418;2.221435;2.005225;1.527995;1.981004;1.743646;1.875994;Overig;29.725262;29.725262;RWZI;1;Bleu;2024;BU03100402;GM0310;3737.0;3737AE;BU03100402;GM0310;3737.0;3737AE;BU03100402;GM0310;3737.0;3737AE;False;False;False;52.11936118851528;5.17435174977998;WarmteAtlas:CO2EmissieBedrijven;;;
733;NL;;220179;RWZI De Cocksdorp;De Cocksdorp;Stengweg;1795LG;31;;120800;574900;37.00;Afvalwaterinzameling en -behandeling;Riolering en waterzuiveringsinstallaties;Energiegebruik en processen Riolering en waterzuiveringsinstallaties;CO2;0.097176;0.147919;0.115873;0.0;0.0;0.0;0.0;0.0;0.0;Overig;0.0;0.0;RWZI;0;Bleu;2024;BU04480100;GM0448;1795.0;1795AG;BU04480100;GM0448;1795.0;1795AG;BU04480100;GM0448;1795.0;1795AG;False;False;False;53.1597202977848;4.875904351989853;WarmteAtlas:CO2EmissieBedrijven;;;
734;NL;;220180;RWZI De Meern;Utrecht;Zandweg;3454HE;218;;128591;455800;37.00;Afvalwaterinzameling en -behandeling;Riolering en waterzuiveringsinstallaties;Energiegebruik en processen Riolering en waterzuiveringsinstallaties;CO2;1.149094;0.730888;1.649001;1.324789;1.16346;0.978626;1.020246;1.091489;1.039885;Overig;16.477055;16.477055;RWZI;1;Bleu;2024;BU03441023;GM0344;3454.0;3454HE;BU03441023;GM0344;3454.0;3454HE;BU03441023;GM0344;3454.0;3454HE;False;False;False;52.08982936761848;5.001862458337716;WarmteAtlas:CO2EmissieBedrijven;;;
735;NL;;220181;RWZI De Ronde Venen;Mijdrecht;Veenweg;3641SM;162;;120600;469400;37.00;Afvalwaterinzameling en -behandeling;Riolering en waterzuiveringsinstallaties;Energiegebruik en processen Riolering en waterzuiveringsinstallaties;CO2;1.472593;1.581978;1.268545;1.698193;1.157502;1.031252;0.621424;0.455161;0.738282;Overig;11.698138;11.698138;RWZI;1;Bleu;2024;BU07360107;GM0736;3641.0;3641SG;BU07360107;GM0736;3641.0;3641SG;BU07360107;GM0736;3641.0;3641SG;False;False;False;52.21162264741983;4.883891366244284;WarmteAtlas:CO2EmissieBedrijven;;;
736;NL;;220182;RWZI De Stolpen;Schagerbrug;Schagerweg;1751DA;2;;111100;535800;37.00;Afvalwaterinzameling en -behandeling;Riolering en waterzuiveringsinstallaties;Energiegebruik en processen Riolering en waterzuiveringsinstallaties;CO2;0.664874;2.236267;0.856206;1.309833;0.904943;0.760955;1.039869;0.838058;1.045712;Overig;16.569381;16.569381;RWZI;1;Bleu;2024;BU04410190;GM0441;1751.0;1751DA;BU04410190;GM0441;1751.0;1751DA;BU04410190;GM0441;1751.0;1751DA;False;False;False;52.80767302658122;4.7361669873417425;WarmteAtlas:CO2EmissieBedrijven;;;
737;NL;;220183;RWZI De Wilp;De Wilp;Akkermanstraat;9367PP;4;;213300;570600;37.00;Afvalwaterinzameling en -behandeling;Riolering en waterzuiveringsinstallaties;Energiegebruik en processen Riolering en waterzuiveringsinstallaties;CO2;0.070776;0.185971;0.0;0.0;0.0;0.0;0.0;0.0;0.0;Overig;0.0;0.0;RWZI;0;Bleu;2024;BU19691200;GM1969;9367.0;9367RM;BU19691200;GM1969;9367.0;9367RM;BU19691200;GM1969;9367.0;9367RM;False;False;False;53.11900547333854;6.258005625806879;WarmteAtlas:CO2EmissieBedrijven;;;
738;NL;;220184;RWZI Dedemsvaart (Langewijk);Dedemsvaart;Langewijk;7701AD;133;;228800;513500;37.00;Afvalwaterinzameling en -behandeling;Riolering en waterzuiveringsinstallaties;Energiegebruik en processen Riolering en waterzuiveringsinstallaties;CO2;1.178906;1.391272;0.0;0.0;0.0;0.0;0.0;0.0;0.0;Overig;0.0;0.0;RWZI;0;Bleu;2024;BU01600905;GM0160;7701.0;7701BZ;BU01600901;GM0160;7701.0;7701BZ;BU01600901;GM0160;7701.0;7701BZ;True;False;False;52.60404662336946;6.4766170057133;WarmteAtlas:CO2EmissieBedrijven;;;
739;NL;;220185;RWZI Delden;Delden;Morsweg;7491ZD;19;;246600;475500;38.30;Voorbereiding tot recycling;Riolering en waterzuiveringsinstallaties;Energiegebruik en processen Riolering en waterzuiveringsinstallaties;CO2;0.41244;0.447625;0.0;0.0;0.0;0.0;0.0;0.0;0.0;Overig;0.0;0.0;RWZI;0;Bleu;2024;BU17350605;GM1735;7491.0;7491ZD;BU17350605;GM1735;7491.0;7491ZD;BU17350605;GM1735;7491.0;7491ZD;False;False;False;52.25990049200271;6.728919438471182;WarmteAtlas:CO2EmissieBedrijven;;;
740;NL;;220186;RWZI Den Bommel;Den Bommel;Groenendijk;3258LZ;2;;77500;415750;37.00;Afvalwaterinzameling en -behandeling;Riolering en waterzuiveringsinstallaties;Energiegebruik en processen Riolering en waterzuiveringsinstallaties;CO2;0.126779;0.091404;0.036356;0.068138;0.085338;0.04512;0.047177;0.070612;0.085659;Overig;1.357279;1.357279;RWZI;1;Bleu;2024;BU19240502;GM1924;3258.0;3258LZ;BU19240502;GM1924;3258.0;3258LZ;BU19240502;GM1924;3258.0;3258LZ;False;False;False;51.72511159394157;4.265489414151893;WarmteAtlas:CO2EmissieBedrijven;;;
741;NL;;220187;RWZI Den Ham;Den Ham;Meersendijk;7683PC;2;A;229136;498038;37.00;Afvalwaterinzameling en -behandeling;Riolering en waterzuiveringsinstallaties;Energiegebruik en processen Riolering en waterzuiveringsinstallaties;CO2;0.34503;0.276206;0.122034;0.307612;0.251733;0.191165;0.177234;0.163671;0.297869;Overig;4.719747;4.719747;RWZI;1;Bleu;2024;BU17000301;GM1700;7683.0;7683PC;BU17000301;GM1700;7683.0;7683PC;BU17000301;GM1700;7683.0;7683PC;False;False;False;52.465060768929284;6.478135156752038;WarmteAtlas:CO2EmissieBedrijven;;;
742;NL;;220188;RWZI Den Helder;Den Helder;Oostoeverweg;1786PS;70;;114848;549247;37.00;Afvalwaterinzameling en -behandeling;Riolering en waterzuiveringsinstallaties;Energiegebruik en processen Riolering en waterzuiveringsinstallaties;CO2;3.14513;4.992695;3.727787;2.12206;2.709847;3.167049;1.625359;3.913566;4.248913;Overig;67.324333;67.324333;RWZI;2;Bleu;2024;BU04000601;GM0400;1786.0;1786PS;BU04000601;GM0400;1786.0;1786PS;BU04000601;GM0400;1786.0;1786PS;False;False;False;52.928799569822495;4.79009836668828;WarmteAtlas:CO2EmissieBedrijven;;;
743;NL;;220189;RWZI Brouwershaven;Brouwershaven;Dirksweg;4318TW;;;51400;417000;37.00;Afvalwaterinzameling en -behandeling;Riolering en waterzuiveringsinstallaties;Energiegebruik en processen Riolering en waterzuiveringsinstallaties;CO2;0.059522;0.118261;0.0;0.0;0.0;0.0;0.0;0.0;0.0;Overig;0.0;0.0;RWZI;0;Bleu;2024;BU16760109;GM1676;4318.0;4318TW;BU16760109;GM1676;4318.0;4318TW;BU16760109;GM1676;4318.0;4318TW;False;False;False;51.73211987027641;3.887460614136026;WarmteAtlas:CO2EmissieBedrijven;;;
744;NL;;220190;RWZI Denekamp;Denekamp;Dorpermeienweg;7591NK;13;;267082;489809;37.00;Afvalwaterinzameling en -behandeling;Riolering en waterzuiveringsinstallaties;Energiegebruik en processen Riolering en waterzuiveringsinstallaties;CO2;0.53161;0.693425;0.653475;0.869859;0.648364;0.454049;0.464423;0.535286;0.610204;Overig;9.668732;9.668732;RWZI;1;Bleu;2024;BU17741099;GM1774;7591.0;7591NK;BU17741099;GM1774;7591.0;7591NK;BU17741099;GM1774;7591.0;7591NK;False;False;False;52.38467450999226;7.033583812247498;WarmteAtlas:CO2EmissieBedrijven;;;
745;NL;;220191;RWZI Deventer;Deventer;R Holstlaan;7414KA;2;;205618;476167;37.00;Afvalwaterinzameling en -behandeling;Riolering en waterzuiveringsinstallaties;Energiegebruik en processen Riolering en waterzuiveringsinstallaties;CO2;4.984861;7.134091;4.476408;4.194603;5.520477;5.269159;4.633898;3.996497;4.906188;Overig;77.738892;77.738892;RWZI;2;Bleu;2024;BU01500502;GM0150;7414.0;7414KA;BU01500502;GM0150;7414.0;7414KA;BU01500502;GM0150;7414.0;7414KA;False;False;False;52.271187201889305;6.128801208654556;WarmteAtlas:CO2EmissieBedrijven;;;
746;NL;;220192;RWZI Dieverbrug;Dieverbrug;Bolderhoek;7984NA;11;;218700;540200;37.00;Afvalwaterinzameling en -behandeling;Riolering en waterzuiveringsinstallaties;Energiegebruik en processen Riolering en waterzuiveringsinstallaties;CO2;0.668885;1.344688;0.976945;0.951358;0.659323;0.517204;0.648164;0.687366;0.521627;Overig;8.265219;8.265219;RWZI;1;Bleu;2024;BU17010009;GM1701;7984.0;7984NA;BU17010009;GM1701;7984.0;7984NA;BU17010009;GM1701;7984.0;7984NA;False;False;False;52.845242229946344;6.332701579762548;WarmteAtlas:CO2EmissieBedrijven;;;
747;NL;;220193;RWZI Dinteloord;Dinteloord;Schenkeldijk;4671TH;;;84000;407500;37.00;Afvalwaterinzameling en -behandeling;Riolering en waterzuiveringsinstallaties;Energiegebruik en processen Riolering en waterzuiveringsinstallaties;CO2;0.330485;0.460924;0.262314;0.178609;0.264784;0.172301;0.217992;0.253353;0.275668;Overig;4.367976;4.367976;RWZI;1;Bleu;2024;BU08510309;GM0851;4671.0;4671RN;BU08510309;GM0851;4671.0;4671RN;BU08510309;GM0851;4671.0;4671RN;False;False;False;51.65182884974621;4.361236219102212;WarmteAtlas:CO2EmissieBedrijven;;;
748;NL;;220194;RWZI Dinxperlo;Dinxperlo;Anholtseweg;7091HB;46;;229600;430200;37.00;Afvalwaterinzameling en -behandeling;Riolering en waterzuiveringsinstallaties;Energiegebruik en processen Riolering en waterzuiveringsinstallaties;CO2;0.651958;0.364004;0.328574;0.427424;0.094728;0.114511;0.471283;0.403387;0.357546;Overig;5.665341;5.665341;RWZI;1;Bleu;2024;BU01970402;GM0197;7091.0;7091HB;BU01970402;GM0197;7091.0;7091HB;BU01970402;GM0197;7091.0;7091HB;False;False;False;51.85536633727198;6.47006183137765;WarmteAtlas:CO2EmissieBedrijven;;;
749;NL;;220195;RWZI Dirksland;Dirksland;Westhavendijk;3247LL;44;;66400;419500;37.00;Afvalwaterinzameling en -behandeling;Riolering en waterzuiveringsinstallaties;Energiegebruik en processen Riolering en waterzuiveringsinstallaties;CO2;0.133658;0.15856;0.0;0.0;0.0;0.0;0.0;0.0;0.0;Overig;0.0;0.0;RWZI;0;Bleu;2024;BU19240705;GM1924;3247.0;3247LL;BU19240705;GM1924;3247.0;3247LL;BU19240705;GM1924;3247.0;3247LL;False;False;False;51.75716367098439;4.103910162854398;WarmteAtlas:CO2EmissieBedrijven;;;
750;NL;;220197;RWZI Dodewaard;Dodewaard;Appelenburgseveldweg;6669CX;6;;172000;436900;37.00;Afvalwaterinzameling en -behandeling;Riolering en waterzuiveringsinstallaties;Energiegebruik en processen Riolering en waterzuiveringsinstallaties;CO2;0.53463;0.839587;0.845504;0.741773;0.991321;2.307713;2.668266;1.815598;1.889034;Overig;29.931872;29.931872;RWZI;1;Bleu;2024;BU17400209;GM1740;6669.0;6669CX;BU17400209;GM1740;6669.0;6669CX;BU17400209;GM1740;6669.0;6669CX;False;False;False;51.92032289160243;5.6343174736406345;WarmteAtlas:CO2EmissieBedrijven;;;
1000;NL;;220456;RWZI Wieringermeer;Middenmeer;Flevoweg;1775SB;2;;130200;538700;37.00;Afvalwaterinzameling en -behandeling;Riolering en waterzuiveringsinstallaties;Energiegebruik en processen Riolering en waterzuiveringsinstallaties;CO2;0.375119;0.573761;0.321298;0.419708;0.136294;0.174599;0.112784;0.126446;0.134248;Overig;2.127174;2.127174;RWZI;1;Bleu;2024;BU19110780;GM1911;1771.0;1771RP;BU19110780;GM1911;1771.0;1771SX;BU19110780;GM1911;1771.0;1771SX;False;False;False;52.8349438076044;5.019194037244638;WarmteAtlas:CO2EmissieBedrijven;;;
1001;NL;;220457;RWZI Wijk bij Duurstede;Wijk bij Duurstede;Molenvliet;3961MT;21;;149593;442642;37.00;Afvalwaterinzameling en -behandeling;Riolering en waterzuiveringsinstallaties;Energiegebruik en processen Riolering en waterzuiveringsinstallaties;CO2;0.189144;0.689015;0.861554;0.877223;0.661256;0.820973;0.714053;0.992486;0.70858;Overig;11.227497;11.227497;RWZI;1;Bleu;2024;BU03520010;GM0352;3961.0;3961MT;BU03520010;GM0352;3961.0;3961MT;BU03520010;GM0352;3961.0;3961MT;False;False;False;51.97216716671068;5.308515075435522;WarmteAtlas:CO2EmissieBedrijven;;;
1002;NL;;220458;RWZI Wijlre;Wijlre;Knipstraat;6321AM;43;;190894;315348;37.00;Afvalwaterinzameling en -behandeling;Riolering en waterzuiveringsinstallaties;Energiegebruik en processen Riolering en waterzuiveringsinstallaties;CO2;0.762335;3.076865;3.106115;2.432741;1.926486;1.94767;1.830562;1.259206;1.428326;Overig;22.631923;22.631923;RWZI;1;Bleu;2024;BU17290109;GM1729;6321.0;6321AM;BU17290109;GM1729;6321.0;6321AM;BU17290109;GM1729;6321.0;6321AM;False;False;False;50.82687235588434;5.896612578350396;WarmteAtlas:CO2EmissieBedrijven;;;
1003;NL;;220459;RWZI Wijnjewoude;Wijnjewoude;Tollaan;9241WH;3;A;209400;562600;37.00;Afvalwaterinzameling en -behandeling;Riolering en waterzuiveringsinstallaties;Energiegebruik en processen Riolering en waterzuiveringsinstallaties;CO2;0.470705;0.226083;0.166013;0.294975;0.0;0.0;0.0;0.0;0.0;Overig;0.0;0.0;RWZI;0;Bleu;2024;BU00861703;GM0086;9241.0;9241WH;BU00861703;GM0086;9241.0;9241WH;BU00861703;GM0086;9241.0;9241WH;False;False;False;53.04753322850257;6.198414483728523;WarmteAtlas:CO2EmissieBedrijven;;;
1004;NL;;220460;RWZI Willem Annapolder;Kapelle;Weg langs de Zeedijk;4421RT;2;;54023;385562;37.00;Afvalwaterinzameling en -behandeling;Riolering en waterzuiveringsinstallaties;Energiegebruik en processen Riolering en waterzuiveringsinstallaties;CO2;4.253624;2.165839;3.306098;2.813788;3.244702;3.460978;3.346007;2.598658;2.722443;Overig;43.137309;43.137309;RWZI;2;Bleu;2024;BU06780009;GM0678;4421.0;4421RT;BU06780009;GM0678;4421.0;4421RT;BU06780009;GM0678;4421.0;4421RT;False;False;False;51.45009087263372;3.9344948949305025;WarmteAtlas:CO2EmissieBedrijven;;;
1005;NL;;220461;RWZI Willemstad;Willemstad;Oostdijk;4797SC;28;;90600;411500;37.00;Afvalwaterinzameling en -behandeling;Riolering en waterzuiveringsinstallaties;Energiegebruik en processen Riolering en waterzuiveringsinstallaties;CO2;0.174527;0.106658;0.158428;0.196669;0.141094;0.114203;0.149096;0.101552;0.104099;Overig;1.649453;1.649453;RWZI;1;Bleu;2024;BU17090909;GM1709;4797.0;4797SC;BU17090909;GM1709;4797.0;4797SC;BU17090909;GM1709;4797.0;4797SC;False;False;False;51.688576034694;4.455855707532479;WarmteAtlas:CO2EmissieBedrijven;;;
1006;NL;;220462;RWZI Winsum;Winsum;Schouwerzylsterweg;9951TG;10;;229349;594707;37.00;Afvalwaterinzameling en -behandeling;Riolering en waterzuiveringsinstallaties;Energiegebruik en processen Riolering en waterzuiveringsinstallaties;CO2;0.840355;0.55191;0.283441;0.190788;0.254065;0.341481;0.310941;0.237197;0.196529;Overig;3.114008;3.114008;RWZI;1;Bleu;2024;BU19660606;GM1966;9951.0;9951TG;BU19660606;GM1966;9951.0;9951TG;BU19660606;GM1966;9951.0;9951TG;False;False;False;53.333603727892175;6.503261906851691;WarmteAtlas:CO2EmissieBedrijven;;;
1007;NL;;220463;RWZI Winterswijk;Winterswijk;Honesweg;7103AX;14;;245640;445104;37.00;Afvalwaterinzameling en -behandeling;Riolering en waterzuiveringsinstallaties;Energiegebruik en processen Riolering en waterzuiveringsinstallaties;CO2;2.947068;1.715596;1.675027;1.671727;1.857673;2.829923;2.905075;1.636099;1.381593;Overig;21.891431;21.891431;RWZI;1;Bleu;2024;BU02940105;GM0294;7103.0;7103AX;BU02940105;GM0294;7103.0;7103AX;BU02940105;GM0294;7103.0;7103AX;False;False;False;51.98692017314658;6.706765826420783;WarmteAtlas:CO2EmissieBedrijven;;;
1008;NL;;220464;RWZI Woerden;Woerden;Barwoutswaarder;3449HJ;53;;118244;455336;37.00;Afvalwaterinzameling en -behandeling;Riolering en waterzuiveringsinstallaties;Energiegebruik en processen Riolering en waterzuiveringsinstallaties;CO2;1.863301;2.600287;0.984856;1.111193;1.48548;2.041032;2.146527;1.565478;1.727233;Overig;27.368122;27.368122;RWZI;1;Bleu;2024;BU06320201;GM0632;3449.0;3449HJ;BU06320201;GM0632;3449.0;3449HJ;BU06320201;GM0632;3449.0;3449HJ;False;False;False;52.08506887810662;4.850942037379318;WarmteAtlas:CO2EmissieBedrijven;;;
1009;NL;;220465;RWZI Wolvega;Wolvega;Aan de Schipsloot;8471AC;32;;195500;544500;37.00;Afvalwaterinzameling en -behandeling;Riolering en waterzuiveringsinstallaties;Energiegebruik en processen Riolering en waterzuiveringsinstallaties;CO2;1.75263;0.783544;0.767925;0.432115;0.500033;0.721554;0.921578;0.932578;0.660814;Overig;10.47064;10.47064;RWZI;1;Bleu;2024;BU00980001;GM0098;8471.0;8471AC;BU00980001;GM0098;8471.0;8471AC;BU00980001;GM0098;8471.0;8471AC;False;False;False;52.886115424644686;5.988900790777485;WarmteAtlas:CO2EmissieBedrijven;;;
1010;NL;;220466;RWZI Workum;Workum;Yttingwei;8711JH;3;;159300;553900;37.00;Afvalwaterinzameling en -behandeling;Riolering en waterzuiveringsinstallaties;Energiegebruik en processen Riolering en waterzuiveringsinstallaties;CO2;0.633856;0.602715;0.277413;0.375908;0.2469;0.227454;0.192295;0.26867;0.280121;Overig;4.438537;4.438537;RWZI;1;Bleu;2024;BU19000200;GM1900;8711.0;8711JH;BU19000200;GM1900;8711.0;8711JH;BU19000200;GM1900;8711.0;8711JH;False;False;False;52.972087194711484;5.451215728243334;WarmteAtlas:CO2EmissieBedrijven;;;
1011;NL;;220467;RWZI Woubrugge;Woubrugge;Oudendijkseweg;2481KE;4;;102900;464800;37.00;Afvalwaterinzameling en -behandeling;Riolering en waterzuiveringsinstallaties;Energiegebruik en processen Riolering en waterzuiveringsinstallaties;CO2;0.039634;0.11449;0.176172;0.115314;0.0;0.0;0.0;0.0;0.0;Overig;0.0;0.0;RWZI;0;Bleu;2024;BU18840208;GM1884;2481.0;2481KE;BU18840208;GM1884;2481.0;2481KE;BU18840208;GM1884;2481.0;2481KE;False;False;False;52.16889380539757;4.625644217099145;WarmteAtlas:CO2EmissieBedrijven;;;
1012;NL;;220468;RWZI Woudenberg;Woudenberg;Zegheweg;3931MR;38;;159100;455600;37.00;Afvalwaterinzameling en -behandeling;Riolering en waterzuiveringsinstallaties;Energiegebruik en processen Riolering en waterzuiveringsinstallaties;CO2;1.09406;0.932557;0.975249;1.204195;1.148643;1.001793;1.016616;0.858715;0.660559;Overig;10.466601;10.466601;RWZI;1;Bleu;2024;BU03510008;GM0351;3931.0;3931MR;BU03510008;GM0351;3931.0;3931MR;BU03510008;GM0351;3931.0;3931MR;False;False;False;52.08864600007155;5.4470256898870115;WarmteAtlas:CO2EmissieBedrijven;;;
1013;NL;;220469;RWZI Zaandam-Oost;Zaandam;Poelenburg;1504NX;467;;119024;493720;37.00;Afvalwaterinzameling en -behandeling;Riolering en waterzuiveringsinstallaties;Energiegebruik en processen Riolering en waterzuiveringsinstallaties;CO2;2.16184;4.539888;1.979763;4.058249;3.148074;3.523432;3.105917;6.546274;5.283804;Overig;83.722246;83.722246;RWZI;2;Bleu;2024;BU04791110;GM0479;1504.0;1504NX;BU04791111;GM0479;1504.0;1504NX;BU04791111;GM0479;1504.0;1504NX;True;False;False;52.4300943131543;4.858237311038601;WarmteAtlas:CO2EmissieBedrijven;;;
1014;NL;;220470;RWZI Zandvoort;Zandvoort;Kamerlingh Onnesstraat;2041CC;6;;98100;487900;37.00;Afvalwaterinzameling en -behandeling;Riolering en waterzuiveringsinstallaties;Energiegebruik en processen Riolering en waterzuiveringsinstallaties;CO2;0.624011;1.086251;0.0;0.0;0.0;0.0;0.0;0.0;0.0;Overig;0.0;0.0;RWZI;0;Bleu;2024;BU04730104;GM0473;2041.0;2041CZ;BU04730104;GM0473;2041.0;2041CZ;BU04730104;GM0473;2041.0;2041CZ;False;False;False;52.37601904768853;4.55159728968579;WarmteAtlas:CO2EmissieBedrijven;;;
1015;NL;;220471;RWZI Zeewolde;Zeewolde;Industrieweg;3899LD;48;;163200;485800;37.00;Afvalwaterinzameling en -behandeling;Riolering en waterzuiveringsinstallaties;Energiegebruik en processen Riolering en waterzuiveringsinstallaties;CO2;0.439788;0.538519;1.210457;0.978659;1.392224;1.191147;1.150426;1.249223;1.083437;Overig;17.167134;17.167134;RWZI;1;Bleu;2024;BU00500009;GM0050;3899.0;3899AW;BU00500009;GM0050;3899.0;3899AW;BU00500009;GM0050;3899.0;3899AW;False;False;False;52.360031867294786;5.50758043955698;WarmteAtlas:CO2EmissieBedrijven;;;
1016;NL;;220472;RWZI Zeist;Zeist;Kwikstaartlaan;3704GS;3;;142958;455450;37.00;Afvalwaterinzameling en -behandeling;Riolering en waterzuiveringsinstallaties;Energiegebruik en processen Riolering en waterzuiveringsinstallaties;CO2;5.236559;3.396248;4.149001;2.679578;2.10684;1.57048;1.548893;1.696677;1.650716;Overig;26.15571;26.15571;RWZI;1;Bleu;2024;BU03550304;GM0355;3704.0;3704GS;BU03550304;GM0355;3704.0;3704GS;BU03550304;GM0355;3704.0;3704GS;False;False;False;52.0871823230714;5.211506058803742;WarmteAtlas:CO2EmissieBedrijven;;;
1017;NL;;220473;RWZI Zetten;Randwijk;Burg. Knoppersweg;6668AA;30;;177316;438939;37.00;Afvalwaterinzameling en -behandeling;Riolering en waterzuiveringsinstallaties;Energiegebruik en processen Riolering en waterzuiveringsinstallaties;CO2;0.057036;0.065698;0.224195;0.093492;0.253995;0.08885;0.116231;0.189001;0.297224;Overig;4.709539;4.709539;RWZI;1;Bleu;2024;BU17341402;GM1734;6668.0;6668AV;BU17341402;GM1734;6668.0;6668AV;BU17341402;GM1734;6668.0;6668AV;False;False;False;51.93846168128909;5.711723122093992;WarmteAtlas:CO2EmissieBedrijven;;;
1018;NL;;220474;RWZI Zuidhorn;Zuidhorn;Van Starkenborgkanaal Zuidzijde;9801TA;4;;221500;585400;37.00;Afvalwaterinzameling en -behandeling;Riolering en waterzuiveringsinstallaties;Energiegebruik en processen Riolering en waterzuiveringsinstallaties;CO2;0.309853;0.411652;0.63997;0.493265;0.473344;0.543129;0.499937;0.577157;0.572915;Overig;9.077879;9.077879;RWZI;1;Bleu;2024;BU19691409;GM1969;9801.0;9801TA;BU19691409;GM1969;9801.0;9801TA;BU19691409;GM1969;9801.0;9801TA;False;False;False;53.25102366882872;6.383525315993649;WarmteAtlas:CO2EmissieBedrijven;;;
1019;NL;;220475;RWZI Zuidland;Zuidland;Krommedijk;3214VG;21;;77700;424800;37.00;Afvalwaterinzameling en -behandeling;Riolering en waterzuiveringsinstallaties;Energiegebruik en processen Riolering en waterzuiveringsinstallaties;CO2;0.136474;0.106128;0.1548;0.0;0.0;0.0;0.0;0.0;0.0;Overig;0.0;0.0;RWZI;0;Bleu;2024;BU19303105;GM1930;3214.0;3214LH;BU19303105;GM1930;3214.0;3214LH;BU19303105;GM1930;3214.0;3214LH;False;False;False;51.80647187706943;4.266365956278079;WarmteAtlas:CO2EmissieBedrijven;;;
1020;NL;;220476;RWZI Zuidlaren;Zuidlaren;Osbroeken;9471TZ;1;;242800;568600;37.00;Afvalwaterinzameling en -behandeling;Riolering en waterzuiveringsinstallaties;Energiegebruik en processen Riolering en waterzuiveringsinstallaties;CO2;0.38311;0.707188;0.0;0.0;0.0;0.0;0.0;0.0;0.0;Overig;0.0;0.0;RWZI;0;Bleu;2024;BU17300009;GM1730;9471.0;9471TZ;BU17300009;GM1730;9471.0;9471TZ;BU17300009;GM1730;9471.0;9471TZ;False;False;False;53.09702497674753;6.6979967976488055;WarmteAtlas:CO2EmissieBedrijven;;;
1021;NL;;220477;RWZI Zuidoostbeemster;Zuidoostbeemster;Zuiderweg;1461GD;44;;123000;503600;37.00;Afvalwaterinzameling en -behandeling;Riolering en waterzuiveringsinstallaties;Energiegebruik en processen Riolering en waterzuiveringsinstallaties;CO2;1.836034;3.058356;5.663254;3.35602;3.309026;2.63801;3.984933;3.30739;3.281098;Overig;51.989235;51.989235;RWZI;2;Bleu;2024;BU04390804;GM0439;1461.0;1461GD;BU04390804;GM0439;1461.0;1461GD;BU04390804;GM0439;1461.0;1461GD;False;False;False;52.51913357855369;4.915750127216352;WarmteAtlas:CO2EmissieBedrijven;;;
1022;NL;;220478;RWZI Zutphen;Zutphen;Oostzeestraat;7202CM;5;;210116;463825;37.00;Afvalwaterinzameling en -behandeling;Riolering en waterzuiveringsinstallaties;Energiegebruik en processen Riolering en waterzuiveringsinstallaties;CO2;2.667815;3.579005;3.703453;3.737227;7.674347;0.028554;11.410369;12.983442;6.798579;Overig;107.72397;107.72397;RWZI;2;Bleu;2024;BU03010002;GM0301;7202.0;7202CM;BU03010002;GM0301;7202.0;7202CM;BU03010002;GM0301;7202.0;7202CM;False;False;False;52.159836322866425;6.192686234507883;WarmteAtlas:CO2EmissieBedrijven;;;
1023;NL;;220479;RWZI Zwaanshoek;Zwaanshoek;Spieringweg;2136LR;1201;;101777;479776;37.00;Afvalwaterinzameling en -behandeling;Riolering en waterzuiveringsinstallaties;Energiegebruik en processen Riolering en waterzuiveringsinstallaties;CO2;2.852041;2.929166;2.461665;3.798989;4.265937;7.401879;4.070273;4.956785;3.678807;Overig;58.290958;58.290958;RWZI;2;Bleu;2024;BU03941295;GM0394;2136.0;2136LR;BU03941295;GM0394;2136.0;2136LR;BU03941295;GM0394;2136.0;2136LR;False;False;False;52.303377891881944;4.606875433884026;WarmteAtlas:CO2EmissieBedrijven;;;
1024;NL;;220480;RWZI Zwanenburg;Zwanenburg;IJweg;1161GG;320;;110897;486164;37.00;Afvalwaterinzameling en -behandeling;Riolering en waterzuiveringsinstallaties;Energiegebruik en processen Riolering en waterzuiveringsinstallaties;CO2;0.181898;5.064902;3.071081;3.089658;3.261072;3.085207;2.638355;3.378097;3.477233;Overig;55.097004;55.097004;RWZI;2;Bleu;2024;BU03940350;GM0394;1161.0;1161GG;BU03940350;GM0394;1161.0;1161GG;BU03940350;GM0394;1161.0;1161GG;False;False;False;52.36159456136397;4.739742693210103;WarmteAtlas:CO2EmissieBedrijven;;;
1025;NL;;220481;RWZI Zwijndrecht;Zwijndrecht;Veerweg;3336LM;51;;99372;425252;37.00;Afvalwaterinzameling en -behandeling;Riolering en waterzuiveringsinstallaties;Energiegebruik en processen Riolering en waterzuiveringsinstallaties;CO2;0.0;1.877804;3.579946;3.829529;4.072556;4.47531;4.811661;4.661502;3.398041;Overig;53.842195;53.842195;RWZI;2;Bleu;2024;BU06420705;GM0642;3336.0;3336LM;BU06420705;GM0642;3336.0;3336LM;BU06420705;GM0642;3336.0;3336LM;False;False;False;51.8131150757185;4.580497930076804;WarmteAtlas:CO2EmissieBedrijven;;;
1026;NL;;220482;RWZI Zwolle;Zwolle;Spoolderenkweg;8042PK;1;;199953;502543;37.00;Afvalwaterinzameling en -behandeling;Riolering en waterzuiveringsinstallaties;Energiegebruik en processen Riolering en waterzuiveringsinstallaties;CO2;3.842797;4.97818;7.019541;8.510996;9.07295;8.236911;6.833135;8.078338;7.511378;Overig;119.018314;119.018314;RWZI;2;Bleu;2024;BU01932140;GM0193;8042.0;8042PK;BU01932140;GM0193;8042.0;8042PK;BU01932140;GM0193;8042.0;8042PK;False;False;False;52.508721199037026;6.049342653522895;WarmteAtlas:CO2EmissieBedrijven;;;
1027;NL;;220492;RWZI Alphen Kerk en Zanen;Alphen aan den Rijn;Leidse Schouw;2408AE;4;;102922;460234;37.00;Afvalwaterinzameling en -behandeling;Riolering en waterzuiveringsinstallaties;Energiegebruik en processen Riolering en waterzuiveringsinstallaties;CO2;0.0;0.856695;1.057126;1.282159;1.858128;2.016011;2.0788;1.661088;0.746535;Overig;11.828894;11.828894;RWZI;1;Bleu;2024;BU04840801;GM0484;2408.0;2408AE;BU04840801;GM0484;2408.0;2408AE;BU04840801;GM0484;2408.0;2408AE;False;False;False;52.12785989492937;4.626665163307557;WarmteAtlas:CO2EmissieBedrijven;;;
1028;NL;;220493;RWZI Delfzijl;Farmsum;Oosterwierum;9936HJ;5;;259300;592300;37.00;Afvalwaterinzameling en -behandeling;Riolering en waterzuiveringsinstallaties;Energiegebruik en processen Riolering en waterzuiveringsinstallaties;CO2;0.0;1.736082;0.732192;0.990922;0.896538;0.578331;0.508249;0.100273;0.116404;Overig;1.844427;1.844427;RWZI;1;Bleu;2024;BU19790831;GM1979;9936.0;9936HJ;BU19790831;GM1979;9936.0;9936HJ;BU19790831;GM1979;9936.0;9936HJ;False;False;False;53.30696990712661;6.9519325375851375;WarmteAtlas:CO2EmissieBedrijven;;;
1029;NL;;220494;RWZI Dreumel;Dreumel;Kooiweg;6621KX;3;;158613;426637;37.00;Afvalwaterinzameling en -behandeling;Riolering en waterzuiveringsinstallaties;Energiegebruik en processen Riolering en waterzuiveringsinstallaties;CO2;0.0;0.171538;0.227014;0.120694;0.209295;0.20002;0.152235;0.20043;0.177249;Overig;2.808526;2.808526;RWZI;1;Bleu;2024;BU06680601;GM0668;6621.0;6621KX;BU06680601;GM0668;6621.0;6621KX;BU06680601;GM0668;6621.0;6621KX;False;False;False;51.82832429992604;5.4396141390473565;WarmteAtlas:CO2EmissieBedrijven;;;
1030;NL;;220495;RWZI Schiemonnikoog;Schiermonnikoog;Veerweg;9166SL;2;;208491;610210;37.00;Afvalwaterinzameling en -behandeling;Riolering en waterzuiveringsinstallaties;Energiegebruik en processen Riolering en waterzuiveringsinstallaties;CO2;0.0;0.096535;0.08734;0.109039;0.247672;0.122598;0.100358;0.110784;0.108495;Overig;1.719108;1.719108;RWZI;1;Bleu;2024;BU00880009;GM0088;9166.0;9166SL;BU00880009;GM0088;9166.0;9166SL;BU00880009;GM0088;9166.0;9166SL;False;False;False;53.475384914180594;6.1928040470553105;WarmteAtlas:CO2EmissieBedrijven;;;
1031;NL;;220496;RWZI Vlieland;Vlieland;Havenweg;8899BC;17;A;134400;590000;37.00;Afvalwaterinzameling en -behandeling;Riolering en waterzuiveringsinstallaties;Energiegebruik en processen Riolering en waterzuiveringsinstallaties;CO2;0.0;0.071919;0.080933;0.041323;0.090705;0.071337;0.008173;0.053326;0.13394;Overig;2.122297;2.122297;RWZI;1;Bleu;2024;BU00969998;GM0096;n.a.;n.a.;BU00969998;GM0096;n.a.;n.a.;BU00969998;GM0096;n.a.;n.a.;False;False;False;53.2960942192248;5.078257979613605;WarmteAtlas:CO2EmissieBedrijven;;;
1032;NL;;220497;SVI Heerenveen-Noord;Heerenveen;Wetterwille;8447GC;4;;189100;553800;37.00;Afvalwaterinzameling en -behandeling;Riolering en waterzuiveringsinstallaties;Energiegebruik en processen Riolering en waterzuiveringsinstallaties;CO2;0.0;0.044139;0.092416;0.0;0.071613;0.081702;0.053207;0.035913;0.017435;Overig;0.276261;0.276261;RWZI;1;Bleu;2024;BU00740110;GM0074;8447.0;8447GC;BU00740110;GM0074;8447.0;8447GC;BU00740110;GM0074;8447.0;8447GC;False;False;False;52.970127288695316;5.894794089631564;WarmteAtlas:CO2EmissieBedrijven;;;
1033;NL;;220498;RWZI Bommelerwaard;Zaltbommel;Onderlangsweg;5301KN;3;;146689;425214;37.00;Afvalwaterinzameling en -behandeling;Riolering en waterzuiveringsinstallaties;Energiegebruik en processen Riolering en waterzuiveringsinstallaties;CO2;0.0;1.438411;1.450992;1.260307;1.763336;1.324757;2.14014;1.69979;1.271165;Overig;20.141692;20.141692;RWZI;1;Bleu;2024;BU02970008;GM0297;5301.0;5301KN;BU02970008;GM0297;5301.0;5301KN;BU02970008;GM0297;5301.0;5301KN;False;False;False;51.81548390092551;5.266673413186529;WarmteAtlas:CO2EmissieBedrijven;;;
1034;NL;;220499;RWZI Haaften;Haaften;Graaf Reinaldweg;4175LN;;bij nr. 18;143762;426073;37.00;Afvalwaterinzameling en -behandeling;Riolering en waterzuiveringsinstallaties;Energiegebruik en processen Riolering en waterzuiveringsinstallaties;CO2;0.0;0.285244;0.333666;0.292016;0.744118;0.49441;0.455472;0.258363;0.337762;Overig;5.35187;5.35187;RWZI;1;Bleu;2024;BU19600509;GM1960;4175.0;4175LG;BU19600509;GM1960;4175.0;4175LG;BU19600509;GM1960;4175.0;4175LG;False;False;False;51.82315365872242;5.224197345569653;WarmteAtlas:CO2EmissieBedrijven;;;
1035;NL;;220500;RWZI Leidsche Rijn;Utrecht;Proostwetering;3543AH;60;;131118;458344;37.00;Afvalwaterinzameling en -behandeling;Riolering en waterzuiveringsinstallaties;Energiegebruik en processen Riolering en waterzuiveringsinstallaties;CO2;0.0;0.575849;1.255371;1.573508;2.767656;4.416359;4.808072;3.631729;3.628241;Overig;57.489733;57.489733;RWZI;2;Bleu;2024;BU03440911;GM0344;3543.0;3543AH;BU03440911;GM0344;3543.0;3543AH;BU03440911;GM0344;3543.0;3543AH;False;False;False;52.112809269067654;5.038555685437333;WarmteAtlas:CO2EmissieBedrijven;;;
1036;NL;;220501;RWZI Lienden;Lienden;Drosseweg;4033CS;7;;165015;440964;37.00;Afvalwaterinzameling en -behandeling;Riolering en waterzuiveringsinstallaties;Energiegebruik en processen Riolering en waterzuiveringsinstallaties;CO2;0.0;0.10704;0.268487;0.234368;0.342407;0.0;0.0;0.0;0.0;Overig;0.0;0.0;RWZI;0;Bleu;2024;BU02140307;GM0214;4033.0;4033CS;BU02140307;GM0214;4033.0;4033CS;BU02140307;GM0214;4033.0;4033CS;False;False;False;51.95702072297446;5.532901363106158;WarmteAtlas:CO2EmissieBedrijven;;;
1037;NL;;220502;RWZI Millingen;Millingen aan de Rijn;Botsestraat;6579JC;48;;198791;430874;37.00;Afvalwaterinzameling en -behandeling;Riolering en waterzuiveringsinstallaties;Energiegebruik en processen Riolering en waterzuiveringsinstallaties;CO2;0.0;0.089982;0.095488;0.054442;0.04807;0.195769;0.312123;0.318077;0.359683;Overig;5.699198;5.699198;RWZI;1;Bleu;2024;BU19450701;GM1945;6579.0;6579JC;BU19450701;GM1945;6579.0;6579JC;BU19450701;GM1945;6579.0;6579JC;False;False;False;51.86469763090758;6.022973620449762;WarmteAtlas:CO2EmissieBedrijven;;;
1038;NL;;220503;SVI Abdissenbosch;Landgraaf;Abdissenboscherweg;6374CL;1;;200101;326203;37.00;Afvalwaterinzameling en -behandeling;Riolering en waterzuiveringsinstallaties;Energiegebruik en processen Riolering en waterzuiveringsinstallaties;CO2;0.0;0.004772;0.0;0.0;0.0;0.002396;0.00221;0.003394;0.00037;Overig;0.005862;0.005862;RWZI;1;Bleu;2024;BU08820201;GM0882;6374.0;6374BS;BU08820201;GM0882;6374.0;6374BS;BU08820201;GM0882;6374.0;6374BS;False;False;False;50.92379076562418;6.028623382286117;WarmteAtlas:CO2EmissieBedrijven;;;
1039;NL;;220504;SDI Amsterdam-Oost;Amsterdam;Zuiderzeeweg;1095KG;10;;126500;487200;37.00;Afvalwaterinzameling en -behandeling;Riolering en waterzuiveringsinstallaties;Energiegebruik en processen Riolering en waterzuiveringsinstallaties;CO2;0.0;20.272555;0.0;0.0;0.0;0.0;0.0;0.0;0.0;Overig;0.0;0.0;RWZI;0;Bleu;2024;BU0363MH02;GM0363;1095.0;1095MK;BU0363MH02;GM0363;1095.0;1095MK;BU0363MH02;GM0363;1095.0;1095MK;False;False;False;52.37193663967696;4.968709911536662;WarmteAtlas:CO2EmissieBedrijven;;;
1040;NL;;220505;SDI Beverwijk II;Beverwijk;Wijkermeerweg;1948NW;22;;106100;498800;37.00;Afvalwaterinzameling en -behandeling;Riolering en waterzuiveringsinstallaties;Energiegebruik en processen Riolering en waterzuiveringsinstallaties;CO2;0.0;22.795887;26.073395;0.0;0.0;0.0;0.0;0.0;0.0;Overig;0.0;0.0;RWZI;0;Bleu;2024;BU03750900;GM0375;1948.0;1948NS;BU03750900;GM0375;1948.0;1948NS;BU03750900;GM0375;1948.0;1948NS;False;False;False;52.47474695272025;4.667481642169064;WarmteAtlas:CO2EmissieBedrijven;;;
1041;NL;;220507;RWZI Barendrecht;Barendrecht;Achterzeedijk;2992SC;80;;95042;428221;37.00;Afvalwaterinzameling en -behandeling;Riolering en waterzuiveringsinstallaties;Energiegebruik en processen Riolering en waterzuiveringsinstallaties;CO2;0.0;0.0;0.827728;1.109966;1.467076;1.100139;0.941884;1.184039;1.108066;Overig;17.55739;17.55739;RWZI;1;Bleu;2024;BU04893161;GM0489;2992.0;2992SC;BU04893161;GM0489;2992.0;2992SC;BU04893161;GM0489;2992.0;2992SC;False;False;False;51.83935059771157;4.517196928450606;WarmteAtlas:CO2EmissieBedrijven;;;
1042;NL;;220508;RWZI Hessenpoort;Zwolle;Steinfurtstraat;8028PP;14;;207700;505031;37.00;Afvalwaterinzameling en -behandeling;Riolering en waterzuiveringsinstallaties;Energiegebruik en processen Riolering en waterzuiveringsinstallaties;CO2;0.0;0.0;0.298488;0.552814;0.306822;0.33164;0.282066;0.246736;0.447329;Overig;7.087967;7.087967;RWZI;1;Bleu;2024;BU01934040;GM0193;8028.0;8028RT;BU01934040;GM0193;8028.0;8028RT;BU01934040;GM0193;8028.0;8028RT;False;False;False;52.53038794950481;6.163836521436459;WarmteAtlas:CO2EmissieBedrijven;;;
1043;NL;;220509;RWZI Dedemsvaart (Woudbloemweg);Dedemsvaart;Woudbloemweg;7701PG;3;A;228613;514169;37.00;Afvalwaterinzameling en -behandeling;Riolering en waterzuiveringsinstallaties;Energiegebruik en processen Riolering en waterzuiveringsinstallaties;CO2;0.0;0.0;2.519454;1.959862;1.705064;1.945096;1.753086;1.685976;1.973912;Overig;31.276782;31.276782;RWZI;1;Bleu;2024;BU01600901;GM0160;7701.0;7701AP;BU01600901;GM0160;7701.0;7701AP;BU01600901;GM0160;7701.0;7701AP;False;False;False;52.61008339218799;6.47400543826342;WarmteAtlas:CO2EmissieBedrijven;;;
1044;NL;;220537;Delfluent Services BV;Den Hoorn;Peuldreef;2635BX;4;;81663;447989;37.00;Afvalwaterinzameling en -behandeling;Riolering en waterzuiveringsinstallaties;Energiegebruik en processen Riolering en waterzuiveringsinstallaties;CO2;0.0;0.0;29.210069;33.446885;26.64172;27.981348;21.185379;23.194007;22.517017;Overig;356.783727;356.783727;RWZI;3;Bleu;2024;BU18420001;GM1842;2635.0;2635BX;BU18420001;GM1842;2635.0;2635BX;BU18420001;GM1842;2635.0;2635BX;False;False;False;52.0154061352828;4.31887752452759;WarmteAtlas:CO2EmissieBedrijven;;;
1045;NL;;220539;RWZI Foxhol;Foxhol;Energieweg;9607PW;21;;243400;576300;37.00;Afvalwaterinzameling en -behandeling;Riolering en waterzuiveringsinstallaties;Energiegebruik en processen Riolering en waterzuiveringsinstallaties;CO2;0.0;0.0;1.149498;0.900199;0.982531;0.775722;1.007891;1.195522;0.653179;Overig;10.349667;10.349667;RWZI;1;Bleu;2024;BU19520702;GM1952;9607.0;9607PW;BU19520702;GM1952;9607.0;9607PW;BU19520702;GM1952;9607.0;9607PW;False;False;False;53.166102178067405;6.7090602507570924;WarmteAtlas:CO2EmissieBedrijven;;;
1046;NL;;22102;Bunge Loders Croklaan Nutrition B.V.;Wormerveer;Hogeweg;1521AZ;1;;115800;499830;10.41;Vervaardiging van plantaardige en dierlijke oliën en vetten (geen margarine en andere spijsvetten);Overige industrie;Voedings- en genotmiddelenindustrie;CO2;15.409;0.0;21.355685;18.669966;18.603712;18.12083;16.413522;14.877188;15.816107;Voedings- en genotmiddelenindustrie;246.800608;246.800608;Voeding;2;Green;2024;BU04795110;GM0479;1521.0;1521AX;BU04795110;GM0479;1521.0;1521AX;BU04795110;GM0479;1521.0;1521AX;False;False;False;52.484784030126036;4.810120181189127;WarmteAtlas:CO2EmissieBedrijven;;;
1047;NL;;22111;Loders Croklaan BV;Wormerveer;Hogeweg;1521AZ;1;;113850;503650;10.40;Vervaardiging van plantaardige en dierlijke olien en vetten;Overige industrie;Voedings- en genotmiddelenindustrie;CO2;0.8946;0.0;0.0;0.0;0.0;0.0;0.0;0.0;0.0;Voedings- en genotmiddelenindustrie;0.0;0.0;Voeding;0;Green;2024;BU04795160;GM0479;1525.0;1525RD;BU04795160;GM0479;1525.0;1525RD;BU04795160;GM0479;1525.0;1525RD;False;False;False;52.51897087903157;4.780943808068016;WarmteAtlas:CO2EmissieBedrijven;;;
1048;NL;;22201;Olam Cocoa BV;Koog aan de Zaan;Stationsstraat;1541LJ;76;;115668;498195;10.82.1;Verwerking van cacao;Overige industrie;Voedings- en genotmiddelenindustrie;CO2;0.0;0.0;22.016;26.936;23.31521;20.619;26.993425;29.399855;27.468441;Voedings- en genotmiddelenindustrie;428.628097;428.628097;Voeding;3;Green;2024;BU04793110;GM0479;1541.0;1541LJ;BU04793110;GM0479;1541.0;1541LJ;BU04793110;GM0479;1541.0;1541LJ;False;False;False;52.470080830006395;4.808369416870344;WarmteAtlas:CO2EmissieBedrijven;;;
1049;NL;;22209;Cargill BV - Cargill Cocoa (Eenhoorn-Mol);Wormer;Veerdijk;1531MA;82;;114832;501157;10.82.1;Verwerking van cacao;Overige industrie;Voedings- en genotmiddelenindustrie;CO2;0.0;0.0;0.0;0.0;5.85;5.99;6.07;5.673984;5.304265;Voedings- en genotmiddelenindustrie;82.769788;82.769788;Voeding;2;Green;2024;BU08800001;GM0880;1531.0;1531MA;BU08800001;GM0880;1531.0;1531MA;BU08800001;GM0880;1531.0;1531MA;False;False;False;52.49663952564061;4.795710872438619;WarmteAtlas:CO2EmissieBedrijven;;;
1050;NL;;22301;CSM Suiker BV Fabriek Holland;Halfweg;Haarlemmerstraatweg;1160AA;7;;111300;488700;10.81;Vervaardiging van suiker;Overige industrie;Voedings- en genotmiddelenindustrie;CO2;29.439932;0.0;0.0;0.0;0.0;0.0;0.0;0.0;0.0;Voedings- en genotmiddelenindustrie;0.0;0.0;Voeding;0;Green;2024;BU03942273;GM0394;1165.0;1165MJ;BU03942273;GM0394;1165.0;1165MJ;BU03942273;GM0394;1165.0;1165MJ;False;False;False;52.384418066484585;4.7453288895977925;WarmteAtlas:CO2EmissieBedrijven;;;
1051;NL;LCP;22602;Tate & Lyle Netherlands BV;Koog aan de Zaan;Lagedijk;1541KA;5;;115900;497600;10.62;Vervaardiging van zetmeel en zetmeelproducten;Overige industrie;Voedings- en genotmiddelenindustrie;CO2;61.065;0.0;76.551291;74.889758;6.236601;73.830644;64.157386;57.927613;56.265486;Voedings- en genotmiddelenindustrie;877.98826;877.98826;Voeding;3;Green;2024;BU04793110;GM0479;1541.0;1541KC;BU04793110;GM0479;1541.0;1541KC;BU04793110;GM0479;1541.0;1541KC;False;False;False;52.46475017169249;4.811853076118366;WarmteAtlas:CO2EmissieBedrijven;;;
1052;NL;;22613;Nestlé Nederland BV (Amsterdam);Amsterdam;Haarlemmerweg;1051LH;331;-333;119400;488600;10.89;Vervaardiging van overige voedingsmiddelen n.e.g.;Overige industrie;Voedings- en genotmiddelenindustrie;CO2;4.759744;0.0;0.0;0.0;0.0;0.0;0.0;0.0;0.0;Voedings- en genotmiddelenindustrie;0.0;0.0;Voeding;0;Green;2024;BU0363EG01;GM0363;1051.0;1051DD;BU0363EG01;GM0363;1051.0;1051DD;BU0363EG01;GM0363;1051.0;1051DD;False;False;False;52.384104424055295;4.86430882740413;WarmteAtlas:CO2EmissieBedrijven;;;
1053;NL;LCP;22617;Bunge Netherlands BV (Soja);Amsterdam;Coenhavenweg;1013BL;2;;119443;490547;10.41;Vervaardiging van plantaardige en dierlijke oliën en vetten (geen margarine en andere spijsvetten);Overige industrie;Voedings- en genotmiddelenindustrie;CO2;68.179009;0.0;70.99258;65.504;64.176638;60.225436;58.102;59.720193;65.147005;Voedings- en genotmiddelenindustrie;1016.578895;1016.578895;Voeding;3;Green;2024;BU0363BB02;GM0363;1013.0;1013BK;BU0363BB02;GM0363;1013.0;1013BK;BU0363BB02;GM0363;1013.0;1013BK;False;False;False;52.40160533196801;4.864734195224239;WarmteAtlas:CO2EmissieBedrijven;;;
1054;NL;;22619;Internationale Graanoverslag Maatschappij Amsterdam BV;Amsterdam;Coenhavenweg;1013BK;3;;119350;490500;52.24.1;Laad-, los- en overslagactiviteiten voor zeevaart;Handel, Diensten en Overheid (HDO);Energiegebruik en processen Handel, Diensten en Overheid (HDO);CO2;3.407281;0.0;0.0;0.0;0.0;0.0;0.0;0.0;0.0;Overig;0.0;0.0;Overige;0;Gray;2024;BU0363BB02;GM0363;1013.0;1013BK;BU0363BB02;GM0363;1013.0;1013BK;BU0363BB02;GM0363;1013.0;1013BK;False;False;False;52.401176898546865;4.863372711937715;WarmteAtlas:CO2EmissieBedrijven;;;
1055;NL;;22626;Cargill BV (Multiseed);Amsterdam;Oceanenweg;1047BA;19;;112985;491728;10.41;Vervaardiging van plantaardige en dierlijke oliën en vetten (geen margarine en andere spijsvetten);Overige industrie;Voedings- en genotmiddelenindustrie;CO2;27.39715;32.389088;30.605898;31.663648;28.304296;27.606257;25.326126;24.630151;20.43157;Voedings- en genotmiddelenindustrie;318.822066;318.822066;Voeding;3;Green;2024;BU0363BA02;GM0363;1047.0;1047BA;BU0363BA02;GM0363;1047.0;1047BA;BU0363BA02;GM0363;1047.0;1047BA;False;False;False;52.411762538694695;4.76969810612166;WarmteAtlas:CO2EmissieBedrijven;;;
1056;NL;;22630;Grasdrogerij Hartog B.V.;Lambertschaag;Mijnsherenweg;1658CA;7;;131467;529339;10.91;Vervaardiging van veevoeders;Overige industrie;Voedings- en genotmiddelenindustrie;CO2;35.04876;16.847;0.0;0.0;0.0;0.0;0.0;0.0;0.0;Voedings- en genotmiddelenindustrie;0.0;0.0;Voeding;0;Green;2024;BU04200401;GM0420;1658.0;1658CA;BU04200401;GM0420;1658.0;1658CA;BU04200401;GM0420;1658.0;1658CA;False;False;False;52.750877310298584;5.038664806643351;WarmteAtlas:CO2EmissieBedrijven;;;
1057;NL;;22701;United Biscuits Netherlands;ZAANDAM;Westzijde;1506GA;103;;116200;495600;10.82;Verwerking van cacaobonen en vervaardiging van chocolade en suikerwerk;Overige industrie;Voedings- en genotmiddelenindustrie;CO2;5.2548;0.0;0.0;0.0;0.0;0.0;0.0;0.0;0.0;Voedings- en genotmiddelenindustrie;0.0;0.0;Voeding;0;Green;2024;BU04792210;GM0479;1506.0;1506XW;BU04792210;GM0479;1506.0;1506XW;BU04792210;GM0479;1506.0;1506XW;False;False;False;52.4467974211857;4.816499215040101;WarmteAtlas:CO2EmissieBedrijven;;;
1058;NL;;22721;Ambro Vermaat Bakkerijen;Haarlem;Paul Krugerkade;2021BN;8;;104602;489561;10.71;Vervaardiging van brood en vers banketbakkerswerk;Overige industrie;Voedings- en genotmiddelenindustrie;CO2;1.751232;0.0;0.0;0.0;0.0;0.0;0.0;0.0;0.0;Voedings- en genotmiddelenindustrie;0.0;0.0;Voeding;0;Green;2024;BU03921003;GM0392;2021.0;2021BN;BU03921003;GM0392;2021.0;2021BN;BU03921003;GM0392;2021.0;2021BN;False;False;False;52.39158170065761;4.646825284130304;WarmteAtlas:CO2EmissieBedrijven;;;
1059;NL;;22821;Nestlé Purina Petcare;Ijmuiden;STRANDWEG;1970AM;80;;100400;496750;10.92;Vervaardiging van voeders voor huisdieren;Overige industrie;Voedings- en genotmiddelenindustrie;CO2;0.0;5.664;0.0;0.0;0.0;0.0;0.0;0.0;0.0;Voedings- en genotmiddelenindustrie;0.0;0.0;Voeding;0;Green;2024;BU04530303;GM0453;1976.0;1976BS;BU04530303;GM0453;1976.0;1976BS;BU04530303;GM0453;1976.0;1976BS;False;False;False;52.45578547007907;4.583929707956606;WarmteAtlas:CO2EmissieBedrijven;;;
1060;NL;;23110;Tri-Sure Closure System BV;Amsterdam;Asterweg;1031HL;25;;122026;489345;25.91;Vervaardiging van stalen vaten en dergelijke;Overige industrie;Metaalelektro;CO2;0.0;0.0;1.03;0.0;0.0;0.0;0.0;0.0;0.0;Metaalelektro;0.0;0.0;Overige;0;Gray;2024;BU0363NB04;GM0363;1031.0;1031HL;BU0363NB04;GM0363;1031.0;1031HL;BU0363NB04;GM0363;1031.0;1031HL;False;False;False;52.39096395973954;4.902805198205405;WarmteAtlas:CO2EmissieBedrijven;;;
1061;NL;;23128;Eurometaal NV;Zaandam;Hemkade;1506PR;18;;117300;492730;25.40;Vervaardiging van wapens en munitie;Overige industrie;Metaalelektro;CO2;2.089;0.0;0.0;0.0;0.0;0.0;0.0;0.0;0.0;Metaalelektro;0.0;0.0;Overige;0;Gray;2024;BU04792110;GM0479;1505.0;1505RK;BU04792112;GM0479;1505.0;1505RK;BU04792112;GM0479;1505.0;1505RK;True;False;False;52.421081214641944;4.833001225445247;WarmteAtlas:CO2EmissieBedrijven;;;
1062;NL;;23203;Fokker Aircraft BV (Schiphol);Oude Meer;Fokkerweg;1117ZR;300;;114070;478540;30.30;Vervaardiging van vliegtuigen en onderdelen daarvoor;Overige industrie;Metaalelektro;CO2;0.0;0.0;0.0;0.0;0.0;0.0;0.0;0.0;0.0;Metaalelektro;0.0;0.0;Overige;0;Gray;2024;BU03940675;GM0394;1438.0;1438AG;BU03940675;GM0394;1438.0;1438AG;BU03940675;GM0394;1438.0;1438AG;False;False;False;52.293321429134664;4.787248220153206;WarmteAtlas:CO2EmissieBedrijven;;;
1063;NL;;23211;Rijkswerf den Helder;Den Helder;Zuidwal;1780AA;;;115500;552500;84.22;Defensie;Overige industrie;Metaalelektro;CO2;0.074592;0.0;0.0;0.0;0.0;0.0;0.0;0.0;0.0;Metaalelektro;0.0;0.0;Overige;0;Gray;2024;BU04000100;GM0400;1781.0;1781AD;BU04000100;GM0400;1781.0;1781AD;BU04000100;GM0400;1781.0;1781AD;False;False;False;52.95807881817049;4.799399996560568;WarmteAtlas:CO2EmissieBedrijven;;;
1064;NL;LCP;23301;Tata Steel IJmuiden BV;Velsen Noord;Wenckebachstraat;1951JZ;1;;100985;499055;24.10;Vervaardiging van ijzer en staal en van ferrolegeringen;Overige industrie;Basismetaal;CO2;5970.193762;5702.0;6237.642837;6205.820633;5786.171413;5957.31955;5822.618448;4549.079956;5938.263262;Basismetaal;66884.473571;66884.473571;Basismetaal;5;Black;2024;BU04530506;GM0453;1951.0;1951JR;BU04530506;GM0453;1951.0;1951JR;BU04530506;GM0453;1951.0;1951JR;False;False;False;52.476557774326515;4.592163147725592;WarmteAtlas:CO2EmissieBedrijven;;;
1065;NL;;23302;Heckett Multiserv Holland BV (IJmuiden);IJmuiden;Hoogoventerrein;1951JZ;;;100650;499800;24.10;Vervaardiging van ijzer en staal en van ferrolegeringen;Overige industrie;Basismetaal;CO2;2.090317;0.0;0.0;0.0;0.0;0.0;0.0;0.0;0.0;Basismetaal;0.0;0.0;Basismetaal;0;Black;2024;BU04530506;GM0453;1951.0;1951LB;BU04530506;GM0453;1951.0;1951LB;BU04530506;GM0453;1951.0;1951LB;False;False;False;52.483219668434785;4.587111618085257;WarmteAtlas:CO2EmissieBedrijven;;;
1066;NL;;23342;Pelt en Hooykaas BV (IJmuiden);IJmuiden;Terrein Hoogovens;1951JZ;;;100420;499370;23.00;Vervaardiging van overige niet-metaalhoudende minerale producten;Handel, Diensten en Overheid (HDO);Energiegebruik en processen Handel, Diensten en Overheid (HDO);CO2;0.501984;0.0;0.0;0.0;0.0;0.0;0.0;0.0;0.0;Overig;0.0;0.0;Overige;0;Gray;2024;BU04530506;GM0453;1951.0;1951LB;BU04530506;GM0453;1951.0;1951LB;BU04530506;GM0453;1951.0;1951LB;False;False;False;52.47933252605634;4.583796308803215;WarmteAtlas:CO2EmissieBedrijven;;;
1067;NL;;23454;KLM NV Vliegtuig reparatie en onderhoud;Schiphol;Schiphol Oost;1117ZL;;;114500;479500;33.16;Reparatie en onderhoud van vliegtuigen;Overige industrie;Metaalelektro;CO2;16.362688;9.324;0.0;0.0;0.0;0.0;0.0;0.0;11.638675;Metaalelektro;183.063627;183.063627;Overige;2;Gray;2024;BU03941663;GM0394;1117.0;1117GD;BU03941663;GM0394;1117.0;1117GD;BU03941663;GM0394;1117.0;1117GD;False;False;False;52.301981050218615;4.793435639865394;WarmteAtlas:CO2EmissieBedrijven;;;
1068;NL;;23503;Coatinc Amsterdam B.V.;Amsterdam;Distelweg;1031HH;76;;121800;489750;25.61;Oppervlaktebehandeling en bekleding van metaal;Overige industrie;Metaalelektro;CO2;1.8938;0.0;0.0;0.0;0.0;0.0;0.0;0.0;0.0;Metaalelektro;0.0;0.0;Overige;0;Gray;2024;BU0363NB04;GM0363;1031.0;1031JK;BU0363NB04;GM0363;1031.0;1031JK;BU0363NB04;GM0363;1031.0;1031JK;False;False;False;52.3945901762817;4.899445250102909;WarmteAtlas:CO2EmissieBedrijven;;;
1069;NL;;23505;Verzinkerij Heerhugowaard BV;Heerhugowaard;Edisonstraat;1704RL;2;;117500;521040;25.61;Oppervlaktebehandeling en bekleding van metaal;Overige industrie;Metaalelektro;CO2;2.072952;0.0;0.0;0.0;0.0;0.0;0.0;0.0;0.0;Metaalelektro;0.0;0.0;Overige;0;Gray;2024;BU19802001;GM1980;1704.0;1704RL;BU19802001;GM1980;1704.0;1704RL;BU19802001;GM1980;1704.0;1704RL;False;False;False;52.67551342666113;4.832753454186551;WarmteAtlas:CO2EmissieBedrijven;;;
1070;NL;;23515;Hoek Loos Amsterdam;Amsterdam;Transformatorweg;3100AB;40;;118340;489580;20.11;Vervaardiging van industriële gassen;Chemische Industrie;Chemische Industrie basisproducten;CO2;0.0;1.312;0.0;0.0;0.0;0.0;0.0;0.0;0.0;Chemische Industrie;0.0;0.0;Chemie;0;Magenta;2024;BU0363EA01;GM0363;1014.0;1014BB;BU0363EA01;GM0363;1014.0;1014BB;BU0363EA01;GM0363;1014.0;1014BB;False;False;False;52.39284212505752;4.848633134230495;WarmteAtlas:CO2EmissieBedrijven;;;
1071;NL;LCP;24000;Vattenfall Power Generation BV (Hemweg);Amsterdam;Petroleumhavenweg;1041AB;1;;118246;490968;35.11.1;Productie van elektriciteit door thermische, kern- en warmtekrachtcentrales;Energiesector;Opwekking electriciteit;CO2;1291.284;3708.547;2373.36295;4195.068605;860.703951;687.094451;629.077272;637.28638;477.745714;Opwekking electriciteit;3344.219998;0.0;Energy;4;Yellow;2024;BU0363BA04;GM0363;1041.0;1041AB;BU0363BA04;GM0363;1041.0;1041AB;BU0363BA04;GM0363;1041.0;1041AB;False;False;False;52.405310056811125;4.847100247837074;WarmteAtlas:CO2EmissieBedrijven;;;
1072;NL;LCP;24002;Vattenfall Power Generation BV (Diemen);Diemen;Overdiemerweg;1111PP;35;;130055;483500;35.11.1;Productie van elektriciteit door thermische, kern- en warmtekrachtcentrales;Energiesector;Opwekking electriciteit;CO2;379.9656;0.0;668.27401;944.315539;1320.704744;1265.517079;1054.199213;1124.610801;1057.344398;Opwekking electriciteit;7401.410786;0.0;Energy;5;Yellow;2024;BU03840803;GM0384;1111.0;1111PP;BU03840803;GM0384;1111.0;1111PP;BU03840803;GM0384;1111.0;1111PP;False;False;False;52.33885607105274;5.021184815685312;WarmteAtlas:CO2EmissieBedrijven;;;
1073;NL;LCP;24003;Vattenfall Power Generation BV (Velsen);Velsen Noord;Hoflaan;1951HJ;1;;103696;498603;35.11.1;Productie van elektriciteit door thermische, kern- en warmtekrachtcentrales;Energiesector;Opwekking electriciteit;CO2;4380.807654;2909.765;3977.555611;4053.998822;3417.429623;4027.363174;3908.048375;3650.327499;4158.291761;Opwekking electriciteit;29108.042327;0.0;Energy;5;Yellow;2024;BU04530501;GM0453;1951.0;1951HG;BU04530501;GM0453;1951.0;1951HG;BU04530501;GM0453;1951.0;1951HG;False;False;False;52.47275655727359;4.632132049408628;WarmteAtlas:CO2EmissieBedrijven;;;
1074;NL;;24005;Huisvuilcentrale N-H (Alkmaar);Alkmaar;Herculesstraat;1800GD;75;;113080;514960;38.21;Behandeling van onschadelijk afval;Afvalverwijdering;AVI's;CO2;0.060174;0.0;0.0;0.0;0.0;0.0;0.0;0.0;0.0;Overig;0.0;0.0;Afval;0;Maroon;2024;BU03610301;GM0361;1812.0;1812PT;BU03610301;GM0361;1812.0;1812PT;BU03610301;GM0361;1812.0;1812PT;False;False;False;52.62055253493154;4.768174828617889;WarmteAtlas:CO2EmissieBedrijven;;;
1075;NL;;24006;Afvalverw.Bedr.IJmond-Zaanstad;Zaanstad;Ringweg;1507BH;289;;114050;493470;38.21;Behandeling van onschadelijk afval;Afvalverwijdering;AVI's;CO2;34.8648;0.0;0.0;0.0;0.0;0.0;0.0;0.0;0.0;Overig;0.0;0.0;Afval;0;Maroon;2024;BU04792310;GM0479;1507.0;1507BS;BU04792311;GM0479;1507.0;1507BS;BU04792311;GM0479;1507.0;1507BS;True;False;False;52.42749856545868;4.785137104450436;WarmteAtlas:CO2EmissieBedrijven;;;
1076;NL;;24007;Nuon Power Generation BV Purmerend WKC;Purmerend;Hertzstraat;1446TG;2;;128379;503212;35.11.1;Productie van elektriciteit door thermische, kern- en warmtekrachtcentrales;Energiesector;Opwekking electriciteit;CO2;100.323602;0.0;127.90645;0.0;0.0;0.0;0.0;0.0;0.0;Opwekking electriciteit;0.0;0.0;Energy;0;Yellow;2024;BU04390505;GM0439;1446.0;1446TG;BU04390505;GM0439;1446.0;1446TG;BU04390505;GM0439;1446.0;1446TG;False;False;False;52.515934899207;4.9950277210360285;WarmteAtlas:CO2EmissieBedrijven;;;
1077;NL;;24008;Pen Bedryf Texel;Den Burg;Schilderend;1790AA;70;;119480;561950;35.11.1;Productie van elektriciteit door thermische, kern- en warmtekrachtcentrales;Energiesector;Opwekking electriciteit;CO2;33.011927;0.0;0.0;0.0;0.0;0.0;0.0;0.0;0.0;Opwekking electriciteit;0.0;0.0;Energy;0;Yellow;2024;BU04489998;GM0448;n.a.;n.a.;BU04489998;GM0448;n.a.;n.a.;BU04489998;GM0448;n.a.;n.a.;False;False;False;53.04327154894244;4.857592473572209;WarmteAtlas:CO2EmissieBedrijven;;;
1078;NL;LCP;24302;Crown van Gelder N.V.;Velsen Noord;Eendrachtsstraat;1951AZ;30;;103980;497960;17.12.1;Vervaardiging van grafisch papier en karton;Overige industrie;Papier(waren);CO2;131.031006;150.0;140.678177;142.670401;119.038342;127.707614;115.753851;41.636253;56.114526;Papier(waren);889.138616;889.138616;Papier;3;White;2024;BU04530502;GM0453;1951.0;1951AZ;BU04530502;GM0453;1951.0;1951AZ;BU04530502;GM0453;1951.0;1951AZ;False;False;False;52.46700461578771;4.636409617339418;WarmteAtlas:CO2EmissieBedrijven;;;
1079;NL;;24432;Joh. Enschedé Facilities B.V.;Haarlem;Oudeweg;2031CC;32;;105902;488738;18.12;Overige drukkerijen;Overige industrie;Grafische industrie;CO2;1.15928;0.0;0.0;0.0;0.0;0.0;0.0;0.0;0.0;Overig;0.0;0.0;Overige;0;Gray;2024;BU03920602;GM0392;2031.0;2031CG;BU03920602;GM0392;2031.0;2031CG;BU03920602;GM0392;2031.0;2031CG;False;False;False;52.384303282832015;4.666041982010111;WarmteAtlas:CO2EmissieBedrijven;;;
1080;NL;;24601;Renolit Nederland BV;Enkhuizen;Flevolaan;1601MA;1;;147700;523350;22.21;Vervaardiging van platen, folie, buizen en profielen van kunststof;Overige industrie;Rubber- en kunstofverw. Industrie;CO2;3.9096;3.947;0.0;0.0;0.0;0.0;0.0;0.0;0.0;Overig;0.0;0.0;Overige;0;Gray;2024;BU03880304;GM0388;1601.0;1601MA;BU03880304;GM0388;1601.0;1601MA;BU03880304;GM0388;1601.0;1601MA;False;False;False;52.69751582806873;5.279218857891461;WarmteAtlas:CO2EmissieBedrijven;;;
1081;NL;;24605;Forbo Flooring BV;Assendelft;Industrieweg;1566JP;12;;112868;500232;22.23;Vervaardiging van kunststofproducten voor de bouw;Overige industrie;Industrie overig;CO2;13.9686;10.585;15.823429;13.042587;12.887577;12.840889;11.287608;10.233989;10.23399;Overig;162.158292;162.158292;Overige;2;Gray;2024;BU04797220;GM0479;1566.0;1566JP;BU04797221;GM0479;1566.0;1566JP;BU04797221;GM0479;1566.0;1566JP;True;False;False;52.488178924092;4.766908260706917;WarmteAtlas:CO2EmissieBedrijven;;;
1082;NL;;24606;BN International BV;Huizen;Rokerijweg;1271AH;5;;145000;479450;17.24;Vervaardiging van behangselpapier;Overige industrie;Papier(waren);CO2;2.4084;6.561;8.775;7.4116;5.357341;3.452827;7.060983;0.0;0.0;Papier(waren);0.0;0.0;Papier;0;White;2024;BU04060513;GM0406;1271.0;1271AG;BU04060513;GM0406;1271.0;1271AG;BU04060513;GM0406;1271.0;1271AG;False;False;False;52.302931073122416;5.24059251196872;WarmteAtlas:CO2EmissieBedrijven;;;
1083;NL;;24615;Ucb Packaging Nederland BV;Haarlem;Oudeweg;2031CC;28;;105770;488700;22.20;Vervaardiging van produkten van kunststof;Overige industrie;Rubber- en kunstofverw. Industrie;CO2;1.26;0.0;0.0;0.0;0.0;0.0;0.0;0.0;0.0;Overig;0.0;0.0;Overige;0;Gray;2024;BU03920602;GM0392;2031.0;2031DB;BU03920602;GM0392;2031.0;2031DB;BU03920602;GM0392;2031.0;2031DB;False;False;False;52.38394995541979;4.664108854174237;WarmteAtlas:CO2EmissieBedrijven;;;
1084;NL;;24714;ENCI B.V. (IJmuiden);Velsen Noord;Noordersluisweg;1951JR;75;;102990;498402;23.51;Vervaardiging van cement;Overige industrie;Bouwmaterialenindustrie;CO2;33.628;36.53477;0.0;0.0;0.0;0.0;0.0;0.0;0.0;Bouwmaterialenindustrie;0.0;0.0;BouwMaterialen;0;SandyBrown;2024;BU04530506;GM0453;1951.0;1951JR;BU04530506;GM0453;1951.0;1951JR;BU04530506;GM0453;1951.0;1951JR;False;False;False;52.47088361256423;4.621773562494562;WarmteAtlas:CO2EmissieBedrijven;;;
1085;NL;;24750;Vemat BV;Cruquius;Spaarneweg;2142EN;31;;103600;483430;28.90;Vervaardiging van overige machines, apparaten en werktuigen voor specifieke doeleinden;Overige industrie;Metaalelektro;CO2;3.717;0.0;0.0;0.0;0.0;0.0;0.0;0.0;0.0;Metaalelektro;0.0;0.0;Overige;0;Gray;2024;BU03941397;GM0394;2142.0;2142EA;BU03941397;GM0394;2142.0;2142EA;BU03941397;GM0394;2142.0;2142EA;False;False;False;52.336389808699714;4.633043747824077;WarmteAtlas:CO2EmissieBedrijven;;;
1086;NL;;24752;Ooms Producten B.V.;Schagen;Langeloop;1742PB;8;;114100;534300;23.00;Vervaardiging van overige niet-metaalhoudende minerale producten;Overige industrie;Bouwmaterialenindustrie;CO2;3.4176;0.0;0.0;0.0;0.0;0.0;0.0;0.0;0.0;Bouwmaterialenindustrie;0.0;0.0;BouwMaterialen;0;SandyBrown;2024;BU04411680;GM0441;1742.0;1742PB;BU04411680;GM0441;1742.0;1742PB;BU04411680;GM0441;1742.0;1742PB;False;False;False;52.794428269787204;4.780841301717299;WarmteAtlas:CO2EmissieBedrijven;;;
1087;NL;;24755;BAM Wegen BV Regio Noordwest ACB;Amsterdam;Aziehavenweg;1046BK;20;;113700;490400;23.00;Vervaardiging van overige niet-metaalhoudende minerale producten;Overige industrie;Bouwmaterialenindustrie;CO2;3.709201;0.0;0.0;0.0;0.0;0.0;0.0;0.0;0.0;Bouwmaterialenindustrie;0.0;0.0;BouwMaterialen;0;SandyBrown;2024;BU0363BA02;GM0363;1046.0;1046BK;BU0363BA02;GM0363;1046.0;1046BK;BU0363BA02;GM0363;1046.0;1046BK;False;False;False;52.3998819857363;4.7803695657041425;WarmteAtlas:CO2EmissieBedrijven;;;
1088;NL;;26031;LipsPlus Hoorn B.V.;Hoorn;Neutronweg;1627LG;1;;135440;517380;96.01;Reinigen van kleding en textiel;Handel, Diensten en Overheid (HDO);Energiegebruik en processen Handel, Diensten en Overheid (HDO);CO2;0.0;0.0;0.0;0.0;0.0;0.0;0.0;0.0;0.0;Overig;0.0;0.0;Overige;0;Gray;2024;BU04053401;GM0405;1627.0;1627LC;BU04053401;GM0405;1627.0;1627LC;BU04053401;GM0405;1627.0;1627LC;False;False;False;52.64356169566614;5.098214710937309;WarmteAtlas:CO2EmissieBedrijven;;;
1089;NL;;2607;Cehave Landbouwbelang Voeders BV (Maasbracht);Maasbracht;Brouwersstraat;6051AA;19;;190380;351750;10.90;Vervaardiging van diervoeder;Overige industrie;Voedings- en genotmiddelenindustrie;CO2;1.69344;0.0;0.0;0.0;0.0;0.0;0.0;0.0;0.0;Voedings- en genotmiddelenindustrie;0.0;0.0;Voeding;0;Green;2024;BU16410000;GM1641;6051.0;6051AA;BU16410000;GM1641;6051.0;6051AA;BU16410000;GM1641;6051.0;6051AA;False;False;False;51.154103860101614;5.892891461972527;WarmteAtlas:CO2EmissieBedrijven;;;
1090;NL;;2608;Cehave Landbouwbelang Voeders BV (Wanssum);Wanssum;De Weichshavenstraat;5861AX;13;;203090;394650;10.90;Vervaardiging van diervoeder;Overige industrie;Voedings- en genotmiddelenindustrie;CO2;1.741824;0.0;0.0;0.0;0.0;0.0;0.0;0.0;0.0;Voedings- en genotmiddelenindustrie;0.0;0.0;Voeding;0;Green;2024;BU09842101;GM0984;5861.0;5861AX;BU09842101;GM0984;5861.0;5861EJ;BU09842101;GM0984;5861.0;5861EJ;False;False;False;51.538763920125426;6.080373664465843;WarmteAtlas:CO2EmissieBedrijven;;;
1091;NL;;26300;Van Leer Metallized Products;Amsterdam;P.V.Vlissingenstr;1096BK;12;;123200;482950;17.20;Vervaardiging van papier- en kartonwaren;Overige industrie;Papier(waren);CO2;2.23112;0.0;0.0;0.0;0.0;0.0;0.0;0.0;0.0;Papier(waren);0.0;0.0;Papier;0;White;2024;BU0363MQ06;GM0363;1096.0;1096BE;BU0363MQ06;GM0363;1096.0;1096BE;BU0363MQ06;GM0363;1096.0;1096BE;False;False;False;52.33355920352066;4.920655807691115;WarmteAtlas:CO2EmissieBedrijven;;;
1092;NL;;2748;Steinzeug-Keramo BV;Belfeld;Stationstraat;5951AW;9;;205303;369055;23.32;Vervaardiging van keramische producten voor de bouw (geen tegels en plavuizen);Overige industrie;Bouwmaterialenindustrie;CO2;14.6295;0.0;11.708927;0.0;0.0;0.0;0.0;0.0;0.0;Bouwmaterialenindustrie;0.0;0.0;BouwMaterialen;0;SandyBrown;2024;BU09835103;GM0983;5951.0;5951AW;BU09835103;GM0983;5951.0;5951AW;BU09835103;GM0983;5951.0;5951AW;False;False;False;51.308519796281345;6.108618872993574;WarmteAtlas:CO2EmissieBedrijven;;;
1093;NL;;28060;Polynorm Bruynzeel BV;Zaandam;Pieter Ghijsenlaan;1500EA;30;;116750;493450;16.23;Vervaardiging van overig timmerwerk voor de bouw;Overige industrie;Houtbewerkende industrie;CO2;13.145383;6.7125;0.0;0.0;0.0;0.0;0.0;0.0;0.0;Overig;0.0;0.0;Overige;0;Gray;2024;BU04792120;GM0479;1506.0;1506PV;BU04792121;GM0479;1506.0;1506PV;BU04792121;GM0479;1506.0;1506PV;True;False;False;52.42751384792802;4.824834241235714;WarmteAtlas:CO2EmissieBedrijven;;;
1094;NL;;28066;Cebo Holland BV;IJmuiden;Westerduinweg;1976BV;4;;99900;497250;19.20.2;Aardolieverwerking (geen -raffinage);Bouw;Overig bouw;CO2;0.0;2.537;0.0;0.0;0.0;0.0;0.0;0.0;0.0;Overig;0.0;0.0;Overige;0;Gray;2024;BU04530303;GM0453;1976.0;1976BV;BU04530303;GM0453;1976.0;1976BV;BU04530303;GM0453;1976.0;1976BV;False;False;False;52.46022873683805;4.576492071877484;WarmteAtlas:CO2EmissieBedrijven;;;
1095;NL;;28070;Alpha Netherlands B.V.;Naarden;Energiestraat;1411AR;21;;139110;479150;24.43;Vervaardiging van lood, zink en tin;Overige industrie;Basismetaal;CO2;0.0;1.353;1.22;0.847;0.0;0.0;0.0;0.0;0.0;Basismetaal;0.0;0.0;Basismetaal;0;Black;2024;BU19420504;GM1942;1411.0;1411AW;BU19420504;GM1942;1411.0;1411AW;BU19420504;GM1942;1411.0;1411AW;False;False;False;52.300096294064296;5.154252994706686;WarmteAtlas:CO2EmissieBedrijven;;;
1096;NL;;28072;Quaker Chemical BV;Uithoorn;Industrieweg;1422AH;7;;117100;472350;20.59;Vervaardiging van overige chemische producten n.e.g.;Chemische Industrie;Chemische Industrie overig;CO2;0.0;2.27107;2.429201;2.370186;2.524753;2.349139;2.079642;1.879189;1.926274;Chemische Industrie;26.157817;26.157817;Chemie;1;Magenta;2024;BU04517500;GM0451;1422.0;1422AH;BU04517500;GM0451;1422.0;1422AH;BU04517500;GM0451;1422.0;1422AH;False;False;False;52.237906368536144;4.832354330819272;WarmteAtlas:CO2EmissieBedrijven;;;
1097;NL;;28083;Nat. Lucht & Ruimtevaart Lab.;Amsterdam;Anthony Fokkerweg;1006BM;2;;117900;484150;72.10;Natuurwetenschappelijk speur- en ontwikkelingswerk;Handel, Diensten en Overheid (HDO);Energiegebruik en processen Handel, Diensten en Overheid (HDO);CO2;0.0;0.0;0.0;0.0;0.0;0.0;0.0;0.0;0.0;Overig;0.0;0.0;Overige;0;Gray;2024;BU0363KA06;GM0363;1059.0;1059CM;BU0363KA06;GM0363;1059.0;1059CM;BU0363KA06;GM0363;1059.0;1059CM;False;False;False;52.34401184311295;4.842768640959321;WarmteAtlas:CO2EmissieBedrijven;;;
1098;NL;;28085;Afval Energie Bedrijf (Amsterdam);Amsterdam;Australiehavenweg;1045BA;21;;114552;490378;38.21;Behandeling van onschadelijk afval;Afvalverwijdering;AVI's;CO2;0.0;0.0;1263.410974;1168.937613;1306.397707;1251.340096;1240.130287;1127.928046;1350.039305;Overig;21391.467861;21391.467861;Afval;5;Maroon;2024;BU0363BA02;GM0363;1045.0;1045BA;BU0363BA02;GM0363;1045.0;1045BA;BU0363BA02;GM0363;1045.0;1045BA;False;False;False;52.39974773940063;4.792890288394427;WarmteAtlas:CO2EmissieBedrijven;;;
1099;NL;;28086;Bukom Services BV;Heerhugowaard;Galileistraat;1704SE;55;;117630;521790;42.00;Grond-, water- en wegenbouw (geen grondverzet);Bouw;Overig bouw;CO2;0.0;0.0;0.0;0.0;0.0;0.0;0.0;0.0;0.0;Overig;0.0;0.0;Overige;0;Gray;2024;BU19802001;GM1980;1704.0;1704RG;BU19802001;GM1980;1704.0;1704RG;BU19802001;GM1980;1704.0;1704RG;False;False;False;52.68226231804145;4.834590736525467;WarmteAtlas:CO2EmissieBedrijven;;;
1100;NL;;28087;Schiphol Nederland BV;Schiphol;Evert van de Beekstraat;1118CP;202;;112500;480300;52.23;Dienstverlening voor de luchtvaart;Handel, Diensten en Overheid (HDO);Energiegebruik en processen Handel, Diensten en Overheid (HDO);CO2;0.0;0.0;0.0;0.0;0.0;0.0;0.0;0.0;0.0;Overig;0.0;0.0;Overige;0;Gray;2024;BU03941663;GM0394;1118.0;1118AP;BU03941663;GM0394;1118.0;1118AP;BU03941663;GM0394;1118.0;1118AP;False;False;False;52.30902000772303;4.764014551843253;WarmteAtlas:CO2EmissieBedrijven;;;
1101;NL;;28091;HVC N.V. (Alkmaar);Alkmaar;Jadestraat;1812RD;1;;112698;513765;38.21;Behandeling van onschadelijk afval;Afvalverwijdering;AVI's;CO2;0.0;12.788771;971.350437;1078.32939;980.87695;1028.50032;1018.21395;1016.9856;970.1709;Overig;15372.426232;15372.426232;Afval;4;Maroon;2024;BU03610309;GM0361;1812.0;1812RD;BU03610309;GM0361;1812.0;1812RD;BU03610309;GM0361;1812.0;1812RD;False;False;False;52.60978398485754;4.762686496434304;WarmteAtlas:CO2EmissieBedrijven;;;
1102;NL;;28094;Linde Gas Benelux BV;Velsen Noord;Wenckebachstraat;1951JZ;1;4 d 16;101802;499926;20.11;Vervaardiging van industriële gassen;Chemische Industrie;Chemische Industrie basisproducten;CO2;0.0;0.0;0.605;3.62;3.529063;3.13608;3.445761;3.20589;3.34909;Chemische Industrie;45.478932;45.478932;Chemie;2;Magenta;2024;BU03750801;GM0375;1949.0;1949AG;BU03750801;GM0375;1949.0;1949AL;BU03750801;GM0375;1949.0;1949AL;False;False;False;52.484465173814776;4.604048755976959;WarmteAtlas:CO2EmissieBedrijven;;;
1103;NL;;28095;Campina BV (Alkmaar);Alkmaar;Madame Curiestraat;1821BM;11;;112940;516000;10.51;Vervaardiging van zuivelproducten (geen consumptie-ijs);Overige industrie;Voedings- en genotmiddelenindustrie;CO2;0.0;0.101;0.0;0.0;0.0;0.0;0.0;0.0;0.0;Voedings- en genotmiddelenindustrie;0.0;0.0;Voeding;0;Green;2024;BU03610204;GM0361;1823.0;1823WD;BU03610204;GM0361;1823.0;1823WD;BU03610204;GM0361;1823.0;1823WD;False;False;False;52.6298878456122;4.7659756980513714;WarmteAtlas:CO2EmissieBedrijven;;;
1104;NL;;28096;Frico Cheese BV (Huizen);Huizen;Ambachtsweg;1271AM;52;;152809;489284;10.51;Vervaardiging van zuivelproducten (geen consumptie-ijs);Handel, Diensten en Overheid (HDO);Energiegebruik en processen Handel, Diensten en Overheid (HDO);CO2;0.0;0.362;0.0;0.0;0.0;0.0;0.0;0.0;0.0;Overig;0.0;0.0;Overige;0;Gray;2024;BU00500007;GM0050;3897.0;3897LP;BU00500007;GM0050;3897.0;3897LP;BU00500007;GM0050;3897.0;3897LP;False;False;False;52.39140157521687;5.355017705240704;WarmteAtlas:CO2EmissieBedrijven;;;
1105;NL;;28097;A-ware Zaandam B.V.;Zaandam;Ringweg;1507BS;330;;114156;493743;46.33.1;Groothandel in zuivelproducten en spijsoliën en -vetten;Handel, Diensten en Overheid (HDO);Energiegebruik en processen Handel, Diensten en Overheid (HDO);CO2;0.0;0.354;0.0;0.303;0.0;0.0;0.0;0.0;0.0;Overig;0.0;0.0;Overige;0;Gray;2024;BU04792310;GM0479;1507.0;1507BS;BU04792312;GM0479;1507.0;1507BS;BU04792312;GM0479;1507.0;1507BS;True;False;False;52.42995993931481;4.786662213566223;WarmteAtlas:CO2EmissieBedrijven;;;
1106;NL;;28098;FrieslandCampina Limmen (Ecomel);Limmen;Dusseldorperweg;1906AK;36;;108440;509470;10.51;Vervaardiging van zuivelproducten (geen consumptie-ijs);Overige industrie;Voedings- en genotmiddelenindustrie;CO2;0.0;0.686;0.677;0.653;0.0;0.0;0.0;0.0;0.0;Voedings- en genotmiddelenindustrie;0.0;0.0;Voeding;0;Green;2024;BU03830721;GM0383;1906.0;1906AL;BU03830721;GM0383;1906.0;1906AL;BU03830721;GM0383;1906.0;1906AL;False;False;False;52.57083957334191;4.700430148550885;WarmteAtlas:CO2EmissieBedrijven;;;
1107;NL;;28175;Waeles Nederland BV;Nieuw Vennep;Hoofdweg;2153LR;1278;;103764;475614;24.51;Gieten van ijzer;Overige industrie;Basismetaal;CO2;0.0;0.0;0.287052;0.202114;0.17648;0.0;0.0;0.0;0.0;Basismetaal;0.0;0.0;Basismetaal;0;Black;2024;BU03940230;GM0394;2153.0;2153LR;BU03940230;GM0394;2153.0;2153LR;BU03940230;GM0394;2153.0;2153LR;False;False;False;52.26616224769261;4.636637015594469;WarmteAtlas:CO2EmissieBedrijven;;;
1108;NL;LCP;28176;Vattenfall Power Generation B.V. (IJmond 1);Velsen-Noord;Hoge Drukweg;1951JZ;1;;101894;498859;35.11.1;Productie van elektriciteit door thermische, kern- en warmtekrachtcentrales;Energiesector;Opwekking electriciteit;CO2;0.0;1897.621;2209.446488;1984.209822;1721.075117;1738.864303;1535.189079;412.550917;1223.785426;Opwekking electriciteit;8566.497982;0.0;Energy;5;Yellow;2024;BU04530506;GM0453;1951.0;1951JR;BU04530506;GM0453;1951.0;1951JR;BU04530506;GM0453;1951.0;1951JR;False;False;False;52.4748853218408;4.605572564207216;WarmteAtlas:CO2EmissieBedrijven;;;
1109;NL;;28177;Shipdock BV;Amsterdam;Tt Vasumweg;1033SG;131;;120591;491384;33.15;Reparatie en onderhoud van schepen;Overige industrie;Metaalelektro;CO2;0.0;0.0;0.269107;0.0;0.0;0.0;0.0;0.0;0.0;Metaalelektro;0.0;0.0;Overige;0;Gray;2024;BU0363NB02;GM0363;1033.0;1033SG;BU0363NB02;GM0363;1033.0;1033SG;BU0363NB02;GM0363;1033.0;1033SG;False;False;False;52.409200828813205;4.881516292633155;WarmteAtlas:CO2EmissieBedrijven;;;
1110;NL;;2903;Aviko Rixona BV;Oostrum;Witte Vennenweg;5807EJ;6;;199183;392733;10.31;Vervaardiging van aardappelproducten;Overige industrie;Voedings- en genotmiddelenindustrie;CO2;14.09114;0.0;0.0;0.0;0.0;0.0;0.0;0.0;0.0;Voedings- en genotmiddelenindustrie;0.0;0.0;Voeding;0;Green;2024;BU09840601;GM0984;5807.0;5807EJ;BU09840601;GM0984;5807.0;5807EJ;BU09840601;GM0984;5807.0;5807EJ;False;False;False;51.521854209221004;6.023819893327535;WarmteAtlas:CO2EmissieBedrijven;;;
1111;NL;;3004;Nedri Spanstaal BV;Venlo;GROOT EGTENRAYSEWEG;5928PA;13;;207530;377350;24.34;Koudtrekken van draad;Overige industrie;Basismetaal;CO2;0.0;0.0;2.318335;0.0;0.0;0.0;1.273384;0.0;0.0;Basismetaal;0.0;0.0;Basismetaal;0;Black;2024;BU09832804;GM0983;5928.0;5928PA;BU09832804;GM0983;5928.0;5928PA;BU09832804;GM0983;5928.0;5928PA;False;False;False;51.38287371368279;6.141785381642446;WarmteAtlas:CO2EmissieBedrijven;;;
1112;NL;;3006;Inalfa Roof Systems B.V.;VENRAY;Smakterweg;5804AH;70;;196370;394480;29.32;Vervaardiging van niet-elektrische en -elektronische onderdelen en toebehoren voor auto's;Overige industrie;Metaalelektro;CO2;1.838907;2.009;0.0;0.0;0.0;0.0;0.0;0.0;0.0;Metaalelektro;0.0;0.0;Overige;0;Gray;2024;BU09841801;GM0984;5804.0;5804AB;BU09841801;GM0984;5804.0;5804AB;BU09841801;GM0984;5804.0;5804AB;False;False;False;51.53777056540083;5.983496488238746;WarmteAtlas:CO2EmissieBedrijven;;;
1113;NL;;3062;Verzinkerij van Aert BV;Nederweert;Winnerstraat;6031NK;101;;180687;367964;25.61;Oppervlaktebehandeling en bekleding van metaal;Overige industrie;Metaalelektro;CO2;0.0;0.0;0.0;1.34;1.267794;1.28;1.176;1.0187;1.1454;Metaalelektro;18.015889;18.015889;Overige;1;Gray;2024;BU09460202;GM0946;6031.0;6031NK;BU09460202;GM0946;6031.0;6031NK;BU09460202;GM0946;6031.0;6031NK;False;False;False;51.3003659625851;5.755520761096711;WarmteAtlas:CO2EmissieBedrijven;;;
1114;NL;;3064;Mamesta BV;Lomm;Spikweien;5943AC;27;;209980;384400;25.61;Oppervlaktebehandeling en bekleding van metaal;Overige industrie;Metaalelektro;CO2;1.061481;0.0;0.0;0.0;0.0;0.0;0.0;0.0;0.0;Metaalelektro;0.0;0.0;Overige;0;Gray;2024;BU09834302;GM0983;5943.0;5943AC;BU09834302;GM0983;5943.0;5943AC;BU09834302;GM0983;5943.0;5943AC;False;False;False;51.446005906826514;6.178074637901958;WarmteAtlas:CO2EmissieBedrijven;;;
1115;NL;;3066;Verzinkerij Weert BV en ElectroCoat BV (Weert Groep);Stramproy;Industrieweg;6039AP;35;;177957;356809;25.61;Oppervlaktebehandeling en bekleding van metaal;Overige industrie;Metaalelektro;CO2;0.0;0.0;4.376258;4.379853;0.0;0.0;0.0;0.0;0.0;Metaalelektro;0.0;0.0;Overige;0;Gray;2024;BU09883401;GM0988;6039.0;6039AP;BU09883401;GM0988;6039.0;6039AP;BU09883401;GM0988;6039.0;6039AP;False;False;False;51.20021502641892;5.715656531948148;WarmteAtlas:CO2EmissieBedrijven;;;
1116;NL;;3068;Coatinc Mook B.V.;Mook;Bovensteweg;6585KD;56;;189010;419400;25.61;Oppervlaktebehandeling en bekleding van metaal;Overige industrie;Metaalelektro;CO2;3.1008;0.0;0.0;1.8;1.84;1.89;1.607128;1.59;1.59;Metaalelektro;25.00896;25.00896;Overige;1;Gray;2024;BU09440001;GM0944;6585.0;6585KD;BU09440001;GM0944;6585.0;6585KD;BU09440001;GM0944;6585.0;6585KD;False;False;False;51.7622513402657;5.8798469845260595;WarmteAtlas:CO2EmissieBedrijven;;;
1117;NL;;3095;Konings IJzergieterij BV;Swalmen;Rijksweg Z;6071HT;9;;200450;360300;24.50;Gieten van metalen;Overige industrie;Basismetaal;CO2;0.623665;0.0;0.0;0.0;0.0;0.0;0.0;0.0;0.0;Basismetaal;0.0;0.0;Basismetaal;0;Black;2024;BU09570801;GM0957;6071.0;6071HZ;BU09570801;GM0957;6071.0;6071HZ;BU09570801;GM0957;6071.0;6071HZ;False;False;False;51.23023792012155;6.037904718614186;WarmteAtlas:CO2EmissieBedrijven;;;
1118;NL;;3114;Belden Wire en Cable BV;Venlo;Edisonstraat;5928PG;9;;207120;377520;26.40;Vervaardiging van consumentenelektronica;Overige industrie;Metaalelektro;CO2;0.0;2.301;0.0;0.0;0.0;0.0;0.0;0.0;0.0;Metaalelektro;0.0;0.0;Overige;0;Gray;2024;BU09832804;GM0983;5928.0;5928PG;BU09832804;GM0983;5928.0;5928PG;BU09832804;GM0983;5928.0;5928PG;False;False;False;51.38443967412246;6.135921352860434;WarmteAtlas:CO2EmissieBedrijven;;;
1119;NL;;31201;Rohm and Haas BV (Amersfoort);Amersfoort;Kleine Koppel;3812PG;31;;154550;463620;20.52;Vervaardiging van lijm en bereide kleefmiddelen;Chemische Industrie;Chemische Industrie overig;CO2;1.949522;0.0;0.0;0.0;0.0;0.0;0.0;0.0;0.0;Chemische Industrie;0.0;0.0;Chemie;0;Magenta;2024;BU03070401;GM0307;3812.0;3812PB;BU03070401;GM0307;3812.0;3812PB;BU03070401;GM0307;3812.0;3812PB;False;False;False;52.16074463945023;5.380627046694199;WarmteAtlas:CO2EmissieBedrijven;;;
1120;NL;;3127;Eroba BV Rijwielfabriek;Echt;Trambaan;6100AA;17;;188252;346134;25.61;Oppervlaktebehandeling en bekleding van metaal;Overige industrie;Metaalelektro;CO2;0.0;0.0;0.0;0.0;0.0;0.0;0.0;0.0;0.0;Metaalelektro;0.0;0.0;Overige;0;Gray;2024;BU17110523;GM1711;6101.0;6101AJ;BU17110523;GM1711;6101.0;6101AJ;BU17110523;GM1711;6101.0;6101AJ;False;False;False;51.10375271544635;5.86195491303645;WarmteAtlas:CO2EmissieBedrijven;;;
1121;NL;;31301;DSM Minera;Maarssen;Sportparkweg;3604AW;6;;132300;459900;20.10;Vervaardiging van chemische basisprodukten,kunstmestoffen en stikstofverbindingen en van rubber;Chemische Industrie;Chemische Industrie basisproducten;CO2;6.1512;4.8321;0.0;0.0;0.0;0.0;0.0;0.0;0.0;Chemische Industrie;0.0;0.0;Chemie;0;Magenta;2024;BU19040104;GM1904;3604.0;3604BB;BU19040104;GM1904;3604.0;3604BB;BU19040104;GM1904;3604.0;3604BB;False;False;False;52.12684412530111;5.055707432696345;WarmteAtlas:CO2EmissieBedrijven;;;
1122;NL;;31306;Pembroek B.V.;Loosdrecht;Industrieweg;1231KH;22;;138080;467480;20.14.9;Vervaardiging van organische basischemicaliën (geen petrochemische producten);Chemische Industrie;Chemische Industrie basisproducten;CO2;0.0;0.0903;0.0;0.0;0.0;0.0;0.0;0.0;0.0;Chemische Industrie;0.0;0.0;Chemie;0;Magenta;2024;BU16960400;GM1696;1231.0;1231KH;BU16960400;GM1696;1231.0;1231KH;BU16960400;GM1696;1231.0;1231KH;False;False;False;52.19517900809159;5.139736589145799;WarmteAtlas:CO2EmissieBedrijven;;;
1123;NL;;31311;CARBOGEN AMCIS B.V.;Veenendaal;Nieuweweg;3901BE;2;- 2a;166850;449000;46.75.1;Groothandel in chemische grondstoffen en chemicaliën voor industriële toepassing;Chemische Industrie;Chemische Industrie overig;CO2;3.907836;0.0;3.0;2.39;2.18;1.96;2.16;2.15;2.03;Chemische Industrie;27.566363;27.566363;Chemie;2;Magenta;2024;BU03450001;GM0345;3901.0;3901CC;BU03450001;GM0345;3901.0;3901CC;BU03450001;GM0345;3901.0;3901CC;False;False;False;52.02921314663027;5.559875087417911;WarmteAtlas:CO2EmissieBedrijven;;;
1124;NL;;31318;Orphahell BV;Mijdrecht;Industrieweg;3640AD;23;;119840;468920;20.10;Vervaardiging van chemische basisprodukten,kunstmestoffen en stikstofverbindingen en van rubber;Chemische Industrie;Chemische Industrie basisproducten;CO2;1.3578;0.0;0.0;0.0;0.0;0.0;0.0;0.0;0.0;Chemische Industrie;0.0;0.0;Chemie;0;Magenta;2024;BU07360107;GM0736;3641.0;3641RK;BU07360107;GM0736;3641.0;3641RK;BU07360107;GM0736;3641.0;3641RK;False;False;False;52.207260714046;4.872821889885473;WarmteAtlas:CO2EmissieBedrijven;;;
1125;NL;;31322;Kerry Bio-Science (Utrecht);Utrecht;Maarssenbroeksedijk;3542DN;2;a;131830;459760;20.53;Vervaardiging van etherische oliën;Chemische Industrie;Chemische Industrie basisproducten;CO2;1.266;2.717;0.0;0.0;0.0;0.0;0.0;0.0;0.0;Chemische Industrie;0.0;0.0;Chemie;0;Magenta;2024;BU03440133;GM0344;3542.0;3542DN;BU03440133;GM0344;3542.0;3542DN;BU03440133;GM0344;3542.0;3542DN;False;False;False;52.12556634027272;5.048853500453915;WarmteAtlas:CO2EmissieBedrijven;;;
1126;NL;;31402;SC Johnson Europlant B.V.;Mijdrecht;Groot Mijdrechtstraat;3641RV;81;;119840;469690;20.41;Vervaardiging van zeep en wasmiddelen, poets- en reinigingsmiddelen;Chemische Industrie;Chemische Industrie overig;CO2;3.979804;0.0;0.0;0.0;0.0;0.0;0.0;0.0;0.0;Chemische Industrie;0.0;0.0;Chemie;0;Magenta;2024;BU07360107;GM0736;3641.0;3641RV;BU07360107;GM0736;3641.0;3641RV;BU07360107;GM0736;3641.0;3641RV;False;False;False;52.214181124578516;4.872742011835478;WarmteAtlas:CO2EmissieBedrijven;;;
1127;NL;;32101;Remia CV (Willem Arntszlaan, Den Dolder);Den Dolder;W.Arntszlaan;3734ED;71;-77;144580;461220;10.84;"Vervaardiging van specerijen, sauzen en kruiderijen; zoutraffinage";Overige industrie;Voedings- en genotmiddelenindustrie;CO2;0.0;0.0;0.0;0.0;0.0;0.0;0.0;0.0;0.0;Voedings- en genotmiddelenindustrie;0.0;0.0;Voeding;0;Green;2024;BU03550506;GM0355;3734.0;3734EE;BU03550506;GM0355;3734.0;3734EE;BU03550506;GM0355;3734.0;3734EE;False;False;False;52.13907575669506;5.234995181630143;WarmteAtlas:CO2EmissieBedrijven;;;
1128;NL;;32102;Cereol Benelux BV;Utrecht;E-Meysterlaan;3503RA;3;;134620;455630;10.40;Vervaardiging van plantaardige en dierlijke olien en vetten;Overige industrie;Voedings- en genotmiddelenindustrie;CO2;0.01683;22.876;0.0;0.0;0.0;0.0;0.0;0.0;0.0;Voedings- en genotmiddelenindustrie;0.0;0.0;Voeding;0;Green;2024;BU03440112;GM0344;3533.0;3533CK;BU03440112;GM0344;3533.0;3533CK;BU03440112;GM0344;3533.0;3533CK;False;False;False;52.08855612888227;5.08984207199826;WarmteAtlas:CO2EmissieBedrijven;;;
1129;NL;;324;TREGA International B.V. Sphinx Tiles;Maastricht;Borgharenweg;6222AA;30;;177120;319250;23.31;Vervaardiging van keramische tegels en plavuizen;Overige industrie;Bouwmaterialenindustrie;CO2;20.023219;23.836;0.0;0.0;0.0;0.0;0.0;0.0;0.0;Bouwmaterialenindustrie;0.0;0.0;BouwMaterialen;0;SandyBrown;2024;BU09350404;GM0935;6222.0;6222AA;BU09350404;GM0935;6222.0;6222AA;BU09350404;GM0935;6222.0;6222AA;False;False;False;50.86264255900079;5.7013710215952536;WarmteAtlas:CO2EmissieBedrijven;;;
1130;NL;;325;Lawter Maastricht BV;Maastricht;Ankerkade;6222NL;81;;177690;321395;20.14.9;Vervaardiging van organische basischemicaliën (geen petrochemische producten);Chemische Industrie;Chemische Industrie basisproducten;CO2;0.0;3.885021;3.099332;2.77;2.726;2.816;2.818;2.664;2.676;Chemische Industrie;36.338714;36.338714;Chemie;2;Magenta;2024;BU09350500;GM0935;6222.0;6222NL;BU09350500;GM0935;6222.0;6222NL;BU09350500;GM0935;6222.0;6222NL;False;False;False;50.881900954343685;5.709600922616307;WarmteAtlas:CO2EmissieBedrijven;;;
1131;NL;;326;Wienerberger Steenfabriek Poriso;Brunssum;Kranenpool;6443VA;4;;197490;328090;23.32;Vervaardiging van keramische producten voor de bouw (geen tegels en plavuizen);Overige industrie;Bouwmaterialenindustrie;CO2;11.52816;0.0;28.979;33.817977;19.82865;25.285307;27.994937;9.233751;12.762597;Bouwmaterialenindustrie;192.254098;192.254098;BouwMaterialen;2;SandyBrown;2024;BU08990339;GM0899;6443.0;6443VA;BU08990339;GM0899;6443.0;6443VA;BU08990339;GM0899;6443.0;6443VA;False;False;False;50.94095169030643;5.991713678855781;WarmteAtlas:CO2EmissieBedrijven;;;
1132;NL;;32903;Douwe Egberts Nederland BV;Utrecht;Keulsekade;3532AA;143;;133980;456540;10.83;Verwerking van koffie en thee;Overige industrie;Voedings- en genotmiddelenindustrie;CO2;3.50784;0.0;0.0;0.0;0.0;0.0;0.0;0.0;0.0;Voedings- en genotmiddelenindustrie;0.0;0.0;Voeding;0;Green;2024;BU03440131;GM0344;3532.0;3532AA;BU03440131;GM0344;3532.0;3532AA;BU03440131;GM0344;3532.0;3532AA;False;False;False;52.09671121084056;5.080447982287977;WarmteAtlas:CO2EmissieBedrijven;;;
1133;NL;;32920;Lunenburg Vlees BV;Oudewater;Elzenweg;3421TT;15;- 17;119100;449900;46.32;Groothandel in vlees en vleesproducten en in wild en gevogelte (niet levend);Handel, Diensten en Overheid (HDO);Energiegebruik en processen Handel, Diensten en Overheid (HDO);CO2;0.0;0.0;0.469159;0.0;0.0;0.0;0.0;0.0;0.0;Overig;0.0;0.0;Overige;0;Gray;2024;BU05890208;GM0589;3421.0;3421TT;BU05890208;GM0589;3421.0;3421TT;BU05890208;GM0589;3421.0;3421TT;False;False;False;52.0362675650544;4.864001719759556;WarmteAtlas:CO2EmissieBedrijven;;;
1134;NL;;33101;Voestalpine Automotive Components Bunschoten B.V.;Bunschoten Spakenburg;Amersfoortseweg;3751LJ;9;;154000;471100;25.50;"Smeden, persen, stampen en profielwalsen van metaal; poedermetallurgie";Overige industrie;Metaalelektro;CO2;1.06893;0.839;0.0;0.0;0.0;0.0;0.0;0.0;0.0;Metaalelektro;0.0;0.0;Overige;0;Gray;2024;BU03130001;GM0313;3751.0;3751LJ;BU03130001;GM0313;3751.0;3751LJ;BU03130001;GM0313;3751.0;3751LJ;False;False;False;52.227973166166144;5.372567314862072;WarmteAtlas:CO2EmissieBedrijven;;;
1135;NL;;33104;Trivium Aluminium Packaging Netherlands B.V.;Veenendaal;Rozenstraat;3905BM;19;;165850;449250;25.92;Vervaardiging van verpakkingsmiddelen van licht metaal;Overige industrie;Metaalelektro;CO2;3.288525;6.023;7.68;5.453063;4.11;0.0;0.0;0.0;0.0;Metaalelektro;0.0;0.0;Overige;0;Gray;2024;BU03450441;GM0345;3905.0;3905ZV;BU03450441;GM0345;3905.0;3905ZV;BU03450441;GM0345;3905.0;3905ZV;False;False;False;52.03148065748815;5.545311602456444;WarmteAtlas:CO2EmissieBedrijven;;;
1136;NL;;33108;NN Netherlands BV (SKF Kogellagerindustrie BV);Veenendaal;Groeneveldselaan;3902HA;25;;166850;447100;28.15;Vervaardiging van tandwielen, lagers en overige drijfwerkelementen;Overige industrie;Metaalelektro;CO2;1.05984;0.0;0.0;0.0;0.0;0.0;0.0;0.0;0.0;Metaalelektro;0.0;0.0;Overige;0;Gray;2024;BU03450225;GM0345;3903.0;3903AX;BU03450225;GM0345;3903.0;3903AX;BU03450225;GM0345;3903.0;3903AX;False;False;False;52.012135779665215;5.559809221369347;WarmteAtlas:CO2EmissieBedrijven;;;
1137;NL;;33309;Koninklijke Bammens B.V.;Maarssen;Straatweg;3604BA;7;;131650;460500;25.29;Vervaardiging van overige tanks, reservoirs en bergingsmiddelen van metaal;Overige industrie;Metaalelektro;CO2;0.1452;0.0;0.0;0.0;0.0;0.0;0.0;0.0;0.0;Metaalelektro;0.0;0.0;Overige;0;Gray;2024;BU19040117;GM1904;3604.0;3604AE;BU19040117;GM1904;3604.0;3604AE;BU19040117;GM1904;3604.0;3604AE;False;False;False;52.132209771819205;5.046174259452736;WarmteAtlas:CO2EmissieBedrijven;;;
1138;NL;;33414;BASF Nederland B.V.;De Meern;Strijkviertel;3454PK;67;;132150;454100;20.16;Vervaardiging van kunststof in primaire vorm;Chemische Industrie;Chemische Industrie basisproducten;CO2;0.0;0.0;0.0;7.423769;6.471714;7.803882;7.138209;2.136219;3.423894;Chemische Industrie;46.494732;46.494732;Chemie;2;Magenta;2024;BU03441033;GM0344;3454.0;3454PK;BU03441033;GM0344;3454.0;3454PK;BU03441033;GM0344;3454.0;3454PK;False;False;False;52.07470821652601;5.053905711392399;WarmteAtlas:CO2EmissieBedrijven;;;
1139;NL;;33666;Van Leer Nederland B.V. (Vreeland);Vreeland;Bergseweg;3633AK;6;;130800;471700;25.90;Vervaardiging van overige produkten van metaal;Overige industrie;Metaalelektro;CO2;0.830592;0.0;0.0;0.0;0.0;0.0;0.0;0.0;0.0;Metaalelektro;0.0;0.0;Overige;0;Gray;2024;BU19040603;GM1904;3633.0;3633AK;BU19040603;GM1904;3633.0;3633AK;BU19040603;GM1904;3633.0;3633AK;False;False;False;52.23283598100052;5.03296173038727;WarmteAtlas:CO2EmissieBedrijven;;;
1140;NL;;34001;Nuon Power Generation BV (Lage Weide / Merwedekanaal);Utrecht;Keulsekade;3534AC;181;;133892;457008;35.11.1;Productie van elektriciteit door thermische, kern- en warmtekrachtcentrales;Energiesector;Opwekking electriciteit;CO2;635.76342;0.0;0.0;0.0;0.0;0.0;0.0;0.0;0.0;Opwekking electriciteit;0.0;0.0;Energy;0;Yellow;2024;BU03440132;GM0344;3534.0;3534AC;BU03440132;GM0344;3534.0;3534AC;BU03440132;GM0344;3534.0;3534AC;False;False;False;52.100914203027735;5.079134799986413;WarmteAtlas:CO2EmissieBedrijven;;;
1141;NL;;34003;Una Centrale Lage Weide NV;Utrecht;Atoomweg;3542AA;7;-9;133880;457170;35.11.1;Productie van elektriciteit door thermische, kern- en warmtekrachtcentrales;Energiesector;Opwekking electriciteit;CO2;570.614;0.0;0.0;0.0;0.0;0.0;0.0;0.0;0.0;Opwekking electriciteit;0.0;0.0;Energy;0;Yellow;2024;BU03440132;GM0344;3534.0;3534AM;BU03440132;GM0344;3534.0;3534AM;BU03440132;GM0344;3534.0;3534AM;False;False;False;52.102369785462905;5.078949627947303;WarmteAtlas:CO2EmissieBedrijven;;;
1142;NL;;34006;HWC Nieuwegein;Nieuwegein;Doorslag;3435DG;3;;134400;448500;35.11.1;Productie van elektriciteit door thermische, kern- en warmtekrachtcentrales;Energiesector;Opwekking electriciteit;CO2;1.988806;1.787;0.0;0.0;0.0;0.0;0.0;0.0;0.0;Opwekking electriciteit;0.0;0.0;Energy;0;Yellow;2024;BU03561500;GM0356;3432.0;3432NC;BU03561500;GM0356;3432.0;3432NC;BU03561500;GM0356;3432.0;3432NC;False;False;False;52.024463752913576;5.0870619583336145;WarmteAtlas:CO2EmissieBedrijven;;;
1143;NL;;34108;Pharr Holland BV;Veenendaal;Industrielaan;3903AD;38;;167000;447500;13.30;Textielveredeling;Overige industrie;Textiel- en tapijtindustrie;CO2;0.0;0.0;0.0;0.0;0.0;0.0;0.0;0.0;0.0;Overig;0.0;0.0;Overige;0;Gray;2024;BU03450225;GM0345;3903.0;3903LA;BU03450225;GM0345;3903.0;3903LA;BU03450225;GM0345;3903.0;3903LA;False;False;False;52.01572779052984;5.562008137831144;WarmteAtlas:CO2EmissieBedrijven;;;
1144;NL;;34111;Lantor BV;Veenendaal;Verlaat;3901RG;22;;166830;448800;13.95;Vervaardiging van gebonden textielvlies en van artikelen van gebonden textielvlies, geen kleding;Overige industrie;Textiel- en tapijtindustrie;CO2;0.0;0.0;2.726;0.0;0.0;0.0;0.0;0.0;0.0;Overig;0.0;0.0;Overige;0;Gray;2024;BU03450002;GM0345;3901.0;3901TP;BU03450002;GM0345;3901.0;3901TP;BU03450002;GM0345;3901.0;3901TP;False;False;False;52.027415958591725;5.559576734776574;WarmteAtlas:CO2EmissieBedrijven;;;
1145;NL;;34303;Remia CV;Den Dolder;Dolderseweg;3734BE;107;;144800;461320;10.84;"Vervaardiging van specerijen, sauzen en kruiderijen; zoutraffinage";Overige industrie;Voedings- en genotmiddelenindustrie;CO2;0.603399;0.0;4.558989;4.8;5.075501;5.6;6.2;6.15;5.941;Voedings- en genotmiddelenindustrie;92.705646;92.705646;Voeding;2;Green;2024;BU03550506;GM0355;3734.0;3734EC;BU03550506;GM0355;3734.0;3734EC;BU03550506;GM0355;3734.0;3734EC;False;False;False;52.13997864875245;5.238205785309093;WarmteAtlas:CO2EmissieBedrijven;;;
1146;NL;;34406;Biegelaar B.V.;Maarssenbroek;Nijverheidsweg;3606AH;15;;131150;460300;18.12.2;Drukkerijen van tijdschriften;Overige industrie;Grafische industrie;CO2;0.0;0.0;0.0;0.0;0.0;0.0;0.0;0.0;0.0;Overig;0.0;0.0;Overige;0;Gray;2024;BU19041202;GM1904;3606.0;3606AH;BU19041202;GM1904;3606.0;3606AH;BU19041202;GM1904;3606.0;3606AH;False;False;False;52.130390870653244;5.038885849421032;WarmteAtlas:CO2EmissieBedrijven;;;
1147;NL;;34418;Lindner Industrie BV;Soest;Koningsweg;3760AB;20;;147200;465500;25.90;Vervaardiging van overige produkten van metaal;Overige industrie;Metaalelektro;CO2;0.0;0.0;0.0;0.0;0.0;0.0;0.0;0.0;0.0;Metaalelektro;0.0;0.0;Overige;0;Gray;2024;BU03420101;GM0342;3762.0;3762KK;BU03420101;GM0342;3762.0;3762KK;BU03420101;GM0342;3762.0;3762KK;False;False;False;52.17758713492687;5.273168152001776;WarmteAtlas:CO2EmissieBedrijven;;;
1148;NL;;34614;Ocriet B.V.;Eemnes;Eemweg;3755LD;108;;149450;471250;22.20;Vervaardiging van produkten van kunststof;Overige industrie;Rubber- en kunstofverw. Industrie;CO2;0.62;0.0;0.0;0.0;0.0;0.0;0.0;0.0;0.0;Overig;0.0;0.0;Overige;0;Gray;2024;BU03170210;GM0317;3755.0;3755LD;BU03170210;GM0317;3755.0;3755LD;BU03170210;GM0317;3755.0;3755LD;False;False;False;52.2292943990874;5.305968991962727;WarmteAtlas:CO2EmissieBedrijven;;;
1149;NL;;34706;Steenf. de Bosscherwaarden BV;Wijk bij Duurstede;Lekdijk West;3960BA;28;;150150;440930;23.32;Vervaardiging van keramische producten voor de bouw (geen tegels en plavuizen);Overige industrie;Bouwmaterialenindustrie;CO2;2.48;0.0;0.0;0.0;0.0;0.0;0.0;0.0;0.0;Bouwmaterialenindustrie;0.0;0.0;BouwMaterialen;0;SandyBrown;2024;BU03520101;GM0352;3961.0;3961MC;BU03520101;GM0352;3961.0;3961MC;BU03520101;GM0352;3961.0;3961MC;False;False;False;51.956784519037285;5.31664519907483;WarmteAtlas:CO2EmissieBedrijven;;;
1150;NL;;34708;Wienerberger Timmermans BV;Elst;Fabrieksweg;3922GA;2;;161370;444120;23.32;Vervaardiging van keramische producten voor de bouw (geen tegels en plavuizen);Overige industrie;Bouwmaterialenindustrie;CO2;10.1952;0.0;0.0;0.0;0.0;0.0;0.0;0.0;0.0;Bouwmaterialenindustrie;0.0;0.0;BouwMaterialen;0;SandyBrown;2024;BU03401201;GM0340;3922.0;3922GB;BU03401201;GM0340;3922.0;3922GB;BU03401201;GM0340;3922.0;3922GB;False;False;False;51.985441226994915;5.4799325672324635;WarmteAtlas:CO2EmissieBedrijven;;;
1151;NL;;34726;Stf.Koramic Over-Betuwe BV;Rhenen;Utrechtsestraatweg;5527ZJ;208;;164900;442620;23.32;Vervaardiging van keramische producten voor de bouw (geen tegels en plavuizen);Overige industrie;Bouwmaterialenindustrie;CO2;19.30176;0.0;0.0;0.0;0.0;0.0;0.0;0.0;0.0;Bouwmaterialenindustrie;0.0;0.0;BouwMaterialen;0;SandyBrown;2024;BU03400901;GM0340;3911.0;3911TX;BU03400901;GM0340;3911.0;3911TX;BU03400901;GM0340;3911.0;3911TX;False;False;False;51.97190719848273;5.531276175362619;WarmteAtlas:CO2EmissieBedrijven;;;
1152;NL;;34763;ACU B.V.;Utrecht;Groenewoudsedijk;3528BG;7;;134100;454100;42.00;Grond-, water- en wegenbouw (geen grondverzet);Bouw;Overig bouw;CO2;3.013956;0.0;0.0;0.0;0.0;0.0;0.0;0.0;0.0;Overig;0.0;0.0;Overige;0;Gray;2024;BU03440953;GM0344;3528.0;3528BH;BU03440953;GM0344;3528.0;3528BH;BU03440953;GM0344;3528.0;3528BH;False;False;False;52.0747852114038;5.082348640224732;WarmteAtlas:CO2EmissieBedrijven;;;
1153;NL;;3507;Componenta (Belfeld) BV;Belfeld;Witveldweg;5951AV;40;;206060;370500;24.51;Gieten van ijzer;Overige industrie;Basismetaal;CO2;0.0;0.0;0.0;0.0;0.0;0.0;0.0;0.0;0.0;Basismetaal;0.0;0.0;Basismetaal;0;Black;2024;BU09835105;GM0983;5951.0;5951AV;BU09835105;GM0983;5951.0;5951AV;BU09835105;GM0983;5951.0;5951AV;False;False;False;51.321439872998205;6.119682581002114;WarmteAtlas:CO2EmissieBedrijven;;;
1154;NL;;3509;VDL Castings Weert B.V.;Weert;Lozerweg;6006SR;90;;173350;361000;24.51;Gieten van ijzer;Overige industrie;Basismetaal;CO2;0.0;0.0;1.220823;0.948267;1.017703;0.831184;0.050902;0.0;0.0;Basismetaal;0.0;0.0;Basismetaal;0;Black;2024;BU09882502;GM0988;6006.0;6006SR;BU09882502;GM0988;6006.0;6006SR;BU09882502;GM0988;6006.0;6006SR;False;False;False;51.23805428766697;5.6499586887478275;WarmteAtlas:CO2EmissieBedrijven;;;
1155;NL;;3513;MGG Netherlands BV;Tegelen;Industriestraat;5931PJ;14;a;207290;372300;24.53;Gieten van lichte metalen;Overige industrie;Basismetaal;CO2;0.0;4.337328;5.197;5.354428;4.577476;5.484487;4.99928;3.903447;4.23535;Basismetaal;47.704041;47.704041;Basismetaal;2;Black;2024;BU09833103;GM0983;5931.0;5931PJ;BU09833103;GM0983;5931.0;5931PJ;BU09833103;GM0983;5931.0;5931PJ;False;False;False;51.33750612009931;6.137591757063854;WarmteAtlas:CO2EmissieBedrijven;;;
1156;NL;;3601;Xerox Manufacturing (Nederland) B.V.;Venray;Maasheseweg;5804AB;89;;196650;395150;28.23;Vervaardiging van kantoormachines en -apparatuur (geen computers en randapparatuur);Overige industrie;Metaalelektro;CO2;4.997289;0.0;0.0;0.0;0.0;0.0;0.0;0.0;0.0;Metaalelektro;0.0;0.0;Overige;0;Gray;2024;BU09841801;GM0984;5804.0;5804AB;BU09841801;GM0984;5804.0;5804AB;BU09841801;GM0984;5804.0;5804AB;False;False;False;51.54377199514022;5.987611719087759;WarmteAtlas:CO2EmissieBedrijven;;;
1157;NL;;38002;Stichting AL-terrein;Bilthoven;A.V.Leeuwenhoeklaan;3721MA;9;;141390;458900;94.99.7;Overige belangenbehartiging n.e.g.;Handel, Diensten en Overheid (HDO);Energiegebruik en processen Handel, Diensten en Overheid (HDO);CO2;0.0;0.0;0.0;13.746291;12.281165;12.854783;12.515028;11.65022;11.416163;Overig;180.889907;180.889907;Overige;2;Gray;2024;BU03100801;GM0310;3721.0;3721MX;BU03100801;GM0310;3721.0;3721MX;BU03100801;GM0310;3721.0;3721MX;False;False;False;52.11815449156489;5.188490789882672;WarmteAtlas:CO2EmissieBedrijven;;;
1158;NL;;38014;Nuon Power Generation BV HWC (Kanaleneiland);Utrecht;Kanaalweg;3527KX;59;;135840;454540;35.11.1;Productie van elektriciteit door thermische, kern- en warmtekrachtcentrales;Energiesector;Opwekking electriciteit;CO2;0.0;0.0;0.0;0.0;0.0;0.0;0.0;0.0;0.0;Opwekking electriciteit;0.0;0.0;Energy;0;Yellow;2024;BU03440823;GM0344;3527.0;3527KX;BU03440823;GM0344;3527.0;3527KX;BU03440823;GM0344;3527.0;3527KX;False;False;False;52.07880281790751;5.107703879938399;WarmteAtlas:CO2EmissieBedrijven;;;
1159;NL;;38016;Nuon Power Generation BV HWC (Overvecht);Utrecht;Esmoreitdreef;3562LB;3;;135830;458390;35.11.1;Productie van elektriciteit door thermische, kern- en warmtekrachtcentrales;Energiesector;Opwekking electriciteit;CO2;0.0;0.0685;0.0;0.0;0.0;0.0;0.0;0.0;0.0;Opwekking electriciteit;0.0;0.0;Energy;0;Yellow;2024;BU03440321;GM0344;3562.0;3562LB;BU03440321;GM0344;3562.0;3562LB;BU03440321;GM0344;3562.0;3562LB;False;False;False;52.113405996651274;5.107341589588688;WarmteAtlas:CO2EmissieBedrijven;;;
1160;NL;;39103;Koninklijke Eru Kaasfabriek BV;Woerden;Middellandse Zee;3446CG;7;;122230;454360;10.51;Vervaardiging van zuivelproducten (geen consumptie-ijs);Overige industrie;Voedings- en genotmiddelenindustrie;CO2;0.0;0.805;0.505635;0.480535;0.551148;0.559892;0.592665;0.573743;0.689776;Voedings- en genotmiddelenindustrie;10.76353;10.76353;Voeding;1;Green;2024;BU06320304;GM0632;3446.0;3446CK;BU06320304;GM0632;3446.0;3446CK;BU06320304;GM0632;3446.0;3446CK;False;False;False;52.076547035551165;4.9091885005103295;WarmteAtlas:CO2EmissieBedrijven;;;
1161;NL;;39105;Vrumona BV;Bunnik;Vrumonaweg;3981HT;2;;142200;452700;11.05;Vervaardiging van bier;Overige industrie;Voedings- en genotmiddelenindustrie;CO2;0.0;0.0;6.494638;5.13;5.05786;4.94168;4.745918;4.195711;3.784123;Voedings- en genotmiddelenindustrie;59.048909;59.048909;Voeding;2;Green;2024;BU03120000;GM0312;3981.0;3981CK;BU03120000;GM0312;3981.0;3981CK;BU03120000;GM0312;3981.0;3981CK;False;False;False;52.062448309051376;5.200549688096913;WarmteAtlas:CO2EmissieBedrijven;;;
1162;NL;;39111;NEDAL Aluminium BV (Utrecht);Utrecht;Groenewoudsedijk;3528BG;1;;133834;454750;24.42;Vervaardiging van aluminium;Overige industrie;Basismetaal;CO2;0.0;5.282;0.0;0.0;0.0;0.0;0.0;0.0;0.0;Basismetaal;0.0;0.0;Basismetaal;0;Black;2024;BU03440953;GM0344;3528.0;3528BG;BU03440953;GM0344;3528.0;3528BG;BU03440953;GM0344;3528.0;3528BG;False;False;False;52.08061727142712;5.078428420436611;WarmteAtlas:CO2EmissieBedrijven;;;
1163;NL;;3932;Philips Lighting B.V. (Weert);Weert;Industriekade;6006SJ;44;;175400;362010;26.40;Vervaardiging van consumentenelektronica;Overige industrie;Metaalelektro;CO2;0.0;0.0;0.0;0.0;0.0;0.0;0.0;0.0;0.0;Metaalelektro;0.0;0.0;Overige;0;Gray;2024;BU09882502;GM0988;6006.0;6006SJ;BU09882502;GM0988;6006.0;6006SM;BU09882502;GM0988;6006.0;6006SM;False;False;False;51.247062777116376;5.6793707468099335;WarmteAtlas:CO2EmissieBedrijven;;;
1164;NL;LCP;4001;RWE Generation NL B.V.;Maasbracht;Voortstraat;6051JP;19;;191379;351797;35.11.1;Productie van elektriciteit door thermische, kern- en warmtekrachtcentrales;Energiesector;Opwekking electriciteit;CO2;647.285;535.7744;568.13084;0.0;2154.19;1660.188823;992.710359;618.660035;1333.241126;Opwekking electriciteit;9332.687882;0.0;Energy;5;Yellow;2024;BU16410009;GM1641;6051.0;6051JP;BU16410009;GM1641;6051.0;6051JP;BU16410009;GM1641;6051.0;6051JP;False;False;False;51.15446325990631;5.907174549400913;WarmteAtlas:CO2EmissieBedrijven;;;
1165;NL;;4002;NV Epz Lok.Limburg Maascentr.;Buggenum;Roermondseweg;6080AA;55;;195780;359580;35.11.1;Productie van elektriciteit door thermische, kern- en warmtekrachtcentrales;Energiesector;Opwekking electriciteit;CO2;3016.399193;0.0;0.0;0.0;0.0;0.0;0.0;0.0;0.0;Opwekking electriciteit;0.0;0.0;Energy;0;Yellow;2024;BU16400501;GM1640;6081.0;6081NT;BU16400501;GM1640;6081.0;6081NK;BU16400501;GM1640;6081.0;6081NK;False;False;False;51.224121259917354;5.970965694488622;WarmteAtlas:CO2EmissieBedrijven;;;
1166;NL;;41002;Jan de Poorter BV;Geertruidenberg;Centraleweg;4931NB;52;;117200;411200;08.99;Winning van overige delfstoffen n.e.g.;Overige industrie;Bouwmaterialenindustrie;CO2;0.0;1.274;0.0;0.0;0.0;0.0;0.0;0.0;0.0;Bouwmaterialenindustrie;0.0;0.0;BouwMaterialen;0;SandyBrown;2024;BU07790209;GM0779;4931.0;4931NB;BU07790209;GM0779;4931.0;4931NB;BU07790209;GM0779;4931.0;4931NB;False;False;False;51.688306604711656;4.840552158628904;WarmteAtlas:CO2EmissieBedrijven;;;
1167;NL;LCP;41003;Shell Nederland Chemie BV (Moerdijk);Moerdijk;Chemieweg;4782SJ;25;;97946;411331;20.14.1;Vervaardiging van petrochemische producten;Chemische Industrie;Chemische Industrie basisproducten;CO2;2026.862908;0.0;2640.800797;1314.596983;2494.53843;2651.660543;2369.587789;2248.288;2282.2;Chemische Industrie;30991.110638;30991.110638;Chemie;5;Magenta;2024;BU17090303;GM1709;4782.0;4782SJ;BU17090303;GM1709;4782.0;4782SJ;BU17090303;GM1709;4782.0;4782SJ;False;False;False;51.68785364382765;4.56210932007229;WarmteAtlas:CO2EmissieBedrijven;;;
1168;NL;LCP;41101;SABIC Innovative Plastics BV;Bergen op Zoom;Plasticslaan;4612PX;1;;76463;391896;20.16;Vervaardiging van kunststof in primaire vorm;Chemische Industrie;Chemische Industrie basisproducten;CO2;279.449;0.0;411.229078;334.085;273.382324;308.940405;319.283619;331.934581;341.86754;Chemische Industrie;4642.386625;4642.386625;Chemie;4;Magenta;2024;BU07480306;GM0748;4612.0;4612PX;BU07480306;GM0748;4612.0;4612PZ;BU07480306;GM0748;4612.0;4612PZ;False;False;False;51.51058807133907;4.25584565367731;WarmteAtlas:CO2EmissieBedrijven;;;
1169;NL;;41102;Allnex Netherlands B.V.;Bergen op Zoom;Synthesebaan;4612RB;1;;77249;391375;20.16;Vervaardiging van kunststof in primaire vorm;Chemische Industrie;Chemische Industrie basisproducten;CO2;0.0;0.0;14.2316;11.138992;9.130364;8.895223;8.067515;7.151998;7.131746;Chemische Industrie;96.845468;96.845468;Chemie;2;Magenta;2024;BU07480306;GM0748;4612.0;4612PS;BU07480306;GM0748;4612.0;4612PS;BU07480306;GM0748;4612.0;4612PS;False;False;False;51.50601482963204;4.267281525949052;WarmteAtlas:CO2EmissieBedrijven;;;
1170;NL;;41103;Synthos Breda B.V.;Breda;Lijndonk;4825BG;25;;111661;402540;20.16;Vervaardiging van kunststof in primaire vorm;Chemische Industrie;Chemische Industrie basisproducten;CO2;8.38332;10.155;7.578509;7.546466;6.338043;6.842482;6.341842;6.045901;5.899182;Chemische Industrie;80.107879;80.107879;Chemie;2;Magenta;2024;BU07580105;GM0758;4825.0;4825BG;BU07580105;GM0758;4825.0;4825BG;BU07580105;GM0758;4825.0;4825BG;False;False;False;51.61006851525632;4.761529408329454;WarmteAtlas:CO2EmissieBedrijven;;;
1171;NL;;41106;Intern. Flav. & Fragranc. I.F.F. BV;Tilburg;Zevenheuvelenweg;5048AN;60;;131469;399574;20.53;Vervaardiging van etherische oliën;Chemische Industrie;Chemische Industrie overig;CO2;12.309816;7.098;8.912006;8.892575;8.390879;8.089669;7.409352;7.533662;3.208589;Chemische Industrie;43.571;43.571;Chemie;2;Magenta;2024;BU08555904;GM0855;5048.0;5048AN;BU08555904;GM0855;5048.0;5048AN;BU08555904;GM0855;5048.0;5048AN;False;False;False;51.584588507804455;5.047684267347835;WarmteAtlas:CO2EmissieBedrijven;;;
1172;NL;;41108;Caldic Chemie Produktie;Zevenbergen;Schansdijk;4761RH;12;;101002;407762;20.14.1;Vervaardiging van petrochemische producten;Chemische Industrie;Chemische Industrie basisproducten;CO2;7.96209;0.0;6.330902;0.0;0.0;0.0;0.0;0.0;0.0;Chemische Industrie;0.0;0.0;Chemie;0;Magenta;2024;BU17090008;GM1709;4761.0;4761RH;BU17090008;GM1709;4761.0;4761RH;BU17090008;GM1709;4761.0;4761RH;False;False;False;51.65607904111947;4.606853125428446;WarmteAtlas:CO2EmissieBedrijven;;;
1173;NL;;41113;BEWiSynbra RAW B.V.;Etten-Leur;Zeedijk;4871NM;25;;103026;404397;22.23;Vervaardiging van kunststofproducten voor de bouw;Overige industrie;Rubber- en kunstofverw. Industrie;CO2;0.0;7.373;6.060167;6.801745;7.568389;7.987459;7.603187;7.129157;5.128332;Overig;81.258782;81.258782;Overige;2;Gray;2024;BU07771203;GM0777;4871.0;4871NM;BU07771203;GM0777;4871.0;4871NM;BU07771203;GM0777;4871.0;4871NM;False;False;False;51.62602602743605;4.6366015848992195;WarmteAtlas:CO2EmissieBedrijven;;;
1174;NL;;41306;Aspen Oss BV (locatie Boxtel);Boxtel;Boseind;5281RM;17;;150800;398720;21.20;Vervaardiging van farmaceutische producten (geen grondstoffen);Chemische Industrie;Chemische Industrie overig;CO2;0.0;0.0;0.0;0.0;0.0;0.0;0.0;0.0;0.0;Chemische Industrie;0.0;0.0;Chemie;0;Magenta;2024;BU07570004;GM0757;5281.0;5281RM;BU07570004;GM0757;5281.0;5281PB;BU07570004;GM0757;5281.0;5281PB;False;False;False;51.577389126611465;5.326611436454292;WarmteAtlas:CO2EmissieBedrijven;;;
1175;NL;LCP;41307;Stichting Vergunning Moleneind;Oss;Kloosterstraat;5349AB;6;;164915;419455;21.20;Vervaardiging van farmaceutische producten (geen grondstoffen);Chemische Industrie;Chemische Industrie overig;CO2;18.10535;29.068;32.521;23.981;0.0;0.0;0.0;0.0;0.0;Chemische Industrie;0.0;0.0;Chemie;0;Magenta;2024;BU08280200;GM0828;5342.0;5342CC;BU08280200;GM0828;5342.0;5342CC;BU08280200;GM0828;5342.0;5342CC;False;False;False;51.763693287476016;5.530827673927552;WarmteAtlas:CO2EmissieBedrijven;;;
1176;NL;;41402;Trobas Gelatine BV;Dongen;Steenstraat;5107NE;9;;122730;403330;10.89;Vervaardiging van overige voedingsmiddelen n.e.g.;Chemische Industrie;Chemische Industrie overig;CO2;0.0;7.402;8.380564;9.598254;7.628979;7.91912;6.247456;6.182991;5.977524;Chemische Industrie;81.171724;81.171724;Chemie;2;Magenta;2024;BU07660114;GM0766;5107.0;5107NE;BU07660114;GM0766;5107.0;5107NG;BU07660114;GM0766;5107.0;5107NG;False;False;False;51.61791470349046;4.921250391822933;WarmteAtlas:CO2EmissieBedrijven;;;
1177;NL;;41411;Philips Lighting BV (Maarheeze);Maarheeze;Dr. A.F. Philipsweg;6026RA;1;;172550;368870;26.40;Vervaardiging van consumentenelektronica;Overige industrie;Metaalelektro;CO2;156.152171;6.155;0.0;0.0;0.0;0.0;0.0;0.0;0.0;Metaalelektro;0.0;0.0;Overige;0;Gray;2024;BU17060301;GM1706;6026.0;6026SB;BU17060301;GM1706;6026.0;6026SB;BU17060301;GM1706;6026.0;6026SB;False;False;False;51.30882053676128;5.638892224915034;WarmteAtlas:CO2EmissieBedrijven;;;
1178;NL;;41428;Covestro Coating Resins B.V.;Waalwijk;Sluisweg;5145PE;12;;131981;412041;20.16;Vervaardiging van kunststof in primaire vorm;Chemische Industrie;Chemische Industrie basisproducten;CO2;4.1098;4.066;5.378;4.521;3.850823;4.083013;3.884165;3.71;3.652;Chemische Industrie;49.592295;49.592295;Chemie;2;Magenta;2024;BU08670010;GM0867;5145.0;5145PE;BU08670010;GM0867;5145.0;5145PE;BU08670010;GM0867;5145.0;5145PE;False;False;False;51.69666825579701;5.054249372567956;WarmteAtlas:CO2EmissieBedrijven;;;
1179;NL;LCP;41502;Gasunie (Ravenstein);Huisseling;Ganzenweg;5371HA;10;;173928;421577;35.12;Beheer en exploitatie van transportnetten voor elektriciteit, aardgas en warm water;Energiesector;Olie- gaswinning land;CO2;95.161167;65.663;46.847979;5.532873;1.176647;10.809156;2.868573;1.37917;0.979669;Overig;15.522924;15.522924;Overige;1;Gray;2024;BU08281601;GM0828;5356.0;5356NG;BU08281601;GM0828;5356.0;5356NG;BU08281601;GM0828;5356.0;5356NG;False;False;False;51.782533704900196;5.661502071947037;WarmteAtlas:CO2EmissieBedrijven;;;
1180;NL;;41521;Afvalstoffen Terminal Moerdijk BV (ATM);Moerdijk;Vlasweg;4782PW;12;;100541;411967;38.22;Behandeling van schadelijk afval;Afvalverwijdering;AVI's;CO2;20.001645;1.825;284.938085;299.77448;173.833605;159.64309;144.405982;228.196489;223.401568;Overig;3539.813577;3539.813577;Afval;3;Maroon;2024;BU17090303;GM1709;4782.0;4782PW;BU17090303;GM1709;4782.0;4782PW;BU17090303;GM1709;4782.0;4782PW;False;False;False;51.69382822511903;4.599534218256938;WarmteAtlas:CO2EmissieBedrijven;;;
1181;NL;;42005;Campina BV (Asten);Asten;Heesakkerweg;5721KM;13;;179600;378800;10.50;Vervaardiging van zuivelprodukten;Overige industrie;Voedings- en genotmiddelenindustrie;CO2;0.0;0.0;0.0;0.0;0.0;0.0;0.0;0.0;0.0;Voedings- en genotmiddelenindustrie;0.0;0.0;Voeding;0;Green;2024;BU07430702;GM0743;5721.0;5721TB;BU07430702;GM0743;5721.0;5721TB;BU07430702;GM0743;5721.0;5721TB;False;False;False;51.39781453836894;5.740687977999937;WarmteAtlas:CO2EmissieBedrijven;;;
1182;NL;;42019;FrieslandCampina Oud Gastel;Oud Gastel;Steenstraat;4750AA;20;;91000;399650;10.51;Vervaardiging van zuivelproducten (geen consumptie-ijs);Overige industrie;Voedings- en genotmiddelenindustrie;CO2;0.0;0.0;1.35418;0.0;0.0;0.0;0.0;0.0;0.0;Voedings- en genotmiddelenindustrie;0.0;0.0;Voeding;0;Green;2024;BU16550101;GM1655;4751.0;4751GZ;BU16550101;GM1655;4751.0;4751GZ;BU16550101;GM1655;4751.0;4751GZ;False;False;False;51.58211892246437;4.4638125585868105;WarmteAtlas:CO2EmissieBedrijven;;;
1183;NL;;42021;Campina (Zevenberschenhoek);Zevenbergschen Hoek;Bloemendaalse Zeedijk;4765BP;10;;106500;409750;10.50;Vervaardiging van zuivelprodukten;Overige industrie;Voedings- en genotmiddelenindustrie;CO2;27.584123;0.0;0.0;0.0;0.0;0.0;0.0;0.0;0.0;Voedings- en genotmiddelenindustrie;0.0;0.0;Voeding;0;Green;2024;BU17090100;GM1709;4765.0;4765BP;BU17090100;GM1709;4765.0;4765BP;BU17090100;GM1709;4765.0;4765BP;False;False;False;51.67444974850876;4.686024478932148;WarmteAtlas:CO2EmissieBedrijven;;;
1184;NL;;42022;Nutricia Cuijk BV;Cuijk;Grotestraat;5431DJ;91;;189600;415100;10.86;Vervaardiging van gehomogeniseerde voedingspreparaten en dieetvoeding;Overige industrie;Voedings- en genotmiddelenindustrie;CO2;0.0;6.859;10.600368;4.284593;1.15806;1.145903;1.036454;0.119183;0.0;Voedings- en genotmiddelenindustrie;0.0;0.0;Voeding;0;Green;2024;BU19820801;GM1982;5431.0;5431DJ;BU19820801;GM1982;5431.0;5431DJ;BU19820801;GM1982;5431.0;5431DJ;False;False;False;51.72356599654592;5.8879641778234255;WarmteAtlas:CO2EmissieBedrijven;;;
1185;NL;;42028;Campina Foodservice (Bergeyk);Bergeijk;Loo;5571KR;22;;152050;369390;10.51;Vervaardiging van zuivelproducten (geen consumptie-ijs);Overige industrie;Voedings- en genotmiddelenindustrie;CO2;5.997144;3.446;0.0;0.0;0.0;0.0;0.0;0.0;0.0;Voedings- en genotmiddelenindustrie;0.0;0.0;Voeding;0;Green;2024;BU17240017;GM1724;5571.0;5571KR;BU17240017;GM1724;5571.0;5571KR;BU17240017;GM1724;5571.0;5571KR;False;False;False;51.31375945400986;5.344888773149981;WarmteAtlas:CO2EmissieBedrijven;;;
1186;NL;;42034;FrieslandCampina Veghel (DMV International);Veghel;N.C.B.-laan;5462GE;80;;164550;402920;10.51;Vervaardiging van zuivelproducten (geen consumptie-ijs);Overige industrie;Voedings- en genotmiddelenindustrie;CO2;96.51196;131.257;125.18;105.604;84.99;85.522;89.173389;89.955655;89.769993;Voedings- en genotmiddelenindustrie;1400.80545;1400.80545;Voeding;3;Green;2024;BU19480403;GM1948;5462.0;5462GE;BU19480403;GM1948;5462.0;5462GE;BU19480403;GM1948;5462.0;5462GE;False;False;False;51.61507528258808;5.525086124615286;WarmteAtlas:CO2EmissieBedrijven;;;
1187;NL;;42206;Mars Nederland BV;Veghel;Taylorweg;5466AE;5;;164080;402680;10.82.2;Vervaardiging van chocolade en suikerwerk;Overige industrie;Voedings- en genotmiddelenindustrie;CO2;9.652848;11.12;13.05;13.136;11.5;11.813;11.873;11.52;9.0788;Voedings- en genotmiddelenindustrie;141.669082;141.669082;Voeding;2;Green;2024;BU19480417;GM1948;5466.0;5466AE;BU19480417;GM1948;5466.0;5466AE;BU19480417;GM1948;5466.0;5466AE;False;False;False;51.61292584511263;5.5182939532116775;WarmteAtlas:CO2EmissieBedrijven;;;
1188;NL;;42309;CSM Suiker BV (Wittouck);Breda;Markkade;4815HJ;29;;112150;400800;10.81;Vervaardiging van suiker;Overige industrie;Voedings- en genotmiddelenindustrie;CO2;64.437433;58.2;0.0;0.0;0.0;0.0;0.0;0.0;0.0;Voedings- en genotmiddelenindustrie;0.0;0.0;Voeding;0;Green;2024;BU07580607;GM0758;4815.0;4815HL;BU07580607;GM0758;4815.0;4815HK;BU07580607;GM0758;4815.0;4815HK;False;False;False;51.59446668632814;4.768801795877054;WarmteAtlas:CO2EmissieBedrijven;;;
1189;NL;LCP;42310;Cosun Beet Company - Productielocatie Dinteloord;Dinteloord;Noordzeedijk;4671TL;113;;89012;403688;10.81;Vervaardiging van suiker;Overige industrie;Voedings- en genotmiddelenindustrie;CO2;112.085725;0.0;132.748;122.871;115.578013;129.85399;115.571397;127.805636;135.364097;Voedings- en genotmiddelenindustrie;2112.273361;2112.273361;Voeding;3;Green;2024;BU08510308;GM0851;4671.0;4671TL;BU08510308;GM0851;4671.0;4671TL;BU08510308;GM0851;4671.0;4671TL;False;False;False;51.61818070052726;4.434371470378888;WarmteAtlas:CO2EmissieBedrijven;;;
1190;NL;;42313;Sensus B.V. (Roosendaal en Zwolle);Roosendaal;Borchwerf;4704RG;3;;90100;395450;10.81;Vervaardiging van suiker;Overige industrie;Voedings- en genotmiddelenindustrie;CO2;47.2968;29.112;0.0;0.0;0.0;0.0;0.0;0.0;0.0;Voedings- en genotmiddelenindustrie;0.0;0.0;Voeding;0;Green;2024;BU16740800;GM1674;4704.0;4704RG;BU16740800;GM1674;4704.0;4704RG;BU16740800;GM1674;4704.0;4704RG;False;False;False;51.544267642054756;4.4516071176278125;WarmteAtlas:CO2EmissieBedrijven;;;
1191;NL;;42401;Koninklijke Nedalco BV (Bergen op Zoom);Bergen op Zoom;Van Konijnenburgweg;4612PL;100;;77650;390250;11.01;Vervaardiging van sterk alcoholische dranken door distilleren, rectificeren en mengen;Overige industrie;Voedings- en genotmiddelenindustrie;CO2;32.7426;35.998;0.0;0.0;0.0;0.0;0.0;0.0;0.0;Voedings- en genotmiddelenindustrie;0.0;0.0;Voeding;0;Green;2024;BU07480302;GM0748;4612.0;4612RK;BU07480302;GM0748;4612.0;4612RK;BU07480302;GM0748;4612.0;4612RK;False;False;False;51.49595939433907;4.27330407329314;WarmteAtlas:CO2EmissieBedrijven;;;
1192;NL;;42408;Royal Swinkels Family Brewers;Lieshout;De Stater;5737RV;1;;169900;391750;11.05;Vervaardiging van bier;Overige industrie;Voedings- en genotmiddelenindustrie;CO2;46.540581;54.855;52.3732;50.7626;42.843128;40.082;38.922;38.677974;38.640325;Voedings- en genotmiddelenindustrie;602.95848;602.95848;Voeding;3;Green;2024;BU16590201;GM1659;5737.0;5737RV;BU16590201;GM1659;5737.0;5737RV;BU16590201;GM1659;5737.0;5737RV;False;False;False;51.51455658593438;5.601854368110455;WarmteAtlas:CO2EmissieBedrijven;;;
1193;NL;;42409;Interbrew Oranjeboom Bierbr.BV;Breda;Ceresstraat;4800MA;13;;113400;400850;11.05;Vervaardiging van bier;Overige industrie;Voedings- en genotmiddelenindustrie;CO2;0.0;0.0;0.0;0.0;0.0;0.0;0.0;0.0;0.0;Voedings- en genotmiddelenindustrie;0.0;0.0;Voeding;0;Green;2024;BU07580005;GM0758;4811.0;4811DP;BU07580005;GM0758;4811.0;4811DP;BU07580005;GM0758;4811.0;4811DP;False;False;False;51.59501007629314;4.786834555990266;WarmteAtlas:CO2EmissieBedrijven;;;
1194;NL;LCP;42410;Heineken Nederland BV (Den Bosch);'s-Hertogenbosch;Rietveldenweg;5222AP;25;;147500;412600;11.05;Vervaardiging van bier;Overige industrie;Voedings- en genotmiddelenindustrie;CO2;36.7098;11.5;15.683851;18.466;27.802547;27.524769;27.468285;20.309366;19.620462;Voedings- en genotmiddelenindustrie;306.165222;306.165222;Voeding;2;Green;2024;BU07961108;GM0796;5222.0;5222AH;BU07961108;GM0796;5222.0;5222AH;BU07961108;GM0796;5222.0;5222AH;False;False;False;51.70211552217223;5.278707178488334;WarmteAtlas:CO2EmissieBedrijven;;;
1195;NL;;42411;Coca-Cola Enterprises Nederland BV;Dongen;Eindsestraat;5105NA;137;- 139;128200;402300;11.07;"Vervaardiging van frisdranken; productie van mineraalwater en overig gebotteld water";Overige industrie;Voedings- en genotmiddelenindustrie;CO2;0.0;0.0;0.0;0.0;3.712545;5.086;0.0;4.22;3.193;Voedings- en genotmiddelenindustrie;49.824798;49.824798;Voeding;2;Green;2024;BU07660115;GM0766;5105.0;5105NA;BU07660115;GM0766;5105.0;5105NA;BU07660115;GM0766;5105.0;5105NA;False;False;False;51.60894448737696;5.00030959529377;WarmteAtlas:CO2EmissieBedrijven;;;
1196;NL;;42418;AB-InBev Nederland NV, Brouwerij Dommelen;Dommelen;Brouwerijplein;5551AE;87;;157780;373250;11.05;Vervaardiging van bier;Overige industrie;Voedings- en genotmiddelenindustrie;CO2;0.0;4.759;0.0;0.0;0.0;0.0;0.0;0.0;0.0;Voedings- en genotmiddelenindustrie;0.0;0.0;Voeding;0;Green;2024;BU08580106;GM0858;5551.0;5551AE;BU08580106;GM0858;5551.0;5551AE;BU08580106;GM0858;5551.0;5551AE;False;False;False;51.348456687386836;5.4271042354028385;WarmteAtlas:CO2EmissieBedrijven;;;
1197;NL;;42518;Konings Drinks B.V.;Breda;Teteringsedijk;4817ME;227;;114550;400820;10.39;Verwerking van groente en fruit (niet tot sap en maaltijden);Overige industrie;Voedings- en genotmiddelenindustrie;CO2;5.31;0.0;0.0;0.0;0.0;0.0;0.0;0.0;0.0;Voedings- en genotmiddelenindustrie;0.0;0.0;Voeding;0;Green;2024;BU07580200;GM0758;4817.0;4817ME;BU07580200;GM0758;4817.0;4817ME;BU07580200;GM0758;4817.0;4817ME;False;False;False;51.594824436738264;4.803433874736502;WarmteAtlas:CO2EmissieBedrijven;;;
1198;NL;;42522;ARDO BV;Zundert;Industrieweg;4881EW;9;- 11;104380;386570;10.39;Verwerking van groente en fruit (niet tot sap en maaltijden);Overige industrie;Voedings- en genotmiddelenindustrie;CO2;0.0;0.0;0.0;0.0;0.0;0.0;0.0;0.0;0.0;Voedings- en genotmiddelenindustrie;0.0;0.0;Voeding;0;Green;2024;BU08790000;GM0879;4881.0;4881EW;BU08790000;GM0879;4881.0;4881EW;BU08790000;GM0879;4881.0;4881EW;False;False;False;51.46592043594565;4.658727858255899;WarmteAtlas:CO2EmissieBedrijven;;;
1199;NL;;42612;Cehave Landbouwbelang Voeders BV ('s-Hertogenbosch);'s-Hertogenbosch;Graaf van Solmsweg;5222BP;48;;146950;413450;10.91;Vervaardiging van veevoeders;Overige industrie;Voedings- en genotmiddelenindustrie;CO2;0.0;3.19;0.0;0.0;0.0;0.0;0.0;0.0;0.0;Voedings- en genotmiddelenindustrie;0.0;0.0;Voeding;0;Green;2024;BU07961109;GM0796;5222.0;5222BM;BU07961109;GM0796;5222.0;5222BM;BU07961109;GM0796;5222.0;5222BM;False;False;False;51.70974808729675;5.270731267036118;WarmteAtlas:CO2EmissieBedrijven;;;
1200;NL;;42615;O. Bouman BV;Woudrichem;Hoge Maasdijk;4285XB;1;-3;132050;422140;10.90;Vervaardiging van diervoeder;Overige industrie;Voedings- en genotmiddelenindustrie;CO2;1.47096;0.938;0.0;0.0;0.0;0.0;0.0;0.0;0.0;Voedings- en genotmiddelenindustrie;0.0;0.0;Voeding;0;Green;2024;BU19591101;GM1959;4281.0;4281NE;BU19591101;GM1959;4281.0;4281NE;BU19591101;GM1959;4281.0;4281NE;False;False;False;51.787444144829415;5.054579936753001;WarmteAtlas:CO2EmissieBedrijven;;;
1201;NL;;42628;Cehave Veghel;Veghel;Pater vd Elsenlaan;5462GG;4;;163600;403500;10.91;Vervaardiging van veevoeders;Overige industrie;Voedings- en genotmiddelenindustrie;CO2;0.0;5.296;0.0;0.0;0.0;0.0;0.0;0.0;0.0;Voedings- en genotmiddelenindustrie;0.0;0.0;Voeding;0;Green;2024;BU19480403;GM1948;5462.0;5462GH;BU19480403;GM1948;5462.0;5462GH;BU19480403;GM1948;5462.0;5462GH;False;False;False;51.62030401776974;5.511384188448763;WarmteAtlas:CO2EmissieBedrijven;;;
1202;NL;;42629;Cargill BV;Bergen op Zoom;Lelyweg;4612PS;31;;76778;391435;10.62;Vervaardiging van zetmeel en zetmeelproducten;Overige industrie;Voedings- en genotmiddelenindustrie;CO2;61.97661;0.0;53.515238;22.831132;59.460193;52.713972;48.347638;28.626636;25.619625;Voedings- en genotmiddelenindustrie;399.778463;399.778463;Voeding;3;Green;2024;BU07480306;GM0748;4612.0;4612PS;BU07480306;GM0748;4612.0;4612PS;BU07480306;GM0748;4612.0;4612PS;False;False;False;51.50648881959472;4.260485162791559;WarmteAtlas:CO2EmissieBedrijven;;;
1203;NL;;42746;Paijmans-Smarius BV;Tilburg;Ringbaan Noord;5046AB;205;;132860;398660;10.71;Vervaardiging van brood en vers banketbakkerswerk;Overige industrie;Voedings- en genotmiddelenindustrie;CO2;0.81614;0.0;0.0;0.0;0.0;0.0;0.0;0.0;0.0;Voedings- en genotmiddelenindustrie;0.0;0.0;Voeding;0;Green;2024;BU08552901;GM0855;5046.0;5046AT;BU08552901;GM0855;5046.0;5046AT;BU08552901;GM0855;5046.0;5046AT;False;False;False;51.5764295758808;5.067811808158246;WarmteAtlas:CO2EmissieBedrijven;;;
1204;NL;;42805;Slachthuis 's Hertogenbosch;'s-Hertogenbosch;Veemarktkade;5222AG;19;;148300;412200;10.10;Slachterijen en vleesverwerking;Overige industrie;Voedings- en genotmiddelenindustrie;CO2;0.0;0.0;0.0;0.0;0.0;0.0;0.0;0.0;0.0;Voedings- en genotmiddelenindustrie;0.0;0.0;Voeding;0;Green;2024;BU07961110;GM0796;5222.0;5222AA;BU07961110;GM0796;5222.0;5222AA;BU07961110;GM0796;5222.0;5222AA;False;False;False;51.698530264586374;5.2902876189566745;WarmteAtlas:CO2EmissieBedrijven;;;
1205;NL;;42810;Vion Boxtel BV;Boxtel;Boseind;5281RM;10;;150530;399040;10.11;Slachterijen (geen pluimvee-);Overige industrie;Voedings- en genotmiddelenindustrie;CO2;0.0;0.0;0.0;0.0;0.0;0.0;0.0;0.0;0.0;Voedings- en genotmiddelenindustrie;0.0;0.0;Voeding;0;Green;2024;BU07570004;GM0757;5281.0;5281RP;BU07570004;GM0757;5281.0;5281RP;BU07570004;GM0757;5281.0;5281RP;False;False;False;51.580263394113196;5.3227122929503095;WarmteAtlas:CO2EmissieBedrijven;;;
1206;NL;;42822;Homburg Boekos BV;Cuijk;Simon Homburgstraat;5431NN;1;;188540;415360;10.10;Slachterijen en vleesverwerking;Overige industrie;Voedings- en genotmiddelenindustrie;CO2;4.49801;0.0;0.0;0.0;0.0;0.0;0.0;0.0;0.0;Voedings- en genotmiddelenindustrie;0.0;0.0;Voeding;0;Green;2024;BU19820811;GM1982;5431.0;5431SH;BU19820811;GM1982;5431.0;5431SH;BU19820811;GM1982;5431.0;5431SH;False;False;False;51.72596751113755;5.872648551722411;WarmteAtlas:CO2EmissieBedrijven;;;
1207;NL;;42823;Zwanenberg Food Oss B.V.;Oss;Molenweg;5349TD;80;;165200;419600;10.13;Vleesverwerking (niet tot maaltijden);Overige industrie;Voedings- en genotmiddelenindustrie;CO2;6.371;16.129;0.0;12.018;11.24;10.8;10.152885;10.453302;10.494731;Voedings- en genotmiddelenindustrie;163.763813;163.763813;Voeding;2;Green;2024;BU08280200;GM0828;5349.0;5349AA;BU08280200;GM0828;5349.0;5349AA;BU08280200;GM0828;5349.0;5349AA;False;False;False;51.764991469214294;5.534960353071801;WarmteAtlas:CO2EmissieBedrijven;;;
1208;NL;;42834;Rendac Son BV;Son;Kanaaldijk Noord;5691NM;20;- 21;159100;390650;10.91;Vervaardiging van veevoeders;Overige industrie;Voedings- en genotmiddelenindustrie;CO2;25.004082;42.202;46.91348;79.745746;78.238639;75.417995;77.182402;65.993195;63.78638;Voedings- en genotmiddelenindustrie;995.34717;995.34717;Voeding;3;Green;2024;BU08480009;GM0848;5691.0;5691NM;BU08480009;GM0848;5691.0;5691NM;BU08480009;GM0848;5691.0;5691NM;False;False;False;51.504851630936685;5.446254123074785;WarmteAtlas:CO2EmissieBedrijven;;;
1209;NL;;42928;Philip Morris Holland B.V.;Bergen op Zoom;Marconilaan;4622RD;20;;80380;390750;12.00;Vervaardiging van tabaksproducten;Overige industrie;Voedings- en genotmiddelenindustrie;CO2;8.943217;7.85;0.0;0.0;0.0;0.0;0.0;0.0;0.0;Voedings- en genotmiddelenindustrie;0.0;0.0;Voeding;0;Green;2024;BU07480206;GM0748;4622.0;4622RD;BU07480206;GM0748;4622.0;4622RD;BU07480206;GM0748;4622.0;4622RD;False;False;False;51.50082142921791;4.312505234104946;WarmteAtlas:CO2EmissieBedrijven;;;
1210;NL;;43001;Avesta Sandvik Tube BV;Helmond;Vossenbeemd;5705CL;111;;175700;386250;24.20;Vervaardiging van stalen buizen, pijpen, holle profielen en fittings daarvoor;Overige industrie;Basismetaal;CO2;0.906;0.0;0.0;0.0;0.0;0.0;0.0;0.0;0.0;Basismetaal;0.0;0.0;Basismetaal;0;Black;2024;BU07942901;GM0794;5705.0;5705CL;BU07942901;GM0794;5705.0;5705CL;BU07942901;GM0794;5705.0;5705CL;False;False;False;51.46493600045725;5.685085704570894;WarmteAtlas:CO2EmissieBedrijven;;;
1211;NL;;43002;Salzgitter Mannesmann Seamless Tubes BV;Helmond;Engelseweg;5705AD;173;;174950;386900;24.20;Vervaardiging van stalen buizen, pijpen, holle profielen en fittings daarvoor;Overige industrie;Basismetaal;CO2;2.52;1.6069;1.66;1.758451;1.7342;2.0883;2.1917;2.023531;1.83053;Basismetaal;20.617819;20.617819;Basismetaal;1;Black;2024;BU07942901;GM0794;5705.0;5705DR;BU07942901;GM0794;5705.0;5705DR;BU07942901;GM0794;5705.0;5705DR;False;False;False;51.470805634418156;5.6743297768713035;WarmteAtlas:CO2EmissieBedrijven;;;
1212;NL;;43003;Tata Steel Nederland Tubes BV (Oosterhout);Oosterhout;Souvereinstraat;4903RH;35;;120500;404100;24.20;Vervaardiging van stalen buizen, pijpen, holle profielen en fittings daarvoor;Overige industrie;Basismetaal;CO2;8.405;10.796;1.942419;2.18145;1.8683;2.002;1.4844;1.06;1.320984;Basismetaal;14.878646;14.878646;Basismetaal;1;Black;2024;BU08260800;GM0826;4903.0;4903RC;BU08260800;GM0826;4903.0;4903RC;BU08260800;GM0826;4903.0;4903RC;False;False;False;51.62470303471045;4.888976180024266;WarmteAtlas:CO2EmissieBedrijven;;;
1213;NL;;43009;Erico BV;Tilburg;Jules Verneweg;5015BG;75;;136200;397920;25.99;Vervaardiging van overige producten van metaal n.e.g.;Overige industrie;Metaalelektro;CO2;0.0;0.0;0.0;0.0;0.0;0.0;0.0;0.0;0.0;Metaalelektro;0.0;0.0;Overige;0;Gray;2024;BU08554501;GM0855;5015.0;5015AV;BU08554501;GM0855;5015.0;5015AV;BU08554501;GM0855;5015.0;5015AV;False;False;False;51.5698997214085;5.116033495207063;WarmteAtlas:CO2EmissieBedrijven;;;
1214;NL;LCP;4301;Smurfit Kappa Roermond Papier BV;Roermond;Mijnheerkensweg;6041TA;18;;198000;357600;17.12.2;Vervaardiging van papier en karton voor verpakking;Overige industrie;Papier(waren);CO2;163.912;153.055;309.095805;168.514;175.420037;173.579901;168.519207;165.237534;169.087905;Papier(waren);2679.209762;2679.209762;Papier;3;White;2024;BU09570004;GM0957;6041.0;6041TA;BU09570004;GM0957;6041.0;6041TA;BU09570004;GM0957;6041.0;6041TA;False;False;False;51.206160403598595;6.002504397281593;WarmteAtlas:CO2EmissieBedrijven;;;
1215;NL;;43012;Hitmetal B.V.;Beek en Donk;Thibostraat;5741SJ;3;;171900;394820;25.93;Vervaardiging van artikelen van draad en van kettingen en veren;Overige industrie;Metaalelektro;CO2;0.0;0.0;0.0;0.0;0.0;0.0;0.0;0.0;0.0;Metaalelektro;0.0;0.0;Overige;0;Gray;2024;BU16590003;GM1659;5741.0;5741SJ;BU16590003;GM1659;5741.0;5741SJ;BU16590003;GM1659;5741.0;5741SJ;False;False;False;51.5420949019509;5.63081461018905;WarmteAtlas:CO2EmissieBedrijven;;;
1216;NL;;43013;Nyrstar Budel BV;Budel-Dorplein;Hoofdstraat;6024AA;1;;169900;361000;24.43;Vervaardiging van lood, zink en tin;Overige industrie;Basismetaal;CO2;19.537249;18.884;45.23119;42.428;25.970558;24.445857;17.942752;18.745512;18.973504;Basismetaal;213.704378;213.704378;Basismetaal;2;Black;2024;BU17060201;GM1706;6024.0;6024AA;BU17060201;GM1706;6024.0;6024AA;BU17060201;GM1706;6024.0;6024AA;False;False;False;51.23815547370636;5.600557589171603;WarmteAtlas:CO2EmissieBedrijven;;;
1217;NL;;43024;Nedschroef Helmond BV;Helmond;Kanaaldijk Noord West;5707LC;71;;173329;388200;25.94;Vervaardiging van bouten, schroeven en moeren;Overige industrie;Metaalelektro;CO2;0.372;0.0;5.227602;6.964119;5.807292;6.779062;5.906197;4.665056;0.0;Metaalelektro;0.0;0.0;Overige;0;Gray;2024;BU07941007;GM0794;5707.0;5707LC;BU07941007;GM0794;5707.0;5707LC;BU07941007;GM0794;5707.0;5707LC;False;False;False;51.482545879612125;5.651067684610998;WarmteAtlas:CO2EmissieBedrijven;;;
1218;NL;;4307;Kimberly-Clark BV;Gennep;Brabantweg;6591HV;25;;196100;411900;17.22;Vervaardiging van huishoudelijke en sanitaire papierwaren;Overige industrie;Papier(waren);CO2;125.84948;0.0;0.0;0.0;0.0;0.0;0.0;0.0;0.0;Papier(waren);0.0;0.0;Papier;0;White;2024;BU09070303;GM0907;6591.0;6591TD;BU09070303;GM0907;6591.0;6591TD;BU09070303;GM0907;6591.0;6591TD;False;False;False;51.69436418334492;5.981655163230389;WarmteAtlas:CO2EmissieBedrijven;;;
1219;NL;;43135;Ahrend Produktiebedrijf Sint-Oedenrode BV;Sint-Oedenrode;Kofferen;5492BP;60;;159600;397000;31.01.2;Vervaardiging van bedrijfsmeubels;Overige industrie;Industrie overig;CO2;0.0;0.0;0.0;1.234573;0.0;0.0;0.0;0.0;0.0;Overig;0.0;0.0;Overige;0;Gray;2024;BU19480318;GM1948;5492.0;5492BW;BU19480318;GM1948;5492.0;5492BW;BU19480318;GM1948;5492.0;5492BW;False;False;False;51.56192544637673;5.4535391780480325;WarmteAtlas:CO2EmissieBedrijven;;;
1220;NL;;43136;Envases B.V.;Halsteren;Steenbergseweg;4661RH;42;;78600;395070;25.90;Vervaardiging van overige produkten van metaal;Overige industrie;Metaalelektro;CO2;0.0;1.207;0.0;0.0;0.0;0.0;0.0;0.0;0.0;Metaalelektro;0.0;0.0;Overige;0;Gray;2024;BU07480405;GM0748;4661.0;4661PZ;BU07480405;GM0748;4661.0;4661PZ;BU07480405;GM0748;4661.0;4661PZ;False;False;False;51.539407793135474;4.285933606206279;WarmteAtlas:CO2EmissieBedrijven;;;
1221;NL;;43139;Ardagh Metal Beverage Netherlands B.V.;Oss;Parallelweg;5349AD;1;;165900;419700;25.92;Vervaardiging van verpakkingsmiddelen van licht metaal;Overige industrie;Metaalelektro;CO2;5.258;0.0;0.0;0.717892;0.156;0.157694;0.063691;0.118;0.185;Metaalelektro;2.909848;2.909848;Overige;1;Gray;2024;BU08280200;GM0828;5349.0;5349AD;BU08280200;GM0828;5349.0;5349AD;BU08280200;GM0828;5349.0;5349AD;False;False;False;51.76587707636901;5.54510373873265;WarmteAtlas:CO2EmissieBedrijven;;;
1222;NL;;43156;The Cooper Group BV;'s-Hertogenbosch;Rietveldenweg;5201AP;15;;146850;412850;25.70;Vervaardiging van scharen en bestek, hang- en sluitwerk en gereedschap;Overige industrie;Metaalelektro;CO2;0.80145;0.0;0.0;0.0;0.0;0.0;0.0;0.0;0.0;Metaalelektro;0.0;0.0;Overige;0;Gray;2024;BU07961109;GM0796;5222.0;5222AX;BU07961109;GM0796;5222.0;5222AX;BU07961109;GM0796;5222.0;5222AX;False;False;False;51.70435356461896;5.269298474432683;WarmteAtlas:CO2EmissieBedrijven;;;
1223;NL;;43162;Philips Lighting BV (Oss);Oss;Kantsingel;5349AJ;24;;166100;419120;26.40;Vervaardiging van consumentenelektronica;Overige industrie;Metaalelektro;CO2;2.7409;0.0;0.0;0.0;0.0;0.0;0.0;0.0;0.0;Metaalelektro;0.0;0.0;Overige;0;Gray;2024;BU08280201;GM0828;5349.0;5349CA;BU08280201;GM0828;5349.0;5349CA;BU08280201;GM0828;5349.0;5349CA;False;False;False;51.76065986566986;5.547982417764518;WarmteAtlas:CO2EmissieBedrijven;;;
1224;NL;;43169;Milieustation De Meerendonk;'s-Hertogenbosch;Poeldonkweg;5216JX;3;;151800;410500;25.40;Vervaardiging van wapens en munitie;Overige industrie;Metaalelektro;CO2;2.104;0.0;0.0;0.0;0.0;0.0;0.0;0.0;0.0;Metaalelektro;0.0;0.0;Overige;0;Gray;2024;BU07960207;GM0796;5216.0;5216JX;BU07960207;GM0796;5216.0;5216JX;BU07960207;GM0796;5216.0;5216JX;False;False;False;51.68328071076296;5.340930002665719;WarmteAtlas:CO2EmissieBedrijven;;;
1225;NL;;43186;Metaalwaren-fabriek Tilburg BV;Tilburg;Orionstraat;5015BR;1;;136000;398380;25.50;"Smeden, persen, stampen en profielwalsen van metaal; poedermetallurgie";Overige industrie;Metaalelektro;CO2;0.20352;0.373;0.0;0.0;0.0;0.0;0.0;0.0;0.0;Metaalelektro;0.0;0.0;Overige;0;Gray;2024;BU08554501;GM0855;5015.0;5015BR;BU08554501;GM0855;5015.0;5015BR;BU08554501;GM0855;5015.0;5015BR;False;False;False;51.57402771086165;5.113123812373539;WarmteAtlas:CO2EmissieBedrijven;;;
1226;NL;;43193;Staalveredelingsbedrijf Svb;Helmond;1e-Tussendijk;5944ZG;5;;175400;386740;25.61;Oppervlaktebehandeling en bekleding van metaal;Overige industrie;Metaalelektro;CO2;1.104681;0.0;0.0;0.0;0.0;0.0;0.0;0.0;0.0;Metaalelektro;0.0;0.0;Overige;0;Gray;2024;BU07942901;GM0794;5705.0;5705CG;BU07942901;GM0794;5705.0;5705CG;BU07942901;GM0794;5705.0;5705CG;False;False;False;51.46935134272582;5.680797005289573;WarmteAtlas:CO2EmissieBedrijven;;;
1227;NL;;43205;Verzinkerij West Brabant BV;Oudenbosch;Blauwe Hoefweg;4731DK;11;;97350;400580;25.61;Oppervlaktebehandeling en bekleding van metaal;Overige industrie;Metaalelektro;CO2;0.0;0.0;0.253;0.268;0.277;0.295;0.288;0.283;0.32;Metaalelektro;5.03325;5.03325;Overige;1;Gray;2024;BU16550303;GM1655;4731.0;4731DJ;BU16550303;GM1655;4731.0;4731DJ;BU16550303;GM1655;4731.0;4731DJ;False;False;False;51.59116512693214;4.555267124300639;WarmteAtlas:CO2EmissieBedrijven;;;
1228;NL;;43210;Aalberts Surface Treatment Eindhoven;Eindhoven;Hurksestraat;5652AL;32;;158280;382800;25.61;Oppervlaktebehandeling en bekleding van metaal;Overige industrie;Metaalelektro;CO2;0.0;0.0;0.716325;0.654244;0.805216;0.822862;0.744622;0.735075;0.78737;Metaalelektro;12.384469;12.384469;Overige;1;Gray;2024;BU07726210;GM0772;5652.0;5652AL;BU07726210;GM0772;5652.0;5652AL;BU07726210;GM0772;5652.0;5652AL;False;False;False;51.4342960728371;5.434370113361797;WarmteAtlas:CO2EmissieBedrijven;;;
1229;NL;;43216;SPGPrints;Boxmeer;Raamstraat;5831AT;13;;193450;405750;25.99;Vervaardiging van overige producten van metaal n.e.g.;Overige industrie;Metaalelektro;CO2;0.0;0.0;4.500277;3.372051;2.656559;3.000141;2.502388;1.94;1.820412;Metaalelektro;28.633089;28.633089;Overige;1;Gray;2024;BU19822217;GM1982;5831.0;5831AT;BU19822217;GM1982;5831.0;5831AT;BU19822217;GM1982;5831.0;5831AT;False;False;False;51.639275259719774;5.942649545488066;WarmteAtlas:CO2EmissieBedrijven;;;
1230;NL;;43377;Philips Lighting B.V. (Roosendaal);Roosendaal;Zwaanhoefstraat;4702LC;2;;92262;394913;26.40;Vervaardiging van consumentenelektronica;Overige industrie;Metaalelektro;CO2;18.234169;19.255;0.0;0.0;0.0;0.0;0.0;0.0;0.0;Metaalelektro;0.0;0.0;Overige;0;Gray;2024;BU16740802;GM1674;4702.0;4702KS;BU16740802;GM1674;4702.0;4702KS;BU16740802;GM1674;4702.0;4702KS;False;False;False;51.53968658819304;4.482866674231537;WarmteAtlas:CO2EmissieBedrijven;;;
1231;NL;;43400;GTO Plating BV ('s-Hertogenbosch);'s-Hertogenbosch;Rietveldenweg;5201AG;32;b;147600;412130;25.61;Oppervlaktebehandeling en bekleding van metaal;Overige industrie;Metaalelektro;CO2;0.527353;0.0;0.0;0.208788;0.0;0.0;0.0;0.0;0.0;Metaalelektro;0.0;0.0;Overige;0;Gray;2024;BU07961108;GM0796;5222.0;5222AR;BU07961108;GM0796;5222.0;5222AR;BU07961108;GM0796;5222.0;5222AR;False;False;False;51.697892269679905;5.280163755726886;WarmteAtlas:CO2EmissieBedrijven;;;
1232;NL;;43403;DAF Trucks N.V.;Eindhoven;Hugo van der Goeslaan;5643TW;1;;164080;382500;29.10;Vervaardiging van auto's;Overige industrie;Metaalelektro;CO2;15.144215;14.525;16.517902;25.605291;25.869904;28.092;25.95596;25.446;24.722;Metaalelektro;388.850013;388.850013;Overige;3;Gray;2024;BU07722310;GM0772;5643.0;5643TZ;BU07722310;GM0772;5643.0;5643TZ;BU07722310;GM0772;5643.0;5643TZ;False;False;False;51.43153580984994;5.517771240023707;WarmteAtlas:CO2EmissieBedrijven;;;
1233;NL;;43425;Nederlandse Radiateurenfabriek BV;Mill;Langenboomseweg;5451JM;64;;180750;410950;29.32;Vervaardiging van niet-elektrische en -elektronische onderdelen en toebehoren voor auto's;Overige industrie;Metaalelektro;CO2;0.7776;0.0;0.0;0.0;0.0;0.0;0.0;0.0;0.0;Metaalelektro;0.0;0.0;Overige;0;Gray;2024;BU19821011;GM1982;5451.0;5451JM;BU19821011;GM1982;5451.0;5451JM;BU19821011;GM1982;5451.0;5451JM;False;False;False;51.6867420338636;5.759574614544892;WarmteAtlas:CO2EmissieBedrijven;;;
1234;NL;;43511;Wartsila Netherlands BV;Drunen;Lipsstraat;5151RP;52;;138610;411800;28.11;Vervaardiging van motoren en turbines (geen motoren voor vliegtuigen, motorvoertuigen en bromfietsen);Overige industrie;Metaalelektro;CO2;0.0;0.0;0.161701;0.0;0.0;0.0;0.0;0.0;0.0;Metaalelektro;0.0;0.0;Overige;0;Gray;2024;BU07970102;GM0797;5151.0;5151DM;BU07970102;GM0797;5151.0;5151DM;BU07970102;GM0797;5151.0;5151DM;False;False;False;51.69473524295462;5.150143259734443;WarmteAtlas:CO2EmissieBedrijven;;;
1235;NL;;43513;LDM BV (Outokumpu Copper);Drunen;Lipsstraat;5151RP;44;;138620;411680;24.44;Vervaardiging van koper;Overige industrie;Basismetaal;CO2;0.0;0.301;2.11054;1.749475;0.441227;0.0;0.0;0.0;0.0;Basismetaal;0.0;0.0;Basismetaal;0;Black;2024;BU07970102;GM0797;5151.0;5151RP;BU07970102;GM0797;5151.0;5151RP;BU07970102;GM0797;5151.0;5151RP;False;False;False;51.6936569241825;5.150293540219664;WarmteAtlas:CO2EmissieBedrijven;;;
1236;NL;;43514;Hydrex Materials BV;Waalwijk;Veerweg;5145NS;14;;131240;412836;24.44;Vervaardiging van koper;Overige industrie;Basismetaal;CO2;0.0;0.0675;0.0;0.0;0.0;0.0;0.0;0.0;0.0;Basismetaal;0.0;0.0;Basismetaal;0;Black;2024;BU08670010;GM0867;5145.0;5145NS;BU08670010;GM0867;5145.0;5145NS;BU08670010;GM0867;5145.0;5145NS;False;False;False;51.70378305148;5.043477266251949;WarmteAtlas:CO2EmissieBedrijven;;;
1237;NL;;43856;Hydro Extrusion Drunen B.V.;Drunen;Alcoalaan;5151RW;1;;138700;411500;24.42;Vervaardiging van aluminium;Overige industrie;Basismetaal;CO2;16.815;11.544;11.441985;11.466833;10.416208;11.569882;10.844964;11.567756;11.237011;Basismetaal;126.565888;126.565888;Basismetaal;2;Black;2024;BU07970102;GM0797;5151.0;5151RW;BU07970102;GM0797;5151.0;5151RW;BU07970102;GM0797;5151.0;5151RW;False;False;False;51.69204134024708;5.151459018445482;WarmteAtlas:CO2EmissieBedrijven;;;
1238;NL;;43869;Efté Coating BV;Eindhoven;Rooyakkersstraat;5652BB;30;;158680;382350;25.61;Oppervlaktebehandeling en bekleding van metaal;Overige industrie;Metaalelektro;CO2;0.0;0.0;0.791912;0.610244;0.0;0.0;0.0;0.0;0.0;Metaalelektro;0.0;0.0;Overige;0;Gray;2024;BU07726210;GM0772;5652.0;5652BB;BU07726210;GM0772;5652.0;5652BB;BU07726210;GM0772;5652.0;5652BB;False;False;False;51.43024869213807;5.440117744996405;WarmteAtlas:CO2EmissieBedrijven;;;
1239;NL;LCP;44004;RWE Generation NL B.V.;Geertruidenberg;Amerweg;4931NC;1;;117446;413372;35.11.1;Productie van elektriciteit door thermische, kern- en warmtekrachtcentrales;Energiesector;Opwekking electriciteit;CO2;6162.382381;6492.146997;6673.36726;5702.923;3584.757059;3483.840183;3455.6323;2483.316522;1310.7515;Opwekking electriciteit;9175.2605;0.0;Energy;5;Yellow;2024;BU07790203;GM0779;4931.0;4931NC;BU07790203;GM0779;4931.0;4931NC;BU07790203;GM0779;4931.0;4931NC;False;False;False;51.70784543236836;4.843875154359163;WarmteAtlas:CO2EmissieBedrijven;;;
1240;NL;;44005;Essent Energie Productie BV (Dongecentrale);Geertruidenberg;Centraleweg;4931NB;16;;117691;411950;35.11.1;Productie van elektriciteit door thermische, kern- en warmtekrachtcentrales;Energiesector;Opwekking electriciteit;CO2;0.0;15.355;31.715495;0.0;0.0;0.0;0.0;0.0;0.0;Opwekking electriciteit;0.0;0.0;Energy;0;Yellow;2024;BU07790209;GM0779;4931.0;4931NB;BU07790209;GM0779;4931.0;4931NB;BU07790209;GM0779;4931.0;4931NB;False;False;False;51.69508065152692;4.847572128150937;WarmteAtlas:CO2EmissieBedrijven;;;
1241;NL;;44006;RWZI Oijen;Oijen;Parallelstraat;5394LW;1;;161967;424820;37.00;Afvalwaterinzameling en -behandeling;Riolering en waterzuiveringsinstallaties;Energiegebruik en processen Riolering en waterzuiveringsinstallaties;CO2;9.632704;9.637576;6.419422;6.455757;5.772704;6.957271;6.518566;4.735193;5.738691;Overig;90.929963;90.929963;RWZI;2;Bleu;2024;BU08282009;GM0828;5394.0;5394LW;BU08282009;GM0828;5394.0;5394LW;BU08282009;GM0828;5394.0;5394LW;False;False;False;51.81196057989314;5.488232062909093;WarmteAtlas:CO2EmissieBedrijven;;;
1242;NL;;44007;PreZero ReEnergy Roosendaal;Roosendaal;Potendreef;4703RK;2;;89550;395830;38.11;Inzameling van onschadelijk afval;Afvalverwijdering;AVI's;CO2;0.0;0.0;76.790769;331.036601;340.437;343.405;366.007;345.238;363.766;Overig;5763.897887;5763.897887;Afval;4;Maroon;2024;BU16740309;GM1674;4703.0;4703RK;BU16740309;GM1674;4703.0;4703RK;BU16740309;GM1674;4703.0;4703RK;False;False;False;51.54761919843757;4.44360844068634;WarmteAtlas:CO2EmissieBedrijven;;;
1243;NL;LCP;44008;Ennatuurlijk BV (Helmond);Helmond;Achterdijk;5705CB;42;;175950;386100;35.14;Handel in elektriciteit en in gas via leidingen;Energiesector;Opwekking electriciteit;CO2;73.277172;141.767;124.83;54.322417;50.53129;57.313534;38.756331;19.544795;0.0;Opwekking electriciteit;0.0;0.0;Energy;0;Yellow;2024;BU07942901;GM0794;5705.0;5705CB;BU07942901;GM0794;5705.0;5705CB;BU07942901;GM0794;5705.0;5705CB;False;False;False;51.4635784729766;5.688674366973562;WarmteAtlas:CO2EmissieBedrijven;;;
1244;NL;;44009;B.V. Afvalverbranding Zuid Nederland (AZN);Moerdijk;Middenweg;4782PM;34;;99289;410805;38.21;Behandeling van onschadelijk afval;Afvalverwijdering;AVI's;CO2;0.0;2.77;965.903;918.637628;941.605622;945.403;958.301022;1038.721;1038.971;Overig;16462.568662;16462.568662;Afval;5;Maroon;2024;BU17090303;GM1709;4782.0;4782PM;BU17090303;GM1709;4782.0;4782PM;BU17090303;GM1709;4782.0;4782PM;False;False;False;51.68326127268183;4.581613574684367;WarmteAtlas:CO2EmissieBedrijven;;;
1245;NL;;4410;Roto Smeets Weert BV;Weert;Molenveldstraat;6001HL;90;;176320;362478;18.12.2;Drukkerijen van tijdschriften;Overige industrie;Grafische industrie;CO2;1.579188;0.0;0.0;0.0;0.0;0.0;0.0;0.0;0.0;Overig;0.0;0.0;Overige;0;Gray;2024;BU09881402;GM0988;6001.0;6001SH;BU09881402;GM0988;6001.0;6001SH;BU09881402;GM0988;6001.0;6001SH;False;False;False;51.25123560750831;5.692574943242929;WarmteAtlas:CO2EmissieBedrijven;;;
1246;NL;;44116;Spinnerij Geldrop BV;Geldrop;Industrieterrein De Spaarpot;5667KZ;112;;166550;382950;13.10;Bewerken en spinnen van textielvezels;Overige industrie;Textiel- en tapijtindustrie;CO2;1.064;0.0;0.0;0.0;0.0;0.0;0.0;0.0;0.0;Overig;0.0;0.0;Overige;0;Gray;2024;BU17710004;GM1771;5667.0;5667KZ;BU17710004;GM1771;5667.0;5667KZ;BU17710004;GM1771;5667.0;5667KZ;False;False;False;51.43553548574863;5.553304460005619;WarmteAtlas:CO2EmissieBedrijven;;;
1247;NL;;44118;Planox BV;Helmond;Hoogeindsestraat;5700AA;49;;174110;386850;22.20;Vervaardiging van produkten van kunststof;Overige industrie;Rubber- en kunstofverw. Industrie;CO2;1.6461;0.0;0.0;0.0;0.0;0.0;0.0;0.0;0.0;Overig;0.0;0.0;Overige;0;Gray;2024;BU07941006;GM0794;5705.0;5705KZ;BU07941006;GM0794;5705.0;5705KZ;BU07941006;GM0794;5705.0;5705KZ;False;False;False;51.470385337864165;5.662237563574474;WarmteAtlas:CO2EmissieBedrijven;;;
1248;NL;;44142;Tricot Industrie Grave BV;Grave;Koninginnedijk;5361CW;24;;179150;419400;14.14;Vervaardiging van onderkleding;Overige industrie;Textiel- en tapijtindustrie;CO2;0.7645;0.0;0.0;0.0;0.0;0.0;0.0;0.0;0.0;Overig;0.0;0.0;Overige;0;Gray;2024;BU19820201;GM1982;5361.0;5361EK;BU19820201;GM1982;5361.0;5361EK;BU19820201;GM1982;5361.0;5361EK;False;False;False;51.762764701077934;5.7370250266087846;WarmteAtlas:CO2EmissieBedrijven;;;
1249;NL;;44162;Vlisco Helmond BV;Helmond;Binnen Parallelweg;5701PH;27;;173650;387400;13.30;Textielveredeling;Overige industrie;Textiel- en tapijtindustrie;CO2;36.912431;25.92;26.247989;25.038474;14.986652;18.076877;18.636394;19.373028;14.789529;Overig;234.341129;234.341129;Overige;2;Gray;2024;BU07941004;GM0794;5701.0;5701PH;BU07941004;GM0794;5701.0;5701PH;BU07941004;GM0794;5701.0;5701PH;False;False;False;51.475344477649536;5.655646352375147;WarmteAtlas:CO2EmissieBedrijven;;;
1250;NL;;44163;Tapijtfabriek Nouwens-Bogaers;Tilburg;Ringbaan Noord;5046AA;23;;134390;398740;13.90;Vervaardiging van overige textielprodukten;Overige industrie;Textiel- en tapijtindustrie;CO2;0.0;0.0;0.0;0.0;0.0;0.0;0.0;0.0;0.0;Overig;0.0;0.0;Overige;0;Gray;2024;BU08552903;GM0855;5013.0;5013BJ;BU08552903;GM0855;5013.0;5013BJ;BU08552903;GM0855;5013.0;5013BJ;False;False;False;51.57720684160684;5.089878444993726;WarmteAtlas:CO2EmissieBedrijven;;;
1251;NL;;44170;Artex BV;Aarle Rixtel;Bosscheweg;5735GT;79;;173000;390750;13.20;Weven van textiel;Overige industrie;Textiel- en tapijtindustrie;CO2;0.0;0.0;0.0;0.0;0.0;0.0;0.0;0.0;0.0;Overig;0.0;0.0;Overige;0;Gray;2024;BU16590102;GM1659;5735.0;5735RB;BU16590102;GM1659;5735.0;5735RB;BU16590102;GM1659;5735.0;5735RB;False;False;False;51.50547734724366;5.646462074875644;WarmteAtlas:CO2EmissieBedrijven;;;
1252;NL;;44171;Kon. Textielfabr. J.A. Raymakers & Co BV (veredeling);Helmond;Kanaaldijk Noord West;5707LC;61;;173300;388050;13.20;Weven van textiel;Overige industrie;Textiel- en tapijtindustrie;CO2;0.0;2.142;0.0;0.0;0.0;0.0;0.0;0.0;0.0;Overig;0.0;0.0;Overige;0;Gray;2024;BU07941007;GM0794;5707.0;5707LC;BU07941007;GM0794;5707.0;5707LC;BU07941007;GM0794;5707.0;5707LC;False;False;False;51.48119853697576;5.650642391444938;WarmteAtlas:CO2EmissieBedrijven;;;
1253;NL;;44191;PGI Nonwovens B.V.;Katwijk;Lange Oijen;5433NG;16;;187550;418650;13.95;Vervaardiging van gebonden textielvlies en van artikelen van gebonden textielvlies, geen kleding;Overige industrie;Textiel- en tapijtindustrie;CO2;0.0;0.0;0.0;0.0;0.0;0.0;0.0;0.0;0.0;Overig;0.0;0.0;Overige;0;Gray;2024;BU19820605;GM1982;5433.0;5433NG;BU19820605;GM1982;5433.0;5433NG;BU19820605;GM1982;5433.0;5433NG;False;False;False;51.75559719333025;5.858628728905389;WarmteAtlas:CO2EmissieBedrijven;;;
1254;NL;;44207;Houtbedrijf van Hout BV;Mill;Wanroijseweg;5451HA;2;;182550;410450;16.21;Vervaardiging van fineer en plaatmateriaal op basis van hout;Overige industrie;Houtbewerkende industrie;CO2;12.075;12.075;0.0;0.0;0.0;0.0;0.0;0.0;0.0;Overig;0.0;0.0;Overige;0;Gray;2024;BU19821009;GM1982;5451.0;5451HX;BU19821009;GM1982;5451.0;5451HX;BU19821009;GM1982;5451.0;5451HX;False;False;False;51.682162171461314;5.785564390371046;WarmteAtlas:CO2EmissieBedrijven;;;
1255;NL;;44215;Opstalan B.V.;Oisterwijk;Beneluxstraat;5061KD;1;;141600;399650;16.23;Vervaardiging van overig timmerwerk voor de bouw;Overige industrie;Houtbewerkende industrie;CO2;1.608;0.0;0.0;0.0;0.0;0.0;0.0;0.0;0.0;Overig;0.0;0.0;Overige;0;Gray;2024;BU08241201;GM0824;5061.0;5061KG;BU08241201;GM0824;5061.0;5061KG;BU08241201;GM0824;5061.0;5061KG;False;False;False;51.58560453132463;5.193855455144147;WarmteAtlas:CO2EmissieBedrijven;;;
1256;NL;;44273;Houtindustrie de Keyser BV;Waalre;Prunellalaan;5582HB;1;;161200;378750;16.24;Vervaardiging van houten emballage;Overige industrie;Houtbewerkende industrie;CO2;0.999936;0.0;0.0;0.0;0.0;0.0;0.0;0.0;0.0;Overig;0.0;0.0;Overige;0;Gray;2024;BU08660001;GM0866;5582.0;5582HE;BU08660001;GM0866;5582.0;5582HE;BU08660001;GM0866;5582.0;5582HE;False;False;False;51.39786732066985;5.4762909072298145;WarmteAtlas:CO2EmissieBedrijven;;;
1257;NL;;44301;Saica Flex Etten-Leur;Etten-Leur;Parallelweg;4878AH;1;;101980;397880;22.22;Vervaardiging van verpakkingsmiddelen van kunststof;Overige industrie;Rubber- en kunstofverw. Industrie;CO2;0.0;0.0;0.0;1.898503;1.782214;1.93457;2.022536;2.190168;1.949098;Overig;30.883595;30.883595;Overige;1;Gray;2024;BU07770100;GM0777;4878.0;4878AH;BU07770100;GM0777;4878.0;4878AH;BU07770100;GM0777;4878.0;4878AH;False;False;False;51.567353871631866;4.622484662624335;WarmteAtlas:CO2EmissieBedrijven;;;
1258;NL;;44303;SCA Hygiene Products BV (Tilburg);Tilburg;LEDEBOERSTRAAT;5048AD;44;;132000;399300;17.21;"Vervaardiging van verpakkingsmiddelen van papier en karton; golfpapier en -karton";Overige industrie;Papier(waren);CO2;0.0;12.193;0.0;0.0;0.0;0.0;0.0;0.0;0.0;Papier(waren);0.0;0.0;Papier;0;White;2024;BU08555904;GM0855;5048.0;5048AD;BU08555904;GM0855;5048.0;5048AD;BU08555904;GM0855;5048.0;5048AD;False;False;False;51.58214765626933;5.055363682097308;WarmteAtlas:CO2EmissieBedrijven;;;
1259;NL;;44446;Roto Smeets Etten;Etten-Leur;Parallelweg;4878AH;5;;101570;397840;18.12.3;Drukkerijen van reclame;Overige industrie;Grafische industrie;CO2;4.6728;0.0;0.0;0.0;0.0;0.0;0.0;0.0;0.0;Overig;0.0;0.0;Overige;0;Gray;2024;BU07770100;GM0777;4878.0;4878AH;BU07770100;GM0777;4878.0;4878AH;BU07770100;GM0777;4878.0;4878AH;False;False;False;51.56695552637874;4.616577770037547;WarmteAtlas:CO2EmissieBedrijven;;;
1260;NL;;44601;Chroomlederfabriek Schenkers BV;Tilburg;Wilhelminapark;5041EG;112;;133550;397660;15.11;"Looien en bereiden van leer; bereiden en verven van bont";Overige industrie;Lederindustrie;CO2;0.370944;0.0;0.0;0.0;0.0;0.0;0.0;0.0;0.0;Overig;0.0;0.0;Overige;0;Gray;2024;BU08552402;GM0855;5046.0;5046HS;BU08552402;GM0855;5046.0;5046HS;BU08552402;GM0855;5046.0;5046HS;False;False;False;51.567467848884135;5.077826779683649;WarmteAtlas:CO2EmissieBedrijven;;;
1261;NL;;44642;Koninklijke Verenigde Leder BV;Oisterwijk;Almijstraat;5061PA;14;;141500;399180;15.11;"Looien en bereiden van leer; bereiden en verven van bont";Overige industrie;Lederindustrie;CO2;4.968432;0.0;0.0;0.0;0.0;0.0;0.0;0.0;0.0;Overig;0.0;0.0;Overige;0;Gray;2024;BU08241302;GM0824;5061.0;5061HB;BU08241302;GM0824;5061.0;5061HB;BU08241302;GM0824;5061.0;5061HB;False;False;False;51.581377524930964;5.192430701468158;WarmteAtlas:CO2EmissieBedrijven;;;
1262;NL;;44702;Wienerberger BV Oosterhout;Oosterhout;Florijnstraat;4903RM;4;;119250;403950;23.32;Vervaardiging van keramische producten voor de bouw (geen tegels en plavuizen);Overige industrie;Bouwmaterialenindustrie;CO2;8.866368;0.0;0.0;0.0;0.0;0.0;0.0;0.0;0.0;Bouwmaterialenindustrie;0.0;0.0;BouwMaterialen;0;SandyBrown;2024;BU08260800;GM0826;4903.0;4903RN;BU08260800;GM0826;4903.0;4903RN;BU08260800;GM0826;4903.0;4903RN;False;False;False;51.623276554082544;4.87094057377516;WarmteAtlas:CO2EmissieBedrijven;;;
1263;NL;;44706;L.J. Duijs Steenfabriek BV;Hedikhuizen;Bokhovenseweg;5256TC;8;;142600;416500;23.32;Vervaardiging van keramische producten voor de bouw (geen tegels en plavuizen);Overige industrie;Bouwmaterialenindustrie;CO2;9.84096;0.0;0.0;0.0;0.0;0.0;0.0;0.0;0.0;Bouwmaterialenindustrie;0.0;0.0;BouwMaterialen;0;SandyBrown;2024;BU07970700;GM0797;5257.0;5257NC;BU07970700;GM0797;5257.0;5257NC;BU07970700;GM0797;5257.0;5257NC;False;False;False;51.73708339280842;5.207685210333478;WarmteAtlas:CO2EmissieBedrijven;;;
1264;NL;;44707;Wienerberger BV Esbeek;Esbeek;Esbeekseweg;5085EA;21;;137950;386530;23.32;Vervaardiging van keramische producten voor de bouw (geen tegels en plavuizen);Overige industrie;Bouwmaterialenindustrie;CO2;7.705152;23.79;0.0;0.0;0.0;0.0;0.0;0.0;0.0;Bouwmaterialenindustrie;0.0;0.0;BouwMaterialen;0;SandyBrown;2024;BU07980100;GM0798;5085.0;5085EA;BU07980100;GM0798;5085.0;5085EA;BU07980100;GM0798;5085.0;5085EA;False;False;False;51.467575817232685;5.141827786001318;WarmteAtlas:CO2EmissieBedrijven;;;
1265;NL;;44709;Steenfabriek Engels Oeffelt BV;Oeffelt;Kruispunt;5441PB;26;;191350;411200;23.32;Vervaardiging van keramische producten voor de bouw (geen tegels en plavuizen);Overige industrie;Bouwmaterialenindustrie;CO2;0.0;10.061;10.814;13.532223;15.647801;17.218394;18.163823;15.674039;14.705564;Bouwmaterialenindustrie;221.5227;221.5227;BouwMaterialen;2;SandyBrown;2024;BU19821403;GM1982;5441.0;5441PB;BU19821403;GM1982;5441.0;5441PB;BU19821403;GM1982;5441.0;5441PB;False;False;False;51.68840111007105;5.912882928245303;WarmteAtlas:CO2EmissieBedrijven;;;
1266;NL;;44712;Terca Terra Son;Son;Kanaaldijk Zuid;5691NL;23;;159070;390360;23.32;Vervaardiging van keramische producten voor de bouw (geen tegels en plavuizen);Overige industrie;Bouwmaterialenindustrie;CO2;13.89312;0.0;0.0;0.0;0.0;0.0;0.0;0.0;0.0;Bouwmaterialenindustrie;0.0;0.0;BouwMaterialen;0;SandyBrown;2024;BU08480009;GM0848;5691.0;5691NL;BU08480009;GM0848;5691.0;5691NL;BU08480009;GM0848;5691.0;5691NL;False;False;False;51.502245145472834;5.445818659267066;WarmteAtlas:CO2EmissieBedrijven;;;
1267;NL;;44714;Steenfabriek W.van Hapert BV;Acht;Mispelhoefstraat;5602LS;2;;157080;387700;23.32;Vervaardiging van keramische producten voor de bouw (geen tegels en plavuizen);Overige industrie;Bouwmaterialenindustrie;CO2;5.25312;0.0;0.0;0.0;0.0;0.0;0.0;0.0;0.0;Bouwmaterialenindustrie;0.0;0.0;BouwMaterialen;0;SandyBrown;2024;BU07726280;GM0772;5651.0;5651GL;BU07726280;GM0772;5651.0;5651GL;BU07726280;GM0772;5651.0;5651GL;False;False;False;51.478346259969015;5.417142180643973;WarmteAtlas:CO2EmissieBedrijven;;;
1268;NL;;44715;Kon.Stf.Koramic-De Vijf Eiken;Rijen;Vijf Eiken;5120AA;6;;120800;400150;23.32;Vervaardiging van keramische producten voor de bouw (geen tegels en plavuizen);Overige industrie;Bouwmaterialenindustrie;CO2;9.574272;0.0;0.0;0.0;0.0;0.0;0.0;0.0;0.0;Bouwmaterialenindustrie;0.0;0.0;BouwMaterialen;0;SandyBrown;2024;BU07840112;GM0784;5121.0;5121RG;BU07840112;GM0784;5121.0;5121RG;BU07840112;GM0784;5121.0;5121RG;False;False;False;51.58921764130421;4.8936948404297755;WarmteAtlas:CO2EmissieBedrijven;;;
1269;NL;;44716;Steenfabriek Udenhout BV;Udenhout;Van Ginnekenweg;5071NJ;6;;139990;402320;23.32;Vervaardiging van keramische producten voor de bouw (geen tegels en plavuizen);Overige industrie;Bouwmaterialenindustrie;CO2;9.49152;0.0;0.0;0.0;0.0;0.0;0.0;0.0;0.0;Bouwmaterialenindustrie;0.0;0.0;BouwMaterialen;0;SandyBrown;2024;BU08556708;GM0855;5071.0;5071NJ;BU08556708;GM0855;5071.0;5071NJ;BU08556708;GM0855;5071.0;5071NJ;False;False;False;51.60956318547722;5.170510695131039;WarmteAtlas:CO2EmissieBedrijven;;;
1270;NL;;44772;Ardagh Glass Dongen BV;Dongen;Eindsestraat;5105NA;133;;127823;402831;23.13;Vervaardiging van holglas;Overige industrie;Bouwmaterialenindustrie;CO2;81.402009;92.86;73.632414;96.337742;72.887741;67.38416;69.593295;80.352851;64.14169;Bouwmaterialenindustrie;966.222061;966.222061;BouwMaterialen;3;SandyBrown;2024;BU07660115;GM0766;5105.0;5105NA;BU07660115;GM0766;5105.0;5105NA;BU07660115;GM0766;5105.0;5105NA;False;False;False;51.61369920030594;4.994825958824408;WarmteAtlas:CO2EmissieBedrijven;;;
1271;NL;;44773;Saint Gobain Construction Products;Etten-Leur;Parallelweg;4878AH;20;;100624;397751;23.14;Vervaardiging van glasvezels;Overige industrie;Bouwmaterialenindustrie;CO2;41.45088;72.656;39.828073;43.175915;43.357456;46.398235;45.036588;39.832038;26.147199;Bouwmaterialenindustrie;393.877999;393.877999;BouwMaterialen;3;SandyBrown;2024;BU07770100;GM0777;4878.0;4878AH;BU07770100;GM0777;4878.0;4878AH;BU07770100;GM0777;4878.0;4878AH;False;False;False;51.56606487373978;4.602948586494796;WarmteAtlas:CO2EmissieBedrijven;;;
1272;NL;;44791;Strukton Civiel Zuid B.V.;Breda;Steenen Hoofd;4825AJ;61;-3.0;111969;401766;42.10;Bouw van wegen, spoorwegen en kunstwerken;Bouw;Overig bouw;CO2;0.0;3.044;0.0;0.0;0.0;0.0;0.0;0.0;0.0;Overig;0.0;0.0;Overige;0;Gray;2024;BU07580105;GM0758;4825.0;4825BC;BU07580105;GM0758;4825.0;4825BC;BU07580105;GM0758;4825.0;4825BC;False;False;False;51.60313539240579;4.766070936785245;WarmteAtlas:CO2EmissieBedrijven;;;
1273;NL;;44799;Brabantse AsfaltCentrale VOF;Helmond;Churchilllaan;5705BK;202;;174200;386600;23.00;Vervaardiging van overige niet-metaalhoudende minerale producten;Overige industrie;Bouwmaterialenindustrie;CO2;0.0;0.0;0.0;0.0;0.0;0.0;0.0;0.0;0.0;Bouwmaterialenindustrie;0.0;0.0;BouwMaterialen;0;SandyBrown;2024;BU07942901;GM0794;5705.0;5705BH;BU07942901;GM0794;5705.0;5705BH;BU07942901;GM0794;5705.0;5705BH;False;False;False;51.46813513291546;5.663519207721637;WarmteAtlas:CO2EmissieBedrijven;;;
1274;NL;;44826;Synergy Health Bergen op Zoom B.V.;Bergen op Zoom;Antwerpsestraatweg;4625AB;415;;79680;388080;96.01;Reinigen van kleding en textiel;Handel, Diensten en Overheid (HDO);Energiegebruik en processen Handel, Diensten en Overheid (HDO);CO2;1.013139;0.0;0.0;0.0;0.0;0.0;0.0;0.0;0.0;Overig;0.0;0.0;Overige;0;Gray;2024;BU07480204;GM0748;4625.0;4625AB;BU07480204;GM0748;4625.0;4625AB;BU07480204;GM0748;4625.0;4625AB;False;False;False;51.47673202056059;4.302997262015998;WarmteAtlas:CO2EmissieBedrijven;;;
1275;NL;;44843;Nedlin Rath BV;Veghel;Lelielaan;5462BE;2;;164900;402700;96.01;Reinigen van kleding en textiel;Handel, Diensten en Overheid (HDO);Energiegebruik en processen Handel, Diensten en Overheid (HDO);CO2;0.0;0.0;0.0;0.0;0.0;0.0;0.0;0.0;0.0;Overig;0.0;0.0;Overige;0;Gray;2024;BU19480404;GM1948;5462.0;5462AV;BU19480404;GM1948;5462.0;5462AV;BU19480404;GM1948;5462.0;5462AV;False;False;False;51.613091731910714;5.530133230194951;WarmteAtlas:CO2EmissieBedrijven;;;
1276;NL;;45106;Texdeco Textiles;Helmond;De Hoefkens;5707AZ;4;;171950;386900;13.30;Textielveredeling;Overige industrie;Textiel- en tapijtindustrie;CO2;0.0;0.0;0.0;0.0;0.0;0.0;0.0;0.0;0.0;Overig;0.0;0.0;Overige;0;Gray;2024;BU07941301;GM0794;5707.0;5707KE;BU07941301;GM0794;5707.0;5707KE;BU07941301;GM0794;5707.0;5707KE;False;False;False;51.47090392776265;5.63115292530527;WarmteAtlas:CO2EmissieBedrijven;;;
1277;NL;;45112;OPTICOLOR International BV;Mierlo;Tramweg;5731HN;41;;171700;384450;13.30;Textielveredeling;Overige industrie;Textiel- en tapijtindustrie;CO2;0.0;0.0;0.0;0.0;0.0;0.0;0.0;0.0;0.0;Overig;0.0;0.0;Overige;0;Gray;2024;BU17710100;GM1771;5731.0;5731HH;BU17710110;GM1771;5731.0;5731HH;BU17710110;GM1771;5731.0;5731HH;True;False;False;51.448889326628354;5.627438562378671;WarmteAtlas:CO2EmissieBedrijven;;;
1278;NL;;45127;Tarkett B.V. (Goirle);Goirle;PARALLELWEG;5051HG;14;;132050;391900;13.93;Vervaardiging van vloerkleden en tapijt;Overige industrie;Textiel- en tapijtindustrie;CO2;5.292;5.062;0.0;0.0;0.0;0.0;0.0;0.0;0.0;Overig;0.0;0.0;Overige;0;Gray;2024;BU07851324;GM0785;5051.0;5051HG;BU07851324;GM0785;5051.0;5051HG;BU07851324;GM0785;5051.0;5051HG;False;False;False;51.515634910127616;5.056569339028788;WarmteAtlas:CO2EmissieBedrijven;;;
1279;NL;;45258;Bruynzeel Keukens en Kasten B.V.;Bergen op Zoom;Drebbelstraat;4622RC;7;;79800;391020;31.02;Vervaardiging van keukenmeubels;Overige industrie;Industrie overig;CO2;8.055;0.0;0.0;0.0;0.0;0.0;0.0;0.0;0.0;Overig;0.0;0.0;Overige;0;Gray;2024;BU07480206;GM0748;4622.0;4622RA;BU07480206;GM0748;4622.0;4622RA;BU07480206;GM0748;4622.0;4622RA;False;False;False;51.50317084924079;4.30409556517822;WarmteAtlas:CO2EmissieBedrijven;;;
1280;NL;;45669;Caligen Europe BV;Breda;Konijnenberg;4825BC;59;;112150;402250;22.21;Vervaardiging van platen, folie, buizen en profielen van kunststof;Overige industrie;Rubber- en kunstofverw. Industrie;CO2;0.32;0.337;0.24644;0.30012;0.30012;0.3538;0.32452;0.29524;0.26416;Overig;4.185634;4.185634;Overige;1;Gray;2024;BU07580105;GM0758;4825.0;4825BC;BU07580105;GM0758;4825.0;4825BC;BU07580105;GM0758;4825.0;4825BC;False;False;False;51.607499494929826;4.7686241112974095;WarmteAtlas:CO2EmissieBedrijven;;;
1281;NL;;45672;CurTec Nederland BV;Rijen;Spoorlaan Noord;5121WX;92;;121750;399900;22.22;Vervaardiging van verpakkingsmiddelen van kunststof;Overige industrie;Rubber- en kunstofverw. Industrie;CO2;0.0;0.0;0.0;0.0;0.0;0.0;0.0;0.0;0.0;Overig;0.0;0.0;Overige;0;Gray;2024;BU07840105;GM0784;5121.0;5121CD;BU07840105;GM0784;5121.0;5121CD;BU07840105;GM0784;5121.0;5121CD;False;False;False;51.58702759594867;4.907426647667162;WarmteAtlas:CO2EmissieBedrijven;;;
1282;NL;;45694;Gebroeders Van Dijk BV;Gemert;Industrieweg;5422VK;66;;177200;397680;22.20;Vervaardiging van produkten van kunststof;Overige industrie;Rubber- en kunstofverw. Industrie;CO2;0.557523;0.0;0.0;0.0;0.0;0.0;0.0;0.0;0.0;Overig;0.0;0.0;Overige;0;Gray;2024;BU16520203;GM1652;5422.0;5422VV;BU16520203;GM1652;5422.0;5422VV;BU16520203;GM1652;5422.0;5422VV;False;False;False;51.5676176052969;5.707394347590517;WarmteAtlas:CO2EmissieBedrijven;;;
1283;NL;;45759;Zuid-Nederlandse Asfalt Centrale BV;Breda;Eikdonk;4825AZ;15;;111964;403612;23.00;Vervaardiging van overige niet-metaalhoudende minerale producten;Overige industrie;Bouwmaterialenindustrie;CO2;0.0;5.204;0.0;0.0;0.0;0.0;0.0;0.0;0.0;Bouwmaterialenindustrie;0.0;0.0;BouwMaterialen;0;SandyBrown;2024;BU07580105;GM0758;4825.0;4825AZ;BU07580105;GM0758;4825.0;4825AZ;BU07580105;GM0758;4825.0;4825AZ;False;False;False;51.61972710033334;4.7657714544802205;WarmteAtlas:CO2EmissieBedrijven;;;
1284;NL;;45767;KWS Infra (Eindhoven);Eindhoven;Huiskesweg;5652BC;4;;158100;382900;23.99;Vervaardiging van niet-metaalhoudende minerale producten (geen schuur-, slijp- en polijstmiddelen);Overige industrie;Bouwmaterialenindustrie;CO2;0.0;2.426;0.0;0.0;0.0;0.0;0.0;0.0;0.0;Bouwmaterialenindustrie;0.0;0.0;BouwMaterialen;0;SandyBrown;2024;BU07726210;GM0772;5652.0;5652BC;BU07726210;GM0772;5652.0;5652BC;BU07726210;GM0772;5652.0;5652BC;False;False;False;51.43519596214188;5.431782441414056;WarmteAtlas:CO2EmissieBedrijven;;;
1285;NL;;45771;APM;Moerdijk;'t Gors;4782PR;6;;101000;412000;23.00;Vervaardiging van overige niet-metaalhoudende minerale producten;Overige industrie;Bouwmaterialenindustrie;CO2;0.0;0.0;0.0;0.0;0.0;0.0;0.0;0.0;0.0;Bouwmaterialenindustrie;0.0;0.0;BouwMaterialen;0;SandyBrown;2024;BU17090303;GM1709;4782.0;4782PZ;BU17090303;GM1709;4782.0;4782PZ;BU17090303;GM1709;4782.0;4782PZ;False;False;False;51.694169273255866;4.606167252672868;WarmteAtlas:CO2EmissieBedrijven;;;
1286;NL;;4615;Facilities Wetering BV;Weert;Wetering;6002SM;20;;173150;361400;35.11.2;Productie van elektriciteit door windenergie;Overige industrie;Rubber- en kunstofverw. Industrie;CO2;22.65996;23.052;0.0;0.0;0.0;0.0;0.0;0.0;0.0;Overig;0.0;0.0;Overige;0;Gray;2024;BU09880105;GM0988;6002.0;6002SM;BU09880105;GM0988;6002.0;6002SM;BU09880105;GM0988;6002.0;6002SM;False;False;False;51.24165620119073;5.647115267755857;WarmteAtlas:CO2EmissieBedrijven;;;
1287;NL;;47001;Slibverwerking Noord-Brabant;Moerdijk;Middenweg;4782PM;38;;99196;411514;38.21;Behandeling van onschadelijk afval;Afvalverwijdering;AVI's;CO2;0.0;0.0;158.0;161.043;145.137;142.013;145.0;148.66;154.519;Overig;2448.364437;2448.364437;Afval;3;Maroon;2024;BU17090303;GM1709;4782.0;4782PM;BU17090303;GM1709;4782.0;4782PM;BU17090303;GM1709;4782.0;4782PM;False;False;False;51.68962434718735;4.580155263004402;WarmteAtlas:CO2EmissieBedrijven;;;
1288;NL;;4705;Wienerberger BV Milsbeek;Milsbeek;Bloemenstraat;6596DW;70;;193250;414450;23.32;Vervaardiging van keramische producten voor de bouw (geen tegels en plavuizen);Overige industrie;Bouwmaterialenindustrie;CO2;6.7824;2.681;0.0;0.0;0.0;0.0;0.0;0.0;0.0;Bouwmaterialenindustrie;0.0;0.0;BouwMaterialen;0;SandyBrown;2024;BU09070009;GM0907;6596.0;6596DS;BU09070009;GM0907;6596.0;6596DS;BU09070009;GM0907;6596.0;6596DS;False;False;False;51.71748596593187;5.940716437475539;WarmteAtlas:CO2EmissieBedrijven;;;
1289;NL;;4706;Kleiwarenfabriek Buggenum BV;Buggenum;Dorpsstraat;6082AR;60;;196660;360330;23.32;Vervaardiging van keramische producten voor de bouw (geen tegels en plavuizen);Overige industrie;Bouwmaterialenindustrie;CO2;10.11652;0.0;6.091;0.0;0.0;0.0;0.0;0.0;0.0;Bouwmaterialenindustrie;0.0;0.0;BouwMaterialen;0;SandyBrown;2024;BU16400600;GM1640;6082.0;6082AR;BU16400600;GM1640;6082.0;6082AR;BU16400600;GM1640;6082.0;6082AR;False;False;False;51.23079859804695;5.983649975412775;WarmteAtlas:CO2EmissieBedrijven;;;
1290;NL;;47063;Ned.Philips Bedr.-Tcdc/Elcoma;Eindhoven;"Complex R ; Gebouw Rad";5600MD;;;159200;384600;26.40;Vervaardiging van consumentenelektronica;Handel, Diensten en Overheid (HDO);Energiegebruik en processen Handel, Diensten en Overheid (HDO);CO2;0.902;0.0;0.0;0.0;0.0;0.0;0.0;0.0;0.0;Overig;0.0;0.0;Overige;0;Gray;2024;BU07726250;GM0772;5651.0;5651HA;BU07726250;GM0772;5651.0;5651HA;BU07726250;GM0772;5651.0;5651HA;False;False;False;51.45046956124251;5.447622010978581;WarmteAtlas:CO2EmissieBedrijven;;;
1291;NL;;47065;NV Pnem, Energiedienst Philips;Eindhoven;Gebouw Tao-1;5200BW;;Gebouw Tao-1;159550;384450;35.11.1;Productie van elektriciteit door thermische, kern- en warmtekrachtcentrales;Energiesector;Opwekking electriciteit;CO2;65.603941;0.0;0.0;0.0;0.0;0.0;0.0;0.0;0.0;Opwekking electriciteit;0.0;0.0;Energy;0;Yellow;2024;BU07726250;GM0772;5651.0;5651CA;BU07726250;GM0772;5651.0;5651CA;BU07726250;GM0772;5651.0;5651CA;False;False;False;51.44911853831641;5.452655154792377;WarmteAtlas:CO2EmissieBedrijven;;;
1292;NL;;4707;Steenfabriek Corubona BV;Nunhem;Napoleonsweg;6083AB;128;;195350;361150;23.32;Vervaardiging van keramische producten voor de bouw (geen tegels en plavuizen);Overige industrie;Bouwmaterialenindustrie;CO2;3.83352;0.0;0.0;0.0;0.0;0.0;0.0;0.0;0.0;Bouwmaterialenindustrie;0.0;0.0;BouwMaterialen;0;SandyBrown;2024;BU16400401;GM1640;6083.0;6083AB;BU16400401;GM1640;6083.0;6083AB;BU16400401;GM1640;6083.0;6083AB;False;False;False;51.23826378673849;5.964988443923179;WarmteAtlas:CO2EmissieBedrijven;;;
1293;NL;;4709;Kleiwarenfabriek Joosten Kessel BV;Kessel;Kanaalweg;5995NX;3;;198620;364930;23.32;Vervaardiging van keramische producten voor de bouw (geen tegels en plavuizen);Overige industrie;Bouwmaterialenindustrie;CO2;11.624256;23.092;6.394;7.245;9.35;7.593;9.428;7.017;6.189;Bouwmaterialenindustrie;93.23029;93.23029;BouwMaterialen;2;SandyBrown;2024;BU18940209;GM1894;5995.0;5995NX;BU18940702;GM1894;5995.0;5995NX;BU18940702;GM1894;5995.0;5995NX;True;False;False;51.271997551853694;6.012273951168698;WarmteAtlas:CO2EmissieBedrijven;;;
1294;NL;;4711;Wienerberger Steenfabriek Thorn;Thorn;Meers;6017BD;38;;188170;352040;23.32;Vervaardiging van keramische producten voor de bouw (geen tegels en plavuizen);Overige industrie;Bouwmaterialenindustrie;CO2;13.93008;0.0;8.661;9.77;12.807486;13.515572;14.232601;9.495759;8.494403;Bouwmaterialenindustrie;127.958578;127.958578;BouwMaterialen;2;SandyBrown;2024;BU16410409;GM1641;6017.0;6017BD;BU16410409;GM1641;6017.0;6017BD;BU16410409;GM1641;6017.0;6017BD;False;False;False;51.156843798310554;5.861331577726757;WarmteAtlas:CO2EmissieBedrijven;;;
1295;NL;;4712;Kleiwarenfabriek Joosten Wessem BV;Wessem;Op den Dries;6019RA;1;;188800;353580;23.32;Vervaardiging van keramische producten voor de bouw (geen tegels en plavuizen);Overige industrie;Bouwmaterialenindustrie;CO2;9.8496;0.0;7.636;0.0;0.0;0.0;0.0;0.0;0.0;Bouwmaterialenindustrie;0.0;0.0;BouwMaterialen;0;SandyBrown;2024;BU16410700;GM1641;6019.0;6019RA;BU16410700;GM1641;6019.0;6019RA;BU16410700;GM1641;6019.0;6019RA;False;False;False;51.17064900466842;5.870482176411288;WarmteAtlas:CO2EmissieBedrijven;;;
1296;NL;;4713;De Valk Keramiek BV;Echt;Diepstraat;6101AT;1;;188350;346500;23.31;Vervaardiging van keramische tegels en plavuizen;Overige industrie;Bouwmaterialenindustrie;CO2;2.477952;0.0;0.0;0.0;0.0;0.0;0.0;0.0;0.0;Bouwmaterialenindustrie;0.0;0.0;BouwMaterialen;0;SandyBrown;2024;BU17110523;GM1711;6101.0;6101AT;BU17110524;GM1711;6101.0;6101DM;BU17110524;GM1711;6101.0;6101DM;True;False;False;51.10703678696564;5.863388124567467;WarmteAtlas:CO2EmissieBedrijven;;;
1297;NL;;4714;Jeka Dakpannen BV;Tegelen;Nassaustraat;6653ZG;43;;208200;372700;23.32;Vervaardiging van keramische producten voor de bouw (geen tegels en plavuizen);Overige industrie;Bouwmaterialenindustrie;CO2;7.01568;0.0;0.0;0.0;0.0;0.0;0.0;0.0;0.0;Bouwmaterialenindustrie;0.0;0.0;BouwMaterialen;0;SandyBrown;2024;BU09833203;GM0983;5932.0;5932EB;BU09833203;GM0983;5932.0;5932EB;BU09833203;GM0983;5932.0;5932EB;False;False;False;51.34101647568351;6.1507097628466;WarmteAtlas:CO2EmissieBedrijven;;;
1298;NL;;4719;Teeuwen van Thiel Keram.Ind.;Panningen;Industrieterrein;5981NK;8;;196550;371950;23.31;Vervaardiging van keramische tegels en plavuizen;Overige industrie;Bouwmaterialenindustrie;CO2;0.0;0.0;0.0;0.0;0.0;0.0;0.0;0.0;0.0;Bouwmaterialenindustrie;0.0;0.0;BouwMaterialen;0;SandyBrown;2024;BU18940101;GM1894;5981.0;5981NK;BU18940107;GM1894;5981.0;5981NK;BU18940107;GM1894;5981.0;5981NK;True;False;False;51.33525134431989;5.983434557515002;WarmteAtlas:CO2EmissieBedrijven;;;
1299;NL;;4720;St. Joris Keramische Industrie BV;Beesel;Sint Jorisstraat;5954AP;54;;200980;365600;23.32;Vervaardiging van keramische producten voor de bouw (geen tegels en plavuizen);Overige industrie;Bouwmaterialenindustrie;CO2;2.95176;0.0;0.0;0.0;0.0;0.0;0.0;0.0;0.0;Bouwmaterialenindustrie;0.0;0.0;BouwMaterialen;0;SandyBrown;2024;BU08890109;GM0889;5954.0;5954AP;BU08890109;GM0889;5954.0;5954AP;BU08890109;GM0889;5954.0;5954AP;False;False;False;51.27783307256756;6.046177328354716;WarmteAtlas:CO2EmissieBedrijven;;;
1300;NL;;4724;Lafarge dakproducten Thorn;Thorn;Meers;6017BD;23;;187460;352580;23.32;Vervaardiging van keramische producten voor de bouw (geen tegels en plavuizen);Overige industrie;Bouwmaterialenindustrie;CO2;0.0;0.0;0.0;0.0;0.0;0.0;0.0;0.0;0.0;Bouwmaterialenindustrie;0.0;0.0;BouwMaterialen;0;SandyBrown;2024;BU16410400;GM1641;6017.0;6017BD;BU16410400;GM1641;6017.0;6017BD;BU16410400;GM1641;6017.0;6017BD;False;False;False;51.16173860455455;5.851232212534841;WarmteAtlas:CO2EmissieBedrijven;;;
1301;NL;;4727;Koramic Janssen Dings BV;Belfeld;Julianastraat;5951CE;8;;205750;369400;23.32;Vervaardiging van keramische producten voor de bouw (geen tegels en plavuizen);Overige industrie;Bouwmaterialenindustrie;CO2;13.72896;0.0;0.0;0.0;0.0;0.0;0.0;0.0;0.0;Bouwmaterialenindustrie;0.0;0.0;BouwMaterialen;0;SandyBrown;2024;BU09835101;GM0983;5951.0;5951DN;BU09835101;GM0983;5951.0;5951DN;BU09835101;GM0983;5951.0;5951DN;False;False;False;51.31158080259836;6.115078377309646;WarmteAtlas:CO2EmissieBedrijven;;;
1302;NL;;4729;Dakpanfabriek Tegelen;Tegelen;Steenweg;5932AC;3;;207450;372130;23.32;Vervaardiging van keramische producten voor de bouw (geen tegels en plavuizen);Overige industrie;Bouwmaterialenindustrie;CO2;9.84096;0.0;0.0;0.0;0.0;0.0;0.0;0.0;0.0;Bouwmaterialenindustrie;0.0;0.0;BouwMaterialen;0;SandyBrown;2024;BU09833202;GM0983;5932.0;5932AC;BU09833202;GM0983;5932.0;5932AC;BU09833202;GM0983;5932.0;5932AC;False;False;False;51.335963325901034;6.139862488431784;WarmteAtlas:CO2EmissieBedrijven;;;
1303;NL;;4731;Xella Kalkzandsteen De Hazelaar BV;Koningsbosch;Saeffelderstraat;6104RA;10;;193120;342880;23.61.1;Vervaardiging van producten van beton voor de bouw;Overige industrie;Bouwmaterialenindustrie;CO2;0.0;0.0;0.0;0.0;0.0;8.16;8.85;7.769202;7.52;Bouwmaterialenindustrie;113.2803;113.2803;BouwMaterialen;2;SandyBrown;2024;BU17111144;GM1711;6104.0;6104RA;BU17111144;GM1711;6104.0;6104RA;BU17111144;GM1711;6104.0;6104RA;False;False;False;51.074199076703216;5.931109109263544;WarmteAtlas:CO2EmissieBedrijven;;;
1304;NL;;4753;Rockwool B.V.;Roermond;Industrieweg;6045JG;15;;200915;353671;23.99;Vervaardiging van niet-metaalhoudende minerale producten (geen schuur-, slijp- en polijstmiddelen);Overige industrie;Bouwmaterialenindustrie;CO2;20.63955;0.0;147.108721;125.4052;137.915;143.719;134.271;100.91506;109.18;Bouwmaterialenindustrie;1644.673294;1644.673294;BouwMaterialen;3;SandyBrown;2024;BU09570202;GM0957;6045.0;6045JG;BU09570202;GM0957;6045.0;6045JG;BU09570202;GM0957;6045.0;6045JG;False;False;False;51.17061706804765;6.04370829658966;WarmteAtlas:CO2EmissieBedrijven;;;
1305;NL;;4793;Teewen BV (Tegelen);Tegelen;Kaldenkerkerweg;5930AA;31;-33;208600;372300;23.32;Vervaardiging van keramische producten voor de bouw (geen tegels en plavuizen);Overige industrie;Bouwmaterialenindustrie;CO2;9.76536;0.0;0.0;0.0;0.0;0.0;0.0;0.0;0.0;Bouwmaterialenindustrie;0.0;0.0;BouwMaterialen;0;SandyBrown;2024;BU09833205;GM0983;5932.0;5932CT;BU09833205;GM0983;5932.0;5932CT;BU09833205;GM0983;5932.0;5932CT;False;False;False;51.33738347208929;6.156389410725005;WarmteAtlas:CO2EmissieBedrijven;;;
1306;NL;;47999;Wubben Oliebewerking BV;Roosendaal;Oostelijke Havendijk;4704AD;13;a;90100;395050;38.11;Inzameling van onschadelijk afval;Energiesector;Transport en distributie olie en gas;CO2;0.0;0.939;0.0;0.0;0.0;0.0;0.0;0.0;0.0;Overig;0.0;0.0;Overige;0;Gray;2024;BU16740800;GM1674;4704.0;4704AD;BU16740800;GM1674;4704.0;4704AD;BU16740800;GM1674;4704.0;4704AD;False;False;False;51.540672585552024;4.451681142179077;WarmteAtlas:CO2EmissieBedrijven;;;
1307;NL;;48002;Unipol Holland BV;Oss;Rijnstraat;5347KL;15;a;166312;421568;20.16;Vervaardiging van kunststof in primaire vorm;Chemische Industrie;Chemische Industrie basisproducten;CO2;0.0;2.292;4.671963;5.684442;5.602045;5.459861;4.839519;4.493893;3.791125;Chemische Industrie;51.481542;51.481542;Chemie;2;Magenta;2024;BU08280500;GM0828;5347.0;5347KL;BU08280500;GM0828;5347.0;5347KL;BU08280500;GM0828;5347.0;5347KL;False;False;False;51.782659176404806;5.551133152328669;WarmteAtlas:CO2EmissieBedrijven;;;
1308;NL;;48006;Vion Helmond;Helmond;Graandijk;5704RB;5;;177677;384785;10.11;Slachterijen (geen pluimvee-);Overige industrie;Voedings- en genotmiddelenindustrie;CO2;0.0;0.0;2.925948;0.0;0.0;0.0;0.0;0.0;0.0;Voedings- en genotmiddelenindustrie;0.0;0.0;Voeding;0;Green;2024;BU07942902;GM0794;5704.0;5704RB;BU07942902;GM0794;5704.0;5704RB;BU07942902;GM0794;5704.0;5704RB;False;False;False;51.45169165323861;5.713441039450936;WarmteAtlas:CO2EmissieBedrijven;;;
1309;NL;;48007;Texmowa BV;Helmond;Nieuwe Industrieweg;5700AT;7;;174430;386850;13.30;Textielveredeling;Overige industrie;Textiel- en tapijtindustrie;CO2;0.0;0.0;0.0;0.0;0.0;0.0;0.0;0.0;0.0;Overig;0.0;0.0;Overige;0;Gray;2024;BU07941006;GM0794;5705.0;5705KZ;BU07941006;GM0794;5705.0;5705KZ;BU07941006;GM0794;5705.0;5705KZ;False;False;False;51.470374387695486;5.666843042679793;WarmteAtlas:CO2EmissieBedrijven;;;
1310;NL;;48014;Janus Vaten BV;Oosterhout;Energieweg;4906CG;1;;116650;407900;46.90;Niet- gespecialiseerde groothandel;Handel, Diensten en Overheid (HDO);Energiegebruik en processen Handel, Diensten en Overheid (HDO);CO2;0.0;0.88;0.0;0.0;0.0;0.0;0.0;0.0;0.0;Overig;0.0;0.0;Overige;0;Gray;2024;BU08260901;GM0826;4906.0;4906CG;BU08260901;GM0826;4906.0;4906CG;BU08260901;GM0826;4906.0;4906CG;False;False;False;51.658608266638645;4.832961860318341;WarmteAtlas:CO2EmissieBedrijven;;;
1311;NL;;48015;Asfaltcentrale Welschap;Veldhoven;Strijpsebaan;5508RA;19;;155800;382600;23.00;Vervaardiging van overige niet-metaalhoudende minerale producten;Overige industrie;Bouwmaterialenindustrie;CO2;0.0;0.0;0.0;0.0;0.0;0.0;0.0;0.0;0.0;Bouwmaterialenindustrie;0.0;0.0;BouwMaterialen;0;SandyBrown;2024;BU08610103;GM0861;5509.0;5509RE;BU08610103;GM0861;5509.0;5509RE;BU08610103;GM0861;5509.0;5509RE;False;False;False;51.432507356362656;5.398705115742591;WarmteAtlas:CO2EmissieBedrijven;;;
1312;NL;LCP;48018;FUJIFILM Manufacturing Europe BV;Tilburg;Oudenstraat;5047TK;1;;129000;401000;20.59;Vervaardiging van overige chemische producten n.e.g.;Chemische Industrie;Chemische Industrie overig;CO2;0.0;45.662;0.0;34.901681;22.455148;23.855485;25.236885;18.586618;10.413083;Chemische Industrie;141.40435;141.40435;Chemie;2;Magenta;2024;BU08556004;GM0855;5047.0;5047TK;BU08556004;GM0855;5047.0;5047TK;BU08556004;GM0855;5047.0;5047TK;False;False;False;51.59729716994237;5.011955023119776;WarmteAtlas:CO2EmissieBedrijven;;;
1313;NL;;48020;C.N.C.;Moerdijk;Orionweg;4782SC;5;;100600;409850;01.13;Teelt van groenten en wortel- en knolgewassen;Landbouw;Landbouwbedrijven;CO2;0.0;0.0;0.0;0.0;0.0;0.0;0.0;0.0;0.0;Overig;0.0;0.0;Overige;0;Gray;2024;BU17090303;GM1709;4782.0;4782SC;BU17090303;GM1709;4782.0;4782SC;BU17090303;GM1709;4782.0;4782SC;False;False;False;51.67480676219907;4.600718250460035;WarmteAtlas:CO2EmissieBedrijven;;;
1314;NL;;48022;Dr. W. Kolb Nederland BV;Klundert;Westelijke Randweg;4791RT;5;;97724;409683;20.41;Vervaardiging van zeep en wasmiddelen, poets- en reinigingsmiddelen;Chemische Industrie;Chemische Industrie overig;CO2;0.0;1.928;0.0;2.738685;2.393048;2.563325;2.37049;2.414503;2.526732;Chemische Industrie;34.31173;34.31173;Chemie;2;Magenta;2024;BU17090303;GM1709;4791.0;4791RT;BU17090303;GM1709;4791.0;4791RT;BU17090303;GM1709;4791.0;4791RT;False;False;False;51.6730191878415;4.559170209142811;WarmteAtlas:CO2EmissieBedrijven;;;
1315;NL;;48023;FrieslandCampina Cheese & Butter (Rijkevoort);Rijkevoort;Hoogeindsestraat;5447PE;31;;191500;408500;10.51;Vervaardiging van zuivelproducten (geen consumptie-ijs);Overige industrie;Voedings- en genotmiddelenindustrie;CO2;0.0;8.187;7.79;8.22;5.399807;2.291276;0.0;0.0;0.0;Voedings- en genotmiddelenindustrie;0.0;0.0;Voeding;0;Green;2024;BU19821803;GM1982;5447.0;5447PE;BU19821803;GM1982;5447.0;5447PE;BU19821803;GM1982;5447.0;5447PE;False;False;False;51.664123219605685;5.914769011862645;WarmteAtlas:CO2EmissieBedrijven;;;
1316;NL;;48024;Essity Operations Cuijk B.V.;Katwijk;Lange Linden;5433NC;22;;187500;418200;17.22;Vervaardiging van huishoudelijke en sanitaire papierwaren;Overige industrie;Papier(waren);CO2;0.0;0.0;20.195351;20.044085;10.997076;11.602203;12.227463;11.115832;11.273047;Papier(waren);178.622217;178.622217;Papier;2;White;2024;BU19820605;GM1982;5433.0;5433NC;BU19820605;GM1982;5433.0;5433NC;BU19820605;GM1982;5433.0;5433NC;False;False;False;51.75155542010773;5.857862417599775;WarmteAtlas:CO2EmissieBedrijven;;;
1317;NL;;48025;Ossfloor Tapijtfabrieken BV;Oss;Kantsingel;5349AJ;15;;165900;419400;13.93;Vervaardiging van vloerkleden en tapijt;Overige industrie;Textiel- en tapijtindustrie;CO2;0.0;0.0;0.0;0.0;0.0;0.0;0.0;0.0;0.0;Overig;0.0;0.0;Overige;0;Gray;2024;BU08280200;GM0828;5349.0;5349AE;BU08280200;GM0828;5349.0;5349AV;BU08280200;GM0828;5349.0;5349AV;False;False;False;51.763180558051815;5.545094296559712;WarmteAtlas:CO2EmissieBedrijven;;;
1318;NL;;48029;FrieslandCampina Eindhoven (Consumer Products Europe);Noordwijk;Dirk Boutslaan;5613LH;2;;162950;382850;10.51;Vervaardiging van zuivelproducten (geen consumptie-ijs);Overige industrie;Voedings- en genotmiddelenindustrie;CO2;0.0;3.927;4.526;0.0;0.0;0.0;0.0;0.0;0.0;Voedings- en genotmiddelenindustrie;0.0;0.0;Voeding;0;Green;2024;BU07722110;GM0772;5613.0;5613MT;BU07722110;GM0772;5613.0;5613MT;BU07722110;GM0772;5613.0;5613MT;False;False;False;51.43469892290953;5.501529780525924;WarmteAtlas:CO2EmissieBedrijven;;;
1319;NL;;48031;FrieslandCampina Den Bosch;'s-Hertogenbosch;Pieter Langendijksingel;5216JZ;2;;151000;410600;10.51;Vervaardiging van zuivelproducten (geen consumptie-ijs);Overige industrie;Voedings- en genotmiddelenindustrie;CO2;0.0;0.0;3.1922;3.112477;2.786523;2.733571;2.696693;2.346152;1.869504;Voedings- en genotmiddelenindustrie;29.172452;29.172452;Voeding;1;Green;2024;BU07960205;GM0796;5216.0;5216JZ;BU07960205;GM0796;5216.0;5216JZ;BU07960205;GM0796;5216.0;5216JZ;False;False;False;51.684174433825326;5.329360917092064;WarmteAtlas:CO2EmissieBedrijven;;;
1320;NL;;48040;FrieslandCampina Tilburg (Holland Cheese);Tilburg;Jules Verneweg;5015BH;85;;136300;398400;10.51;Vervaardiging van zuivelproducten (geen consumptie-ijs);Overige industrie;Voedings- en genotmiddelenindustrie;CO2;0.0;7.349;4.04935;0.0;0.0;0.0;0.0;0.0;0.0;Voedings- en genotmiddelenindustrie;0.0;0.0;Voeding;0;Green;2024;BU08554501;GM0855;5015.0;5015BM;BU08554501;GM0855;5015.0;5015BM;BU08554501;GM0855;5015.0;5015BM;False;False;False;51.57421754100554;5.117450239295734;WarmteAtlas:CO2EmissieBedrijven;;;
1321;NL;;48041;Agrifirm Feed Oss;Oss;Waalkade;5347KR;33;;165866;422077;10.90;Vervaardiging van diervoeder;Overige industrie;Voedings- en genotmiddelenindustrie;CO2;0.0;1.68;0.0;0.0;0.0;0.0;0.0;0.0;0.0;Voedings- en genotmiddelenindustrie;0.0;0.0;Voeding;0;Green;2024;BU08280500;GM0828;5347.0;5347KR;BU08280500;GM0828;5347.0;5347KR;BU08280500;GM0828;5347.0;5347KR;False;False;False;51.7872431242436;5.544685829469578;WarmteAtlas:CO2EmissieBedrijven;;;
1322;NL;;48044;Asfalt Productie Maatschappij BV;Bergen op Zoom;Van Konijnenburgweg;4612PL;54;;77180;390880;23.99;Vervaardiging van niet-metaalhoudende minerale producten (geen schuur-, slijp- en polijstmiddelen);Overige industrie;Bouwmaterialenindustrie;CO2;0.0;0.0;0.0;0.0;0.0;0.0;0.0;0.0;0.0;Bouwmaterialenindustrie;0.0;0.0;BouwMaterialen;0;SandyBrown;2024;BU07480306;GM0748;4612.0;4612PL;BU07480306;GM0748;4612.0;4612PL;BU07480306;GM0748;4612.0;4612PL;False;False;False;51.50155660981661;4.266397463999727;WarmteAtlas:CO2EmissieBedrijven;;;
1323;NL;;48046;Roosendaalse Asfalt Centrale (RAC);Roosendaal;Ziel;4704RS;14;;90400;395450;42.10;Bouw van wegen, spoorwegen en kunstwerken;Bouw;Overig bouw;CO2;0.0;0.0;0.0;0.0;0.0;0.0;0.0;0.0;0.0;Overig;0.0;0.0;Overige;0;Gray;2024;BU16740800;GM1674;4704.0;4704RG;BU16740800;GM1674;4704.0;4704RG;BU16740800;GM1674;4704.0;4704RG;False;False;False;51.54430218265374;4.455931353064283;WarmteAtlas:CO2EmissieBedrijven;;;
1324;NL;;48047;Heijmans Wegen BV (Den Bosch);'s-Hertogenbosch;Veemarktkade;5222AE;10;;147906;412665;42.10;Bouw van wegen, spoorwegen en kunstwerken;Bouw;Overig bouw;CO2;0.0;2.869;0.0;0.0;0.0;0.0;0.0;0.0;0.0;Overig;0.0;0.0;Overige;0;Gray;2024;BU07961110;GM0796;5222.0;5222AE;BU07961110;GM0796;5222.0;5222AE;BU07961110;GM0796;5222.0;5222AE;False;False;False;51.7027050574659;5.284579023753768;WarmteAtlas:CO2EmissieBedrijven;;;
1325;NL;;48050;HBG Civiel BV;Tilburg;Centaurusweg;5015TA;17;;135300;398250;23.99;Vervaardiging van niet-metaalhoudende minerale producten (geen schuur-, slijp- en polijstmiddelen);Overige industrie;Bouwmaterialenindustrie;CO2;0.0;1.642;0.0;0.0;0.0;0.0;0.0;0.0;0.0;Bouwmaterialenindustrie;0.0;0.0;BouwMaterialen;0;SandyBrown;2024;BU08554501;GM0855;5015.0;5015TA;BU08554501;GM0855;5015.0;5015TA;BU08554501;GM0855;5015.0;5015TA;False;False;False;51.572835109633864;5.103033644966971;WarmteAtlas:CO2EmissieBedrijven;;;
1326;NL;;48051;KBM Master Alloys BV (Oss);Oss;Waalkade;5347KS;2;;166180;421650;24.42;Vervaardiging van aluminium;Overige industrie;Basismetaal;CO2;0.0;0.811;0.946948;1.020295;0.335834;0.287613;0.21926;0.157754;0.086145;Basismetaal;0.970277;0.970277;Basismetaal;1;Black;2024;BU08280500;GM0828;5347.0;5347KL;BU08280500;GM0828;5347.0;5347KL;BU08280500;GM0828;5347.0;5347KL;False;False;False;51.78339888409119;5.549222894382582;WarmteAtlas:CO2EmissieBedrijven;;;
1327;NL;;48054;Van Swaay Hout Schijndel;Schijndel;Vlagheide;5482NM;2;;161677;402051;16.10.2;Verduurzamen van hout;Overige industrie;Houtbewerkende industrie;CO2;0.0;0.0;0.308;0.303;0.247;0.237;0.078;0.0135;0.0;Overig;0.0;0.0;Overige;0;Gray;2024;BU19480209;GM1948;5482.0;5482NM;BU19480209;GM1948;5482.0;5482NM;BU19480209;GM1948;5482.0;5482NM;False;False;False;51.60730583285113;5.483588675795555;WarmteAtlas:CO2EmissieBedrijven;;;
1328;NL;;48055;Johan van den Acker Textielfabriek BV;Gemert;Schoolstraat;5421KT;18;;175171;396350;13.20;Weven van textiel;Overige industrie;Textiel- en tapijtindustrie;CO2;0.0;0.639;0.0;0.0;0.0;0.0;0.0;0.0;0.0;Overig;0.0;0.0;Overige;0;Gray;2024;BU16520000;GM1652;5421.0;5421LA;BU16520000;GM1652;5421.0;5421LA;BU16520000;GM1652;5421.0;5421LA;False;False;False;51.55573943752377;5.678053609247427;WarmteAtlas:CO2EmissieBedrijven;;;
1329;NL;;48056;Asfaltcentrale Land van Cuijk BV;Katwijk;Havenlaan;5433NK;35;;188600;416650;23.00;Vervaardiging van overige niet-metaalhoudende minerale producten;Overige industrie;Bouwmaterialenindustrie;CO2;0.0;1.599;0.0;0.0;0.0;0.0;0.0;0.0;0.0;Bouwmaterialenindustrie;0.0;0.0;BouwMaterialen;0;SandyBrown;2024;BU19820805;GM1982;5431.0;5431AV;BU19820805;GM1982;5431.0;5431AV;BU19820805;GM1982;5431.0;5431AV;False;False;False;51.73755867605868;5.873641800323042;WarmteAtlas:CO2EmissieBedrijven;;;
1330;NL;;48061;Verzinkerij Meerveldhoven BV;Veldhoven;De Run;5503LV;5118;a;157023;380244;25.61;Oppervlaktebehandeling en bekleding van metaal;Overige industrie;Metaalelektro;CO2;0.0;0.0;0.0;0.0;0.0;0.0;0.0;0.0;0.0;Metaalelektro;0.0;0.0;Overige;0;Gray;2024;BU08610001;GM0861;5503.0;5503LV;BU08610001;GM0861;5503.0;5503LV;BU08610001;GM0861;5503.0;5503LV;False;False;False;51.411326929421556;5.416278631590271;WarmteAtlas:CO2EmissieBedrijven;;;
1331;NL;;48067;Remat Chemie B.V.;Helmond;Vossebeemd;5705CL;5;;174590;386350;38.32;Gesorteerd materiaal voorbereiden tot recycling;Afvalverwijdering;Overige afvalbedrijven;CO2;0.0;0.0;0.0;0.0;0.0;0.0;0.0;0.0;0.0;Overig;0.0;0.0;Afval;0;Maroon;2024;BU07942901;GM0794;5705.0;5705CL;BU07942901;GM0794;5705.0;5705CL;BU07942901;GM0794;5705.0;5705CL;False;False;False;51.46587455869202;5.669117934571617;WarmteAtlas:CO2EmissieBedrijven;;;
1332;NL;;48070;Lamb Weston Meijer VOF (Bergen op Zoom);Bergen op Zoom;Vierlinghweg;4612PN;33;;77700;390920;10.31;Vervaardiging van aardappelproducten;Overige industrie;Voedings- en genotmiddelenindustrie;CO2;0.0;22.915;0.0;0.0;0.0;0.0;0.0;0.0;0.0;Voedings- en genotmiddelenindustrie;0.0;0.0;Voeding;0;Green;2024;BU07480306;GM0748;4612.0;4612PM;BU07480306;GM0748;4612.0;4612PM;BU07480306;GM0748;4612.0;4612PM;False;False;False;51.5019877287915;4.273876622964022;WarmteAtlas:CO2EmissieBedrijven;;;
1333;NL;;48071;Essent Energie Productie WKC Helmond 3;Helmond;Gerstdijk;5704RG;8;A;178000;384800;35.11.1;Productie van elektriciteit door thermische, kern- en warmtekrachtcentrales;Energiesector;Opwekking electriciteit;CO2;0.0;105.762;0.0;0.0;0.0;0.0;0.0;0.0;0.0;Opwekking electriciteit;0.0;0.0;Energy;0;Yellow;2024;BU07942902;GM0794;5704.0;5704RB;BU07942902;GM0794;5704.0;5704RB;BU07942902;GM0794;5704.0;5704RB;False;False;False;51.4518133900665;5.718088749031851;WarmteAtlas:CO2EmissieBedrijven;;;
1334;NL;;48072;RWE Generation NL B.V. WKC 's-Hertogenbosch;'s-Hertogenbosch;Zandzuigerstraat;5201AR;8;a;147500;412600;35.14;Handel in elektriciteit en in gas via leidingen;Energiesector;Opwekking electriciteit;CO2;0.0;102.339;72.121;0.0;0.0;0.0;0.0;0.0;0.0;Opwekking electriciteit;0.0;0.0;Energy;0;Yellow;2024;BU07961108;GM0796;5222.0;5222AH;BU07961108;GM0796;5222.0;5222AH;BU07961108;GM0796;5222.0;5222AH;False;False;False;51.70211552217223;5.278707178488334;WarmteAtlas:CO2EmissieBedrijven;;;
1335;NL;;48073;Nedzink BV;Budel Dorplein;Hoofdstraat;6024AA;1;;169850;360930;24.43;Vervaardiging van lood, zink en tin;Overige industrie;Basismetaal;CO2;0.0;0.0;1.12;1.193721;1.326455;1.16947;0.836889;0.33613;0.343295;Basismetaal;3.866635;3.866635;Basismetaal;1;Black;2024;BU17060201;GM1706;6024.0;6024AA;BU17060201;GM1706;6024.0;6024AA;BU17060201;GM1706;6024.0;6024AA;False;False;False;51.23752757606668;5.5998387078577485;WarmteAtlas:CO2EmissieBedrijven;;;
1336;NL;;48074;Friesland Foods Cheese Raamsdonksveer (Elftweg 42);Raamsdonksveer;Elftweg;4941VP;42;;118030;412060;10.51;Vervaardiging van zuivelproducten (geen consumptie-ijs);Overige industrie;Voedings- en genotmiddelenindustrie;CO2;0.0;0.354;0.0;0.0;0.0;0.0;0.0;0.0;0.0;Voedings- en genotmiddelenindustrie;0.0;0.0;Voeding;0;Green;2024;BU07790209;GM0779;4931.0;4931NB;BU07790209;GM0779;4931.0;4931NB;BU07790209;GM0779;4931.0;4931NB;False;False;False;51.69609183259191;4.852463464403674;WarmteAtlas:CO2EmissieBedrijven;;;
1337;NL;;48081;Essent NV Pompstation Tilburg;Tilburg;Vossenbergseweg;5048SP;;;129600;400200;35.11.1;Productie van elektriciteit door thermische, kern- en warmtekrachtcentrales;Energiesector;Opwekking electriciteit;CO2;0.0;1.063;0.0;0.0;0.0;0.0;0.0;0.0;0.0;Opwekking electriciteit;0.0;0.0;Energy;0;Yellow;2024;BU08556004;GM0855;5047.0;5047SX;BU08556004;GM0855;5047.0;5047SX;BU08556004;GM0855;5047.0;5047SX;False;False;False;51.59013388446377;5.020672464735768;WarmteAtlas:CO2EmissieBedrijven;;;
1338;NL;;48082;Ennatuurlijk (Breda);Breda;Eikdonk;4825AZ;11;;111892;403316;35.14;Handel in elektriciteit en in gas via leidingen;Energiesector;Opwekking electriciteit;CO2;0.0;0.57;2.474;1.665193;3.177737;0.0;0.0;0.0;0.0;Opwekking electriciteit;0.0;0.0;Energy;0;Yellow;2024;BU07580105;GM0758;4825.0;4825AZ;BU07580105;GM0758;4825.0;4825AZ;BU07580105;GM0758;4825.0;4825AZ;False;False;False;51.61706108951246;4.764768372124347;WarmteAtlas:CO2EmissieBedrijven;;;
1339;NL;;48083;RWE Generation NL B.V. WKC Bergen op Zoom;Bergen op Zoom;Moervaart;4622RR;1;;82295;391252;35.14;Handel in elektriciteit en in gas via leidingen;Energiesector;Opwekking electriciteit;CO2;0.0;95.14;38.507;0.0;0.0;0.0;0.0;0.0;0.0;Opwekking electriciteit;0.0;0.0;Energy;0;Yellow;2024;BU07480209;GM0748;4622.0;4622RR;BU07480209;GM0748;4622.0;4622RR;BU07480209;GM0748;4622.0;4622RR;False;False;False;51.50558363933341;4.339977235064349;WarmteAtlas:CO2EmissieBedrijven;;;
1340;NL;LCP;48084;Ennatuurlijk B.V. (Eindhoven);Eindhoven;Beukenlaan;4930AD;2;a;159648;384467;35.14;Handel in elektriciteit en in gas via leidingen;Energiesector;Opwekking electriciteit;CO2;0.0;146.101;101.558;16.191528;8.57417;9.684372;7.151604;0.0;0.0;Opwekking electriciteit;0.0;0.0;Energy;0;Yellow;2024;BU07726250;GM0772;5651.0;5651CD;BU07726250;GM0772;5651.0;5651CD;BU07726250;GM0772;5651.0;5651CD;False;False;False;51.44927054427061;5.45406516187116;WarmteAtlas:CO2EmissieBedrijven;;;
1341;NL;;48085;E.E.P.-WKC Heusden;Heusden;Nieuwe Maasdijk;5256NX;1;;137200;416400;35.11.1;Productie van elektriciteit door thermische, kern- en warmtekrachtcentrales;Energiesector;Opwekking electriciteit;CO2;0.0;12.041;0.0;0.0;0.0;0.0;0.0;0.0;0.0;Opwekking electriciteit;0.0;0.0;Energy;0;Yellow;2024;BU07970800;GM0797;5256.0;5256NX;BU07970800;GM0797;5256.0;5256NX;BU07970800;GM0797;5256.0;5256NX;False;False;False;51.736038838516606;5.129514316601995;WarmteAtlas:CO2EmissieBedrijven;;;
1342;NL;;48087;Proviande Beef;Someren;Kanaaldijk Zuid;5712BJ;2;;179601;374711;10.11;Slachterijen (geen pluimvee-);Overige industrie;Voedings- en genotmiddelenindustrie;CO2;0.0;0.0;0.506647;0.0;0.0;0.0;0.0;0.0;0.0;Voedings- en genotmiddelenindustrie;0.0;0.0;Voeding;0;Green;2024;BU08470200;GM0847;5712.0;5712BJ;BU08470202;GM0847;5712.0;5712BJ;BU08470202;GM0847;5712.0;5712BJ;True;False;False;51.36106023527862;5.740417681289233;WarmteAtlas:CO2EmissieBedrijven;;;
1343;NL;;48113;Keizersberg Diervoeders Elsendorp B.V. (Milheeze);Milheeze;Groesvlaas;5763PD;7;;183833;391300;01.49.9;Fokken en houden van overige dieren (rest);Landbouw;Landbouwbedrijven;CO2;0.0;0.0;0.0;0.058625;0.066206;0.0;0.039573;0.0;0.0;Overig;0.0;0.0;Overige;0;Gray;2024;BU16520708;GM1652;5763.0;5763PD;BU16520708;GM1652;5763.0;5763PD;BU16520708;GM1652;5763.0;5763PD;False;False;False;51.50997012391732;5.802535942602237;WarmteAtlas:CO2EmissieBedrijven;;;
1344;NL;;48125;Leo Schellens;Helmond;Speltdijk;5704RJ;8;;177164;384035;13.20;Weven van textiel;Overige industrie;Textiel- en tapijtindustrie;CO2;0.0;0.0;0.0;0.0;0.0;0.0;0.0;0.0;0.0;Overig;0.0;0.0;Overige;0;Gray;2024;BU07942902;GM0794;5704.0;5704RJ;BU07942902;GM0794;5704.0;5704RJ;BU07942902;GM0794;5704.0;5704RJ;False;False;False;51.44497064615266;5.706013725360353;WarmteAtlas:CO2EmissieBedrijven;;;
1345;NL;;48127;Sonac Eindhoven BV;Eindhoven;Meerenakkerweg;5652AR;7;;159200;382350;10.41;Vervaardiging van plantaardige en dierlijke oliën en vetten (geen margarine en andere spijsvetten);Overige industrie;Voedings- en genotmiddelenindustrie;CO2;0.0;0.0;0.0;0.0;5.369932;5.594971;5.42197;4.946933;0.0;Voedings- en genotmiddelenindustrie;0.0;0.0;Voeding;0;Green;2024;BU07726210;GM0772;5652.0;5652AJ;BU07726210;GM0772;5652.0;5652AJ;BU07726210;GM0772;5652.0;5652AJ;False;False;False;51.43024504976266;5.4475951258302056;WarmteAtlas:CO2EmissieBedrijven;;;
1346;NL;;48132;Pali Geldrop BV;Geldrop;Industriepark;5663PG;10;;166600;380500;10.11;Slachterijen (geen pluimvee-);Overige industrie;Voedings- en genotmiddelenindustrie;CO2;0.0;0.0;0.0;0.0;1.310739;1.374;1.398698;1.370276;0.0;Voedings- en genotmiddelenindustrie;0.0;0.0;Voeding;0;Green;2024;BU17710003;GM1771;5663.0;5663PA;BU17710007;GM1771;5663.0;5663PA;BU17710007;GM1771;5663.0;5663PA;True;False;False;51.41351225702738;5.55394286963031;WarmteAtlas:CO2EmissieBedrijven;;;
1347;NL;;48147;Van Oerle Alberton BV (Boxtel);Boxtel;Schouwrooy;5281RE;15;;149400;399320;13.96;Vervaardiging van technisch en industrieel textiel;Overige industrie;Textiel- en tapijtindustrie;CO2;0.0;0.79;1.699866;0.0;0.0;0.0;0.0;0.0;0.0;Overig;0.0;0.0;Overige;0;Gray;2024;BU07570004;GM0757;5281.0;5281RE;BU07570004;GM0757;5281.0;5281RE;BU07570004;GM0757;5281.0;5281RE;False;False;False;51.58277008873713;5.306405217151547;WarmteAtlas:CO2EmissieBedrijven;;;
1348;NL;;48156;HaVeP;Goirle;Bergstraat;5051HC;50;;132584;392026;14.12;Vervaardiging van werkkleding;Overige industrie;Textiel- en tapijtindustrie;CO2;0.0;0.0;0.0;0.0;0.0;0.0;0.0;0.0;0.0;Overig;0.0;0.0;Overige;0;Gray;2024;BU07850608;GM0785;5051.0;5051AX;BU07850608;GM0785;5051.0;5051HC;BU07850608;GM0785;5051.0;5051HC;False;False;False;51.516788976868725;5.064254313828569;WarmteAtlas:CO2EmissieBedrijven;;;
1349;NL;;48177;Peka Kroef BV;Odiliapeel;Beukenlaan;5409SX;61;;178293;406558;10.31;Vervaardiging van aardappelproducten;Overige industrie;Voedings- en genotmiddelenindustrie;CO2;0.0;0.0;26.607299;20.017731;7.71;7.5;6.62;7.28;0.0;Voedings- en genotmiddelenindustrie;0.0;0.0;Voeding;0;Green;2024;BU19910399;GM1991;5409.0;5409SX;BU19910399;GM1991;5409.0;5409SX;BU19910399;GM1991;5409.0;5409SX;False;False;False;51.647372680062944;5.723750583948622;WarmteAtlas:CO2EmissieBedrijven;;;
1350;NL;LCP;49006;RWE Generation NL B.V.;Moerdijk Kluntert;Middenweg;4782PM;36;;99234;410988;35.11.1;Productie van elektriciteit door thermische, kern- en warmtekrachtcentrales;Energiesector;Opwekking electriciteit;CO2;0.0;515.333;685.32001;627.849222;540.861116;245.08709;345.7864;250.42017;320.417148;Opwekking electriciteit;2242.920036;0.0;Energy;4;Yellow;2024;BU17090303;GM1709;4782.0;4782PM;BU17090303;GM1709;4782.0;4782PM;BU17090303;GM1709;4782.0;4782PM;False;False;False;51.68490056304906;4.5807890327952725;WarmteAtlas:CO2EmissieBedrijven;;;
1351;NL;;49010;Basell Benelux B.V.;Zevenbergen;Chemieweg;4791RV;3;;98743;409159;20.16;Vervaardiging van kunststof in primaire vorm;Chemische Industrie;Chemische Industrie basisproducten;CO2;0.0;0.0;0.0;21.478;7.592;11.875;9.793;13.608;17.186;Chemische Industrie;233.377104;233.377104;Chemie;2;Magenta;2024;BU17090303;GM1709;4782.0;4782SJ;BU17090303;GM1709;4782.0;4782SJ;BU17090303;GM1709;4782.0;4782SJ;False;False;False;51.66841283006407;4.573984937167637;WarmteAtlas:CO2EmissieBedrijven;;;
1352;NL;;49011;Steenfabriek Boudewijn BV;Ossendrecht;Meiduinweg;4641RW;1;-2;82100;379000;23.60;Vervaardiging van produkten van beton, cement en gips;Overige industrie;Bouwmaterialenindustrie;CO2;0.0;2.708;0.0;0.0;0.0;0.0;0.0;0.0;0.0;Bouwmaterialenindustrie;0.0;0.0;BouwMaterialen;0;SandyBrown;2024;BU08730209;GM0873;4641.0;4641RW;BU08730209;GM0873;4641.0;4641RW;BU08730209;GM0873;4641.0;4641RW;False;False;False;51.39544417417149;4.339703988381769;WarmteAtlas:CO2EmissieBedrijven;;;
1353;NL;;49012;Xella Kalkzandsteenfabriek Hoogdonk BV;Liessel;Hoogdonkseweg;5757PJ;15;;185400;382420;23.61;Vervaardiging van produkten van beton voor de bouw en van kalkzandsteen;Overige industrie;Bouwmaterialenindustrie;CO2;0.0;3.111;0.0;0.0;0.0;0.0;0.0;0.0;0.0;Bouwmaterialenindustrie;0.0;0.0;BouwMaterialen;0;SandyBrown;2024;BU07620209;GM0762;5757.0;5757PJ;BU07620601;GM0762;5757.0;5757PJ;BU07620601;GM0762;5757.0;5757PJ;True;False;False;51.43007023487562;5.824340344616987;WarmteAtlas:CO2EmissieBedrijven;;;
1354;NL;;49013;Ardagh Glass Moerdijk;Moerdijk;Orionweg;4782SC;2;;100317;410161;23.13;Vervaardiging van holglas;Overige industrie;Bouwmaterialenindustrie;CO2;0.0;31.412;59.63027;59.245146;53.418319;55.073617;58.645299;62.989652;69.02694;Bouwmaterialenindustrie;1039.81283;1039.81283;BouwMaterialen;3;SandyBrown;2024;BU17090303;GM1709;4782.0;4782SC;BU17090303;GM1709;4782.0;4782SC;BU17090303;GM1709;4782.0;4782SC;False;False;False;51.67757442303328;4.596578347963291;WarmteAtlas:CO2EmissieBedrijven;;;
1355;NL;LCP;49016;BECC B.V.;Katwijk;Lange Oijen;5433NG;31;;187107;418453;35.11.1;Productie van elektriciteit door thermische, kern- en warmtekrachtcentrales;Energiesector;Opwekking electriciteit;CO2;0.0;0.0;102.478;51.441676;224.139269;216.532888;202.394584;151.988769;106.364923;Opwekking electriciteit;744.554461;0.0;Energy;3;Yellow;2024;BU19820605;GM1982;5433.0;5433NG;BU19820605;GM1982;5433.0;5433NG;BU19820605;GM1982;5433.0;5433NG;False;False;False;51.753852154755855;5.852194652465434;WarmteAtlas:CO2EmissieBedrijven;;;
1356;NL;;49017;Merck Sharp & Dohme BV;Oss;Veersemeer;5347JN;4;;166604;421525;21.20;Vervaardiging van farmaceutische producten (geen grondstoffen);Chemische Industrie;Chemische Industrie overig;CO2;0.0;0.0;5.394;4.442;0.0;0.0;0.0;0.0;0.0;Chemische Industrie;0.0;0.0;Chemie;0;Magenta;2024;BU08280503;GM0828;5347.0;5347JN;BU08280503;GM0828;5347.0;5347JN;BU08280503;GM0828;5347.0;5347JN;False;False;False;51.78226667906627;5.555363292719757;WarmteAtlas:CO2EmissieBedrijven;;;
1357;NL;;49027;FrieslandCampina Industry;Nuenen;Gulberg;5674TE;18;;167277;384300;10.51;Vervaardiging van zuivelproducten (geen consumptie-ijs);Overige industrie;Voedings- en genotmiddelenindustrie;CO2;0.0;0.0;0.902747;1.1399;0.0;0.0;0.0;0.0;0.0;Voedings- en genotmiddelenindustrie;0.0;0.0;Voeding;0;Green;2024;BU08200003;GM0820;5674.0;5674TE;BU08200003;GM0820;5674.0;5674TE;BU08200003;GM0820;5674.0;5674TE;False;False;False;51.4476547800297;5.563806663153499;WarmteAtlas:CO2EmissieBedrijven;;;
1358;NL;;49033;Agristo NV;Tilburg;Heieinde;5047SX;1;;129323;400477;10.31;Vervaardiging van aardappelproducten;Overige industrie;Voedings- en genotmiddelenindustrie;CO2;0.0;0.0;0.0;35.384769;35.27;39.59;43.895299;29.080239;27.82;Voedings- en genotmiddelenindustrie;434.113965;434.113965;Voeding;3;Green;2024;BU08556004;GM0855;5047.0;5047TS;BU08556004;GM0855;5047.0;5047TS;BU08556004;GM0855;5047.0;5047TS;False;False;False;51.592611085276886;5.016655030953483;WarmteAtlas:CO2EmissieBedrijven;;;
1359;NL;;49043;Albers Organic Minerals;Zeeland;De Peel;5411VD;1;;178851;407880;20.15;Vervaardiging van kunstmeststoffen en stikstofverbindingen;Chemische Industrie;Chemische Industrie kunstmeststoffen;CO2;0.0;0.0;0.0;0.0;0.0;0.0;0.0;0.0;0.0;Chemische Industrie;0.0;0.0;Chemie;0;Magenta;2024;BU19910607;GM1991;5411.0;5411VD;BU19910607;GM1991;5411.0;5411VD;BU19910607;GM1991;5411.0;5411VD;False;False;False;51.65923186236673;5.7319031896439006;WarmteAtlas:CO2EmissieBedrijven;;;
1360;NL;;51001;ACZ de Carbonisation G.A.;Sluiskil;Oostkade;4540AA;5;;47410;366950;19.10;Vervaardiging van cokesovenproducten;Overige industrie;Industrie overig;CO2;108.830333;0.0;0.0;0.0;0.0;0.0;0.0;0.0;0.0;Overig;0.0;0.0;Overige;0;Gray;2024;BU07151601;GM0715;4541.0;4541HH;BU07151601;GM0715;4541.0;4541HH;BU07151601;GM0715;4541.0;4541HH;False;False;False;51.281619184189054;3.8450480091471153;WarmteAtlas:CO2EmissieBedrijven;;;
1361;NL;;51101;Synthomer Middelburg B.V.;Middelburg;Herculesweg;4338PL;35;;33940;390952;20.16;Vervaardiging van kunststof in primaire vorm;Chemische Industrie;Chemische Industrie basisproducten;CO2;25.24;0.0;53.938827;55.66;57.522;59.156;47.9499;50.1546;56.162;Chemische Industrie;762.651282;762.651282;Chemie;3;Magenta;2024;BU06873247;GM0687;4338.0;4338PL;BU06873247;GM0687;4338.0;4338PL;BU06873247;GM0687;4338.0;4338PL;False;False;False;51.49456791374038;3.6438332685574264;WarmteAtlas:CO2EmissieBedrijven;;;
1362;NL;;51102;Rosier Nederland B.V.;Sas Van Gent;Westkade;4551BV;38;a;44106;360296;20.15;Vervaardiging van kunstmeststoffen en stikstofverbindingen;Chemische Industrie;Chemische Industrie kunstmeststoffen;CO2;9.015572;20.335;19.723;18.192543;17.541074;16.720183;8.249778;8.921101;8.934989;Chemische Industrie;121.332586;121.332586;Chemie;2;Magenta;2024;BU07151401;GM0715;4551.0;4551BV;BU07151401;GM0715;4551.0;4551BV;BU07151401;GM0715;4551.0;4551BV;False;False;False;51.22118957696323;3.7997801355351823;WarmteAtlas:CO2EmissieBedrijven;;;
1363;NL;LCP;51104;Dow Benelux BV (Hoek);Hoek;Herbert H. Dowweg;4542NM;5;;43193;373788;20.14.1;Vervaardiging van petrochemische producten;Chemische Industrie;Chemische Industrie basisproducten;CO2;3045.465136;1868.478;3083.545986;2623.695453;4125.283242;3910.62904;3488.477933;3210.902569;3302.665535;Chemische Industrie;44848.51152;44848.51152;Chemie;5;Magenta;2024;BU07150601;GM0715;4542.0;4542NM;BU07150601;GM0715;4542.0;4542NM;BU07150601;GM0715;4542.0;4542NM;False;False;False;51.34224829456351;3.7824704921625405;WarmteAtlas:CO2EmissieBedrijven;;;
1364;NL;LCP;51105;YARA Sluiskil B.V.;Sluiskil;Industrieweg;4541HJ;10;;47750;366500;20.15;Vervaardiging van kunstmeststoffen en stikstofverbindingen;Chemische Industrie;Chemische Industrie kunstmeststoffen;CO2;2550.206445;2713.827551;2641.375005;2550.508614;2198.897529;2136.097496;2038.444849;1964.654763;2218.421575;Chemische Industrie;30125.032193;30125.032193;Chemie;5;Magenta;2024;BU07151601;GM0715;4541.0;4541HJ;BU07151601;GM0715;4541.0;4541HJ;BU07151601;GM0715;4541.0;4541HJ;False;False;False;51.2776398814052;3.8500555684323325;WarmteAtlas:CO2EmissieBedrijven;;;
1365;NL;;51106;Hoechst Holland BV;Vlissingen;Europaweg Zuid;4380AB;4;;37001;386169;20.13;Vervaardiging van overige anorganische basischemicaliën;Chemische Industrie;Chemische Industrie basisproducten;CO2;438.41606;0.0;0.0;0.0;0.0;0.0;0.0;0.0;0.0;Chemische Industrie;0.0;0.0;Chemie;0;Magenta;2024;BU07180800;GM0718;4389.0;4389PV;BU07180800;GM0718;4389.0;4389PV;BU07180800;GM0718;4389.0;4389PV;False;False;False;51.45224013834611;3.689499380511125;WarmteAtlas:CO2EmissieBedrijven;;;
1366;NL;;51107;ARKEMA Vlissingen BV;Vlissingen;Europaweg Zuid;4389PD;2;;37013;386172;46.75.1;Groothandel in chemische grondstoffen en chemicaliën voor industriële toepassing;Handel, Diensten en Overheid (HDO);Energiegebruik en processen Handel, Diensten en Overheid (HDO);CO2;0.1716;0.0;5.121699;4.857264;5.820859;6.074182;3.96078;3.290157;2.642273;Overig;41.867002;41.867002;Overige;2;Gray;2024;BU07180800;GM0718;4389.0;4389PV;BU07180800;GM0718;4389.0;4389PV;BU07180800;GM0718;4389.0;4389PV;False;False;False;51.452269605894244;3.6896709527998635;WarmteAtlas:CO2EmissieBedrijven;;;
1367;NL;;51404;ICL-IP Terneuzen B.V.;Terneuzen;Frankrijkweg;4538BJ;6;;46867;369035;20.14.9;Vervaardiging van organische basischemicaliën (geen petrochemische producten);Chemische Industrie;Chemische Industrie basisproducten;CO2;0.0;9.756;15.384004;0.0;14.680809;8.308067;9.30289;7.983421;10.205464;Chemische Industrie;138.58499;138.58499;Chemie;2;Magenta;2024;BU07152204;GM0715;4538.0;4538BJ;BU07152204;GM0715;4538.0;4538BJ;BU07152204;GM0715;4538.0;4538BJ;False;False;False;51.300251806144985;3.8366328009562345;WarmteAtlas:CO2EmissieBedrijven;;;
1368;NL;LCP;51501;Zeeland Refinery N.V.;Nieuwdorp;Luxemburgweg;4455TM;1;;39593;385373;19.20.1;Aardolieraffinage;Raffinaderijen;Raffinage en verwerking;CO2;826.452402;1310.0;1482.721211;1543.181532;1166.864415;1469.808474;1592.626596;1464.689747;1526.465231;Raffinage en verwerking;19691.260295;0.0;Raffinage;5;Purple;2024;BU06540903;GM0654;4455.0;4455TM;BU06540903;GM0654;4455.0;4455TM;BU06540903;GM0654;4455.0;4455TM;False;False;False;51.44562406297217;3.72703723825923;WarmteAtlas:CO2EmissieBedrijven;;;
1369;NL;;52401;Independent Brewing Industry Supplies (IBIS) BV;Kloosterzande;Hoek en Bos;4587LC;2;;59620;375730;11.06;Mouterijen;Overige industrie;Voedings- en genotmiddelenindustrie;CO2;5.488;0.0;0.0;0.0;0.0;0.0;0.0;0.0;0.0;Voedings- en genotmiddelenindustrie;0.0;0.0;Voeding;0;Green;2024;BU06770804;GM0677;4587.0;4587LC;BU06770804;GM0677;4587.0;4587LC;BU06770804;GM0677;4587.0;4587LC;False;False;False;51.36270900523805;4.01764934569735;WarmteAtlas:CO2EmissieBedrijven;;;
1370;NL;LCP;52612;Cargill Benelux BV;Sas Van Gent;NIJVERHEIDSSTRAAT;4551LA;1;;44338;361919;10.62;Vervaardiging van zetmeel en zetmeelproducten;Overige industrie;Voedings- en genotmiddelenindustrie;CO2;127.942328;227.45;195.975546;242.45367;264.518687;262.222749;222.278303;215.184047;196.415725;Voedings- en genotmiddelenindustrie;3064.946406;3064.946406;Voeding;3;Green;2024;BU07151301;GM0715;4551.0;4551LA;BU07151301;GM0715;4551.0;4551LA;BU07151301;GM0715;4551.0;4551LA;False;False;False;51.23581911349434;3.8025958778657167;WarmteAtlas:CO2EmissieBedrijven;;;
1371;NL;;52615;Koninklijke Zeelandia;Zierikzee;Straalweg;4301RB;4;;53820;407000;10.89;Vervaardiging van overige voedingsmiddelen n.e.g.;Overige industrie;Voedings- en genotmiddelenindustrie;CO2;0.0;0.0;2.130246;1.618206;1.484637;1.635131;0.0;0.0;0.0;Voedings- en genotmiddelenindustrie;0.0;0.0;Voeding;0;Green;2024;BU16760008;GM1676;4301.0;4301RB;BU16760008;GM1676;4301.0;4301RB;BU16760008;GM1676;4301.0;4301RB;False;False;False;51.64270167117805;3.925388754987221;WarmteAtlas:CO2EmissieBedrijven;;;
1372;NL;;53063;Philips Lighting BV;Terneuzen;Mr.F.J.Haarmanweg;4538AN;25;;46600;371450;26.11;Vervaardiging van elektronische componenten;Overige industrie;Metaalelektro;CO2;0.0;0.0;0.0;0.0;0.0;0.0;0.0;0.0;0.0;Metaalelektro;0.0;0.0;Overige;0;Gray;2024;BU07152201;GM0715;4538.0;4538DA;BU07152201;GM0715;4538.0;4538DA;BU07152201;GM0715;4538.0;4538DA;False;False;False;51.32190210068786;3.832067712885155;WarmteAtlas:CO2EmissieBedrijven;;;
1373;NL;;53129;Damen Schelde Naval Shipbuilding B.V. en Scheldepoort B.V;Ritthem;Ritthemsestraat;4389PA;500;;35794;387217;30.11;Bouw van schepen en drijvend materieel (geen sport- en recreatievaartuigen);Overige industrie;Metaalelektro;CO2;0.0;0.0;3.156955;1.508338;0.938458;1.879009;1.387993;2.189;1.816921;Metaalelektro;28.578172;28.578172;Overige;1;Gray;2024;BU07180800;GM0718;4389.0;4389PA;BU07180800;GM0718;4389.0;4389PA;BU07180800;GM0718;4389.0;4389PA;False;False;False;51.46140296492017;3.6717864335389336;WarmteAtlas:CO2EmissieBedrijven;;;
1374;NL;;53502;Zeeuws Vlaamse Gieterij BV;Sas Van Gent;Westkade;4551BV;18;;44180;359500;24.50;Gieten van metalen;Overige industrie;Basismetaal;CO2;0.10584;0.0;0.0;0.0;0.0;0.0;0.0;0.0;0.0;Basismetaal;0.0;0.0;Basismetaal;0;Black;2024;BU07151401;GM0715;4551.0;4551BV;BU07151401;GM0715;4551.0;4551BV;BU07151401;GM0715;4551.0;4551BV;False;False;False;51.214051186630435;3.8010864814376757;WarmteAtlas:CO2EmissieBedrijven;;;
1375;NL;;53504;Zalco B.V.;Vlissingen;Frankrijkweg;4389PB;2;;37954;386866;24.42;Vervaardiging van aluminium;Overige industrie;Basismetaal;CO2;25.492226;353.763;275.37472;12.88052;14.636157;18.697131;14.979954;7.667663;7.758614;Basismetaal;87.38764;87.38764;Basismetaal;2;Black;2024;BU07180800;GM0718;4389.0;4389PB;BU07180800;GM0718;4389.0;4389PB;BU07180800;GM0718;4389.0;4389PB;False;False;False;51.45870167936836;3.7029733319615428;WarmteAtlas:CO2EmissieBedrijven;;;
1376;NL;;53802;DE VITRITE FABRIEK;Middelburg;Elektraweg;4338PK;1;;33830;390820;26.40;Vervaardiging van consumentenelektronica;Overige industrie;Metaalelektro;CO2;8.700428;0.0;0.0;0.0;0.0;0.0;0.0;0.0;0.0;Metaalelektro;0.0;0.0;Overige;0;Gray;2024;BU06873247;GM0687;4338.0;4338PK;BU06873247;GM0687;4338.0;4338PK;BU06873247;GM0687;4338.0;4338PK;False;False;False;51.4933582017885;3.642295369282046;WarmteAtlas:CO2EmissieBedrijven;;;
1377;NL;;54001;EPZ NV (Conventional Operations);Borssele;Zeedijk;4454PM;32;;38794;384007;35.11.1;Productie van elektriciteit door thermische, kern- en warmtekrachtcentrales;Energiesector;Opwekking electriciteit;CO2;2468.752582;1974.885;2421.854;2055.9189;0.0;0.0;0.0;0.0;0.0;Opwekking electriciteit;0.0;0.0;Energy;0;Yellow;2024;BU06540203;GM0654;4454.0;4454PM;BU06540203;GM0654;4454.0;4454PM;BU06540203;GM0654;4454.0;4454PM;False;False;False;51.43318568922227;3.7159983069692673;WarmteAtlas:CO2EmissieBedrijven;;;
1378;NL;;54203;Linex-Nederland BV;Koewacht;Emmabaan;4576ZG;79;;57660;362150;16.21;Vervaardiging van fineer en plaatmateriaal op basis van hout;Overige industrie;Houtbewerkende industrie;CO2;7.248;0.0;0.0;0.0;0.0;0.0;0.0;0.0;0.0;Overig;0.0;0.0;Overige;0;Gray;2024;BU07150801;GM0715;4576.0;4576EC;BU07150801;GM0715;4576.0;4576EC;BU07150801;GM0715;4576.0;4576EC;False;False;False;51.240337106222206;3.9932374295728974;WarmteAtlas:CO2EmissieBedrijven;;;
1379;NL;;54722;Pelt en Hooykaas BV (Vlissingen);Vlissingen;Terrein Hoechst;4380AB;;;37760;385970;23.60;Vervaardiging van produkten van beton, cement en gips;Overige industrie;Bouwmaterialenindustrie;CO2;0.7501;0.0;0.0;0.0;0.0;0.0;0.0;0.0;0.0;Bouwmaterialenindustrie;0.0;0.0;BouwMaterialen;0;SandyBrown;2024;BU07180800;GM0718;4389.0;4389PW;BU07180800;GM0718;4389.0;4389PW;BU07180800;GM0718;4389.0;4389PW;False;False;False;51.450610346131214;3.7004811417175825;WarmteAtlas:CO2EmissieBedrijven;;;
1380;NL;;54808;Engelhard Terneuzen BV;Terneuzen;Finlandweg;4538BL;21;;47093;368864;20.59;Vervaardiging van overige chemische producten n.e.g.;Chemische Industrie;Chemische Industrie overig;CO2;29.85248;0.0;0.0;0.0;0.0;0.0;0.0;0.0;0.0;Chemische Industrie;0.0;0.0;Chemie;0;Magenta;2024;BU07152204;GM0715;4538.0;4538BL;BU07152204;GM0715;4538.0;4538BL;BU07152204;GM0715;4538.0;4538BL;False;False;False;51.29875829190154;3.839924366057206;WarmteAtlas:CO2EmissieBedrijven;;;
1381;NL;;54810;Cruson Coating BV;Breskens;Deltahoek;4511PA;6;;28700;379710;25.60;"Oppervlaktebehandeling en bekleding van metaal; algemene metaalbewerking";Overige industrie;Metaalelektro;CO2;7.1e-05;0.0;0.0;0.0;0.0;0.0;0.0;0.0;0.0;Metaalelektro;0.0;0.0;Overige;0;Gray;2024;BU17141009;GM1714;4511.0;4511PA;BU17141009;GM1714;4511.0;4511PA;BU17141009;GM1714;4511.0;4511PA;False;False;False;51.3924076006364;3.5724365701100114;WarmteAtlas:CO2EmissieBedrijven;;;
1382;NL;;5501;Radium Foam BV;Maastricht;Fort Willemweg;6219PA;61;;175100;318500;22.19;Vervaardiging van overige producten van rubber;Overige industrie;Rubber- en kunstofverw. Industrie;CO2;0.0;4.062;0.0;0.0;0.0;0.0;0.0;0.0;0.0;Overig;0.0;0.0;Overige;0;Gray;2024;BU09350200;GM0935;6217.0;6217NH;BU09350200;GM0935;6217.0;6217NH;BU09350200;GM0935;6217.0;6217NH;False;False;False;50.85597546135099;5.672639588371984;WarmteAtlas:CO2EmissieBedrijven;;;
1383;NL;LCP;56102;Lamb Weston / Meijer Potatoes;Kruiningen;Stationsweg;4416PJ;18;a;61150;386950;10.31;Vervaardiging van aardappelproducten;Overige industrie;Voedings- en genotmiddelenindustrie;CO2;0.0;0.0;0.0;0.0;0.0;56.46226;58.43;48.67;51.028698;Voedings- en genotmiddelenindustrie;796.271403;796.271403;Voeding;3;Green;2024;BU07030106;GM0703;4416.0;4416PJ;BU07030106;GM0703;4416.0;4416PJ;BU07030106;GM0703;4416.0;4416PJ;False;False;False;51.46379556674687;4.036629550798982;WarmteAtlas:CO2EmissieBedrijven;;;
1384;NL;;56104;McCain Foods Holland BV  ('s Heer Arendskerke);'s-Heer Arendskerke;Oranjeplaatweg;4458NM;4;;41231;391558;10.31;Vervaardiging van aardappelproducten;Overige industrie;Voedings- en genotmiddelenindustrie;CO2;0.0;0.0;0.0;0.0;0.0;0.0;0.0;0.0;0.0;Voedings- en genotmiddelenindustrie;0.0;0.0;Voeding;0;Green;2024;BU06640551;GM0664;4458.0;4458NM;BU06640551;GM0664;4458.0;4458NM;BU06640551;GM0664;4458.0;4458NM;False;False;False;51.501533339709006;3.748591609191581;WarmteAtlas:CO2EmissieBedrijven;;;
1385;NL;;56118;Stepan Company;Vlissingen Oost;Europaweg Zuid;4390PD;2;a;27500;389974;20.16;Vervaardiging van kunststof in primaire vorm;Chemische Industrie;Chemische Industrie basisproducten;CO2;0.0;11.65571;1.156225;3.604709;3.889879;4.044094;4.052214;3.551545;3.369;Chemische Industrie;45.7493;45.7493;Chemie;2;Magenta;2024;BU07170900;GM0717;4371.0;4371EZ;BU07170900;GM0717;4371.0;4371EZ;BU07170900;GM0717;4371.0;4371EZ;False;False;False;51.48435953981991;3.551490507583526;WarmteAtlas:CO2EmissieBedrijven;;;
1386;NL;;56119;Decontamination Services BV;Vlissingen Oost;Europaweg Zuid;4389PD;4;;37015;386154;39.00;Sanering en overig afvalbeheer;Handel, Diensten en Overheid (HDO);Energiegebruik en processen Handel, Diensten en Overheid (HDO);CO2;0.0;23.2825;23.320196;0.0;0.0;0.0;0.0;0.0;0.0;Overig;0.0;0.0;Overige;0;Gray;2024;BU07180800;GM0718;4389.0;4389PV;BU07180800;GM0718;4389.0;4389PV;BU07180800;GM0718;4389.0;4389PV;False;False;False;51.452108285802765;3.689705743862882;WarmteAtlas:CO2EmissieBedrijven;;;
1387;NL;;56120;Sea Way Chemical Processing BV;Vlissingen Oost;Europaweg Zuid;4389PD;4;;37015;386154;38.32;Gesorteerd materiaal voorbereiden tot recycling;Afvalverwijdering;Overige afvalbedrijven;CO2;0.0;0.0;0.0;0.0;0.0;0.0;0.0;0.0;0.0;Overig;0.0;0.0;Afval;0;Maroon;2024;BU07180800;GM0718;4389.0;4389PV;BU07180800;GM0718;4389.0;4389PV;BU07180800;GM0718;4389.0;4389PV;False;False;False;51.452108285802765;3.689705743862882;WarmteAtlas:CO2EmissieBedrijven;;;
1388;NL;;56121;ThermPhos International B.V.;Ritthem;Europaweg Zuid;4389PD;4;;37015;386154;20.13;Vervaardiging van overige anorganische basischemicaliën;Chemische Industrie;Chemische Industrie basisproducten;CO2;0.0;0.0;186.764;0.0;0.0;0.0;0.0;0.0;0.0;Chemische Industrie;0.0;0.0;Chemie;0;Magenta;2024;BU07180800;GM0718;4389.0;4389PV;BU07180800;GM0718;4389.0;4389PV;BU07180800;GM0718;4389.0;4389PV;False;False;False;51.452108285802765;3.689705743862882;WarmteAtlas:CO2EmissieBedrijven;;;
1389;NL;;56129;Fleuren Compost B.V.;Middelharnis;Oostplaatseweg;3241LV;2;a;72106;420370;20.15;Vervaardiging van kunstmeststoffen en stikstofverbindingen;Chemische Industrie;Chemische Industrie kunstmeststoffen;CO2;0.0;0.0;1.968893;0.0;0.0;0.0;0.0;0.0;0.0;Chemische Industrie;0.0;0.0;Chemie;0;Magenta;2024;BU19240305;GM1924;3241.0;3241LV;BU19240305;GM1924;3241.0;3241LV;BU19240305;GM1924;3241.0;3241LV;False;False;False;51.76585758933897;4.186330617354402;WarmteAtlas:CO2EmissieBedrijven;;;
1390;NL;;56130;Heros Sluiskil BV;Sluiskil;Oostkade;4541HH;5;;47197;366947;38.32;Gesorteerd materiaal voorbereiden tot recycling;Bouw;Overig bouw;CO2;0.0;0.0;1.447133;0.0;0.0;0.0;0.0;0.0;0.0;Overig;0.0;0.0;Overige;0;Gray;2024;BU07151601;GM0715;4541.0;4541HH;BU07151601;GM0715;4541.0;4541HH;BU07151601;GM0715;4541.0;4541HH;False;False;False;51.28155174138925;3.8419969151547626;WarmteAtlas:CO2EmissieBedrijven;;;
1391;NL;;5726;Wienerberger Steenfabriek Nuance;Afferden;Heukelom;5851AB;4;;199240;403900;23.32;Vervaardiging van keramische producten voor de bouw (geen tegels en plavuizen);Overige industrie;Bouwmaterialenindustrie;CO2;8.40048;0.0;4.849;6.204;5.957626;6.044665;5.864561;5.024146;4.620003;Bouwmaterialenindustrie;69.595127;69.595127;BouwMaterialen;2;SandyBrown;2024;BU08930441;GM0893;5851.0;5851AB;BU08930441;GM0893;5851.0;5851AB;BU08930441;GM0893;5851.0;5851AB;False;False;False;51.622220263098406;6.026052603222566;WarmteAtlas:CO2EmissieBedrijven;;;
1392;NL;;5727;EverZinc Nederland BV;Eijsden;Muggenweg;6245AB;2;;178058;308751;20.12;Vervaardiging van kleurstoffen en pigmenten;Chemische Industrie;Chemische Industrie basisproducten;CO2;0.0;0.0;23.5681;22.117564;21.653823;24.808389;22.665944;17.526695;13.509873;Chemische Industrie;183.457177;183.457177;Chemie;2;Magenta;2024;BU19030002;GM1903;6245.0;6245AB;BU19030002;GM1903;6245.0;6245AB;BU19030002;GM1903;6245.0;6245AB;False;False;False;50.768233802030345;5.7140273758452205;WarmteAtlas:CO2EmissieBedrijven;;;
1393;NL;;5729;Celanese Emulsions BV;Geleen;De Asselen Kuil;6161RD;20;;183891;329309;20.16;Vervaardiging van kunststof in primaire vorm;Chemische Industrie;Chemische Industrie basisproducten;CO2;0.0;5.698301;1.912866;1.859843;1.460313;1.480325;1.231725;6.019371;5.887274;Chemische Industrie;79.946172;79.946172;Chemie;2;Magenta;2024;BU18830507;GM1883;6161.0;6161RD;BU18830507;GM1883;6161.0;6161RD;BU18830507;GM1883;6161.0;6161RD;False;False;False;50.95275750720325;5.798341062387397;WarmteAtlas:CO2EmissieBedrijven;;;
1394;NL;;5735;Flo-Pak BV;Heerlen;Nijverheidsweg;6422PD;4;;198000;317920;22.20;Vervaardiging van produkten van kunststof;Overige industrie;Rubber- en kunstofverw. Industrie;CO2;0.0;0.0;0.0;0.0;0.0;0.0;0.0;0.0;0.0;Overig;0.0;0.0;Overige;0;Gray;2024;BU09174200;GM0917;6422.0;6422PD;BU09174200;GM0917;6422.0;6422PD;BU09174200;GM0917;6422.0;6422PD;False;False;False;50.849501864367504;5.997761689619523;WarmteAtlas:CO2EmissieBedrijven;;;
1395;NL;;5736;Koninklijke Sphinx BV;Maastricht;Schoenerweg;6222NX;36;;178500;320700;23.20;Vervaardiging van vuurvaste keramische producten;Overige industrie;Bouwmaterialenindustrie;CO2;0.0;0.0;0.0;0.0;0.0;0.0;0.0;0.0;0.0;Bouwmaterialenindustrie;0.0;0.0;BouwMaterialen;0;SandyBrown;2024;BU09350500;GM0935;6222.0;6222NX;BU09350500;GM0935;6222.0;6222NX;BU09350500;GM0935;6222.0;6222NX;False;False;False;50.87562117653218;5.7210649533991615;WarmteAtlas:CO2EmissieBedrijven;;;
1396;NL;;5738;Echter Asfaltcentrale BV;Echt;Havenweg;6101AB;30;;187700;346800;23.00;Vervaardiging van overige niet-metaalhoudende minerale producten;Overige industrie;Bouwmaterialenindustrie;CO2;0.0;0.0;0.0;0.0;0.0;0.0;0.0;0.0;0.0;Bouwmaterialenindustrie;0.0;0.0;BouwMaterialen;0;SandyBrown;2024;BU17110548;GM1711;6101.0;6101AB;BU17110548;GM1711;6101.0;6101AB;BU17110548;GM1711;6101.0;6101AB;False;False;False;51.10977106657779;5.854134767172561;WarmteAtlas:CO2EmissieBedrijven;;;
1397;NL;;5739;E-max Bilets B.V.;Kerkrade;Minervastraat;6468ET;1;;200842;321125;24.42;Vervaardiging van aluminium;Overige industrie;Basismetaal;CO2;0.0;0.0;23.352318;16.884967;19.866313;17.020854;17.341459;13.454176;14.420867;Basismetaal;162.426631;162.426631;Basismetaal;2;Black;2024;BU09280009;GM0928;6468.0;6468ET;BU09280009;GM0928;6468.0;6468ET;BU09280009;GM0928;6468.0;6468ET;False;False;False;50.878089224722224;6.038518279449217;WarmteAtlas:CO2EmissieBedrijven;;;
1398;NL;;5740;WEPA Nederland B.V.;Swalmen;Boutestraat;6071JR;125;;199937;360577;17.22;Vervaardiging van huishoudelijke en sanitaire papierwaren;Overige industrie;Papier(waren);CO2;0.0;23.782;24.16;23.475;9.5198;7.158583;7.8764;7.718884;8.111414;Papier(waren);128.525926;128.525926;Papier;2;White;2024;BU09570800;GM0957;6071.0;6071JR;BU09570800;GM0957;6071.0;6071JR;BU09570800;GM0957;6071.0;6071JR;False;False;False;51.23276855442957;6.030595529688494;WarmteAtlas:CO2EmissieBedrijven;;;
1399;NL;;5742;CNC Grondstoffen B.V.;Milsbeek;Driekronenstraat;6596MA;6;;194750;414380;20.15;Vervaardiging van kunstmeststoffen en stikstofverbindingen;Chemische Industrie;Chemische Industrie kunstmeststoffen;CO2;0.0;14.927;0.0;0.0;0.0;0.0;0.0;0.0;0.0;Chemische Industrie;0.0;0.0;Chemie;0;Magenta;2024;BU09070009;GM0907;6596.0;6596MA;BU09070009;GM0907;6596.0;6596MA;BU09070009;GM0907;6596.0;6596MA;False;False;False;51.71675220692031;5.962413856793562;WarmteAtlas:CO2EmissieBedrijven;;;
1400;NL;;5743;Walkro Blitterswijck B.V.;Blitterswijck;Veerweg;5863AR;11;;206350;392730;01.13;Teelt van groenten en wortel- en knolgewassen;Landbouw;Landbouwbedrijven;CO2;0.0;0.0;0.0;0.0;0.0;0.0;0.0;0.0;0.0;Overig;0.0;0.0;Overige;0;Gray;2024;BU09842301;GM0984;5863.0;5863AR;BU09842301;GM0984;5863.0;5863AR;BU09842301;GM0984;5863.0;5863AR;False;False;False;51.5212186474065;6.127078834554519;WarmteAtlas:CO2EmissieBedrijven;;;
1401;NL;;5746;Nuon Power Generation BV (Buggenum);Haelen;Roermondseweg;6081NT;55;;195830;359511;35.11.1;Productie van elektriciteit door thermische, kern- en warmtekrachtcentrales;Energiesector;Opwekking electriciteit;CO2;0.0;2917.0;1063.208728;0.0;0.0;0.0;0.0;0.0;0.0;Opwekking electriciteit;0.0;0.0;Energy;0;Yellow;2024;BU16400501;GM1640;6081.0;6081NT;BU16400501;GM1640;6081.0;6081NK;BU16400501;GM1640;6081.0;6081NK;False;False;False;51.22349746473625;5.9716735004350445;WarmteAtlas:CO2EmissieBedrijven;;;
1402;NL;;5749;Metrex B.V.;Heerlen;Sourethweg;6422PC;13;;197950;317600;38.22;Behandeling van schadelijk afval;Afvalverwijdering;AVI's;CO2;0.0;0.199;0.0;0.0;0.0;0.0;0.0;0.0;0.0;Overig;0.0;0.0;Afval;0;Maroon;2024;BU09174200;GM0917;6422.0;6422PC;BU09174200;GM0917;6422.0;6422PC;BU09174200;GM0917;6422.0;6422PC;False;False;False;50.84662933614566;5.997013910952791;WarmteAtlas:CO2EmissieBedrijven;;;
1403;NL;;5750;FrieslandCampina Nederland B.V. (Born);Born;Leonard Langweg;6121PA;2;;185599;340870;10.51;Vervaardiging van zuivelproducten (geen consumptie-ijs);Overige industrie;Voedings- en genotmiddelenindustrie;CO2;0.0;4.807;6.33;6.587303;6.83;6.93;6.827977;6.77;6.230928;Voedings- en genotmiddelenindustrie;97.229794;97.229794;Voeding;2;Green;2024;BU18830607;GM1883;6121.0;6121PA;BU18830607;GM1883;6121.0;6121PA;BU18830607;GM1883;6121.0;6121PA;False;False;False;51.05658563116375;5.8236288682235;WarmteAtlas:CO2EmissieBedrijven;;;
1404;NL;;5801;Refresco Benelux B.V.;Hoensbroek;Wijngaardseweg;6433KA;59;;193761;323925;11.07;"Vervaardiging van frisdranken; productie van mineraalwater en overig gebotteld water";Overige industrie;Voedings- en genotmiddelenindustrie;CO2;0.0;0.0;0.0;0.0;1.9741;2.217;2.451807;2.02644;1.92096;Voedings- en genotmiddelenindustrie;29.975398;29.975398;Voeding;1;Green;2024;BU09171400;GM0917;6433.0;6433KA;BU09171400;GM0917;6433.0;6433KA;BU09171400;GM0917;6433.0;6433KA;False;False;False;50.903779688068035;5.938216435741655;WarmteAtlas:CO2EmissieBedrijven;;;
1405;NL;;5804;PQ Silicas BV (Maastricht);Maastricht;Ankerkade;6222NL;111;;177330;321380;20.13;Vervaardiging van overige anorganische basischemicaliën;Chemische Industrie;Chemische Industrie basisproducten;CO2;0.0;0.0;6.616;12.225461;13.204554;12.605922;9.746838;6.67907;7.053093;Chemische Industrie;95.777401;95.777401;Chemie;2;Magenta;2024;BU09350501;GM0935;6223.0;6223EP;BU09350501;GM0935;6223.0;6223EP;BU09350501;GM0935;6223.0;6223EP;False;False;False;50.881780273345086;5.70448483641412;WarmteAtlas:CO2EmissieBedrijven;;;
1406;NL;;59;Koninklijke Mosa BV Wandtegelfabriek;Maastricht;Meerssenerweg;6224AL;358;;177450;318650;23.31;Vervaardiging van keramische tegels en plavuizen;Overige industrie;Bouwmaterialenindustrie;CO2;33.69111;25.523;22.9535;17.997869;18.74086;19.996112;20.651454;18.242266;29.589326;Bouwmaterialenindustrie;445.729751;445.729751;BouwMaterialen;3;SandyBrown;2024;BU09350400;GM0935;6224.0;6224AL;BU09350400;GM0935;6224.0;6224AL;BU09350400;GM0935;6224.0;6224AL;False;False;False;50.857236528194214;5.706020833781477;WarmteAtlas:CO2EmissieBedrijven;;;
1407;NL;LCP;60;Sappi Maastricht BV;Maastricht;Biesenweg;6211AA;16;;176620;318700;17.12.1;Vervaardiging van grafisch papier en karton;Overige industrie;Papier(waren);CO2;146.096616;276.9;204.282287;151.091;129.259982;168.684191;150.192016;85.07792;126.446508;Papier(waren);2003.553824;2003.553824;Papier;3;White;2024;BU09350004;GM0935;6211.0;6211AA;BU09350004;GM0935;6211.0;6211AA;BU09350004;GM0935;6211.0;6211AA;False;False;False;50.85771787265366;5.694236794228575;WarmteAtlas:CO2EmissieBedrijven;;;
1408;NL;;61;Rubber Resources BV;Maastricht;Lage Frontweg;6219PD;2;a;175700;318650;38.32;Gesorteerd materiaal voorbereiden tot recycling;Overige industrie;Rubber- en kunstofverw. Industrie;CO2;8.086032;0.2656;0.0;0.0;0.0;0.0;0.0;0.0;0.0;Overig;0.0;0.0;Overige;0;Gray;2024;BU09350301;GM0935;6219.0;6219PA;BU09350301;GM0935;6219.0;6219PA;BU09350301;GM0935;6219.0;6219PA;False;False;False;50.85730240652276;5.68116866261267;WarmteAtlas:CO2EmissieBedrijven;;;
1409;NL;;61213;PPG Coatings;Tiel;Papesteeg;4006WC;95;;156750;432750;20.30;Vervaardiging van verf, vernis e.d., drukinkt en mastiek;Chemische Industrie;Chemische Industrie overig;CO2;0.841185;0.0;0.0;1.173523;1.260505;1.338154;1.133557;1.011764;0.965057;Chemische Industrie;13.104981;13.104981;Chemie;1;Magenta;2024;BU02810010;GM0281;4006.0;4006WC;BU02810010;GM0281;4006.0;4006WC;BU02810010;GM0281;4006.0;4006WC;False;False;False;51.88327892075522;5.412619815937441;WarmteAtlas:CO2EmissieBedrijven;;;
1410;NL;;61302;N.V. Organon;Apeldoorn;VLIJTSEWEG;7371AG;118;13.0;194900;470900;21.20;Vervaardiging van farmaceutische producten (geen grondstoffen);Chemische Industrie;Chemische Industrie overig;CO2;2.155002;1.780248;1.951;0.0;0.0;0.0;0.0;0.0;0.0;Chemische Industrie;0.0;0.0;Chemie;0;Magenta;2024;BU02000801;GM0200;7317.0;7317AG;BU02000801;GM0200;7317.0;7317AG;BU02000801;GM0200;7317.0;7317AG;False;False;False;52.22473183947362;5.97116054205657;WarmteAtlas:CO2EmissieBedrijven;;;
1411;NL;;61402;BASF Nederland BV;Apeldoorn;Kanaal Zuid;7332BD;106;-18.0;195560;467700;46.76;Groothandel in intermediaire producten;Handel, Diensten en Overheid (HDO);Energiegebruik en processen Handel, Diensten en Overheid (HDO);CO2;2.49984;0.0;0.0;0.0;0.0;0.0;0.0;0.0;0.0;Overig;0.0;0.0;Overige;0;Gray;2024;BU02000407;GM0200;7332.0;7332BS;BU02000407;GM0200;7332.0;7332BS;BU02000407;GM0200;7332.0;7332BS;False;False;False;52.19592382892992;5.980436320039343;WarmteAtlas:CO2EmissieBedrijven;;;
1412;NL;;61404;Luxan BV;Elst;Industrieweg;6662NE;2;;187420;435880;20.20;Vervaardiging van verdelgingsmiddelen en overige landbouwchemicaliën;Chemische Industrie;Chemische Industrie bestrijdingsmiddelen;CO2;0.0;0.0;0.0;0.0;0.0;0.0;0.0;0.0;0.0;Chemische Industrie;0.0;0.0;Chemie;0;Magenta;2024;BU17340402;GM1734;6662.0;6662PA;BU17340402;GM1734;6662.0;6662PA;BU17340402;GM1734;6662.0;6662PA;False;False;False;51.910469770835114;5.858363477981515;WarmteAtlas:CO2EmissieBedrijven;;;
1413;NL;;61405;Niacet B.V.;Tiel;Papesteeg;4006WC;91;;156970;432760;20.14.9;Vervaardiging van organische basischemicaliën (geen petrochemische producten);Chemische Industrie;Chemische Industrie basisproducten;CO2;4.7441;0.0;0.0;0.0;20.0;21.14;17.953103;13.846888;14.536923;Chemische Industrie;197.403991;197.403991;Chemie;2;Magenta;2024;BU02810010;GM0281;4006.0;4006EA;BU02810010;GM0281;4006.0;4006EA;BU02810010;GM0281;4006.0;4006EA;False;False;False;51.8833680643006;5.415815191590985;WarmteAtlas:CO2EmissieBedrijven;;;
1414;NL;;61407;SABA Dinxperlo BV;Dinxperlo;Industriestraat;7091DC;3;;230500;430660;20.52;Vervaardiging van lijm en bereide kleefmiddelen;Chemische Industrie;Chemische Industrie overig;CO2;0.0;0.0;0.5608;0.332;0.0;0.0;0.0;0.0;0.0;Chemische Industrie;0.0;0.0;Chemie;0;Magenta;2024;BU01970400;GM0197;7091.0;7091DC;BU01970400;GM0197;7091.0;7091DC;BU01970400;GM0197;7091.0;7091DC;False;False;False;51.85937912764799;6.483224218159988;WarmteAtlas:CO2EmissieBedrijven;;;
1415;NL;;61411;Sonac Vuren BV;Vuren;Zeiving;4214KT;35;;134570;427150;10.41;Vervaardiging van plantaardige en dierlijke oliën en vetten (geen margarine en andere spijsvetten);Chemische Industrie;Chemische Industrie overig;CO2;0.0;22.490178;30.809179;35.593479;30.751709;33.587388;37.153584;31.287253;30.618376;Chemische Industrie;415.781911;415.781911;Chemie;3;Magenta;2024;BU19601009;GM1960;4214.0;4214KT;BU19601009;GM1960;4214.0;4214KT;BU19601009;GM1960;4214.0;4214KT;False;False;False;51.83257325858807;5.090806901377146;WarmteAtlas:CO2EmissieBedrijven;;;
1416;NL;;61412;National Starch & Chemical BV;Zutphen;Henri Dunantweg;7201EV;2;n;210350;461300;20.52;Vervaardiging van lijm en bereide kleefmiddelen;Chemische Industrie;Chemische Industrie overig;CO2;0.0;0.665;0.0;0.0;0.0;0.0;0.0;0.0;0.0;Chemische Industrie;0.0;0.0;Chemie;0;Magenta;2024;BU03010000;GM0301;7201.0;7201EM;BU03010000;GM0301;7201.0;7201EM;BU03010000;GM0301;7201.0;7201EM;False;False;False;52.13712021388566;6.19569442027772;WarmteAtlas:CO2EmissieBedrijven;;;
1417;NL;;61418;SACHEM Europe BV;Zaltbommel;Van Voordenpark;5301KP;15;;146450;423280;20.14.9;Vervaardiging van organische basischemicaliën (geen petrochemische producten);Chemische Industrie;Chemische Industrie basisproducten;CO2;0.0;3.161726;3.437973;3.49915;3.4;3.547571;3.340969;2.71;3.101877;Chemische Industrie;42.121911;42.121911;Chemie;2;Magenta;2024;BU02970007;GM0297;5301.0;5301KK;BU02970007;GM0297;5301.0;5301KK;BU02970007;GM0297;5301.0;5301KK;False;False;False;51.79809680305131;5.263255101767435;WarmteAtlas:CO2EmissieBedrijven;;;
1418;NL;;61422;Teijin Aramid BV Research Institute;Arnhem;Velperweg;6824ED;76;;192550;444180;70.10.2;Holdings (geen financiële);Chemische Industrie;Chemische Industrie overig;CO2;20.366895;8.283;0.0;0.0;0.0;0.0;0.0;0.0;0.0;Chemische Industrie;0.0;0.0;Chemie;0;Magenta;2024;BU02020842;GM0202;6824.0;6824BW;BU02020842;GM0202;6824.0;6824BW;BU02020842;GM0202;6824.0;6824BW;False;False;False;51.98474652968959;5.933822648437535;WarmteAtlas:CO2EmissieBedrijven;;;
1419;NL;;61423;BASF Nederland BV;Arnhem;Kadestraat;6811CA;1;;191045;443216;46.75;Groothandel in chemische producten;Handel, Diensten en Overheid (HDO);Energiegebruik en processen Handel, Diensten en Overheid (HDO);CO2;0.0;0.0;0.0;0.0;0.0;0.0;0.0;0.0;0.0;Overig;0.0;0.0;Overige;0;Gray;2024;BU02020100;GM0202;6811.0;6811CA;BU02020100;GM0202;6811.0;6811CA;BU02020100;GM0202;6811.0;6811CA;False;False;False;51.97618200809791;5.911813707508565;WarmteAtlas:CO2EmissieBedrijven;;;
1420;NL;LCP;61424;Veolia Industriediensten BV;Arnhem;Westervoortsedijk;6827AV;73;;193118;442151;43.21;Elektrotechnische bouwinstallatie;Bouw;Overig bouw;CO2;111.70775;0.0;142.625994;39.36599;44.067527;61.382855;56.202476;57.469935;56.632689;Overig;897.348941;897.348941;Overige;3;Gray;2024;BU02020322;GM0202;6827.0;6827AV;BU02020322;GM0202;6827.0;6827AV;BU02020322;GM0202;6827.0;6827AV;False;False;False;51.96647148613018;5.941865139938229;WarmteAtlas:CO2EmissieBedrijven;;;
1421;NL;;61425;Enka BV;Ede;Dr.Hartogsweg;6717LT;58;;175120;448150;20.60;Vervaardiging van synthetische en kunstmatige vezels;Chemische Industrie;Chemische Industrie overig;CO2;75.22604;153.457;0.0;0.0;0.0;0.0;0.0;0.0;0.0;Chemische Industrie;0.0;0.0;Chemie;0;Magenta;2024;BU02281004;GM0228;6717.0;6717ZP;BU02281004;GM0228;6717.0;6717ZP;BU02281004;GM0228;6717.0;6717ZP;False;False;False;52.02133473883672;5.680330008258105;WarmteAtlas:CO2EmissieBedrijven;;;
1422;NL;;61426;CP Kelco;Nijmegen;Winselingseweg;6541AK;12;;186070;429020;46.12;Handelsbemiddeling in brandstoffen, ertsen, metalen en chemische producten;Chemische Industrie;Chemische Industrie basisproducten;CO2;0.0;0.934;0.0;0.0;0.0;0.0;0.0;0.0;0.0;Chemische Industrie;0.0;0.0;Chemie;0;Magenta;2024;BU02680425;GM0268;6541.0;6541BN;BU02680425;GM0268;6541.0;6541BN;BU02680425;GM0268;6541.0;6541BN;False;False;False;51.84888865692551;5.838125817168287;WarmteAtlas:CO2EmissieBedrijven;;;
1423;NL;;61436;Givaudan Nederland BV (Barneveld);Barneveld;Nijverheidsweg;3771ME;60;;168000;464350;20.53;Vervaardiging van etherische oliën;Chemische Industrie;Chemische Industrie overig;CO2;4.820056;0.0;3.5777;0.9463;1.02;1.2;1.33;0.974;0.944733;Chemische Industrie;12.828992;12.828992;Chemie;1;Magenta;2024;BU02035425;GM0203;3771.0;3771MB;BU02035425;GM0203;3771.0;3771MB;BU02035425;GM0203;3771.0;3771MB;False;False;False;52.167152712939384;5.577218260770093;WarmteAtlas:CO2EmissieBedrijven;;;
1424;NL;LCP;61517;Gasunie (Zweekhorst);Zevenaar;Zweekhorstweg;6903PC;2;;202845;441955;35.12;Beheer en exploitatie van transportnetten voor elektriciteit, aardgas en warm water;Energiesector;Olie- gaswinning land;CO2;1.497;2.031;36.412366;5.075307;0.245918;2.54855;0.409964;0.31524;0.188564;Overig;2.98781;2.98781;Overige;1;Gray;2024;BU02990017;GM0299;6903.0;6903PC;BU02990017;GM0299;6903.0;6903PC;BU02990017;GM0299;6903.0;6903PC;False;False;False;51.96395705621038;6.083368272506196;WarmteAtlas:CO2EmissieBedrijven;;;
1425;NL;;61599;Dalli-De Klok B.V.;Heerde;Kamperweg;8181CR;1;;198900;489900;20.41;Vervaardiging van zeep en wasmiddelen, poets- en reinigingsmiddelen;Chemische Industrie;Chemische Industrie overig;CO2;0.0;0.0;0.0;0.0;0.0;0.0;0.21627;0.207099;0.159365;Chemische Industrie;2.1641;2.1641;Chemie;1;Magenta;2024;BU02460005;GM0246;8181.0;8181CR;BU02460005;GM0246;8181.0;8181CR;BU02460005;GM0246;8181.0;8181CR;False;False;False;52.3951847885693;6.0321742525662945;WarmteAtlas:CO2EmissieBedrijven;;;
1426;NL;LCP;62;Chemelot Site Permit BV;Geleen;Koestraat;6167RA;1;;183732;332404;20.16;Vervaardiging van kunststof in primaire vorm;Chemische Industrie;Chemische Industrie basisproducten;CO2;3777.861869;447.4715;4420.483;4783.885;4145.1707;3960.320827;3354.145252;3163.311132;3128.391577;Chemische Industrie;42481.960161;42481.960161;Chemie;5;Magenta;2024;BU18830507;GM1883;6163.0;6163JT;BU18830507;GM1883;6163.0;6163JT;BU18830507;GM1883;6163.0;6163JT;False;False;False;50.980585256100134;5.796324872442762;WarmteAtlas:CO2EmissieBedrijven;;;
1427;NL;;62006;FrieslandCampina Cheese Varsseveld;Varsseveld;BOTERSTRAAT;7051DA;5;;229100;440100;10.51;Vervaardiging van zuivelproducten (geen consumptie-ijs);Overige industrie;Voedings- en genotmiddelenindustrie;CO2;0.0;2.424;3.30482;0.0;0.0;0.0;0.0;0.0;0.0;Voedings- en genotmiddelenindustrie;0.0;0.0;Voeding;0;Green;2024;BU15090300;GM1509;7051.0;7051DB;BU15090300;GM1509;7051.0;7051DB;BU15090300;GM1509;7051.0;7051DB;False;False;False;51.94440421827958;6.464936312652728;WarmteAtlas:CO2EmissieBedrijven;;;
1428;NL;;62009;FrieslandCampina Butter (Lochem);Lochem;Kanaalstraat;7241DA;4;- 6;226100;464540;10.51;Vervaardiging van zuivelproducten (geen consumptie-ijs);Overige industrie;Voedings- en genotmiddelenindustrie;CO2;17.567674;34.65;42.499;42.080271;32.8698;30.83625;32.621074;24.199029;29.170179;Voedings- en genotmiddelenindustrie;455.182685;455.182685;Voeding;3;Green;2024;BU02620005;GM0262;7241.0;7241DB;BU02620005;GM0262;7241.0;7241DB;BU02620005;GM0262;7241.0;7241DB;False;False;False;52.16443540188536;6.42639851035745;WarmteAtlas:CO2EmissieBedrijven;;;
1429;NL;;62010;Nestle Nederland BV (Nunspeet);Nunspeet;Laan;8071JC;110;;182480;488580;10.86;Vervaardiging van gehomogeniseerde voedingspreparaten en dieetvoeding;Overige industrie;Voedings- en genotmiddelenindustrie;CO2;0.0;15.415;15.216;15.203141;16.223744;16.629899;18.049564;15.63798;16.522078;Voedings- en genotmiddelenindustrie;257.816851;257.816851;Voeding;2;Green;2024;BU03020000;GM0302;8071.0;8071JC;BU03020000;GM0302;8071.0;8071JC;BU03020000;GM0302;8071.0;8071JC;False;False;False;52.3843900701476;5.79083432355053;WarmteAtlas:CO2EmissieBedrijven;;;
1430;NL;;62013;FrieslandCampina Cheese Steenderen;Steenderen;Toldijkseweg;7221DB;21;;210530;452620;10.51;Vervaardiging van zuivelproducten (geen consumptie-ijs);Overige industrie;Voedings- en genotmiddelenindustrie;CO2;0.0;3.392;4.38;4.29;4.039851;3.99;3.706581;3.892468;3.82;Voedings- en genotmiddelenindustrie;59.608747;59.608747;Voeding;2;Green;2024;BU18760310;GM1876;7221.0;7221DD;BU18760310;GM1876;7221.0;7221NE;BU18760310;GM1876;7221.0;7221NE;False;False;False;52.059092548396855;6.196908803627847;WarmteAtlas:CO2EmissieBedrijven;;;
1431;NL;;62016;Frico Cheese BV (Winterswijk);Winterswijk;Tuberweg;7101BE;6;;245100;444440;10.51;Vervaardiging van zuivelproducten (geen consumptie-ijs);Overige industrie;Voedings- en genotmiddelenindustrie;CO2;0.0;2.783;0.0;0.0;0.0;0.0;0.0;0.0;0.0;Voedings- en genotmiddelenindustrie;0.0;0.0;Voeding;0;Green;2024;BU02940002;GM0294;7101.0;7101BN;BU02940002;GM0294;7101.0;7101BN;BU02940002;GM0294;7101.0;7101BN;False;False;False;51.98104121043862;6.698731792503287;WarmteAtlas:CO2EmissieBedrijven;;;
1432;NL;LCP;62025;FrieslandCampina Domo (Borculo);Borculo;Needseweg;7271AB;23;;233150;459540;10.51;Vervaardiging van zuivelproducten (geen consumptie-ijs);Overige industrie;Voedings- en genotmiddelenindustrie;CO2;70.247319;17.504999;42.27122;60.542741;63.958523;62.224;67.572;61.905;59.875932;Voedings- en genotmiddelenindustrie;934.327041;934.327041;Voeding;3;Green;2024;BU18590013;GM1859;7271.0;7271AD;BU18590013;GM1859;7271.0;7271AD;BU18590013;GM1859;7271.0;7271AD;False;False;False;52.118550212457144;6.528273080236093;WarmteAtlas:CO2EmissieBedrijven;;;
1433;NL;;62027;Friesche Vlag BV (Arnhem);Arnhem;Westervoortsedijk;6800LW;124;;193000;442800;10.51;Vervaardiging van zuivelproducten (geen consumptie-ijs);Overige industrie;Voedings- en genotmiddelenindustrie;CO2;0.0;5.795;0.0;0.0;0.0;0.0;0.0;0.0;0.0;Voedings- en genotmiddelenindustrie;0.0;0.0;Voeding;0;Green;2024;BU02020322;GM0202;6827.0;6827BP;BU02020322;GM0202;6827.0;6827BP;BU02020322;GM0202;6827.0;6827BP;False;False;False;51.972312687240674;5.940220085222322;WarmteAtlas:CO2EmissieBedrijven;;;
1434;NL;;62031;Arla Foods BV;Nijkerk;Gildenstraat;3861RG;30;;161240;472064;10.51;Vervaardiging van zuivelproducten (geen consumptie-ijs);Overige industrie;Voedings- en genotmiddelenindustrie;CO2;0.0;3.289;13.551153;12.547898;9.29209;9.013502;8.715297;8.811803;8.300483;Voedings- en genotmiddelenindustrie;129.523926;129.523926;Voeding;2;Green;2024;BU02670101;GM0267;3861.0;3861RG;BU02670101;GM0267;3861.0;3861RG;BU02670101;GM0267;3861.0;3861RG;False;False;False;52.236602844345406;5.478553057631335;WarmteAtlas:CO2EmissieBedrijven;;;
1435;NL;;62106;Presswood International B.V.;Ermelo;Lokhorstweg;3851SE;13;A;170700;480950;16.24;Vervaardiging van houten emballage;Overige industrie;Houtbewerkende industrie;CO2;0.0;22.214;0.0;0.0;0.0;0.0;0.0;19.01033;19.43247;Overig;307.908856;307.908856;Overige;2;Gray;2024;BU02330202;GM0233;3851.0;3851SC;BU02330202;GM0233;3851.0;3851SC;BU02330202;GM0233;3851.0;3851SC;False;False;False;52.316278815611376;5.617453561401592;WarmteAtlas:CO2EmissieBedrijven;;;
1436;NL;;62108;Polskamp BV;Ermelo;Oude Telgterweg;3851EC;177;;170075;478262;10.12;Pluimveeslachterijen;Overige industrie;Voedings- en genotmiddelenindustrie;CO2;0.0;0.0;0.0;1.316234;1.1009;0.83375;0.89395;0.6395;0.79415;Voedings- en genotmiddelenindustrie;12.392222;12.392222;Voeding;1;Green;2024;BU02330003;GM0233;3851.0;3851EC;BU02330003;GM0233;3851.0;3851EC;BU02330003;GM0233;3851.0;3851EC;False;False;False;52.29213756953666;5.608167381200775;WarmteAtlas:CO2EmissieBedrijven;;;
1437;NL;;62406;Riedel B.V.;Ede;Frankeneng;6717AG;12;;172850;449350;10.32;Vervaardiging van fruit- en groentesap;Overige industrie;Voedings- en genotmiddelenindustrie;CO2;0.0;0.0;3.6349;2.703;1.935;1.976;2.101;2.206;1.18;Voedings- en genotmiddelenindustrie;18.413173;18.413173;Voeding;1;Green;2024;BU02281001;GM0228;6713.0;6713KN;BU02281001;GM0228;6713.0;6713KN;BU02281001;GM0228;6713.0;6713KN;False;False;False;52.03219813864298;5.6473215326037165;WarmteAtlas:CO2EmissieBedrijven;;;
1438;NL;;62502;SVZ International BV (Dodewaard);Dodewaard;Waalbandijk;6669MG;115;;175780;434700;10.39;Verwerking van groente en fruit (niet tot sap en maaltijden);Overige industrie;Voedings- en genotmiddelenindustrie;CO2;3.752;0.0;0.0;0.0;0.0;0.0;0.0;0.0;0.0;Voedings- en genotmiddelenindustrie;0.0;0.0;Voeding;0;Green;2024;BU17400208;GM1740;6669.0;6669MG;BU17400208;GM1740;6669.0;6669MG;BU17400208;GM1740;6669.0;6669MG;False;False;False;51.900420485665244;5.6891305903598;WarmteAtlas:CO2EmissieBedrijven;;;
1439;NL;;62509;H.J. Heinz Holding BV;Elst;Stationsstraat;6662BC;50;;187100;436150;10.89;Vervaardiging van overige voedingsmiddelen n.e.g.;Overige industrie;Voedings- en genotmiddelenindustrie;CO2;4.248;0.0;0.0;6.56;5.888687;0.0;0.0;4.87;0.0;Voedings- en genotmiddelenindustrie;0.0;0.0;Voeding;0;Green;2024;BU17340601;GM1734;6662.0;6662BC;BU17340601;GM1734;6662.0;6662BC;BU17340601;GM1734;6662.0;6662BC;False;False;False;51.91291509683702;5.853738254016331;WarmteAtlas:CO2EmissieBedrijven;;;
1440;NL;;62512;Struik Foods Netherlands;Voorthuizen;Voorthuizerweg;3862PZ;9;;170280;467900;10.13;Vleesverwerking (niet tot maaltijden);Overige industrie;Voedings- en genotmiddelenindustrie;CO2;0.0;0.0;5.85268;5.052354;6.31;6.2;0.0;0.0;0.0;Voedings- en genotmiddelenindustrie;0.0;0.0;Voeding;0;Green;2024;BU02670204;GM0267;3862.0;3862PZ;BU02670204;GM0267;3862.0;3862PZ;BU02670204;GM0267;3862.0;3862PZ;False;False;False;52.199001079712474;5.610703678421243;WarmteAtlas:CO2EmissieBedrijven;;;
1441;NL;;62654;Schouten Industries BV;Poederoyen;Munnikenlandse Maaskade;5307TE;2;;131750;423350;52.24;Laad-, los- en overslagactiviteiten;Handel, Diensten en Overheid (HDO);Energiegebruik en processen Handel, Diensten en Overheid (HDO);CO2;4.674842;2.9793;0.0;0.0;0.0;0.0;0.0;0.0;0.0;Overig;0.0;0.0;Overige;0;Gray;2024;BU02970108;GM0297;5307.0;5307TE;BU02970108;GM0297;5307.0;5307TE;BU02970108;GM0297;5307.0;5307TE;False;False;False;51.79830754255851;5.050150778527156;WarmteAtlas:CO2EmissieBedrijven;;;
1442;NL;;62802;Ekro BV;Apeldoorn;Laan van Malkenschoten;7333NP;100;;195066;465803;10.11;Slachterijen (geen pluimvee-);Overige industrie;Voedings- en genotmiddelenindustrie;CO2;0.0;0.0;0.0;0.942;1.653244;1.695132;1.686191;1.728237;1.726933;Voedings- en genotmiddelenindustrie;26.947726;26.947726;Voeding;1;Green;2024;BU02000406;GM0200;7333.0;7333NP;BU02000406;GM0200;7333.0;7333PJ;BU02000406;GM0200;7333.0;7333PJ;False;False;False;52.17891065116262;5.9729873005243475;WarmteAtlas:CO2EmissieBedrijven;;;
1443;NL;;62803;Vion Groenlo BV;Groenlo;Den Sliem;7141JH;8;;239838;452086;10.13;Vleesverwerking (niet tot maaltijden);Overige industrie;Voedings- en genotmiddelenindustrie;CO2;0.0;0.0;0.0;0.0;2.465932;0.0;0.0;0.0;0.0;Voedings- en genotmiddelenindustrie;0.0;0.0;Voeding;0;Green;2024;BU15860612;GM1586;7141.0;7141JH;BU15860612;GM1586;7141.0;7141JH;BU15860612;GM1586;7141.0;7141JH;False;False;False;52.05058048247033;6.624049283294415;WarmteAtlas:CO2EmissieBedrijven;;;
1444;NL;;62806;Vion Apeldoorn;Apeldoorn;Laan van Malkenschoten;7333NP;77;;195500;465700;10.11;Slachterijen (geen pluimvee-);Overige industrie;Voedings- en genotmiddelenindustrie;CO2;0.0;0.0;1.862;2.8564;2.735787;0.0;2.533255;2.686565;0.0;Voedings- en genotmiddelenindustrie;0.0;0.0;Voeding;0;Green;2024;BU02000406;GM0200;7333.0;7333PA;BU02000406;GM0200;7333.0;7333PA;BU02000406;GM0200;7333.0;7333PA;False;False;False;52.17795326141427;5.97931996653289;WarmteAtlas:CO2EmissieBedrijven;;;
1445;NL;;62812;Compaxo Vlees Zevenaar BV;Zevenaar;Edisonstraat;6902PK;48;;203400;438700;10.11;Slachterijen (geen pluimvee-);Overige industrie;Voedings- en genotmiddelenindustrie;CO2;0.0;0.0;0.0;3.2;3.46;0.0;3.9;3.6371;3.88;Voedings- en genotmiddelenindustrie;60.54501;60.54501;Voeding;2;Green;2024;BU02990012;GM0299;6902.0;6902PC;BU02990012;GM0299;6902.0;6902PC;BU02990012;GM0299;6902.0;6902PC;False;False;False;51.93465412346761;6.090984328787012;WarmteAtlas:CO2EmissieBedrijven;;;
1446;NL;;62827;Niers Vleeswarenfabriek BV;Epe;Zuukerweg;8161XW;1;-3;196180;484340;10.10;Slachterijen en vleesverwerking;Overige industrie;Voedings- en genotmiddelenindustrie;CO2;1.01952;0.0;0.0;0.0;0.0;0.0;0.0;0.0;0.0;Voedings- en genotmiddelenindustrie;0.0;0.0;Voeding;0;Green;2024;BU02320007;GM0232;8161.0;8161XW;BU02320007;GM0232;8161.0;8161XW;BU02320007;GM0232;8161.0;8161XW;False;False;False;52.3454271542807;5.991533228145673;WarmteAtlas:CO2EmissieBedrijven;;;
1447;NL;;62852;Pluimveeslachterij Van den Bor BV;Nijkerkerveen;Amersfoortseweg;3864NG;118;;160350;468480;10.12;Pluimveeslachterijen;Overige industrie;Voedings- en genotmiddelenindustrie;CO2;0.0;0.0;0.0;1.394952;1.135926;0.0;1.162405;1.08896;0.0;Voedings- en genotmiddelenindustrie;0.0;0.0;Voeding;0;Green;2024;BU02670300;GM0267;3864.0;3864NG;BU02670300;GM0267;3864.0;3864NG;BU02670300;GM0267;3864.0;3864NG;False;False;False;52.20439988203037;5.465467351463679;WarmteAtlas:CO2EmissieBedrijven;;;
1448;NL;;62859;Plukon Poultry BV;Wezep;Industrieweg;8091AZ;36;;196500;496500;10.12;Pluimveeslachterijen;Overige industrie;Voedings- en genotmiddelenindustrie;CO2;0.0;0.0;0.0;0.0;0.0772;0.0853;0.0737;0.0;0.0;Voedings- en genotmiddelenindustrie;0.0;0.0;Voeding;0;Green;2024;BU02690100;GM0269;8091.0;8091AX;BU02690100;GM0269;8091.0;8091AX;BU02690100;GM0269;8091.0;8091AX;False;False;False;52.45468617365873;5.997733544123851;WarmteAtlas:CO2EmissieBedrijven;;;
1449;NL;;62925;Aviko BV;Steenderen;Dr. A.Arienstraat;7221CD;28;;210103;453484;10.31;Vervaardiging van aardappelproducten;Overige industrie;Voedings- en genotmiddelenindustrie;CO2;0.0;0.0;0.0;67.4009;59.12;63.34;64.21235;64.568481;63.23;Voedings- en genotmiddelenindustrie;986.665206;986.665206;Voeding;3;Green;2024;BU18760300;GM1876;7221.0;7221CA;BU18760300;GM1876;7221.0;7221CA;BU18760300;GM1876;7221.0;7221CA;False;False;False;52.06690025968804;6.1908226036118945;WarmteAtlas:CO2EmissieBedrijven;;;
1450;NL;;62928;Cêlavita B.V.;Wezep;Puttersteinsveldweg;8091BS;22;;196282;496234;10.31;Vervaardiging van aardappelproducten;Overige industrie;Voedings- en genotmiddelenindustrie;CO2;0.0;0.0;0.0;0.0;5.08882;5.402176;5.376191;5.32473;5.307468;Voedings- en genotmiddelenindustrie;82.819769;82.819769;Voeding;2;Green;2024;BU02690103;GM0269;8091.0;8091BS;BU02690103;GM0269;8091.0;8091BS;BU02690103;GM0269;8091.0;8091BS;False;False;False;52.45231211243727;5.994493773332768;WarmteAtlas:CO2EmissieBedrijven;;;
1451;NL;;63003;Tata Steel Nederland Tubes B.V. (Arnhem);Arnhem;Westervoortsedijk;6827AT;65;;192094;442725;24.20;Vervaardiging van stalen buizen, pijpen, holle profielen en fittings daarvoor;Overige industrie;Basismetaal;CO2;0.0;0.164;0.0;0.0;0.0;0.0;0.0;0.0;0.0;Basismetaal;0.0;0.0;Basismetaal;0;Black;2024;BU02020322;GM0202;6827.0;6827AT;BU02020322;GM0202;6827.0;6827AT;BU02020322;GM0202;6827.0;6827AT;False;False;False;51.97169986757382;5.927027443140226;WarmteAtlas:CO2EmissieBedrijven;;;
1452;NL;;63012;Aurubis Netherlands B.V. (Zutphen);Zutphen;Oostzeestraat;7202CM;1;;211100;463650;24.44;Vervaardiging van koper;Overige industrie;Basismetaal;CO2;7.713224;6.876;5.610188;5.42411;4.086603;4.294447;4.122015;2.80424;1.69913;Basismetaal;19.13782;19.13782;Basismetaal;1;Black;2024;BU03010002;GM0301;7202.0;7202CM;BU03010002;GM0301;7202.0;7202CM;BU03010002;GM0301;7202.0;7202CM;False;False;False;52.158164486960274;6.207036421741486;WarmteAtlas:CO2EmissieBedrijven;;;
1453;NL;;63291;NXP Semiconductors Netherlands BV;Nijmegen;Gerstweg;6534AE;2;;184704;426461;26.40;Vervaardiging van consumentenelektronica;Overige industrie;Metaalelektro;CO2;10.62;13.509;0.0;0.0;0.0;0.0;0.0;0.0;0.0;Metaalelektro;0.0;0.0;Overige;0;Gray;2024;BU02680512;GM0268;6534.0;6534AE;BU02680512;GM0268;6534.0;6534AE;BU02680512;GM0268;6534.0;6534AE;False;False;False;51.825962510617885;5.818081246950738;WarmteAtlas:CO2EmissieBedrijven;;;
1454;NL;;63347;Weweler Nederland BV;Apeldoorn;Kayersdijk;7332AP;149;;195650;467030;25.90;Vervaardiging van overige produkten van metaal;Overige industrie;Metaalelektro;CO2;3.398976;5.005;0.0;0.0;0.0;0.0;0.0;0.0;0.0;Metaalelektro;0.0;0.0;Overige;0;Gray;2024;BU02000408;GM0200;7332.0;7332AP;BU02000408;GM0200;7332.0;7332AP;BU02000408;GM0200;7332.0;7332AP;False;False;False;52.18989559557872;5.981672266046992;WarmteAtlas:CO2EmissieBedrijven;;;
1455;NL;;63363;Shipyard Millingen BV;Millingen aan de Rijn;Rijndijk;6566CG;19;;200581;431214;30.11;Bouw van schepen en drijvend materieel (geen sport- en recreatievaartuigen);Overige industrie;Metaalelektro;CO2;0.0;0.0;0.189029;0.0;0.0;0.0;0.0;0.0;0.0;Metaalelektro;0.0;0.0;Overige;0;Gray;2024;BU19450900;GM1945;6566.0;6566CG;BU19450900;GM1945;6566.0;6566CG;BU19450900;GM1945;6566.0;6566CG;False;False;False;51.86760987908147;6.049004713030078;WarmteAtlas:CO2EmissieBedrijven;;;
1456;NL;;63365;Scheepswerf Gelria BV;Nijmegen;Handelsweg;6541CS;75;;185065;428785;33.15;Reparatie en onderhoud van schepen;Overige industrie;Metaalelektro;CO2;0.0;0.0;0.150991;0.0;0.0;0.0;0.0;0.0;0.0;Metaalelektro;0.0;0.0;Overige;0;Gray;2024;BU02680425;GM0268;6541.0;6541CS;BU02680425;GM0268;6541.0;6541CS;BU02680425;GM0268;6541.0;6541CS;False;False;False;51.846831586257984;5.823520042071922;WarmteAtlas:CO2EmissieBedrijven;;;
1457;NL;;63399;Scheepswerf De Hoop BV;Tolkamer;Bijlandseweg;6916BH;17;- 19;203900;429800;30.11;Bouw van schepen en drijvend materieel (geen sport- en recreatievaartuigen);Overige industrie;Metaalelektro;CO2;0.0;0.0;0.62301;0.520802;0.356894;0.0;0.0;0.0;0.0;Metaalelektro;0.0;0.0;Overige;0;Gray;2024;BU02991000;GM0299;6916.0;6916BM;BU02991000;GM0299;6916.0;6916BM;BU02991000;GM0299;6916.0;6916BM;False;False;False;51.85461966021717;6.096990234371186;WarmteAtlas:CO2EmissieBedrijven;;;
1458;NL;;63502;HMI Logam BV;Arnhem;Westervoortsedijk;6827AT;67;d;192410;442840;39.00;Sanering en overig afvalbeheer;Overige industrie;Basismetaal;CO2;13.077078;0.0;0.0;0.0;0.0;0.0;0.0;0.0;0.0;Basismetaal;0.0;0.0;Basismetaal;0;Black;2024;BU02020322;GM0202;6827.0;6827DH;BU02020322;GM0202;6827.0;6827DH;BU02020322;GM0202;6827.0;6827DH;False;False;False;51.97271226911368;5.931638502271043;WarmteAtlas:CO2EmissieBedrijven;;;
1459;NL;;63504;Gieterij Doesburg BV;Doesburg;Barend Ubbinkweg;6981EC;2;;206112;447069;24.51;Gieten van ijzer;Overige industrie;Basismetaal;CO2;1.966509;0.0;2.437425;1.373452;0.738818;0.789733;0.518055;0.562039;0.584993;Basismetaal;6.588952;6.588952;Basismetaal;1;Black;2024;BU02210100;GM0221;6981.0;6981EC;BU02210100;GM0221;6981.0;6981EC;BU02210100;GM0221;6981.0;6981EC;False;False;False;52.009628340449936;6.131663593712796;WarmteAtlas:CO2EmissieBedrijven;;;
1460;NL;;63505;Vulcanus Castings BV;Doetinchem;Keppelseweg;7008BC;347;;214700;444350;25.62;Algemene metaalbewerking;Overige industrie;Metaalelektro;CO2;5.30304;0.0;8.685945;6.83889;3.847054;4.954702;4.99282;4.786158;0.0;Metaalelektro;0.0;0.0;Overige;0;Gray;2024;BU02220804;GM0222;7008.0;7008BC;BU02220804;GM0222;7008.0;7008BC;BU02220804;GM0222;7008.0;7008BC;False;False;False;51.98433398942602;6.256263530412239;WarmteAtlas:CO2EmissieBedrijven;;;
1461;NL;;63507;Gieterij Neede BV;Neede;Bergweg;7161PN;11;;237150;462770;24.50;Gieten van metalen;Overige industrie;Basismetaal;CO2;0.707505;0.0;0.0;0.0;0.0;0.0;0.0;0.0;0.0;Basismetaal;0.0;0.0;Basismetaal;0;Black;2024;BU18590308;GM1859;7161.0;7161PN;BU18590308;GM1859;7161.0;7161PN;BU18590308;GM1859;7161.0;7161PN;False;False;False;52.14699638241581;6.587445269525241;WarmteAtlas:CO2EmissieBedrijven;;;
1462;NL;;63508;Nijmeegsche IJzergieterij BV;Nijmegen;Lindenhoutseweg;6545AJ;26;;184127;428648;24.51;Gieten van ijzer;Overige industrie;Basismetaal;CO2;2.78112;0.0;1.77568;3.594219;4.028217;3.194431;3.143255;3.354015;2.927994;Basismetaal;32.978891;32.978891;Basismetaal;2;Black;2024;BU02680847;GM0268;6545.0;6545AE;BU02680847;GM0268;6545.0;6545AE;BU02680847;GM0268;6545.0;6545AE;False;False;False;51.84565003576483;5.809896133824168;WarmteAtlas:CO2EmissieBedrijven;;;
1463;NL;;63509;LF Casting B.V.;Terborg;Lovinkweg;7061DT;3;;223000;437300;22.29;Vervaardiging van overige producten van kunststof;Overige industrie;Rubber- en kunstofverw. Industrie;CO2;0.044745;0.0;1.315092;1.472622;0.955541;0.835341;0.0;0.0;0.0;Overig;0.0;0.0;Overige;0;Gray;2024;BU15090201;GM1509;7061.0;7061DT;BU15090201;GM1509;7061.0;7061DT;BU15090201;GM1509;7061.0;7061DT;False;False;False;51.920020069314674;6.375675167450037;WarmteAtlas:CO2EmissieBedrijven;;;
1464;NL;;63524;Lincoln Smitweld B.V.;Nijmegen;Nieuwe Dukenburgseweg;6534AD;20;;184589;425892;25.93;Vervaardiging van artikelen van draad en van kettingen en veren;Overige industrie;Metaalelektro;CO2;0.0;1.962677;0.0;0.0;0.0;0.0;0.0;0.0;0.0;Metaalelektro;0.0;0.0;Overige;0;Gray;2024;BU02680512;GM0268;6534.0;6534AD;BU02680512;GM0268;6534.0;6534AD;BU02680512;GM0268;6534.0;6534AD;False;False;False;51.82085436501297;5.816364400913734;WarmteAtlas:CO2EmissieBedrijven;;;
1465;NL;;63601;Hydro Extrusion Harderwijk B.V.;Harderwijk;Industrieweg;3846BB;15;;172050;485500;24.42;Vervaardiging van aluminium;Overige industrie;Basismetaal;CO2;7.23144;17.797;6.502227;0.0;0.0;0.0;0.0;0.0;0.0;Basismetaal;0.0;0.0;Basismetaal;0;Black;2024;BU02431301;GM0243;3846.0;3846AX;BU02431301;GM0243;3846.0;3846AX;BU02431301;GM0243;3846.0;3846AX;False;False;False;52.35713197154609;5.6374825203560475;WarmteAtlas:CO2EmissieBedrijven;;;
1466;NL;;63631;Voorheen Firma Vinke en Winkel BV;Hattem;Eijerdijk;8051MR;1;;201000;498780;46.76;Groothandel in intermediaire producten;Handel, Diensten en Overheid (HDO);Energiegebruik en processen Handel, Diensten en Overheid (HDO);CO2;0.00885;0.0;0.0;0.0;0.0;0.0;0.0;0.0;0.0;Overig;0.0;0.0;Overige;0;Gray;2024;BU02440001;GM0244;8051.0;8051XS;BU02440001;GM0244;8051.0;8051XS;BU02440001;GM0244;8051.0;8051XS;False;False;False;52.47481667714969;6.064244975013939;WarmteAtlas:CO2EmissieBedrijven;;;
1467;NL;;63643;Veco B.V.;Eerbeek;Karel van Gelreweg;6961LB;22;;200200;456300;25.62;Algemene metaalbewerking;Overige industrie;Metaalelektro;CO2;0.0;0.0;0.0;0.897;0.0;0.0;1.03;0.987116;0.0;Metaalelektro;0.0;0.0;Overige;0;Gray;2024;BU02130610;GM0213;6961.0;6961LB;BU02130610;GM0213;6961.0;6961LB;BU02130610;GM0213;6961.0;6961LB;False;False;False;52.09310613247943;6.046781129916367;WarmteAtlas:CO2EmissieBedrijven;;;
1468;NL;;63665;Ferro Techniek BV;Gaanderen;Bremstraat;7011AT;1;;221500;438500;25.61;Oppervlaktebehandeling en bekleding van metaal;Overige industrie;Metaalelektro;CO2;2.178;0.0;0.0;0.0;0.0;0.0;0.0;0.0;0.0;Metaalelektro;0.0;0.0;Overige;0;Gray;2024;BU02221104;GM0222;7011.0;7011CS;BU02221104;GM0222;7011.0;7011CS;BU02221104;GM0222;7011.0;7011CS;False;False;False;51.930986101803;6.354105749318181;WarmteAtlas:CO2EmissieBedrijven;;;
1469;NL;;63669;Coatinc Anox B.V.;Scherpenzeel;Industrielaan;3925BD;17;;161100;455000;25.61;Oppervlaktebehandeling en bekleding van metaal;Overige industrie;Metaalelektro;CO2;0.0;0.0;0.0;0.166362;0.0;0.0;0.155815;0.154;0.0;Metaalelektro;0.0;0.0;Overige;0;Gray;2024;BU02790000;GM0279;3925.0;3925BD;BU02790000;GM0279;3925.0;3925BD;BU02790000;GM0279;3925.0;3925BD;False;False;False;52.08323471840573;5.4761965805525;WarmteAtlas:CO2EmissieBedrijven;;;
1470;NL;LCP;64001;ENGIE Energie Nederland Centrale Gelderland;Nijmegen;Weurtseweg;6541BE;460;;185427;429798;35.11.1;Productie van elektriciteit door thermische, kern- en warmtekrachtcentrales;Energiesector;Opwekking electriciteit;CO2;4092.615224;2248.046;3120.184715;2886.892;0.0;0.0;0.0;0.0;0.0;Opwekking electriciteit;0.0;0.0;Energy;0;Yellow;2024;BU02680425;GM0268;6541.0;6541BZ;BU02680425;GM0268;6541.0;6541BZ;BU02680425;GM0268;6541.0;6541BZ;False;False;False;51.855916894390354;5.828862747909346;WarmteAtlas:CO2EmissieBedrijven;;;
1471;NL;;64004;AVR Afvalverwerking BV (Duiven);Duiven;Rivierweg;6921PZ;20;;197134;442636;38.21;Behandeling van onschadelijk afval;Afvalverwijdering;AVI's;CO2;0.0;0.0;466.856855;552.1;529.31262;500.300265;512.27498;495.310114;487.520702;Overig;7724.799856;7724.799856;Afval;4;Maroon;2024;BU02260101;GM0226;6921.0;6921PZ;BU02260101;GM0226;6921.0;6921PZ;BU02260101;GM0226;6921.0;6921PZ;False;False;False;51.970540367899346;6.000359258712086;WarmteAtlas:CO2EmissieBedrijven;;;
1472;NL;;64005;ARN B.V.;Weurt;Nieuwe Pieckelaan;6551DX;1;;183067;428715;38.21;Behandeling van onschadelijk afval;Afvalverwijdering;AVI's;CO2;0.0;0.0;327.441064;328.93181;342.47424;362.420679;322.054807;322.446302;322.559251;Overig;5110.974048;5110.974048;Afval;4;Maroon;2024;BU02090306;GM0209;6551.0;6551DX;BU02090306;GM0209;6551.0;6551DX;BU02090306;GM0209;6551.0;6551DX;False;False;False;51.84630664493234;5.794519141678195;WarmteAtlas:CO2EmissieBedrijven;;;
1473;NL;;64126;KTV NV;Eibergen;Grotestraat;7151BG;130;;240930;458230;13.30;Textielveredeling;Overige industrie;Textiel- en tapijtindustrie;CO2;9.157616;4.931;0.0;0.0;0.0;0.0;0.0;0.0;0.0;Overig;0.0;0.0;Overige;0;Gray;2024;BU18590115;GM1859;7151.0;7151KP;BU18590115;GM1859;7151.0;7151KP;BU18590115;GM1859;7151.0;7151KP;False;False;False;52.10562399428156;6.641513560016656;WarmteAtlas:CO2EmissieBedrijven;;;
1474;NL;;64134;Sonac Loenen BV;Loenen;Kieveen;7371GD;20;;199750;460200;21.10;Vervaardiging van farmaceutische grondstoffen;Chemische Industrie;Chemische Industrie overig;CO2;0.0;0.0;4.165;4.66;0.0;3.65;3.554589;3.07;3.03644;Chemische Industrie;41.233305;41.233305;Chemie;2;Magenta;2024;BU02001303;GM0200;7371.0;7371GD;BU02001303;GM0200;7371.0;7371GD;BU02001303;GM0200;7371.0;7371GD;False;False;False;52.128194037098254;6.040727512982339;WarmteAtlas:CO2EmissieBedrijven;;;
1475;NL;;64272;Houtindustrie E. Krepel BV;Klarenbeek;J.R.Krepellaan;7382BM;5;-7;202110;464500;16.23;Vervaardiging van overig timmerwerk voor de bouw;Overige industrie;Houtbewerkende industrie;CO2;0.12496;0.0;0.0;0.0;0.0;0.0;0.0;0.0;0.0;Overig;0.0;0.0;Overige;0;Gray;2024;BU02850200;GM0285;7382.0;7382BP;BU02850200;GM0285;7382.0;7382BP;BU02851001;GM0285;7382.0;7382BP;True;False;False;52.16664380680428;6.075786433796904;WarmteAtlas:CO2EmissieBedrijven;;;
1476;NL;;64302;Favini B.V. (Apeldoorn);Apeldoorn;EUROPAWEG;7336AP;48;;192980;467890;17.12;Vervaardiging van papier en karton;Overige industrie;Papier(waren);CO2;20.0;0.0;0.0;0.0;0.0;0.0;0.0;0.0;0.0;Papier(waren);0.0;0.0;Papier;0;White;2024;BU02000307;GM0200;7336.0;7336AP;BU02000307;GM0200;7336.0;7336AP;BU02000307;GM0200;7336.0;7336AP;False;False;False;52.1978151255916;5.942724152351187;WarmteAtlas:CO2EmissieBedrijven;;;
1477;NL;;64304;Papierfabriek Doetinchem BV;Doetinchem;Terborgseweg;7005BB;52;;217250;441700;17.12.2;Vervaardiging van papier en karton voor verpakking;Overige industrie;Papier(waren);CO2;29.046905;31.829999;31.173004;20.150019;16.921138;19.671864;20.320631;19.884008;19.487355;Papier(waren);308.778506;308.778506;Papier;2;White;2024;BU02220501;GM0222;7005.0;7005AK;BU02220501;GM0222;7005.0;7005AK;BU02220501;GM0222;7005.0;7005AK;False;False;False;51.96023760633516;6.292898861622186;WarmteAtlas:CO2EmissieBedrijven;;;
1478;NL;;64307;Papierfabriek Schut BV;Heelsum;Kabeljauw;6866NE;2;;181090;443880;17.12;Vervaardiging van papier en karton;Overige industrie;Papier(waren);CO2;0.0;1.125;0.0;0.0;0.0;0.0;0.0;0.0;0.0;Papier(waren);0.0;0.0;Papier;0;White;2024;BU02740402;GM0274;6866.0;6866NE;BU02740402;GM0274;6866.0;6866NE;BU02740402;GM0274;6866.0;6866NE;False;False;False;51.98270719920834;5.766979513735568;WarmteAtlas:CO2EmissieBedrijven;;;
1479;NL;;64308;InnovioPapers;Nijmegen;Ambachtsweg;6541DB;2;;184875;428439;17.12.1;Vervaardiging van grafisch papier en karton;Overige industrie;Papier(waren);CO2;86.875671;102.514;74.205;0.0;0.0;0.0;0.0;0.0;0.0;Papier(waren);0.0;0.0;Papier;0;White;2024;BU02680425;GM0268;6541.0;6541DB;BU02680425;GM0268;6541.0;6541DB;BU02680425;GM0268;6541.0;6541DB;False;False;False;51.84373191379884;5.820732795654771;WarmteAtlas:CO2EmissieBedrijven;;;
1480;NL;;64328;Koninklijke VIV Buisman B.V.;Zelhem;De Brinkweg;7021BV;23;;221100;446300;10.51;Vervaardiging van zuivelproducten (geen consumptie-ijs);Overige industrie;Voedings- en genotmiddelenindustrie;CO2;0.0;0.0;0.0;2.2052;2.351766;2.429086;2.344091;2.295071;2.153329;Voedings- en genotmiddelenindustrie;33.601373;33.601373;Voeding;2;Green;2024;BU18760100;GM1876;7021.0;7021BK;BU18760100;GM1876;7021.0;7021BK;BU18760100;GM1876;7021.0;7021BK;False;False;False;52.0011336861471;6.3497934294286535;WarmteAtlas:CO2EmissieBedrijven;;;
1481;NL;LCP;64335;Stora Enso de Hoop B.V.;Eerbeek;Harderwijkerweg;6961GH;41;;200743;456801;17.21.2;Vervaardiging van golfpapier en -karton;Overige industrie;Papier(waren);CO2;124.431;239.542;226.781;216.496899;183.045549;182.000963;161.293873;95.566715;5.52;Papier(waren);87.464789;87.464789;Papier;2;White;2024;BU02130606;GM0213;6961.0;6961GH;BU02130606;GM0213;6961.0;6961GH;BU02130606;GM0213;6961.0;6961GH;False;False;False;52.09756425570593;6.054771560478288;WarmteAtlas:CO2EmissieBedrijven;;;
1482;NL;;64338;Smurfit Lona Verpakking BV;Neede;Industrieweg;7161BX;5;;239130;461920;17.21;"Vervaardiging van verpakkingsmiddelen van papier en karton; golfpapier en -karton";Overige industrie;Papier(waren);CO2;0.0;0.0;0.0;0.0;0.0;0.0;0.0;0.0;0.0;Papier(waren);0.0;0.0;Papier;0;White;2024;BU18590312;GM1859;7161.0;7161XC;BU18590312;GM1859;7161.0;7161XC;BU18590312;GM1859;7161.0;7161XC;False;False;False;52.1390601163277;6.616157163034683;WarmteAtlas:CO2EmissieBedrijven;;;
1483;NL;;64345;Folding Boxboard Eerbeek B.V.;Eerbeek;Coldenhovenseweg;6961ED;12;;201330;457510;17.12.2;Vervaardiging van papier en karton voor verpakking;Overige industrie;Papier(waren);CO2;63.521342;72.399;64.724727;67.630612;70.821928;71.615864;58.953696;39.173792;49.160801;Papier(waren);778.956354;778.956354;Papier;3;White;2024;BU02130606;GM0213;6961.0;6961DW;BU02130606;GM0213;6961.0;6961DW;BU02130606;GM0213;6961.0;6961DW;False;False;False;52.10388754704229;6.063434027477387;WarmteAtlas:CO2EmissieBedrijven;;;
1484;NL;;64353;Stora Enso;Wapenveld;Ir. R.R. van der Zeelaan;8191JH;1;;201800;496200;17.12;Vervaardiging van papier en karton;Overige industrie;Papier(waren);CO2;88.678458;250.247;0.0;0.0;0.0;0.0;0.0;0.0;0.0;Papier(waren);0.0;0.0;Papier;0;White;2024;BU02460106;GM0246;8191.0;8191JH;BU02460106;GM0246;8191.0;8191JH;BU02460106;GM0246;8191.0;8191JH;False;False;False;52.45156273226076;6.0756576376390905;WarmteAtlas:CO2EmissieBedrijven;;;
1485;NL;;64354;VHP Security Paper B.V.;Ugchelen;Hoenderloseweg;7339GJ;84;;191500;466000;17.12.9;Vervaardiging van papier en karton (geen grafisch en niet voor verpakking);Overige industrie;Papier(waren);CO2;0.0;6.459;6.2;5.311233;4.216;3.354;2.472;3.611;3.88;Papier(waren);61.478873;61.478873;Papier;2;White;2024;BU02000302;GM0200;7339.0;7339GR;BU02000302;GM0200;7339.0;7339GR;BU02000302;GM0200;7339.0;7339GR;False;False;False;52.18092856297537;5.920874175807273;WarmteAtlas:CO2EmissieBedrijven;;;
1486;NL;LCP;64360;Smurfit Kappa Parenco B.V.;Renkum;Veerweg;6871AV;1;;178450;442450;17.12.1;Vervaardiging van grafisch papier en karton;Overige industrie;Papier(waren);CO2;200.119328;263.475;250.95748;158.862837;245.345823;237.396619;229.713309;206.074225;213.896555;Papier(waren);3389.205977;3389.205977;Papier;3;White;2024;BU02740101;GM0274;6871.0;6871AW;BU02740101;GM0274;6871.0;6871AW;BU02740101;GM0274;6871.0;6871AW;False;False;False;51.969972122802886;5.7284534596915195;WarmteAtlas:CO2EmissieBedrijven;;;
1487;NL;;64601;ROMPA Tanneries b.v.;Lichtenvoorde;Aaltenseweg;7131ND;2;-4;236550;444920;15.11;"Looien en bereiden van leer; bereiden en verven van bont";Overige industrie;Lederindustrie;CO2;1.00144;0.0;0.0;0.0;0.0;0.0;0.0;0.0;0.0;Overig;0.0;0.0;Overige;0;Gray;2024;BU15860106;GM1586;7131.0;7131ND;BU15860106;GM1586;7131.0;7131ND;BU15860106;GM1586;7131.0;7131ND;False;False;False;51.98667653804728;6.574415907937894;WarmteAtlas:CO2EmissieBedrijven;;;
1488;NL;;64633;Aquinos Bedding Netherlands B.V.;Kesteren;Spoorstraat;4041CL;69;;168800;438250;22.21;Vervaardiging van platen, folie, buizen en profielen van kunststof;Overige industrie;Rubber- en kunstofverw. Industrie;CO2;0.57672;3.063;2.010644;1.185547;1.865196;1.402188;0.80686;0.0;0.834549;Overig;13.223488;13.223488;Overige;1;Gray;2024;BU17400000;GM1740;4041.0;4041CL;BU17400000;GM1740;4041.0;4041CL;BU17400000;GM1740;4041.0;4041CL;False;False;False;51.932545623126295;5.587856275966481;WarmteAtlas:CO2EmissieBedrijven;;;
1489;NL;;64641;Kamp Coating Apeldoorn BV;Apeldoorn;Curacao;7332BL;15;;196100;466400;25.61;Oppervlaktebehandeling en bekleding van metaal;Overige industrie;Metaalelektro;CO2;0.0;0.0;0.0;1.003904;0.0;0.0;1.389057;0.0;0.0;Metaalelektro;0.0;0.0;Overige;0;Gray;2024;BU02000409;GM0200;7332.0;7332BL;BU02000409;GM0200;7332.0;7332BL;BU02000409;GM0200;7332.0;7332BL;False;False;False;52.1842001475115;5.988176406858658;WarmteAtlas:CO2EmissieBedrijven;;;
1490;NL;;64701;Steenfabriek De Rijswaard BV;Aalst;De Rijswaard;5308LV;2;;138150;420050;23.32;Vervaardiging van keramische producten voor de bouw (geen tegels en plavuizen);Overige industrie;Bouwmaterialenindustrie;CO2;19.13208;0.0;0.0;27.738;32.0757;32.9813;30.4122;25.7512;21.717;Bouwmaterialenindustrie;327.142058;327.142058;BouwMaterialen;3;SandyBrown;2024;BU02970105;GM0297;5308.0;5308LV;BU02970105;GM0297;5308.0;5308LV;BU02970105;GM0297;5308.0;5308LV;False;False;False;51.7688757964505;5.143090011078549;WarmteAtlas:CO2EmissieBedrijven;;;
1491;NL;;64703;B.V. Steenfabriek Huissenswaard;Angeren;Scherpekamp;6687ML;3;;196100;436150;23.32;Vervaardiging van keramische producten voor de bouw (geen tegels en plavuizen);Overige industrie;Bouwmaterialenindustrie;CO2;23.66148;0.0;15.923;19.295367;22.697;25.112;24.866;19.419393;18.642356;Bouwmaterialenindustrie;280.826022;280.826022;BouwMaterialen;2;SandyBrown;2024;BU17050401;GM1705;6687.0;6687LP;BU17050401;GM1705;6687.0;6687LP;BU17050401;GM1705;6687.0;6687LP;False;False;False;51.91232282515996;5.984536588154081;WarmteAtlas:CO2EmissieBedrijven;;;
1492;NL;;64710;Steenfabriek De Waalwaard BV;Dodewaard;Waalbandijk;6669MC;69;;174350;434590;23.32;Vervaardiging van keramische producten voor de bouw (geen tegels en plavuizen);Overige industrie;Bouwmaterialenindustrie;CO2;9.98088;0.0;0.0;0.0;0.0;0.0;0.0;0.0;0.0;Bouwmaterialenindustrie;0.0;0.0;BouwMaterialen;0;SandyBrown;2024;BU17400208;GM1740;6669.0;6669MC;BU17400208;GM1740;6669.0;6669MC;BU17400208;GM1740;6669.0;6669MC;False;False;False;51.89948337131681;5.668347122709949;WarmteAtlas:CO2EmissieBedrijven;;;
1493;NL;;64712;Steenfabriek Druten BV;Druten;Waalbandijk;6651KB;143;;169180;434170;23.32;Vervaardiging van keramische producten voor de bouw (geen tegels en plavuizen);Overige industrie;Bouwmaterialenindustrie;CO2;13.24288;0.0;0.0;0.0;0.0;0.0;0.0;0.0;0.0;Bouwmaterialenindustrie;0.0;0.0;BouwMaterialen;0;SandyBrown;2024;BU02250006;GM0225;6651.0;6651KD;BU02250001;GM0225;6651.0;6651KD;BU02250001;GM0225;6651.0;6651KD;True;False;False;51.89586415863375;5.593213186107541;WarmteAtlas:CO2EmissieBedrijven;;;
1494;NL;;64713;Wienerberger Steenfabriek Schipperswaard;Echteld;Prins Willemsweg;4054ME;1;;161250;433720;23.32;Vervaardiging van keramische producten voor de bouw (geen tegels en plavuizen);Overige industrie;Bouwmaterialenindustrie;CO2;13.5758;0.0;7.155;4.857;8.405568;10.051103;8.734663;5.106629;0.0;Bouwmaterialenindustrie;0.0;0.0;BouwMaterialen;0;SandyBrown;2024;BU17400107;GM1740;4054.0;4054ME;BU17400107;GM1740;4054.0;4054ME;BU17400107;GM1740;4054.0;4054ME;False;False;False;51.891965132872755;5.47799618320268;WarmteAtlas:CO2EmissieBedrijven;;;
1495;NL;;64715;Wienerberger Steenfabriek Erlecom;Erlecom;Erlecomsedam;6577JE;110;;194676;429274;23.32;Vervaardiging van keramische producten voor de bouw (geen tegels en plavuizen);Overige industrie;Bouwmaterialenindustrie;CO2;21.35892;0.0;13.648;15.666;13.216637;12.754248;13.010237;12.435131;6.600066;Bouwmaterialenindustrie;99.422534;99.422534;BouwMaterialen;2;SandyBrown;2024;BU19450400;GM1945;6577.0;6577JE;BU19450400;GM1945;6577.0;6577JE;BU19450400;GM1945;6577.0;6577JE;False;False;False;51.85062524775998;5.963049780620714;WarmteAtlas:CO2EmissieBedrijven;;;
1496;NL;;64718;Rodruza Steenfabriek de Zandberg;Gendt;Polder;6691ME;8;;195162;430027;23.32;Vervaardiging van keramische producten voor de bouw (geen tegels en plavuizen);Overige industrie;Bouwmaterialenindustrie;CO2;10.65792;0.0;8.722813;13.483;14.11;15.26;14.736;10.526;7.14;Bouwmaterialenindustrie;107.55603;107.55603;BouwMaterialen;2;SandyBrown;2024;BU17050105;GM1705;6691.0;6691ME;BU17050105;GM1705;6691.0;6691ME;BU17050105;GM1705;6691.0;6691ME;False;False;False;51.8573583542483;5.970190772178765;WarmteAtlas:CO2EmissieBedrijven;;;
1497;NL;;64719;Wienerberger Steenfabriek Haaften;Haaften;Crob;4175LR;3;;141400;425550;23.32;Vervaardiging van keramische producten voor de bouw (geen tegels en plavuizen);Overige industrie;Bouwmaterialenindustrie;CO2;26.91948;0.0;16.694;14.597;16.504762;15.024878;16.318023;13.355056;11.181039;Bouwmaterialenindustrie;168.429714;168.429714;BouwMaterialen;2;SandyBrown;2024;BU19600509;GM1960;4175.0;4175LR;BU19600509;GM1960;4175.0;4175LR;BU19600509;GM1960;4175.0;4175LR;False;False;False;51.81840022420747;5.189957743131192;WarmteAtlas:CO2EmissieBedrijven;;;
1498;NL;;64725;Wienerberger Steenfabriek Heteren;Heteren;Steenoord;6666LG;16;;179550;442300;23.32;Vervaardiging van keramische producten voor de bouw (geen tegels en plavuizen);Overige industrie;Bouwmaterialenindustrie;CO2;9.126768;0.0;9.242;9.03;8.552009;8.730506;8.406662;7.918439;7.784995;Bouwmaterialenindustrie;117.272146;117.272146;BouwMaterialen;2;SandyBrown;2024;BU17341601;GM1734;6666.0;6666LG;BU17341601;GM1734;6666.0;6666LG;BU17341601;GM1734;6666.0;6666LG;False;False;False;51.968576361063356;5.744449921949804;WarmteAtlas:CO2EmissieBedrijven;;;
1499;NL;;64728;Terca Baksteen BV (Hurwenen);Hurwenen;Waaldijk;5327AC;5;;150480;425300;23.32;Vervaardiging van keramische producten voor de bouw (geen tegels en plavuizen);Overige industrie;Bouwmaterialenindustrie;CO2;14.4828;0.0;0.0;0.0;0.0;0.0;0.0;0.0;0.0;Bouwmaterialenindustrie;0.0;0.0;BouwMaterialen;0;SandyBrown;2024;BU02630401;GM0263;5327.0;5327AC;BU02630401;GM0263;5327.0;5327AC;BU02630401;GM0263;5327.0;5327AC;False;False;False;51.81630041789866;5.32165056916535;WarmteAtlas:CO2EmissieBedrijven;;;
1500;NL;;64732;Vlamovensteenfabriek De Koppenwaard BV;Lathum;Koppenwaard;6988BR;1;;198010;445370;23.32;Vervaardiging van keramische producten voor de bouw (geen tegels en plavuizen);Overige industrie;Bouwmaterialenindustrie;CO2;4.76064;0.0;0.0;0.0;0.0;0.0;0.0;0.0;0.0;Bouwmaterialenindustrie;0.0;0.0;BouwMaterialen;0;SandyBrown;2024;BU02990301;GM0299;6988.0;6988BR;BU02990301;GM0299;6988.0;6988BR;BU02990301;GM0299;6988.0;6988BR;False;False;False;51.995045673540915;6.013449646950266;WarmteAtlas:CO2EmissieBedrijven;;;
1501;NL;;64735;AGC Flat Glass Nederland BV;Tiel;Panovenweg;4004JE;21;;158913;435875;23.11;Vervaardiging van vlakglas;Overige industrie;Bouwmaterialenindustrie;CO2;113.03904;0.0;119.743631;0.0;0.0;0.0;0.0;0.0;0.0;Bouwmaterialenindustrie;0.0;0.0;BouwMaterialen;0;SandyBrown;2024;BU02810109;GM0281;4004.0;4004JE;BU02810109;GM0281;4004.0;4004JE;BU02810109;GM0281;4004.0;4004JE;False;False;False;51.91135623192159;5.444071211367792;WarmteAtlas:CO2EmissieBedrijven;;;
1502;NL;;64738;Terca, Fabriek Ochten;Ochten;Bonegraafseweg;4051CH;6;;168030;436010;23.32;Vervaardiging van keramische producten voor de bouw (geen tegels en plavuizen);Overige industrie;Bouwmaterialenindustrie;CO2;11.676;0.0;0.0;0.0;0.0;0.0;0.0;0.0;0.0;Bouwmaterialenindustrie;0.0;0.0;BouwMaterialen;0;SandyBrown;2024;BU17400100;GM1740;4051.0;4051CC;BU17400100;GM1740;4051.0;4051CC;BU17400100;GM1740;4051.0;4051CC;False;False;False;51.91243063304604;5.576575499410013;WarmteAtlas:CO2EmissieBedrijven;;;
1503;NL;;64739;Wienerberger Steenfabriek Doorwerth;Doorwerth;Fonteinallee;6865ND;22;;182040;441617;23.32;Vervaardiging van keramische producten voor de bouw (geen tegels en plavuizen);Overige industrie;Bouwmaterialenindustrie;CO2;7.80192;0.0;6.661;0.0;0.0;0.0;0.0;0.0;0.0;Bouwmaterialenindustrie;0.0;0.0;BouwMaterialen;0;SandyBrown;2024;BU02740701;GM0274;6865.0;6865ND;BU02740701;GM0274;6865.0;6865ND;BU02740701;GM0274;6865.0;6865ND;False;False;False;51.96232185335794;5.780629320487831;WarmteAtlas:CO2EmissieBedrijven;;;
1504;NL;;64740;Wienerberger Steenfabriek de Wolfswaard;Opheusden;Wolfswaard;4043JE;2;;173530;440320;23.32;Vervaardiging van keramische producten voor de bouw (geen tegels en plavuizen);Overige industrie;Bouwmaterialenindustrie;CO2;15.92352;0.0;11.602;14.359;14.349124;12.545671;12.018475;11.22628;10.012853;Bouwmaterialenindustrie;150.83231;150.83231;BouwMaterialen;2;SandyBrown;2024;BU17400008;GM1740;4043.0;4043JE;BU17400008;GM1740;4043.0;4043JE;BU17400008;GM1740;4043.0;4043JE;False;False;False;51.951013466352656;5.656742103422863;WarmteAtlas:CO2EmissieBedrijven;;;
1505;NL;;64741;Wienerberger Steenfabriek Kijfwaard Oost;Pannerden;Kijfwaard;6911KD;10;;201171;431942;23.32;Vervaardiging van keramische producten voor de bouw (geen tegels en plavuizen);Overige industrie;Bouwmaterialenindustrie;CO2;16.64808;0.0;12.759;12.211;12.775211;13.186474;12.384593;10.759327;9.099632;Bouwmaterialenindustrie;137.075664;137.075664;BouwMaterialen;2;SandyBrown;2024;BU02990601;GM0299;6911.0;6911KD;BU02990601;GM0299;6911.0;6911KD;BU02990601;GM0299;6911.0;6911KD;False;False;False;51.874104403325866;6.057668025558739;WarmteAtlas:CO2EmissieBedrijven;;;
1506;NL;;64744;Steenfabriek Rossum B.V.;Rossum;Maasweg;5328JH;1;;151750;422810;23.32;Vervaardiging van keramische producten voor de bouw (geen tegels en plavuizen);Overige industrie;Bouwmaterialenindustrie;CO2;19.13244;0.0;9.684041;15.563;17.9584;17.718;17.1854;12.704;8.9553;Bouwmaterialenindustrie;134.901472;134.901472;BouwMaterialen;2;SandyBrown;2024;BU02630408;GM0263;5328.0;5328JH;BU02630408;GM0263;5328.0;5328JH;BU02630408;GM0263;5328.0;5328JH;False;False;False;51.79392817542987;5.340092158333168;WarmteAtlas:CO2EmissieBedrijven;;;
1507;NL;;64745;Wienerberger Roodvoet B.V.;Rijswijk;Roodvoet;4023AL;4;;153900;442100;23.32;Vervaardiging van keramische producten voor de bouw (geen tegels en plavuizen);Overige industrie;Bouwmaterialenindustrie;CO2;7.73866;0.0;0.0;0.0;0.0;0.0;0.0;0.0;0.0;Bouwmaterialenindustrie;0.0;0.0;BouwMaterialen;0;SandyBrown;2024;BU02140507;GM0214;4023.0;4023AL;BU02140507;GM0214;4023.0;4023AL;BU02140507;GM0214;4023.0;4023AL;False;False;False;51.967320712672596;5.371196311517853;WarmteAtlas:CO2EmissieBedrijven;;;
1508;NL;;64746;Wienerberger BV (Spijk);Spijk;Spijksedijk;6917AC;2;;204871;429331;23.32;Vervaardiging van keramische producten voor de bouw (geen tegels en plavuizen);Overige industrie;Bouwmaterialenindustrie;CO2;50.62872;11.271;0.0;0.0;0.0;0.0;0.0;0.0;0.0;Bouwmaterialenindustrie;0.0;0.0;BouwMaterialen;0;SandyBrown;2024;BU02991101;GM0299;6917.0;6917AC;BU02991101;GM0299;6917.0;6917AC;BU02991101;GM0299;6917.0;6917AC;False;False;False;51.85031833723452;6.111015535582612;WarmteAtlas:CO2EmissieBedrijven;;;
1509;NL;;64748;Steenfabriek Spijk BV;Spijk;Spijksedijk;6917AD;25;;208038;429053;23.32;Vervaardiging van keramische producten voor de bouw (geen tegels en plavuizen);Overige industrie;Bouwmaterialenindustrie;CO2;0.0;0.0;32.301;24.783;27.032;27.289;0.0;22.132;15.015;Bouwmaterialenindustrie;226.184004;226.184004;BouwMaterialen;2;SandyBrown;2024;BU02991101;GM0299;6917.0;6917AD;BU02991101;GM0299;6917.0;6917AD;BU02991101;GM0299;6917.0;6917AD;False;False;False;51.84752731932659;6.156933883128;WarmteAtlas:CO2EmissieBedrijven;;;
1510;NL;;64749;Steenfabriek Tolkamer B.V.;Tolkamer;Bijland;6916KA;5;;202243;430959;23.32;Vervaardiging van keramische producten voor de bouw (geen tegels en plavuizen);Overige industrie;Bouwmaterialenindustrie;CO2;20.2344;0.0;35.56;33.695;25.644;28.51;25.717;24.243;25.005;Bouwmaterialenindustrie;376.672062;376.672062;BouwMaterialen;3;SandyBrown;2024;BU02991001;GM0299;6916.0;6916KA;BU02991001;GM0299;6916.0;6916KA;BU02991001;GM0299;6916.0;6916KA;False;False;False;51.8651794884187;6.0730991565771815;WarmteAtlas:CO2EmissieBedrijven;;;
1511;NL;;64752;Teewen BV (Vuren);Vuren;Waaldijk Fabriek;5930AA;5;;131440;425770;23.32;Vervaardiging van keramische producten voor de bouw (geen tegels en plavuizen);Overige industrie;Bouwmaterialenindustrie;CO2;11.084064;0.0;0.0;0.0;0.0;0.0;0.0;0.0;0.0;Bouwmaterialenindustrie;0.0;0.0;BouwMaterialen;0;SandyBrown;2024;BU19601000;GM1960;4214.0;4214LN;BU19601000;GM1960;4214.0;4214LN;BU19601000;GM1960;4214.0;4214LN;False;False;False;51.82004610666429;5.045492077730239;WarmteAtlas:CO2EmissieBedrijven;;;
1512;NL;;64756;Wienerberger B.V. Steenfabriek De Vlijt;Winterswijk;Misterweg;7102EP;174;;244590;442300;23.32;Vervaardiging van keramische producten voor de bouw (geen tegels en plavuizen);Overige industrie;Bouwmaterialenindustrie;CO2;8.09664;11.824;0.0;9.051;6.946969;7.456829;6.097071;0.0;0.0;Bouwmaterialenindustrie;0.0;0.0;BouwMaterialen;0;SandyBrown;2024;BU02940120;GM0294;7102.0;7102EN;BU02940120;GM0294;7102.0;7102EN;BU02940120;GM0294;7102.0;7102EN;False;False;False;51.961893067312914;6.6907509211383775;WarmteAtlas:CO2EmissieBedrijven;;;
1513;NL;;64759;Wienerberger Steenfabriek Zennewijnen;Zennewijnen;Waalbandijk;4062PR;18;;157100;430620;23.32;Vervaardiging van keramische producten voor de bouw (geen tegels en plavuizen);Overige industrie;Bouwmaterialenindustrie;CO2;11.769408;0.0;8.71;11.977;15.651579;15.475307;14.266582;12.442516;12.191043;Bouwmaterialenindustrie;183.64429;183.64429;BouwMaterialen;2;SandyBrown;2024;BU02810305;GM0281;4062.0;4062PR;BU02810305;GM0281;4062.0;4062PR;BU02810305;GM0281;4062.0;4062PR;False;False;False;51.86413261700091;5.417690231924626;WarmteAtlas:CO2EmissieBedrijven;;;
1514;NL;;64841;Caretex;Apeldoorn;Laan v Orden;7312KX;316;;192130;468330;96.01;Reinigen van kleding en textiel;Handel, Diensten en Overheid (HDO);Energiegebruik en processen Handel, Diensten en Overheid (HDO);CO2;0.0;0.0;0.0;0.0;0.0;0.0;0.0;0.0;0.0;Overig;0.0;0.0;Overige;0;Gray;2024;BU02000206;GM0200;7312.0;7312KB;BU02000206;GM0200;7312.0;7312KB;BU02000206;GM0200;7312.0;7312KB;False;False;False;52.20182751063246;5.930340238996252;WarmteAtlas:CO2EmissieBedrijven;;;
1515;NL;;65;PQ Silicas BV (Eijsden);Eijsden;Ingenieur Rocourstraat;6245AD;28;;177992;308935;20.13;Vervaardiging van overige anorganische basischemicaliën;Chemische Industrie;Chemische Industrie basisproducten;CO2;26.448732;34.138;31.992;25.359221;21.335619;20.987691;17.342303;16.066783;19.200441;Chemische Industrie;260.732184;260.732184;Chemie;2;Magenta;2024;BU19030002;GM1903;6245.0;6245AB;BU19030002;GM1903;6245.0;6245AB;BU19030002;GM1903;6245.0;6245AB;False;False;False;50.76989035500471;5.713103503081284;WarmteAtlas:CO2EmissieBedrijven;;;
1516;NL;;65214;Annevelink Meubelfabriek BV;Brummen;Hazenberg;6971LC;18;;207050;456420;31.09;Vervaardiging van overige meubels;Overige industrie;Industrie overig;CO2;1.127952;0.0;0.0;0.0;0.0;0.0;0.0;0.0;0.0;Overig;0.0;0.0;Overige;0;Gray;2024;BU02130310;GM0213;6971.0;6971LC;BU02130310;GM0213;6971.0;6971LC;BU02130310;GM0213;6971.0;6971LC;False;False;False;52.09358264535069;6.146749751374077;WarmteAtlas:CO2EmissieBedrijven;;;
1517;NL;;65701;Xella Nederland BV;Vuren;Waaldijk;4214LC;97;;132350;426150;23.60;Vervaardiging van produkten van beton, cement en gips;Overige industrie;Bouwmaterialenindustrie;CO2;0.8064;0.0;0.0;0.0;0.0;0.0;0.0;0.0;0.0;Bouwmaterialenindustrie;0.0;0.0;BouwMaterialen;0;SandyBrown;2024;BU19601000;GM1960;4214.0;4214LC;BU19601000;GM1960;4214.0;4214LC;BU19601000;GM1960;4214.0;4214LC;False;False;False;51.82349931265969;5.058665463367635;WarmteAtlas:CO2EmissieBedrijven;;;
1518;NL;;65735;Steenfabriek Vogelensangh BV;Deest;Munnikhofsestraat;6653AB;33;;174820;433550;23.32;Vervaardiging van keramische producten voor de bouw (geen tegels en plavuizen);Overige industrie;Bouwmaterialenindustrie;CO2;2.21184;0.0;0.0;3.461046;3.383675;3.089153;3.423219;3.324138;3.151318;Bouwmaterialenindustrie;47.471044;47.471044;BouwMaterialen;2;SandyBrown;2024;BU02250301;GM0225;6653.0;6653AB;BU02250303;GM0225;6653.0;6653AB;BU02250303;GM0225;6653.0;6653AB;True;False;False;51.89011910681022;5.675115985548353;WarmteAtlas:CO2EmissieBedrijven;;;
1519;NL;;65738;Asfalt Centrale Harderwijk (ACH);Harderwijk;Havendijk;3846AD;12;;170978;485232;23.00;Vervaardiging van overige niet-metaalhoudende minerale producten;Overige industrie;Bouwmaterialenindustrie;CO2;3.76896;0.0;0.0;0.0;0.0;0.0;0.0;0.0;0.0;Bouwmaterialenindustrie;0.0;0.0;BouwMaterialen;0;SandyBrown;2024;BU02430203;GM0243;3846.0;3846AE;BU02430203;GM0243;3846.0;3846HK;BU02430203;GM0243;3846.0;3846HK;False;False;False;52.354755568970624;5.621733938075844;WarmteAtlas:CO2EmissieBedrijven;;;
1520;NL;;65777;Wienerberger Steenfabriek Kijfwaard West;Pannerden;Kijfwaard;6911KE;10;;200098;432128;23.32;Vervaardiging van keramische producten voor de bouw (geen tegels en plavuizen);Overige industrie;Bouwmaterialenindustrie;CO2;14.02076;0.0;25.04;22.44;26.514292;24.419982;24.985488;21.340836;13.725805;Bouwmaterialenindustrie;206.763731;206.763731;BouwMaterialen;2;SandyBrown;2024;BU02990601;GM0299;6911.0;6911KE;BU02990601;GM0299;6911.0;6911KE;BU02990601;GM0299;6911.0;6911KE;False;False;False;51.875864077617464;6.042111932951602;WarmteAtlas:CO2EmissieBedrijven;;;
1521;NL;;66;Marsna Paper BV;Meerssen;Weert;6231SB;78;;179470;321660;17.12.9;Vervaardiging van papier en karton (geen grafisch en niet voor verpakking);Overige industrie;Papier(waren);CO2;17.7215;18.996;5.027067;2.691702;2.538825;1.850002;0.0;0.0;0.0;Papier(waren);0.0;0.0;Papier;0;White;2024;BU09380002;GM0938;6231.0;6231SB;BU09380002;GM0938;6231.0;6231SB;BU09380002;GM0938;6231.0;6231SB;False;False;False;50.88420966280686;5.734910398548534;WarmteAtlas:CO2EmissieBedrijven;;;
1522;NL;;66001;Sibelco Winterswijk;Winterswijk;Steengroeveweg;7101PH;50;;250500;442990;08.99;Winning van overige delfstoffen n.e.g.;Bouw;Overig bouw;CO2;7.81532;0.0;5.267342;3.868135;3.810346;4.422769;3.26045;1.835946;2.05703;Overig;32.593785;32.593785;Overige;2;Gray;2024;BU02940103;GM0294;7101.0;7101PH;BU02940103;GM0294;7101.0;7101PH;BU02940103;GM0294;7101.0;7101PH;False;False;False;51.96710886371605;6.776910938346228;WarmteAtlas:CO2EmissieBedrijven;;;
1523;NL;;66002;Bruil infra bv;Wageningen;Pabstsendam;6701PC;14;;173650;441450;23.00;Vervaardiging van overige niet-metaalhoudende minerale producten;Overige industrie;Bouwmaterialenindustrie;CO2;1.814016;0.0;0.0;0.0;0.0;0.0;0.0;0.0;0.0;Bouwmaterialenindustrie;0.0;0.0;BouwMaterialen;0;SandyBrown;2024;BU02890802;GM0289;6701.0;6701PC;BU02890802;GM0289;6701.0;6701PC;BU02890802;GM0289;6701.0;6701PC;False;False;False;51.961166029160196;5.658549043802206;WarmteAtlas:CO2EmissieBedrijven;;;
1524;NL;;66003;Kalkzandsteenindustrie Loevestein BV;Vuren;Waaldijk;4214LC;97;;132480;426250;23.60;Vervaardiging van produkten van beton, cement en gips;Overige industrie;Bouwmaterialenindustrie;CO2;9.558;0.0;0.0;0.0;0.0;0.0;0.0;0.0;0.0;Bouwmaterialenindustrie;0.0;0.0;BouwMaterialen;0;SandyBrown;2024;BU19601000;GM1960;4214.0;4214LC;BU19601000;GM1960;4214.0;4214LC;BU19601000;GM1960;4214.0;4214LC;False;False;False;51.824403398139;5.060544563488577;WarmteAtlas:CO2EmissieBedrijven;;;
1525;NL;;66201;Neenah Coldenhove B.V.;Eerbeek;D.W. van Vreeswijklaan;6961LG;9;;200800;456700;17.12.1;Vervaardiging van grafisch papier en karton;Overige industrie;Papier(waren);CO2;0.0;18.585;15.183663;10.119974;8.235454;10.342997;8.766304;7.882919;8.559779;Papier(waren);135.630296;135.630296;Papier;2;White;2024;BU02130606;GM0213;6961.0;6961GH;BU02130606;GM0213;6961.0;6961GH;BU02130606;GM0213;6961.0;6961GH;False;False;False;52.096651800574996;6.055589781967905;WarmteAtlas:CO2EmissieBedrijven;;;
1526;NL;;66205;Neproma BV;Arnhem;P. Calandweg;6827BK;2;;193000;443040;96.01;Reinigen van kleding en textiel;Handel, Diensten en Overheid (HDO);Energiegebruik en processen Handel, Diensten en Overheid (HDO);CO2;0.0;0.0;0.0;0.0;0.0;0.0;0.0;0.0;0.0;Overig;0.0;0.0;Overige;0;Gray;2024;BU02020322;GM0202;6827.0;6827BP;BU02020322;GM0202;6827.0;6827BP;BU02020322;GM0202;6827.0;6827BP;False;False;False;51.974469769656935;5.940246682728355;WarmteAtlas:CO2EmissieBedrijven;;;
1527;NL;;66206;TANATEX Chemicals BV;Ede;Einsteinstraat;6716AC;11;;172680;448950;20.59;Vervaardiging van overige chemische producten n.e.g.;Chemische Industrie;Chemische Industrie overig;CO2;0.0;0.889538;0.852874;0.5964;0.663987;0.804858;0.832932;0.580278;0.519527;Chemische Industrie;7.054911;7.054911;Chemie;1;Magenta;2024;BU02281301;GM0228;6716.0;6716AD;BU02281301;GM0228;6716.0;6716AD;BU02281301;GM0228;6716.0;6716AD;False;False;False;52.02860837580613;5.644823545394498;WarmteAtlas:CO2EmissieBedrijven;;;
1528;NL;;66209;Van Voorden Foundry B.V.;Zaltbommel;Bossekamp;5301LZ;6;;147046;423035;24.51;Gieten van ijzer;Overige industrie;Basismetaal;CO2;0.0;0.0;0.0;0.0;0.46;0.0;0.0;0.0;0.0;Basismetaal;0.0;0.0;Basismetaal;0;Black;2024;BU02970208;GM0297;5301.0;5301LZ;BU02970208;GM0297;5301.0;5301LZ;BU02970208;GM0297;5301.0;5301LZ;False;False;False;51.79590345051592;5.271900761918905;WarmteAtlas:CO2EmissieBedrijven;;;
1529;NL;;66210;Recycling Barneveld BV;Barneveld;Hanzeweg;3771NG;7;;170010;464500;38.21;Behandeling van onschadelijk afval;Afvalverwijdering;Overige afvalbedrijven;CO2;0.0;0.092;0.0;0.0;0.0;0.0;0.0;0.0;0.0;Overig;0.0;0.0;Afval;0;Maroon;2024;BU02035426;GM0203;3771.0;3771NG;BU02035426;GM0203;3771.0;3771NG;BU02035426;GM0203;3771.0;3771NG;False;False;False;52.168449876268205;5.606603900645748;WarmteAtlas:CO2EmissieBedrijven;;;
1530;NL;;66220;Smart Packaging Solutions B.V.;Loenen;Kanaal Zuid;7371GL;492;;199900;460500;17.21.1;Vervaardiging van verpakkingsmiddelen van papier en karton;Overige industrie;Papier(waren);CO2;0.0;9.95;13.263006;12.662719;13.66061;13.827328;15.005025;13.120938;13.630854;Papier(waren);215.981842;215.981842;Papier;2;White;2024;BU02001303;GM0200;7371.0;7371GC;BU02001303;GM0200;7371.0;7371GC;BU02001303;GM0200;7371.0;7371GC;False;False;False;52.13087811904158;6.0429575582369575;WarmteAtlas:CO2EmissieBedrijven;;;
1531;NL;;66224;Wienerberger Dakpannenfabriek Narvik Deest;Deest;Munnikhofsestraat;6653AD;4;;174810;433654;23.32;Vervaardiging van keramische producten voor de bouw (geen tegels en plavuizen);Overige industrie;Bouwmaterialenindustrie;CO2;0.0;0.0;14.995262;8.143;7.299954;9.334591;9.564435;9.383396;8.945831;Bouwmaterialenindustrie;134.758835;134.758835;BouwMaterialen;2;SandyBrown;2024;BU02250301;GM0225;6653.0;6653AD;BU02250303;GM0225;6653.0;6653AD;BU02250303;GM0225;6653.0;6653AD;True;False;False;51.891054235026225;5.674976707867451;WarmteAtlas:CO2EmissieBedrijven;;;
1532;NL;;66225;Zilverschoon Restauratiesteen Randwijk B.V.;Heteren;Renkumseveerweg;6666LE;3;;178550;441990;23.32;Vervaardiging van keramische producten voor de bouw (geen tegels en plavuizen);Overige industrie;Bouwmaterialenindustrie;CO2;0.0;0.0;0.0;0.0;0.0;0.0;0.718912;0.0;0.0;Bouwmaterialenindustrie;0.0;0.0;BouwMaterialen;0;SandyBrown;2024;BU17341601;GM1734;6666.0;6666LE;BU17341601;GM1734;6666.0;6666LE;BU17341601;GM1734;6666.0;6666LE;False;False;False;51.96583338216179;5.729877071108631;WarmteAtlas:CO2EmissieBedrijven;;;
1533;NL;;66239;Mead Johnson BV;Nijmegen;Middenkampweg;6545CJ;2;;184009;428432;10.86;Vervaardiging van gehomogeniseerde voedingspreparaten en dieetvoeding;Overige industrie;Voedings- en genotmiddelenindustrie;CO2;0.0;5.767;6.914127;0.0;10.963;9.825;11.177816;8.502805;8.472661;Voedings- en genotmiddelenindustrie;132.210656;132.210656;Voeding;2;Green;2024;BU02680847;GM0268;6545.0;6545CJ;BU02680847;GM0268;6545.0;6545CJ;BU02680847;GM0268;6545.0;6545CJ;False;False;False;51.84371475328503;5.808165595497289;WarmteAtlas:CO2EmissieBedrijven;;;
1534;NL;;66248;Loparex BV;Apeldoorn;Laan van Westenenk;7336AZ;45;;193050;467151;17.12.9;Vervaardiging van papier en karton (geen grafisch en niet voor verpakking);Overige industrie;Papier(waren);CO2;0.0;0.0;1.854089;6.49;4.536093;4.946558;4.449806;5.075656;3.211089;Papier(waren);50.879931;50.879931;Papier;2;White;2024;BU02000307;GM0200;7336.0;7336AZ;BU02000307;GM0200;7336.0;7336AZ;BU02000307;GM0200;7336.0;7336AZ;False;False;False;52.1911685227858;5.94366502718978;WarmteAtlas:CO2EmissieBedrijven;;;
1535;NL;;66253;Stichting Mestverwerking Gelderland SMG (KGBI Stroe);Stroe;Heetkamperweg;3776LW;6;;176502;465210;38.21;Behandeling van onschadelijk afval;Afvalverwijdering;AVI's;CO2;0.0;0.0;2.83444;3.57725;3.92064;3.80861;3.58527;3.51164;3.99982;Overig;63.37743;63.37743;Afval;2;Maroon;2024;BU02035960;GM0203;3776.0;3776LW;BU02035960;GM0203;3776.0;3776LW;BU02035960;GM0203;3776.0;3776LW;False;False;False;52.17461645799073;5.701540935066983;WarmteAtlas:CO2EmissieBedrijven;;;
1536;NL;;66321;Minnewit BV (Berkelcentrale);Borculo;Oude Needseweg;7271AD;3;;233221;459494;35.11.3;Productie van elektriciteit door zonnecellen, warmtepompen en waterkracht;Energiesector;Opwekking electriciteit;CO2;0.0;203.246;125.802;0.0;0.0;0.0;0.0;0.0;0.0;Opwekking electriciteit;0.0;0.0;Energy;0;Yellow;2024;BU18590013;GM1859;7271.0;7271AD;BU18590013;GM1859;7271.0;7271AD;BU18590013;GM1859;7271.0;7271AD;False;False;False;52.11812679303836;6.529298985304839;WarmteAtlas:CO2EmissieBedrijven;;;
1537;NL;;66322;Industriewater Eerbeek BV;Eerbeek;Kanaalweg;6961LW;8;a;202500;458250;37.00;Afvalwaterinzameling en -behandeling;Riolering en waterzuiveringsinstallaties;Energiegebruik en processen Riolering en waterzuiveringsinstallaties;CO2;0.0;0.0;0.0;0.0;0.0;0.0;4.799733;2.408348;1.514423;Overig;23.996139;23.996139;RWZI;1;Bleu;2024;BU02130609;GM0213;6961.0;6961LW;BU02130609;GM0213;6961.0;6961LW;BU02130609;GM0213;6961.0;6961LW;False;False;False;52.11043903551227;6.08061332789939;WarmteAtlas:CO2EmissieBedrijven;;;
1538;NL;;66323;Stichting Mestverwerking Gelderland SMG (KGBI Ede);Ede;Kade;6718XG;5;a;169982;450431;38.21;Behandeling van onschadelijk afval;Afvalverwijdering;AVI's;CO2;0.0;0.0;3.05093;3.9909;3.67916;4.10639;4.23965;3.72939;3.76257;Overig;59.618187;59.618187;Afval;2;Maroon;2024;BU02281306;GM0228;6718.0;6718XG;BU02281306;GM0228;6718.0;6718XG;BU02281306;GM0228;6718.0;6718XG;False;False;False;52.04199919551284;5.605575434587983;WarmteAtlas:CO2EmissieBedrijven;;;
1539;NL;;66325;Stichting Mestverwerking Gelderland SMG (KGBI Elspeet);Elspeet;Schaarweg;8075PC;11;;180881;475989;38.21;Behandeling van onschadelijk afval;Chemische Industrie;Chemische Industrie kunstmeststoffen;CO2;0.0;0.0;2.4573;3.04437;2.93731;3.00761;3.190992;2.85817;3.27625;Chemische Industrie;44.489802;44.489802;Chemie;2;Magenta;2024;BU03020108;GM0302;8075.0;8075PC;BU03020108;GM0302;8075.0;8075PC;BU03020108;GM0302;8075.0;8075PC;False;False;False;52.271306461512076;5.766380467911989;WarmteAtlas:CO2EmissieBedrijven;;;
1540;NL;;66326;Stichting Mestverwerking Gelderland SMG (KGBI Putten);Putten;Knardersteeg;3882RL;5;;165512;475595;38.21;Behandeling van onschadelijk afval;Chemische Industrie;Chemische Industrie kunstmeststoffen;CO2;0.0;0.0;2.60046;3.63676;3.7337;3.93226;3.22383;3.07086;4.3849;Chemische Industrie;59.544703;59.544703;Chemie;2;Magenta;2024;BU02730009;GM0273;3882.0;3882RL;BU02730009;GM0273;3882.0;3882RL;BU02730009;GM0273;3882.0;3882RL;False;False;False;52.26827356246522;5.541201889818815;WarmteAtlas:CO2EmissieBedrijven;;;
1541;NL;;66355;PFW Aroma Chemicals BV;Barneveld;Veemweg;3771MT;29;- 31;168109;464271;20.14.9;Vervaardiging van organische basischemicaliën (geen petrochemische producten);Chemische Industrie;Chemische Industrie basisproducten;CO2;0.0;1.1427;1.26;1.26;0.0;0.0;0.0;0.0;0.0;Chemische Industrie;0.0;0.0;Chemie;0;Magenta;2024;BU02035425;GM0203;3771.0;3771ME;BU02035425;GM0203;3771.0;3771ME;BU02035425;GM0203;3771.0;3771ME;False;False;False;52.16644009243844;5.578808400292555;WarmteAtlas:CO2EmissieBedrijven;;;
1542;NL;;66356;Hercules European Research Centra;Barneveld;Nijverheidsweg;3771ME;60;;168000;464350;20.16;Vervaardiging van kunststof in primaire vorm;Chemische Industrie;Chemische Industrie basisproducten;CO2;0.0;0.62;0.0;0.0;0.0;0.0;0.0;0.0;0.0;Chemische Industrie;0.0;0.0;Chemie;0;Magenta;2024;BU02035425;GM0203;3771.0;3771MB;BU02035425;GM0203;3771.0;3771MB;BU02035425;GM0203;3771.0;3771MB;False;False;False;52.167152712939384;5.577218260770093;WarmteAtlas:CO2EmissieBedrijven;;;
1543;NL;;68;Koninklijke Sphinx BV Gustavsberg;Maastricht;Boschstraat;6211AX;24;;176280;318500;23.42;Vervaardiging van sanitair aardewerk;Overige industrie;Bouwmaterialenindustrie;CO2;8.91648;0.0;0.0;0.0;0.0;0.0;0.0;0.0;0.0;Bouwmaterialenindustrie;0.0;0.0;BouwMaterialen;0;SandyBrown;2024;BU09350003;GM0935;6211.0;6211XX;BU09350003;GM0935;6211.0;6211XX;BU09350003;GM0935;6211.0;6211XX;False;False;False;50.85593286328213;5.689396592168603;WarmteAtlas:CO2EmissieBedrijven;;;
1544;NL;;69029;Galvaniseerbedrijf De Vries B.V.;Vaassen;Aalbosweg;8171MA;29;- 31;195880;479350;25.61;Oppervlaktebehandeling en bekleding van metaal;Overige industrie;Metaalelektro;CO2;0.0;0.0;0.0;0.0;0.0;0.129415;0.111;0.0;0.0;Metaalelektro;0.0;0.0;Overige;0;Gray;2024;BU02320210;GM0232;8171.0;8171MA;BU02320210;GM0232;8171.0;8171MA;BU02320210;GM0232;8171.0;8171MA;False;False;False;52.30060318176383;5.98652513718521;WarmteAtlas:CO2EmissieBedrijven;;;
1545;NL;;69030;Storteboom Fresh BV (Putten);Putten;Voorthuizerstraat;3881SL;148;;170057;473284;10.12;Pluimveeslachterijen;Overige industrie;Voedings- en genotmiddelenindustrie;CO2;0.0;0.0;0.0;0.0;3.576182;0.0;0.0;0.0;0.0;Voedings- en genotmiddelenindustrie;0.0;0.0;Voeding;0;Green;2024;BU02730006;GM0273;3881.0;3881SL;BU02730006;GM0273;3881.0;3881SL;BU02730006;GM0273;3881.0;3881SL;False;False;False;52.24739734735031;5.6076814842846;WarmteAtlas:CO2EmissieBedrijven;;;
1546;NL;;69033;Vika BV;Ede;Nizolaan;6710ED;4;;174830;451600;10.51;Vervaardiging van zuivelproducten (geen consumptie-ijs);Overige industrie;Voedings- en genotmiddelenindustrie;CO2;0.0;2.352;1.340378;2.40147;0.0;0.0;0.0;0.0;0.0;Voedings- en genotmiddelenindustrie;0.0;0.0;Voeding;0;Green;2024;BU02280102;GM0228;6718.0;6718ZM;BU02280102;GM0228;6718.0;6718ZM;BU02280102;GM0228;6718.0;6718ZM;False;False;False;52.05235381106611;5.676305296961736;WarmteAtlas:CO2EmissieBedrijven;;;
1547;NL;;69040;Frico Cheese BV (Markelo);Markelo;Grotestraat;7475ZG;2;;230636;472452;10.50;Vervaardiging van zuivelprodukten;Overige industrie;Voedings- en genotmiddelenindustrie;CO2;0.0;0.765;0.0;0.0;0.0;0.0;0.0;0.0;0.0;Voedings- en genotmiddelenindustrie;0.0;0.0;Voeding;0;Green;2024;BU17350200;GM1735;7475.0;7475AX;BU17350200;GM1735;7475.0;7475AX;BU17350200;GM1735;7475.0;7475AX;False;False;False;52.234933916408195;6.49445044662378;WarmteAtlas:CO2EmissieBedrijven;;;
1548;NL;;69057;Verzinkerij Dieren BV;Spankeren;Kanaaldijk;6956AX;40;;204650;451960;25.61;Oppervlaktebehandeling en bekleding van metaal;Overige industrie;Metaalelektro;CO2;0.0;1.239;0.0;1.23;0.0;0.0;0.0;0.0;0.0;Metaalelektro;0.0;0.0;Overige;0;Gray;2024;BU02750003;GM0275;6956.0;6956AX;BU02750003;GM0275;6956.0;6956AX;BU02750003;GM0275;6956.0;6956AX;False;False;False;52.05371911844545;6.111081084538017;WarmteAtlas:CO2EmissieBedrijven;;;
1549;NL;;69065;Smit Draad;Nijmegen;Lagelandseweg;6545CC;11;;184148;428276;27.32;Vervaardiging van overige elektrische en elektronische kabel;Overige industrie;Metaalelektro;CO2;0.0;0.0;0.0;0.0;0.837836;0.780236;0.6346;0.953537;0.626725;Metaalelektro;9.857699;9.857699;Overige;1;Gray;2024;BU02680847;GM0268;6545.0;6545CC;BU02680847;GM0268;6545.0;6545CC;BU02680847;GM0268;6545.0;6545CC;False;False;False;51.842305349719766;5.810169463464698;WarmteAtlas:CO2EmissieBedrijven;;;
1550;NL;;69067;Groot Zevert Vergisting;Beltrum;Deventer Kunstweg;7156NW;2;a;237983;454729;01.61;Dienstverlening voor de akker- en/of tuinbouw;Landbouw;Landbouwbedrijven;CO2;0.0;0.0;0.0;0.0;0.0;4.19;4.43545;2.83;2.61;Overig;41.355634;41.355634;Overige;2;Gray;2024;BU18590207;GM1859;7156.0;7156NW;BU18590207;GM1859;7156.0;7156NW;BU18590207;GM1859;7156.0;7156NW;False;False;False;52.074612563609875;6.597653679175052;WarmteAtlas:CO2EmissieBedrijven;;;
751;NL;;220198;RWZI Dokkum;Dokkum;Hogedijken;9101WV;102;;197200;593000;37.00;Afvalwaterinzameling en -behandeling;Riolering en waterzuiveringsinstallaties;Energiegebruik en processen Riolering en waterzuiveringsinstallaties;CO2;1.77274;0.848423;0.510869;0.517785;0.861954;0.566059;0.719772;0.456839;0.845356;Overig;13.394719;13.394719;RWZI;1;Bleu;2024;BU19700011;GM1970;9101.0;9101RB;BU19700011;GM1970;9101.0;9101RB;BU19700011;GM1970;9101.0;9101RB;False;False;False;53.32177794558305;6.0204867130353605;WarmteAtlas:CO2EmissieBedrijven;;;
752;NL;;22020;Campina BV (Hilversum);Hilversum;Larenseweg;1221CN;34;;141300;471300;10.51;Vervaardiging van zuivelproducten (geen consumptie-ijs);Overige industrie;Voedings- en genotmiddelenindustrie;CO2;0.0;0.0;0.0;0.0;0.0;0.0;0.0;0.0;0.0;Voedings- en genotmiddelenindustrie;0.0;0.0;Voeding;0;Green;2024;BU04020602;GM0402;1221.0;1221CN;BU04020602;GM0402;1221.0;1221CN;BU04020602;GM0402;1221.0;1221CN;False;False;False;52.229601652583874;5.1866767320832725;WarmteAtlas:CO2EmissieBedrijven;;;
753;NL;;220200;RWZI Dongemond;Oosterhout;Statendamweg;4905BP;90;;117927;409666;37.00;Afvalwaterinzameling en -behandeling;Riolering en waterzuiveringsinstallaties;Energiegebruik en processen Riolering en waterzuiveringsinstallaties;CO2;2.365523;4.202825;4.10089;5.834148;6.325347;5.269742;4.680037;4.970102;4.942556;Overig;78.315152;78.315152;RWZI;2;Bleu;2024;BU08261000;GM0826;4905.0;4905BP;BU08261000;GM0826;4905.0;4905BP;BU08261000;GM0826;4905.0;4905BP;False;False;False;51.674567323885675;4.851228618328425;WarmteAtlas:CO2EmissieBedrijven;;;
754;NL;;220201;RWZI Dordrecht;Dordrecht;Baanhoekweg;3313LA;40;;110155;425519;37.00;Afvalwaterinzameling en -behandeling;Riolering en waterzuiveringsinstallaties;Energiegebruik en processen Riolering en waterzuiveringsinstallaties;CO2;7.19769;3.316702;2.913021;4.845539;4.495913;4.398321;6.025455;4.094765;3.709357;Overig;58.775024;58.775024;RWZI;2;Bleu;2024;BU05050608;GM0505;3313.0;3313LA;BU05050608;GM0505;3313.0;3313LA;BU05050608;GM0505;3313.0;3313LA;False;False;False;51.816485531606055;4.736825106285824;WarmteAtlas:CO2EmissieBedrijven;;;
755;NL;;220202;RWZI Drachten;Drachten;De Hemmen;9206AG;100;;200040;569754;37.00;Afvalwaterinzameling en -behandeling;Riolering en waterzuiveringsinstallaties;Energiegebruik en processen Riolering en waterzuiveringsinstallaties;CO2;2.295912;1.954477;2.419042;3.090072;3.676123;3.503481;3.505706;3.100548;2.69203;Overig;42.655406;42.655406;RWZI;2;Bleu;2024;BU00900011;GM0090;9206.0;9206AG;BU00901101;GM0090;9206.0;9206AG;BU00901101;GM0090;9206.0;9206AG;True;False;False;53.11267984481127;6.059844703451178;WarmteAtlas:CO2EmissieBedrijven;;;
756;NL;;220203;RWZI Dreischor;Dreischor;Welleweg;4315PG;;;58400;412400;37.00;Afvalwaterinzameling en -behandeling;Riolering en waterzuiveringsinstallaties;Energiegebruik en processen Riolering en waterzuiveringsinstallaties;CO2;0.026905;0.030625;0.0;0.0;0.0;0.0;0.0;0.0;0.0;Overig;0.0;0.0;RWZI;0;Bleu;2024;BU16760309;GM1676;4315.0;4315PG;BU16760309;GM1676;4315.0;4315PG;BU16760309;GM1676;4315.0;4315PG;False;False;False;51.6920356293912;3.990042824005872;WarmteAtlas:CO2EmissieBedrijven;;;
757;NL;;220204;RWZI Driebergen;Driebergen;Rijssenburgselaan;3972EH;133;;146271;450874;37.00;Afvalwaterinzameling en -behandeling;Riolering en waterzuiveringsinstallaties;Energiegebruik en processen Riolering en waterzuiveringsinstallaties;CO2;1.18303;1.491102;0.900063;1.244253;0.970314;1.098757;0.861704;1.117332;0.940026;Overig;14.894777;14.894777;RWZI;1;Bleu;2024;BU15810102;GM1581;3972.0;3972EH;BU15810102;GM1581;3972.0;3972EH;BU15810102;GM1581;3972.0;3972EH;False;False;False;52.04611514658908;5.2599606760118505;WarmteAtlas:CO2EmissieBedrijven;;;
758;NL;;220205;RWZI Dronten;Dronten;Installatieweg;8251KM;10;;177400;505500;37.00;Afvalwaterinzameling en -behandeling;Riolering en waterzuiveringsinstallaties;Energiegebruik en processen Riolering en waterzuiveringsinstallaties;CO2;0.433713;1.642618;1.684491;2.338616;2.121027;2.067359;1.742571;1.766588;1.558634;Overig;24.69666;24.69666;RWZI;1;Bleu;2024;BU03030210;GM0303;8251.0;8251KM;BU03030210;GM0303;8251.0;8251KM;BU03030210;GM0303;8251.0;8251KM;False;False;False;52.53668573207485;5.7173536738985336;WarmteAtlas:CO2EmissieBedrijven;;;
759;NL;;220206;RWZI Druten;Druten;Heersweg;6651BP;29;;169058;433793;37.00;Afvalwaterinzameling en -behandeling;Riolering en waterzuiveringsinstallaties;Energiegebruik en processen Riolering en waterzuiveringsinstallaties;CO2;0.25842;0.634418;1.188613;0.751733;1.305336;1.102861;0.856415;0.833572;1.04606;Overig;16.574887;16.574887;RWZI;1;Bleu;2024;BU02250004;GM0225;6651.0;6651BP;BU02250109;GM0225;6651.0;6651BP;BU02250109;GM0225;6651.0;6651BP;True;False;False;51.89247869143428;5.591425348320786;WarmteAtlas:CO2EmissieBedrijven;;;
760;NL;;220207;RWZI Dussen;Dussen;Nieuwesteeg;4271BE;2;;123310;416037;37.00;Afvalwaterinzameling en -behandeling;Riolering en waterzuiveringsinstallaties;Energiegebruik en processen Riolering en waterzuiveringsinstallaties;CO2;0.385746;0.254477;0.664938;0.243451;0.0;0.0;0.0;0.0;0.0;Overig;0.0;0.0;RWZI;0;Bleu;2024;BU19590491;GM1959;4273.0;4273LE;BU19590491;GM1959;4273.0;4273LE;BU19590491;GM1959;4273.0;4273LE;False;False;False;51.73216173338086;4.928468998114134;WarmteAtlas:CO2EmissieBedrijven;;;
761;NL;;220208;RWZI Echteld;Echteld;Stationsweg;4054;;;162600;435800;37.00;Afvalwaterinzameling en -behandeling;Riolering en waterzuiveringsinstallaties;Energiegebruik en processen Riolering en waterzuiveringsinstallaties;CO2;0.015725;0.034757;0.0;0.0;0.0;0.0;0.0;0.0;0.0;Overig;0.0;0.0;RWZI;0;Bleu;2024;BU17400101;GM1740;4054.0;4054MX;BU17400101;GM1740;4054.0;4054MX;BU17400101;GM1740;4054.0;4054MX;False;False;False;51.910643889496356;5.497653565247856;WarmteAtlas:CO2EmissieBedrijven;;;
762;NL;;220209;RWZI Echten;Hoogeveen;Nijstad;7921VB;7;;224517;525247;37.00;Afvalwaterinzameling en -behandeling;Riolering en waterzuiveringsinstallaties;Energiegebruik en processen Riolering en waterzuiveringsinstallaties;CO2;3.732286;2.48011;3.911083;4.825333;2.883947;2.980851;2.613609;1.256544;2.619582;Overig;41.507459;41.507459;RWZI;2;Bleu;2024;BU01186206;GM0118;7909.0;7909HS;BU01186206;GM0118;7909.0;7909HS;BU01186206;GM0118;7909.0;7909HS;False;False;False;52.71016589215819;6.415869875301543;WarmteAtlas:CO2EmissieBedrijven;;;
763;NL;;220210;RWZI Eck en Wiel;Eck en Wiel;Kniphoekweg;4025BV;15;;159565;442798;37.00;Afvalwaterinzameling en -behandeling;Riolering en waterzuiveringsinstallaties;Energiegebruik en processen Riolering en waterzuiveringsinstallaties;CO2;0.153188;0.173866;0.310326;0.361221;0.338837;0.002867;0.0;0.0;0.0;Overig;0.0;0.0;RWZI;0;Bleu;2024;BU02140509;GM0214;4024.0;4024BV;BU02140509;GM0214;4024.0;4024BV;BU02140509;GM0214;4024.0;4024BV;False;False;False;51.9735766789244;5.453639106703597;WarmteAtlas:CO2EmissieBedrijven;;;
764;NL;;220211;RWZI Eelde;Eelde;Burg. J.G.Legroweg;9761TD;82;;236426;571943;37.00;Afvalwaterinzameling en -behandeling;Riolering en waterzuiveringsinstallaties;Energiegebruik en processen Riolering en waterzuiveringsinstallaties;CO2;1.485599;1.980058;1.95766;2.047256;2.173258;1.293962;1.660726;1.680702;1.288337;Overig;20.413798;20.413798;RWZI;1;Bleu;2024;BU17300701;GM1730;9761.0;9761TD;BU17300701;GM1730;9761.0;9761TD;BU17300701;GM1730;9761.0;9761TD;False;False;False;53.12806274705692;6.6037013929074595;WarmteAtlas:CO2EmissieBedrijven;;;
765;NL;;220212;RWZI Eethen;Eethen;Molensteeg;4266ET;4;;132100;415000;37.00;Afvalwaterinzameling en -behandeling;Riolering en waterzuiveringsinstallaties;Energiegebruik en processen Riolering en waterzuiveringsinstallaties;CO2;0.307212;0.095873;0.140741;0.126174;0.0;0.0;0.0;0.0;0.0;Overig;0.0;0.0;RWZI;0;Bleu;2024;BU19591891;GM1959;4267.0;4267EX;BU19591891;GM1959;4267.0;4267EX;BU19591891;GM1959;4267.0;4267EX;False;False;False;51.723269670445774;5.055775773027148;WarmteAtlas:CO2EmissieBedrijven;;;
766;NL;;220213;RWZI Elburg;Elburg;Industriestraat;8081HH;31;;185364;496800;37.00;Afvalwaterinzameling en -behandeling;Riolering en waterzuiveringsinstallaties;Energiegebruik en processen Riolering en waterzuiveringsinstallaties;CO2;1.577264;2.863462;4.519205;5.04524;4.989371;3.73667;4.048576;4.652074;3.725176;Overig;59.025678;59.025678;RWZI;2;Bleu;2024;BU02300101;GM0230;8081.0;8081HH;BU02300101;GM0230;8081.0;8081HJ;BU02300101;GM0230;8081.0;8081HJ;False;False;False;52.458113212749154;5.8339387302791605;WarmteAtlas:CO2EmissieBedrijven;;;
767;NL;;220215;RWZI Enter;Enter;Lagedijk;7468EZ;2;;236600;479800;37.00;Afvalwaterinzameling en -behandeling;Riolering en waterzuiveringsinstallaties;Energiegebruik en processen Riolering en waterzuiveringsinstallaties;CO2;0.154589;0.231781;0.0;0.0;0.0;0.0;0.0;0.0;0.0;Overig;0.0;0.0;RWZI;0;Bleu;2024;BU01890406;GM0189;7468.0;7468RB;BU01890406;GM0189;7468.0;7468RB;BU01890406;GM0189;7468.0;7468RB;False;False;False;52.30011340842585;6.583515812031878;WarmteAtlas:CO2EmissieBedrijven;;;
768;NL;;220216;RWZI Epe;Epe;Hammerstraat;8161PH;40;;196700;484200;37.00;Afvalwaterinzameling en -behandeling;Riolering en waterzuiveringsinstallaties;Energiegebruik en processen Riolering en waterzuiveringsinstallaties;CO2;1.17789;0.622152;1.179478;0.772395;1.07933;1.05415;0.920885;1.04836;1.238252;Overig;19.620189;19.620189;RWZI;1;Bleu;2024;BU02320007;GM0232;8161.0;8161PH;BU02320007;GM0232;8161.0;8161PH;BU02320007;GM0232;8161.0;8161PH;False;False;False;52.344129713509844;5.99914661639694;WarmteAtlas:CO2EmissieBedrijven;;;
769;NL;;220217;RWZI Etten;Terborg;Oude IJsselweg;7061GK;7;;219187;438659;37.00;Afvalwaterinzameling en -behandeling;Riolering en waterzuiveringsinstallaties;Energiegebruik en processen Riolering en waterzuiveringsinstallaties;CO2;2.01245;4.149556;4.179753;8.439424;4.245812;8.30993;8.643949;4.864735;4.393589;Overig;69.616726;69.616726;RWZI;2;Bleu;2024;BU15090207;GM1509;7061.0;7061GK;BU15090207;GM1509;7061.0;7061GK;BU15090207;GM1509;7061.0;7061GK;False;False;False;51.93268693463469;6.320509007542477;WarmteAtlas:CO2EmissieBedrijven;;;
770;NL;;220218;RWZI Everstekoog;Everstekoog;Pontweg;1796MD;150;;114000;565700;37.00;Afvalwaterinzameling en -behandeling;Riolering en waterzuiveringsinstallaties;Energiegebruik en processen Riolering en waterzuiveringsinstallaties;CO2;0.648634;0.822065;0.791057;0.679019;0.756918;0.629827;0.714131;0.573446;0.686956;Overig;10.884859;10.884859;RWZI;1;Bleu;2024;BU04480009;GM0448;1796.0;1796MD;BU04480009;GM0448;1796.0;1796MD;BU04480009;GM0448;1796.0;1796MD;False;False;False;53.07657805903191;4.775413918441768;WarmteAtlas:CO2EmissieBedrijven;;;
771;NL;;220219;RWZI Feerwerd;Feerwerd;Aduarderdiep;9892TC;;;227700;591300;37.00;Afvalwaterinzameling en -behandeling;Riolering en waterzuiveringsinstallaties;Energiegebruik en processen Riolering en waterzuiveringsinstallaties;CO2;0.094523;0.146714;0.069357;0.093018;0.090932;0.095258;0.196656;0.107332;0.046457;Overig;0.73612;0.73612;RWZI;1;Bleu;2024;BU19691309;GM1969;9892.0;9892TC;BU19691309;GM1969;9892.0;9892TC;BU19691309;GM1969;9892.0;9892TC;False;False;False;53.30322277906659;6.477738329595814;WarmteAtlas:CO2EmissieBedrijven;;;
772;NL;;220220;RWZI Franeker;Franeker;Oostelyke Industrieweg;8801JW;31;;167908;576775;37.00;Afvalwaterinzameling en -behandeling;Riolering en waterzuiveringsinstallaties;Energiegebruik en processen Riolering en waterzuiveringsinstallaties;CO2;1.936903;1.326086;1.811056;1.79133;1.643164;1.792447;1.14623;1.354412;1.815817;Overig;28.771742;28.771742;RWZI;1;Bleu;2024;BU19492800;GM1949;8801.0;8801PT;BU19492800;GM1949;8801.0;8801PT;BU19492800;GM1949;8801.0;8801PT;False;False;False;53.17750229441527;5.580265136290969;WarmteAtlas:CO2EmissieBedrijven;;;
773;NL;;220222;RWZI Gaarkeuken;Oldekerk;Hoendiep;9821TJ;7;A;217500;585000;37.00;Afvalwaterinzameling en -behandeling;Riolering en waterzuiveringsinstallaties;Energiegebruik en processen Riolering en waterzuiveringsinstallaties;CO2;0.672618;0.304476;0.369034;0.598159;0.316463;0.360328;0.415683;0.342186;0.316053;Overig;5.007877;5.007877;RWZI;1;Bleu;2024;BU19690309;GM1969;9821.0;9821TJ;BU19690309;GM1969;9821.0;9821TJ;BU19690309;GM1969;9821.0;9821TJ;False;False;False;53.24791220706973;6.323526498475148;WarmteAtlas:CO2EmissieBedrijven;;;
774;NL;;220223;RWZI Geestmerambacht;Warmenhuizen;Huiskebuurtweg;1749CL;9;;111056;523200;37.00;Afvalwaterinzameling en -behandeling;Riolering en waterzuiveringsinstallaties;Energiegebruik en processen Riolering en waterzuiveringsinstallaties;CO2;3.712136;3.543506;4.672498;4.089393;8.064609;5.335044;3.148238;7.780793;3.741338;Overig;59.281771;59.281771;RWZI;2;Bleu;2024;BU04410590;GM0441;1749.0;1749CT;BU04410590;GM0441;1749.0;1749CT;BU04410590;GM0441;1749.0;1749CT;False;False;False;52.694442048286625;4.737194823374881;WarmteAtlas:CO2EmissieBedrijven;;;
775;NL;;220224;RWZI Geldermalsen;Geldermalsen;Trichtsevoetpad;4191LA;4;;147300;433177;37.00;Afvalwaterinzameling en -behandeling;Riolering en waterzuiveringsinstallaties;Energiegebruik en processen Riolering en waterzuiveringsinstallaties;CO2;0.971437;0.898063;0.359017;0.730414;1.042378;0.980692;0.759156;0.408623;0.646022;Overig;10.236258;10.236258;RWZI;1;Bleu;2024;BU19600006;GM1960;4191.0;4191LA;BU19600006;GM1960;4191.0;4191LA;BU19600006;GM1960;4191.0;4191LA;False;False;False;51.88706661594868;5.275356928843529;WarmteAtlas:CO2EmissieBedrijven;;;
776;NL;;220225;RWZI Gelkenes;Groot-Ammers;Wilgenweg;2964AM;5;;118611;438691;37.00;Afvalwaterinzameling en -behandeling;Riolering en waterzuiveringsinstallaties;Energiegebruik en processen Riolering en waterzuiveringsinstallaties;CO2;0.243007;0.440795;0.915087;0.687502;1.472772;0.78552;0.859981;0.991861;1.056962;Overig;16.747631;16.747631;RWZI;1;Bleu;2024;BU19780602;GM1978;2964.0;2964AM;BU19780602;GM1978;2964.0;2964AM;BU19780602;GM1978;2964.0;2964AM;False;False;False;51.935490825110705;4.858064987721351;WarmteAtlas:CO2EmissieBedrijven;;;
777;NL;;220226;RWZI Gendt;Gendt;Mekerisveld;6691MN;1;;193406;431680;37.00;Afvalwaterinzameling en -behandeling;Riolering en waterzuiveringsinstallaties;Energiegebruik en processen Riolering en waterzuiveringsinstallaties;CO2;0.0;0.803647;1.027441;0.358333;0.84755;0.379763;0.980577;0.892837;0.932762;Overig;14.779685;14.779685;RWZI;1;Bleu;2024;BU17050105;GM1705;6691.0;6691MN;BU17050105;GM1705;6691.0;6691MN;BU17050105;GM1705;6691.0;6691MN;False;False;False;51.872339300274064;5.9448861161923885;WarmteAtlas:CO2EmissieBedrijven;;;
778;NL;;220227;RWZI Genemuiden;Genemuiden;Nieuwe Weg;8281PW;12;;200792;513285;37.00;Afvalwaterinzameling en -behandeling;Riolering en waterzuiveringsinstallaties;Energiegebruik en processen Riolering en waterzuiveringsinstallaties;CO2;0.047408;0.91454;0.842356;0.646585;0.698013;0.930237;0.725454;0.85591;0.723769;Overig;11.468169;11.468169;RWZI;1;Bleu;2024;BU18960108;GM1896;8281.0;8281PW;BU18960108;GM1896;8281.0;8281PW;BU18960108;GM1896;8281.0;8281PW;False;False;False;52.60518663849832;6.063178393339801;WarmteAtlas:CO2EmissieBedrijven;;;
779;NL;;220228;RWZI Gennep;Gennep;Veerstraat;6591BK;2;;194872;413098;37.00;Afvalwaterinzameling en -behandeling;Riolering en waterzuiveringsinstallaties;Energiegebruik en processen Riolering en waterzuiveringsinstallaties;CO2;2.90388;1.05393;2.108148;1.054024;1.106168;1.206903;0.895611;1.175868;1.204786;Overig;19.089919;19.089919;RWZI;1;Bleu;2024;BU09070309;GM0907;6591.0;6591BK;BU09070309;GM0907;6591.0;6591BK;BU09070309;GM0907;6591.0;6591BK;False;False;False;51.70522077356002;5.9640321194189;WarmteAtlas:CO2EmissieBedrijven;;;
780;NL;;220229;RWZI Gieten;Gieten;Spekstoep;9461AL;25;;248000;559600;37.00;Afvalwaterinzameling en -behandeling;Riolering en waterzuiveringsinstallaties;Energiegebruik en processen Riolering en waterzuiveringsinstallaties;CO2;0.96998;1.458385;0.901079;1.009385;1.149547;1.016614;0.926357;0.998249;0.67167;Overig;10.642652;10.642652;RWZI;1;Bleu;2024;BU16801709;GM1680;9461.0;9461AL;BU16801709;GM1680;9461.0;9461AL;BU16801709;GM1680;9461.0;9461AL;False;False;False;53.015295576632305;6.773025661295084;WarmteAtlas:CO2EmissieBedrijven;;;
781;NL;;220230;RWZI Glanerbrug;Enschede;Kerkstraat;7532AV;86;;263700;471300;37.00;Afvalwaterinzameling en -behandeling;Riolering en waterzuiveringsinstallaties;Energiegebruik en processen Riolering en waterzuiveringsinstallaties;CO2;0.39879;1.576254;0.920873;0.476481;0.567211;0.501845;0.58968;0.48338;0.866138;Overig;13.724021;13.724021;RWZI;1;Bleu;2024;BU01530801;GM0153;7532.0;7532AV;BU01530801;GM0153;7532.0;7532AV;BU01530801;GM0153;7532.0;7532AV;False;False;False;52.219054102086005;6.977957783148135;WarmteAtlas:CO2EmissieBedrijven;;;
782;NL;;220231;RWZI Goedereede;Goedereede;Teuntjesweg;3252LV;2;;59100;427100;37.00;Afvalwaterinzameling en -behandeling;Riolering en waterzuiveringsinstallaties;Energiegebruik en processen Riolering en waterzuiveringsinstallaties;CO2;1.049981;0.537388;0.518821;0.538311;0.711341;0.59694;0.795674;0.58569;0.777977;Overig;12.327102;12.327102;RWZI;1;Bleu;2024;BU19240003;GM1924;3252.0;3252LV;BU19240003;GM1924;3252.0;3252LV;BU19240003;GM1924;3252.0;3252LV;False;False;False;51.82425435953231;3.9960999442137033;WarmteAtlas:CO2EmissieBedrijven;;;
783;NL;;220232;RWZI Gooiergracht;Blaricum;Capittenweg;1261JL;61;;145684;475176;37.00;Afvalwaterinzameling en -behandeling;Riolering en waterzuiveringsinstallaties;Energiegebruik en processen Riolering en waterzuiveringsinstallaties;CO2;1.020486;0.970019;0.884875;1.00592;0.911717;0.876771;0.795293;0.72519;0.61772;Overig;9.787824;9.787824;RWZI;1;Bleu;2024;BU03760102;GM0376;1261.0;1261JL;BU03760102;GM0376;1261.0;1261JL;BU03760102;GM0376;1261.0;1261JL;False;False;False;52.264529644139955;5.2507385304888725;WarmteAtlas:CO2EmissieBedrijven;;;
784;NL;;220233;RWZI Goor;Goor;Holtdijk;7471ET;18;;235990;473869;37.00;Afvalwaterinzameling en -behandeling;Riolering en waterzuiveringsinstallaties;Energiegebruik en processen Riolering en waterzuiveringsinstallaties;CO2;2.330836;1.8389;1.677531;0.884379;0.84147;0.637609;0.938878;0.780566;1.001001;Overig;15.860939;15.860939;RWZI;1;Bleu;2024;BU17350100;GM1735;7471.0;7471ET;BU17350100;GM1735;7471.0;7471ET;BU17350100;GM1735;7471.0;7471ET;False;False;False;52.24690658956448;6.573152170617977;WarmteAtlas:CO2EmissieBedrijven;;;
785;NL;;220234;RWZI Gorinchem-Oost;Dalem;Griendweg;4213KC;4;a;128900;428000;37.00;Afvalwaterinzameling en -behandeling;Riolering en waterzuiveringsinstallaties;Energiegebruik en processen Riolering en waterzuiveringsinstallaties;CO2;0.178229;0.623549;0.504647;0.41596;0.580685;0.725642;0.496849;0.496454;0.675865;Overig;10.709128;10.709128;RWZI;1;Bleu;2024;BU05121411;GM0512;4207.0;4207HZ;BU05121411;GM0512;4207.0;4207HZ;BU05121411;GM0512;4207.0;4207HZ;False;False;False;51.83997677087743;5.00848470601535;WarmteAtlas:CO2EmissieBedrijven;;;
786;NL;;220235;RWZI Gorredijk;Gorredijk;Overtoom;8401JD;6;;199900;558300;37.00;Afvalwaterinzameling en -behandeling;Riolering en waterzuiveringsinstallaties;Energiegebruik en processen Riolering en waterzuiveringsinstallaties;CO2;0.725256;0.772784;0.46679;0.562876;0.377593;0.738289;0.654254;0.840589;0.640043;Overig;10.14153;10.14153;RWZI;1;Bleu;2024;BU00860502;GM0086;8401.0;8401JD;BU00860502;GM0086;8401.0;8401JD;BU00860502;GM0086;8401.0;8401JD;False;False;False;53.009771827287544;6.056166874534073;WarmteAtlas:CO2EmissieBedrijven;;;
787;NL;;220236;AWZI Gouda;Gouda;Gouderaksedijk;2808ND;125;;108721;446220;37.00;Afvalwaterinzameling en -behandeling;Riolering en waterzuiveringsinstallaties;Energiegebruik en processen Riolering en waterzuiveringsinstallaties;CO2;2.926642;2.031762;1.882012;1.947049;2.088206;2.087795;2.062477;1.609733;1.942595;Overig;30.780554;30.780554;RWZI;1;Bleu;2024;BU05130809;GM0513;2808.0;2808ND;BU05130809;GM0513;2808.0;2808ND;BU05130809;GM0513;2808.0;2808ND;False;False;False;52.002424037829336;4.713246159249321;WarmteAtlas:CO2EmissieBedrijven;;;
788;NL;;220237;RWZI Goudswaard;Goudswaard;Achterweg;3267LG;6;B;77800;422300;37.00;Afvalwaterinzameling en -behandeling;Riolering en waterzuiveringsinstallaties;Energiegebruik en processen Riolering en waterzuiveringsinstallaties;CO2;0.067054;0.032712;0.025541;0.0;0.0;0.0;0.0;0.0;0.0;Overig;0.0;0.0;RWZI;0;Bleu;2024;BU19631199;GM1963;3267.0;3267LV;BU19631199;GM1963;3267.0;3267LV;BU19631199;GM1963;3267.0;3267LV;False;False;False;51.78401821550169;4.268373159582874;WarmteAtlas:CO2EmissieBedrijven;;;
789;NL;;220238;RWZI Groede;Groede;Puijendijk;4503PL;2;;23912;380129;37.00;Afvalwaterinzameling en -behandeling;Riolering en waterzuiveringsinstallaties;Energiegebruik en processen Riolering en waterzuiveringsinstallaties;CO2;0.109903;0.182312;0.380954;0.164504;0.0;0.0;0.0;0.0;0.0;Overig;0.0;0.0;RWZI;0;Bleu;2024;BU17140909;GM1714;4503.0;4503PL;BU17140909;GM1714;4503.0;4503PL;BU17140909;GM1714;4503.0;4503PL;False;False;False;51.395081316617464;3.5035185853283255;WarmteAtlas:CO2EmissieBedrijven;;;
790;NL;;220239;RWZI Breedeweg;Groesbeek;Bruuk;6562KN;69;;194002;419037;37.00;Afvalwaterinzameling en -behandeling;Riolering en waterzuiveringsinstallaties;Energiegebruik en processen Riolering en waterzuiveringsinstallaties;CO2;0.42861;0.363005;0.433899;0.337581;0.590134;0.454393;0.444017;0.525411;0.468163;Overig;7.41807;7.41807;RWZI;1;Bleu;2024;BU19450201;GM1945;6562.0;6562KN;BU19450201;GM1945;6562.0;6562KN;BU19450201;GM1945;6562.0;6562KN;False;False;False;51.75866242102021;5.9521136007891995;WarmteAtlas:CO2EmissieBedrijven;;;
791;NL;;220240;RWZI Grouw;Grou;Molesingel;9001ZD;2;;183800;567400;37.00;Afvalwaterinzameling en -behandeling;Riolering en waterzuiveringsinstallaties;Energiegebruik en processen Riolering en waterzuiveringsinstallaties;CO2;0.661038;0.329958;0.509947;0.874368;0.408429;0.44614;0.374909;0.43179;0.429393;Overig;6.803765;6.803765;RWZI;1;Bleu;2024;BU00808207;GM0080;9001.0;9001ZD;BU00808207;GM0080;9001.0;9001ZD;BU00808207;GM0080;9001.0;9001ZD;False;False;False;53.092644100288304;5.817111596083329;WarmteAtlas:CO2EmissieBedrijven;;;
792;NL;;220241;RWZI Haaksbergen;Haaksbergen;Leferinkweg;7482RD;7;;245852;466203;37.00;Afvalwaterinzameling en -behandeling;Riolering en waterzuiveringsinstallaties;Energiegebruik en processen Riolering en waterzuiveringsinstallaties;CO2;1.565699;0.677741;0.927199;1.335642;1.303729;1.594576;1.467341;0.950001;1.68949;Overig;26.770083;26.770083;RWZI;1;Bleu;2024;BU01580290;GM0158;7482.0;7482RD;BU01580290;GM0158;7482.0;7482RD;BU01580290;GM0158;7482.0;7482RD;False;False;False;52.17648284337153;6.715471841847563;WarmteAtlas:CO2EmissieBedrijven;;;
793;NL;;220242;RWZI Haarlem-Schalkwijk;Haarlem;Boerhaavelaan;2035RB;57;;106000;487000;37.00;Afvalwaterinzameling en -behandeling;Riolering en waterzuiveringsinstallaties;Energiegebruik en processen Riolering en waterzuiveringsinstallaties;CO2;2.061886;0.071598;2.598793;1.765089;0.624546;0.903425;0.035769;2.381887;1.190996;Overig;18.871416;18.871416;RWZI;1;Bleu;2024;BU03921902;GM0392;2035.0;2035RB;BU03921902;GM0392;2035.0;2035RB;BU03921902;GM0392;2035.0;2035RB;False;False;False;52.368692669771086;4.667734771969028;WarmteAtlas:CO2EmissieBedrijven;;;
794;NL;;220243;RWZI Haarlem-Waarderpolder;Haarlem;Albert Hofmanweg;2031BH;8;;106100;490100;37.00;Afvalwaterinzameling en -behandeling;Riolering en waterzuiveringsinstallaties;Energiegebruik en processen Riolering en waterzuiveringsinstallaties;CO2;9.720614;7.391802;8.280451;11.573534;10.46924;11.692545;11.087697;11.755807;13.033686;Overig;206.519676;206.519676;RWZI;2;Bleu;2024;BU03920602;GM0392;2031.0;2031BH;BU03920602;GM0392;2031.0;2031BH;BU03920602;GM0392;2031.0;2031BH;False;False;False;52.39656119139029;4.668751671771566;WarmteAtlas:CO2EmissieBedrijven;;;
795;NL;;220244;RWZI Haarlo;Haarlo;Avinkweg;7273PT;2;;237600;459600;37.00;Afvalwaterinzameling en -behandeling;Riolering en waterzuiveringsinstallaties;Energiegebruik en processen Riolering en waterzuiveringsinstallaties;CO2;0.681491;0.659364;0.953856;2.090161;2.428567;2.581063;2.218246;2.957924;3.11493;Overig;49.356285;49.356285;RWZI;2;Bleu;2024;BU18590009;GM1859;7273.0;7273PT;BU18590009;GM1859;7273.0;7273PT;BU18590009;GM1859;7273.0;7273PT;False;False;False;52.118442584188855;6.59324877171906;WarmteAtlas:CO2EmissieBedrijven;;;
796;NL;;220245;RWZI Haastrecht;Haastrecht;Galgoord;2850AW;10;;113600;446200;37.00;Afvalwaterinzameling en -behandeling;Riolering en waterzuiveringsinstallaties;Energiegebruik en processen Riolering en waterzuiveringsinstallaties;CO2;0.113639;0.154306;0.162741;0.111002;0.064081;0.084532;0.078395;0.11157;0.082329;Overig;1.304509;1.304509;RWZI;1;Bleu;2024;BU19310800;GM1931;2851.0;2851AW;BU19310800;GM1931;2851.0;2851AW;BU19310800;GM1931;2851.0;2851AW;False;False;False;52.00262965194176;4.784297020906285;WarmteAtlas:CO2EmissieBedrijven;;;
797;NL;;220246;RWZI Halsteren;Halsteren;Langeweg;4661PA;9;;76500;393800;37.00;Afvalwaterinzameling en -behandeling;Riolering en waterzuiveringsinstallaties;Energiegebruik en processen Riolering en waterzuiveringsinstallaties;CO2;0.514332;0.366702;0.353766;0.322889;0.805833;0.542744;0.645846;0.590318;0.571748;Overig;9.059391;9.059391;RWZI;1;Bleu;2024;BU07480409;GM0748;4661.0;4661PB;BU07480409;GM0748;4661.0;4661PB;BU07480409;GM0748;4661.0;4661PB;False;False;False;51.52770487950319;4.255952856545595;WarmteAtlas:CO2EmissieBedrijven;;;
798;NL;;220247;RWZI Hapert;Hapert;Castersedijk;5527JR;25;;144800;376500;37.00;Afvalwaterinzameling en -behandeling;Riolering en waterzuiveringsinstallaties;Energiegebruik en processen Riolering en waterzuiveringsinstallaties;CO2;2.512648;1.440889;1.265412;1.587105;1.195053;0.876835;0.986547;0.88675;0.824499;Overig;13.064242;13.064242;RWZI;1;Bleu;2024;BU17280209;GM1728;5527.0;5527JR;BU17280209;GM1728;5527.0;5527JR;BU17280209;GM1728;5527.0;5527JR;False;False;False;51.37758503097531;5.240698094847815;WarmteAtlas:CO2EmissieBedrijven;;;
799;NL;;220248;RWZI Hardenberg;Bergentheim;Prugelweg;7691PZ;5;;237908;506639;37.00;Afvalwaterinzameling en -behandeling;Riolering en waterzuiveringsinstallaties;Energiegebruik en processen Riolering en waterzuiveringsinstallaties;CO2;0.97144;0.91669;1.696418;1.550907;1.731825;2.102091;1.33314;1.61397;1.852044;Overig;29.345762;29.345762;RWZI;1;Bleu;2024;BU01600601;GM0160;7696.0;7696BH;BU01600601;GM0160;7696.0;7696BH;BU01600601;GM0160;7696.0;7696BH;False;False;False;52.54108814173203;6.609327717474789;WarmteAtlas:CO2EmissieBedrijven;;;
800;NL;;220249;RWZI Hardinxveld-De Peulen;Hardinxveld-Giessendam;Rivierdijk;3371EN;831;;117200;426100;37.00;Afvalwaterinzameling en -behandeling;Riolering en waterzuiveringsinstallaties;Energiegebruik en processen Riolering en waterzuiveringsinstallaties;CO2;1.016599;0.502998;0.226742;0.313247;0.38655;0.327209;0.440502;0.377097;0.300175;Overig;4.756293;4.756293;RWZI;1;Bleu;2024;BU05230202;GM0523;3371.0;3371EN;BU05230202;GM0523;3371.0;3371EN;BU05230202;GM0523;3371.0;3371EN;False;False;False;51.82222926254538;4.838928804761268;WarmteAtlas:CO2EmissieBedrijven;;;
801;NL;;220250;RWZI Haren;Haren;Klaverlaan;9753;;;237900;577700;37.00;Afvalwaterinzameling en -behandeling;Riolering en waterzuiveringsinstallaties;Energiegebruik en processen Riolering en waterzuiveringsinstallaties;CO2;0.270454;0.526706;0.0;0.0;0.0;0.0;0.0;0.0;0.0;Overig;0.0;0.0;RWZI;0;Bleu;2024;BU00141800;GM0014;9753.0;9753CE;BU00141800;GM0014;9753.0;9753CE;BU00141800;GM0014;9753.0;9753CE;False;False;False;53.17955811542607;6.627197737982687;WarmteAtlas:CO2EmissieBedrijven;;;
802;NL;;220251;RWZI Harlingen;Harlingen;Oude Trekweg;8861KL;110;;159485;576192;37.00;Afvalwaterinzameling en -behandeling;Riolering en waterzuiveringsinstallaties;Energiegebruik en processen Riolering en waterzuiveringsinstallaties;CO2;0.897276;0.605702;0.74424;0.840624;0.753688;0.969753;0.901845;0.800799;1.102246;Overig;17.465161;17.465161;RWZI;1;Bleu;2024;BU00720005;GM0072;8861.0;8861KT;BU00720005;GM0072;8861.0;8861KT;BU00720005;GM0072;8861.0;8861KT;False;False;False;53.17240045255494;5.454279040925156;WarmteAtlas:CO2EmissieBedrijven;;;
803;NL;;220252;RWZI Hattem;Hattem;Hilsdijk;8051KE;70;;199400;499900;37.00;Afvalwaterinzameling en -behandeling;Riolering en waterzuiveringsinstallaties;Energiegebruik en processen Riolering en waterzuiveringsinstallaties;CO2;0.790276;1.463119;1.212723;1.589281;1.543637;1.558135;1.539233;1.694599;1.397736;Overig;22.147228;22.147228;RWZI;1;Bleu;2024;BU02440109;GM0244;8051.0;8051KE;BU02440109;GM0244;8051.0;8051KE;BU02440109;GM0244;8051.0;8051KE;False;False;False;52.4850141517665;6.040846112391298;WarmteAtlas:CO2EmissieBedrijven;;;
804;NL;;220253;RWZI Haulerwijk;Haulerwijk;Kerkstraat;8433LJ;25;nabij;217500;564700;37.00;Afvalwaterinzameling en -behandeling;Riolering en waterzuiveringsinstallaties;Energiegebruik en processen Riolering en waterzuiveringsinstallaties;CO2;0.38866;0.121988;0.0;0.0;0.0;0.0;0.0;0.0;0.0;Overig;0.0;0.0;RWZI;0;Bleu;2024;BU00850608;GM0085;8433.0;8433LK;BU00850608;GM0085;8433.0;8433LK;BU00850608;GM0085;8433.0;8433LK;False;False;False;53.06552199345762;6.319591406749596;WarmteAtlas:CO2EmissieBedrijven;;;
805;NL;;220254;RWZI Hazerswoude-Dorp;Hazerswoude-Dorp;Pad van Maurits;2391;2;;101100;457200;37.00;Afvalwaterinzameling en -behandeling;Riolering en waterzuiveringsinstallaties;Energiegebruik en processen Riolering en waterzuiveringsinstallaties;CO2;0.1068;0.15986;0.106317;0.0;0.0;0.0;0.0;0.0;0.0;Overig;0.0;0.0;RWZI;0;Bleu;2024;BU04849102;GM0484;2391.0;2391GD;BU04849102;GM0484;2391.0;2391GD;BU04849102;GM0484;2391.0;2391GD;False;False;False;52.100417838908825;4.600539489019514;WarmteAtlas:CO2EmissieBedrijven;;;
806;NL;;220255;RWZI Heel en Panheel;Heel;Heggerstraat;6097NE;8;;189400;353700;37.00;Afvalwaterinzameling en -behandeling;Riolering en waterzuiveringsinstallaties;Energiegebruik en processen Riolering en waterzuiveringsinstallaties;CO2;0.725036;1.191221;1.274054;1.373306;1.890842;1.311727;0.382509;0.28788;0.599216;Overig;9.494619;9.494619;RWZI;1;Bleu;2024;BU16410501;GM1641;6097.0;6097NE;BU16410501;GM1641;6097.0;6097NE;BU16410501;GM1641;6097.0;6097NE;False;False;False;51.171691613479986;5.879072411301585;WarmteAtlas:CO2EmissieBedrijven;;;
807;NL;;220256;RWZI Heemstede;Heemstede;Cruquiusweg;2102LS;45;;103900;484200;37.00;Afvalwaterinzameling en -behandeling;Riolering en waterzuiveringsinstallaties;Energiegebruik en processen Riolering en waterzuiveringsinstallaties;CO2;1.452958;0.807085;1.020439;0.239863;1.027351;0.714137;0.892797;0.445292;1.275016;Overig;20.202717;20.202717;RWZI;1;Bleu;2024;BU03970001;GM0397;2102.0;2102LS;BU03970001;GM0397;2102.0;2102LS;BU03970001;GM0397;2102.0;2102LS;False;False;False;52.3433377673621;4.637328219668805;WarmteAtlas:CO2EmissieBedrijven;;;
808;NL;;220257;RWZI Heenvliet;Heenvliet;Kanaaldijk Oost;2318LE;3;;76600;431700;37.00;Afvalwaterinzameling en -behandeling;Riolering en waterzuiveringsinstallaties;Energiegebruik en processen Riolering en waterzuiveringsinstallaties;CO2;0.210532;0.163343;0.149021;0.16899;0.227297;0.218747;0.200306;0.11305;0.669515;Overig;10.608509;10.608509;RWZI;1;Bleu;2024;BU19302504;GM1930;3197.0;3197KM;BU19302504;GM1930;3218.0;3218LE;BU19302504;GM1930;3218.0;3218LE;False;False;True;51.86832812076903;4.2488531792623965;WarmteAtlas:CO2EmissieBedrijven;;;
809;NL;;220258;RWZI Heerde;Heerde;Postweg;8181VK;39;;200384;489472;37.00;Afvalwaterinzameling en -behandeling;Riolering en waterzuiveringsinstallaties;Energiegebruik en processen Riolering en waterzuiveringsinstallaties;CO2;1.116924;0.455783;0.438815;0.666074;0.785036;0.741183;0.796109;0.747682;0.892565;Overig;14.142752;14.142752;RWZI;1;Bleu;2024;BU02460000;GM0246;8181.0;8181VK;BU02460000;GM0246;8181.0;8181VK;BU02460000;GM0246;8181.0;8181VK;False;False;False;52.39121755031653;6.053917597350224;WarmteAtlas:CO2EmissieBedrijven;;;
810;NL;;220259;Slibontwateringsinstallatie / RWZI Heerenveen;Heerenveen;Wetterwille;8447GC;4;a;189070;553727;37.00;Afvalwaterinzameling en -behandeling;Riolering en waterzuiveringsinstallaties;Energiegebruik en processen Riolering en waterzuiveringsinstallaties;CO2;0.0;1.927703;1.742367;2.96343;3.348239;3.085642;2.837233;3.379422;3.020731;Overig;47.863694;47.863694;RWZI;2;Bleu;2024;BU00740110;GM0074;8447.0;8447GC;BU00740110;GM0074;8447.0;8447GC;BU00740110;GM0074;8447.0;8447GC;False;False;False;52.96947321087183;5.89433990918126;WarmteAtlas:CO2EmissieBedrijven;;;
811;NL;;220260;RWZI Heerlen;Heerlen;Eikendermolenweg;6411RW;2;;195000;322200;37.00;Afvalwaterinzameling en -behandeling;Riolering en waterzuiveringsinstallaties;Energiegebruik en processen Riolering en waterzuiveringsinstallaties;CO2;0.712212;1.230783;1.002751;0.812991;0.0;0.0;0.0;0.0;0.0;Overig;0.0;0.0;RWZI;0;Bleu;2024;BU09173600;GM0917;6411.0;6411RW;BU09173600;GM0917;6411.0;6411RW;BU09173600;GM0917;6411.0;6411RW;False;False;False;50.888189429129966;5.955638434373755;WarmteAtlas:CO2EmissieBedrijven;;;
812;NL;;220261;RWZI Heiloo;Heiloo;Kanaalweg;1851LR;11;;109900;512100;37.00;Afvalwaterinzameling en -behandeling;Riolering en waterzuiveringsinstallaties;Energiegebruik en processen Riolering en waterzuiveringsinstallaties;CO2;1.2976;2.782825;1.205526;1.323254;1.208785;1.660215;1.896053;1.770131;1.924287;Overig;30.49047;30.49047;RWZI;1;Bleu;2024;BU03990602;GM0399;1851.0;1851LR;BU03990602;GM0399;1851.0;1851LR;BU03990602;GM0399;1851.0;1851LR;False;False;False;52.59459704380997;4.721607390307619;WarmteAtlas:CO2EmissieBedrijven;;;
813;NL;;220262;RWZI Heino;Heino;Molenweg;8141NS;16;;210430;495113;37.00;Afvalwaterinzameling en -behandeling;Riolering en waterzuiveringsinstallaties;Energiegebruik en processen Riolering en waterzuiveringsinstallaties;CO2;0.159448;0.225892;0.256533;0.265978;0.249262;0.153831;0.194285;0.136517;0.222209;Overig;3.520917;3.520917;RWZI;1;Bleu;2024;BU01770709;GM0177;8141.0;8141NS;BU01770709;GM0177;8141.0;8141NS;BU01770709;GM0177;8141.0;8141NS;False;False;False;52.44098863403092;6.202418127452816;WarmteAtlas:CO2EmissieBedrijven;;;
814;NL;;220263;RWZI Hellevoetsluis;Hellevoetsluis;Carrouselweg;3225LN;1;;71521;428945;37.00;Afvalwaterinzameling en -behandeling;Riolering en waterzuiveringsinstallaties;Energiegebruik en processen Riolering en waterzuiveringsinstallaties;CO2;1.028644;1.976366;1.825607;1.804684;1.349822;2.631166;2.252199;2.226466;2.103176;Overig;33.324977;33.324977;RWZI;2;Bleu;2024;BU19920800;GM1992;3225.0;3225LP;BU19920800;GM1992;3225.0;3225LN;BU19920800;GM1992;3225.0;3225LN;False;False;False;51.842831925947635;4.175788945868557;WarmteAtlas:CO2EmissieBedrijven;;;
815;NL;;220264;RWZI Hengelo;Hengelo;Wegtersweg;7556BP;17;;249456;477675;37.00;Afvalwaterinzameling en -behandeling;Riolering en waterzuiveringsinstallaties;Energiegebruik en processen Riolering en waterzuiveringsinstallaties;CO2;1.294239;5.98682;5.330284;7.157542;14.459999;18.329834;22.939351;18.674107;19.227425;Overig;304.659902;304.659902;RWZI;2;Bleu;2024;BU01640700;GM0164;7556.0;7556BP;BU01640700;GM0164;7556.0;7556BW;BU01640700;GM0164;7556.0;7556BW;False;False;False;52.27896176819625;6.771349548428468;WarmteAtlas:CO2EmissieBedrijven;;;
816;NL;;220265;RWZI Hengevelde;Hengevelde;Koude Dijk;7496PD;3;;241000;469100;37.00;Afvalwaterinzameling en -behandeling;Riolering en waterzuiveringsinstallaties;Energiegebruik en processen Riolering en waterzuiveringsinstallaties;CO2;0.138312;0.092876;0.233185;0.0;0.0;0.0;0.0;0.0;0.0;Overig;0.0;0.0;RWZI;0;Bleu;2024;BU17350805;GM1735;7496.0;7496PC;BU17350805;GM1735;7496.0;7496PC;BU17350805;GM1735;7496.0;7496PC;False;False;False;52.203292802326956;6.64528638689904;WarmteAtlas:CO2EmissieBedrijven;;;
817;NL;;220266;RWZI Herkingen;Herkingen;Deltastraat;3249AC;1;;65500;414400;37.00;Afvalwaterinzameling en -behandeling;Riolering en waterzuiveringsinstallaties;Energiegebruik en processen Riolering en waterzuiveringsinstallaties;CO2;0.030488;0.049074;0.0;0.0;0.0;0.0;0.0;0.0;0.0;Overig;0.0;0.0;RWZI;0;Bleu;2024;BU19240901;GM1924;3249.0;3249AC;BU19240901;GM1924;3249.0;3249AC;BU19240901;GM1924;3249.0;3249AC;False;False;False;51.7111886752193;4.092191995942509;WarmteAtlas:CO2EmissieBedrijven;;;
818;NL;;220267;RWZI Heugem;Gronsveld;Rekoutweg;6247EN;2;;178114;314163;37.00;Afvalwaterinzameling en -behandeling;Riolering en waterzuiveringsinstallaties;Energiegebruik en processen Riolering en waterzuiveringsinstallaties;CO2;1.298786;1.203692;1.327152;0.097982;0.587471;0.083041;0.102437;0.714548;0.830583;Overig;13.160651;13.160651;RWZI;1;Bleu;2024;BU09350600;GM0935;6229.0;6229RB;BU09350600;GM0935;6229.0;6229RB;BU09350600;GM0935;6229.0;6229RB;False;False;False;50.816878060472995;5.715164833655925;WarmteAtlas:CO2EmissieBedrijven;;;
819;NL;;220268;RWZI Hilvarenbeek;Biesthoutakker;Heikestraat;5084HW;2;A;140100;390200;37.00;Afvalwaterinzameling en -behandeling;Riolering en waterzuiveringsinstallaties;Energiegebruik en processen Riolering en waterzuiveringsinstallaties;CO2;2.929968;1.42161;0.751473;1.486858;1.337503;1.19337;1.182473;1.351232;1.345789;Overig;21.324129;21.324129;RWZI;1;Bleu;2024;BU07980209;GM0798;5084.0;5084HW;BU07980209;GM0798;5084.0;5084HW;BU07980209;GM0798;5084.0;5084HW;False;False;False;51.50062488239611;5.172613677258583;WarmteAtlas:CO2EmissieBedrijven;;;
820;NL;;220269;RWZI Hilversum;Hilversum;Minckelersstraat;1223LE;173;;142468;470705;37.00;Afvalwaterinzameling en -behandeling;Riolering en waterzuiveringsinstallaties;Energiegebruik en processen Riolering en waterzuiveringsinstallaties;CO2;1.921925;4.043638;1.164561;1.767018;0.776922;0.799411;0.762473;0.858095;0.903987;Overig;14.323739;14.323739;RWZI;1;Bleu;2024;BU04020606;GM0402;1223.0;1223ME;BU04020606;GM0402;1223.0;1223ME;BU04020606;GM0402;1223.0;1223ME;False;False;False;52.224281692269685;5.203794679316971;WarmteAtlas:CO2EmissieBedrijven;;;
821;NL;;220270;RWZI Holten;Holten;Beusebergerweg;7451NG;43;;225000;473300;37.00;Afvalwaterinzameling en -behandeling;Riolering en waterzuiveringsinstallaties;Energiegebruik en processen Riolering en waterzuiveringsinstallaties;CO2;0.702389;1.186886;1.097178;1.447612;1.408618;1.620941;2.514348;1.548921;1.68012;Overig;26.621615;26.621615;RWZI;1;Bleu;2024;BU17420502;GM1742;7451.0;7451NG;BU17420502;GM1742;7451.0;7451NG;BU17420502;GM1742;7451.0;7451NG;False;False;False;52.2432992906814;6.412132838097269;WarmteAtlas:CO2EmissieBedrijven;;;
822;NL;;220271;RWZI Hooge Zwaluwe;Lage Zwaluwe;Amerweg;4926CZ;6;;108510;414471;37.00;Afvalwaterinzameling en -behandeling;Riolering en waterzuiveringsinstallaties;Energiegebruik en processen Riolering en waterzuiveringsinstallaties;CO2;0.194273;0.220128;0.167743;0.141584;0.168127;0.148133;0.203937;0.132382;0.176593;Overig;2.798132;2.798132;RWZI;1;Bleu;2024;BU17190601;GM1719;4926.0;4926CZ;BU17190601;GM1719;4926.0;4926CZ;BU17190601;GM1719;4926.0;4926CZ;False;False;False;51.71705241090368;4.714450918626524;WarmteAtlas:CO2EmissieBedrijven;;;
823;NL;;220272;RWZI Hoogezand;Sappemeer;Verl Winkelhoek;9611CD;12;;247700;576900;37.00;Afvalwaterinzameling en -behandeling;Riolering en waterzuiveringsinstallaties;Energiegebruik en processen Riolering en waterzuiveringsinstallaties;CO2;2.826587;1.798784;0.862082;1.219853;1.471663;1.279387;1.202591;1.267331;1.516966;Overig;24.036431;24.036431;RWZI;1;Bleu;2024;BU19520409;GM1952;9611.0;9611CE;BU19520409;GM1952;9611.0;9611CE;BU19520409;GM1952;9611.0;9611CE;False;False;False;53.170766283926056;6.773513367655867;WarmteAtlas:CO2EmissieBedrijven;;;
824;NL;;220273;RWZI Hoogkerk;Groningen;Zuiderweg;9745AP;110;;230100;581300;37.00;Afvalwaterinzameling en -behandeling;Riolering en waterzuiveringsinstallaties;Energiegebruik en processen Riolering en waterzuiveringsinstallaties;CO2;0.13788;0.355399;0.210024;0.205512;0.0;0.0;0.0;0.0;0.0;Overig;0.0;0.0;RWZI;0;Bleu;2024;BU00140800;GM0014;9744.0;9744AP;BU00140800;GM0014;9744.0;9744AP;BU00140800;GM0014;9744.0;9744AP;False;False;False;53.21305069349307;6.511391027573216;WarmteAtlas:CO2EmissieBedrijven;;;
825;NL;;220274;RWZI Hoogmade;Hoogmade;Graaf Willem Ii Laan;2355BG;67;;99600;465200;37.00;Afvalwaterinzameling en -behandeling;Riolering en waterzuiveringsinstallaties;Energiegebruik en processen Riolering en waterzuiveringsinstallaties;CO2;0.024794;0.03737;0.04244;0.129751;0.0;0.0;0.0;0.0;0.0;Overig;0.0;0.0;RWZI;0;Bleu;2024;BU18840209;GM1884;2355.0;2355DD;BU18840209;GM1884;2355.0;2355DD;BU18840209;GM1884;2355.0;2355DD;False;False;False;52.17216754454391;4.577346473565151;WarmteAtlas:CO2EmissieBedrijven;;;
826;NL;;220276;RWZI Horstermeer;Nederhorst den Berg;Middenweg;1394AH;159;;134412;474487;37.00;Afvalwaterinzameling en -behandeling;Riolering en waterzuiveringsinstallaties;Energiegebruik en processen Riolering en waterzuiveringsinstallaties;CO2;1.084415;3.517314;4.660531;5.810313;5.399043;4.735103;4.193645;3.923999;4.83326;Overig;76.583349;76.583349;RWZI;2;Bleu;2024;BU16960603;GM1696;1394.0;1394AH;BU16960603;GM1696;1394.0;1394AH;BU16960603;GM1696;1394.0;1394AH;False;False;False;52.25803132789376;5.085664232994243;WarmteAtlas:CO2EmissieBedrijven;;;
827;NL;;220277;RWZI Houten;Houten;De Staart;3992LK;5;;137418;448864;37.00;Afvalwaterinzameling en -behandeling;Riolering en waterzuiveringsinstallaties;Energiegebruik en processen Riolering en waterzuiveringsinstallaties;CO2;1.524343;0.565364;1.299848;1.511388;1.578124;1.499943;1.316785;1.642147;1.368051;Overig;21.676872;21.676872;RWZI;1;Bleu;2024;BU03212054;GM0321;3992.0;3992LK;BU03212054;GM0321;3992.0;3992LK;BU03212054;GM0321;3992.0;3992LK;False;False;False;52.027839239228946;5.131014928355307;WarmteAtlas:CO2EmissieBedrijven;;;
828;NL;;220278;RWZI Huizen;Huizen;IJsselmeerstraat;1271AA;7;;145022;480262;37.00;Afvalwaterinzameling en -behandeling;Riolering en waterzuiveringsinstallaties;Energiegebruik en processen Riolering en waterzuiveringsinstallaties;CO2;1.048837;1.448784;1.155926;0.897003;1.035709;0.916387;0.72445;0.634175;0.58206;Overig;9.222787;9.222787;RWZI;1;Bleu;2024;BU04060512;GM0406;1271.0;1271AA;BU04060512;GM0406;1271.0;1271AA;BU04060512;GM0406;1271.0;1271AA;False;False;False;52.31022944923948;5.24089105186174;WarmteAtlas:CO2EmissieBedrijven;;;
829;NL;;220279;RWZI Hulst;Clinge;Clingeweg;4567PJ;6;;63500;366400;37.00;Afvalwaterinzameling en -behandeling;Riolering en waterzuiveringsinstallaties;Energiegebruik en processen Riolering en waterzuiveringsinstallaties;CO2;0.780364;1.244454;0.743989;0.363484;0.452016;0.506362;0.447447;0.292033;0.258037;Overig;4.088613;4.088613;RWZI;1;Bleu;2024;BU06770303;GM0677;4567.0;4567PJ;BU06770303;GM0677;4567.0;4567PJ;BU06770303;GM0677;4567.0;4567PJ;False;False;False;51.27950325969611;4.075754875302134;WarmteAtlas:CO2EmissieBedrijven;;;
830;NL;;220281;RWZI Joure;Broek;Tramwei;8512AT;2;;180175;554015;37.00;Afvalwaterinzameling en -behandeling;Riolering en waterzuiveringsinstallaties;Energiegebruik en processen Riolering en waterzuiveringsinstallaties;CO2;2.087273;0.880106;0.815506;1.287298;0.783862;0.868543;1.00173;1.138964;1.040261;Overig;16.483003;16.483003;RWZI;1;Bleu;2024;BU19400601;GM1940;8512.0;8512AT;BU19400601;GM1940;8512.0;8512AT;BU19400601;GM1940;8512.0;8512AT;False;False;False;52.972549829216376;5.76196296096061;WarmteAtlas:CO2EmissieBedrijven;;;
831;NL;;220282;RWZI Kaatsheuvel;Kaatsheuvel;Erasstraat;5171VH;76;;128000;407500;37.00;Afvalwaterinzameling en -behandeling;Riolering en waterzuiveringsinstallaties;Energiegebruik en processen Riolering en waterzuiveringsinstallaties;CO2;0.834542;1.147765;1.52708;1.814047;1.724986;1.687775;1.790115;1.884923;1.580656;Overig;25.045599;25.045599;RWZI;1;Bleu;2024;BU08091041;GM0809;5171.0;5171VH;BU08091041;GM0809;5171.0;5171VH;BU08091041;GM0809;5171.0;5171VH;False;False;False;51.65567445044778;4.997020312771127;WarmteAtlas:CO2EmissieBedrijven;;;
832;NL;;220283;RWZI Kaffeberg;Kerkrade;Boerenanstelerweg;6468XV;1;;201600;321700;37.00;Afvalwaterinzameling en -behandeling;Riolering en waterzuiveringsinstallaties;Energiegebruik en processen Riolering en waterzuiveringsinstallaties;CO2;1.878422;1.24178;1.057946;2.246268;1.232286;1.215031;1.35102;1.413301;1.499156;Overig;23.75423;23.75423;RWZI;1;Bleu;2024;BU09280009;GM0928;6468.0;6468XV;BU09280009;GM0928;6468.0;6468XV;BU09280009;GM0928;6468.0;6468XV;False;False;False;50.88319634478414;6.049361135248362;WarmteAtlas:CO2EmissieBedrijven;;;
833;NL;;220284;RWZI Kampen;Kampen;Haatlanderdijk;8263AP;59;;188200;510000;37.00;Afvalwaterinzameling en -behandeling;Riolering en waterzuiveringsinstallaties;Energiegebruik en processen Riolering en waterzuiveringsinstallaties;CO2;1.882695;2.488437;3.246131;4.363086;1.390294;1.727436;1.423461;1.613787;1.709116;Overig;27.081071;27.081071;RWZI;1;Bleu;2024;BU01660006;GM0166;8263.0;8263CH;BU01660006;GM0166;8263.0;8263CH;BU01660006;GM0166;8263.0;8263CH;False;False;False;52.576577184084854;5.876976931067929;WarmteAtlas:CO2EmissieBedrijven;;;
834;NL;;220285;RWZI Camperlandpolder;Kamperland;Bosdijk;4493PD;4;;40410;399510;37.00;Afvalwaterinzameling en -behandeling;Riolering en waterzuiveringsinstallaties;Energiegebruik en processen Riolering en waterzuiveringsinstallaties;CO2;0.068144;0.17205;0.289743;0.31425;0.332591;0.359189;0.297906;0.225818;0.220704;Overig;3.497076;3.497076;RWZI;1;Bleu;2024;BU16950309;GM1695;4493.0;4493PD;BU16950309;GM1695;4493.0;4493PD;BU16950309;GM1695;4493.0;4493PD;False;False;False;51.57282027558459;3.7341737578660017;WarmteAtlas:CO2EmissieBedrijven;;;
835;NL;;220286;RWZI Katwijk;Katwijk Aan Zee;Lageweg;2222AG;47;;90260;468690;37.00;Afvalwaterinzameling en -behandeling;Riolering en waterzuiveringsinstallaties;Energiegebruik en processen Riolering en waterzuiveringsinstallaties;CO2;4.303422;3.033007;3.949771;3.752788;10.52594;4.846299;3.910201;4.423448;4.744105;Overig;75.170685;75.170685;RWZI;2;Bleu;2024;BU05370202;GM0537;2222.0;2222AP;BU05370202;GM0537;2222.0;2222AP;BU05370202;GM0537;2222.0;2222AP;False;False;False;52.20251589074904;4.4401616430753315;WarmteAtlas:CO2EmissieBedrijven;;;
836;NL;;220287;RWZI Katwoude;Katwoude;Wagenweg;1145PW;11;;130800;499500;37.00;Afvalwaterinzameling en -behandeling;Riolering en waterzuiveringsinstallaties;Energiegebruik en processen Riolering en waterzuiveringsinstallaties;CO2;2.463476;2.204964;3.112114;1.513061;1.742516;1.952588;1.736612;1.449022;1.589799;Overig;25.190479;25.190479;RWZI;1;Bleu;2024;BU08520100;GM0852;1145.0;1145PW;BU08520100;GM0852;1145.0;1145PW;BU08520100;GM0852;1145.0;1145PW;False;False;False;52.48268697418524;5.030961883257968;WarmteAtlas:CO2EmissieBedrijven;;;
837;NL;;220288;RWZI De Verseput;Kerkwerve;Verseputseweg;4321TD;38;;50242;411049;37.00;Afvalwaterinzameling en -behandeling;Riolering en waterzuiveringsinstallaties;Energiegebruik en processen Riolering en waterzuiveringsinstallaties;CO2;0.222739;0.448238;0.532675;0.510862;0.630884;0.471649;0.581806;0.271628;0.335044;Overig;5.308803;5.308803;RWZI;1;Bleu;2024;BU16761009;GM1676;4321.0;4321TD;BU16761009;GM1676;4321.0;4321TD;BU16761009;GM1676;4321.0;4321TD;False;False;False;51.678428911337456;3.8724951593725994;WarmteAtlas:CO2EmissieBedrijven;;;
838;NL;;220289;RWZI Kloosterzande;Kloosterzande;Parallelweg;4587LH;1;;60106;377203;37.00;Afvalwaterinzameling en -behandeling;Riolering en waterzuiveringsinstallaties;Energiegebruik en processen Riolering en waterzuiveringsinstallaties;CO2;0.229754;0.179746;0.13202;0.17927;0.137749;0.186623;0.089676;0.038508;0.09107;Overig;1.443009;1.443009;RWZI;1;Bleu;2024;BU06771501;GM0677;4588.0;4588KH;BU06771501;GM0677;4588.0;4588KH;BU06771501;GM0677;4588.0;4588KH;False;False;False;51.37602814008266;4.024230783811595;WarmteAtlas:CO2EmissieBedrijven;;;
839;NL;;220290;RWZI Kootstertille;Kootstertille;Aldedijk;9288XA;25;A;203700;582200;37.00;Afvalwaterinzameling en -behandeling;Riolering en waterzuiveringsinstallaties;Energiegebruik en processen Riolering en waterzuiveringsinstallaties;CO2;1.625777;1.066039;0.656327;0.94506;1.11208;0.963482;1.231572;1.00066;0.654219;Overig;10.366152;10.366152;RWZI;1;Bleu;2024;BU00590007;GM0059;9288.0;9288XA;BU00590007;GM0059;9288.0;9288XB;BU00590007;GM0059;9288.0;9288XB;False;False;False;53.22418886752662;6.116381050019323;WarmteAtlas:CO2EmissieBedrijven;;;
840;NL;;220291;RWZI Kortgene;Kortgene;Burg. Snellenstraat;4484;;;45350;397600;37.00;Afvalwaterinzameling en -behandeling;Riolering en waterzuiveringsinstallaties;Energiegebruik en processen Riolering en waterzuiveringsinstallaties;CO2;0.134276;0.152666;0.0;0.0;0.0;0.0;0.0;0.0;0.0;Overig;0.0;0.0;RWZI;0;Bleu;2024;BU16950000;GM1695;4484.0;4484CX;BU16950000;GM1695;4484.0;4484CX;BU16950000;GM1695;4484.0;4484CX;False;False;False;51.55664306946897;3.80600759962008;WarmteAtlas:CO2EmissieBedrijven;;;
841;NL;;220292;RWZI De Groote Zaag;Krimpen aan de Lek;Zaag;2931LD;8;;100600;434600;37.00;Afvalwaterinzameling en -behandeling;Riolering en waterzuiveringsinstallaties;Energiegebruik en processen Riolering en waterzuiveringsinstallaties;CO2;0.503968;1.025453;0.541265;0.940447;1.209741;1.312608;0.919397;0.889749;0.452959;Overig;7.177168;7.177168;RWZI;1;Bleu;2024;BU19310104;GM1931;2931.0;2931LD;BU19310104;GM1931;2931.0;2931LD;BU19310104;GM1931;2931.0;2931LD;False;False;False;51.89725252836164;4.596831112127755;WarmteAtlas:CO2EmissieBedrijven;;;
842;NL;;220293;RWZI Langeraar;Langeraar;A.G.M. van der Hoevenstraat;2461SB;;;108400;468000;37.00;Afvalwaterinzameling en -behandeling;Riolering en waterzuiveringsinstallaties;Energiegebruik en processen Riolering en waterzuiveringsinstallaties;CO2;0.119498;0.075684;0.030667;0.074252;0.0;0.0;0.0;0.0;0.0;Overig;0.0;0.0;RWZI;0;Bleu;2024;BU05690301;GM0569;2461.0;2461VT;BU05691235;GM0569;2461.0;2461VT;BU05691235;GM0569;2461.0;2461VT;True;False;False;52.19814478235303;4.705594008899262;WarmteAtlas:CO2EmissieBedrijven;;;
843;NL;;220294;RWZI Leek;Leek;Leuringslaan;9351NS;116;;220680;574356;37.00;Afvalwaterinzameling en -behandeling;Riolering en waterzuiveringsinstallaties;Energiegebruik en processen Riolering en waterzuiveringsinstallaties;CO2;0.554168;0.725201;0.912385;0.953511;0.779221;0.744471;0.860163;0.755976;0.671423;Overig;10.638747;10.638747;RWZI;1;Bleu;2024;BU19690403;GM1969;9351.0;9351NS;BU19690403;GM1969;9351.0;9351NS;BU19690403;GM1969;9351.0;9351NS;False;False;False;53.15190009565505;6.36898658018401;WarmteAtlas:CO2EmissieBedrijven;;;
844;NL;;220295;RWZI Leerbroek;Leerbroek;Kerkweg;4245TP;28;A;132100;436000;37.00;Afvalwaterinzameling en -behandeling;Riolering en waterzuiveringsinstallaties;Energiegebruik en processen Riolering en waterzuiveringsinstallaties;CO2;0.177239;0.179008;0.056848;0.0;0.0;0.0;0.0;0.0;0.0;Overig;0.0;0.0;RWZI;0;Bleu;2024;BU19611201;GM1961;4245.0;4245TN;BU19611201;GM1961;4245.0;4245TN;BU19611201;GM1961;4245.0;4245TN;False;False;False;51.9120227647303;5.054385519090185;WarmteAtlas:CO2EmissieBedrijven;;;
845;NL;;220296;RWZI Leerdam;Leerdam;Tiendweg;4142EG;1;;133000;433800;37.00;Afvalwaterinzameling en -behandeling;Riolering en waterzuiveringsinstallaties;Energiegebruik en processen Riolering en waterzuiveringsinstallaties;CO2;0.590644;0.87458;0.992785;2.175709;2.465611;1.421454;0.745812;0.92494;0.945798;Overig;14.986242;14.986242;RWZI;1;Bleu;2024;BU19612406;GM1961;4142.0;4142BL;BU19612406;GM1961;4142.0;4142LM;BU19612406;GM1961;4142.0;4142LM;False;False;False;51.89228511658693;5.067605993783613;WarmteAtlas:CO2EmissieBedrijven;;;
846;NL;;220297;Rioolwaterzuiveringsinstallatie Leeuwarden;Leeuwarden;Greunsweg;8937AN;78;;184500;578800;37.00;Afvalwaterinzameling en -behandeling;Riolering en waterzuiveringsinstallaties;Energiegebruik en processen Riolering en waterzuiveringsinstallaties;CO2;3.75347;6.052223;5.691305;6.297177;6.106376;7.192954;5.367778;5.79476;5.681942;Overig;90.030767;90.030767;RWZI;2;Bleu;2024;BU00801104;GM0080;8937.0;8937AN;BU00801104;GM0080;8937.0;8937AN;BU00801104;GM0080;8937.0;8937AN;False;False;False;53.19504123829831;5.828602934831745;WarmteAtlas:CO2EmissieBedrijven;;;
847;NL;;220298;RWZI Leiden Noord;Leiden;Stadspolderweg;2316AH;8;;93905;465514;37.00;Afvalwaterinzameling en -behandeling;Riolering en waterzuiveringsinstallaties;Energiegebruik en processen Riolering en waterzuiveringsinstallaties;CO2;3.220336;3.96369;3.990531;4.431387;4.895276;2.737705;3.995247;4.535142;5.619809;Overig;89.046262;89.046262;RWZI;2;Bleu;2024;BU05460800;GM0546;2316.0;2316AH;BU05460800;GM0546;2316.0;2316AH;BU05460800;GM0546;2316.0;2316AH;False;False;False;52.17438883835672;4.494047648891057;WarmteAtlas:CO2EmissieBedrijven;;;
848;NL;;220299;RWZI Leiden Zuid-West;Leiden;Voorschoterweg;2324AB;16;;92483;461314;37.00;Afvalwaterinzameling en -behandeling;Riolering en waterzuiveringsinstallaties;Energiegebruik en processen Riolering en waterzuiveringsinstallaties;CO2;4.669659;3.395576;4.3784;4.845208;6.016352;6.800305;6.452536;6.148471;7.297222;Overig;115.624991;115.624991;RWZI;2;Bleu;2024;BU05460507;GM0546;2324.0;2324AB;BU05460507;GM0546;2324.0;2324AB;BU05460507;GM0546;2324.0;2324AB;False;False;False;52.13648429387861;4.47403433182619;WarmteAtlas:CO2EmissieBedrijven;;;
849;NL;;220300;RWZI Leimuiden;Leimuiden;Kerklaan;2451CH;100;;104885;470482;37.00;Afvalwaterinzameling en -behandeling;Riolering en waterzuiveringsinstallaties;Energiegebruik en processen Riolering en waterzuiveringsinstallaties;CO2;0.061042;0.193615;0.278941;0.279108;0.418387;0.343079;0.508561;0.543803;0.406742;Overig;6.444853;6.444853;RWZI;1;Bleu;2024;BU18840408;GM1884;2451.0;2451VX;BU18840408;GM1884;2451.0;2451VX;BU18840408;GM1884;2451.0;2451VX;False;False;False;52.22014313367109;4.653817642290081;WarmteAtlas:CO2EmissieBedrijven;;;
850;NL;;220301;AWZI Lelystad;Lelystad;Zuiveringweg;8243PE;106;;162600;501700;37.00;Afvalwaterinzameling en -behandeling;Riolering en waterzuiveringsinstallaties;Energiegebruik en processen Riolering en waterzuiveringsinstallaties;CO2;1.6776;0.753342;2.635616;2.730912;2.431353;2.344885;2.255905;2.29795;2.346143;Overig;37.174797;37.174797;RWZI;2;Bleu;2024;BU09950312;GM0995;8225.0;8225MA;BU09950312;GM0995;8225.0;8225MA;BU09950312;GM0995;8225.0;8225MA;False;False;False;52.502940774055546;5.499133730569466;WarmteAtlas:CO2EmissieBedrijven;;;
851;NL;;220302;RWZI Lemmer;Lemmer;Wielenwei;8531PM;1;;176200;541600;37.00;Afvalwaterinzameling en -behandeling;Riolering en waterzuiveringsinstallaties;Energiegebruik en processen Riolering en waterzuiveringsinstallaties;CO2;0.688494;0.331038;0.361358;0.454482;0.454284;0.689024;0.413212;0.347772;0.405928;Overig;6.431951;6.431951;RWZI;1;Bleu;2024;BU19402305;GM1940;8531.0;8531ZX;BU19402305;GM1940;8531.0;8531ZX;BU19402305;GM1940;8531.0;8531ZX;False;False;False;52.86115639255848;5.701985489604608;WarmteAtlas:CO2EmissieBedrijven;;;
852;NL;;220303;RWZI Lichtenvoorde;Lichtenvoorde;Boschlaan;7131RB;18;;235624;446187;37.00;Afvalwaterinzameling en -behandeling;Riolering en waterzuiveringsinstallaties;Energiegebruik en processen Riolering en waterzuiveringsinstallaties;CO2;1.69688;0.850126;1.51429;0.952886;1.020746;1.058119;0.871319;0.534393;0.695965;Overig;11.027622;11.027622;RWZI;1;Bleu;2024;BU15860116;GM1586;7131.0;7131RB;BU15860116;GM1586;7131.0;7131RB;BU15860116;GM1586;7131.0;7131RB;False;False;False;51.99819786529069;6.5612359754702325;WarmteAtlas:CO2EmissieBedrijven;;;
853;NL;;220304;RWZI Maastricht-Limmel;Maastricht;Ankerkade;6222NL;225;;177213;320325;37.00;Afvalwaterinzameling en -behandeling;Riolering en waterzuiveringsinstallaties;Energiegebruik en processen Riolering en waterzuiveringsinstallaties;CO2;0.814535;4.558562;7.035223;2.947141;3.897181;4.538245;4.473066;4.906959;3.764517;Overig;59.649042;59.649042;RWZI;2;Bleu;2024;BU09350404;GM0935;6222.0;6222NL;BU09350404;GM0935;6222.0;6222NL;BU09350404;GM0935;6222.0;6222NL;False;False;False;50.87230177796298;5.702757748248844;WarmteAtlas:CO2EmissieBedrijven;;;
854;NL;;220305;RWZI Lisse;Lisse;Gerard Doustraat;2162CN;1;;98600;473400;37.00;Afvalwaterinzameling en -behandeling;Riolering en waterzuiveringsinstallaties;Energiegebruik en processen Riolering en waterzuiveringsinstallaties;CO2;1.114938;0.799335;1.017853;0.656224;0.815933;0.84019;0.73769;0.47903;0.788209;Overig;12.489223;12.489223;RWZI;1;Bleu;2024;BU05530304;GM0553;2162.0;2162CA;BU05530304;GM0553;2162.0;2162CA;BU05530304;GM0553;2162.0;2162CA;False;False;False;52.24576043302192;4.561365004799877;WarmteAtlas:CO2EmissieBedrijven;;;
855;NL;;220306;RWZI Loenen aan de Vecht;Loenen aan de Vecht;Oost Kanaaldijk;3632GA;2;;129000;470700;37.00;Afvalwaterinzameling en -behandeling;Riolering en waterzuiveringsinstallaties;Energiegebruik en processen Riolering en waterzuiveringsinstallaties;CO2;0.318977;0.270085;0.187954;0.202903;0.285676;0.205306;0.220661;0.213931;0.197522;Overig;3.12975;3.12975;RWZI;1;Bleu;2024;BU19040304;GM1904;3632.0;3632AM;BU19040304;GM1904;3632.0;3632AM;BU19040304;GM1904;3632.0;3632AM;False;False;False;52.22376639947118;5.00669045690968;WarmteAtlas:CO2EmissieBedrijven;;;
856;NL;;220307;RWZI Lopik;Lopik;Zuiderparklaan;3411ML;1;;125557;442432;37.00;Afvalwaterinzameling en -behandeling;Riolering en waterzuiveringsinstallaties;Energiegebruik en processen Riolering en waterzuiveringsinstallaties;CO2;0.505832;0.742262;0.7151;0.490655;0.591018;0.611273;0.6801;0.585606;0.61845;Overig;9.799381;9.799381;RWZI;1;Bleu;2024;BU03310009;GM0331;3411.0;3411ML;BU03310009;GM0331;3411.0;3411ML;BU03310009;GM0331;3411.0;3411ML;False;False;False;51.969526053782026;4.95874409724724;WarmteAtlas:CO2EmissieBedrijven;;;
857;NL;;220308;RWZI Losser;Losser;Ravenhorsterweg;7581PB;12;;266000;476000;37.00;Afvalwaterinzameling en -behandeling;Riolering en waterzuiveringsinstallaties;Energiegebruik en processen Riolering en waterzuiveringsinstallaties;CO2;2.361956;0.451501;0.891464;1.015579;1.246932;1.273576;0.683046;0.583412;1.032875;Overig;16.365981;16.365981;RWZI;1;Bleu;2024;BU01680003;GM0168;7581.0;7581PB;BU01680003;GM0168;7581.0;7581PB;BU01680003;GM0168;7581.0;7581PB;False;False;False;52.26082471424416;7.013146071693054;WarmteAtlas:CO2EmissieBedrijven;;;
858;NL;;220310;RWZI Maarheeze;Soerendonk;Perkstraat;6027RC;1;;169275;369189;37.00;Afvalwaterinzameling en -behandeling;Riolering en waterzuiveringsinstallaties;Energiegebruik en processen Riolering en waterzuiveringsinstallaties;CO2;1.224024;0.403247;0.968327;1.0611;0.72664;0.61949;0.638036;0.793227;0.664272;Overig;10.525429;10.525429;RWZI;1;Bleu;2024;BU17060409;GM1706;6027.0;6027RC;BU17060409;GM1706;6027.0;6027RC;BU17060409;GM1706;6027.0;6027RC;False;False;False;51.31178005528792;5.591937262689781;WarmteAtlas:CO2EmissieBedrijven;;;
859;NL;;220311;RWZI Maarssen;Maarssen;Diependaalsedijk;3601GN;120;;131200;462700;37.00;Afvalwaterinzameling en -behandeling;Riolering en waterzuiveringsinstallaties;Energiegebruik en processen Riolering en waterzuiveringsinstallaties;CO2;0.52913;0.479866;0.590295;0.336808;0.0;0.0;0.0;0.0;0.0;Overig;0.0;0.0;RWZI;0;Bleu;2024;BU19040113;GM1904;3601.0;3601JX;BU19040113;GM1904;3601.0;3601JX;BU19040113;GM1904;3601.0;3601JX;False;False;False;52.15196377898255;5.0394481615038185;WarmteAtlas:CO2EmissieBedrijven;;;
860;NL;;220312;RWZI Maarssenbroek;Maarssen;Sterrebaan;3606EA;1;;131545;459144;37.00;Afvalwaterinzameling en -behandeling;Riolering en waterzuiveringsinstallaties;Energiegebruik en processen Riolering en waterzuiveringsinstallaties;CO2;1.23903;1.011597;1.459856;1.35495;0.0;0.0;0.0;0.0;0.0;Overig;0.0;0.0;RWZI;0;Bleu;2024;BU03440133;GM0344;3542.0;3542DJ;BU03440133;GM0344;3542.0;3542DJ;BU03440133;GM0344;3542.0;3542DJ;False;False;False;52.120017816503314;5.044734165175164;WarmteAtlas:CO2EmissieBedrijven;;;
861;NL;;220313;RWZI Maasbommel;Maasbommel;Kapelstraat;6627AV;19;;164300;426800;37.00;Afvalwaterinzameling en -behandeling;Riolering en waterzuiveringsinstallaties;Energiegebruik en processen Riolering en waterzuiveringsinstallaties;CO2;0.019782;0.009079;0.076682;0.063344;0.085933;0.070246;0.077158;0.082751;0.084372;Overig;1.336883;1.336883;RWZI;1;Bleu;2024;BU06680701;GM0668;6627.0;6627AV;BU06680701;GM0668;6627.0;6627AV;BU06680701;GM0668;6627.0;6627AV;False;False;False;51.82972344310307;5.522116601898303;WarmteAtlas:CO2EmissieBedrijven;;;
862;NL;;220314;RWZI Marum;Marum;Parallelweg;9363TG;1;;213502;574380;37.00;Afvalwaterinzameling en -behandeling;Riolering en waterzuiveringsinstallaties;Energiegebruik en processen Riolering en waterzuiveringsinstallaties;CO2;0.491297;0.317384;0.303348;0.295832;0.19283;0.182476;0.209184;0.234212;0.153083;Overig;2.425617;2.425617;RWZI;1;Bleu;2024;BU19691100;GM1969;9363.0;9363TG;BU19691100;GM1969;9363.0;9363TG;BU19691100;GM1969;9363.0;9363TG;False;False;False;53.152946512316234;6.261707585833304;WarmteAtlas:CO2EmissieBedrijven;;;
863;NL;;220315;RWZI Mastgat;Bruinisse;Verloren Kostweg;4311RD;3;;63300;405700;37.00;Afvalwaterinzameling en -behandeling;Riolering en waterzuiveringsinstallaties;Energiegebruik en processen Riolering en waterzuiveringsinstallaties;CO2;0.398722;0.418468;0.366811;0.307199;0.189027;0.268508;0.255759;0.130554;0.073896;Overig;1.170882;1.170882;RWZI;1;Bleu;2024;BU16760509;GM1676;4311.0;4311RD;BU16760509;GM1676;4311.0;4311RD;BU16760509;GM1676;4311.0;4311RD;False;False;False;51.63264946931251;4.062657357580027;WarmteAtlas:CO2EmissieBedrijven;;;
864;NL;;220316;RWZI Meerkerk;Meerkerk;Burg.Sloblaan;4231AA;49;;127600;436600;37.00;Afvalwaterinzameling en -behandeling;Riolering en waterzuiveringsinstallaties;Energiegebruik en processen Riolering en waterzuiveringsinstallaties;CO2;0.136151;0.29416;0.125317;0.0;0.0;0.0;0.0;0.0;0.0;Overig;0.0;0.0;RWZI;0;Bleu;2024;BU19610504;GM1961;4231.0;4231AC;BU19610504;GM1961;4231.0;4231AC;BU19610504;GM1961;4231.0;4231AC;False;False;False;51.91721227837442;4.988938396539294;WarmteAtlas:CO2EmissieBedrijven;;;
865;NL;;220317;RWZI Meijel;Meijel;Eerenbeemd;5768PC;4;;188600;373400;37.00;Afvalwaterinzameling en -behandeling;Riolering en waterzuiveringsinstallaties;Energiegebruik en processen Riolering en waterzuiveringsinstallaties;CO2;0.287584;0.112687;0.350836;0.240237;0.249393;0.264998;0.131083;0.140437;0.171306;Overig;2.714353;2.714353;RWZI;1;Bleu;2024;BU18940507;GM1894;5768.0;5768PC;BU18940507;GM1894;5768.0;5768PC;BU18940507;GM1894;5768.0;5768PC;False;False;False;51.34881288193126;5.869495568550877;WarmteAtlas:CO2EmissieBedrijven;;;
866;NL;;220318;RWZI Melissant;Melissant;Molendijk;3248BA;39;A;63500;420600;37.00;Afvalwaterinzameling en -behandeling;Riolering en waterzuiveringsinstallaties;Energiegebruik en processen Riolering en waterzuiveringsinstallaties;CO2;0.087874;0.144984;0.0;0.0;0.0;0.0;0.0;0.0;0.0;Overig;0.0;0.0;RWZI;0;Bleu;2024;BU19240802;GM1924;3248.0;3248BA;BU19240802;GM1924;3248.0;3248BA;BU19240802;GM1924;3248.0;3248BA;False;False;False;51.76658157557096;4.061626564670824;WarmteAtlas:CO2EmissieBedrijven;;;
867;NL;;220320;RWZI Meppel;Meppel;Hesselterlandweg;7942HZ;79;;209500;525000;37.00;Afvalwaterinzameling en -behandeling;Riolering en waterzuiveringsinstallaties;Energiegebruik en processen Riolering en waterzuiveringsinstallaties;CO2;3.759337;2.846748;4.161464;2.261349;2.793278;3.048215;2.781868;2.484403;2.277034;Overig;36.079768;36.079768;RWZI;2;Bleu;2024;BU01190900;GM0119;7942.0;7942HZ;BU01190900;GM0119;7942.0;7942HZ;BU01190900;GM0119;7942.0;7942HZ;False;False;False;52.70965970514613;6.193642053316331;WarmteAtlas:CO2EmissieBedrijven;;;
868;NL;;220321;AWZI Middelharnis;Middelharnis;Westhavendijk;3241LP;11;;71600;420700;37.00;Afvalwaterinzameling en -behandeling;Riolering en waterzuiveringsinstallaties;Energiegebruik en processen Riolering en waterzuiveringsinstallaties;CO2;0.522545;0.418241;0.674563;0.82791;1.216446;1.111823;1.271018;0.841991;0.952005;Overig;15.084594;15.084594;RWZI;1;Bleu;2024;BU19240307;GM1924;3241.0;3241LP;BU19240307;GM1924;3241.0;3241LP;BU19240307;GM1924;3241.0;3241LP;False;False;False;51.768747941751464;4.178922445164048;WarmteAtlas:CO2EmissieBedrijven;;;
869;NL;;220322;RWZI Montfoort;Montfoort;Oeverweg;3417XK;7;;124219;450515;37.00;Afvalwaterinzameling en -behandeling;Riolering en waterzuiveringsinstallaties;Energiegebruik en processen Riolering en waterzuiveringsinstallaties;CO2;0.476434;0.6898;0.350998;0.359918;0.612381;0.423286;0.31831;0.371116;0.411519;Overig;6.520555;6.520555;RWZI;1;Bleu;2024;BU03350000;GM0335;3417.0;3417XK;BU03350000;GM0335;3417.0;3417XK;BU03350000;GM0335;3417.0;3417XK;False;False;False;52.042102878707624;4.9385475512782016;WarmteAtlas:CO2EmissieBedrijven;;;
870;NL;;220323;RWZI Neede;Neede;Kronenkamp;7161HE;14;;238200;460900;37.00;Afvalwaterinzameling en -behandeling;Riolering en waterzuiveringsinstallaties;Energiegebruik en processen Riolering en waterzuiveringsinstallaties;CO2;0.243224;0.535713;0.0;0.0;0.0;0.0;0.0;0.0;0.0;Overig;0.0;0.0;RWZI;0;Bleu;2024;BU18590317;GM1859;7161.0;7161KH;BU18590317;GM1859;7161.0;7161KH;BU18590317;GM1859;7161.0;7161KH;False;False;False;52.130034866940875;6.602325346550775;WarmteAtlas:CO2EmissieBedrijven;;;
871;NL;;220324;RWZI Nieuw Lekkerland;Nieuw Lekkerland;Koggeplantsoen;2957EN;13;B;104800;433400;37.00;Afvalwaterinzameling en -behandeling;Riolering en waterzuiveringsinstallaties;Energiegebruik en processen Riolering en waterzuiveringsinstallaties;CO2;0.083257;0.174671;0.262486;0.254764;0.0;0.0;0.0;0.0;0.0;Overig;0.0;0.0;RWZI;0;Bleu;2024;BU19781202;GM1978;2957.0;2957EN;BU19781202;GM1978;2957.0;2957EN;BU19781202;GM1978;2957.0;2957EN;False;False;False;51.886861869056936;4.658022380846714;WarmteAtlas:CO2EmissieBedrijven;;;
872;NL;;220325;RWZI Nieuwaal;Nieuwaal;J. Ekelmansstraat;5313;;;140800;424400;37.00;Afvalwaterinzameling en -behandeling;Riolering en waterzuiveringsinstallaties;Energiegebruik en processen Riolering en waterzuiveringsinstallaties;CO2;0.0157;0.018948;0.0;0.0;0.0;0.0;0.0;0.0;0.0;Overig;0.0;0.0;RWZI;0;Bleu;2024;BU02970209;GM0297;5313.0;5313AM;BU02970209;GM0297;5313.0;5313AM;BU02970209;GM0297;5313.0;5313AM;False;False;False;51.8080487126957;5.18130301492354;WarmteAtlas:CO2EmissieBedrijven;;;
873;NL;;220326;RWZI Nieuwe Waterweg;Hoek Van Holland;Kulkweg;3153XE;100;;70200;442700;37.00;Afvalwaterinzameling en -behandeling;Riolering en waterzuiveringsinstallaties;Energiegebruik en processen Riolering en waterzuiveringsinstallaties;CO2;2.085793;2.369243;3.020485;3.34322;3.492505;3.557803;1.107885;2.326929;2.794952;Overig;44.286205;44.286205;RWZI;2;Bleu;2024;BU05991703;GM0599;3151.0;3151ZK;BU05991703;GM0599;3151.0;3151ZK;BU05991703;GM0599;3151.0;3151ZK;False;False;False;51.966243008758866;4.153235152303337;WarmteAtlas:CO2EmissieBedrijven;;;
874;NL;;220327;RWZI Nieuwe Wetering;Nieuwe Wetering;Bovenweg;2376BE;12;;101300;469900;37.00;Afvalwaterinzameling en -behandeling;Riolering en waterzuiveringsinstallaties;Energiegebruik en processen Riolering en waterzuiveringsinstallaties;CO2;0.790482;0.468672;0.744503;1.040337;1.097417;1.273443;0.939146;0.587827;0.807755;Overig;12.798932;12.798932;RWZI;1;Bleu;2024;BU18840107;GM1884;2375.0;2375NH;BU18840107;GM1884;2375.0;2375NH;BU18840107;GM1884;2375.0;2375NH;False;False;False;52.214575210618044;4.60145134197884;WarmteAtlas:CO2EmissieBedrijven;;;
875;NL;;220328;RWZI Nieuwegein;Nieuwegein;Het Klaphek;3401RZ;1;;133256;446219;37.00;Afvalwaterinzameling en -behandeling;Riolering en waterzuiveringsinstallaties;Energiegebruik en processen Riolering en waterzuiveringsinstallaties;CO2;2.800133;5.806235;5.598461;8.334923;5.185511;5.602348;5.823492;6.378178;5.693417;Overig;90.212596;90.212596;RWZI;2;Bleu;2024;BU03530030;GM0353;3401.0;3401RZ;BU03530030;GM0353;3401.0;3401RZ;BU03530030;GM0353;3401.0;3401RZ;False;False;False;52.00391842874025;5.070539000415452;WarmteAtlas:CO2EmissieBedrijven;;;
876;NL;;220329;RWZI Kortenoord;Nieuwerkerk aan de IJssel;Van Gennepweg;2911BS;1;;103000;442900;37.00;Afvalwaterinzameling en -behandeling;Riolering en waterzuiveringsinstallaties;Energiegebruik en processen Riolering en waterzuiveringsinstallaties;CO2;1.113564;1.425725;1.711785;2.236251;2.7172;2.282445;2.883613;2.665403;2.421347;Overig;38.366408;38.366408;RWZI;2;Bleu;2024;BU18920406;GM1892;2911.0;2911BS;BU18920406;GM1892;2911.0;2911BS;BU18920406;GM1892;2911.0;2911BS;False;False;False;51.9720789309386;4.630441912584946;WarmteAtlas:CO2EmissieBedrijven;;;
877;NL;;220330;RWZI Nieuwveen;Nieuwveen;Schoterweg;2441LB;3;nst;112000;466800;37.00;Afvalwaterinzameling en -behandeling;Riolering en waterzuiveringsinstallaties;Energiegebruik en processen Riolering en waterzuiveringsinstallaties;CO2;0.348545;0.76384;0.570777;1.066032;0.950576;1.069222;0.906041;0.671712;0.866847;Overig;13.735254;13.735254;RWZI;1;Bleu;2024;BU05690108;GM0569;2441.0;2441LC;BU05690927;GM0569;2441.0;2441LC;BU05690927;GM0569;2441.0;2441LC;True;False;False;52.187652099199816;4.758399497729878;WarmteAtlas:CO2EmissieBedrijven;;;
878;NL;;220331;RWZI Nijkerk;Nijkerk;Ambachtstraat;3861MB;6;;160917;471522;37.00;Afvalwaterinzameling en -behandeling;Riolering en waterzuiveringsinstallaties;Energiegebruik en processen Riolering en waterzuiveringsinstallaties;CO2;1.225856;1.761007;5.241145;3.927335;4.468461;4.116481;2.651432;4.28453;2.58892;Overig;41.021624;41.021624;RWZI;2;Bleu;2024;BU02670101;GM0267;3861.0;3861RH;BU02670101;GM0267;3861.0;3861RH;BU02670101;GM0267;3861.0;3861RH;False;False;False;52.231735029020065;5.4738150734811475;WarmteAtlas:CO2EmissieBedrijven;;;
879;NL;;220332;RWZI Nijverdal;Nijverdal;Helmkruidlaan;7443TB;2;;229100;487300;37.00;Afvalwaterinzameling en -behandeling;Riolering en waterzuiveringsinstallaties;Energiegebruik en processen Riolering en waterzuiveringsinstallaties;CO2;4.507261;3.710666;3.138787;2.145124;2.027018;2.694769;2.225112;2.027604;1.466006;Overig;23.228966;23.228966;RWZI;1;Bleu;2024;BU01630506;GM0163;7443.0;7443PL;BU01630506;GM0163;7443.0;7443PL;BU01630506;GM0163;7443.0;7443PL;False;False;False;52.36857226671049;6.4752316114121005;WarmteAtlas:CO2EmissieBedrijven;;;
880;NL;;220333;AWZI Tollebeek;Tollebeek;Urkerweg;8309PP;32;;175300;522200;37.00;Afvalwaterinzameling en -behandeling;Riolering en waterzuiveringsinstallaties;Energiegebruik en processen Riolering en waterzuiveringsinstallaties;CO2;2.014915;2.229409;2.498585;4.966562;5.574937;5.722547;5.978189;9.170072;9.762477;Overig;154.68714;154.68714;RWZI;2;Bleu;2024;BU01710839;GM0171;8309.0;8309PP;BU01710839;GM0171;8309.0;8309PP;BU01710839;GM0171;8309.0;8309PP;False;False;False;52.686850511576615;5.68742483790792;WarmteAtlas:CO2EmissieBedrijven;;;
881;NL;;220334;RWZI Noordwijk;Noordwijk;Achterweg;2201AH;11;;90800;470800;37.00;Afvalwaterinzameling en -behandeling;Riolering en waterzuiveringsinstallaties;Energiegebruik en processen Riolering en waterzuiveringsinstallaties;CO2;0.720991;0.954906;1.485264;1.774636;1.654389;1.708277;2.012051;1.893689;1.727467;Overig;27.371841;27.371841;RWZI;1;Bleu;2024;BU05750203;GM0575;2201.0;2201AH;BU05750203;GM0575;2201.0;2201AH;BU05750203;GM0575;2201.0;2201AH;False;False;False;52.221541251731;4.447660202061594;WarmteAtlas:CO2EmissieBedrijven;;;
882;NL;;220335;RWZI Noordwijkerhout;Noordwijkerhout;Schippersvaartweg;2211TL;64;;95300;474500;37.00;Afvalwaterinzameling en -behandeling;Riolering en waterzuiveringsinstallaties;Energiegebruik en processen Riolering en waterzuiveringsinstallaties;CO2;1.877922;0.543773;0.54189;0.0;0.0;0.0;0.0;0.0;0.0;Overig;0.0;0.0;RWZI;0;Bleu;2024;BU05750401;GM0575;2211.0;2211TL;BU05750401;GM0575;2211.0;2211TL;BU05750401;GM0575;2211.0;2211TL;False;False;False;52.25529845051858;4.512855707959929;WarmteAtlas:CO2EmissieBedrijven;;;
883;NL;;220336;RWZI Numansdorp;Numansdorp;Molendijk;3281LT;113;;88269;415704;37.00;Afvalwaterinzameling en -behandeling;Riolering en waterzuiveringsinstallaties;Energiegebruik en processen Riolering en waterzuiveringsinstallaties;CO2;0.673356;0.306556;0.332005;0.407779;0.587985;0.456771;0.402722;0.528202;0.435633;Overig;6.902635;6.902635;RWZI;1;Bleu;2024;BU19630999;GM1963;3281.0;3281LT;BU19630999;GM1963;3281.0;3281LT;BU19630999;GM1963;3281.0;3281LT;False;False;False;51.72608635604727;4.4213428157095445;WarmteAtlas:CO2EmissieBedrijven;;;
884;NL;;220337;RWZI Oisterwijk;Haaren;Oisterwijksedreef;5076NA;1;B;143700;399800;37.00;Afvalwaterinzameling en -behandeling;Riolering en waterzuiveringsinstallaties;Energiegebruik en processen Riolering en waterzuiveringsinstallaties;CO2;1.055942;1.10275;2.444964;0.943814;1.285101;0.865641;0.923586;1.119794;1.107016;Overig;17.540743;17.540743;RWZI;1;Bleu;2024;BU08242004;GM0824;5076.0;5076NA;BU08241701;GM0824;5076.0;5076NA;BU08241701;GM0824;5076.0;5076NA;True;False;False;51.58699895178761;5.224150975888187;WarmteAtlas:CO2EmissieBedrijven;;;
885;NL;;220338;RWZI Olburgen;Olburgen;Olburgseweg;7225NB;42;;207000;451200;37.00;Afvalwaterinzameling en -behandeling;Riolering en waterzuiveringsinstallaties;Energiegebruik en processen Riolering en waterzuiveringsinstallaties;CO2;3.645074;3.688224;3.670202;4.373992;2.260328;3.128412;3.082355;2.520474;3.069732;Overig;48.640118;48.640118;RWZI;2;Bleu;2024;BU18760307;GM1876;7225.0;7225NB;BU18760307;GM1876;7225.0;7225NB;BU18760307;GM1876;7225.0;7225NB;False;False;False;52.04667305023389;6.1452246769479455;WarmteAtlas:CO2EmissieBedrijven;;;
886;NL;;220339;RWZI Oldenzaal;Oldenzaal;Oude Almeloseweg;7576PE;6;;257700;481300;37.00;Afvalwaterinzameling en -behandeling;Riolering en waterzuiveringsinstallaties;Energiegebruik en processen Riolering en waterzuiveringsinstallaties;CO2;1.40926;2.507125;1.557296;1.88631;2.526408;1.919976;1.854692;1.771912;3.267208;Overig;51.769149;51.769149;RWZI;2;Bleu;2024;BU01731000;GM0173;7576.0;7576PE;BU01731000;GM0173;7576.0;7576PE;BU01731000;GM0173;7576.0;7576PE;False;False;False;52.310056621365284;6.893221239546456;WarmteAtlas:CO2EmissieBedrijven;;;
887;NL;;220340;RWZI Olst;Olst;Rijksstraatweg;8121EE;52;;204280;484839;37.00;Afvalwaterinzameling en -behandeling;Riolering en waterzuiveringsinstallaties;Energiegebruik en processen Riolering en waterzuiveringsinstallaties;CO2;0.0;0.539745;1.144266;0.8858;0.721058;0.58742;0.596915;0.675929;0.73571;Overig;11.65737;11.65737;RWZI;1;Bleu;2024;BU17730728;GM1773;8121.0;8121EE;BU17730728;GM1773;8121.0;8121EE;BU17730728;GM1773;8121.0;8121EE;False;False;False;52.34924467607562;6.110467959624676;WarmteAtlas:CO2EmissieBedrijven;;;
888;NL;;220341;RWZI Ommen;Ommen;Broekdijkje;7731RJ;7;;224213;504747;37.00;Afvalwaterinzameling en -behandeling;Riolering en waterzuiveringsinstallaties;Energiegebruik en processen Riolering en waterzuiveringsinstallaties;CO2;0.451082;0.8409;0.837618;1.075956;0.623538;0.758051;0.622951;0.604545;0.695675;Overig;11.023017;11.023017;RWZI;1;Bleu;2024;BU01750116;GM0175;7731.0;7731RJ;BU01750116;GM0175;7731.0;7731RJ;BU01750116;GM0175;7731.0;7731RJ;False;False;False;52.52599357786353;6.407094400098758;WarmteAtlas:CO2EmissieBedrijven;;;
889;NL;;220342;RWZI Onderdendam;Onderdendam;Bedumerweg;9959PH;68;;235354;594013;37.00;Afvalwaterinzameling en -behandeling;Riolering en waterzuiveringsinstallaties;Energiegebruik en processen Riolering en waterzuiveringsinstallaties;CO2;0.57199;0.444396;0.358481;0.249772;0.368568;0.452786;0.274866;0.320989;0.245446;Overig;3.889104;3.889104;RWZI;1;Bleu;2024;BU19660802;GM1966;9959.0;9959PH;BU19660802;GM1966;9959.0;9959PH;BU19660802;GM1966;9959.0;9959PH;False;False;False;53.3264986978182;6.593209905914542;WarmteAtlas:CO2EmissieBedrijven;;;
890;NL;;220343;RWZI Ooltgensplaat;Ooltgensplaat;Rode Sluisweg;3257LW;1;;83750;409858;37.00;Afvalwaterinzameling en -behandeling;Riolering en waterzuiveringsinstallaties;Energiegebruik en processen Riolering en waterzuiveringsinstallaties;CO2;0.063323;0.050806;0.07131;0.083702;0.064252;0.057056;0.064966;0.068471;0.070101;Overig;1.110763;1.110763;RWZI;1;Bleu;2024;BU19240403;GM1924;3257.0;3257LW;BU19240403;GM1924;3257.0;3257LW;BU19240403;GM1924;3257.0;3257LW;False;False;False;51.67298928451501;4.357142209971522;WarmteAtlas:CO2EmissieBedrijven;;;
891;NL;;220344;RWZI Oostburg;Oostburg;Maaidijk;4501PL;;;23604;373884;37.00;Afvalwaterinzameling en -behandeling;Riolering en waterzuiveringsinstallaties;Energiegebruik en processen Riolering en waterzuiveringsinstallaties;CO2;0.206939;0.42259;0.289779;0.184065;0.232627;0.216423;0.341484;0.296395;0.138053;Overig;2.187452;2.187452;RWZI;1;Bleu;2024;BU17140509;GM1714;4501.0;4501PK;BU17140509;GM1714;4501.0;4501PK;BU17140509;GM1714;4501.0;4501PK;False;False;False;51.33889985197954;3.501414152996774;WarmteAtlas:CO2EmissieBedrijven;;;
892;NL;;220345;RWZI Oosterend;Oosterend;Nieuweschild;1794GG;;;120976;566024;37.00;Afvalwaterinzameling en -behandeling;Riolering en waterzuiveringsinstallaties;Energiegebruik en processen Riolering en waterzuiveringsinstallaties;CO2;0.06768;0.049079;0.029302;0.0;0.0;0.0;0.0;0.0;0.0;Overig;0.0;0.0;RWZI;0;Bleu;2024;BU04480007;GM0448;1794.0;1794GC;BU04480007;GM0448;1794.0;1794GC;BU04480007;GM0448;1794.0;1794GC;False;False;False;53.079975887755175;4.879469890907582;WarmteAtlas:CO2EmissieBedrijven;;;
893;NL;;220346;RWZI Oosterwolde;Oosterwolde;Duistereweg;8431VT;19;;214900;556300;37.00;Afvalwaterinzameling en -behandeling;Riolering en waterzuiveringsinstallaties;Energiegebruik en processen Riolering en waterzuiveringsinstallaties;CO2;1.942901;0.711212;1.467577;1.095254;1.239542;1.192898;1.097148;1.144402;1.059358;Overig;16.785596;16.785596;RWZI;1;Bleu;2024;BU00851118;GM0085;8431.0;8431VV;BU00851118;GM0085;8431.0;8431VV;BU00851118;GM0085;8431.0;8431VV;False;False;False;52.99034227919498;6.279258848615983;WarmteAtlas:CO2EmissieBedrijven;;;
894;NL;;220347;RWZI Oosthuizen;Oosthuizen;Beetsdijkje;1474HM;2;;128400;510300;37.00;Afvalwaterinzameling en -behandeling;Riolering en waterzuiveringsinstallaties;Energiegebruik en processen Riolering en waterzuiveringsinstallaties;CO2;0.216259;0.117232;0.231973;0.134573;0.138274;0.092097;0.105996;0.134224;0.113837;Overig;1.803748;1.803748;RWZI;1;Bleu;2024;BU03850401;GM0385;1474.0;1474HP;BU03850401;GM0385;1474.0;1474HP;BU03850401;GM0385;1474.0;1474HP;False;False;False;52.57963613856342;4.994771045491514;WarmteAtlas:CO2EmissieBedrijven;;;
895;NL;;220348;RWZI Oostvoorne;Oostvoorne;Scheitweekseweg;3233LT;1;A;67633;437263;37.00;Afvalwaterinzameling en -behandeling;Riolering en waterzuiveringsinstallaties;Energiegebruik en processen Riolering en waterzuiveringsinstallaties;CO2;0.331283;0.331392;0.470759;0.540369;0.784044;0.572521;0.485144;0.518874;0.707592;Overig;11.211847;11.211847;RWZI;1;Bleu;2024;BU19922109;GM1992;3233.0;3233LT;BU19922109;GM1992;3233.0;3233LT;BU19922109;GM1992;3233.0;3233LT;False;False;False;51.91698603854721;4.117272507865783;WarmteAtlas:CO2EmissieBedrijven;;;
896;NL;;220349;RWZI Ootmarsum;Tilligte;Wiemselweg;7643PX;16;;260100;492800;37.00;Afvalwaterinzameling en -behandeling;Riolering en waterzuiveringsinstallaties;Energiegebruik en processen Riolering en waterzuiveringsinstallaties;CO2;0.362873;0.288411;0.328215;0.374856;0.363493;0.39958;0.370706;0.387597;0.431849;Overig;6.842682;6.842682;RWZI;1;Bleu;2024;BU17741299;GM1774;7634.0;7634PZ;BU17741299;GM1774;7634.0;7634PZ;BU17741299;GM1774;7634.0;7634PZ;False;False;False;52.41292991041468;6.9319986241746925;WarmteAtlas:CO2EmissieBedrijven;;;
897;NL;;220350;RWZI Ossendrecht;Ossendrecht;Kasteelstraat;4641JM;11;;80900;378500;37.00;Afvalwaterinzameling en -behandeling;Riolering en waterzuiveringsinstallaties;Energiegebruik en processen Riolering en waterzuiveringsinstallaties;CO2;0.153454;0.098285;0.161149;0.217418;0.257147;0.098887;0.253114;0.147798;0.04264;Overig;0.675627;0.675627;RWZI;1;Bleu;2024;BU08730208;GM0873;4641.0;4641JM;BU08730208;GM0873;4641.0;4641JM;BU08730208;GM0873;4641.0;4641JM;False;False;False;51.390794285319444;4.3225689014970605;WarmteAtlas:CO2EmissieBedrijven;;;
898;NL;;220351;RWZI Oud Beijerland;Oud Beijerland;Röntgenstraat;3261LK;20;;88992;427000;37.00;Afvalwaterinzameling en -behandeling;Riolering en waterzuiveringsinstallaties;Energiegebruik en processen Riolering en waterzuiveringsinstallaties;CO2;1.702513;1.072674;0.959109;1.834099;1.509574;1.451183;1.50292;1.371368;1.191039;Overig;18.872097;18.872097;RWZI;1;Bleu;2024;BU19630050;GM1963;3261.0;3261LK;BU19630050;GM1963;3261.0;3261LK;BU19630050;GM1963;3261.0;3261LK;False;False;False;51.82769373056482;4.429654350573562;WarmteAtlas:CO2EmissieBedrijven;;;
899;NL;;220352;RWZI Oude en Nieuwe Niedorp;Nieuwe Niedorp;Westerweg;1733EA;25;A;121100;528100;38.30;Voorbereiding tot recycling;Riolering en waterzuiveringsinstallaties;Energiegebruik en processen Riolering en waterzuiveringsinstallaties;CO2;0.25729;0.282523;0.0;0.0;0.0;0.0;0.0;0.0;0.0;Overig;0.0;0.0;RWZI;0;Bleu;2024;BU19111690;GM1911;1733.0;1733AS;BU19111690;GM1911;1733.0;1733AS;BU19111690;GM1911;1733.0;1733AS;False;False;False;52.739194912214195;4.885254175964658;WarmteAtlas:CO2EmissieBedrijven;;;
900;NL;;220353;RWZI Oude Pekela;Oude Pekela;Winschoterweg;9665BV;32;;264800;571136;37.00;Afvalwaterinzameling en -behandeling;Riolering en waterzuiveringsinstallaties;Energiegebruik en processen Riolering en waterzuiveringsinstallaties;CO2;0.825692;0.3689;0.370189;0.477759;0.276291;0.408493;0.259728;0.40782;0.318576;Overig;5.047859;5.047859;RWZI;1;Bleu;2024;BU07650000;GM0765;9665.0;9665BZ;BU07650000;GM0765;9665.0;9665BZ;BU07650000;GM0765;9665.0;9665BZ;False;False;False;53.11576111631065;7.027185079984507;WarmteAtlas:CO2EmissieBedrijven;;;
901;NL;;220354;RWZI Oude Tonge;Oude Tonge;Zuiderlandsezeedijk;3255LV;4;;71500;411300;37.00;Afvalwaterinzameling en -behandeling;Riolering en waterzuiveringsinstallaties;Energiegebruik en processen Riolering en waterzuiveringsinstallaties;CO2;0.586181;0.742496;0.450281;0.258477;0.433147;0.29003;0.475902;0.306486;0.449757;Overig;7.126426;7.126426;RWZI;1;Bleu;2024;BU19240606;GM1924;3255.0;3255LN;BU19240606;GM1924;3255.0;3255LN;BU19240606;GM1924;3255.0;3255LN;False;False;False;51.68425672516635;4.179733240925457;WarmteAtlas:CO2EmissieBedrijven;;;
902;NL;;220355;RWZI Oudeschild;Oudeschild;Het Buurtje Nb;1792BE;21;;117200;560900;37.00;Afvalwaterinzameling en -behandeling;Riolering en waterzuiveringsinstallaties;Energiegebruik en processen Riolering en waterzuiveringsinstallaties;CO2;0.06025;0.078781;0.0;0.0;0.0;0.0;0.0;0.0;0.0;Overig;0.0;0.0;RWZI;0;Bleu;2024;BU04480007;GM0448;1791.0;1791LJ;BU04480007;GM0448;1791.0;1791LJ;BU04480007;GM0448;1791.0;1791LJ;False;False;False;53.033681338061115;4.823720770871754;WarmteAtlas:CO2EmissieBedrijven;;;
903;NL;;220356;RWZI Oudewater;Oudewater;Goudsestraatweg;3421GK;70;A;118424;448016;37.00;Afvalwaterinzameling en -behandeling;Riolering en waterzuiveringsinstallaties;Energiegebruik en processen Riolering en waterzuiveringsinstallaties;CO2;0.383834;0.761867;0.407386;0.508496;0.367985;0.433766;0.485735;0.323886;0.339326;Overig;5.37664;5.37664;RWZI;1;Bleu;2024;BU05890210;GM0589;3421.0;3421GK;BU05890210;GM0589;3421.0;3421GK;BU05890210;GM0589;3421.0;3421GK;False;False;False;52.01929038089872;4.854351604931934;WarmteAtlas:CO2EmissieBedrijven;;;
904;NL;;220357;RWZI Overasselt;Overasselt;Maasdijk;6611LA;2;;183549;418860;37.00;Afvalwaterinzameling en -behandeling;Riolering en waterzuiveringsinstallaties;Energiegebruik en processen Riolering en waterzuiveringsinstallaties;CO2;0.103396;0.14791;0.146387;0.38035;0.347975;0.311934;0.261412;0.257369;0.298512;Overig;4.729949;4.729949;RWZI;1;Bleu;2024;BU02520104;GM0252;6611.0;6611KW;BU02520104;GM0252;6611.0;6611KW;BU02520104;GM0252;6611.0;6611KW;False;False;False;51.757703515297294;5.800700461778546;WarmteAtlas:CO2EmissieBedrijven;;;
905;NL;;220358;RWZI Papendrecht;Papendrecht;Willem Dreeslaan;3354AW;10;;107800;426600;37.00;Afvalwaterinzameling en -behandeling;Riolering en waterzuiveringsinstallaties;Energiegebruik en processen Riolering en waterzuiveringsinstallaties;CO2;0.836363;0.538274;0.831402;0.804907;0.779388;1.038975;0.889388;0.930257;0.994469;Overig;15.757435;15.757435;RWZI;1;Bleu;2024;BU05900402;GM0590;3354.0;3354XX;BU05900402;GM0590;3354.0;3354XX;BU05900402;GM0590;3354.0;3354XX;False;False;False;51.82600716356197;4.702525760423795;WarmteAtlas:CO2EmissieBedrijven;;;
906;NL;;220359;RWZI Piershil;Piershil;Nwe Piershilseweg;3265LC;2;;83200;423800;37.00;Afvalwaterinzameling en -behandeling;Riolering en waterzuiveringsinstallaties;Energiegebruik en processen Riolering en waterzuiveringsinstallaties;CO2;0.449143;0.127002;0.125676;0.134898;0.195107;0.189249;0.364102;0.167879;0.175842;Overig;2.786231;2.786231;RWZI;1;Bleu;2024;BU19631299;GM1963;3265.0;3265LC;BU19631299;GM1963;3265.0;3265LC;BU19631299;GM1963;3265.0;3265LC;False;False;False;51.798219328375986;4.34630941277798;WarmteAtlas:CO2EmissieBedrijven;;;
907;NL;;220360;RWZI Putte;Putten;Acacialaan;3881EV;2;;85400;375600;37.00;Afvalwaterinzameling en -behandeling;Riolering en waterzuiveringsinstallaties;Energiegebruik en processen Riolering en waterzuiveringsinstallaties;CO2;0.043339;0.092952;0.121933;0.126327;0.16563;0.101653;0.209165;0.135797;0.116954;Overig;1.853141;1.853141;RWZI;1;Bleu;2024;BU08730300;GM0873;4645.0;4645GZ;BU08730300;GM0873;4645.0;4645GZ;BU08730300;GM0873;4645.0;4645GZ;False;False;False;51.36530264530497;4.38778376991612;WarmteAtlas:CO2EmissieBedrijven;;;
908;NL;;220361;RWZI Raalte;Raalte;Hondemotsweg;8101NJ;2;;214653;490119;37.00;Afvalwaterinzameling en -behandeling;Riolering en waterzuiveringsinstallaties;Energiegebruik en processen Riolering en waterzuiveringsinstallaties;CO2;1.360662;1.964162;2.682896;1.818359;1.039201;0.851829;0.921499;0.994772;0.942487;Overig;14.933767;14.933767;RWZI;1;Bleu;2024;BU01770119;GM0177;8101.0;8101NJ;BU01770119;GM0177;8101.0;8101NJ;BU01770119;GM0177;8101.0;8101NJ;False;False;False;52.39566583216894;6.263630500513014;WarmteAtlas:CO2EmissieBedrijven;;;
909;NL;;220363;RWZI Reeuwijk-Randenburg;Waddinxveen;Henegouwerweg;2741KR;4;A;105300;452200;37.00;Afvalwaterinzameling en -behandeling;Riolering en waterzuiveringsinstallaties;Energiegebruik en processen Riolering en waterzuiveringsinstallaties;CO2;1.127276;0.714692;0.935674;1.137928;1.365634;1.416461;1.589497;1.767164;1.496483;Overig;23.711881;23.711881;RWZI;1;Bleu;2024;BU06270304;GM0627;2741.0;2741GA;BU06270304;GM0627;2741.0;2741GA;BU06270304;GM0627;2741.0;2741GA;False;False;False;52.05587365874925;4.662561331349247;WarmteAtlas:CO2EmissieBedrijven;;;
910;NL;;220364;RWZI Renkum;Renkum;Bokkedijk;6871CJ;2;;178200;442100;37.00;Afvalwaterinzameling en -behandeling;Riolering en waterzuiveringsinstallaties;Energiegebruik en processen Riolering en waterzuiveringsinstallaties;CO2;2.140913;2.532553;3.109449;3.359089;3.017108;2.609277;3.455846;3.009024;1.810875;Overig;28.693446;28.693446;RWZI;1;Bleu;2024;BU02740101;GM0274;6871.0;6871CJ;BU02740101;GM0274;6871.0;6871CJ;BU02740101;GM0274;6871.0;6871CJ;False;False;False;51.966836804831786;5.724791774304835;WarmteAtlas:CO2EmissieBedrijven;;;
911;NL;;220365;RWZI Retranchement;Retranchement;Wachtsluis;4525ND;2;;15236;376894;37.00;Afvalwaterinzameling en -behandeling;Riolering en waterzuiveringsinstallaties;Energiegebruik en processen Riolering en waterzuiveringsinstallaties;CO2;0.730909;0.323218;0.160997;0.32848;0.285787;0.346868;0.359564;0.394124;0.21293;Overig;3.373893;3.373893;RWZI;1;Bleu;2024;BU17140109;GM1714;4525.0;4525ND;BU17140109;GM1714;4525.0;4525ND;BU17140109;GM1714;4525.0;4525ND;False;False;False;51.36393701431312;3.380197053590021;WarmteAtlas:CO2EmissieBedrijven;;;
912;NL;;220366;RWZI Rhenen;Rhenen;Remmerden;3911TZ;27;;164900;442800;37.00;Afvalwaterinzameling en -behandeling;Riolering en waterzuiveringsinstallaties;Energiegebruik en processen Riolering en waterzuiveringsinstallaties;CO2;0.669421;0.497713;0.937256;1.168974;1.31801;1.118774;1.338328;1.285953;1.250389;Overig;19.812501;19.812501;RWZI;1;Bleu;2024;BU03400901;GM0340;3911.0;3911TN;BU03400901;GM0340;3911.0;3911TN;BU03400901;GM0340;3911.0;3911TN;False;False;False;51.97352506747588;5.531281376624557;WarmteAtlas:CO2EmissieBedrijven;;;
913;NL;;220367;RWZI Ridderkerk;Ridderkerk;Havenkade;2984AA;18;;102200;431900;37.00;Afvalwaterinzameling en -behandeling;Riolering en waterzuiveringsinstallaties;Energiegebruik en processen Riolering en waterzuiveringsinstallaties;CO2;1.660742;1.94881;1.572572;2.205144;1.537201;1.427329;1.474279;1.540081;1.653579;Overig;26.20107;26.20107;RWZI;1;Bleu;2024;BU05971000;GM0597;2984.0;2984BD;BU05971000;GM0597;2984.0;2984BD;BU05971000;GM0597;2984.0;2984BD;False;False;False;51.87313995454535;4.620488982275987;WarmteAtlas:CO2EmissieBedrijven;;;
914;NL;;220368;RWZI Riel;Riel;Zandeind;5133AC;;;129790;393974;37.00;Afvalwaterinzameling en -behandeling;Riolering en waterzuiveringsinstallaties;Energiegebruik en processen Riolering en waterzuiveringsinstallaties;CO2;0.106525;0.160429;0.311905;0.21798;0.343618;0.355503;0.292934;0.312958;0.299743;Overig;4.749443;4.749443;RWZI;1;Bleu;2024;BU07852331;GM0785;5133.0;5133AC;BU07852331;GM0785;5133.0;5133AC;BU07852331;GM0785;5133.0;5133AC;False;False;False;51.53418034971271;5.023862060833198;WarmteAtlas:CO2EmissieBedrijven;;;
915;NL;;220369;RWZI Rijen;Rijen;Dongenseweg;5121PD;28;b;122799;401716;37.00;Afvalwaterinzameling en -behandeling;Riolering en waterzuiveringsinstallaties;Energiegebruik en processen Riolering en waterzuiveringsinstallaties;CO2;1.903332;2.843914;1.586301;2.33599;2.056686;2.090275;2.031567;1.944334;1.876096;Overig;29.726868;29.726868;RWZI;1;Bleu;2024;BU07840113;GM0784;5121.0;5121PH;BU07840113;GM0784;5121.0;5121PH;BU07840113;GM0784;5121.0;5121PH;False;False;False;51.60341151667084;4.922395351501081;WarmteAtlas:CO2EmissieBedrijven;;;
916;NL;;220370;RWZI Rijnsaterwoude;Rijnsaterwoude;Kalmoeslaan;2465BK;5;;105700;467100;37.00;Afvalwaterinzameling en -behandeling;Riolering en waterzuiveringsinstallaties;Energiegebruik en processen Riolering en waterzuiveringsinstallaties;CO2;0.029935;0.017794;0.026362;0.025966;0.0;0.0;0.0;0.0;0.0;Overig;0.0;0.0;RWZI;0;Bleu;2024;BU18840300;GM1884;2465.0;2465BK;BU18840300;GM1884;2465.0;2465BK;BU18840300;GM1884;2465.0;2465BK;False;False;False;52.18982163618855;4.66623532413708;WarmteAtlas:CO2EmissieBedrijven;;;
917;NL;;220371;RWZI Rijsenhout;Rijsenhout;Aalsmeerderweg;1435ER;676;;109900;476100;37.00;Afvalwaterinzameling en -behandeling;Riolering en waterzuiveringsinstallaties;Energiegebruik en processen Riolering en waterzuiveringsinstallaties;CO2;0.034967;0.278579;0.299482;0.373801;0.0;0.0;0.0;0.0;0.0;Overig;0.0;0.0;RWZI;0;Bleu;2024;BU03940782;GM0394;1435.0;1435CA;BU03940782;GM0394;1435.0;1435CA;BU03940782;GM0394;1435.0;1435CA;False;False;False;52.271066663464204;4.726453584243761;WarmteAtlas:CO2EmissieBedrijven;;;
918;NL;;220372;RWZI Rijssen;Rijssen;Oude Veerweg;7461JH;4;;232900;481800;37.00;Afvalwaterinzameling en -behandeling;Riolering en waterzuiveringsinstallaties;Energiegebruik en processen Riolering en waterzuiveringsinstallaties;CO2;1.004647;1.70625;1.395229;1.365901;1.514792;1.136615;1.15185;1.153754;1.337938;Overig;21.199717;21.199717;RWZI;1;Bleu;2024;BU17420701;GM1742;7461.0;7461JH;BU17420701;GM1742;7461.0;7461JH;BU17420701;GM1742;7461.0;7461JH;False;False;False;52.3186223001059;6.529744098994095;WarmteAtlas:CO2EmissieBedrijven;;;
919;NL;;220373;RWZI Rimburg;Landgraaf;Palenbergerweg;6381LS;18;B;204500;325700;37.00;Afvalwaterinzameling en -behandeling;Riolering en waterzuiveringsinstallaties;Energiegebruik en processen Riolering en waterzuiveringsinstallaties;CO2;1.970893;0.931398;1.160422;1.649494;1.549628;1.965083;1.843232;2.191306;2.548696;Overig;40.384263;40.384263;RWZI;2;Bleu;2024;BU08820207;GM0882;6374.0;6374LS;BU08820207;GM0882;6374.0;6374LS;BU08820207;GM0882;6374.0;6374LS;False;False;False;50.918906048580716;6.091112644427492;WarmteAtlas:CO2EmissieBedrijven;;;
920;NL;;220374;RWZI Rips;Rips;Oude Rips;5764PH;3;;184000;396300;37.00;Afvalwaterinzameling en -behandeling;Riolering en waterzuiveringsinstallaties;Energiegebruik en processen Riolering en waterzuiveringsinstallaties;CO2;0.03351;0.034092;0.0;0.0;0.0;0.0;0.0;0.0;0.0;Overig;0.0;0.0;RWZI;0;Bleu;2024;BU16520809;GM1652;5764.0;5764PH;BU16520809;GM1652;5764.0;5764PH;BU16520809;GM1652;5764.0;5764PH;False;False;False;51.554903662540646;5.805354987568435;WarmteAtlas:CO2EmissieBedrijven;;;
921;NL;;220375;RWZI Rodenrijs;Berkel en Rodenrijs;Anjerdreef;2651;;;91900;444100;37.00;Afvalwaterinzameling en -behandeling;Riolering en waterzuiveringsinstallaties;Energiegebruik en processen Riolering en waterzuiveringsinstallaties;CO2;0.109716;0.053491;0.0;0.0;0.0;0.0;0.0;0.0;0.0;Overig;0.0;0.0;RWZI;0;Bleu;2024;BU16212611;GM1621;2651.0;2651ND;BU16212611;GM1621;2651.0;2651ND;BU16212611;GM1621;2651.0;2651ND;False;False;False;51.98171366823462;4.468699885573389;WarmteAtlas:CO2EmissieBedrijven;;;
922;NL;;220376;Rioolwaterzuiveringsinstallatie (RWZI) Roermond;Roermond;Buggenummerweg;6041AH;5;;197034;359054;37.00;Afvalwaterinzameling en -behandeling;Riolering en waterzuiveringsinstallaties;Energiegebruik en processen Riolering en waterzuiveringsinstallaties;CO2;2.516608;6.916167;9.904806;8.814675;5.740519;5.170436;5.06469;6.81601;8.42786;Overig;133.540043;133.540043;RWZI;2;Bleu;2024;BU09570900;GM0957;6041.0;6041TL;BU09570900;GM0957;6041.0;6041TL;BU09570900;GM0957;6041.0;6041TL;False;False;False;51.219301851203575;5.988853715196876;WarmteAtlas:CO2EmissieBedrijven;;;
923;NL;;220377;RWZI Rossum (Weerselo);Rossum;Reimerweg;7596NP;153;;259300;486500;37.00;Afvalwaterinzameling en -behandeling;Riolering en waterzuiveringsinstallaties;Energiegebruik en processen Riolering en waterzuiveringsinstallaties;CO2;0.038772;0.068669;0.0;0.0;0.0;0.0;0.0;0.0;0.0;Overig;0.0;0.0;RWZI;0;Bleu;2024;BU17741799;GM1774;7596.0;7596NP;BU17741799;GM1774;7596.0;7596NP;BU17741799;GM1774;7596.0;7596NP;False;False;False;52.35647763619015;6.918287032964608;WarmteAtlas:CO2EmissieBedrijven;;;
924;NL;;220378;RWZI Rozenburg;Rozenburg;Boulevard;3181LK;12;;75200;437200;37.00;Afvalwaterinzameling en -behandeling;Riolering en waterzuiveringsinstallaties;Energiegebruik en processen Riolering en waterzuiveringsinstallaties;CO2;0.319951;0.536225;0.201022;0.400993;0.346411;0.351589;0.336582;0.291476;0.354804;Overig;5.6219;5.6219;RWZI;1;Bleu;2024;BU05992704;GM0599;3181.0;3181HT;BU05992704;GM0599;3181.0;3181HT;BU05992704;GM0599;3181.0;3181HT;False;False;False;51.91755670318473;4.227255318686348;WarmteAtlas:CO2EmissieBedrijven;;;
925;NL;;220379;RWZI Ruinen;Ruinen;Neuzendijk;7963SE;1;;219800;530600;38.30;Voorbereiding tot recycling;Riolering en waterzuiveringsinstallaties;Energiegebruik en processen Riolering en waterzuiveringsinstallaties;CO2;0.134567;0.171604;0.0;0.0;0.0;0.0;0.0;0.0;0.0;Overig;0.0;0.0;RWZI;0;Bleu;2024;BU16900800;GM1690;7963.0;7963SE;BU16900800;GM1690;7963.0;7963SE;BU16900800;GM1690;7963.0;7963SE;False;False;False;52.75884968108146;6.34713294363963;WarmteAtlas:CO2EmissieBedrijven;;;
926;NL;;220380;RWZI Ruurlo;Ruurlo;Hallerweg;7261MH;4;;227110;456214;37.00;Afvalwaterinzameling en -behandeling;Riolering en waterzuiveringsinstallaties;Energiegebruik en processen Riolering en waterzuiveringsinstallaties;CO2;0.228325;0.958907;0.495466;0.334991;0.265696;0.265486;0.230713;0.254757;0.290884;Overig;4.609081;4.609081;RWZI;1;Bleu;2024;BU18590405;GM1859;7261.0;7261MH;BU18590405;GM1859;7261.0;7261MH;BU18590405;GM1859;7261.0;7261MH;False;False;False;52.089480867636766;6.43939369225659;WarmteAtlas:CO2EmissieBedrijven;;;
927;NL;;220381;RWZI Scheemda;Scheemda;Hof van Brussel;9679TW;6;;263401;576529;37.00;Afvalwaterinzameling en -behandeling;Riolering en waterzuiveringsinstallaties;Energiegebruik en processen Riolering en waterzuiveringsinstallaties;CO2;1.199252;0.906536;1.906126;3.338903;2.333159;2.15895;2.017454;2.069513;2.838921;Overig;44.982911;44.982911;RWZI;2;Bleu;2024;BU18950602;GM1895;9679.0;9679TW;BU18950602;GM1895;9679.0;9679TW;BU18950602;GM1895;9679.0;9679TW;False;False;False;53.16448969615436;7.0081090311627685;WarmteAtlas:CO2EmissieBedrijven;;;
928;NL;;220382;RWZI Schelluinen;Schelluinen;Banneweg;4209SZ;30;;123868;428442;37.00;Afvalwaterinzameling en -behandeling;Riolering en waterzuiveringsinstallaties;Energiegebruik en processen Riolering en waterzuiveringsinstallaties;CO2;0.620754;1.169963;1.680302;1.247768;1.747262;1.480813;2.390085;2.696422;2.578396;Overig;40.854869;40.854869;RWZI;2;Bleu;2024;BU19781705;GM1978;4209.0;4209AZ;BU19781705;GM1978;4209.0;4209AZ;BU19781705;GM1978;4209.0;4209AZ;False;False;False;51.843691333407186;4.93543126038085;WarmteAtlas:CO2EmissieBedrijven;;;
929;NL;;220383;RWZI Scheveklap;Nieuwolda;Heemweg;9944VD;3;;260935;587450;37.00;Afvalwaterinzameling en -behandeling;Riolering en waterzuiveringsinstallaties;Energiegebruik en processen Riolering en waterzuiveringsinstallaties;CO2;0.375401;0.264799;0.224457;0.116516;0.111327;0.161973;0.135894;0.134742;0.193039;Overig;3.058716;3.058716;RWZI;1;Bleu;2024;BU19790945;GM1979;9946.0;9946TB;BU19790945;GM1979;9946.0;9946TB;BU19790945;GM1979;9946.0;9946TB;False;False;False;53.26308291613491;6.974847817184487;WarmteAtlas:CO2EmissieBedrijven;;;
930;NL;;220384;RWZI Schijndel;Schijndel;Steeg;5482WN;32;;158700;404300;37.00;Afvalwaterinzameling en -behandeling;Riolering en waterzuiveringsinstallaties;Energiegebruik en processen Riolering en waterzuiveringsinstallaties;CO2;1.009814;1.021415;0.0;0.0;0.0;0.0;0.0;0.0;0.0;Overig;0.0;0.0;RWZI;0;Bleu;2024;BU19480208;GM1948;5482.0;5482WN;BU19480208;GM1948;5482.0;5482WN;BU19480208;GM1948;5482.0;5482WN;False;False;False;51.62754866668415;5.440637518587645;WarmteAtlas:CO2EmissieBedrijven;;;
931;NL;;220385;RWZI Schoonoord;Schoonoord;Brugstraat;7848BE;25;;246797;540307;37.00;Afvalwaterinzameling en -behandeling;Riolering en waterzuiveringsinstallaties;Energiegebruik en processen Riolering en waterzuiveringsinstallaties;CO2;0.107557;0.292254;0.092963;0.029076;0.0;0.0;0.0;0.0;0.0;Overig;0.0;0.0;RWZI;0;Bleu;2024;BU01094047;GM0109;7848.0;7848BE;BU01094047;GM0109;7848.0;7848BE;BU01094047;GM0109;7848.0;7848BE;False;False;False;52.8421686541094;6.7496775183192845;WarmteAtlas:CO2EmissieBedrijven;;;
932;NL;;220387;RWZI 's-Hertogenbosch;Den Bosch;Treurenburg;5221CD;4;;147831;414700;37.00;Afvalwaterinzameling en -behandeling;Riolering en waterzuiveringsinstallaties;Energiegebruik en processen Riolering en waterzuiveringsinstallaties;CO2;8.85066;11.598109;10.497744;11.328003;12.795077;3.978554;1.974333;2.916464;4.753036;Overig;75.312194;75.312194;RWZI;2;Bleu;2024;BU07961203;GM0796;5221.0;5221CD;BU07961203;GM0796;5221.0;5221CD;BU07961203;GM0796;5221.0;5221CD;False;False;False;51.72099562166686;5.283452162039165;WarmteAtlas:CO2EmissieBedrijven;;;
933;NL;;220388;RWZI Siddeburen;Siddeburen;Oudeweg;9628CD;113;;255200;585700;37.00;Afvalwaterinzameling en -behandeling;Riolering en waterzuiveringsinstallaties;Energiegebruik en processen Riolering en waterzuiveringsinstallaties;CO2;0.247141;0.102584;0.0;0.0;0.0;0.0;0.0;0.0;0.0;Overig;0.0;0.0;RWZI;0;Bleu;2024;BU19521502;GM1952;9628.0;9628CJ;BU19521502;GM1952;9628.0;9628CJ;BU19521502;GM1952;9628.0;9628CJ;False;False;False;53.248468153184454;6.888380475158713;WarmteAtlas:CO2EmissieBedrijven;;;
934;NL;;220389;RWZI Simpelveld;Simpelveld;Raffelsbergerweg;6369XV;6;;196000;316000;37.00;Afvalwaterinzameling en -behandeling;Riolering en waterzuiveringsinstallaties;Energiegebruik en processen Riolering en waterzuiveringsinstallaties;CO2;0.482393;0.570377;0.172012;0.215051;0.133658;0.094864;0.188711;0.156406;0.02386;Overig;0.378068;0.378068;RWZI;1;Bleu;2024;BU09650000;GM0965;6369.0;6369XV;BU09650000;GM0965;6369.0;6369XV;BU09650000;GM0965;6369.0;6369XV;False;False;False;50.83239063890407;5.96914806512481;WarmteAtlas:CO2EmissieBedrijven;;;
935;NL;;220390;RWZI Sint Oedenrode;Sint-Oedenrode;Boskantseweg;5492VB;76;;159000;396900;37.00;Afvalwaterinzameling en -behandeling;Riolering en waterzuiveringsinstallaties;Energiegebruik en processen Riolering en waterzuiveringsinstallaties;CO2;2.965448;1.11148;2.023608;2.025553;1.980651;1.979941;2.447693;2.309361;2.065387;Overig;32.726202;32.726202;RWZI;2;Bleu;2024;BU19480303;GM1948;5492.0;5492VB;BU19480303;GM1948;5492.0;5492VB;BU19480303;GM1948;5492.0;5492VB;False;False;False;51.561031189980554;5.444885276327489;WarmteAtlas:CO2EmissieBedrijven;;;
936;NL;;220391;RWZI Sleen;Sleen;Zetelveenweg;7841BP;5;;249849;531556;37.00;Afvalwaterinzameling en -behandeling;Riolering en waterzuiveringsinstallaties;Energiegebruik en processen Riolering en waterzuiveringsinstallaties;CO2;0.139374;0.452723;1.496405;0.58499;1.042115;0.744182;0.646786;0.544795;0.755947;Overig;11.978026;11.978026;RWZI;1;Bleu;2024;BU01094040;GM0109;7841.0;7841BP;BU01094040;GM0109;7841.0;7841BP;BU01094040;GM0109;7841.0;7841BP;False;False;False;52.76301971681449;6.7924365108538645;WarmteAtlas:CO2EmissieBedrijven;;;
937;NL;;220392;RWZI Sleeuwijk;Sleeuwijk;Robijnsweg;4254LB;15;;123420;425300;37.00;Afvalwaterinzameling en -behandeling;Riolering en waterzuiveringsinstallaties;Energiegebruik en processen Riolering en waterzuiveringsinstallaties;CO2;0.5983;0.570223;0.946778;1.304023;1.912122;5.712013;3.185508;2.944935;3.006454;Overig;47.637468;47.637468;RWZI;2;Bleu;2024;BU19590291;GM1959;4254.0;4254LA;BU19590291;GM1959;4254.0;4254LA;BU19590291;GM1959;4254.0;4254LA;False;False;False;51.81542546599925;4.929217381694462;WarmteAtlas:CO2EmissieBedrijven;;;
938;NL;;220393;RWZI Sliedrecht;Sliedrecht;Kweldamweg;3364BC;51;;114500;427000;37.00;Afvalwaterinzameling en -behandeling;Riolering en waterzuiveringsinstallaties;Energiegebruik en processen Riolering en waterzuiveringsinstallaties;CO2;1.209295;0.738362;1.252307;1.056971;1.474197;1.41025;1.364306;1.380107;1.323044;Overig;20.963725;20.963725;RWZI;1;Bleu;2024;BU06100401;GM0610;3364.0;3364BC;BU06100401;GM0610;3364.0;3364BC;BU06100401;GM0610;3364.0;3364BC;False;False;False;51.83012898863544;4.799662869547683;WarmteAtlas:CO2EmissieBedrijven;;;
939;NL;;220394;RWZI Slochteren;Slochteren;Groenedijk;9621TL;;;248700;582700;37.00;Afvalwaterinzameling en -behandeling;Riolering en waterzuiveringsinstallaties;Energiegebruik en processen Riolering en waterzuiveringsinstallaties;CO2;0.108916;0.195306;0.0;0.0;0.0;0.0;0.0;0.0;0.0;Overig;0.0;0.0;RWZI;0;Bleu;2024;BU19521202;GM1952;9621.0;9621TL;BU19521202;GM1952;9621.0;9621TL;BU19521202;GM1952;9621.0;9621TL;False;False;False;53.222696217141674;6.790152801181471;WarmteAtlas:CO2EmissieBedrijven;;;
940;NL;;220395;RWZI Sloten;Sloten;Lytse Jerden;8556XC;3;;172000;546200;37.00;Afvalwaterinzameling en -behandeling;Riolering en waterzuiveringsinstallaties;Energiegebruik en processen Riolering en waterzuiveringsinstallaties;CO2;0.356996;0.511423;0.450703;0.232901;0.285791;0.717888;0.371181;0.266127;0.237443;Overig;3.762295;3.762295;RWZI;1;Bleu;2024;BU19404301;GM1940;8556.0;8556XC;BU19404301;GM1940;8556.0;8556XC;BU19404301;GM1940;8556.0;8556XC;False;False;False;52.90264209392258;5.6398633739153485;WarmteAtlas:CO2EmissieBedrijven;;;
941;NL;;220396;RWZI Smilde;Smilde;Boerenlaan;9422JK;5;;226700;551000;37.00;Afvalwaterinzameling en -behandeling;Riolering en waterzuiveringsinstallaties;Energiegebruik en processen Riolering en waterzuiveringsinstallaties;CO2;0.34044;0.246727;0.238768;0.268832;0.182066;0.23118;0.179141;0.224375;0.119403;Overig;1.891946;1.891946;RWZI;1;Bleu;2024;BU17310609;GM1731;9422.0;9422JK;BU17310609;GM1731;9422.0;9422JK;BU17310609;GM1731;9422.0;9422JK;False;False;False;52.94128154969579;6.453794933291713;WarmteAtlas:CO2EmissieBedrijven;;;
942;NL;;220397;RWZI Sneek;Sneek;Buitenroede;8608XW;1;;172100;559600;37.00;Afvalwaterinzameling en -behandeling;Riolering en waterzuiveringsinstallaties;Energiegebruik en processen Riolering en waterzuiveringsinstallaties;CO2;1.273024;0.807591;0.73018;0.901374;1.162505;1.386636;1.451919;1.722466;1.507429;Overig;23.885313;23.885313;RWZI;1;Bleu;2024;BU19000116;GM1900;8608.0;8608XW;BU19000116;GM1900;8608.0;8608XW;BU19000116;GM1900;8608.0;8608XW;False;False;False;53.02305371739145;5.642053380725559;WarmteAtlas:CO2EmissieBedrijven;;;
943;NL;;220398;RWZI Soest;Soest;Maatweg;3761EH;6;;148929;467260;37.00;Afvalwaterinzameling en -behandeling;Riolering en waterzuiveringsinstallaties;Energiegebruik en processen Riolering en waterzuiveringsinstallaties;CO2;1.791586;4.23487;5.35101;4.156295;2.398;2.823749;3.019017;2.382807;3.134348;Overig;49.663959;49.663959;RWZI;2;Bleu;2024;BU03420103;GM0342;3761.0;3761EH;BU03420103;GM0342;3761.0;3761EH;BU03420103;GM0342;3761.0;3761EH;False;False;False;52.19342747433514;5.298414538417024;WarmteAtlas:CO2EmissieBedrijven;;;
944;NL;;220399;AWZI Spijkenisse-Allemanspolder;Spijkenisse;Papendijk;3207LD;4;;84500;428600;37.00;Afvalwaterinzameling en -behandeling;Riolering en waterzuiveringsinstallaties;Energiegebruik en processen Riolering en waterzuiveringsinstallaties;CO2;0.0;1.835231;1.820908;2.563172;2.975994;2.600655;2.474315;2.769648;2.649901;Overig;41.987864;41.987864;RWZI;2;Bleu;2024;BU19301707;GM1930;3207.0;3207LD;BU19301707;GM1930;3207.0;3207LD;BU19301707;GM1930;3207.0;3207LD;False;False;False;51.841523586871446;4.3641740691542985;WarmteAtlas:CO2EmissieBedrijven;;;
945;NL;;220400;RWZI St. Maartensdijk;Sint-Maartensdijk;Oudelandseweg;4695PP;3;;63979;397049;37.00;Afvalwaterinzameling en -behandeling;Riolering en waterzuiveringsinstallaties;Energiegebruik en processen Riolering en waterzuiveringsinstallaties;CO2;0.495676;1.127654;0.660668;0.978316;0.409322;0.517596;0.553816;0.331208;0.2248;Overig;3.561976;3.561976;RWZI;1;Bleu;2024;BU07160309;GM0716;4695.0;4695PP;BU07160309;GM0716;4695.0;4695PP;BU07160309;GM0716;4695.0;4695PP;False;False;False;51.55501646179282;4.0747138461935695;WarmteAtlas:CO2EmissieBedrijven;;;
946;NL;;220401;RWZI St. Philipsland;Sint Pilipsland;Zuiddijk;4675RX;76;A;68900;403400;37.00;Afvalwaterinzameling en -behandeling;Riolering en waterzuiveringsinstallaties;Energiegebruik en processen Riolering en waterzuiveringsinstallaties;CO2;0.058296;0.119842;0.0;0.0;0.0;0.0;0.0;0.0;0.0;Overig;0.0;0.0;RWZI;0;Bleu;2024;BU07169998;GM0716;n.a.;n.a.;BU07169998;GM0716;n.a.;n.a.;BU07169998;GM0716;n.a.;n.a.;False;False;False;51.61286726779677;4.144093831033419;WarmteAtlas:CO2EmissieBedrijven;;;
947;NL;;220402;RWZI St.-Jacobiparochie;Sint-Jacobiparochie;Middelweg-West;9079MK;207;;171789;587636;37.00;Afvalwaterinzameling en -behandeling;Riolering en waterzuiveringsinstallaties;Energiegebruik en processen Riolering en waterzuiveringsinstallaties;CO2;0.502358;0.289608;0.366794;0.470467;0.366932;0.435693;0.393164;0.40296;0.245666;Overig;3.892601;3.892601;RWZI;1;Bleu;2024;BU19493200;GM1949;9079.0;9079MK;BU19493200;GM1949;9079.0;9079MK;BU19493200;GM1949;9079.0;9079MK;False;False;False;53.27498562281359;5.638878539530356;WarmteAtlas:CO2EmissieBedrijven;;;
948;NL;;220403;RWZI Stadskanaal;Alteveer;Eerste Veldweg;9501LH;2;;260300;559500;37.00;Afvalwaterinzameling en -behandeling;Riolering en waterzuiveringsinstallaties;Energiegebruik en processen Riolering en waterzuiveringsinstallaties;CO2;1.561612;1.224753;0.633417;1.215282;0.478335;0.952191;0.903947;0.935678;0.678895;Overig;10.757142;10.757142;RWZI;1;Bleu;2024;BU00370110;GM0037;9501.0;9501LH;BU00370110;GM0037;9501.0;9501LH;BU00370110;GM0037;9501.0;9501LH;False;False;False;53.0121334376782;6.956216555117778;WarmteAtlas:CO2EmissieBedrijven;;;
949;NL;;220404;RWZI Steenwijk;Steenwijk;Verlaatseweg;8331PH;160;;203100;533300;37.00;Afvalwaterinzameling en -behandeling;Riolering en waterzuiveringsinstallaties;Energiegebruik en processen Riolering en waterzuiveringsinstallaties;CO2;1.446383;1.128736;1.07959;1.351963;1.928616;2.06812;1.712061;1.51759;1.599163;Overig;25.338852;25.338852;RWZI;1;Bleu;2024;BU17080003;GM1708;8331.0;8331PH;BU17080003;GM1708;8331.0;8331PH;BU17080003;GM1708;8331.0;8331PH;False;False;False;52.78484943313417;6.100160679634301;WarmteAtlas:CO2EmissieBedrijven;;;
950;NL;;220405;RWZI Stein;Stein;Dalerveltweg;6171RX;3;;180600;331700;37.00;Afvalwaterinzameling en -behandeling;Riolering en waterzuiveringsinstallaties;Energiegebruik en processen Riolering en waterzuiveringsinstallaties;CO2;1.143694;0.906968;1.452855;1.076578;1.11476;0.937625;0.313789;0.134135;0.178941;Overig;2.835339;2.835339;RWZI;1;Bleu;2024;BU09710004;GM0971;6171.0;6171RN;BU09710004;GM0971;6171.0;6171RN;BU09710004;GM0971;6171.0;6171RN;False;False;False;50.97440621332368;5.7516780935499865;WarmteAtlas:CO2EmissieBedrijven;;;
951;NL;;220406;RWZI Stolwijk;Stolwijk;Bilwijkerweg;2821SH;8;A;112400;443700;37.00;Afvalwaterinzameling en -behandeling;Riolering en waterzuiveringsinstallaties;Energiegebruik en processen Riolering en waterzuiveringsinstallaties;CO2;0.128018;0.131702;0.13559;0.116587;0.190826;0.181251;0.1632;0.177505;0.146384;Overig;2.319461;2.319461;RWZI;1;Bleu;2024;BU19311008;GM1931;2821.0;2821SH;BU19311008;GM1931;2821.0;2821SH;BU19311008;GM1931;2821.0;2821SH;False;False;False;51.98006951573532;4.767133158103667;WarmteAtlas:CO2EmissieBedrijven;;;
952;NL;;220407;RWZI Stompwijk;Stompwijk;Meerlaan;2266HM;;;92300;456400;37.00;Afvalwaterinzameling en -behandeling;Riolering en waterzuiveringsinstallaties;Energiegebruik en processen Riolering en waterzuiveringsinstallaties;CO2;0.034237;0.053376;0.041144;0.0;0.0;0.0;0.0;0.0;0.0;Overig;0.0;0.0;RWZI;0;Bleu;2024;BU19160400;GM1916;2266.0;2266JK;BU19160400;GM1916;2266.0;2266JK;BU19160400;GM1916;2266.0;2266JK;False;False;False;52.09230117002432;4.472266286292036;WarmteAtlas:CO2EmissieBedrijven;;;
953;NL;;220408;RWZI Strijen;Strijen;Sportlaan;3291TN;30;;98000;417700;37.00;Afvalwaterinzameling en -behandeling;Riolering en waterzuiveringsinstallaties;Energiegebruik en processen Riolering en waterzuiveringsinstallaties;CO2;0.598675;0.189767;0.155363;0.354014;0.385701;0.402513;0.346751;0.344808;0.268818;Overig;4.259443;4.259443;RWZI;1;Bleu;2024;BU19630700;GM1963;3291.0;3291TN;BU19630700;GM1963;3291.0;3291TN;BU19630700;GM1963;3291.0;3291TN;False;False;False;51.745101891706156;4.561845788728533;WarmteAtlas:CO2EmissieBedrijven;;;
954;NL;;220409;RWZI Ter Apel;Ter Apel;Ruiten A Kanaalweg W5;9561TP;56;;270100;545000;37.00;Afvalwaterinzameling en -behandeling;Riolering en waterzuiveringsinstallaties;Energiegebruik en processen Riolering en waterzuiveringsinstallaties;CO2;0.568764;0.0;0.432232;0.717103;0.774661;0.919403;0.626257;0.715483;0.614403;Overig;9.735257;9.735257;RWZI;1;Bleu;2024;BU19500709;GM1950;9561.0;9561TP;BU19500709;GM1950;9561.0;9561TP;BU19500709;GM1950;9561.0;9561TP;False;False;False;52.879875143714585;7.097061750101867;WarmteAtlas:CO2EmissieBedrijven;;;
955;NL;;220410;RWZI Terneuzen;Terneuzen;Frankrijkweg;4538BJ;8;;46980;368605;37.00;Afvalwaterinzameling en -behandeling;Riolering en waterzuiveringsinstallaties;Energiegebruik en processen Riolering en waterzuiveringsinstallaties;CO2;1.206336;2.259207;1.991104;2.273976;2.436982;2.267333;2.033338;2.197689;2.348671;Overig;37.214861;37.214861;RWZI;2;Bleu;2024;BU07152204;GM0715;4538.0;4538BJ;BU07152204;GM0715;4538.0;4538BJ;BU07152204;GM0715;4538.0;4538BJ;False;False;False;51.29640935383807;3.838383418069951;WarmteAtlas:CO2EmissieBedrijven;;;
956;NL;;220411;RWZI Terschelling;West-Terschelling;Nieuwedijk;8881HC;2;;145100;598000;37.00;Afvalwaterinzameling en -behandeling;Riolering en waterzuiveringsinstallaties;Energiegebruik en processen Riolering en waterzuiveringsinstallaties;CO2;0.141888;0.265461;0.339303;0.219488;0.4134;0.37962;0.287254;0.24729;0.317217;Overig;5.026321;5.026321;RWZI;1;Bleu;2024;BU00930002;GM0093;8881.0;8881HC;BU00930002;GM0093;8881.0;8881HC;BU00930002;GM0093;8881.0;8881HC;False;False;False;53.36828072898239;5.238483505592589;WarmteAtlas:CO2EmissieBedrijven;;;
957;NL;;220412;RWZI Terwolde;Terwolde;Bandijk;7396NB;3;;205300;475000;37.00;Afvalwaterinzameling en -behandeling;Riolering en waterzuiveringsinstallaties;Energiegebruik en processen Riolering en waterzuiveringsinstallaties;CO2;1.027381;1.144501;1.962517;1.431732;0.778757;0.970509;1.121759;0.728922;1.644653;Overig;26.059643;26.059643;RWZI;1;Bleu;2024;BU02850109;GM0285;7396.0;7396BW;BU02850109;GM0285;7396.0;7396BW;BU02850511;GM0285;7396.0;7396BW;True;False;False;52.260728353159045;6.123968825259793;WarmteAtlas:CO2EmissieBedrijven;;;
958;NL;;220413;RWZI Tholen;Tholen;Slabbecoornweg;4691RZ;1;;74853;395274;37.00;Afvalwaterinzameling en -behandeling;Riolering en waterzuiveringsinstallaties;Energiegebruik en processen Riolering en waterzuiveringsinstallaties;CO2;0.135068;0.301411;0.175728;0.319172;0.529525;0.494977;0.508256;0.267546;0.267018;Overig;4.230916;4.230916;RWZI;1;Bleu;2024;BU07160000;GM0716;4691.0;4691RZ;BU07160000;GM0716;4691.0;4691RZ;BU07160000;GM0716;4691.0;4691RZ;False;False;False;51.54071972020366;4.23188607085839;WarmteAtlas:CO2EmissieBedrijven;;;
959;NL;;220414;RWZI 't-Horntje Texel;Den Hoorn;"Achter ""De Dageraad""";1797;;;114600;558000;37.00;Afvalwaterinzameling en -behandeling;Riolering en waterzuiveringsinstallaties;Energiegebruik en processen Riolering en waterzuiveringsinstallaties;CO2;0.030311;0.023726;0.0;0.0;0.0;0.0;0.0;0.0;0.0;Overig;0.0;0.0;RWZI;0;Bleu;2024;BU04480008;GM0448;1797.0;1797TA;BU04480008;GM0448;1797.0;1797TA;BU04480008;GM0448;1797.0;1797TA;False;False;False;53.00743407816664;4.785325080444935;WarmteAtlas:CO2EmissieBedrijven;;;
960;NL;;220415;RWZI Tiel;Tiel;S. Stevinstraat;4004JV;2;;158097;436532;37.00;Afvalwaterinzameling en -behandeling;Riolering en waterzuiveringsinstallaties;Energiegebruik en processen Riolering en waterzuiveringsinstallaties;CO2;0.481818;1.738218;2.324544;3.015489;6.182662;3.65484;4.257248;4.30586;5.649734;Overig;89.520435;89.520435;RWZI;2;Bleu;2024;BU02810109;GM0281;4004.0;4004KG;BU02810109;GM0281;4004.0;4004KG;BU02810109;GM0281;4004.0;4004KG;False;False;False;51.91726667254247;5.432218021028451;WarmteAtlas:CO2EmissieBedrijven;;;
961;NL;;220416;RWZI Tilburg-Noord;Tilburg;Vloeiveldweg;5048TD;2;;132900;401500;37.00;Afvalwaterinzameling en -behandeling;Riolering en waterzuiveringsinstallaties;Energiegebruik en processen Riolering en waterzuiveringsinstallaties;CO2;10.154034;11.144365;15.57312;11.128844;19.911438;19.750193;15.115343;15.588387;20.94492;Overig;331.87374;331.87374;RWZI;3;Bleu;2024;BU08556501;GM0855;5048.0;5048TD;BU08556501;GM0855;5048.0;5048TD;BU08556501;GM0855;5048.0;5048TD;False;False;False;51.60195838868605;5.068209496224891;WarmteAtlas:CO2EmissieBedrijven;;;
962;NL;;220417;RWZI Tilburg-Oost;Tilburg;Hoevense Kanaaldijk;5018TE;36;;136200;396500;37.00;Afvalwaterinzameling en -behandeling;Riolering en waterzuiveringsinstallaties;Energiegebruik en processen Riolering en waterzuiveringsinstallaties;CO2;1.547422;3.260132;0.0;0.0;0.0;0.0;0.0;0.0;0.0;Overig;0.0;0.0;RWZI;0;Bleu;2024;BU08553001;GM0855;5018.0;5018TC;BU08553001;GM0855;5018.0;5018TC;BU08553001;GM0855;5018.0;5018TC;False;False;False;51.557136030466935;5.116109669047373;WarmteAtlas:CO2EmissieBedrijven;;;
963;NL;;220418;RWZI Tubbergen;Tubbergen;Huyerenseweg;7651LR;8;;248800;492200;37.00;Afvalwaterinzameling en -behandeling;Riolering en waterzuiveringsinstallaties;Energiegebruik en processen Riolering en waterzuiveringsinstallaties;CO2;0.840475;0.953325;0.634719;0.532913;0.585028;0.380172;0.406736;0.250384;0.372594;Overig;5.903782;5.903782;RWZI;1;Bleu;2024;BU01830000;GM0183;7651.0;7651LR;BU01830009;GM0183;7651.0;7651LR;BU01830009;GM0183;7651.0;7651LR;True;False;False;52.40958839129271;6.765788593655016;WarmteAtlas:CO2EmissieBedrijven;;;
964;NL;;220419;RWZI Tweede Exloermond;Tweede Exloermond;Zuiderdiep;9571BM;227;A;260000;549000;37.00;Afvalwaterinzameling en -behandeling;Riolering en waterzuiveringsinstallaties;Energiegebruik en processen Riolering en waterzuiveringsinstallaties;CO2;0.165396;0.241297;0.168697;0.236174;0.171876;0.235032;0.225898;0.211017;0.082263;Overig;1.303462;1.303462;RWZI;1;Bleu;2024;BU16818009;GM1681;9571.0;9571BM;BU16818009;GM1681;9571.0;9571BM;BU16818009;GM1681;9571.0;9571BM;False;False;False;52.917865056289685;6.948363421018036;WarmteAtlas:CO2EmissieBedrijven;;;
965;NL;;220420;RWZI Uithoorn;Uithoorn;Industrieweg;1422AJ;16;;117073;472559;37.00;Afvalwaterinzameling en -behandeling;Riolering en waterzuiveringsinstallaties;Energiegebruik en processen Riolering en waterzuiveringsinstallaties;CO2;1.46497;1.097427;0.814967;0.590698;0.581459;0.711576;0.536245;0.372775;0.338249;Overig;5.359579;5.359579;RWZI;1;Bleu;2024;BU04517500;GM0451;1422.0;1422AJ;BU04517500;GM0451;1422.0;1422AJ;BU04517500;GM0451;1422.0;1422AJ;False;False;False;52.23978288908446;4.8319356512488705;WarmteAtlas:CO2EmissieBedrijven;;;
966;NL;;220421;RWZI Uithuizen;Uithuizen;Havenweg;9981JR;55;;240600;602200;37.00;Afvalwaterinzameling en -behandeling;Riolering en waterzuiveringsinstallaties;Energiegebruik en processen Riolering en waterzuiveringsinstallaties;CO2;0.171344;0.197389;0.175519;0.0;0.0;0.0;0.0;0.0;0.0;Overig;0.0;0.0;RWZI;0;Bleu;2024;BU19661203;GM1966;9981.0;9981JR;BU19661203;GM1966;9981.0;9981JR;BU19661203;GM1966;9981.0;9981JR;False;False;False;53.39922899721209;6.6741237961138555;WarmteAtlas:CO2EmissieBedrijven;;;
967;NL;;220422;RWZI Uithuizermeeden;Oosternieland;Oosternielandsweg;9985SC;4;B;244865;603300;37.00;Afvalwaterinzameling en -behandeling;Riolering en waterzuiveringsinstallaties;Energiegebruik en processen Riolering en waterzuiveringsinstallaties;CO2;0.123424;0.125259;0.136783;0.272821;0.311575;0.223872;0.177293;0.178392;0.118768;Overig;1.881881;1.881881;RWZI;1;Bleu;2024;BU19661301;GM1966;9982.0;9982XP;BU19661301;GM1966;9982.0;9982XP;BU19661301;GM1966;9982.0;9982XP;False;False;False;53.408407681008384;6.738537825660171;WarmteAtlas:CO2EmissieBedrijven;;;
968;NL;;220423;RWZI Ulrum;Ulrum;Tilweg;9971CW;4;;218293;596732;37.00;Afvalwaterinzameling en -behandeling;Riolering en waterzuiveringsinstallaties;Energiegebruik en processen Riolering en waterzuiveringsinstallaties;CO2;1.403088;0.202351;0.145859;0.169136;0.131475;0.185039;0.197949;0.13293;0.14225;Overig;2.253959;2.253959;RWZI;1;Bleu;2024;BU19660101;GM1966;9973.0;9973TB;BU19660101;GM1966;9973.0;9973TB;BU19660101;GM1966;9973.0;9973TB;False;False;False;53.35322254568574;6.337725620934669;WarmteAtlas:CO2EmissieBedrijven;;;
969;NL;;220424;RWZI Ursem;Ursem;Het Gors;1645RJ;3;;121191;516517;37.00;Afvalwaterinzameling en -behandeling;Riolering en waterzuiveringsinstallaties;Energiegebruik en processen Riolering en waterzuiveringsinstallaties;CO2;1.170406;1.400149;0.950751;1.176127;1.186486;0.911806;0.690637;0.543726;0.808198;Overig;12.80596;12.80596;RWZI;1;Bleu;2024;BU15980602;GM1598;1645.0;1645RJ;BU15980602;GM1598;1645.0;1645RJ;BU15980602;GM1598;1645.0;1645RJ;False;False;False;52.635108297804436;4.887785928133245;WarmteAtlas:CO2EmissieBedrijven;;;
970;NL;;220425;RWZI Valburg;Valburg;Mellardsestraat;6675BM;116;;182136;435694;37.00;Afvalwaterinzameling en -behandeling;Riolering en waterzuiveringsinstallaties;Energiegebruik en processen Riolering en waterzuiveringsinstallaties;CO2;0.038881;0.169043;0.161915;0.238369;0.273273;0.0;0.0;0.0;0.0;Overig;0.0;0.0;RWZI;0;Bleu;2024;BU17341701;GM1734;6675.0;6675AC;BU17341701;GM1734;6675.0;6675AC;BU17341701;GM1734;6675.0;6675AC;False;False;False;51.90908090546181;5.781558175829172;WarmteAtlas:CO2EmissieBedrijven;;;
971;NL;;220426;RWZI Varik;Varik;Paasweg;4064RN;;;153800;427000;37.00;Afvalwaterinzameling en -behandeling;Riolering en waterzuiveringsinstallaties;Energiegebruik en processen Riolering en waterzuiveringsinstallaties;CO2;0.070732;0.104495;0.0;0.0;0.0;0.0;0.0;0.0;0.0;Overig;0.0;0.0;RWZI;0;Bleu;2024;BU19600708;GM1960;4064.0;4064RN;BU19600708;GM1960;4064.0;4064RN;BU19600708;GM1960;4064.0;4064RN;False;False;False;51.831597582317286;5.369793308435187;WarmteAtlas:CO2EmissieBedrijven;;;
972;NL;;220427;RWZI Varsseveld;Varsseveld;Vlakkeeweg;7051GH;9;;228600;441200;37.00;Afvalwaterinzameling en -behandeling;Riolering en waterzuiveringsinstallaties;Energiegebruik en processen Riolering en waterzuiveringsinstallaties;CO2;0.354715;0.47043;0.509075;0.628075;0.382772;0.405636;0.371492;0.331055;0.374427;Overig;5.93282;5.93282;RWZI;1;Bleu;2024;BU15090308;GM1509;7051.0;7051GH;BU15090308;GM1509;7051.0;7051GH;BU15090308;GM1509;7051.0;7051GH;False;False;False;51.95435629408056;6.4579011543741345;WarmteAtlas:CO2EmissieBedrijven;;;
973;NL;;220428;RWZI Veendam;Veendam;Vosseveld;9640XW;4;a;256349;569649;37.00;Afvalwaterinzameling en -behandeling;Riolering en waterzuiveringsinstallaties;Energiegebruik en processen Riolering en waterzuiveringsinstallaties;CO2;1.865531;1.665188;4.786761;2.656884;3.069617;6.127515;2.519886;3.277802;1.70608;Overig;27.032952;27.032952;RWZI;1;Bleu;2024;BU00470109;GM0047;9644.0;9644XW;BU00470109;GM0047;9644.0;9644XW;BU00470109;GM0047;9644.0;9644XW;False;False;False;53.104064125741424;6.900538623086064;WarmteAtlas:CO2EmissieBedrijven;;;
974;NL;;220429;RWZI Veenendaal;Overberg;Slaperdijk;3959AL;2;a;164300;450000;37.00;Afvalwaterinzameling en -behandeling;Riolering en waterzuiveringsinstallaties;Energiegebruik en processen Riolering en waterzuiveringsinstallaties;CO2;2.71597;5.61191;4.19627;4.418453;4.865551;4.22898;3.775831;3.956186;3.763549;Overig;59.633694;59.633694;RWZI;2;Bleu;2024;BU15810302;GM1581;3959.0;3959AL;BU15810302;GM1581;3959.0;3959AL;BU15810302;GM1581;3959.0;3959AL;False;False;False;52.03824991682269;5.522745157480646;WarmteAtlas:CO2EmissieBedrijven;;;
975;NL;;220430;RWZI Velsen;Velsen Zuid;Amsterdamseweg;1981LE;11;;105555;497104;37.00;Afvalwaterinzameling en -behandeling;Riolering en waterzuiveringsinstallaties;Energiegebruik en processen Riolering en waterzuiveringsinstallaties;CO2;2.522768;3.127;2.094996;3.389947;3.476099;3.117379;3.466016;3.105853;3.684775;Overig;58.385522;58.385522;RWZI;2;Bleu;2024;BU04530900;GM0453;1981.0;1981LE;BU04530900;GM0453;1981.0;1981LE;BU04530900;GM0453;1981.0;1981LE;False;False;False;52.459456396774584;4.659711558000229;WarmteAtlas:CO2EmissieBedrijven;;;
976;NL;;220431;Rioolwaterzuiveringsinstallatie (RWZI) Venray;Venray;Metaalweg;5804CG;3;;196713;395958;37.00;Afvalwaterinzameling en -behandeling;Riolering en waterzuiveringsinstallaties;Energiegebruik en processen Riolering en waterzuiveringsinstallaties;CO2;1.161143;2.688755;2.526011;1.739303;2.237134;2.300656;1.699252;2.420729;2.784824;Overig;44.125726;44.125726;RWZI;2;Bleu;2024;BU09841801;GM0984;5804.0;5804CG;BU09841801;GM0984;5804.0;5804CG;BU09841801;GM0984;5804.0;5804CG;False;False;False;51.55102979479642;5.988616030606098;WarmteAtlas:CO2EmissieBedrijven;;;
977;NL;;220432;RWZI Vinkel;Vinkel;Brugstraat;5382JE;86;;159118;412520;37.00;Afvalwaterinzameling en -behandeling;Riolering en waterzuiveringsinstallaties;Energiegebruik en processen Riolering en waterzuiveringsinstallaties;CO2;1.442589;0.948121;1.339259;1.26551;1.497764;1.558493;2.297861;1.210555;1.224543;Overig;19.402978;19.402978;RWZI;1;Bleu;2024;BU07961499;GM0796;5382.0;5382JE;BU07961499;GM0796;5382.0;5382JE;BU07961499;GM0796;5382.0;5382JE;False;False;False;51.701431308314795;5.446771743597229;WarmteAtlas:CO2EmissieBedrijven;;;
978;NL;;220433;RWZI Vlagtwedde;Vlagtwedde;Wedderstraat;9541EE;40;;269800;562900;37.00;Afvalwaterinzameling en -behandeling;Riolering en waterzuiveringsinstallaties;Energiegebruik en processen Riolering en waterzuiveringsinstallaties;CO2;0.159612;0.151858;0.0;0.0;0.0;0.0;0.0;0.0;0.0;Overig;0.0;0.0;RWZI;0;Bleu;2024;BU19500403;GM1950;9541.0;9541EE;BU19500403;GM1950;9541.0;9541EE;BU19500403;GM1950;9541.0;9541EE;False;False;False;53.0407345442353;7.09891387698218;WarmteAtlas:CO2EmissieBedrijven;;;
979;NL;;220435;RWZI Vollenhove;Vollenhove;Noordwal;8325PP;5;;192970;520574;37.00;Afvalwaterinzameling en -behandeling;Riolering en waterzuiveringsinstallaties;Energiegebruik en processen Riolering en waterzuiveringsinstallaties;CO2;0.487039;0.111984;0.463438;0.138699;0.20986;0.114613;0.141896;0.08215;0.131825;Overig;2.08878;2.08878;RWZI;1;Bleu;2024;BU17080709;GM1708;8325.0;8325PP;BU17080709;GM1708;8325.0;8325PP;BU17080709;GM1708;8325.0;8325PP;False;False;False;52.67129151965478;5.948552745096682;WarmteAtlas:CO2EmissieBedrijven;;;
980;NL;;220436;RWZI Vossemeer;Nieuw Vossemeer;Zeeweg;4681SN;2;A;74100;399000;37.00;Afvalwaterinzameling en -behandeling;Riolering en waterzuiveringsinstallaties;Energiegebruik en processen Riolering en waterzuiveringsinstallaties;CO2;0.110203;0.069388;0.038183;0.034285;0.070515;0.035224;0.064361;0.061747;0.056156;Overig;0.889794;0.889794;RWZI;1;Bleu;2024;BU08510409;GM0851;4681.0;4681SN;BU08510409;GM0851;4681.0;4681SN;BU08510409;GM0851;4681.0;4681SN;False;False;False;51.574097817898604;4.2201735402788385;WarmteAtlas:CO2EmissieBedrijven;;;
981;NL;;220437;RWZI Vriescheloo;Vriescheloo;Dijkweg;9699TD;29;;271693;565389;37.00;Afvalwaterinzameling en -behandeling;Riolering en waterzuiveringsinstallaties;Energiegebruik en processen Riolering en waterzuiveringsinstallaties;CO2;0.11503;0.09126;0.171122;0.214448;0.171375;0.208222;0.150442;0.172268;0.143222;Overig;2.269369;2.269369;RWZI;1;Bleu;2024;BU19500008;GM1950;9699.0;9699TC;BU19500008;GM1950;9699.0;9699TC;BU19500008;GM1950;9699.0;9699TC;False;False;False;53.0626852864527;7.128022410092733;WarmteAtlas:CO2EmissieBedrijven;;;
982;NL;;220438;RWZI Vriezenveen;Vriezenveen;Almeloseweg;7671RC;51;A;239700;491900;37.00;Afvalwaterinzameling en -behandeling;Riolering en waterzuiveringsinstallaties;Energiegebruik en processen Riolering en waterzuiveringsinstallaties;CO2;0.644405;0.844826;0.580261;0.398112;0.293928;0.103571;0.172753;0.526392;0.670454;Overig;10.623383;10.623383;RWZI;1;Bleu;2024;BU17000107;GM1700;7671.0;7671RC;BU17000107;GM1700;7671.0;7671RC;BU17000107;GM1700;7671.0;7671RC;False;False;False;52.40837389100957;6.632001495969918;WarmteAtlas:CO2EmissieBedrijven;;;
983;NL;;220439;RWZI Vroomshoop;Vroomshoop;De Sluis;7681KB;20;;235100;496100;37.00;Afvalwaterinzameling en -behandeling;Riolering en waterzuiveringsinstallaties;Energiegebruik en processen Riolering en waterzuiveringsinstallaties;CO2;0.728884;0.540476;0.456352;1.022402;0.828321;0.727633;0.662716;0.577332;0.782422;Overig;12.397531;12.397531;RWZI;1;Bleu;2024;BU17000403;GM1700;7681.0;7681KB;BU17000403;GM1700;7681.0;7681KB;BU17000403;GM1700;7681.0;7681KB;False;False;False;52.446806000602564;6.565415745023048;WarmteAtlas:CO2EmissieBedrijven;;;
984;NL;;220440;RWZI Waalwijk;Waalwijk;Gansoyensesteeg;5145PX;21;;133200;413700;37.00;Afvalwaterinzameling en -behandeling;Riolering en waterzuiveringsinstallaties;Energiegebruik en processen Riolering en waterzuiveringsinstallaties;CO2;0.192505;2.31965;2.289652;2.529149;2.463405;2.10088;2.28997;1.915292;2.001689;Overig;31.7169;31.7169;RWZI;2;Bleu;2024;BU08670011;GM0867;5145.0;5145PX;BU08670011;GM0867;5145.0;5145PX;BU08670011;GM0867;5145.0;5145PX;False;False;False;51.711628733892184;5.071777079248837;WarmteAtlas:CO2EmissieBedrijven;;;
985;NL;;220441;RWZI Waarde;Waarde;Vroonweg;4414RH;10;;62300;383000;37.00;Afvalwaterinzameling en -behandeling;Riolering en waterzuiveringsinstallaties;Energiegebruik en processen Riolering en waterzuiveringsinstallaties;CO2;0.555595;0.710929;0.81349;0.985084;0.907571;0.791479;0.661269;0.482086;0.375115;Overig;5.943718;5.943718;RWZI;1;Bleu;2024;BU07030309;GM0703;4414.0;4414RJ;BU07030309;GM0703;4414.0;4414RJ;BU07030309;GM0703;4414.0;4414RJ;False;False;False;51.42848839213472;4.054213666948875;WarmteAtlas:CO2EmissieBedrijven;;;
986;NL;;220442;RWZI Waddinxveen;Waddinxveen;Willem de Zwijgerlaan;2741DB;63;z;104500;451500;37.00;Afvalwaterinzameling en -behandeling;Riolering en waterzuiveringsinstallaties;Energiegebruik en processen Riolering en waterzuiveringsinstallaties;CO2;0.845142;0.239866;0.0;0.0;0.0;0.0;0.0;0.0;0.0;Overig;0.0;0.0;RWZI;0;Bleu;2024;BU06270302;GM0627;2741.0;2741DB;BU06270302;GM0627;2741.0;2741DB;BU06270302;GM0627;2741.0;2741DB;False;False;False;52.049510101038365;4.651001451208529;WarmteAtlas:CO2EmissieBedrijven;;;
987;NL;;220443;RWZI Walcheren;Ritthem;Fort de Ruiterweg;4389VM;4;;31767;385337;37.00;Afvalwaterinzameling en -behandeling;Riolering en waterzuiveringsinstallaties;Energiegebruik en processen Riolering en waterzuiveringsinstallaties;CO2;5.946785;4.810856;4.765839;5.96888;5.304721;5.833513;6.191918;4.220395;3.573508;Overig;56.622486;56.622486;RWZI;2;Bleu;2024;BU07180601;GM0718;4389.0;4389TD;BU07180601;GM0718;4389.0;4389TD;BU07180601;GM0718;4389.0;4389TD;False;False;False;51.44364486630879;3.614520126572157;WarmteAtlas:CO2EmissieBedrijven;;;
988;NL;;220444;RWZI Warns;Molkwerum;Noardermar;8722HN;3;A;155600;544200;37.00;Afvalwaterinzameling en -behandeling;Riolering en waterzuiveringsinstallaties;Energiegebruik en processen Riolering en waterzuiveringsinstallaties;CO2;0.197642;0.222432;0.142713;0.200109;0.256563;0.258011;0.237383;0.264165;0.226545;Overig;3.589626;3.589626;RWZI;1;Bleu;2024;BU19000309;GM1900;8722.0;8722HN;BU19000309;GM1900;8722.0;8722HN;BU19000309;GM1900;8722.0;8722HN;False;False;False;52.88493658410821;5.39611992560814;WarmteAtlas:CO2EmissieBedrijven;;;
989;NL;;220445;RWZI Waspik;Waspik;Dwarsweg;5165NM;2;;124200;413000;37.00;Afvalwaterinzameling en -behandeling;Riolering en waterzuiveringsinstallaties;Energiegebruik en processen Riolering en waterzuiveringsinstallaties;CO2;0.344458;0.213636;0.27991;0.253131;0.179492;0.20538;0.186994;0.165102;0.141323;Overig;2.23928;2.23928;RWZI;1;Bleu;2024;BU08670202;GM0867;5165.0;5165NM;BU08670202;GM0867;5165.0;5165NM;BU08670202;GM0867;5165.0;5165NM;False;False;False;51.70491413588301;4.941621022053062;WarmteAtlas:CO2EmissieBedrijven;;;
990;NL;;220446;RWZI Weerselo;Weerselo;Abdijweg;7595XP;64;;254600;486400;37.00;Afvalwaterinzameling en -behandeling;Riolering en waterzuiveringsinstallaties;Energiegebruik en processen Riolering en waterzuiveringsinstallaties;CO2;0.057966;0.238339;0.0;0.0;0.0;0.0;0.0;0.0;0.0;Overig;0.0;0.0;RWZI;0;Bleu;2024;BU17741612;GM1774;7595.0;7595XP;BU17741612;GM1774;7595.0;7595XP;BU17741612;GM1774;7595.0;7595XP;False;False;False;52.35645162263266;6.849285323123243;WarmteAtlas:CO2EmissieBedrijven;;;
991;NL;;220447;RWZI Weert;Weert;Gr. Hornelaan;6001AC;199;;179383;364192;37.00;Afvalwaterinzameling en -behandeling;Riolering en waterzuiveringsinstallaties;Energiegebruik en processen Riolering en waterzuiveringsinstallaties;CO2;4.050845;4.172959;7.80088;5.781627;3.985763;4.858166;4.073695;4.024823;4.212542;Overig;66.74803;66.74803;RWZI;2;Bleu;2024;BU09882402;GM0988;6001.0;6001AC;BU09882402;GM0988;6001.0;6001AC;BU09882402;GM0988;6001.0;6001AC;False;False;False;51.26651859901494;5.736564314807996;WarmteAtlas:CO2EmissieBedrijven;;;
992;NL;;220448;RWZI Weesp;Weesp;IJsselmeerlaan;1382JT;20;;129985;481231;37.00;Afvalwaterinzameling en -behandeling;Riolering en waterzuiveringsinstallaties;Energiegebruik en processen Riolering en waterzuiveringsinstallaties;CO2;0.284454;2.385009;1.083886;1.07992;0.936965;0.958079;0.777406;0.577061;0.6762;Overig;10.714439;10.714439;RWZI;1;Bleu;2024;BU0363SC01;GM0363;1382.0;1382JT;BU0363SC01;GM0363;1382.0;1382JT;BU0363SC01;GM0363;1382.0;1382JT;False;False;False;52.318460271348435;5.020326190319431;WarmteAtlas:CO2EmissieBedrijven;;;
993;NL;;220449;RWZI Wehe den Hoorn;Wehe-den Hoorn;Raylandseweg;9964TC;1;bij;223400;598400;37.00;Afvalwaterinzameling en -behandeling;Riolering en waterzuiveringsinstallaties;Energiegebruik en processen Riolering en waterzuiveringsinstallaties;CO2;0.339486;0.200929;0.118752;0.112992;0.081622;0.224802;0.110114;0.128687;0.057285;Overig;0.907681;0.907681;RWZI;1;Bleu;2024;BU19660201;GM1966;9964.0;9964TC;BU19660201;GM1966;9964.0;9964TC;BU19660201;GM1966;9964.0;9964TC;False;False;False;53.36757717639783;6.414767405311722;WarmteAtlas:CO2EmissieBedrijven;;;
994;NL;;220450;RWZI Wehl;Wehl;Keppelseweg;7031EB;4;;211600;442600;37.00;Afvalwaterinzameling en -behandeling;Riolering en waterzuiveringsinstallaties;Energiegebruik en processen Riolering en waterzuiveringsinstallaties;CO2;0.202109;0.2132;0.364099;0.321123;0.29995;0.205018;0.268314;0.199797;0.208246;Overig;3.299676;3.299676;RWZI;1;Bleu;2024;BU02223107;GM0222;7031.0;7031EB;BU02223107;GM0222;7031.0;7031EB;BU02223107;GM0222;7031.0;7031EB;False;False;False;51.96893075149377;6.210852123572215;WarmteAtlas:CO2EmissieBedrijven;;;
995;NL;;220451;RWZI Wervershoof;Wervershoof;Ketellap;1693HC;1;;138000;527300;37.00;Afvalwaterinzameling en -behandeling;Riolering en waterzuiveringsinstallaties;Energiegebruik en processen Riolering en waterzuiveringsinstallaties;CO2;5.381256;6.217652;7.755431;7.316791;3.808758;5.97022;7.149165;11.621636;5.790783;Overig;91.755371;91.755371;RWZI;2;Bleu;2024;BU04201505;GM0420;1693.0;1693HD;BU04201505;GM0420;1693.0;1693HD;BU04201505;GM0420;1693.0;1693HD;False;False;False;52.732797107374196;5.135527342357825;WarmteAtlas:CO2EmissieBedrijven;;;
996;NL;;220452;RWZI Westerbork;Westerbork;Schreursmaat;9431TD;1;;236508;542430;37.00;Afvalwaterinzameling en -behandeling;Riolering en waterzuiveringsinstallaties;Energiegebruik en processen Riolering en waterzuiveringsinstallaties;CO2;0.264694;0.254318;0.492226;0.0;0.0;0.0;0.0;0.0;0.0;Overig;0.0;0.0;RWZI;0;Bleu;2024;BU17310909;GM1731;9431.0;9431TD;BU17310909;GM1731;9431.0;9431TD;BU17310909;GM1731;9431.0;9431TD;False;False;False;52.862890323146914;6.597528909759686;WarmteAtlas:CO2EmissieBedrijven;;;
997;NL;;220453;RWZI Westerhaar;Westerhaar-Vriezenv Wijk;Twistveenweg;7676SK;8;A;238700;496900;37.00;Afvalwaterinzameling en -behandeling;Riolering en waterzuiveringsinstallaties;Energiegebruik en processen Riolering en waterzuiveringsinstallaties;CO2;0.190048;0.36235;0.142116;0.0;0.0;0.0;0.0;0.0;0.0;Overig;0.0;0.0;RWZI;0;Bleu;2024;BU17000203;GM1700;7676.0;7676SK;BU17000203;GM1700;7676.0;7676SK;BU17000203;GM1700;7676.0;7676SK;False;False;False;52.4534562821336;6.618557682168769;WarmteAtlas:CO2EmissieBedrijven;;;
998;NL;;220454;RWZI Westerschouwen;Burgh-Haamstede;Koudekerkseweg;4328NP;6;;42700;412500;37.00;Afvalwaterinzameling en -behandeling;Riolering en waterzuiveringsinstallaties;Energiegebruik en processen Riolering en waterzuiveringsinstallaties;CO2;1.190792;0.543085;0.653158;0.590059;0.59392;0.599239;0.465429;0.443954;0.267855;Overig;4.244187;4.244187;RWZI;1;Bleu;2024;BU16761208;GM1676;4328.0;4328NP;BU16761208;GM1676;4328.0;4328NP;BU16761208;GM1676;4328.0;4328NP;False;False;False;51.69000588266136;3.763016940645498;WarmteAtlas:CO2EmissieBedrijven;;;
999;NL;;220455;RWZI Wieringen;Den Oever;Rijksweg;1777PE;9;;131100;549100;37.00;Afvalwaterinzameling en -behandeling;Riolering en waterzuiveringsinstallaties;Energiegebruik en processen Riolering en waterzuiveringsinstallaties;CO2;0.794743;0.435652;0.255835;0.232325;0.147016;0.124653;0.347839;0.198164;0.209194;Overig;3.314689;3.314689;RWZI;1;Bleu;2024;BU19110690;GM1911;1779.0;1779GL;BU19110690;GM1911;1779.0;1779GL;BU19110690;GM1911;1779.0;1779GL;False;False;False;52.92844195986393;5.031789715775803;WarmteAtlas:CO2EmissieBedrijven;;;
1551;NL;;71102;KLK Kolb Specialties B.V.;Delden;Langestraat;7491AE;167;;243200;475120;20.59;Vervaardiging van overige chemische producten n.e.g.;Chemische Industrie;Chemische Industrie overig;CO2;15.217453;6.886452;6.175;6.121094;5.116189;5.690846;5.638549;4.311359;4.320361;Chemische Industrie;58.668296;58.668296;Chemie;2;Magenta;2024;BU17350709;GM1735;7491.0;7491AE;BU17350709;GM1735;7491.0;7491AE;BU17350709;GM1735;7491.0;7491AE;False;False;False;52.25704087430542;6.679030962595889;WarmteAtlas:CO2EmissieBedrijven;;;
1552;NL;;71103;Nouryon Functional Chemicals;Deventer;Zutphenseweg;7418AJ;10;;208550;472800;20.14.1;Vervaardiging van petrochemische producten;Chemische Industrie;Chemische Industrie basisproducten;CO2;3.1896;11.721385;13.474871;9.98453;4.316359;4.722243;4.31;3.065;3.25274;Chemische Industrie;44.170548;44.170548;Chemie;2;Magenta;2024;BU01500704;GM0150;7418.0;7418AJ;BU01500704;GM0150;7418.0;7418AJ;BU01500704;GM0150;7418.0;7418AJ;False;False;False;52.24065027869464;6.171220285092472;WarmteAtlas:CO2EmissieBedrijven;;;
1553;NL;LCP;71105;Nouryon Chemicals B.V.;Hengelo;Boortorenweg;7554RS;27;;251088;474121;20.13;Vervaardiging van overige anorganische basischemicaliën;Chemische Industrie;Chemische Industrie basisproducten;CO2;334.360065;427.8;440.133;258.911;252.731;239.535;217.261;214.924763;102.593834;Chemische Industrie;1393.171871;1393.171871;Chemie;3;Magenta;2024;BU01640500;GM0164;7554.0;7554RS;BU01640500;GM0164;7554.0;7554RS;BU01640500;GM0164;7554.0;7554RS;False;False;False;52.24674463997487;6.794247122124258;WarmteAtlas:CO2EmissieBedrijven;;;
1554;NL;;71301;Abbott Biologicals BV;Olst;Veerweg;8121AA;12;;204000;483900;21.20;Vervaardiging van farmaceutische producten (geen grondstoffen);Chemische Industrie;Chemische Industrie overig;CO2;0.0;0.0;0.0;0.0;0.0;0.0;0.0;0.0;0.0;Chemische Industrie;0.0;0.0;Chemie;0;Magenta;2024;BU17730111;GM1773;8121.0;8121AA;BU17730111;GM1773;8121.0;8121AA;BU17730111;GM1773;8121.0;8121AA;False;False;False;52.340830901130786;6.106222043681682;WarmteAtlas:CO2EmissieBedrijven;;;
1555;NL;LCP;71514;Gasunie Vilsteren/Ommen;Vilsteren;Vilsterse Allee;7734PB;11;a;221116;501184;35.12;Beheer en exploitatie van transportnetten voor elektriciteit, aardgas en warm water;Energiesector;Olie- gaswinning land;CO2;135.356;0.0;22.43246;7.110554;4.331298;6.719186;3.441347;0.59565;0.684126;Overig;10.840025;10.840025;Overige;1;Gray;2024;BU01750902;GM0175;7734.0;7734PB;BU01750902;GM0175;7734.0;7734PB;BU01750902;GM0175;7734.0;7734PB;False;False;False;52.4943591014148;6.360758724299292;WarmteAtlas:CO2EmissieBedrijven;;;
1556;NL;;72010;Frico Cheese BV (Wierden);Wierden;Wilhelminstraat;7642CR;3;;237270;486620;10.50;Vervaardiging van zuivelprodukten;Overige industrie;Voedings- en genotmiddelenindustrie;CO2;0.0;1.861;0.0;0.0;0.0;0.0;0.0;0.0;0.0;Voedings- en genotmiddelenindustrie;0.0;0.0;Voeding;0;Green;2024;BU01890004;GM0189;7641.0;7641CC;BU01890004;GM0189;7641.0;7641CC;BU01890004;GM0189;7641.0;7641CC;False;False;False;52.361298239852445;6.595002844913699;WarmteAtlas:CO2EmissieBedrijven;;;
1557;NL;;72016;Lactalis Leerdammer BV (Dalfsen);Dalfsen;Rondweg;7721AA;9;;214397;502707;10.51;Vervaardiging van zuivelproducten (geen consumptie-ijs);Overige industrie;Voedings- en genotmiddelenindustrie;CO2;0.0;0.0;5.321616;5.81986;5.490994;5.49055;5.451567;5.125803;5.133487;Voedings- en genotmiddelenindustrie;80.104903;80.104903;Voeding;2;Green;2024;BU01480107;GM0148;7721.0;7721AA;BU01480107;GM0148;7721.0;7721AA;BU01480107;GM0148;7721.0;7721AA;False;False;False;52.508816457259364;6.262104666032607;WarmteAtlas:CO2EmissieBedrijven;;;
1558;NL;;72018;Coberco Dairies;Deventer;Harderwijkerstraat;7418BA;5;;208950;473250;10.51;Vervaardiging van zuivelproducten (geen consumptie-ijs);Overige industrie;Voedings- en genotmiddelenindustrie;CO2;6.30587;0.0;0.0;0.0;0.0;0.0;0.0;0.0;0.0;Voedings- en genotmiddelenindustrie;0.0;0.0;Voeding;0;Green;2024;BU01500704;GM0150;7418.0;7418BA;BU01500704;GM0150;7418.0;7418BA;BU01500704;GM0150;7418.0;7418BA;False;False;False;52.244655448386;6.177147870870151;WarmteAtlas:CO2EmissieBedrijven;;;
1559;NL;;72024;Ausnutria Kampen B.V.;Kampen;IJsseldijk;8261LK;42;;191550;507000;10.51;Vervaardiging van zuivelproducten (geen consumptie-ijs);Overige industrie;Voedings- en genotmiddelenindustrie;CO2;0.0;9.158;14.894561;14.366023;16.268596;14.8;13.8;13.056975;13.989631;Voedings- en genotmiddelenindustrie;218.299575;218.299575;Voeding;2;Green;2024;BU01660004;GM0166;8261.0;8261LK;BU01660004;GM0166;8261.0;8261LK;BU01660004;GM0166;8261.0;8261LK;False;False;False;52.549402421154724;5.926064984067603;WarmteAtlas:CO2EmissieBedrijven;;;
1560;NL;;72026;Kaasfabriek Salland;Markelo;Grotestraat;7475ZG;2;;230680;472480;10.50;Vervaardiging van zuivelprodukten;Overige industrie;Voedings- en genotmiddelenindustrie;CO2;0.885;0.0;0.0;0.0;0.0;0.0;0.0;0.0;0.0;Voedings- en genotmiddelenindustrie;0.0;0.0;Voeding;0;Green;2024;BU17350200;GM1735;7475.0;7475AX;BU17350200;GM1735;7475.0;7475AX;BU17350200;GM1735;7475.0;7475AX;False;False;False;52.235179495993464;6.495100716569548;WarmteAtlas:CO2EmissieBedrijven;;;
1561;NL;;72027;Ikwileerlijkezuivel.nl;Ommen;Hamerweg;7731AH;25;;225250;502670;10.51;Vervaardiging van zuivelproducten (geen consumptie-ijs);Overige industrie;Voedings- en genotmiddelenindustrie;CO2;0.0;0.0;3.13;4.28;3.12;3.668144;3.49;2.62;1.32;Voedings- en genotmiddelenindustrie;20.597787;20.597787;Voeding;1;Green;2024;BU01750114;GM0175;7731.0;7731AH;BU01750114;GM0175;7731.0;7731AH;BU01750114;GM0175;7731.0;7731AH;False;False;False;52.50719713002615;6.421935175787333;WarmteAtlas:CO2EmissieBedrijven;;;
1562;NL;;72030;Friesland Nutrition (Rijssen);Rijssen;Karel Doormanstraat;7461ER;4;;232750;480430;10.51;Vervaardiging van zuivelproducten (geen consumptie-ijs);Overige industrie;Voedings- en genotmiddelenindustrie;CO2;0.0;0.0;0.0;0.0;0.0;0.0;0.0;0.0;0.0;Voedings- en genotmiddelenindustrie;0.0;0.0;Voeding;0;Green;2024;BU17421004;GM1742;7461.0;7461GP;BU17421004;GM1742;7461.0;7461GP;BU17421004;GM1742;7461.0;7461GP;False;False;False;52.30633240878715;6.527228433476793;WarmteAtlas:CO2EmissieBedrijven;;;
1563;NL;;72035;Friesland Dairy Foods (Tuk);Tuk;Tukseweg;8334RS;87;;203020;534100;10.50;Vervaardiging van zuivelprodukten;Overige industrie;Voedings- en genotmiddelenindustrie;CO2;0.610253;0.0;0.0;0.0;0.0;0.0;0.0;0.0;0.0;Voedings- en genotmiddelenindustrie;0.0;0.0;Voeding;0;Green;2024;BU17082800;GM1708;8334.0;8334RS;BU17082800;GM1708;8334.0;8334RS;BU17082800;GM1708;8334.0;8334RS;False;False;False;52.79204542101057;6.099091847866494;WarmteAtlas:CO2EmissieBedrijven;;;
1564;NL;;72037;Friesland Coberco Butter Products, Zwolle;Zwolle;Gasthuisdijk;8041AG;44;;201480;503810;10.62;Vervaardiging van zetmeel en zetmeelproducten;Overige industrie;Voedings- en genotmiddelenindustrie;CO2;11.23476;0.0;0.0;0.0;0.0;0.0;0.0;0.0;0.0;Voedings- en genotmiddelenindustrie;0.0;0.0;Voeding;0;Green;2024;BU01932000;GM0193;8041.0;8041AG;BU01932000;GM0193;8041.0;8041AG;BU01932000;GM0193;8041.0;8041AG;False;False;False;52.51997973241659;6.072009779351699;WarmteAtlas:CO2EmissieBedrijven;;;
1565;NL;;72406;Grolsche Bierbrouwerij Nederland BV (Fazantstraat);Enschede;Fazantstraat;7523EB;2;;257670;472560;11.05;Vervaardiging van bier;Overige industrie;Voedings- en genotmiddelenindustrie;CO2;10.612724;9.28734;0.0;0.0;0.0;0.0;0.0;0.0;0.0;Voedings- en genotmiddelenindustrie;0.0;0.0;Voeding;0;Green;2024;BU01530402;GM0153;7523.0;7523MA;BU01530402;GM0153;7523.0;7523MA;BU01530402;GM0153;7523.0;7523MA;False;False;False;52.23153137088857;6.89012468536777;WarmteAtlas:CO2EmissieBedrijven;;;
1566;NL;;72643;Avebe B.A. Lok.'Onder Ons';De Krim;Fabriekswijk;9640AA;1;;239000;518800;10.60;Vervaardiging van meel;Overige industrie;Voedings- en genotmiddelenindustrie;CO2;16.972715;0.0;0.0;0.0;0.0;0.0;0.0;0.0;0.0;Voedings- en genotmiddelenindustrie;0.0;0.0;Voeding;0;Green;2024;BU01600802;GM0160;7782.0;7782PW;BU01600802;GM0160;7782.0;7782PW;BU01600802;GM0160;7782.0;7782PW;False;False;False;52.65019285592388;6.628497048647595;WarmteAtlas:CO2EmissieBedrijven;;;
1567;NL;;72807;Hogeslag-Olst B.V.;Olst;Industrieweg;8121BZ;16;;204000;483000;10.11;Slachterijen (geen pluimvee-);Overige industrie;Voedings- en genotmiddelenindustrie;CO2;0.0;0.0;0.0;0.0;0.0;0.0;0.173;0.0;0.0;Voedings- en genotmiddelenindustrie;0.0;0.0;Voeding;0;Green;2024;BU17730114;GM1773;8121.0;8121JD;BU17730114;GM1773;8121.0;8121JD;BU17730114;GM1773;8121.0;8121JD;False;False;False;52.33274255452287;6.106091006201447;WarmteAtlas:CO2EmissieBedrijven;;;
1568;NL;;72831;Stegeman C.V.;Wijhe;Stationsweg;8131DG;27;;206390;489918;10.13;Vleesverwerking (niet tot maaltijden);Overige industrie;Voedings- en genotmiddelenindustrie;CO2;0.0;0.0;0.0;0.0;2.020139;2.816651;1.603725;1.534194;3.011262;Voedings- en genotmiddelenindustrie;46.988887;46.988887;Voeding;2;Green;2024;BU17730216;GM1773;8131.0;8131PM;BU17730216;GM1773;8131.0;8131PM;BU17730216;GM1773;8131.0;8131PM;False;False;False;52.39469591442818;6.14221006250217;WarmteAtlas:CO2EmissieBedrijven;;;
1569;NL;;72837;Plukon Goor BV;Goor;Breukersweg;7471ST;10;;237103;473704;10.12;Pluimveeslachterijen;Overige industrie;Voedings- en genotmiddelenindustrie;CO2;0.0;0.0;0.0;0.0;0.6182;0.5875;0.622;0.0;0.0;Voedings- en genotmiddelenindustrie;0.0;0.0;Voeding;0;Green;2024;BU17350007;GM1735;7471.0;7471ST;BU17350007;GM1735;7471.0;7471ST;BU17350007;GM1735;7471.0;7471ST;False;False;False;52.24525912424297;6.589406516797948;WarmteAtlas:CO2EmissieBedrijven;;;
1570;NL;;72908;Brasil Potato Chips BV;Deventer;Teugseweg;7418AM;58012;;208750;472600;10.72;Vervaardiging van beschuit en koekjes en van ander houdbaar banketbakkerswerk;Overige industrie;Voedings- en genotmiddelenindustrie;CO2;0.0;0.0;0.0;0.0;0.0;0.0;0.0;0.0;0.0;Voedings- en genotmiddelenindustrie;0.0;0.0;Voeding;0;Green;2024;BU01500704;GM0150;7418.0;7418AJ;BU01500704;GM0150;7418.0;7418AJ;BU01500704;GM0150;7418.0;7418AJ;False;False;False;52.238833382808785;6.174116405522829;WarmteAtlas:CO2EmissieBedrijven;;;
1571;NL;;72912;Signature Foods Nederland B.V.;Losser;De Pol;7581CZ;35;;265900;474680;10.85;Vervaardiging van kant-en-klaarmaaltijden en snacks;Overige industrie;Voedings- en genotmiddelenindustrie;CO2;0.0;0.0;0.0;0.0;0.0;0.0;0.0;0.0;2.480425;Voedings- en genotmiddelenindustrie;38.705504;38.705504;Voeding;2;Green;2024;BU01680002;GM0168;7581.0;7581CV;BU01680002;GM0168;7581.0;7581CV;BU01680002;GM0168;7581.0;7581CV;False;False;False;52.248984880901176;7.011248771979778;WarmteAtlas:CO2EmissieBedrijven;;;
1572;NL;;72914;Abbott Laboratories B.V.;Zwolle;Rieteweg;8041AJ;21;;201500;503488;10.86;Vervaardiging van gehomogeniseerde voedingspreparaten en dieetvoeding;Overige industrie;Voedings- en genotmiddelenindustrie;CO2;0.0;7.645;0.0;15.185612;16.948403;18.053892;16.632052;16.171172;15.394233;Voedings- en genotmiddelenindustrie;240.217524;240.217524;Voeding;2;Green;2024;BU01932000;GM0193;8041.0;8041AK;BU01932000;GM0193;8041.0;8041AK;BU01932000;GM0193;8041.0;8041AK;False;False;False;52.51708429451051;6.072259512657405;WarmteAtlas:CO2EmissieBedrijven;;;
1573;NL;;73062;Auping BV;Deventer;Laan van Borgele;7415DK;70;;207520;476420;31.09;Vervaardiging van overige meubels;Overige industrie;Industrie overig;CO2;0.128291;0.0;0.0;0.0;0.0;0.0;0.0;0.0;0.0;Overig;0.0;0.0;Overige;0;Gray;2024;BU01500605;GM0150;7415.0;7415XB;BU01500605;GM0150;7415.0;7415XB;BU01500605;GM0150;7415.0;7415XB;False;False;False;52.27328274996959;6.156704130268978;WarmteAtlas:CO2EmissieBedrijven;;;
1574;NL;;73113;SVgroup B.V.;Rijssen;Morsweg;7461AG;18;;231950;481400;28.30;Vervaardiging van machines en werktuigen voor de land- en bosbouw;Overige industrie;Metaalelektro;CO2;0.0;0.0;0.0;0.0;0.0;0.0;0.0;0.0;0.0;Metaalelektro;0.0;0.0;Overige;0;Gray;2024;BU17420701;GM1742;7461.0;7461AE;BU17420701;GM1742;7461.0;7461AE;BU17420701;GM1742;7461.0;7461AE;False;False;False;52.31516159511538;6.515721937159763;WarmteAtlas:CO2EmissieBedrijven;;;
1575;NL;;73174;Koninklijke Machinefabriek Stork BV;Hengelo;Industrieplein;7553LL;3;;250700;475500;28.29;Vervaardiging van overige machines en apparaten voor algemeen gebruik n.e.g.;Overige industrie;Metaalelektro;CO2;6.838341;7.045;0.0;0.0;0.0;0.0;0.0;0.0;0.0;Metaalelektro;0.0;0.0;Overige;0;Gray;2024;BU01640601;GM0164;7553.0;7553AE;BU01640601;GM0164;7553.0;7553VZ;BU01640601;GM0164;7553.0;7553VZ;False;False;False;52.25920329661434;6.788957537592651;WarmteAtlas:CO2EmissieBedrijven;;;
1576;NL;;73224;Vishay BCcomponents Zwolle BV;Zwolle;Ceintuurbaan;8022AW;15;;204470;503830;27.90;Vervaardiging van overige elektrische apparatuur;Overige industrie;Metaalelektro;CO2;0.0;0.0;0.0;0.0;0.0;0.0;0.0;0.0;0.0;Metaalelektro;0.0;0.0;Overige;0;Gray;2024;BU01931180;GM0193;8022.0;8022AW;BU01931180;GM0193;8022.0;8022AW;BU01931180;GM0193;8022.0;8022AW;False;False;False;52.51989697880034;6.1160620660386025;WarmteAtlas:CO2EmissieBedrijven;;;
1577;NL;;73239;Scania Production Zwolle BV;Zwolle;Russenweg;8041AL;5;;201000;503040;29.10;Vervaardiging van auto's;Overige industrie;Metaalelektro;CO2;0.0;0.0;2.55635;2.01;1.64;2.153;1.368865;0.0;0.0;Metaalelektro;0.0;0.0;Overige;0;Gray;2024;BU01932010;GM0193;8041.0;8041AL;BU01932010;GM0193;8041.0;8041AL;BU01932010;GM0193;8041.0;8041AL;False;False;False;52.51310053120887;6.064832026417676;WarmteAtlas:CO2EmissieBedrijven;;;
1578;NL;;73502;Nefit Industrial BV;Deventer;Zweedsestraat;7418BG;1;;209050;473150;24.51;Gieten van ijzer;Overige industrie;Basismetaal;CO2;1.768;0.0;0.0;0.0;0.0;4.978496;4.653937;7.189261;6.751066;Basismetaal;76.039317;76.039317;Basismetaal;2;Black;2024;BU01500704;GM0150;7418.0;7418BG;BU01500704;GM0150;7418.0;7418BG;BU01500704;GM0150;7418.0;7418BG;False;False;False;52.24374693731361;6.178595969127639;WarmteAtlas:CO2EmissieBedrijven;;;
1579;NL;;73508;Aluminium Hardenberg BV;Hardenberg;NIEUWE HAVEN;7772BC;13;;239710;508430;24.42;Vervaardiging van aluminium;Overige industrie;Basismetaal;CO2;15.399544;0.0;0.0;0.0;0.0;0.0;0.0;0.0;0.0;Basismetaal;0.0;0.0;Basismetaal;0;Black;2024;BU01602802;GM0160;7772.0;7772BC;BU01602802;GM0160;7772.0;7772BC;BU01602802;GM0160;7772.0;7772BC;False;False;False;52.556904650622485;6.636340221850292;WarmteAtlas:CO2EmissieBedrijven;;;
1580;NL;;73629;Verzinkerij Kampen BV (Zwolseweg);IJsselmuiden;Zwolseweg;8271RA;3;;192050;507420;25.61;Oppervlaktebehandeling en bekleding van metaal;Overige industrie;Metaalelektro;CO2;0.374674;0.0;0.0;0.0;0.0;0.0;0.0;0.0;0.0;Metaalelektro;0.0;0.0;Overige;0;Gray;2024;BU01660302;GM0166;8271.0;8271RA;BU01660302;GM0166;8271.0;8271RA;BU01660302;GM0166;8271.0;8271RA;False;False;False;52.55314321049953;5.93348296963489;WarmteAtlas:CO2EmissieBedrijven;;;
1581;NL;;73642;Thales Nederland;Hengelo;Zuidelijke Havenweg;7554RR;40;;249400;474300;26.51;Vervaardiging van meet-, regel-, navigatie- en controleapparatuur;Overige industrie;Metaalelektro;CO2;0.0;0.0;5.253156;0.0;0.0;0.0;0.0;0.0;0.0;Metaalelektro;0.0;0.0;Overige;0;Gray;2024;BU01640600;GM0164;7554.0;7554PA;BU01640600;GM0164;7554.0;7554PA;BU01640600;GM0164;7554.0;7554PA;False;False;False;52.248644889593855;6.769586194641601;WarmteAtlas:CO2EmissieBedrijven;;;
1582;NL;;73837;Holec Holland NV;Hengelo;Tuindorpstraat;7555CS;61;;250350;475900;27.12;Vervaardiging van schakel- en verdeelinrichtingen;Overige industrie;Metaalelektro;CO2;0.0;0.0;0.0;0.0;0.0;0.0;0.0;0.0;0.0;Metaalelektro;0.0;0.0;Overige;0;Gray;2024;BU01640701;GM0164;7555.0;7555RJ;BU01640701;GM0164;7555.0;7555RJ;BU01640701;GM0164;7555.0;7555RJ;False;False;False;52.262858238994376;6.783945286425376;WarmteAtlas:CO2EmissieBedrijven;;;
1583;NL;;74002;Epon Gasturbine Centrale Hengelo NV;Hengelo;Slachthuisweg;7556;;;249940;476930;35.11.1;Productie van elektriciteit door thermische, kern- en warmtekrachtcentrales;Energiesector;Opwekking electriciteit;CO2;7.692;0.0;0.0;0.0;0.0;0.0;0.0;0.0;0.0;Opwekking electriciteit;0.0;0.0;Energy;0;Yellow;2024;BU01640700;GM0164;7556.0;7556RA;BU01640700;GM0164;7556.0;7556RA;BU01640700;GM0164;7556.0;7556RA;False;False;False;52.27218424032322;6.778230552241352;WarmteAtlas:CO2EmissieBedrijven;;;
1584;NL;LCP;74003;Centrale Harculo;Zwolle;IJsselcentraleweg;8015PA;6;;203938;498156;35.11.1;Productie van elektriciteit door thermische, kern- en warmtekrachtcentrales;Energiesector;Opwekking electriciteit;CO2;1380.748;83.0;302.214;0.971423;0.0;0.0;0.0;0.0;0.0;Opwekking electriciteit;0.0;0.0;Energy;0;Yellow;2024;BU01935210;GM0193;8014.0;8014BK;BU01935210;GM0193;8014.0;8014BK;BU01935210;GM0193;8014.0;8014BK;False;False;False;52.46895404887165;6.107392684521378;WarmteAtlas:CO2EmissieBedrijven;;;
1585;NL;LCP;74005;Ennatuurlijk BV (WKC Enschede);Enschede;Marssteden;7547TE;35;;253462;470526;35.14;Handel in elektriciteit en in gas via leidingen;Energiesector;Opwekking electriciteit;CO2;166.58709;0.0;0.0;0.569008;0.01612;0.37899;0.062439;0.026517;0.0;Opwekking electriciteit;0.0;0.0;Energy;0;Yellow;2024;BU01530701;GM0153;7547.0;7547TE;BU01530701;GM0153;7547.0;7547TE;BU01530701;GM0153;7547.0;7547TE;False;False;False;52.21402261801379;6.827954020815144;WarmteAtlas:CO2EmissieBedrijven;;;
1586;NL;;74120;Ten Cate Protect BV afd Protective Fabrics;Nijverdal;G. van der Muelenweg 2;7443RE;2;;228800;487380;13.30;Textielveredeling;Overige industrie;Textiel- en tapijtindustrie;CO2;0.0;0.0;2.302299;0.0;2.0;2.424354;11.049936;11.149182;8.624889;Overig;136.661974;136.661974;Overige;2;Gray;2024;BU01630203;GM0163;7443.0;7443RE;BU01630203;GM0163;7443.0;7443PT;BU01630203;GM0163;7443.0;7443PT;False;False;False;52.36933158081168;6.4708449704065085;WarmteAtlas:CO2EmissieBedrijven;;;
1587;NL;;74123;Ten Cate Advanced Textiles B.V.;Nijverdal;G. van der Muelenweg;7443RE;2;;228800;487380;28.90;Vervaardiging van overige machines, apparaten en werktuigen voor specifieke doeleinden;Overige industrie;Metaalelektro;CO2;19.165868;22.193;0.0;0.0;0.0;0.0;0.0;0.0;0.0;Metaalelektro;0.0;0.0;Overige;0;Gray;2024;BU01630203;GM0163;7443.0;7443RE;BU01630203;GM0163;7443.0;7443PT;BU01630203;GM0163;7443.0;7443PT;False;False;False;52.36933158081168;6.4708449704065085;WarmteAtlas:CO2EmissieBedrijven;;;
1588;NL;;74138;Ames Europe Enschede BV;Enschede;Spoordijkstraat;7521CB;132;;256306;471515;13.91;Vervaardiging van gebreide en gehaakte stoffen;Overige industrie;Textiel- en tapijtindustrie;CO2;0.0;0.0;0.0;0.0;0.0;0.0;0.0;0.0;0.0;Overig;0.0;0.0;Overige;0;Gray;2024;BU01530300;GM0153;7521.0;7521CB;BU01530300;GM0153;7521.0;7521CB;BU01530300;GM0153;7521.0;7521CB;False;False;False;52.22239404765052;6.869851675834919;WarmteAtlas:CO2EmissieBedrijven;;;
1589;NL;;74145;Texoprint Holland BV;Boekelo;Boekelosestraat;7548AW;400;;251850;469500;13.30;Textielveredeling;Overige industrie;Textiel- en tapijtindustrie;CO2;3.1176;5.406;0.0;0.0;0.0;0.0;0.0;0.0;0.0;Overig;0.0;0.0;Overige;0;Gray;2024;BU01530901;GM0153;7548.0;7548EJ;BU01530901;GM0153;7548.0;7548EJ;BU01530901;GM0153;7548.0;7548EJ;False;False;False;52.20508884690129;6.804080038194119;WarmteAtlas:CO2EmissieBedrijven;;;
1590;NL;;74154;TenCate Outdoor Fabrics B.V.;Nijverdal;P.C. Stamstraat;7442ZA;19;;229380;485900;13.30;Textielveredeling;Overige industrie;Textiel- en tapijtindustrie;CO2;10.491216;12.038;5.787;0.0;1.2535;1.633434;1.5759;0.0;0.0;Overig;0.0;0.0;Overige;0;Gray;2024;BU01630405;GM0163;7442.0;7442ZA;BU01630405;GM0163;7442.0;7442ZA;BU01630405;GM0163;7442.0;7442ZA;False;False;False;52.355953644255194;6.479032407351515;WarmteAtlas:CO2EmissieBedrijven;;;
1591;NL;;74158;Twentse Textiel Veredeling BV;Wierden;Dikkensweg;7641CC;24;;237270;486620;13.30;Textielveredeling;Overige industrie;Textiel- en tapijtindustrie;CO2;0.0;0.0;0.0;0.0;0.0;0.0;0.0;0.0;0.0;Overig;0.0;0.0;Overige;0;Gray;2024;BU01890004;GM0189;7641.0;7641CC;BU01890004;GM0189;7641.0;7641CC;BU01890004;GM0189;7641.0;7641CC;False;False;False;52.361298239852445;6.595002844913699;WarmteAtlas:CO2EmissieBedrijven;;;
1592;NL;;74174;Edel International BV;Genemuiden;Karst de Langestraat;8281JA;7;;199860;515740;13.93;Vervaardiging van vloerkleden en tapijt;Overige industrie;Textiel- en tapijtindustrie;CO2;0.0;0.0;0.0;0.0;0.0;0.0;0.0;0.0;0.0;Overig;0.0;0.0;Overige;0;Gray;2024;BU18960010;GM1896;8281.0;8281BM;BU18960010;GM1896;8281.0;8281BM;BU18960010;GM1896;8281.0;8281BM;False;False;False;52.62732620960889;6.049753311232177;WarmteAtlas:CO2EmissieBedrijven;;;
1593;NL;;74302;Koninklijke Verpakkingsindustrie Stempher CV (folie);Rijssen;Morsweg;7461AG;22;;231750;481650;22.22;Vervaardiging van verpakkingsmiddelen van kunststof;Overige industrie;Rubber- en kunstofverw. Industrie;CO2;0.0;0.0;0.0;0.0;0.0;0.0;0.0;0.0;0.0;Overig;0.0;0.0;Overige;0;Gray;2024;BU17420701;GM1742;7461.0;7461AG;BU17420701;GM1742;7461.0;7461AG;BU17420701;GM1742;7461.0;7461AG;False;False;False;52.31743611330648;6.512846307559141;WarmteAtlas:CO2EmissieBedrijven;;;
1594;NL;;74315;Novo Behang BV;Haaksbergen;Industriestraat;7482EW;23;;246320;463680;17.24;Vervaardiging van behangselpapier;Overige industrie;Papier(waren);CO2;0.78336;0.0;0.0;0.0;0.0;0.0;0.0;0.0;0.0;Papier(waren);0.0;0.0;Papier;0;White;2024;BU01580090;GM0158;7482.0;7482EW;BU01580090;GM0158;7482.0;7482EW;BU01580090;GM0158;7482.0;7482EW;False;False;False;52.15373412258636;6.721633834031675;WarmteAtlas:CO2EmissieBedrijven;;;
1595;NL;;74321;SARPI Netherlands B.V.;Almelo;Bedrijvenpark Twente;7602KJ;243;;238772;486907;38.21;Behandeling van onschadelijk afval;Afvalverwijdering;AVI's;CO2;0.0;0.0;0.0;0.0;0.92836;0.0;1.006969;1.006969;0.986787;Overig;15.635705;15.635705;Afval;1;Maroon;2024;BU01411205;GM0141;7602.0;7602KJ;BU01411205;GM0141;7602.0;7602KJ;BU01411205;GM0141;7602.0;7602KJ;False;False;False;52.36365009283888;6.617120270170882;WarmteAtlas:CO2EmissieBedrijven;;;
1596;NL;;74484;Polaroid (Europa) BV;Enschede;Hoge Bothofstraat;7511ZA;45;;258830;471680;20.59;Vervaardiging van overige chemische producten n.e.g.;Chemische Industrie;Chemische Industrie overig;CO2;0.0;0.0;0.0;0.0;0.0;0.0;0.0;0.0;0.0;Chemische Industrie;0.0;0.0;Chemie;0;Magenta;2024;BU01530003;GM0153;7511.0;7511LN;BU01530003;GM0153;7511.0;7511LN;BU01530003;GM0153;7511.0;7511LN;False;False;False;52.22340706295547;6.906829581130287;WarmteAtlas:CO2EmissieBedrijven;;;
1597;NL;;74604;Apollo Vredestein BV;Enschede;Ir. E.L.C. Schiffstraat;7547RD;370;;254350;472100;22.11;Vervaardiging van rubberbanden en loopvlakvernieuwing;Overige industrie;Rubber- en kunstofverw. Industrie;CO2;16.958;0.0;0.0;0.0;0.0;0.0;0.0;0.0;0.0;Overig;0.0;0.0;Overige;0;Gray;2024;BU01530700;GM0153;7547.0;7547RD;BU01530700;GM0153;7547.0;7547RD;BU01530700;GM0153;7547.0;7547RD;False;False;False;52.22800648724865;6.841405539630296;WarmteAtlas:CO2EmissieBedrijven;;;
1598;NL;;74609;Dunlop Protective Footwear B.V.;Raalte;Boeierstraat;8102HS;12;;216757;488174;15.20;Vervaardiging van schoenen;Overige industrie;Lederindustrie;CO2;0.0;0.0;0.0;0.0;0.0;0.0;0.0;0.0;0.0;Overig;0.0;0.0;Overige;0;Gray;2024;BU01770116;GM0177;8102.0;8102HS;BU01770116;GM0177;8102.0;8102HS;BU01770116;GM0177;8102.0;8102HS;False;False;False;52.37795399588677;6.294181143315357;WarmteAtlas:CO2EmissieBedrijven;;;
1599;NL;;74634;Wavin Diensten BV;Hardenberg;Bruchterweg;7772BJ;88;;239000;509550;22.21;Vervaardiging van platen, folie, buizen en profielen van kunststof;Overige industrie;Rubber- en kunstofverw. Industrie;CO2;1.29564;0.0;0.0;0.0;0.0;0.0;0.0;0.0;0.0;Overig;0.0;0.0;Overige;0;Gray;2024;BU01602802;GM0160;7772.0;7772BJ;BU01602802;GM0160;7772.0;7772BJ;BU01602802;GM0160;7772.0;7772BJ;False;False;False;52.56707809095746;6.626155712801569;WarmteAtlas:CO2EmissieBedrijven;;;
1600;NL;;74643;Plasticon The Netherlands B.V.;Oldenzaal;Parallelstraat;7575AN;52;;260800;480880;22.22;Vervaardiging van verpakkingsmiddelen van kunststof;Overige industrie;Rubber- en kunstofverw. Industrie;CO2;0.0;0.0;0.0;0.0;0.0;0.0;0.0;0.0;0.0;Overig;0.0;0.0;Overige;0;Gray;2024;BU01730600;GM0173;7575.0;7575AN;BU01730600;GM0173;7575.0;7575AN;BU01730600;GM0173;7575.0;7575AN;False;False;False;52.30569526462913;6.938532818884413;WarmteAtlas:CO2EmissieBedrijven;;;
1601;NL;;74652;Krehalon B.V.;Deventer;Londenstraat;7418EE;10;;209977;472779;22.22;Vervaardiging van verpakkingsmiddelen van kunststof;Overige industrie;Rubber- en kunstofverw. Industrie;CO2;0.0;0.0;0.0;0.0;1.866319;0.0;0.0;0.0;0.0;Overig;0.0;0.0;Overige;0;Gray;2024;BU01500705;GM0150;7418.0;7418EE;BU01500705;GM0150;7418.0;7418EE;BU01500705;GM0150;7418.0;7418EE;False;False;False;52.240321007361395;6.1921073865046194;WarmteAtlas:CO2EmissieBedrijven;;;
1602;NL;;74704;Boral Industrie BV, Stf. Markelo;Markelo;Rijssenseweg;7475VC;66;;233100;478350;23.32;Vervaardiging van keramische producten voor de bouw (geen tegels en plavuizen);Overige industrie;Bouwmaterialenindustrie;CO2;5.7;0.0;0.0;0.0;0.0;0.0;0.0;0.0;0.0;Bouwmaterialenindustrie;0.0;0.0;BouwMaterialen;0;SandyBrown;2024;BU17420208;GM1742;7461.0;7461PB;BU17420208;GM1742;7461.0;7461PB;BU17420208;GM1742;7461.0;7461PB;False;False;False;52.28759144113298;6.531877749604141;WarmteAtlas:CO2EmissieBedrijven;;;
1603;NL;;74758;Asfalt Centrale Twente V.O.F.;Enschede;Kanaalstraat;7547AR;201;23.0;254800;472110;23.00;Vervaardiging van overige niet-metaalhoudende minerale producten;Overige industrie;Bouwmaterialenindustrie;CO2;0.63728;0.0;0.0;0.0;0.0;0.0;0.0;0.0;0.0;Bouwmaterialenindustrie;0.0;0.0;BouwMaterialen;0;SandyBrown;2024;BU01530700;GM0153;7547.0;7547AS;BU01530700;GM0153;7547.0;7547AS;BU01530700;GM0153;7547.0;7547AS;False;False;False;52.22801505465914;6.847993163328949;WarmteAtlas:CO2EmissieBedrijven;;;
1604;NL;;75104;NJI Group BV;Rijssen;Ambachtsstraat;7461TP;2;;231300;481020;13.20;Weven van textiel;Overige industrie;Textiel- en tapijtindustrie;CO2;0.14868;0.0;0.0;0.0;0.0;0.0;0.0;0.0;0.0;Overig;0.0;0.0;Overige;0;Gray;2024;BU17420701;GM1742;7461.0;7461AE;BU17420701;GM1742;7461.0;7461AE;BU17420701;GM1742;7461.0;7461AE;False;False;False;52.31183739838901;6.506105009037132;WarmteAtlas:CO2EmissieBedrijven;;;
1605;NL;;75229;Houtbewerking Toering BV;Gramsbergen;Hoge Holt;7783BH;10;;242600;514500;46.76;Groothandel in intermediaire producten;Handel, Diensten en Overheid (HDO);Energiegebruik en processen Handel, Diensten en Overheid (HDO);CO2;0.968;0.0;0.0;0.0;0.0;0.0;0.0;0.0;0.0;Overig;0.0;0.0;Overige;0;Gray;2024;BU01601201;GM0160;7783.0;7783BH;BU01601201;GM0160;7783.0;7783BH;BU01601201;GM0160;7783.0;7783BH;False;False;False;52.610989287363616;6.680546152560403;WarmteAtlas:CO2EmissieBedrijven;;;
1606;NL;;75301;B&L Metals BV;Dedemsvaart;Fahrenheitstraat;7701BV;2;;229310;513580;24.40;Vervaardiging van edelmetalen en overige non-ferrometalen;Overige industrie;Basismetaal;CO2;0.0;0.0;0.0;0.0;0.0;0.0;0.0;0.0;0.0;Basismetaal;0.0;0.0;Basismetaal;0;Black;2024;BU01600905;GM0160;7701.0;7701BV;BU01600905;GM0160;7701.0;7701BV;BU01600905;GM0160;7701.0;7701BV;False;False;False;52.60469621041989;6.4841620495640395;WarmteAtlas:CO2EmissieBedrijven;;;
1607;NL;;75304;Lakatex BV;Goor;D.J. Bunschotenstraat;7471CZ;14;;236800;473000;13.30;Textielveredeling;Overige industrie;Textiel- en tapijtindustrie;CO2;0.0;0.0;0.0;0.0;0.0;0.0;0.0;0.0;0.0;Overig;0.0;0.0;Overige;0;Gray;2024;BU17350007;GM1735;7471.0;7471CZ;BU17350007;GM1735;7471.0;7471CZ;BU17350007;GM1735;7471.0;7471CZ;False;False;False;52.23897791496497;6.584800478418112;WarmteAtlas:CO2EmissieBedrijven;;;
1608;NL;LCP;75305;Twence BV Boeldershoek;Hengelo;Boldershoekweg;7554RT;51;;250428;472719;38.21;Behandeling van onschadelijk afval;Afvalverwijdering;AVI's;CO2;0.0;6.38;857.122551;882.773658;896.801674;900.76343;809.192125;796.826674;844.090216;Overig;13374.668915;13374.668915;Afval;4;Maroon;2024;BU01530908;GM0153;7547.0;7547PB;BU01530908;GM0153;7547.0;7547PB;BU01530908;GM0153;7547.0;7547PB;False;False;False;52.23426151532617;6.784189818220211;WarmteAtlas:CO2EmissieBedrijven;;;
1609;NL;;75306;Van Heek-Scholco International BV;Losser;Gronausestraat;7581CV;309;;265900;474680;13.20;Weven van textiel;Overige industrie;Textiel- en tapijtindustrie;CO2;0.0;0.0;0.0;0.0;0.0;0.0;0.0;0.0;0.0;Overig;0.0;0.0;Overige;0;Gray;2024;BU01680002;GM0168;7581.0;7581CV;BU01680002;GM0168;7581.0;7581CV;BU01680002;GM0168;7581.0;7581CV;False;False;False;52.248984880901176;7.011248771979778;WarmteAtlas:CO2EmissieBedrijven;;;
1610;NL;;75307;The 5m Company;Almelo;Plesmanweg;7602PD;13;;240500;487830;26.11;Vervaardiging van elektronische componenten;Overige industrie;Metaalelektro;CO2;0.0;0.0;0.0;0.0;0.0;0.0;0.0;0.0;0.0;Metaalelektro;0.0;0.0;Overige;0;Gray;2024;BU01411204;GM0141;7602.0;7602PD;BU01411204;GM0141;7602.0;7602PD;BU01411204;GM0141;7602.0;7602PD;False;False;False;52.371677632553876;6.642719313341727;WarmteAtlas:CO2EmissieBedrijven;;;
1611;NL;;75308;VerwerkingsInstallatie Twente VIT;Hengelo;Boldershoekweg;7554RT;41;;250600;472950;38.21;Behandeling van onschadelijk afval;Afvalverwijdering;AVI's;CO2;0.0;0.0;0.0;0.0;0.0;0.0;0.0;0.0;0.0;Overig;0.0;0.0;Afval;0;Maroon;2024;BU01640600;GM0164;7554.0;7554RT;BU01640600;GM0164;7554.0;7554RT;BU01640600;GM0164;7554.0;7554RT;False;False;False;52.236307385592305;6.7867722998861515;WarmteAtlas:CO2EmissieBedrijven;;;
1612;NL;;75316;Faber Vlagproduktie B.V.;Markelo;Industrieweg;7475NH;4;;232396;468959;13.92;Vervaardiging van geconfectioneerde artikelen van textiel, geen kleding;Overige industrie;Textiel- en tapijtindustrie;CO2;0.0;0.0;0.0;0.0;0.0;0.0;0.0;0.0;0.0;Overig;0.0;0.0;Overige;0;Gray;2024;BU17350207;GM1735;7475.0;7475NH;BU17350207;GM1735;7475.0;7475NH;BU17350207;GM1735;7475.0;7475NH;False;False;False;52.20330005882771;6.519412249773123;WarmteAtlas:CO2EmissieBedrijven;;;
1613;NL;;75331;Zwanenberg Food Group BV;Almelo;Sluisweg;7602PR;7;;239993;487925;10.13;Vleesverwerking (niet tot maaltijden);Overige industrie;Voedings- en genotmiddelenindustrie;CO2;0.0;0.0;2.64;2.920113;0.0;0.0;0.0;0.0;0.0;Voedings- en genotmiddelenindustrie;0.0;0.0;Voeding;0;Green;2024;BU01411204;GM0141;7602.0;7602PR;BU01411204;GM0141;7602.0;7602PR;BU01411204;GM0141;7602.0;7602PR;False;False;False;52.372610022382204;6.635300061929872;WarmteAtlas:CO2EmissieBedrijven;;;
1614;NL;;75342;FrieslandCampina Cheese (Balkbrug);Balkbrug;Coevorderweg;7707AR;40;;223394;513226;10.51;Vervaardiging van zuivelproducten (geen consumptie-ijs);Overige industrie;Voedings- en genotmiddelenindustrie;CO2;0.0;0.0;9.305;9.773;0.614025;0.419762;0.612934;0.543;0.651237;Voedings- en genotmiddelenindustrie;10.162152;10.162152;Voeding;1;Green;2024;BU01600402;GM0160;7707.0;7707AR;BU01600402;GM0160;7707.0;7707ZZ;BU01600402;GM0160;7707.0;7707ZZ;False;False;False;52.60228945541474;6.396771299597094;WarmteAtlas:CO2EmissieBedrijven;;;
1615;NL;;75346;Loko Gramsbergen BV;Gramsbergen;Hoge Holt;7783BH;4;a;242600;514500;25.61;Oppervlaktebehandeling en bekleding van metaal;Overige industrie;Metaalelektro;CO2;0.0;0.0;0.0;0.0;0.0;0.0;0.0;0.0;0.16267;Metaalelektro;2.558621;2.558621;Overige;1;Gray;2024;BU01601201;GM0160;7783.0;7783BH;BU01601201;GM0160;7783.0;7783BH;BU01601201;GM0160;7783.0;7783BH;False;False;False;52.610989287363616;6.680546152560403;WarmteAtlas:CO2EmissieBedrijven;;;
1616;NL;;75349;CZ Rouveen Kaasspecialiteiten;Rouveen;Oude Rijksweg;7954GH;395;;209085;514986;10.51;Vervaardiging van zuivelproducten (geen consumptie-ijs);Overige industrie;Voedings- en genotmiddelenindustrie;CO2;0.0;1.46;1.57;3.16;3.396283;3.21;2.832943;2.478616;2.548834;Voedings- en genotmiddelenindustrie;39.772985;39.772985;Voeding;2;Green;2024;BU01800102;GM0180;7954.0;7954GH;BU01800102;GM0180;7954.0;7954GH;BU01800102;GM0180;7954.0;7954GH;False;False;False;52.619712764134725;6.185864902704778;WarmteAtlas:CO2EmissieBedrijven;;;
1617;NL;;76019;BYK Netherlands B.V.;Deventer;Danzigweg;7418EN;23;;210675;472957;20.59;Vervaardiging van overige chemische producten n.e.g.;Chemische Industrie;Chemische Industrie overig;CO2;0.0;0.0;0.0;0.0;0.0;0.838857;0.658739;0.625192;0.684188;Chemische Industrie;9.29093;9.29093;Chemie;1;Magenta;2024;BU01500705;GM0150;7418.0;7418ER;BU01500705;GM0150;7418.0;7418ER;BU01500705;GM0150;7418.0;7418ER;False;False;False;52.24185061259468;6.202354933349567;WarmteAtlas:CO2EmissieBedrijven;;;
1618;NL;;76024;Edel Backing BV;Genemuiden;K. de Langestraat;8281JA;7;;199918;515685;13.90;Vervaardiging van overige textielprodukten;Overige industrie;Textiel- en tapijtindustrie;CO2;0.0;0.0;0.0;0.0;0.0;0.0;0.0;0.0;0.0;Overig;0.0;0.0;Overige;0;Gray;2024;BU18960010;GM1896;8281.0;8281JA;BU18960010;GM1896;8281.0;8281JA;BU18960010;GM1896;8281.0;8281JA;False;False;False;52.62682716931246;6.050602419292408;WarmteAtlas:CO2EmissieBedrijven;;;
1619;NL;;77;LG.Philips Displays Netherlands B.V.;SITTARD;Rijksweg Noord;6136AC;281;;188500;336200;26.11;Vervaardiging van elektronische componenten;Overige industrie;Metaalelektro;CO2;3.0;9.722;0.0;0.0;0.0;0.0;0.0;0.0;0.0;Metaalelektro;0.0;0.0;Overige;0;Gray;2024;BU18830208;GM1883;6136.0;6136XB;BU18830208;GM1883;6136.0;6136XB;BU18830208;GM1883;6136.0;6136XB;False;False;False;51.01444602504945;5.864569075889801;WarmteAtlas:CO2EmissieBedrijven;;;
1620;NL;;78;Bedrijvenpark Molenberg;Heerlen;Jan Campertstraat;6416SG;5;;198450;321500;26.40;Vervaardiging van consumentenelektronica;Overige industrie;Metaalelektro;CO2;3.53808;0.0;0.0;0.0;0.0;0.0;0.0;0.0;0.0;Metaalelektro;0.0;0.0;Overige;0;Gray;2024;BU09173902;GM0917;6416.0;6416SG;BU09173902;GM0917;6416.0;6416SG;BU09173902;GM0917;6416.0;6416SG;False;False;False;50.88164625334632;6.004579814560119;WarmteAtlas:CO2EmissieBedrijven;;;
1621;NL;;79;Steenfabriek Linssen BV;Kerkrade;Drievogelstraat;6466GN;80;;199520;318420;23.32;Vervaardiging van keramische producten voor de bouw (geen tegels en plavuizen);Overige industrie;Bouwmaterialenindustrie;CO2;5.33952;0.0;2.298;2.455357;3.111007;3.3249;3.19562;2.7601;2.22363;Bouwmaterialenindustrie;33.496473;33.496473;BouwMaterialen;2;SandyBrown;2024;BU09280000;GM0928;6466.0;6466GN;BU09280000;GM0928;6466.0;6466GN;BU09280000;GM0928;6466.0;6466GN;False;False;False;50.853880030183035;6.0194044839312735;WarmteAtlas:CO2EmissieBedrijven;;;
1622;NL;;81001;Nam Loc.'Schoonebeek Evi/Rov';Schoonebeek;Beekweg;7761PK;33;;256150;522540;06.10;Winning van aardolie;Energiesector;Olie- gaswinning land;CO2;0.0;0.0;0.0;0.0;0.0;0.0;0.0;0.0;0.0;Overig;0.0;0.0;Overige;0;Gray;2024;BU01141009;GM0114;7761.0;7761PH;BU01141009;GM0114;7761.0;7761PH;BU01141009;GM0114;7761.0;7761PH;False;False;False;52.68087907091981;6.882994737024748;WarmteAtlas:CO2EmissieBedrijven;;;
1623;NL;;81004;Nam Locatie 'Wki Schoonebeek';Schoonebeek;Valendisweg;0.0;;;257960;521070;06.10;Winning van aardolie;Energiesector;Olie- gaswinning land;CO2;120.96;0.0;0.0;0.0;0.0;0.0;0.0;0.0;0.0;Overig;0.0;0.0;Overige;0;Gray;2024;BU01141009;GM0114;7761.0;7761JA;BU01141009;GM0114;7761.0;7761JA;BU01141009;GM0114;7761.0;7761JA;False;False;False;52.66733250216386;6.909294101416819;WarmteAtlas:CO2EmissieBedrijven;;;
1624;NL;;81011;NAM (Ms-20 Schoonebeek);Schoonebeek;Oldenhuis Gratamaweg;7761PN;;;255100;521800;06.10;Winning van aardolie;Energiesector;Olie- gaswinning land;CO2;3.00768;0.0;0.0;0.0;0.0;0.0;0.0;0.0;0.0;Overig;0.0;0.0;Overige;0;Gray;2024;BU01141009;GM0114;7761.0;7761PN;BU01141009;GM0114;7761.0;7761PN;BU01141009;GM0114;7761.0;7761PN;False;False;False;52.67442475798186;6.867248517943755;WarmteAtlas:CO2EmissieBedrijven;;;
1625;NL;;81102;Textar Nederland BV;Klazienaveen;Industriestraat;7890AA;32;;264970;527250;23.00;Vervaardiging van overige niet-metaalhoudende minerale producten;Overige industrie;Bouwmaterialenindustrie;CO2;0.42534;0.0;0.0;0.0;0.0;0.0;0.0;0.0;0.0;Bouwmaterialenindustrie;0.0;0.0;BouwMaterialen;0;SandyBrown;2024;BU01140801;GM0114;7891.0;7891GV;BU01140801;GM0114;7891.0;7891GV;BU01140801;GM0114;7891.0;7891GV;False;False;False;52.7214820622711;7.014943079546307;WarmteAtlas:CO2EmissieBedrijven;;;
1626;NL;;81103;Cabot Norit Activated Carbon (Klazienaveen);Klazienaveen;Mr Ovingkanaal OZ;7891EV;3;- 5;263800;528000;20.59;Vervaardiging van overige chemische producten n.e.g.;Chemische Industrie;Chemische Industrie overig;CO2;6.396024;0.139;0.0;107.824333;65.657142;51.938;56.047;49.407;27.742333;Chemische Industrie;376.726716;376.726716;Chemie;3;Magenta;2024;BU01140800;GM0114;7891.0;7891EV;BU01140800;GM0114;7891.0;7891EV;BU01140800;GM0114;7891.0;7891EV;False;False;False;52.728455548581245;6.997879137194958;WarmteAtlas:CO2EmissieBedrijven;;;
1627;NL;;81104;DOC Kaas (Zuivelfabriek);Hoogeveen;Alteveerstraat;7907AB;70;;228600;525100;10.51;Vervaardiging van zuivelproducten (geen consumptie-ijs);Overige industrie;Voedings- en genotmiddelenindustrie;CO2;0.0;8.552;15.649;9.91263;7.528914;6.643991;6.193819;6.081536;5.078967;Voedings- en genotmiddelenindustrie;79.254152;79.254152;Voeding;2;Green;2024;BU01186205;GM0118;7907.0;7907GB;BU01186205;GM0118;7907.0;7907GB;BU01186205;GM0118;7907.0;7907GB;False;False;False;52.708307447034215;6.476244289810724;WarmteAtlas:CO2EmissieBedrijven;;;
1628;NL;;81105;Diolen Industrial Fibers BV;Emmen;1e BOKSLOOTWEG;7821AT;17;;257552;533045;20.60;Vervaardiging van synthetische en kunstmatige vezels;Chemische Industrie;Chemische Industrie overig;CO2;205.096572;225.569525;0.0;0.0;0.0;0.0;0.0;0.0;0.0;Chemische Industrie;0.0;0.0;Chemie;0;Magenta;2024;BU01145300;GM0114;7821.0;7821AT;BU01145300;GM0114;7821.0;7821AT;BU01145300;GM0114;7821.0;7821AT;False;False;False;52.77499622537848;6.906986728251183;WarmteAtlas:CO2EmissieBedrijven;;;
1629;NL;;81202;AOC Resins (Schoonebeek);Zandpol;Nieuw-Amsterdamseweg;7764AN;31;a;255180;523500;20.16;Vervaardiging van kunststof in primaire vorm;Chemische Industrie;Chemische Industrie basisproducten;CO2;0.0;0.0;7.019;4.692;5.080208;5.240111;5.727;5.079237;5.363757;Chemische Industrie;72.837085;72.837085;Chemie;2;Magenta;2024;BU01141004;GM0114;7764.0;7764AN;BU01141004;GM0114;7764.0;7764AN;BU01141004;GM0114;7764.0;7764AN;False;False;False;52.68968366153184;6.868946123029218;WarmteAtlas:CO2EmissieBedrijven;;;
1630;NL;;81204;Allied Signal Carpet Fibers BV;Emmen;Albatrosstr;7801CA;6;;258600;532300;20.60;Vervaardiging van synthetische en kunstmatige vezels;Chemische Industrie;Chemische Industrie overig;CO2;0.0;0.0;0.0;0.0;0.0;0.0;0.0;0.0;0.0;Chemische Industrie;0.0;0.0;Chemie;0;Magenta;2024;BU01145300;GM0114;7821.0;7821AM;BU01145300;GM0114;7821.0;7821AM;BU01145300;GM0114;7821.0;7821AM;False;False;False;52.768103956799294;6.9222777924887104;WarmteAtlas:CO2EmissieBedrijven;;;
1631;NL;LCP;82002;FrieslandCampina Ingredients (Beilen);Beilen;De Perk;9411PZ;30;;231300;541530;10.51;Vervaardiging van zuivelproducten (geen consumptie-ijs);Overige industrie;Voedings- en genotmiddelenindustrie;CO2;38.527686;0.0;53.596725;52.245321;48.722603;41.541701;37.05993;31.782993;35.228318;Voedings- en genotmiddelenindustrie;549.716203;549.716203;Voeding;3;Green;2024;BU17310000;GM1731;9411.0;9411PZ;BU17310000;GM1731;9411.0;9411PZ;BU17310000;GM1731;9411.0;9411PZ;False;False;False;52.85556321337376;6.520000050855545;WarmteAtlas:CO2EmissieBedrijven;;;
1632;NL;LCP;82603;Avebe u.a. (Gasselternijveen);Gasselternijveen;Baptistenkade;9514AH;40;;254450;556800;10.62;Vervaardiging van zetmeel en zetmeelproducten;Overige industrie;Voedings- en genotmiddelenindustrie;CO2;31.415346;99.791;93.189714;71.871049;97.2863;99.752513;96.88171;84.5663;62.402619;Voedings- en genotmiddelenindustrie;973.754437;973.754437;Voeding;3;Green;2024;BU16801500;GM1680;9514.0;9514JA;BU16801500;GM1680;9514.0;9514JA;BU16801500;GM1680;9514.0;9514JA;False;False;False;52.98898910235598;6.868252384649174;WarmteAtlas:CO2EmissieBedrijven;;;
1633;NL;;82608;Coöperatieve Grasdrogerij Ruinerwold;Ruinerwold;Dokter Larijweg;7961NP;81;A;214650;527700;10.91;Vervaardiging van veevoeders;Overige industrie;Voedings- en genotmiddelenindustrie;CO2;20.622916;45.552;0.0;0.0;0.0;0.0;0.0;0.0;0.0;Voedings- en genotmiddelenindustrie;0.0;0.0;Voeding;0;Green;2024;BU16901105;GM1690;7961.0;7961NP;BU16901105;GM1690;7961.0;7961NP;BU16901105;GM1690;7961.0;7961NP;False;False;False;52.73338100581226;6.27032648361499;WarmteAtlas:CO2EmissieBedrijven;;;
1634;NL;;83019;Friesland Foods Cheese Assen;Assen;ROLDERSTRAAT;9401AX;128;;234500;557100;10.51;Vervaardiging van zuivelproducten (geen consumptie-ijs);Overige industrie;Voedings- en genotmiddelenindustrie;CO2;0.0;8.556;0.0;0.0;0.0;0.0;0.0;0.0;0.0;Voedings- en genotmiddelenindustrie;0.0;0.0;Voeding;0;Green;2024;BU01060003;GM0106;9401.0;9401KH;BU01060003;GM0106;9401.0;9401KT;BU01060003;GM0106;9401.0;9401KT;False;False;False;52.99499575504819;6.571291889373844;WarmteAtlas:CO2EmissieBedrijven;;;
1635;NL;;83067;Metaalindustrie Waelbers BV;Ruinerwold;Hoge Akkers;7961AR;13;;213046;525919;25.72;Vervaardiging van hang- en sluitwerk;Overige industrie;Metaalelektro;CO2;0.0;0.0;0.0;0.0;0.0;0.0;0.0;0.065424;0.056357;Metaalelektro;0.886438;0.886438;Overige;1;Gray;2024;BU16901100;GM1690;7961.0;7961AD;BU16901100;GM1690;7961.0;7961AD;BU16901100;GM1690;7961.0;7961AD;False;False;False;52.717550719253325;6.246268351680446;WarmteAtlas:CO2EmissieBedrijven;;;
1636;NL;;83071;Zincoat BV;Veenoord;Boerdijk;7844TC;32;;253450;526950;25.61;Oppervlaktebehandeling en bekleding van metaal;Overige industrie;Metaalelektro;CO2;0.0;0.0;0.0;0.0;1.05;0.975;0.949243;0.725;0.691782;Metaalelektro;10.880974;10.880974;Overige;1;Gray;2024;BU01141300;GM0114;7844.0;7844TC;BU01141300;GM0114;7844.0;7844TC;BU01141300;GM0114;7844.0;7844TC;False;False;False;52.720996149669126;6.844394717315293;WarmteAtlas:CO2EmissieBedrijven;;;
1637;NL;;83086;Thomassen en Dryver-Verblifa NV (Deventer, Zweedsestraat);Hoogeveen;Pr. Hendrikstraat;7902BZ;24;;229100;527400;25.90;Vervaardiging van overige produkten van metaal;Overige industrie;Metaalelektro;CO2;3.253824;0.0;0.0;0.0;0.0;0.0;0.0;0.0;0.0;Metaalelektro;0.0;0.0;Overige;0;Gray;2024;BU01186202;GM0118;7903.0;7903BT;BU01186202;GM0118;7903.0;7903BT;BU01186202;GM0118;7903.0;7903BT;False;False;False;52.72890618413188;6.484157880818733;WarmteAtlas:CO2EmissieBedrijven;;;
1638;NL;;83099;VDL Wientjes Emmen B.V.;Emmen;Phileas Foggstraat;7825AK;30;;259090;531300;22.20;Vervaardiging van produkten van kunststof;Overige industrie;Rubber- en kunstofverw. Industrie;CO2;1.129792;0.0;0.0;0.0;0.0;0.0;0.0;0.0;0.0;Overig;0.0;0.0;Overige;0;Gray;2024;BU01145300;GM0114;7825.0;7825AK;BU01145300;GM0114;7825.0;7825AK;BU01145300;GM0114;7825.0;7825AK;False;False;False;52.75902608991931;6.929219553384457;WarmteAtlas:CO2EmissieBedrijven;;;
1639;NL;;83501;Rademakers Gieterij BV;Klazienaveen;Langestraat;7891GA;12;;261750;526950;24.51;Gieten van ijzer;Overige industrie;Basismetaal;CO2;3.3471;0.0;7.714752;6.272338;4.386538;0.0;4.810414;3.636086;4.176455;Basismetaal;47.040689;47.040689;Basismetaal;2;Black;2024;BU01140809;GM0114;7891.0;7891GA;BU01140809;GM0114;7891.0;7891GA;BU01140809;GM0114;7891.0;7891GA;False;False;False;52.71942898285756;6.967202404836509;WarmteAtlas:CO2EmissieBedrijven;;;
1640;NL;;84;BASF Nederland B.V.;Maastricht;Sortieweg;6219NT;39;;175720;319627;20.12;Vervaardiging van kleurstoffen en pigmenten;Chemische Industrie;Chemische Industrie basisproducten;CO2;3.776358;0.0;4.13529;0.0;0.0;0.0;0.0;0.0;0.0;Chemische Industrie;0.0;0.0;Chemie;0;Magenta;2024;BU09350303;GM0935;6219.0;6219NT;BU09350303;GM0935;6219.0;6219NT;BU09350303;GM0935;6219.0;6219NT;False;False;False;50.86608362366154;5.6815085059130945;WarmteAtlas:CO2EmissieBedrijven;;;
1641;NL;;84101;Forbo-Novilon B.V.;Coevorden;De Holwert;7741KC;12;;245920;520700;22.20;Vervaardiging van produkten van kunststof;Overige industrie;Rubber- en kunstofverw. Industrie;CO2;0.0;12.127;0.0;0.0;0.0;0.0;0.0;0.0;0.0;Overig;0.0;0.0;Overige;0;Gray;2024;BU01091010;GM0109;7741.0;7741KC;BU01091010;GM0109;7741.0;7741KC;BU01091010;GM0109;7741.0;7741KC;False;False;False;52.66615276990053;6.731251699809924;WarmteAtlas:CO2EmissieBedrijven;;;
1642;NL;;84602;Danisco Flexible Envi BV;Assen;J.C. van Markenstraat;9403AS;4;;234550;558130;18.10;Drukkerijen en dienstverlening voor drukkerijen;Overige industrie;Grafische industrie;CO2;1.330992;0.0;0.0;0.0;0.0;0.0;0.0;0.0;0.0;Overig;0.0;0.0;Overige;0;Gray;2024;BU01060713;GM0106;9403.0;9403AS;BU01060713;GM0106;9403.0;9403AS;BU01060713;GM0106;9403.0;9403AS;False;False;False;53.0042425007864;6.572288459525998;WarmteAtlas:CO2EmissieBedrijven;;;
1643;NL;;84808;Solidus Solutions Board Coevorden;Coevorden;Robertweg;7741KX;2;;246400;519750;17.12.1;Vervaardiging van grafisch papier en karton;Overige industrie;Papier(waren);CO2;0.0;25.163;24.57;21.975;12.812666;13.546809;14.7885;11.608809;7.095149;Papier(waren);112.423136;112.423136;Papier;2;White;2024;BU01091012;GM0109;7741.0;7741KX;BU01091012;GM0109;7741.0;7741KX;BU01091012;GM0109;7741.0;7741KX;False;False;False;52.657536672654075;6.73808315307517;WarmteAtlas:CO2EmissieBedrijven;;;
1644;NL;;84999;FrieslandCampina Kievit (Meppel);Meppel;Oliemolenweg;7944HX;4;;208200;523000;10.51;Vervaardiging van zuivelproducten (geen consumptie-ijs);Overige industrie;Voedings- en genotmiddelenindustrie;CO2;0.0;15.208;21.09361;19.610542;17.51;19.4;16.91;15.962809;14.9;Voedings- en genotmiddelenindustrie;232.505323;232.505323;Voeding;2;Green;2024;BU01191001;GM0119;7944.0;7944HS;BU01191001;GM0119;7944.0;7944HS;BU01191001;GM0119;7944.0;7944HS;False;False;False;52.6918161140607;6.174085526751048;WarmteAtlas:CO2EmissieBedrijven;;;
1645;NL;;85001;Gaszuiveringsinstallatie Emmen (GZI);Emmen;Phileas Foggstraat;7825AL;45;;259876;530702;06.10;Winning van aardolie;Energiesector;Olie- gaswinning land;CO2;0.0;128.571;0.0;0.0;0.0;0.0;0.0;0.0;0.0;Overig;0.0;0.0;Overige;0;Gray;2024;BU01145300;GM0114;7825.0;7825AL;BU01145300;GM0114;7825.0;7825AL;BU01145300;GM0114;7825.0;7825AL;False;False;False;52.753502311615144;6.940669002630075;WarmteAtlas:CO2EmissieBedrijven;;;
1646;NL;;85002;Attero Noord BV;Wijster;Vamweg;9418TM;7;;231073;534370;38.21;Behandeling van onschadelijk afval;Afvalverwijdering;AVI's;CO2;0.0;3.5708;495.836068;552.388654;624.658586;594.956851;594.51493;518.615625;599.972969;Overig;9506.613945;9506.613945;Afval;4;Maroon;2024;BU17310309;GM1731;9418.0;9418TM;BU17310309;GM1731;9418.0;9418TM;BU17310309;GM1731;9418.0;9418TM;False;False;False;52.79126126861764;6.514970632435053;WarmteAtlas:CO2EmissieBedrijven;;;
1647;NL;;85003;DSM Engineering Plastics (Emmen) BV;Emmen;1e Bokslootweg;7821AT;17;;257552;533045;20.16;Vervaardiging van kunststof in primaire vorm;Chemische Industrie;Chemische Industrie basisproducten;CO2;0.0;0.145848;4.93;5.38;5.33;5.54;4.67;3.99;4.8;Chemische Industrie;65.181549;65.181549;Chemie;2;Magenta;2024;BU01145300;GM0114;7821.0;7821AT;BU01145300;GM0114;7821.0;7821AT;BU01145300;GM0114;7821.0;7821AT;False;False;False;52.77499622537848;6.906986728251183;WarmteAtlas:CO2EmissieBedrijven;;;
1648;NL;;85005;Friesland Foods Cheese (Meppel);Meppel;Ezingerweg;7943AZ;55;;209875;522857;10.51;Vervaardiging van zuivelproducten (geen consumptie-ijs);Overige industrie;Voedings- en genotmiddelenindustrie;CO2;0.0;0.358;0.0;0.0;0.0;0.0;0.0;0.0;0.0;Voedings- en genotmiddelenindustrie;0.0;0.0;Voeding;0;Green;2024;BU01190501;GM0119;7943.0;7943AZ;BU01190501;GM0119;7943.0;7943AZ;BU01190501;GM0119;7943.0;7943AZ;False;False;False;52.6903646339063;6.198834309177731;WarmteAtlas:CO2EmissieBedrijven;;;
1649;NL;;90;VDL Castings Heerlen BV;Hoensbroek;De Koumen;6433KD;2;;193920;324330;24.51;Gieten van ijzer;Overige industrie;Basismetaal;CO2;12.869115;0.0;19.012256;15.763835;8.431006;8.390134;7.252375;7.348535;4.68852;Basismetaal;52.808233;52.808233;Basismetaal;2;Black;2024;BU09171400;GM0917;6433.0;6433KD;BU09171400;GM0917;6433.0;6433KD;BU09171400;GM0917;6433.0;6433KD;False;False;False;50.90740922126514;5.940520190323279;WarmteAtlas:CO2EmissieBedrijven;;;
1650;NL;;9003;Everris International BV;Heerlen;Nijverheidsweg;6422PD;1;- 5;198043;318361;20.15;Vervaardiging van kunstmeststoffen en stikstofverbindingen;Chemische Industrie;Chemische Industrie kunstmeststoffen;CO2;0.0;0.0;0.0;8.75;8.07;9.11;9.023;6.936;9.621;Chemische Industrie;130.648267;130.648267;Chemie;2;Magenta;2024;BU09174200;GM0917;6422.0;6422PD;BU09174200;GM0917;6422.0;6422PD;BU09174200;GM0917;6422.0;6422PD;False;False;False;50.85346250497848;5.998424517207862;WarmteAtlas:CO2EmissieBedrijven;;;
1651;NL;;9013;Refresco Benelux B.V.;Sittard;Dr. Nolenslaan;6136GT;106;;189088;336292;11.07;"Vervaardiging van frisdranken; productie van mineraalwater en overig gebotteld water";Overige industrie;Voedings- en genotmiddelenindustrie;CO2;0.0;0.0;0.0;0.0;7.020977;7.811445;9.480622;7.682383;6.039733;Voedings- en genotmiddelenindustrie;94.246317;94.246317;Voeding;2;Green;2024;BU18830208;GM1883;6136.0;6136GT;BU18830208;GM1883;6136.0;6136GT;BU18830208;GM1883;6136.0;6136GT;False;False;False;51.0152381499577;5.872956411494702;WarmteAtlas:CO2EmissieBedrijven;;;
1652;NL;;9014;Essent Productie Geleen B.V.;Geleen;Kampstraat;6163HE;101;;184454;332482;35.11.1;Productie van elektriciteit door thermische, kern- en warmtekrachtcentrales;Energiesector;Opwekking electriciteit;CO2;0.0;800.0;0.0;0.0;0.0;0.0;0.0;0.0;0.0;Opwekking electriciteit;0.0;0.0;Energy;0;Yellow;2024;BU18830507;GM1883;6163.0;6163HE;BU18830507;GM1883;6163.0;6163HE;BU18830507;GM1883;6163.0;6163HE;False;False;False;50.98124959247526;5.806611811838277;WarmteAtlas:CO2EmissieBedrijven;;;
1653;NL;;91505;Gasunie Compressorstation (Oldeboorn Fr);Oldeboorn;Prikwei;8495NG;13;;189021;563517;35.12;Beheer en exploitatie van transportnetten voor elektriciteit, aardgas en warm water;Energiesector;Olie- gaswinning land;CO2;0.839;0.0;11.137047;0.681561;0.013429;0.014956;0.0;0.0;0.0;Overig;0.0;0.0;Overige;0;Gray;2024;BU00740903;GM0074;8495.0;8495NG;BU00740903;GM0074;8495.0;8495NG;BU00740903;GM0074;8495.0;8495NG;False;False;False;53.057447569033414;5.894635970633613;WarmteAtlas:CO2EmissieBedrijven;;;
1654;NL;;92001;FrieslandCampina Cheese (Gerkesklooster);Gerkesklooster;Verlaatsterweg;9873PA;26;;209300;583850;10.51;Vervaardiging van zuivelproducten (geen consumptie-ijs);Overige industrie;Voedings- en genotmiddelenindustrie;CO2;0.0;15.986;18.458994;16.725185;11.289815;10.291669;10.394416;10.462828;8.74096;Voedings- en genotmiddelenindustrie;136.397297;136.397297;Voeding;2;Green;2024;BU00590004;GM0059;9873.0;9873PA;BU00590004;GM0059;9873.0;9873PA;BU00590004;GM0059;9873.0;9873PA;False;False;False;53.238474972630684;6.200499764248989;WarmteAtlas:CO2EmissieBedrijven;;;
1655;NL;;92004;Hochwald Nederland BV;Bolsward;Harlingerstraat;8701WR;65;;163330;563820;10.51;Vervaardiging van zuivelproducten (geen consumptie-ijs);Overige industrie;Voedings- en genotmiddelenindustrie;CO2;5.310175;6.51;7.145136;8.109915;9.816189;10.236899;10.004168;9.798001;9.275496;Voedings- en genotmiddelenindustrie;144.738402;144.738402;Voeding;2;Green;2024;BU19000003;GM1900;8701.0;8701WR;BU19000003;GM1900;8701.0;8701WR;BU19000003;GM1900;8701.0;8701WR;False;False;False;53.06118194612465;5.511460299756755;WarmteAtlas:CO2EmissieBedrijven;;;
1656;NL;;92008;Exploitatiemaatschappij Phoenix BV;Scharsterbrug;Hollandiastraat;8517HC;15;;181400;551120;10.51;Vervaardiging van zuivelproducten (geen consumptie-ijs);Overige industrie;Voedings- en genotmiddelenindustrie;CO2;14.156352;7.917;14.927915;20.126082;20.649819;22.662941;19.428791;21.064027;21.519517;Voedings- en genotmiddelenindustrie;335.798809;335.798809;Voeding;3;Green;2024;BU19404001;GM1940;8517.0;8517HC;BU19404001;GM1940;8517.0;8517HC;BU19404001;GM1940;8517.0;8517HC;False;False;False;52.94647651762149;5.779963319775962;WarmteAtlas:CO2EmissieBedrijven;;;
1657;NL;;92010;Friesland Dairy Foods (Warga);Wergea;Fricoweg;9005PC;1;;185600;574180;10.50;Vervaardiging van zuivelprodukten;Overige industrie;Voedings- en genotmiddelenindustrie;CO2;5.66644;0.0;0.0;0.0;0.0;0.0;0.0;0.0;0.0;Voedings- en genotmiddelenindustrie;0.0;0.0;Voeding;0;Green;2024;BU00808004;GM0080;9005.0;9005PC;BU00808004;GM0080;9005.0;9005PC;BU00808004;GM0080;9005.0;9005PC;False;False;False;53.15346683472257;5.84462228498632;WarmteAtlas:CO2EmissieBedrijven;;;
1658;NL;;92011;Frico Cheese BV (St. Nicolaasga);Sint-Nicolaasga;Stationsstraat;8520AA;6;;178920;548400;10.50;Vervaardiging van zuivelprodukten;Overige industrie;Voedings- en genotmiddelenindustrie;CO2;0.0;1.103;0.0;0.0;0.0;0.0;0.0;0.0;0.0;Voedings- en genotmiddelenindustrie;0.0;0.0;Voeding;0;Green;2024;BU19404101;GM1940;8521.0;8521JR;BU19404101;GM1940;8521.0;8521JR;BU19404101;GM1940;8521.0;8521JR;False;False;False;52.92214973860178;5.742869200782799;WarmteAtlas:CO2EmissieBedrijven;;;
1659;NL;LCP;92012;FrieslandCampina (Leeuwarden);Leeuwarden;Pieter Stuyvesantweg;8937AC;1;;183850;579150;10.51;Vervaardiging van zuivelproducten (geen consumptie-ijs);Overige industrie;Voedings- en genotmiddelenindustrie;CO2;48.021512;0.0;71.590192;52.078479;73.080329;68.167975;58.146077;51.743758;41.147581;Voedings- en genotmiddelenindustrie;642.082658;642.082658;Voeding;3;Green;2024;BU00801104;GM0080;8937.0;8937AC;BU00801104;GM0080;8937.0;8937AC;BU00801104;GM0080;8937.0;8937AC;False;False;False;53.19822152725997;5.81890893226181;WarmteAtlas:CO2EmissieBedrijven;;;
1660;NL;;92014;Friesland Dairy Foods (Oosterzee);Oosterzee;Herenweg;8536TT;61;;181130;543100;10.50;Vervaardiging van zuivelprodukten;Overige industrie;Voedings- en genotmiddelenindustrie;CO2;3.88068;0.0;0.0;0.0;0.0;0.0;0.0;0.0;0.0;Voedings- en genotmiddelenindustrie;0.0;0.0;Voeding;0;Green;2024;BU19402802;GM1940;8536.0;8536VG;BU19402802;GM1940;8536.0;8536VG;BU19402802;GM1940;8536.0;8536VG;False;False;False;52.874420195827675;5.77530482644198;WarmteAtlas:CO2EmissieBedrijven;;;
1661;NL;;92015;FrieslandCampina (Dronrijp);Dronryp;It Heech;9035AE;4;;171950;578350;10.51;Vervaardiging van zuivelproducten (geen consumptie-ijs);Overige industrie;Voedings- en genotmiddelenindustrie;CO2;11.272352;9.387;14.695;6.67476;0.0;0.0;0.0;0.0;0.0;Voedings- en genotmiddelenindustrie;0.0;0.0;Voeding;0;Green;2024;BU19492602;GM1949;9035.0;9035AE;BU19492602;GM1949;9035.0;9035AE;BU19492602;GM1949;9035.0;9035AE;False;False;False;53.191541927649205;5.6408015383053;WarmteAtlas:CO2EmissieBedrijven;;;
1662;NL;;92016;Friesland Foods Cheese Oosterwolde;Oosterwolde;Nanningaweg;8431AB;20;;216450;556400;10.51;Vervaardiging van zuivelproducten (geen consumptie-ijs);Overige industrie;Voedings- en genotmiddelenindustrie;CO2;9.977214;0.0;0.0;0.0;0.0;0.0;0.0;0.0;0.0;Voedings- en genotmiddelenindustrie;0.0;0.0;Voeding;0;Green;2024;BU00851108;GM0085;8431.0;8431JX;BU00851108;GM0085;8431.0;8431JX;BU00851108;GM0085;8431.0;8431JX;False;False;False;52.99106633191653;6.302358090581484;WarmteAtlas:CO2EmissieBedrijven;;;
1663;NL;;92020;Frico Cheese BV (Olterterp);Olterterp;Boppefjild;9246TN;4;;203150;564950;10.51;Vervaardiging van zuivelproducten (geen consumptie-ijs);Overige industrie;Voedings- en genotmiddelenindustrie;CO2;0.0;0.0;0.0;0.0;0.0;0.0;0.0;0.0;0.0;Voedings- en genotmiddelenindustrie;0.0;0.0;Voeding;0;Green;2024;BU00860208;GM0086;9246.0;9246TN;BU00860208;GM0086;9246.0;9246TN;BU00860208;GM0086;9246.0;9246TN;False;False;False;53.06924451383148;6.105571756447323;WarmteAtlas:CO2EmissieBedrijven;;;
1664;NL;;92023;Frico Cheese BV (Burgum);Bergum;Bergumerdam;9251GD;28;;195400;577980;10.51;Vervaardiging van zuivelproducten (geen consumptie-ijs);Overige industrie;Voedings- en genotmiddelenindustrie;CO2;0.0;5.571;0.0;0.0;0.0;0.0;0.0;0.0;0.0;Voedings- en genotmiddelenindustrie;0.0;0.0;Voeding;0;Green;2024;BU07370000;GM0737;9251.0;9251GD;BU07370000;GM0737;9251.0;9251GD;BU07370000;GM0737;9251.0;9251GD;False;False;False;53.18696225371481;5.991584297824635;WarmteAtlas:CO2EmissieBedrijven;;;
1665;NL;;92025;Friesland Dairy Foods (Wolvega);Wolvega;Eikenlaan;8901BZ;4;;197100;543830;10.50;Vervaardiging van zuivelprodukten;Overige industrie;Voedings- en genotmiddelenindustrie;CO2;6.281386;0.0;0.0;0.0;0.0;0.0;0.0;0.0;0.0;Voedings- en genotmiddelenindustrie;0.0;0.0;Voeding;0;Green;2024;BU00980009;GM0098;8471.0;8471JR;BU00980009;GM0098;8471.0;8471JR;BU00980009;GM0098;8471.0;8471JR;False;False;False;52.87997256512869;6.012583859898188;WarmteAtlas:CO2EmissieBedrijven;;;
1666;NL;;92030;FrieslandCampina Workum;Workum;Spoardyk;8711CK;21;;159600;554080;10.51;Vervaardiging van zuivelproducten (geen consumptie-ijs);Overige industrie;Voedings- en genotmiddelenindustrie;CO2;13.275001;16.961;22.9933;24.30158;25.247172;27.284986;26.407289;26.490163;23.804443;Voedings- en genotmiddelenindustrie;371.453672;371.453672;Voeding;3;Green;2024;BU19000200;GM1900;8711.0;8711CK;BU19000200;GM1900;8711.0;8711CK;BU19000200;GM1900;8711.0;8711CK;False;False;False;52.973702233009135;5.455684028953414;WarmteAtlas:CO2EmissieBedrijven;;;
1667;NL;;92304;Leaf Holland BV;Sneek;Oude Oppenhuizerweg;8606JC;6;;174230;560150;10.82;Verwerking van cacaobonen en vervaardiging van chocolade en suikerwerk;Overige industrie;Voedings- en genotmiddelenindustrie;CO2;1.116;0.0;0.0;0.0;0.0;0.0;0.0;0.0;0.0;Voedings- en genotmiddelenindustrie;0.0;0.0;Voeding;0;Green;2024;BU19000113;GM1900;8606.0;8606JC;BU19000113;GM1900;8606.0;8606JC;BU19000113;GM1900;8606.0;8606JC;False;False;False;53.02792413230748;5.6738296601079625;WarmteAtlas:CO2EmissieBedrijven;;;
1668;NL;;92607;Koopmans Meel BV;Leeuwarden;De Merodestraat;8937AA;3;;184050;579400;10.61;Vervaardiging van meel (geen zetmeel);Overige industrie;Voedings- en genotmiddelenindustrie;CO2;1.351168;0.0;0.0;0.0;0.0;0.0;0.0;0.0;0.0;Voedings- en genotmiddelenindustrie;0.0;0.0;Voeding;0;Green;2024;BU00801104;GM0080;8937.0;8937AA;BU00801104;GM0080;8937.0;8937AA;BU00801104;GM0080;8937.0;8937AA;False;False;False;53.20045706291013;5.821924161365483;WarmteAtlas:CO2EmissieBedrijven;;;
1669;NL;;92612;Groenvoer Opeinde Friesland BV;Opeinde;Eendrachtsingel;9218PM;9;;199850;571800;10.91;Vervaardiging van veevoeders;Overige industrie;Voedings- en genotmiddelenindustrie;CO2;14.638836;0.0;0.0;0.0;0.0;0.0;0.0;0.0;0.0;Voedings- en genotmiddelenindustrie;0.0;0.0;Voeding;0;Green;2024;BU00900120;GM0090;9218.0;9218RH;BU00902104;GM0090;9218.0;9218RH;BU00902104;GM0090;9218.0;9218RH;True;False;False;53.13107970039059;6.057291493842029;WarmteAtlas:CO2EmissieBedrijven;;;
1670;NL;;92615;Sonac Burgum BV;Sumar;Damsingel;9262NC;27;-3.0;195412;577315;38.32;Gesorteerd materiaal voorbereiden tot recycling;Overige industrie;Voedings- en genotmiddelenindustrie;CO2;25.403514;0.0;52.290632;53.919991;44.846122;39.231345;46.439783;35.855642;36.3078;Voedings- en genotmiddelenindustrie;566.560857;566.560857;Voeding;3;Green;2024;BU07370600;GM0737;9262.0;9262NC;BU07370600;GM0737;9262.0;9262NC;BU07370600;GM0737;9262.0;9262NC;False;False;False;53.18098617118937;5.99168032588521;WarmteAtlas:CO2EmissieBedrijven;;;
1671;NL;;92617;Coop. Grasdrogery Workum E.O.;Workum;Kaeidyk;8710AA;6;;158040;553880;10.90;Vervaardiging van diervoeder;Overige industrie;Voedings- en genotmiddelenindustrie;CO2;9.729848;0.0;0.0;0.0;0.0;0.0;0.0;0.0;0.0;Voedings- en genotmiddelenindustrie;0.0;0.0;Voeding;0;Green;2024;BU19000200;GM1900;8711.0;8711HD;BU19000200;GM1900;8711.0;8711HD;BU19000200;GM1900;8711.0;8711HD;False;False;False;52.97191606905388;5.432459378231292;WarmteAtlas:CO2EmissieBedrijven;;;
1672;NL;;92618;Coöperatieve Groenvoederdrogerij Gaasterland;Harich;Wyldemerkwei;8571GC;4;;165430;543080;10.91;Vervaardiging van veevoeders;Overige industrie;Voedings- en genotmiddelenindustrie;CO2;24.751125;16.9;0.0;0.0;0.0;0.0;0.0;0.0;0.0;Voedings- en genotmiddelenindustrie;0.0;0.0;Voeding;0;Green;2024;BU19401601;GM1940;8571.0;8571GC;BU19401601;GM1940;8571.0;8571GC;BU19401601;GM1940;8571.0;8571GC;False;False;False;52.87477132518647;5.542119700288313;WarmteAtlas:CO2EmissieBedrijven;;;
1673;NL;;92620;Fribecoh BV Drogerij;Loenga;Oerdyk;8631VA;9;;174500;562700;10.91;Vervaardiging van veevoeders;Overige industrie;Voedings- en genotmiddelenindustrie;CO2;0.0;7.3;0.0;0.0;0.0;0.0;0.0;0.0;0.0;Voedings- en genotmiddelenindustrie;0.0;0.0;Voeding;0;Green;2024;BU19000119;GM1900;8603.0;8603EZ;BU19000119;GM1900;8603.0;8603EZ;BU19000119;GM1900;8603.0;8603EZ;False;False;False;53.050828594678165;5.678007290982069;WarmteAtlas:CO2EmissieBedrijven;;;
1674;NL;;92621;Loon- Droog- Mechanisatiebedrijf Wijntjes - Eijbergen B.V.;Oosterwolde;Drie Tolhekken;8431TX;3;;213530;556150;10.91;Vervaardiging van veevoeders;Overige industrie;Voedings- en genotmiddelenindustrie;CO2;14.39441;17.905;0.0;0.0;0.0;0.0;0.0;0.0;0.0;Voedings- en genotmiddelenindustrie;0.0;0.0;Voeding;0;Green;2024;BU00851118;GM0085;8431.0;8431TX;BU00851118;GM0085;8431.0;8431TX;BU00851118;GM0085;8431.0;8431TX;False;False;False;52.98914498068456;6.258831631901034;WarmteAtlas:CO2EmissieBedrijven;;;
1675;NL;;92815;Frisia Food BV;Haulerwijk;Leeksterweg;8433KW;59;;218500;565500;10.12;Pluimveeslachterijen;Overige industrie;Voedings- en genotmiddelenindustrie;CO2;0.0;0.0;0.0;0.0;0.0;0.0;0.0;0.0;0.0;Voedings- en genotmiddelenindustrie;0.0;0.0;Voeding;0;Green;2024;BU00850608;GM0085;8433.0;8433KZ;BU00850608;GM0085;8433.0;8433KZ;BU00850608;GM0085;8433.0;8433KZ;False;False;False;53.07259282968042;6.334664434218032;WarmteAtlas:CO2EmissieBedrijven;;;
1676;NL;;92902;Douwe Egberts Master Blenders;Joure;Leeuwarderweg;8501ZD;1;;182200;554280;10.83;Verwerking van koffie en thee;Overige industrie;Voedings- en genotmiddelenindustrie;CO2;18.722645;25.484;0.0;0.0;0.0;0.0;0.0;0.0;0.0;Voedings- en genotmiddelenindustrie;0.0;0.0;Voeding;0;Green;2024;BU19401903;GM1940;8501.0;8501ZD;BU19401903;GM1940;8501.0;8501ZD;BU19401903;GM1940;8501.0;8501ZD;False;False;False;52.97483277634163;5.792128665173206;WarmteAtlas:CO2EmissieBedrijven;;;
1677;NL;;93136;Philips Consumer Lifestyle BV;Drachten;Oliemolenstraat;9203ZN;5;;202800;569250;26.40;Vervaardiging van consumentenelektronica;Overige industrie;Metaalelektro;CO2;0.0;0.0;0.0;0.0;0.0;0.0;0.0;0.0;0.0;Metaalelektro;0.0;0.0;Overige;0;Gray;2024;BU00900010;GM0090;9203.0;9203BA;BU00901003;GM0090;9203.0;9203BA;BU00901003;GM0090;9203.0;9203BA;True;False;False;53.10791270765178;6.100985628739443;WarmteAtlas:CO2EmissieBedrijven;;;
1678;NL;;93604;Nederlandse Onttinningsfabriek B.V.;Leeuwarden;Zwettestraat;8901BH;34;;180500;578200;38.32;Gesorteerd materiaal voorbereiden tot recycling;Afvalverwijdering;Overige afvalbedrijven;CO2;0.0;0.0;0.0;1.05;0.0;1.066075;1.157273;1.08;0.0;Overig;0.0;0.0;Afval;0;Maroon;2024;BU00804103;GM0080;8912.0;8912AV;BU00804103;GM0080;8912.0;8912AV;BU00804103;GM0080;8912.0;8912AV;False;False;False;53.189855321534054;5.768706524424014;WarmteAtlas:CO2EmissieBedrijven;;;
1679;NL;;94;Steenfabriek Gebroeders Klinkers BV;Maastricht;Brusselseweg;6219NP;700;;175280;320990;23.32;Vervaardiging van keramische producten voor de bouw (geen tegels en plavuizen);Overige industrie;Bouwmaterialenindustrie;CO2;0.0;0.0;7.168;8.653;10.811;8.926;11.281;11.159;8.508;Bouwmaterialenindustrie;128.163403;128.163403;BouwMaterialen;2;SandyBrown;2024;BU09350303;GM0935;6219.0;6219NP;BU09350303;GM0935;6219.0;6219NP;BU09350303;GM0935;6219.0;6219NP;False;False;False;50.878350945059665;5.67533502146078;WarmteAtlas:CO2EmissieBedrijven;;;
1680;NL;LCP;94003;ENGIE Energie Nederland N.V. (Centrale Bergum);Bergum;KOUMARWEI;9251ML;2;;197930;580516;35.11.1;Productie van elektriciteit door thermische, kern- en warmtekrachtcentrales;Energiesector;Opwekking electriciteit;CO2;1606.549;57.0;585.216;2.342439;3.599297;2.169376;4.399731;2.119945;2.005972;Opwekking electriciteit;14.041807;0.0;Energy;2;Yellow;2024;BU07370009;GM0737;9251.0;9251ML;BU07370009;GM0737;9251.0;9251LS;BU07370009;GM0737;9251.0;9251LS;False;False;False;53.20955184385046;6.029768861397399;WarmteAtlas:CO2EmissieBedrijven;;;
1681;NL;;94004;Nuon PGA;Vlieland;W. de Vlaminghweg;8899AV;41;;133670;590080;35.11.1;Productie van elektriciteit door thermische, kern- en warmtekrachtcentrales;Energiesector;Opwekking electriciteit;CO2;3.7355;4.361;0.0;0.0;0.0;0.0;0.0;0.0;0.0;Opwekking electriciteit;0.0;0.0;Energy;0;Yellow;2024;BU00960000;GM0096;8899.0;8899AV;BU00960000;GM0096;8899.0;8899AV;BU00960000;GM0096;8899.0;8899AV;False;False;False;53.29678440455752;5.067304590758158;WarmteAtlas:CO2EmissieBedrijven;;;
1682;NL;;94301;Huhtamaki Nederland BV;Franeker;Zuidelijke Industrieweg;8801JB;3;- 7;165330;577300;17.29;Vervaardiging van overige papier- en kartonwaren;Overige industrie;Papier(waren);CO2;0.0;14.975;13.172824;13.01942;14.329321;14.931014;13.909815;13.764059;14.111117;Papier(waren);223.591643;223.591643;Papier;2;White;2024;BU19492807;GM1949;8801.0;8801JB;BU19492807;GM1949;8801.0;8801JB;BU19492807;GM1949;8801.0;8801JB;False;False;False;53.18227566799867;5.54172443493514;WarmteAtlas:CO2EmissieBedrijven;;;
1683;NL;;94304;SCA Hygiene Products BV (Suameer);Sumar;Solcamastraat;9262ND;24;;196106;577690;17.22;Vervaardiging van huishoudelijke en sanitaire papierwaren;Overige industrie;Papier(waren);CO2;0.0;0.0;2.206062;2.419599;0.0;0.0;0.0;0.0;0.0;Papier(waren);0.0;0.0;Papier;0;White;2024;BU07370600;GM0737;9262.0;9262ND;BU07370600;GM0737;9262.0;9262ND;BU07370600;GM0737;9262.0;9262ND;False;False;False;53.18430285075463;6.002108317693588;WarmteAtlas:CO2EmissieBedrijven;;;
1684;NL;;94603;Avek International B.V.;Surhuisterveen;Molenweg;9231HS;2;;207650;577350;31.09;Vervaardiging van overige meubels;Overige industrie;Industrie overig;CO2;0.0;0.0;0.0;0.0;0.0;0.0;0.0;0.298786;0.294048;Overig;4.659211;4.659211;Overige;1;Gray;2024;BU00590200;GM0059;9231.0;9231HL;BU00590200;GM0059;9231.0;9231HL;BU00590200;GM0059;9231.0;9231HL;False;False;False;53.180238220846654;6.174724332738171;WarmteAtlas:CO2EmissieBedrijven;;;
1685;NL;;94607;Flexoplast;Harlingen;Industrieweg;8860AB;1;;158330;576500;22.22;Vervaardiging van verpakkingsmiddelen van kunststof;Overige industrie;Rubber- en kunstofverw. Industrie;CO2;0.0;0.0;0.0;0.0204;0.0;0.0;0.0;0.0;0.0;Overig;0.0;0.0;Overige;0;Gray;2024;BU00720001;GM0072;8861.0;8861VH;BU00720001;GM0072;8861.0;8861VH;BU00720001;GM0072;8861.0;8861VH;False;False;False;53.17517647780267;5.437009599060993;WarmteAtlas:CO2EmissieBedrijven;;;
1686;NL;;94611;Atoglas BV;Leeuwarden;Achter de Hoven;8933CR;116;/BIS;182880;579030;22.20;Vervaardiging van produkten van kunststof;Overige industrie;Rubber- en kunstofverw. Industrie;CO2;0.0;2.806;0.0;0.0;0.0;0.0;0.0;0.0;0.0;Overig;0.0;0.0;Overige;0;Gray;2024;BU00801103;GM0080;8911.0;8911MA;BU00801103;GM0080;8911.0;8911MA;BU00801103;GM0080;8911.0;8911MA;False;False;False;53.197194647508766;5.8043841625466275;WarmteAtlas:CO2EmissieBedrijven;;;
1687;NL;;94706;BASF Nederland B.V. (Heerenveen);Nijehaske;Innovatielaan;8466SN;1;;188750;553750;20.16;Vervaardiging van kunststof in primaire vorm;Chemische Industrie;Chemische Industrie basisproducten;CO2;0.0;6.55;14.232;2.253;2.279;2.278762;4.97432;3.702456;3.266575;Chemische Industrie;44.35842;44.35842;Chemie;2;Magenta;2024;BU00740110;GM0074;8447.0;8447SN;BU00740110;GM0074;8447.0;8447SN;BU00740110;GM0074;8447.0;8447SN;False;False;False;52.96970000948846;5.889579257904059;WarmteAtlas:CO2EmissieBedrijven;;;
1688;NL;;95;Steenfabriek Beek B.V.;Beek;Stationsstraat;6191BG;106;;182980;328250;23.32;Vervaardiging van keramische producten voor de bouw (geen tegels en plavuizen);Overige industrie;Bouwmaterialenindustrie;CO2;8.40672;0.0;6.301;7.89;8.602;8.91;8.798;7.977;4.736;Bouwmaterialenindustrie;71.342487;71.342487;BouwMaterialen;2;SandyBrown;2024;BU08880000;GM0888;6191.0;6191BG;BU08880000;GM0888;6191.0;6191BG;BU08880000;GM0888;6191.0;6191BG;False;False;False;50.94328388165838;5.785295065758677;WarmteAtlas:CO2EmissieBedrijven;;;
1689;NL;;95000;Tyson Foods Oosterwolde B.V.;Oosterwolde;Houtwal;8431EX;30;;216400;555550;10.13;Vleesverwerking (niet tot maaltijden);Overige industrie;Voedings- en genotmiddelenindustrie;CO2;0.0;0.0;0.0;0.0;2.216;0.0;2.763;2.883544;0.16058;Voedings- en genotmiddelenindustrie;2.505752;2.505752;Voeding;1;Green;2024;BU00851117;GM0085;8431.0;8431NC;BU00851117;GM0085;8431.0;8431NC;BU00851117;GM0085;8431.0;8431NC;False;False;False;52.98343456486903;6.30145312315047;WarmteAtlas:CO2EmissieBedrijven;;;
1690;NL;;95003;Lamb Weston / Meyer VOF (Klooster Lidlum);Klooster Lidlum;Lidlumerwei;8853GN;20;a;163915;582995;10.31;Vervaardiging van aardappelproducten;Overige industrie;Voedings- en genotmiddelenindustrie;CO2;0.0;24.865;14.293;14.324545;12.926491;12.881;13.543444;14.623514;13.070633;Voedings- en genotmiddelenindustrie;203.959181;203.959181;Voeding;2;Green;2024;BU19493300;GM1949;8853.0;8853GN;BU19493300;GM1949;8853.0;8853GN;BU19493300;GM1949;8853.0;8853GN;False;False;False;53.233473791583485;5.5207168684192744;WarmteAtlas:CO2EmissieBedrijven;;;
1691;NL;LCP;95007;Frisia Zout;Harlingen;Lange Lijnbaan;8861NW;15;;157613;577805;08.93;Zoutwinning;Bouw;Overig bouw;CO2;0.0;130.38882;0.0;0.0;7.485194;8.381986;0.976427;10.247646;3.771965;Overig;59.767051;59.767051;Overige;2;Gray;2024;BU00720007;GM0072;8861.0;8861NW;BU00720007;GM0072;8861.0;8861NW;BU00720007;GM0072;8861.0;8861NW;False;False;False;53.186906732967145;5.426297050009209;WarmteAtlas:CO2EmissieBedrijven;;;
1692;NL;;99007;Romi Smilfood BV (Heerenveen);Heerenveen;Industrieweg;8444AS;11;;193006;549418;10.42;Vervaardiging van margarine en overige spijsvetten;Overige industrie;Voedings- en genotmiddelenindustrie;CO2;0.0;6.455;0.0;0.0;0.0;0.0;0.0;0.0;0.0;Voedings- en genotmiddelenindustrie;0.0;0.0;Voeding;0;Green;2024;BU00740401;GM0074;8444.0;8444DC;BU00740401;GM0074;8444.0;8444DC;BU00740401;GM0074;8444.0;8444DC;False;False;False;52.93048982651922;5.952422334543961;WarmteAtlas:CO2EmissieBedrijven;;;
1693;NL;;99011;Sonac Harlingen BV;Harlingen;Industrieweg;8861VH;14;;158248;577032;10.41;Vervaardiging van plantaardige en dierlijke oliën en vetten (geen margarine en andere spijsvetten);Overige industrie;Voedings- en genotmiddelenindustrie;CO2;0.0;0.0;0.0;1.59;1.59;1.69;1.46;1.1;0.867;Voedings- en genotmiddelenindustrie;13.529001;13.529001;Voeding;1;Green;2024;BU00720001;GM0072;8861.0;8861VH;BU00720001;GM0072;8861.0;8861VH;BU00720001;GM0072;8861.0;8861VH;False;False;False;53.17995735053359;5.435788620789774;WarmteAtlas:CO2EmissieBedrijven;;;
