gml_id;bronactualiteit;opp_m2;opp_ha;gas_m3;gas_GJ;warmte_m3;warmte_GJ;buurtcode_2023;gemeentecode_2023;pc4_code_2023;pc6_code_2023;buurtcode_2024;gemeentecode_2024;pc4_code_2024;pc6_code_2024;buurtcode_2025;gemeentecode_2025;pc4_code_2025;pc6_code_2025;buurtcode_gewijzigd;gemeentecode_gewijzigd;pc4_gewijzigd;centroid_lat;centroid_lon;geom_wkt;meta_source_layer;meta_source_wfs_url;meta_retrieved_at;meta_source_last_modified
NL.TOP10NL.102434416;2006-01-01;498.4893;0.05;14955;473;14954.679015;473.315591;;GM1783;;;;GM1783;;;;GM1783;;;False;False;False;51.96011271434811;4.230884662499666;MULTIPOLYGON (((4.230704 51.959946, 4.230804 51.960247, 4.231081 51.960212, 4.231028 51.960052, 4.230942 51.960062, 4.230922 51.960002, 4.23081 51.960016, 4.230784 51.959936, 4.230704 51.959946)));WarmteAtlas:Kassen;https://www.warmteatlas.nl/geoserver/WarmteAtlas/wfs;2026-06-23T13:52:57;
NL.TOP10NL.100839745;2010-01-01;285.542319;0.029;8566;271;8566.26957;271.122432;;GM1783;;;;GM1783;;;;GM1783;;;False;False;False;51.95396449014713;4.233836010184048;MULTIPOLYGON (((4.23382 51.954085, 4.234002 51.953895, 4.233852 51.953846, 4.233851 51.953847, 4.233767 51.953932, 4.233671 51.95403, 4.23382 51.954085)));WarmteAtlas:Kassen;https://www.warmteatlas.nl/geoserver/WarmteAtlas/wfs;2026-06-23T13:52:57;
NL.TOP10NL.100840374;2020-06-01;91537.018435;9.154;2746111;86914;2746110.55305;86914.399004;;GM1783;;;;GM1783;;;;GM1783;;;False;False;False;51.95921683175822;4.236140372359039;MULTIPOLYGON (((4.233833 51.962238, 4.23384 51.962219, 4.233906 51.962149, 4.233916 51.962145, 4.234094 51.961947, 4.234419 51.962059, 4.235116 51.961283, 4.235277 51.961339, 4.235689 51.960881, 4.235547 51.960832, 4.235964 51.960367, 4.235778 51.960304, 4.235848 51.960219, 4.236065 51.960293, 4.236314 51.960014, 4.23639 51.96004, 4.236482 51.959938, 4.236135 51.959819, 4.236179 51.959769, 4.236127 51.959751, 4.236259 51.959603, 4.236806 51.95979, 4.239874 51.956361, 4.239825 51.956345, 4.239845 51.956323, 4.239823 51.956316, 4.23858 51.955899, 4.238569 51.955912, 4.23843 51.955866, 4.236451 51.958087, 4.235363 51.959296, 4.235987 51.95951, 4.23581 51.959708, 4.235213 51.959504, 4.234797 51.959969, 4.234145 51.959746, 4.23234 51.961759, 4.233811 51.962262, 4.233833 51.962238)));WarmteAtlas:Kassen;https://www.warmteatlas.nl/geoserver/WarmteAtlas/wfs;2026-06-23T13:52:57;
NL.TOP10NL.100837394;2010-01-01;22614.187183;2.261;678426;21472;678425.615505;21472.170731;;GM1783;;;;GM1783;;;;GM1783;;;False;False;False;51.960848824963335;4.229325789639456;MULTIPOLYGON (((4.230637 51.960497, 4.230442 51.960422, 4.230592 51.960271, 4.229883 51.960037, 4.229696 51.960188, 4.229405 51.960089, 4.22902 51.960465, 4.229015 51.960463, 4.229001 51.960476, 4.228379 51.960241, 4.22768 51.960983, 4.229828 51.961759, 4.230075 51.961489, 4.230366 51.961198, 4.230574 51.96099, 4.230263 51.960872, 4.230432 51.960704, 4.230637 51.960497)));WarmteAtlas:Kassen;https://www.warmteatlas.nl/geoserver/WarmteAtlas/wfs;2026-06-23T13:52:57;
NL.TOP10NL.126695132;2012-01-01;288022.711527;28.802;8640681;273478;8640681.345795;273477.564594;;GM1783;;;;GM1783;;;;GM1783;;;False;False;False;51.95947124377413;4.240862713748273;MULTIPOLYGON (((4.237494 51.963248, 4.238407 51.962244, 4.238479 51.962269, 4.239528 51.962636, 4.241269 51.960716, 4.243073 51.961348, 4.245119 51.959051, 4.246477 51.957536, 4.245827 51.957317, 4.244298 51.956794, 4.241216 51.955754, 4.240688 51.956332, 4.240646 51.956319, 4.240205 51.956808, 4.239924 51.957119, 4.240122 51.957186, 4.23868 51.95881, 4.237552 51.960068, 4.237289 51.959979, 4.237146 51.959938, 4.237128 51.959957, 4.236521 51.960636, 4.23641 51.960598, 4.235747 51.961337, 4.235949 51.961406, 4.235825 51.961546, 4.235056 51.96241, 4.235724 51.962648, 4.237494 51.963248), (4.240874 51.959558, 4.241111 51.959265, 4.241849 51.959507, 4.241593 51.959794, 4.240874 51.959558)));WarmteAtlas:Kassen;https://www.warmteatlas.nl/geoserver/WarmteAtlas/wfs;2026-06-23T13:52:57;
NL.TOP10NL.129883405;2016-01-01;10636.458352;1.064;319094;10099;319093.75056;10099.317205;;GM1783;;;;GM1783;;;;GM1783;;;False;False;False;51.978868407765106;4.226568110547551;MULTIPOLYGON (((4.227259 51.979181, 4.227472 51.979019, 4.227571 51.97906, 4.227602 51.979035, 4.227556 51.979013, 4.227768 51.97885, 4.227664 51.978824, 4.227284 51.978722, 4.227241 51.978707, 4.227066 51.978642, 4.226873 51.978559, 4.226706 51.9785, 4.226353 51.97838, 4.22602 51.97828, 4.225407 51.978764, 4.226994 51.979517, 4.227351 51.979236, 4.227259 51.979181)));WarmteAtlas:Kassen;https://www.warmteatlas.nl/geoserver/WarmteAtlas/wfs;2026-06-23T13:52:57;
NL.TOP10NL.100836828;2015-01-01;54100.243661;5.41;1623007;51368;1623007.30983;51368.181356;;GM1783;;;;GM1783;;;;GM1783;;;False;False;False;51.97002435693013;4.238046923329317;MULTIPOLYGON (((4.237751 51.971231, 4.237974 51.970965, 4.238235 51.971048, 4.238264 51.971013, 4.238718 51.970472, 4.238717 51.970472, 4.239387 51.96963, 4.239404 51.969609, 4.240204 51.968604, 4.239841 51.96849, 4.239787 51.968558, 4.239339 51.968424, 4.239292 51.96841, 4.239379 51.968302, 4.238482 51.968027, 4.236592 51.970383, 4.23626 51.970798, 4.236976 51.971019, 4.237136 51.97107, 4.236754 51.971536, 4.236262 51.972193, 4.237093 51.972442, 4.238 51.97133, 4.237968 51.971297, 4.237751 51.971231)));WarmteAtlas:Kassen;https://www.warmteatlas.nl/geoserver/WarmteAtlas/wfs;2026-06-23T13:52:57;
NL.TOP10NL.100841237;2012-01-01;4671.048426;0.467;140131;4435;140131.452795;4435.160481;;GM1783;;;;GM1783;;;;GM1783;;;False;False;False;51.97194681751693;4.2379207564000145;MULTIPOLYGON (((4.23728 51.972365, 4.237314 51.972376, 4.237503 51.97243, 4.237785 51.972514, 4.237968 51.972279, 4.23856 51.971531, 4.238061 51.971378, 4.23728 51.972365)));WarmteAtlas:Kassen;https://www.warmteatlas.nl/geoserver/WarmteAtlas/wfs;2026-06-23T13:52:57;
NL.TOP10NL.123360133;2010-01-01;690.043746;0.069;20701;655;20701.31238;655.196537;;GM1783;;;;GM1783;;;;GM1783;;;False;False;False;51.96326528992622;4.237141653268395;MULTIPOLYGON (((4.236813 51.963233, 4.23688 51.963256, 4.237149 51.963352, 4.237353 51.963424, 4.23747 51.963298, 4.23693 51.963107, 4.236813 51.963233)));WarmteAtlas:Kassen;https://www.warmteatlas.nl/geoserver/WarmteAtlas/wfs;2026-06-23T13:52:57;
NL.TOP10NL.102434872;2010-01-01;52261.482512;5.226;1567844;49622;1567844.475345;49622.277645;;GM1783;;;;GM1783;;;;GM1783;;;False;False;False;51.96684006854611;4.238881253921552;MULTIPOLYGON (((4.240873 51.967964, 4.241686 51.966868, 4.240617 51.966565, 4.240839 51.966283, 4.240698 51.966239, 4.239922 51.96619, 4.239714 51.966174, 4.238777 51.966153, 4.238732 51.966107, 4.238349 51.966095, 4.237603 51.966071, 4.237319 51.966055, 4.236969 51.966014, 4.236413 51.965923, 4.236327 51.966041, 4.236003 51.966482, 4.235936 51.966465, 4.235708 51.966805, 4.236766 51.967103, 4.236929 51.966881, 4.237409 51.967018, 4.237311 51.967148, 4.237277 51.967199, 4.237805 51.967343, 4.23793 51.967173, 4.238173 51.96724, 4.238176 51.967236, 4.238627 51.967355, 4.238621 51.967365, 4.238861 51.967425, 4.238721 51.967622, 4.239611 51.967865, 4.239763 51.96765, 4.240873 51.967964)));WarmteAtlas:Kassen;https://www.warmteatlas.nl/geoserver/WarmteAtlas/wfs;2026-06-23T13:52:57;
NL.TOP10NL.102434926;2010-01-01;34685.328211;3.469;1040560;32934;1040559.846345;32933.719137;;GM1783;;;;GM1783;;;;GM1783;;;False;False;False;51.96510160707816;4.23820904193479;MULTIPOLYGON (((4.236308 51.965611, 4.236699 51.965698, 4.23697 51.965758, 4.236918 51.965848, 4.237278 51.965927, 4.237697 51.966021, 4.237721 51.96596, 4.237821 51.965744, 4.238823 51.965914, 4.238914 51.965709, 4.239475 51.965803, 4.240109 51.964414, 4.239665 51.964339, 4.239589 51.964511, 4.239048 51.96442, 4.239095 51.964316, 4.238818 51.964269, 4.238815 51.964275, 4.23883 51.964278, 4.238767 51.964415, 4.238472 51.964363, 4.238474 51.964359, 4.238448 51.964354, 4.238393 51.964467, 4.237194 51.964207, 4.237134 51.964314, 4.236811 51.964861, 4.236308 51.965611)));WarmteAtlas:Kassen;https://www.warmteatlas.nl/geoserver/WarmteAtlas/wfs;2026-06-23T13:52:57;
NL.TOP10NL.102449900;2018-01-01;113253.757305;11.325;3397613;107534;3397612.71915;107534.442561;;GM1783;;;;GM1783;;;;GM1783;;;False;False;False;51.963649662263265;4.230906842366363;MULTIPOLYGON (((4.22654 51.963001, 4.227605 51.963378, 4.227576 51.963408, 4.227544 51.963443, 4.227708 51.9635, 4.227997 51.963601, 4.228048 51.963544, 4.228198 51.963596, 4.228426 51.963675, 4.229094 51.963908, 4.229131 51.963863, 4.229566 51.964, 4.229586 51.964006, 4.229959 51.964134, 4.229896 51.964201, 4.231765 51.964856, 4.231549 51.965086, 4.231931 51.965211, 4.232238 51.964885, 4.232658 51.965024, 4.23251 51.965188, 4.233624 51.965573, 4.233889 51.9653, 4.234542 51.96553, 4.234312 51.965796, 4.235112 51.966074, 4.235324 51.965841, 4.236155 51.96493, 4.236852 51.964165, 4.235904 51.963816, 4.235403 51.96437, 4.235298 51.964334, 4.234904 51.96477, 4.232588 51.963975, 4.230711 51.963314, 4.229337 51.962829, 4.230186 51.961949, 4.228414 51.961313, 4.228293 51.961437, 4.228079 51.961659, 4.228075 51.961663, 4.22799 51.961628, 4.227957 51.961676, 4.227085 51.961387, 4.226669 51.961787, 4.227439 51.962056, 4.227392 51.962113, 4.226605 51.961837, 4.225865 51.962644, 4.226624 51.96291, 4.22654 51.963001)));WarmteAtlas:Kassen;https://www.warmteatlas.nl/geoserver/WarmteAtlas/wfs;2026-06-23T13:52:57;
NL.TOP10NL.102434269;2012-01-01;37973.240571;3.797;1139197;36056;1139197.21713;36055.591922;;GM1783;;;;GM1783;;;;GM1783;;;False;False;False;51.96586698978221;4.224546590606552;MULTIPOLYGON (((4.225686 51.967086, 4.225858 51.966892, 4.225902 51.966907, 4.226176 51.966629, 4.224401 51.966015, 4.224434 51.965979, 4.224947 51.966157, 4.224964 51.966139, 4.226559 51.96673, 4.226876 51.966399, 4.225435 51.965868, 4.225304 51.965819, 4.225415 51.965707, 4.225342 51.96568, 4.224954 51.965536, 4.225209 51.965274, 4.225433 51.965044, 4.224699 51.964771, 4.224011 51.964514, 4.223566 51.964994, 4.223515 51.964975, 4.223017 51.965507, 4.222941 51.965484, 4.222509 51.965988, 4.22392 51.966472, 4.225686 51.967086)));WarmteAtlas:Kassen;https://www.warmteatlas.nl/geoserver/WarmteAtlas/wfs;2026-06-23T13:52:57;
NL.TOP10NL.100839894;2002-01-01;7183.097203;0.718;215493;6820;215492.91609;6820.350794;;GM1783;;;;GM1783;;;;GM1783;;;False;False;False;51.965391590177425;4.2292862453163185;MULTIPOLYGON (((4.228307 51.965371, 4.228559 51.965461, 4.228896 51.965575, 4.229716 51.965867, 4.229918 51.965666, 4.23006 51.965719, 4.230304 51.96546, 4.228796 51.964891, 4.228307 51.965371)));WarmteAtlas:Kassen;https://www.warmteatlas.nl/geoserver/WarmteAtlas/wfs;2026-06-23T13:52:57;
NL.TOP10NL.123360690;2010-01-01;666.143218;0.067;19984;632;19984.296525;632.502985;;GM1783;;;;GM1783;;;;GM1783;;;False;False;False;51.96240808949847;4.232101744177127;MULTIPOLYGON (((4.231864 51.962495, 4.232122 51.962579, 4.232347 51.96233, 4.232069 51.962236, 4.232022 51.962294, 4.231997 51.962328, 4.231864 51.962495)));WarmteAtlas:Kassen;https://www.warmteatlas.nl/geoserver/WarmteAtlas/wfs;2026-06-23T13:52:57;
NL.TOP10NL.123360363;2010-01-01;38319.139263;3.832;1149574;36384;1149574.177905;36384.022731;;GM1783;;;;GM1783;;;;GM1783;;;False;False;False;51.963493973935215;4.233237092050677;MULTIPOLYGON (((4.234021 51.963105, 4.233311 51.962857, 4.232767 51.962667, 4.232289 51.962505, 4.232149 51.962661, 4.231594 51.962459, 4.23155 51.962442, 4.231377 51.962628, 4.230769 51.963283, 4.233366 51.964169, 4.233469 51.964204, 4.234758 51.964644, 4.235635 51.963664, 4.234047 51.963114, 4.234021 51.963105)));WarmteAtlas:Kassen;https://www.warmteatlas.nl/geoserver/WarmteAtlas/wfs;2026-06-23T13:52:57;
NL.TOP10NL.100840928;2010-01-01;5817.049958;0.582;174511;5523;174511.498755;5523.288936;;GM1783;;;;GM1783;;;;GM1783;;;False;False;False;51.9676308926365;4.229471396381218;MULTIPOLYGON (((4.229782 51.968039, 4.230057 51.967758, 4.230151 51.967798, 4.23026 51.967835, 4.230421 51.967898, 4.230564 51.967748, 4.228988 51.967192, 4.228578 51.967628, 4.229782 51.968039)));WarmteAtlas:Kassen;https://www.warmteatlas.nl/geoserver/WarmteAtlas/wfs;2026-06-23T13:52:57;
NL.TOP10NL.123360360;2010-01-01;46656.855919;4.666;1399706;44301;1399705.67757;44300.684695;;GM1783;;;;GM1783;;;;GM1783;;;False;False;False;51.966538627330316;4.232229193575391;MULTIPOLYGON (((4.233456 51.967356, 4.233842 51.966937, 4.234197 51.967063, 4.234259 51.966998, 4.234296 51.967011, 4.234538 51.966753, 4.234541 51.966754, 4.23455 51.966744, 4.234764 51.96682, 4.234918 51.966651, 4.234743 51.966588, 4.23495 51.966375, 4.234544 51.966229, 4.234305 51.966496, 4.233354 51.966134, 4.233412 51.966073, 4.233321 51.966037, 4.233261 51.966107, 4.233009 51.966017, 4.232468 51.965812, 4.23249 51.965794, 4.232173 51.965675, 4.232149 51.9657, 4.231891 51.965604, 4.231999 51.965494, 4.231691 51.965378, 4.231597 51.965474, 4.231507 51.965445, 4.231055 51.965277, 4.230206 51.966148, 4.231078 51.966463, 4.231003 51.966541, 4.230201 51.966252, 4.229849 51.966615, 4.230233 51.966757, 4.233015 51.967786, 4.233237 51.96757, 4.233456 51.967356)));WarmteAtlas:Kassen;https://www.warmteatlas.nl/geoserver/WarmteAtlas/wfs;2026-06-23T13:52:57;
NL.TOP10NL.123360315;2010-01-01;1949.617382;0.195;58489;1851;58488.521475;1851.161705;;GM1783;;;;GM1783;;;;GM1783;;;False;False;False;51.96177878397505;4.230358847824394;MULTIPOLYGON (((4.230593 51.962053, 4.230852 51.961811, 4.230342 51.961588, 4.230137 51.961512, 4.229858 51.96177, 4.230098 51.961869, 4.230133 51.96184, 4.230593 51.962053)));WarmteAtlas:Kassen;https://www.warmteatlas.nl/geoserver/WarmteAtlas/wfs;2026-06-23T13:52:57;
NL.TOP10NL.102434339;2015-01-01;41153.747768;4.115;1234612;39075;1234612.43304;39075.483506;;GM1783;;;;GM1783;;;;GM1783;;;False;False;False;51.97144200844414;4.234963754404672;MULTIPOLYGON (((4.23293 51.971765, 4.233625 51.971976, 4.234546 51.972256, 4.235788 51.972635, 4.236997 51.971119, 4.234139 51.970249, 4.23293 51.971765)));WarmteAtlas:Kassen;https://www.warmteatlas.nl/geoserver/WarmteAtlas/wfs;2026-06-23T13:52:57;
NL.TOP10NL.131498518;2020-01-01;48369.435829;4.837;1451083;45927;1451083.074885;45926.77932;;GM1783;;;;GM1783;;;;GM1783;;;False;False;False;51.96871644088185;4.235443390040009;MULTIPOLYGON (((4.233309 51.969103, 4.23635 51.970002, 4.237638 51.968338, 4.234595 51.967439, 4.234104 51.968072, 4.234026 51.968174, 4.233902 51.968137, 4.23337 51.968824, 4.233496 51.968861, 4.233309 51.969103)));WarmteAtlas:Kassen;https://www.warmteatlas.nl/geoserver/WarmteAtlas/wfs;2026-06-23T13:52:57;
NL.TOP10NL.102434329;2019-01-01;88543.845683;8.854;2656315;84072;2656315.37049;84072.381476;;GM1783;;;;GM1783;;;;GM1783;;;False;False;False;51.96908136397471;4.224546567485979;MULTIPOLYGON (((4.227096 51.970763, 4.227676 51.97005, 4.227722 51.970064, 4.228342 51.969293, 4.225358 51.968361, 4.225246 51.968506, 4.22422 51.968169, 4.224347 51.968014, 4.223051 51.967614, 4.222896 51.967566, 4.222469 51.967433, 4.222151 51.967789, 4.221788 51.968256, 4.221256 51.968086, 4.221211 51.968144, 4.221175 51.968131, 4.220871 51.968048, 4.220297 51.968716, 4.220634 51.968823, 4.221103 51.968967, 4.221189 51.968993, 4.221287 51.968871, 4.221668 51.968992, 4.221673 51.968986, 4.222783 51.969331, 4.223198 51.969463, 4.223077 51.969616, 4.223368 51.969707, 4.224037 51.969918, 4.224115 51.969838, 4.226285 51.970511, 4.226238 51.970569, 4.226511 51.970653, 4.226557 51.970596, 4.227096 51.970763)));WarmteAtlas:Kassen;https://www.warmteatlas.nl/geoserver/WarmteAtlas/wfs;2026-06-23T13:52:57;
NL.TOP10NL.102434328;2020-06-01;49219.668797;4.922;1476590;46734;1476590.063895;46734.075522;;GM1783;;;;GM1783;;;;GM1783;;;False;False;False;51.969014577451894;4.22842723037982;MULTIPOLYGON (((4.228515 51.970863, 4.228566 51.970878, 4.228651 51.970775, 4.228698 51.970788, 4.228864 51.970585, 4.228923 51.970601, 4.228964 51.970549, 4.22902 51.970565, 4.229148 51.970408, 4.229083 51.970388, 4.229102 51.970364, 4.229289 51.97042, 4.229367 51.970323, 4.22945 51.970348, 4.229555 51.970219, 4.22962 51.970239, 4.229685 51.970157, 4.22956 51.970117, 4.229721 51.969929, 4.229816 51.96996, 4.229832 51.969972, 4.229846 51.969976, 4.229861 51.969955, 4.229911 51.969893, 4.229908 51.969891, 4.230036 51.969726, 4.229472 51.969552, 4.229491 51.969528, 4.230096 51.969708, 4.23015 51.969642, 4.230358 51.96971, 4.230359 51.969708, 4.230362 51.969707, 4.230414 51.969643, 4.230359 51.969626, 4.230554 51.969387, 4.230651 51.969417, 4.230848 51.969188, 4.230854 51.96919, 4.230873 51.969167, 4.230883 51.969156, 4.230854 51.969146, 4.230994 51.968994, 4.230984 51.968991, 4.228744 51.968202, 4.228364 51.968075, 4.228108 51.968363, 4.228069 51.968351, 4.22831 51.968057, 4.227963 51.967941, 4.227902 51.967922, 4.22776 51.968094, 4.227565 51.968033, 4.227549 51.968053, 4.227387 51.968267, 4.227264 51.968231, 4.227438 51.968001, 4.227382 51.967979, 4.227384 51.967976, 4.227372 51.967972, 4.227513 51.967807, 4.226892 51.967604, 4.226794 51.967719, 4.226835 51.967732, 4.226804 51.96777, 4.226041 51.967534, 4.225638 51.968032, 4.225846 51.968097, 4.225669 51.968314, 4.227609 51.968916, 4.227611 51.968913, 4.229076 51.969358, 4.229043 51.969395, 4.229055 51.969398, 4.229039 51.969418, 4.228801 51.969711, 4.228718 51.969685, 4.228512 51.969938, 4.228426 51.969912, 4.228278 51.970118, 4.228262 51.970137, 4.228192 51.970115, 4.228048 51.970295, 4.227992 51.970279, 4.22787 51.970433, 4.227818 51.970417, 4.227715 51.970546, 4.227662 51.970531, 4.22758 51.970635, 4.227839 51.970716, 4.227834 51.970725, 4.227854 51.970732, 4.228185 51.970827, 4.228157 51.970858, 4.228185 51.970865, 4.228191 51.970858, 4.228457 51.970937, 4.228515 51.970863)));WarmteAtlas:Kassen;https://www.warmteatlas.nl/geoserver/WarmteAtlas/wfs;2026-06-23T13:52:57;
NL.TOP10NL.102434338;2020-06-01;54360.724759;5.436;1630822;51616;1630821.74277;51615.508159;;GM1783;;;;GM1783;;;;GM1783;;;False;False;False;51.97079859381308;4.232058913770719;MULTIPOLYGON (((4.230366 51.972385, 4.230446 51.972409, 4.230444 51.972412, 4.230655 51.972479, 4.230701 51.972427, 4.230868 51.972476, 4.230872 51.972471, 4.23095 51.972492, 4.231061 51.972353, 4.231233 51.972404, 4.232111 51.971339, 4.231399 51.971116, 4.231458 51.971042, 4.232256 51.971287, 4.232111 51.971468, 4.232842 51.971691, 4.233304 51.971117, 4.233252 51.971101, 4.23412 51.970007, 4.234066 51.96999, 4.234384 51.969597, 4.232655 51.969004, 4.232287 51.969451, 4.232236 51.969436, 4.231905 51.969849, 4.231536 51.969723, 4.23152 51.96974, 4.231311 51.969973, 4.231937 51.970185, 4.231753 51.970425, 4.231744 51.970447, 4.231707 51.97049, 4.231381 51.970401, 4.230979 51.970906, 4.231398 51.971032, 4.231345 51.971099, 4.230625 51.970874, 4.229536 51.972189, 4.229477 51.972255, 4.230269 51.972503, 4.230366 51.972385)));WarmteAtlas:Kassen;https://www.warmteatlas.nl/geoserver/WarmteAtlas/wfs;2026-06-23T13:52:57;
NL.TOP10NL.131585166;2021-01-01;9682.952051;0.968;290489;9194;290488.56153;9193.962972;;GM1783;;;;GM1783;;;;GM1783;;;False;False;False;51.97171139936611;4.22908634620003;MULTIPOLYGON (((4.22877 51.972189, 4.22929 51.972367, 4.230139 51.971418, 4.229559 51.97122, 4.229502 51.971284, 4.229301 51.971508, 4.229152 51.971457, 4.2285 51.971235, 4.228447 51.971294, 4.228387 51.971273, 4.22799 51.971716, 4.228158 51.971774, 4.228912 51.972031, 4.22877 51.972189)));WarmteAtlas:Kassen;https://www.warmteatlas.nl/geoserver/WarmteAtlas/wfs;2026-06-23T13:52:57;
NL.TOP10NL.130959483;2018-01-01;209.545625;0.021;6286;199;6286.36875;198.963571;;GM1783;;;;GM1783;;;;GM1783;;;False;False;False;51.97581138004098;4.234114866004295;MULTIPOLYGON (((4.234328 51.975826, 4.23394 51.975735, 4.233902 51.975796, 4.23429 51.975888, 4.234328 51.975826)));WarmteAtlas:Kassen;https://www.warmteatlas.nl/geoserver/WarmteAtlas/wfs;2026-06-23T13:52:57;
NL.TOP10NL.123079581;2012-01-01;104819.909427;10.482;3144597;99526;3144597.282825;99526.504001;;GM1783;;;;GM1783;;;;GM1783;;;False;False;False;51.97705824015268;4.232686290618171;MULTIPOLYGON (((4.233747 51.978743, 4.234417 51.977704, 4.235386 51.977943, 4.236329 51.976482, 4.233635 51.975819, 4.233587 51.975894, 4.23293 51.975732, 4.232713 51.976069, 4.230551 51.975537, 4.229203 51.977624, 4.229646 51.977733, 4.23002 51.977825, 4.233747 51.978743)));WarmteAtlas:Kassen;https://www.warmteatlas.nl/geoserver/WarmteAtlas/wfs;2026-06-23T13:52:57;
NL.TOP10NL.123360015;2020-01-01;23883.886722;2.388;716517;22678;716516.601645;22677.750442;;GM1783;;;;GM1783;;;;GM1783;;;False;False;False;51.97674428316548;4.228990482797701;MULTIPOLYGON (((4.229557 51.976827, 4.22992 51.976316, 4.229945 51.97632, 4.230334 51.975719, 4.230499 51.97547, 4.229974 51.975341, 4.229819 51.97558, 4.229782 51.97557, 4.229504 51.975496, 4.229372 51.97546, 4.229356 51.975456, 4.229175 51.975719, 4.229212 51.975729, 4.229369 51.975772, 4.229259 51.975899, 4.229123 51.975856, 4.229072 51.975839, 4.228518 51.976515, 4.227487 51.977771, 4.228557 51.978106, 4.229356 51.977131, 4.229323 51.977121, 4.229557 51.976827)));WarmteAtlas:Kassen;https://www.warmteatlas.nl/geoserver/WarmteAtlas/wfs;2026-06-23T13:52:57;
NL.TOP10NL.100843674;2010-01-01;483.76808;0.048;14513;459;14513.0424;459.337792;;GM1783;;;;GM1783;;;;GM1783;;;False;False;False;51.973854255037246;4.2304882583846055;MULTIPOLYGON (((4.230592 51.973699, 4.230186 51.973954, 4.230262 51.973994, 4.230383 51.97391, 4.23048 51.973963, 4.230487 51.973967, 4.230729 51.97382, 4.230592 51.973699)));WarmteAtlas:Kassen;https://www.warmteatlas.nl/geoserver/WarmteAtlas/wfs;2026-06-23T13:52:57;
NL.TOP10NL.100838409;2010-01-01;8276.590065;0.828;248298;7859;248297.70195;7858.622267;;GM1783;;;;GM1783;;;;GM1783;;;False;False;False;51.96781412399527;4.22838038104664;MULTIPOLYGON (((4.229893 51.968135, 4.227161 51.967196, 4.226893 51.967514, 4.227973 51.967874, 4.229616 51.968429, 4.229885 51.968146, 4.229893 51.968135)));WarmteAtlas:Kassen;https://www.warmteatlas.nl/geoserver/WarmteAtlas/wfs;2026-06-23T13:52:57;
NL.TOP10NL.102434309;2010-01-01;17887.885014;1.789;536637;16985;536636.550435;16984.546821;;GM1783;;;;GM1783;;;;GM1783;;;False;False;False;51.96384516413427;4.225948944572378;MULTIPOLYGON (((4.226854 51.963467, 4.225507 51.962983, 4.224891 51.9636, 4.225127 51.96369, 4.224758 51.96409, 4.226383 51.964674, 4.22642 51.964678, 4.227195 51.96393, 4.22688 51.963808, 4.226787 51.963774, 4.226837 51.963721, 4.226677 51.963664, 4.226766 51.96357, 4.226854 51.963467)));WarmteAtlas:Kassen;https://www.warmteatlas.nl/geoserver/WarmteAtlas/wfs;2026-06-23T13:52:57;
NL.TOP10NL.100838240;2010-01-01;14720.442542;1.472;441613;13977;441613.27626;13977.060194;;GM1783;;;;GM1783;;;;GM1783;;;False;False;False;51.96675636913636;4.223523335915915;MULTIPOLYGON (((4.224752 51.967209, 4.2247 51.967192, 4.22488 51.966988, 4.225081 51.967056, 4.225173 51.96696, 4.222407 51.966012, 4.222144 51.966311, 4.222242 51.966342, 4.222008 51.966616, 4.223068 51.966971, 4.22452 51.967445, 4.224672 51.967496, 4.224861 51.967269, 4.224957 51.96717, 4.224822 51.967132, 4.224752 51.967209)));WarmteAtlas:Kassen;https://www.warmteatlas.nl/geoserver/WarmteAtlas/wfs;2026-06-23T13:52:57;
NL.TOP10NL.100840797;2010-01-01;11023.373651;1.102;330701;10467;330701.20953;10466.693282;;GM1783;;;;GM1783;;;;GM1783;;;False;False;False;51.96725219468382;4.2230571690599605;MULTIPOLYGON (((4.221615 51.96709, 4.223053 51.967532, 4.224154 51.96788, 4.224302 51.967704, 4.224461 51.967516, 4.22452 51.967445, 4.223068 51.966971, 4.222008 51.966616, 4.221615 51.96709)));WarmteAtlas:Kassen;https://www.warmteatlas.nl/geoserver/WarmteAtlas/wfs;2026-06-23T13:52:57;
NL.TOP10NL.102434315;2015-01-01;43275.058525;4.328;1298252;41090;1298251.75575;41089.668069;;GM1783;;;;GM1783;;;;GM1783;;;False;False;False;51.96616788767981;4.227725678206892;MULTIPOLYGON (((4.227711 51.965522, 4.227931 51.965289, 4.227453 51.965121, 4.227296 51.965065, 4.226482 51.964778, 4.226009 51.965264, 4.22572 51.965562, 4.225594 51.965695, 4.225468 51.965832, 4.227356 51.966522, 4.227318 51.966561, 4.226899 51.966992, 4.22851 51.96759, 4.228949 51.967139, 4.229029 51.967056, 4.229057 51.96703, 4.229168 51.967068, 4.229227 51.967003, 4.229175 51.966985, 4.229229 51.966925, 4.22918 51.966908, 4.229237 51.966852, 4.229453 51.966641, 4.229604 51.966479, 4.229894 51.966166, 4.229673 51.966078, 4.229698 51.966052, 4.229127 51.965842, 4.22916 51.965808, 4.229105 51.965788, 4.228546 51.965584, 4.228328 51.965502, 4.227848 51.966004, 4.227648 51.965932, 4.227484 51.965872, 4.227789 51.96555, 4.227711 51.965522)));WarmteAtlas:Kassen;https://www.warmteatlas.nl/geoserver/WarmteAtlas/wfs;2026-06-23T13:52:57;
NL.TOP10NL.126645168;2012-01-01;17770.903792;1.777;533127;16873;533127.113775;16873.473151;;GM1783;;;;GM1783;;;;GM1783;;;False;False;False;51.98006306881949;4.2335015876448505;MULTIPOLYGON (((4.23328 51.981051, 4.234238 51.980096, 4.234033 51.980017, 4.234003 51.980048, 4.233781 51.979973, 4.233788 51.979959, 4.234139 51.979996, 4.234127 51.980038, 4.234497 51.980077, 4.234605 51.979715, 4.23471 51.979362, 4.234711 51.979359, 4.233624 51.979235, 4.233556 51.979462, 4.232922 51.97939, 4.232839 51.979668, 4.233329 51.979815, 4.233566 51.979867, 4.233536 51.979917, 4.233403 51.979879, 4.233385 51.979904, 4.232992 51.97977, 4.232269 51.980577, 4.232621 51.980698, 4.232519 51.980812, 4.232639 51.980853, 4.23274 51.980741, 4.232782 51.980756, 4.232755 51.980791, 4.232912 51.98084, 4.232853 51.980907, 4.23328 51.981051)));WarmteAtlas:Kassen;https://www.warmteatlas.nl/geoserver/WarmteAtlas/wfs;2026-06-23T13:52:57;
NL.TOP10NL.100840944;2012-01-01;10896.512997;1.09;326895;10346;326895.38991;10346.239091;;GM1783;;;;GM1783;;;;GM1783;;;False;False;False;51.98019989330212;4.2368423478250525;MULTIPOLYGON (((4.237542 51.979927, 4.235697 51.979733, 4.235569 51.980007, 4.235801 51.980126, 4.237226 51.980836, 4.238054 51.980188, 4.237542 51.979927)));WarmteAtlas:Kassen;https://www.warmteatlas.nl/geoserver/WarmteAtlas/wfs;2026-06-23T13:52:57;
NL.TOP10NL.102449011;2006-01-01;1221.573761;0.122;36647;1160;36647.21283;1159.884286;;GM1783;;;;GM1783;;;;GM1783;;;False;False;False;51.97936710986304;4.232483982395154;MULTIPOLYGON (((4.231756 51.979304, 4.232784 51.979556, 4.232866 51.979295, 4.232864 51.979295, 4.232868 51.979291, 4.232895 51.979207, 4.232835 51.979196, 4.232796 51.979279, 4.232506 51.979212, 4.232387 51.979386, 4.231796 51.979242, 4.231756 51.979304)));WarmteAtlas:Kassen;https://www.warmteatlas.nl/geoserver/WarmteAtlas/wfs;2026-06-23T13:52:57;
NL.TOP10NL.100840912;2012-01-01;11117.329844;1.112;333520;10556;333519.895305;10555.904686;;GM1783;;;;GM1783;;;;GM1783;;;False;False;False;51.980793950891034;4.236033398300454;MULTIPOLYGON (((4.23629 51.981447, 4.236513 51.981282, 4.236542 51.9813, 4.237143 51.980821, 4.235774 51.980147, 4.235441 51.980394, 4.235318 51.980328, 4.235245 51.980386, 4.235269 51.980398, 4.23518 51.980466, 4.235279 51.980518, 4.23526 51.980533, 4.234994 51.980744, 4.23495 51.980779, 4.23629 51.981447)));WarmteAtlas:Kassen;https://www.warmteatlas.nl/geoserver/WarmteAtlas/wfs;2026-06-23T13:52:57;
NL.TOP10NL.129883406;2016-01-01;20238.075133;2.024;607142;19216;607142.254005;19216.052339;;GM1783;;;;GM1783;;;;GM1783;;;False;False;False;51.97954790530495;4.22921327365956;MULTIPOLYGON (((4.230209 51.979765, 4.230602 51.979194, 4.230461 51.979156, 4.228887 51.97873, 4.228877 51.978727, 4.228455 51.979314, 4.22812 51.979224, 4.228033 51.979352, 4.22802 51.979373, 4.227712 51.979811, 4.228577 51.980046, 4.229706 51.980352, 4.229769 51.980369, 4.230158 51.979794, 4.230209 51.979765)));WarmteAtlas:Kassen;https://www.warmteatlas.nl/geoserver/WarmteAtlas/wfs;2026-06-23T13:52:57;
NL.TOP10NL.102449887;2012-01-01;53936.932911;5.394;1618108;51213;1618107.987345;51213.117799;;GM1783;;;;GM1783;;;;GM1783;;;False;False;False;51.95975193829851;4.249787933579765;MULTIPOLYGON (((4.249492 51.961468, 4.249659 51.961292, 4.24979 51.961154, 4.249883 51.961187, 4.249995 51.961069, 4.249903 51.961035, 4.249978 51.960956, 4.249979 51.960957, 4.250484 51.960386, 4.250727 51.960128, 4.251004 51.959815, 4.251446 51.959317, 4.252041 51.958669, 4.24993 51.958084, 4.249466 51.958595, 4.24944 51.958625, 4.249495 51.958646, 4.249426 51.958725, 4.24878 51.959459, 4.248496 51.959769, 4.248025 51.960297, 4.247581 51.960794, 4.249334 51.961408, 4.249492 51.961468)));WarmteAtlas:Kassen;https://www.warmteatlas.nl/geoserver/WarmteAtlas/wfs;2026-06-23T13:52:57;
NL.TOP10NL.102449878;2010-01-01;84689.258877;8.469;2540678;80412;2540677.766325;80412.451304;;GM1783;;;;GM1783;;;;GM1783;;;False;False;False;51.9606172924599;4.253500278957307;MULTIPOLYGON (((4.253709 51.962403, 4.253723 51.962388, 4.253723 51.962388, 4.25479 51.961268, 4.25474 51.961251, 4.253467 51.96078, 4.253516 51.960733, 4.254829 51.961213, 4.256329 51.959613, 4.256366 51.959579, 4.256465 51.959474, 4.254979 51.958923, 4.254687 51.959229, 4.254515 51.959418, 4.254243 51.959324, 4.254246 51.959322, 4.253482 51.959056, 4.253437 51.959103, 4.252996 51.958955, 4.252725 51.959224, 4.252519 51.959464, 4.251879 51.960138, 4.253172 51.960622, 4.253128 51.960664, 4.25183 51.96019, 4.251302 51.960747, 4.250601 51.961479, 4.250857 51.961573, 4.252418 51.962143, 4.252943 51.962335, 4.25356 51.962561, 4.253709 51.962403)));WarmteAtlas:Kassen;https://www.warmteatlas.nl/geoserver/WarmteAtlas/wfs;2026-06-23T13:52:57;
NL.TOP10NL.102449822;2020-06-01;38979.351112;3.898;1169381;37011;1169380.533375;37010.893881;;GM1783;;;;GM1783;;;;GM1783;;;False;False;False;51.96086215280457;4.256778988178093;MULTIPOLYGON (((4.257684 51.961543, 4.25769 51.961545, 4.25796 51.961258, 4.258155 51.961051, 4.258152 51.96105, 4.258712 51.960457, 4.256401 51.959625, 4.254843 51.961262, 4.257155 51.962101, 4.257684 51.961543)));WarmteAtlas:Kassen;https://www.warmteatlas.nl/geoserver/WarmteAtlas/wfs;2026-06-23T13:52:57;
NL.TOP10NL.102449824;2017-01-01;71044.499711;7.104;2131335;67457;2131334.99133;67456.752476;;GM1783;;;;GM1783;;;;GM1783;;;False;False;False;51.96257320855166;4.25929395433451;MULTIPOLYGON (((4.26038 51.963195, 4.261882 51.961598, 4.259475 51.960734, 4.258963 51.961287, 4.258425 51.961865, 4.257911 51.962398, 4.257704 51.962323, 4.256615 51.963428, 4.257292 51.963672, 4.25807 51.963953, 4.2585 51.964109, 4.25914 51.964348, 4.259255 51.96439, 4.260333 51.963245, 4.26038 51.963195)));WarmteAtlas:Kassen;https://www.warmteatlas.nl/geoserver/WarmteAtlas/wfs;2026-06-23T13:52:57;
NL.TOP10NL.126695130;2012-01-01;833.007799;0.083;24990;791;24990.23397;790.940905;;GM1783;;;;GM1783;;;;GM1783;;;False;False;False;51.95972530052533;4.2447465737631145;MULTIPOLYGON (((4.244464 51.959867, 4.24479 51.959979, 4.244835 51.959932, 4.244692 51.959882, 4.244865 51.959693, 4.244928 51.959715, 4.245044 51.959589, 4.244794 51.959499, 4.244464 51.959867)));WarmteAtlas:Kassen;https://www.warmteatlas.nl/geoserver/WarmteAtlas/wfs;2026-06-23T13:52:57;
NL.TOP10NL.100839493;2010-01-01;26997.550281;2.7;809927;25634;809926.50843;25634.173992;;GM1783;;;;GM1783;;;;GM1783;;;False;False;False;51.958595726568156;4.247876611673719;MULTIPOLYGON (((4.246217 51.958847, 4.248415 51.959586, 4.249507 51.958345, 4.248557 51.958026, 4.248635 51.957938, 4.248512 51.957896, 4.248462 51.957954, 4.247823 51.957744, 4.247656 51.957689, 4.247604 51.957745, 4.247327 51.95765, 4.246217 51.958847)));WarmteAtlas:Kassen;https://www.warmteatlas.nl/geoserver/WarmteAtlas/wfs;2026-06-23T13:52:57;
NL.TOP10NL.123360243;2010-01-01;327.464878;0.033;9824;311;9823.94634;310.927902;;GM1783;;;;GM1783;;;;GM1783;;;False;False;False;51.95925375075058;4.245308260867274;MULTIPOLYGON (((4.245136 51.959325, 4.245297 51.959382, 4.245481 51.959183, 4.245317 51.959126, 4.245136 51.959325)));WarmteAtlas:Kassen;https://www.warmteatlas.nl/geoserver/WarmteAtlas/wfs;2026-06-23T13:52:57;
NL.TOP10NL.123360659;2010-01-01;24935.79157;2.494;748074;23677;748073.7471;23676.534096;;GM1783;;;;GM1783;;;;GM1783;;;False;False;False;51.961830938225674;4.247906722137401;MULTIPOLYGON (((4.248389 51.962546, 4.248532 51.962389, 4.248669 51.962436, 4.248619 51.962491, 4.24874 51.962536, 4.248973 51.962283, 4.248645 51.962161, 4.248889 51.961886, 4.249142 51.961598, 4.24937 51.961674, 4.249492 51.961718, 4.249614 51.961586, 4.249267 51.961457, 4.249301 51.961432, 4.247548 51.960831, 4.246837 51.961629, 4.246623 51.961861, 4.246528 51.961969, 4.246704 51.96204, 4.246528 51.962242, 4.246647 51.962283, 4.248097 51.96278, 4.24827 51.962839, 4.248502 51.962585, 4.248389 51.962546)));WarmteAtlas:Kassen;https://www.warmteatlas.nl/geoserver/WarmteAtlas/wfs;2026-06-23T13:52:57;
NL.TOP10NL.126695225;2012-01-01;1035.464817;0.104;31064;983;31063.944525;983.173844;;GM1783;;;;GM1783;;;;GM1783;;;False;False;False;51.95879990088532;4.245728687125398;MULTIPOLYGON (((4.246032 51.95868, 4.245727 51.958577, 4.245425 51.95892, 4.24573 51.959022, 4.246032 51.95868)));WarmteAtlas:Kassen;https://www.warmteatlas.nl/geoserver/WarmteAtlas/wfs;2026-06-23T13:52:57;
NL.TOP10NL.102435585;2020-06-01;450.664572;0.045;13520;428;13519.937145;427.906011;;GM1783;;;;GM1783;;;;GM1783;;;False;False;False;51.960362654729686;4.245539999236622;MULTIPOLYGON (((4.245778 51.960359, 4.245402 51.960241, 4.245301 51.960362, 4.245301 51.960362, 4.2453 51.960363, 4.245548 51.960443, 4.245564 51.960453, 4.245671 51.960487, 4.245778 51.960359)));WarmteAtlas:Kassen;https://www.warmteatlas.nl/geoserver/WarmteAtlas/wfs;2026-06-23T13:52:57;
NL.TOP10NL.102435291;2020-06-01;4448.145107;0.445;133444;4224;133444.353225;4223.51378;;GM1783;;;;GM1783;;;;GM1783;;;False;False;False;51.96108275406547;4.244697105053795;MULTIPOLYGON (((4.245322 51.960883, 4.244621 51.960641, 4.244554 51.960709, 4.244092 51.961218, 4.244173 51.961246, 4.2442 51.961253, 4.244468 51.961349, 4.244404 51.961409, 4.244372 51.961419, 4.24435 51.961443, 4.244704 51.961565, 4.245322 51.960883)));WarmteAtlas:Kassen;https://www.warmteatlas.nl/geoserver/WarmteAtlas/wfs;2026-06-23T13:52:57;
NL.TOP10NL.102435584;2020-01-01;18130.292933;1.813;543909;17215;543908.788005;17214.71314;;GM1783;;;;GM1783;;;;GM1783;;;False;False;False;51.960097512899694;4.247026478386335;MULTIPOLYGON (((4.247249 51.960855, 4.247271 51.96083, 4.247328 51.96085, 4.248339 51.959711, 4.246913 51.959224, 4.24569 51.960588, 4.246399 51.960832, 4.246528 51.960677, 4.246855 51.960781, 4.24688 51.960789, 4.246943 51.960719, 4.247091 51.960768, 4.24707 51.960794, 4.247249 51.960855)));WarmteAtlas:Kassen;https://www.warmteatlas.nl/geoserver/WarmteAtlas/wfs;2026-06-23T13:52:57;
NL.TOP10NL.100839039;2010-01-01;16518.171167;1.652;495545;15684;495545.134995;15684.003523;;GM1783;;;;GM1783;;;;GM1783;;;False;False;False;51.96061127721988;4.261132143723969;MULTIPOLYGON (((4.262471 51.960514, 4.260622 51.959857, 4.260411 51.960076, 4.260276 51.960025, 4.260119 51.960181, 4.26027 51.960235, 4.260051 51.960471, 4.25982 51.960718, 4.261661 51.961383, 4.262471 51.960514)));WarmteAtlas:Kassen;https://www.warmteatlas.nl/geoserver/WarmteAtlas/wfs;2026-06-23T13:52:57;
NL.TOP10NL.102449877;2010-01-01;1197.756057;0.12;35933;1137;35932.68171;1137.269376;;GM1783;;;;GM1783;;;;GM1783;;;False;False;False;51.96100308504577;4.264682976737415;MULTIPOLYGON (((4.264025 51.960833, 4.265268 51.961285, 4.265348 51.961201, 4.265067 51.961099, 4.264663 51.960952, 4.264757 51.960856, 4.264637 51.960811, 4.264542 51.960907, 4.264106 51.960749, 4.264025 51.960833)));WarmteAtlas:Kassen;https://www.warmteatlas.nl/geoserver/WarmteAtlas/wfs;2026-06-23T13:52:57;
NL.TOP10NL.102449906;2017-01-01;308573.180661;30.857;9257195;292990;9257195.41983;292990.235038;;GM1783;;;;GM1783;;;;GM1783;;;False;False;False;51.96428296832254;4.268462364936138;MULTIPOLYGON (((4.27334 51.96785, 4.274531 51.966669, 4.272859 51.966025, 4.273063 51.965823, 4.274799 51.966493, 4.275938 51.965397, 4.275499 51.965229, 4.27422 51.964737, 4.274198 51.964729, 4.274087 51.964838, 4.27363 51.964662, 4.273122 51.964467, 4.272443 51.964205, 4.272425 51.964198, 4.272683 51.963945, 4.272455 51.963856, 4.272426 51.963885, 4.272156 51.96378, 4.272089 51.963845, 4.271478 51.963607, 4.271455 51.96363, 4.270958 51.963437, 4.270924 51.96347, 4.270899 51.963458, 4.270406 51.963266, 4.269411 51.962865, 4.269402 51.962875, 4.267784 51.962245, 4.266819 51.961869, 4.26688 51.961805, 4.266664 51.961726, 4.266606 51.961786, 4.26609 51.961585, 4.266076 51.961599, 4.265997 51.961573, 4.265823 51.961515, 4.264616 51.961073, 4.264501 51.961192, 4.263438 51.960802, 4.261118 51.963218, 4.261415 51.963327, 4.262374 51.963678, 4.262418 51.963632, 4.262764 51.963758, 4.26277 51.963756, 4.263582 51.964053, 4.264775 51.962811, 4.264816 51.962826, 4.2649 51.962752, 4.269463 51.964529, 4.269709 51.964625, 4.26974 51.964594, 4.269776 51.964596, 4.271308 51.965193, 4.271381 51.965221, 4.271408 51.965231, 4.271255 51.965382, 4.269654 51.964766, 4.268481 51.964311, 4.268336 51.964461, 4.267105 51.963988, 4.267138 51.963955, 4.264749 51.963035, 4.263541 51.964191, 4.263883 51.964323, 4.263823 51.964381, 4.264036 51.964464, 4.264096 51.964405, 4.264143 51.964423, 4.264187 51.96444, 4.264248 51.964463, 4.264253 51.964459, 4.265156 51.964807, 4.265152 51.964811, 4.26516 51.964814, 4.26533 51.964879, 4.265267 51.964937, 4.265434 51.965007, 4.265502 51.964945, 4.265951 51.965117, 4.265927 51.965147, 4.266061 51.965188, 4.266784 51.965489, 4.267082 51.965607, 4.26711 51.965617, 4.267186 51.965546, 4.267809 51.965802, 4.268382 51.96602, 4.26834 51.966062, 4.268674 51.966189, 4.269184 51.966384, 4.269474 51.966494, 4.269586 51.966386, 4.269772 51.966457, 4.269674 51.966558, 4.270059 51.966711, 4.27045 51.966867, 4.270351 51.966958, 4.2704 51.966978, 4.270349 51.967026, 4.270462 51.967072, 4.270613 51.966932, 4.270861 51.967031, 4.271053 51.966844, 4.27222 51.967302, 4.272144 51.967376, 4.27217 51.967387, 4.272982 51.967703, 4.272976 51.967709, 4.27334 51.96785)));WarmteAtlas:Kassen;https://www.warmteatlas.nl/geoserver/WarmteAtlas/wfs;2026-06-23T13:52:57;
NL.TOP10NL.123360656;2012-01-01;44173.444138;4.417;1325203;41943;1325203.32414;41942.685209;;GM1783;;;;GM1783;;;;GM1783;;;False;False;False;51.962333479210066;4.241308663745261;MULTIPOLYGON (((4.243117 51.961456, 4.241319 51.960831, 4.240152 51.962122, 4.239353 51.962998, 4.240995 51.963569, 4.241617 51.963776, 4.241645 51.963741, 4.242612 51.962693, 4.242462 51.962635, 4.242128 51.962507, 4.242724 51.961888, 4.242834 51.961774, 4.243117 51.961456)));WarmteAtlas:Kassen;https://www.warmteatlas.nl/geoserver/WarmteAtlas/wfs;2026-06-23T13:52:57;
NL.TOP10NL.102449855;2010-01-01;7436.985292;0.744;223110;7061;223109.55876;7061.417535;;GM1783;;;;GM1783;;;;GM1783;;;False;False;False;51.967401230396014;4.247321132430826;MULTIPOLYGON (((4.248176 51.967275, 4.24705 51.966874, 4.246823 51.967125, 4.246486 51.967502, 4.246464 51.967527, 4.247596 51.967929, 4.248176 51.967275)));WarmteAtlas:Kassen;https://www.warmteatlas.nl/geoserver/WarmteAtlas/wfs;2026-06-23T13:52:57;
NL.TOP10NL.102435766;2012-01-01;47349.115323;4.735;1420473;44958;1420473.45969;44957.984999;;GM1783;;;;GM1783;;;;GM1783;;;False;False;False;51.96908105972607;4.2489864611429615;MULTIPOLYGON (((4.250299 51.9703, 4.250898 51.969683, 4.251484 51.969054, 4.248669 51.968032, 4.248451 51.968282, 4.2476 51.96798, 4.247034 51.968607, 4.246989 51.968656, 4.246921 51.968733, 4.246331 51.96938, 4.246649 51.96948, 4.247034 51.969607, 4.247139 51.969641, 4.247481 51.969259, 4.247542 51.96928, 4.248644 51.969682, 4.249196 51.969889, 4.249165 51.969921, 4.249329 51.96998, 4.249458 51.970026, 4.249556 51.970061, 4.249583 51.970033, 4.250299 51.9703)));WarmteAtlas:Kassen;https://www.warmteatlas.nl/geoserver/WarmteAtlas/wfs;2026-06-23T13:52:57;
NL.TOP10NL.102435504;2012-01-01;6099.815157;0.61;182994;5792;182994.45471;5791.774492;;GM1783;;;;GM1783;;;;GM1783;;;False;False;False;51.97055634964594;4.248180448380854;MULTIPOLYGON (((4.249009 51.970426, 4.2489 51.970389, 4.248833 51.970364, 4.248811 51.970394, 4.248525 51.970295, 4.248496 51.970325, 4.248141 51.970196, 4.248136 51.970196, 4.247859 51.970103, 4.247376 51.970637, 4.248446 51.971024, 4.249009 51.970426)));WarmteAtlas:Kassen;https://www.warmteatlas.nl/geoserver/WarmteAtlas/wfs;2026-06-23T13:52:57;
NL.TOP10NL.100840721;2015-01-01;45591.322591;4.559;1367740;43289;1367739.67773;43288.9608;;GM1783;;;;GM1783;;;;GM1783;;;False;False;False;51.96508630192588;4.25679362013711;MULTIPOLYGON (((4.254828 51.966137, 4.255727 51.966493, 4.256105 51.966636, 4.257188 51.965493, 4.257959 51.965767, 4.259024 51.964635, 4.258915 51.964595, 4.258269 51.96436, 4.25783 51.9642, 4.257333 51.964019, 4.256392 51.963676, 4.255338 51.964806, 4.255809 51.964982, 4.255962 51.96504, 4.255742 51.965283, 4.255634 51.965244, 4.255352 51.965551, 4.255404 51.965572, 4.25511 51.965861, 4.254828 51.966137)));WarmteAtlas:Kassen;https://www.warmteatlas.nl/geoserver/WarmteAtlas/wfs;2026-06-23T13:52:57;
NL.TOP10NL.123359974;2012-01-01;9917.592375;0.992;297528;9417;297527.77125;9416.75396;;GM1783;;;;GM1783;;;;GM1783;;;False;False;False;51.962875644811795;4.247112588748259;MULTIPOLYGON (((4.246647 51.962283, 4.246053 51.96292, 4.247676 51.963482, 4.247878 51.963251, 4.247963 51.963157, 4.247808 51.963104, 4.248067 51.962813, 4.248097 51.96278, 4.246647 51.962283)));WarmteAtlas:Kassen;https://www.warmteatlas.nl/geoserver/WarmteAtlas/wfs;2026-06-23T13:52:57;
NL.TOP10NL.100838334;2012-01-01;7660.325844;0.766;229810;7273;229809.77532;7273.479389;;GM1783;;;;GM1783;;;;GM1783;;;False;False;False;51.963403199143436;4.246653405228784;MULTIPOLYGON (((4.245936 51.962933, 4.245575 51.963341, 4.247103 51.963864, 4.247317 51.963641, 4.247481 51.963703, 4.247674 51.963773, 4.247888 51.963555, 4.247676 51.963482, 4.246053 51.96292, 4.245973 51.962892, 4.245936 51.962933)));WarmteAtlas:Kassen;https://www.warmteatlas.nl/geoserver/WarmteAtlas/wfs;2026-06-23T13:52:57;
NL.TOP10NL.102449833;2017-01-01;24615.907181;2.462;738477;23373;738477.21543;23372.803868;;GM1783;;;;GM1783;;;;GM1783;;;False;False;False;51.969372789932926;4.245434595359555;MULTIPOLYGON (((4.246652 51.968641, 4.246296 51.968521, 4.246289 51.968529, 4.245987 51.968417, 4.245851 51.968572, 4.245462 51.968443, 4.24538 51.968537, 4.245074 51.968435, 4.244171 51.969352, 4.2442 51.969363, 4.244097 51.969461, 4.244781 51.969693, 4.24478 51.969694, 4.245093 51.969798, 4.245115 51.969806, 4.244598 51.97035, 4.244449 51.97051, 4.245147 51.970748, 4.246103 51.969636, 4.246126 51.969609, 4.246331 51.96938, 4.246921 51.968733, 4.246652 51.968641)));WarmteAtlas:Kassen;https://www.warmteatlas.nl/geoserver/WarmteAtlas/wfs;2026-06-23T13:52:57;
NL.TOP10NL.102436643;2013-01-01;92118.569593;9.212;2763557;87467;2763557.08779;87466.581829;;GM1783;;;;GM1783;;;;GM1783;;;False;False;False;51.96738237387129;4.251248295072884;MULTIPOLYGON (((4.251495 51.965941, 4.251596 51.965832, 4.251398 51.965762, 4.251297 51.965871, 4.25127 51.965861, 4.250732 51.965671, 4.249999 51.965413, 4.249613 51.965845, 4.248254 51.967302, 4.248183 51.967382, 4.248994 51.967681, 4.249972 51.968042, 4.249777 51.968267, 4.250821 51.968659, 4.251692 51.968976, 4.252559 51.969292, 4.252819 51.969026, 4.253803 51.967989, 4.253893 51.967894, 4.254018 51.967762, 4.254387 51.96738, 4.254333 51.967362, 4.252536 51.966709, 4.251637 51.966357, 4.251556 51.966326, 4.251818 51.966055, 4.251495 51.965941)));WarmteAtlas:Kassen;https://www.warmteatlas.nl/geoserver/WarmteAtlas/wfs;2026-06-23T13:52:57;
NL.TOP10NL.102435520;2010-01-01;11947.400539;1.195;358422;11344;358422.01617;11344.056812;;GM1783;;;;GM1783;;;;GM1783;;;False;False;False;51.970832562379975;4.245489144902771;MULTIPOLYGON (((4.245159 51.971781, 4.246302 51.970545, 4.245932 51.970421, 4.245999 51.970343, 4.246504 51.969776, 4.246103 51.969636, 4.245147 51.970748, 4.245036 51.970871, 4.244705 51.971237, 4.244371 51.971599, 4.24476 51.971728, 4.24481 51.971669, 4.245159 51.971781)));WarmteAtlas:Kassen;https://www.warmteatlas.nl/geoserver/WarmteAtlas/wfs;2026-06-23T13:52:57;
NL.TOP10NL.102449907;2010-01-01;663.811852;0.066;19914;630;19914.35556;630.289353;;GM1783;;;;GM1783;;;;GM1783;;;False;False;False;51.97046878409086;4.2494164872138045;MULTIPOLYGON (((4.249602 51.970424, 4.249222 51.970302, 4.249102 51.970432, 4.249764 51.970673, 4.249809 51.970627, 4.24952 51.970514, 4.249525 51.97051, 4.249602 51.970424)));WarmteAtlas:Kassen;https://www.warmteatlas.nl/geoserver/WarmteAtlas/wfs;2026-06-23T13:52:57;
NL.TOP10NL.102436243;2010-01-01;86785.03046;8.679;2603551;82402;2603550.913815;82402.386422;;GM1783;;;;GM1783;;;;GM1783;;;False;False;False;51.970260939173386;4.251885162018996;MULTIPOLYGON (((4.248628 51.972267, 4.249202 51.971667, 4.250107 51.972, 4.250747 51.971345, 4.251332 51.97075, 4.251969 51.970993, 4.251289 51.971702, 4.252041 51.971977, 4.252075 51.971982, 4.252772 51.97127, 4.252821 51.971288, 4.254285 51.969792, 4.254136 51.969737, 4.253515 51.96951, 4.253669 51.969349, 4.253725 51.969369, 4.253937 51.969149, 4.254645 51.969407, 4.2556 51.968432, 4.255283 51.968313, 4.254947 51.968188, 4.254827 51.968143, 4.254663 51.96831, 4.253803 51.967989, 4.25282 51.969025, 4.252819 51.969026, 4.252559 51.969292, 4.252518 51.969334, 4.251682 51.969022, 4.250554 51.970173, 4.250554 51.970173, 4.250528 51.9702, 4.249903 51.97085, 4.249054 51.970562, 4.247737 51.971933, 4.248628 51.972267)));WarmteAtlas:Kassen;https://www.warmteatlas.nl/geoserver/WarmteAtlas/wfs;2026-06-23T13:52:57;
NL.TOP10NL.102435562;2010-01-01;17281.887705;1.728;518457;16409;518456.631165;16409.152376;;GM1783;;;;GM1783;;;;GM1783;;;False;False;False;51.966360045262185;4.248242703375776;MULTIPOLYGON (((4.248176 51.967275, 4.248869 51.966511, 4.248896 51.96652, 4.249539 51.965819, 4.249418 51.965776, 4.248433 51.965427, 4.247753 51.966124, 4.247688 51.966101, 4.247463 51.966338, 4.247514 51.966357, 4.24773 51.966436, 4.247575 51.966602, 4.247355 51.966529, 4.24711 51.966447, 4.246799 51.966785, 4.24705 51.966874, 4.248176 51.967275)));WarmteAtlas:Kassen;https://www.warmteatlas.nl/geoserver/WarmteAtlas/wfs;2026-06-23T13:52:57;
NL.TOP10NL.100838331;2010-01-01;7487.619129;0.749;224629;7110;224628.57387;7109.494363;;GM1783;;;;GM1783;;;;GM1783;;;False;False;False;51.96524496625016;4.249149035462402;MULTIPOLYGON (((4.248587 51.964752, 4.248406 51.96494, 4.248509 51.96498, 4.24867 51.965038, 4.248415 51.965313, 4.248338 51.965393, 4.248433 51.965427, 4.249418 51.965776, 4.249451 51.965741, 4.249629 51.965549, 4.249724 51.965447, 4.250014 51.965135, 4.250052 51.965094, 4.249732 51.965007, 4.249116 51.964875, 4.248587 51.964752)));WarmteAtlas:Kassen;https://www.warmteatlas.nl/geoserver/WarmteAtlas/wfs;2026-06-23T13:52:57;
NL.TOP10NL.102449813;2010-01-01;28923.040419;2.892;867691;27462;867691.212585;27462.426878;;GM1783;;;;GM1783;;;;GM1783;;;False;False;False;51.96229829355458;4.25555861992961;MULTIPOLYGON (((4.257354 51.962205, 4.254836 51.961285, 4.253754 51.962399, 4.254361 51.96261, 4.255406 51.962992, 4.256306 51.963304, 4.257354 51.962205)));WarmteAtlas:Kassen;https://www.warmteatlas.nl/geoserver/WarmteAtlas/wfs;2026-06-23T13:52:57;
NL.TOP10NL.102436768;2014-01-01;4986.51692;0.499;149596;4735;149595.5076;4734.697816;;GM1783;;;;GM1783;;;;GM1783;;;False;False;False;51.971264965143966;4.259651415211314;MULTIPOLYGON (((4.259457 51.971724, 4.2598 51.971379, 4.260115 51.971504, 4.260436 51.971191, 4.259476 51.97081, 4.259167 51.97113, 4.259323 51.971191, 4.258967 51.971536, 4.259291 51.97166, 4.259457 51.971724)));WarmteAtlas:Kassen;https://www.warmteatlas.nl/geoserver/WarmteAtlas/wfs;2026-06-23T13:52:57;
NL.TOP10NL.102435567;2020-06-01;3698.363628;0.37;110951;3512;110950.908855;3511.596265;;GM1783;;;;GM1783;;;;GM1783;;;False;False;False;51.96498486501001;4.247249374942691;MULTIPOLYGON (((4.248014 51.965031, 4.247963 51.965016, 4.247993 51.964959, 4.247489 51.964857, 4.247443 51.964799, 4.247107 51.964728, 4.247129 51.964691, 4.247038 51.964671, 4.247015 51.964708, 4.24701 51.964707, 4.246913 51.964866, 4.246879 51.964935, 4.246644 51.964893, 4.246678 51.964817, 4.246392 51.964781, 4.246386 51.964792, 4.246378 51.96479, 4.246296 51.964957, 4.247869 51.965281, 4.248014 51.965031)));WarmteAtlas:Kassen;https://www.warmteatlas.nl/geoserver/WarmteAtlas/wfs;2026-06-23T13:52:57;
NL.TOP10NL.100837214;2020-06-01;10108.475828;1.011;303254;9598;303254.274855;9597.997799;;GM1783;;;;GM1783;;;;GM1783;;;False;False;False;51.965606650131434;4.246562765656471;MULTIPOLYGON (((4.247293 51.965837, 4.247212 51.965813, 4.247181 51.965807, 4.246979 51.96575, 4.247052 51.965653, 4.247117 51.965669, 4.247139 51.965639, 4.247137 51.965639, 4.247412 51.965233, 4.24624 51.964998, 4.245631 51.965864, 4.247017 51.966237, 4.247293 51.965837)));WarmteAtlas:Kassen;https://www.warmteatlas.nl/geoserver/WarmteAtlas/wfs;2026-06-23T13:52:57;
NL.TOP10NL.131498521;2020-01-01;78206.915356;7.821;2346207;74257;2346207.46068;74257.466131;;GM1783;;;;GM1783;;;;GM1783;;;False;False;False;51.965846950054015;4.260146519986595;MULTIPOLYGON (((4.258525 51.967406, 4.259508 51.967781, 4.259609 51.96782, 4.259782 51.967886, 4.262931 51.964607, 4.2623 51.964377, 4.262193 51.964489, 4.260912 51.964023, 4.2609 51.96401, 4.260431 51.963844, 4.257436 51.967006, 4.258525 51.967406)));WarmteAtlas:Kassen;https://www.warmteatlas.nl/geoserver/WarmteAtlas/wfs;2026-06-23T13:52:57;
NL.TOP10NL.123360570;2020-06-01;72222.899485;7.222;2166687;68576;2166686.98455;68575.643061;;GM1783;;;;GM1783;;;;GM1783;;;False;False;False;51.97030824631511;4.259427479809336;MULTIPOLYGON (((4.259361 51.97073, 4.258557 51.970419, 4.258627 51.97035, 4.25955 51.970702, 4.260937 51.971223, 4.261161 51.970995, 4.261178 51.971001, 4.261256 51.970923, 4.261336 51.970954, 4.261439 51.97085, 4.261436 51.970823, 4.262066 51.970182, 4.262015 51.970163, 4.262276 51.969902, 4.262337 51.969925, 4.262537 51.969741, 4.26254 51.96972, 4.26256 51.969701, 4.262586 51.969692, 4.262735 51.969542, 4.262707 51.969532, 4.262192 51.969333, 4.262178 51.96932, 4.26178 51.969165, 4.261361 51.96958, 4.259101 51.968719, 4.257018 51.970778, 4.257036 51.970785, 4.25703 51.970791, 4.256276 51.97152, 4.256307 51.971532, 4.257061 51.971819, 4.257086 51.971829, 4.257275 51.971647, 4.258113 51.971969, 4.259361 51.97073)));WarmteAtlas:Kassen;https://www.warmteatlas.nl/geoserver/WarmteAtlas/wfs;2026-06-23T13:52:57;
NL.TOP10NL.102436237;2020-01-01;72124.165152;7.212;2163725;68482;2163724.954545;68481.894811;;GM1783;;;;GM1783;;;;GM1783;;;False;False;False;51.96326737330133;4.252434250564251;MULTIPOLYGON (((4.248995 51.963162, 4.251989 51.96423, 4.252465 51.963739, 4.252896 51.963915, 4.254563 51.964502, 4.255018 51.964663, 4.256092 51.963529, 4.255201 51.963213, 4.254625 51.963009, 4.253531 51.962622, 4.253304 51.962867, 4.252674 51.962635, 4.252134 51.962436, 4.251137 51.96207, 4.250318 51.961769, 4.248995 51.963162)));WarmteAtlas:Kassen;https://www.warmteatlas.nl/geoserver/WarmteAtlas/wfs;2026-06-23T13:52:57;
NL.TOP10NL.126695218;2012-01-01;20093.415226;2.009;602802;19079;602802.45678;19078.697757;;GM1783;;;;GM1783;;;;GM1783;;;False;False;False;51.96678173671562;4.264952447696241;MULTIPOLYGON (((4.26462 51.967866, 4.266366 51.966108, 4.266335 51.966097, 4.265872 51.965929, 4.265936 51.965868, 4.265846 51.965829, 4.265768 51.965892, 4.265254 51.965705, 4.264934 51.966038, 4.263539 51.967477, 4.263813 51.967586, 4.263824 51.967575, 4.264225 51.967722, 4.26462 51.967866)));WarmteAtlas:Kassen;https://www.warmteatlas.nl/geoserver/WarmteAtlas/wfs;2026-06-23T13:52:57;
NL.TOP10NL.102437130;2017-01-01;49731.406032;4.973;1491942;47220;1491942.18096;47219.970027;;GM1783;;;;GM1783;;;;GM1783;;;False;False;False;51.966250500306565;4.2631389730339375;MULTIPOLYGON (((4.262972 51.964808, 4.260964 51.966832, 4.263318 51.967706, 4.263539 51.967477, 4.264934 51.966038, 4.265254 51.965705, 4.265302 51.965655, 4.264593 51.965397, 4.263739 51.965087, 4.263432 51.964975, 4.263495 51.964905, 4.263351 51.964851, 4.263282 51.964921, 4.262972 51.964808)));WarmteAtlas:Kassen;https://www.warmteatlas.nl/geoserver/WarmteAtlas/wfs;2026-06-23T13:52:57;
NL.TOP10NL.123360225;2010-01-01;18287.342596;1.829;548620;17364;548620.27788;17363.831795;;GM1783;;;;GM1783;;;;GM1783;;;False;False;False;51.97139355513152;4.265241213446696;MULTIPOLYGON (((4.265372 51.970721, 4.264879 51.970523, 4.263862 51.971485, 4.265673 51.972233, 4.26617 51.971781, 4.26614 51.971767, 4.266621 51.971325, 4.265775 51.970974, 4.265308 51.97078, 4.265372 51.970721)));WarmteAtlas:Kassen;https://www.warmteatlas.nl/geoserver/WarmteAtlas/wfs;2026-06-23T13:52:57;
NL.TOP10NL.102439075;2010-01-01;52545.625241;5.255;1576369;49892;1576368.757215;49892.071166;;GM1783;;;;GM1783;;;;GM1783;;;False;False;False;51.969050682753945;4.266387804931907;MULTIPOLYGON (((4.267602 51.970441, 4.268899 51.969159, 4.267223 51.968512, 4.26717 51.968508, 4.266126 51.968108, 4.266222 51.968012, 4.265068 51.96757, 4.263956 51.968677, 4.265064 51.969101, 4.26476 51.969404, 4.26585 51.969822, 4.265883 51.969835, 4.265857 51.969861, 4.266308 51.970035, 4.26628 51.970063, 4.266784 51.970254, 4.266777 51.970262, 4.266781 51.970263, 4.26682 51.970225, 4.267035 51.970308, 4.267041 51.970303, 4.267098 51.970247, 4.267602 51.970441)));WarmteAtlas:Kassen;https://www.warmteatlas.nl/geoserver/WarmteAtlas/wfs;2026-06-23T13:52:57;
NL.TOP10NL.102449914;2014-01-01;86461.979041;8.646;2593859;82096;2593859.371215;82095.649099;;GM1783;;;;GM1783;;;;GM1783;;;False;False;False;51.96790198497422;4.26885964093405;MULTIPOLYGON (((4.27183 51.969403, 4.272709 51.968529, 4.27234 51.968364, 4.271107 51.967903, 4.271112 51.967897, 4.271038 51.967869, 4.271099 51.967809, 4.271156 51.967752, 4.269849 51.96726, 4.269815 51.967247, 4.269722 51.967329, 4.267787 51.966584, 4.267746 51.96662, 4.267226 51.966424, 4.26678 51.966256, 4.26645 51.966138, 4.265345 51.96723, 4.265117 51.96747, 4.266374 51.967958, 4.266342 51.967989, 4.268255 51.96872, 4.268393 51.96863, 4.26883 51.968798, 4.268995 51.968664, 4.269527 51.968862, 4.269909 51.969005, 4.26996 51.969023, 4.269925 51.969057, 4.271542 51.969685, 4.27183 51.969403)));WarmteAtlas:Kassen;https://www.warmteatlas.nl/geoserver/WarmteAtlas/wfs;2026-06-23T13:52:57;
NL.TOP10NL.123360114;2020-06-01;5378.763386;0.538;161363;5107;161362.90158;5107.135835;;GM1783;;;;GM1783;;;;GM1783;;;False;False;False;51.969790895476024;4.263460876426314;MULTIPOLYGON (((4.263994 51.970055, 4.26426 51.969792, 4.263113 51.96935, 4.262717 51.969743, 4.262689 51.969732, 4.262655 51.969768, 4.262626 51.969778, 4.26266 51.969789, 4.263811 51.97023, 4.263994 51.970055)));WarmteAtlas:Kassen;https://www.warmteatlas.nl/geoserver/WarmteAtlas/wfs;2026-06-23T13:52:57;
NL.TOP10NL.100841240;2012-01-01;5566.564383;0.557;166997;5285;166996.931505;5285.452882;;GM1783;;;;GM1783;;;;GM1783;;;False;False;False;51.974493805648954;4.260233969498656;MULTIPOLYGON (((4.259745 51.974367, 4.260044 51.974481, 4.260073 51.974497, 4.259546 51.974972, 4.25996 51.975135, 4.260989 51.974165, 4.260563 51.973996, 4.260437 51.974112, 4.260142 51.974001, 4.259745 51.974367)));WarmteAtlas:Kassen;https://www.warmteatlas.nl/geoserver/WarmteAtlas/wfs;2026-06-23T13:52:57;
NL.TOP10NL.102436745;2006-01-01;2963.897664;0.296;88917;2814;88916.92992;2814.220832;;GM1783;;;;GM1783;;;;GM1783;;;False;False;False;51.97216851081446;4.259386813555732;MULTIPOLYGON (((4.258761 51.972124, 4.259712 51.972501, 4.260012 51.972213, 4.259062 51.971836, 4.258761 51.972124)));WarmteAtlas:Kassen;https://www.warmteatlas.nl/geoserver/WarmteAtlas/wfs;2026-06-23T13:52:57;
NL.TOP10NL.100840799;2002-01-01;294.231961;0.029;8827;279;8826.95883;279.373247;;GM1783;;;;GM1783;;;;GM1783;;;False;False;False;51.97231949452341;4.252954810835455;MULTIPOLYGON (((4.252679 51.972255, 4.253174 51.972441, 4.25323 51.972384, 4.252735 51.972198, 4.252679 51.972255)));WarmteAtlas:Kassen;https://www.warmteatlas.nl/geoserver/WarmteAtlas/wfs;2026-06-23T13:52:57;
NL.TOP10NL.129241417;2015-01-01;14188.327239;1.419;425650;13472;425649.817155;13471.816713;;GM1783;;;;GM1783;;;;GM1783;;;False;False;False;51.97401335507609;4.25915346227243;MULTIPOLYGON (((4.259044 51.974781, 4.259112 51.974717, 4.259165 51.974738, 4.259666 51.974254, 4.259679 51.974259, 4.259686 51.974261, 4.260319 51.973649, 4.25928 51.973239, 4.259189 51.973203, 4.258113 51.974226, 4.258299 51.974301, 4.258266 51.974333, 4.258342 51.974363, 4.258182 51.974515, 4.258202 51.974523, 4.258986 51.974837, 4.259044 51.974781)));WarmteAtlas:Kassen;https://www.warmteatlas.nl/geoserver/WarmteAtlas/wfs;2026-06-23T13:52:57;
NL.TOP10NL.102435324;2012-01-01;29956.030537;2.996;898681;28443;898680.916125;28443.250995;;GM1783;;;;GM1783;;;;GM1783;;;False;False;False;51.96534532285553;4.243531612465015;MULTIPOLYGON (((4.245178 51.96481, 4.244404 51.96461, 4.244399 51.964617, 4.244304 51.964745, 4.243709 51.964594, 4.243733 51.964551, 4.242794 51.964358, 4.242753 51.964423, 4.242715 51.964411, 4.241971 51.965832, 4.242915 51.96602, 4.242882 51.96608, 4.24409 51.966408, 4.245178 51.96481)));WarmteAtlas:Kassen;https://www.warmteatlas.nl/geoserver/WarmteAtlas/wfs;2026-06-23T13:52:57;
NL.TOP10NL.100839890;2012-01-01;2101.905086;0.21;63057;1996;63057.15258;1995.758879;;GM1783;;;;GM1783;;;;GM1783;;;False;False;False;51.97024537574806;4.239251217037921;MULTIPOLYGON (((4.239674 51.970057, 4.239244 51.969923, 4.238828 51.970434, 4.239258 51.970567, 4.239674 51.970057)));WarmteAtlas:Kassen;https://www.warmteatlas.nl/geoserver/WarmteAtlas/wfs;2026-06-23T13:52:57;
NL.TOP10NL.102435326;2012-01-01;9817.509338;0.982;294525;9322;294525.28014;9321.725116;;GM1783;;;;GM1783;;;;GM1783;;;False;False;False;51.97066350553642;4.243614256800365;MULTIPOLYGON (((4.244166 51.970193, 4.243972 51.970122, 4.243595 51.969986, 4.242811 51.970757, 4.242849 51.970772, 4.242752 51.970868, 4.243263 51.971065, 4.243031 51.971305, 4.243183 51.97136, 4.243231 51.971309, 4.24351 51.971419, 4.244551 51.970333, 4.244497 51.970313, 4.244166 51.970193)));WarmteAtlas:Kassen;https://www.warmteatlas.nl/geoserver/WarmteAtlas/wfs;2026-06-23T13:52:57;
NL.TOP10NL.100839612;2012-01-01;18058.767566;1.806;541763;17147;541763.02698;17146.799804;;GM1783;;;;GM1783;;;;GM1783;;;False;False;False;51.96988480945569;4.242411770450727;MULTIPOLYGON (((4.241572 51.970796, 4.241715 51.970643, 4.241967 51.970746, 4.242049 51.970768, 4.242168 51.970647, 4.24245 51.97075, 4.242804 51.97038, 4.242532 51.970274, 4.242826 51.969964, 4.242495 51.969843, 4.242569 51.969767, 4.2429 51.969888, 4.24301 51.969767, 4.243366 51.9699, 4.24388 51.969377, 4.242634 51.968896, 4.241002 51.970576, 4.241572 51.970796)));WarmteAtlas:Kassen;https://www.warmteatlas.nl/geoserver/WarmteAtlas/wfs;2026-06-23T13:52:57;
NL.TOP10NL.102435566;2012-01-01;31064.461494;3.106;931934;29496;931933.84482;29495.706189;;GM1783;;;;GM1783;;;;GM1783;;;False;False;False;51.967012010999134;4.243651221131869;MULTIPOLYGON (((4.242532 51.966633, 4.242046 51.967256, 4.244665 51.968041, 4.244719 51.968057, 4.244882 51.967851, 4.244803 51.967829, 4.244996 51.96758, 4.245131 51.967622, 4.245251 51.96746, 4.245222 51.967451, 4.245362 51.967265, 4.245511 51.967066, 4.245259 51.966992, 4.245326 51.966904, 4.245335 51.966881, 4.244938 51.966771, 4.244954 51.966749, 4.244437 51.966595, 4.242206 51.965925, 4.241844 51.966413, 4.242532 51.966633)));WarmteAtlas:Kassen;https://www.warmteatlas.nl/geoserver/WarmteAtlas/wfs;2026-06-23T13:52:57;
NL.TOP10NL.126695223;2012-01-01;385.575471;0.039;11567;366;11567.26413;366.10391;;GM1783;;;;GM1783;;;;GM1783;;;False;False;False;51.96387727764804;4.24492039600355;MULTIPOLYGON (((4.245129 51.963723, 4.245019 51.963683, 4.244711 51.964033, 4.244755 51.964048, 4.24482 51.96407, 4.244821 51.964071, 4.245049 51.963815, 4.245129 51.963723)));WarmteAtlas:Kassen;https://www.warmteatlas.nl/geoserver/WarmteAtlas/wfs;2026-06-23T13:52:57;
NL.TOP10NL.102451363;2010-01-01;12022.67473;1.202;360680;11416;360680.241885;11415.529656;;GM1783;;;;GM1783;;;;GM1783;;;False;False;False;51.96502966269953;4.240502444528386;MULTIPOLYGON (((4.239598 51.965776, 4.240085 51.965871, 4.240222 51.965603, 4.240233 51.965605, 4.240613 51.965683, 4.24073 51.965707, 4.241392 51.964438, 4.241327 51.964425, 4.241342 51.964396, 4.241333 51.964395, 4.240842 51.964299, 4.24041 51.964215, 4.240326 51.964379, 4.240309 51.964375, 4.23995 51.965066, 4.239721 51.9655, 4.239738 51.965503, 4.239598 51.965776), (4.240766 51.964473, 4.24062 51.964442, 4.240653 51.964384, 4.240799 51.964415, 4.240766 51.964473)));WarmteAtlas:Kassen;https://www.warmteatlas.nl/geoserver/WarmteAtlas/wfs;2026-06-23T13:52:57;
NL.TOP10NL.100842701;2002-01-01;2618.663576;0.262;78560;2486;78559.90728;2486.421065;;GM1783;;;;GM1783;;;;GM1783;;;False;False;False;51.97131287876222;4.244058859624305;MULTIPOLYGON (((4.243561 51.971438, 4.244144 51.971643, 4.244543 51.971178, 4.243997 51.970984, 4.243561 51.971438)));WarmteAtlas:Kassen;https://www.warmteatlas.nl/geoserver/WarmteAtlas/wfs;2026-06-23T13:52:57;
NL.TOP10NL.123360027;2010-01-01;45936.044533;4.594;1378081;43616;1378081.335975;43616.274284;;GM1783;;;;GM1783;;;;GM1783;;;False;False;False;51.96856568462691;4.2419180725784456;MULTIPOLYGON (((4.242046 51.968699, 4.242121 51.968621, 4.243566 51.96917, 4.243746 51.968987, 4.243796 51.968937, 4.243878 51.968853, 4.243915 51.968816, 4.243985 51.968745, 4.243835 51.96869, 4.244253 51.968256, 4.244348 51.968286, 4.244572 51.96807, 4.244154 51.967925, 4.244083 51.967973, 4.242995 51.96757, 4.242955 51.967596, 4.242447 51.967409, 4.242428 51.967432, 4.242022 51.967286, 4.241832 51.96723, 4.241738 51.967202, 4.241743 51.96723, 4.241746 51.967251, 4.2417 51.967303, 4.241377 51.96763, 4.241273 51.967739, 4.240867 51.968146, 4.242017 51.968582, 4.241935 51.968657, 4.240806 51.968228, 4.240209 51.968824, 4.239704 51.969325, 4.239752 51.969344, 4.239539 51.969604, 4.240005 51.969781, 4.240081 51.969809, 4.239964 51.969928, 4.240599 51.970167, 4.242046 51.968699)));WarmteAtlas:Kassen;https://www.warmteatlas.nl/geoserver/WarmteAtlas/wfs;2026-06-23T13:52:57;
NL.TOP10NL.123360520;2010-01-01;401.426932;0.04;12043;381;12042.807945;381.154871;;GM1783;;;;GM1783;;;;GM1783;;;False;False;False;51.961341247432664;4.243416443873383;MULTIPOLYGON (((4.243609 51.961211, 4.243478 51.961167, 4.243224 51.961454, 4.243384 51.961508, 4.24347 51.961411, 4.24347 51.961411, 4.243441 51.961401, 4.243597 51.961225, 4.243609 51.961211)));WarmteAtlas:Kassen;https://www.warmteatlas.nl/geoserver/WarmteAtlas/wfs;2026-06-23T13:52:57;
NL.TOP10NL.100841059;2010-01-01;14360.467684;1.436;430814;13635;430814.030505;13635.264065;;GM1783;;;;GM1783;;;;GM1783;;;False;False;False;51.965229631347356;4.241602466147021;MULTIPOLYGON (((4.24145 51.964318, 4.241392 51.964438, 4.24073 51.965707, 4.240717 51.965732, 4.240811 51.965752, 4.241223 51.96583, 4.241065 51.966154, 4.241622 51.966264, 4.241861 51.965822, 4.242527 51.964532, 4.24145 51.964318)));WarmteAtlas:Kassen;https://www.warmteatlas.nl/geoserver/WarmteAtlas/wfs;2026-06-23T13:52:57;
NL.TOP10NL.102435290;2010-01-01;15029.663297;1.503;450890;14271;450889.898895;14270.6653;;GM1783;;;;GM1783;;;;GM1783;;;False;False;False;51.962734965149544;4.243187086164387;MULTIPOLYGON (((4.243373 51.963031, 4.2438 51.962561, 4.24455 51.961733, 4.243841 51.961488, 4.242967 51.962437, 4.243289 51.962547, 4.242968 51.9629, 4.242639 51.962786, 4.241792 51.963715, 4.242527 51.963962, 4.243373 51.963031)));WarmteAtlas:Kassen;https://www.warmteatlas.nl/geoserver/WarmteAtlas/wfs;2026-06-23T13:52:57;
NL.TOP10NL.102435294;2010-01-01;20366.523787;2.037;610996;19338;610995.71361;19338.014336;;GM1783;;;;GM1783;;;;GM1783;;;False;False;False;51.96291256624785;4.244525479622092;MULTIPOLYGON (((4.244034 51.963816, 4.244289 51.963522, 4.244784 51.963685, 4.245922 51.962413, 4.245811 51.962376, 4.244591 51.961963, 4.244534 51.961943, 4.243137 51.963521, 4.243068 51.963603, 4.243359 51.963697, 4.243427 51.963616, 4.243436 51.963619, 4.243446 51.963607, 4.243947 51.963775, 4.243939 51.963785, 4.244034 51.963816)));WarmteAtlas:Kassen;https://www.warmteatlas.nl/geoserver/WarmteAtlas/wfs;2026-06-23T13:52:57;
NL.TOP10NL.102434574;2010-01-01;3113.228586;0.311;93397;2956;93396.857595;2956.010543;;GM1783;;;;GM1783;;;;GM1783;;;False;False;False;51.96268229760256;4.23883198275684;MULTIPOLYGON (((4.238187 51.962663, 4.23825 51.962685, 4.239127 51.962983, 4.239204 51.963009, 4.239477 51.962701, 4.238461 51.962356, 4.238187 51.962663)));WarmteAtlas:Kassen;https://www.warmteatlas.nl/geoserver/WarmteAtlas/wfs;2026-06-23T13:52:57;
NL.TOP10NL.102434744;2010-01-01;720.119772;0.072;21604;684;21603.59316;683.753724;;GM1783;;;;GM1783;;;;GM1783;;;False;False;False;51.97116978086635;4.241439189362179;MULTIPOLYGON (((4.241026 51.971089, 4.241763 51.971347, 4.241852 51.97125, 4.241594 51.97116, 4.241327 51.971067, 4.241115 51.970993, 4.241026 51.971089)));WarmteAtlas:Kassen;https://www.warmteatlas.nl/geoserver/WarmteAtlas/wfs;2026-06-23T13:52:57;
NL.TOP10NL.102434745;2010-01-01;1001.724859;0.1;30052;951;30051.745785;951.137754;;GM1783;;;;GM1783;;;;GM1783;;;False;False;False;51.970931827593944;4.240617943757358;MULTIPOLYGON (((4.240081 51.970844, 4.240925 51.971113, 4.241062 51.970948, 4.240821 51.970871, 4.24077 51.970855, 4.240739 51.970892, 4.240603 51.970848, 4.240572 51.970885, 4.240471 51.970853, 4.240157 51.970753, 4.240081 51.970844)));WarmteAtlas:Kassen;https://www.warmteatlas.nl/geoserver/WarmteAtlas/wfs;2026-06-23T13:52:57;
NL.TOP10NL.123360475;2010-01-01;1426.523406;0.143;42796;1354;42795.702165;1354.483974;;GM1783;;;;GM1783;;;;GM1783;;;False;False;False;51.96325397900224;4.239462853080453;MULTIPOLYGON (((4.239862 51.963227, 4.239274 51.963033, 4.239065 51.963276, 4.239138 51.963302, 4.239644 51.963478, 4.239862 51.963227)));WarmteAtlas:Kassen;https://www.warmteatlas.nl/geoserver/WarmteAtlas/wfs;2026-06-23T13:52:57;
NL.TOP10NL.123360318;2010-01-01;1016.308766;0.102;30489;965;30489.262995;964.985174;;GM1783;;;;GM1783;;;;GM1783;;;False;False;False;51.963441380573194;4.240046040033361;MULTIPOLYGON (((4.240371 51.963402, 4.239922 51.963252, 4.239721 51.963482, 4.23975 51.963491, 4.240172 51.96363, 4.240371 51.963402)));WarmteAtlas:Kassen;https://www.warmteatlas.nl/geoserver/WarmteAtlas/wfs;2026-06-23T13:52:57;
NL.TOP10NL.123360181;2010-01-01;1146.876572;0.115;34406;1089;34406.29716;1088.959305;;GM1783;;;;GM1783;;;;GM1783;;;False;False;False;51.9636223403331;4.240614797737945;MULTIPOLYGON (((4.240966 51.9636, 4.240457 51.963418, 4.240269 51.963628, 4.240455 51.963693, 4.24043 51.963725, 4.24076 51.963823, 4.240966 51.9636)));WarmteAtlas:Kassen;https://www.warmteatlas.nl/geoserver/WarmteAtlas/wfs;2026-06-23T13:52:57;
NL.TOP10NL.100837081;2010-01-01;233.618865;0.023;7009;222;7008.56595;221.821112;;GM1783;;;;GM1783;;;;GM1783;;;False;False;False;51.97208376093082;4.242217575073076;MULTIPOLYGON (((4.242115 51.971998, 4.242044 51.972087, 4.24232 51.97217, 4.242391 51.97208, 4.242196 51.972022, 4.242115 51.971998)));WarmteAtlas:Kassen;https://www.warmteatlas.nl/geoserver/WarmteAtlas/wfs;2026-06-23T13:52:57;
NL.TOP10NL.100838768;2012-01-01;1727.779031;0.173;51833;1641;51833.370915;1640.526189;;GM1783;;;;GM1783;;;;GM1783;;;False;False;False;51.97692218104331;4.262938908541048;MULTIPOLYGON (((4.262766 51.97678, 4.262591 51.976941, 4.262792 51.97702, 4.262629 51.977178, 4.262823 51.977248, 4.262971 51.977091, 4.263034 51.977115, 4.263336 51.976806, 4.262923 51.976637, 4.262766 51.97678)));WarmteAtlas:Kassen;https://www.warmteatlas.nl/geoserver/WarmteAtlas/wfs;2026-06-23T13:52:57;
NL.TOP10NL.102445235;2018-01-01;15691.259029;1.569;470738;14899;470737.77087;14898.850448;;GM1783;;;;GM1783;;;;GM1783;;;False;False;False;51.9760230619788;4.264356898385844;MULTIPOLYGON (((4.263017 51.976069, 4.263683 51.976343, 4.264312 51.976602, 4.264391 51.976635, 4.264494 51.976534, 4.264933 51.976716, 4.265728 51.976034, 4.263901 51.975263, 4.263017 51.976069)));WarmteAtlas:Kassen;https://www.warmteatlas.nl/geoserver/WarmteAtlas/wfs;2026-06-23T13:52:57;
NL.TOP10NL.102449851;2010-01-01;597.079996;0.06;17912;567;17912.399865;566.927456;;GM1783;;;;GM1783;;;;GM1783;;;False;False;False;51.976599695745726;4.266087776166466;MULTIPOLYGON (((4.266001 51.97679, 4.266344 51.976485, 4.266173 51.976408, 4.26583 51.97672, 4.266001 51.97679)));WarmteAtlas:Kassen;https://www.warmteatlas.nl/geoserver/WarmteAtlas/wfs;2026-06-23T13:52:57;
NL.TOP10NL.100843677;2010-01-01;430.978677;0.043;12929;409;12929.360325;409.214254;;GM1783;;;;GM1783;;;;GM1783;;;False;False;False;51.976181110912016;4.266485413012698;MULTIPOLYGON (((4.266265 51.976145, 4.26648 51.976239, 4.266422 51.976284, 4.266534 51.976333, 4.2667 51.976182, 4.266374 51.976044, 4.266265 51.976145)));WarmteAtlas:Kassen;https://www.warmteatlas.nl/geoserver/WarmteAtlas/wfs;2026-06-23T13:52:57;
NL.TOP10NL.129241458;2015-01-01;658.691642;0.066;19761;625;19760.749245;625.427714;;GM1783;;;;GM1783;;;;GM1783;;;False;False;False;51.97537222740628;4.261963430751309;MULTIPOLYGON (((4.261713 51.975403, 4.262018 51.975529, 4.262024 51.975531, 4.262224 51.975347, 4.261901 51.975213, 4.261735 51.975366, 4.261713 51.975403)));WarmteAtlas:Kassen;https://www.warmteatlas.nl/geoserver/WarmteAtlas/wfs;2026-06-23T13:52:57;
NL.TOP10NL.123360414;2015-01-01;62325.258359;6.233;1869758;59178;1869757.75077;59177.832812;;GM1783;;;;GM1783;;;;GM1783;;;False;False;False;51.97300064840856;4.261819401230884;MULTIPOLYGON (((4.261001 51.974282, 4.260528 51.974722, 4.261356 51.975054, 4.262492 51.973977, 4.263653 51.972863, 4.264284 51.972268, 4.263395 51.971927, 4.262753 51.971663, 4.262663 51.971749, 4.262457 51.97167, 4.26238 51.971744, 4.261731 51.971485, 4.260987 51.97219, 4.260941 51.972233, 4.260911 51.972262, 4.260314 51.972021, 4.260235 51.972099, 4.260069 51.972262, 4.259524 51.972783, 4.259961 51.972959, 4.259899 51.973018, 4.260067 51.973077, 4.259968 51.973175, 4.259937 51.973206, 4.260534 51.973442, 4.260319 51.973649, 4.261168 51.973984, 4.261154 51.973997, 4.261129 51.974021, 4.261236 51.974064, 4.261001 51.974282)));WarmteAtlas:Kassen;https://www.warmteatlas.nl/geoserver/WarmteAtlas/wfs;2026-06-23T13:52:57;
NL.TOP10NL.123360019;2020-06-01;49485.963011;4.949;1484579;46987;1484578.890345;46986.921879;;GM1783;;;;GM1783;;;;GM1783;;;False;False;False;51.97455159314965;4.264481819487079;MULTIPOLYGON (((4.26396 51.975024, 4.263485 51.974824, 4.263732 51.9746, 4.2648 51.975053, 4.264812 51.975042, 4.265292 51.975245, 4.265194 51.975335, 4.265741 51.975565, 4.267056 51.974373, 4.265595 51.973758, 4.265923 51.973461, 4.265431 51.973251, 4.265362 51.973312, 4.264823 51.973085, 4.263085 51.974659, 4.262269 51.974316, 4.261577 51.974942, 4.262286 51.975241, 4.262876 51.974706, 4.262971 51.974746, 4.262098 51.975555, 4.26297 51.975921, 4.26396 51.975024)));WarmteAtlas:Kassen;https://www.warmteatlas.nl/geoserver/WarmteAtlas/wfs;2026-06-23T13:52:57;
NL.TOP10NL.131585005;2021-01-01;83440.78698;8.344;2503224;79227;2503223.6094;79227.027238;;GM1783;;;;GM1783;;;;GM1783;;;False;False;False;51.972270036366226;4.268608948849503;MULTIPOLYGON (((4.26919 51.974035, 4.271653 51.971866, 4.269916 51.971114, 4.269758 51.971253, 4.268903 51.970882, 4.268569 51.971177, 4.267523 51.970724, 4.265553 51.972459, 4.26919 51.974035)));WarmteAtlas:Kassen;https://www.warmteatlas.nl/geoserver/WarmteAtlas/wfs;2026-06-23T13:52:57;
NL.TOP10NL.131062330;2019-01-01;772.740192;0.077;23182;734;23182.205775;733.716813;;GM1783;;;;GM1783;;;;GM1783;;;False;False;False;51.970967352493204;4.26952769276183;MULTIPOLYGON (((4.26968 51.970914, 4.269564 51.970862, 4.269518 51.970905, 4.269273 51.970805, 4.269166 51.970908, 4.2697 51.971139, 4.269863 51.97099, 4.26968 51.970914)));WarmteAtlas:Kassen;https://www.warmteatlas.nl/geoserver/WarmteAtlas/wfs;2026-06-23T13:52:57;
NL.TOP10NL.100839307;2010-01-01;14059.694455;1.406;421791;13350;421790.833665;13349.679885;;GM1783;;;;GM1783;;;;GM1783;;;False;False;False;51.97904412698892;4.27382194463075;MULTIPOLYGON (((4.275032 51.978725, 4.273941 51.978248, 4.27263 51.979354, 4.273674 51.979851, 4.274971 51.978772, 4.275014 51.978736, 4.275032 51.978725)));WarmteAtlas:Kassen;https://www.warmteatlas.nl/geoserver/WarmteAtlas/wfs;2026-06-23T13:52:57;
NL.TOP10NL.100843085;2019-01-01;34556.441092;3.456;1036693;32811;1036693.23276;32811.340817;;GM1783;;;;GM1783;;;;GM1783;;;False;False;False;51.979995416368574;4.275575955161864;MULTIPOLYGON (((4.273644 51.980084, 4.274697 51.980548, 4.276005 51.981125, 4.276058 51.981146, 4.276292 51.980943, 4.277459 51.979933, 4.2775 51.979898, 4.277029 51.979691, 4.275225 51.978902, 4.275092 51.978846, 4.274719 51.979177, 4.273644 51.980084)));WarmteAtlas:Kassen;https://www.warmteatlas.nl/geoserver/WarmteAtlas/wfs;2026-06-23T13:52:57;
NL.TOP10NL.102449854;2020-01-01;300648.747525;30.065;9019462;285466;9019462.425735;285465.985775;;GM1783;;;;GM1783;;;;GM1783;;;False;False;False;51.974408257568186;4.28496643574335;MULTIPOLYGON (((4.28281 51.976681, 4.28281 51.976681, 4.284654 51.977588, 4.284651 51.977591, 4.284902 51.977716, 4.284964 51.977665, 4.285135 51.977745, 4.285171 51.97772, 4.285933 51.978093, 4.29005 51.974913, 4.288098 51.973949, 4.283916 51.97718, 4.283871 51.977158, 4.287473 51.974372, 4.286268 51.973778, 4.28627 51.973777, 4.286266 51.973775, 4.286216 51.973753, 4.2862 51.973744, 4.285137 51.97322, 4.285685 51.972797, 4.284777 51.972348, 4.284783 51.972343, 4.28478 51.972341, 4.284851 51.972283, 4.285103 51.972403, 4.285085 51.972418, 4.285067 51.972435, 4.285762 51.972762, 4.285965 51.972865, 4.286628 51.973176, 4.286605 51.973194, 4.286673 51.973233, 4.286701 51.97321, 4.286818 51.973264, 4.28771 51.972553, 4.287891 51.972638, 4.288716 51.971963, 4.288541 51.971876, 4.288633 51.971797, 4.288176 51.971582, 4.285389 51.970274, 4.283576 51.971742, 4.283704 51.971802, 4.283693 51.971811, 4.281578 51.973441, 4.281636 51.973469, 4.279484 51.975128, 4.280126 51.975447, 4.280199 51.975393, 4.28281 51.976681)));WarmteAtlas:Kassen;https://www.warmteatlas.nl/geoserver/WarmteAtlas/wfs;2026-06-23T13:52:57;
NL.TOP10NL.102449047;2012-01-01;47122.897857;4.712;1413687;44743;1413686.935695;44743.191515;;GM1783;;;;GM1783;;;;GM1783;;;False;False;False;51.97894070884508;4.290064385531251;MULTIPOLYGON (((4.290921 51.980124, 4.291674 51.97957, 4.292429 51.978961, 4.289706 51.977609, 4.287665 51.979204, 4.288142 51.979441, 4.288082 51.979486, 4.287991 51.979556, 4.288431 51.979775, 4.288625 51.979627, 4.288678 51.979586, 4.288727 51.979548, 4.288936 51.979388, 4.289616 51.979727, 4.289827 51.979832, 4.290023 51.97968, 4.290259 51.979796, 4.290728 51.980028, 4.290921 51.980124)));WarmteAtlas:Kassen;https://www.warmteatlas.nl/geoserver/WarmteAtlas/wfs;2026-06-23T13:52:57;
NL.TOP10NL.100842098;2012-01-01;48670.173832;4.867;1460105;46212;1460105.214945;46212.330053;;GM1783;;;;GM1783;;;;GM1783;;;False;False;False;51.978586514448644;4.281492725891942;MULTIPOLYGON (((4.283716 51.97826, 4.283039 51.977952, 4.28232 51.977625, 4.281341 51.977175, 4.279276 51.978907, 4.281633 51.980002, 4.283716 51.97826)));WarmteAtlas:Kassen;https://www.warmteatlas.nl/geoserver/WarmteAtlas/wfs;2026-06-23T13:52:57;
NL.TOP10NL.123360337;2010-01-01;45705.228367;4.571;1371157;43397;1371156.850995;43397.114334;;GM1783;;;;GM1783;;;;GM1783;;;False;False;False;51.9718797416622;4.281959214469476;MULTIPOLYGON (((4.28146 51.97335, 4.284324 51.971039, 4.282943 51.970384, 4.282478 51.97075, 4.282298 51.970667, 4.281934 51.970971, 4.282114 51.971053, 4.281377 51.971683, 4.280834 51.971426, 4.279566 51.972451, 4.28146 51.97335)));WarmteAtlas:Kassen;https://www.warmteatlas.nl/geoserver/WarmteAtlas/wfs;2026-06-23T13:52:57;
NL.TOP10NL.103059197;2021-01-01;172646.990459;17.265;5179410;163928;5179409.713785;163928.317441;;GM1783;;;;GM1783;;;;GM1783;;;False;False;False;51.97763070754114;4.291323246878635;MULTIPOLYGON (((4.29016 51.974963, 4.288097 51.976534, 4.28593 51.978212, 4.287055 51.97877, 4.28746 51.978971, 4.287717 51.979099, 4.2899 51.977419, 4.292772 51.978844, 4.291756 51.979608, 4.292857 51.980119, 4.293433 51.980413, 4.296203 51.978296, 4.296135 51.978262, 4.295744 51.978064, 4.295291 51.977837, 4.295331 51.977806, 4.294587 51.977437, 4.294568 51.977427, 4.294786 51.977258, 4.293602 51.976682, 4.293585 51.976673, 4.293524 51.976723, 4.293521 51.976721, 4.293473 51.976757, 4.292751 51.976388, 4.292717 51.976413, 4.292586 51.976346, 4.292558 51.976368, 4.292328 51.976251, 4.292276 51.976224, 4.292432 51.976109, 4.29016 51.974963)));WarmteAtlas:Kassen;https://www.warmteatlas.nl/geoserver/WarmteAtlas/wfs;2026-06-23T13:52:57;
NL.TOP10NL.102449072;2019-01-01;71375.080809;7.138;2141252;67771;2141252.424285;67770.639229;;GM1783;;;;GM1783;;;;GM1783;;;False;False;False;51.9798978035142;4.2840513122877395;MULTIPOLYGON (((4.281833 51.981263, 4.282322 51.98089, 4.282818 51.981138, 4.282937 51.981047, 4.283296 51.981225, 4.283637 51.980964, 4.283907 51.981098, 4.284146 51.980916, 4.284375 51.98103, 4.285198 51.9804, 4.28566 51.98063, 4.28707 51.979552, 4.285275 51.978657, 4.285196 51.978714, 4.284273 51.978237, 4.280903 51.980798, 4.280909 51.980801, 4.281572 51.981132, 4.281833 51.981263)));WarmteAtlas:Kassen;https://www.warmteatlas.nl/geoserver/WarmteAtlas/wfs;2026-06-23T13:52:57;
NL.TOP10NL.102443719;2010-01-01;4491.014577;0.449;134730;4264;134730.437295;4264.21834;;GM1783;;;;GM1783;;;;GM1783;;;False;False;False;51.97766979534256;4.275353947130798;MULTIPOLYGON (((4.274736 51.977616, 4.274869 51.977678, 4.274779 51.977756, 4.275351 51.978037, 4.275485 51.978102, 4.27603 51.977646, 4.275191 51.97724, 4.274736 51.977616)));WarmteAtlas:Kassen;https://www.warmteatlas.nl/geoserver/WarmteAtlas/wfs;2026-06-23T13:52:57;
NL.TOP10NL.102439123;2012-01-01;7137.936102;0.714;214138;6777;214138.08306;6777.470329;;GM1783;;;;GM1783;;;;GM1783;;;False;False;False;51.97709807721431;4.2678882108496605;MULTIPOLYGON (((4.267607 51.97753, 4.267652 51.97747, 4.26778 51.977508, 4.267829 51.977466, 4.268232 51.977117, 4.268383 51.977184, 4.268623 51.976977, 4.268714 51.977019, 4.268898 51.976865, 4.268802 51.976822, 4.268083 51.976505, 4.266952 51.977484, 4.267518 51.977734, 4.267717 51.977562, 4.267607 51.97753)));WarmteAtlas:Kassen;https://www.warmteatlas.nl/geoserver/WarmteAtlas/wfs;2026-06-23T13:52:57;
NL.TOP10NL.130957358;2018-01-01;7599.833556;0.76;227995;7216;227995.00668;7216.041961;;GM1783;;;;GM1783;;;;GM1783;;;False;False;False;51.97575184421057;4.268557835001536;MULTIPOLYGON (((4.268825 51.976291, 4.26947 51.97573, 4.268291 51.975213, 4.267646 51.975774, 4.268825 51.976291)));WarmteAtlas:Kassen;https://www.warmteatlas.nl/geoserver/WarmteAtlas/wfs;2026-06-23T13:52:57;
NL.TOP10NL.102445123;2010-01-01;16824.918123;1.682;504748;15975;504747.543705;15975.259758;;GM1783;;;;GM1783;;;;GM1783;;;False;False;False;51.974973951888295;4.274815042332139;MULTIPOLYGON (((4.27351 51.975145, 4.274911 51.975805, 4.276113 51.974835, 4.276026 51.974792, 4.275133 51.974366, 4.275207 51.974305, 4.274789 51.974109, 4.27351 51.975145)));WarmteAtlas:Kassen;https://www.warmteatlas.nl/geoserver/WarmteAtlas/wfs;2026-06-23T13:52:57;
NL.TOP10NL.102445239;2010-01-01;22406.072131;2.241;672182;21275;672182.16393;21274.565488;;GM1783;;;;GM1783;;;;GM1783;;;False;False;False;51.973311613826006;4.276591305972545;MULTIPOLYGON (((4.275007 51.973229, 4.275786 51.9736, 4.276403 51.973893, 4.276288 51.973985, 4.276676 51.97417, 4.276791 51.974077, 4.277106 51.974227, 4.278177 51.973354, 4.27607 51.972373, 4.275007 51.973229)));WarmteAtlas:Kassen;https://www.warmteatlas.nl/geoserver/WarmteAtlas/wfs;2026-06-23T13:52:57;
NL.TOP10NL.102449904;2010-01-01;36970.983818;3.697;1109130;35104;1109129.514555;35103.949136;;GM1783;;;;GM1783;;;;GM1783;;;False;False;False;51.97403037113079;4.27926481229352;MULTIPOLYGON (((4.277421 51.974255, 4.277834 51.974449, 4.277765 51.974508, 4.27792 51.974578, 4.277987 51.974522, 4.278457 51.974741, 4.27825 51.974913, 4.278246 51.974917, 4.278541 51.975055, 4.278442 51.975135, 4.278823 51.975316, 4.278924 51.975235, 4.279134 51.975333, 4.281181 51.973669, 4.279253 51.972765, 4.277421 51.974255)));WarmteAtlas:Kassen;https://www.warmteatlas.nl/geoserver/WarmteAtlas/wfs;2026-06-23T13:52:57;
NL.TOP10NL.100838344;2010-01-01;37450.472924;3.745;1123514;35559;1123514.187735;35559.224042;;GM1783;;;;GM1783;;;;GM1783;;;False;False;False;51.97170134670445;4.278109771353017;MULTIPOLYGON (((4.276215 51.972096, 4.278045 51.972956, 4.278097 51.972914, 4.278948 51.972222, 4.279289 51.971946, 4.279425 51.972009, 4.279734 51.971758, 4.279584 51.971688, 4.28003 51.971326, 4.278149 51.970443, 4.276151 51.972066, 4.276215 51.972096)));WarmteAtlas:Kassen;https://www.warmteatlas.nl/geoserver/WarmteAtlas/wfs;2026-06-23T13:52:57;
NL.TOP10NL.102445125;2014-01-01;101113.523805;10.111;3033406;96007;3033405.71415;96007.290853;;GM1783;;;;GM1783;;;;GM1783;;;False;False;False;51.976734531391294;4.277790871986127;MULTIPOLYGON (((4.278868 51.975626, 4.2776 51.975045, 4.27757 51.97507, 4.277576 51.975081, 4.277536 51.975114, 4.276936 51.974839, 4.276768 51.974979, 4.276358 51.974791, 4.274346 51.976463, 4.276612 51.977502, 4.276614 51.977503, 4.276647 51.977517, 4.276612 51.977546, 4.279287 51.978783, 4.281234 51.977164, 4.280082 51.976613, 4.278881 51.976097, 4.278586 51.975971, 4.2785 51.975932, 4.278868 51.975626)));WarmteAtlas:Kassen;https://www.warmteatlas.nl/geoserver/WarmteAtlas/wfs;2026-06-23T13:52:57;
NL.TOP10NL.102443717;2012-01-01;48233.490735;4.823;1447005;45798;1447004.72205;45797.699453;;GM1783;;;;GM1783;;;;GM1783;;;False;False;False;51.97830189374126;4.271395246336603;MULTIPOLYGON (((4.268836 51.978165, 4.269173 51.978325, 4.27019 51.978795, 4.270189 51.978796, 4.270219 51.978805, 4.270541 51.978943, 4.27064 51.978869, 4.271045 51.979045, 4.272229 51.979596, 4.273918 51.978206, 4.272846 51.977718, 4.272621 51.977898, 4.272494 51.977846, 4.271245 51.977271, 4.27092 51.97754, 4.270403 51.977302, 4.270315 51.977375, 4.269979 51.97722, 4.268836 51.978165)));WarmteAtlas:Kassen;https://www.warmteatlas.nl/geoserver/WarmteAtlas/wfs;2026-06-23T13:52:57;
NL.TOP10NL.100842522;2019-01-01;1057.7238;0.106;31732;1004;31731.714;1004.308748;;GM1783;;;;GM1783;;;;GM1783;;;False;False;False;51.975450393664886;4.267228869944247;MULTIPOLYGON (((4.267561 51.975422, 4.267157 51.975248, 4.266897 51.975479, 4.2673 51.975653, 4.267561 51.975422)));WarmteAtlas:Kassen;https://www.warmteatlas.nl/geoserver/WarmteAtlas/wfs;2026-06-23T13:52:57;
NL.TOP10NL.102443160;2010-01-01;59085.127949;5.909;1772554;56101;1772553.838455;56101.328987;;GM1783;;;;GM1783;;;;GM1783;;;False;False;False;51.985401904036436;4.255124906120393;MULTIPOLYGON (((4.256236 51.984295, 4.255046 51.98381, 4.252714 51.986005, 4.254132 51.986551, 4.255215 51.986997, 4.255659 51.986559, 4.257523 51.984825, 4.257294 51.984716, 4.256236 51.984295)));WarmteAtlas:Kassen;https://www.warmteatlas.nl/geoserver/WarmteAtlas/wfs;2026-06-23T13:52:57;
NL.TOP10NL.100839613;2012-01-01;17272.161736;1.727;518165;16400;518164.852065;16399.917568;;GM1783;;;;GM1783;;;;GM1783;;;False;False;False;51.986630561112996;4.25781363216139;MULTIPOLYGON (((4.259139 51.986381, 4.25782 51.985781, 4.256485 51.98687, 4.256987 51.987102, 4.257501 51.987339, 4.257816 51.987485, 4.259139 51.986381)));WarmteAtlas:Kassen;https://www.warmteatlas.nl/geoserver/WarmteAtlas/wfs;2026-06-23T13:52:57;
NL.TOP10NL.100836960;2012-01-01;27162.546292;2.716;814876;25791;814876.388775;25790.837705;;GM1783;;;;GM1783;;;;GM1783;;;False;False;False;51.984414454477935;4.261015879744028;MULTIPOLYGON (((4.2607 51.983389, 4.260021 51.983931, 4.25933 51.984512, 4.261286 51.985428, 4.261457 51.985289, 4.261521 51.985317, 4.261533 51.985308, 4.261896 51.98501, 4.262029 51.984896, 4.262003 51.984885, 4.262207 51.984716, 4.262488 51.984485, 4.262703 51.984307, 4.2607 51.983389)));WarmteAtlas:Kassen;https://www.warmteatlas.nl/geoserver/WarmteAtlas/wfs;2026-06-23T13:52:57;
NL.TOP10NL.100838248;2012-01-01;13428.221051;1.343;402847;12750;402846.63153;12750.095888;;GM1783;;;;GM1783;;;;GM1783;;;False;False;False;51.99046903149767;4.255800145882382;MULTIPOLYGON (((4.256778 51.990249, 4.255691 51.989733, 4.254614 51.990593, 4.255072 51.990799, 4.255596 51.991035, 4.255952 51.991194, 4.256933 51.990411, 4.256709 51.990304, 4.256778 51.990249)));WarmteAtlas:Kassen;https://www.warmteatlas.nl/geoserver/WarmteAtlas/wfs;2026-06-23T13:52:57;
NL.TOP10NL.120401356;2012-01-01;10839.231129;1.084;325177;10292;325176.933855;10291.849957;;GM1783;;;;GM1783;;;;GM1783;;;False;False;False;51.98877372553438;4.260665962176405;MULTIPOLYGON (((4.26195 51.988251, 4.26147 51.987974, 4.26142 51.988006, 4.26133 51.98795, 4.259555 51.989145, 4.259879 51.989323, 4.259522 51.989576, 4.259618 51.98963, 4.259527 51.989692, 4.25967 51.989775, 4.26195 51.988251)));WarmteAtlas:Kassen;https://www.warmteatlas.nl/geoserver/WarmteAtlas/wfs;2026-06-23T13:52:57;
NL.TOP10NL.100839753;2012-01-01;42360.086651;4.236;1270803;40221;1270802.59953;40220.902275;;GM1783;;;;GM1783;;;;GM1783;;;False;False;False;51.98850777907625;4.257535285423726;MULTIPOLYGON (((4.255634 51.988728, 4.256356 51.989043, 4.256614 51.988828, 4.256629 51.988835, 4.257253 51.989132, 4.257265 51.989137, 4.25751 51.989249, 4.258056 51.989499, 4.258479 51.989687, 4.259936 51.988512, 4.25815 51.987688, 4.258082 51.987662, 4.257656 51.988006, 4.257641 51.988019, 4.257286 51.987863, 4.257197 51.987819, 4.257144 51.98786, 4.256556 51.987571, 4.256602 51.987535, 4.256299 51.9874, 4.256233 51.987456, 4.256151 51.987525, 4.255048 51.988453, 4.255634 51.988728)));WarmteAtlas:Kassen;https://www.warmteatlas.nl/geoserver/WarmteAtlas/wfs;2026-06-23T13:52:57;
NL.TOP10NL.120401658;2012-01-01;444.84;0.044;13345;422;13345.2;422.37558;;GM1783;;;;GM1783;;;;GM1783;;;False;False;False;51.98250275836108;4.25679145842617;MULTIPOLYGON (((4.25676 51.982666, 4.257014 51.982344, 4.256903 51.982312, 4.256771 51.982482, 4.256689 51.982457, 4.256574 51.982607, 4.25676 51.982666)));WarmteAtlas:Kassen;https://www.warmteatlas.nl/geoserver/WarmteAtlas/wfs;2026-06-23T13:52:57;
NL.TOP10NL.102443161;2006-01-01;285.23998;0.029;8557;271;8557.1994;270.835361;;GM1783;;;;GM1783;;;;GM1783;;;False;False;False;51.98813345007832;4.260351291496068;MULTIPOLYGON (((4.260185 51.988163, 4.260363 51.988247, 4.260485 51.988148, 4.26043 51.988122, 4.26049 51.988073, 4.260368 51.988015, 4.260185 51.988163)));WarmteAtlas:Kassen;https://www.warmteatlas.nl/geoserver/WarmteAtlas/wfs;2026-06-23T13:52:57;
NL.TOP10NL.102449010;2018-01-01;40968.678364;4.097;1229060;38900;1229060.350905;38899.760106;;GM1783;;;;GM1783;;;;GM1783;;;False;False;False;51.98698569869119;4.260034635252404;MULTIPOLYGON (((4.259847 51.988343, 4.260003 51.988215, 4.262191 51.986423, 4.261791 51.986233, 4.261557 51.986427, 4.26138 51.986349, 4.261032 51.986187, 4.260621 51.985991, 4.260961 51.985714, 4.260551 51.985527, 4.260287 51.985733, 4.260174 51.98568, 4.257985 51.987479, 4.259847 51.988343)));WarmteAtlas:Kassen;https://www.warmteatlas.nl/geoserver/WarmteAtlas/wfs;2026-06-23T13:52:57;
NL.TOP10NL.126644139;2017-01-01;15380.139267;1.538;461404;14603;461404.178025;14603.442234;;GM1783;;;;GM1783;;;;GM1783;;;False;False;False;51.98985829013895;4.254336470485289;MULTIPOLYGON (((4.254496 51.990606, 4.255674 51.98963, 4.25475 51.989217, 4.254369 51.989511, 4.253802 51.989255, 4.25304 51.989897, 4.253171 51.989969, 4.253127 51.99, 4.253226 51.990047, 4.253285 51.990075, 4.253582 51.990216, 4.253556 51.990237, 4.253955 51.990416, 4.254003 51.990375, 4.254496 51.990606)));WarmteAtlas:Kassen;https://www.warmteatlas.nl/geoserver/WarmteAtlas/wfs;2026-06-23T13:52:57;
NL.TOP10NL.130943117;2018-01-01;3791.485871;0.379;113745;3600;113744.576115;3600.015834;;GM1783;;;;GM1783;;;;GM1783;;;False;False;False;51.982209282619344;4.257642914623918;MULTIPOLYGON (((4.257795 51.982481, 4.257874 51.982378, 4.258134 51.982461, 4.258357 51.982183, 4.257355 51.981883, 4.257297 51.981864, 4.257129 51.982078, 4.256994 51.982239, 4.257119 51.982277, 4.257167 51.98229, 4.257131 51.982336, 4.25764 51.98249, 4.257761 51.982525, 4.257795 51.982481)));WarmteAtlas:Kassen;https://www.warmteatlas.nl/geoserver/WarmteAtlas/wfs;2026-06-23T13:52:57;
NL.TOP10NL.131046614;2019-01-01;269.832553;0.027;8095;256;8094.97659;256.206009;;GM1783;;;;GM1783;;;;GM1783;;;False;False;False;51.98128257251843;4.25727099562901;MULTIPOLYGON (((4.257098 51.981441, 4.257513 51.981163, 4.257444 51.981124, 4.257029 51.981402, 4.257098 51.981441)));WarmteAtlas:Kassen;https://www.warmteatlas.nl/geoserver/WarmteAtlas/wfs;2026-06-23T13:52:57;
NL.TOP10NL.131046786;2019-01-01;255.112563;0.026;7653;242;7653.37689;242.229379;;GM1783;;;;GM1783;;;;GM1783;;;False;False;False;51.98173457828948;4.257766951275259;MULTIPOLYGON (((4.257607 51.981876, 4.257693 51.981902, 4.257903 51.981637, 4.257861 51.981625, 4.25791 51.98156, 4.257859 51.981545, 4.257607 51.981876)));WarmteAtlas:Kassen;https://www.warmteatlas.nl/geoserver/WarmteAtlas/wfs;2026-06-23T13:52:57;
NL.TOP10NL.100841056;2010-01-01;12397.325509;1.24;371920;11771;371919.76527;11771.260571;;GM1783;;;;GM1783;;;;GM1783;;;False;False;False;51.98524338420399;4.262871384480006;MULTIPOLYGON (((4.262719 51.985971, 4.264009 51.984902, 4.263086 51.98447, 4.261772 51.985541, 4.261733 51.985573, 4.262303 51.985837, 4.262286 51.985851, 4.262653 51.986024, 4.262719 51.985971)));WarmteAtlas:Kassen;https://www.warmteatlas.nl/geoserver/WarmteAtlas/wfs;2026-06-23T13:52:57;
NL.TOP10NL.102448993;2012-01-01;15449.569346;1.545;463487;14669;463487.08038;14669.366094;;GM1783;;;;GM1783;;;;GM1783;;;False;False;False;51.98657114593979;4.265508620078228;MULTIPOLYGON (((4.26533 51.98735, 4.266045 51.986962, 4.266809 51.986531, 4.265789 51.985823, 4.265357 51.98607, 4.265241 51.985996, 4.264206 51.986578, 4.26533 51.98735)));WarmteAtlas:Kassen;https://www.warmteatlas.nl/geoserver/WarmteAtlas/wfs;2026-06-23T13:52:57;
NL.TOP10NL.102449019;2012-01-01;19048.681094;1.905;571460;18087;571460.432835;18086.722699;;GM1783;;;;GM1783;;;;GM1783;;;False;False;False;51.98762292928864;4.266435927114246;MULTIPOLYGON (((4.265044 51.987775, 4.265332 51.987936, 4.26526 51.987981, 4.26529 51.987999, 4.265687 51.988229, 4.265959 51.988386, 4.266204 51.988528, 4.267866 51.987428, 4.266655 51.986724, 4.265044 51.987775)));WarmteAtlas:Kassen;https://www.warmteatlas.nl/geoserver/WarmteAtlas/wfs;2026-06-23T13:52:57;
NL.TOP10NL.100844055;2012-01-01;9155.228457;0.916;274657;8693;274656.85371;8692.88942;;GM1783;;;;GM1783;;;;GM1783;;;False;False;False;51.98720182229572;4.264357359704662;MULTIPOLYGON (((4.265376 51.987458, 4.263913 51.986479, 4.263606 51.986661, 4.263787 51.986783, 4.26365 51.98686, 4.263406 51.987006, 4.264668 51.987876, 4.265376 51.987458)));WarmteAtlas:Kassen;https://www.warmteatlas.nl/geoserver/WarmteAtlas/wfs;2026-06-23T13:52:57;
NL.TOP10NL.120401604;2012-01-01;125681.334462;12.568;3770440;119334;3770440.033875;119334.427072;;GM1783;;;;GM1783;;;;GM1783;;;False;False;False;51.98966267048036;4.263398189624392;MULTIPOLYGON (((4.265336 51.988531, 4.264918 51.98881, 4.26464 51.988995, 4.266326 51.989975, 4.26628 51.990006, 4.264583 51.989035, 4.264111 51.989342, 4.264034 51.989301, 4.264708 51.988851, 4.264655 51.988825, 4.265005 51.988599, 4.265186 51.988477, 4.264839 51.988284, 4.264676 51.988405, 4.264586 51.988451, 4.264312 51.988285, 4.264378 51.988229, 4.264078 51.988052, 4.263371 51.987635, 4.262916 51.987368, 4.262601 51.987182, 4.262007 51.987551, 4.261467 51.98789, 4.262081 51.988255, 4.260173 51.989519, 4.260444 51.989679, 4.26157 51.990325, 4.261998 51.990574, 4.261231 51.991083, 4.26235 51.991741, 4.263057 51.992141, 4.265092 51.990791, 4.264902 51.990682, 4.265371 51.99037, 4.265641 51.990525, 4.265687 51.990497, 4.266076 51.990242, 4.266176 51.990172, 4.266153 51.990157, 4.266319 51.990039, 4.266361 51.990063, 4.26661 51.989902, 4.266842 51.989752, 4.26683 51.989745, 4.26679 51.989719, 4.267074 51.989535, 4.265336 51.988531)));WarmteAtlas:Kassen;https://www.warmteatlas.nl/geoserver/WarmteAtlas/wfs;2026-06-23T13:52:57;
NL.TOP10NL.100836970;2012-01-01;25096.726504;2.51;752902;23829;752901.79512;23829.341816;;GM1783;;;;GM1783;;;;GM1783;;;False;False;False;51.992942290884656;4.265537014218742;MULTIPOLYGON (((4.264657 51.993075, 4.266348 51.994074, 4.267097 51.993586, 4.266681 51.993346, 4.267008 51.993116, 4.264908 51.991856, 4.264787 51.991932, 4.263908 51.992484, 4.263786 51.99256, 4.264657 51.993075)));WarmteAtlas:Kassen;https://www.warmteatlas.nl/geoserver/WarmteAtlas/wfs;2026-06-23T13:52:57;
NL.TOP10NL.126644235;2012-01-01;431.181413;0.043;12935;409;12935.44239;409.406752;;GM1783;;;;GM1783;;;;GM1783;;;False;False;False;51.986160131101784;4.26467147108308;MULTIPOLYGON (((4.264455 51.98616, 4.264547 51.98622, 4.264619 51.986272, 4.264646 51.986291, 4.264887 51.986162, 4.264695 51.986029, 4.264455 51.98616)));WarmteAtlas:Kassen;https://www.warmteatlas.nl/geoserver/WarmteAtlas/wfs;2026-06-23T13:52:57;
NL.TOP10NL.102443249;2012-01-01;22734.915668;2.273;682047;21587;682047.47004;21586.802427;;GM1783;;;;GM1783;;;;GM1783;;;False;False;False;51.98587065058946;4.267621756927484;MULTIPOLYGON (((4.266091 51.986033, 4.26747 51.986822, 4.269219 51.985664, 4.269233 51.985654, 4.269121 51.98559, 4.268919 51.985474, 4.268649 51.985319, 4.268289 51.985125, 4.268075 51.98501, 4.267856 51.985163, 4.267748 51.985104, 4.267588 51.985206, 4.267491 51.985148, 4.266924 51.985517, 4.266789 51.985439, 4.266038 51.985943, 4.266142 51.985992, 4.266091 51.986033)));WarmteAtlas:Kassen;https://www.warmteatlas.nl/geoserver/WarmteAtlas/wfs;2026-06-23T13:52:57;
NL.TOP10NL.123079316;2010-01-01;329.631483;0.033;9889;313;9888.944505;312.985094;;GM1783;;;;GM1783;;;;GM1783;;;False;False;False;51.99097121095244;4.266038643595436;MULTIPOLYGON (((4.266256 51.990891, 4.266149 51.990831, 4.265822 51.991051, 4.265928 51.991111, 4.266256 51.990891)));WarmteAtlas:Kassen;https://www.warmteatlas.nl/geoserver/WarmteAtlas/wfs;2026-06-23T13:52:57;
NL.TOP10NL.120401556;2020-06-01;61783.493522;6.178;1853505;58663;1853504.80566;58663.427099;;GM1783;;;;GM1783;;;;GM1783;;;False;False;False;51.991845212057235;4.267820923676251;MULTIPOLYGON (((4.26877 51.992121, 4.268773 51.992119, 4.269202 51.99247, 4.269254 51.992445, 4.269774 51.99287, 4.271086 51.992258, 4.270075 51.99143, 4.270034 51.991449, 4.269935 51.991368, 4.269691 51.991484, 4.269647 51.991461, 4.269419 51.991568, 4.269337 51.99152, 4.269397 51.991482, 4.26925 51.991389, 4.269191 51.991427, 4.268974 51.991297, 4.269265 51.991112, 4.26888 51.990885, 4.26835 51.991223, 4.267038 51.990447, 4.265787 51.99125, 4.265793 51.991275, 4.265327 51.991581, 4.265289 51.991573, 4.264925 51.991807, 4.267154 51.993146, 4.26877 51.992121), (4.268877 51.99195, 4.269168 51.991772, 4.269173 51.991775, 4.26923 51.991821, 4.268932 51.99196, 4.26891 51.99197, 4.268877 51.99195), (4.269332 51.991672, 4.26943 51.991612, 4.269431 51.991572, 4.269455 51.991572, 4.269467 51.99158, 4.26948 51.991574, 4.26949 51.991583, 4.269527 51.991613, 4.269419 51.991663, 4.26936 51.991689, 4.269332 51.991672)));WarmteAtlas:Kassen;https://www.warmteatlas.nl/geoserver/WarmteAtlas/wfs;2026-06-23T13:52:57;
NL.TOP10NL.100839492;2012-01-01;11732.2931;1.173;351969;11140;351968.793;11139.812298;;GM1783;;;;GM1783;;;;GM1783;;;False;False;False;51.984035173547504;4.264377656563966;MULTIPOLYGON (((4.265461 51.983702, 4.264561 51.983267, 4.263427 51.984189, 4.263584 51.98426, 4.26379 51.984354, 4.263493 51.984585, 4.264075 51.984853, 4.265461 51.983702)));WarmteAtlas:Kassen;https://www.warmteatlas.nl/geoserver/WarmteAtlas/wfs;2026-06-23T13:52:57;
NL.TOP10NL.100838552;2012-01-01;24712.105757;2.471;741363;23464;741363.172695;23464.144416;;GM1783;;;;GM1783;;;;GM1783;;;False;False;False;51.98328789569705;4.262560496938475;MULTIPOLYGON (((4.263074 51.984027, 4.263259 51.983875, 4.263547 51.983647, 4.264053 51.983225, 4.2642 51.983102, 4.26256 51.98235, 4.261846 51.98292, 4.261646 51.982827, 4.261634 51.982832, 4.261501 51.982894, 4.261315 51.982991, 4.261114 51.983088, 4.261004 51.983158, 4.260793 51.983328, 4.262797 51.984252, 4.263074 51.984027)));WarmteAtlas:Kassen;https://www.warmteatlas.nl/geoserver/WarmteAtlas/wfs;2026-06-23T13:52:57;
NL.TOP10NL.102449013;2014-01-01;85377.803341;8.538;2561334;81066;2561334.10023;81066.224272;;GM1783;;;;GM1783;;;;GM1783;;;False;False;False;51.98147997781143;4.265509424127979;MULTIPOLYGON (((4.265736 51.983314, 4.267759 51.981635, 4.267887 51.981524, 4.267924 51.981492, 4.267226 51.981169, 4.267257 51.981142, 4.267241 51.981134, 4.267142 51.981086, 4.267167 51.981066, 4.267423 51.980858, 4.267459 51.980828, 4.26677 51.980514, 4.267783 51.979661, 4.267477 51.979511, 4.266713 51.979401, 4.266347 51.979351, 4.265467 51.980067, 4.265408 51.98004, 4.26494 51.98041, 4.26478 51.98034, 4.263946 51.981034, 4.263907 51.981074, 4.264185 51.981182, 4.263829 51.981454, 4.263716 51.981411, 4.263658 51.98147, 4.263516 51.981412, 4.263413 51.981496, 4.262491 51.982215, 4.263908 51.982865, 4.263931 51.982836, 4.264561 51.983129, 4.264645 51.983066, 4.264781 51.98295, 4.265209 51.983141, 4.265461 51.983263, 4.265524 51.983212, 4.265736 51.983314)));WarmteAtlas:Kassen;https://www.warmteatlas.nl/geoserver/WarmteAtlas/wfs;2026-06-23T13:52:57;
NL.TOP10NL.100840371;2012-01-01;40932.668703;4.093;1227980;38866;1227980.06109;38865.568933;;GM1783;;;;GM1783;;;;GM1783;;;False;False;False;51.983761887488264;4.250212258323034;MULTIPOLYGON (((4.252401 51.983241, 4.251723 51.982904, 4.251664 51.982945, 4.251492 51.983065, 4.250828 51.982701, 4.250383 51.982457, 4.24814 51.984136, 4.249049 51.984595, 4.248976 51.984647, 4.249893 51.985116, 4.251061 51.98424, 4.251722 51.983747, 4.251778 51.983705, 4.252401 51.983241)));WarmteAtlas:Kassen;https://www.warmteatlas.nl/geoserver/WarmteAtlas/wfs;2026-06-23T13:52:57;
NL.TOP10NL.100838247;2010-01-01;13050.419948;1.305;391513;12391;391512.598455;12391.373741;;GM1783;;;;GM1783;;;;GM1783;;;False;False;False;51.98339737433908;4.244268688069171;MULTIPOLYGON (((4.243699 51.982813, 4.243816 51.982873, 4.243537 51.983079, 4.243607 51.983126, 4.243561 51.983161, 4.24365 51.983224, 4.243221 51.983537, 4.243753 51.983835, 4.244312 51.984154, 4.245412 51.983383, 4.24402 51.982609, 4.243699 51.982813)));WarmteAtlas:Kassen;https://www.warmteatlas.nl/geoserver/WarmteAtlas/wfs;2026-06-23T13:52:57;
NL.TOP10NL.100840827;2010-01-01;3952.281308;0.395;118568;3753;118568.43924;3752.691102;;GM1783;;;;GM1783;;;;GM1783;;;False;False;False;51.98211073142218;4.2449126947342535;MULTIPOLYGON (((4.244308 51.982232, 4.244989 51.98251, 4.245545 51.982006, 4.245499 51.981988, 4.244851 51.981734, 4.244789 51.98171, 4.244563 51.981955, 4.244308 51.982232)));WarmteAtlas:Kassen;https://www.warmteatlas.nl/geoserver/WarmteAtlas/wfs;2026-06-23T13:52:57;
NL.TOP10NL.100837395;2010-01-01;36972.463274;3.697;1109174;35105;1109173.89822;35105.353879;;GM1783;;;;GM1783;;;;GM1783;;;False;False;False;51.98331325275305;4.2407663476874875;MULTIPOLYGON (((4.241144 51.984604, 4.242585 51.983604, 4.242383 51.983491, 4.241023 51.982748, 4.241843 51.982184, 4.241145 51.981794, 4.238921 51.983355, 4.238846 51.983408, 4.239933 51.984018, 4.239849 51.984081, 4.239954 51.984141, 4.240114 51.984032, 4.240757 51.984389, 4.241144 51.984604)));WarmteAtlas:Kassen;https://www.warmteatlas.nl/geoserver/WarmteAtlas/wfs;2026-06-23T13:52:57;
NL.TOP10NL.102443054;2012-01-01;33318.751044;3.332;999563;31636;999562.53132;31636.154116;;GM1783;;;;GM1783;;;;GM1783;;;False;False;False;51.9854137719382;4.247526189805731;MULTIPOLYGON (((4.249417 51.985057, 4.247986 51.984278, 4.247606 51.984557, 4.247394 51.984442, 4.245659 51.985657, 4.246863 51.986319, 4.246827 51.98634, 4.246711 51.986405, 4.24721 51.986664, 4.247409 51.986523, 4.24786 51.986212, 4.248413 51.985814, 4.248361 51.985786, 4.248579 51.985629, 4.249417 51.985057)));WarmteAtlas:Kassen;https://www.warmteatlas.nl/geoserver/WarmteAtlas/wfs;2026-06-23T13:52:57;
NL.TOP10NL.120401560;2012-01-01;7382.723091;0.738;221482;7010;221481.69273;7009.895575;;GM1783;;;;GM1783;;;;GM1783;;;False;False;False;51.983404370178704;4.2480880457875205;MULTIPOLYGON (((4.247947 51.983976, 4.248007 51.983905, 4.248212 51.983961, 4.248481 51.983807, 4.248914 51.983254, 4.247457 51.982818, 4.247248 51.983074, 4.247431 51.983129, 4.247871 51.983263, 4.247797 51.983357, 4.247635 51.983562, 4.247594 51.983614, 4.247525 51.983702, 4.247947 51.983976)));WarmteAtlas:Kassen;https://www.warmteatlas.nl/geoserver/WarmteAtlas/wfs;2026-06-23T13:52:57;
NL.TOP10NL.100837386;2012-01-01;17048.958377;1.705;511469;16188;511468.751295;16187.985978;;GM1783;;;;GM1783;;;;GM1783;;;False;False;False;51.98259528186936;4.24253791843756;MULTIPOLYGON (((4.242348 51.981923, 4.242294 51.981959, 4.241182 51.982748, 4.242405 51.983422, 4.242615 51.983296, 4.242931 51.983077, 4.243231 51.982876, 4.243327 51.982934, 4.243452 51.982841, 4.243326 51.982767, 4.243892 51.982338, 4.24357 51.982151, 4.243523 51.982185, 4.24326 51.98204, 4.243216 51.98207, 4.242773 51.981832, 4.242564 51.981985, 4.242479 51.981941, 4.242435 51.981973, 4.242348 51.981923)));WarmteAtlas:Kassen;https://www.warmteatlas.nl/geoserver/WarmteAtlas/wfs;2026-06-23T13:52:57;
NL.TOP10NL.100836818;2012-01-01;10856.926904;1.086;325708;10309;325707.807105;10308.652095;;GM1783;;;;GM1783;;;;GM1783;;;False;False;False;51.98621896363043;4.245545893428394;MULTIPOLYGON (((4.245786 51.986857, 4.246644 51.986265, 4.24539 51.985572, 4.245167 51.985726, 4.245138 51.98571, 4.244735 51.985983, 4.244772 51.986002, 4.244446 51.986225, 4.244761 51.9864, 4.244784 51.986384, 4.245097 51.986559, 4.245142 51.986528, 4.245451 51.9867, 4.245474 51.986685, 4.245786 51.986857)));WarmteAtlas:Kassen;https://www.warmteatlas.nl/geoserver/WarmteAtlas/wfs;2026-06-23T13:52:57;
NL.TOP10NL.100838940;2012-01-01;8817.379158;0.882;264521;8372;264521.37474;8372.101511;;GM1783;;;;GM1783;;;;GM1783;;;False;False;False;51.982712884816436;4.245658990083771;MULTIPOLYGON (((4.246124 51.982168, 4.245902 51.982061, 4.244969 51.982706, 4.244687 51.982912, 4.245468 51.983343, 4.246237 51.982803, 4.246629 51.982528, 4.246501 51.982459, 4.246051 51.982221, 4.246124 51.982168)));WarmteAtlas:Kassen;https://www.warmteatlas.nl/geoserver/WarmteAtlas/wfs;2026-06-23T13:52:57;
NL.TOP10NL.102443040;2006-01-01;810.765436;0.081;24323;770;24322.96308;769.821781;;GM1783;;;;GM1783;;;;GM1783;;;False;False;False;51.98565660280869;4.243852084943848;MULTIPOLYGON (((4.243557 51.985651, 4.243896 51.985837, 4.244147 51.985662, 4.243808 51.985476, 4.243557 51.985651)));WarmteAtlas:Kassen;https://www.warmteatlas.nl/geoserver/WarmteAtlas/wfs;2026-06-23T13:52:57;
NL.TOP10NL.102442963;2010-01-01;44754.918487;4.475;1342648;42495;1342647.55461;42494.795103;;GM1783;;;;GM1783;;;;GM1783;;;False;False;False;51.984927554246674;4.251897065613697;MULTIPOLYGON (((4.250209 51.98517, 4.249653 51.985571, 4.251291 51.986404, 4.252389 51.985564, 4.252533 51.985622, 4.253738 51.984503, 4.253693 51.984474, 4.25405 51.984208, 4.252525 51.983433, 4.250209 51.98517)));WarmteAtlas:Kassen;https://www.warmteatlas.nl/geoserver/WarmteAtlas/wfs;2026-06-23T13:52:57;
NL.TOP10NL.130943269;2020-01-01;30058.972734;3.006;901769;28541;901769.18202;28540.994611;;GM1783;;;;GM1783;;;;GM1783;;;False;False;False;51.98861686106062;4.252942777888534;MULTIPOLYGON (((4.254722 51.988519, 4.252723 51.987529, 4.252109 51.987981, 4.251167 51.988721, 4.252356 51.989309, 4.25319 51.989701, 4.254722 51.988519)));WarmteAtlas:Kassen;https://www.warmteatlas.nl/geoserver/WarmteAtlas/wfs;2026-06-23T13:52:57;
NL.TOP10NL.100843076;2012-01-01;20071.216534;2.007;602136;19058;602136.496035;19057.6201;;GM1783;;;;GM1783;;;;GM1783;;;False;False;False;51.98441960467858;4.242916818986282;MULTIPOLYGON (((4.244367 51.984264, 4.24291 51.983516, 4.241464 51.984573, 4.241606 51.984641, 4.242278 51.984991, 4.242922 51.985326, 4.244367 51.984264)));WarmteAtlas:Kassen;https://www.warmteatlas.nl/geoserver/WarmteAtlas/wfs;2026-06-23T13:52:57;
NL.TOP10NL.100840718;2017-01-01;20976.995417;2.098;629310;19918;629309.86251;19917.657148;;GM1783;;;;GM1783;;;;GM1783;;;False;False;False;51.982394132956024;4.248328233952151;MULTIPOLYGON (((4.247934 51.98291, 4.24915 51.983286, 4.249233 51.983172, 4.249281 51.983187, 4.249554 51.982845, 4.249397 51.982808, 4.24975 51.98224, 4.249771 51.982207, 4.247026 51.981545, 4.246856 51.981816, 4.24687 51.98182, 4.247077 51.981873, 4.246995 51.981996, 4.246899 51.981971, 4.246883 51.981995, 4.246774 51.982175, 4.247585 51.982361, 4.247398 51.982588, 4.247442 51.982603, 4.247406 51.982647, 4.247587 51.982704, 4.247522 51.982783, 4.247519 51.982787, 4.247934 51.98291)));WarmteAtlas:Kassen;https://www.warmteatlas.nl/geoserver/WarmteAtlas/wfs;2026-06-23T13:52:57;
NL.TOP10NL.123079523;2017-01-01;2762.416566;0.276;82872;2623;82872.496965;2622.914529;;GM1783;;;;GM1783;;;;GM1783;;;False;False;False;51.984647838680125;4.244537981168506;MULTIPOLYGON (((4.244723 51.984654, 4.244755 51.98463, 4.244679 51.984592, 4.244857 51.984458, 4.24449 51.984272, 4.244006 51.984635, 4.244801 51.985038, 4.244831 51.985016, 4.244766 51.984983, 4.244928 51.984861, 4.244999 51.984898, 4.245081 51.984836, 4.244723 51.984654)));WarmteAtlas:Kassen;https://www.warmteatlas.nl/geoserver/WarmteAtlas/wfs;2026-06-23T13:52:57;
NL.TOP10NL.102632263;2016-01-01;30830.689584;3.083;924921;29274;924920.68752;29273.73976;;GM1783;;;;GM1783;;;;GM1783;;;False;False;False;51.98259164447272;4.294289300238368;MULTIPOLYGON (((4.295252 51.983434, 4.29531 51.983264, 4.295401 51.983276, 4.295547 51.982899, 4.295455 51.982885, 4.29554 51.982665, 4.295485 51.982657, 4.295562 51.982445, 4.29571 51.982464, 4.295865 51.982065, 4.295715 51.982045, 4.295802 51.981831, 4.29419 51.981602, 4.294143 51.981598, 4.293853 51.982417, 4.292577 51.982248, 4.292297 51.983011, 4.29522 51.9835, 4.295313 51.983515, 4.295338 51.983449, 4.295252 51.983434)));WarmteAtlas:Kassen;https://www.warmteatlas.nl/geoserver/WarmteAtlas/wfs;2026-06-23T13:52:57;
NL.TOP10NL.120401402;2012-01-01;2636.405226;0.264;79092;2503;79092.15678;2503.266762;;GM1783;;;;GM1783;;;;GM1783;;;False;False;False;51.98733258261332;4.27338325849881;MULTIPOLYGON (((4.273896 51.987478, 4.27382 51.987132, 4.273665 51.987142, 4.273522 51.987151, 4.273519 51.98713, 4.273195 51.987154, 4.272888 51.987176, 4.272959 51.98755, 4.273896 51.987478)));WarmteAtlas:Kassen;https://www.warmteatlas.nl/geoserver/WarmteAtlas/wfs;2026-06-23T13:52:57;
NL.TOP10NL.126644243;2012-01-01;2273.333134;0.227;68200;2159;68199.99402;2158.529811;;GM1783;;;;GM1783;;;;GM1783;;;False;False;False;51.9904055524281;4.267770159474224;MULTIPOLYGON (((4.267628 51.990732, 4.268342 51.990268, 4.268145 51.990153, 4.26798 51.99026, 4.267904 51.990213, 4.267892 51.990205, 4.267845 51.990177, 4.267775 51.990221, 4.267678 51.990282, 4.26765 51.990267, 4.267549 51.990207, 4.267261 51.990393, 4.267314 51.990424, 4.267534 51.99055, 4.267431 51.990616, 4.267628 51.990732)));WarmteAtlas:Kassen;https://www.warmteatlas.nl/geoserver/WarmteAtlas/wfs;2026-06-23T13:52:57;
NL.TOP10NL.100838546;2012-01-01;14875.447559;1.488;446263;14124;446263.42677;14124.237457;;GM1783;;;;GM1783;;;;GM1783;;;False;False;False;51.989406106055156;4.274134858636249;MULTIPOLYGON (((4.272955 51.989127, 4.273124 51.990051, 4.273498 51.990028, 4.273493 51.989996, 4.273628 51.989988, 4.273624 51.989958, 4.273823 51.989946, 4.273813 51.989888, 4.274061 51.989872, 4.274056 51.989843, 4.274203 51.989834, 4.274198 51.989803, 4.274333 51.989795, 4.274329 51.989766, 4.274462 51.989758, 4.274452 51.989693, 4.274726 51.989676, 4.274721 51.989647, 4.274857 51.989638, 4.274852 51.989609, 4.274979 51.989601, 4.274974 51.989572, 4.275104 51.989564, 4.275099 51.989537, 4.27523 51.989529, 4.275224 51.989497, 4.275399 51.989486, 4.275394 51.989457, 4.275525 51.989449, 4.27552 51.989421, 4.275646 51.989413, 4.275633 51.989334, 4.275631 51.989334, 4.275599 51.989119, 4.275199 51.98915, 4.275174 51.988976, 4.274954 51.98899, 4.274938 51.988877, 4.274354 51.988912, 4.27436 51.988941, 4.274319 51.988945, 4.274331 51.98902, 4.274229 51.989026, 4.274217 51.988951, 4.274194 51.988952, 4.274192 51.988938, 4.274063 51.988947, 4.274067 51.988982, 4.273716 51.989008, 4.273671 51.989074, 4.273617 51.989077, 4.273612 51.989036, 4.27361 51.989022, 4.273518 51.989027, 4.27352 51.989058, 4.273259 51.989076, 4.273264 51.989105, 4.272955 51.989127)));WarmteAtlas:Kassen;https://www.warmteatlas.nl/geoserver/WarmteAtlas/wfs;2026-06-23T13:52:57;
NL.TOP10NL.100838345;2012-01-01;61209.239697;6.121;1836277;58118;1836277.190895;58118.173092;;GM1783;;;;GM1783;;;;GM1783;;;False;False;False;51.986048121907054;4.272206221529488;MULTIPOLYGON (((4.271016 51.987386, 4.273273 51.986918, 4.273194 51.986774, 4.273413 51.986732, 4.273491 51.986873, 4.275273 51.986523, 4.274979 51.985964, 4.274792 51.985999, 4.274448 51.985338, 4.273761 51.985474, 4.272316 51.985773, 4.272242 51.985629, 4.272108 51.985373, 4.272016 51.985391, 4.271732 51.984837, 4.271628 51.984853, 4.271559 51.984718, 4.27104 51.984824, 4.270959 51.984678, 4.270421 51.984787, 4.270384 51.984714, 4.269694 51.984855, 4.270368 51.986147, 4.27067 51.986725, 4.270712 51.986805, 4.270767 51.986911, 4.270826 51.987023, 4.271016 51.987386), (4.272452 51.986432, 4.272852 51.986357, 4.272921 51.986499, 4.272522 51.986574, 4.272452 51.986432)));WarmteAtlas:Kassen;https://www.warmteatlas.nl/geoserver/WarmteAtlas/wfs;2026-06-23T13:52:57;
NL.TOP10NL.102443197;2012-01-01;343.298896;0.034;10299;326;10298.966865;325.962301;;GM1783;;;;GM1783;;;;GM1783;;;False;False;False;51.987158342698;4.2700043918391275;MULTIPOLYGON (((4.269812 51.987142, 4.270045 51.987278, 4.270198 51.987175, 4.269962 51.987039, 4.269812 51.987142)));WarmteAtlas:Kassen;https://www.warmteatlas.nl/geoserver/WarmteAtlas/wfs;2026-06-23T13:52:57;
NL.TOP10NL.120401512;2010-01-01;766.321674;0.077;22990;728;22989.65022;727.622429;;GM1783;;;;GM1783;;;;GM1783;;;False;False;False;51.98752740446162;4.271821266247448;MULTIPOLYGON (((4.271575 51.987644, 4.272113 51.987593, 4.272067 51.987411, 4.27153 51.987462, 4.27155 51.987541, 4.271575 51.987644)));WarmteAtlas:Kassen;https://www.warmteatlas.nl/geoserver/WarmteAtlas/wfs;2026-06-23T13:52:57;
NL.TOP10NL.120401616;2012-01-01;74747.73593;7.475;2242432;70973;2242432.077885;70972.975265;;GM1783;;;;GM1783;;;;GM1783;;;False;False;False;51.98877740730373;4.269129959525073;MULTIPOLYGON (((4.268588 51.990032, 4.268638 51.990003, 4.268932 51.990182, 4.268883 51.990214, 4.268928 51.99024, 4.26883 51.990299, 4.269264 51.99056, 4.270925 51.989535, 4.271513 51.989158, 4.271612 51.989095, 4.271319 51.98892, 4.27168 51.988683, 4.271405 51.988527, 4.27133 51.988481, 4.270856 51.988188, 4.271028 51.98807, 4.271184 51.987986, 4.270597 51.987617, 4.270507 51.987584, 4.270181 51.987801, 4.26921 51.987229, 4.268298 51.987802, 4.267846 51.987548, 4.26619 51.988615, 4.266483 51.988782, 4.267512 51.989384, 4.267609 51.989324, 4.267807 51.989444, 4.268073 51.989603, 4.267981 51.989661, 4.268588 51.990032)));WarmteAtlas:Kassen;https://www.warmteatlas.nl/geoserver/WarmteAtlas/wfs;2026-06-23T13:52:57;
NL.TOP10NL.100837191;2012-01-01;7753.265101;0.775;232598;7362;232597.95303;7361.725213;;GM1783;;;;GM1783;;;;GM1783;;;False;False;False;51.98976882834145;4.27139590468971;MULTIPOLYGON (((4.271929 51.989483, 4.272046 51.98941, 4.27197 51.989363, 4.272028 51.989329, 4.271707 51.98915, 4.27113 51.989519, 4.270419 51.989969, 4.27082 51.990195, 4.270938 51.99012, 4.270979 51.990145, 4.271276 51.990324, 4.272282 51.989687, 4.272236 51.98966, 4.271929 51.989483), (4.271496 51.989735, 4.271588 51.989675, 4.271738 51.98976, 4.271647 51.989821, 4.271496 51.989735)));WarmteAtlas:Kassen;https://www.warmteatlas.nl/geoserver/WarmteAtlas/wfs;2026-06-23T13:52:57;
NL.TOP10NL.126644265;2012-01-01;283.25251;0.028;8498;269;8497.575285;268.948258;;GM1783;;;;GM1783;;;;GM1783;;;False;False;False;51.98567477484755;4.276730257206316;MULTIPOLYGON (((4.276917 51.985717, 4.276904 51.985639, 4.276785 51.985646, 4.276781 51.985587, 4.276646 51.98559, 4.276649 51.985657, 4.276554 51.985663, 4.27657 51.985745, 4.276874 51.985721, 4.276917 51.985717)));WarmteAtlas:Kassen;https://www.warmteatlas.nl/geoserver/WarmteAtlas/wfs;2026-06-23T13:52:57;
NL.TOP10NL.120401401;2012-01-01;12928.676288;1.293;387860;12276;387860.288655;12275.778136;;GM1783;;;;GM1783;;;;GM1783;;;False;False;False;51.986904527880284;4.268462864269333;MULTIPOLYGON (((4.269581 51.98669, 4.268658 51.986147, 4.267304 51.987036, 4.267916 51.987395, 4.268398 51.987655, 4.269137 51.987182, 4.268968 51.987081, 4.269399 51.986806, 4.269581 51.98669)));WarmteAtlas:Kassen;https://www.warmteatlas.nl/geoserver/WarmteAtlas/wfs;2026-06-23T13:52:57;
NL.TOP10NL.130597021;2020-06-01;31071.34937;3.107;932140;29502;932140.481085;29502.246226;;GM1783;;;;GM1783;;;;GM1783;;;False;False;False;51.99144523914738;4.272108378338647;MULTIPOLYGON (((4.272651 51.992425, 4.272642 51.992419, 4.272473 51.99227, 4.272494 51.992261, 4.272588 51.992218, 4.27262 51.992205, 4.27279 51.992349, 4.272799 51.992356, 4.273768 51.991906, 4.273591 51.991765, 4.27363 51.991747, 4.273053 51.991275, 4.271906 51.991812, 4.271312 51.991329, 4.271372 51.991314, 4.271909 51.991751, 4.272074 51.991648, 4.272106 51.991666, 4.272507 51.991418, 4.272554 51.991453, 4.272649 51.991398, 4.272983 51.991186, 4.272388 51.990501, 4.272329 51.990236, 4.272309 51.990073, 4.272312 51.989784, 4.272277 51.989764, 4.271341 51.990356, 4.271366 51.990371, 4.271578 51.990499, 4.271482 51.990558, 4.271494 51.990565, 4.271386 51.990633, 4.271445 51.990669, 4.271504 51.990706, 4.27147 51.990725, 4.271795 51.990924, 4.27129 51.991243, 4.271343 51.991289, 4.271281 51.991304, 4.270717 51.990846, 4.270352 51.991018, 4.27101 51.991553, 4.270998 51.991559, 4.271289 51.991795, 4.271386 51.991875, 4.271059 51.99203, 4.271949 51.992751, 4.272651 51.992425), (4.271833 51.99089, 4.271917 51.990839, 4.271985 51.990883, 4.271901 51.990933, 4.271833 51.99089)));WarmteAtlas:Kassen;https://www.warmteatlas.nl/geoserver/WarmteAtlas/wfs;2026-06-23T13:52:57;
NL.TOP10NL.129883136;2016-01-01;101066.85392;10.107;3032006;95963;3032005.6176;95962.977797;;GM1783;;;;GM1783;;;;GM1783;;;False;False;False;51.987291532677844;4.277037295980909;MULTIPOLYGON (((4.275754 51.986533, 4.275337 51.986618, 4.275021 51.986682, 4.274994 51.986687, 4.274854 51.986716, 4.274645 51.986758, 4.274122 51.986864, 4.274004 51.986888, 4.274283 51.987418, 4.273392 51.987595, 4.273595 51.987974, 4.273743 51.98825, 4.273773 51.988307, 4.274034 51.988253, 4.274053 51.988249, 4.274133 51.988233, 4.274144 51.988254, 4.274327 51.988596, 4.274446 51.988817, 4.274461 51.988844, 4.275002 51.988739, 4.275037 51.988806, 4.275944 51.988618, 4.277702 51.988273, 4.279473 51.987912, 4.279366 51.987706, 4.280249 51.987528, 4.280079 51.987201, 4.280199 51.987168, 4.280052 51.986876, 4.280757 51.98674, 4.280698 51.986621, 4.281062 51.986543, 4.280934 51.986321, 4.279874 51.986538, 4.279652 51.986123, 4.279516 51.986145, 4.279268 51.985679, 4.27661 51.986219, 4.275749 51.986405, 4.275808 51.986521, 4.275754 51.986533)));WarmteAtlas:Kassen;https://www.warmteatlas.nl/geoserver/WarmteAtlas/wfs;2026-06-23T13:52:57;
NL.TOP10NL.100838357;2017-01-01;81865.050349;8.187;2455952;77731;2455951.51047;77730.865306;;GM1783;;;;GM1783;;;;GM1783;;;False;False;False;51.990091211505906;4.2767303959227725;MULTIPOLYGON (((4.273163 51.990197, 4.273656 51.990867, 4.274207 51.991541, 4.2743 51.991654, 4.274853 51.991482, 4.275765 51.991233, 4.275933 51.991185, 4.27595 51.991208, 4.276424 51.991074, 4.277203 51.990853, 4.277293 51.990827, 4.277279 51.990809, 4.277874 51.990639, 4.278559 51.990438, 4.278734 51.990667, 4.279573 51.990431, 4.279356 51.990135, 4.279703 51.990044, 4.279611 51.98992, 4.279958 51.989823, 4.280034 51.989801, 4.279672 51.989315, 4.279928 51.989242, 4.279763 51.989017, 4.279558 51.988736, 4.279427 51.988558, 4.278797 51.988735, 4.27875 51.988657, 4.277486 51.989007, 4.277473 51.988989, 4.273163 51.990197)));WarmteAtlas:Kassen;https://www.warmteatlas.nl/geoserver/WarmteAtlas/wfs;2026-06-23T13:52:57;
NL.TOP10NL.102443308;2012-01-01;22151.890989;2.215;664557;21033;664556.729655;21033.220494;;GM1783;;;;GM1783;;;;GM1783;;;False;False;False;51.98144330653759;4.289231680129945;MULTIPOLYGON (((4.288173 51.982359, 4.28952 51.98256, 4.290296 51.980536, 4.288946 51.980337, 4.288874 51.980526, 4.288749 51.980507, 4.288705 51.980623, 4.28883 51.98064, 4.288731 51.980899, 4.288576 51.981304, 4.288173 51.982359)));WarmteAtlas:Kassen;https://www.warmteatlas.nl/geoserver/WarmteAtlas/wfs;2026-06-23T13:52:57;
NL.TOP10NL.100838239;2012-01-01;14501.630291;1.45;435049;13769;435048.90873;13769.297961;;GM1783;;;;GM1783;;;;GM1783;;;False;False;False;51.98414020738117;4.283560845332681;MULTIPOLYGON (((4.284144 51.984968, 4.284149 51.984965, 4.284595 51.984676, 4.284652 51.98471, 4.284744 51.984763, 4.284807 51.984722, 4.284846 51.984697, 4.284806 51.984674, 4.284702 51.984613, 4.28492 51.984472, 4.284908 51.984465, 4.284913 51.984462, 4.283539 51.98362, 4.283426 51.983672, 4.282836 51.983319, 4.282141 51.98375, 4.284144 51.984968)));WarmteAtlas:Kassen;https://www.warmteatlas.nl/geoserver/WarmteAtlas/wfs;2026-06-23T13:52:57;
NL.TOP10NL.100836911;2012-01-01;26944.876826;2.694;808346;25584;808346.30478;25584.160546;;GM1783;;;;GM1783;;;;GM1783;;;False;False;False;51.98219774235736;4.291059188717823;MULTIPOLYGON (((4.289864 51.98305, 4.291545 51.983299, 4.292296 51.981368, 4.290529 51.981114, 4.290467 51.981283, 4.29039 51.981492, 4.290042 51.982435, 4.2901 51.982443, 4.289864 51.98305)));WarmteAtlas:Kassen;https://www.warmteatlas.nl/geoserver/WarmteAtlas/wfs;2026-06-23T13:52:57;
NL.TOP10NL.100838961;2012-01-01;7012.921616;0.701;210388;6659;210387.648465;6658.769074;;GM1783;;;;GM1783;;;;GM1783;;;False;False;False;51.983237301710396;4.282055370120798;MULTIPOLYGON (((4.282711 51.982783, 4.282542 51.982692, 4.282396 51.982614, 4.28237 51.9826, 4.281194 51.983456, 4.281353 51.983542, 4.28188 51.983817, 4.281905 51.983801, 4.282824 51.983137, 4.282594 51.983022, 4.282611 51.982994, 4.2825 51.982936, 4.282711 51.982783)));WarmteAtlas:Kassen;https://www.warmteatlas.nl/geoserver/WarmteAtlas/wfs;2026-06-23T13:52:57;
NL.TOP10NL.102443219;2012-01-01;20761.424147;2.076;622843;19713;622842.72441;19712.972228;;GM1783;;;;GM1783;;;;GM1783;;;False;False;False;51.98347032049673;4.286269997961379;MULTIPOLYGON (((4.285036 51.984025, 4.285275 51.98406, 4.285413 51.984083, 4.285737 51.984123, 4.286672 51.984258, 4.286904 51.984291, 4.287471 51.982816, 4.28652 51.982671, 4.286438 51.982887, 4.285519 51.982754, 4.285036 51.984025)));WarmteAtlas:Kassen;https://www.warmteatlas.nl/geoserver/WarmteAtlas/wfs;2026-06-23T13:52:57;
NL.TOP10NL.100837947;2012-01-01;217.496526;0.022;6525;207;6524.89578;206.512951;;GM1783;;;;GM1783;;;;GM1783;;;False;False;False;51.98068194689931;4.290743316827737;MULTIPOLYGON (((4.290844 51.980551, 4.290745 51.980537, 4.290643 51.980812, 4.290741 51.980826, 4.290844 51.980551)));WarmteAtlas:Kassen;https://www.warmteatlas.nl/geoserver/WarmteAtlas/wfs;2026-06-23T13:52:57;
NL.TOP10NL.126644348;2012-01-01;250.615908;0.025;7518;238;7518.47724;237.959805;;GM1783;;;;GM1783;;;;GM1783;;;False;False;False;51.98042619045872;4.286077375386453;MULTIPOLYGON (((4.286251 51.980359, 4.286145 51.980306, 4.285903 51.980492, 4.286012 51.980546, 4.286251 51.980359)));WarmteAtlas:Kassen;https://www.warmteatlas.nl/geoserver/WarmteAtlas/wfs;2026-06-23T13:52:57;
NL.TOP10NL.102449069;2012-01-01;2147.078081;0.215;64412;2039;64412.342445;2038.650638;;GM1783;;;;GM1783;;;;GM1783;;;False;False;False;51.97988592694743;4.2869078338494075;MULTIPOLYGON (((4.287427 51.979677, 4.287123 51.979529, 4.286392 51.980092, 4.286686 51.980246, 4.286776 51.980178, 4.287106 51.979924, 4.287427 51.979677)));WarmteAtlas:Kassen;https://www.warmteatlas.nl/geoserver/WarmteAtlas/wfs;2026-06-23T13:52:57;
NL.TOP10NL.102443324;2012-01-01;537.100853;0.054;16113;510;16113.025605;509.97726;;GM1783;;;;GM1783;;;;GM1783;;;False;False;False;51.980697287011196;4.287844869639858;MULTIPOLYGON (((4.287437 51.980682, 4.288206 51.980797, 4.288242 51.980717, 4.288244 51.980713, 4.287539 51.980601, 4.287537 51.980606, 4.287528 51.980628, 4.287465 51.980618, 4.287462 51.980618, 4.287453 51.980641, 4.287437 51.980682)));WarmteAtlas:Kassen;https://www.warmteatlas.nl/geoserver/WarmteAtlas/wfs;2026-06-23T13:52:57;
NL.TOP10NL.100840567;2012-01-01;20858.344497;2.086;625750;19805;625750.334925;19804.9981;;GM1783;;;;GM1783;;;;GM1783;;;False;False;False;51.98553213244279;4.286669254411488;MULTIPOLYGON (((4.286216 51.985467, 4.28615 51.985492, 4.28597 51.985558, 4.28598 51.985568, 4.285987 51.985577, 4.285867 51.985619, 4.285828 51.985633, 4.28583 51.985636, 4.285841 51.98565, 4.285683 51.985708, 4.285699 51.985726, 4.285616 51.985755, 4.285631 51.985771, 4.28551 51.985817, 4.285577 51.985879, 4.285549 51.98589, 4.285179 51.986024, 4.285183 51.986029, 4.285572 51.986427, 4.28575 51.986361, 4.286015 51.986263, 4.286076 51.986323, 4.286152 51.986294, 4.286273 51.986419, 4.286302 51.986408, 4.286515 51.986329, 4.286501 51.98631, 4.286662 51.986251, 4.286647 51.986234, 4.286884 51.986145, 4.286857 51.986117, 4.286869 51.986111, 4.286893 51.986115, 4.287433 51.98619, 4.287956 51.984847, 4.287863 51.984832, 4.287818 51.984942, 4.287508 51.984898, 4.287498 51.984924, 4.287206 51.984881, 4.287268 51.984719, 4.286855 51.98466, 4.286232 51.984567, 4.286006 51.985163, 4.286058 51.985171, 4.286037 51.985227, 4.286094 51.985235, 4.286073 51.985289, 4.286188 51.985305, 4.286166 51.985362, 4.286223 51.98537, 4.286203 51.985423, 4.286287 51.985435, 4.286277 51.985463, 4.286267 51.985489, 4.286891 51.985588, 4.286762 51.985911, 4.286634 51.98578, 4.286571 51.9858, 4.286547 51.985808, 4.286216 51.985467)));WarmteAtlas:Kassen;https://www.warmteatlas.nl/geoserver/WarmteAtlas/wfs;2026-06-23T13:52:57;
NL.TOP10NL.100843869;2012-01-01;4688.236919;0.469;140647;4451;140647.10757;4451.480955;;GM1783;;;;GM1783;;;;GM1783;;;False;False;False;51.9819315732762;4.279656208955942;MULTIPOLYGON (((4.279856 51.98175, 4.279891 51.981695, 4.27977 51.981666, 4.279819 51.981586, 4.279545 51.98152, 4.2794 51.981485, 4.279366 51.981542, 4.279022 51.982096, 4.279979 51.98233, 4.280146 51.982062, 4.280207 51.982072, 4.280303 51.981908, 4.280305 51.981909, 4.280334 51.981863, 4.280268 51.981847, 4.28018 51.981826, 4.280149 51.981819, 4.279856 51.98175)));WarmteAtlas:Kassen;https://www.warmteatlas.nl/geoserver/WarmteAtlas/wfs;2026-06-23T13:52:57;
NL.TOP10NL.102443325;2012-01-01;38349.328389;3.835;1150480;36413;1150479.85167;36412.687305;;GM1783;;;;GM1783;;;;GM1783;;;False;False;False;51.98189307352211;4.28559239951356;MULTIPOLYGON (((4.283268 51.98179, 4.283517 51.982221, 4.28355 51.982276, 4.283689 51.982494, 4.28388 51.982821, 4.283962 51.982967, 4.284028 51.982953, 4.285606 51.982606, 4.285454 51.982344, 4.285285 51.982038, 4.285718 51.981947, 4.285886 51.982254, 4.286032 51.982513, 4.287584 51.982175, 4.287355 51.981775, 4.287286 51.98165, 4.287247 51.981594, 4.287891 51.981443, 4.287544 51.980838, 4.283268 51.98179)));WarmteAtlas:Kassen;https://www.warmteatlas.nl/geoserver/WarmteAtlas/wfs;2026-06-23T13:52:57;
NL.TOP10NL.100837283;2012-01-01;10924.029191;1.092;327721;10372;327720.87573;10372.365717;;GM1783;;;;GM1783;;;;GM1783;;;False;False;False;51.98012557889305;4.280503951429127;MULTIPOLYGON (((4.280225 51.979461, 4.279406 51.980092, 4.279766 51.980271, 4.280302 51.98054, 4.280788 51.980782, 4.281604 51.980175, 4.280225 51.979461)));WarmteAtlas:Kassen;https://www.warmteatlas.nl/geoserver/WarmteAtlas/wfs;2026-06-23T13:52:57;
NL.TOP10NL.100843249;2012-01-01;94150.111002;9.415;2824503;89396;2824503.330075;89395.530397;;GM1783;;;;GM1783;;;;GM1783;;;False;False;False;51.98535549407428;4.289336369184161;MULTIPOLYGON (((4.288878 51.982944, 4.2872 51.987276, 4.288026 51.987404, 4.287964 51.987568, 4.287957 51.987587, 4.289513 51.987818, 4.289522 51.987797, 4.289603 51.987604, 4.289754 51.987628, 4.289775 51.987572, 4.28983 51.98743, 4.289859 51.987433, 4.289904 51.987437, 4.290529 51.985841, 4.29151 51.983334, 4.289393 51.983015, 4.288878 51.982944)));WarmteAtlas:Kassen;https://www.warmteatlas.nl/geoserver/WarmteAtlas/wfs;2026-06-23T13:52:57;
NL.TOP10NL.120401456;2020-06-01;33235.606988;3.324;997068;31557;997068.209655;31557.208836;;GM1783;;;;GM1783;;;;GM1783;;;False;False;False;51.98497959135854;4.28124618026674;MULTIPOLYGON (((4.283003 51.985242, 4.282703 51.985126, 4.282906 51.984924, 4.281 51.98418, 4.281191 51.983986, 4.280385 51.983684, 4.279627 51.984433, 4.279652 51.984442, 4.279931 51.984552, 4.279783 51.984697, 4.28008 51.984813, 4.280083 51.98481, 4.280301 51.984893, 4.280267 51.984926, 4.280263 51.984924, 4.280259 51.984928, 4.280039 51.985152, 4.279919 51.985106, 4.27975 51.985272, 4.282071 51.986165, 4.283003 51.985242)));WarmteAtlas:Kassen;https://www.warmteatlas.nl/geoserver/WarmteAtlas/wfs;2026-06-23T13:52:57;
NL.TOP10NL.100838234;2010-01-01;11060.684509;1.106;331821;10502;331820.53527;10502.119941;;GM1783;;;;GM1783;;;;GM1783;;;False;False;False;51.983783721663606;4.287781321998429;MULTIPOLYGON (((4.286978 51.984299, 4.288118 51.984468, 4.288585 51.983269, 4.287445 51.983099, 4.286978 51.984299)));WarmteAtlas:Kassen;https://www.warmteatlas.nl/geoserver/WarmteAtlas/wfs;2026-06-23T13:52:57;
NL.TOP10NL.100839319;2012-01-01;1616.352847;0.162;48491;1535;48490.58541;1534.727028;;GM1783;;;;GM1783;;;;GM1783;;;False;False;False;51.98257870051019;4.279714597033022;MULTIPOLYGON (((4.280126 51.982541, 4.279701 51.982362, 4.279675 51.982386, 4.279531 51.982326, 4.279503 51.982351, 4.279567 51.982378, 4.279562 51.982383, 4.279459 51.982476, 4.279305 51.982615, 4.27981 51.982828, 4.280126 51.982541)));WarmteAtlas:Kassen;https://www.warmteatlas.nl/geoserver/WarmteAtlas/wfs;2026-06-23T13:52:57;
NL.TOP10NL.102443296;2012-01-01;63818.069155;6.382;1914542;60595;1914542.074665;60595.256663;;GM1783;;;;GM1783;;;;GM1783;;;False;False;False;51.98323559666374;4.274484836941072;MULTIPOLYGON (((4.273669 51.984565, 4.274887 51.985125, 4.277238 51.983189, 4.273729 51.981557, 4.273038 51.982121, 4.271378 51.9835, 4.271835 51.983707, 4.272168 51.983426, 4.272894 51.983771, 4.273232 51.983489, 4.273385 51.983561, 4.274005 51.983046, 4.274089 51.982977, 4.2742 51.982885, 4.27426 51.982835, 4.274664 51.98303, 4.274562 51.983114, 4.274589 51.983126, 4.275106 51.983368, 4.27505 51.983414, 4.274597 51.98377, 4.274979 51.983944, 4.274923 51.983989, 4.274539 51.983815, 4.273669 51.984565)));WarmteAtlas:Kassen;https://www.warmteatlas.nl/geoserver/WarmteAtlas/wfs;2026-06-23T13:52:57;
NL.TOP10NL.100840216;2012-01-01;26527.433381;2.653;795823;25188;795823.00143;25187.797995;;GM1783;;;;GM1783;;;;GM1783;;;False;False;False;51.98103075460619;4.277987502101616;MULTIPOLYGON (((4.279212 51.98119, 4.279547 51.980899, 4.279432 51.980849, 4.279472 51.980814, 4.279016 51.980614, 4.279087 51.980553, 4.278512 51.9803, 4.278559 51.98026, 4.277992 51.980013, 4.27788 51.980109, 4.277737 51.980052, 4.276563 51.981065, 4.276687 51.981119, 4.276459 51.981312, 4.276779 51.981458, 4.278139 51.982079, 4.278345 51.981901, 4.278443 51.981817, 4.279212 51.98119)));WarmteAtlas:Kassen;https://www.warmteatlas.nl/geoserver/WarmteAtlas/wfs;2026-06-23T13:52:57;
NL.TOP10NL.120401405;2012-01-01;17714.601588;1.771;531438;16820;531438.04764;16820.014208;;GM1783;;;;GM1783;;;;GM1783;;;False;False;False;51.98189928788269;4.272248465886675;MULTIPOLYGON (((4.271568 51.982789, 4.272124 51.982343, 4.272487 51.982513, 4.273678 51.981532, 4.27243 51.980942, 4.271871 51.98141, 4.272241 51.981581, 4.272136 51.981669, 4.272074 51.98172, 4.272024 51.981762, 4.271954 51.98182, 4.27184 51.981915, 4.271508 51.981756, 4.270729 51.982413, 4.271568 51.982789)));WarmteAtlas:Kassen;https://www.warmteatlas.nl/geoserver/WarmteAtlas/wfs;2026-06-23T13:52:57;
NL.TOP10NL.100840713;2010-01-01;23226.03438;2.323;696781;22053;696781.0314;22053.119644;;GM1783;;;;GM1783;;;;GM1783;;;False;False;False;51.980905901078536;4.270419728532173;MULTIPOLYGON (((4.268879 51.981126, 4.270479 51.981863, 4.270513 51.981878, 4.271961 51.980676, 4.271893 51.980648, 4.270953 51.98021, 4.27042 51.979962, 4.270243 51.980103, 4.270159 51.98006, 4.268879 51.981126)));WarmteAtlas:Kassen;https://www.warmteatlas.nl/geoserver/WarmteAtlas/wfs;2026-06-23T13:52:57;
NL.TOP10NL.102635882;2010-01-01;15285.515686;1.529;458565;14514;458565.47058;14513.597144;;GM1783;;;;GM1783;;;;GM1783;;;False;False;False;51.98009567259273;4.29900464871865;MULTIPOLYGON (((4.298175 51.980672, 4.298344 51.980529, 4.298419 51.980569, 4.298573 51.98044, 4.298951 51.980623, 4.299997 51.980337, 4.300518 51.979926, 4.300284 51.979805, 4.300256 51.979824, 4.29976 51.97958, 4.299532 51.979742, 4.299493 51.979719, 4.299481 51.979713, 4.299406 51.97977, 4.298752 51.979441, 4.297524 51.980371, 4.298175 51.980672)));WarmteAtlas:Kassen;https://www.warmteatlas.nl/geoserver/WarmteAtlas/wfs;2026-06-23T13:52:57;
NL.TOP10NL.102556961;2020-06-01;5544.061363;0.554;166322;5264;166321.840875;5264.086264;;GM1783;;;;GM1783;;;;GM1783;;;False;False;False;51.98153099206759;4.297785811354073;MULTIPOLYGON (((4.298678 51.981343, 4.298426 51.981309, 4.298401 51.981309, 4.298411 51.981281, 4.298003 51.981228, 4.297928 51.981445, 4.297617 51.981401, 4.297592 51.981469, 4.297316 51.98143, 4.29741 51.981174, 4.297217 51.981147, 4.297084 51.981509, 4.296665 51.98145, 4.296689 51.981384, 4.296622 51.981374, 4.296541 51.981588, 4.298501 51.981845, 4.298678 51.981343)));WarmteAtlas:Kassen;https://www.warmteatlas.nl/geoserver/WarmteAtlas/wfs;2026-06-23T13:52:57;
NL.TOP10NL.102969569;2020-06-01;513.390351;0.051;15402;487;15401.710515;487.464138;;GM0518;;;;GM0518;;;;GM0518;;;False;False;False;52.03594799849097;4.294163958807248;MULTIPOLYGON (((4.294181 52.036135, 4.294208 52.0361, 4.294217 52.036094, 4.294296 52.036003, 4.294206 52.035973, 4.294222 52.035948, 4.294107 52.035917, 4.294177 52.035822, 4.294325 52.035865, 4.294387 52.035781, 4.2942 52.03573, 4.293963 52.036037, 4.294164 52.036148, 4.294181 52.036135)));WarmteAtlas:Kassen;https://www.warmteatlas.nl/geoserver/WarmteAtlas/wfs;2026-06-23T13:52:57;
NL.TOP10NL.101992319;2004-01-01;310.112849;0.031;9303;294;9303.38547;294.45215;;GM1950;;;;GM1950;;;;GM1950;;;False;False;False;52.96880586799511;7.153823180902839;MULTIPOLYGON (((7.153974 52.96891, 7.153821 52.968667, 7.153672 52.968701, 7.153825 52.968945, 7.153974 52.96891)));WarmteAtlas:Kassen;https://www.warmteatlas.nl/geoserver/WarmteAtlas/wfs;2026-06-23T13:52:57;
