X;Y;BronNaam;BronTemp;TypeBron;MWth;Status;CapFactor;VolFactor;ProdKost;UitMin;UitMax;buurtcode_2023;gemeentecode_2023;pc4_code_2023;pc6_code_2023;buurtcode_2024;gemeentecode_2024;pc4_code_2024;pc6_code_2024;buurtcode_2025;gemeentecode_2025;pc4_code_2025;pc6_code_2025;buurtcode_gewijzigd;gemeentecode_gewijzigd;pc4_gewijzigd;lat;lon;meta_source_layer;meta_source_wfs_url;meta_retrieved_at;meta_source_last_modified
153370;471161;Blycolin Laundry Bunschoten B V   BUNSCHOTEN;0.0;Wasserij;2.0;Optie B;0.0;0.0;;;;;GM0313;;;;GM0313;;;;GM0313;;;False;False;False;52.22851993274327;5.3633460521461425;WarmteAtlas:LT_WarmteBronnen_ECW;https://www.warmteatlas.nl/geoserver/WarmteAtlas/wfs;2026-06-23T13:53:17;
259063;494825;Textielreiniging Het Springendal B V   OUD OOTMARSUM;0.0;Wasserij;2.0;Optie B;0.0;0.0;;;;;GM1774;;;;GM1774;;;;GM1774;;;False;False;False;52.43132206000997;6.917390519056707;WarmteAtlas:LT_WarmteBronnen_ECW;https://www.warmteatlas.nl/geoserver/WarmteAtlas/wfs;2026-06-23T13:53:17;
156775;387005;CleanLease  EINDHOVEN   De Schakel;0.0;Wasserij;2.0;Optie B;0.0;0.0;;;;;GM0772;;;;GM0772;;;;GM0772;;;False;False;False;51.472100194724426;5.412748244980613;WarmteAtlas:LT_WarmteBronnen_ECW;https://www.warmteatlas.nl/geoserver/WarmteAtlas/wfs;2026-06-23T13:53:17;
161521;387676;CleanLease  EINDHOVEN   Herentalseweg;0.0;Wasserij;2.0;Optie B;0.0;0.0;;;;;GM0772;;;;GM0772;;;;GM0772;;;False;False;False;51.47809654035134;5.481068890163697;WarmteAtlas:LT_WarmteBronnen_ECW;https://www.warmteatlas.nl/geoserver/WarmteAtlas/wfs;2026-06-23T13:53:17;
124209;399130;Newasco Neerlandia B V   RIJEN;0.0;Wasserij;2.0;Optie B;0.0;0.0;;;;;GM0784;;;;GM0784;;;;GM0784;;;False;False;False;51.580246715730446;4.94297501815802;WarmteAtlas:LT_WarmteBronnen_ECW;https://www.warmteatlas.nl/geoserver/WarmteAtlas/wfs;2026-06-23T13:53:17;
49992;390847;LipsPlus Goes B V   GOES;0.0;Wasserij;2.0;Optie B;0.0;0.0;;;;;GM0664;;;;GM0664;;;;GM0664;;;False;False;False;51.49684630647263;3.874944742421232;WarmteAtlas:LT_WarmteBronnen_ECW;https://www.warmteatlas.nl/geoserver/WarmteAtlas/wfs;2026-06-23T13:53:17;
240664;507513;Moderna Textielservice B V   Hardenberg;0.0;Wasserij;2.0;Optie B;0.0;0.0;;;;;GM0160;;;;GM0160;;;;GM0160;;;False;False;False;52.54851615485124;6.6501686414654495;WarmteAtlas:LT_WarmteBronnen_ECW;https://www.warmteatlas.nl/geoserver/WarmteAtlas/wfs;2026-06-23T13:53:17;
103369;484531;Newasco Van Houten B V   HEEMSTEDE;0.0;Wasserij;2.0;Optie B;0.0;0.0;;;;;GM0397;;;;GM0397;;;;GM0397;;;False;False;False;52.34626282450768;4.629485837379025;WarmteAtlas:LT_WarmteBronnen_ECW;https://www.warmteatlas.nl/geoserver/WarmteAtlas/wfs;2026-06-23T13:53:17;
193690;324801;Rentex AWE  HOENSBROEK;0.0;Wasserij;2.0;Optie B;0.0;0.0;;;;;GM0917;;;;GM0917;;;;GM0917;;;False;False;False;50.91165837246589;5.937300804039546;WarmteAtlas:LT_WarmteBronnen_ECW;https://www.warmteatlas.nl/geoserver/WarmteAtlas/wfs;2026-06-23T13:53:17;
175145;386424;Lavans B V   HELMOND;0.0;Wasserij;2.0;Optie B;0.0;0.0;;;;;GM0794;;;;GM0794;;;;GM0794;;;False;False;False;51.46652013501557;5.677109003132325;WarmteAtlas:LT_WarmteBronnen_ECW;https://www.warmteatlas.nl/geoserver/WarmteAtlas/wfs;2026-06-23T13:53:17;
132423;447034;Vendrig IJsselstein B V   IJSSELSTEIN;0.0;Wasserij;2.0;Optie B;0.0;0.0;;;;;GM0353;;;;GM0353;;;;GM0353;;;False;False;False;52.011210412067236;5.058354261717411;WarmteAtlas:LT_WarmteBronnen_ECW;https://www.warmteatlas.nl/geoserver/WarmteAtlas/wfs;2026-06-23T13:53:17;
161025;471089;CleanLease  NIJKERK;0.0;Wasserij;2.0;Optie B;0.0;0.0;;;;;GM0267;;;;GM0267;;;;GM0267;;;False;False;False;52.227842139135724;5.475388221756355;WarmteAtlas:LT_WarmteBronnen_ECW;https://www.warmteatlas.nl/geoserver/WarmteAtlas/wfs;2026-06-23T13:53:17;
201458;454844;Barth Slijkhuis B V  wasserij textielverzorging  LAAG SOEREN;0.0;Wasserij;2.0;Optie B;0.0;0.0;;;;;GM0275;;;;GM0275;;;;GM0275;;;False;False;False;52.07991610794085;6.064938781845822;WarmteAtlas:LT_WarmteBronnen_ECW;https://www.warmteatlas.nl/geoserver/WarmteAtlas/wfs;2026-06-23T13:53:17;
88265;438561;CleanLease  ROTTERDAM;0.0;Wasserij;2.0;Optie B;0.0;0.0;;;;;GM0599;;;;GM0599;;;;GM0599;;;False;False;False;51.931508876103756;4.416871345227685;WarmteAtlas:LT_WarmteBronnen_ECW;https://www.warmteatlas.nl/geoserver/WarmteAtlas/wfs;2026-06-23T13:53:17;
164404;565188;Rentex Floron B V   BOLSWARD;0.0;Wasserij;2.0;Optie B;0.0;0.0;;;;;GM1900;;;;GM1900;;;;GM1900;;;False;False;False;53.073456998996896;5.527520192829785;WarmteAtlas:LT_WarmteBronnen_ECW;https://www.warmteatlas.nl/geoserver/WarmteAtlas/wfs;2026-06-23T13:53:17;
146590;413801;CWS Nederland BV  DEN BOSCH;0.0;Wasserij;2.0;Optie B;0.0;0.0;;;;;GM0796;;;;GM0796;;;;GM0796;;;False;False;False;51.71289774851636;5.265514174096321;WarmteAtlas:LT_WarmteBronnen_ECW;https://www.warmteatlas.nl/geoserver/WarmteAtlas/wfs;2026-06-23T13:53:17;
182808;329408;Nedlin B V   ELSLOO;0.0;Wasserij;2.0;Optie B;0.0;0.0;;;;;GM0971;;;;GM0971;;;;GM0971;;;False;False;False;50.95370108990173;5.782937091675568;WarmteAtlas:LT_WarmteBronnen_ECW;https://www.warmteatlas.nl/geoserver/WarmteAtlas/wfs;2026-06-23T13:53:17;
182808;329408;Rentex AWE Stein  ELSLOO;0.0;Wasserij;2.0;Optie B;0.0;0.0;;;;;GM0971;;;;GM0971;;;;GM0971;;;False;False;False;50.95370108990173;5.782937091675568;WarmteAtlas:LT_WarmteBronnen_ECW;https://www.warmteatlas.nl/geoserver/WarmteAtlas/wfs;2026-06-23T13:53:17;
159498;434457;LipsPlus Wasverzorging B V   TIEL;0.0;Wasserij;2.0;Optie B;0.0;0.0;;;;;GM0281;;;;GM0281;;;;GM0281;;;False;False;False;51.89860644068836;5.452554579154921;WarmteAtlas:LT_WarmteBronnen_ECW;https://www.warmteatlas.nl/geoserver/WarmteAtlas/wfs;2026-06-23T13:53:17;
235175;496348;Textielreiniging Het Springendal B V   VROOMSHOOP;0.0;Wasserij;2.0;Optie B;0.0;0.0;;;;;GM1700;;;;GM1700;;;;GM1700;;;False;False;False;52.44902352356241;6.566578130647947;WarmteAtlas:LT_WarmteBronnen_ECW;https://www.warmteatlas.nl/geoserver/WarmteAtlas/wfs;2026-06-23T13:53:17;
157654;379698;Ergon Textieldiensten  VELDHOVEN;35.0;Wasserij;2.0;Optie B;0.0;0.0;;;;;GM0861;;;;GM0861;;;;GM0861;;;False;False;False;51.406416476904376;5.425344260493897;WarmteAtlas:LT_WarmteBronnen_ECW;https://www.warmteatlas.nl/geoserver/WarmteAtlas/wfs;2026-06-23T13:53:17;
131754;476173;Lamme Textielbeheer BV  NEDERHORST DEN BERG;0.0;Wasserij;2.0;Optie B;0.0;0.0;;;;;GM1696;;;;GM1696;;;;GM1696;;;False;False;False;52.27307874533703;5.046618831648251;WarmteAtlas:LT_WarmteBronnen_ECW;https://www.warmteatlas.nl/geoserver/WarmteAtlas/wfs;2026-06-23T13:53:17;
96107;453040;Cleanlease  ZOETERMEER;0.0;Wasserij;2.0;Optie B;0.0;0.0;;;;;GM0637;;;;GM0637;;;;GM0637;;;False;False;False;52.06252222289195;4.528392897910743;WarmteAtlas:LT_WarmteBronnen_ECW;https://www.warmteatlas.nl/geoserver/WarmteAtlas/wfs;2026-06-23T13:53:17;
119462;479397;British American Tobacco Western Europe Region BV;0.0;voedingsmiddelen_dranken_tabak;0.0;Optie B;0.0;0.0;;;;;GM0362;;;;GM0362;;;;GM0362;;;False;False;False;52.30139819363421;4.866191034561387;WarmteAtlas:LT_WarmteBronnen_ECW;https://www.warmteatlas.nl/geoserver/WarmteAtlas/wfs;2026-06-23T13:53:17;
119727;479406;Nestl0 Nederland BV;0.0;Voedingsmiddelen_dranken_tabak;0.0;Optie B;0.0;0.0;;;;;GM0362;;;;GM0362;;;;GM0362;;;False;False;False;52.30149613067819;4.8700750347595;WarmteAtlas:LT_WarmteBronnen_ECW;https://www.warmteatlas.nl/geoserver/WarmteAtlas/wfs;2026-06-23T13:53:17;
119514;479363;Yakult Nederland BV;0.0;Voedingsmiddelen_dranken_tabak;0.0;Optie B;0.0;0.0;;;;;GM0362;;;;GM0362;;;;GM0362;;;False;False;False;52.30109597825599;4.866956938888182;WarmteAtlas:LT_WarmteBronnen_ECW;https://www.warmteatlas.nl/geoserver/WarmteAtlas/wfs;2026-06-23T13:53:17;
104171;461427;Van der Bijl Mengvoeders BV;0.0;Voedingsmiddelen_dranken_tabak;0.06;Optie B;0.0;0.0;;;;;GM0484;;;;GM0484;;;;GM0484;;;False;False;False;52.13869801255821;4.644725649194164;WarmteAtlas:LT_WarmteBronnen_ECW;https://www.warmteatlas.nl/geoserver/WarmteAtlas/wfs;2026-06-23T13:53:17;
72473;419801;Banketbakkerij Maris BV;0.0;Voedingsmiddelen_dranken_tabak;0.02;Optie B;0.0;0.0;;;;;GM1924;;;;GM1924;;;;GM1924;;;False;False;False;51.760798400799516;4.19178159697097;WarmteAtlas:LT_WarmteBronnen_ECW;https://www.warmteatlas.nl/geoserver/WarmteAtlas/wfs;2026-06-23T13:53:17;
61821;426431;Cakebakkerij Van der Spoel BV;0.0;Voedingsmiddelen_dranken_tabak;0.02;Optie B;0.0;0.0;;;;;GM1924;;;;GM1924;;;;GM1924;;;False;False;False;51.81870363544855;4.035739790187883;WarmteAtlas:LT_WarmteBronnen_ECW;https://www.warmteatlas.nl/geoserver/WarmteAtlas/wfs;2026-06-23T13:53:17;
101124;480364;Melkverwerkingsbedrijf P F  Kamstra BV;0.0;Voedingsmiddelen_dranken_tabak;0.14;Optie B;0.0;0.0;;;;;GM0534;;;;GM0534;;;;GM0534;;;False;False;False;52.308598684308365;4.597208407041054;WarmteAtlas:LT_WarmteBronnen_ECW;https://www.warmteatlas.nl/geoserver/WarmteAtlas/wfs;2026-06-23T13:53:17;
102443;460845;CleanLease  KOUDEKERK A D RIJN;0.0;Wasserij;2.0;Optie B;0.0;0.0;;;;;GM0484;;;;GM0484;;;;GM0484;;;False;False;False;52.13330582491779;4.619576162912485;WarmteAtlas:LT_WarmteBronnen_ECW;https://www.warmteatlas.nl/geoserver/WarmteAtlas/wfs;2026-06-23T13:53:17;
113621;437106;D Z Six Diervoeders BV;0.0;Voedingsmiddelen_dranken_tabak;0.02;Optie B;0.0;0.0;;;;;GM1931;;;;GM1931;;;;GM1931;;;False;False;False;51.92089620782523;4.785698985667395;WarmteAtlas:LT_WarmteBronnen_ECW;https://www.warmteatlas.nl/geoserver/WarmteAtlas/wfs;2026-06-23T13:53:17;
104013;461214;Wasserij Gaverland B V   ALPHEN AAN DEN RIJN;0.0;Wasserij;2.0;Optie B;0.0;0.0;;;;;GM0484;;;;GM0484;;;;GM0484;;;False;False;False;52.13676916013256;4.6424497965901015;WarmteAtlas:LT_WarmteBronnen_ECW;https://www.warmteatlas.nl/geoserver/WarmteAtlas/wfs;2026-06-23T13:53:17;
153146;464509;Newasco Textielreiniging de Hoop B V   AMERSFOORT;0.0;Wasserij;2.0;Optie B;0.0;0.0;;;;;GM0307;;;;GM0307;;;;GM0307;;;False;False;False;52.16873199360149;5.360103599765364;WarmteAtlas:LT_WarmteBronnen_ECW;https://www.warmteatlas.nl/geoserver/WarmteAtlas/wfs;2026-06-23T13:53:17;
193767;429921;CleanLease  OOIJ;0.0;Wasserij;2.0;Optie B;0.0;0.0;;;;;GM1945;;;;GM1945;;;;GM1945;;;False;False;False;51.85650445612509;5.949930101368996;WarmteAtlas:LT_WarmteBronnen_ECW;https://www.warmteatlas.nl/geoserver/WarmteAtlas/wfs;2026-06-23T13:53:17;
109104;450510;Gordijnenwasserij  De  REEUWIJK;0.0;Wasserij;2.0;Optie B;0.0;0.0;;;;;GM1901;;;;GM1901;;;;GM1901;;;False;False;False;52.04101274267189;4.7182480553123005;WarmteAtlas:LT_WarmteBronnen_ECW;https://www.warmteatlas.nl/geoserver/WarmteAtlas/wfs;2026-06-23T13:53:17;
98429;474630;Vleeswarenfabriek Persoon BV;0.0;Voedingsmiddelen_dranken_tabak;1.83;Optie B;0.0;0.0;;;;;GM0553;;;;GM0553;;;;GM0553;;;False;False;False;52.25679692973901;4.558655629654989;WarmteAtlas:LT_WarmteBronnen_ECW;https://www.warmteatlas.nl/geoserver/WarmteAtlas/wfs;2026-06-23T13:53:17;
94778;470011;J G  van der Mey Vleesbewerking BV;0.0;Voedingsmiddelen_dranken_tabak;1.83;Optie B;0.0;0.0;;;;;GM1525;;;;GM1525;;;;GM1525;;;False;False;False;52.214899282405476;4.506010230625962;WarmteAtlas:LT_WarmteBronnen_ECW;https://www.warmteatlas.nl/geoserver/WarmteAtlas/wfs;2026-06-23T13:53:17;
103929;421352;Pelican Rouge Coffee Roasters BV;0.0;Voedingsmiddelen_dranken_tabak;0.68;Optie B;0.0;0.0;;;;;GM0505;;;;GM0505;;;;GM0505;;;False;False;False;51.778498370655676;4.647152301547151;WarmteAtlas:LT_WarmteBronnen_ECW;https://www.warmteatlas.nl/geoserver/WarmteAtlas/wfs;2026-06-23T13:53:17;
73646;412894;Maitre Andre BV;0.0;Voedingsmiddelen_dranken_tabak;0.74;Optie B;0.0;0.0;;;;;GM1924;;;;GM1924;;;;GM1924;;;False;False;False;51.69889774488907;4.210386984484301;WarmteAtlas:LT_WarmteBronnen_ECW;https://www.warmteatlas.nl/geoserver/WarmteAtlas/wfs;2026-06-23T13:53:17;
110275;455894;Kaashandel Noordhoek VOF;0.0;Voedingsmiddelen_dranken_tabak;1.11;Optie B;0.0;0.0;;;;;GM1901;;;;GM1901;;;;GM1901;;;False;False;False;52.08949761196392;4.734609639408022;WarmteAtlas:LT_WarmteBronnen_ECW;https://www.warmteatlas.nl/geoserver/WarmteAtlas/wfs;2026-06-23T13:53:17;
95258;463240;Het Kaasmerk BV;0.0;Voedingsmiddelen_dranken_tabak;3.27;Optie B;0.0;0.0;;;;;GM0546;;;;GM0546;;;;GM0546;;;False;False;False;52.1541002766782;4.514225027449722;WarmteAtlas:LT_WarmteBronnen_ECW;https://www.warmteatlas.nl/geoserver/WarmteAtlas/wfs;2026-06-23T13:53:17;
95754;453008;J F  Luiten Vleeswaren BV;0.0;Voedingsmiddelen_dranken_tabak;1.45;Optie B;0.0;0.0;;;;;GM0637;;;;GM0637;;;;GM0637;;;False;False;False;52.06219699601594;4.523251366390426;WarmteAtlas:LT_WarmteBronnen_ECW;https://www.warmteatlas.nl/geoserver/WarmteAtlas/wfs;2026-06-23T13:53:17;
79001;433106;Gerkens Cacao BV;0.0;Voedingsmiddelen_dranken_tabak;1.48;Optie B;0.0;0.0;;;;;GM0599;;;;GM0599;;;;GM0599;;;False;False;False;51.88129646419609;4.283398942621064;WarmteAtlas:LT_WarmteBronnen_ECW;https://www.warmteatlas.nl/geoserver/WarmteAtlas/wfs;2026-06-23T13:53:17;
93360;434667;Quaker Oats BV;0.0;Voedingsmiddelen_dranken_tabak;1.72;Optie B;0.0;0.0;;;;;GM0599;;;;GM0599;;;;GM0599;;;False;False;False;51.897100126747276;4.491641526595619;WarmteAtlas:LT_WarmteBronnen_ECW;https://www.warmteatlas.nl/geoserver/WarmteAtlas/wfs;2026-06-23T13:53:17;
93647;451409;NV Nutricia;0.0;Voedingsmiddelen_dranken_tabak;1.72;Optie B;0.0;0.0;;;;;GM0637;;;;GM0637;;;;GM0637;;;False;False;False;52.04759717189787;4.492816831046559;WarmteAtlas:LT_WarmteBronnen_ECW;https://www.warmteatlas.nl/geoserver/WarmteAtlas/wfs;2026-06-23T13:53:17;
83727;448426;Unilever Nederland Foods Factories BV;0.0;Voedingsmiddelen_dranken_tabak;2.96;Optie B;0.0;0.0;;;;;GM0503;;;;GM0503;;;;GM0503;;;False;False;False;52.01960242496639;4.348848742467861;WarmteAtlas:LT_WarmteBronnen_ECW;https://www.warmteatlas.nl/geoserver/WarmteAtlas/wfs;2026-06-23T13:53:17;
70696;426685;Farm Frites BV;0.0;Voedingsmiddelen_dranken_tabak;3.73;Optie B;0.0;0.0;;;;;GM1992;;;;GM1992;;;;GM1992;;;False;False;False;51.82239787336338;4.164370868264162;WarmteAtlas:LT_WarmteBronnen_ECW;https://www.warmteatlas.nl/geoserver/WarmteAtlas/wfs;2026-06-23T13:53:17;
86963;435384;Naamloze Vennootschap Linde Gas Benelux;0.0;Voedingsmiddelen_dranken_tabak;4.29;Optie B;0.0;0.0;;;;;GM0606;;;;GM0606;;;;GM0606;;;False;False;False;51.90279888428879;4.398571113284518;WarmteAtlas:LT_WarmteBronnen_ECW;https://www.warmteatlas.nl/geoserver/WarmteAtlas/wfs;2026-06-23T13:53:17;
68016;441498;Archer Daniels Midland Europoort BV;0.0;Voedingsmiddelen_dranken_tabak;6.92;Optie B;0.0;0.0;;;;;GM0599;;;;GM0599;;;;GM0599;;;False;False;False;51.955103680967774;4.121766559700007;WarmteAtlas:LT_WarmteBronnen_ECW;https://www.warmteatlas.nl/geoserver/WarmteAtlas/wfs;2026-06-23T13:53:17;
103277;424496;Loders Croklaan BV;0.0;Voedingsmiddelen_dranken_tabak;6.92;Optie B;0.0;0.0;;;;;GM0642;;;;GM0642;;;;GM0642;;;False;False;False;51.80669593028557;4.637235556869017;WarmteAtlas:LT_WarmteBronnen_ECW;https://www.warmteatlas.nl/geoserver/WarmteAtlas/wfs;2026-06-23T13:53:17;
103277;424496;Sime Darby Unimills BV;0.0;Voedingsmiddelen_dranken_tabak;6.92;Optie B;0.0;0.0;;;;;GM0642;;;;GM0642;;;;GM0642;;;False;False;False;51.80669593028557;4.637235556869017;WarmteAtlas:LT_WarmteBronnen_ECW;https://www.warmteatlas.nl/geoserver/WarmteAtlas/wfs;2026-06-23T13:53:17;
125195;426844;Promelca BV;0.0;Voedingsmiddelen_dranken_tabak;11.09;Optie B;0.0;0.0;;;;;GM0512;;;;GM0512;;;;GM0512;;;False;False;False;51.829400791274004;4.954825286026909;WarmteAtlas:LT_WarmteBronnen_ECW;https://www.warmteatlas.nl/geoserver/WarmteAtlas/wfs;2026-06-23T13:53:17;
106381;448521;Steenland Chocolate BV;0.0;Voedingsmiddelen_dranken_tabak;0.09;Optie B;0.0;0.0;;;;;GM0513;;;;GM0513;;;;GM0513;;;False;False;False;52.02290440268332;4.678844636438329;WarmteAtlas:LT_WarmteBronnen_ECW;https://www.warmteatlas.nl/geoserver/WarmteAtlas/wfs;2026-06-23T13:53:17;
107911;445902;Compaxo Fijne Vleeswaren BV;0.0;Voedingsmiddelen_dranken_tabak;1.45;Optie B;0.0;0.0;;;;;GM0513;;;;GM0513;;;;GM0513;;;False;False;False;51.99949784330972;4.701494713772971;WarmteAtlas:LT_WarmteBronnen_ECW;https://www.warmteatlas.nl/geoserver/WarmteAtlas/wfs;2026-06-23T13:53:17;
166984;446407;Hertog Diervoeders Veenendaal BV;35.0;Voedingsmiddelen_dranken_tabak;0.61;Optie B;0.0;0.0;;;;;GM0345;;;;GM0345;;;;GM0345;;;False;False;False;52.00590414306058;5.5617367663935715;WarmteAtlas:LT_WarmteBronnen_ECW;https://www.warmteatlas.nl/geoserver/WarmteAtlas/wfs;2026-06-23T13:53:17;
166576;448764;IJssalon Antonio Wageningen;35.0;Voedingsmiddelen_dranken_tabak;0.57;Optie B;0.0;0.0;;;;;GM0345;;;;GM0345;;;;GM0345;;;False;False;False;52.027097753795225;5.555874523206511;WarmteAtlas:LT_WarmteBronnen_ECW;https://www.warmteatlas.nl/geoserver/WarmteAtlas/wfs;2026-06-23T13:53:17;
167214;447208;Sanorice Netherlands BV;35.0;Voedingsmiddelen_dranken_tabak;5.7;Optie B;0.0;0.0;;;;;GM0345;;;;GM0345;;;;GM0345;;;False;False;False;52.013098591623525;5.565115052094165;WarmteAtlas:LT_WarmteBronnen_ECW;https://www.warmteatlas.nl/geoserver/WarmteAtlas/wfs;2026-06-23T13:53:17;
165577;450119;Veldt Banket BV;35.0;Voedingsmiddelen_dranken_tabak;1.33;Optie B;0.0;0.0;;;;;GM0345;;;;GM0345;;;;GM0345;;;False;False;False;52.03929657527634;5.541360313577932;WarmteAtlas:LT_WarmteBronnen_ECW;https://www.warmteatlas.nl/geoserver/WarmteAtlas/wfs;2026-06-23T13:53:17;
167812;446575;Verkade Veenendaal BV;35.0;Voedingsmiddelen_dranken_tabak;1.43;Optie B;0.0;0.0;;;;;GM0345;;;;GM0345;;;;GM0345;;;False;False;False;52.007395625120644;5.573801910169795;WarmteAtlas:LT_WarmteBronnen_ECW;https://www.warmteatlas.nl/geoserver/WarmteAtlas/wfs;2026-06-23T13:53:17;
201497;503390;Abbott Laboratories BV;0.0;Voedingsmiddelen_dranken_tabak;0.0;Optie B;0.0;0.0;;;;;GM0193;;;;GM0193;;;;GM0193;;;False;False;False;52.51620384696458;6.0722016516842965;WarmteAtlas:LT_WarmteBronnen_ECW;https://www.warmteatlas.nl/geoserver/WarmteAtlas/wfs;2026-06-23T13:53:17;
205469;501693;Algra Mocca D Or Zwolle BV;0.0;Voedingsmiddelen_dranken_tabak;0.0;Optie B;0.0;0.0;;;;;GM0193;;;;GM0193;;;;GM0193;;;False;False;False;52.50060109118035;6.130456104828754;WarmteAtlas:LT_WarmteBronnen_ECW;https://www.warmteatlas.nl/geoserver/WarmteAtlas/wfs;2026-06-23T13:53:17;
203067;502882;Ingeburgerd Zwolle Afhaal   Bezorg BV;0.0;Voedingsmiddelen_dranken_tabak;0.0;Optie B;0.0;0.0;;;;;GM0193;;;;GM0193;;;;GM0193;;;False;False;False;52.511502763863994;6.095256097972467;WarmteAtlas:LT_WarmteBronnen_ECW;https://www.warmteatlas.nl/geoserver/WarmteAtlas/wfs;2026-06-23T13:53:17;
201443;503723;Sensus BV;0.0;Voedingsmiddelen_dranken_tabak;0.0;Optie B;0.0;0.0;;;;;GM0193;;;;GM0193;;;;GM0193;;;False;False;False;52.5192010301814;6.071452563054548;WarmteAtlas:LT_WarmteBronnen_ECW;https://www.warmteatlas.nl/geoserver/WarmteAtlas/wfs;2026-06-23T13:53:17;
254412;556812;Co8peratie Avebe UA;0.0;Voedingsmiddelen_dranken_tabak;29.74;Optie B;0.0;0.0;;;;;GM1680;;;;GM1680;;;;GM1680;;;False;False;False;52.98910391565096;6.867690323969402;WarmteAtlas:LT_WarmteBronnen_ECW;https://www.warmteatlas.nl/geoserver/WarmteAtlas/wfs;2026-06-23T13:53:17;
240648;487156;Bolletje BV;0.0;Voedingsmiddelen_dranken_tabak;0.0;Optie B;0.0;0.0;;;;;GM0141;;;;GM0141;;;;GM0141;;;False;False;False;52.36559812476827;6.644720311757852;WarmteAtlas:LT_WarmteBronnen_ECW;https://www.warmteatlas.nl/geoserver/WarmteAtlas/wfs;2026-06-23T13:53:17;
240682;488470;Neuteboom Coffeeroasters BV;0.0;Voedingsmiddelen_dranken_tabak;0.0;Optie B;0.0;0.0;;;;;GM0141;;;;GM0141;;;;GM0141;;;False;False;False;52.377400164004065;6.645554491770158;WarmteAtlas:LT_WarmteBronnen_ECW;https://www.warmteatlas.nl/geoserver/WarmteAtlas/wfs;2026-06-23T13:53:17;
241156;483059;Th S  van der Laan International BV;0.0;Voedingsmiddelen_dranken_tabak;0.0;Optie B;0.0;0.0;;;;;GM0141;;;;GM0141;;;;GM0141;;;False;False;False;52.328703699831145;6.651127956313137;WarmteAtlas:LT_WarmteBronnen_ECW;https://www.warmteatlas.nl/geoserver/WarmteAtlas/wfs;2026-06-23T13:53:17;
127104;386714;Kaasmakerij De Jong BV;0.0;Voedingsmiddelen_dranken_tabak;0.0;Optie B;0.0;0.0;;;;;GM1723;;;;GM1723;;;;GM1723;;;False;False;False;51.46879737715393;4.985727115117543;WarmteAtlas:LT_WarmteBronnen_ECW;https://www.warmteatlas.nl/geoserver/WarmteAtlas/wfs;2026-06-23T13:53:17;
130417;421286;Bresc BV;0.0;Voedingsmiddelen_dranken_tabak;0.0;Optie B;0.0;0.0;;;;;GM1959;;;;GM1959;;;;GM1959;;;False;False;False;51.779698692335714;5.030973317238289;WarmteAtlas:LT_WarmteBronnen_ECW;https://www.warmteatlas.nl/geoserver/WarmteAtlas/wfs;2026-06-23T13:53:17;
125170;424630;Bresc BV;0.0;Voedingsmiddelen_dranken_tabak;0.0;Optie B;0.0;0.0;;;;;GM1959;;;;GM1959;;;;GM1959;;;False;False;False;51.809499674790366;4.954653590653157;WarmteAtlas:LT_WarmteBronnen_ECW;https://www.warmteatlas.nl/geoserver/WarmteAtlas/wfs;2026-06-23T13:53:17;
121629;424085;Eurosalad Rauwkost   Fruit BV;0.0;Voedingsmiddelen_dranken_tabak;0.0;Optie B;0.0;0.0;;;;;GM1959;;;;GM1959;;;;GM1959;;;False;False;False;51.80440068737861;4.903361680873148;WarmteAtlas:LT_WarmteBronnen_ECW;https://www.warmteatlas.nl/geoserver/WarmteAtlas/wfs;2026-06-23T13:53:17;
130434;421353;Graaf Food Ingredients BV;0.0;Voedingsmiddelen_dranken_tabak;0.0;Optie B;0.0;0.0;;;;;GM1959;;;;GM1959;;;;GM1959;;;False;False;False;51.780301653856185;5.031214908085896;WarmteAtlas:LT_WarmteBronnen_ECW;https://www.warmteatlas.nl/geoserver/WarmteAtlas/wfs;2026-06-23T13:53:17;
130316;422933;Hak BV;0.0;Voedingsmiddelen_dranken_tabak;0.0;Optie B;0.0;0.0;;;;;GM1959;;;;GM1959;;;;GM1959;;;False;False;False;51.794497898944336;5.029392417634642;WarmteAtlas:LT_WarmteBronnen_ECW;https://www.warmteatlas.nl/geoserver/WarmteAtlas/wfs;2026-06-23T13:53:17;
136712;419646;Koninklijke Viv Buisman BV;0.0;Voedingsmiddelen_dranken_tabak;0.0;Optie B;0.0;0.0;;;;;GM1959;;;;GM1959;;;;GM1959;;;False;False;False;51.7651993115223;5.122278687003913;WarmteAtlas:LT_WarmteBronnen_ECW;https://www.warmteatlas.nl/geoserver/WarmteAtlas/wfs;2026-06-23T13:53:17;
131898;422214;O  Bouman BV;0.0;Voedingsmiddelen_dranken_tabak;0.0;Optie B;0.0;0.0;;;;;GM1959;;;;GM1959;;;;GM1959;;;False;False;False;51.78810301178312;5.0523720496987305;WarmteAtlas:LT_WarmteBronnen_ECW;https://www.warmteatlas.nl/geoserver/WarmteAtlas/wfs;2026-06-23T13:53:17;
120296;423593;Orffa Additives BV;0.0;Voedingsmiddelen_dranken_tabak;0.0;Optie B;0.0;0.0;;;;;GM1959;;;;GM1959;;;;GM1959;;;False;False;False;51.799897267369815;4.8840847637907725;WarmteAtlas:LT_WarmteBronnen_ECW;https://www.warmteatlas.nl/geoserver/WarmteAtlas/wfs;2026-06-23T13:53:17;
129566;415494;Witte Molen BV;0.0;Voedingsmiddelen_dranken_tabak;0.0;Optie B;0.0;0.0;;;;;GM1959;;;;GM1959;;;;GM1959;;;False;False;False;51.7276004705724;5.019066336373796;WarmteAtlas:LT_WarmteBronnen_ECW;https://www.warmteatlas.nl/geoserver/WarmteAtlas/wfs;2026-06-23T13:53:17;
152270;464005;First Master Food Manufactory BV;0.0;Voedingsmiddelen_dranken_tabak;0.0;Optie B;0.0;0.0;;;;;GM0307;;;;GM0307;;;;GM0307;;;False;False;False;52.16419846983911;5.347303125883996;WarmteAtlas:LT_WarmteBronnen_ECW;https://www.warmteatlas.nl/geoserver/WarmteAtlas/wfs;2026-06-23T13:53:17;
154290;462714;Frieslandcampina Kievit BV;0.0;Voedingsmiddelen_dranken_tabak;0.1;Optie B;0.0;0.0;;;;;GM0307;;;;GM0307;;;;GM0307;;;False;False;False;52.15260131166004;5.376829164560359;WarmteAtlas:LT_WarmteBronnen_ECW;https://www.warmteatlas.nl/geoserver/WarmteAtlas/wfs;2026-06-23T13:53:17;
154009;462258;Nutreco Nederland BV;0.0;Voedingsmiddelen_dranken_tabak;0.0;Optie B;0.0;0.0;;;;;GM0307;;;;GM0307;;;;GM0307;;;False;False;False;52.148502386786596;5.3727245805971995;WarmteAtlas:LT_WarmteBronnen_ECW;https://www.warmteatlas.nl/geoserver/WarmteAtlas/wfs;2026-06-23T13:53:17;
92365;445328;Treurniet Mengvoeders BV;0.0;Voedingsmiddelen_dranken_tabak;0.02;Optie B;0.0;0.0;;;;;GM1621;;;;GM1621;;;;GM1621;;;False;False;False;51.992802642307595;4.475243380425202;WarmteAtlas:LT_WarmteBronnen_ECW;https://www.warmteatlas.nl/geoserver/WarmteAtlas/wfs;2026-06-23T13:53:17;
98801;434803;The Chocolate Factory BV;0.0;Voedingsmiddelen_dranken_tabak;0.02;Optie B;0.0;0.0;;;;;GM0599;;;;GM0599;;;;GM0599;;;False;False;False;51.898898296705354;4.570663011803988;WarmteAtlas:LT_WarmteBronnen_ECW;https://www.warmteatlas.nl/geoserver/WarmteAtlas/wfs;2026-06-23T13:53:17;
105083;452261;Markus   Markus Siroopwafels BV;0.0;Voedingsmiddelen_dranken_tabak;0.02;Optie B;0.0;0.0;;;;;GM0627;;;;GM0627;;;;GM0627;;;False;False;False;52.056402391197814;4.659388732447053;WarmteAtlas:LT_WarmteBronnen_ECW;https://www.warmteatlas.nl/geoserver/WarmteAtlas/wfs;2026-06-23T13:53:17;
104825;449882;Stroopwafelbakkerij Markus BV;0.0;Voedingsmiddelen_dranken_tabak;0.02;Optie B;0.0;0.0;;;;;GM0627;;;;GM0627;;;;GM0627;;;False;False;False;52.03499784632719;4.6559764885802695;WarmteAtlas:LT_WarmteBronnen_ECW;https://www.warmteatlas.nl/geoserver/WarmteAtlas/wfs;2026-06-23T13:53:17;
102957;468717;Bomvol BV;0.0;Voedingsmiddelen_dranken_tabak;0.24;Optie B;0.0;0.0;;;;;GM1884;;;;GM1884;;;;GM1884;;;False;False;False;52.204102177951356;4.625876569621727;WarmteAtlas:LT_WarmteBronnen_ECW;https://www.warmteatlas.nl/geoserver/WarmteAtlas/wfs;2026-06-23T13:53:17;
102179;467768;Conservenfabriek B  Volwater en Zonen BV;0.0;Voedingsmiddelen_dranken_tabak;0.24;Optie B;0.0;0.0;;;;;GM1884;;;;GM1884;;;;GM1884;;;False;False;False;52.19549940269182;4.614644167711513;WarmteAtlas:LT_WarmteBronnen_ECW;https://www.warmteatlas.nl/geoserver/WarmteAtlas/wfs;2026-06-23T13:53:17;
101928;467615;H  van Ruiten   Zn BV;0.0;Voedingsmiddelen_dranken_tabak;0.24;Optie B;0.0;0.0;;;;;GM1884;;;;GM1884;;;;GM1884;;;False;False;False;52.19410028281925;4.610997305927036;WarmteAtlas:LT_WarmteBronnen_ECW;https://www.warmteatlas.nl/geoserver/WarmteAtlas/wfs;2026-06-23T13:53:17;
91201;468231;Rustenburg   Zoon BV;0.0;Voedingsmiddelen_dranken_tabak;0.24;Optie B;0.0;0.0;;;;;GM0537;;;;GM0537;;;;GM0537;;;False;False;False;52.19850051206256;4.454011563776402;WarmteAtlas:LT_WarmteBronnen_ECW;https://www.warmteatlas.nl/geoserver/WarmteAtlas/wfs;2026-06-23T13:53:17;
119134;439923;Dika Fabrieken BV;0.0;Voedingsmiddelen_dranken_tabak;0.03;Optie B;0.0;0.0;;;;;GM1931;;;;GM1931;;;;GM1931;;;False;False;False;51.94659791966715;4.8655411293664335;WarmteAtlas:LT_WarmteBronnen_ECW;https://www.warmteatlas.nl/geoserver/WarmteAtlas/wfs;2026-06-23T13:53:17;
118411;439506;Nedspice Dehydrated Ingredients BV;0.0;Voedingsmiddelen_dranken_tabak;0.03;Optie B;0.0;0.0;;;;;GM1931;;;;GM1931;;;;GM1931;;;False;False;False;51.94280285128565;4.85507011662752;WarmteAtlas:LT_WarmteBronnen_ECW;https://www.warmteatlas.nl/geoserver/WarmteAtlas/wfs;2026-06-23T13:53:17;
94834;435762;Grutterij en Spliterwtenfabriek J  Trouw BV;0.0;Voedingsmiddelen_dranken_tabak;0.04;Optie B;0.0;0.0;;;;;GM0599;;;;GM0599;;;;GM0599;;;False;False;False;51.907102611709796;4.512863366997432;WarmteAtlas:LT_WarmteBronnen_ECW;https://www.warmteatlas.nl/geoserver/WarmteAtlas/wfs;2026-06-23T13:53:17;
83281;453373;Banketbakkerij Maison Kelder BV;0.0;Voedingsmiddelen_dranken_tabak;0.04;Optie B;0.0;0.0;;;;;GM0518;;;;GM0518;;;;GM0518;;;False;False;False;52.06400302677491;4.341314269096857;WarmteAtlas:LT_WarmteBronnen_ECW;https://www.warmteatlas.nl/geoserver/WarmteAtlas/wfs;2026-06-23T13:53:17;
104465;449318;Broer Bakkerijgrondstoffen BV;0.0;Voedingsmiddelen_dranken_tabak;0.04;Optie B;0.0;0.0;;;;;GM0627;;;;GM0627;;;;GM0627;;;False;False;False;52.029896202570434;4.650813763587092;WarmteAtlas:LT_WarmteBronnen_ECW;https://www.warmteatlas.nl/geoserver/WarmteAtlas/wfs;2026-06-23T13:53:17;
105398;448908;Concorp Waddinxveen BV;0.0;Voedingsmiddelen_dranken_tabak;0.04;Optie B;0.0;0.0;;;;;GM0627;;;;GM0627;;;;GM0627;;;False;False;False;52.02629554805692;4.664467717212299;WarmteAtlas:LT_WarmteBronnen_ECW;https://www.warmteatlas.nl/geoserver/WarmteAtlas/wfs;2026-06-23T13:53:17;
90423;418081;Dudok Produktiekeuken BV;0.0;Voedingsmiddelen_dranken_tabak;0.05;Optie B;0.0;0.0;;;;;GM1963;;;;GM1963;;;;GM1963;;;False;False;False;51.747702379439104;4.452073555926403;WarmteAtlas:LT_WarmteBronnen_ECW;https://www.warmteatlas.nl/geoserver/WarmteAtlas/wfs;2026-06-23T13:53:17;
112918;442041;Vonk Vleeswaren BV;0.0;Voedingsmiddelen_dranken_tabak;0.06;Optie B;0.0;0.0;;;;;GM1931;;;;GM1931;;;;GM1931;;;False;False;False;51.965198298861466;4.774876040553488;WarmteAtlas:LT_WarmteBronnen_ECW;https://www.warmteatlas.nl/geoserver/WarmteAtlas/wfs;2026-06-23T13:53:17;
93743;473707;Vleeswarenfabriek Kraska BV;0.0;Voedingsmiddelen_dranken_tabak;0.3;Optie B;0.0;0.0;;;;;GM0575;;;;GM0575;;;;GM0575;;;False;False;False;52.24800094156206;4.490198643091793;WarmteAtlas:LT_WarmteBronnen_ECW;https://www.warmteatlas.nl/geoserver/WarmteAtlas/wfs;2026-06-23T13:53:17;
78581;457471;Esser Haringgroothandel en Rokerij BV;0.0;Voedingsmiddelen_dranken_tabak;0.06;Optie B;0.0;0.0;;;;;GM0518;;;;GM0518;;;;GM0518;;;False;False;False;52.100201962743206;4.271867496463538;WarmteAtlas:LT_WarmteBronnen_ECW;https://www.warmteatlas.nl/geoserver/WarmteAtlas/wfs;2026-06-23T13:53:17;
78459;414377;Bioriginal Europe Asia BV;0.0;Voedingsmiddelen_dranken_tabak;0.07;Optie B;0.0;0.0;;;;;GM1924;;;;GM1924;;;;GM1924;;;False;False;False;51.71290432540071;4.27966959083312;WarmteAtlas:LT_WarmteBronnen_ECW;https://www.warmteatlas.nl/geoserver/WarmteAtlas/wfs;2026-06-23T13:53:17;
94185;443937;Snack Connection BV;0.0;Voedingsmiddelen_dranken_tabak;0.08;Optie B;0.0;0.0;;;;;GM1621;;;;GM1621;;;;GM1621;;;False;False;False;51.98050367137337;4.501986090242544;WarmteAtlas:LT_WarmteBronnen_ECW;https://www.warmteatlas.nl/geoserver/WarmteAtlas/wfs;2026-06-23T13:53:17;
64084;421304;Poppies Nederland BV;0.0;Voedingsmiddelen_dranken_tabak;0.09;Optie B;0.0;0.0;;;;;GM1924;;;;GM1924;;;;GM1924;;;False;False;False;51.77300339048516;4.069900288676206;WarmteAtlas:LT_WarmteBronnen_ECW;https://www.warmteatlas.nl/geoserver/WarmteAtlas/wfs;2026-06-23T13:53:17;
113893;437950;Casteleijn Stroopwafels BV;0.0;Voedingsmiddelen_dranken_tabak;0.09;Optie B;0.0;0.0;;;;;GM1931;;;;GM1931;;;;GM1931;;;False;False;False;51.92850211482454;4.789551821632555;WarmteAtlas:LT_WarmteBronnen_ECW;https://www.warmteatlas.nl/geoserver/WarmteAtlas/wfs;2026-06-23T13:53:17;
79779;430357;Van Doorn Bakkerijen BV;0.0;Voedingsmiddelen_dranken_tabak;0.09;Optie B;0.0;0.0;;;;;GM1930;;;;GM1930;;;;GM1930;;;False;False;False;51.85669686223497;4.295296138780165;WarmteAtlas:LT_WarmteBronnen_ECW;https://www.warmteatlas.nl/geoserver/WarmteAtlas/wfs;2026-06-23T13:53:17;
115677;447359;Co0peratieve Landbouw Ver      D  Samenwerking     UA;0.0;Voedingsmiddelen_dranken_tabak;0.1;Optie B;0.0;0.0;;;;;GM1931;;;;GM1931;;;;GM1931;;;False;False;False;52.013197516235905;4.814409701956517;WarmteAtlas:LT_WarmteBronnen_ECW;https://www.warmteatlas.nl/geoserver/WarmteAtlas/wfs;2026-06-23T13:53:17;
93440;435300;Codrico Rotterdam BV;0.0;Voedingsmiddelen_dranken_tabak;0.1;Optie B;0.0;0.0;;;;;GM0599;;;;GM0599;;;;GM0599;;;False;False;False;51.90279799415294;4.4926905419211725;WarmteAtlas:LT_WarmteBronnen_ECW;https://www.warmteatlas.nl/geoserver/WarmteAtlas/wfs;2026-06-23T13:53:17;
82294;435194;Tolsa Nederland BV;0.0;Voedingsmiddelen_dranken_tabak;0.1;Optie B;0.0;0.0;;;;;GM0622;;;;GM0622;;;;GM0622;;;False;False;False;51.90050104154445;4.330777625409528;WarmteAtlas:LT_WarmteBronnen_ECW;https://www.warmteatlas.nl/geoserver/WarmteAtlas/wfs;2026-06-23T13:53:17;
89620;468596;Vishandel Almelo;0.0;Voedingsmiddelen_dranken_tabak;0.42;Optie B;0.0;0.0;;;;;GM0537;;;;GM0537;;;;GM0537;;;False;False;False;52.2015956672565;4.430818842118769;WarmteAtlas:LT_WarmteBronnen_ECW;https://www.warmteatlas.nl/geoserver/WarmteAtlas/wfs;2026-06-23T13:53:17;
78254;457353;Jac  den Dulk en Zonen BV;0.0;Voedingsmiddelen_dranken_tabak;0.14;Optie B;0.0;0.0;;;;;GM0518;;;;GM0518;;;;GM0518;;;False;False;False;52.09909629164832;4.267122370238928;WarmteAtlas:LT_WarmteBronnen_ECW;https://www.warmteatlas.nl/geoserver/WarmteAtlas/wfs;2026-06-23T13:53:17;
81454;453121;Patent Contracting BV;0.0;Voedingsmiddelen_dranken_tabak;0.14;Optie B;0.0;0.0;;;;;GM0518;;;;GM0518;;;;GM0518;;;False;False;False;52.06149882911355;4.314729536877969;WarmteAtlas:LT_WarmteBronnen_ECW;https://www.warmteatlas.nl/geoserver/WarmteAtlas/wfs;2026-06-23T13:53:17;
104224;429482;Vleeswarengroothandel J  de Waal BV;0.0;Voedingsmiddelen_dranken_tabak;0.15;Optie B;0.0;0.0;;;;;GM0531;;;;GM0531;;;;GM0531;;;False;False;False;51.85159581393382;4.650233141837821;WarmteAtlas:LT_WarmteBronnen_ECW;https://www.warmteatlas.nl/geoserver/WarmteAtlas/wfs;2026-06-23T13:53:17;
102198;467868;Slagerij Van der Meer CV;0.0;Voedingsmiddelen_dranken_tabak;1.05;Optie B;0.0;0.0;;;;;GM1884;;;;GM1884;;;;GM1884;;;False;False;False;52.19639994082822;4.614906468790297;WarmteAtlas:LT_WarmteBronnen_ECW;https://www.warmteatlas.nl/geoserver/WarmteAtlas/wfs;2026-06-23T13:53:17;
96242;441030;P  van Harten   Zn BV;0.0;Voedingsmiddelen_dranken_tabak;0.15;Optie B;0.0;0.0;;;;;GM0599;;;;GM0599;;;;GM0599;;;False;False;False;51.95459880700228;4.532422075188682;WarmteAtlas:LT_WarmteBronnen_ECW;https://www.warmteatlas.nl/geoserver/WarmteAtlas/wfs;2026-06-23T13:53:17;
90907;434431;Vleesgroothandel Tabara BV;0.0;Voedingsmiddelen_dranken_tabak;0.15;Optie B;0.0;0.0;;;;;GM0599;;;;GM0599;;;;GM0599;;;False;False;False;51.89470210820048;4.456050473475188;WarmteAtlas:LT_WarmteBronnen_ECW;https://www.warmteatlas.nl/geoserver/WarmteAtlas/wfs;2026-06-23T13:53:17;
86834;453712;J F  Luiten Vleeswaren BV;0.0;Voedingsmiddelen_dranken_tabak;0.15;Optie B;0.0;0.0;;;;;GM0518;;;;GM0518;;;;GM0518;;;False;False;False;52.067498171483116;4.393052866738209;WarmteAtlas:LT_WarmteBronnen_ECW;https://www.warmteatlas.nl/geoserver/WarmteAtlas/wfs;2026-06-23T13:53:17;
98124;424897;Koninklijke Cofperatie Cosun UA;0.0;Voedingsmiddelen_dranken_tabak;0.16;Optie B;0.0;0.0;;;;;GM1963;;;;GM1963;;;;GM1963;;;False;False;False;51.809798672818665;4.562459861775812;WarmteAtlas:LT_WarmteBronnen_ECW;https://www.warmteatlas.nl/geoserver/WarmteAtlas/wfs;2026-06-23T13:53:17;
91236;463379;BV Fabriek van Diastatische Producten;0.0;Voedingsmiddelen_dranken_tabak;0.17;Optie B;0.0;0.0;;;;;GM0546;;;;GM0546;;;;GM0546;;;False;False;False;52.154899983146535;4.45543477735901;WarmteAtlas:LT_WarmteBronnen_ECW;https://www.warmteatlas.nl/geoserver/WarmteAtlas/wfs;2026-06-23T13:53:17;
89270;436344;Baronie De Heer BV;0.0;Voedingsmiddelen_dranken_tabak;0.18;Optie B;0.0;0.0;;;;;GM0599;;;;GM0599;;;;GM0599;;;False;False;False;51.91170386752946;4.431905809234464;WarmteAtlas:LT_WarmteBronnen_ECW;https://www.warmteatlas.nl/geoserver/WarmteAtlas/wfs;2026-06-23T13:53:17;
82501;435336;Royal Steensma BV;0.0;Voedingsmiddelen_dranken_tabak;0.18;Optie B;0.0;0.0;;;;;GM0622;;;;GM0622;;;;GM0622;;;False;False;False;51.90180420075024;4.333754970097867;WarmteAtlas:LT_WarmteBronnen_ECW;https://www.warmteatlas.nl/geoserver/WarmteAtlas/wfs;2026-06-23T13:53:17;
100075;450700;Bergbanket BV;0.0;Voedingsmiddelen_dranken_tabak;0.18;Optie B;0.0;0.0;;;;;GM1892;;;;GM1892;;;;GM1892;;;False;False;False;52.04189936699815;4.586627026832284;WarmteAtlas:LT_WarmteBronnen_ECW;https://www.warmteatlas.nl/geoserver/WarmteAtlas/wfs;2026-06-23T13:53:17;
109455;426795;Van Sillevoldt Rijst BV;0.0;Voedingsmiddelen_dranken_tabak;0.19;Optie B;0.0;0.0;;;;;GM0590;;;;GM0590;;;;GM0590;;;False;False;False;51.82789736998583;4.726505713110988;WarmteAtlas:LT_WarmteBronnen_ECW;https://www.warmteatlas.nl/geoserver/WarmteAtlas/wfs;2026-06-23T13:53:17;
92667;434431;Meneba BV;0.0;Voedingsmiddelen_dranken_tabak;0.19;Optie B;0.0;0.0;;;;;GM0599;;;;GM0599;;;;GM0599;;;False;False;False;51.894901944271;4.481616907725161;WarmteAtlas:LT_WarmteBronnen_ECW;https://www.warmteatlas.nl/geoserver/WarmteAtlas/wfs;2026-06-23T13:53:17;
92783;435264;Provimi BV;0.0;Voedingsmiddelen_dranken_tabak;0.19;Optie B;0.0;0.0;;;;;GM0599;;;;GM0599;;;;GM0599;;;False;False;False;51.90240139762205;4.483151483043535;WarmteAtlas:LT_WarmteBronnen_ECW;https://www.warmteatlas.nl/geoserver/WarmteAtlas/wfs;2026-06-23T13:53:17;
84069;435725;Romij Nederland BV;0.0;Voedingsmiddelen_dranken_tabak;0.3;Optie B;0.0;0.0;;;;;GM0622;;;;GM0622;;;;GM0622;;;False;False;False;51.90550220424619;4.356455110625825;WarmteAtlas:LT_WarmteBronnen_ECW;https://www.warmteatlas.nl/geoserver/WarmteAtlas/wfs;2026-06-23T13:53:17;
106834;470870;Sushi Ran BV;0.0;Voedingsmiddelen_dranken_tabak;2.21;Optie B;0.0;0.0;;;;;GM1884;;;;GM1884;;;;GM1884;;;False;False;False;52.22380384759831;4.6822821485926545;WarmteAtlas:LT_WarmteBronnen_ECW;https://www.warmteatlas.nl/geoserver/WarmteAtlas/wfs;2026-06-23T13:53:17;
99992;441577;St  Anny Food BV;0.0;Voedingsmiddelen_dranken_tabak;0.37;Optie B;0.0;0.0;;;;;GM0502;;;;GM0502;;;;GM0502;;;False;False;False;51.95989877437183;4.586882225421635;WarmteAtlas:LT_WarmteBronnen_ECW;https://www.warmteatlas.nl/geoserver/WarmteAtlas/wfs;2026-06-23T13:53:17;
103653;421233;Continental Bakeries  Haust  BV;0.0;Voedingsmiddelen_dranken_tabak;0.42;Optie B;0.0;0.0;;;;;GM0505;;;;GM0505;;;;GM0505;;;False;False;False;51.777403522169784;4.643170847724144;WarmteAtlas:LT_WarmteBronnen_ECW;https://www.warmteatlas.nl/geoserver/WarmteAtlas/wfs;2026-06-23T13:53:17;
110031;426434;Bioderij BV;0.0;Voedingsmiddelen_dranken_tabak;0.42;Optie B;0.0;0.0;;;;;GM0610;;;;GM0610;;;;GM0610;;;False;False;False;51.82469947364371;4.7349078750241365;WarmteAtlas:LT_WarmteBronnen_ECW;https://www.warmteatlas.nl/geoserver/WarmteAtlas/wfs;2026-06-23T13:53:17;
111988;453932;La Ban Foods BV;0.0;Voedingsmiddelen_dranken_tabak;0.48;Optie B;0.0;0.0;;;;;GM1901;;;;GM1901;;;;GM1901;;;False;False;False;52.071999673456475;4.759850324667678;WarmteAtlas:LT_WarmteBronnen_ECW;https://www.warmteatlas.nl/geoserver/WarmteAtlas/wfs;2026-06-23T13:53:17;
99252;435655;H  van Wijnen BV;0.0;Voedingsmiddelen_dranken_tabak;0.62;Optie B;0.0;0.0;;;;;GM0542;;;;GM0542;;;;GM0542;;;False;False;False;51.90660103054414;4.577077208788921;WarmteAtlas:LT_WarmteBronnen_ECW;https://www.warmteatlas.nl/geoserver/WarmteAtlas/wfs;2026-06-23T13:53:17;
117602;477108;Martinez Chocolade BV;0.0;Voedingsmiddelen_dranken_tabak;0.0;Optie B;0.0;0.0;;;;;GM0362;;;;GM0362;;;;GM0362;;;False;False;False;52.28070282946187;4.839176868910778;WarmteAtlas:LT_WarmteBronnen_ECW;https://www.warmteatlas.nl/geoserver/WarmteAtlas/wfs;2026-06-23T13:53:17;
123620;486635;Brouwerij  t IJ BV;0.0;voedingsmiddelen_dranken_tabak;0.0;Optie B;0.0;0.0;;;;;GM0363;;;;GM0363;;;;GM0363;;;False;False;False;52.36670178518567;4.926473941232082;WarmteAtlas:LT_WarmteBronnen_ECW;https://www.warmteatlas.nl/geoserver/WarmteAtlas/wfs;2026-06-23T13:53:17;
112982;491643;Cargill BV;0.0;Voedingsmiddelen_dranken_tabak;0.0;Optie B;0.0;0.0;;;;;GM0363;;;;GM0363;;;;GM0363;;;False;False;False;52.41099840822171;4.769664664955685;WarmteAtlas:LT_WarmteBronnen_ECW;https://www.warmteatlas.nl/geoserver/WarmteAtlas/wfs;2026-06-23T13:53:17;
112310;491482;Dutch Cocoa BV;0.0;Voedingsmiddelen_dranken_tabak;0.0;Optie B;0.0;0.0;;;;;GM0363;;;;GM0363;;;;GM0363;;;False;False;False;52.40949960144779;4.759809314779862;WarmteAtlas:LT_WarmteBronnen_ECW;https://www.warmteatlas.nl/geoserver/WarmteAtlas/wfs;2026-06-23T13:53:17;
123079;487818;Expalkan V  BV;0.0;Voedingsmiddelen_dranken_tabak;0.0;Optie B;0.0;0.0;;;;;GM0363;;;;GM0363;;;;GM0363;;;False;False;False;52.377302608947524;4.918418726275302;WarmteAtlas:LT_WarmteBronnen_ECW;https://www.warmteatlas.nl/geoserver/WarmteAtlas/wfs;2026-06-23T13:53:17;
121893;488104;Green Egg BV;0.0;Voedingsmiddelen_dranken_tabak;0.0;Optie B;0.0;0.0;;;;;GM0363;;1012AA;;GM0363;;1012AA;;GM0363;;1012AA;False;False;False;52.379802743480646;4.900973771093572;WarmteAtlas:LT_WarmteBronnen_ECW;https://www.warmteatlas.nl/geoserver/WarmteAtlas/wfs;2026-06-23T13:53:17;
111926;490829;Heartland Sweeteners Europe BV;0.0;Voedingsmiddelen_dranken_tabak;0.0;Optie B;0.0;0.0;;;;;GM0363;;;;GM0363;;;;GM0363;;;False;False;False;52.40360103470512;4.754250012389392;WarmteAtlas:LT_WarmteBronnen_ECW;https://www.warmteatlas.nl/geoserver/WarmteAtlas/wfs;2026-06-23T13:53:17;
121459;488396;Klas Doner Production BV;0.0;Voedingsmiddelen_dranken_tabak;0.0;Optie B;0.0;0.0;;;;;GM0363;;1013AA;;GM0363;;1013AA;;GM0363;;1013AA;False;False;False;52.38240068632502;4.894570841738977;WarmteAtlas:LT_WarmteBronnen_ECW;https://www.warmteatlas.nl/geoserver/WarmteAtlas/wfs;2026-06-23T13:53:17;
122115;489337;Lovechock BV;0.0;Voedingsmiddelen_dranken_tabak;0.0;Optie B;0.0;0.0;;;;;GM0363;;;;GM0363;;;;GM0363;;;False;False;False;52.3908974013035;4.904113377087715;WarmteAtlas:LT_WarmteBronnen_ECW;https://www.warmteatlas.nl/geoserver/WarmteAtlas/wfs;2026-06-23T13:53:17;
120162;488116;Marleen Kookt BV;0.0;Voedingsmiddelen_dranken_tabak;0.0;Optie B;0.0;0.0;;;;;GM0363;;;;GM0363;;;;GM0363;;;False;False;False;52.37980348050615;4.875550901503165;WarmteAtlas:LT_WarmteBronnen_ECW;https://www.warmteatlas.nl/geoserver/WarmteAtlas/wfs;2026-06-23T13:53:17;
113684;489356;Udkvm BV;0.0;Voedingsmiddelen_dranken_tabak;0.0;Optie B;0.0;0.0;;;;;GM0363;;;;GM0363;;;;GM0363;;;False;False;False;52.39049823708749;4.780262976609803;WarmteAtlas:LT_WarmteBronnen_ECW;https://www.warmteatlas.nl/geoserver/WarmteAtlas/wfs;2026-06-23T13:53:17;
122382;489981;Winclove BV;0.0;Voedingsmiddelen_dranken_tabak;0.0;Optie B;0.0;0.0;;;;;GM0363;;;;GM0363;;;;GM0363;;;False;False;False;52.396701134569184;4.907972993147779;WarmteAtlas:LT_WarmteBronnen_ECW;https://www.warmteatlas.nl/geoserver/WarmteAtlas/wfs;2026-06-23T13:53:17;
197978;468908;Agrifirm Feed BV;0.0;Voedingsmiddelen_dranken_tabak;0.0;Optie B;0.0;0.0;;;;;GM0200;;;;GM0200;;;;GM0200;;;False;False;False;52.206597542210794;6.01595332432319;WarmteAtlas:LT_WarmteBronnen_ECW;https://www.warmteatlas.nl/geoserver/WarmteAtlas/wfs;2026-06-23T13:53:17;
196123;466000;Busser Horeca Service BV;0.0;Voedingsmiddelen_dranken_tabak;0.0;Optie B;0.0;0.0;;;;;GM0200;;;;GM0200;;;;GM0200;;;False;False;False;52.18060344076248;5.9884642096576135;WarmteAtlas:LT_WarmteBronnen_ECW;https://www.warmteatlas.nl/geoserver/WarmteAtlas/wfs;2026-06-23T13:53:17;
195564;468031;Euro P;0.0;Voedingsmiddelen_dranken_tabak;0.0;Optie B;0.0;0.0;;;;;GM0200;;;;GM0200;;;;GM0200;;;False;False;False;52.19889838736609;5.9805344323475405;WarmteAtlas:LT_WarmteBronnen_ECW;https://www.warmteatlas.nl/geoserver/WarmteAtlas/wfs;2026-06-23T13:53:17;
182196;475094;Veevoederbedrijf Alpuro BV;0.0;Voedingsmiddelen_dranken_tabak;0.0;Optie B;0.0;0.0;;;;;GM0200;;;;GM0200;;;;GM0200;;;False;False;False;52.26319917433983;5.785573713645466;WarmteAtlas:LT_WarmteBronnen_ECW;https://www.warmteatlas.nl/geoserver/WarmteAtlas/wfs;2026-06-23T13:53:17;
194079;443018;Koffiebranderij G  Peeze BV;0.0;Voedingsmiddelen_dranken_tabak;0.0;Optie B;0.0;0.0;;;;;GM0202;;;;GM0202;;;;GM0202;;;False;False;False;51.97419713544349;5.955946979983699;WarmteAtlas:LT_WarmteBronnen_ECW;https://www.warmteatlas.nl/geoserver/WarmteAtlas/wfs;2026-06-23T13:53:17;
234864;558798;Banketbakkerij Vanderheul Assen BV;0.0;Voedingsmiddelen_dranken_tabak;0.0;Optie B;0.0;0.0;;;;;GM0106;;;;GM0106;;;;GM0106;;;False;False;False;53.010197734197384;6.5771294008260766;WarmteAtlas:LT_WarmteBronnen_ECW;https://www.warmteatlas.nl/geoserver/WarmteAtlas/wfs;2026-06-23T13:53:17;
180059;382427;Plukon Processing Ommel BV;0.0;Voedingsmiddelen_dranken_tabak;0.0;Optie B;0.0;0.0;;;;;GM0743;;;;GM0743;;;;GM0743;;;False;False;False;51.43039580249016;5.747541062592344;WarmteAtlas:LT_WarmteBronnen_ECW;https://www.warmteatlas.nl/geoserver/WarmteAtlas/wfs;2026-06-23T13:53:17;
117872;385305;J A  Theeuwes BV;0.0;Voedingsmiddelen_dranken_tabak;0.0;Optie B;0.0;0.0;;;;;GM0744;;;;GM0744;;;;GM0744;;;False;False;False;51.45560032509842;4.8530152940752505;WarmteAtlas:LT_WarmteBronnen_ECW;https://www.warmteatlas.nl/geoserver/WarmteAtlas/wfs;2026-06-23T13:53:17;
169730;463926;B B S  Food BV;0.0;Voedingsmiddelen_dranken_tabak;0.0;Optie B;0.0;0.0;;;;;GM0203;;;;GM0203;;;;GM0203;;;False;False;False;52.16329839038033;5.60248626843594;WarmteAtlas:LT_WarmteBronnen_ECW;https://www.warmteatlas.nl/geoserver/WarmteAtlas/wfs;2026-06-23T13:53:17;
170406;464307;B B S  Food BV;0.0;Voedingsmiddelen_dranken_tabak;0.0;Optie B;0.0;0.0;;;;;GM0203;;;;GM0203;;;;GM0203;;;False;False;False;52.16670430710627;5.612383406039934;WarmteAtlas:LT_WarmteBronnen_ECW;https://www.warmteatlas.nl/geoserver/WarmteAtlas/wfs;2026-06-23T13:53:17;
168774;464235;De Roller BV;0.0;Voedingsmiddelen_dranken_tabak;0.0;Optie B;0.0;0.0;;;;;GM0203;;;;GM0203;;;;GM0203;;;False;False;False;52.16610033012028;5.588526710822306;WarmteAtlas:LT_WarmteBronnen_ECW;https://www.warmteatlas.nl/geoserver/WarmteAtlas/wfs;2026-06-23T13:53:17;
174451;467447;Denkavit Nederland BV;0.0;Voedingsmiddelen_dranken_tabak;0.0;Optie B;0.0;0.0;;;;;GM0203;;;;GM0203;;;;GM0203;;;False;False;False;52.19479825434279;5.671686098774322;WarmteAtlas:LT_WarmteBronnen_ECW;https://www.warmteatlas.nl/geoserver/WarmteAtlas/wfs;2026-06-23T13:53:17;
170489;464329;Hazeleger Kaas BV;0.0;Voedingsmiddelen_dranken_tabak;0.0;Optie B;0.0;0.0;;;;;GM0203;;;;GM0203;;;;GM0203;;;False;False;False;52.16689971650668;5.613597560182045;WarmteAtlas:LT_WarmteBronnen_ECW;https://www.warmteatlas.nl/geoserver/WarmteAtlas/wfs;2026-06-23T13:53:17;
169934;464272;Sidilco Suikerwerkfabriek BV;0.0;Voedingsmiddelen_dranken_tabak;0.0;Optie B;0.0;0.0;;;;;GM0203;;;;GM0203;;;;GM0203;;;False;False;False;52.16640270727648;5.60548298603142;WarmteAtlas:LT_WarmteBronnen_ECW;https://www.warmteatlas.nl/geoserver/WarmteAtlas/wfs;2026-06-23T13:53:17;
175996;466719;Twilmij BV;0.0;Voedingsmiddelen_dranken_tabak;0.0;Optie B;0.0;0.0;;;;;GM0203;;;;GM0203;;;;GM0203;;;False;False;False;52.188198505069415;5.694237251144937;WarmteAtlas:LT_WarmteBronnen_ECW;https://www.warmteatlas.nl/geoserver/WarmteAtlas/wfs;2026-06-23T13:53:17;
190567;327509;Meens Bierbrouwerij BV;0.0;voedingsmiddelen_dranken_tabak;0.0;Optie B;0.0;0.0;;;;;GM1954;;;;GM1954;;;;GM1954;;;False;False;False;50.936201824991315;5.893165448149528;WarmteAtlas:LT_WarmteBronnen_ECW;https://www.warmteatlas.nl/geoserver/WarmteAtlas/wfs;2026-06-23T13:53:17;
189521;326289;Borghans en Zonen BV;0.0;Voedingsmiddelen_dranken_tabak;0.0;Optie B;0.0;0.0;;;;;GM1954;;;;GM1954;;;;GM1954;;;False;False;False;50.925299918964214;5.878169363304199;WarmteAtlas:LT_WarmteBronnen_ECW;https://www.warmteatlas.nl/geoserver/WarmteAtlas/wfs;2026-06-23T13:53:17;
189902;326158;Dings Decor BV;0.0;Voedingsmiddelen_dranken_tabak;0.0;Optie B;0.0;0.0;;;;;GM1954;;;;GM1954;;;;GM1954;;;False;False;False;50.924099308103;5.88357524910271;WarmteAtlas:LT_WarmteBronnen_ECW;https://www.warmteatlas.nl/geoserver/WarmteAtlas/wfs;2026-06-23T13:53:17;
189216;326198;Keulen Vleeswaren BV;0.0;Voedingsmiddelen_dranken_tabak;0.0;Optie B;0.0;0.0;;;;;GM1954;;;;GM1954;;;;GM1954;;;False;False;False;50.92450028499468;5.873823079964307;WarmteAtlas:LT_WarmteBronnen_ECW;https://www.warmteatlas.nl/geoserver/WarmteAtlas/wfs;2026-06-23T13:53:17;
189204;327900;Stroopfabriek Canisius Henssen BV;0.0;Voedingsmiddelen_dranken_tabak;0.0;Optie B;0.0;0.0;;;;;GM1954;;;;GM1954;;;;GM1954;;;False;False;False;50.93979947321044;5.873813470749204;WarmteAtlas:LT_WarmteBronnen_ECW;https://www.warmteatlas.nl/geoserver/WarmteAtlas/wfs;2026-06-23T13:53:17;
185293;322947;Visser Chocolade BV;0.0;Voedingsmiddelen_dranken_tabak;0.0;Optie B;0.0;0.0;;;;;GM1954;;;;GM1954;;;;GM1954;;;False;False;False;50.89549957930107;5.81775914025387;WarmteAtlas:LT_WarmteBronnen_ECW;https://www.warmteatlas.nl/geoserver/WarmteAtlas/wfs;2026-06-23T13:53:17;
189400;326055;Wafel Janssen BV;0.0;Voedingsmiddelen_dranken_tabak;0.0;Optie B;0.0;0.0;;;;;GM1954;;;;GM1954;;;;GM1954;;;False;False;False;50.923203892961006;5.876426256507508;WarmteAtlas:LT_WarmteBronnen_ECW;https://www.warmteatlas.nl/geoserver/WarmteAtlas/wfs;2026-06-23T13:53:17;
122134;507419;Chocoladefabriek     De Beemster     BV;0.0;Voedingsmiddelen_dranken_tabak;0.0;Optie B;0.0;0.0;;;;;GM0439;;;;GM0439;;;;GM0439;;;False;False;False;52.55340350837103;4.902615189815347;WarmteAtlas:LT_WarmteBronnen_ECW;https://www.warmteatlas.nl/geoserver/WarmteAtlas/wfs;2026-06-23T13:53:17;
120220;507799;Co1peratieve Zuivelonderneming Cono BA;0.0;Voedingsmiddelen_dranken_tabak;0.0;Optie B;0.0;0.0;;;;;GM0439;;;;GM0439;;;;GM0439;;;False;False;False;52.55670002511062;4.874355746015858;WarmteAtlas:LT_WarmteBronnen_ECW;https://www.warmteatlas.nl/geoserver/WarmteAtlas/wfs;2026-06-23T13:53:17;
200731;365427;Frumarco BV;0.0;Voedingsmiddelen_dranken_tabak;0.0;Optie B;0.0;0.0;;;;;GM0889;;;;GM0889;;;;GM0889;;;False;False;False;51.27629825833253;6.042586660264951;WarmteAtlas:LT_WarmteBronnen_ECW;https://www.warmteatlas.nl/geoserver/WarmteAtlas/wfs;2026-06-23T13:53:17;
207185;397109;Laarakker Groenteverwerking BV;0.0;Voedingsmiddelen_dranken_tabak;0.0;Optie B;0.0;0.0;;;;;GM0893;;;;GM0893;;;;GM0893;;;False;False;False;51.56050019118538;6.139760795545417;WarmteAtlas:LT_WarmteBronnen_ECW;https://www.warmteatlas.nl/geoserver/WarmteAtlas/wfs;2026-06-23T13:53:17;
80184;390773;Philip Morris Holland BV;0.0;voedingsmiddelen_dranken_tabak;0.0;Optie B;0.0;0.0;;;;;GM0748;;;;GM0748;;;;GM0748;;;False;False;False;51.50100212990228;4.309677970971253;WarmteAtlas:LT_WarmteBronnen_ECW;https://www.warmteatlas.nl/geoserver/WarmteAtlas/wfs;2026-06-23T13:53:17;
76861;391557;Cargill BV;0.0;Voedingsmiddelen_dranken_tabak;0.0;Optie B;0.0;0.0;;;;;GM0748;;;;GM0748;;;;GM0748;;;False;False;False;51.50759678792747;4.261653347169698;WarmteAtlas:LT_WarmteBronnen_ECW;https://www.warmteatlas.nl/geoserver/WarmteAtlas/wfs;2026-06-23T13:53:17;
77592;390990;Lamb Weston Meijer VOF;0.0;Voedingsmiddelen_dranken_tabak;0.0;Optie B;0.0;0.0;;;;;GM0748;;;;GM0748;;;;GM0748;;;False;False;False;51.50260199975853;4.272305997518599;WarmteAtlas:LT_WarmteBronnen_ECW;https://www.warmteatlas.nl/geoserver/WarmteAtlas/wfs;2026-06-23T13:53:17;
76430;391130;Van der Kroon Food Products BV;0.0;Voedingsmiddelen_dranken_tabak;0.0;Optie B;0.0;0.0;;;;;GM0748;;;;GM0748;;;;GM0748;;;False;False;False;51.50369925886382;4.255541675247729;WarmteAtlas:LT_WarmteBronnen_ECW;https://www.warmteatlas.nl/geoserver/WarmteAtlas/wfs;2026-06-23T13:53:17;
233598;459530;Frieslandcampina Domo BV;0.0;Voedingsmiddelen_dranken_tabak;19.09;Optie B;0.0;0.0;;;;;GM1859;;;;GM1859;;;;GM1859;;;False;False;False;52.11839685045142;6.534810775863105;WarmteAtlas:LT_WarmteBronnen_ECW;https://www.warmteatlas.nl/geoserver/WarmteAtlas/wfs;2026-06-23T13:53:17;
240654;458211;Mulder Diervoeding BV;0.0;Voedingsmiddelen_dranken_tabak;0.0;Optie B;0.0;0.0;;;;;GM1859;;;;GM1859;;;;GM1859;;;False;False;False;52.10549605954098;6.637480961865447;WarmteAtlas:LT_WarmteBronnen_ECW;https://www.warmteatlas.nl/geoserver/WarmteAtlas/wfs;2026-06-23T13:53:17;
161050;408981;C  van Lieshout en Zonen BV;0.0;Voedingsmiddelen_dranken_tabak;0.0;Optie B;0.0;0.0;;;;;GM1721;;;;GM1721;;;;GM1721;;;False;False;False;51.66960346023309;5.474657890123889;WarmteAtlas:LT_WarmteBronnen_ECW;https://www.warmteatlas.nl/geoserver/WarmteAtlas/wfs;2026-06-23T13:53:17;
162175;406434;De Halm BV;0.0;Voedingsmiddelen_dranken_tabak;0.0;Optie B;0.0;0.0;;;;;GM1721;;;;GM1721;;;;GM1721;;;False;False;False;51.64669642665089;5.490867864126301;WarmteAtlas:LT_WarmteBronnen_ECW;https://www.warmteatlas.nl/geoserver/WarmteAtlas/wfs;2026-06-23T13:53:17;
163834;409975;Vobra Special Petfoods BV;0.0;Voedingsmiddelen_dranken_tabak;0.0;Optie B;0.0;0.0;;;;;GM1721;;;;GM1721;;;;GM1721;;;False;False;False;51.67850098091638;5.514927342368991;WarmteAtlas:LT_WarmteBronnen_ECW;https://www.warmteatlas.nl/geoserver/WarmteAtlas/wfs;2026-06-23T13:53:17;
179303;429485;Bart s Retail BV;0.0;Voedingsmiddelen_dranken_tabak;0.0;Optie B;0.0;0.0;;;;;GM0209;;;;GM0209;;;;GM0209;;;False;False;False;51.85340445222142;5.739950144418004;WarmteAtlas:LT_WarmteBronnen_ECW;https://www.warmteatlas.nl/geoserver/WarmteAtlas/wfs;2026-06-23T13:53:17;
179364;429552;Grand Duet BV;0.0;Voedingsmiddelen_dranken_tabak;0.0;Optie B;0.0;0.0;;;;;GM0209;;;;GM0209;;;;GM0209;;;False;False;False;51.85400399608347;5.740840249833318;WarmteAtlas:LT_WarmteBronnen_ECW;https://www.warmteatlas.nl/geoserver/WarmteAtlas/wfs;2026-06-23T13:53:17;
179032;429617;LA Venezia IJs BV;0.0;Voedingsmiddelen_dranken_tabak;0.0;Optie B;0.0;0.0;;;;;GM0209;;;;GM0209;;;;GM0209;;;False;False;False;51.85460265136034;5.736025960949268;WarmteAtlas:LT_WarmteBronnen_ECW;https://www.warmteatlas.nl/geoserver/WarmteAtlas/wfs;2026-06-23T13:53:17;
179592;429797;Vleeswarenfabriek Henri van de Bilt BV;0.0;Voedingsmiddelen_dranken_tabak;0.0;Optie B;0.0;0.0;;;;;GM0209;;;;GM0209;;;;GM0209;;;False;False;False;51.85619608183583;5.744167024253045;WarmteAtlas:LT_WarmteBronnen_ECW;https://www.warmteatlas.nl/geoserver/WarmteAtlas/wfs;2026-06-23T13:53:17;
142836;379476;Hems BV;0.0;Voedingsmiddelen_dranken_tabak;0.0;Optie B;0.0;0.0;;;;;GM1728;;;;GM1728;;;;GM1728;;;False;False;False;51.404296475014995;5.21238692200143;WarmteAtlas:LT_WarmteBronnen_ECW;https://www.warmteatlas.nl/geoserver/WarmteAtlas/wfs;2026-06-23T13:53:17;
146723;376098;Vleeswarenfabriek Hapert BV;0.0;Voedingsmiddelen_dranken_tabak;0.0;Optie B;0.0;0.0;;;;;GM1728;;;;GM1728;;;;GM1728;;;False;False;False;51.37400298286631;5.268327475267703;WarmteAtlas:LT_WarmteBronnen_ECW;https://www.warmteatlas.nl/geoserver/WarmteAtlas/wfs;2026-06-23T13:53:17;
110933;453774;Refresco Benelux BV;0.0;voedingsmiddelen_dranken_tabak;0.0;Optie B;0.0;0.0;;;;;GM1901;;;;GM1901;;;;GM1901;;;False;False;False;52.07049670845128;4.744483900317827;WarmteAtlas:LT_WarmteBronnen_ECW;https://www.warmteatlas.nl/geoserver/WarmteAtlas/wfs;2026-06-23T13:53:17;
193556;405442;Globemilk BV;0.0;Voedingsmiddelen_dranken_tabak;0.0;Optie B;0.0;0.0;;;;;GM1982;;;;GM1982;;;;GM1982;;;False;False;False;51.63649961537225;5.94414670702124;WarmteAtlas:LT_WarmteBronnen_ECW;https://www.warmteatlas.nl/geoserver/WarmteAtlas/wfs;2026-06-23T13:53:17;
199972;398041;J P  Havens Graanhandel NV;0.0;Voedingsmiddelen_dranken_tabak;0.0;Optie B;0.0;0.0;;;;;GM1982;;;;GM1982;;;;GM1982;;;False;False;False;51.569500743348804;6.035868747443963;WarmteAtlas:LT_WarmteBronnen_ECW;https://www.warmteatlas.nl/geoserver/WarmteAtlas/wfs;2026-06-23T13:53:17;
192781;408907;Mola BV;0.0;Voedingsmiddelen_dranken_tabak;0.0;Optie B;0.0;0.0;;;;;GM1982;;;;GM1982;;;;GM1982;;;False;False;False;51.66769647686112;5.93332781253724;WarmteAtlas:LT_WarmteBronnen_ECW;https://www.warmteatlas.nl/geoserver/WarmteAtlas/wfs;2026-06-23T13:53:17;
194111;407416;Nutreco Nederland BV;0.0;Voedingsmiddelen_dranken_tabak;0.0;Optie B;0.0;0.0;;;;;GM1982;;;;GM1982;;;;GM1982;;;False;False;False;51.65420383390996;5.952384777241902;WarmteAtlas:LT_WarmteBronnen_ECW;https://www.warmteatlas.nl/geoserver/WarmteAtlas/wfs;2026-06-23T13:53:17;
194963;399122;Zuivelboerderij De Rimkan BV;0.0;Voedingsmiddelen_dranken_tabak;0.0;Optie B;0.0;0.0;;;;;GM1982;;;;GM1982;;;;GM1982;;;False;False;False;51.57959570577878;5.963747053144474;WarmteAtlas:LT_WarmteBronnen_ECW;https://www.warmteatlas.nl/geoserver/WarmteAtlas/wfs;2026-06-23T13:53:17;
149908;399212;Dutch Grill Specialties BV;0.0;Voedingsmiddelen_dranken_tabak;0.0;Optie B;0.0;0.0;;;;;GM0757;;;;GM0757;;;;GM0757;;;False;False;False;51.58180414759651;5.313736148960628;WarmteAtlas:LT_WarmteBronnen_ECW;https://www.warmteatlas.nl/geoserver/WarmteAtlas/wfs;2026-06-23T13:53:17;
113272;400794;Inbev Nederland NV;0.0;voedingsmiddelen_dranken_tabak;0.0;Optie B;0.0;0.0;;;;;GM0758;;;;GM0758;;;;GM0758;;;False;False;False;51.59449724280246;4.784994050647075;WarmteAtlas:LT_WarmteBronnen_ECW;https://www.warmteatlas.nl/geoserver/WarmteAtlas/wfs;2026-06-23T13:53:17;
114580;400828;Konings Drinks BV;0.0;voedingsmiddelen_dranken_tabak;0.0;Optie B;0.0;0.0;;;;;GM0758;;;;GM0758;;;;GM0758;;;False;False;False;51.59489850223181;4.803865883880291;WarmteAtlas:LT_WarmteBronnen_ECW;https://www.warmteatlas.nl/geoserver/WarmteAtlas/wfs;2026-06-23T13:53:17;
108991;402044;Alpro Nederland BV;0.0;Voedingsmiddelen_dranken_tabak;0.0;Optie B;0.0;0.0;;;;;GM0758;;;;GM0758;;;;GM0758;;;False;False;False;51.60539794646249;4.7230511005118965;WarmteAtlas:LT_WarmteBronnen_ECW;https://www.warmteatlas.nl/geoserver/WarmteAtlas/wfs;2026-06-23T13:53:17;
116194;401049;Bond Rokerij BV;0.0;Voedingsmiddelen_dranken_tabak;0.0;Optie B;0.0;0.0;;;;;GM0758;;;;GM0758;;;;GM0758;;;False;False;False;51.596998741477165;4.827133297559922;WarmteAtlas:LT_WarmteBronnen_ECW;https://www.warmteatlas.nl/geoserver/WarmteAtlas/wfs;2026-06-23T13:53:17;
110253;399518;Cooperatie Koninklijke Cosun UA;0.0;Voedingsmiddelen_dranken_tabak;0.0;Optie B;0.0;0.0;;;;;GM0758;;;;GM0758;;;;GM0758;;;False;False;False;51.582795980699196;4.74159037344957;WarmteAtlas:LT_WarmteBronnen_ECW;https://www.warmteatlas.nl/geoserver/WarmteAtlas/wfs;2026-06-23T13:53:17;
114826;400871;Hero Nederland BV;0.0;Voedingsmiddelen_dranken_tabak;0.0;Optie B;0.0;0.0;;;;;GM0758;;;;GM0758;;;;GM0758;;;False;False;False;51.5953026458282;4.807411007987849;WarmteAtlas:LT_WarmteBronnen_ECW;https://www.warmteatlas.nl/geoserver/WarmteAtlas/wfs;2026-06-23T13:53:17;
114542;399271;Holding Hoepman BV;0.0;Voedingsmiddelen_dranken_tabak;0.0;Optie B;0.0;0.0;;;;;GM0758;;;;GM0758;;;;GM0758;;;False;False;False;51.58090113828404;4.803497523669648;WarmteAtlas:LT_WarmteBronnen_ECW;https://www.warmteatlas.nl/geoserver/WarmteAtlas/wfs;2026-06-23T13:53:17;
116769;397640;IPP Inter Pet Products BV;0.0;Voedingsmiddelen_dranken_tabak;0.0;Optie B;0.0;0.0;;;;;GM0758;;;;GM0758;;;;GM0758;;;False;False;False;51.56639725125407;4.835803960393755;WarmteAtlas:LT_WarmteBronnen_ECW;https://www.warmteatlas.nl/geoserver/WarmteAtlas/wfs;2026-06-23T13:53:17;
114328;399617;Novartis Consumer Health BV;0.0;Voedingsmiddelen_dranken_tabak;0.0;Optie B;0.0;0.0;;;;;GM0758;;;;GM0758;;;;GM0758;;;False;False;False;51.58399560479637;4.800370007417835;WarmteAtlas:LT_WarmteBronnen_ECW;https://www.warmteatlas.nl/geoserver/WarmteAtlas/wfs;2026-06-23T13:53:17;
112176;401093;Passina Products BV;0.0;Voedingsmiddelen_dranken_tabak;0.0;Optie B;0.0;0.0;;;;;GM0758;;;;GM0758;;;;GM0758;;;False;False;False;51.597102196997106;4.769141126834576;WarmteAtlas:LT_WarmteBronnen_ECW;https://www.warmteatlas.nl/geoserver/WarmteAtlas/wfs;2026-06-23T13:53:17;
111320;400833;Perfetti Van Melle Benelux BV;0.0;Voedingsmiddelen_dranken_tabak;0.0;Optie B;0.0;0.0;;;;;GM0758;;;;GM0758;;;;GM0758;;;False;False;False;51.59469935387968;4.756820022114038;WarmteAtlas:LT_WarmteBronnen_ECW;https://www.warmteatlas.nl/geoserver/WarmteAtlas/wfs;2026-06-23T13:53:17;
111714;400440;S V Z  International BV;0.0;Voedingsmiddelen_dranken_tabak;0.0;Optie B;0.0;0.0;;;;;GM0758;;;;GM0758;;;;GM0758;;;False;False;False;51.59119752008599;4.762554460758863;WarmteAtlas:LT_WarmteBronnen_ECW;https://www.warmteatlas.nl/geoserver/WarmteAtlas/wfs;2026-06-23T13:53:17;
117126;400119;TCM Breda BV;0.0;Voedingsmiddelen_dranken_tabak;0.0;Optie B;0.0;0.0;;;;;GM0758;;;;GM0758;;;;GM0758;;;False;False;False;51.58870330372584;4.840684495826313;WarmteAtlas:LT_WarmteBronnen_ECW;https://www.warmteatlas.nl/geoserver/WarmteAtlas/wfs;2026-06-23T13:53:17;
210146;453318;Aviko BV;0.0;Voedingsmiddelen_dranken_tabak;0.0;Optie B;0.0;0.0;;;;;GM1876;;;;GM1876;;;;GM1876;;;False;False;False;52.06540408081554;6.191422832135825;WarmteAtlas:LT_WarmteBronnen_ECW;https://www.warmteatlas.nl/geoserver/WarmteAtlas/wfs;2026-06-23T13:53:17;
226928;445042;Coops Mengvoeders BV;0.0;Voedingsmiddelen_dranken_tabak;0.0;Optie B;0.0;0.0;;;;;GM1876;;;;GM1876;;;;GM1876;;;False;False;False;51.98910320105289;6.434387344339146;WarmteAtlas:LT_WarmteBronnen_ECW;https://www.warmteatlas.nl/geoserver/WarmteAtlas/wfs;2026-06-23T13:53:17;
216877;446576;De Hoop Mengvoeders BV;0.0;Voedingsmiddelen_dranken_tabak;0.0;Optie B;0.0;0.0;;;;;GM1876;;;;GM1876;;;;GM1876;;;False;False;False;52.00410121176999;6.288352797963628;WarmteAtlas:LT_WarmteBronnen_ECW;https://www.warmteatlas.nl/geoserver/WarmteAtlas/wfs;2026-06-23T13:53:17;
210527;452676;Frieslandcampina Cheese   Butter BV;0.0;Voedingsmiddelen_dranken_tabak;0.0;Optie B;0.0;0.0;;;;;GM1876;;;;GM1876;;;;GM1876;;;False;False;False;52.05959614015068;6.196874171359617;WarmteAtlas:LT_WarmteBronnen_ECW;https://www.warmteatlas.nl/geoserver/WarmteAtlas/wfs;2026-06-23T13:53:17;
209882;448319;Garvo BV;0.0;Voedingsmiddelen_dranken_tabak;0.0;Optie B;0.0;0.0;;;;;GM1876;;;;GM1876;;;;GM1876;;;False;False;False;52.02050239915034;6.186770244781253;WarmteAtlas:LT_WarmteBronnen_ECW;https://www.warmteatlas.nl/geoserver/WarmteAtlas/wfs;2026-06-23T13:53:17;
221515;446558;Koninklijke Viv Buisman BV;0.0;Voedingsmiddelen_dranken_tabak;0.0;Optie B;0.0;0.0;;;;;GM1876;;;;GM1876;;;;GM1876;;;False;False;False;52.003402762147786;6.355886216470268;WarmteAtlas:LT_WarmteBronnen_ECW;https://www.warmteatlas.nl/geoserver/WarmteAtlas/wfs;2026-06-23T13:53:17;
202777;456913;Vitakraft Nederland BV;0.0;Voedingsmiddelen_dranken_tabak;0.0;Optie B;0.0;0.0;;;;;GM0213;;;;GM0213;;;;GM0213;;;False;False;False;52.09839893699681;6.08446917657244;WarmteAtlas:LT_WarmteBronnen_ECW;https://www.warmteatlas.nl/geoserver/WarmteAtlas/wfs;2026-06-23T13:53:17;
194247;326901;Patisserie Jack Heesen BV;0.0;Voedingsmiddelen_dranken_tabak;0.0;Optie B;0.0;0.0;;;;;GM0899;;;;GM0899;;;;GM0899;;;False;False;False;50.93049617791667;5.945447854254313;WarmteAtlas:LT_WarmteBronnen_ECW;https://www.warmteatlas.nl/geoserver/WarmteAtlas/wfs;2026-06-23T13:53:17;
196524;330046;Vandemoortele Brunssum BV;0.0;Voedingsmiddelen_dranken_tabak;0.0;Optie B;0.0;0.0;;;;;GM0899;;;;GM0899;;;;GM0899;;;False;False;False;50.958603960502046;5.978195765196209;WarmteAtlas:LT_WarmteBronnen_ECW;https://www.warmteatlas.nl/geoserver/WarmteAtlas/wfs;2026-06-23T13:53:17;
142529;452749;Vrumona BV;0.0;voedingsmiddelen_dranken_tabak;0.0;Optie B;0.0;0.0;;;;;GM0312;;;;GM0312;;;;GM0312;;;False;False;False;52.062896220420726;5.205345454196278;WarmteAtlas:LT_WarmteBronnen_ECW;https://www.warmteatlas.nl/geoserver/WarmteAtlas/wfs;2026-06-23T13:53:17;
154859;473584;Banketbakkerij Wouter de Graaf BV;0.0;Voedingsmiddelen_dranken_tabak;0.0;Optie B;0.0;0.0;;;;;GM0313;;;;GM0313;;;;GM0313;;;False;False;False;52.250299718276494;5.385139084001834;WarmteAtlas:LT_WarmteBronnen_ECW;https://www.warmteatlas.nl/geoserver/WarmteAtlas/wfs;2026-06-23T13:53:17;
153647;471381;De Banketgroep BV;0.0;Voedingsmiddelen_dranken_tabak;0.0;Optie B;0.0;0.0;;;;;GM0313;;;;GM0313;;;;GM0313;;;False;False;False;52.23049799463005;5.367399529885766;WarmteAtlas:LT_WarmteBronnen_ECW;https://www.warmteatlas.nl/geoserver/WarmteAtlas/wfs;2026-06-23T13:53:17;
170897;518425;Kennemervisgroep Fishpartners;37.5;Voedingsmiddelen_dranken_tabak;0.28;Optie B;0.0;0.0;;;;;GM0184;;;;GM0184;;;;GM0184;;;False;False;False;52.65307155966276;5.622127374759109;WarmteAtlas:LT_WarmteBronnen_ECW;https://www.warmteatlas.nl/geoserver/WarmteAtlas/wfs;2026-06-23T13:53:17;
153980;473439;Haringfileerderij     De Maatjes     BV;0.0;Voedingsmiddelen_dranken_tabak;0.0;Optie B;0.0;0.0;;;;;GM0313;;;;GM0313;;;;GM0313;;;False;False;False;52.248995582445254;5.37226761200394;WarmteAtlas:LT_WarmteBronnen_ECW;https://www.warmteatlas.nl/geoserver/WarmteAtlas/wfs;2026-06-23T13:53:17;
154738;473517;Mayonna BV;0.0;Voedingsmiddelen_dranken_tabak;0.0;Optie B;0.0;0.0;;;;;GM0313;;;;GM0313;;;;GM0313;;;False;False;False;52.24969749548675;5.383367233253622;WarmteAtlas:LT_WarmteBronnen_ECW;https://www.warmteatlas.nl/geoserver/WarmteAtlas/wfs;2026-06-23T13:53:17;
245544;519318;Animal Lovers BV;0.0;Voedingsmiddelen_dranken_tabak;0.0;Optie B;0.0;0.0;;;;;GM0109;;;;GM0109;;;;GM0109;;;False;False;False;52.65379820445535;6.725316787195791;WarmteAtlas:LT_WarmteBronnen_ECW;https://www.warmteatlas.nl/geoserver/WarmteAtlas/wfs;2026-06-23T13:53:17;
246481;518523;Iams Europe BV;0.0;Voedingsmiddelen_dranken_tabak;0.0;Optie B;0.0;0.0;;;;;GM0109;;;;GM0109;;;;GM0109;;;False;False;False;52.64649851737043;6.738941005431578;WarmteAtlas:LT_WarmteBronnen_ECW;https://www.warmteatlas.nl/geoserver/WarmteAtlas/wfs;2026-06-23T13:53:17;
168026;364905;Budelse Brouwerij BV;0.0;voedingsmiddelen_dranken_tabak;0.0;Optie B;0.0;0.0;;;;;GM1706;;;;GM1706;;;;GM1706;;;False;False;False;51.27330258660139;5.57386649390396;WarmteAtlas:LT_WarmteBronnen_ECW;https://www.warmteatlas.nl/geoserver/WarmteAtlas/wfs;2026-06-23T13:53:17;
170964;368340;Refresco Benelux BV;0.0;voedingsmiddelen_dranken_tabak;0.0;Optie B;0.0;0.0;;;;;GM1706;;;;GM1706;;;;GM1706;;;False;False;False;51.304103516128926;5.6161230649151035;WarmteAtlas:LT_WarmteBronnen_ECW;https://www.warmteatlas.nl/geoserver/WarmteAtlas/wfs;2026-06-23T13:53:17;
189149;411529;Nabuurs BV;0.0;Voedingsmiddelen_dranken_tabak;0.0;Optie B;0.0;0.0;;;;;GM1982;;;;GM1982;;;;GM1982;;;False;False;False;51.691496836475;5.881086286750484;WarmteAtlas:LT_WarmteBronnen_ECW;https://www.warmteatlas.nl/geoserver/WarmteAtlas/wfs;2026-06-23T13:53:17;
189458;415192;Nutricia Cuijk BV;0.0;Voedingsmiddelen_dranken_tabak;0.0;Optie B;0.0;0.0;;;;;GM1982;;;;GM1982;;;;GM1982;;;False;False;False;51.724401677781024;5.885918229165375;WarmteAtlas:LT_WarmteBronnen_ECW;https://www.warmteatlas.nl/geoserver/WarmteAtlas/wfs;2026-06-23T13:53:17;
188457;414729;Swinkels Ovenvers Gebak BV;0.0;Voedingsmiddelen_dranken_tabak;0.0;Optie B;0.0;0.0;;;;;GM1982;;;;GM1982;;;;GM1982;;;False;False;False;51.720300928072106;5.871386491097095;WarmteAtlas:LT_WarmteBronnen_ECW;https://www.warmteatlas.nl/geoserver/WarmteAtlas/wfs;2026-06-23T13:53:17;
142634;439042;Handelsmij  Procema BV;0.0;Voedingsmiddelen_dranken_tabak;0.0;Optie B;0.0;0.0;;;;;GM0216;;;;GM0216;;;;GM0216;;;False;False;False;51.93969854742873;5.207371049878785;WarmteAtlas:LT_WarmteBronnen_ECW;https://www.warmteatlas.nl/geoserver/WarmteAtlas/wfs;2026-06-23T13:53:17;
214412;502739;Bel Leerdammer BV;0.0;Voedingsmiddelen_dranken_tabak;0.0;Optie B;0.0;0.0;;;;;GM0148;;;;GM0148;;;;GM0148;;;False;False;False;52.50910239366698;6.262331286337486;WarmteAtlas:LT_WarmteBronnen_ECW;https://www.warmteatlas.nl/geoserver/WarmteAtlas/wfs;2026-06-23T13:53:17;
214493;502651;Th  Feijen en Zonen BV;0.0;Voedingsmiddelen_dranken_tabak;0.0;Optie B;0.0;0.0;;;;;GM0148;;;;GM0148;;;;GM0148;;;False;False;False;52.50830277755498;6.26350857057674;WarmteAtlas:LT_WarmteBronnen_ECW;https://www.warmteatlas.nl/geoserver/WarmteAtlas/wfs;2026-06-23T13:53:17;
198235;585109;Kroon Vleeswarenfabriek Zwaagwesteinde BV;0.0;Voedingsmiddelen_dranken_tabak;0.0;Optie B;0.0;0.0;;;;;GM1891;;;;GM1891;;;;GM1891;;;False;False;False;53.250795563267666;6.034952069688693;WarmteAtlas:LT_WarmteBronnen_ECW;https://www.warmteatlas.nl/geoserver/WarmteAtlas/wfs;2026-06-23T13:53:17;
195059;583212;Teeling Petfood Veenwouden BV;0.0;Voedingsmiddelen_dranken_tabak;0.0;Optie B;0.0;0.0;;;;;GM1891;;;;GM1891;;;;GM1891;;;False;False;False;53.233998201411886;5.987135242836269;WarmteAtlas:LT_WarmteBronnen_ECW;https://www.warmteatlas.nl/geoserver/WarmteAtlas/wfs;2026-06-23T13:53:17;
181498;551101;Exploitatiemaatschappij Phoenix BV;0.0;Voedingsmiddelen_dranken_tabak;0.0;Optie B;0.0;0.0;;;;;GM1940;;;;GM1940;;;;GM1940;;;False;False;False;52.94630097769249;5.7814197028627445;WarmteAtlas:LT_WarmteBronnen_ECW;https://www.warmteatlas.nl/geoserver/WarmteAtlas/wfs;2026-06-23T13:53:17;
179034;548228;Holiday Ice BV;0.0;Voedingsmiddelen_dranken_tabak;0.0;Optie B;0.0;0.0;;;;;GM1940;;;;GM1940;;;;GM1940;;;False;False;False;52.92059904724103;5.7445515505981115;WarmteAtlas:LT_WarmteBronnen_ECW;https://www.warmteatlas.nl/geoserver/WarmteAtlas/wfs;2026-06-23T13:53:17;
176611;539537;Marine Harvest Sterk BV;0.0;Voedingsmiddelen_dranken_tabak;0.0;Optie B;0.0;0.0;;;;;GM1940;;;;GM1940;;;;GM1940;;;False;False;False;52.842601146157364;5.707951837346011;WarmteAtlas:LT_WarmteBronnen_ECW;https://www.warmteatlas.nl/geoserver/WarmteAtlas/wfs;2026-06-23T13:53:17;
185961;548879;Modderman Fabricage BV;0.0;Voedingsmiddelen_dranken_tabak;0.0;Optie B;0.0;0.0;;;;;GM1940;;;;GM1940;;;;GM1940;;;False;False;False;52.92609628595244;5.847603306492137;WarmteAtlas:LT_WarmteBronnen_ECW;https://www.warmteatlas.nl/geoserver/WarmteAtlas/wfs;2026-06-23T13:53:17;
119807;468713;Smit   Dorlas Koffiebranders BV;0.0;Voedingsmiddelen_dranken_tabak;0.0;Optie B;0.0;0.0;;;;;GM0736;;;;GM0736;;;;GM0736;;;False;False;False;52.205398186867285;4.872360615962354;WarmteAtlas:LT_WarmteBronnen_ECW;https://www.warmteatlas.nl/geoserver/WarmteAtlas/wfs;2026-06-23T13:53:17;
214563;527812;Co0peratieve Grasdrogerij Ruinerwold en omstreken BA;0.0;Voedingsmiddelen_dranken_tabak;0.0;Optie B;0.0;0.0;;;;;GM1690;;;;GM1690;;;;GM1690;;;False;False;False;52.734396980244014;6.2690588272614916;WarmteAtlas:LT_WarmteBronnen_ECW;https://www.warmteatlas.nl/geoserver/WarmteAtlas/wfs;2026-06-23T13:53:17;
212927;525979;Koetsier Vleeswaren BV;0.0;Voedingsmiddelen_dranken_tabak;0.0;Optie B;0.0;0.0;;;;;GM1690;;;;GM1690;;;;GM1690;;;False;False;False;52.718102580694115;6.244517912500636;WarmteAtlas:LT_WarmteBronnen_ECW;https://www.warmteatlas.nl/geoserver/WarmteAtlas/wfs;2026-06-23T13:53:17;
85103;444623;Zandvliet Vleeswaren II BV;0.0;Voedingsmiddelen_dranken_tabak;0.0;Optie B;0.0;0.0;;;;;GM0503;;;;GM0503;;;;GM0503;;;False;False;False;51.98559997629179;4.36966823048532;WarmteAtlas:LT_WarmteBronnen_ECW;https://www.warmteatlas.nl/geoserver/WarmteAtlas/wfs;2026-06-23T13:53:17;
112459;549946;Jacques  Kruidenboter BV;0.0;Voedingsmiddelen_dranken_tabak;0.0;Optie B;0.0;0.0;;;;;GM0400;;;;GM0400;;;;GM0400;;;False;False;False;52.93489786825512;4.754482019380838;WarmteAtlas:LT_WarmteBronnen_ECW;https://www.warmteatlas.nl/geoserver/WarmteAtlas/wfs;2026-06-23T13:53:17;
183754;384661;Fromatech Ingredients BV;0.0;Voedingsmiddelen_dranken_tabak;0.0;Optie B;0.0;0.0;;;;;GM0762;;;;GM0762;;;;GM0762;;;False;False;False;51.45029976647249;5.8008550460831465;WarmteAtlas:LT_WarmteBronnen_ECW;https://www.warmteatlas.nl/geoserver/WarmteAtlas/wfs;2026-06-23T13:53:17;
182687;385489;Voergroep Zuid BV;0.0;Voedingsmiddelen_dranken_tabak;0.0;Optie B;0.0;0.0;;;;;GM0762;;;;GM0762;;;;GM0762;;;False;False;False;51.457795668021596;5.785570695401698;WarmteAtlas:LT_WarmteBronnen_ECW;https://www.warmteatlas.nl/geoserver/WarmteAtlas/wfs;2026-06-23T13:53:17;
209529;473973;Bobeldijk Food Group BV;0.0;Voedingsmiddelen_dranken_tabak;0.0;Optie B;0.0;0.0;;;;;GM0150;;;;GM0150;;;;GM0150;;;False;False;False;52.25109609403673;6.185741494957665;WarmteAtlas:LT_WarmteBronnen_ECW;https://www.warmteatlas.nl/geoserver/WarmteAtlas/wfs;2026-06-23T13:53:17;
210372;473104;Cargill BV;0.0;Voedingsmiddelen_dranken_tabak;0.0;Optie B;0.0;0.0;;;;;GM0150;;;;GM0150;;;;GM0150;;;False;False;False;52.243202245871565;6.197943131605659;WarmteAtlas:LT_WarmteBronnen_ECW;https://www.warmteatlas.nl/geoserver/WarmteAtlas/wfs;2026-06-23T13:53:17;
208783;473253;Continental Bakeries  Deventer  BV;0.0;Voedingsmiddelen_dranken_tabak;0.0;Optie B;0.0;0.0;;;;;GM0150;;;;GM0150;;;;GM0150;;;False;False;False;52.24469873885492;6.174703330527498;WarmteAtlas:LT_WarmteBronnen_ECW;https://www.warmteatlas.nl/geoserver/WarmteAtlas/wfs;2026-06-23T13:53:17;
209509;473628;Sloten BV;0.0;Voedingsmiddelen_dranken_tabak;0.0;Optie B;0.0;0.0;;;;;GM0150;;;;GM0150;;;;GM0150;;;False;False;False;52.24799753521526;6.185393011561629;WarmteAtlas:LT_WarmteBronnen_ECW;https://www.warmteatlas.nl/geoserver/WarmteAtlas/wfs;2026-06-23T13:53:17;
210871;472731;Stegeman CV;0.0;Voedingsmiddelen_dranken_tabak;0.0;Optie B;0.0;0.0;;;;;GM0150;;;;GM0150;;;;GM0150;;;False;False;False;52.23979969869958;6.205187004929755;WarmteAtlas:LT_WarmteBronnen_ECW;https://www.warmteatlas.nl/geoserver/WarmteAtlas/wfs;2026-06-23T13:53:17;
125619;483752;A F  Stam BV;0.0;Voedingsmiddelen_dranken_tabak;0.0;Optie B;0.0;0.0;;;;;GM0384;;;;GM0384;;;;GM0384;;;False;False;False;52.34090170926591;4.956074782548264;WarmteAtlas:LT_WarmteBronnen_ECW;https://www.warmteatlas.nl/geoserver/WarmteAtlas/wfs;2026-06-23T13:53:17;
258729;492634;Heupink   Bloemen Tabak BV;0.0;voedingsmiddelen_dranken_tabak;0.0;Optie B;0.0;0.0;;;;;GM1774;;;;GM1774;;;;GM1774;;;False;False;False;52.411699506763874;6.911802752777967;WarmteAtlas:LT_WarmteBronnen_ECW;https://www.warmteatlas.nl/geoserver/WarmteAtlas/wfs;2026-06-23T13:53:17;
266179;489547;Bonfait BV;0.0;Voedingsmiddelen_dranken_tabak;0.0;Optie B;0.0;0.0;;;;;GM1774;;;;GM1774;;;;GM1774;;;False;False;False;52.3825042467347;7.020238031968538;WarmteAtlas:LT_WarmteBronnen_ECW;https://www.warmteatlas.nl/geoserver/WarmteAtlas/wfs;2026-06-23T13:53:17;
215656;443089;Aviko Kloosterboer Verpakkingen BV;0.0;Voedingsmiddelen_dranken_tabak;0.0;Optie B;0.0;0.0;;;;;GM0222;;;;GM0222;;;;GM0222;;;False;False;False;51.97289734919025;6.269955480708088;WarmteAtlas:LT_WarmteBronnen_ECW;https://www.warmteatlas.nl/geoserver/WarmteAtlas/wfs;2026-06-23T13:53:17;
217094;440526;Intersnack Nederland BV;0.0;Voedingsmiddelen_dranken_tabak;0.0;Optie B;0.0;0.0;;;;;GM0222;;;;GM0222;;;;GM0222;;;False;False;False;51.949703976376895;6.290417063766645;WarmteAtlas:LT_WarmteBronnen_ECW;https://www.warmteatlas.nl/geoserver/WarmteAtlas/wfs;2026-06-23T13:53:17;
216952;441436;Partner in Pet Food NL BV;0.0;Voedingsmiddelen_dranken_tabak;0.0;Optie B;0.0;0.0;;;;;GM0222;;;;GM0222;;;;GM0222;;;False;False;False;51.95789827511168;6.288516016679809;WarmteAtlas:LT_WarmteBronnen_ECW;https://www.warmteatlas.nl/geoserver/WarmteAtlas/wfs;2026-06-23T13:53:17;
128082;402273;Coca Cola Enterprises Nederland BV;0.0;voedingsmiddelen_dranken_tabak;0.0;Optie B;0.0;0.0;;;;;GM0766;;;;GM0766;;;;GM0766;;;False;False;False;51.60869615591121;4.998608232124958;WarmteAtlas:LT_WarmteBronnen_ECW;https://www.warmteatlas.nl/geoserver/WarmteAtlas/wfs;2026-06-23T13:53:17;
122482;403463;Van Rees BV;0.0;Voedingsmiddelen_dranken_tabak;0.0;Optie B;0.0;0.0;;;;;GM0766;;;;GM0766;;;;GM0766;;;False;False;False;51.619095835466716;4.917657220086595;WarmteAtlas:LT_WarmteBronnen_ECW;https://www.warmteatlas.nl/geoserver/WarmteAtlas/wfs;2026-06-23T13:53:17;
176668;496786;VNK  Verenigde Nederlandse Kruidendrogerijen  BV;0.0;Voedingsmiddelen_dranken_tabak;0.0;Optie B;0.0;0.0;;;;;GM0303;;;;GM0303;;;;GM0303;;;False;False;False;52.45840071700185;5.705999134554251;WarmteAtlas:LT_WarmteBronnen_ECW;https://www.warmteatlas.nl/geoserver/WarmteAtlas/wfs;2026-06-23T13:53:17;
168840;432526;Tijssen Uw Versspecialist VOF;0.0;Voedingsmiddelen_dranken_tabak;0.0;Optie B;0.0;0.0;;;;;GM0225;;;;GM0225;;;;GM0225;;;False;False;False;51.88109605280285;5.588207506503127;WarmteAtlas:LT_WarmteBronnen_ECW;https://www.warmteatlas.nl/geoserver/WarmteAtlas/wfs;2026-06-23T13:53:17;
196417;441891;Vamo Produkten voor de Bakkerij BV;0.0;Voedingsmiddelen_dranken_tabak;0.0;Optie B;0.0;0.0;;;;;GM0226;;;;GM0226;;;;GM0226;;;False;False;False;51.963898410827795;5.989835692764936;WarmteAtlas:LT_WarmteBronnen_ECW;https://www.warmteatlas.nl/geoserver/WarmteAtlas/wfs;2026-06-23T13:53:17;
134195;502179;Freek Schilder Vissnacks BV;0.0;Voedingsmiddelen_dranken_tabak;0.0;Optie B;0.0;0.0;;;;;GM0385;;;;GM0385;;;;GM0385;;;False;False;False;52.50690329360135;5.080771333453988;WarmteAtlas:LT_WarmteBronnen_ECW;https://www.warmteatlas.nl/geoserver/WarmteAtlas/wfs;2026-06-23T13:53:17;
131373;503159;Platvis Holland BV;0.0;Voedingsmiddelen_dranken_tabak;0.0;Optie B;0.0;0.0;;;;;GM0385;;;;GM0385;;;;GM0385;;;False;False;False;52.51559611804079;5.039137864559114;WarmteAtlas:LT_WarmteBronnen_ECW;https://www.warmteatlas.nl/geoserver/WarmteAtlas/wfs;2026-06-23T13:53:17;
131470;503170;Smilde Bakery BV;0.0;Voedingsmiddelen_dranken_tabak;0.0;Optie B;0.0;0.0;;;;;GM0385;;;;GM0385;;;;GM0385;;;False;False;False;52.51569915843036;5.040566043152704;WarmteAtlas:LT_WarmteBronnen_ECW;https://www.warmteatlas.nl/geoserver/WarmteAtlas/wfs;2026-06-23T13:53:17;
174339;459280;Co0peratie     De Valk Wekerom     UA;0.0;Voedingsmiddelen_dranken_tabak;0.0;Optie B;0.0;0.0;;;;;GM0228;;;;GM0228;;;;GM0228;;;False;False;False;52.121398554716734;5.66958289412731;WarmteAtlas:LT_WarmteBronnen_ECW;https://www.warmteatlas.nl/geoserver/WarmteAtlas/wfs;2026-06-23T13:53:17;
173825;451690;CSK Food Enrichment CV;0.0;Voedingsmiddelen_dranken_tabak;0.0;Optie B;0.0;0.0;;;;;GM0228;;;;GM0228;;;;GM0228;;;False;False;False;52.053197807068024;5.661658499754056;WarmteAtlas:LT_WarmteBronnen_ECW;https://www.warmteatlas.nl/geoserver/WarmteAtlas/wfs;2026-06-23T13:53:17;
173273;447549;De Heus Voeders BV;0.0;Voedingsmiddelen_dranken_tabak;0.0;Optie B;0.0;0.0;;;;;GM0228;;;;GM0228;;;;GM0228;;;False;False;False;52.01599689388926;5.653389362273682;WarmteAtlas:LT_WarmteBronnen_ECW;https://www.warmteatlas.nl/geoserver/WarmteAtlas/wfs;2026-06-23T13:53:17;
168196;453052;E J  Bos Mengvoeders BV;0.0;Voedingsmiddelen_dranken_tabak;0.0;Optie B;0.0;0.0;;;;;GM0228;;;;GM0228;;;;GM0228;;;False;False;False;52.0656022698686;5.579644822857244;WarmteAtlas:LT_WarmteBronnen_ECW;https://www.warmteatlas.nl/geoserver/WarmteAtlas/wfs;2026-06-23T13:53:17;
172818;449328;Frieslandcampina Riedel BV;0.0;Voedingsmiddelen_dranken_tabak;0.0;Optie B;0.0;0.0;;;;;GM0228;;;;GM0228;;;;GM0228;;;False;False;False;52.03200143198232;5.646854071289641;WarmteAtlas:LT_WarmteBronnen_ECW;https://www.warmteatlas.nl/geoserver/WarmteAtlas/wfs;2026-06-23T13:53:17;
168062;452528;P  Bos Mengvoeder  en Kunstmesthandel BV;0.0;Voedingsmiddelen_dranken_tabak;0.0;Optie B;0.0;0.0;;;;;GM0228;;;;GM0228;;;;GM0228;;;False;False;False;52.06089572538036;5.577670601619776;WarmteAtlas:LT_WarmteBronnen_ECW;https://www.warmteatlas.nl/geoserver/WarmteAtlas/wfs;2026-06-23T13:53:17;
167759;450803;Poeliersbedrijf Brinkhorst BV;0.0;Voedingsmiddelen_dranken_tabak;0.0;Optie B;0.0;0.0;;;;;GM0228;;;;GM0228;;;;GM0228;;;False;False;False;52.04539842775698;5.573187849670544;WarmteAtlas:LT_WarmteBronnen_ECW;https://www.warmteatlas.nl/geoserver/WarmteAtlas/wfs;2026-06-23T13:53:17;
174053;451591;Vika BV;0.0;Voedingsmiddelen_dranken_tabak;0.0;Optie B;0.0;0.0;;;;;GM0228;;;;GM0228;;;;GM0228;;;False;False;False;52.05230019792849;5.66497701832184;WarmteAtlas:LT_WarmteBronnen_ECW;https://www.warmteatlas.nl/geoserver/WarmteAtlas/wfs;2026-06-23T13:53:17;
150438;375069;Scandinavian Tobacco Group Eersel BV;0.0;voedingsmiddelen_dranken_tabak;0.0;Optie B;0.0;0.0;;;;;GM0770;;;;GM0770;;;;GM0770;;;False;False;False;51.3647957357506;5.321695011849777;WarmteAtlas:LT_WarmteBronnen_ECW;https://www.warmteatlas.nl/geoserver/WarmteAtlas/wfs;2026-06-23T13:53:17;
163642;382829;BV Deli HTL Tabak Maatschappij;30.0;voedingsmiddelen_dranken_tabak;1.8;Optie B;0.31;0.96;;;;;GM0772;;;;GM0772;;;;GM0772;;;False;False;False;51.43449996902772;5.511480890854205;WarmteAtlas:LT_WarmteBronnen_ECW;https://www.warmteatlas.nl/geoserver/WarmteAtlas/wfs;2026-06-23T13:53:17;
157211;388362;Bonduelle Nederland BV;0.0;Voedingsmiddelen_dranken_tabak;0.0;Optie B;0.0;0.0;;;;;GM0772;;;;GM0772;;;;GM0772;;;False;False;False;51.48429624503529;5.419032079240461;WarmteAtlas:LT_WarmteBronnen_ECW;https://www.warmteatlas.nl/geoserver/WarmteAtlas/wfs;2026-06-23T13:53:17;
158936;382868;Co0peratie Brameco  Z O N  UA;0.0;Voedingsmiddelen_dranken_tabak;0.0;Optie B;0.0;0.0;;;;;GM0772;;;;GM0772;;;;GM0772;;;False;False;False;51.43490309336531;5.4438047165348555;WarmteAtlas:LT_WarmteBronnen_ECW;https://www.warmteatlas.nl/geoserver/WarmteAtlas/wfs;2026-06-23T13:53:17;
157035;388207;Van Loon Best BV;0.0;Voedingsmiddelen_dranken_tabak;0.0;Optie B;0.0;0.0;;;;;GM0772;;;;GM0772;;;;GM0772;;;False;False;False;51.48290367134247;5.416497365460366;WarmteAtlas:LT_WarmteBronnen_ECW;https://www.warmteatlas.nl/geoserver/WarmteAtlas/wfs;2026-06-23T13:53:17;
185255;496842;De Stille Kracht BV;0.0;Voedingsmiddelen_dranken_tabak;0.0;Optie B;0.0;0.0;;;;;GM0230;;;;GM0230;;;;GM0230;;;False;False;False;52.458496709772334;5.832338901117001;WarmteAtlas:LT_WarmteBronnen_ECW;https://www.warmteatlas.nl/geoserver/WarmteAtlas/wfs;2026-06-23T13:53:17;
185240;496319;Elburg Foods BV;0.0;Voedingsmiddelen_dranken_tabak;0.0;Optie B;0.0;0.0;;;;;GM0230;;;;GM0230;;;;GM0230;;;False;False;False;52.45379724082229;5.832070923273356;WarmteAtlas:LT_WarmteBronnen_ECW;https://www.warmteatlas.nl/geoserver/WarmteAtlas/wfs;2026-06-23T13:53:17;
184908;496417;Sensient Natural Ingredients BV;0.0;Voedingsmiddelen_dranken_tabak;0.0;Optie B;0.0;0.0;;;;;GM0230;;;;GM0230;;;;GM0230;;;False;False;False;52.454696223882394;5.827195711823344;WarmteAtlas:LT_WarmteBronnen_ECW;https://www.warmteatlas.nl/geoserver/WarmteAtlas/wfs;2026-06-23T13:53:17;
254901;522784;Jaap Koopman Diervoeding BV;0.0;Voedingsmiddelen_dranken_tabak;0.0;Optie B;0.0;0.0;;;;;GM0114;;;;GM0114;;;;GM0114;;;False;False;False;52.6833020868407;6.864604407895051;WarmteAtlas:LT_WarmteBronnen_ECW;https://www.warmteatlas.nl/geoserver/WarmteAtlas/wfs;2026-06-23T13:53:17;
257233;533139;Vleems Food BV;0.0;Voedingsmiddelen_dranken_tabak;0.0;Optie B;0.0;0.0;;;;;GM0114;;;;GM0114;;;;GM0114;;;False;False;False;52.77590094309724;6.902290075236761;WarmteAtlas:LT_WarmteBronnen_ECW;https://www.warmteatlas.nl/geoserver/WarmteAtlas/wfs;2026-06-23T13:53:17;
147593;522692;Gebr  Kraan Palingrokerij BV;0.0;Voedingsmiddelen_dranken_tabak;0.0;Optie B;0.0;0.0;;;;;GM0388;;;;GM0388;;;;GM0388;;;False;False;False;52.69160100830186;5.277650770852572;WarmteAtlas:LT_WarmteBronnen_ECW;https://www.warmteatlas.nl/geoserver/WarmteAtlas/wfs;2026-06-23T13:53:17;
196627;479590;Droste BV;0.0;Voedingsmiddelen_dranken_tabak;0.0;Optie B;0.0;0.0;;;;;GM0232;;;;GM0232;;;;GM0232;;;False;False;False;52.30270409411774;5.9975055703080296;WarmteAtlas:LT_WarmteBronnen_ECW;https://www.warmteatlas.nl/geoserver/WarmteAtlas/wfs;2026-06-23T13:53:17;
170174;478169;Banketfabriek     Het Sluisje     BV;0.0;Voedingsmiddelen_dranken_tabak;0.0;Optie B;0.0;0.0;;;;;GM0233;;;;GM0233;;;;GM0233;;;False;False;False;52.29129899478089;5.6096142878715405;WarmteAtlas:LT_WarmteBronnen_ECW;https://www.warmteatlas.nl/geoserver/WarmteAtlas/wfs;2026-06-23T13:53:17;
178466;477578;Navobi BV;0.0;Voedingsmiddelen_dranken_tabak;0.0;Optie B;0.0;0.0;;;;;GM0233;;;;GM0233;;;;GM0233;;;False;False;False;52.285696027558615;5.731109995454809;WarmteAtlas:LT_WarmteBronnen_ECW;https://www.warmteatlas.nl/geoserver/WarmteAtlas/wfs;2026-06-23T13:53:17;
170075;478258;Polskamp BV;0.0;Voedingsmiddelen_dranken_tabak;0.0;Optie B;0.0;0.0;;;;;GM0233;;;;GM0233;;;;GM0233;;;False;False;False;52.29210161893334;5.608167202346261;WarmteAtlas:LT_WarmteBronnen_ECW;https://www.warmteatlas.nl/geoserver/WarmteAtlas/wfs;2026-06-23T13:53:17;
101646;399858;Bettinehoeve BV;0.0;Voedingsmiddelen_dranken_tabak;0.0;Optie B;0.0;0.0;;;;;GM0777;;;;GM0777;;4874ND;;GM0777;;4874ND;False;False;False;51.585100389620216;4.617366297615516;WarmteAtlas:LT_WarmteBronnen_ECW;https://www.warmteatlas.nl/geoserver/WarmteAtlas/wfs;2026-06-23T13:53:17;
101462;397234;Buiteman BV;0.0;Voedingsmiddelen_dranken_tabak;0.0;Optie B;0.0;0.0;;;;;GM0777;;;;GM0777;;;;GM0777;;;False;False;False;51.56149856033851;4.6151128284500205;WarmteAtlas:LT_WarmteBronnen_ECW;https://www.warmteatlas.nl/geoserver/WarmteAtlas/wfs;2026-06-23T13:53:17;
100732;397064;Chocolaterie Boulanger Breda BV;0.0;Voedingsmiddelen_dranken_tabak;0.0;Optie B;0.0;0.0;;;;;GM0777;;;;GM0777;;;;GM0777;;;False;False;False;51.559900612557925;4.604612525152401;WarmteAtlas:LT_WarmteBronnen_ECW;https://www.warmteatlas.nl/geoserver/WarmteAtlas/wfs;2026-06-23T13:53:17;
103060;404449;Hill s Pet Nutrition Manufacturing BV;0.0;Voedingsmiddelen_dranken_tabak;0.0;Optie B;0.0;0.0;;;;;GM0777;;;;GM0777;;;;GM0777;;;False;False;False;51.626496547938295;4.6370848330784735;WarmteAtlas:LT_WarmteBronnen_ECW;https://www.warmteatlas.nl/geoserver/WarmteAtlas/wfs;2026-06-23T13:53:17;
100851;397396;Kaasmakerij Ozgazi BV;0.0;Voedingsmiddelen_dranken_tabak;0.0;Optie B;0.0;0.0;;;;;GM0777;;;;GM0777;;;;GM0777;;;False;False;False;51.56289607799426;4.606277139850915;WarmteAtlas:LT_WarmteBronnen_ECW;https://www.warmteatlas.nl/geoserver/WarmteAtlas/wfs;2026-06-23T13:53:17;
119967;413683;Jaarbeurs Externe Catering BV;0.0;Voedingsmiddelen_dranken_tabak;0.0;Optie B;0.0;0.0;;;;;GM0779;;;;GM0779;;;;GM0779;;;False;False;False;51.71080420161267;4.8803159388180575;WarmteAtlas:LT_WarmteBronnen_ECW;https://www.warmteatlas.nl/geoserver/WarmteAtlas/wfs;2026-06-23T13:53:17;
166963;383136;Cor Segers BV;0.0;Voedingsmiddelen_dranken_tabak;0.0;Optie B;0.0;0.0;;;;;GM1771;;;;GM1771;;;;GM1771;;;False;False;False;51.43719875694344;5.559250214033412;WarmteAtlas:LT_WarmteBronnen_ECW;https://www.warmteatlas.nl/geoserver/WarmteAtlas/wfs;2026-06-23T13:53:17;
166644;381533;Koninklijke Peijnenburg BV;0.0;Voedingsmiddelen_dranken_tabak;0.0;Optie B;0.0;0.0;;;;;GM1771;;;;GM1771;;;;GM1771;;;False;False;False;51.422796632698486;5.554609459695789;WarmteAtlas:LT_WarmteBronnen_ECW;https://www.warmteatlas.nl/geoserver/WarmteAtlas/wfs;2026-06-23T13:53:17;
181095;399755;Cor Segers BV;0.0;Voedingsmiddelen_dranken_tabak;0.0;Optie B;0.0;0.0;;;;;GM1652;;;;GM1652;;;;GM1652;;;False;False;False;51.58610112910858;5.76372604885554;WarmteAtlas:LT_WarmteBronnen_ECW;https://www.warmteatlas.nl/geoserver/WarmteAtlas/wfs;2026-06-23T13:53:17;
177710;394243;Cor Segers BV;0.0;Voedingsmiddelen_dranken_tabak;0.0;Optie B;0.0;0.0;;;;;GM1652;;;;GM1652;;;;GM1652;;;False;False;False;51.536703789435265;5.714527183588309;WarmteAtlas:LT_WarmteBronnen_ECW;https://www.warmteatlas.nl/geoserver/WarmteAtlas/wfs;2026-06-23T13:53:17;
177202;397322;Cor Segers BV;0.0;Voedingsmiddelen_dranken_tabak;0.0;Optie B;0.0;0.0;;;;;GM1652;;;;GM1652;;;;GM1652;;;False;False;False;51.56439965017235;5.707400485643142;WarmteAtlas:LT_WarmteBronnen_ECW;https://www.warmteatlas.nl/geoserver/WarmteAtlas/wfs;2026-06-23T13:53:17;
199098;414422;O D I  de Dageraad BV;0.0;Voedingsmiddelen_dranken_tabak;0.0;Optie B;0.0;0.0;;;;;GM0907;;;;GM0907;;;;GM0907;;;False;False;False;51.71680381091819;6.0253344299956755;WarmteAtlas:LT_WarmteBronnen_ECW;https://www.warmteatlas.nl/geoserver/WarmteAtlas/wfs;2026-06-23T13:53:17;
195579;410498;Stimulan BV;0.0;Voedingsmiddelen_dranken_tabak;0.0;Optie B;0.0;0.0;;;;;GM0907;;;;GM0907;;;;GM0907;;;False;False;False;51.68180086550168;5.973956504736724;WarmteAtlas:LT_WarmteBronnen_ECW;https://www.warmteatlas.nl/geoserver/WarmteAtlas/wfs;2026-06-23T13:53:17;
124208;399080;Amalthea BV;0.0;Voedingsmiddelen_dranken_tabak;0.0;Optie B;0.0;0.0;;;;;GM0784;;;;GM0784;;;;GM0784;;;False;False;False;51.57979724266852;4.942964989193043;WarmteAtlas:LT_WarmteBronnen_ECW;https://www.warmteatlas.nl/geoserver/WarmteAtlas/wfs;2026-06-23T13:53:17;
119309;397688;Bio Kaas BV;0.0;Voedingsmiddelen_dranken_tabak;0.0;Optie B;0.0;0.0;;;;;GM0784;;;;GM0784;;;;GM0784;;;False;False;False;51.56699571161115;4.8724314803143765;WarmteAtlas:LT_WarmteBronnen_ECW;https://www.warmteatlas.nl/geoserver/WarmteAtlas/wfs;2026-06-23T13:53:17;
124201;399047;Goat Cheese Brabant BV;0.0;Voedingsmiddelen_dranken_tabak;0.0;Optie B;0.0;0.0;;;;;GM0784;;;;GM0784;;;;GM0784;;;False;False;False;51.57950024297048;4.942866906164696;WarmteAtlas:LT_WarmteBronnen_ECW;https://www.warmteatlas.nl/geoserver/WarmteAtlas/wfs;2026-06-23T13:53:17;
123820;398704;Jong Food BV;0.0;Voedingsmiddelen_dranken_tabak;0.0;Optie B;0.0;0.0;;;;;GM0784;;;;GM0784;;;;GM0784;;;False;False;False;51.57639622275016;4.93740095823432;WarmteAtlas:LT_WarmteBronnen_ECW;https://www.warmteatlas.nl/geoserver/WarmteAtlas/wfs;2026-06-23T13:53:17;
123787;399016;Van Olphen Viande Select BV;0.0;Voedingsmiddelen_dranken_tabak;0.0;Optie B;0.0;0.0;;;;;GM0784;;;;GM0784;;;;GM0784;;;False;False;False;51.579198759399524;4.936897102305999;WarmteAtlas:LT_WarmteBronnen_ECW;https://www.warmteatlas.nl/geoserver/WarmteAtlas/wfs;2026-06-23T13:53:17;
41230;391554;McCain Foods Holland BV;0.0;Voedingsmiddelen_dranken_tabak;0.0;Optie B;0.0;0.0;;;;;GM0664;;;;GM0664;;;;GM0664;;;False;False;False;51.50149719499876;3.7485785068288338;WarmteAtlas:LT_WarmteBronnen_ECW;https://www.warmteatlas.nl/geoserver/WarmteAtlas/wfs;2026-06-23T13:53:17;
190712;315773;Brand Bierbrouwerij BV;0.0;voedingsmiddelen_dranken_tabak;0.0;Optie B;0.0;0.0;;;;;GM1729;;;;GM1729;;;;GM1729;;;False;False;False;50.830703818648665;5.894071469959629;WarmteAtlas:LT_WarmteBronnen_ECW;https://www.warmteatlas.nl/geoserver/WarmteAtlas/wfs;2026-06-23T13:53:17;
190488;313958;BV Gulpener Bierbrouwerij;0.0;voedingsmiddelen_dranken_tabak;0.0;Optie B;0.0;0.0;;;;;GM1729;;;;GM1729;;;;GM1729;;;False;False;False;50.81440361824171;5.890715063836241;WarmteAtlas:LT_WarmteBronnen_ECW;https://www.warmteatlas.nl/geoserver/WarmteAtlas/wfs;2026-06-23T13:53:17;
192474;311758;De Commandeursmolen BV;0.0;Voedingsmiddelen_dranken_tabak;0.0;Optie B;0.0;0.0;;;;;GM1729;;;;GM1729;;;;GM1729;;;False;False;False;50.7945027990823;5.918665405347817;WarmteAtlas:LT_WarmteBronnen_ECW;https://www.warmteatlas.nl/geoserver/WarmteAtlas/wfs;2026-06-23T13:53:17;
106996;491976;Holland Paling BV;0.0;Voedingsmiddelen_dranken_tabak;0.0;Optie B;0.0;0.0;;;;;GM0392;;;;GM0392;;;;GM0392;;;False;False;False;52.41349982622464;4.681646580464585;WarmteAtlas:LT_WarmteBronnen_ECW;https://www.warmteatlas.nl/geoserver/WarmteAtlas/wfs;2026-06-23T13:53:17;
105754;490364;Otelli BV;0.0;Voedingsmiddelen_dranken_tabak;0.0;Optie B;0.0;0.0;;;;;GM0392;;;;GM0392;;;;GM0392;;;False;False;False;52.39890279782854;4.663629793340451;WarmteAtlas:LT_WarmteBronnen_ECW;https://www.warmteatlas.nl/geoserver/WarmteAtlas/wfs;2026-06-23T13:53:17;
110824;488202;A L  Hoogesteger Fresh Specialist BV;0.0;Voedingsmiddelen_dranken_tabak;0.0;Optie B;0.0;0.0;;;;;GM0394;;;;GM0394;;;;GM0394;;;False;False;False;52.37990440070363;4.73840321310083;WarmteAtlas:LT_WarmteBronnen_ECW;https://www.warmteatlas.nl/geoserver/WarmteAtlas/wfs;2026-06-23T13:53:17;
111478;479695;Cargill Meats Holland BV;0.0;Voedingsmiddelen_dranken_tabak;0.0;Optie B;0.0;0.0;;;;;GM0394;;;;GM0394;;;;GM0394;;;False;False;False;52.30350283058695;4.749107633692279;WarmteAtlas:LT_WarmteBronnen_ECW;https://www.warmteatlas.nl/geoserver/WarmteAtlas/wfs;2026-06-23T13:53:17;
103620;474262;Gepo Vleeswaren BV;0.0;Voedingsmiddelen_dranken_tabak;0.0;Optie B;0.0;0.0;;;;;GM0394;;;;GM0394;;;;GM0394;;;False;False;False;52.2539982343975;4.634733201215463;WarmteAtlas:LT_WarmteBronnen_ECW;https://www.warmteatlas.nl/geoserver/WarmteAtlas/wfs;2026-06-23T13:53:17;
103066;474335;Kaaskeuken BV;0.0;Voedingsmiddelen_dranken_tabak;0.0;Optie B;0.0;0.0;;;;;GM0394;;;;GM0394;;;;GM0394;;;False;False;False;52.25460235473227;4.626609226218352;WarmteAtlas:LT_WarmteBronnen_ECW;https://www.warmteatlas.nl/geoserver/WarmteAtlas/wfs;2026-06-23T13:53:17;
108921;478405;Mccain Foods Holland BV;0.0;Voedingsmiddelen_dranken_tabak;0.0;Optie B;0.0;0.0;;;;;GM0394;;;;GM0394;;;;GM0394;;;False;False;False;52.29170115470381;4.711796868306442;WarmteAtlas:LT_WarmteBronnen_ECW;https://www.warmteatlas.nl/geoserver/WarmteAtlas/wfs;2026-06-23T13:53:17;
104470;475911;Solina Netherlands BV;0.0;Voedingsmiddelen_dranken_tabak;0.0;Optie B;0.0;0.0;;;;;GM0394;;;;GM0394;;;;GM0394;;;False;False;False;52.268896649227806;4.646934112260661;WarmteAtlas:LT_WarmteBronnen_ECW;https://www.warmteatlas.nl/geoserver/WarmteAtlas/wfs;2026-06-23T13:53:17;
229661;513385;Bakkerij Nanning BV;0.0;Voedingsmiddelen_dranken_tabak;0.0;Optie B;0.0;0.0;;;;;GM0160;;;;GM0160;;;;GM0160;;;False;False;False;52.602896034159485;6.489298697176351;WarmteAtlas:LT_WarmteBronnen_ECW;https://www.warmteatlas.nl/geoserver/WarmteAtlas/wfs;2026-06-23T13:53:17;
227507;513019;VOF Banketbakkerij Dorgelo;0.0;Voedingsmiddelen_dranken_tabak;0.0;Optie B;0.0;0.0;;;;;GM0160;;;;GM0160;;;;GM0160;;;False;False;False;52.59989793117288;6.457428327528418;WarmteAtlas:LT_WarmteBronnen_ECW;https://www.warmteatlas.nl/geoserver/WarmteAtlas/wfs;2026-06-23T13:53:17;
172650;486122;Paling  en Zalmfileerderij J  Foppen Jzn BV;0.0;Voedingsmiddelen_dranken_tabak;0.0;Optie B;0.0;0.0;;;;;GM0243;;;;GM0243;;;;GM0243;;;False;False;False;52.362703236422426;5.646322555043833;WarmteAtlas:LT_WarmteBronnen_ECW;https://www.warmteatlas.nl/geoserver/WarmteAtlas/wfs;2026-06-23T13:53:17;
172331;485353;Paling  en Zalmfileerderij J  Foppen Jzn  BV;0.0;Voedingsmiddelen_dranken_tabak;0.0;Optie B;0.0;0.0;;;;;GM0243;;;;GM0243;;;;GM0243;;;False;False;False;52.35580200484974;5.64159972122902;WarmteAtlas:LT_WarmteBronnen_ECW;https://www.warmteatlas.nl/geoserver/WarmteAtlas/wfs;2026-06-23T13:53:17;
172687;486378;Teeling Petfood BV;0.0;Voedingsmiddelen_dranken_tabak;0.0;Optie B;0.0;0.0;;;;;GM0243;;;;GM0243;;;;GM0243;;;False;False;False;52.36500284605384;5.646879222347503;WarmteAtlas:LT_WarmteBronnen_ECW;https://www.warmteatlas.nl/geoserver/WarmteAtlas/wfs;2026-06-23T13:53:17;
201317;498247;Saturn Petcare BV;0.0;Voedingsmiddelen_dranken_tabak;0.0;Optie B;0.0;0.0;;;;;GM0244;;;;GM0244;;;;GM0244;;;False;False;False;52.46999994238504;6.068836476112766;WarmteAtlas:LT_WarmteBronnen_ECW;https://www.warmteatlas.nl/geoserver/WarmteAtlas/wfs;2026-06-23T13:53:17;
102789;485387;Van Maanen Verkoop BV;0.0;Voedingsmiddelen_dranken_tabak;0.0;Optie B;0.0;0.0;;;;;GM0397;;;;GM0397;;;;GM0397;;;False;False;False;52.35390085156136;4.620841856772068;WarmteAtlas:LT_WarmteBronnen_ECW;https://www.warmteatlas.nl/geoserver/WarmteAtlas/wfs;2026-06-23T13:53:17;
117195;522710;Bukom Service BV;0.0;Voedingsmiddelen_dranken_tabak;0.0;Optie B;0.0;0.0;;;;;GM1980;;;;GM1980;;;;GM1980;;;False;False;False;52.69049992149783;4.8280532093015704;WarmteAtlas:LT_WarmteBronnen_ECW;https://www.warmteatlas.nl/geoserver/WarmteAtlas/wfs;2026-06-23T13:53:17;
117675;521794;De Burg BV;0.0;Voedingsmiddelen_dranken_tabak;0.0;Optie B;0.0;0.0;;;;;GM1980;;;;GM1980;;;;GM1980;;;False;False;False;52.682301352776676;4.835255699953804;WarmteAtlas:LT_WarmteBronnen_ECW;https://www.warmteatlas.nl/geoserver/WarmteAtlas/wfs;2026-06-23T13:53:17;
117305;522598;Dobla BV;0.0;Voedingsmiddelen_dranken_tabak;0.0;Optie B;0.0;0.0;;;;;GM1980;;;;GM1980;;;;GM1980;;;False;False;False;52.68950105828481;4.829692853508577;WarmteAtlas:LT_WarmteBronnen_ECW;https://www.warmteatlas.nl/geoserver/WarmteAtlas/wfs;2026-06-23T13:53:17;
117657;522039;Lagosse Chocolade BV;0.0;Voedingsmiddelen_dranken_tabak;0.0;Optie B;0.0;0.0;;;;;GM1980;;;;GM1980;;;;GM1980;;;False;False;False;52.68450183260409;4.834961868182583;WarmteAtlas:LT_WarmteBronnen_ECW;https://www.warmteatlas.nl/geoserver/WarmteAtlas/wfs;2026-06-23T13:53:17;
117305;522598;Lovechock BV;0.0;Voedingsmiddelen_dranken_tabak;0.0;Optie B;0.0;0.0;;;;;GM1980;;;;GM1980;;;;GM1980;;;False;False;False;52.68950105828481;4.829692853508577;WarmteAtlas:LT_WarmteBronnen_ECW;https://www.warmteatlas.nl/geoserver/WarmteAtlas/wfs;2026-06-23T13:53:17;
118335;520431;R  Kooij t h o d n  Domino s Pizza Den Helder;0.0;Voedingsmiddelen_dranken_tabak;0.0;Optie B;0.0;0.0;;;;;GM1980;;;;GM1980;;;;GM1980;;;False;False;False;52.67009745928964;4.8451661973953986;WarmteAtlas:LT_WarmteBronnen_ECW;https://www.warmteatlas.nl/geoserver/WarmteAtlas/wfs;2026-06-23T13:53:17;
117237;521141;Rijkenberg Chocolade  en Suikerwerken BV;0.0;Voedingsmiddelen_dranken_tabak;0.0;Optie B;0.0;0.0;;;;;GM1980;;;;GM1980;;;;GM1980;;;False;False;False;52.676402889795625;4.828853545530415;WarmteAtlas:LT_WarmteBronnen_ECW;https://www.warmteatlas.nl/geoserver/WarmteAtlas/wfs;2026-06-23T13:53:17;
117537;522507;Teeling Petfood Heerhugowaard BV;0.0;Voedingsmiddelen_dranken_tabak;0.0;Optie B;0.0;0.0;;;;;GM1980;;;;GM1980;;;;GM1980;;;False;False;False;52.68869930424152;4.83313431286583;WarmteAtlas:LT_WarmteBronnen_ECW;https://www.warmteatlas.nl/geoserver/WarmteAtlas/wfs;2026-06-23T13:53:17;
117151;522477;Vezet BV;0.0;Voedingsmiddelen_dranken_tabak;0.0;Optie B;0.0;0.0;;;;;GM1980;;;;GM1980;;;;GM1980;;;False;False;False;52.68840299196536;4.827429135704063;WarmteAtlas:LT_WarmteBronnen_ECW;https://www.warmteatlas.nl/geoserver/WarmteAtlas/wfs;2026-06-23T13:53:17;
193761;323927;Refresco Benelux BV;0.0;voedingsmiddelen_dranken_tabak;0.0;Optie B;0.0;0.0;;;;;GM0917;;;;GM0917;;;;GM0917;;;False;False;False;50.90379766496347;5.938216649890406;WarmteAtlas:LT_WarmteBronnen_ECW;https://www.warmteatlas.nl/geoserver/WarmteAtlas/wfs;2026-06-23T13:53:17;
198087;317909;Soft Drink International BV;0.0;voedingsmiddelen_dranken_tabak;0.0;Optie B;0.0;0.0;;;;;GM0917;;;;GM0917;;;;GM0917;;;False;False;False;50.84939646162316;5.998995642235551;WarmteAtlas:LT_WarmteBronnen_ECW;https://www.warmteatlas.nl/geoserver/WarmteAtlas/wfs;2026-06-23T13:53:17;
227800;489309;Ben en Jerry s Hellendoorn BV;0.0;Voedingsmiddelen_dranken_tabak;0.0;Optie B;0.0;0.0;;;;;GM0163;;;;GM0163;;;;GM0163;;;False;False;False;52.38679964453201;6.45658209077151;WarmteAtlas:LT_WarmteBronnen_ECW;https://www.warmteatlas.nl/geoserver/WarmteAtlas/wfs;2026-06-23T13:53:17;
177356;384206;Ariza BV;0.0;Voedingsmiddelen_dranken_tabak;0.0;Optie B;0.0;0.0;;;;;GM0794;;;;GM0794;;;;GM0794;;;False;False;False;51.44650010619458;5.708786317721436;WarmteAtlas:LT_WarmteBronnen_ECW;https://www.warmteatlas.nl/geoserver/WarmteAtlas/wfs;2026-06-23T13:53:17;
176395;384324;Coppens Diervoeding BV;0.0;Voedingsmiddelen_dranken_tabak;0.0;Optie B;0.0;0.0;;;;;GM0794;;;;GM0794;;;;GM0794;;;False;False;False;51.44759805998003;5.694969939945736;WarmteAtlas:LT_WarmteBronnen_ECW;https://www.warmteatlas.nl/geoserver/WarmteAtlas/wfs;2026-06-23T13:53:17;
176073;386270;Coppens International BV;0.0;Voedingsmiddelen_dranken_tabak;0.0;Optie B;0.0;0.0;;;;;GM0794;;;;GM0794;;;;GM0794;;;False;False;False;51.465101939944596;5.690454512567488;WarmteAtlas:LT_WarmteBronnen_ECW;https://www.warmteatlas.nl/geoserver/WarmteAtlas/wfs;2026-06-23T13:53:17;
177384;384351;Hessing Helmond BV;0.0;Voedingsmiddelen_dranken_tabak;0.0;Optie B;0.0;0.0;;;;;GM0794;;;;GM0794;;;;GM0794;;;False;False;False;51.44780233554209;5.709198301390623;WarmteAtlas:LT_WarmteBronnen_ECW;https://www.warmteatlas.nl/geoserver/WarmteAtlas/wfs;2026-06-23T13:53:17;
175304;385900;Job van Baars Vleesprodukten BV;0.0;Voedingsmiddelen_dranken_tabak;0.0;Optie B;0.0;0.0;;;;;GM0794;;;;GM0794;;;;GM0794;;;False;False;False;51.46180441612851;5.67936691394343;WarmteAtlas:LT_WarmteBronnen_ECW;https://www.warmteatlas.nl/geoserver/WarmteAtlas/wfs;2026-06-23T13:53:17;
177407;383861;Prinsen BV;0.0;Voedingsmiddelen_dranken_tabak;0.0;Optie B;0.0;0.0;;;;;GM0794;;;;GM0794;;;;GM0794;;;False;False;False;51.44339702823867;5.709497978994013;WarmteAtlas:LT_WarmteBronnen_ECW;https://www.warmteatlas.nl/geoserver/WarmteAtlas/wfs;2026-06-23T13:53:17;
177372;384251;Reh GD 18 BV;0.0;Voedingsmiddelen_dranken_tabak;0.0;Optie B;0.0;0.0;;;;;GM0794;;;;GM0794;;;;GM0794;;;False;False;False;51.446903956349686;5.709019329003353;WarmteAtlas:LT_WarmteBronnen_ECW;https://www.warmteatlas.nl/geoserver/WarmteAtlas/wfs;2026-06-23T13:53:17;
176485;383913;Van Rijsingen Grootverbruik BV;0.0;Voedingsmiddelen_dranken_tabak;0.0;Optie B;0.0;0.0;;;;;GM0794;;;;GM0794;;;;GM0794;;;False;False;False;51.443900334886415;5.69623950574467;WarmteAtlas:LT_WarmteBronnen_ECW;https://www.warmteatlas.nl/geoserver/WarmteAtlas/wfs;2026-06-23T13:53:17;
176659;384370;Van Rooi Meat BV;0.0;Voedingsmiddelen_dranken_tabak;0.0;Optie B;0.0;0.0;;;;;GM0794;;;;GM0794;;;;GM0794;;;False;False;False;51.448001449166114;5.698770380052793;WarmteAtlas:LT_WarmteBronnen_ECW;https://www.warmteatlas.nl/geoserver/WarmteAtlas/wfs;2026-06-23T13:53:17;
251974;472720;De Zuivelhoeve Produktie BV;0.0;Voedingsmiddelen_dranken_tabak;0.0;Optie B;0.0;0.0;;;;;GM0164;;;;GM0164;;;;GM0164;;;False;False;False;52.23400064715887;6.806815647837857;WarmteAtlas:LT_WarmteBronnen_ECW;https://www.warmteatlas.nl/geoserver/WarmteAtlas/wfs;2026-06-23T13:53:17;
209298;602652;Louw Spijkerman Zeevis BV;0.0;Voedingsmiddelen_dranken_tabak;0.0;Optie B;0.0;0.0;;;;;GM1966;;;;GM1966;;;;GM1966;;;False;False;False;53.40740127496946;6.203664348230771;WarmteAtlas:LT_WarmteBronnen_ECW;https://www.warmteatlas.nl/geoserver/WarmteAtlas/wfs;2026-06-23T13:53:17;
230757;601508;Rixona BV;0.0;Voedingsmiddelen_dranken_tabak;0.0;Optie B;0.0;0.0;;;;;GM1966;;;;GM1966;;;;GM1966;;;False;False;False;53.394503445583055;6.526009002398842;WarmteAtlas:LT_WarmteBronnen_ECW;https://www.warmteatlas.nl/geoserver/WarmteAtlas/wfs;2026-06-23T13:53:17;
140558;411946;Daelmans Bank  Koek  en Bank  Bakk  Vlijmen B;0.0;Voedingsmiddelen_dranken_tabak;0.0;Optie B;0.0;0.0;;;;;GM0797;;;;GM0797;;;;GM0797;;;False;False;False;51.6961011566657;5.17831212531592;WarmteAtlas:LT_WarmteBronnen_ECW;https://www.warmteatlas.nl/geoserver/WarmteAtlas/wfs;2026-06-23T13:53:17;
140690;412235;Four Seasons Food BV;0.0;Voedingsmiddelen_dranken_tabak;0.0;Optie B;0.0;0.0;;;;;GM0797;;;;GM0797;;;;GM0797;;;False;False;False;51.69870220254139;5.180209488087724;WarmteAtlas:LT_WarmteBronnen_ECW;https://www.warmteatlas.nl/geoserver/WarmteAtlas/wfs;2026-06-23T13:53:17;
236781;473336;United Soft Drinks BV;0.0;voedingsmiddelen_dranken_tabak;0.0;Optie B;0.0;0.0;;;;;GM1735;;;;GM1735;;;;GM1735;;;False;False;False;52.24200009727245;6.584603599226259;WarmteAtlas:LT_WarmteBronnen_ECW;https://www.warmteatlas.nl/geoserver/WarmteAtlas/wfs;2026-06-23T13:53:17;
231247;528000;Heijs Food Products BV;0.0;Voedingsmiddelen_dranken_tabak;0.0;Optie B;0.0;0.0;;;;;GM0118;;;;GM0118;;;;GM0118;;;False;False;False;52.73400030853287;6.516074259298297;WarmteAtlas:LT_WarmteBronnen_ECW;https://www.warmteatlas.nl/geoserver/WarmteAtlas/wfs;2026-06-23T13:53:17;
232599;524927;Slagerij Wildeboer BV;0.0;Voedingsmiddelen_dranken_tabak;0.0;Optie B;0.0;0.0;;;;;GM0118;;;;GM0118;;;;GM0118;;;False;False;False;52.70619676625718;6.535364580816656;WarmteAtlas:LT_WarmteBronnen_ECW;https://www.warmteatlas.nl/geoserver/WarmteAtlas/wfs;2026-06-23T13:53:17;
231123;525661;Teeling Petfood Hoogeveen BV;0.0;Voedingsmiddelen_dranken_tabak;0.0;Optie B;0.0;0.0;;;;;GM0118;;;;GM0118;;;;GM0118;;;False;False;False;52.71300079643195;6.513698964969703;WarmteAtlas:LT_WarmteBronnen_ECW;https://www.warmteatlas.nl/geoserver/WarmteAtlas/wfs;2026-06-23T13:53:17;
135674;517161;Corda Banket BV;0.0;Voedingsmiddelen_dranken_tabak;0.0;Optie B;0.0;0.0;;;;;GM0405;;;;GM0405;;;;GM0405;;;False;False;False;52.64160190673997;5.101684686700821;WarmteAtlas:LT_WarmteBronnen_ECW;https://www.warmteatlas.nl/geoserver/WarmteAtlas/wfs;2026-06-23T13:53:17;
132857;520044;Stam Vlees Hoorn BV;0.0;Voedingsmiddelen_dranken_tabak;0.0;Optie B;0.0;0.0;;;;;GM0405;;;;GM0405;;;;GM0405;;;False;False;False;52.66740388894746;5.059874475893236;WarmteAtlas:LT_WarmteBronnen_ECW;https://www.warmteatlas.nl/geoserver/WarmteAtlas/wfs;2026-06-23T13:53:17;
206969;383967;Aarts Conserven BV;0.0;Voedingsmiddelen_dranken_tabak;0.0;Optie B;0.0;0.0;;;;;GM1507;;;;GM1507;;;;GM1507;;;False;False;False;51.4423996898828;6.134701884431296;WarmteAtlas:LT_WarmteBronnen_ECW;https://www.warmteatlas.nl/geoserver/WarmteAtlas/wfs;2026-06-23T13:53:17;
201116;383977;Dedert Icesticks BV;0.0;Voedingsmiddelen_dranken_tabak;0.0;Optie B;0.0;0.0;;;;;GM1507;;;;GM1507;;;;GM1507;;;False;False;False;51.44299870783567;6.050521730224465;WarmteAtlas:LT_WarmteBronnen_ECW;https://www.warmteatlas.nl/geoserver/WarmteAtlas/wfs;2026-06-23T13:53:17;
201110;383443;Lut0ce BV;0.0;Voedingsmiddelen_dranken_tabak;0.0;Optie B;0.0;0.0;;;;;GM1507;;;;GM1507;;;;GM1507;;;False;False;False;51.438199506063334;6.050365553726319;WarmteAtlas:LT_WarmteBronnen_ECW;https://www.warmteatlas.nl/geoserver/WarmteAtlas/wfs;2026-06-23T13:53:17;
200954;387247;Pluq BV;0.0;Voedingsmiddelen_dranken_tabak;0.0;Optie B;0.0;0.0;;;;;GM1507;;;;GM1507;;;;GM1507;;;False;False;False;51.47240328865186;6.048618548106968;WarmteAtlas:LT_WarmteBronnen_ECW;https://www.warmteatlas.nl/geoserver/WarmteAtlas/wfs;2026-06-23T13:53:17;
204191;381881;Wijnen Logistics BV;0.0;Voedingsmiddelen_dranken_tabak;0.0;Optie B;0.0;0.0;;;;;GM1507;;;;GM1507;;;;GM1507;;;False;False;False;51.423899684021755;6.094456141123693;WarmteAtlas:LT_WarmteBronnen_ECW;https://www.warmteatlas.nl/geoserver/WarmteAtlas/wfs;2026-06-23T13:53:17;
145283;479802;Jan Veerman Vis BV;0.0;Voedingsmiddelen_dranken_tabak;0.0;Optie B;0.0;0.0;;;;;GM0406;;;;GM0406;;;;GM0406;;;False;False;False;52.30609979609465;5.244731473909922;WarmteAtlas:LT_WarmteBronnen_ECW;https://www.warmteatlas.nl/geoserver/WarmteAtlas/wfs;2026-06-23T13:53:17;
59592;375707;THE Swaen BV;0.0;voedingsmiddelen_dranken_tabak;0.0;Optie B;0.0;0.0;;;;;GM0677;;;;GM0677;;;;GM0677;;;False;False;False;51.362497587637584;4.0172536064616375;WarmteAtlas:LT_WarmteBronnen_ECW;https://www.warmteatlas.nl/geoserver/WarmteAtlas/wfs;2026-06-23T13:53:17;
59930;365608;Banketbakkerij R  de Cock BV;0.0;Voedingsmiddelen_dranken_tabak;0.0;Optie B;0.0;0.0;;;;;GM0677;;;;GM0677;;;;GM0677;;;False;False;False;51.271798093226614;4.024812309079102;WarmteAtlas:LT_WarmteBronnen_ECW;https://www.warmteatlas.nl/geoserver/WarmteAtlas/wfs;2026-06-23T13:53:17;
64552;365424;Confiserie     De Grens     BV;0.0;Voedingsmiddelen_dranken_tabak;0.0;Optie B;0.0;0.0;;;;;GM0677;;;;GM0677;;;;GM0677;;;False;False;False;51.27090094886867;4.091077571448005;WarmteAtlas:LT_WarmteBronnen_ECW;https://www.warmteatlas.nl/geoserver/WarmteAtlas/wfs;2026-06-23T13:53:17;
131973;447302;Chocolade  en Suikerwerkenfabriek Eljo BV;0.0;Voedingsmiddelen_dranken_tabak;0.0;Optie B;0.0;0.0;;;;;GM0353;;;;GM0353;;;;GM0353;;;False;False;False;52.01360071068111;5.051781804960804;WarmteAtlas:LT_WarmteBronnen_ECW;https://www.warmteatlas.nl/geoserver/WarmteAtlas/wfs;2026-06-23T13:53:17;
190997;507941;De Olifant BV;0.0;voedingsmiddelen_dranken_tabak;0.0;Optie B;0.0;0.0;;;;;GM0166;;;;GM0166;;;;GM0166;;;False;False;False;52.55789583129106;5.918014192667893;WarmteAtlas:LT_WarmteBronnen_ECW;https://www.warmteatlas.nl/geoserver/WarmteAtlas/wfs;2026-06-23T13:53:17;
190700;508262;De Stomme Van Campen;0.0;voedingsmiddelen_dranken_tabak;0.0;Optie B;0.0;0.0;;;;;GM0166;;;;GM0166;;;;GM0166;;;False;False;False;52.56080012890894;5.91366928071169;WarmteAtlas:LT_WarmteBronnen_ECW;https://www.warmteatlas.nl/geoserver/WarmteAtlas/wfs;2026-06-23T13:53:17;
191519;507000;Lyempf Kampen BV;0.0;Voedingsmiddelen_dranken_tabak;0.0;Optie B;0.0;0.0;;;;;GM0166;;;;GM0166;;;;GM0166;;;False;False;False;52.549404495572624;5.925607967622567;WarmteAtlas:LT_WarmteBronnen_ECW;https://www.warmteatlas.nl/geoserver/WarmteAtlas/wfs;2026-06-23T13:53:17;
56472;388074;Coroos Conserven BV;0.0;Voedingsmiddelen_dranken_tabak;0.0;Optie B;0.0;0.0;;;;;GM0678;;;;GM0678;;;;GM0678;;;False;False;False;51.47309803313595;3.969014179316162;WarmteAtlas:LT_WarmteBronnen_ECW;https://www.warmteatlas.nl/geoserver/WarmteAtlas/wfs;2026-06-23T13:53:17;
57385;387834;Ok Nutripet BV;0.0;Voedingsmiddelen_dranken_tabak;0.0;Optie B;0.0;0.0;;;;;GM0678;;;;GM0678;;;;GM0678;;;False;False;False;51.47110017408891;3.9822184588019964;WarmteAtlas:LT_WarmteBronnen_ECW;https://www.warmteatlas.nl/geoserver/WarmteAtlas/wfs;2026-06-23T13:53:17;
200882;320871;Anstelfood BV;0.0;Voedingsmiddelen_dranken_tabak;0.0;Optie B;0.0;0.0;;;;;GM0928;;;;GM0928;;;;GM0928;;;False;False;False;50.875802992446175;6.039054412766195;WarmteAtlas:LT_WarmteBronnen_ECW;https://www.warmteatlas.nl/geoserver/WarmteAtlas/wfs;2026-06-23T13:53:17;
200895;320504;Delite BV;0.0;Voedingsmiddelen_dranken_tabak;0.0;Optie B;0.0;0.0;;;;;GM0928;;;;GM0928;;;;GM0928;;;False;False;False;50.872503242249465;6.039192637689429;WarmteAtlas:LT_WarmteBronnen_ECW;https://www.warmteatlas.nl/geoserver/WarmteAtlas/wfs;2026-06-23T13:53:17;
128866;518550;Loos Cacao BV;0.0;Voedingsmiddelen_dranken_tabak;0.0;Optie B;0.0;0.0;;;;;GM1598;;;;GM1598;;;;GM1598;;;False;False;False;52.65380066282576;5.000996248662057;WarmteAtlas:LT_WarmteBronnen_ECW;https://www.warmteatlas.nl/geoserver/WarmteAtlas/wfs;2026-06-23T13:53:17;
170306;392045;Bavaria NV;0.0;voedingsmiddelen_dranken_tabak;0.0;Optie B;0.0;0.0;;;;;GM1659;;;;GM1659;;;;GM1659;;;False;False;False;51.5171973113476;5.607716136733869;WarmteAtlas:LT_WarmteBronnen_ECW;https://www.warmteatlas.nl/geoserver/WarmteAtlas/wfs;2026-06-23T13:53:17;
171594;395309;Cor Segers BV;0.0;Voedingsmiddelen_dranken_tabak;0.0;Optie B;0.0;0.0;;;;;GM1659;;;;GM1659;;;;GM1659;;;False;False;False;51.54649942088673;5.626426820968433;WarmteAtlas:LT_WarmteBronnen_ECW;https://www.warmteatlas.nl/geoserver/WarmteAtlas/wfs;2026-06-23T13:53:17;
171602;395431;Jeurgens Bank   Bisc  en Chocoladefabriek BV;0.0;Voedingsmiddelen_dranken_tabak;0.0;Optie B;0.0;0.0;;;;;GM1659;;;;GM1659;;;;GM1659;;;False;False;False;51.547595786978945;5.626547933076784;WarmteAtlas:LT_WarmteBronnen_ECW;https://www.warmteatlas.nl/geoserver/WarmteAtlas/wfs;2026-06-23T13:53:17;
170885;392381;Kanters Special Products BV;0.0;Voedingsmiddelen_dranken_tabak;0.0;Optie B;0.0;0.0;;;;;GM1659;;;;GM1659;;;;GM1659;;;False;False;False;51.520201411949394;5.616072995823165;WarmteAtlas:LT_WarmteBronnen_ECW;https://www.warmteatlas.nl/geoserver/WarmteAtlas/wfs;2026-06-23T13:53:17;
200287;325850;Sofine Foods BV;0.0;Voedingsmiddelen_dranken_tabak;0.0;Optie B;0.0;0.0;;;;;GM0882;;;;GM0882;;;;GM0882;;;False;False;False;50.920603195195746;6.03122430790322;WarmteAtlas:LT_WarmteBronnen_ECW;https://www.warmteatlas.nl/geoserver/WarmteAtlas/wfs;2026-06-23T13:53:17;
200396;325773;Sofine Foods BV;0.0;Voedingsmiddelen_dranken_tabak;0.0;Optie B;0.0;0.0;;;;;GM0882;;;;GM0882;;;;GM0882;;;False;False;False;50.919902457733485;6.032764637420629;WarmteAtlas:LT_WarmteBronnen_ECW;https://www.warmteatlas.nl/geoserver/WarmteAtlas/wfs;2026-06-23T13:53:17;
122351;493008;Adriaan Goede BV;0.0;Voedingsmiddelen_dranken_tabak;0.0;Optie B;0.0;0.0;;;;;GM0415;;;;GM0415;;;;GM0415;;;False;False;False;52.423903656794266;4.907222937668219;WarmteAtlas:LT_WarmteBronnen_ECW;https://www.warmteatlas.nl/geoserver/WarmteAtlas/wfs;2026-06-23T13:53:17;
115890;522676;G  Kramer   Zonen BV;0.0;Voedingsmiddelen_dranken_tabak;0.0;Optie B;0.0;0.0;;;;;GM1980;;;;GM1980;;;;GM1980;;;False;False;False;52.69010213185735;4.808756647208908;WarmteAtlas:LT_WarmteBronnen_ECW;https://www.warmteatlas.nl/geoserver/WarmteAtlas/wfs;2026-06-23T13:53:17;
115086;520902;Palingrokerij Vlug BV;0.0;Voedingsmiddelen_dranken_tabak;0.0;Optie B;0.0;0.0;;;;;GM1980;;;;GM1980;;;;GM1980;;;False;False;False;52.67410160962585;4.797079944272454;WarmteAtlas:LT_WarmteBronnen_ECW;https://www.warmteatlas.nl/geoserver/WarmteAtlas/wfs;2026-06-23T13:53:17;
115453;520865;Pepsico Nederland BV;0.0;Voedingsmiddelen_dranken_tabak;0.0;Optie B;0.0;0.0;;;;;GM1980;;;;GM1980;;;;GM1980;;;False;False;False;52.673795894975896;4.8025101615318375;WarmteAtlas:LT_WarmteBronnen_ECW;https://www.warmteatlas.nl/geoserver/WarmteAtlas/wfs;2026-06-23T13:53:17;
158837;501446;Farm Dairy Holding BV;37.5;Voedingsmiddelen_dranken_tabak;6.33;Optie B;0.0;0.0;;;;;GM0995;;;;GM0995;;;;GM0995;;;False;False;False;52.50069742268262;5.443711293700534;WarmteAtlas:LT_WarmteBronnen_ECW;https://www.warmteatlas.nl/geoserver/WarmteAtlas/wfs;2026-06-23T13:53:17;
157867;501690;Intersnack Nederland BV;37.5;Voedingsmiddelen_dranken_tabak;0.49;Optie B;0.0;0.0;;;;;GM0995;;;;GM0995;;;;GM0995;;;False;False;False;52.50289629230265;5.429428465009575;WarmteAtlas:LT_WarmteBronnen_ECW;https://www.warmteatlas.nl/geoserver/WarmteAtlas/wfs;2026-06-23T13:53:17;
164452;505849;Mccain Foods Holland BV;37.5;Voedingsmiddelen_dranken_tabak;4.97;Optie B;0.0;0.0;;;;;GM0995;;;;GM0995;;;;GM0995;;;False;False;False;52.54019998087426;5.526526737846942;WarmteAtlas:LT_WarmteBronnen_ECW;https://www.warmteatlas.nl/geoserver/WarmteAtlas/wfs;2026-06-23T13:53:17;
196605;363334;Lindeboom Bierbrouwerij BV;0.0;voedingsmiddelen_dranken_tabak;0.0;Optie B;0.0;0.0;;;;;GM1640;;;;GM1640;;;;GM1640;;;False;False;False;51.25780369010279;5.983213780117882;WarmteAtlas:LT_WarmteBronnen_ECW;https://www.warmteatlas.nl/geoserver/WarmteAtlas/wfs;2026-06-23T13:53:17;
186266;354582;Partner in Pet Food NL BV;0.0;Voedingsmiddelen_dranken_tabak;0.0;Optie B;0.0;0.0;;;;;GM1640;;;;GM1640;;;;GM1640;;;False;False;False;51.17980064450491;5.834339134217125;WarmteAtlas:LT_WarmteBronnen_ECW;https://www.warmteatlas.nl/geoserver/WarmteAtlas/wfs;2026-06-23T13:53:17;
157327;461157;QLIP BV;0.0;Voedingsmiddelen_dranken_tabak;0.0;Optie B;0.0;0.0;;;;;GM0327;;;;GM0327;;;;GM0327;;;False;False;False;52.138602581538684;5.421194302657881;WarmteAtlas:LT_WarmteBronnen_ECW;https://www.warmteatlas.nl/geoserver/WarmteAtlas/wfs;2026-06-23T13:53:17;
193606;432267;Devro BV;0.0;Voedingsmiddelen_dranken_tabak;0.0;Optie B;0.0;0.0;;;;;GM1705;;;;GM1705;;;;GM1705;;;False;False;False;51.87760139863944;5.947855889580085;WarmteAtlas:LT_WarmteBronnen_ECW;https://www.warmteatlas.nl/geoserver/WarmteAtlas/wfs;2026-06-23T13:53:17;
224630;464983;Forfarmers Nederland BV;0.0;Voedingsmiddelen_dranken_tabak;0.0;Optie B;0.0;0.0;;;;;GM0262;;;;GM0262;;;;GM0262;;;False;False;False;52.16860384772508;6.4050071691852795;WarmteAtlas:LT_WarmteBronnen_ECW;https://www.warmteatlas.nl/geoserver/WarmteAtlas/wfs;2026-06-23T13:53:17;
126390;443893;Lebo Kaas BV;0.0;Voedingsmiddelen_dranken_tabak;0.0;Optie B;0.0;0.0;;;;;GM0331;;;;GM0331;;;;GM0331;;;False;False;False;51.9827010192369;4.970743885604683;WarmteAtlas:LT_WarmteBronnen_ECW;https://www.warmteatlas.nl/geoserver/WarmteAtlas/wfs;2026-06-23T13:53:17;
249253;592652;Groninger Landwijnboerderij;0.0;voedingsmiddelen_dranken_tabak;0.0;Optie B;0.0;0.0;;;;;GM1979;;;;GM1979;;;;GM1979;;;False;False;False;53.311999542786594;6.801356389125994;WarmteAtlas:LT_WarmteBronnen_ECW;https://www.warmteatlas.nl/geoserver/WarmteAtlas/wfs;2026-06-23T13:53:17;
238052;595306;De Aviateur Banketbakkerijen BV;0.0;Voedingsmiddelen_dranken_tabak;0.0;Optie B;0.0;0.0;;;;;GM1979;;;;GM1979;;;;GM1979;;;False;False;False;53.33770131292384;6.634030168700966;WarmteAtlas:LT_WarmteBronnen_ECW;https://www.warmteatlas.nl/geoserver/WarmteAtlas/wfs;2026-06-23T13:53:17;
145571;417274;Quik s Potato Products BV;0.0;Voedingsmiddelen_dranken_tabak;0.0;Optie B;0.0;0.0;;;;;GM0263;;;;GM0263;;;;GM0263;;;False;False;False;51.74409836617631;5.250675713704575;WarmteAtlas:LT_WarmteBronnen_ECW;https://www.warmteatlas.nl/geoserver/WarmteAtlas/wfs;2026-06-23T13:53:17;
142187;419284;Sofra Dairy Products BV;0.0;Voedingsmiddelen_dranken_tabak;0.0;Optie B;0.0;0.0;;;;;GM0263;;;;GM0263;;;;GM0263;;;False;False;False;51.762097791922486;5.201603447930695;WarmteAtlas:LT_WarmteBronnen_ECW;https://www.warmteatlas.nl/geoserver/WarmteAtlas/wfs;2026-06-23T13:53:17;
142054;419229;Zuivelbedrijf Den Eelder BV;0.0;Voedingsmiddelen_dranken_tabak;0.0;Optie B;0.0;0.0;;;;;GM0263;;;;GM0263;;;;GM0263;;;False;False;False;51.76160036770088;5.199678980460808;WarmteAtlas:LT_WarmteBronnen_ECW;https://www.warmteatlas.nl/geoserver/WarmteAtlas/wfs;2026-06-23T13:53:17;
190440;351661;De Heus Voeders BV;0.0;Voedingsmiddelen_dranken_tabak;0.0;Optie B;0.0;0.0;;;;;GM1641;;;;GM1641;;;;GM1641;;;False;False;False;51.15330014601925;5.893740195660887;WarmteAtlas:LT_WarmteBronnen_ECW;https://www.warmteatlas.nl/geoserver/WarmteAtlas/wfs;2026-06-23T13:53:17;
190897;350941;Vleeswarenfabriek Pauli BV;0.0;Voedingsmiddelen_dranken_tabak;0.0;Optie B;0.0;0.0;;;;;GM1641;;;;GM1641;;;;GM1641;;;False;False;False;51.14679975591445;5.900199515984989;WarmteAtlas:LT_WarmteBronnen_ECW;https://www.warmteatlas.nl/geoserver/WarmteAtlas/wfs;2026-06-23T13:53:17;
177905;313219;Banketbakkerij Nora BV;0.0;Voedingsmiddelen_dranken_tabak;0.0;Optie B;0.0;0.0;;;;;GM0935;;;;GM0935;;;;GM0935;;;False;False;False;50.80840115951797;5.7121398927072855;WarmteAtlas:LT_WarmteBronnen_ECW;https://www.warmteatlas.nl/geoserver/WarmteAtlas/wfs;2026-06-23T13:53:17;
176504;317641;VOF Maison Blanche Dael;0.0;Voedingsmiddelen_dranken_tabak;0.0;Optie B;0.0;0.0;;;;;GM0935;;;;GM0935;;;;GM0935;;;False;False;False;50.848203235146265;5.6925266707928355;WarmteAtlas:LT_WarmteBronnen_ECW;https://www.warmteatlas.nl/geoserver/WarmteAtlas/wfs;2026-06-23T13:53:17;
131474;529364;Grasdrogerij Hartog BV;0.0;Voedingsmiddelen_dranken_tabak;0.0;Optie B;0.0;0.0;;;;;GM0420;;;;GM0420;;;;GM0420;;;False;False;False;52.75110227953495;5.038766695425126;WarmteAtlas:LT_WarmteBronnen_ECW;https://www.warmteatlas.nl/geoserver/WarmteAtlas/wfs;2026-06-23T13:53:17;
139445;523935;Hessing Zwaagdijk BV;0.0;Voedingsmiddelen_dranken_tabak;0.0;Optie B;0.0;0.0;;;;;GM0420;;;;GM0420;;;;GM0420;;;False;False;False;52.70259981659539;5.157078322820467;WarmteAtlas:LT_WarmteBronnen_ECW;https://www.warmteatlas.nl/geoserver/WarmteAtlas/wfs;2026-06-23T13:53:17;
163578;403221;De Heus Voeders BV;0.0;Voedingsmiddelen_dranken_tabak;0.0;Optie B;0.0;0.0;;;;;GM1948;;;;GM1948;;;;GM1948;;;False;False;False;51.61779655332514;5.5110596512258265;WarmteAtlas:LT_WarmteBronnen_ECW;https://www.warmteatlas.nl/geoserver/WarmteAtlas/wfs;2026-06-23T13:53:17;
170675;400891;Fransen Gerrits BV;0.0;Voedingsmiddelen_dranken_tabak;0.0;Optie B;0.0;0.0;;;;;GM1948;;;;GM1948;;;;GM1948;;;False;False;False;51.596699805364196;5.613428361645525;WarmteAtlas:LT_WarmteBronnen_ECW;https://www.warmteatlas.nl/geoserver/WarmteAtlas/wfs;2026-06-23T13:53:17;
163992;402510;Mars Nederland BV;0.0;Voedingsmiddelen_dranken_tabak;0.0;Optie B;0.0;0.0;;;;;GM1948;;;;GM1948;;;;GM1948;;;False;False;False;51.611399212038705;5.517019076287081;WarmteAtlas:LT_WarmteBronnen_ECW;https://www.warmteatlas.nl/geoserver/WarmteAtlas/wfs;2026-06-23T13:53:17;
208342;523734;Aarnink Vleeswaren I  BV;0.0;Voedingsmiddelen_dranken_tabak;0.0;Optie B;0.0;0.0;;;;;GM0119;;;;GM0119;;;;GM0119;;;False;False;False;52.698398080669264;6.1763041802517336;WarmteAtlas:LT_WarmteBronnen_ECW;https://www.warmteatlas.nl/geoserver/WarmteAtlas/wfs;2026-06-23T13:53:17;
208342;523734;Aarnink Vleeswaren II BV;0.0;Voedingsmiddelen_dranken_tabak;0.0;Optie B;0.0;0.0;;;;;GM0119;;;;GM0119;;;;GM0119;;;False;False;False;52.698398080669264;6.1763041802517336;WarmteAtlas:LT_WarmteBronnen_ECW;https://www.warmteatlas.nl/geoserver/WarmteAtlas/wfs;2026-06-23T13:53:17;
208941;524108;Agrifirm Feed BV;0.0;Voedingsmiddelen_dranken_tabak;0.0;Optie B;0.0;0.0;;;;;GM0119;;;;GM0119;;;;GM0119;;;False;False;False;52.701699810858905;6.18522556924359;WarmteAtlas:LT_WarmteBronnen_ECW;https://www.warmteatlas.nl/geoserver/WarmteAtlas/wfs;2026-06-23T13:53:17;
208005;523118;De Heus Voeders BV;0.0;Voedingsmiddelen_dranken_tabak;0.0;Optie B;0.0;0.0;;;;;GM0119;;;;GM0119;;;;GM0119;;;False;False;False;52.6928955319588;6.171220477902352;WarmteAtlas:LT_WarmteBronnen_ECW;https://www.warmteatlas.nl/geoserver/WarmteAtlas/wfs;2026-06-23T13:53:17;
208055;523019;Frieslandcampina Kievit BV;0.0;Voedingsmiddelen_dranken_tabak;0.0;Optie B;0.0;0.0;;;;;GM0119;;;;GM0119;;;;GM0119;;;False;False;False;52.69200101943881;6.171944079894426;WarmteAtlas:LT_WarmteBronnen_ECW;https://www.warmteatlas.nl/geoserver/WarmteAtlas/wfs;2026-06-23T13:53:17;
208480;523647;Van den Bor Pluimveeverwerking BV;0.0;Voedingsmiddelen_dranken_tabak;0.0;Optie B;0.0;0.0;;;;;GM0119;;;;GM0119;;;;GM0119;;;False;False;False;52.69760272358114;6.178331367043442;WarmteAtlas:LT_WarmteBronnen_ECW;https://www.warmteatlas.nl/geoserver/WarmteAtlas/wfs;2026-06-23T13:53:17;
245576;576084;Banketfabriek Jac  Vegter BV;0.0;Voedingsmiddelen_dranken_tabak;0.0;Optie B;0.0;0.0;;;;;GM1952;;;;GM1952;;;;GM1952;;;False;False;False;53.163798619091246;6.7415287923965845;WarmteAtlas:LT_WarmteBronnen_ECW;https://www.warmteatlas.nl/geoserver/WarmteAtlas/wfs;2026-06-23T13:53:17;
243832;576697;Co4peratie Avebe UA;0.0;Voedingsmiddelen_dranken_tabak;46.49;Optie B;0.0;0.0;;;;;GM1952;;;;GM1952;;;;GM1952;;;False;False;False;53.16959732963447;6.715627746955531;WarmteAtlas:LT_WarmteBronnen_ECW;https://www.warmteatlas.nl/geoserver/WarmteAtlas/wfs;2026-06-23T13:53:17;
247910;571030;Continental Bakeries  Kiel  BV;0.0;Voedingsmiddelen_dranken_tabak;0.0;Optie B;0.0;0.0;;;;;GM1952;;;;GM1952;;;;GM1952;;;False;False;False;53.11799622049832;6.7749627099859016;WarmteAtlas:LT_WarmteBronnen_ECW;https://www.warmteatlas.nl/geoserver/WarmteAtlas/wfs;2026-06-23T13:53:17;
101559;407892;De Katjang BV;0.0;Voedingsmiddelen_dranken_tabak;0.0;Optie B;0.0;0.0;;;;;GM1709;;;;GM1709;;;;GM1709;;;False;False;False;51.65730083839989;4.614881949010055;WarmteAtlas:LT_WarmteBronnen_ECW;https://www.warmteatlas.nl/geoserver/WarmteAtlas/wfs;2026-06-23T13:53:17;
100674;410650;Unirice BV;0.0;Voedingsmiddelen_dranken_tabak;0.0;Optie B;0.0;0.0;;;;;GM1709;;;;GM1709;;;;GM1709;;;False;False;False;51.68200419752529;4.601663218245429;WarmteAtlas:LT_WarmteBronnen_ECW;https://www.warmteatlas.nl/geoserver/WarmteAtlas/wfs;2026-06-23T13:53:17;
215077;431900;Macellum BV;0.0;Voedingsmiddelen_dranken_tabak;0.0;Optie B;0.0;0.0;;;;;GM1955;;;;GM1955;;;;GM1955;;;False;False;False;51.87240029027807;6.259574917869164;WarmteAtlas:LT_WarmteBronnen_ECW;https://www.warmteatlas.nl/geoserver/WarmteAtlas/wfs;2026-06-23T13:53:17;
123776;449416;Interbanket BV;0.0;Voedingsmiddelen_dranken_tabak;0.0;Optie B;0.0;0.0;;;;;GM0335;;;;GM0335;;;;GM0335;;;False;False;False;52.03220044065101;4.932191035392213;WarmteAtlas:LT_WarmteBronnen_ECW;https://www.warmteatlas.nl/geoserver/WarmteAtlas/wfs;2026-06-23T13:53:17;
167361;436517;Fruity Company BV;0.0;Voedingsmiddelen_dranken_tabak;0.0;Optie B;0.0;0.0;;;;;GM1740;;;;GM1740;;;;GM1740;;;False;False;False;51.91700294093105;5.566870797666087;WarmteAtlas:LT_WarmteBronnen_ECW;https://www.warmteatlas.nl/geoserver/WarmteAtlas/wfs;2026-06-23T13:53:17;
174110;435793;Geurts Conservenfabriek BV;0.0;Voedingsmiddelen_dranken_tabak;0.0;Optie B;0.0;0.0;;;;;GM1740;;;;GM1740;;;;GM1740;;;False;False;False;51.91030445224033;5.664926928637902;WarmteAtlas:LT_WarmteBronnen_ECW;https://www.warmteatlas.nl/geoserver/WarmteAtlas/wfs;2026-06-23T13:53:17;
168585;438300;Go Tan BV;0.0;Voedingsmiddelen_dranken_tabak;0.0;Optie B;0.0;0.0;;;;;GM1740;;;;GM1740;;;;GM1740;;;False;False;False;51.9330003317036;5.584732147075591;WarmteAtlas:LT_WarmteBronnen_ECW;https://www.warmteatlas.nl/geoserver/WarmteAtlas/wfs;2026-06-23T13:53:17;
166249;435869;Grootendorst Banket BV;0.0;Voedingsmiddelen_dranken_tabak;0.0;Optie B;0.0;0.0;;;;;GM1740;;;;GM1740;;;;GM1740;;;False;False;False;51.91120219115778;5.55068664191089;WarmteAtlas:LT_WarmteBronnen_ECW;https://www.warmteatlas.nl/geoserver/WarmteAtlas/wfs;2026-06-23T13:53:17;
170281;438650;P C  van Tuijl Kesteren BV;0.0;Voedingsmiddelen_dranken_tabak;0.0;Optie B;0.0;0.0;;;;;GM1740;;;;GM1740;;;;GM1740;;;False;False;False;51.93610213376492;5.609407837232202;WarmteAtlas:LT_WarmteBronnen_ECW;https://www.warmteatlas.nl/geoserver/WarmteAtlas/wfs;2026-06-23T13:53:17;
135522;448143;Van Woerkom s Confituren BV;0.0;Voedingsmiddelen_dranken_tabak;0.0;Optie B;0.0;0.0;;;;;GM0356;;;;GM0356;;;;GM0356;;;False;False;False;52.02129554910267;5.10342956407956;WarmteAtlas:LT_WarmteBronnen_ECW;https://www.warmteatlas.nl/geoserver/WarmteAtlas/wfs;2026-06-23T13:53:17;
161240;472064;Arla Foods BV;0.0;Voedingsmiddelen_dranken_tabak;0.0;Optie B;0.0;0.0;;;;;GM0267;;;;GM0267;;;;GM0267;;;False;False;False;52.236602844345406;5.478553057631335;WarmteAtlas:LT_WarmteBronnen_ECW;https://www.warmteatlas.nl/geoserver/WarmteAtlas/wfs;2026-06-23T13:53:17;
161174;470918;Cooperatie Arkervaart  Bramecozon UA;0.0;Voedingsmiddelen_dranken_tabak;0.0;Optie B;0.0;0.0;;;;;GM0267;;;;GM0267;;;;GM0267;;;False;False;False;52.22630357286659;5.477565921808883;WarmteAtlas:LT_WarmteBronnen_ECW;https://www.warmteatlas.nl/geoserver/WarmteAtlas/wfs;2026-06-23T13:53:17;
161420;470929;Cooperatie Arkervaart  Bramecozon UA;0.0;Voedingsmiddelen_dranken_tabak;0.0;Optie B;0.0;0.0;;;;;GM0267;;;;GM0267;;;;GM0267;;;False;False;False;52.226399623843726;5.481166561737911;WarmteAtlas:LT_WarmteBronnen_ECW;https://www.warmteatlas.nl/geoserver/WarmteAtlas/wfs;2026-06-23T13:53:17;
160981;471930;De Heus Voeders BV;0.0;Voedingsmiddelen_dranken_tabak;0.0;Optie B;0.0;0.0;;;;;GM0267;;;;GM0267;;;;GM0267;;;False;False;False;52.23540135725594;5.474759109639265;WarmteAtlas:LT_WarmteBronnen_ECW;https://www.warmteatlas.nl/geoserver/WarmteAtlas/wfs;2026-06-23T13:53:17;
161085;471830;ISPN BV;0.0;Voedingsmiddelen_dranken_tabak;0.0;Optie B;0.0;0.0;;;;;GM0267;;;;GM0267;;;;GM0267;;;False;False;False;52.23450143750413;5.476279752723047;WarmteAtlas:LT_WarmteBronnen_ECW;https://www.warmteatlas.nl/geoserver/WarmteAtlas/wfs;2026-06-23T13:53:17;
170155;467855;Struik Foods BV;0.0;Voedingsmiddelen_dranken_tabak;0.0;Optie B;0.0;0.0;;;;;GM0267;;;;GM0267;;;;GM0267;;;False;False;False;52.1986000787031;5.608873308066279;WarmteAtlas:LT_WarmteBronnen_ECW;https://www.warmteatlas.nl/geoserver/WarmteAtlas/wfs;2026-06-23T13:53:17;
160996;471173;Suikerwerkfabriek Van Wandelen BV;0.0;Voedingsmiddelen_dranken_tabak;0.0;Optie B;0.0;0.0;;;;;GM0267;;;;GM0267;;;;GM0267;;;False;False;False;52.22859743140668;5.474965256653074;WarmteAtlas:LT_WarmteBronnen_ECW;https://www.warmteatlas.nl/geoserver/WarmteAtlas/wfs;2026-06-23T13:53:17;
183646;428462;Nederma BV;0.0;Voedingsmiddelen_dranken_tabak;0.0;Optie B;0.0;0.0;;;;;GM0268;;;;GM0268;;;;GM0268;;;False;False;False;51.84400317718687;5.802900555157934;WarmteAtlas:LT_WarmteBronnen_ECW;https://www.warmteatlas.nl/geoserver/WarmteAtlas/wfs;2026-06-23T13:53:17;
185136;428993;Novidon BV;0.0;Voedingsmiddelen_dranken_tabak;0.0;Optie B;0.0;0.0;;;;;GM0268;;;;GM0268;;;;GM0268;;;False;False;False;51.84869727992948;5.824568564266972;WarmteAtlas:LT_WarmteBronnen_ECW;https://www.warmteatlas.nl/geoserver/WarmteAtlas/wfs;2026-06-23T13:53:17;
184166;428632;Novidon BV;0.0;Voedingsmiddelen_dranken_tabak;0.0;Optie B;0.0;0.0;;;;;GM0268;;;;GM0268;;;;GM0268;;;False;False;False;51.8455041855012;5.810460738558736;WarmteAtlas:LT_WarmteBronnen_ECW;https://www.warmteatlas.nl/geoserver/WarmteAtlas/wfs;2026-06-23T13:53:17;
185374;428349;Ren0 Elvers Vleeswaren Belvedere BV;0.0;Voedingsmiddelen_dranken_tabak;0.0;Optie B;0.0;0.0;;;;;GM0268;;;;GM0268;;;;GM0268;;;False;False;False;51.84289600634771;5.827965900554899;WarmteAtlas:LT_WarmteBronnen_ECW;https://www.warmteatlas.nl/geoserver/WarmteAtlas/wfs;2026-06-23T13:53:17;
182492;426041;Vlaailand BV;0.0;Voedingsmiddelen_dranken_tabak;0.0;Optie B;0.0;0.0;;;;;GM0268;;;;GM0268;;;;GM0268;;;False;False;False;51.8223009409804;5.785961867264239;WarmteAtlas:LT_WarmteBronnen_ECW;https://www.warmteatlas.nl/geoserver/WarmteAtlas/wfs;2026-06-23T13:53:17;
194462;593769;Fortuin Dockum BV;0.0;Voedingsmiddelen_dranken_tabak;0.0;Optie B;0.0;0.0;;;;;GM1970;;;;GM1970;;;;GM1970;;;False;False;False;53.328896730595794;5.979495799189883;WarmteAtlas:LT_WarmteBronnen_ECW;https://www.warmteatlas.nl/geoserver/WarmteAtlas/wfs;2026-06-23T13:53:17;
195985;594016;Friesland Beef BV;0.0;Voedingsmiddelen_dranken_tabak;0.0;Optie B;0.0;0.0;;;;;GM1970;;;;GM1970;;;;GM1970;;;False;False;False;53.33100116860089;6.002385049475597;WarmteAtlas:LT_WarmteBronnen_ECW;https://www.warmteatlas.nl/geoserver/WarmteAtlas/wfs;2026-06-23T13:53:17;
180578;591271;Hellema Hallum BV;0.0;Voedingsmiddelen_dranken_tabak;0.0;Optie B;0.0;0.0;;;;;GM1970;;;;GM1970;;;;GM1970;;;False;False;False;53.307298220573806;5.770915722731138;WarmteAtlas:LT_WarmteBronnen_ECW;https://www.warmteatlas.nl/geoserver/WarmteAtlas/wfs;2026-06-23T13:53:17;
180961;591307;Helwa Wafelbakkerij BV;0.0;Voedingsmiddelen_dranken_tabak;0.0;Optie B;0.0;0.0;;;;;GM1970;;;;GM1970;;;;GM1970;;;False;False;False;53.30760319715318;5.776664084754061;WarmteAtlas:LT_WarmteBronnen_ECW;https://www.warmteatlas.nl/geoserver/WarmteAtlas/wfs;2026-06-23T13:53:17;
180874;591306;Van der Meulen Hallum BV;0.0;Voedingsmiddelen_dranken_tabak;0.0;Optie B;0.0;0.0;;;;;GM1970;;;;GM1970;;;;GM1970;;;False;False;False;53.30759843558448;5.775358894756107;WarmteAtlas:LT_WarmteBronnen_ECW;https://www.warmteatlas.nl/geoserver/WarmteAtlas/wfs;2026-06-23T13:53:17;
181227;591097;Van der Meulen Hallum BV;0.0;Voedingsmiddelen_dranken_tabak;0.0;Optie B;0.0;0.0;;;;;GM1970;;;;GM1970;;;;GM1970;;;False;False;False;53.305703325633914;5.7806371933407545;WarmteAtlas:LT_WarmteBronnen_ECW;https://www.warmteatlas.nl/geoserver/WarmteAtlas/wfs;2026-06-23T13:53:17;
196819;593199;Weidenaar Worst BV;0.0;Voedingsmiddelen_dranken_tabak;0.0;Optie B;0.0;0.0;;;;;GM1970;;;;GM1970;;;;GM1970;;;False;False;False;53.323595904425396;6.014795571067395;WarmteAtlas:LT_WarmteBronnen_ECW;https://www.warmteatlas.nl/geoserver/WarmteAtlas/wfs;2026-06-23T13:53:17;
38662;399837;Bierbrouwerij Emelisse BV;0.0;voedingsmiddelen_dranken_tabak;0.0;Optie B;0.0;0.0;;;;;GM1695;;;;GM1695;;;;GM1695;;;False;False;False;51.5753993363386;3.7088594052476576;WarmteAtlas:LT_WarmteBronnen_ECW;https://www.warmteatlas.nl/geoserver/WarmteAtlas/wfs;2026-06-23T13:53:17;
45235;399434;J G  Timmerman Groenvoederdrogerij BV;0.0;Voedingsmiddelen_dranken_tabak;0.0;Optie B;0.0;0.0;;;;;GM1695;;;;GM1695;;;;GM1695;;;False;False;False;51.57310061578753;3.80377516165072;WarmteAtlas:LT_WarmteBronnen_ECW;https://www.warmteatlas.nl/geoserver/WarmteAtlas/wfs;2026-06-23T13:53:17;
170841;528042;Parc BV;0.0;Voedingsmiddelen_dranken_tabak;0.0;Optie B;0.0;0.0;;;;;GM0171;;;;GM0171;;;;GM0171;;;False;False;False;52.73949963184653;5.621761273290667;WarmteAtlas:LT_WarmteBronnen_ECW;https://www.warmteatlas.nl/geoserver/WarmteAtlas/wfs;2026-06-23T13:53:17;
189888;524580;V S  Apple Industries Marknesse BV;37.5;Voedingsmiddelen_dranken_tabak;0.04;Optie B;0.0;0.0;;;;;GM0171;;;;GM0171;;;;GM0171;;;False;False;False;52.70749829515841;5.9034134269950576;WarmteAtlas:LT_WarmteBronnen_ECW;https://www.warmteatlas.nl/geoserver/WarmteAtlas/wfs;2026-06-23T13:53:17;
173222;531244;Veco Groente en Fruit BV;37.5;Voedingsmiddelen_dranken_tabak;0.1;Optie B;0.0;0.0;;;;;GM0171;;;;GM0171;;;;GM0171;;;False;False;False;52.76820029053312;5.6571933201381235;WarmteAtlas:LT_WarmteBronnen_ECW;https://www.warmteatlas.nl/geoserver/WarmteAtlas/wfs;2026-06-23T13:53:17;
166704;384237;Esro Vlees BV;0.0;Voedingsmiddelen_dranken_tabak;0.0;Optie B;0.0;0.0;;;;;GM0820;;;;GM0820;;;;GM0820;;;False;False;False;51.447100692707906;5.555561947335493;WarmteAtlas:LT_WarmteBronnen_ECW;https://www.warmteatlas.nl/geoserver/WarmteAtlas/wfs;2026-06-23T13:53:17;
166428;384281;Prinsen Fabr  v  Voed   en Genotproducten BV;0.0;Voedingsmiddelen_dranken_tabak;0.0;Optie B;0.0;0.0;;;;;GM0820;;;;GM0820;;;;GM0820;;;False;False;False;51.44750186007256;5.551593155827641;WarmteAtlas:LT_WarmteBronnen_ECW;https://www.warmteatlas.nl/geoserver/WarmteAtlas/wfs;2026-06-23T13:53:17;
166317;387329;VOF IJssalon     Italia;0.0;Voedingsmiddelen_dranken_tabak;0.0;Optie B;0.0;0.0;;;;;GM0820;;;;GM0820;;;;GM0820;;;False;False;False;51.47490145866057;5.550094495320056;WarmteAtlas:LT_WarmteBronnen_ECW;https://www.warmteatlas.nl/geoserver/WarmteAtlas/wfs;2026-06-23T13:53:17;
182569;488793;Nestl0 Nederland BV;0.0;Voedingsmiddelen_dranken_tabak;0.0;Optie B;0.0;0.0;;;;;GM0302;;;;GM0302;;;;GM0302;;;False;False;False;52.386299911370465;5.792159032090916;WarmteAtlas:LT_WarmteBronnen_ECW;https://www.warmteatlas.nl/geoserver/WarmteAtlas/wfs;2026-06-23T13:53:17;
181291;487740;Pap Eggs BV;0.0;Voedingsmiddelen_dranken_tabak;0.0;Optie B;0.0;0.0;;;;;GM0302;;;;GM0302;;;;GM0302;;;False;False;False;52.376898945580976;5.773304735476557;WarmteAtlas:LT_WarmteBronnen_ECW;https://www.warmteatlas.nl/geoserver/WarmteAtlas/wfs;2026-06-23T13:53:17;
264994;583379;BV Oldambt;0.0;Voedingsmiddelen_dranken_tabak;0.0;Optie B;0.0;0.0;;;;;GM1895;;;;GM1895;;;;GM1895;;;False;False;False;53.22569602976002;7.034260787386258;WarmteAtlas:LT_WarmteBronnen_ECW;https://www.warmteatlas.nl/geoserver/WarmteAtlas/wfs;2026-06-23T13:53:17;
266626;574054;Van Vliet Production BV;0.0;Voedingsmiddelen_dranken_tabak;0.0;Optie B;0.0;0.0;;;;;GM1895;;;;GM1895;;;;GM1895;;;False;False;False;53.1415962269672;7.0554558498975215;WarmteAtlas:LT_WarmteBronnen_ECW;https://www.warmteatlas.nl/geoserver/WarmteAtlas/wfs;2026-06-23T13:53:17;
261832;576350;Vleeswarenfabriek Scheemda BV;0.0;Voedingsmiddelen_dranken_tabak;0.0;Optie B;0.0;0.0;;;;;GM1895;;;;GM1895;;;;GM1895;;;False;False;False;53.16319658496701;6.984597587392928;WarmteAtlas:LT_WarmteBronnen_ECW;https://www.warmteatlas.nl/geoserver/WarmteAtlas/wfs;2026-06-23T13:53:17;
196245;496143;McCain Foods Europe BV;0.0;Voedingsmiddelen_dranken_tabak;0.0;Optie B;0.0;0.0;;;;;GM0269;;;;GM0269;;;;GM0269;;;False;False;False;52.4514970834791;5.993938285124643;WarmteAtlas:LT_WarmteBronnen_ECW;https://www.warmteatlas.nl/geoserver/WarmteAtlas/wfs;2026-06-23T13:53:17;
204557;483134;Hogeslag Olst Holding BV;0.0;Voedingsmiddelen_dranken_tabak;0.0;Optie B;0.0;0.0;;;;;GM1773;;;;GM1773;;;;GM1773;;;False;False;False;52.33389686531343;6.11428194298249;WarmteAtlas:LT_WarmteBronnen_ECW;https://www.warmteatlas.nl/geoserver/WarmteAtlas/wfs;2026-06-23T13:53:17;
225236;502681;Hyproca Dairy BV;0.0;Voedingsmiddelen_dranken_tabak;0.0;Optie B;0.0;0.0;;;;;GM0175;;;;GM0175;;;;GM0175;;;False;False;False;52.507297775943;6.421731314353293;WarmteAtlas:LT_WarmteBronnen_ECW;https://www.warmteatlas.nl/geoserver/WarmteAtlas/wfs;2026-06-23T13:53:17;
237366;446093;Koffiebranderij Beukenhorst BV;0.0;Voedingsmiddelen_dranken_tabak;0.0;Optie B;0.0;0.0;;;;;GM1586;;;;GM1586;;;;GM1586;;;False;False;False;51.997097293115395;6.586574823292109;WarmteAtlas:LT_WarmteBronnen_ECW;https://www.warmteatlas.nl/geoserver/WarmteAtlas/wfs;2026-06-23T13:53:17;
119836;404727;Banketbakkerij Merba BV;0.0;Voedingsmiddelen_dranken_tabak;0.0;Optie B;0.0;0.0;;;;;GM0826;;;;GM0826;;;;GM0826;;;False;False;False;51.63029745861172;4.879324368279849;WarmteAtlas:LT_WarmteBronnen_ECW;https://www.warmteatlas.nl/geoserver/WarmteAtlas/wfs;2026-06-23T13:53:17;
119608;404117;D8hler Holland BV;0.0;Voedingsmiddelen_dranken_tabak;0.0;Optie B;0.0;0.0;;;;;GM0826;;;;GM0826;;;;GM0826;;;False;False;False;51.62480028587091;4.876093285738261;WarmteAtlas:LT_WarmteBronnen_ECW;https://www.warmteatlas.nl/geoserver/WarmteAtlas/wfs;2026-06-23T13:53:17;
120247;404591;De Kroes BV;0.0;Voedingsmiddelen_dranken_tabak;0.0;Optie B;0.0;0.0;;;;;GM0826;;;;GM0826;;;;GM0826;;;False;False;False;51.62910066280064;4.885273800248873;WarmteAtlas:LT_WarmteBronnen_ECW;https://www.warmteatlas.nl/geoserver/WarmteAtlas/wfs;2026-06-23T13:53:17;
119682;404717;Delcave Van Gastel Wijnen BV;0.0;Voedingsmiddelen_dranken_tabak;0.0;Optie B;0.0;0.0;;;;;GM0826;;;;GM0826;;;;GM0826;;;False;False;False;51.63019790316372;4.877101225868759;WarmteAtlas:LT_WarmteBronnen_ECW;https://www.warmteatlas.nl/geoserver/WarmteAtlas/wfs;2026-06-23T13:53:17;
119384;494018;Royaan BV;0.0;Voedingsmiddelen_dranken_tabak;0.0;Optie B;0.0;0.0;;;;;GM0431;;;;GM0431;;;;GM0431;;;False;False;False;52.43279598965052;4.863498623850072;WarmteAtlas:LT_WarmteBronnen_ECW;https://www.warmteatlas.nl/geoserver/WarmteAtlas/wfs;2026-06-23T13:53:17;
126403;524806;Teeling Petfood Opmeer BV;0.0;Voedingsmiddelen_dranken_tabak;0.0;Optie B;0.0;0.0;;;;;GM0432;;;;GM0432;;;;GM0432;;;False;False;False;52.70989793451903;4.964057975284465;WarmteAtlas:LT_WarmteBronnen_ECW;https://www.warmteatlas.nl/geoserver/WarmteAtlas/wfs;2026-06-23T13:53:17;
167012;417024;Afb International;0.0;Voedingsmiddelen_dranken_tabak;0.0;Optie B;0.0;0.0;;;;;GM0828;;;;GM0828;;;;GM0828;;;False;False;False;51.74180129633729;5.561119780375509;WarmteAtlas:LT_WarmteBronnen_ECW;https://www.warmteatlas.nl/geoserver/WarmteAtlas/wfs;2026-06-23T13:53:17;
173287;423306;De Heus Voeders BV;0.0;Voedingsmiddelen_dranken_tabak;0.0;Optie B;0.0;0.0;;;;;GM0828;;;;GM0828;;;;GM0828;;;False;False;False;51.798095878268605;5.6523043339566215;WarmteAtlas:LT_WarmteBronnen_ECW;https://www.warmteatlas.nl/geoserver/WarmteAtlas/wfs;2026-06-23T13:53:17;
166396;422607;Fleuren Presspack BV;0.0;Voedingsmiddelen_dranken_tabak;0.0;Optie B;0.0;0.0;;;;;GM0828;;;;GM0828;;;;GM0828;;;False;False;False;51.791996381744646;5.552384684756795;WarmteAtlas:LT_WarmteBronnen_ECW;https://www.warmteatlas.nl/geoserver/WarmteAtlas/wfs;2026-06-23T13:53:17;
166021;420760;Trianon Productie BV;0.0;Voedingsmiddelen_dranken_tabak;0.0;Optie B;0.0;0.0;;;;;GM0828;;;;GM0828;;;;GM0828;;;False;False;False;51.775402390994714;5.546890328366372;WarmteAtlas:LT_WarmteBronnen_ECW;https://www.warmteatlas.nl/geoserver/WarmteAtlas/wfs;2026-06-23T13:53:17;
165603;419602;Unilever Nederland Foods Factories BV;0.0;Voedingsmiddelen_dranken_tabak;0.0;Optie B;0.0;0.0;;;;;GM0828;;;;GM0828;;;;GM0828;;;False;False;False;51.765001935155304;5.54079829509567;WarmteAtlas:LT_WarmteBronnen_ECW;https://www.warmteatlas.nl/geoserver/WarmteAtlas/wfs;2026-06-23T13:53:17;
166852;416679;Visser Stroopwafels BV;0.0;Voedingsmiddelen_dranken_tabak;0.0;Optie B;0.0;0.0;;;;;GM0828;;;;GM0828;;;;GM0828;;;False;False;False;51.7387037117324;5.558791411882265;WarmteAtlas:LT_WarmteBronnen_ECW;https://www.warmteatlas.nl/geoserver/WarmteAtlas/wfs;2026-06-23T13:53:17;
157317;424831;Zwiers Vleeswarenbedrijf BV;0.0;Voedingsmiddelen_dranken_tabak;0.0;Optie B;0.0;0.0;;;;;GM0828;;;;GM0828;;;;GM0828;;;False;False;False;51.81209823311334;5.4208016105934655;WarmteAtlas:LT_WarmteBronnen_ECW;https://www.warmteatlas.nl/geoserver/WarmteAtlas/wfs;2026-06-23T13:53:17;
229071;440132;Frieslandcampina Cheese   Butter BV;0.0;Voedingsmiddelen_dranken_tabak;0.0;Optie B;0.0;0.0;;;;;GM1509;;;;GM1509;;;;GM1509;;;False;False;False;51.94469566593652;6.464521500097662;WarmteAtlas:LT_WarmteBronnen_ECW;https://www.warmteatlas.nl/geoserver/WarmteAtlas/wfs;2026-06-23T13:53:17;
229466;439437;Hawi Vleeswaren BV;0.0;Voedingsmiddelen_dranken_tabak;0.0;Optie B;0.0;0.0;;;;;GM1509;;;;GM1509;;;;GM1509;;;False;False;False;51.938396969689094;6.470114900353445;WarmteAtlas:LT_WarmteBronnen_ECW;https://www.warmteatlas.nl/geoserver/WarmteAtlas/wfs;2026-06-23T13:53:17;
229466;439437;Hawi Hawiva In  en Verkoop BV;0.0;Voedingsmiddelen_dranken_tabak;0.0;Optie B;0.0;0.0;;;;;GM1509;;;;GM1509;;;;GM1509;;;False;False;False;51.938396969689094;6.470114900353445;WarmteAtlas:LT_WarmteBronnen_ECW;https://www.warmteatlas.nl/geoserver/WarmteAtlas/wfs;2026-06-23T13:53:17;
123683;482348;Van der Zee Vlees BV;0.0;Voedingsmiddelen_dranken_tabak;0.0;Optie B;0.0;0.0;;;;;GM0437;;;;GM0437;;;;GM0437;;;False;False;False;52.32817651218534;4.927797810249768;WarmteAtlas:LT_WarmteBronnen_ECW;https://www.warmteatlas.nl/geoserver/WarmteAtlas/wfs;2026-06-23T13:53:17;
184905;440719;Baltussen Konservenfabriek BV;0.0;Voedingsmiddelen_dranken_tabak;0.0;Optie B;0.0;0.0;;;;;GM1734;;;;GM1734;;;;GM1734;;;False;False;False;51.954103740027975;5.822235131549279;WarmteAtlas:LT_WarmteBronnen_ECW;https://www.warmteatlas.nl/geoserver/WarmteAtlas/wfs;2026-06-23T13:53:17;
187115;436193;H J  Heinz Holding BV;0.0;Voedingsmiddelen_dranken_tabak;0.0;Optie B;0.0;0.0;;;;;GM1734;;;;GM1734;;;;GM1734;;;False;False;False;51.913300715533204;5.853960269576416;WarmteAtlas:LT_WarmteBronnen_ECW;https://www.warmteatlas.nl/geoserver/WarmteAtlas/wfs;2026-06-23T13:53:17;
187115;436193;H J  Heinz Supply Chain Europe BV;0.0;Voedingsmiddelen_dranken_tabak;0.0;Optie B;0.0;0.0;;;;;GM1734;;;;GM1734;;;;GM1734;;;False;False;False;51.913300715533204;5.853960269576416;WarmteAtlas:LT_WarmteBronnen_ECW;https://www.warmteatlas.nl/geoserver/WarmteAtlas/wfs;2026-06-23T13:53:17;
128533;503875;Hesseling Vlees BV;0.0;Voedingsmiddelen_dranken_tabak;0.0;Optie B;0.0;0.0;;;;;GM0439;;;;GM0439;;;;GM0439;;;False;False;False;52.52190082897325;4.997243776326839;WarmteAtlas:LT_WarmteBronnen_ECW;https://www.warmteatlas.nl/geoserver/WarmteAtlas/wfs;2026-06-23T13:53:17;
127894;501709;Uitsnijderij Dao BV;0.0;Voedingsmiddelen_dranken_tabak;0.0;Optie B;0.0;0.0;;;;;GM0439;;;;GM0439;;;;GM0439;;;False;False;False;52.50240342938352;4.988004994547334;WarmteAtlas:LT_WarmteBronnen_ECW;https://www.warmteatlas.nl/geoserver/WarmteAtlas/wfs;2026-06-23T13:53:17;
168188;475404;Co0peratieve Pelsdierenfokkers Centrale Flevo BA;0.0;Voedingsmiddelen_dranken_tabak;0.0;Optie B;0.0;0.0;;;;;GM0273;;;;GM0273;;;;GM0273;;;False;False;False;52.266499265804846;5.580396912794383;WarmteAtlas:LT_WarmteBronnen_ECW;https://www.warmteatlas.nl/geoserver/WarmteAtlas/wfs;2026-06-23T13:53:17;
168286;475482;Trouw Nutrition Nederland BV;0.0;Voedingsmiddelen_dranken_tabak;0.0;Optie B;0.0;0.0;;;;;GM0273;;;;GM0273;;;;GM0273;;;False;False;False;52.267197949070706;5.5818355916524265;WarmteAtlas:LT_WarmteBronnen_ECW;https://www.warmteatlas.nl/geoserver/WarmteAtlas/wfs;2026-06-23T13:53:17;
215579;489199;Booijink Veevoeders BV;0.0;Voedingsmiddelen_dranken_tabak;0.0;Optie B;0.0;0.0;;;;;GM0177;;;;GM0177;;;;GM0177;;;False;False;False;52.387296626926926;6.277067731132356;WarmteAtlas:LT_WarmteBronnen_ECW;https://www.warmteatlas.nl/geoserver/WarmteAtlas/wfs;2026-06-23T13:53:17;
216034;488337;Bouwhuis Enthoven BV;0.0;Voedingsmiddelen_dranken_tabak;0.0;Optie B;0.0;0.0;;;;;GM0177;;;;GM0177;;;;GM0177;;;False;False;False;52.379499707248144;6.283593884905275;WarmteAtlas:LT_WarmteBronnen_ECW;https://www.warmteatlas.nl/geoserver/WarmteAtlas/wfs;2026-06-23T13:53:17;
215127;487903;BV Lupack Vleeswaren  en Conservenfabriek;0.0;Voedingsmiddelen_dranken_tabak;0.0;Optie B;0.0;0.0;;;;;GM0177;;;;GM0177;;;;GM0177;;;False;False;False;52.37569961512328;6.2701968563590835;WarmteAtlas:LT_WarmteBronnen_ECW;https://www.warmteatlas.nl/geoserver/WarmteAtlas/wfs;2026-06-23T13:53:17;
62596;389138;J  Barbu BV;0.0;Voedingsmiddelen_dranken_tabak;0.0;Optie B;0.0;0.0;;;;;GM0703;;;;GM0703;;;;GM0703;;;False;False;False;51.48369736118318;4.056858673338331;WarmteAtlas:LT_WarmteBronnen_ECW;https://www.warmteatlas.nl/geoserver/WarmteAtlas/wfs;2026-06-23T13:53:17;
61524;389214;Jan Prins Zeeuwsche Banier BV;0.0;Voedingsmiddelen_dranken_tabak;0.0;Optie B;0.0;0.0;;;;;GM0703;;;;GM0703;;;;GM0703;;;False;False;False;51.48420348972442;4.0414088951887495;WarmteAtlas:LT_WarmteBronnen_ECW;https://www.warmteatlas.nl/geoserver/WarmteAtlas/wfs;2026-06-23T13:53:17;
61075;387063;Lamb Weston Meijer VOF;0.0;Voedingsmiddelen_dranken_tabak;0.0;Optie B;0.0;0.0;;;;;GM0703;;;;GM0703;;;;GM0703;;;False;False;False;51.46479856445516;4.035520385269612;WarmteAtlas:LT_WarmteBronnen_ECW;https://www.warmteatlas.nl/geoserver/WarmteAtlas/wfs;2026-06-23T13:53:17;
62112;391094;Lenger Seafoods Yerseke BV;0.0;Voedingsmiddelen_dranken_tabak;0.0;Optie B;0.0;0.0;;;;;GM0703;;;;GM0703;;;;GM0703;;;False;False;False;51.5011956759318;4.049375534997044;WarmteAtlas:LT_WarmteBronnen_ECW;https://www.warmteatlas.nl/geoserver/WarmteAtlas/wfs;2026-06-23T13:53:17;
61934;390975;Roem van Yerseke BV;0.0;Voedingsmiddelen_dranken_tabak;0.0;Optie B;0.0;0.0;;;;;GM0703;;;;GM0703;;;;GM0703;;;False;False;False;51.500096872139764;4.046844058560114;WarmteAtlas:LT_WarmteBronnen_ECW;https://www.warmteatlas.nl/geoserver/WarmteAtlas/wfs;2026-06-23T13:53:17;
165030;454468;Scholtus Special Products BV;0.0;Voedingsmiddelen_dranken_tabak;0.0;Optie B;0.0;0.0;;;;;GM0339;;;;GM0339;;;;GM0339;;;False;False;False;52.07839576068024;5.533515827228887;WarmteAtlas:LT_WarmteBronnen_ECW;https://www.warmteatlas.nl/geoserver/WarmteAtlas/wfs;2026-06-23T13:53:17;
140173;374766;Leijtens Snacks en Frites;0.0;Voedingsmiddelen_dranken_tabak;0.0;Optie B;0.0;0.0;;;;;GM1667;;;;GM1667;;;;GM1667;;;False;False;False;51.361896300264924;5.1743134986515855;WarmteAtlas:LT_WarmteBronnen_ECW;https://www.warmteatlas.nl/geoserver/WarmteAtlas/wfs;2026-06-23T13:53:17;
204108;452264;Chocolade  en Suikerwerkenfabriek Donkers BV;0.0;Voedingsmiddelen_dranken_tabak;0.0;Optie B;0.0;0.0;;;;;GM0275;;;;GM0275;;;;GM0275;;;False;False;False;52.0564996338195;6.1032232445712244;WarmteAtlas:LT_WarmteBronnen_ECW;https://www.warmteatlas.nl/geoserver/WarmteAtlas/wfs;2026-06-23T13:53:17;
195949;444858;Pluim   De Haas BV;0.0;Voedingsmiddelen_dranken_tabak;0.0;Optie B;0.0;0.0;;;;;GM0275;;;;GM0275;;;;GM0275;;;False;False;False;51.99059986928571;5.983380862904063;WarmteAtlas:LT_WarmteBronnen_ECW;https://www.warmteatlas.nl/geoserver/WarmteAtlas/wfs;2026-06-23T13:53:17;
232317;481432;Alldra BV;0.0;Voedingsmiddelen_dranken_tabak;0.0;Optie B;0.0;0.0;;;;;GM1742;;;;GM1742;;;;GM1742;;;False;False;False;52.31539766819798;6.521110546385985;WarmteAtlas:LT_WarmteBronnen_ECW;https://www.warmteatlas.nl/geoserver/WarmteAtlas/wfs;2026-06-23T13:53:17;
225738;477840;Enkco BV;0.0;Voedingsmiddelen_dranken_tabak;0.0;Optie B;0.0;0.0;;;;;GM1742;;;;GM1742;;;;GM1742;;;False;False;False;52.28400400817659;6.42388740150367;WarmteAtlas:LT_WarmteBronnen_ECW;https://www.warmteatlas.nl/geoserver/WarmteAtlas/wfs;2026-06-23T13:53:17;
223656;476898;Enkco BV;0.0;Voedingsmiddelen_dranken_tabak;0.0;Optie B;0.0;0.0;;;;;GM1742;;;;GM1742;;;;GM1742;;;False;False;False;52.27580232323869;6.393188148368838;WarmteAtlas:LT_WarmteBronnen_ECW;https://www.warmteatlas.nl/geoserver/WarmteAtlas/wfs;2026-06-23T13:53:17;
200341;360929;Cargill BV;0.0;voedingsmiddelen_dranken_tabak;0.0;Optie B;0.0;0.0;;;;;GM0957;;;;GM0957;;;;GM0957;;;False;False;False;51.235900282380534;6.036424362081522;WarmteAtlas:LT_WarmteBronnen_ECW;https://www.warmteatlas.nl/geoserver/WarmteAtlas/wfs;2026-06-23T13:53:17;
201297;355953;Aarson Foods BV;0.0;Voedingsmiddelen_dranken_tabak;0.0;Optie B;0.0;0.0;;;;;GM0957;;;;GM0957;;;;GM0957;;;False;False;False;51.19109735113923;6.049465841972265;WarmteAtlas:LT_WarmteBronnen_ECW;https://www.warmteatlas.nl/geoserver/WarmteAtlas/wfs;2026-06-23T13:53:17;
200455;353832;Bergia Distributiebedrijven BV;0.0;Voedingsmiddelen_dranken_tabak;0.0;Optie B;0.0;0.0;;;;;GM0957;;;;GM0957;;;;GM0957;;;False;False;False;51.17210117229813;6.037151951900461;WarmteAtlas:LT_WarmteBronnen_ECW;https://www.warmteatlas.nl/geoserver/WarmteAtlas/wfs;2026-06-23T13:53:17;
201643;352953;Dedert IJs BV;0.0;Voedingsmiddelen_dranken_tabak;0.0;Optie B;0.0;0.0;;;;;GM0957;;;;GM0957;;;;GM0957;;;False;False;False;51.164104182485325;6.054023084918333;WarmteAtlas:LT_WarmteBronnen_ECW;https://www.warmteatlas.nl/geoserver/WarmteAtlas/wfs;2026-06-23T13:53:17;
197697;355110;Giesen Vlees en Vleeswaren BV;0.0;Voedingsmiddelen_dranken_tabak;0.0;Optie B;0.0;0.0;;;;;GM0957;;;;GM0957;;;;GM0957;;;False;False;False;51.183802259986976;5.9978708755180055;WarmteAtlas:LT_WarmteBronnen_ECW;https://www.warmteatlas.nl/geoserver/WarmteAtlas/wfs;2026-06-23T13:53:17;
93471;395033;Landewyck Tabak Holland BV;0.0;voedingsmiddelen_dranken_tabak;0.0;Optie B;0.0;0.0;;;;;GM1674;;;;GM1674;;;;GM1674;;;False;False;False;51.54089867269706;4.500270702108432;WarmteAtlas:LT_WarmteBronnen_ECW;https://www.warmteatlas.nl/geoserver/WarmteAtlas/wfs;2026-06-23T13:53:17;
93004;394382;Chocolatier Tosca BV;0.0;Voedingsmiddelen_dranken_tabak;0.0;Optie B;0.0;0.0;;;;;GM1674;;;;GM1674;;;;GM1674;;;False;False;False;51.53499637874747;4.4936548060726755;WarmteAtlas:LT_WarmteBronnen_ECW;https://www.warmteatlas.nl/geoserver/WarmteAtlas/wfs;2026-06-23T13:53:17;
91334;395516;Cloetta Holland BV;0.0;Voedingsmiddelen_dranken_tabak;0.0;Optie B;0.0;0.0;;;;;GM1674;;;;GM1674;;;;GM1674;;;False;False;False;51.54500188105375;4.469382204588006;WarmteAtlas:LT_WarmteBronnen_ECW;https://www.warmteatlas.nl/geoserver/WarmteAtlas/wfs;2026-06-23T13:53:17;
90954;396222;Confiserie Lonka Suikerwerkfabriek BV;0.0;Voedingsmiddelen_dranken_tabak;0.0;Optie B;0.0;0.0;;;;;GM1674;;;;GM1674;;;;GM1674;;;False;False;False;51.551304022542936;4.463775768733899;WarmteAtlas:LT_WarmteBronnen_ECW;https://www.warmteatlas.nl/geoserver/WarmteAtlas/wfs;2026-06-23T13:53:17;
90167;394585;Koninklijke Conperatie Cosun UA;0.0;Voedingsmiddelen_dranken_tabak;0.0;Optie B;0.0;0.0;;;;;GM1674;;;;GM1674;;;;GM1674;;;False;False;False;51.536501057236784;4.4527327587765475;WarmteAtlas:LT_WarmteBronnen_ECW;https://www.warmteatlas.nl/geoserver/WarmteAtlas/wfs;2026-06-23T13:53:17;
92973;395540;Peeters Produkten BV;0.0;Voedingsmiddelen_dranken_tabak;0.0;Optie B;0.0;0.0;;;;;GM1674;;;;GM1674;;;;GM1674;;;False;False;False;51.545400749224264;4.493003266270269;WarmteAtlas:LT_WarmteBronnen_ECW;https://www.warmteatlas.nl/geoserver/WarmteAtlas/wfs;2026-06-23T13:53:17;
98137;440563;Coca Cola Enterprises Nederland BV;0.0;voedingsmiddelen_dranken_tabak;0.0;Optie B;0.0;0.0;;;;;GM0599;;;;GM0599;;;;GM0599;;;False;False;False;51.95059878189776;4.560064078723228;WarmteAtlas:LT_WarmteBronnen_ECW;https://www.warmteatlas.nl/geoserver/WarmteAtlas/wfs;2026-06-23T13:53:17;
88295;438103;Jadico Specerijen BV;0.0;Voedingsmiddelen_dranken_tabak;0.0;Optie B;0.0;0.0;;;;;GM0599;;;;GM0599;;;;GM0599;;;False;False;False;51.92739634038757;4.417396342051419;WarmteAtlas:LT_WarmteBronnen_ECW;https://www.warmteatlas.nl/geoserver/WarmteAtlas/wfs;2026-06-23T13:53:17;
88316;438170;Solina Netherlands BV;0.0;Voedingsmiddelen_dranken_tabak;0.0;Optie B;0.0;0.0;;;;;GM0599;;;;GM0599;;;;GM0599;;;False;False;False;51.92800100069541;4.417688620634151;WarmteAtlas:LT_WarmteBronnen_ECW;https://www.warmteatlas.nl/geoserver/WarmteAtlas/wfs;2026-06-23T13:53:17;
92091;437765;Wilmar Edible Oils BV;0.0;Voedingsmiddelen_dranken_tabak;0.0;Optie B;0.0;0.0;;;;;GM0599;;;;GM0599;;;;GM0599;;;False;False;False;51.92480092775448;4.472640294772835;WarmteAtlas:LT_WarmteBronnen_ECW;https://www.warmteatlas.nl/geoserver/WarmteAtlas/wfs;2026-06-23T13:53:17;
98747;393870;Continental Bakeries  Rucphen  BV;0.0;Voedingsmiddelen_dranken_tabak;0.0;Optie B;0.0;0.0;;;;;GM0840;;;;GM0840;;;;GM0840;;;False;False;False;51.53099819097823;4.576502286164507;WarmteAtlas:LT_WarmteBronnen_ECW;https://www.warmteatlas.nl/geoserver/WarmteAtlas/wfs;2026-06-23T13:53:17;
164828;563814;De Friese Bierbrouwerij BV;0.0;voedingsmiddelen_dranken_tabak;0.0;Optie B;0.0;0.0;;;;;GM1900;;;;GM1900;;;;GM1900;;;False;False;False;53.061102719691974;5.533804777744341;WarmteAtlas:LT_WarmteBronnen_ECW;https://www.warmteatlas.nl/geoserver/WarmteAtlas/wfs;2026-06-23T13:53:17;
174199;560103;Cloetta Holland BV;0.0;Voedingsmiddelen_dranken_tabak;0.0;Optie B;0.0;0.0;;;;;GM1900;;;;GM1900;;;;GM1900;;;False;False;False;53.02750289766412;5.673364830276828;WarmteAtlas:LT_WarmteBronnen_ECW;https://www.warmteatlas.nl/geoserver/WarmteAtlas/wfs;2026-06-23T13:53:17;
175272;559328;De Heus Voeders BV;0.0;Voedingsmiddelen_dranken_tabak;0.0;Optie B;0.0;0.0;;;;;GM1900;;;;GM1900;;;;GM1900;;;False;False;False;53.02049941423852;5.689309109223825;WarmteAtlas:LT_WarmteBronnen_ECW;https://www.warmteatlas.nl/geoserver/WarmteAtlas/wfs;2026-06-23T13:53:17;
164293;565037;UCC Coffee Benelux BV;0.0;Voedingsmiddelen_dranken_tabak;0.0;Optie B;0.0;0.0;;;;;GM1900;;;;GM1900;;;;GM1900;;;False;False;False;53.07210205491013;5.525859674607548;WarmteAtlas:LT_WarmteBronnen_ECW;https://www.warmteatlas.nl/geoserver/WarmteAtlas/wfs;2026-06-23T13:53:17;
164293;565037;UCC Coffee Benelux BV;0.0;Voedingsmiddelen_dranken_tabak;0.0;Optie B;0.0;0.0;;;;;GM1900;;;;GM1900;;;;GM1900;;;False;False;False;53.07210205491013;5.525859674607548;WarmteAtlas:LT_WarmteBronnen_ECW;https://www.warmteatlas.nl/geoserver/WarmteAtlas/wfs;2026-06-23T13:53:17;
115967;533057;Albert van Zoonen BV;0.0;Voedingsmiddelen_dranken_tabak;0.0;Optie B;0.0;0.0;;;;;GM0441;;;;GM0441;;;;GM0441;;;False;False;False;52.78339585506623;4.8086667223671515;WarmteAtlas:LT_WarmteBronnen_ECW;https://www.warmteatlas.nl/geoserver/WarmteAtlas/wfs;2026-06-23T13:53:17;
111087;525732;Koninklijke Vezet BV;0.0;Voedingsmiddelen_dranken_tabak;0.0;Optie B;0.0;0.0;;;;;GM0441;;;;GM0441;;;;GM0441;;;False;False;False;52.717198140244676;4.737316713813965;WarmteAtlas:LT_WarmteBronnen_ECW;https://www.warmteatlas.nl/geoserver/WarmteAtlas/wfs;2026-06-23T13:53:17;
110590;525536;Triple Meat   Specials BV;0.0;Voedingsmiddelen_dranken_tabak;0.0;Optie B;0.0;0.0;;;;;GM0441;;;;GM0441;;;;GM0441;;;False;False;False;52.715396435432694;4.729988209962512;WarmteAtlas:LT_WarmteBronnen_ECW;https://www.warmteatlas.nl/geoserver/WarmteAtlas/wfs;2026-06-23T13:53:17;
42573;416709;Dossche Mills Nederland BV;0.0;Voedingsmiddelen_dranken_tabak;0.0;Optie B;0.0;0.0;;;;;GM1676;;;;GM1676;;;;GM1676;;;False;False;False;51.727800540812964;3.7598200005799622;WarmteAtlas:LT_WarmteBronnen_ECW;https://www.warmteatlas.nl/geoserver/WarmteAtlas/wfs;2026-06-23T13:53:17;
53589;406849;Palsgaard Netherlands BV;0.0;Voedingsmiddelen_dranken_tabak;0.0;Optie B;0.0;0.0;;;;;GM1676;;;;GM1676;;;;GM1676;;;False;False;False;51.64130303538354;3.9220962747763846;WarmteAtlas:LT_WarmteBronnen_ECW;https://www.warmteatlas.nl/geoserver/WarmteAtlas/wfs;2026-06-23T13:53:17;
53370;407799;Zeelandia H J  Doeleman BV;0.0;Voedingsmiddelen_dranken_tabak;0.0;Optie B;0.0;0.0;;;;;GM1676;;;;GM1676;;;;GM1676;;;False;False;False;51.64980022400172;3.918656564143305;WarmteAtlas:LT_WarmteBronnen_ECW;https://www.warmteatlas.nl/geoserver/WarmteAtlas/wfs;2026-06-23T13:53:17;
52740;406810;Zeelandia H J  Doeleman BV;0.0;Voedingsmiddelen_dranken_tabak;0.0;Optie B;0.0;0.0;;;;;GM1676;;;;GM1676;;;;GM1676;;;False;False;False;51.64079840748977;3.9098458968530583;WarmteAtlas:LT_WarmteBronnen_ECW;https://www.warmteatlas.nl/geoserver/WarmteAtlas/wfs;2026-06-23T13:53:17;
53810;407223;Zeelandia H J  Doeleman BV;0.0;Voedingsmiddelen_dranken_tabak;0.0;Optie B;0.0;0.0;;;;;GM1676;;;;GM1676;;;;GM1676;;;False;False;False;51.64470378120154;3.925179644456971;WarmteAtlas:LT_WarmteBronnen_ECW;https://www.warmteatlas.nl/geoserver/WarmteAtlas/wfs;2026-06-23T13:53:17;
86455;452927;Menken Van den Assem Fresh Food BV;0.0;Voedingsmiddelen_dranken_tabak;0.0;Optie B;0.0;0.0;;;;;GM0518;;;;GM0518;;;;GM0518;;;False;False;False;52.06039664758189;4.387683817415027;WarmteAtlas:LT_WarmteBronnen_ECW;https://www.warmteatlas.nl/geoserver/WarmteAtlas/wfs;2026-06-23T13:53:17;
147414;412409;Heineken Nederland BV;0.0;voedingsmiddelen_dranken_tabak;0.0;Optie B;0.0;0.0;;;;;GM0796;;;;GM0796;;;;GM0796;;;False;False;False;51.70039756728116;5.277467268155492;WarmteAtlas:LT_WarmteBronnen_ECW;https://www.warmteatlas.nl/geoserver/WarmteAtlas/wfs;2026-06-23T13:53:17;
189088;336288;Dis BV;0.0;voedingsmiddelen_dranken_tabak;0.0;Optie B;0.0;0.0;;;;;GM1883;;;;GM1883;;;;GM1883;;;False;False;False;51.015202195829346;5.872956032706704;WarmteAtlas:LT_WarmteBronnen_ECW;https://www.warmteatlas.nl/geoserver/WarmteAtlas/wfs;2026-06-23T13:53:17;
184167;338672;Aa_Bakeries BV;0.0;Voedingsmiddelen_dranken_tabak;0.0;Optie B;0.0;0.0;;;;;GM1883;;;;GM1883;;;;GM1883;;;False;False;False;51.036903764950075;5.803026583559857;WarmteAtlas:LT_WarmteBronnen_ECW;https://www.warmteatlas.nl/geoserver/WarmteAtlas/wfs;2026-06-23T13:53:17;
184549;332466;Best Productions Lab BV;0.0;Voedingsmiddelen_dranken_tabak;0.0;Optie B;0.0;0.0;;;;;GM1883;;;;GM1883;;;;GM1883;;;False;False;False;50.981100868216494;5.807963226018059;WarmteAtlas:LT_WarmteBronnen_ECW;https://www.warmteatlas.nl/geoserver/WarmteAtlas/wfs;2026-06-23T13:53:17;
184310;338939;Gebr  Snijders Vleeswarenfabriek BV;0.0;Voedingsmiddelen_dranken_tabak;0.0;Optie B;0.0;0.0;;;;;GM1883;;;;GM1883;;;;GM1883;;;False;False;False;51.03929638938892;5.805087016214511;WarmteAtlas:LT_WarmteBronnen_ECW;https://www.warmteatlas.nl/geoserver/WarmteAtlas/wfs;2026-06-23T13:53:17;
188857;336531;Rousseau Chocolade BV;0.0;Voedingsmiddelen_dranken_tabak;0.0;Optie B;0.0;0.0;;;;;GM1883;;;;GM1883;;;;GM1883;;;False;False;False;51.017400161821456;5.869687232594156;WarmteAtlas:LT_WarmteBronnen_ECW;https://www.warmteatlas.nl/geoserver/WarmteAtlas/wfs;2026-06-23T13:53:17;
189025;336621;Schils BV;0.0;Voedingsmiddelen_dranken_tabak;0.0;Optie B;0.0;0.0;;;;;GM1883;;;;GM1883;;;;GM1883;;;False;False;False;51.01819913710671;5.872089786520442;WarmteAtlas:LT_WarmteBronnen_ECW;https://www.warmteatlas.nl/geoserver/WarmteAtlas/wfs;2026-06-23T13:53:17;
28725;379497;Confiserie Napoleon BV;0.0;Voedingsmiddelen_dranken_tabak;0.0;Optie B;0.0;0.0;;;;;GM1714;;;;GM1714;;;;GM1714;;;False;False;False;51.390499373278416;3.5728717267190078;WarmteAtlas:LT_WarmteBronnen_ECW;https://www.warmteatlas.nl/geoserver/WarmteAtlas/wfs;2026-06-23T13:53:17;
17489;376995;Torquis Chocolatiers BV;0.0;Voedingsmiddelen_dranken_tabak;0.0;Optie B;0.0;0.0;;;;;GM1714;;;;GM1714;;;;GM1714;;;False;False;False;51.36539698297925;3.4124923559607994;WarmteAtlas:LT_WarmteBronnen_ECW;https://www.warmteatlas.nl/geoserver/WarmteAtlas/wfs;2026-06-23T13:53:17;
178399;378737;Mix International BV;0.0;Voedingsmiddelen_dranken_tabak;0.0;Optie B;0.0;0.0;;;;;GM0847;;;;GM0847;;;;GM0847;;;False;False;False;51.39729932985411;5.72342644386894;WarmteAtlas:LT_WarmteBronnen_ECW;https://www.warmteatlas.nl/geoserver/WarmteAtlas/wfs;2026-06-23T13:53:17;
179601;374715;Van Rooi Meat BV;0.0;Voedingsmiddelen_dranken_tabak;0.0;Optie B;0.0;0.0;;;;;GM0847;;;;GM0847;;;;GM0847;;;False;False;False;51.36109618959065;5.740417959500421;WarmteAtlas:LT_WarmteBronnen_ECW;https://www.warmteatlas.nl/geoserver/WarmteAtlas/wfs;2026-06-23T13:53:17;
209084;514985;Bio Kaas BV;0.0;Voedingsmiddelen_dranken_tabak;0.0;Optie B;0.0;0.0;;;;;GM0180;;;;GM0180;;;;GM0180;;;False;False;False;52.6197038770292;6.185849974252713;WarmteAtlas:LT_WarmteBronnen_ECW;https://www.warmteatlas.nl/geoserver/WarmteAtlas/wfs;2026-06-23T13:53:17;
88774;403793;Koninklijke Cofperatie Cosun UA;0.0;Voedingsmiddelen_dranken_tabak;0.0;Optie B;0.0;0.0;;;;;GM0851;;;;GM0851;;;;GM0851;;;False;False;False;51.619096356165215;4.43091543209492;WarmteAtlas:LT_WarmteBronnen_ECW;https://www.warmteatlas.nl/geoserver/WarmteAtlas/wfs;2026-06-23T13:53:17;
193852;521839;Van Benthem Veevoeders en Kunstmest BV;0.0;Voedingsmiddelen_dranken_tabak;0.0;Optie B;0.0;0.0;;;;;GM1708;;;;GM1708;;;;GM1708;;;False;False;False;52.68259726724742;5.96174023677082;WarmteAtlas:LT_WarmteBronnen_ECW;https://www.warmteatlas.nl/geoserver/WarmteAtlas/wfs;2026-06-23T13:53:17;
193563;529282;Weerribben Zuivel BV;0.0;Voedingsmiddelen_dranken_tabak;0.0;Optie B;0.0;0.0;;;;;GM1708;;;;GM1708;;;;GM1708;;;False;False;False;52.749504303462736;5.958336699196896;WarmteAtlas:LT_WarmteBronnen_ECW;https://www.warmteatlas.nl/geoserver/WarmteAtlas/wfs;2026-06-23T13:53:17;
117487;562102;Texelse Bierbrouwerij BV;0.0;voedingsmiddelen_dranken_tabak;0.0;Optie B;0.0;0.0;;;;;GM0448;;;;GM0448;;;;GM0448;;;False;False;False;53.04450221261913;4.827859973877625;WarmteAtlas:LT_WarmteBronnen_ECW;https://www.warmteatlas.nl/geoserver/WarmteAtlas/wfs;2026-06-23T13:53:17;
65120;396137;Katjang Pedis P C I  BV;0.0;Voedingsmiddelen_dranken_tabak;0.0;Optie B;0.0;0.0;;;;;GM0716;;;;GM0716;;;;GM0716;;;False;False;False;51.547004125674164;4.09139643719191;WarmteAtlas:LT_WarmteBronnen_ECW;https://www.warmteatlas.nl/geoserver/WarmteAtlas/wfs;2026-06-23T13:53:17;
64886;396241;Lion Foods BV;0.0;Voedingsmiddelen_dranken_tabak;0.0;Optie B;0.0;0.0;;;;;GM0716;;;;GM0716;;;;GM0716;;;False;False;False;51.54790129583477;4.087996939760704;WarmteAtlas:LT_WarmteBronnen_ECW;https://www.warmteatlas.nl/geoserver/WarmteAtlas/wfs;2026-06-23T13:53:17;
131302;399354;Vorselaars Vruchtensappen en Frisdranken BV;0.0;voedingsmiddelen_dranken_tabak;0.0;Optie B;0.0;0.0;;;;;GM0855;;;;GM0855;;;;GM0855;;;False;False;False;51.58260402992824;5.045289640963714;WarmteAtlas:LT_WarmteBronnen_ECW;https://www.warmteatlas.nl/geoserver/WarmteAtlas/wfs;2026-06-23T13:53:17;
132772;400037;Ad van Geloven BV;0.0;Voedingsmiddelen_dranken_tabak;0.0;Optie B;0.0;0.0;;;;;GM0855;;;;GM0855;;;;GM0855;;;False;False;False;51.58880322295051;5.0664549180958085;WarmteAtlas:LT_WarmteBronnen_ECW;https://www.warmteatlas.nl/geoserver/WarmteAtlas/wfs;2026-06-23T13:53:17;
129278;400498;Agristo BV;0.0;Voedingsmiddelen_dranken_tabak;0.0;Optie B;0.0;0.0;;;;;GM0855;;;;GM0855;;;;GM0855;;;False;False;False;51.592797783383325;5.016004102219393;WarmteAtlas:LT_WarmteBronnen_ECW;https://www.warmteatlas.nl/geoserver/WarmteAtlas/wfs;2026-06-23T13:53:17;
137053;398685;Banketbakkerij     De Maro     BV;0.0;Voedingsmiddelen_dranken_tabak;0.0;Optie B;0.0;0.0;;;;;GM0855;;;;GM0855;;;;GM0855;;;False;False;False;51.57680381224605;5.128297700270943;WarmteAtlas:LT_WarmteBronnen_ECW;https://www.warmteatlas.nl/geoserver/WarmteAtlas/wfs;2026-06-23T13:53:17;
139709;401991;Chocolaterie Albert BV;0.0;Voedingsmiddelen_dranken_tabak;0.0;Optie B;0.0;0.0;;;;;GM0855;;;;GM0855;;;;GM0855;;;False;False;False;51.60659838607347;5.166468471788901;WarmteAtlas:LT_WarmteBronnen_ECW;https://www.warmteatlas.nl/geoserver/WarmteAtlas/wfs;2026-06-23T13:53:17;
131441;399854;De Banketgroep BV;0.0;Voedingsmiddelen_dranken_tabak;0.0;Optie B;0.0;0.0;;;;;GM0855;;;;GM0855;;;;GM0855;;;False;False;False;51.58710410093811;5.047261429912081;WarmteAtlas:LT_WarmteBronnen_ECW;https://www.warmteatlas.nl/geoserver/WarmteAtlas/wfs;2026-06-23T13:53:17;
132634;399292;De Banketgroep BV;0.0;Voedingsmiddelen_dranken_tabak;0.0;Optie B;0.0;0.0;;;;;GM0855;;;;GM0855;;;;GM0855;;;False;False;False;51.58210134028196;5.064511232460534;WarmteAtlas:LT_WarmteBronnen_ECW;https://www.warmteatlas.nl/geoserver/WarmteAtlas/wfs;2026-06-23T13:53:17;
131387;399943;Delicia BV;0.0;Voedingsmiddelen_dranken_tabak;0.0;Optie B;0.0;0.0;;;;;GM0855;;;;GM0855;;;;GM0855;;;False;False;False;51.58790180607875;5.046476255925365;WarmteAtlas:LT_WarmteBronnen_ECW;https://www.warmteatlas.nl/geoserver/WarmteAtlas/wfs;2026-06-23T13:53:17;
136295;398643;Dutch Grill Specialties BV;0.0;Voedingsmiddelen_dranken_tabak;0.0;Optie B;0.0;0.0;;;;;GM0855;;;;GM0855;;;;GM0855;;;False;False;False;51.57640158181007;5.117365136826714;WarmteAtlas:LT_WarmteBronnen_ECW;https://www.warmteatlas.nl/geoserver/WarmteAtlas/wfs;2026-06-23T13:53:17;
135681;398857;Pas Rokerij Specialiteiten BV;0.0;Voedingsmiddelen_dranken_tabak;0.0;Optie B;0.0;0.0;;;;;GM0855;;;;GM0855;;;;GM0855;;;False;False;False;51.57830435288468;5.1084959337984355;WarmteAtlas:LT_WarmteBronnen_ECW;https://www.warmteatlas.nl/geoserver/WarmteAtlas/wfs;2026-06-23T13:53:17;
245909;493327;O E  Loonproduktie BV;0.0;Voedingsmiddelen_dranken_tabak;0.0;Optie B;0.0;0.0;;;;;GM0183;;;;GM0183;;;;GM0183;;;False;False;False;52.42020197823398;6.723616284365853;WarmteAtlas:LT_WarmteBronnen_ECW;https://www.warmteatlas.nl/geoserver/WarmteAtlas/wfs;2026-06-23T13:53:17;
230803;497612;Co0peratieve Aank Ver;0.0;Voedingsmiddelen_dranken_tabak;0.0;Optie B;0.0;0.0;;;;;GM1700;;;;GM1700;;;;GM1700;;;False;False;False;52.46100443247638;6.502564508405075;WarmteAtlas:LT_WarmteBronnen_ECW;https://www.warmteatlas.nl/geoserver/WarmteAtlas/wfs;2026-06-23T13:53:17;
178243;406628;Peka Kroef BV;0.0;Voedingsmiddelen_dranken_tabak;0.0;Optie B;0.0;0.0;;;;;GM1991;;;;GM1991;;;;GM1991;;;False;False;False;51.648003944664225;5.7230328382536495;WarmteAtlas:LT_WarmteBronnen_ECW;https://www.warmteatlas.nl/geoserver/WarmteAtlas/wfs;2026-06-23T13:53:17;
170142;518826;Baarssen Fish Processing BV;20.0;Voedingsmiddelen_dranken_tabak;0.39;Optie B;0.0;0.0;;;;;GM0184;;;;GM0184;;;;GM0184;;;False;False;False;52.65669685737622;5.610988604699435;WarmteAtlas:LT_WarmteBronnen_ECW;https://www.warmteatlas.nl/geoserver/WarmteAtlas/wfs;2026-06-23T13:53:17;
170322;518660;Diepvries Urk BV;20.0;Voedingsmiddelen_dranken_tabak;0.45;Optie B;0.0;0.0;;;;;GM0184;;;;GM0184;;;;GM0184;;;False;False;False;52.65519998646897;5.613641112069299;WarmteAtlas:LT_WarmteBronnen_ECW;https://www.warmteatlas.nl/geoserver/WarmteAtlas/wfs;2026-06-23T13:53:17;
170875;518406;Fishpartners BV;37.5;Voedingsmiddelen_dranken_tabak;0.0;Optie B;0.0;0.0;;;;;GM0184;;;;GM0184;;;;GM0184;;;False;False;False;52.65290145019715;5.62180135517013;WarmteAtlas:LT_WarmteBronnen_ECW;https://www.warmteatlas.nl/geoserver/WarmteAtlas/wfs;2026-06-23T13:53:17;
169756;519059;Hoogland Vis BV;37.5;Voedingsmiddelen_dranken_tabak;0.0;Optie B;0.0;0.0;;;;;GM0184;;;;GM0184;;;;GM0184;;;False;False;False;52.65880142003624;5.605294354772481;WarmteAtlas:LT_WarmteBronnen_ECW;https://www.warmteatlas.nl/geoserver/WarmteAtlas/wfs;2026-06-23T13:53:17;
169946;518759;Korf Vis BV;20.0;Voedingsmiddelen_dranken_tabak;0.05;Optie B;0.0;0.0;;;;;GM0184;;;;GM0184;;;;GM0184;;;False;False;False;52.656100152733536;5.608088919668257;WarmteAtlas:LT_WarmteBronnen_ECW;https://www.warmteatlas.nl/geoserver/WarmteAtlas/wfs;2026-06-23T13:53:17;
170875;518328;Neerlandia Urk BV;20.0;Voedingsmiddelen_dranken_tabak;0.14;Optie B;0.0;0.0;;;;;GM0184;;;;GM0184;;;;GM0184;;;False;False;False;52.652200469051785;5.62179761308664;WarmteAtlas:LT_WarmteBronnen_ECW;https://www.warmteatlas.nl/geoserver/WarmteAtlas/wfs;2026-06-23T13:53:17;
170007;518848;Northseafood Holland BV;20.0;Voedingsmiddelen_dranken_tabak;2.46;Optie B;0.0;0.0;;;;;GM0184;;;;GM0184;;;;GM0184;;;False;False;False;52.65689831072896;5.608994455681371;WarmteAtlas:LT_WarmteBronnen_ECW;https://www.warmteatlas.nl/geoserver/WarmteAtlas/wfs;2026-06-23T13:53:17;
170626;518639;Rodi BV;37.5;Voedingsmiddelen_dranken_tabak;0.0;Optie B;0.0;0.0;;;;;GM0184;;;;GM0184;;;;GM0184;;;False;False;False;52.65500261446546;5.618132740724801;WarmteAtlas:LT_WarmteBronnen_ECW;https://www.warmteatlas.nl/geoserver/WarmteAtlas/wfs;2026-06-23T13:53:17;
170308;518749;Rodi BV;37.5;Voedingsmiddelen_dranken_tabak;0.0;Optie B;0.0;0.0;;;;;GM0184;;;;GM0184;;;;GM0184;;;False;False;False;52.65600021781438;5.613438333099116;WarmteAtlas:LT_WarmteBronnen_ECW;https://www.warmteatlas.nl/geoserver/WarmteAtlas/wfs;2026-06-23T13:53:17;
170311;518560;Southeast Frozen BV;37.5;Voedingsmiddelen_dranken_tabak;0.0;Optie B;0.0;0.0;;;;;GM0184;;;;GM0184;;;;GM0184;;;False;False;False;52.65430160243065;5.613473922355518;WarmteAtlas:LT_WarmteBronnen_ECW;https://www.warmteatlas.nl/geoserver/WarmteAtlas/wfs;2026-06-23T13:53:17;
170100;518748;Starfish Processing BV;20.0;Voedingsmiddelen_dranken_tabak;0.28;Optie B;0.0;0.0;;;;;GM0184;;;;GM0184;;;;GM0184;;;False;False;False;52.65599704381554;5.610364332097158;WarmteAtlas:LT_WarmteBronnen_ECW;https://www.warmteatlas.nl/geoserver/WarmteAtlas/wfs;2026-06-23T13:53:17;
171023;518262;Top Fish Seafood;37.5;Voedingsmiddelen_dranken_tabak;0.0;Optie B;0.0;0.0;;;;;GM0184;;;;GM0184;;;;GM0184;;;False;False;False;52.65160299297379;5.623981464172153;WarmteAtlas:LT_WarmteBronnen_ECW;https://www.warmteatlas.nl/geoserver/WarmteAtlas/wfs;2026-06-23T13:53:17;
170347;518504;Van der Lee Seafish BV;20.0;Voedingsmiddelen_dranken_tabak;0.34;Optie B;0.0;0.0;;;;;GM0184;;;;GM0184;;;;GM0184;;;False;False;False;52.65379731957607;5.614003334909387;WarmteAtlas:LT_WarmteBronnen_ECW;https://www.warmteatlas.nl/geoserver/WarmteAtlas/wfs;2026-06-23T13:53:17;
169756;519059;Visverwerkingsbedrijf gebr  Kramer BV;20.0;Voedingsmiddelen_dranken_tabak;0.89;Optie B;0.0;0.0;;;;;GM0184;;;;GM0184;;;;GM0184;;;False;False;False;52.65880142003624;5.605294354772481;WarmteAtlas:LT_WarmteBronnen_ECW;https://www.warmteatlas.nl/geoserver/WarmteAtlas/wfs;2026-06-23T13:53:17;
170996;518451;VOF De Vries Romkes;37.5;Voedingsmiddelen_dranken_tabak;0.0;Optie B;0.0;0.0;;;;;GM0184;;;;GM0184;;;;GM0184;;;False;False;False;52.65330231848241;5.623591617685157;WarmteAtlas:LT_WarmteBronnen_ECW;https://www.warmteatlas.nl/geoserver/WarmteAtlas/wfs;2026-06-23T13:53:17;
136459;456095;Oudaen BV;0.0;voedingsmiddelen_dranken_tabak;0.73;Optie B;0.0;0.0;;;;;GM0344;;;;GM0344;;;;GM0344;;;False;False;False;52.09280014111169;5.11664904183865;WarmteAtlas:LT_WarmteBronnen_ECW;https://www.warmteatlas.nl/geoserver/WarmteAtlas/wfs;2026-06-23T13:53:17;
132332;457992;United Soft Drinks BV;0.0;voedingsmiddelen_dranken_tabak;0.0;Optie B;0.0;0.0;;;;;GM0344;;;;GM0344;;;;GM0344;;;False;False;False;52.10969659820007;5.056301711458441;WarmteAtlas:LT_WarmteBronnen_ECW;https://www.warmteatlas.nl/geoserver/WarmteAtlas/wfs;2026-06-23T13:53:17;
129406;457617;Brink Pluimveeprodukten BV;0.0;Voedingsmiddelen_dranken_tabak;0.91;Optie B;0.0;0.0;;;;;GM0344;;;;GM0344;;;;GM0344;;;False;False;False;52.106198575178155;5.013617699701059;WarmteAtlas:LT_WarmteBronnen_ECW;https://www.warmteatlas.nl/geoserver/WarmteAtlas/wfs;2026-06-23T13:53:17;
132482;458626;De Heus Voeders BV;0.0;Voedingsmiddelen_dranken_tabak;0.0;Optie B;0.0;0.0;;;;;GM0344;;;;GM0344;;;;GM0344;;;False;False;False;52.11540103204417;5.058449436707149;WarmteAtlas:LT_WarmteBronnen_ECW;https://www.warmteatlas.nl/geoserver/WarmteAtlas/wfs;2026-06-23T13:53:17;
134024;456405;Jacobs Douwe Egberts NL BV;0.0;Voedingsmiddelen_dranken_tabak;0.0;Optie B;0.0;0.0;;;;;GM0344;;;;GM0344;;;;GM0344;;;False;False;False;52.09549951149733;5.081098391327232;WarmteAtlas:LT_WarmteBronnen_ECW;https://www.warmteatlas.nl/geoserver/WarmteAtlas/wfs;2026-06-23T13:53:17;
131710;460165;Koninklijke De Ruijter BV;0.0;Voedingsmiddelen_dranken_tabak;0.62;Optie B;0.0;0.0;;;;;GM0344;;;;GM0344;;;;GM0344;;;False;False;False;52.12920137663931;5.047073472169208;WarmteAtlas:LT_WarmteBronnen_ECW;https://www.warmteatlas.nl/geoserver/WarmteAtlas/wfs;2026-06-23T13:53:17;
133112;458011;Pre Mervo BV;0.0;Voedingsmiddelen_dranken_tabak;0.66;Optie B;0.0;0.0;;;;;GM0344;;;;GM0344;;;;GM0344;;;False;False;False;52.109898765399954;5.067686558012542;WarmteAtlas:LT_WarmteBronnen_ECW;https://www.warmteatlas.nl/geoserver/WarmteAtlas/wfs;2026-06-23T13:53:17;
157836;373210;Inbev Nederland NV;0.0;voedingsmiddelen_dranken_tabak;0.0;Optie B;0.0;0.0;;;;;GM0858;;;;GM0858;;;;GM0858;;;False;False;False;51.34809685935434;5.427907728264744;WarmteAtlas:LT_WarmteBronnen_ECW;https://www.warmteatlas.nl/geoserver/WarmteAtlas/wfs;2026-06-23T13:53:17;
160290;372189;Aphrodite Chocolates BV;0.0;Voedingsmiddelen_dranken_tabak;0.0;Optie B;0.0;0.0;;;;;GM0858;;;;GM0858;;;;GM0858;;;False;False;False;51.33890169599054;5.46311645458083;WarmteAtlas:LT_WarmteBronnen_ECW;https://www.warmteatlas.nl/geoserver/WarmteAtlas/wfs;2026-06-23T13:53:17;
209605;388857;Inbev Nederland NV;0.0;voedingsmiddelen_dranken_tabak;0.0;Optie B;0.0;0.0;;;;;GM0983;;;;GM0983;;;;GM0983;;;False;False;False;51.48610176489362;6.173372401294427;WarmteAtlas:LT_WarmteBronnen_ECW;https://www.warmteatlas.nl/geoserver/WarmteAtlas/wfs;2026-06-23T13:53:17;
210025;384489;Aviko BV;0.0;Voedingsmiddelen_dranken_tabak;0.0;Optie B;0.0;0.0;;;;;GM0983;;;;GM0983;;;;GM0983;;;False;False;False;51.44680144644821;6.178735794846265;WarmteAtlas:LT_WarmteBronnen_ECW;https://www.warmteatlas.nl/geoserver/WarmteAtlas/wfs;2026-06-23T13:53:17;
210158;377804;Broekmans Patisserie BV;0.0;Voedingsmiddelen_dranken_tabak;0.0;Optie B;0.0;0.0;;;;;GM0983;;;;GM0983;;;;GM0983;;;False;False;False;51.386703723149765;6.179603675921015;WarmteAtlas:LT_WarmteBronnen_ECW;https://www.warmteatlas.nl/geoserver/WarmteAtlas/wfs;2026-06-23T13:53:17;
208384;377974;EL Natur GmbH;0.0;Voedingsmiddelen_dranken_tabak;0.0;Optie B;0.0;0.0;;;;;GM0983;;;;GM0983;;;;GM0983;;;False;False;False;51.38840218132626;6.1541461843672645;WarmteAtlas:LT_WarmteBronnen_ECW;https://www.warmteatlas.nl/geoserver/WarmteAtlas/wfs;2026-06-23T13:53:17;
206093;370140;Maasland Vleeswaren BV;0.0;Voedingsmiddelen_dranken_tabak;0.0;Optie B;0.0;0.0;;;;;GM0983;;;;GM0983;;;;GM0983;;;False;False;False;51.318201163734344;6.120104065051797;WarmteAtlas:LT_WarmteBronnen_ECW;https://www.warmteatlas.nl/geoserver/WarmteAtlas/wfs;2026-06-23T13:53:17;
207086;378027;Oerlemans Foods Nederland BV;0.0;Voedingsmiddelen_dranken_tabak;0.0;Optie B;0.0;0.0;;;;;GM0983;;;;GM0983;;;;GM0983;;;False;False;False;51.38899976944854;6.135507709774163;WarmteAtlas:LT_WarmteBronnen_ECW;https://www.warmteatlas.nl/geoserver/WarmteAtlas/wfs;2026-06-23T13:53:17;
206390;370221;Van Gorp Greenfood BV;0.0;Voedingsmiddelen_dranken_tabak;0.0;Optie B;0.0;0.0;;;;;GM0983;;;;GM0983;;;;GM0983;;;False;False;False;51.31890230530695;6.124375788027845;WarmteAtlas:LT_WarmteBronnen_ECW;https://www.warmteatlas.nl/geoserver/WarmteAtlas/wfs;2026-06-23T13:53:17;
195771;388971;Nijsen Granico BV;0.0;Voedingsmiddelen_dranken_tabak;0.0;Optie B;0.0;0.0;;;;;GM0984;;;;GM0984;;;;GM0984;;;False;False;False;51.488298060316566;5.974223302498239;WarmteAtlas:LT_WarmteBronnen_ECW;https://www.warmteatlas.nl/geoserver/WarmteAtlas/wfs;2026-06-23T13:53:17;
199223;392649;Rixona BV;0.0;Voedingsmiddelen_dranken_tabak;0.0;Optie B;0.0;0.0;;;;;GM0984;;;;GM0984;;;;GM0984;;;False;False;False;51.5210960591152;6.024385620666313;WarmteAtlas:LT_WarmteBronnen_ECW;https://www.warmteatlas.nl/geoserver/WarmteAtlas/wfs;2026-06-23T13:53:17;
200396;391614;Vitelia Voeders BV;0.0;Voedingsmiddelen_dranken_tabak;0.0;Optie B;0.0;0.0;;;;;GM0984;;;;GM0984;;;;GM0984;;;False;False;False;51.511699877490884;6.041151827494235;WarmteAtlas:LT_WarmteBronnen_ECW;https://www.warmteatlas.nl/geoserver/WarmteAtlas/wfs;2026-06-23T13:53:17;
136424;437103;Bel Leerdammer BV;0.0;Voedingsmiddelen_dranken_tabak;0.0;Optie B;0.0;0.0;;;;;GM1961;;;;GM1961;;;;GM1961;;;False;False;False;51.922097811297064;5.117168090615432;WarmteAtlas:LT_WarmteBronnen_ECW;https://www.warmteatlas.nl/geoserver/WarmteAtlas/wfs;2026-06-23T13:53:17;
135224;434549;Choco Support BV;0.0;Voedingsmiddelen_dranken_tabak;0.0;Optie B;0.0;0.0;;;;;GM1961;;;;GM1961;;;;GM1961;;;False;False;False;51.899100676843084;5.099870900833435;WarmteAtlas:LT_WarmteBronnen_ECW;https://www.warmteatlas.nl/geoserver/WarmteAtlas/wfs;2026-06-23T13:53:17;
132825;443371;Ranks Meel BV;0.0;Voedingsmiddelen_dranken_tabak;0.0;Optie B;0.0;0.0;;;;;GM1961;;;;GM1961;;;;GM1961;;;False;False;False;51.978303429206825;5.06444652428953;WarmteAtlas:LT_WarmteBronnen_ECW;https://www.warmteatlas.nl/geoserver/WarmteAtlas/wfs;2026-06-23T13:53:17;
202765;470766;Diviande BV;0.0;Voedingsmiddelen_dranken_tabak;0.0;Optie B;0.0;0.0;;;;;GM0285;;;;GM0285;;;;GM0285;;;False;False;False;52.22290209509132;6.086242372616693;WarmteAtlas:LT_WarmteBronnen_ECW;https://www.warmteatlas.nl/geoserver/WarmteAtlas/wfs;2026-06-23T13:53:17;
204162;472515;Euro Patisserie Producties Twello BV;0.0;Voedingsmiddelen_dranken_tabak;0.0;Optie B;0.0;0.0;;;;;GM0285;;;;GM0285;;;;GM0285;;;False;False;False;52.23849794155302;6.106939973161304;WarmteAtlas:LT_WarmteBronnen_ECW;https://www.warmteatlas.nl/geoserver/WarmteAtlas/wfs;2026-06-23T13:53:17;
163913;583042;Lamb Weston Meijer VOF;0.0;Voedingsmiddelen_dranken_tabak;0.0;Optie B;0.0;0.0;;;;;GM1949;;;;GM1949;;;;GM1949;;;False;False;False;53.233896142088554;5.520688222895635;WarmteAtlas:LT_WarmteBronnen_ECW;https://www.warmteatlas.nl/geoserver/WarmteAtlas/wfs;2026-06-23T13:53:17;
165753;577493;Levo Produktenmaatschappij BV;0.0;Voedingsmiddelen_dranken_tabak;0.0;Optie B;0.0;0.0;;;;;GM1949;;;;GM1949;;;;GM1949;;;False;False;False;53.18400156436445;5.548058133907517;WarmteAtlas:LT_WarmteBronnen_ECW;https://www.warmteatlas.nl/geoserver/WarmteAtlas/wfs;2026-06-23T13:53:17;
166249;577438;Steensma BV;0.0;Voedingsmiddelen_dranken_tabak;0.0;Optie B;0.0;0.0;;;;;GM1949;;;;GM1949;;;;GM1949;;;False;False;False;53.18349716662769;5.555475688203509;WarmteAtlas:LT_WarmteBronnen_ECW;https://www.warmteatlas.nl/geoserver/WarmteAtlas/wfs;2026-06-23T13:53:17;
131994;410253;Ce Es Vleeswaren BV;0.0;Voedingsmiddelen_dranken_tabak;0.0;Optie B;0.0;0.0;;;;;GM0867;;;;GM0867;;;;GM0867;;;False;False;False;51.68059758165644;5.054555541104315;WarmteAtlas:LT_WarmteBronnen_ECW;https://www.warmteatlas.nl/geoserver/WarmteAtlas/wfs;2026-06-23T13:53:17;
132042;412311;Henningsen Nederland BV;0.0;Voedingsmiddelen_dranken_tabak;0.0;Optie B;0.0;0.0;;;;;GM0867;;;;GM0867;;;;GM0867;;;False;False;False;51.69909761768899;5.055113866834619;WarmteAtlas:LT_WarmteBronnen_ECW;https://www.warmteatlas.nl/geoserver/WarmteAtlas/wfs;2026-06-23T13:53:17;
131748;411968;Jonker Petfood BV;0.0;Voedingsmiddelen_dranken_tabak;0.0;Optie B;0.0;0.0;;;;;GM0867;;;;GM0867;;;;GM0867;;;False;False;False;51.696002480820844;5.050884135243751;WarmteAtlas:LT_WarmteBronnen_ECW;https://www.warmteatlas.nl/geoserver/WarmteAtlas/wfs;2026-06-23T13:53:17;
131327;412604;Oerlemans Foods Waalwijk BV;0.0;Voedingsmiddelen_dranken_tabak;0.0;Optie B;0.0;0.0;;;;;GM0867;;;;GM0867;;;;GM0867;;;False;False;False;51.70170143872389;5.044751616957686;WarmteAtlas:LT_WarmteBronnen_ECW;https://www.warmteatlas.nl/geoserver/WarmteAtlas/wfs;2026-06-23T13:53:17;
133052;410649;Slagerij Van Roessel BV;0.0;Voedingsmiddelen_dranken_tabak;0.0;Optie B;0.0;0.0;;;;;GM0867;;;;GM0867;;;;GM0867;;;False;False;False;51.68419942216952;5.069828095478982;WarmteAtlas:LT_WarmteBronnen_ECW;https://www.warmteatlas.nl/geoserver/WarmteAtlas/wfs;2026-06-23T13:53:17;
131931;412212;Van den Burg Eiproducten BV;0.0;Voedingsmiddelen_dranken_tabak;0.0;Optie B;0.0;0.0;;;;;GM0867;;;;GM0867;;;;GM0867;;;False;False;False;51.69820320865865;5.053514837662631;WarmteAtlas:LT_WarmteBronnen_ECW;https://www.warmteatlas.nl/geoserver/WarmteAtlas/wfs;2026-06-23T13:53:17;
132141;411621;Van Gorp Diervoeders BV;0.0;Voedingsmiddelen_dranken_tabak;0.0;Optie B;0.0;0.0;;;;;GM0867;;;;GM0867;;;;GM0867;;;False;False;False;51.69289969442616;5.05659119636261;WarmteAtlas:LT_WarmteBronnen_ECW;https://www.warmteatlas.nl/geoserver/WarmteAtlas/wfs;2026-06-23T13:53:17;
172624;440949;Bel Leerdammer BV;0.0;Voedingsmiddelen_dranken_tabak;0.0;Optie B;0.0;0.0;;;;;GM0289;;;;GM0289;;;;GM0289;;;False;False;False;51.956696493266094;5.6435957693407754;WarmteAtlas:LT_WarmteBronnen_ECW;https://www.warmteatlas.nl/geoserver/WarmteAtlas/wfs;2026-06-23T13:53:17;
172922;442909;Frieslandcampina Consumer Products Europe BV;0.0;Voedingsmiddelen_dranken_tabak;0.0;Optie B;0.0;0.0;;;;;GM0289;;;;GM0289;;;;GM0289;;;False;False;False;51.97430366577046;5.648033452296127;WarmteAtlas:LT_WarmteBronnen_ECW;https://www.warmteatlas.nl/geoserver/WarmteAtlas/wfs;2026-06-23T13:53:17;
173666;441699;Ocean Fish BV;0.0;Voedingsmiddelen_dranken_tabak;0.0;Optie B;0.0;0.0;;;;;GM0289;;;;GM0289;;;;GM0289;;;False;False;False;51.96340353223587;5.658795383095665;WarmteAtlas:LT_WarmteBronnen_ECW;https://www.warmteatlas.nl/geoserver/WarmteAtlas/wfs;2026-06-23T13:53:17;
179098;364934;Crest Suikerwerken BV;0.0;Voedingsmiddelen_dranken_tabak;0.0;Optie B;0.0;0.0;;;;;GM0988;;;;GM0988;;;;GM0988;;;False;False;False;51.27320035027484;5.732531175128383;WarmteAtlas:LT_WarmteBronnen_ECW;https://www.warmteatlas.nl/geoserver/WarmteAtlas/wfs;2026-06-23T13:53:17;
176742;360852;Isidorus Mengvoeders BV;0.0;Voedingsmiddelen_dranken_tabak;0.0;Optie B;0.0;0.0;;;;;GM0988;;;;GM0988;;;;GM0988;;;False;False;False;51.236604024813566;5.698519964657242;WarmteAtlas:LT_WarmteBronnen_ECW;https://www.warmteatlas.nl/geoserver/WarmteAtlas/wfs;2026-06-23T13:53:17;
178384;363584;Perfetti Van Melle Benelux BV;0.0;Voedingsmiddelen_dranken_tabak;0.0;Optie B;0.0;0.0;;;;;GM0988;;;;GM0988;;;;GM0988;;;False;False;False;51.2610956298149;5.7222106998801845;WarmteAtlas:LT_WarmteBronnen_ECW;https://www.warmteatlas.nl/geoserver/WarmteAtlas/wfs;2026-06-23T13:53:17;
179043;364500;Prika Dairy Industry BV;0.0;Voedingsmiddelen_dranken_tabak;0.0;Optie B;0.0;0.0;;;;;GM0988;;;;GM0988;;;;GM0988;;;False;False;False;51.26930162645266;5.731713655888544;WarmteAtlas:LT_WarmteBronnen_ECW;https://www.warmteatlas.nl/geoserver/WarmteAtlas/wfs;2026-06-23T13:53:17;
176242;362596;Unicorn Grain Specialties BV;0.0;Voedingsmiddelen_dranken_tabak;0.0;Optie B;0.0;0.0;;;;;GM0988;;;;GM0988;;;;GM0988;;;False;False;False;51.25229919788948;5.691464781786598;WarmteAtlas:LT_WarmteBronnen_ECW;https://www.warmteatlas.nl/geoserver/WarmteAtlas/wfs;2026-06-23T13:53:17;
130443;480810;Bakels senior NV;0.0;Voedingsmiddelen_dranken_tabak;0.0;Optie B;0.0;0.0;;;;;GM0363;;;;GM0363;;;;GM0363;;;False;False;False;52.31469716324015;5.027073901872859;WarmteAtlas:LT_WarmteBronnen_ECW;https://www.warmteatlas.nl/geoserver/WarmteAtlas/wfs;2026-06-23T13:53:17;
130103;480723;Bracamonte Daily Foods BV;0.0;Voedingsmiddelen_dranken_tabak;0.0;Optie B;0.0;0.0;;;;;GM0363;;;;GM0363;;;;GM0363;;;False;False;False;52.31389996708873;5.022094297649574;WarmteAtlas:LT_WarmteBronnen_ECW;https://www.warmteatlas.nl/geoserver/WarmteAtlas/wfs;2026-06-23T13:53:17;
130172;481112;Gruma Netherlands BV;0.0;Voedingsmiddelen_dranken_tabak;0.0;Optie B;0.0;0.0;;;;;GM0363;;;;GM0363;;;;GM0363;;;False;False;False;52.317399229493525;5.023077502917501;WarmteAtlas:LT_WarmteBronnen_ECW;https://www.warmteatlas.nl/geoserver/WarmteAtlas/wfs;2026-06-23T13:53:17;
148979;433245;Choco Support BV;0.0;Voedingsmiddelen_dranken_tabak;0.0;Optie B;0.0;0.0;;;;;GM1960;;;;GM1960;;;;GM1960;;;False;False;False;51.887698474508255;5.299743861584121;WarmteAtlas:LT_WarmteBronnen_ECW;https://www.warmteatlas.nl/geoserver/WarmteAtlas/wfs;2026-06-23T13:53:17;
146980;432347;Coroos Productie BV;0.0;Voedingsmiddelen_dranken_tabak;0.0;Optie B;0.0;0.0;;;;;GM1960;;;;GM1960;;;;GM1960;;;False;False;False;51.87960183362073;5.270728100133731;WarmteAtlas:LT_WarmteBronnen_ECW;https://www.warmteatlas.nl/geoserver/WarmteAtlas/wfs;2026-06-23T13:53:17;
145472;426820;De With Vleeswaren Waardenburg BV;0.0;Voedingsmiddelen_dranken_tabak;0.0;Optie B;0.0;0.0;;;;;GM1960;;;;GM1960;;;;GM1960;;;False;False;False;51.82989974309079;5.248979907965057;WarmteAtlas:LT_WarmteBronnen_ECW;https://www.warmteatlas.nl/geoserver/WarmteAtlas/wfs;2026-06-23T13:53:17;
141513;432859;Gelato Jeroen;0.0;Voedingsmiddelen_dranken_tabak;0.0;Optie B;0.0;0.0;;;;;GM1960;;;;GM1960;;;;GM1960;;;False;False;False;51.8840983577199;5.191311233764691;WarmteAtlas:LT_WarmteBronnen_ECW;https://www.warmteatlas.nl/geoserver/WarmteAtlas/wfs;2026-06-23T13:53:17;
149096;431432;Molenaar Banket BV;0.0;Voedingsmiddelen_dranken_tabak;0.0;Optie B;0.0;0.0;;;;;GM1960;;;;GM1960;;;;GM1960;;;False;False;False;51.87140395590195;5.301474353973977;WarmteAtlas:LT_WarmteBronnen_ECW;https://www.warmteatlas.nl/geoserver/WarmteAtlas/wfs;2026-06-23T13:53:17;
215583;594557;Rousant Zoutkamp BV;0.0;Voedingsmiddelen_dranken_tabak;0.0;Optie B;0.0;0.0;;;;;GM1969;;;;GM1969;;;;GM1969;;;False;False;False;53.3339965944244;6.296619872815713;WarmteAtlas:LT_WarmteBronnen_ECW;https://www.warmteatlas.nl/geoserver/WarmteAtlas/wfs;2026-06-23T13:53:17;
268662;570751;Chocoplus BV;0.0;Voedingsmiddelen_dranken_tabak;0.0;Optie B;0.0;0.0;;;;;GM1950;;;;GM1950;;;;GM1950;;;False;False;False;53.11149945058505;7.084708670088248;WarmteAtlas:LT_WarmteBronnen_ECW;https://www.warmteatlas.nl/geoserver/WarmteAtlas/wfs;2026-06-23T13:53:17;
266469;549326;Co4peratie Avebe UA;0.0;Voedingsmiddelen_dranken_tabak;0.0;Optie B;0.0;0.0;;;;;GM1950;;;;GM1950;;;;GM1950;;;False;False;False;52.91949763801856;7.04461918962903;WarmteAtlas:LT_WarmteBronnen_ECW;https://www.warmteatlas.nl/geoserver/WarmteAtlas/wfs;2026-06-23T13:53:17;
179641;426994;Extract BV;0.0;Voedingsmiddelen_dranken_tabak;0.0;Optie B;0.0;0.0;;;;;GM0296;;;;GM0296;;;;GM0296;;;False;False;False;51.83100000125735;5.744678140765692;WarmteAtlas:LT_WarmteBronnen_ECW;https://www.warmteatlas.nl/geoserver/WarmteAtlas/wfs;2026-06-23T13:53:17;
180833;425609;Plaza Food BV;0.0;Voedingsmiddelen_dranken_tabak;0.0;Optie B;0.0;0.0;;;;;GM0296;;;;GM0296;;;;GM0296;;;False;False;False;51.818497369960426;5.7618669994361555;WarmteAtlas:LT_WarmteBronnen_ECW;https://www.warmteatlas.nl/geoserver/WarmteAtlas/wfs;2026-06-23T13:53:17;
180496;425252;Rafti BV;0.0;Voedingsmiddelen_dranken_tabak;0.0;Optie B;0.0;0.0;;;;;GM0296;;;;GM0296;;;;GM0296;;;False;False;False;51.815304087846926;5.756953135353411;WarmteAtlas:LT_WarmteBronnen_ECW;https://www.warmteatlas.nl/geoserver/WarmteAtlas/wfs;2026-06-23T13:53:17;
245704;442343;Koffiebranderij J W  Hesselink en Zn BV;0.0;Voedingsmiddelen_dranken_tabak;0.0;Optie B;0.0;0.0;;;;;GM0294;;;;GM0294;;;;GM0294;;;False;False;False;51.9620986951844;6.706967071561936;WarmteAtlas:LT_WarmteBronnen_ECW;https://www.warmteatlas.nl/geoserver/WarmteAtlas/wfs;2026-06-23T13:53:17;
245719;448063;Topbakker Sellink BV;0.0;Voedingsmiddelen_dranken_tabak;0.0;Optie B;0.0;0.0;;;;;GM0294;;;;GM0294;;;;GM0294;;;False;False;False;52.01349745999598;6.708699419602027;WarmteAtlas:LT_WarmteBronnen_ECW;https://www.warmteatlas.nl/geoserver/WarmteAtlas/wfs;2026-06-23T13:53:17;
82493;382472;Landa Conserven BV;0.0;Voedingsmiddelen_dranken_tabak;0.0;Optie B;0.0;0.0;;;;;GM0873;;;;GM0873;;;;GM0873;;;False;False;False;51.42669932527484;4.3446370139126085;WarmteAtlas:LT_WarmteBronnen_ECW;https://www.warmteatlas.nl/geoserver/WarmteAtlas/wfs;2026-06-23T13:53:17;
80424;378808;Mattheeussens Wido BV;0.0;Voedingsmiddelen_dranken_tabak;0.0;Optie B;0.0;0.0;;;;;GM0873;;;;GM0873;;;;GM0873;;;False;False;False;51.393499769857456;4.3156661039214;WarmteAtlas:LT_WarmteBronnen_ECW;https://www.warmteatlas.nl/geoserver/WarmteAtlas/wfs;2026-06-23T13:53:17;
119465;455097;Arie Blok BV;0.0;Voedingsmiddelen_dranken_tabak;0.0;Optie B;0.0;0.0;;;;;GM0632;;;;GM0632;;;;GM0632;;;False;False;False;52.083000511012735;4.868780319540684;WarmteAtlas:LT_WarmteBronnen_ECW;https://www.warmteatlas.nl/geoserver/WarmteAtlas/wfs;2026-06-23T13:53:17;
118483;455204;De Truffel BV;0.0;Voedingsmiddelen_dranken_tabak;0.0;Optie B;0.0;0.0;;;;;GM0632;;;;GM0632;;;;GM0632;;;False;False;False;52.08389831229409;4.854442975098811;WarmteAtlas:LT_WarmteBronnen_ECW;https://www.warmteatlas.nl/geoserver/WarmteAtlas/wfs;2026-06-23T13:53:17;
121999;454123;Koninklijke Eru Kaasfabriek BV;0.0;Voedingsmiddelen_dranken_tabak;0.0;Optie B;0.0;0.0;;;;;GM0632;;;;GM0632;;;;GM0632;;;False;False;False;52.074403215000025;4.905841941022526;WarmteAtlas:LT_WarmteBronnen_ECW;https://www.warmteatlas.nl/geoserver/WarmteAtlas/wfs;2026-06-23T13:53:17;
115558;500245;Adm Cocoa BV;0.0;Voedingsmiddelen_dranken_tabak;0.0;Optie B;0.0;0.0;;;;;GM0880;;;;GM0880;;;;GM0880;;;False;False;False;52.48849623714938;4.806508750766808;WarmteAtlas:LT_WarmteBronnen_ECW;https://www.warmteatlas.nl/geoserver/WarmteAtlas/wfs;2026-06-23T13:53:17;
114819;501153;Cargill BV;0.0;Voedingsmiddelen_dranken_tabak;0.0;Optie B;0.0;0.0;;;;;GM0880;;;;GM0880;;;;GM0880;;;False;False;False;52.496602623341275;4.795519932033314;WarmteAtlas:LT_WarmteBronnen_ECW;https://www.warmteatlas.nl/geoserver/WarmteAtlas/wfs;2026-06-23T13:53:17;
115597;498999;Aak Netherlands BV;0.0;Voedingsmiddelen_dranken_tabak;0.0;Optie B;0.0;0.0;;;;;GM0479;;;;GM0479;;;;GM0479;;;False;False;False;52.47730127100474;4.807229829886772;WarmteAtlas:LT_WarmteBronnen_ECW;https://www.warmteatlas.nl/geoserver/WarmteAtlas/wfs;2026-06-23T13:53:17;
115931;493655;Ayal Kaas BV;0.0;Voedingsmiddelen_dranken_tabak;0.0;Optie B;0.0;0.0;;;;;GM0479;;;;GM0479;;;;GM0479;;;False;False;False;52.429298449795205;4.812769576137421;WarmteAtlas:LT_WarmteBronnen_ECW;https://www.warmteatlas.nl/geoserver/WarmteAtlas/wfs;2026-06-23T13:53:17;
115150;493684;Bonbonatelier N  Limmen BV;0.0;Voedingsmiddelen_dranken_tabak;0.0;Optie B;0.0;0.0;;;;;GM0479;;;;GM0479;;;;GM0479;;;False;False;False;52.42950285974604;4.801283585841239;WarmteAtlas:LT_WarmteBronnen_ECW;https://www.warmteatlas.nl/geoserver/WarmteAtlas/wfs;2026-06-23T13:53:17;
116217;497492;Cargill BV;0.0;Voedingsmiddelen_dranken_tabak;0.0;Optie B;0.0;0.0;;;;;GM0479;;;;GM0479;;;;GM0479;;;False;False;False;52.46380211363898;4.8165299903531436;WarmteAtlas:LT_WarmteBronnen_ECW;https://www.warmteatlas.nl/geoserver/WarmteAtlas/wfs;2026-06-23T13:53:17;
116589;495642;Danisco Zaandam BV;0.0;Voedingsmiddelen_dranken_tabak;0.0;Optie B;0.0;0.0;;;;;GM0479;;;;GM0479;;;;GM0479;;;False;False;False;52.44720228555255;4.822215890926059;WarmteAtlas:LT_WarmteBronnen_ECW;https://www.warmteatlas.nl/geoserver/WarmteAtlas/wfs;2026-06-23T13:53:17;
116975;494749;DP Zaandam BV;0.0;Voedingsmiddelen_dranken_tabak;0.0;Optie B;0.0;0.0;;;;;GM0479;;;;GM0479;;;;GM0479;;;False;False;False;52.43920374434575;4.827994720180021;WarmteAtlas:LT_WarmteBronnen_ECW;https://www.warmteatlas.nl/geoserver/WarmteAtlas/wfs;2026-06-23T13:53:17;
116213;498204;Duyvis Production BV;0.0;Voedingsmiddelen_dranken_tabak;0.0;Optie B;0.0;0.0;;;;;GM0479;;;;GM0479;;;;GM0479;;;False;False;False;52.47020058993258;4.816388562430044;WarmteAtlas:LT_WarmteBronnen_ECW;https://www.warmteatlas.nl/geoserver/WarmteAtlas/wfs;2026-06-23T13:53:17;
117151;492678;Frites uit Zuyd BV;0.0;Voedingsmiddelen_dranken_tabak;0.0;Optie B;0.0;0.0;;;;;GM0479;;;;GM0479;;;;GM0479;;;False;False;False;52.42060361969708;4.830816842435075;WarmteAtlas:LT_WarmteBronnen_ECW;https://www.warmteatlas.nl/geoserver/WarmteAtlas/wfs;2026-06-23T13:53:17;
118302;492469;Hansel Salades en Sauzen BV;0.0;Voedingsmiddelen_dranken_tabak;0.0;Optie B;0.0;0.0;;;;;GM0479;;;;GM0479;;;;GM0479;;;False;False;False;52.41880354180557;4.847758911769884;WarmteAtlas:LT_WarmteBronnen_ECW;https://www.warmteatlas.nl/geoserver/WarmteAtlas/wfs;2026-06-23T13:53:17;
115744;499765;Ioi Loders Croklaan Oils BV;0.0;Voedingsmiddelen_dranken_tabak;0.0;Optie B;0.0;0.0;;;;;GM0479;;;;GM0479;;;;GM0479;;;False;False;False;52.484195862896264;4.809303451229734;WarmteAtlas:LT_WarmteBronnen_ECW;https://www.warmteatlas.nl/geoserver/WarmteAtlas/wfs;2026-06-23T13:53:17;
116916;498354;Jan Schoemaker BV;0.0;Voedingsmiddelen_dranken_tabak;0.0;Optie B;0.0;0.0;;;;;GM0479;;;;GM0479;;;;GM0479;;;False;False;False;52.471597990320234;4.826716829742726;WarmteAtlas:LT_WarmteBronnen_ECW;https://www.warmteatlas.nl/geoserver/WarmteAtlas/wfs;2026-06-23T13:53:17;
115744;499765;Loders Croklaan BV;0.0;Voedingsmiddelen_dranken_tabak;0.0;Optie B;0.0;0.0;;;;;GM0479;;;;GM0479;;;;GM0479;;;False;False;False;52.484195862896264;4.809303451229734;WarmteAtlas:LT_WarmteBronnen_ECW;https://www.warmteatlas.nl/geoserver/WarmteAtlas/wfs;2026-06-23T13:53:17;
114655;501766;Meneba Wormerveer BV;0.0;Voedingsmiddelen_dranken_tabak;0.0;Optie B;0.0;0.0;;;;;GM0479;;;;GM0479;;;;GM0479;;;False;False;False;52.50209954141887;4.793031004178848;WarmteAtlas:LT_WarmteBronnen_ECW;https://www.warmteatlas.nl/geoserver/WarmteAtlas/wfs;2026-06-23T13:53:17;
115655;497952;Stepan Specialty Products BV;0.0;Voedingsmiddelen_dranken_tabak;0.0;Optie B;0.0;0.0;;;;;GM0479;;;;GM0479;;;;GM0479;;;False;False;False;52.46789605323716;4.808206699627607;WarmteAtlas:LT_WarmteBronnen_ECW;https://www.warmteatlas.nl/geoserver/WarmteAtlas/wfs;2026-06-23T13:53:17;
115940;497683;Tate   Lyle Netherlands BV;0.0;Voedingsmiddelen_dranken_tabak;0.0;Optie B;0.0;0.0;;;;;GM0479;;;;GM0479;;;;GM0479;;;False;False;False;52.46549894878352;4.812431950112731;WarmteAtlas:LT_WarmteBronnen_ECW;https://www.warmteatlas.nl/geoserver/WarmteAtlas/wfs;2026-06-23T13:53:17;
115618;498198;Twincon BV;0.0;Voedingsmiddelen_dranken_tabak;0.0;Optie B;0.0;0.0;;;;;GM0479;;;;GM0479;;;;GM0479;;;False;False;False;52.470104197171565;4.807633267171012;WarmteAtlas:LT_WarmteBronnen_ECW;https://www.warmteatlas.nl/geoserver/WarmteAtlas/wfs;2026-06-23T13:53:17;
116156;496724;Vers Vlees voor Hond en Kat Lotgering BV;0.0;Voedingsmiddelen_dranken_tabak;0.0;Optie B;0.0;0.0;;;;;GM0479;;;;GM0479;;;;GM0479;;;False;False;False;52.456895748479745;4.8157216122181445;WarmteAtlas:LT_WarmteBronnen_ECW;https://www.warmteatlas.nl/geoserver/WarmteAtlas/wfs;2026-06-23T13:53:17;
146293;453542;H J  Heinz BV;0.0;Voedingsmiddelen_dranken_tabak;0.0;Optie B;0.0;0.0;;;;;GM0355;;;;GM0355;;;;GM0355;;;False;False;False;52.07009561419855;5.2602134322778475;WarmteAtlas:LT_WarmteBronnen_ECW;https://www.warmteatlas.nl/geoserver/WarmteAtlas/wfs;2026-06-23T13:53:17;
146293;453542;H J  Heinz Supply Chain Europe BV;0.0;Voedingsmiddelen_dranken_tabak;0.0;Optie B;0.0;0.0;;;;;GM0355;;;;GM0355;;;;GM0355;;;False;False;False;52.07009561419855;5.2602134322778475;WarmteAtlas:LT_WarmteBronnen_ECW;https://www.warmteatlas.nl/geoserver/WarmteAtlas/wfs;2026-06-23T13:53:17;
144686;461256;Remia BV;0.0;Voedingsmiddelen_dranken_tabak;0.0;Optie B;0.0;0.0;;;;;GM0355;;;;GM0355;;;;GM0355;;;False;False;False;52.139401308144706;5.236542461697761;WarmteAtlas:LT_WarmteBronnen_ECW;https://www.warmteatlas.nl/geoserver/WarmteAtlas/wfs;2026-06-23T13:53:17;
144686;461256;Remia CV;0.0;Voedingsmiddelen_dranken_tabak;0.0;Optie B;0.0;0.0;;;;;GM0355;;;;GM0355;;;;GM0355;;;False;False;False;52.139401308144706;5.236542461697761;WarmteAtlas:LT_WarmteBronnen_ECW;https://www.warmteatlas.nl/geoserver/WarmteAtlas/wfs;2026-06-23T13:53:17;
203691;436594;Grutterij Molen De Hoop;0.0;Voedingsmiddelen_dranken_tabak;0.0;Optie B;0.0;0.0;;;;;GM0299;;;;GM0299;;;;GM0299;;;False;False;False;51.91570064027873;6.0949171394298345;WarmteAtlas:LT_WarmteBronnen_ECW;https://www.warmteatlas.nl/geoserver/WarmteAtlas/wfs;2026-06-23T13:53:17;
104041;386515;Ardo BV;0.0;Voedingsmiddelen_dranken_tabak;0.0;Optie B;0.0;0.0;;;;;GM0879;;;;GM0879;;;;GM0879;;;False;False;False;51.46539554679828;4.653857643778789;WarmteAtlas:LT_WarmteBronnen_ECW;https://www.warmteatlas.nl/geoserver/WarmteAtlas/wfs;2026-06-23T13:53:17;
104433;386645;Ardo BV;0.0;Voedingsmiddelen_dranken_tabak;0.0;Optie B;0.0;0.0;;;;;GM0879;;;;GM0879;;;;GM0879;;;False;False;False;51.46659929863592;4.659479751343819;WarmteAtlas:LT_WarmteBronnen_ECW;https://www.warmteatlas.nl/geoserver/WarmteAtlas/wfs;2026-06-23T13:53:17;
211061;463520;QLIP NV;0.0;Voedingsmiddelen_dranken_tabak;0.0;Optie B;0.0;0.0;;;;;GM0301;;;;GM0301;;;;GM0301;;;False;False;False;52.157000114059194;6.206445085557022;WarmteAtlas:LT_WarmteBronnen_ECW;https://www.warmteatlas.nl/geoserver/WarmteAtlas/wfs;2026-06-23T13:53:17;
202240;516984;Buisman Consumer Products BV;0.0;Voedingsmiddelen_dranken_tabak;0.0;Optie B;0.0;0.0;;;;;GM1896;;;;GM1896;;;;GM1896;;;False;False;False;52.63830423015557;6.085078983543725;WarmteAtlas:LT_WarmteBronnen_ECW;https://www.warmteatlas.nl/geoserver/WarmteAtlas/wfs;2026-06-23T13:53:17;
201631;517434;Buisman Consumer Products BV;0.0;Voedingsmiddelen_dranken_tabak;0.0;Optie B;0.0;0.0;;;;;GM1896;;;;GM1896;;;;GM1896;;;False;False;False;52.6424006400648;6.076146237206432;WarmteAtlas:LT_WarmteBronnen_ECW;https://www.warmteatlas.nl/geoserver/WarmteAtlas/wfs;2026-06-23T13:53:17;
200288;515852;Gebrs  Fuite BV;0.0;Voedingsmiddelen_dranken_tabak;0.0;Optie B;0.0;0.0;;;;;GM1896;;;;GM1896;;;;GM1896;;;False;False;False;52.62829729071345;6.056089434796016;WarmteAtlas:LT_WarmteBronnen_ECW;https://www.warmteatlas.nl/geoserver/WarmteAtlas/wfs;2026-06-23T13:53:17;
171240;518427;Agro Merchants Group B V;20.0;Voedingsmiddelen_dranken_tabak;0.25;Optie B;0.0;0.0;;;;;GM0184;;;;GM0184;;;;GM0184;;;False;False;False;52.65307940400061;5.62719620131557;WarmteAtlas:LT_WarmteBronnen_ECW;https://www.warmteatlas.nl/geoserver/WarmteAtlas/wfs;2026-06-23T13:53:17;
170527;518402;Dayseaday B V;20.0;Voedingsmiddelen_dranken_tabak;0.1;Optie B;0.0;0.0;;;;;GM0184;;;;GM0184;;;;GM0184;;;False;False;False;52.652875544698865;5.616658567987358;WarmteAtlas:LT_WarmteBronnen_ECW;https://www.warmteatlas.nl/geoserver/WarmteAtlas/wfs;2026-06-23T13:53:17;
170072;518677;Kramer Fish B V  Kramare B V;20.0;Voedingsmiddelen_dranken_tabak;0.44;Optie B;0.0;0.0;;;;;GM0184;;;;GM0184;;;;GM0184;;;False;False;False;52.65535974773698;5.609947295819158;WarmteAtlas:LT_WarmteBronnen_ECW;https://www.warmteatlas.nl/geoserver/WarmteAtlas/wfs;2026-06-23T13:53:17;
170274;518562;Noordzee International B V;20.0;Voedingsmiddelen_dranken_tabak;0.95;Optie B;0.0;0.0;;;;;GM0184;;;;GM0184;;;;GM0184;;;False;False;False;52.65432061630236;5.612927226509733;WarmteAtlas:LT_WarmteBronnen_ECW;https://www.warmteatlas.nl/geoserver/WarmteAtlas/wfs;2026-06-23T13:53:17;
170008;518802;Sea Fresh;20.0;Voedingsmiddelen_dranken_tabak;0.21;Optie B;0.0;0.0;;;;;GM0184;;;;GM0184;;;;GM0184;;;False;False;False;52.65648488412588;5.609007147735972;WarmteAtlas:LT_WarmteBronnen_ECW;https://www.warmteatlas.nl/geoserver/WarmteAtlas/wfs;2026-06-23T13:53:17;
170184;518520;Urk Export B V;20.0;Voedingsmiddelen_dranken_tabak;0.14;Optie B;0.0;0.0;;;;;GM0184;;;;GM0184;;;;GM0184;;;False;False;False;52.65394568406562;5.611595273068417;WarmteAtlas:LT_WarmteBronnen_ECW;https://www.warmteatlas.nl/geoserver/WarmteAtlas/wfs;2026-06-23T13:53:17;
170845;518197;Visafslag Urk;20.0;Voedingsmiddelen_dranken_tabak;0.64;Optie B;0.0;0.0;;;;;GM0184;;;;GM0184;;;;GM0184;;;False;False;False;52.65102405435839;5.621348020112635;WarmteAtlas:LT_WarmteBronnen_ECW;https://www.warmteatlas.nl/geoserver/WarmteAtlas/wfs;2026-06-23T13:53:17;
171126;518855;Weerstand Foods B V;20.0;Voedingsmiddelen_dranken_tabak;0.25;Optie B;0.0;0.0;;;;;GM0184;;;;GM0184;;;;GM0184;;;False;False;False;52.656929200845894;5.62553241125359;WarmteAtlas:LT_WarmteBronnen_ECW;https://www.warmteatlas.nl/geoserver/WarmteAtlas/wfs;2026-06-23T13:53:17;
170460;518816;Kennemer Visgroep;20.0;Voedingsmiddelen_dranken_tabak;0.07;Optie B;0.0;0.0;;;;;GM0184;;;;GM0184;;;;GM0184;;;False;False;False;52.656598044133645;5.615687815495662;WarmteAtlas:LT_WarmteBronnen_ECW;https://www.warmteatlas.nl/geoserver/WarmteAtlas/wfs;2026-06-23T13:53:17;
200994;320962;MexmaFoods;0.0;Voedingsmiddelen_dranken_tabak;0.0;Optie B;0.0;0.0;;;;;GM0928;;;;GM0928;;;;GM0928;;;False;False;False;50.876611948949794;6.0406570686288115;WarmteAtlas:LT_WarmteBronnen_ECW;https://www.warmteatlas.nl/geoserver/WarmteAtlas/wfs;2026-06-23T13:53:17;
200376;325706;Heuschen   Schrouff Foods Group;0.0;Voedingsmiddelen_dranken_tabak;0.0;Optie B;0.0;0.0;;;;;GM0882;;;;GM0882;;;;GM0882;;;False;False;False;50.91930182611497;6.032471834761958;WarmteAtlas:LT_WarmteBronnen_ECW;https://www.warmteatlas.nl/geoserver/WarmteAtlas/wfs;2026-06-23T13:53:17;
200172;325766;Heuschen   Schrouff Foods Group;0.0;Voedingsmiddelen_dranken_tabak;0.0;Optie B;0.0;0.0;;;;;GM0882;;;;GM0882;;;;GM0882;;;False;False;False;50.919857264828565;6.029578503350432;WarmteAtlas:LT_WarmteBronnen_ECW;https://www.warmteatlas.nl/geoserver/WarmteAtlas/wfs;2026-06-23T13:53:17;
88273;439072;Uitbeenstichting Goedegebuur;0.0;Slachthuis;0.31;Optie B;0.0;0.0;;;;;GM0599;;;;GM0599;;;;GM0599;;;False;False;False;51.93610228893967;4.416888458164286;WarmteAtlas:LT_WarmteBronnen_ECW;https://www.warmteatlas.nl/geoserver/WarmteAtlas/wfs;2026-06-23T13:53:17;
189522;326285;Groot Vlees BV;0.0;Slachthuis;3.0;Optie B;0.0;0.0;;;;;GM1954;;;;GM1954;;;;GM1954;;;False;False;False;50.92526390454554;5.878183203292074;WarmteAtlas:LT_WarmteBronnen_ECW;https://www.warmteatlas.nl/geoserver/WarmteAtlas/wfs;2026-06-23T13:53:17;
195525;465939;Ekro BV;0.0;Slachthuis;0.0;Optie B;0.0;0.0;;;;;GM0200;;;;GM0200;;;;GM0200;;;False;False;False;52.18009943886177;5.979713998522714;WarmteAtlas:LT_WarmteBronnen_ECW;https://www.warmteatlas.nl/geoserver/WarmteAtlas/wfs;2026-06-23T13:53:17;
212532;440326;BV Esbro;0.0;Slachthuis;0.0;Optie B;0.0;0.0;;;;;GM0222;;;;GM0222;;;;GM0222;;;False;False;False;51.948397576862874;6.224032102036487;WarmteAtlas:LT_WarmteBronnen_ECW;https://www.warmteatlas.nl/geoserver/WarmteAtlas/wfs;2026-06-23T13:53:17;
261287;470563;Ganeshi Vleesverwerking BV;0.0;Slachthuis;0.0;Optie B;0.0;0.0;;;;;GM0153;;;;GM0153;;;;GM0153;;;False;False;False;52.212902467441786;6.942426429709015;WarmteAtlas:LT_WarmteBronnen_ECW;https://www.warmteatlas.nl/geoserver/WarmteAtlas/wfs;2026-06-23T13:53:17;
237103;473709;Plukon Goor BV;0.0;Slachthuis;0.0;Optie B;0.0;0.0;;;;;GM1735;;;;GM1735;;;;GM1735;;;False;False;False;52.24530405512301;6.589407730681218;WarmteAtlas:LT_WarmteBronnen_ECW;https://www.warmteatlas.nl/geoserver/WarmteAtlas/wfs;2026-06-23T13:53:17;
239854;452088;Vion Groenlo BV;0.0;Slachthuis;0.0;Optie B;0.0;0.0;;;;;GM1586;;;;GM1586;;;;GM1586;;;False;False;False;52.050596005090185;6.624282990767326;WarmteAtlas:LT_WarmteBronnen_ECW;https://www.warmteatlas.nl/geoserver/WarmteAtlas/wfs;2026-06-23T13:53:17;
94695;470140;J G  van der Mey B V;0.0;Slachthuis;0.0;Optie B;0.0;0.0;;;;;GM1525;;;;GM1525;;;;GM1525;;;False;False;False;52.216049609650156;4.504783158584929;WarmteAtlas:LT_WarmteBronnen_ECW;https://www.warmteatlas.nl/geoserver/WarmteAtlas/wfs;2026-06-23T13:53:17;
95432;461821;KOC Vleeswaren;0.0;Slachthuis;0.0;Optie B;0.0;0.0;;;;;GM0638;;;;GM0638;;;;GM0638;;;False;False;False;52.141366371225175;4.5170159289497365;WarmteAtlas:LT_WarmteBronnen_ECW;https://www.warmteatlas.nl/geoserver/WarmteAtlas/wfs;2026-06-23T13:53:17;
96130;461367;Vleesgroothandel Gebroeders Zandbergen B V;0.0;Slachthuis;0.0;Optie B;0.0;0.0;;;;;GM0638;;;;GM0638;;;;GM0638;;;False;False;False;52.13736099155178;4.527289996398103;WarmteAtlas:LT_WarmteBronnen_ECW;https://www.warmteatlas.nl/geoserver/WarmteAtlas/wfs;2026-06-23T13:53:17;
96130;461367;Zandbergen World s Finest Meat BV  onderdeel van Industrieweg 66;0.0;Slachthuis;0.0;Optie B;0.0;0.0;;;;;GM0638;;;;GM0638;;;;GM0638;;;False;False;False;52.13736099155178;4.527289996398103;WarmteAtlas:LT_WarmteBronnen_ECW;https://www.warmteatlas.nl/geoserver/WarmteAtlas/wfs;2026-06-23T13:53:17;
98665;478667;Apex International B V;0.0;voedingsmiddelen_dranken_tabak;0.0;Optie B;0.0;0.0;;;;;GM0534;;;;GM0534;;;;GM0534;;;False;False;False;52.29310153652243;4.561438471223615;WarmteAtlas:LT_WarmteBronnen_ECW;https://www.warmteatlas.nl/geoserver/WarmteAtlas/wfs;2026-06-23T13:53:17;
90012;468869;Ecri Pottenbakkers;0.0;voedingsmiddelen_dranken_tabak;0.0;Optie B;0.0;0.0;;;;;GM0537;;;;GM0537;;;;GM0537;;;False;False;False;52.204095383434115;4.436499965865976;WarmteAtlas:LT_WarmteBronnen_ECW;https://www.warmteatlas.nl/geoserver/WarmteAtlas/wfs;2026-06-23T13:53:17;
90682;469455;Jora Vision B V;0.0;voedingsmiddelen_dranken_tabak;0.0;Optie B;0.0;0.0;;;;;GM0537;;;;GM0537;;;;GM0537;;;False;False;False;52.20944025045709;4.446196184307928;WarmteAtlas:LT_WarmteBronnen_ECW;https://www.warmteatlas.nl/geoserver/WarmteAtlas/wfs;2026-06-23T13:53:17;
94890;463530;Atelier Jera;0.0;voedingsmiddelen_dranken_tabak;0.0;Optie B;0.0;0.0;;;;;GM0546;;;;GM0546;;;;GM0546;;;False;False;False;52.15666670441851;4.508808637617333;WarmteAtlas:LT_WarmteBronnen_ECW;https://www.warmteatlas.nl/geoserver/WarmteAtlas/wfs;2026-06-23T13:53:17;
92977;462178;Dimarco;0.0;voedingsmiddelen_dranken_tabak;0.0;Optie B;0.0;0.0;;;;;GM0546;;;;GM0546;;;;GM0546;;;False;False;False;52.144304780605296;4.4810974795271665;WarmteAtlas:LT_WarmteBronnen_ECW;https://www.warmteatlas.nl/geoserver/WarmteAtlas/wfs;2026-06-23T13:53:17;
92530;465639;Kunststof kozijnen techniek fk;0.0;voedingsmiddelen_dranken_tabak;0.0;Optie B;0.0;0.0;;;;;GM0546;;;;GM0546;;;;GM0546;;;False;False;False;52.17535848266165;4.473938914444539;WarmteAtlas:LT_WarmteBronnen_ECW;https://www.warmteatlas.nl/geoserver/WarmteAtlas/wfs;2026-06-23T13:53:17;
94537;462072;Schulpen Schuim Leiden BV;0.0;voedingsmiddelen_dranken_tabak;0.0;Optie B;0.0;0.0;;;;;GM0546;;;;GM0546;;;;GM0546;;;False;False;False;52.14352501157103;4.503905650523977;WarmteAtlas:LT_WarmteBronnen_ECW;https://www.warmteatlas.nl/geoserver/WarmteAtlas/wfs;2026-06-23T13:53:17;
96444;462002;Kleiwarenfabriek Gebr  Ginjaar;0.0;voedingsmiddelen_dranken_tabak;0.0;Optie B;0.0;0.0;;;;;GM0547;;;;GM0547;;;;GM0547;;;False;False;False;52.14310117103665;4.531766779885946;WarmteAtlas:LT_WarmteBronnen_ECW;https://www.warmteatlas.nl/geoserver/WarmteAtlas/wfs;2026-06-23T13:53:17;
99017;475747;Metapol customparts;0.0;voedingsmiddelen_dranken_tabak;0.0;Optie B;0.0;0.0;;;;;GM0553;;;;GM0553;;;;GM0553;;;False;False;False;52.266895512521465;4.567086111789551;WarmteAtlas:LT_WarmteBronnen_ECW;https://www.warmteatlas.nl/geoserver/WarmteAtlas/wfs;2026-06-23T13:53:17;
90012;468869;Pottery Nieuwkoop B V;0.0;voedingsmiddelen_dranken_tabak;0.0;Optie B;0.0;0.0;;;;;GM0537;;;;GM0537;;;;GM0537;;;False;False;False;52.204095383434115;4.436499965865976;WarmteAtlas:LT_WarmteBronnen_ECW;https://www.warmteatlas.nl/geoserver/WarmteAtlas/wfs;2026-06-23T13:53:17;
102283;468994;Dhr  N  Trapman;0.0;voedingsmiddelen_dranken_tabak;0.0;Optie B;0.0;0.0;;;;;GM1884;;;;GM1884;;;;GM1884;;;False;False;False;52.20652764684719;4.615974525362104;WarmteAtlas:LT_WarmteBronnen_ECW;https://www.warmteatlas.nl/geoserver/WarmteAtlas/wfs;2026-06-23T13:53:17;
113480;464458;Grofsmederij Nieuwkoop BV;0.0;voedingsmiddelen_dranken_tabak;0.0;Optie B;0.0;0.0;;;;;GM0569;;;;GM0569;;;;GM0569;;;False;False;False;52.16671670408918;4.780327293399419;WarmteAtlas:LT_WarmteBronnen_ECW;https://www.warmteatlas.nl/geoserver/WarmteAtlas/wfs;2026-06-23T13:53:17;
113480;464458;Omefa BV;0.0;voedingsmiddelen_dranken_tabak;0.0;Optie B;0.0;0.0;;;;;GM0569;;;;GM0569;;;;GM0569;;;False;False;False;52.16671670408918;4.780327293399419;WarmteAtlas:LT_WarmteBronnen_ECW;https://www.warmteatlas.nl/geoserver/WarmteAtlas/wfs;2026-06-23T13:53:17;
108972;465673;TN Plastics B V;0.0;voedingsmiddelen_dranken_tabak;0.0;Optie B;0.0;0.0;;;;;GM0569;;;;GM0569;;;;GM0569;;;False;False;False;52.177279166597565;4.714275653046846;WarmteAtlas:LT_WarmteBronnen_ECW;https://www.warmteatlas.nl/geoserver/WarmteAtlas/wfs;2026-06-23T13:53:17;
113654;463631;TuGeo BV;0.0;voedingsmiddelen_dranken_tabak;0.0;Optie B;0.0;0.0;;;;;GM0569;;;;GM0569;;;;GM0569;;;False;False;False;52.15929708449396;4.782971066675196;WarmteAtlas:LT_WarmteBronnen_ECW;https://www.warmteatlas.nl/geoserver/WarmteAtlas/wfs;2026-06-23T13:53:17;
109910;465818;Desch Epla b v   Emperor Plastics BV;0.0;voedingsmiddelen_dranken_tabak;0.0;Optie B;0.0;0.0;;;;;GM0569;;;;GM0569;;;;GM0569;;;False;False;False;52.17865972659123;4.727969047514451;WarmteAtlas:LT_WarmteBronnen_ECW;https://www.warmteatlas.nl/geoserver/WarmteAtlas/wfs;2026-06-23T13:53:17;
96483;477767;Muovitech Benelux B V;0.0;voedingsmiddelen_dranken_tabak;0.0;Optie B;0.0;0.0;;;;;GM0575;;;;GM0575;;;;GM0575;;;False;False;False;52.284785727306705;4.529624099934679;WarmteAtlas:LT_WarmteBronnen_ECW;https://www.warmteatlas.nl/geoserver/WarmteAtlas/wfs;2026-06-23T13:53:17;
93927;473743;Mata Kunststoffen;0.0;voedingsmiddelen_dranken_tabak;0.0;Optie B;0.0;0.0;;;;;GM0575;;;;GM0575;;;;GM0575;;;False;False;False;52.24834489257449;4.4928861969415435;WarmteAtlas:LT_WarmteBronnen_ECW;https://www.warmteatlas.nl/geoserver/WarmteAtlas/wfs;2026-06-23T13:53:17;
96369;478188;NP Plastics;0.0;voedingsmiddelen_dranken_tabak;0.0;Optie B;0.0;0.0;;;;;GM0575;;;;GM0575;;;;GM0575;;;False;False;False;52.28855700467185;4.5278701834526425;WarmteAtlas:LT_WarmteBronnen_ECW;https://www.warmteatlas.nl/geoserver/WarmteAtlas/wfs;2026-06-23T13:53:17;
94923;469505;Cosine;0.0;voedingsmiddelen_dranken_tabak;0.0;Optie B;0.0;0.0;;;;;GM1525;;;;GM1525;;;;GM1525;;;False;False;False;52.21036774858799;4.508230179546867;WarmteAtlas:LT_WarmteBronnen_ECW;https://www.warmteatlas.nl/geoserver/WarmteAtlas/wfs;2026-06-23T13:53:17;
94223;467246;Tenderworks BV;0.0;voedingsmiddelen_dranken_tabak;0.0;Optie B;0.0;0.0;;;;;GM1525;;;;GM1525;;;;GM1525;;;False;False;False;52.18998943542119;4.498387297781444;WarmteAtlas:LT_WarmteBronnen_ECW;https://www.warmteatlas.nl/geoserver/WarmteAtlas/wfs;2026-06-23T13:53:17;
94223;467246;Batelaan Kunststoffen B V;0.0;voedingsmiddelen_dranken_tabak;0.0;Optie B;0.0;0.0;;;;;GM1525;;;;GM1525;;;;GM1525;;;False;False;False;52.18998943542119;4.498387297781444;WarmteAtlas:LT_WarmteBronnen_ECW;https://www.warmteatlas.nl/geoserver/WarmteAtlas/wfs;2026-06-23T13:53:17;
94790;469923;Injecâo Plastica BV;0.0;voedingsmiddelen_dranken_tabak;0.0;Optie B;0.0;0.0;;;;;GM1525;;;;GM1525;;;;GM1525;;;False;False;False;52.21410973894697;4.506201437570695;WarmteAtlas:LT_WarmteBronnen_ECW;https://www.warmteatlas.nl/geoserver/WarmteAtlas/wfs;2026-06-23T13:53:17;
91828;461224;Agulon Kunststoftechniek;0.0;voedingsmiddelen_dranken_tabak;0.0;Optie B;0.0;0.0;;;;;GM0626;;;;GM0626;;;;GM0626;;;False;False;False;52.13560107518708;4.464493577831078;WarmteAtlas:LT_WarmteBronnen_ECW;https://www.warmteatlas.nl/geoserver/WarmteAtlas/wfs;2026-06-23T13:53:17;
90249;459379;Mobrero b v;0.0;voedingsmiddelen_dranken_tabak;0.0;Optie B;0.0;0.0;;;;;GM0626;;;;GM0626;;;;GM0626;;;False;False;False;52.11883739449392;4.44177958532592;WarmteAtlas:LT_WarmteBronnen_ECW;https://www.warmteatlas.nl/geoserver/WarmteAtlas/wfs;2026-06-23T13:53:17;
95855;462330;Potterij Zaalberg;0.0;voedingsmiddelen_dranken_tabak;0.0;Optie B;0.0;0.0;;;;;GM0638;;;;GM0638;;;;GM0638;;;False;False;False;52.14598626627757;4.523110423793715;WarmteAtlas:LT_WarmteBronnen_ECW;https://www.warmteatlas.nl/geoserver/WarmteAtlas/wfs;2026-06-23T13:53:17;
112868;500232;Forbo Flooring BV;0.0;voedingsmiddelen_dranken_tabak;0.0;Optie B;0.0;0.0;;;;;GM0479;;;;GM0479;;;;GM0479;;;False;False;False;52.488178924092;4.766908260706917;WarmteAtlas:LT_WarmteBronnen_ECW;https://www.warmteatlas.nl/geoserver/WarmteAtlas/wfs;2026-06-23T13:53:17;
100331;478129;Phillips Medisize BV;0.0;voedingsmiddelen_dranken_tabak;0.0;Optie B;0.0;0.0;;;;;GM0534;;;;GM0534;;;;GM0534;;;False;False;False;52.28843454840366;4.585943734377094;WarmteAtlas:LT_WarmteBronnen_ECW;https://www.warmteatlas.nl/geoserver/WarmteAtlas/wfs;2026-06-23T13:53:17;
100555;479627;Plasthill B V;0.0;voedingsmiddelen_dranken_tabak;0.0;Optie B;0.0;0.0;;;;;GM0534;;;;GM0534;;;;GM0534;;;False;False;False;52.30191926384768;4.588984788529694;WarmteAtlas:LT_WarmteBronnen_ECW;https://www.warmteatlas.nl/geoserver/WarmteAtlas/wfs;2026-06-23T13:53:17;
100449;478233;Voges Verpakking;0.0;voedingsmiddelen_dranken_tabak;0.0;Optie B;0.0;0.0;;;;;GM0534;;;;GM0534;;;;GM0534;;;False;False;False;52.28938090362462;4.58765624032323;WarmteAtlas:LT_WarmteBronnen_ECW;https://www.warmteatlas.nl/geoserver/WarmteAtlas/wfs;2026-06-23T13:53:17;
99812;479266;Edel Natuurvoeding;0.0;voedingsmiddelen_dranken_tabak;0.0;Optie B;0.0;0.0;;;;;GM0534;;;;GM0534;;;;GM0534;;;False;False;False;52.29860094639117;4.578151744267501;WarmteAtlas:LT_WarmteBronnen_ECW;https://www.warmteatlas.nl/geoserver/WarmteAtlas/wfs;2026-06-23T13:53:17;
102695;468720;Isoveen;0.0;voedingsmiddelen_dranken_tabak;0.0;Optie B;0.0;0.0;;;;;GM1884;;;;GM1884;;;;GM1884;;;False;False;False;52.20410436598473;4.6220436850918585;WarmteAtlas:LT_WarmteBronnen_ECW;https://www.warmteatlas.nl/geoserver/WarmteAtlas/wfs;2026-06-23T13:53:17;
102958;468722;N W  van Ruiten B V;0.0;voedingsmiddelen_dranken_tabak;0.0;Optie B;0.0;0.0;;;;;GM1884;;;;GM1884;;;;GM1884;;;False;False;False;52.20414720830097;4.625890429647529;WarmteAtlas:LT_WarmteBronnen_ECW;https://www.warmteatlas.nl/geoserver/WarmteAtlas/wfs;2026-06-23T13:53:17;
102179;467772;Holland Special Foods NV;0.0;voedingsmiddelen_dranken_tabak;0.0;Optie B;0.0;0.0;;;;;GM1884;;;;GM1884;;;;GM1884;;;False;False;False;52.195535351495835;4.6146435447577465;WarmteAtlas:LT_WarmteBronnen_ECW;https://www.warmteatlas.nl/geoserver/WarmteAtlas/wfs;2026-06-23T13:53:17;
90165;469161;Izico  voorheen Beckers Katwijk B V;0.0;voedingsmiddelen_dranken_tabak;0.0;Optie B;0.0;0.0;;;;;GM0537;;;;GM0537;;;;GM0537;;;False;False;False;52.20673754270523;4.438682046210686;WarmteAtlas:LT_WarmteBronnen_ECW;https://www.warmteatlas.nl/geoserver/WarmteAtlas/wfs;2026-06-23T13:53:17;
90682;469455;Jora Vision B V;0.0;voedingsmiddelen_dranken_tabak;0.0;Optie B;0.0;0.0;;;;;GM0537;;;;GM0537;;;;GM0537;;;False;False;False;52.20944025045709;4.446196184307928;WarmteAtlas:LT_WarmteBronnen_ECW;https://www.warmteatlas.nl/geoserver/WarmteAtlas/wfs;2026-06-23T13:53:17;
89345;466834;J M van Klaveren;0.0;voedingsmiddelen_dranken_tabak;0.0;Optie B;0.0;0.0;;;;;GM0537;;;;GM0537;;;;GM0537;;;False;False;False;52.18572819932148;4.427137719256164;WarmteAtlas:LT_WarmteBronnen_ECW;https://www.warmteatlas.nl/geoserver/WarmteAtlas/wfs;2026-06-23T13:53:17;
89349;466713;Katwijk Waspeen;0.0;voedingsmiddelen_dranken_tabak;0.0;Optie B;0.0;0.0;;;;;GM0537;;;;GM0537;;;;GM0537;;;False;False;False;52.18464126541385;4.427219612790855;WarmteAtlas:LT_WarmteBronnen_ECW;https://www.warmteatlas.nl/geoserver/WarmteAtlas/wfs;2026-06-23T13:53:17;
90582;468100;V O F  Fa  De Mooy;0.0;voedingsmiddelen_dranken_tabak;0.0;Optie B;0.0;0.0;;;;;GM0537;;;;GM0537;;;;GM0537;;;False;False;False;52.19725134611738;4.444986386768236;WarmteAtlas:LT_WarmteBronnen_ECW;https://www.warmteatlas.nl/geoserver/WarmteAtlas/wfs;2026-06-23T13:53:17;
91176;468156;W  Heemskerk B V  Fresh   Easy;0.0;voedingsmiddelen_dranken_tabak;0.0;Optie B;0.0;0.0;;;;;GM0537;;;;GM0537;;;;GM0537;;;False;False;False;52.19782367382059;4.453668824433004;WarmteAtlas:LT_WarmteBronnen_ECW;https://www.warmteatlas.nl/geoserver/WarmteAtlas/wfs;2026-06-23T13:53:17;
90953;468075;Waspeencentrum Katwijk B V;0.0;voedingsmiddelen_dranken_tabak;0.0;Optie B;0.0;0.0;;;;;GM0537;;;;GM0537;;;;GM0537;;;False;False;False;52.19706983132512;4.45041397792005;WarmteAtlas:LT_WarmteBronnen_ECW;https://www.warmteatlas.nl/geoserver/WarmteAtlas/wfs;2026-06-23T13:53:17;
119535;463254;Bakkerij Tersteeg;0.0;voedingsmiddelen_dranken_tabak;0.0;Optie B;0.0;0.0;;;;;GM0569;;;;GM0569;;;;GM0569;;;False;False;False;52.15631752582536;4.868951985137628;WarmteAtlas:LT_WarmteBronnen_ECW;https://www.warmteatlas.nl/geoserver/WarmteAtlas/wfs;2026-06-23T13:53:17;
89887;470300;Den Dulk  de echte Bakker;0.0;voedingsmiddelen_dranken_tabak;0.0;Optie B;0.0;0.0;;;;;GM0575;;;;GM0575;;;;GM0575;;;False;False;False;52.21694080229438;4.434396648101085;WarmteAtlas:LT_WarmteBronnen_ECW;https://www.warmteatlas.nl/geoserver/WarmteAtlas/wfs;2026-06-23T13:53:17;
94042;475268;Bakkerij van Eeden;0.0;voedingsmiddelen_dranken_tabak;0.0;Optie B;0.0;0.0;;;;;GM0575;;;;GM0575;;;;GM0575;;;False;False;False;52.26206266380625;4.4943009118958885;WarmteAtlas:LT_WarmteBronnen_ECW;https://www.warmteatlas.nl/geoserver/WarmteAtlas/wfs;2026-06-23T13:53:17;
93927;473743;Brood van NU;0.0;voedingsmiddelen_dranken_tabak;0.0;Optie B;0.0;0.0;;;;;GM0575;;;;GM0575;;;;GM0575;;;False;False;False;52.24834489257449;4.4928861969415435;WarmteAtlas:LT_WarmteBronnen_ECW;https://www.warmteatlas.nl/geoserver/WarmteAtlas/wfs;2026-06-23T13:53:17;
95046;470314;Ravensbergen B V;0.0;voedingsmiddelen_dranken_tabak;0.0;Optie B;0.0;0.0;;;;;GM1525;;;;GM1525;;;;GM1525;;;False;False;False;52.217651584920844;4.509884973747394;WarmteAtlas:LT_WarmteBronnen_ECW;https://www.warmteatlas.nl/geoserver/WarmteAtlas/wfs;2026-06-23T13:53:17;
100331;478129;Menken De Vlag B V;0.0;voedingsmiddelen_dranken_tabak;0.0;Optie B;0.0;0.0;;;;;GM0534;;;;GM0534;;;;GM0534;;;False;False;False;52.28843454840366;4.585943734377094;WarmteAtlas:LT_WarmteBronnen_ECW;https://www.warmteatlas.nl/geoserver/WarmteAtlas/wfs;2026-06-23T13:53:17;
87471;451333;Koel  en Vrieshuis Arctic BV;0.0;KoelVries;0.28;Optie B;0.0;0.0;;;;;GM1926;;;;GM1926;;;;GM1926;;;False;False;False;52.04619613200665;4.4028120297070625;WarmteAtlas:LT_WarmteBronnen_ECW;https://www.warmteatlas.nl/geoserver/WarmteAtlas/wfs;2026-06-23T13:53:17;
60489;439965;Eurofrigo BV;0.0;KoelVries;0.28;Optie B;0.0;0.0;;;;;GM0599;;;;GM0599;;;;GM0599;;;False;False;False;51.940098901878514;4.01271506514718;WarmteAtlas:LT_WarmteBronnen_ECW;https://www.warmteatlas.nl/geoserver/WarmteAtlas/wfs;2026-06-23T13:53:17;
75922;449868;Varekamp Coldstores Holland BV;0.0;KoelVries;0.28;Optie B;0.0;0.0;;;;;GM1783;;;;GM1783;;;;GM1783;;;False;False;False;52.03150343415345;4.234827715219958;WarmteAtlas:LT_WarmteBronnen_ECW;https://www.warmteatlas.nl/geoserver/WarmteAtlas/wfs;2026-06-23T13:53:17;
94910;450392;Koel  en Vrieshuis Arctic BV;0.0;KoelVries;0.28;Optie B;0.0;0.0;;;;;GM0637;;;;GM0637;;;;GM0637;;;False;False;False;52.038595513586316;4.511405177396424;WarmteAtlas:LT_WarmteBronnen_ECW;https://www.warmteatlas.nl/geoserver/WarmteAtlas/wfs;2026-06-23T13:53:17;
100379;480139;BV Preparatiebedrijf Lommerse  Uitendaal;0.0;KoelVries;3.14;Optie B;0.0;0.0;;;;;GM0534;;;;GM0534;;;;GM0534;;;False;False;False;52.306503149060866;4.5863217693826845;WarmteAtlas:LT_WarmteBronnen_ECW;https://www.warmteatlas.nl/geoserver/WarmteAtlas/wfs;2026-06-23T13:53:17;
95554;445589;Speksnijder Diepvries BV;0.0;KoelVries;0.65;Optie B;0.0;0.0;;;;;GM1621;;;;GM1621;;;;GM1621;;;False;False;False;51.99549897146727;4.521624438278403;WarmteAtlas:LT_WarmteBronnen_ECW;https://www.warmteatlas.nl/geoserver/WarmteAtlas/wfs;2026-06-23T13:53:17;
88985;432976;Frigocare Rotterdam BV;0.0;KoelVries;0.65;Optie B;0.0;0.0;;;;;GM0599;;;;GM0599;;;;GM0599;;;False;False;False;51.881401049169476;4.428409832436423;WarmteAtlas:LT_WarmteBronnen_ECW;https://www.warmteatlas.nl/geoserver/WarmteAtlas/wfs;2026-06-23T13:53:17;
76411;432590;Pacorini Metals Rotterdam BV;0.0;KoelVries;0.65;Optie B;0.0;0.0;;;;;GM0599;;;;GM0599;;;;GM0599;;;False;False;False;51.876299798956545;4.24590662901356;WarmteAtlas:LT_WarmteBronnen_ECW;https://www.warmteatlas.nl/geoserver/WarmteAtlas/wfs;2026-06-23T13:53:17;
72998;445063;ADB Cool Company BV;0.0;KoelVries;0.65;Optie B;0.0;0.0;;;;;GM1783;;;;GM1783;;;;GM1783;;;False;False;False;51.98789836914492;4.193376724562425;WarmteAtlas:LT_WarmteBronnen_ECW;https://www.warmteatlas.nl/geoserver/WarmteAtlas/wfs;2026-06-23T13:53:17;
75179;442023;Cool Control BV;0.0;KoelVries;0.65;Optie B;0.0;0.0;;;;;GM1783;;;;GM1783;;;;GM1783;;;False;False;False;51.960896688978316;4.225829878985385;WarmteAtlas:LT_WarmteBronnen_ECW;https://www.warmteatlas.nl/geoserver/WarmteAtlas/wfs;2026-06-23T13:53:17;
61111;440154;Kloosterboer Delta Terminal BV;0.0;KoelVries;1.4;Optie B;0.0;0.0;;;;;GM0599;;;;GM0599;;;;GM0599;;;False;False;False;51.94190266972631;4.021706801083422;WarmteAtlas:LT_WarmteBronnen_ECW;https://www.warmteatlas.nl/geoserver/WarmteAtlas/wfs;2026-06-23T13:53:17;
90420;432690;Kloosterboer Rotterdam BV;0.0;KoelVries;1.4;Optie B;0.0;0.0;;;;;GM0599;;;;GM0599;;;;GM0599;;;False;False;False;51.878998918878615;4.449302459665114;WarmteAtlas:LT_WarmteBronnen_ECW;https://www.warmteatlas.nl/geoserver/WarmteAtlas/wfs;2026-06-23T13:53:17;
88350;431493;Eurofrigo BV;0.0;KoelVries;2.8;Optie B;0.0;0.0;;;;;GM0613;;;;GM0613;;;;GM0613;;;False;False;False;51.867997308173535;4.419475097750783;WarmteAtlas:LT_WarmteBronnen_ECW;https://www.warmteatlas.nl/geoserver/WarmteAtlas/wfs;2026-06-23T13:53:17;
94862;450426;Leen Menken Foodservice Logistics BV;0.0;KoelVries;2.8;Optie B;0.0;0.0;;;;;GM0637;;;;GM0637;;;;GM0637;;;False;False;False;52.038895875388775;4.510699686467518;WarmteAtlas:LT_WarmteBronnen_ECW;https://www.warmteatlas.nl/geoserver/WarmteAtlas/wfs;2026-06-23T13:53:17;
168189;446161;Sand Valley Coldstore BV;35.0;KoelVries;0.0;Optie B;0.0;0.0;;;;;GM0345;;;;GM0345;;;;GM0345;;;False;False;False;52.00366570990532;5.5792766959422;WarmteAtlas:LT_WarmteBronnen_ECW;https://www.warmteatlas.nl/geoserver/WarmteAtlas/wfs;2026-06-23T13:53:17;
97976;430241;B L Fruit Logistics BV;0.0;KoelVries;2.0;Optie B;0.0;0.0;;;;;GM0489;;;;GM0489;;;;GM0489;;;False;False;False;51.857813249768554;4.5594320246230575;WarmteAtlas:LT_WarmteBronnen_ECW;https://www.warmteatlas.nl/geoserver/WarmteAtlas/wfs;2026-06-23T13:53:17;
240790;488211;Vrieshuis Bussink vof;0.0;KoelVries;2.0;Optie B;0.0;0.0;;;;;GM0141;;;;GM0141;;;;GM0141;;;False;False;False;52.375055973427635;6.647074093448395;WarmteAtlas:LT_WarmteBronnen_ECW;https://www.warmteatlas.nl/geoserver/WarmteAtlas/wfs;2026-06-23T13:53:17;
99373;454674;Delta Fresh B V;0.0;KoelVries;2.0;Optie B;0.0;0.0;;;;;GM0484;;;;GM0484;;;;GM0484;;;False;False;False;52.07754504634726;4.57574854574086;WarmteAtlas:LT_WarmteBronnen_ECW;https://www.warmteatlas.nl/geoserver/WarmteAtlas/wfs;2026-06-23T13:53:17;
102997;455038;DL Coldstore B V;0.0;KoelVries;2.0;Optie B;0.0;0.0;;;;;GM0484;;;;GM0484;;;;GM0484;;;False;False;False;52.08116861565022;4.628553310218897;WarmteAtlas:LT_WarmteBronnen_ECW;https://www.warmteatlas.nl/geoserver/WarmteAtlas/wfs;2026-06-23T13:53:17;
135701;421081;J  t Lam   Zn BV;0.0;KoelVries;2.0;Optie B;0.0;0.0;;;;;GM1959;;;;GM1959;;;;GM1959;;;False;False;False;51.778063575468536;5.107553447592951;WarmteAtlas:LT_WarmteBronnen_ECW;https://www.warmteatlas.nl/geoserver/WarmteAtlas/wfs;2026-06-23T13:53:17;
112569;491945;ACS Logistics B V;0.0;KoelVries;2.0;Optie B;0.0;0.0;;;;;GM0363;;;;GM0363;;;;GM0363;;;False;False;False;52.41368070548921;4.7635569284249435;WarmteAtlas:LT_WarmteBronnen_ECW;https://www.warmteatlas.nl/geoserver/WarmteAtlas/wfs;2026-06-23T13:53:17;
115685;492221;BCS Amsterdam B V;0.0;KoelVries;2.0;Optie B;0.0;0.0;;;;;GM0363;;;;GM0363;;;;GM0363;;;False;False;False;52.41639336515081;4.809320975199065;WarmteAtlas:LT_WarmteBronnen_ECW;https://www.warmteatlas.nl/geoserver/WarmteAtlas/wfs;2026-06-23T13:53:17;
97992;429474;Coldstore Wibaco BV Locatie Barendrecht;0.0;KoelVries;2.0;Optie B;0.0;0.0;;;;;GM0489;;;;GM0489;;;;GM0489;;;False;False;False;51.85092142300787;4.5597909396504965;WarmteAtlas:LT_WarmteBronnen_ECW;https://www.warmteatlas.nl/geoserver/WarmteAtlas/wfs;2026-06-23T13:53:17;
168724;464335;Amerongen Kamphuis BV;0.0;KoelVries;2.0;Optie B;0.0;0.0;;;;;GM0203;;;;GM0203;;;;GM0203;;;False;False;False;52.16700036244746;5.587799951104964;WarmteAtlas:LT_WarmteBronnen_ECW;https://www.warmteatlas.nl/geoserver/WarmteAtlas/wfs;2026-06-23T13:53:17;
76874;390807;Partner Logistics Bergen op Zoom B V;0.0;KoelVries;2.0;Optie B;0.0;0.0;;;;;GM0748;;;;GM0748;;;;GM0748;;;False;False;False;51.50085816664093;4.262007330448545;WarmteAtlas:LT_WarmteBronnen_ECW;https://www.warmteatlas.nl/geoserver/WarmteAtlas/wfs;2026-06-23T13:53:17;
184283;429271;Lau van Haren Coldstores BV;0.0;KoelVries;2.0;Optie B;0.0;0.0;;;;;GM0209;;;;GM0209;;;;GM0209;;;False;False;False;51.851241465762;5.812212830857814;WarmteAtlas:LT_WarmteBronnen_ECW;https://www.warmteatlas.nl/geoserver/WarmteAtlas/wfs;2026-06-23T13:53:17;
181250;430862;Vriesveem Balmerd;0.0;KoelVries;2.0;Optie B;0.0;0.0;;;;;GM0209;;;;GM0209;;;;GM0209;;;False;False;False;51.865692799431436;5.76831426645287;WarmteAtlas:LT_WarmteBronnen_ECW;https://www.warmteatlas.nl/geoserver/WarmteAtlas/wfs;2026-06-23T13:53:17;
38583;388835;Kloosterboer Vlissingen V O F;0.0;KoelVries;2.0;Optie B;0.0;0.0;;;;;GM0654;;;;GM0654;;;;GM0654;;;False;False;False;51.47652446859579;3.711369439530058;WarmteAtlas:LT_WarmteBronnen_ECW;https://www.warmteatlas.nl/geoserver/WarmteAtlas/wfs;2026-06-23T13:53:17;
44392;388763;Koelbedrijf Vermue BV;0.0;KoelVries;2.0;Optie B;0.0;0.0;;;;;GM0654;;;;GM0654;;;;GM0654;;;False;False;False;51.477047756715784;3.794981549990169;WarmteAtlas:LT_WarmteBronnen_ECW;https://www.warmteatlas.nl/geoserver/WarmteAtlas/wfs;2026-06-23T13:53:17;
110207;389597;Frigo Breda BV;0.0;KoelVries;2.0;Optie B;0.0;0.0;;;;;GM0758;;;;GM0758;;;;GM0758;;;False;False;False;51.49362086021626;4.742193543951158;WarmteAtlas:LT_WarmteBronnen_ECW;https://www.warmteatlas.nl/geoserver/WarmteAtlas/wfs;2026-06-23T13:53:17;
143018;452570;Koel  en Vrieshuis Klaas de Jong B V;0.0;KoelVries;2.0;Optie B;0.0;0.0;;;;;GM0312;;;;GM0312;;;;GM0312;;;False;False;False;52.06129814665393;5.212482515031906;WarmteAtlas:LT_WarmteBronnen_ECW;https://www.warmteatlas.nl/geoserver/WarmteAtlas/wfs;2026-06-23T13:53:17;
245154;520221;Cold Store Logistic BV;0.0;KoelVries;2.0;Optie B;0.0;0.0;;;;;GM0109;;;;GM0109;;;;GM0109;;;False;False;False;52.66197638779642;6.7198005821609845;WarmteAtlas:LT_WarmteBronnen_ECW;https://www.warmteatlas.nl/geoserver/WarmteAtlas/wfs;2026-06-23T13:53:17;
187851;418500;Teeuwissen Coldstore Cuijk B V;0.0;KoelVries;2.0;Optie B;0.0;0.0;;;;;GM1982;;;;GM1982;;;;GM1982;;;False;False;False;51.75423134787833;5.8629738039374075;WarmteAtlas:LT_WarmteBronnen_ECW;https://www.warmteatlas.nl/geoserver/WarmteAtlas/wfs;2026-06-23T13:53:17;
177976;505563;Exploitatie Koelhuis Dronten BV;0.0;KoelVries;2.0;Optie B;0.0;0.0;;;;;GM0303;;;;GM0303;;;;GM0303;;;False;False;False;52.53722798880403;5.725847419451787;WarmteAtlas:LT_WarmteBronnen_ECW;https://www.warmteatlas.nl/geoserver/WarmteAtlas/wfs;2026-06-23T13:53:17;
82186;411972;Handelskwekerij van Rossum;0.0;KoelVries;2.0;Optie B;0.0;0.0;;;;;GM1924;;;;GM1924;;;;GM1924;;;False;False;False;51.6917873062118;4.334093029752006;WarmteAtlas:LT_WarmteBronnen_ECW;https://www.warmteatlas.nl/geoserver/WarmteAtlas/wfs;2026-06-23T13:53:17;
110939;478808;Freshport BV;0.0;KoelVries;2.0;Optie B;0.0;0.0;;;;;GM0394;;;;GM0394;;;;GM0394;;;False;False;False;52.295488259647676;4.741321427813279;WarmteAtlas:LT_WarmteBronnen_ECW;https://www.warmteatlas.nl/geoserver/WarmteAtlas/wfs;2026-06-23T13:53:17;
100543;475296;Frigo Nieuw Vennep BV;0.0;KoelVries;2.0;Optie B;0.0;0.0;;;;;GM0394;;;;GM0394;;;;GM0394;;;False;False;False;52.262995322089836;4.589507403703764;WarmteAtlas:LT_WarmteBronnen_ECW;https://www.warmteatlas.nl/geoserver/WarmteAtlas/wfs;2026-06-23T13:53:17;
117131;520722;Botmans Koel  en Vrieshuizen BV;0.0;KoelVries;2.0;Optie B;0.0;0.0;;;;;GM1980;;;;GM1980;;;;GM1980;;;False;False;False;52.67263013909953;4.827334292662447;WarmteAtlas:LT_WarmteBronnen_ECW;https://www.warmteatlas.nl/geoserver/WarmteAtlas/wfs;2026-06-23T13:53:17;
131199;529693;Hiemstra BV;0.0;KoelVries;2.0;Optie B;0.0;0.0;;;;;GM1911;;;;GM1911;;;;GM1911;;;False;False;False;52.75404690169075;5.034670036724706;WarmteAtlas:LT_WarmteBronnen_ECW;https://www.warmteatlas.nl/geoserver/WarmteAtlas/wfs;2026-06-23T13:53:17;
134546;535859;Koel  en Sorteerbedrijf Kielstra BV;0.0;KoelVries;2.0;Optie B;0.0;0.0;;;;;GM1911;;;;GM1911;;;;GM1911;;;False;False;False;52.80959463410415;5.083861170404974;WarmteAtlas:LT_WarmteBronnen_ECW;https://www.warmteatlas.nl/geoserver/WarmteAtlas/wfs;2026-06-23T13:53:17;
200554;387873;Cuppen Logistics BV;0.0;KoelVries;2.0;Optie B;0.0;0.0;;;;;GM1507;;;;GM1507;;;;GM1507;;;False;False;False;51.478062378661875;6.042942768090842;WarmteAtlas:LT_WarmteBronnen_ECW;https://www.warmteatlas.nl/geoserver/WarmteAtlas/wfs;2026-06-23T13:53:17;
144942;445573;Van den Brink BV;0.0;KoelVries;2.0;Optie B;0.0;0.0;;;;;GM0321;;;;GM0321;;;;GM0321;;;False;False;False;51.998446755736175;5.240743596096395;WarmteAtlas:LT_WarmteBronnen_ECW;https://www.warmteatlas.nl/geoserver/WarmteAtlas/wfs;2026-06-23T13:53:17;
141421;445716;van Garderen Koelingsbedrijf BV;0.0;KoelVries;2.0;Optie B;0.0;0.0;;;;;GM0321;;;;GM0321;;;;GM0321;;;False;False;False;51.9996571420027;5.189467225211405;WarmteAtlas:LT_WarmteBronnen_ECW;https://www.warmteatlas.nl/geoserver/WarmteAtlas/wfs;2026-06-23T13:53:17;
56914;387972;FPZ BV;0.0;KoelVries;2.0;Optie B;0.0;0.0;;;;;GM0678;;;;GM0678;;;;GM0678;;;False;False;False;51.472258523394515;3.975402801257214;WarmteAtlas:LT_WarmteBronnen_ECW;https://www.warmteatlas.nl/geoserver/WarmteAtlas/wfs;2026-06-23T13:53:17;
107165;434781;Prins Op  en Overslag BV;0.0;KoelVries;2.0;Optie B;0.0;0.0;;;;;GM1931;;;;GM1931;;;;GM1931;;;False;False;False;51.899482117060295;4.692180955932526;WarmteAtlas:LT_WarmteBronnen_ECW;https://www.warmteatlas.nl/geoserver/WarmteAtlas/wfs;2026-06-23T13:53:17;
115972;524396;Koel en Vrieshuis Jos Veldboer;0.0;KoelVries;2.0;Optie B;0.0;0.0;;;;;GM1980;;;;GM1980;;;;GM1980;;;False;False;False;52.70556484600294;4.809766249726947;WarmteAtlas:LT_WarmteBronnen_ECW;https://www.warmteatlas.nl/geoserver/WarmteAtlas/wfs;2026-06-23T13:53:17;
97693;449062;DL Fresh Logistics BV;0.0;KoelVries;2.0;Optie B;0.0;0.0;;;;;GM1621;;;;GM1621;;;;GM1621;;;False;False;False;52.02693701025273;4.55218539215494;WarmteAtlas:LT_WarmteBronnen_ECW;https://www.warmteatlas.nl/geoserver/WarmteAtlas/wfs;2026-06-23T13:53:17;
149889;421243;Nedcool BV Koelbedrijf G  Piels;0.0;KoelVries;2.0;Optie B;0.0;0.0;;;;;GM0263;;;;GM0263;;;;GM0263;;;False;False;False;51.77982946444348;5.313139327620315;WarmteAtlas:LT_WarmteBronnen_ECW;https://www.warmteatlas.nl/geoserver/WarmteAtlas/wfs;2026-06-23T13:53:17;
135136;530617;Koel  en Vrieshuis Medemblik BV;0.0;KoelVries;2.0;Optie B;0.0;0.0;;;;;GM0420;;;;GM0420;;;;GM0420;;;False;False;False;52.762508828536575;5.092927585814211;WarmteAtlas:LT_WarmteBronnen_ECW;https://www.warmteatlas.nl/geoserver/WarmteAtlas/wfs;2026-06-23T13:53:17;
139184;524545;Koelhuis WFO;0.0;KoelVries;2.0;Optie B;0.0;0.0;;;;;GM0420;;;;GM0420;;;;GM0420;;;False;False;False;52.70807425237935;5.1531878139857685;WarmteAtlas:LT_WarmteBronnen_ECW;https://www.warmteatlas.nl/geoserver/WarmteAtlas/wfs;2026-06-23T13:53:17;
135568;531529;Meo BV;0.0;KoelVries;2.0;Optie B;0.0;0.0;;;;;GM0420;;;;GM0420;;;;GM0420;;;False;False;False;52.770720280506794;5.099273627291267;WarmteAtlas:LT_WarmteBronnen_ECW;https://www.warmteatlas.nl/geoserver/WarmteAtlas/wfs;2026-06-23T13:53:17;
164011;403803;ColdService;0.0;KoelVries;2.0;Optie B;0.0;0.0;;;;;GM1948;;;;GM1948;;;;GM1948;;;False;False;False;51.6230210842357;5.5173267772516645;WarmteAtlas:LT_WarmteBronnen_ECW;https://www.warmteatlas.nl/geoserver/WarmteAtlas/wfs;2026-06-23T13:53:17;
159648;395164;van Acht Koel   Vriesopslag B V;0.0;KoelVries;2.0;Optie B;0.0;0.0;;;;;GM1948;;;;GM1948;;;;GM1948;;;False;False;False;51.54542198397919;5.454206986453541;WarmteAtlas:LT_WarmteBronnen_ECW;https://www.warmteatlas.nl/geoserver/WarmteAtlas/wfs;2026-06-23T13:53:17;
106732;408288;Fruitteeltbedrijf Kavelaars Claassen VOF;0.0;KoelVries;2.0;Optie B;0.0;0.0;;;;;GM1709;;;;GM1709;;;;GM1709;;;False;False;False;51.66132936614529;4.689580828640421;WarmteAtlas:LT_WarmteBronnen_ECW;https://www.warmteatlas.nl/geoserver/WarmteAtlas/wfs;2026-06-23T13:53:17;
85711;407522;Koelhuis Dintelmond;0.0;KoelVries;2.0;Optie B;0.0;0.0;;;;;GM1709;;;;GM1709;;;;GM1709;;;False;False;False;51.652240645574715;4.385952529464709;WarmteAtlas:LT_WarmteBronnen_ECW;https://www.warmteatlas.nl/geoserver/WarmteAtlas/wfs;2026-06-23T13:53:17;
214712;431609;Frigo s Heerenberg;0.0;KoelVries;2.0;Optie B;0.0;0.0;;;;;GM1955;;;;GM1955;;;;GM1955;;;False;False;False;51.86982419251071;6.254224964217356;WarmteAtlas:LT_WarmteBronnen_ECW;https://www.warmteatlas.nl/geoserver/WarmteAtlas/wfs;2026-06-23T13:53:17;
187472;524660;Koel en Vriesbedrijf Kalter Marknesse BV;0.0;KoelVries;2.0;Optie B;0.0;0.0;;;;;GM0171;;;;GM0171;;;;GM0171;;;False;False;False;52.70836695861415;5.867675069604723;WarmteAtlas:LT_WarmteBronnen_ECW;https://www.warmteatlas.nl/geoserver/WarmteAtlas/wfs;2026-06-23T13:53:17;
179600;523330;Zos BV;0.0;KoelVries;2.0;Optie B;0.0;0.0;;;;;GM0171;;;;GM0171;;;;GM0171;;;False;False;False;52.69682799470498;5.751101130254189;WarmteAtlas:LT_WarmteBronnen_ECW;https://www.warmteatlas.nl/geoserver/WarmteAtlas/wfs;2026-06-23T13:53:17;
95557;477306;Koelhuis van den Berg BV;0.0;KoelVries;2.0;Optie B;0.0;0.0;;;;;GM0575;;;;GM0575;;;;GM0575;;;False;False;False;52.28054348787028;4.516125593662249;WarmteAtlas:LT_WarmteBronnen_ECW;https://www.warmteatlas.nl/geoserver/WarmteAtlas/wfs;2026-06-23T13:53:17;
204620;483054;Grolleman Vrieshuis BV;0.0;KoelVries;2.0;Optie B;0.0;0.0;;;;;GM1773;;;;GM1773;;;;GM1773;;;False;False;False;52.333172216138195;6.1151943856918205;WarmteAtlas:LT_WarmteBronnen_ECW;https://www.warmteatlas.nl/geoserver/WarmteAtlas/wfs;2026-06-23T13:53:17;
237565;446204;Koel  en Vrieshuis Lintelo B V;0.0;KoelVries;2.0;Optie B;0.0;0.0;;;;;GM1586;;;;GM1586;;;;GM1586;;;False;False;False;51.99806522672652;6.589498707055671;WarmteAtlas:LT_WarmteBronnen_ECW;https://www.warmteatlas.nl/geoserver/WarmteAtlas/wfs;2026-06-23T13:53:17;
165959;420631;TTH Handel   Distributie BV;0.0;KoelVries;2.0;Optie B;0.0;0.0;;;;;GM0828;;;;GM0828;;;;GM0828;;;False;False;False;51.77424411068694;5.545987901629224;WarmteAtlas:LT_WarmteBronnen_ECW;https://www.warmteatlas.nl/geoserver/WarmteAtlas/wfs;2026-06-23T13:53:17;
216417;488402;Nagel Nederland;0.0;KoelVries;2.0;Optie B;0.0;0.0;;;;;GM0177;;;;GM0177;;;;GM0177;;;False;False;False;52.38004110738397;6.28923012150648;WarmteAtlas:LT_WarmteBronnen_ECW;https://www.warmteatlas.nl/geoserver/WarmteAtlas/wfs;2026-06-23T13:53:17;
61098;386419;Koel Vrieshuis Reimerswaal;0.0;KoelVries;2.0;Optie B;0.0;0.0;;;;;GM0703;;;;GM0703;;;;GM0703;;;False;False;False;51.45901500008045;4.036023030175639;WarmteAtlas:LT_WarmteBronnen_ECW;https://www.warmteatlas.nl/geoserver/WarmteAtlas/wfs;2026-06-23T13:53:17;
62472;388604;Kotra Logistics BV  De Koeijer;0.0;KoelVries;2.0;Optie B;0.0;0.0;;;;;GM0703;;;;GM0703;;;;GM0703;;;False;False;False;51.47887811800825;4.0552143595155155;WarmteAtlas:LT_WarmteBronnen_ECW;https://www.warmteatlas.nl/geoserver/WarmteAtlas/wfs;2026-06-23T13:53:17;
60987;386289;Zoomweg Zeeland Coldstore Bv;0.0;KoelVries;2.0;Optie B;0.0;0.0;;;;;GM0703;;;;GM0703;;;;GM0703;;;False;False;False;51.45782823714379;4.034460950697226;WarmteAtlas:LT_WarmteBronnen_ECW;https://www.warmteatlas.nl/geoserver/WarmteAtlas/wfs;2026-06-23T13:53:17;
97930;430801;Kloosterboer Cool Port B V;0.0;KoelVries;2.0;Optie B;0.0;0.0;;;;;GM0597;;;;GM0597;;;;GM0597;;;False;False;False;51.862841573834;4.558671727491594;WarmteAtlas:LT_WarmteBronnen_ECW;https://www.warmteatlas.nl/geoserver/WarmteAtlas/wfs;2026-06-23T13:53:17;
201748;352967;Dedert BV;0.0;KoelVries;2.0;Optie B;0.0;0.0;;;;;GM0957;;;;GM0957;;;;GM0957;;;False;False;False;51.16422139090711;6.05552593310543;WarmteAtlas:LT_WarmteBronnen_ECW;https://www.warmteatlas.nl/geoserver/WarmteAtlas/wfs;2026-06-23T13:53:17;
88810;432959;Frigocare Rotterdam BV;0.0;KoelVries;2.0;Optie B;0.0;0.0;;;;;GM0599;;;;GM0599;;;;GM0599;;;False;False;False;51.88122749518165;4.425871762424655;WarmteAtlas:LT_WarmteBronnen_ECW;https://www.warmteatlas.nl/geoserver/WarmteAtlas/wfs;2026-06-23T13:53:17;
89768;435781;HIWA Rotterdam Port Cold Stores;0.0;KoelVries;2.0;Optie B;0.0;0.0;;;;;GM0599;;;;GM0599;;;;GM0599;;;False;False;False;51.906702639487435;4.439249319277257;WarmteAtlas:LT_WarmteBronnen_ECW;https://www.warmteatlas.nl/geoserver/WarmteAtlas/wfs;2026-06-23T13:53:17;
89179;431969;Kloosterboer Cool Port B V;0.0;KoelVries;2.0;Optie B;0.0;0.0;;;;;GM0599;;;;GM0599;;;;GM0599;;;False;False;False;51.87237381275338;4.431419341893491;WarmteAtlas:LT_WarmteBronnen_ECW;https://www.warmteatlas.nl/geoserver/WarmteAtlas/wfs;2026-06-23T13:53:17;
89679;435881;Kloosterboer Rotterdam BV;0.0;KoelVries;2.0;Optie B;0.0;0.0;;;;;GM0599;;;;GM0599;;;;GM0599;;;False;False;False;51.90759092713145;4.437937161867146;WarmteAtlas:LT_WarmteBronnen_ECW;https://www.warmteatlas.nl/geoserver/WarmteAtlas/wfs;2026-06-23T13:53:17;
88237;436478;Rotterdam Fruit Wharf B V;0.0;KoelVries;2.0;Optie B;0.0;0.0;;;;;GM0599;;;;GM0599;;;;GM0599;;;False;False;False;51.91278517491538;4.416868592445988;WarmteAtlas:LT_WarmteBronnen_ECW;https://www.warmteatlas.nl/geoserver/WarmteAtlas/wfs;2026-06-23T13:53:17;
111374;528188;Blankendaal Coldstores BV;0.0;KoelVries;2.0;Optie B;0.0;0.0;;;;;GM0441;;;;GM0441;;;;GM0441;;;False;False;False;52.739291757667814;4.741239130774213;WarmteAtlas:LT_WarmteBronnen_ECW;https://www.warmteatlas.nl/geoserver/WarmteAtlas/wfs;2026-06-23T13:53:17;
87934;435471;R M Forwarding Locatie Schiedam;0.0;KoelVries;2.0;Optie B;0.0;0.0;;;;;GM0606;;;;GM0606;;;;GM0606;;;False;False;False;51.90369861771566;4.412661602107757;WarmteAtlas:LT_WarmteBronnen_ECW;https://www.warmteatlas.nl/geoserver/WarmteAtlas/wfs;2026-06-23T13:53:17;
59819;410108;Cafruso;0.0;KoelVries;2.0;Optie B;0.0;0.0;;;;;GM1676;;;;GM1676;;;;GM1676;;;False;False;False;51.671681791037216;4.011187136732498;WarmteAtlas:LT_WarmteBronnen_ECW;https://www.warmteatlas.nl/geoserver/WarmteAtlas/wfs;2026-06-23T13:53:17;
147940;412805;Vrieskade BV  VITELCO;0.0;KoelVries;2.0;Optie B;0.0;0.0;;;;;GM0796;;;;GM0796;;;;GM0796;;;False;False;False;51.70396387238055;5.285068034321306;WarmteAtlas:LT_WarmteBronnen_ECW;https://www.warmteatlas.nl/geoserver/WarmteAtlas/wfs;2026-06-23T13:53:17;
28779;379808;Transport Vooruit B V;0.0;KoelVries;2.0;Optie B;0.0;0.0;;;;;GM1714;;;;GM1714;;;;GM1714;;;False;False;False;51.393305795769955;3.573536149363081;WarmteAtlas:LT_WarmteBronnen_ECW;https://www.warmteatlas.nl/geoserver/WarmteAtlas/wfs;2026-06-23T13:53:17;
144886;522793;Derck Schipper Bloembollen export BV;0.0;KoelVries;2.0;Optie B;0.0;0.0;;;;;GM0532;;;;GM0532;;;;GM0532;;;False;False;False;52.6924651359364;5.23760936178429;WarmteAtlas:LT_WarmteBronnen_ECW;https://www.warmteatlas.nl/geoserver/WarmteAtlas/wfs;2026-06-23T13:53:17;
145861;524006;Koel  en preparatiebedrijf CNB;0.0;KoelVries;2.0;Optie B;0.0;0.0;;;;;GM0532;;;;GM0532;;;;GM0532;;;False;False;False;52.703383456215704;5.251997028082412;WarmteAtlas:LT_WarmteBronnen_ECW;https://www.warmteatlas.nl/geoserver/WarmteAtlas/wfs;2026-06-23T13:53:17;
130519;393967;XPO Logistics;0.0;KoelVries;2.0;Optie B;0.0;0.0;;;;;GM0855;;;;GM0855;;;;GM0855;;;False;False;False;51.53414961918994;5.034369070988756;WarmteAtlas:LT_WarmteBronnen_ECW;https://www.warmteatlas.nl/geoserver/WarmteAtlas/wfs;2026-06-23T13:53:17;
188996;583558;Gosliga Koel  Vries en Opslag Bedrijf BV;0.0;KoelVries;2.0;Optie B;0.0;0.0;;;;;GM0737;;;;GM0737;;;;GM0737;;;False;False;False;53.23752662040192;5.896375555591952;WarmteAtlas:LT_WarmteBronnen_ECW;https://www.warmteatlas.nl/geoserver/WarmteAtlas/wfs;2026-06-23T13:53:17;
171126;518367;Jansen Coldstore;20.0;KoelVries;0.28;Optie B;0.0;0.0;;;;;GM0184;;;;GM0184;;;;GM0184;;;False;False;False;52.65254357852747;5.625508626624106;WarmteAtlas:LT_WarmteBronnen_ECW;https://www.warmteatlas.nl/geoserver/WarmteAtlas/wfs;2026-06-23T13:53:17;
170801;518402;Kramer Fish BV;20.0;KoelVries;0.3;Optie B;0.0;0.0;;;;;GM0184;;;;GM0184;;;;GM0184;;;False;False;False;52.652867656489114;5.6207076231162105;WarmteAtlas:LT_WarmteBronnen_ECW;https://www.warmteatlas.nl/geoserver/WarmteAtlas/wfs;2026-06-23T13:53:17;
170479;518516;Quick Frozen B V;20.0;KoelVries;0.38;Optie B;0.0;0.0;;;;;GM0184;;;;GM0184;;;;GM0184;;;False;False;False;52.65390142342068;5.615954577390796;WarmteAtlas:LT_WarmteBronnen_ECW;https://www.warmteatlas.nl/geoserver/WarmteAtlas/wfs;2026-06-23T13:53:17;
100647;496795;Cornelis Vrolijks Visserij Maatschappij BV;0.0;KoelVries;2.0;Optie B;0.0;0.0;;;;;GM0453;;;;GM0453;;;;GM0453;;;False;False;False;52.456214436702105;4.587555920844941;WarmteAtlas:LT_WarmteBronnen_ECW;https://www.warmteatlas.nl/geoserver/WarmteAtlas/wfs;2026-06-23T13:53:17;
105820;497735;Daalimpex Velsen B V;0.0;KoelVries;2.0;Optie B;0.0;0.0;;;;;GM0453;;;;GM0453;;;;GM0453;;;False;False;False;52.46515093368591;4.663517481476974;WarmteAtlas:LT_WarmteBronnen_ECW;https://www.warmteatlas.nl/geoserver/WarmteAtlas/wfs;2026-06-23T13:53:17;
100192;496837;Haasnoot Pelagic Import BV;0.0;KoelVries;2.0;Optie B;0.0;0.0;;;;;GM0453;;;;GM0453;;;;GM0453;;;False;False;False;52.45654653835714;4.580855653032429;WarmteAtlas:LT_WarmteBronnen_ECW;https://www.warmteatlas.nl/geoserver/WarmteAtlas/wfs;2026-06-23T13:53:17;
100965;497243;J  Kloos Holland BV   Van Maanen;0.0;KoelVries;2.0;Optie B;0.0;0.0;;;;;GM0453;;;;GM0453;;;;GM0453;;;False;False;False;52.46027194042166;4.592161593613963;WarmteAtlas:LT_WarmteBronnen_ECW;https://www.warmteatlas.nl/geoserver/WarmteAtlas/wfs;2026-06-23T13:53:17;
207203;377910;Eurofrigo BV Venlo I;0.0;KoelVries;2.0;Optie B;0.0;0.0;;;;;GM0983;;;;GM0983;;;;GM0983;;;False;False;False;51.38793735964598;6.137171196159435;WarmteAtlas:LT_WarmteBronnen_ECW;https://www.warmteatlas.nl/geoserver/WarmteAtlas/wfs;2026-06-23T13:53:17;
206911;379494;ZON Logistics Centre B V;0.0;KoelVries;2.0;Optie B;0.0;0.0;;;;;GM0983;;;;GM0983;;;;GM0983;;;False;False;False;51.402201402840625;6.133209355131959;WarmteAtlas:LT_WarmteBronnen_ECW;https://www.warmteatlas.nl/geoserver/WarmteAtlas/wfs;2026-06-23T13:53:17;
131864;412243;Diepop Waalwijk;0.0;KoelVries;2.0;Optie B;0.0;0.0;;;;;GM0867;;;;GM0867;;;;GM0867;;;False;False;False;51.69847908410868;5.052543655238706;WarmteAtlas:LT_WarmteBronnen_ECW;https://www.warmteatlas.nl/geoserver/WarmteAtlas/wfs;2026-06-23T13:53:17;
102755;448073;Mooy Logistics B V;0.0;KoelVries;2.0;Optie B;0.0;0.0;;;;;GM0627;;;;GM0627;;;;GM0627;;;False;False;False;52.01854834203833;4.626088032714024;WarmteAtlas:LT_WarmteBronnen_ECW;https://www.warmteatlas.nl/geoserver/WarmteAtlas/wfs;2026-06-23T13:53:17;
174854;361770;Vrieshuis Weert BV;0.0;KoelVries;2.0;Optie B;0.0;0.0;;;;;GM0988;;;;GM0988;;;;GM0988;;;False;False;False;51.24492488594883;5.671537586215093;WarmteAtlas:LT_WarmteBronnen_ECW;https://www.warmteatlas.nl/geoserver/WarmteAtlas/wfs;2026-06-23T13:53:17;
149773;431802;Frigo Group Logistics BV;0.0;KoelVries;2.0;Optie B;0.0;0.0;;;;;GM1960;;;;GM1960;;;;GM1960;;;False;False;False;51.874736377373466;5.311299020711533;WarmteAtlas:LT_WarmteBronnen_ECW;https://www.warmteatlas.nl/geoserver/WarmteAtlas/wfs;2026-06-23T13:53:17;
146687;432743;Koninklijke Fruitmasters Groep   Fruitmasters Veiling B V;0.0;KoelVries;2.0;Optie B;0.0;0.0;;;;;GM1960;;;;GM1960;;;;GM1960;;;False;False;False;51.88315690139582;5.266463332678565;WarmteAtlas:LT_WarmteBronnen_ECW;https://www.warmteatlas.nl/geoserver/WarmteAtlas/wfs;2026-06-23T13:53:17;
163355;431882;H S Coldstores B V;0.0;KoelVries;2.0;Optie B;0.0;0.0;;;;;GM0668;;;;GM0668;;;;GM0668;;;False;False;False;51.875417023408865;5.50853079702139;WarmteAtlas:LT_WarmteBronnen_ECW;https://www.warmteatlas.nl/geoserver/WarmteAtlas/wfs;2026-06-23T13:53:17;
75600;449989;ABC Logistics BV;0.0;KoelVries;2.0;Optie B;0.0;0.0;;;;;GM1783;;;;GM1783;;;;GM1783;;;False;False;False;52.032544802378204;4.2301081471722926;WarmteAtlas:LT_WarmteBronnen_ECW;https://www.warmteatlas.nl/geoserver/WarmteAtlas/wfs;2026-06-23T13:53:17;
73144;445225;ADB Cool Company B V;0.0;KoelVries;2.0;Optie B;0.0;0.0;;;;;GM1783;;;;GM1783;;;;GM1783;;;False;False;False;51.989375740025324;4.195463140379834;WarmteAtlas:LT_WarmteBronnen_ECW;https://www.warmteatlas.nl/geoserver/WarmteAtlas/wfs;2026-06-23T13:53:17;
75757;440297;International Fruit Forwarders BV;0.0;KoelVries;2.0;Optie B;0.0;0.0;;;;;GM1783;;;;GM1783;;;;GM1783;;;False;False;False;51.945468317992635;4.234636267616167;WarmteAtlas:LT_WarmteBronnen_ECW;https://www.warmteatlas.nl/geoserver/WarmteAtlas/wfs;2026-06-23T13:53:17;
75564;449661;Van den Bos Freshpartners BV;0.0;KoelVries;2.0;Optie B;0.0;0.0;;;;;GM1783;;;;GM1783;;;;GM1783;;;False;False;False;52.02959203556422;4.229659798574124;WarmteAtlas:LT_WarmteBronnen_ECW;https://www.warmteatlas.nl/geoserver/WarmteAtlas/wfs;2026-06-23T13:53:17;
74961;443470;Van Duijn Coldstore BV;0.0;KoelVries;2.0;Optie B;0.0;0.0;;;;;GM1783;;;;GM1783;;;;GM1783;;;False;False;False;51.973869062298164;4.222321162391016;WarmteAtlas:LT_WarmteBronnen_ECW;https://www.warmteatlas.nl/geoserver/WarmteAtlas/wfs;2026-06-23T13:53:17;
75772;449828;Varekamp Coldstores Holland B V;0.0;KoelVries;2.0;Optie B;0.0;0.0;;;;;GM1783;;;;GM1783;;;;GM1783;;;False;False;False;52.03112255795371;4.232651508440814;WarmteAtlas:LT_WarmteBronnen_ECW;https://www.warmteatlas.nl/geoserver/WarmteAtlas/wfs;2026-06-23T13:53:17;
73138;445259;Westland Preparatie B V;0.0;KoelVries;2.0;Optie B;0.0;0.0;;;;;GM1783;;;;GM1783;;;;GM1783;;;False;False;False;51.989680399251576;4.195367684411792;WarmteAtlas:LT_WarmteBronnen_ECW;https://www.warmteatlas.nl/geoserver/WarmteAtlas/wfs;2026-06-23T13:53:17;
244912;442543;HSF Distri Coldstores Winterswijk BV;0.0;KoelVries;2.0;Optie B;0.0;0.0;;;;;GM0294;;;;GM0294;;;;GM0294;;;False;False;False;51.96402471182378;6.695498576332362;WarmteAtlas:LT_WarmteBronnen_ECW;https://www.warmteatlas.nl/geoserver/WarmteAtlas/wfs;2026-06-23T13:53:17;
95613;461647;Frigomundo Coldstore B V;0.0;KoelVries;2.0;Optie B;0.0;0.0;;;;;GM0638;;;;GM0638;;;;GM0638;;;False;False;False;52.139822088814775;4.5196901231255735;WarmteAtlas:LT_WarmteBronnen_ECW;https://www.warmteatlas.nl/geoserver/WarmteAtlas/wfs;2026-06-23T13:53:17;
100742;451036;Ajuin BV;0.0;KoelVries;2.0;Optie B;0.0;0.0;;;;;GM1892;;;;GM1892;;;;GM1892;;;False;False;False;52.04498481349582;4.596294865415141;WarmteAtlas:LT_WarmteBronnen_ECW;https://www.warmteatlas.nl/geoserver/WarmteAtlas/wfs;2026-06-23T13:53:17;
232953;437799;Koel  en Vrieshuis Lintelo BV;0.0;KoelVries;0.0;Optie B;0.0;0.0;;;;;GM0197;;;;GM0197;;;;GM0197;;;False;False;False;51.92319849827656;6.520443374305288;WarmteAtlas:LT_WarmteBronnen_ECW;https://www.warmteatlas.nl/geoserver/WarmteAtlas/wfs;2026-06-23T13:53:17;
115598;492067;BCS Amsterdam BV;0.0;KoelVries;0.0;Optie B;0.0;0.0;;;;;GM0363;;;;GM0363;;;;GM0363;;;False;False;False;52.41500310651944;4.808060336510986;WarmteAtlas:LT_WarmteBronnen_ECW;https://www.warmteatlas.nl/geoserver/WarmteAtlas/wfs;2026-06-23T13:53:17;
198925;468138;Grolleman Coldstore BV;0.0;KoelVries;0.0;Optie B;0.0;0.0;;;;;GM0200;;;;GM0200;;;;GM0200;;;False;False;False;52.19960263411256;6.0297068920156045;WarmteAtlas:LT_WarmteBronnen_ECW;https://www.warmteatlas.nl/geoserver/WarmteAtlas/wfs;2026-06-23T13:53:17;
180025;380714;Vriescentrale Asten BV;0.0;KoelVries;0.0;Optie B;0.0;0.0;;;;;GM0743;;;;GM0743;;;;GM0743;;;False;False;False;51.41499993990543;5.74693058771556;WarmteAtlas:LT_WarmteBronnen_ECW;https://www.warmteatlas.nl/geoserver/WarmteAtlas/wfs;2026-06-23T13:53:17;
167845;464010;Harthoorn Coldstores BV;0.0;KoelVries;0.0;Optie B;0.0;0.0;;;;;GM0203;;;;GM0203;;;;GM0203;;;False;False;False;52.164100466567696;5.574939841499669;WarmteAtlas:LT_WarmteBronnen_ECW;https://www.warmteatlas.nl/geoserver/WarmteAtlas/wfs;2026-06-23T13:53:17;
238743;461762;E Coldstore Neede BV;0.0;KoelVries;0.0;Optie B;0.0;0.0;;;;;GM1859;;;;GM1859;;;;GM1859;;;False;False;False;52.13769906089308;6.610466273653187;WarmteAtlas:LT_WarmteBronnen_ECW;https://www.warmteatlas.nl/geoserver/WarmteAtlas/wfs;2026-06-23T13:53:17;
179816;429587;Frigolanda BV;0.0;KoelVries;0.0;Optie B;0.0;0.0;;;;;GM0209;;;;GM0209;;;;GM0209;;;False;False;False;51.854298628644685;5.747403320983552;WarmteAtlas:LT_WarmteBronnen_ECW;https://www.warmteatlas.nl/geoserver/WarmteAtlas/wfs;2026-06-23T13:53:17;
105990;498596;Vriescentrum Vink Beverwijk BV;0.0;KoelVries;0.0;Optie B;0.0;0.0;;;;;GM0375;;;;GM0375;;;;GM0375;;;False;False;False;52.472903810715884;4.66589266248111;WarmteAtlas:LT_WarmteBronnen_ECW;https://www.warmteatlas.nl/geoserver/WarmteAtlas/wfs;2026-06-23T13:53:17;
38466;388813;Kloosterboer Vlissingen VOF;0.0;KoelVries;0.0;Optie B;0.0;0.0;;;;;GM0654;;;;GM0654;;;;GM0654;;;False;False;False;51.476302601400256;3.7096931880953443;WarmteAtlas:LT_WarmteBronnen_ECW;https://www.warmteatlas.nl/geoserver/WarmteAtlas/wfs;2026-06-23T13:53:17;
37823;388416;Kloosterboer Vlissingen VOF;0.0;KoelVries;0.0;Optie B;0.0;0.0;;;;;GM0654;;;;GM0654;;;;GM0654;;;False;False;False;51.47260200752007;3.7005731968982336;WarmteAtlas:LT_WarmteBronnen_ECW;https://www.warmteatlas.nl/geoserver/WarmteAtlas/wfs;2026-06-23T13:53:17;
112063;401116;BV Nemijtek Vrieshuizen;0.0;KoelVries;0.0;Optie B;0.0;0.0;;;;;GM0758;;;;GM0758;;;;GM0758;;;False;False;False;51.597300295861814;4.767507513587761;WarmteAtlas:LT_WarmteBronnen_ECW;https://www.warmteatlas.nl/geoserver/WarmteAtlas/wfs;2026-06-23T13:53:17;
188686;414831;Blokland Cold Stores Cuijk BV;0.0;KoelVries;0.0;Optie B;0.0;0.0;;;;;GM1982;;;;GM1982;;;;GM1982;;;False;False;False;51.721203977627056;5.874710322164848;WarmteAtlas:LT_WarmteBronnen_ECW;https://www.warmteatlas.nl/geoserver/WarmteAtlas/wfs;2026-06-23T13:53:17;
215656;443089;Diepvries Doetinchem BV;0.0;KoelVries;0.0;Optie B;0.0;0.0;;;;;GM0222;;;;GM0222;;;;GM0222;;;False;False;False;51.97289734919025;6.269955480708088;WarmteAtlas:LT_WarmteBronnen_ECW;https://www.warmteatlas.nl/geoserver/WarmteAtlas/wfs;2026-06-23T13:53:17;
123377;402946;Frigolanda BV;0.0;KoelVries;0.0;Optie B;0.0;0.0;;;;;GM0766;;;;GM0766;;;;GM0766;;;False;False;False;51.61450001209962;4.93062698288993;WarmteAtlas:LT_WarmteBronnen_ECW;https://www.warmteatlas.nl/geoserver/WarmteAtlas/wfs;2026-06-23T13:53:17;
173253;501735;L C  van der Vliet;37.5;KoelVries;0.87;Optie B;0.0;0.0;;;;;GM0303;;;;GM0303;;;;GM0303;;;False;False;False;52.503003303923734;5.656026426974452;WarmteAtlas:LT_WarmteBronnen_ECW;https://www.warmteatlas.nl/geoserver/WarmteAtlas/wfs;2026-06-23T13:53:17;
197233;441798;2Mates Coldstores BV;0.0;KoelVries;0.0;Optie B;0.0;0.0;;;;;GM0226;;;;GM0226;;;;GM0226;;;False;False;False;51.963001093750584;6.001696703915702;WarmteAtlas:LT_WarmteBronnen_ECW;https://www.warmteatlas.nl/geoserver/WarmteAtlas/wfs;2026-06-23T13:53:17;
178422;313722;BV Overslagbedrijf A 2;0.0;KoelVries;0.0;Optie B;0.0;0.0;;;;;GM1903;;;;GM1903;;;;GM1903;;;False;False;False;50.81290158003871;5.71950658525491;WarmteAtlas:LT_WarmteBronnen_ECW;https://www.warmteatlas.nl/geoserver/WarmteAtlas/wfs;2026-06-23T13:53:17;
101123;398005;BV Vriesveem;0.0;KoelVries;0.0;Optie B;0.0;0.0;;;;;GM0777;;;;GM0777;;;;GM0777;;;False;False;False;51.568395861632524;4.610105847880361;WarmteAtlas:LT_WarmteBronnen_ECW;https://www.warmteatlas.nl/geoserver/WarmteAtlas/wfs;2026-06-23T13:53:17;
172517;485587;BCS Harderwijk BV;0.0;KoelVries;0.0;Optie B;0.0;0.0;;;;;GM0243;;;;GM0243;;;;GM0243;;;False;False;False;52.35789917938973;5.6443421190200285;WarmteAtlas:LT_WarmteBronnen_ECW;https://www.warmteatlas.nl/geoserver/WarmteAtlas/wfs;2026-06-23T13:53:17;
118884;524722;Koel  en Vrieshuis gebr  Van Langen BV;0.0;KoelVries;0.0;Optie B;0.0;0.0;;;;;GM1980;;;;GM1980;;;;GM1980;;;False;False;False;52.70869565477504;4.852813265513374;WarmteAtlas:LT_WarmteBronnen_ECW;https://www.warmteatlas.nl/geoserver/WarmteAtlas/wfs;2026-06-23T13:53:17;
250231;607867;Sealane Eemshorn BV;0.0;KoelVries;0.0;Optie B;0.0;0.0;;;;;GM1966;;;;GM1966;;;;GM1966;;;False;False;False;53.44849852139554;6.820572780364339;WarmteAtlas:LT_WarmteBronnen_ECW;https://www.warmteatlas.nl/geoserver/WarmteAtlas/wfs;2026-06-23T13:53:17;
237031;473874;Postma Snelvries BV;0.0;KoelVries;0.0;Optie B;0.0;0.0;;;;;GM1735;;;;GM1735;;;;GM1735;;;False;False;False;52.246797499401744;6.588393708003838;WarmteAtlas:LT_WarmteBronnen_ECW;https://www.warmteatlas.nl/geoserver/WarmteAtlas/wfs;2026-06-23T13:53:17;
231576;527972;ND Logistics Nederland BV;0.0;KoelVries;0.0;Optie B;0.0;0.0;;;;;GM0118;;;;GM0118;;;;GM0118;;;False;False;False;52.733702431964296;6.520937822114129;WarmteAtlas:LT_WarmteBronnen_ECW;https://www.warmteatlas.nl/geoserver/WarmteAtlas/wfs;2026-06-23T13:53:17;
98432;408171;DL Logistics   Transport BV;0.0;KoelVries;0.0;Optie B;0.0;0.0;;;;;GM1709;;;;GM1709;;;;GM1709;;;False;False;False;51.659501601254696;4.56965009891636;WarmteAtlas:LT_WarmteBronnen_ECW;https://www.warmteatlas.nl/geoserver/WarmteAtlas/wfs;2026-06-23T13:53:17;
167666;437241;Van Soest BV;0.0;KoelVries;0.0;Optie B;0.0;0.0;;;;;GM1740;;;;GM1740;;;;GM1740;;;False;False;False;51.92350353898942;5.571330663538541;WarmteAtlas:LT_WarmteBronnen_ECW;https://www.warmteatlas.nl/geoserver/WarmteAtlas/wfs;2026-06-23T13:53:17;
161281;472130;Vrieshuis Lagemaat BV;0.0;KoelVries;0.0;Optie B;0.0;0.0;;;;;GM0267;;;;GM0267;;;;GM0267;;;False;False;False;52.2371955718112;5.4791544956480625;WarmteAtlas:LT_WarmteBronnen_ECW;https://www.warmteatlas.nl/geoserver/WarmteAtlas/wfs;2026-06-23T13:53:17;
175916;536062;De Groene Koel  Vrieshuis BV;37.5;KoelVries;0.87;Optie B;0.0;0.0;;;;;GM0171;;;;GM0171;;;;GM0171;;;False;False;False;52.811400411587975;5.697415316265938;WarmteAtlas:LT_WarmteBronnen_ECW;https://www.warmteatlas.nl/geoserver/WarmteAtlas/wfs;2026-06-23T13:53:17;
232417;444445;Jan Roemaat Koel  en Vrieshuizen BV;0.0;KoelVries;0.0;Optie B;0.0;0.0;;;;;GM1586;;;;GM1586;;;;GM1586;;;False;False;False;51.98299964646948;6.514151418354494;WarmteAtlas:LT_WarmteBronnen_ECW;https://www.warmteatlas.nl/geoserver/WarmteAtlas/wfs;2026-06-23T13:53:17;
120131;405104;Frigolanda BV;0.0;KoelVries;0.0;Optie B;0.0;0.0;;;;;GM0826;;;;GM0826;;;;GM0826;;;False;False;False;51.63370444448612;4.883547275117301;WarmteAtlas:LT_WarmteBronnen_ECW;https://www.warmteatlas.nl/geoserver/WarmteAtlas/wfs;2026-06-23T13:53:17;
165572;421148;Vice Versa Koelvrieshuis BV;0.0;KoelVries;0.0;Optie B;0.0;0.0;;;;;GM0828;;;;GM0828;;;;GM0828;;;False;False;False;51.77889857191239;5.540396441109729;WarmteAtlas:LT_WarmteBronnen_ECW;https://www.warmteatlas.nl/geoserver/WarmteAtlas/wfs;2026-06-23T13:53:17;
187444;436151;Kloosterboer Elst BV;0.0;KoelVries;0.0;Optie B;0.0;0.0;;;;;GM1734;;;;GM1734;;;;GM1734;;;False;False;False;51.91290412284522;5.858737821604901;WarmteAtlas:LT_WarmteBronnen_ECW;https://www.warmteatlas.nl/geoserver/WarmteAtlas/wfs;2026-06-23T13:53:17;
61299;386525;Koel  en Vrieshuis Reimerswaal BV;0.0;KoelVries;0.0;Optie B;0.0;0.0;;;;;GM0703;;;;GM0703;;;;GM0703;;;False;False;False;51.46000102941988;4.038886300424925;WarmteAtlas:LT_WarmteBronnen_ECW;https://www.warmteatlas.nl/geoserver/WarmteAtlas/wfs;2026-06-23T13:53:17;
201652;353231;Eurofrigo BV;0.0;KoelVries;0.0;Optie B;0.0;0.0;;;;;GM0957;;;;GM0957;;;;GM0957;;;False;False;False;51.166602187609875;6.0541880418079055;WarmteAtlas:LT_WarmteBronnen_ECW;https://www.warmteatlas.nl/geoserver/WarmteAtlas/wfs;2026-06-23T13:53:17;
148066;412809;Vrieskade BV;0.0;KoelVries;0.0;Optie B;0.0;0.0;;;;;GM0796;;;;GM0796;;;;GM0796;;;False;False;False;51.70400139889871;5.2868907369488545;WarmteAtlas:LT_WarmteBronnen_ECW;https://www.warmteatlas.nl/geoserver/WarmteAtlas/wfs;2026-06-23T13:53:17;
147860;415891;Vriesoord BV;0.0;KoelVries;0.0;Optie B;0.0;0.0;;;;;GM0796;;;;GM0796;;;;GM0796;;;False;False;False;51.73170123298271;5.283847406804438;WarmteAtlas:LT_WarmteBronnen_ECW;https://www.warmteatlas.nl/geoserver/WarmteAtlas/wfs;2026-06-23T13:53:17;
130524;393973;ND Logistics Nederland BV;0.0;KoelVries;0.0;Optie B;0.0;0.0;;;;;GM0855;;;;GM0855;;;;GM0855;;;False;False;False;51.53420376757597;5.034440713670998;WarmteAtlas:LT_WarmteBronnen_ECW;https://www.warmteatlas.nl/geoserver/WarmteAtlas/wfs;2026-06-23T13:53:17;
170584;518561;Coldstore Urk BV;37.5;KoelVries;0.0;Optie B;0.0;0.0;;;;;GM0184;;;;GM0184;;;;GM0184;;;False;False;False;52.65430283817374;5.617508378581831;WarmteAtlas:LT_WarmteBronnen_ECW;https://www.warmteatlas.nl/geoserver/WarmteAtlas/wfs;2026-06-23T13:53:17;
171206;518451;Coldstore Urk BV;37.5;KoelVries;0.0;Optie B;0.0;0.0;;;;;GM0184;;;;GM0184;;;;GM0184;;;False;False;False;52.653296104152425;5.6266949371203445;WarmteAtlas:LT_WarmteBronnen_ECW;https://www.warmteatlas.nl/geoserver/WarmteAtlas/wfs;2026-06-23T13:53:17;
131949;454489;Goes Handling Centre BV;0.0;KoelVries;0.41;Optie B;0.0;0.0;;;;;GM0344;;;;GM0344;;;;GM0344;;;False;False;False;52.078196189904425;5.050947639076323;WarmteAtlas:LT_WarmteBronnen_ECW;https://www.warmteatlas.nl/geoserver/WarmteAtlas/wfs;2026-06-23T13:53:17;
100279;497421;Kloosterboer IJmuiden BV;0.0;KoelVries;0.0;Optie B;0.0;0.0;;;;;GM0453;;;;GM0453;;;;GM0453;;;False;False;False;52.46180345689573;4.582039977897852;WarmteAtlas:LT_WarmteBronnen_ECW;https://www.warmteatlas.nl/geoserver/WarmteAtlas/wfs;2026-06-23T13:53:17;
206641;377722;Eurofrigo BV;0.0;KoelVries;0.0;Optie B;0.0;0.0;;;;;GM0983;;;;GM0983;;;;GM0983;;;False;False;False;51.386299273236254;6.12907043519221;WarmteAtlas:LT_WarmteBronnen_ECW;https://www.warmteatlas.nl/geoserver/WarmteAtlas/wfs;2026-06-23T13:53:17;
206846;379627;Wolter Koops Warehousing BV;0.0;KoelVries;0.0;Optie B;0.0;0.0;;;;;GM0983;;;;GM0983;;;;GM0983;;;False;False;False;51.40340279171852;6.132294852300796;WarmteAtlas:LT_WarmteBronnen_ECW;https://www.warmteatlas.nl/geoserver/WarmteAtlas/wfs;2026-06-23T13:53:17;
37643;388587;Kloosterboer Vlissingen VOF;0.0;KoelVries;0.0;Optie B;0.0;0.0;;;;;GM0718;;;;GM0718;;;;GM0718;;;False;False;False;51.47410107029706;3.6979263503756536;WarmteAtlas:LT_WarmteBronnen_ECW;https://www.warmteatlas.nl/geoserver/WarmteAtlas/wfs;2026-06-23T13:53:17;
132268;409562;Froster Holding BV;0.0;KoelVries;0.0;Optie B;0.0;0.0;;;;;GM0867;;;;GM0867;;;;GM0867;;;False;False;False;51.67439779055198;5.058562360133535;WarmteAtlas:LT_WarmteBronnen_ECW;https://www.warmteatlas.nl/geoserver/WarmteAtlas/wfs;2026-06-23T13:53:17;
124222;412542;Maasoever Cold Store BV;0.0;KoelVries;0.0;Optie B;0.0;0.0;;;;;GM0867;;;;GM0867;;;;GM0867;;;False;False;False;51.700798721934554;4.941979803014017;WarmteAtlas:LT_WarmteBronnen_ECW;https://www.warmteatlas.nl/geoserver/WarmteAtlas/wfs;2026-06-23T13:53:17;
115361;493404;Albert Heijn BV;0.0;KoelVries;0.0;Optie B;0.0;0.0;;;;;GM0479;;;;GM0479;;;;GM0479;;;False;False;False;52.427001774336766;4.804418917405098;WarmteAtlas:LT_WarmteBronnen_ECW;https://www.warmteatlas.nl/geoserver/WarmteAtlas/wfs;2026-06-23T13:53:17;
142975;423198;A2 Coldstorage BV;0.0;KoelVries;0.0;Optie B;0.0;0.0;;;;;GM0297;;;;GM0297;;;;GM0297;;;False;False;False;51.79729578214546;5.212881978820202;WarmteAtlas:LT_WarmteBronnen_ECW;https://www.warmteatlas.nl/geoserver/WarmteAtlas/wfs;2026-06-23T13:53:17;
166850;449000;Dishman Netherlands BV;25.0;voedingsmiddelen_dranken_tabak;14.0;Optie B;0.0;0.0;;;;;GM0345;;;;GM0345;;;;GM0345;;;False;False;False;52.02921314663027;5.559875087417911;WarmteAtlas:LT_WarmteBronnen_ECW;https://www.warmteatlas.nl/geoserver/WarmteAtlas/wfs;2026-06-23T13:53:17;
201076;320785;Burrows;0.0;voedingsmiddelen_dranken_tabak;0.0;Optie B;0.0;0.0;;;;;GM0928;;;;GM0928;;;;GM0928;;;False;False;False;50.87501443080217;6.041799512681364;WarmteAtlas:LT_WarmteBronnen_ECW;https://www.warmteatlas.nl/geoserver/WarmteAtlas/wfs;2026-06-23T13:53:17;
200935;318346;Elco;0.0;voedingsmiddelen_dranken_tabak;0.0;Optie B;0.0;0.0;;;;;GM0928;;;;GM0928;;;;GM0928;;;False;False;False;50.853103274791714;6.039487592555995;WarmteAtlas:LT_WarmteBronnen_ECW;https://www.warmteatlas.nl/geoserver/WarmteAtlas/wfs;2026-06-23T13:53:17;
199208;318859;Tredegar;0.0;voedingsmiddelen_dranken_tabak;0.0;Optie B;0.0;0.0;;;;;GM0928;;;;GM0928;;;;GM0928;;;False;False;False;50.85785005286164;6.015027665629851;WarmteAtlas:LT_WarmteBronnen_ECW;https://www.warmteatlas.nl/geoserver/WarmteAtlas/wfs;2026-06-23T13:53:17;
201043;321059;Plaloy;0.0;voedingsmiddelen_dranken_tabak;0.0;Optie B;0.0;0.0;;;;;GM0928;;;;GM0928;;;;GM0928;;;False;False;False;50.877479879137915;6.04136551183537;WarmteAtlas:LT_WarmteBronnen_ECW;https://www.warmteatlas.nl/geoserver/WarmteAtlas/wfs;2026-06-23T13:53:17;
200601;320408;Invista;0.0;voedingsmiddelen_dranken_tabak;0.0;Optie B;0.0;0.0;;;;;GM0928;;;;GM0928;;;;GM0928;;;False;False;False;50.871663835353864;6.035004193901636;WarmteAtlas:LT_WarmteBronnen_ECW;https://www.warmteatlas.nl/geoserver/WarmteAtlas/wfs;2026-06-23T13:53:17;
201066;320532;Vogely;0.0;voedingsmiddelen_dranken_tabak;0.0;Optie B;0.0;0.0;;;;;GM0928;;;;GM0928;;;;GM0928;;;False;False;False;50.87274119378764;6.041625306239897;WarmteAtlas:LT_WarmteBronnen_ECW;https://www.warmteatlas.nl/geoserver/WarmteAtlas/wfs;2026-06-23T13:53:17;
201040;320633;Van de Laar;0.0;voedingsmiddelen_dranken_tabak;0.0;Optie B;0.0;0.0;;;;;GM0928;;;;GM0928;;;;GM0928;;;False;False;False;50.87365110212171;6.041268790894541;WarmteAtlas:LT_WarmteBronnen_ECW;https://www.warmteatlas.nl/geoserver/WarmteAtlas/wfs;2026-06-23T13:53:17;
201071;320649;Mengelers;0.0;voedingsmiddelen_dranken_tabak;0.0;Optie B;0.0;0.0;;;;;GM0928;;;;GM0928;;;;GM0928;;;False;False;False;50.873792423424696;6.041711200089093;WarmteAtlas:LT_WarmteBronnen_ECW;https://www.warmteatlas.nl/geoserver/WarmteAtlas/wfs;2026-06-23T13:53:17;
152683;464924;Smit en Zoon;45.0;voedingsmiddelen_dranken_tabak;0.6;Optie B;0.0;0.71;;;;;GM0307;;;;GM0307;;;;GM0307;;;False;False;False;52.172460234010174;5.353333101310668;WarmteAtlas:LT_WarmteBronnen_ECW;https://www.warmteatlas.nl/geoserver/WarmteAtlas/wfs;2026-06-23T13:53:17;
183732;332404;Chemelot Site Permit BV;50.0;voedingsmiddelen_dranken_tabak;50.0;Optie B;0.0;0.0;;;;;GM1883;;;;GM1883;;;;GM1883;;;False;False;False;50.980585256100134;5.796324872442762;WarmteAtlas:LT_WarmteBronnen_ECW;https://www.warmteatlas.nl/geoserver/WarmteAtlas/wfs;2026-06-23T13:53:17;
62811;427969;W_Gemaal_1602;0.0;GemaalWarmte;4.0;Optie B;0.0;0.0;;;;;GM1992;;;;GM1992;;;;GM1992;;;False;False;False;51.832689135077445;4.0496847407112195;WarmteAtlas:LT_WarmteBronnen_ECW;https://www.warmteatlas.nl/geoserver/WarmteAtlas/wfs;2026-06-23T13:53:17;
167274;447687;W_Gemaal_81;35.0;GemaalWarmte;0.0;Optie B;0.0;0.0;;;;;GM0345;;;;GM0345;;;;GM0345;;;False;False;False;52.01740256249246;5.566006216443479;WarmteAtlas:LT_WarmteBronnen_ECW;https://www.warmteatlas.nl/geoserver/WarmteAtlas/wfs;2026-06-23T13:53:17;
158368;468021;W_Gemaal_48;0.0;GemaalWarmte;1.0;Optie B;0.0;0.0;;;;;GM0307;;;;GM0307;;;;GM0307;;;False;False;False;52.200290160252784;5.436468662524588;WarmteAtlas:LT_WarmteBronnen_ECW;https://www.warmteatlas.nl/geoserver/WarmteAtlas/wfs;2026-06-23T13:53:17;
185758;382269;W_Gemaal_134;0.0;GemaalWarmte;1.0;Optie B;0.0;0.0;;;;;GM0762;;;;GM0762;;;;GM0762;;;False;False;False;51.42869356345417;5.829474916771325;WarmteAtlas:LT_WarmteBronnen_ECW;https://www.warmteatlas.nl/geoserver/WarmteAtlas/wfs;2026-06-23T13:53:17;
103252;479600;W_Gemaal_761;0.0;GemaalWarmte;1.0;Optie B;0.0;0.0;;;;;GM0394;;;;GM0394;;;;GM0394;;;False;False;False;52.30193687978412;4.628526295461703;WarmteAtlas:LT_WarmteBronnen_ECW;https://www.warmteatlas.nl/geoserver/WarmteAtlas/wfs;2026-06-23T13:53:17;
107152;479400;W_Gemaal_764;0.0;GemaalWarmte;1.0;Optie B;0.0;0.0;;;;;GM0394;;;;GM0394;;;;GM0394;;;False;False;False;52.30049242571847;4.685728316585186;WarmteAtlas:LT_WarmteBronnen_ECW;https://www.warmteatlas.nl/geoserver/WarmteAtlas/wfs;2026-06-23T13:53:17;
101052;478500;W_Gemaal_771;0.0;GemaalWarmte;1.0;Optie B;0.0;0.0;;;;;GM0394;;;;GM0394;;;;GM0394;;;False;False;False;52.29183986866145;4.596450852611273;WarmteAtlas:LT_WarmteBronnen_ECW;https://www.warmteatlas.nl/geoserver/WarmteAtlas/wfs;2026-06-23T13:53:17;
99152;475400;W_Gemaal_802;0.0;GemaalWarmte;1.0;Optie B;0.0;0.0;;;;;GM0394;;;;GM0394;;;;GM0394;;;False;False;False;52.26379069644367;4.569116550052612;WarmteAtlas:LT_WarmteBronnen_ECW;https://www.warmteatlas.nl/geoserver/WarmteAtlas/wfs;2026-06-23T13:53:17;
101452;479900;W_Gemaal_760;0.0;GemaalWarmte;1.0;Optie B;0.0;0.0;;;;;GM0534;;;;GM0534;;;;GM0534;;;False;False;False;52.3044607446495;4.60209118860554;WarmteAtlas:LT_WarmteBronnen_ECW;https://www.warmteatlas.nl/geoserver/WarmteAtlas/wfs;2026-06-23T13:53:17;
100452;477200;W_Gemaal_780;0.0;GemaalWarmte;1.0;Optie B;0.0;0.0;;;;;GM0534;;;;GM0534;;;;GM0534;;;False;False;False;52.28009762277112;4.587867113786702;WarmteAtlas:LT_WarmteBronnen_ECW;https://www.warmteatlas.nl/geoserver/WarmteAtlas/wfs;2026-06-23T13:53:17;
97052;477300;W_Gemaal_778;0.0;GemaalWarmte;1.0;Optie B;0.0;0.0;;;;;GM0553;;;;GM0553;;;;GM0553;;;False;False;False;52.28064895354809;4.538032035212756;WarmteAtlas:LT_WarmteBronnen_ECW;https://www.warmteatlas.nl/geoserver/WarmteAtlas/wfs;2026-06-23T13:53:17;
97052;476600;W_Gemaal_791;0.0;GemaalWarmte;1.0;Optie B;0.0;0.0;;;;;GM0553;;;;GM0553;;;;GM0553;;;False;False;False;52.27435810384477;4.538152143573757;WarmteAtlas:LT_WarmteBronnen_ECW;https://www.warmteatlas.nl/geoserver/WarmteAtlas/wfs;2026-06-23T13:53:17;
123052;453200;W_Gemaal_961;0.0;GemaalWarmte;1.0;Optie B;0.0;0.0;;;;;GM0335;;;;GM0335;;;;GM0335;;;False;False;False;52.06616919828796;4.9212871547931;WarmteAtlas:LT_WarmteBronnen_ECW;https://www.warmteatlas.nl/geoserver/WarmteAtlas/wfs;2026-06-23T13:53:17;
195452;497900;W_Gemaal_672;0.0;GemaalWarmte;1.0;Optie B;0.0;0.0;;;;;GM0269;;;;GM0269;;;;GM0269;;;False;False;False;52.46734641020739;5.982486033859293;WarmteAtlas:LT_WarmteBronnen_ECW;https://www.warmteatlas.nl/geoserver/WarmteAtlas/wfs;2026-06-23T13:53:17;
83452;450200;W_Gemaal_982;0.0;GemaalWarmte;1.0;Optie B;0.0;0.0;;;;;GM0603;;;;GM0603;;;;GM0603;;;False;False;False;52.03550979141989;4.344471964191728;WarmteAtlas:LT_WarmteBronnen_ECW;https://www.warmteatlas.nl/geoserver/WarmteAtlas/wfs;2026-06-23T13:53:17;
95952;439400;W_Gemaal_1106;0.0;GemaalWarmte;1.0;Optie B;0.0;0.0;;;;;GM0599;;;;GM0599;;;;GM0599;;;False;False;False;51.93991861421686;4.528483938994708;WarmteAtlas:LT_WarmteBronnen_ECW;https://www.warmteatlas.nl/geoserver/WarmteAtlas/wfs;2026-06-23T13:53:17;
83452;456400;W_Gemaal_923;0.0;GemaalWarmte;1.0;Optie B;0.0;0.0;;;;;GM0518;;;;GM0518;;;;GM0518;;;False;False;False;52.09122827620825;4.34317287974666;WarmteAtlas:LT_WarmteBronnen_ECW;https://www.warmteatlas.nl/geoserver/WarmteAtlas/wfs;2026-06-23T13:53:17;
76852;452100;W_Gemaal_965;0.0;GemaalWarmte;1.0;Optie B;0.0;0.0;;;;;GM0518;;;;GM0518;;;;GM0518;;;False;False;False;52.05169348259464;4.247867453250109;WarmteAtlas:LT_WarmteBronnen_ECW;https://www.warmteatlas.nl/geoserver/WarmteAtlas/wfs;2026-06-23T13:53:17;
84452;451400;W_Gemaal_972;0.0;GemaalWarmte;1.0;Optie B;0.0;0.0;;;;;GM0518;;;;GM0518;;;;GM0518;;;False;False;False;52.04642223259992;4.358795937016093;WarmteAtlas:LT_WarmteBronnen_ECW;https://www.warmteatlas.nl/geoserver/WarmteAtlas/wfs;2026-06-23T13:53:17;
70152;447600;W_Gemaal_1008;0.0;GemaalWarmte;1.0;Optie B;0.0;0.0;;;;;GM1783;;;;GM1783;;;;GM1783;;;False;False;False;52.010269378227605;4.15132396795183;WarmteAtlas:LT_WarmteBronnen_ECW;https://www.warmteatlas.nl/geoserver/WarmteAtlas/wfs;2026-06-23T13:53:17;
70052;447300;W_Gemaal_1013;0.0;GemaalWarmte;1.0;Optie B;0.0;0.0;;;;;GM1783;;;;GM1783;;;;GM1783;;;False;False;False;52.00755814659202;4.149942135992125;WarmteAtlas:LT_WarmteBronnen_ECW;https://www.warmteatlas.nl/geoserver/WarmteAtlas/wfs;2026-06-23T13:53:17;
74252;447100;W_Gemaal_1015;0.0;GemaalWarmte;1.0;Optie B;0.0;0.0;;;;;GM1783;;;;GM1783;;;;GM1783;;;False;False;False;52.00638789791701;4.2111493217435765;WarmteAtlas:LT_WarmteBronnen_ECW;https://www.warmteatlas.nl/geoserver/WarmteAtlas/wfs;2026-06-23T13:53:17;
70552;448800;W_Gemaal_993;0.0;GemaalWarmte;1.0;Optie B;0.0;0.0;;;;;GM1783;;;;GM1783;;;;GM1783;;;False;False;False;52.021114136932184;4.156852955785082;WarmteAtlas:LT_WarmteBronnen_ECW;https://www.warmteatlas.nl/geoserver/WarmteAtlas/wfs;2026-06-23T13:53:17;
121252;456900;W_Gemaal_920;0.0;GemaalWarmte;1.0;Optie B;0.0;0.0;;;;;GM0632;;;;GM0632;;;;GM0632;;;False;False;False;52.09931721543244;4.894671637133939;WarmteAtlas:LT_WarmteBronnen_ECW;https://www.warmteatlas.nl/geoserver/WarmteAtlas/wfs;2026-06-23T13:53:17;
117452;455600;W_Gemaal_935;0.0;GemaalWarmte;1.0;Optie B;0.0;0.0;;;;;GM0632;;;;GM0632;;;;GM0632;;;False;False;False;52.08738849184004;4.839358387148116;WarmteAtlas:LT_WarmteBronnen_ECW;https://www.warmteatlas.nl/geoserver/WarmteAtlas/wfs;2026-06-23T13:53:17;
119352;455100;W_Gemaal_940;0.0;GemaalWarmte;1.0;Optie B;0.0;0.0;;;;;GM0632;;;;GM0632;;;;GM0632;;;False;False;False;52.08302021161486;4.867131504978103;WarmteAtlas:LT_WarmteBronnen_ECW;https://www.warmteatlas.nl/geoserver/WarmteAtlas/wfs;2026-06-23T13:53:17;
117552;454500;W_Gemaal_944;0.0;GemaalWarmte;1.0;Optie B;0.0;0.0;;;;;GM0632;;;;GM0632;;;;GM0632;;;False;False;False;52.077508790281314;4.840938113569266;WarmteAtlas:LT_WarmteBronnen_ECW;https://www.warmteatlas.nl/geoserver/WarmteAtlas/wfs;2026-06-23T13:53:17;
121552;454300;W_Gemaal_948;0.0;GemaalWarmte;1.0;Optie B;0.0;0.0;;;;;GM0632;;;;GM0632;;;;GM0632;;;False;False;False;52.07596724109364;4.899304760320268;WarmteAtlas:LT_WarmteBronnen_ECW;https://www.warmteatlas.nl/geoserver/WarmteAtlas/wfs;2026-06-23T13:53:17;
120152;453800;W_Gemaal_954;0.0;GemaalWarmte;1.0;Optie B;0.0;0.0;;;;;GM0632;;;;GM0632;;;;GM0632;;;False;False;False;52.071387049763715;4.878935074181714;WarmteAtlas:LT_WarmteBronnen_ECW;https://www.warmteatlas.nl/geoserver/WarmteAtlas/wfs;2026-06-23T13:53:17;
120652;453700;W_Gemaal_955;0.0;GemaalWarmte;1.0;Optie B;0.0;0.0;;;;;GM0632;;;;GM0632;;;;GM0632;;;False;False;False;52.07051950009686;4.886237511215663;WarmteAtlas:LT_WarmteBronnen_ECW;https://www.warmteatlas.nl/geoserver/WarmteAtlas/wfs;2026-06-23T13:53:17;
209752;462000;W_Gemaal_886;0.0;GemaalWarmte;1.0;Optie B;0.0;0.0;;;;;GM0301;;;;GM0301;;;;GM0301;;;False;False;False;52.14347085229305;6.187073051377395;WarmteAtlas:LT_WarmteBronnen_ECW;https://www.warmteatlas.nl/geoserver/WarmteAtlas/wfs;2026-06-23T13:53:17;
210152;460800;W_Gemaal_896;0.0;GemaalWarmte;1.0;Optie B;0.0;0.0;;;;;GM0301;;;;GM0301;;;;GM0301;;;False;False;False;52.13264639156031;6.192721446236889;WarmteAtlas:LT_WarmteBronnen_ECW;https://www.warmteatlas.nl/geoserver/WarmteAtlas/wfs;2026-06-23T13:53:17;
243052;487000;W_Gemaal_725;0.0;GemaalWarmte;2.0;Optie B;0.0;0.0;;;;;GM0141;;;;GM0141;;;;GM0141;;;False;False;False;52.36381606566541;6.6799673712096395;WarmteAtlas:LT_WarmteBronnen_ECW;https://www.warmteatlas.nl/geoserver/WarmteAtlas/wfs;2026-06-23T13:53:17;
243152;486900;W_Gemaal_726;0.0;GemaalWarmte;2.0;Optie B;0.0;0.0;;;;;GM0141;;;;GM0141;;;;GM0141;;;False;False;False;52.36290144799684;6.6814089677525486;WarmteAtlas:LT_WarmteBronnen_ECW;https://www.warmteatlas.nl/geoserver/WarmteAtlas/wfs;2026-06-23T13:53:17;
243352;486100;W_Gemaal_729;0.0;GemaalWarmte;2.0;Optie B;0.0;0.0;;;;;GM0141;;;;GM0141;;;;GM0141;;;False;False;False;52.355680730538204;6.684134311549352;WarmteAtlas:LT_WarmteBronnen_ECW;https://www.warmteatlas.nl/geoserver/WarmteAtlas/wfs;2026-06-23T13:53:17;
122152;483200;W_Gemaal_743;0.0;GemaalWarmte;2.0;Optie B;0.0;0.0;;;;;GM0363;;;;GM0363;;;;GM0363;;;False;False;False;52.33574442968104;4.905256380022758;WarmteAtlas:LT_WarmteBronnen_ECW;https://www.warmteatlas.nl/geoserver/WarmteAtlas/wfs;2026-06-23T13:53:17;
202129;397969;W_Gemaal_129;0.0;GemaalWarmte;2.0;Optie B;0.0;0.0;;;;;GM0893;;;;GM0893;;;;GM0893;;;False;False;False;51.568676771708525;6.0669691641465855;WarmteAtlas:LT_WarmteBronnen_ECW;https://www.warmteatlas.nl/geoserver/WarmteAtlas/wfs;2026-06-23T13:53:17;
233843;458912;W_Gemaal_63;0.0;GemaalWarmte;2.0;Optie B;0.0;0.0;;;;;GM1859;;;;GM1859;;;;GM1859;;;False;False;False;52.112808306850795;6.5382442061990185;WarmteAtlas:LT_WarmteBronnen_ECW;https://www.warmteatlas.nl/geoserver/WarmteAtlas/wfs;2026-06-23T13:53:17;
143452;452300;W_Gemaal_964;0.0;GemaalWarmte;2.0;Optie B;0.0;0.0;;;;;GM0312;;;;GM0312;;;;GM0312;;;False;False;False;52.05888058583287;5.218820166943983;WarmteAtlas:LT_WarmteBronnen_ECW;https://www.warmteatlas.nl/geoserver/WarmteAtlas/wfs;2026-06-23T13:53:17;
144152;451000;W_Gemaal_977;0.0;GemaalWarmte;2.0;Optie B;0.0;0.0;;;;;GM0312;;;;GM0312;;;;GM0312;;;False;False;False;52.04721025754717;5.229068167519966;WarmteAtlas:LT_WarmteBronnen_ECW;https://www.warmteatlas.nl/geoserver/WarmteAtlas/wfs;2026-06-23T13:53:17;
97252;435900;W_Gemaal_1137;0.0;GemaalWarmte;2.0;Optie B;0.0;0.0;;;;;GM0502;;;;GM0502;;;;GM0502;;;False;False;False;51.90859903658998;4.547975195110258;WarmteAtlas:LT_WarmteBronnen_ECW;https://www.warmteatlas.nl/geoserver/WarmteAtlas/wfs;2026-06-23T13:53:17;
189752;552000;W_Gemaal_406;0.0;GemaalWarmte;2.0;Optie B;0.0;0.0;;;;;GM1940;;;;GM1940;;;;GM1940;;;False;False;False;52.95391094861071;5.904306844800642;WarmteAtlas:LT_WarmteBronnen_ECW;https://www.warmteatlas.nl/geoserver/WarmteAtlas/wfs;2026-06-23T13:53:17;
210652;474500;W_Gemaal_807;0.0;GemaalWarmte;2.0;Optie B;0.0;0.0;;;;;GM0150;;;;GM0150;;;;GM0150;;;False;False;False;52.25571993790751;6.202272204381226;WarmteAtlas:LT_WarmteBronnen_ECW;https://www.warmteatlas.nl/geoserver/WarmteAtlas/wfs;2026-06-23T13:53:17;
209652;472900;W_Gemaal_818;0.0;GemaalWarmte;2.0;Optie B;0.0;0.0;;;;;GM0150;;;;GM0150;;;;GM0150;;;False;False;False;52.24144077732624;6.1873691458748485;WarmteAtlas:LT_WarmteBronnen_ECW;https://www.warmteatlas.nl/geoserver/WarmteAtlas/wfs;2026-06-23T13:53:17;
206152;447000;W_Gemaal_1018;0.0;GemaalWarmte;2.0;Optie B;0.0;0.0;;;;;GM0221;;;;GM0221;;;;GM0221;;;False;False;False;52.009004514155365;6.132235846314967;WarmteAtlas:LT_WarmteBronnen_ECW;https://www.warmteatlas.nl/geoserver/WarmteAtlas/wfs;2026-06-23T13:53:17;
105852;425600;W_Gemaal_1226;0.0;GemaalWarmte;2.0;Optie B;0.0;0.0;;;;;GM0505;;;;GM0505;;;;GM0505;;;False;False;False;51.8168511464753;4.6744125389289275;WarmteAtlas:LT_WarmteBronnen_ECW;https://www.warmteatlas.nl/geoserver/WarmteAtlas/wfs;2026-06-23T13:53:17;
129152;504500;W_Gemaal_633;0.0;GemaalWarmte;2.0;Optie B;0.0;0.0;;;;;GM0385;;;;GM0385;;;;GM0385;;;False;False;False;52.527547382419655;5.0063153988044595;WarmteAtlas:LT_WarmteBronnen_ECW;https://www.warmteatlas.nl/geoserver/WarmteAtlas/wfs;2026-06-23T13:53:17;
253552;471100;W_Gemaal_828;0.0;GemaalWarmte;2.0;Optie B;0.0;0.0;;;;;GM0153;;;;GM0153;;;;GM0153;;;False;False;False;52.2191642284197;6.8294375690484115;WarmteAtlas:LT_WarmteBronnen_ECW;https://www.warmteatlas.nl/geoserver/WarmteAtlas/wfs;2026-06-23T13:53:17;
106652;447500;W_Gemaal_1011;0.0;GemaalWarmte;2.0;Optie B;0.0;0.0;;;;;GM0513;;;;GM0513;;;;GM0513;;;False;False;False;52.013751777447744;4.68293692485338;WarmteAtlas:LT_WarmteBronnen_ECW;https://www.warmteatlas.nl/geoserver/WarmteAtlas/wfs;2026-06-23T13:53:17;
132452;518400;W_Gemaal_563;0.0;GemaalWarmte;2.0;Optie B;0.0;0.0;;;;;GM0405;;;;GM0405;;;;GM0405;;;False;False;False;52.65261287301703;5.0539995558996464;WarmteAtlas:LT_WarmteBronnen_ECW;https://www.warmteatlas.nl/geoserver/WarmteAtlas/wfs;2026-06-23T13:53:17;
95452;442200;W_Gemaal_1080;0.0;GemaalWarmte;2.0;Optie B;0.0;0.0;;;;;GM1621;;;;GM1621;;;;GM1621;;;False;False;False;51.965029944090425;4.520727869271388;WarmteAtlas:LT_WarmteBronnen_ECW;https://www.warmteatlas.nl/geoserver/WarmteAtlas/wfs;2026-06-23T13:53:17;
84352;454200;W_Gemaal_949;0.0;GemaalWarmte;2.0;Optie B;0.0;0.0;;;;;GM1916;;;;GM1916;;;;GM1916;;;False;False;False;52.071572785549876;4.356759248969829;WarmteAtlas:LT_WarmteBronnen_ECW;https://www.warmteatlas.nl/geoserver/WarmteAtlas/wfs;2026-06-23T13:53:17;
84352;454200;W_Gemaal_951;0.0;GemaalWarmte;2.0;Optie B;0.0;0.0;;;;;GM1916;;;;GM1916;;;;GM1916;;;False;False;False;52.071572785549876;4.356759248969829;WarmteAtlas:LT_WarmteBronnen_ECW;https://www.warmteatlas.nl/geoserver/WarmteAtlas/wfs;2026-06-23T13:53:17;
130352;503900;W_Gemaal_635;0.0;GemaalWarmte;2.0;Optie B;0.0;0.0;;;;;GM0439;;;;GM0439;;;;GM0439;;;False;False;False;52.52221052530069;5.024042286295987;WarmteAtlas:LT_WarmteBronnen_ECW;https://www.warmteatlas.nl/geoserver/WarmteAtlas/wfs;2026-06-23T13:53:17;
127852;503200;W_Gemaal_639;0.0;GemaalWarmte;2.0;Optie B;0.0;0.0;;;;;GM0439;;;;GM0439;;;;GM0439;;;False;False;False;52.515801147560346;4.987265181330068;WarmteAtlas:LT_WarmteBronnen_ECW;https://www.warmteatlas.nl/geoserver/WarmteAtlas/wfs;2026-06-23T13:53:17;
161645;472717;W_Gemaal_47;0.0;GemaalWarmte;2.0;Optie B;0.0;0.0;;;;;GM0273;;;;GM0273;;;;GM0273;;;False;False;False;52.24246712408053;5.484494814780791;WarmteAtlas:LT_WarmteBronnen_ECW;https://www.warmteatlas.nl/geoserver/WarmteAtlas/wfs;2026-06-23T13:53:17;
93052;442200;W_Gemaal_1079;0.0;GemaalWarmte;2.0;Optie B;0.0;0.0;;;;;GM0599;;;;GM0599;;;;GM0599;;;False;False;False;51.96476753676865;4.485809840562389;WarmteAtlas:LT_WarmteBronnen_ECW;https://www.warmteatlas.nl/geoserver/WarmteAtlas/wfs;2026-06-23T13:53:17;
95752;442100;W_Gemaal_1081;0.0;GemaalWarmte;2.0;Optie B;0.0;0.0;;;;;GM0599;;;;GM0599;;;;GM0599;;;False;False;False;51.96416327919461;4.525109918283136;WarmteAtlas:LT_WarmteBronnen_ECW;https://www.warmteatlas.nl/geoserver/WarmteAtlas/wfs;2026-06-23T13:53:17;
93352;441700;W_Gemaal_1084;0.0;GemaalWarmte;2.0;Optie B;0.0;0.0;;;;;GM0599;;;;GM0599;;;;GM0599;;;False;False;False;51.9603072528109;4.490264368691164;WarmteAtlas:LT_WarmteBronnen_ECW;https://www.warmteatlas.nl/geoserver/WarmteAtlas/wfs;2026-06-23T13:53:17;
92352;441000;W_Gemaal_1092;0.0;GemaalWarmte;2.0;Optie B;0.0;0.0;;;;;GM0599;;;;GM0599;;;;GM0599;;;False;False;False;51.953904314243104;4.475844485886384;WarmteAtlas:LT_WarmteBronnen_ECW;https://www.warmteatlas.nl/geoserver/WarmteAtlas/wfs;2026-06-23T13:53:17;
89452;439600;W_Gemaal_1103;0.0;GemaalWarmte;2.0;Optie B;0.0;0.0;;;;;GM0599;;;;GM0599;;;;GM0599;;;False;False;False;51.9409877692437;4.433929958316046;WarmteAtlas:LT_WarmteBronnen_ECW;https://www.warmteatlas.nl/geoserver/WarmteAtlas/wfs;2026-06-23T13:53:17;
96552;437200;W_Gemaal_1126;0.0;GemaalWarmte;2.0;Optie B;0.0;0.0;;;;;GM0599;;;;GM0599;;;;GM0599;;;False;False;False;51.92020965157212;4.537582637195915;WarmteAtlas:LT_WarmteBronnen_ECW;https://www.warmteatlas.nl/geoserver/WarmteAtlas/wfs;2026-06-23T13:53:17;
95752;436200;W_Gemaal_1135;0.0;GemaalWarmte;2.0;Optie B;0.0;0.0;;;;;GM0599;;;;GM0599;;;;GM0599;;;False;False;False;51.911137596330505;4.526127003833889;WarmteAtlas:LT_WarmteBronnen_ECW;https://www.warmteatlas.nl/geoserver/WarmteAtlas/wfs;2026-06-23T13:53:17;
170952;560000;W_Gemaal_369;0.0;GemaalWarmte;2.0;Optie B;0.0;0.0;;;;;GM1900;;;;GM1900;;;;GM1900;;;False;False;False;53.02668337438761;5.624964191451988;WarmteAtlas:LT_WarmteBronnen_ECW;https://www.warmteatlas.nl/geoserver/WarmteAtlas/wfs;2026-06-23T13:53:17;
54452;407700;W_Gemaal_1359;0.0;GemaalWarmte;2.0;Optie B;0.0;0.0;;;;;GM1676;;;;GM1676;;;;GM1676;;;False;False;False;51.64910567957858;3.934315099995767;WarmteAtlas:LT_WarmteBronnen_ECW;https://www.warmteatlas.nl/geoserver/WarmteAtlas/wfs;2026-06-23T13:53:17;
82652;453800;W_Gemaal_953;0.0;GemaalWarmte;2.0;Optie B;0.0;0.0;;;;;GM0518;;;;GM0518;;;;GM0518;;;False;False;False;52.06775861492019;4.332052467433596;WarmteAtlas:LT_WarmteBronnen_ECW;https://www.warmteatlas.nl/geoserver/WarmteAtlas/wfs;2026-06-23T13:53:17;
134752;459000;W_Gemaal_902;0.0;GemaalWarmte;0.0;Optie B;0.0;0.0;;;;;GM0344;;;;GM0344;;;;GM0344;;;False;False;False;52.11885021843341;5.091567866474032;WarmteAtlas:LT_WarmteBronnen_ECW;https://www.warmteatlas.nl/geoserver/WarmteAtlas/wfs;2026-06-23T13:53:17;
137352;458900;W_Gemaal_904;0.0;GemaalWarmte;0.0;Optie B;0.0;0.0;;;;;GM0344;;;;GM0344;;;;GM0344;;;False;False;False;52.118040457772445;5.129534541706059;WarmteAtlas:LT_WarmteBronnen_ECW;https://www.warmteatlas.nl/geoserver/WarmteAtlas/wfs;2026-06-23T13:53:17;
138452;458500;W_Gemaal_907;0.0;GemaalWarmte;0.0;Optie B;0.0;0.0;;;;;GM0344;;;;GM0344;;;;GM0344;;;False;False;False;52.1144792753519;5.145614328920923;WarmteAtlas:LT_WarmteBronnen_ECW;https://www.warmteatlas.nl/geoserver/WarmteAtlas/wfs;2026-06-23T13:53:17;
136052;457800;W_Gemaal_917;0.0;GemaalWarmte;0.0;Optie B;0.0;0.0;;;;;GM0344;;;;GM0344;;;;GM0344;;;False;False;False;52.10811077544208;5.110615324383257;WarmteAtlas:LT_WarmteBronnen_ECW;https://www.warmteatlas.nl/geoserver/WarmteAtlas/wfs;2026-06-23T13:53:17;
145252;433900;W_Gemaal_1153;0.0;GemaalWarmte;2.0;Optie B;0.0;0.0;;;;;GM1960;;;;GM1960;;;;GM1960;;;False;False;False;51.89353308023369;5.2455885462033125;WarmteAtlas:LT_WarmteBronnen_ECW;https://www.warmteatlas.nl/geoserver/WarmteAtlas/wfs;2026-06-23T13:53:17;
145352;433900;W_Gemaal_1154;0.0;GemaalWarmte;2.0;Optie B;0.0;0.0;;;;;GM1960;;;;GM1960;;;;GM1960;;;False;False;False;51.89353482044591;5.247041291329722;WarmteAtlas:LT_WarmteBronnen_ECW;https://www.warmteatlas.nl/geoserver/WarmteAtlas/wfs;2026-06-23T13:53:17;
176082;422894;W_Gemaal_118;0.0;GemaalWarmte;2.0;Optie B;0.0;0.0;;;;;GM0296;;;;GM0296;;;;GM0296;;;False;False;False;51.79429407995955;5.692797138221129;WarmteAtlas:LT_WarmteBronnen_ECW;https://www.warmteatlas.nl/geoserver/WarmteAtlas/wfs;2026-06-23T13:53:17;
114652;502500;W_Gemaal_647;0.0;GemaalWarmte;2.0;Optie B;0.0;0.0;;;;;GM0880;;;;GM0880;;;;GM0880;;;False;False;False;52.50869571605481;4.792898096770875;WarmteAtlas:LT_WarmteBronnen_ECW;https://www.warmteatlas.nl/geoserver/WarmteAtlas/wfs;2026-06-23T13:53:17;
113452;501900;W_Gemaal_653;0.0;GemaalWarmte;2.0;Optie B;0.0;0.0;;;;;GM0479;;;;GM0479;;;;GM0479;;;False;False;False;52.50321374061144;4.775298313991224;WarmteAtlas:LT_WarmteBronnen_ECW;https://www.warmteatlas.nl/geoserver/WarmteAtlas/wfs;2026-06-23T13:53:17;
104952;426800;W_Gemaal_1216;0.0;GemaalWarmte;2.0;Optie B;0.0;0.0;;;;;GM0642;;;;GM0642;;;;GM0642;;;False;False;False;51.82755648364134;4.661187190488961;WarmteAtlas:LT_WarmteBronnen_ECW;https://www.warmteatlas.nl/geoserver/WarmteAtlas/wfs;2026-06-23T13:53:17;
114052;477000;W_Gemaal_783;0.0;GemaalWarmte;3.0;Optie B;0.0;0.0;;;;;GM0358;;;;GM0358;;;;GM0358;;;False;False;False;52.27947962606814;4.787171180883199;WarmteAtlas:LT_WarmteBronnen_ECW;https://www.warmteatlas.nl/geoserver/WarmteAtlas/wfs;2026-06-23T13:53:17;
113152;475600;W_Gemaal_800;0.0;GemaalWarmte;3.0;Optie B;0.0;0.0;;;;;GM0358;;;;GM0358;;;;GM0358;;;False;False;False;52.26682971072445;4.7741571441015465;WarmteAtlas:LT_WarmteBronnen_ECW;https://www.warmteatlas.nl/geoserver/WarmteAtlas/wfs;2026-06-23T13:53:17;
110852;518100;W_Gemaal_564;0.0;GemaalWarmte;3.0;Optie B;0.0;0.0;;;;;GM0361;;;;GM0361;;;;GM0361;;;False;False;False;52.648594470350595;4.734857932603228;WarmteAtlas:LT_WarmteBronnen_ECW;https://www.warmteatlas.nl/geoserver/WarmteAtlas/wfs;2026-06-23T13:53:17;
238665;484003;W_Gemaal_42;0.0;GemaalWarmte;3.0;Optie B;0.0;0.0;;;;;GM0141;;;;GM0141;;;;GM0141;;;False;False;False;52.33757128520027;6.614827311581006;WarmteAtlas:LT_WarmteBronnen_ECW;https://www.warmteatlas.nl/geoserver/WarmteAtlas/wfs;2026-06-23T13:53:17;
106886;461105;W_Gemaal_71;0.0;GemaalWarmte;3.0;Optie B;0.0;0.0;;;;;GM0484;;;;GM0484;;;;GM0484;;;False;False;False;52.13604702583633;4.684427254039864;WarmteAtlas:LT_WarmteBronnen_ECW;https://www.warmteatlas.nl/geoserver/WarmteAtlas/wfs;2026-06-23T13:53:17;
102652;460200;W_Gemaal_898;0.0;GemaalWarmte;3.0;Optie B;0.0;0.0;;;;;GM0484;;;;GM0484;;;;GM0484;;;False;False;False;52.12752883344432;4.622727693519784;WarmteAtlas:LT_WarmteBronnen_ECW;https://www.warmteatlas.nl/geoserver/WarmteAtlas/wfs;2026-06-23T13:53:17;
101252;458800;W_Gemaal_906;0.0;GemaalWarmte;3.0;Optie B;0.0;0.0;;;;;GM0484;;;;GM0484;;;;GM0484;;;False;False;False;52.11481232475186;4.6025053028453495;WarmteAtlas:LT_WarmteBronnen_ECW;https://www.warmteatlas.nl/geoserver/WarmteAtlas/wfs;2026-06-23T13:53:17;
120379;415238;W_Gemaal_110;0.0;GemaalWarmte;3.0;Optie B;0.0;0.0;;;;;GM1959;;;;GM1959;;;;GM1959;;;False;False;False;51.724806468972375;4.886122003515272;WarmteAtlas:LT_WarmteBronnen_ECW;https://www.warmteatlas.nl/geoserver/WarmteAtlas/wfs;2026-06-23T13:53:17;
117812;479254;W_Gemaal_39;0.0;GemaalWarmte;3.0;Optie B;0.0;0.0;;;;;GM0362;;;;GM0362;;;;GM0362;;;False;False;False;52.30000396582218;4.842017619766683;WarmteAtlas:LT_WarmteBronnen_ECW;https://www.warmteatlas.nl/geoserver/WarmteAtlas/wfs;2026-06-23T13:53:17;
116252;481300;W_Gemaal_750;0.0;GemaalWarmte;3.0;Optie B;0.0;0.0;;;;;GM0362;;;;GM0362;;;;GM0362;;;False;False;False;52.31828438090425;4.818913534151079;WarmteAtlas:LT_WarmteBronnen_ECW;https://www.warmteatlas.nl/geoserver/WarmteAtlas/wfs;2026-06-23T13:53:17;
127970;479780;W_Gemaal_36;0.0;GemaalWarmte;3.0;Optie B;0.0;0.0;;;;;GM0363;;;;GM0363;;;;GM0363;;;False;False;False;52.30532408807488;4.990890527827396;WarmteAtlas:LT_WarmteBronnen_ECW;https://www.warmteatlas.nl/geoserver/WarmteAtlas/wfs;2026-06-23T13:53:17;
116746;482827;W_Gemaal_38;0.0;GemaalWarmte;3.0;Optie B;0.0;0.0;;;;;GM0363;;;;GM0363;;;;GM0363;;;False;False;False;52.33204256563784;4.8259849864310675;WarmteAtlas:LT_WarmteBronnen_ECW;https://www.warmteatlas.nl/geoserver/WarmteAtlas/wfs;2026-06-23T13:53:17;
116273;486543;W_Gemaal_40;0.0;GemaalWarmte;3.0;Optie B;0.0;0.0;;;;;GM0363;;;;GM0363;;;;GM0363;;;False;False;False;52.3654060579516;4.818618340608193;WarmteAtlas:LT_WarmteBronnen_ECW;https://www.warmteatlas.nl/geoserver/WarmteAtlas/wfs;2026-06-23T13:53:17;
119352;493700;W_Gemaal_695;0.0;GemaalWarmte;3.0;Optie B;0.0;0.0;;;;;GM0363;;;;GM0363;;;;GM0363;;;False;False;False;52.42993599671261;4.863061938453325;WarmteAtlas:LT_WarmteBronnen_ECW;https://www.warmteatlas.nl/geoserver/WarmteAtlas/wfs;2026-06-23T13:53:17;
122452;491300;W_Gemaal_708;0.0;GemaalWarmte;3.0;Optie B;0.0;0.0;;;;;GM0363;;;;GM0363;;;;GM0363;;;False;False;False;52.40855947731671;4.908873488204011;WarmteAtlas:LT_WarmteBronnen_ECW;https://www.warmteatlas.nl/geoserver/WarmteAtlas/wfs;2026-06-23T13:53:17;
125452;488900;W_Gemaal_716;0.0;GemaalWarmte;3.0;Optie B;0.0;0.0;;;;;GM0363;;;;GM0363;;;;GM0363;;;False;False;False;52.38715973247126;4.953171982247428;WarmteAtlas:LT_WarmteBronnen_ECW;https://www.warmteatlas.nl/geoserver/WarmteAtlas/wfs;2026-06-23T13:53:17;
113752;484400;W_Gemaal_735;0.0;GemaalWarmte;3.0;Optie B;0.0;0.0;;;;;GM0363;;;;GM0363;;;;GM0363;;;False;False;False;52.345962974780214;4.781869969445557;WarmteAtlas:LT_WarmteBronnen_ECW;https://www.warmteatlas.nl/geoserver/WarmteAtlas/wfs;2026-06-23T13:53:17;
191752;443300;W_Gemaal_1070;0.0;GemaalWarmte;3.0;Optie B;0.0;0.0;;;;;GM0202;;;;GM0202;;;;GM0202;;;False;False;False;51.97689063318101;5.922112199717272;WarmteAtlas:LT_WarmteBronnen_ECW;https://www.warmteatlas.nl/geoserver/WarmteAtlas/wfs;2026-06-23T13:53:17;
187989;443219;W_Gemaal_80;0.0;GemaalWarmte;3.0;Optie B;0.0;0.0;;;;;GM0202;;;;GM0202;;;;GM0202;;;False;False;False;51.976398988556376;5.867337523577171;WarmteAtlas:LT_WarmteBronnen_ECW;https://www.warmteatlas.nl/geoserver/WarmteAtlas/wfs;2026-06-23T13:53:17;
233836;563122;W_Gemaal_11;0.0;GemaalWarmte;3.0;Optie B;0.0;0.0;;;;;GM0106;;;;GM0106;;;;GM0106;;;False;False;False;53.04919825038396;6.562866134082693;WarmteAtlas:LT_WarmteBronnen_ECW;https://www.warmteatlas.nl/geoserver/WarmteAtlas/wfs;2026-06-23T13:53:17;
197394;429514;W_Gemaal_90;0.0;GemaalWarmte;3.0;Optie B;0.0;0.0;;;;;GM1945;;;;GM1945;;;;GM1945;;;False;False;False;51.85258217237878;6.002525526666378;WarmteAtlas:LT_WarmteBronnen_ECW;https://www.warmteatlas.nl/geoserver/WarmteAtlas/wfs;2026-06-23T13:53:17;
192261;431193;W_Gemaal_91;0.0;GemaalWarmte;3.0;Optie B;0.0;0.0;;;;;GM1945;;;;GM1945;;;;GM1945;;;False;False;False;51.86803995057548;5.928207942663031;WarmteAtlas:LT_WarmteBronnen_ECW;https://www.warmteatlas.nl/geoserver/WarmteAtlas/wfs;2026-06-23T13:53:17;
197486;429616;W_Gemaal_95;0.0;GemaalWarmte;3.0;Optie B;0.0;0.0;;;;;GM1945;;;;GM1945;;;;GM1945;;;False;False;False;51.85349193087102;6.003873337132281;WarmteAtlas:LT_WarmteBronnen_ECW;https://www.warmteatlas.nl/geoserver/WarmteAtlas/wfs;2026-06-23T13:53:17;
197422;429527;W_Gemaal_96;0.0;GemaalWarmte;3.0;Optie B;0.0;0.0;;;;;GM1945;;;;GM1945;;;;GM1945;;;False;False;False;51.85269688394579;6.0029335055987865;WarmteAtlas:LT_WarmteBronnen_ECW;https://www.warmteatlas.nl/geoserver/WarmteAtlas/wfs;2026-06-23T13:53:17;
158478;389757;W_Gemaal_126;0.0;GemaalWarmte;3.0;Optie B;0.0;0.0;;;;;GM0753;;;;GM0753;;;;GM0753;;;False;False;False;51.49682897786559;5.437286488431166;WarmteAtlas:LT_WarmteBronnen_ECW;https://www.warmteatlas.nl/geoserver/WarmteAtlas/wfs;2026-06-23T13:53:17;
184622;430610;W_Gemaal_107;0.0;GemaalWarmte;3.0;Optie B;0.0;0.0;;;;;GM0209;;;;GM0209;;;;GM0209;;;False;False;False;51.863258633897445;5.817247908708083;WarmteAtlas:LT_WarmteBronnen_ECW;https://www.warmteatlas.nl/geoserver/WarmteAtlas/wfs;2026-06-23T13:53:17;
178195;430242;W_Gemaal_89;0.0;GemaalWarmte;3.0;Optie B;0.0;0.0;;;;;GM0209;;;;GM0209;;;;GM0209;;;False;False;False;51.86025575852;5.723919178301759;WarmteAtlas:LT_WarmteBronnen_ECW;https://www.warmteatlas.nl/geoserver/WarmteAtlas/wfs;2026-06-23T13:53:17;
175932;428814;W_Gemaal_93;0.0;GemaalWarmte;3.0;Optie B;0.0;0.0;;;;;GM0209;;;;GM0209;;;;GM0209;;;False;False;False;51.84751023220454;5.690981503887299;WarmteAtlas:LT_WarmteBronnen_ECW;https://www.warmteatlas.nl/geoserver/WarmteAtlas/wfs;2026-06-23T13:53:17;
75130;432376;W_Gemaal_108;0.0;GemaalWarmte;3.0;Optie B;0.0;0.0;;;;;GM1992;;;;GM1992;;;;GM1992;;;False;False;False;51.874194413826004;4.2273567001232495;WarmteAtlas:LT_WarmteBronnen_ECW;https://www.warmteatlas.nl/geoserver/WarmteAtlas/wfs;2026-06-23T13:53:17;
155052;473800;W_Gemaal_810;0.0;GemaalWarmte;3.0;Optie B;0.0;0.0;;;;;GM0313;;;;GM0313;;;;GM0313;;;False;False;False;52.25224108913487;5.387965378830513;WarmteAtlas:LT_WarmteBronnen_ECW;https://www.warmteatlas.nl/geoserver/WarmteAtlas/wfs;2026-06-23T13:53:17;
158401;437416;W_Gemaal_106;0.0;GemaalWarmte;3.0;Optie B;0.0;0.0;;;;;GM0214;;;;GM0214;;;;GM0214;;;False;False;False;51.9252104999689;5.436645479030276;WarmteAtlas:LT_WarmteBronnen_ECW;https://www.warmteatlas.nl/geoserver/WarmteAtlas/wfs;2026-06-23T13:53:17;
157666;442819;W_Gemaal_73;0.0;GemaalWarmte;3.0;Optie B;0.0;0.0;;;;;GM0214;;;;GM0214;;;;GM0214;;;False;False;False;51.97377783243804;5.42600237410704;WarmteAtlas:LT_WarmteBronnen_ECW;https://www.warmteatlas.nl/geoserver/WarmteAtlas/wfs;2026-06-23T13:53:17;
165291;441133;W_Gemaal_76;0.0;GemaalWarmte;3.0;Optie B;0.0;0.0;;;;;GM0214;;;;GM0214;;;;GM0214;;;False;False;False;51.95853467603638;5.536921680345445;WarmteAtlas:LT_WarmteBronnen_ECW;https://www.warmteatlas.nl/geoserver/WarmteAtlas/wfs;2026-06-23T13:53:17;
165603;440651;W_Gemaal_78;0.0;GemaalWarmte;3.0;Optie B;0.0;0.0;;;;;GM0214;;;;GM0214;;;;GM0214;;;False;False;False;51.95419650100767;5.541445902181395;WarmteAtlas:LT_WarmteBronnen_ECW;https://www.warmteatlas.nl/geoserver/WarmteAtlas/wfs;2026-06-23T13:53:17;
161536;437316;W_Gemaal_97;0.0;GemaalWarmte;3.0;Optie B;0.0;0.0;;;;;GM0214;;;;GM0214;;;;GM0214;;;False;False;False;51.92428360445292;5.482219309476289;WarmteAtlas:LT_WarmteBronnen_ECW;https://www.warmteatlas.nl/geoserver/WarmteAtlas/wfs;2026-06-23T13:53:17;
99952;437400;W_Gemaal_1125;0.0;GemaalWarmte;3.0;Optie B;0.0;0.0;;;;;GM0502;;;;GM0502;;;;GM0502;;;False;False;False;51.922353974600405;4.586969442394566;WarmteAtlas:LT_WarmteBronnen_ECW;https://www.warmteatlas.nl/geoserver/WarmteAtlas/wfs;2026-06-23T13:53:17;
186035;417348;W_Gemaal_112;0.0;GemaalWarmte;3.0;Optie B;0.0;0.0;;;;;GM1982;;;;GM1982;;;;GM1982;;;False;False;False;51.74398075675676;5.836570899048087;WarmteAtlas:LT_WarmteBronnen_ECW;https://www.warmteatlas.nl/geoserver/WarmteAtlas/wfs;2026-06-23T13:53:17;
140252;457100;W_Gemaal_918;0.0;GemaalWarmte;3.0;Optie B;0.0;0.0;;;;;GM0310;;;;GM0310;;;;GM0310;;;False;False;False;52.10194703935559;5.171953431045109;WarmteAtlas:LT_WarmteBronnen_ECW;https://www.warmteatlas.nl/geoserver/WarmteAtlas/wfs;2026-06-23T13:53:17;
187652;555500;W_Gemaal_394;0.0;GemaalWarmte;3.0;Optie B;0.0;0.0;;;;;GM1940;;;;GM1940;;;;GM1940;;;False;False;False;52.98549301849678;5.873411565734348;WarmteAtlas:LT_WarmteBronnen_ECW;https://www.warmteatlas.nl/geoserver/WarmteAtlas/wfs;2026-06-23T13:53:17;
83052;446800;W_Gemaal_1020;0.0;GemaalWarmte;3.0;Optie B;0.0;0.0;;;;;GM0503;;;;GM0503;;;;GM0503;;;False;False;False;52.004902567400144;4.339358141512475;WarmteAtlas:LT_WarmteBronnen_ECW;https://www.warmteatlas.nl/geoserver/WarmteAtlas/wfs;2026-06-23T13:53:17;
85252;445700;W_Gemaal_1032;0.0;GemaalWarmte;3.0;Optie B;0.0;0.0;;;;;GM0503;;;;GM0503;;;;GM0503;;;False;False;False;51.99529772848126;4.371617829311056;WarmteAtlas:LT_WarmteBronnen_ECW;https://www.warmteatlas.nl/geoserver/WarmteAtlas/wfs;2026-06-23T13:53:17;
85652;444500;W_Gemaal_1050;0.0;GemaalWarmte;3.0;Optie B;0.0;0.0;;;;;GM0503;;;;GM0503;;;;GM0503;;;False;False;False;51.984563407936555;4.377684058455487;WarmteAtlas:LT_WarmteBronnen_ECW;https://www.warmteatlas.nl/geoserver/WarmteAtlas/wfs;2026-06-23T13:53:17;
257452;594700;W_Gemaal_165;0.0;GemaalWarmte;3.0;Optie B;0.0;0.0;;;;;GM1979;;;;GM1979;;;;GM1979;;;False;False;False;53.32888581903402;6.924987378593245;WarmteAtlas:LT_WarmteBronnen_ECW;https://www.warmteatlas.nl/geoserver/WarmteAtlas/wfs;2026-06-23T13:53:17;
257852;594400;W_Gemaal_167;0.0;GemaalWarmte;3.0;Optie B;0.0;0.0;;;;;GM1979;;;;GM1979;;;;GM1979;;;False;False;False;53.32611412689672;6.9308926174539245;WarmteAtlas:LT_WarmteBronnen_ECW;https://www.warmteatlas.nl/geoserver/WarmteAtlas/wfs;2026-06-23T13:53:17;
207352;473500;W_Gemaal_811;0.0;GemaalWarmte;3.0;Optie B;0.0;0.0;;;;;GM0150;;;;GM0150;;;;GM0150;;;False;False;False;52.24705640772552;6.153790457696675;WarmteAtlas:LT_WarmteBronnen_ECW;https://www.warmteatlas.nl/geoserver/WarmteAtlas/wfs;2026-06-23T13:53:17;
208352;473400;W_Gemaal_814;0.0;GemaalWarmte;3.0;Optie B;0.0;0.0;;;;;GM0150;;;;GM0150;;;;GM0150;;;False;False;False;52.24606175244343;6.168416315611393;WarmteAtlas:LT_WarmteBronnen_ECW;https://www.warmteatlas.nl/geoserver/WarmteAtlas/wfs;2026-06-23T13:53:17;
103252;420500;W_Gemaal_1255;0.0;GemaalWarmte;3.0;Optie B;0.0;0.0;;;;;GM0505;;;;GM0505;;;;GM0505;;;False;False;False;51.77077847143686;4.637470168121072;WarmteAtlas:LT_WarmteBronnen_ECW;https://www.warmteatlas.nl/geoserver/WarmteAtlas/wfs;2026-06-23T13:53:17;
102752;420400;W_Gemaal_1258;0.0;GemaalWarmte;3.0;Optie B;0.0;0.0;;;;;GM0505;;;;GM0505;;;;GM0505;;;False;False;False;51.76983316234494;4.630241773334872;WarmteAtlas:LT_WarmteBronnen_ECW;https://www.warmteatlas.nl/geoserver/WarmteAtlas/wfs;2026-06-23T13:53:17;
103752;419400;W_Gemaal_1268;0.0;GemaalWarmte;3.0;Optie B;0.0;0.0;;;;;GM0505;;;;GM0505;;;;GM0505;;;False;False;False;51.7609379648492;4.644876233091595;WarmteAtlas:LT_WarmteBronnen_ECW;https://www.warmteatlas.nl/geoserver/WarmteAtlas/wfs;2026-06-23T13:53:17;
167110;458908;W_Gemaal_62;0.0;GemaalWarmte;3.0;Optie B;0.0;0.0;;;;;GM0228;;;;GM0228;;;;GM0228;;;False;False;False;52.11826075076335;5.564015618297761;WarmteAtlas:LT_WarmteBronnen_ECW;https://www.warmteatlas.nl/geoserver/WarmteAtlas/wfs;2026-06-23T13:53:17;
167772;451241;W_Gemaal_77;0.0;GemaalWarmte;3.0;Optie B;0.0;0.0;;;;;GM0228;;;;GM0228;;;;GM0228;;;False;False;False;52.049334892199276;5.573393733058947;WarmteAtlas:LT_WarmteBronnen_ECW;https://www.warmteatlas.nl/geoserver/WarmteAtlas/wfs;2026-06-23T13:53:17;
259066;536460;W_Gemaal_20;0.0;GemaalWarmte;3.0;Optie B;0.0;0.0;;;;;GM0114;;;;GM0114;;;;GM0114;;;False;False;False;52.805388379859274;6.930496891702826;WarmteAtlas:LT_WarmteBronnen_ECW;https://www.warmteatlas.nl/geoserver/WarmteAtlas/wfs;2026-06-23T13:53:17;
256851;528704;W_Gemaal_24;0.0;GemaalWarmte;3.0;Optie B;0.0;0.0;;;;;GM0114;;;;GM0114;;;;GM0114;;;False;False;False;52.73612775795673;6.895259158911915;WarmteAtlas:LT_WarmteBronnen_ECW;https://www.warmteatlas.nl/geoserver/WarmteAtlas/wfs;2026-06-23T13:53:17;
119336;410658;W_Gemaal_122;0.0;GemaalWarmte;3.0;Optie B;0.0;0.0;;;;;GM0779;;;;GM0779;;;;GM0779;;;False;False;False;51.68357507575354;4.871496490031414;WarmteAtlas:LT_WarmteBronnen_ECW;https://www.warmteatlas.nl/geoserver/WarmteAtlas/wfs;2026-06-23T13:53:17;
109252;448400;W_Gemaal_1000;0.0;GemaalWarmte;3.0;Optie B;0.0;0.0;;;;;GM0513;;;;GM0513;;;;GM0513;;;False;False;False;52.022061112302275;4.720687285007453;WarmteAtlas:LT_WarmteBronnen_ECW;https://www.warmteatlas.nl/geoserver/WarmteAtlas/wfs;2026-06-23T13:53:17;
109352;447600;W_Gemaal_1009;0.0;GemaalWarmte;3.0;Optie B;0.0;0.0;;;;;GM0513;;;;GM0513;;;;GM0513;;;False;False;False;52.01487924417032;4.722250810272444;WarmteAtlas:LT_WarmteBronnen_ECW;https://www.warmteatlas.nl/geoserver/WarmteAtlas/wfs;2026-06-23T13:53:17;
108952;446800;W_Gemaal_1021;0.0;GemaalWarmte;3.0;Optie B;0.0;0.0;;;;;GM0513;;;;GM0513;;;;GM0513;;;False;False;False;52.00765608335801;4.716531995409134;WarmteAtlas:LT_WarmteBronnen_ECW;https://www.warmteatlas.nl/geoserver/WarmteAtlas/wfs;2026-06-23T13:53:17;
108552;446700;W_Gemaal_1022;0.0;GemaalWarmte;3.0;Optie B;0.0;0.0;;;;;GM0513;;;;GM0513;;;;GM0513;;;False;False;False;52.00672398518503;4.710720101643;WarmteAtlas:LT_WarmteBronnen_ECW;https://www.warmteatlas.nl/geoserver/WarmteAtlas/wfs;2026-06-23T13:53:17;
109052;446500;W_Gemaal_1024;0.0;GemaalWarmte;3.0;Optie B;0.0;0.0;;;;;GM0513;;;;GM0513;;;;GM0513;;;False;False;False;52.00496807922148;4.718028607720606;WarmteAtlas:LT_WarmteBronnen_ECW;https://www.warmteatlas.nl/geoserver/WarmteAtlas/wfs;2026-06-23T13:53:17;
105742;484821;W_Gemaal_37;0.0;GemaalWarmte;3.0;Optie B;0.0;0.0;;;;;GM0392;;;;GM0392;;;;GM0392;;;False;False;False;52.34908690253579;4.664265979079194;WarmteAtlas:LT_WarmteBronnen_ECW;https://www.warmteatlas.nl/geoserver/WarmteAtlas/wfs;2026-06-23T13:53:17;
104750;479043;W_Gemaal_41;0.0;GemaalWarmte;3.0;Optie B;0.0;0.0;;;;;GM0394;;;;GM0394;;;;GM0394;;;False;False;False;52.29706991973123;4.650569686181287;WarmteAtlas:LT_WarmteBronnen_ECW;https://www.warmteatlas.nl/geoserver/WarmteAtlas/wfs;2026-06-23T13:53:17;
106272;482271;W_Gemaal_43;0.0;GemaalWarmte;3.0;Optie B;0.0;0.0;;;;;GM0394;;;;GM0394;;;;GM0394;;;False;False;False;52.326217164839186;4.672413033566631;WarmteAtlas:LT_WarmteBronnen_ECW;https://www.warmteatlas.nl/geoserver/WarmteAtlas/wfs;2026-06-23T13:53:17;
106432;491022;W_Gemaal_44;0.0;GemaalWarmte;3.0;Optie B;0.0;0.0;;;;;GM0394;;;;GM0394;;;;GM0394;;;False;False;False;52.40487664074377;4.673495708793116;WarmteAtlas:LT_WarmteBronnen_ECW;https://www.warmteatlas.nl/geoserver/WarmteAtlas/wfs;2026-06-23T13:53:17;
104808;479059;W_Gemaal_45;0.0;GemaalWarmte;3.0;Optie B;0.0;0.0;;;;;GM0394;;;;GM0394;;;;GM0394;;;False;False;False;52.2972190064244;4.651417483349691;WarmteAtlas:LT_WarmteBronnen_ECW;https://www.warmteatlas.nl/geoserver/WarmteAtlas/wfs;2026-06-23T13:53:17;
114952;479500;W_Gemaal_763;0.0;GemaalWarmte;3.0;Optie B;0.0;0.0;;;;;GM0394;;;;GM0394;;;;GM0394;;;False;False;False;52.302014133408875;4.800062053360975;WarmteAtlas:LT_WarmteBronnen_ECW;https://www.warmteatlas.nl/geoserver/WarmteAtlas/wfs;2026-06-23T13:53:17;
110452;479000;W_Gemaal_767;0.0;GemaalWarmte;3.0;Optie B;0.0;0.0;;;;;GM0394;;;;GM0394;;;;GM0394;;;False;False;False;52.29717460093577;4.734157671176745;WarmteAtlas:LT_WarmteBronnen_ECW;https://www.warmteatlas.nl/geoserver/WarmteAtlas/wfs;2026-06-23T13:53:17;
113352;477300;W_Gemaal_779;0.0;GemaalWarmte;3.0;Optie B;0.0;0.0;;;;;GM0394;;;;GM0394;;;;GM0394;;;False;False;False;52.282123315531216;4.776877262230615;WarmteAtlas:LT_WarmteBronnen_ECW;https://www.warmteatlas.nl/geoserver/WarmteAtlas/wfs;2026-06-23T13:53:17;
243776;502811;W_Gemaal_30;0.0;GemaalWarmte;3.0;Optie B;0.0;0.0;;;;;GM0160;;;;GM0160;;;;GM0160;;;False;False;False;52.50576997494288;6.694785796983785;WarmteAtlas:LT_WarmteBronnen_ECW;https://www.warmteatlas.nl/geoserver/WarmteAtlas/wfs;2026-06-23T13:53:17;
237852;510100;W_Gemaal_614;0.0;GemaalWarmte;3.0;Optie B;0.0;0.0;;;;;GM0160;;;;GM0160;;;;GM0160;;;False;False;False;52.57219559565686;6.609364147240951;WarmteAtlas:LT_WarmteBronnen_ECW;https://www.warmteatlas.nl/geoserver/WarmteAtlas/wfs;2026-06-23T13:53:17;
178402;387548;W_Gemaal_133;0.0;GemaalWarmte;3.0;Optie B;0.0;0.0;;;;;GM0794;;;;GM0794;;;;GM0794;;;False;False;False;51.47649733593203;5.724054770228062;WarmteAtlas:LT_WarmteBronnen_ECW;https://www.warmteatlas.nl/geoserver/WarmteAtlas/wfs;2026-06-23T13:53:17;
176277;386282;W_Gemaal_1571;0.0;GemaalWarmte;3.0;Optie B;0.0;0.0;;;;;GM0794;;;;GM0794;;;;GM0794;;;False;False;False;51.465202133371704;5.693390884877793;WarmteAtlas:LT_WarmteBronnen_ECW;https://www.warmteatlas.nl/geoserver/WarmteAtlas/wfs;2026-06-23T13:53:17;
136342;394662;W_Gemaal_127;0.0;GemaalWarmte;3.0;Optie B;0.0;0.0;;;;;GM0798;;;;GM0798;;;;GM0798;;;False;False;False;51.54061984748221;5.118255033556969;WarmteAtlas:LT_WarmteBronnen_ECW;https://www.warmteatlas.nl/geoserver/WarmteAtlas/wfs;2026-06-23T13:53:17;
224894;525017;W_Gemaal_23;0.0;GemaalWarmte;3.0;Optie B;0.0;0.0;;;;;GM0118;;;;GM0118;;;;GM0118;;;False;False;False;52.708050834575914;6.421398889881768;WarmteAtlas:LT_WarmteBronnen_ECW;https://www.warmteatlas.nl/geoserver/WarmteAtlas/wfs;2026-06-23T13:53:17;
137352;451300;W_Gemaal_974;0.0;GemaalWarmte;3.0;Optie B;0.0;0.0;;;;;GM0321;;;;GM0321;;;;GM0321;;;False;False;False;52.0497319676885;5.129927566191974;WarmteAtlas:LT_WarmteBronnen_ECW;https://www.warmteatlas.nl/geoserver/WarmteAtlas/wfs;2026-06-23T13:53:17;
188252;507500;W_Gemaal_622;0.0;GemaalWarmte;3.0;Optie B;0.0;0.0;;;;;GM0166;;;;GM0166;;;;GM0166;;;False;False;False;52.5541067219925;5.877494025758661;WarmteAtlas:LT_WarmteBronnen_ECW;https://www.warmteatlas.nl/geoserver/WarmteAtlas/wfs;2026-06-23T13:53:17;
187052;506600;W_Gemaal_626;0.0;GemaalWarmte;3.0;Optie B;0.0;0.0;;;;;GM0166;;;;GM0166;;;;GM0166;;;False;False;False;52.54609022942628;5.859714356384138;WarmteAtlas:LT_WarmteBronnen_ECW;https://www.warmteatlas.nl/geoserver/WarmteAtlas/wfs;2026-06-23T13:53:17;
90008;463994;W_Gemaal_69;0.0;GemaalWarmte;3.0;Optie B;0.0;0.0;;;;;GM0537;;;;GM0537;;;;GM0537;;;False;False;False;52.16028386519487;4.43737500991616;WarmteAtlas:LT_WarmteBronnen_ECW;https://www.warmteatlas.nl/geoserver/WarmteAtlas/wfs;2026-06-23T13:53:17;
87952;469300;W_Gemaal_841;0.0;GemaalWarmte;3.0;Optie B;0.0;0.0;;;;;GM0537;;;;GM0537;;;;GM0537;;;False;False;False;52.20772220785821;4.406283319116458;WarmteAtlas:LT_WarmteBronnen_ECW;https://www.warmteatlas.nl/geoserver/WarmteAtlas/wfs;2026-06-23T13:53:17;
125052;499300;W_Gemaal_665;0.0;GemaalWarmte;3.0;Optie B;0.0;0.0;;;;;GM0415;;;;GM0415;;;;GM0415;;;False;False;False;52.48060526987521;4.946366940731761;WarmteAtlas:LT_WarmteBronnen_ECW;https://www.warmteatlas.nl/geoserver/WarmteAtlas/wfs;2026-06-23T13:53:17;
94552;465300;W_Gemaal_865;0.0;GemaalWarmte;3.0;Optie B;0.0;0.0;;;;;GM0546;;;;GM0546;;;;GM0546;;;False;False;False;52.17253681273287;4.5035432433309195;WarmteAtlas:LT_WarmteBronnen_ECW;https://www.warmteatlas.nl/geoserver/WarmteAtlas/wfs;2026-06-23T13:53:17;
97152;465100;W_Gemaal_868;0.0;GemaalWarmte;3.0;Optie B;0.0;0.0;;;;;GM0547;;;;GM0547;;;;GM0547;;;False;False;False;52.17101784922324;4.541581416684239;WarmteAtlas:LT_WarmteBronnen_ECW;https://www.warmteatlas.nl/geoserver/WarmteAtlas/wfs;2026-06-23T13:53:17;
96852;464700;W_Gemaal_871;0.0;GemaalWarmte;3.0;Optie B;0.0;0.0;;;;;GM0547;;;;GM0547;;;;GM0547;;;False;False;False;52.167391504712306;4.537264962693495;WarmteAtlas:LT_WarmteBronnen_ECW;https://www.warmteatlas.nl/geoserver/WarmteAtlas/wfs;2026-06-23T13:53:17;
90486;458099;W_Gemaal_70;0.0;GemaalWarmte;3.0;Optie B;0.0;0.0;;;;;GM1916;;;;GM1916;;;;GM1916;;;False;False;False;52.10736168653308;4.445477638773725;WarmteAtlas:LT_WarmteBronnen_ECW;https://www.warmteatlas.nl/geoserver/WarmteAtlas/wfs;2026-06-23T13:53:17;
88052;456200;W_Gemaal_925;0.0;GemaalWarmte;3.0;Optie B;0.0;0.0;;;;;GM1916;;;;GM1916;;;;GM1916;;;False;False;False;52.090006320003944;4.410325821992082;WarmteAtlas:LT_WarmteBronnen_ECW;https://www.warmteatlas.nl/geoserver/WarmteAtlas/wfs;2026-06-23T13:53:17;
87052;455100;W_Gemaal_938;0.0;GemaalWarmte;3.0;Optie B;0.0;0.0;;;;;GM1916;;;;GM1916;;;;GM1916;;;False;False;False;52.07999884934683;4.39595543857192;WarmteAtlas:LT_WarmteBronnen_ECW;https://www.warmteatlas.nl/geoserver/WarmteAtlas/wfs;2026-06-23T13:53:17;
87852;454800;W_Gemaal_943;0.0;GemaalWarmte;3.0;Optie B;0.0;0.0;;;;;GM1916;;;;GM1916;;;;GM1916;;;False;False;False;52.07740034345566;4.40768350068411;WarmteAtlas:LT_WarmteBronnen_ECW;https://www.warmteatlas.nl/geoserver/WarmteAtlas/wfs;2026-06-23T13:53:17;
86552;454400;W_Gemaal_945;0.0;GemaalWarmte;3.0;Optie B;0.0;0.0;;;;;GM1916;;;;GM1916;;;;GM1916;;;False;False;False;52.073646416266286;4.388802741653625;WarmteAtlas:LT_WarmteBronnen_ECW;https://www.warmteatlas.nl/geoserver/WarmteAtlas/wfs;2026-06-23T13:53:17;
193841;439147;W_Gemaal_1510;0.0;GemaalWarmte;3.0;Optie B;0.0;0.0;;;;;GM1705;;;;GM1705;;;;GM1705;;;False;False;False;51.939421871554615;5.95204524647352;WarmteAtlas:LT_WarmteBronnen_ECW;https://www.warmteatlas.nl/geoserver/WarmteAtlas/wfs;2026-06-23T13:53:17;
190064;432677;W_Gemaal_88;0.0;GemaalWarmte;3.0;Optie B;0.0;0.0;;;;;GM1705;;;;GM1705;;;;GM1705;;;False;False;False;51.88152083412952;5.896461165393852;WarmteAtlas:LT_WarmteBronnen_ECW;https://www.warmteatlas.nl/geoserver/WarmteAtlas/wfs;2026-06-23T13:53:17;
193647;438007;W_Gemaal_99;0.0;GemaalWarmte;3.0;Optie B;0.0;0.0;;;;;GM1705;;;;GM1705;;;;GM1705;;;False;False;False;51.92918921140949;5.9490959140532995;WarmteAtlas:LT_WarmteBronnen_ECW;https://www.warmteatlas.nl/geoserver/WarmteAtlas/wfs;2026-06-23T13:53:17;
146954;417714;W_Gemaal_114;0.0;GemaalWarmte;3.0;Optie B;0.0;0.0;;;;;GM0263;;;;GM0263;;;;GM0263;;;False;False;False;51.74807486067672;5.270690497079252;WarmteAtlas:LT_WarmteBronnen_ECW;https://www.warmteatlas.nl/geoserver/WarmteAtlas/wfs;2026-06-23T13:53:17;
149826;425099;W_Gemaal_116;0.0;GemaalWarmte;3.0;Optie B;0.0;0.0;;;;;GM0263;;;;GM0263;;;;GM0263;;;False;False;False;51.81448808807566;5.31216888515999;WarmteAtlas:LT_WarmteBronnen_ECW;https://www.warmteatlas.nl/geoserver/WarmteAtlas/wfs;2026-06-23T13:53:17;
152517;419311;W_Gemaal_119;0.0;GemaalWarmte;3.0;Optie B;0.0;0.0;;;;;GM0263;;;;GM0263;;;;GM0263;;;False;False;False;51.762481663002056;5.35123508580129;WarmteAtlas:LT_WarmteBronnen_ECW;https://www.warmteatlas.nl/geoserver/WarmteAtlas/wfs;2026-06-23T13:53:17;
188907;354954;W_Gemaal_137;0.0;GemaalWarmte;3.0;Optie B;0.0;0.0;;;;;GM1641;;;;GM1641;;;;GM1641;;;False;False;False;51.18299285133009;5.872142520651345;WarmteAtlas:LT_WarmteBronnen_ECW;https://www.warmteatlas.nl/geoserver/WarmteAtlas/wfs;2026-06-23T13:53:17;
188990;352104;W_Gemaal_139;0.0;GemaalWarmte;3.0;Optie B;0.0;0.0;;;;;GM1641;;;;GM1641;;;;GM1641;;;False;False;False;51.15737061592358;5.873058341574688;WarmteAtlas:LT_WarmteBronnen_ECW;https://www.warmteatlas.nl/geoserver/WarmteAtlas/wfs;2026-06-23T13:53:17;
190803;352343;W_Gemaal_141;0.0;GemaalWarmte;3.0;Optie B;0.0;0.0;;;;;GM1641;;;;GM1641;;;;GM1641;;;False;False;False;51.159407549104095;5.898996636695349;WarmteAtlas:LT_WarmteBronnen_ECW;https://www.warmteatlas.nl/geoserver/WarmteAtlas/wfs;2026-06-23T13:53:17;
190096;353662;W_Gemaal_144;0.0;GemaalWarmte;3.0;Optie B;0.0;0.0;;;;;GM1641;;;;GM1641;;;;GM1641;;;False;False;False;51.17130748119896;5.88902015660381;WarmteAtlas:LT_WarmteBronnen_ECW;https://www.warmteatlas.nl/geoserver/WarmteAtlas/wfs;2026-06-23T13:53:17;
187304;347923;W_Gemaal_147;0.0;GemaalWarmte;3.0;Optie B;0.0;0.0;;;;;GM1641;;;;GM1641;;;;GM1641;;;False;False;False;51.11988782595761;5.848581602847409;WarmteAtlas:LT_WarmteBronnen_ECW;https://www.warmteatlas.nl/geoserver/WarmteAtlas/wfs;2026-06-23T13:53:17;
187064;347771;W_Gemaal_148;0.0;GemaalWarmte;3.0;Optie B;0.0;0.0;;;;;GM1641;;;;GM1641;;;;GM1641;;;False;False;False;51.11853514180604;5.845140296926836;WarmteAtlas:LT_WarmteBronnen_ECW;https://www.warmteatlas.nl/geoserver/WarmteAtlas/wfs;2026-06-23T13:53:17;
141452;528900;W_Gemaal_509;0.0;GemaalWarmte;3.0;Optie B;0.0;0.0;;;;;GM0420;;;;GM0420;;;;GM0420;;;False;False;False;52.74727290945187;5.186566799409442;WarmteAtlas:LT_WarmteBronnen_ECW;https://www.warmteatlas.nl/geoserver/WarmteAtlas/wfs;2026-06-23T13:53:17;
210652;524400;W_Gemaal_533;0.0;GemaalWarmte;3.0;Optie B;0.0;0.0;;;;;GM0119;;;;GM0119;;;;GM0119;;;False;False;False;52.70415128929232;6.2105853754856355;WarmteAtlas:LT_WarmteBronnen_ECW;https://www.warmteatlas.nl/geoserver/WarmteAtlas/wfs;2026-06-23T13:53:17;
210552;523200;W_Gemaal_539;0.0;GemaalWarmte;3.0;Optie B;0.0;0.0;;;;;GM0119;;;;GM0119;;;;GM0119;;;False;False;False;52.69337814708386;6.208904166364192;WarmteAtlas:LT_WarmteBronnen_ECW;https://www.warmteatlas.nl/geoserver/WarmteAtlas/wfs;2026-06-23T13:53:17;
31152;392400;W_Gemaal_1446;0.0;GemaalWarmte;3.0;Optie B;0.0;0.0;;;;;GM0687;;;;GM0687;;;;GM0687;;;False;False;False;51.50697215592541;3.6031916950530087;WarmteAtlas:LT_WarmteBronnen_ECW;https://www.warmteatlas.nl/geoserver/WarmteAtlas/wfs;2026-06-23T13:53:17;
29952;391700;W_Gemaal_1447;0.0;GemaalWarmte;3.0;Optie B;0.0;0.0;;;;;GM0687;;;;GM0687;;;;GM0687;;;False;False;False;51.50041736243217;3.5861630992447266;WarmteAtlas:LT_WarmteBronnen_ECW;https://www.warmteatlas.nl/geoserver/WarmteAtlas/wfs;2026-06-23T13:53:17;
31452;390700;W_Gemaal_1450;0.0;GemaalWarmte;3.0;Optie B;0.0;0.0;;;;;GM0687;;;;GM0687;;;;GM0687;;;False;False;False;51.49176334828975;3.6081087608263163;WarmteAtlas:LT_WarmteBronnen_ECW;https://www.warmteatlas.nl/geoserver/WarmteAtlas/wfs;2026-06-23T13:53:17;
223001;544916;W_Gemaal_15;0.0;GemaalWarmte;3.0;Optie B;0.0;0.0;;;;;GM1731;;;;GM1731;;;;GM1731;;;False;False;False;52.88709401074349;6.39751132839386;WarmteAtlas:LT_WarmteBronnen_ECW;https://www.warmteatlas.nl/geoserver/WarmteAtlas/wfs;2026-06-23T13:53:17;
228800;541807;W_Gemaal_21;0.0;GemaalWarmte;3.0;Optie B;0.0;0.0;;;;;GM1731;;;;GM1731;;;;GM1731;;;False;False;False;52.858398794561026;6.482952662477291;WarmteAtlas:LT_WarmteBronnen_ECW;https://www.warmteatlas.nl/geoserver/WarmteAtlas/wfs;2026-06-23T13:53:17;
242265;580505;W_Gemaal_6;0.0;GemaalWarmte;3.0;Optie B;0.0;0.0;;;;;GM1952;;;;GM1952;;;;GM1952;;;False;False;False;53.20406464825611;6.693232512537135;WarmteAtlas:LT_WarmteBronnen_ECW;https://www.warmteatlas.nl/geoserver/WarmteAtlas/wfs;2026-06-23T13:53:17;
102352;406300;W_Gemaal_1368;0.0;GemaalWarmte;3.0;Optie B;0.0;0.0;;;;;GM1709;;;;GM1709;;;;GM1709;;;False;False;False;51.64306716180136;4.626581578414754;WarmteAtlas:LT_WarmteBronnen_ECW;https://www.warmteatlas.nl/geoserver/WarmteAtlas/wfs;2026-06-23T13:53:17;
204879;439385;W_Gemaal_92;0.0;GemaalWarmte;3.0;Optie B;0.0;0.0;;;;;GM1955;;;;GM1955;;;;GM1955;;;False;False;False;51.94067991151729;6.1125882148700255;WarmteAtlas:LT_WarmteBronnen_ECW;https://www.warmteatlas.nl/geoserver/WarmteAtlas/wfs;2026-06-23T13:53:17;
191855;415908;W_Gemaal_121;0.0;GemaalWarmte;3.0;Optie B;0.0;0.0;;;;;GM0944;;;;GM0944;;;;GM0944;;;False;False;False;51.730684343956284;5.920685012325777;WarmteAtlas:LT_WarmteBronnen_ECW;https://www.warmteatlas.nl/geoserver/WarmteAtlas/wfs;2026-06-23T13:53:17;
191855;415908;W_Gemaal_1517;0.0;GemaalWarmte;3.0;Optie B;0.0;0.0;;;;;GM0944;;;;GM0944;;;;GM0944;;;False;False;False;51.730684343956284;5.920685012325777;WarmteAtlas:LT_WarmteBronnen_ECW;https://www.warmteatlas.nl/geoserver/WarmteAtlas/wfs;2026-06-23T13:53:17;
134052;448300;W_Gemaal_1002;0.0;GemaalWarmte;3.0;Optie B;0.0;0.0;;;;;GM0356;;;;GM0356;;;;GM0356;;;False;False;False;52.022653120481735;5.082003922103509;WarmteAtlas:LT_WarmteBronnen_ECW;https://www.warmteatlas.nl/geoserver/WarmteAtlas/wfs;2026-06-23T13:53:17;
134552;448100;W_Gemaal_1004;0.0;GemaalWarmte;3.0;Optie B;0.0;0.0;;;;;GM0356;;;;GM0356;;;;GM0356;;;False;False;False;52.02087416759648;5.089300456842757;WarmteAtlas:LT_WarmteBronnen_ECW;https://www.warmteatlas.nl/geoserver/WarmteAtlas/wfs;2026-06-23T13:53:17;
188752;428800;W_Gemaal_1203;0.0;GemaalWarmte;3.0;Optie B;0.0;0.0;;;;;GM0268;;;;GM0268;;;;GM0268;;;False;False;False;51.84675526712428;5.8770272514538355;WarmteAtlas:LT_WarmteBronnen_ECW;https://www.warmteatlas.nl/geoserver/WarmteAtlas/wfs;2026-06-23T13:53:17;
94809;477206;W_Gemaal_58;0.0;GemaalWarmte;3.0;Optie B;0.0;0.0;;;;;GM0575;;;;GM0575;;;;GM0575;;;False;False;False;52.27956353123501;4.505183454799426;WarmteAtlas:LT_WarmteBronnen_ECW;https://www.warmteatlas.nl/geoserver/WarmteAtlas/wfs;2026-06-23T13:53:17;
93552;468158;W_Gemaal_57;0.0;GemaalWarmte;3.0;Optie B;0.0;0.0;;;;;GM0579;;;;GM0579;;;;GM0579;;;False;False;False;52.198111252125315;4.488408893170555;WarmteAtlas:LT_WarmteBronnen_ECW;https://www.warmteatlas.nl/geoserver/WarmteAtlas/wfs;2026-06-23T13:53:17;
155983;424616;W_Gemaal_113;0.0;GemaalWarmte;3.0;Optie B;0.0;0.0;;;;;GM0828;;;;GM0828;;;;GM0828;;;False;False;False;51.810169704829484;5.401456346413937;WarmteAtlas:LT_WarmteBronnen_ECW;https://www.warmteatlas.nl/geoserver/WarmteAtlas/wfs;2026-06-23T13:53:17;
221178;434657;W_Gemaal_102;0.0;GemaalWarmte;3.0;Optie B;0.0;0.0;;;;;GM1509;;;;GM1509;;;;GM1509;;;False;False;False;51.896486600306254;6.348685205758516;WarmteAtlas:LT_WarmteBronnen_ECW;https://www.warmteatlas.nl/geoserver/WarmteAtlas/wfs;2026-06-23T13:53:17;
220495;432442;W_Gemaal_98;0.0;GemaalWarmte;3.0;Optie B;0.0;0.0;;;;;GM1509;;;;GM1509;;;;GM1509;;;False;False;False;51.87666056604905;6.338342247843076;WarmteAtlas:LT_WarmteBronnen_ECW;https://www.warmteatlas.nl/geoserver/WarmteAtlas/wfs;2026-06-23T13:53:17;
188086;439072;W_Gemaal_100;0.0;GemaalWarmte;3.0;Optie B;0.0;0.0;;;;;GM1734;;;;GM1734;;;;GM1734;;;False;False;False;51.93912020506184;5.868349402601336;WarmteAtlas:LT_WarmteBronnen_ECW;https://www.warmteatlas.nl/geoserver/WarmteAtlas/wfs;2026-06-23T13:53:17;
182068;434094;W_Gemaal_101;0.0;GemaalWarmte;3.0;Optie B;0.0;0.0;;;;;GM1734;;;;GM1734;;;;GM1734;;;False;False;False;51.89470325947837;5.78044412538609;WarmteAtlas:LT_WarmteBronnen_ECW;https://www.warmteatlas.nl/geoserver/WarmteAtlas/wfs;2026-06-23T13:53:17;
259692;567486;W_Gemaal_13;0.0;GemaalWarmte;3.0;Optie B;0.0;0.0;;;;;GM0765;;;;GM0765;;;;GM0765;;;False;False;False;53.08399255804058;6.949738340674418;WarmteAtlas:LT_WarmteBronnen_ECW;https://www.warmteatlas.nl/geoserver/WarmteAtlas/wfs;2026-06-23T13:53:17;
125852;500500;W_Gemaal_658;0.0;GemaalWarmte;3.0;Optie B;0.0;0.0;;;;;GM0439;;;;GM0439;;;;GM0439;;;False;False;False;52.49143302020616;4.95803802903847;WarmteAtlas:LT_WarmteBronnen_ECW;https://www.warmteatlas.nl/geoserver/WarmteAtlas/wfs;2026-06-23T13:53:17;
217434;492916;W_Gemaal_31;0.0;GemaalWarmte;3.0;Optie B;0.0;0.0;;;;;GM0177;;;;GM0177;;;;GM0177;;;False;False;False;52.42049173891777;6.305005008801374;WarmteAtlas:LT_WarmteBronnen_ECW;https://www.warmteatlas.nl/geoserver/WarmteAtlas/wfs;2026-06-23T13:53:17;
216152;489600;W_Gemaal_712;0.0;GemaalWarmte;3.0;Optie B;0.0;0.0;;;;;GM0177;;;;GM0177;;;;GM0177;;;False;False;False;52.39083669837884;6.285556772129798;WarmteAtlas:LT_WarmteBronnen_ECW;https://www.warmteatlas.nl/geoserver/WarmteAtlas/wfs;2026-06-23T13:53:17;
203420;445704;W_Gemaal_74;0.0;GemaalWarmte;3.0;Optie B;0.0;0.0;;;;;GM0275;;;;GM0275;;;;GM0275;;;False;False;False;51.99760181745902;6.092263736828711;WarmteAtlas:LT_WarmteBronnen_ECW;https://www.warmteatlas.nl/geoserver/WarmteAtlas/wfs;2026-06-23T13:53:17;
81152;451700;W_Gemaal_968;0.0;GemaalWarmte;3.0;Optie B;0.0;0.0;;;;;GM0603;;;;GM0603;;;;GM0603;;;False;False;False;52.04868843560381;4.310633591519555;WarmteAtlas:LT_WarmteBronnen_ECW;https://www.warmteatlas.nl/geoserver/WarmteAtlas/wfs;2026-06-23T13:53:17;
84152;449100;W_Gemaal_992;0.0;GemaalWarmte;3.0;Optie B;0.0;0.0;;;;;GM0603;;;;GM0603;;;;GM0603;;;False;False;False;52.02571406238429;4.3548999239685084;WarmteAtlas:LT_WarmteBronnen_ECW;https://www.warmteatlas.nl/geoserver/WarmteAtlas/wfs;2026-06-23T13:53:17;
195706;357397;W_Gemaal_142;0.0;GemaalWarmte;3.0;Optie B;0.0;0.0;;;;;GM0957;;;;GM0957;;;;GM0957;;;False;False;False;51.2045049128555;5.969657108292095;WarmteAtlas:LT_WarmteBronnen_ECW;https://www.warmteatlas.nl/geoserver/WarmteAtlas/wfs;2026-06-23T13:53:17;
193824;354855;W_Gemaal_143;0.0;GemaalWarmte;3.0;Optie B;0.0;0.0;;;;;GM0957;;;;GM0957;;;;GM0957;;;False;False;False;51.181788164115645;5.942452420182701;WarmteAtlas:LT_WarmteBronnen_ECW;https://www.warmteatlas.nl/geoserver/WarmteAtlas/wfs;2026-06-23T13:53:17;
93352;440100;W_Gemaal_1098;0.0;GemaalWarmte;3.0;Optie B;0.0;0.0;;;;;GM0599;;;;GM0599;;;;GM0599;;;False;False;False;51.94592754735316;4.490551590777014;WarmteAtlas:LT_WarmteBronnen_ECW;https://www.warmteatlas.nl/geoserver/WarmteAtlas/wfs;2026-06-23T13:53:17;
98152;439500;W_Gemaal_1105;0.0;GemaalWarmte;3.0;Optie B;0.0;0.0;;;;;GM0599;;;;GM0599;;;;GM0599;;;False;False;False;51.94104664727732;4.560458146934282;WarmteAtlas:LT_WarmteBronnen_ECW;https://www.warmteatlas.nl/geoserver/WarmteAtlas/wfs;2026-06-23T13:53:17;
93752;437700;W_Gemaal_1124;0.0;GemaalWarmte;3.0;Optie B;0.0;0.0;;;;;GM0599;;;;GM0599;;;;GM0599;;;False;False;False;51.92440212035062;4.496796437121332;WarmteAtlas:LT_WarmteBronnen_ECW;https://www.warmteatlas.nl/geoserver/WarmteAtlas/wfs;2026-06-23T13:53:17;
91352;435900;W_Gemaal_1136;0.0;GemaalWarmte;3.0;Optie B;0.0;0.0;;;;;GM0599;;;;GM0599;;;;GM0599;;;False;False;False;51.90795553750719;4.462243149157397;WarmteAtlas:LT_WarmteBronnen_ECW;https://www.warmteatlas.nl/geoserver/WarmteAtlas/wfs;2026-06-23T13:53:17;
86252;433400;W_Gemaal_1162;0.0;GemaalWarmte;3.0;Optie B;0.0;0.0;;;;;GM0599;;;;GM0599;;;;GM0599;;;False;False;False;51.884880966691206;4.388637184170521;WarmteAtlas:LT_WarmteBronnen_ECW;https://www.warmteatlas.nl/geoserver/WarmteAtlas/wfs;2026-06-23T13:53:17;
86752;432500;W_Gemaal_1167;0.0;GemaalWarmte;3.0;Optie B;0.0;0.0;;;;;GM0599;;;;GM0599;;;;GM0599;;;False;False;False;51.87685398274113;4.396076847339028;WarmteAtlas:LT_WarmteBronnen_ECW;https://www.warmteatlas.nl/geoserver/WarmteAtlas/wfs;2026-06-23T13:53:17;
86952;435600;W_Gemaal_1139;0.0;GemaalWarmte;3.0;Optie B;0.0;0.0;;;;;GM0606;;;;GM0606;;;;GM0606;;;False;False;False;51.90473877128587;4.398368604606556;WarmteAtlas:LT_WarmteBronnen_ECW;https://www.warmteatlas.nl/geoserver/WarmteAtlas/wfs;2026-06-23T13:53:17;
78252;456400;W_Gemaal_922;0.0;GemaalWarmte;3.0;Optie B;0.0;0.0;;;;;GM0518;;;;GM0518;;;;GM0518;;;False;False;False;52.0905317623526;4.267307729021307;WarmteAtlas:LT_WarmteBronnen_ECW;https://www.warmteatlas.nl/geoserver/WarmteAtlas/wfs;2026-06-23T13:53:17;
78652;455700;W_Gemaal_932;0.0;GemaalWarmte;3.0;Optie B;0.0;0.0;;;;;GM0518;;;;GM0518;;;;GM0518;;;False;False;False;52.08429641994542;4.273300117830391;WarmteAtlas:LT_WarmteBronnen_ECW;https://www.warmteatlas.nl/geoserver/WarmteAtlas/wfs;2026-06-23T13:53:17;
79652;451300;W_Gemaal_973;0.0;GemaalWarmte;3.0;Optie B;0.0;0.0;;;;;GM0518;;;;GM0518;;;;GM0518;;;False;False;False;52.04489184825494;4.288858311258111;WarmteAtlas:LT_WarmteBronnen_ECW;https://www.warmteatlas.nl/geoserver/WarmteAtlas/wfs;2026-06-23T13:53:17;
153497;416577;W_Gemaal_111;0.0;GemaalWarmte;3.0;Optie B;0.0;0.0;;;;;GM0796;;;;GM0796;;;;GM0796;;;False;False;False;51.73791075532372;5.365442427166589;WarmteAtlas:LT_WarmteBronnen_ECW;https://www.warmteatlas.nl/geoserver/WarmteAtlas/wfs;2026-06-23T13:53:17;
145398;413192;W_Gemaal_123;0.0;GemaalWarmte;3.0;Optie B;0.0;0.0;;;;;GM0796;;;;GM0796;;;;GM0796;;;False;False;False;51.70740461923802;5.2482834867868196;WarmteAtlas:LT_WarmteBronnen_ECW;https://www.warmteatlas.nl/geoserver/WarmteAtlas/wfs;2026-06-23T13:53:17;
148159;413090;W_Gemaal_124;0.0;GemaalWarmte;3.0;Optie B;0.0;0.0;;;;;GM0796;;;;GM0796;;;;GM0796;;;False;False;False;51.706528301045886;5.2882306059617505;WarmteAtlas:LT_WarmteBronnen_ECW;https://www.warmteatlas.nl/geoserver/WarmteAtlas/wfs;2026-06-23T13:53:17;
147252;413900;W_Gemaal_1312;0.0;GemaalWarmte;3.0;Optie B;0.0;0.0;;;;;GM0796;;;;GM0796;;;;GM0796;;;False;False;False;51.71379715067867;5.275090699957578;WarmteAtlas:LT_WarmteBronnen_ECW;https://www.warmteatlas.nl/geoserver/WarmteAtlas/wfs;2026-06-23T13:53:17;
209852;511100;W_Gemaal_604;0.0;GemaalWarmte;3.0;Optie B;0.0;0.0;;;;;GM0180;;;;GM0180;;;;GM0180;;;False;False;False;52.58471503269433;6.19654777443675;WarmteAtlas:LT_WarmteBronnen_ECW;https://www.warmteatlas.nl/geoserver/WarmteAtlas/wfs;2026-06-23T13:53:17;
85152;407300;W_Gemaal_1362;0.0;GemaalWarmte;3.0;Optie B;0.0;0.0;;;;;GM0851;;;;GM0851;;;;GM0851;;;False;False;False;51.65017607759493;4.3779204440130615;WarmteAtlas:LT_WarmteBronnen_ECW;https://www.warmteatlas.nl/geoserver/WarmteAtlas/wfs;2026-06-23T13:53:17;
85352;405400;W_Gemaal_1374;0.0;GemaalWarmte;3.0;Optie B;0.0;0.0;;;;;GM0851;;;;GM0851;;;;GM0851;;;False;False;False;51.63312487446547;4.3811892078034;WarmteAtlas:LT_WarmteBronnen_ECW;https://www.warmteatlas.nl/geoserver/WarmteAtlas/wfs;2026-06-23T13:53:17;
205925;535217;W_Gemaal_22;0.0;GemaalWarmte;3.0;Optie B;0.0;0.0;;;;;GM1708;;;;GM1708;;;;GM1708;;;False;False;False;52.801817733121354;6.142327458469972;WarmteAtlas:LT_WarmteBronnen_ECW;https://www.warmteatlas.nl/geoserver/WarmteAtlas/wfs;2026-06-23T13:53:17;
134557;461423;W_Gemaal_66;0.0;GemaalWarmte;3.0;Optie B;0.0;0.0;;;;;GM1904;;;;GM1904;;;;GM1904;;;False;False;False;52.14062064988684;5.088575258510896;WarmteAtlas:LT_WarmteBronnen_ECW;https://www.warmteatlas.nl/geoserver/WarmteAtlas/wfs;2026-06-23T13:53:17;
132652;460700;W_Gemaal_897;0.0;GemaalWarmte;3.0;Optie B;0.0;0.0;;;;;GM1904;;;;GM1904;;;;GM1904;;;False;False;False;52.134048735270035;5.060795208649854;WarmteAtlas:LT_WarmteBronnen_ECW;https://www.warmteatlas.nl/geoserver/WarmteAtlas/wfs;2026-06-23T13:53:17;
95449;467462;W_Gemaal_56;0.0;GemaalWarmte;3.0;Optie B;0.0;0.0;;;;;GM1525;;;;GM1525;;;;GM1525;;;False;False;False;52.192064249260916;4.516275240633408;WarmteAtlas:LT_WarmteBronnen_ECW;https://www.warmteatlas.nl/geoserver/WarmteAtlas/wfs;2026-06-23T13:53:17;
97544;468672;W_Gemaal_60;0.0;GemaalWarmte;3.0;Optie B;0.0;0.0;;;;;GM1525;;;;GM1525;;;;GM1525;;;False;False;False;52.2031606641904;4.546706223723066;WarmteAtlas:LT_WarmteBronnen_ECW;https://www.warmteatlas.nl/geoserver/WarmteAtlas/wfs;2026-06-23T13:53:17;
159641;434781;W_Gemaal_1640;0.0;GemaalWarmte;3.0;Optie B;0.0;0.0;;;;;GM0281;;;;GM0281;;;;GM0281;;;False;False;False;51.90151746279678;5.454636621214467;WarmteAtlas:LT_WarmteBronnen_ECW;https://www.warmteatlas.nl/geoserver/WarmteAtlas/wfs;2026-06-23T13:53:17;
130508;399247;W_Gemaal_1575;0.0;GemaalWarmte;3.0;Optie B;0.0;0.0;;;;;GM0855;;;;GM0855;;;;GM0855;;;False;False;False;51.58160821967589;5.033841598146005;WarmteAtlas:LT_WarmteBronnen_ECW;https://www.warmteatlas.nl/geoserver/WarmteAtlas/wfs;2026-06-23T13:53:17;
238701;567491;W_Gemaal_12;0.0;GemaalWarmte;3.0;Optie B;0.0;0.0;;;;;GM1730;;;;GM1730;;;;GM1730;;;False;False;False;53.08771563315843;6.6365292159830345;WarmteAtlas:LT_WarmteBronnen_ECW;https://www.warmteatlas.nl/geoserver/WarmteAtlas/wfs;2026-06-23T13:53:17;
175153;405054;W_Gemaal_125;0.0;GemaalWarmte;3.0;Optie B;0.0;0.0;;;;;GM1991;;;;GM1991;;;;GM1991;;;False;False;False;51.63397579988203;5.678295965228012;WarmteAtlas:LT_WarmteBronnen_ECW;https://www.warmteatlas.nl/geoserver/WarmteAtlas/wfs;2026-06-23T13:53:17;
169652;518900;W_Gemaal_560;0.0;GemaalWarmte;3.0;Optie B;0.0;0.0;;;;;GM0184;;;;GM0184;;;;GM0184;;;False;False;False;52.65737530861887;5.603750235720381;WarmteAtlas:LT_WarmteBronnen_ECW;https://www.warmteatlas.nl/geoserver/WarmteAtlas/wfs;2026-06-23T13:53:17;
129373;459258;W_Gemaal_65;0.0;GemaalWarmte;0.0;Optie B;0.0;0.0;;;;;GM0344;;;;GM0344;;;;GM0344;;;False;False;False;52.12094608445009;5.01301257838034;WarmteAtlas:LT_WarmteBronnen_ECW;https://www.warmteatlas.nl/geoserver/WarmteAtlas/wfs;2026-06-23T13:53:17;
132499;449281;W_Gemaal_83;0.0;GemaalWarmte;0.0;Optie B;0.0;0.0;;;;;GM0344;;;;GM0344;;;;GM0344;;;False;False;False;52.0314095362132;5.059313535508336;WarmteAtlas:LT_WarmteBronnen_ECW;https://www.warmteatlas.nl/geoserver/WarmteAtlas/wfs;2026-06-23T13:53:17;
136152;452400;W_Gemaal_963;0.0;GemaalWarmte;0.0;Optie B;0.0;0.0;;;;;GM0344;;;;GM0344;;;;GM0344;;;False;False;False;52.05957926469703;5.1123732835246685;WarmteAtlas:LT_WarmteBronnen_ECW;https://www.warmteatlas.nl/geoserver/WarmteAtlas/wfs;2026-06-23T13:53:17;
135452;451800;W_Gemaal_967;0.0;GemaalWarmte;0.0;Optie B;0.0;0.0;;;;;GM0344;;;;GM0344;;;;GM0344;;;False;False;False;52.05416223162246;5.102200758288466;WarmteAtlas:LT_WarmteBronnen_ECW;https://www.warmteatlas.nl/geoserver/WarmteAtlas/wfs;2026-06-23T13:53:17;
161969;374098;W_Gemaal_135;0.0;GemaalWarmte;3.0;Optie B;0.0;0.0;;;;;GM0858;;;;GM0858;;;;GM0858;;;False;False;False;51.35604291611288;5.487249105339485;WarmteAtlas:LT_WarmteBronnen_ECW;https://www.warmteatlas.nl/geoserver/WarmteAtlas/wfs;2026-06-23T13:53:17;
106262;493379;W_Gemaal_33;0.0;GemaalWarmte;3.0;Optie B;0.0;0.0;;;;;GM0453;;;;GM0453;;;;GM0453;;;False;False;False;52.42604371535863;4.670655163007397;WarmteAtlas:LT_WarmteBronnen_ECW;https://www.warmteatlas.nl/geoserver/WarmteAtlas/wfs;2026-06-23T13:53:17;
197066;392154;W_Gemaal_131;0.0;GemaalWarmte;3.0;Optie B;0.0;0.0;;;;;GM0984;;;;GM0984;;;;GM0984;;;False;False;False;51.51681233481741;5.9932489828758095;WarmteAtlas:LT_WarmteBronnen_ECW;https://www.warmteatlas.nl/geoserver/WarmteAtlas/wfs;2026-06-23T13:53:17;
137135;444135;W_Gemaal_84;0.0;GemaalWarmte;3.0;Optie B;0.0;0.0;;;;;GM1961;;;;GM1961;;;;GM1961;;;False;False;False;51.985325641341916;5.127137943168914;WarmteAtlas:LT_WarmteBronnen_ECW;https://www.warmteatlas.nl/geoserver/WarmteAtlas/wfs;2026-06-23T13:53:17;
137182;444132;W_Gemaal_85;0.0;GemaalWarmte;3.0;Optie B;0.0;0.0;;;;;GM1961;;;;GM1961;;;;GM1961;;;False;False;False;51.985300186562625;5.127822282189362;WarmteAtlas:LT_WarmteBronnen_ECW;https://www.warmteatlas.nl/geoserver/WarmteAtlas/wfs;2026-06-23T13:53:17;
80299;437073;W_Gemaal_109;0.0;GemaalWarmte;3.0;Optie B;0.0;0.0;;;;;GM0622;;;;GM0622;;;;GM0622;;;False;False;False;51.91712337248439;4.301387186169734;WarmteAtlas:LT_WarmteBronnen_ECW;https://www.warmteatlas.nl/geoserver/WarmteAtlas/wfs;2026-06-23T13:53:17;
88052;458400;W_Gemaal_908;0.0;GemaalWarmte;3.0;Optie B;0.0;0.0;;;;;GM0626;;;;GM0626;;;;GM0626;;;False;False;False;52.109777607620046;4.409893684248651;WarmteAtlas:LT_WarmteBronnen_ECW;https://www.warmteatlas.nl/geoserver/WarmteAtlas/wfs;2026-06-23T13:53:17;
203666;468403;W_Gemaal_46;0.0;GemaalWarmte;3.0;Optie B;0.0;0.0;;;;;GM0285;;;;GM0285;;;;GM0285;;;False;False;False;52.2015863576215;6.099087993676374;WarmteAtlas:LT_WarmteBronnen_ECW;https://www.warmteatlas.nl/geoserver/WarmteAtlas/wfs;2026-06-23T13:53:17;
103552;449600;W_Gemaal_984;0.0;GemaalWarmte;3.0;Optie B;0.0;0.0;;;;;GM0627;;;;GM0627;;;;GM0627;;;False;False;False;52.03234672562023;4.637468312747241;WarmteAtlas:LT_WarmteBronnen_ECW;https://www.warmteatlas.nl/geoserver/WarmteAtlas/wfs;2026-06-23T13:53:17;
105452;448700;W_Gemaal_995;0.0;GemaalWarmte;3.0;Optie B;0.0;0.0;;;;;GM0627;;;;GM0627;;;;GM0627;;;False;False;False;52.02443096727893;4.665284595371625;WarmteAtlas:LT_WarmteBronnen_ECW;https://www.warmteatlas.nl/geoserver/WarmteAtlas/wfs;2026-06-23T13:53:17;
130706;426020;W_Gemaal_117;0.0;GemaalWarmte;3.0;Optie B;0.0;0.0;;;;;GM1960;;;;GM1960;;;;GM1960;;;False;False;False;51.82226169405866;5.034828894964574;WarmteAtlas:LT_WarmteBronnen_ECW;https://www.warmteatlas.nl/geoserver/WarmteAtlas/wfs;2026-06-23T13:53:17;
132180;430975;W_Gemaal_94;0.0;GemaalWarmte;3.0;Optie B;0.0;0.0;;;;;GM1960;;;;GM1960;;;;GM1960;;;False;False;False;51.866860524629914;5.055880904998394;WarmteAtlas:LT_WarmteBronnen_ECW;https://www.warmteatlas.nl/geoserver/WarmteAtlas/wfs;2026-06-23T13:53:17;
166208;426895;W_Gemaal_115;0.0;GemaalWarmte;3.0;Optie B;0.0;0.0;;;;;GM0668;;;;GM0668;;;;GM0668;;;False;False;False;51.83054221205439;5.549798778501356;WarmteAtlas:LT_WarmteBronnen_ECW;https://www.warmteatlas.nl/geoserver/WarmteAtlas/wfs;2026-06-23T13:53:17;
208262;573915;W_Gemaal_8;0.0;GemaalWarmte;3.0;Optie B;0.0;0.0;;;;;GM1969;;;;GM1969;;;;GM1969;;;False;False;False;53.149314333598504;6.183309822481047;WarmteAtlas:LT_WarmteBronnen_ECW;https://www.warmteatlas.nl/geoserver/WarmteAtlas/wfs;2026-06-23T13:53:17;
269521;552081;W_Gemaal_19;0.0;GemaalWarmte;3.0;Optie B;0.0;0.0;;;;;GM1950;;;;GM1950;;;;GM1950;;;False;False;False;52.943607714976864;7.090946624510442;WarmteAtlas:LT_WarmteBronnen_ECW;https://www.warmteatlas.nl/geoserver/WarmteAtlas/wfs;2026-06-23T13:53:17;
176082;422894;W_Gemaal_1503;0.0;GemaalWarmte;3.0;Optie B;0.0;0.0;;;;;GM0296;;;;GM0296;;;;GM0296;;;False;False;False;51.79429407995955;5.692797138221129;WarmteAtlas:LT_WarmteBronnen_ECW;https://www.warmteatlas.nl/geoserver/WarmteAtlas/wfs;2026-06-23T13:53:17;
246405;445965;W_Gemaal_75;0.0;GemaalWarmte;3.0;Optie B;0.0;0.0;;;;;GM0294;;;;GM0294;;;;GM0294;;;False;False;False;51.99453184374799;6.718129728264572;WarmteAtlas:LT_WarmteBronnen_ECW;https://www.warmteatlas.nl/geoserver/WarmteAtlas/wfs;2026-06-23T13:53:17;
246273;445809;W_Gemaal_82;0.0;GemaalWarmte;3.0;Optie B;0.0;0.0;;;;;GM0294;;;;GM0294;;;;GM0294;;;False;False;False;51.993151722350866;6.716166641816091;WarmteAtlas:LT_WarmteBronnen_ECW;https://www.warmteatlas.nl/geoserver/WarmteAtlas/wfs;2026-06-23T13:53:17;
123127;455304;W_Gemaal_67;0.0;GemaalWarmte;3.0;Optie B;0.0;0.0;;;;;GM0632;;;;GM0632;;;;GM0632;;;False;False;False;52.08508385898138;4.922184409292909;WarmteAtlas:LT_WarmteBronnen_ECW;https://www.warmteatlas.nl/geoserver/WarmteAtlas/wfs;2026-06-23T13:53:17;
111952;495600;W_Gemaal_684;0.0;GemaalWarmte;3.0;Optie B;0.0;0.0;;;;;GM0479;;;;GM0479;;;;GM0479;;;False;False;False;52.44648014468946;4.754019280953907;WarmteAtlas:LT_WarmteBronnen_ECW;https://www.warmteatlas.nl/geoserver/WarmteAtlas/wfs;2026-06-23T13:53:17;
111652;494900;W_Gemaal_688;0.0;GemaalWarmte;3.0;Optie B;0.0;0.0;;;;;GM0479;;;;GM0479;;;;GM0479;;;False;False;False;52.440165608356246;4.749697513799045;WarmteAtlas:LT_WarmteBronnen_ECW;https://www.warmteatlas.nl/geoserver/WarmteAtlas/wfs;2026-06-23T13:53:17;
116852;494700;W_Gemaal_689;0.0;GemaalWarmte;3.0;Optie B;0.0;0.0;;;;;GM0479;;;;GM0479;;;;GM0479;;;False;False;False;52.438754829319855;4.826191500179262;WarmteAtlas:LT_WarmteBronnen_ECW;https://www.warmteatlas.nl/geoserver/WarmteAtlas/wfs;2026-06-23T13:53:17;
116652;494500;W_Gemaal_691;0.0;GemaalWarmte;3.0;Optie B;0.0;0.0;;;;;GM0479;;;;GM0479;;;;GM0479;;;False;False;False;52.43694345448321;4.8232732887218575;WarmteAtlas:LT_WarmteBronnen_ECW;https://www.warmteatlas.nl/geoserver/WarmteAtlas/wfs;2026-06-23T13:53:17;
200673;445609;W_Gemaal_79;0.0;GemaalWarmte;3.0;Optie B;0.0;0.0;;;;;GM0299;;;;GM0299;;;;GM0299;;;False;False;False;51.99698091691633;6.052253680232106;WarmteAtlas:LT_WarmteBronnen_ECW;https://www.warmteatlas.nl/geoserver/WarmteAtlas/wfs;2026-06-23T13:53:17;
94635;455435;W_Gemaal_68;0.0;GemaalWarmte;3.0;Optie B;0.0;0.0;;;;;GM0637;;;;GM0637;;;;GM0637;;;False;False;False;52.08388811076998;4.506506180826091;WarmteAtlas:LT_WarmteBronnen_ECW;https://www.warmteatlas.nl/geoserver/WarmteAtlas/wfs;2026-06-23T13:53:17;
94675;455368;W_Gemaal_72;0.0;GemaalWarmte;3.0;Optie B;0.0;0.0;;;;;GM0637;;;;GM0637;;;;GM0637;;;False;False;False;52.083290329629115;4.507101544724815;WarmteAtlas:LT_WarmteBronnen_ECW;https://www.warmteatlas.nl/geoserver/WarmteAtlas/wfs;2026-06-23T13:53:17;
101552;445400;W_Gemaal_1038;0.0;GemaalWarmte;3.0;Optie B;0.0;0.0;;;;;GM1892;;;;GM1892;;;;GM1892;;;False;False;False;51.99441024433993;4.608981178811559;WarmteAtlas:LT_WarmteBronnen_ECW;https://www.warmteatlas.nl/geoserver/WarmteAtlas/wfs;2026-06-23T13:53:17;
102552;444200;W_Gemaal_1057;0.0;GemaalWarmte;3.0;Optie B;0.0;0.0;;;;;GM1892;;;;GM1892;;;;GM1892;;;False;False;False;51.98372060304865;4.623723887548056;WarmteAtlas:LT_WarmteBronnen_ECW;https://www.warmteatlas.nl/geoserver/WarmteAtlas/wfs;2026-06-23T13:53:17;
211383;459283;W_Gemaal_61;0.0;GemaalWarmte;3.0;Optie B;0.0;0.0;;;;;GM0301;;;;GM0301;;;;GM0301;;;False;False;False;52.1188885731551;6.210447573766695;WarmteAtlas:LT_WarmteBronnen_ECW;https://www.warmteatlas.nl/geoserver/WarmteAtlas/wfs;2026-06-23T13:53:17;
201875;516926;W_Gemaal_1583;0.0;GemaalWarmte;3.0;Optie B;0.0;0.0;;;;;GM1896;;;;GM1896;;;;GM1896;;;False;False;False;52.63781455247227;6.079679034663164;WarmteAtlas:LT_WarmteBronnen_ECW;https://www.warmteatlas.nl/geoserver/WarmteAtlas/wfs;2026-06-23T13:53:17;
200684;506816;W_Gemaal_28;0.0;GemaalWarmte;3.0;Optie B;0.0;0.0;;;;;GM0193;;;;GM0193;;;;GM0193;;;False;False;False;52.547061015579274;6.060695084612093;WarmteAtlas:LT_WarmteBronnen_ECW;https://www.warmteatlas.nl/geoserver/WarmteAtlas/wfs;2026-06-23T13:53:17;
206302;499584;W_Gemaal_32;0.0;GemaalWarmte;3.0;Optie B;0.0;0.0;;;;;GM0193;;;;GM0193;;;;GM0193;;;False;False;False;52.48157061826844;6.1423985145250395;WarmteAtlas:LT_WarmteBronnen_ECW;https://www.warmteatlas.nl/geoserver/WarmteAtlas/wfs;2026-06-23T13:53:17;
199252;503900;W_Gemaal_636;0.0;GemaalWarmte;3.0;Optie B;0.0;0.0;;;;;GM0193;;;;GM0193;;;;GM0193;;;False;False;False;52.520973504571614;6.039197973985836;WarmteAtlas:LT_WarmteBronnen_ECW;https://www.warmteatlas.nl/geoserver/WarmteAtlas/wfs;2026-06-23T13:53:17;
200952;503600;W_Gemaal_638;0.0;GemaalWarmte;3.0;Optie B;0.0;0.0;;;;;GM0193;;;;GM0193;;;;GM0193;;;False;False;False;52.51813716407254;6.06420216212319;WarmteAtlas:LT_WarmteBronnen_ECW;https://www.warmteatlas.nl/geoserver/WarmteAtlas/wfs;2026-06-23T13:53:17;
205152;502000;W_Gemaal_652;0.0;GemaalWarmte;3.0;Optie B;0.0;0.0;;;;;GM0193;;;;GM0193;;;;GM0193;;;False;False;False;52.50338917735449;6.125834198240904;WarmteAtlas:LT_WarmteBronnen_ECW;https://www.warmteatlas.nl/geoserver/WarmteAtlas/wfs;2026-06-23T13:53:17;
206452;500500;W_Gemaal_659;0.0;GemaalWarmte;3.0;Optie B;0.0;0.0;;;;;GM0193;;;;GM0193;;;;GM0193;;;False;False;False;52.489788357328635;6.144747538220443;WarmteAtlas:LT_WarmteBronnen_ECW;https://www.warmteatlas.nl/geoserver/WarmteAtlas/wfs;2026-06-23T13:53:17;
112752;513500;W_Gemaal_591;0.0;GemaalWarmte;4.0;Optie B;0.0;0.0;;;;;GM0361;;;;GM0361;;;;GM0361;;;False;False;False;52.60740670586685;4.7635173948675105;WarmteAtlas:LT_WarmteBronnen_ECW;https://www.warmteatlas.nl/geoserver/WarmteAtlas/wfs;2026-06-23T13:53:17;
106552;451700;W_Gemaal_969;0.0;GemaalWarmte;4.0;Optie B;0.0;0.0;;;;;GM1901;;;;GM1901;;;;GM1901;;;False;False;False;52.051490768884875;4.680885447368527;WarmteAtlas:LT_WarmteBronnen_ECW;https://www.warmteatlas.nl/geoserver/WarmteAtlas/wfs;2026-06-23T13:53:17;
247352;521500;W_Gemaal_545;0.0;GemaalWarmte;4.0;Optie B;0.0;0.0;;;;;GM0109;;;;GM0109;;;;GM0109;;;False;False;False;52.67309956292475;6.752638173414821;WarmteAtlas:LT_WarmteBronnen_ECW;https://www.warmteatlas.nl/geoserver/WarmteAtlas/wfs;2026-06-23T13:53:17;
248652;521300;W_Gemaal_546;0.0;GemaalWarmte;4.0;Optie B;0.0;0.0;;;;;GM0109;;;;GM0109;;;;GM0109;;;False;False;False;52.67108040378995;6.771796805152933;WarmteAtlas:LT_WarmteBronnen_ECW;https://www.warmteatlas.nl/geoserver/WarmteAtlas/wfs;2026-06-23T13:53:17;
247152;520300;W_Gemaal_555;0.0;GemaalWarmte;4.0;Optie B;0.0;0.0;;;;;GM0109;;;;GM0109;;;;GM0109;;;False;False;False;52.6623515957304;6.749347719305718;WarmteAtlas:LT_WarmteBronnen_ECW;https://www.warmteatlas.nl/geoserver/WarmteAtlas/wfs;2026-06-23T13:53:17;
125252;483500;W_Gemaal_742;0.0;GemaalWarmte;4.0;Optie B;0.0;0.0;;;;;GM0384;;;;GM0384;;;;GM0384;;;False;False;False;52.33861714270886;4.950711930500325;WarmteAtlas:LT_WarmteBronnen_ECW;https://www.warmteatlas.nl/geoserver/WarmteAtlas/wfs;2026-06-23T13:53:17;
66552;420700;W_Gemaal_1252;0.0;GemaalWarmte;4.0;Optie B;0.0;0.0;;;;;GM1924;;;;GM1924;;;;GM1924;;;False;False;False;51.76797166805809;4.105805150254962;WarmteAtlas:LT_WarmteBronnen_ECW;https://www.warmteatlas.nl/geoserver/WarmteAtlas/wfs;2026-06-23T13:53:17;
66652;420500;W_Gemaal_1254;0.0;GemaalWarmte;4.0;Optie B;0.0;0.0;;;;;GM1924;;;;GM1924;;;;GM1924;;;False;False;False;51.766190168149215;4.107304528696014;WarmteAtlas:LT_WarmteBronnen_ECW;https://www.warmteatlas.nl/geoserver/WarmteAtlas/wfs;2026-06-23T13:53:17;
66352;419300;W_Gemaal_1269;0.0;GemaalWarmte;4.0;Optie B;0.0;0.0;;;;;GM1924;;;;GM1924;;;;GM1924;;;False;False;False;51.75535873986528;4.103266202920343;WarmteAtlas:LT_WarmteBronnen_ECW;https://www.warmteatlas.nl/geoserver/WarmteAtlas/wfs;2026-06-23T13:53:17;
107552;489200;W_Gemaal_714;0.0;GemaalWarmte;4.0;Optie B;0.0;0.0;;;;;GM0394;;;;GM0394;;;;GM0394;;;False;False;False;52.38860038349869;4.690210528113177;WarmteAtlas:LT_WarmteBronnen_ECW;https://www.warmteatlas.nl/geoserver/WarmteAtlas/wfs;2026-06-23T13:53:17;
108652;488500;W_Gemaal_718;0.0;GemaalWarmte;4.0;Optie B;0.0;0.0;;;;;GM0394;;;;GM0394;;;;GM0394;;;False;False;False;52.38240346166669;4.706464621443002;WarmteAtlas:LT_WarmteBronnen_ECW;https://www.warmteatlas.nl/geoserver/WarmteAtlas/wfs;2026-06-23T13:53:17;
103852;474500;W_Gemaal_806;0.0;GemaalWarmte;4.0;Optie B;0.0;0.0;;;;;GM0394;;;;GM0394;;;;GM0394;;;False;False;False;52.25615876009825;4.638094608006189;WarmteAtlas:LT_WarmteBronnen_ECW;https://www.warmteatlas.nl/geoserver/WarmteAtlas/wfs;2026-06-23T13:53:17;
231425;468004;W_Gemaal_1549;0.0;GemaalWarmte;4.0;Optie B;0.0;0.0;;;;;GM1735;;;;GM1735;;;;GM1735;;;False;False;False;52.19485336849745;6.504995010378233;WarmteAtlas:LT_WarmteBronnen_ECW;https://www.warmteatlas.nl/geoserver/WarmteAtlas/wfs;2026-06-23T13:53:17;
137352;448500;W_Gemaal_999;0.0;GemaalWarmte;4.0;Optie B;0.0;0.0;;;;;GM0321;;;;GM0321;;;;GM0321;;;False;False;False;52.02456549723554;5.130072016605857;WarmteAtlas:LT_WarmteBronnen_ECW;https://www.warmteatlas.nl/geoserver/WarmteAtlas/wfs;2026-06-23T13:53:17;
97252;444800;W_Gemaal_1045;0.0;GemaalWarmte;4.0;Optie B;0.0;0.0;;;;;GM1621;;;;GM1621;;;;GM1621;;;False;False;False;51.98858717120059;4.546478955214369;WarmteAtlas:LT_WarmteBronnen_ECW;https://www.warmteatlas.nl/geoserver/WarmteAtlas/wfs;2026-06-23T13:53:17;
190096;353662;W_Gemaal_1522;0.0;GemaalWarmte;4.0;Optie B;0.0;0.0;;;;;GM1641;;;;GM1641;;;;GM1641;;;False;False;False;51.17130748119896;5.88902015660381;WarmteAtlas:LT_WarmteBronnen_ECW;https://www.warmteatlas.nl/geoserver/WarmteAtlas/wfs;2026-06-23T13:53:17;
82152;429900;W_Gemaal_1194;0.0;GemaalWarmte;4.0;Optie B;0.0;0.0;;;;;GM1930;;;;GM1930;;;;GM1930;;;False;False;False;51.85290498755607;4.329833317861201;WarmteAtlas:LT_WarmteBronnen_ECW;https://www.warmteatlas.nl/geoserver/WarmteAtlas/wfs;2026-06-23T13:53:17;
153052;411400;W_Gemaal_1330;0.0;GemaalWarmte;4.0;Optie B;0.0;0.0;;;;;GM0796;;;;GM0796;;;;GM0796;;;False;False;False;51.69137608497972;5.359028825628197;WarmteAtlas:LT_WarmteBronnen_ECW;https://www.warmteatlas.nl/geoserver/WarmteAtlas/wfs;2026-06-23T13:53:17;
152692;410475;W_Gemaal_1570;0.0;GemaalWarmte;4.0;Optie B;0.0;0.0;;;;;GM0796;;;;GM0796;;;;GM0796;;;False;False;False;51.683060366790784;5.353828423586501;WarmteAtlas:LT_WarmteBronnen_ECW;https://www.warmteatlas.nl/geoserver/WarmteAtlas/wfs;2026-06-23T13:53:17;
109352;505600;W_Gemaal_629;0.0;GemaalWarmte;4.0;Optie B;0.0;0.0;;;;;GM0450;;;;GM0450;;;;GM0450;;;False;False;False;52.53613803976073;4.714412149671342;WarmteAtlas:LT_WarmteBronnen_ECW;https://www.warmteatlas.nl/geoserver/WarmteAtlas/wfs;2026-06-23T13:53:17;
133693;456474;W_Gemaal_1579;0.0;GemaalWarmte;0.0;Optie B;0.0;0.0;;;;;GM0344;;;;GM0344;;;;GM0344;;;False;False;False;52.096107038659184;5.0762638310167665;WarmteAtlas:LT_WarmteBronnen_ECW;https://www.warmteatlas.nl/geoserver/WarmteAtlas/wfs;2026-06-23T13:53:17;
105052;450000;W_Gemaal_983;0.0;GemaalWarmte;4.0;Optie B;0.0;0.0;;;;;GM0627;;;;GM0627;;;;GM0627;;;False;False;False;52.036078866905676;4.659267188113129;WarmteAtlas:LT_WarmteBronnen_ECW;https://www.warmteatlas.nl/geoserver/WarmteAtlas/wfs;2026-06-23T13:53:17;
97752;446300;W_Gemaal_1026;0.0;GemaalWarmte;4.0;Optie B;0.0;0.0;;;;;GM1892;;;;GM1892;;;;GM1892;;;False;False;False;52.002120024132665;4.553506870646922;WarmteAtlas:LT_WarmteBronnen_ECW;https://www.warmteatlas.nl/geoserver/WarmteAtlas/wfs;2026-06-23T13:53:17;
110452;506600;W_Gemaal_625;0.0;GemaalWarmte;5.0;Optie B;0.0;0.0;;;;;GM0383;;;;GM0383;;;;GM0383;;;False;False;False;52.5452155723262;4.730489984974675;WarmteAtlas:LT_WarmteBronnen_ECW;https://www.warmteatlas.nl/geoserver/WarmteAtlas/wfs;2026-06-23T13:53:17;
159652;434600;W_Gemaal_1147;0.0;GemaalWarmte;5.0;Optie B;0.0;0.0;;;;;GM0281;;;;GM0281;;;;GM0281;;;False;False;False;51.89989049422066;5.454794000118264;WarmteAtlas:LT_WarmteBronnen_ECW;https://www.warmteatlas.nl/geoserver/WarmteAtlas/wfs;2026-06-23T13:53:17;
160052;434000;W_Gemaal_1152;0.0;GemaalWarmte;5.0;Optie B;0.0;0.0;;;;;GM0281;;;;GM0281;;;;GM0281;;;False;False;False;51.89449403604906;5.460596989725217;WarmteAtlas:LT_WarmteBronnen_ECW;https://www.warmteatlas.nl/geoserver/WarmteAtlas/wfs;2026-06-23T13:53:17;
247452;565000;W_Gemaal_356;0.0;GemaalWarmte;0.0;Optie B;0.0;0.0;;;;;GM1680;;;;GM1680;;;;GM1680;;;False;False;False;53.06390308993932;6.766400776410554;WarmteAtlas:LT_WarmteBronnen_ECW;https://www.warmteatlas.nl/geoserver/WarmteAtlas/wfs;2026-06-23T13:53:17;
258152;557200;W_Gemaal_384;0.0;GemaalWarmte;0.0;Optie B;0.0;0.0;;;;;GM1680;;;;GM1680;;;;GM1680;;;False;False;False;52.99188691501612;6.923491990475639;WarmteAtlas:LT_WarmteBronnen_ECW;https://www.warmteatlas.nl/geoserver/WarmteAtlas/wfs;2026-06-23T13:53:17;
109976;473180;W_Gemaal_59;0.0;GemaalWarmte;0.0;Optie B;0.0;0.0;;;;;GM0358;;;;GM0358;;;;GM0358;;;False;False;False;52.24483002630027;4.727955842404696;WarmteAtlas:LT_WarmteBronnen_ECW;https://www.warmteatlas.nl/geoserver/WarmteAtlas/wfs;2026-06-23T13:53:17;
85852;429700;W_Gemaal_1196;0.0;GemaalWarmte;0.0;Optie B;0.0;0.0;;;;;GM0613;;;;GM0613;;;;GM0613;;;False;False;False;51.85157883268496;4.38356980997033;WarmteAtlas:LT_WarmteBronnen_ECW;https://www.warmteatlas.nl/geoserver/WarmteAtlas/wfs;2026-06-23T13:53:17;
87352;429200;W_Gemaal_1199;0.0;GemaalWarmte;0.0;Optie B;0.0;0.0;;;;;GM0613;;;;GM0613;;;;GM0613;;;False;False;False;51.84726925868131;4.405436098771737;WarmteAtlas:LT_WarmteBronnen_ECW;https://www.warmteatlas.nl/geoserver/WarmteAtlas/wfs;2026-06-23T13:53:17;
120852;513400;W_Gemaal_592;0.0;GemaalWarmte;0.0;Optie B;0.0;0.0;;;;;GM0361;;;;GM0361;;;;GM0361;;;False;False;False;52.60707535347251;4.883099282796256;WarmteAtlas:LT_WarmteBronnen_ECW;https://www.warmteatlas.nl/geoserver/WarmteAtlas/wfs;2026-06-23T13:53:17;
114652;510000;W_Gemaal_615;0.0;GemaalWarmte;0.0;Optie B;0.0;0.0;;;;;GM0361;;;;GM0361;;;;GM0361;;;False;False;False;52.576097011178284;4.791989729298721;WarmteAtlas:LT_WarmteBronnen_ECW;https://www.warmteatlas.nl/geoserver/WarmteAtlas/wfs;2026-06-23T13:53:17;
119452;509100;W_Gemaal_617;0.0;GemaalWarmte;0.0;Optie B;0.0;0.0;;;;;GM0361;;;;GM0361;;;;GM0361;;;False;False;False;52.568342519977044;4.8628926686767775;WarmteAtlas:LT_WarmteBronnen_ECW;https://www.warmteatlas.nl/geoserver/WarmteAtlas/wfs;2026-06-23T13:53:17;
119352;508500;W_Gemaal_619;0.0;GemaalWarmte;0.0;Optie B;0.0;0.0;;;;;GM0361;;;;GM0361;;;;GM0361;;;False;False;False;52.5629438737305;4.861482066168048;WarmteAtlas:LT_WarmteBronnen_ECW;https://www.warmteatlas.nl/geoserver/WarmteAtlas/wfs;2026-06-23T13:53:17;
115852;506500;W_Gemaal_627;0.0;GemaalWarmte;0.0;Optie B;0.0;0.0;;;;;GM0361;;;;GM0361;;;;GM0361;;;False;False;False;52.54473050331553;4.8101029827437385;WarmteAtlas:LT_WarmteBronnen_ECW;https://www.warmteatlas.nl/geoserver/WarmteAtlas/wfs;2026-06-23T13:53:17;
117452;506100;W_Gemaal_628;0.0;GemaalWarmte;0.0;Optie B;0.0;0.0;;;;;GM0361;;;;GM0361;;;;GM0361;;;False;False;False;52.54124804549514;4.833733459379089;WarmteAtlas:LT_WarmteBronnen_ECW;https://www.warmteatlas.nl/geoserver/WarmteAtlas/wfs;2026-06-23T13:53:17;
244152;489600;W_Gemaal_713;0.0;GemaalWarmte;0.0;Optie B;0.0;0.0;;;;;GM0141;;;;GM0141;;;;GM0141;;;False;False;False;52.38700124501025;6.696803381510071;WarmteAtlas:LT_WarmteBronnen_ECW;https://www.warmteatlas.nl/geoserver/WarmteAtlas/wfs;2026-06-23T13:53:17;
240952;481400;W_Gemaal_749;0.0;GemaalWarmte;0.0;Optie B;0.0;0.0;;;;;GM0141;;;;GM0141;;;;GM0141;;;False;False;False;52.31382805654004;6.647712630125152;WarmteAtlas:LT_WarmteBronnen_ECW;https://www.warmteatlas.nl/geoserver/WarmteAtlas/wfs;2026-06-23T13:53:17;
103952;463700;W_Gemaal_877;0.0;GemaalWarmte;0.0;Optie B;0.0;0.0;;;;;GM0484;;;;GM0484;;;;GM0484;;;False;False;False;52.15910600897847;4.641185607952399;WarmteAtlas:LT_WarmteBronnen_ECW;https://www.warmteatlas.nl/geoserver/WarmteAtlas/wfs;2026-06-23T13:53:17;
104152;463700;W_Gemaal_878;0.0;GemaalWarmte;0.0;Optie B;0.0;0.0;;;;;GM0484;;;;GM0484;;;;GM0484;;;False;False;False;52.159124451541565;4.644108181843902;WarmteAtlas:LT_WarmteBronnen_ECW;https://www.warmteatlas.nl/geoserver/WarmteAtlas/wfs;2026-06-23T13:53:17;
101652;463500;W_Gemaal_880;0.0;GemaalWarmte;0.0;Optie B;0.0;0.0;;;;;GM0484;;;;GM0484;;;;GM0484;;;False;False;False;52.15709126619353;4.607607608867651;WarmteAtlas:LT_WarmteBronnen_ECW;https://www.warmteatlas.nl/geoserver/WarmteAtlas/wfs;2026-06-23T13:53:17;
107652;461900;W_Gemaal_887;0.0;GemaalWarmte;0.0;Optie B;0.0;0.0;;;;;GM0484;;;;GM0484;;;;GM0484;;;False;False;False;52.14325815400776;4.695504370080096;WarmteAtlas:LT_WarmteBronnen_ECW;https://www.warmteatlas.nl/geoserver/WarmteAtlas/wfs;2026-06-23T13:53:17;
100152;461700;W_Gemaal_889;0.0;GemaalWarmte;0.0;Optie B;0.0;0.0;;;;;GM0484;;;;GM0484;;;;GM0484;;;False;False;False;52.14076740056394;4.5859799147388705;WarmteAtlas:LT_WarmteBronnen_ECW;https://www.warmteatlas.nl/geoserver/WarmteAtlas/wfs;2026-06-23T13:53:17;
106452;461400;W_Gemaal_891;0.0;GemaalWarmte;0.0;Optie B;0.0;0.0;;;;;GM0484;;;;GM0484;;;;GM0484;;;False;False;False;52.13866036868078;4.678046405097499;WarmteAtlas:LT_WarmteBronnen_ECW;https://www.warmteatlas.nl/geoserver/WarmteAtlas/wfs;2026-06-23T13:53:17;
97952;460800;W_Gemaal_895;0.0;GemaalWarmte;0.0;Optie B;0.0;0.0;;;;;GM0484;;;;GM0484;;;;GM0484;;;False;False;False;52.13245627307087;4.553996268575218;WarmteAtlas:LT_WarmteBronnen_ECW;https://www.warmteatlas.nl/geoserver/WarmteAtlas/wfs;2026-06-23T13:53:17;
109452;460100;W_Gemaal_899;0.0;GemaalWarmte;0.0;Optie B;0.0;0.0;;;;;GM0484;;;;GM0484;;;;GM0484;;;False;False;False;52.127231966345796;4.722039515349155;WarmteAtlas:LT_WarmteBronnen_ECW;https://www.warmteatlas.nl/geoserver/WarmteAtlas/wfs;2026-06-23T13:53:17;
106352;459600;W_Gemaal_901;0.0;GemaalWarmte;0.0;Optie B;0.0;0.0;;;;;GM0484;;;;GM0484;;;;GM0484;;;False;False;False;52.12247425151015;4.676843093072635;WarmteAtlas:LT_WarmteBronnen_ECW;https://www.warmteatlas.nl/geoserver/WarmteAtlas/wfs;2026-06-23T13:53:17;
108752;458900;W_Gemaal_903;0.0;GemaalWarmte;0.0;Optie B;0.0;0.0;;;;;GM0484;;;;GM0484;;;;GM0484;;;False;False;False;52.1163889054281;4.711980687612061;WarmteAtlas:LT_WarmteBronnen_ECW;https://www.warmteatlas.nl/geoserver/WarmteAtlas/wfs;2026-06-23T13:53:17;
101052;458800;W_Gemaal_905;0.0;GemaalWarmte;0.0;Optie B;0.0;0.0;;;;;GM0484;;;;GM0484;;;;GM0484;;;False;False;False;52.11479285726963;4.59958565087421;WarmteAtlas:LT_WarmteBronnen_ECW;https://www.warmteatlas.nl/geoserver/WarmteAtlas/wfs;2026-06-23T13:53:17;
107752;458200;W_Gemaal_912;0.0;GemaalWarmte;0.0;Optie B;0.0;0.0;;;;;GM0484;;;;GM0484;;;;GM0484;;;False;False;False;52.110013177500626;4.697478747638351;WarmteAtlas:LT_WarmteBronnen_ECW;https://www.warmteatlas.nl/geoserver/WarmteAtlas/wfs;2026-06-23T13:53:17;
105752;458000;W_Gemaal_914;0.0;GemaalWarmte;0.0;Optie B;0.0;0.0;;;;;GM0484;;;;GM0484;;;;GM0484;;;False;False;False;52.10804129198803;4.668313884515953;WarmteAtlas:LT_WarmteBronnen_ECW;https://www.warmteatlas.nl/geoserver/WarmteAtlas/wfs;2026-06-23T13:53:17;
104252;455600;W_Gemaal_933;0.0;GemaalWarmte;0.0;Optie B;0.0;0.0;;;;;GM0484;;;;GM0484;;;;GM0484;;;False;False;False;52.08633598298219;4.646776892216396;WarmteAtlas:LT_WarmteBronnen_ECW;https://www.warmteatlas.nl/geoserver/WarmteAtlas/wfs;2026-06-23T13:53:17;
101952;455000;W_Gemaal_941;0.0;GemaalWarmte;0.0;Optie B;0.0;0.0;;;;;GM0484;;;;GM0484;;;;GM0484;;;False;False;False;52.080727973381144;4.61331546927619;WarmteAtlas:LT_WarmteBronnen_ECW;https://www.warmteatlas.nl/geoserver/WarmteAtlas/wfs;2026-06-23T13:53:17;
104952;453500;W_Gemaal_957;0.0;GemaalWarmte;0.0;Optie B;0.0;0.0;;;;;GM0484;;;;GM0484;;;;GM0484;;;False;False;False;52.06752605385633;4.657297262621434;WarmteAtlas:LT_WarmteBronnen_ECW;https://www.warmteatlas.nl/geoserver/WarmteAtlas/wfs;2026-06-23T13:53:17;
105152;453500;W_Gemaal_958;0.0;GemaalWarmte;0.0;Optie B;0.0;0.0;;;;;GM0484;;;;GM0484;;;;GM0484;;;False;False;False;52.06754408640782;4.6602138612237765;WarmteAtlas:LT_WarmteBronnen_ECW;https://www.warmteatlas.nl/geoserver/WarmteAtlas/wfs;2026-06-23T13:53:17;
104752;453100;W_Gemaal_962;0.0;GemaalWarmte;0.0;Optie B;0.0;0.0;;;;;GM0484;;;;GM0484;;;;GM0484;;;False;False;False;52.063912964177334;4.654439531703223;WarmteAtlas:LT_WarmteBronnen_ECW;https://www.warmteatlas.nl/geoserver/WarmteAtlas/wfs;2026-06-23T13:53:17;
123452;426300;W_Gemaal_1218;0.0;GemaalWarmte;0.0;Optie B;0.0;0.0;;;;;GM1959;;;;GM1959;;;;GM1959;;;False;False;False;51.824415408005;4.929590217815787;WarmteAtlas:LT_WarmteBronnen_ECW;https://www.warmteatlas.nl/geoserver/WarmteAtlas/wfs;2026-06-23T13:53:17;
129852;423800;W_Gemaal_1238;0.0;GemaalWarmte;0.0;Optie B;0.0;0.0;;;;;GM1959;;;;GM1959;;;;GM1959;;;False;False;False;51.802270002421025;5.02260360834727;WarmteAtlas:LT_WarmteBronnen_ECW;https://www.warmteatlas.nl/geoserver/WarmteAtlas/wfs;2026-06-23T13:53:17;
114052;421300;W_Gemaal_1250;0.0;GemaalWarmte;0.0;Optie B;0.0;0.0;;;;;GM1959;;;;GM1959;;;;GM1959;;;False;False;False;51.778864740627306;4.793838439745661;WarmteAtlas:LT_WarmteBronnen_ECW;https://www.warmteatlas.nl/geoserver/WarmteAtlas/wfs;2026-06-23T13:53:17;
118452;420600;W_Gemaal_1253;0.0;GemaalWarmte;0.0;Optie B;0.0;0.0;;;;;GM1959;;;;GM1959;;;;GM1959;;;False;False;False;51.772878255476876;4.857668421873538;WarmteAtlas:LT_WarmteBronnen_ECW;https://www.warmteatlas.nl/geoserver/WarmteAtlas/wfs;2026-06-23T13:53:17;
112552;419900;W_Gemaal_1263;0.0;GemaalWarmte;0.0;Optie B;0.0;0.0;;;;;GM1959;;;;GM1959;;;;GM1959;;;False;False;False;51.7661695858664;4.772275058543785;WarmteAtlas:LT_WarmteBronnen_ECW;https://www.warmteatlas.nl/geoserver/WarmteAtlas/wfs;2026-06-23T13:53:17;
118952;419700;W_Gemaal_1264;0.0;GemaalWarmte;0.0;Optie B;0.0;0.0;;;;;GM1959;;;;GM1959;;;;GM1959;;;False;False;False;51.7648214327361;4.86500606578344;WarmteAtlas:LT_WarmteBronnen_ECW;https://www.warmteatlas.nl/geoserver/WarmteAtlas/wfs;2026-06-23T13:53:17;
137552;419500;W_Gemaal_1267;0.0;GemaalWarmte;0.0;Optie B;0.0;0.0;;;;;GM1959;;;;GM1959;;;;GM1959;;;False;False;False;51.76391385934266;5.134454312029093;WarmteAtlas:LT_WarmteBronnen_ECW;https://www.warmteatlas.nl/geoserver/WarmteAtlas/wfs;2026-06-23T13:53:17;
118652;416000;W_Gemaal_1288;0.0;GemaalWarmte;0.0;Optie B;0.0;0.0;;;;;GM1959;;;;GM1959;;;;GM1959;;;False;False;False;51.73154591794415;4.861047885129229;WarmteAtlas:LT_WarmteBronnen_ECW;https://www.warmteatlas.nl/geoserver/WarmteAtlas/wfs;2026-06-23T13:53:17;
129052;414000;W_Gemaal_1307;0.0;GemaalWarmte;0.0;Optie B;0.0;0.0;;;;;GM1959;;;;GM1959;;;;GM1959;;;False;False;False;51.714148338906334;5.011738296389272;WarmteAtlas:LT_WarmteBronnen_ECW;https://www.warmteatlas.nl/geoserver/WarmteAtlas/wfs;2026-06-23T13:53:17;
131651;422741;W_Gemaal_1617;0.0;GemaalWarmte;0.0;Optie B;0.0;0.0;;;;;GM1959;;;;GM1959;;;;GM1959;;;False;False;False;51.792829559733484;5.048756677262013;WarmteAtlas:LT_WarmteBronnen_ECW;https://www.warmteatlas.nl/geoserver/WarmteAtlas/wfs;2026-06-23T13:53:17;
134909;415812;W_Gemaal_1618;0.0;GemaalWarmte;0.0;Optie B;0.0;0.0;;;;;GM1959;;;;GM1959;;;;GM1959;;;False;False;False;51.730676108260134;5.096382275072536;WarmteAtlas:LT_WarmteBronnen_ECW;https://www.warmteatlas.nl/geoserver/WarmteAtlas/wfs;2026-06-23T13:53:17;
150152;468300;W_Gemaal_847;0.0;GemaalWarmte;0.0;Optie B;0.0;0.0;;;;;GM0307;;;;GM0307;;;;GM0307;;;False;False;False;52.20278691827904;5.316286210543913;WarmteAtlas:LT_WarmteBronnen_ECW;https://www.warmteatlas.nl/geoserver/WarmteAtlas/wfs;2026-06-23T13:53:17;
151452;466100;W_Gemaal_859;0.0;GemaalWarmte;0.0;Optie B;0.0;0.0;;;;;GM0307;;;;GM0307;;;;GM0307;;;False;False;False;52.183023479523115;5.335325794346076;WarmteAtlas:LT_WarmteBronnen_ECW;https://www.warmteatlas.nl/geoserver/WarmteAtlas/wfs;2026-06-23T13:53:17;
117952;482500;W_Gemaal_744;0.0;GemaalWarmte;0.0;Optie B;0.0;0.0;;;;;GM0362;;;;GM0362;;;;GM0362;;;False;False;False;52.329186307873556;4.843713238328238;WarmteAtlas:LT_WarmteBronnen_ECW;https://www.warmteatlas.nl/geoserver/WarmteAtlas/wfs;2026-06-23T13:53:17;
122052;480500;W_Gemaal_755;0.0;GemaalWarmte;0.0;Optie B;0.0;0.0;;;;;GM0362;;;;GM0362;;;;GM0362;;;False;False;False;52.31147249052755;4.904053226791284;WarmteAtlas:LT_WarmteBronnen_ECW;https://www.warmteatlas.nl/geoserver/WarmteAtlas/wfs;2026-06-23T13:53:17;
120252;476100;W_Gemaal_796;0.0;GemaalWarmte;0.0;Optie B;0.0;0.0;;;;;GM0362;;;;GM0362;;;;GM0362;;;False;False;False;52.271817102679506;4.878111911558063;WarmteAtlas:LT_WarmteBronnen_ECW;https://www.warmteatlas.nl/geoserver/WarmteAtlas/wfs;2026-06-23T13:53:17;
118252;473000;W_Gemaal_817;0.0;GemaalWarmte;0.0;Optie B;0.0;0.0;;;;;GM0362;;;;GM0362;;;;GM0362;;;False;False;False;52.24382621871052;4.849148103871518;WarmteAtlas:LT_WarmteBronnen_ECW;https://www.warmteatlas.nl/geoserver/WarmteAtlas/wfs;2026-06-23T13:53:17;
125828;488197;W_Gemaal_1545;0.0;GemaalWarmte;0.0;Optie B;0.0;0.0;;;;;GM0363;;;;GM0363;;;;GM0363;;;False;False;False;52.38086174460204;4.958755969397529;WarmteAtlas:LT_WarmteBronnen_ECW;https://www.warmteatlas.nl/geoserver/WarmteAtlas/wfs;2026-06-23T13:53:17;
125994;488314;W_Gemaal_1600;0.0;GemaalWarmte;0.0;Optie B;0.0;0.0;;;;;GM0363;;;;GM0363;;;;GM0363;;;False;False;False;52.38192205888806;4.96118384098386;WarmteAtlas:LT_WarmteBronnen_ECW;https://www.warmteatlas.nl/geoserver/WarmteAtlas/wfs;2026-06-23T13:53:17;
125980;488324;W_Gemaal_1601;0.0;GemaalWarmte;0.0;Optie B;0.0;0.0;;;;;GM0363;;;;GM0363;;;;GM0363;;;False;False;False;52.382011192496115;4.960977360115973;WarmteAtlas:LT_WarmteBronnen_ECW;https://www.warmteatlas.nl/geoserver/WarmteAtlas/wfs;2026-06-23T13:53:17;
125925;488250;W_Gemaal_1604;0.0;GemaalWarmte;0.0;Optie B;0.0;0.0;;;;;GM0363;;;;GM0363;;;;GM0363;;;False;False;False;52.381343219166524;4.960175981235639;WarmteAtlas:LT_WarmteBronnen_ECW;https://www.warmteatlas.nl/geoserver/WarmteAtlas/wfs;2026-06-23T13:53:17;
110952;493700;W_Gemaal_694;0.0;GemaalWarmte;0.0;Optie B;0.0;0.0;;;;;GM0363;;;;GM0363;;;;GM0363;;;False;False;False;52.429325416435454;4.739561217003992;WarmteAtlas:LT_WarmteBronnen_ECW;https://www.warmteatlas.nl/geoserver/WarmteAtlas/wfs;2026-06-23T13:53:17;
111752;491700;W_Gemaal_706;0.0;GemaalWarmte;0.0;Optie B;0.0;0.0;;;;;GM0363;;;;GM0363;;;;GM0363;;;False;False;False;52.411415064962114;4.751581020391282;WarmteAtlas:LT_WarmteBronnen_ECW;https://www.warmteatlas.nl/geoserver/WarmteAtlas/wfs;2026-06-23T13:53:17;
113052;489600;W_Gemaal_711;0.0;GemaalWarmte;0.0;Optie B;0.0;0.0;;;;;GM0363;;;;GM0363;;;;GM0363;;;False;False;False;52.39264314939491;4.770948779952755;WarmteAtlas:LT_WarmteBronnen_ECW;https://www.warmteatlas.nl/geoserver/WarmteAtlas/wfs;2026-06-23T13:53:17;
125452;486600;W_Gemaal_727;0.0;GemaalWarmte;0.0;Optie B;0.0;0.0;;;;;GM0363;;;;GM0363;;;;GM0363;;;False;False;False;52.366488837752335;4.953374215852221;WarmteAtlas:LT_WarmteBronnen_ECW;https://www.warmteatlas.nl/geoserver/WarmteAtlas/wfs;2026-06-23T13:53:17;
112352;485400;W_Gemaal_730;0.0;GemaalWarmte;0.0;Optie B;0.0;0.0;;;;;GM0363;;;;GM0363;;;;GM0363;;;False;False;False;52.35484327504517;4.761198701334686;WarmteAtlas:LT_WarmteBronnen_ECW;https://www.warmteatlas.nl/geoserver/WarmteAtlas/wfs;2026-06-23T13:53:17;
114552;484100;W_Gemaal_738;0.0;GemaalWarmte;0.0;Optie B;0.0;0.0;;;;;GM0363;;;;GM0363;;;;GM0363;;;False;False;False;52.34332627357631;4.793645796959973;WarmteAtlas:LT_WarmteBronnen_ECW;https://www.warmteatlas.nl/geoserver/WarmteAtlas/wfs;2026-06-23T13:53:17;
128052;481700;W_Gemaal_747;0.0;GemaalWarmte;0.0;Optie B;0.0;0.0;;;;;GM0363;;;;GM0363;;;;GM0363;;;False;False;False;52.32258409788282;4.991939323809645;WarmteAtlas:LT_WarmteBronnen_ECW;https://www.warmteatlas.nl/geoserver/WarmteAtlas/wfs;2026-06-23T13:53:17;
128852;480400;W_Gemaal_756;0.0;GemaalWarmte;0.0;Optie B;0.0;0.0;;;;;GM0363;;;;GM0363;;;;GM0363;;;False;False;False;52.310938965162464;5.003774050849309;WarmteAtlas:LT_WarmteBronnen_ECW;https://www.warmteatlas.nl/geoserver/WarmteAtlas/wfs;2026-06-23T13:53:17;
128652;480300;W_Gemaal_758;0.0;GemaalWarmte;0.0;Optie B;0.0;0.0;;;;;GM0363;;;;GM0363;;;;GM0363;;;False;False;False;52.31003067282359;5.00084916013186;WarmteAtlas:LT_WarmteBronnen_ECW;https://www.warmteatlas.nl/geoserver/WarmteAtlas/wfs;2026-06-23T13:53:17;
252352;591600;W_Gemaal_176;0.0;GemaalWarmte;0.0;Optie B;0.0;0.0;;;;;GM1979;;;;GM1979;;;;GM1979;;;False;False;False;53.301993574157386;6.8475184862319;WarmteAtlas:LT_WarmteBronnen_ECW;https://www.warmteatlas.nl/geoserver/WarmteAtlas/wfs;2026-06-23T13:53:17;
251752;590300;W_Gemaal_189;0.0;GemaalWarmte;0.0;Optie B;0.0;0.0;;;;;GM1979;;;;GM1979;;;;GM1979;;;False;False;False;53.290424758403795;6.83812813772275;WarmteAtlas:LT_WarmteBronnen_ECW;https://www.warmteatlas.nl/geoserver/WarmteAtlas/wfs;2026-06-23T13:53:17;
189605;440689;W_Gemaal_1;0.0;GemaalWarmte;0.0;Optie B;0.0;0.0;;;;;GM0202;;;;GM0202;;;;GM0202;;;False;False;False;51.953561185372436;5.890601335214517;WarmteAtlas:LT_WarmteBronnen_ECW;https://www.warmteatlas.nl/geoserver/WarmteAtlas/wfs;2026-06-23T13:53:17;
148113;470467;W_Gemaal_49;0.0;GemaalWarmte;0.0;Optie B;0.0;0.0;;;;;GM0308;;;;GM0308;;;;GM0308;;;False;False;False;52.22224189293214;5.286415385680824;WarmteAtlas:LT_WarmteBronnen_ECW;https://www.warmteatlas.nl/geoserver/WarmteAtlas/wfs;2026-06-23T13:53:17;
150152;470700;W_Gemaal_831;0.0;GemaalWarmte;0.0;Optie B;0.0;0.0;;;;;GM0308;;;;GM0308;;;;GM0308;;;False;False;False;52.2243577107002;5.316251945050858;WarmteAtlas:LT_WarmteBronnen_ECW;https://www.warmteatlas.nl/geoserver/WarmteAtlas/wfs;2026-06-23T13:53:17;
97152;430400;W_Gemaal_1189;0.0;GemaalWarmte;0.0;Optie B;0.0;0.0;;;;;GM0489;;;;GM0489;;;;GM0489;;;False;False;False;51.85915735132863;4.547445259961781;WarmteAtlas:LT_WarmteBronnen_ECW;https://www.warmteatlas.nl/geoserver/WarmteAtlas/wfs;2026-06-23T13:53:17;
94552;430300;W_Gemaal_1190;0.0;GemaalWarmte;0.0;Optie B;0.0;0.0;;;;;GM0489;;;;GM0489;;;;GM0489;;;False;False;False;51.85798266423893;4.509723710556258;WarmteAtlas:LT_WarmteBronnen_ECW;https://www.warmteatlas.nl/geoserver/WarmteAtlas/wfs;2026-06-23T13:53:17;
93252;429500;W_Gemaal_1198;0.0;GemaalWarmte;0.0;Optie B;0.0;0.0;;;;;GM0489;;;;GM0489;;;;GM0489;;;False;False;False;51.85065020126596;4.490997873702189;WarmteAtlas:LT_WarmteBronnen_ECW;https://www.warmteatlas.nl/geoserver/WarmteAtlas/wfs;2026-06-23T13:53:17;
96052;429200;W_Gemaal_1200;0.0;GemaalWarmte;0.0;Optie B;0.0;0.0;;;;;GM0489;;;;GM0489;;;;GM0489;;;False;False;False;51.84825706982676;4.531683599671271;WarmteAtlas:LT_WarmteBronnen_ECW;https://www.warmteatlas.nl/geoserver/WarmteAtlas/wfs;2026-06-23T13:53:17;
96452;429000;W_Gemaal_1202;0.0;GemaalWarmte;0.0;Optie B;0.0;0.0;;;;;GM0489;;;;GM0489;;;;GM0489;;;False;False;False;51.84650171536564;4.537522144982092;WarmteAtlas:LT_WarmteBronnen_ECW;https://www.warmteatlas.nl/geoserver/WarmteAtlas/wfs;2026-06-23T13:53:17;
94652;428700;W_Gemaal_1205;0.0;GemaalWarmte;0.0;Optie B;0.0;0.0;;;;;GM0489;;;;GM0489;;;;GM0489;;;False;False;False;51.8436135348371;4.511454867424905;WarmteAtlas:LT_WarmteBronnen_ECW;https://www.warmteatlas.nl/geoserver/WarmteAtlas/wfs;2026-06-23T13:53:17;
97352;428700;W_Gemaal_1206;0.0;GemaalWarmte;0.0;Optie B;0.0;0.0;;;;;GM0489;;;;GM0489;;;;GM0489;;;False;False;False;51.84389923550849;4.550632174037204;WarmteAtlas:LT_WarmteBronnen_ECW;https://www.warmteatlas.nl/geoserver/WarmteAtlas/wfs;2026-06-23T13:53:17;
93452;428500;W_Gemaal_1207;0.0;GemaalWarmte;0.0;Optie B;0.0;0.0;;;;;GM0489;;;;GM0489;;;;GM0489;;;False;False;False;51.84168486918075;4.494078559716235;WarmteAtlas:LT_WarmteBronnen_ECW;https://www.warmteatlas.nl/geoserver/WarmteAtlas/wfs;2026-06-23T13:53:17;
171108;465166;W_Gemaal_64;0.0;GemaalWarmte;0.0;Optie B;0.0;0.0;;;;;GM0203;;;;GM0203;;;;GM0203;;;False;False;False;52.174404819473594;5.622684801136119;WarmteAtlas:LT_WarmteBronnen_ECW;https://www.warmteatlas.nl/geoserver/WarmteAtlas/wfs;2026-06-23T13:53:17;
189952;328300;W_Gemaal_1488;0.0;GemaalWarmte;0.0;Optie B;0.0;0.0;;;;;GM1954;;;;GM1954;;;;GM1954;;;False;False;False;50.94334965341888;5.884493455944629;WarmteAtlas:LT_WarmteBronnen_ECW;https://www.warmteatlas.nl/geoserver/WarmteAtlas/wfs;2026-06-23T13:53:17;
121152;511500;W_Gemaal_602;0.0;GemaalWarmte;0.0;Optie B;0.0;0.0;;;;;GM0439;;;;GM0439;;;;GM0439;;;False;False;False;52.5900190619788;4.887721439649829;WarmteAtlas:LT_WarmteBronnen_ECW;https://www.warmteatlas.nl/geoserver/WarmteAtlas/wfs;2026-06-23T13:53:17;
127152;508300;W_Gemaal_620;0.0;GemaalWarmte;0.0;Optie B;0.0;0.0;;;;;GM0439;;;;GM0439;;;;GM0439;;;False;False;False;52.56159992409482;4.9765269591721095;WarmteAtlas:LT_WarmteBronnen_ECW;https://www.warmteatlas.nl/geoserver/WarmteAtlas/wfs;2026-06-23T13:53:17;
192261;431193;W_Gemaal_1492;0.0;GemaalWarmte;0.0;Optie B;0.0;0.0;;;;;GM1945;;;;GM1945;;;;GM1945;;;False;False;False;51.86803995057548;5.928207942663031;WarmteAtlas:LT_WarmteBronnen_ECW;https://www.warmteatlas.nl/geoserver/WarmteAtlas/wfs;2026-06-23T13:53:17;
197486;429616;W_Gemaal_1500;0.0;GemaalWarmte;0.0;Optie B;0.0;0.0;;;;;GM1945;;;;GM1945;;;;GM1945;;;False;False;False;51.85349193087102;6.003873337132281;WarmteAtlas:LT_WarmteBronnen_ECW;https://www.warmteatlas.nl/geoserver/WarmteAtlas/wfs;2026-06-23T13:53:17;
197140;431299;W_Gemaal_1504;0.0;GemaalWarmte;0.0;Optie B;0.0;0.0;;;;;GM1945;;;;GM1945;;;;GM1945;;;False;False;False;51.86864484987522;5.999057171185826;WarmteAtlas:LT_WarmteBronnen_ECW;https://www.warmteatlas.nl/geoserver/WarmteAtlas/wfs;2026-06-23T13:53:17;
204346;398376;W_Gemaal_130;0.0;GemaalWarmte;0.0;Optie B;0.0;0.0;;;;;GM0893;;;;GM0893;;;;GM0893;;;False;False;False;51.572144526412345;6.0990012650179;WarmteAtlas:LT_WarmteBronnen_ECW;https://www.warmteatlas.nl/geoserver/WarmteAtlas/wfs;2026-06-23T13:53:17;
202129;397969;W_Gemaal_1516;0.0;GemaalWarmte;0.0;Optie B;0.0;0.0;;;;;GM0893;;;;GM0893;;;;GM0893;;;False;False;False;51.568676771708525;6.0669691641465855;WarmteAtlas:LT_WarmteBronnen_ECW;https://www.warmteatlas.nl/geoserver/WarmteAtlas/wfs;2026-06-23T13:53:17;
204346;398376;W_Gemaal_1523;0.0;GemaalWarmte;0.0;Optie B;0.0;0.0;;;;;GM0893;;;;GM0893;;;;GM0893;;;False;False;False;51.572144526412345;6.0990012650179;WarmteAtlas:LT_WarmteBronnen_ECW;https://www.warmteatlas.nl/geoserver/WarmteAtlas/wfs;2026-06-23T13:53:17;
196423;406002;W_Gemaal_1652;0.0;GemaalWarmte;0.0;Optie B;0.0;0.0;;;;;GM0893;;;;GM0893;;;;GM0893;;;False;False;False;51.64132847104692;5.985625218245623;WarmteAtlas:LT_WarmteBronnen_ECW;https://www.warmteatlas.nl/geoserver/WarmteAtlas/wfs;2026-06-23T13:53:17;
105852;528700;W_Gemaal_511;0.0;GemaalWarmte;0.0;Optie B;0.0;0.0;;;;;GM0373;;;;GM0373;;;;GM0373;;;False;False;False;52.74342118482957;4.659404994182546;WarmteAtlas:LT_WarmteBronnen_ECW;https://www.warmteatlas.nl/geoserver/WarmteAtlas/wfs;2026-06-23T13:53:17;
108852;526000;W_Gemaal_524;0.0;GemaalWarmte;0.0;Optie B;0.0;0.0;;;;;GM0373;;;;GM0373;;;;GM0373;;;False;False;False;52.71942133644548;4.704204646446379;WarmteAtlas:LT_WarmteBronnen_ECW;https://www.warmteatlas.nl/geoserver/WarmteAtlas/wfs;2026-06-23T13:53:17;
110952;521600;W_Gemaal_544;0.0;GemaalWarmte;0.0;Optie B;0.0;0.0;;;;;GM0373;;;;GM0373;;;;GM0373;;;False;False;False;52.680055318462514;4.735869737387278;WarmteAtlas:LT_WarmteBronnen_ECW;https://www.warmteatlas.nl/geoserver/WarmteAtlas/wfs;2026-06-23T13:53:17;
108152;519300;W_Gemaal_557;0.0;GemaalWarmte;0.0;Optie B;0.0;0.0;;;;;GM0373;;;;GM0373;;;;GM0373;;;False;False;False;52.65915269621216;4.694794695137924;WarmteAtlas:LT_WarmteBronnen_ECW;https://www.warmteatlas.nl/geoserver/WarmteAtlas/wfs;2026-06-23T13:53:17;
108552;517400;W_Gemaal_565;0.0;GemaalWarmte;0.0;Optie B;0.0;0.0;;;;;GM0373;;;;GM0373;;1861PH;;GM0373;;1861PH;False;False;False;52.642112654426285;4.700972681335661;WarmteAtlas:LT_WarmteBronnen_ECW;https://www.warmteatlas.nl/geoserver/WarmteAtlas/wfs;2026-06-23T13:53:17;
107452;514900;W_Gemaal_579;0.0;GemaalWarmte;0.0;Optie B;0.0;0.0;;;;;GM0373;;;;GM0373;;;;GM0373;;;False;False;False;52.61955151725437;4.685080690497604;WarmteAtlas:LT_WarmteBronnen_ECW;https://www.warmteatlas.nl/geoserver/WarmteAtlas/wfs;2026-06-23T13:53:17;
75352;396300;W_Gemaal_1428;0.0;GemaalWarmte;0.0;Optie B;0.0;0.0;;;;;GM0748;;;;GM0748;;;;GM0748;;;False;False;False;51.55001142111755;4.23884469398555;WarmteAtlas:LT_WarmteBronnen_ECW;https://www.warmteatlas.nl/geoserver/WarmteAtlas/wfs;2026-06-23T13:53:17;
76552;394400;W_Gemaal_1437;0.0;GemaalWarmte;0.0;Optie B;0.0;0.0;;;;;GM0748;;;;GM0748;;;;GM0748;;;False;False;False;51.533104454083144;4.256567943453816;WarmteAtlas:LT_WarmteBronnen_ECW;https://www.warmteatlas.nl/geoserver/WarmteAtlas/wfs;2026-06-23T13:53:17;
76352;390000;W_Gemaal_1453;0.0;GemaalWarmte;0.0;Optie B;0.0;0.0;;;;;GM0748;;;;GM0748;;;;GM0748;;;False;False;False;51.493532810885576;4.254671292952825;WarmteAtlas:LT_WarmteBronnen_ECW;https://www.warmteatlas.nl/geoserver/WarmteAtlas/wfs;2026-06-23T13:53:17;
184622;430610;W_Gemaal_1509;0.0;GemaalWarmte;0.0;Optie B;0.0;0.0;;;;;GM0209;;;;GM0209;;;;GM0209;;;False;False;False;51.863258633897445;5.817247908708083;WarmteAtlas:LT_WarmteBronnen_ECW;https://www.warmteatlas.nl/geoserver/WarmteAtlas/wfs;2026-06-23T13:53:17;
106552;496900;W_Gemaal_676;0.0;GemaalWarmte;0.0;Optie B;0.0;0.0;;;;;GM0375;;;;GM0375;;;;GM0375;;;False;False;False;52.45771218135957;4.674409035911482;WarmteAtlas:LT_WarmteBronnen_ECW;https://www.warmteatlas.nl/geoserver/WarmteAtlas/wfs;2026-06-23T13:53:17;
149352;476700;W_Gemaal_790;0.0;GemaalWarmte;0.0;Optie B;0.0;0.0;;;;;GM0376;;;;GM0376;;;;GM0376;;;False;False;False;52.27827670997324;5.304443707152334;WarmteAtlas:LT_WarmteBronnen_ECW;https://www.warmteatlas.nl/geoserver/WarmteAtlas/wfs;2026-06-23T13:53:17;
99052;480900;W_Gemaal_752;0.0;GemaalWarmte;0.0;Optie B;0.0;0.0;;;;;GM0377;;;;GM0377;;;;GM0377;;;False;False;False;52.313208846385315;4.566740195682555;WarmteAtlas:LT_WarmteBronnen_ECW;https://www.warmteatlas.nl/geoserver/WarmteAtlas/wfs;2026-06-23T13:53:17;
111649;451227;W_Gemaal_86;0.0;GemaalWarmte;0.0;Optie B;0.0;0.0;;;;;GM1901;;;;GM1901;;;;GM1901;;;False;False;False;52.047661725515944;4.755249436190551;WarmteAtlas:LT_WarmteBronnen_ECW;https://www.warmteatlas.nl/geoserver/WarmteAtlas/wfs;2026-06-23T13:53:17;
113852;455600;W_Gemaal_934;0.0;GemaalWarmte;0.0;Optie B;0.0;0.0;;;;;GM1901;;;;GM1901;;;;GM1901;;;False;False;False;52.08713265764402;4.786835149242122;WarmteAtlas:LT_WarmteBronnen_ECW;https://www.warmteatlas.nl/geoserver/WarmteAtlas/wfs;2026-06-23T13:53:17;
110352;455300;W_Gemaal_937;0.0;GemaalWarmte;0.0;Optie B;0.0;0.0;;;;;GM1901;;;;GM1901;;;;GM1901;;;False;False;False;52.0841652179322;4.735810851081177;WarmteAtlas:LT_WarmteBronnen_ECW;https://www.warmteatlas.nl/geoserver/WarmteAtlas/wfs;2026-06-23T13:53:17;
113152;455100;W_Gemaal_939;0.0;GemaalWarmte;0.0;Optie B;0.0;0.0;;;;;GM1901;;;;GM1901;;;;GM1901;;;False;False;False;52.0825863847172;4.776683717989146;WarmteAtlas:LT_WarmteBronnen_ECW;https://www.warmteatlas.nl/geoserver/WarmteAtlas/wfs;2026-06-23T13:53:17;
113652;453600;W_Gemaal_956;0.0;GemaalWarmte;0.0;Optie B;0.0;0.0;;;;;GM1901;;;;GM1901;;;;GM1901;;;False;False;False;52.06914248402771;4.7841595502530785;WarmteAtlas:LT_WarmteBronnen_ECW;https://www.warmteatlas.nl/geoserver/WarmteAtlas/wfs;2026-06-23T13:53:17;
114752;451700;W_Gemaal_970;0.0;GemaalWarmte;0.0;Optie B;0.0;0.0;;;;;GM1901;;;;GM1901;;;;GM1901;;;False;False;False;52.052146896263906;4.8004256773918765;WarmteAtlas:LT_WarmteBronnen_ECW;https://www.warmteatlas.nl/geoserver/WarmteAtlas/wfs;2026-06-23T13:53:17;
113552;450500;W_Gemaal_978;0.0;GemaalWarmte;0.0;Optie B;0.0;0.0;;;;;GM1901;;;;GM1901;;;;GM1901;;;False;False;False;52.041273240591366;4.78307725720381;WarmteAtlas:LT_WarmteBronnen_ECW;https://www.warmteatlas.nl/geoserver/WarmteAtlas/wfs;2026-06-23T13:53:17;
261552;553600;W_Gemaal_399;0.0;GemaalWarmte;0.0;Optie B;0.0;0.0;;;;;GM1681;;;;GM1681;;;;GM1681;;;False;False;False;52.9588853383543;6.972932948346339;WarmteAtlas:LT_WarmteBronnen_ECW;https://www.warmteatlas.nl/geoserver/WarmteAtlas/wfs;2026-06-23T13:53:17;
264352;549200;W_Gemaal_415;0.0;GemaalWarmte;0.0;Optie B;0.0;0.0;;;;;GM1681;;;;GM1681;;;;GM1681;;;False;False;False;52.91879839574018;7.013112029011453;WarmteAtlas:LT_WarmteBronnen_ECW;https://www.warmteatlas.nl/geoserver/WarmteAtlas/wfs;2026-06-23T13:53:17;
39352;388500;W_Gemaal_1455;0.0;GemaalWarmte;0.0;Optie B;0.0;0.0;;;;;GM0654;;;;GM0654;;;;GM0654;;;False;False;False;51.47367265549232;3.72254489131971;WarmteAtlas:LT_WarmteBronnen_ECW;https://www.warmteatlas.nl/geoserver/WarmteAtlas/wfs;2026-06-23T13:53:17;
51452;388400;W_Gemaal_1456;0.0;GemaalWarmte;0.0;Optie B;0.0;0.0;;;;;GM0654;;;;GM0654;;;;GM0654;;;False;False;False;51.475127465171795;3.896684350268308;WarmteAtlas:LT_WarmteBronnen_ECW;https://www.warmteatlas.nl/geoserver/WarmteAtlas/wfs;2026-06-23T13:53:17;
53252;385800;W_Gemaal_1457;0.0;GemaalWarmte;0.0;Optie B;0.0;0.0;;;;;GM0654;;;;GM0654;;;;GM0654;;;False;False;False;51.45209101969202;3.9233375961577397;WarmteAtlas:LT_WarmteBronnen_ECW;https://www.warmteatlas.nl/geoserver/WarmteAtlas/wfs;2026-06-23T13:53:17;
52652;382900;W_Gemaal_1465;0.0;GemaalWarmte;0.0;Optie B;0.0;0.0;;;;;GM0654;;;;GM0654;;;;GM0654;;;False;False;False;51.42592222975459;3.9155499446553517;WarmteAtlas:LT_WarmteBronnen_ECW;https://www.warmteatlas.nl/geoserver/WarmteAtlas/wfs;2026-06-23T13:53:17;
49752;380800;W_Gemaal_1471;0.0;GemaalWarmte;0.0;Optie B;0.0;0.0;;;;;GM0654;;;;GM0654;;;;GM0654;;;False;False;False;51.40651786434442;3.87449101511845;WarmteAtlas:LT_WarmteBronnen_ECW;https://www.warmteatlas.nl/geoserver/WarmteAtlas/wfs;2026-06-23T13:53:17;
193652;403700;W_Gemaal_1385;0.0;GemaalWarmte;0.0;Optie B;0.0;0.0;;;;;GM1982;;;;GM1982;;;;GM1982;;;False;False;False;51.62083556041933;5.9453404404538235;WarmteAtlas:LT_WarmteBronnen_ECW;https://www.warmteatlas.nl/geoserver/WarmteAtlas/wfs;2026-06-23T13:53:17;
196391;405948;W_Gemaal_1653;0.0;GemaalWarmte;0.0;Optie B;0.0;0.0;;;;;GM1982;;;;GM1982;;;;GM1982;;;False;False;False;51.64084547532844;5.985156541018693;WarmteAtlas:LT_WarmteBronnen_ECW;https://www.warmteatlas.nl/geoserver/WarmteAtlas/wfs;2026-06-23T13:53:17;
109852;406200;W_Gemaal_1370;0.0;GemaalWarmte;0.0;Optie B;0.0;0.0;;;;;GM0758;;;;GM0758;;;;GM0758;;;False;False;False;51.642822297775865;4.734941825980556;WarmteAtlas:LT_WarmteBronnen_ECW;https://www.warmteatlas.nl/geoserver/WarmteAtlas/wfs;2026-06-23T13:53:17;
104952;404900;W_Gemaal_1377;0.0;GemaalWarmte;0.0;Optie B;0.0;0.0;;;;;GM0758;;;;GM0758;;;;GM0758;;;False;False;False;51.6307220781393;4.664342317385945;WarmteAtlas:LT_WarmteBronnen_ECW;https://www.warmteatlas.nl/geoserver/WarmteAtlas/wfs;2026-06-23T13:53:17;
112352;403500;W_Gemaal_1388;0.0;GemaalWarmte;0.0;Optie B;0.0;0.0;;;;;GM0758;;;;GM0758;;;;GM0758;;;False;False;False;51.61875004909671;4.771387449672723;WarmteAtlas:LT_WarmteBronnen_ECW;https://www.warmteatlas.nl/geoserver/WarmteAtlas/wfs;2026-06-23T13:53:17;
111752;403400;W_Gemaal_1389;0.0;GemaalWarmte;0.0;Optie B;0.0;0.0;;;;;GM0758;;;;GM0758;;;;GM0758;;;False;False;False;51.61780532129662;4.762736639006735;WarmteAtlas:LT_WarmteBronnen_ECW;https://www.warmteatlas.nl/geoserver/WarmteAtlas/wfs;2026-06-23T13:53:17;
116552;403000;W_Gemaal_1392;0.0;GemaalWarmte;0.0;Optie B;0.0;0.0;;;;;GM0758;;;;GM0758;;;;GM0758;;;False;False;False;51.61455938779384;4.832085342536326;WarmteAtlas:LT_WarmteBronnen_ECW;https://www.warmteatlas.nl/geoserver/WarmteAtlas/wfs;2026-06-23T13:53:17;
116552;403000;W_Gemaal_1394;0.0;GemaalWarmte;0.0;Optie B;0.0;0.0;;;;;GM0758;;;;GM0758;;;;GM0758;;;False;False;False;51.61455938779384;4.832085342536326;WarmteAtlas:LT_WarmteBronnen_ECW;https://www.warmteatlas.nl/geoserver/WarmteAtlas/wfs;2026-06-23T13:53:17;
112452;402700;W_Gemaal_1396;0.0;GemaalWarmte;0.0;Optie B;0.0;0.0;;;;;GM0758;;;;GM0758;;;;GM0758;;;False;False;False;51.611567128663054;4.772928728632815;WarmteAtlas:LT_WarmteBronnen_ECW;https://www.warmteatlas.nl/geoserver/WarmteAtlas/wfs;2026-06-23T13:53:17;
114352;402200;W_Gemaal_1400;0.0;GemaalWarmte;0.0;Optie B;0.0;0.0;;;;;GM0758;;;;GM0758;;;;GM0758;;;False;False;False;51.60721383810809;4.800416099659626;WarmteAtlas:LT_WarmteBronnen_ECW;https://www.warmteatlas.nl/geoserver/WarmteAtlas/wfs;2026-06-23T13:53:17;
116152;400000;W_Gemaal_1412;0.0;GemaalWarmte;0.0;Optie B;0.0;0.0;;;;;GM0758;;;;GM0758;;;;GM0758;;;False;False;False;51.58756718831518;4.826643645009266;WarmteAtlas:LT_WarmteBronnen_ECW;https://www.warmteatlas.nl/geoserver/WarmteAtlas/wfs;2026-06-23T13:53:17;
116552;400000;W_Gemaal_1413;0.0;GemaalWarmte;0.0;Optie B;0.0;0.0;;;;;GM0758;;;;GM0758;;;;GM0758;;;False;False;False;51.58759470855199;4.832415192016794;WarmteAtlas:LT_WarmteBronnen_ECW;https://www.warmteatlas.nl/geoserver/WarmteAtlas/wfs;2026-06-23T13:53:17;
114652;399800;W_Gemaal_1415;0.0;GemaalWarmte;0.0;Optie B;0.0;0.0;;;;;GM0758;;;;GM0758;;;;GM0758;;;False;False;False;51.58566380950143;4.805023476682463;WarmteAtlas:LT_WarmteBronnen_ECW;https://www.warmteatlas.nl/geoserver/WarmteAtlas/wfs;2026-06-23T13:53:17;
111652;398900;W_Gemaal_1419;0.0;GemaalWarmte;0.0;Optie B;0.0;0.0;;;;;GM0758;;;;GM0758;;;;GM0758;;;False;False;False;51.57735099185615;4.761850553230581;WarmteAtlas:LT_WarmteBronnen_ECW;https://www.warmteatlas.nl/geoserver/WarmteAtlas/wfs;2026-06-23T13:53:17;
110252;394000;W_Gemaal_1439;0.0;GemaalWarmte;0.0;Optie B;0.0;0.0;;;;;GM0758;;;;GM0758;;;;GM0758;;;False;False;False;51.53319935212968;4.742280543675985;WarmteAtlas:LT_WarmteBronnen_ECW;https://www.warmteatlas.nl/geoserver/WarmteAtlas/wfs;2026-06-23T13:53:17;
69752;438600;W_Gemaal_1113;0.0;GemaalWarmte;0.0;Optie B;0.0;0.0;;;;;GM1992;;;;GM1992;;;;GM1992;;;False;False;False;51.929329763393376;4.147735047353805;WarmteAtlas:LT_WarmteBronnen_ECW;https://www.warmteatlas.nl/geoserver/WarmteAtlas/wfs;2026-06-23T13:53:17;
72152;429800;W_Gemaal_1195;0.0;GemaalWarmte;0.0;Optie B;0.0;0.0;;;;;GM1992;;;;GM1992;;;;GM1992;;;False;False;False;51.85060969927649;4.18473868122423;WarmteAtlas:LT_WarmteBronnen_ECW;https://www.warmteatlas.nl/geoserver/WarmteAtlas/wfs;2026-06-23T13:53:17;
211952;456200;W_Gemaal_926;0.0;GemaalWarmte;0.0;Optie B;0.0;0.0;;;;;GM1876;;;;GM1876;;;;GM1876;;;False;False;False;52.0911226148183;6.218239178454428;WarmteAtlas:LT_WarmteBronnen_ECW;https://www.warmteatlas.nl/geoserver/WarmteAtlas/wfs;2026-06-23T13:53:17;
212052;455900;W_Gemaal_930;0.0;GemaalWarmte;0.0;Optie B;0.0;0.0;;;;;GM1876;;;;GM1876;;;;GM1876;;;False;False;False;52.0884161376052;6.219648007734304;WarmteAtlas:LT_WarmteBronnen_ECW;https://www.warmteatlas.nl/geoserver/WarmteAtlas/wfs;2026-06-23T13:53:17;
208952;454400;W_Gemaal_946;0.0;GemaalWarmte;0.0;Optie B;0.0;0.0;;;;;GM1876;;;;GM1876;;;;GM1876;;;False;False;False;52.075246023119625;6.1741828478271055;WarmteAtlas:LT_WarmteBronnen_ECW;https://www.warmteatlas.nl/geoserver/WarmteAtlas/wfs;2026-06-23T13:53:17;
208352;454200;W_Gemaal_950;0.0;GemaalWarmte;0.0;Optie B;0.0;0.0;;;;;GM1876;;;;GM1876;;;;GM1876;;;False;False;False;52.07350669611343;6.165400348793421;WarmteAtlas:LT_WarmteBronnen_ECW;https://www.warmteatlas.nl/geoserver/WarmteAtlas/wfs;2026-06-23T13:53:17;
208352;454200;W_Gemaal_952;0.0;GemaalWarmte;0.0;Optie B;0.0;0.0;;;;;GM1876;;;;GM1876;;;;GM1876;;;False;False;False;52.07350669611343;6.165400348793421;WarmteAtlas:LT_WarmteBronnen_ECW;https://www.warmteatlas.nl/geoserver/WarmteAtlas/wfs;2026-06-23T13:53:17;
166952;439600;W_Gemaal_1104;0.0;GemaalWarmte;0.0;Optie B;0.0;0.0;;;;;GM0214;;;;GM0214;;;;GM0214;;;False;False;False;51.94472251760019;5.561033274549768;WarmteAtlas:LT_WarmteBronnen_ECW;https://www.warmteatlas.nl/geoserver/WarmteAtlas/wfs;2026-06-23T13:53:17;
155152;439300;W_Gemaal_1107;0.0;GemaalWarmte;0.0;Optie B;0.0;0.0;;;;;GM0214;;;;GM0214;;;;GM0214;;;False;False;False;51.94215477604183;5.389413293316855;WarmteAtlas:LT_WarmteBronnen_ECW;https://www.warmteatlas.nl/geoserver/WarmteAtlas/wfs;2026-06-23T13:53:17;
145952;438600;W_Gemaal_1116;0.0;GemaalWarmte;0.0;Optie B;0.0;0.0;;;;;GM0214;;;;GM0214;;;;GM0214;;;False;False;False;51.935789598947196;5.255634306879222;WarmteAtlas:LT_WarmteBronnen_ECW;https://www.warmteatlas.nl/geoserver/WarmteAtlas/wfs;2026-06-23T13:53:17;
151952;437200;W_Gemaal_1127;0.0;GemaalWarmte;0.0;Optie B;0.0;0.0;;;;;GM0214;;;;GM0214;;;;GM0214;;;False;False;False;51.92327121744798;5.3428935710016;WarmteAtlas:LT_WarmteBronnen_ECW;https://www.warmteatlas.nl/geoserver/WarmteAtlas/wfs;2026-06-23T13:53:17;
158252;436900;W_Gemaal_1129;0.0;GemaalWarmte;0.0;Optie B;0.0;0.0;;;;;GM0214;;;;GM0214;;;;GM0214;;;False;False;False;51.92057346036909;5.434474461448313;WarmteAtlas:LT_WarmteBronnen_ECW;https://www.warmteatlas.nl/geoserver/WarmteAtlas/wfs;2026-06-23T13:53:17;
157666;442819;W_Gemaal_1495;0.0;GemaalWarmte;0.0;Optie B;0.0;0.0;;;;;GM0214;;;;GM0214;;;;GM0214;;;False;False;False;51.97377783243804;5.42600237410704;WarmteAtlas:LT_WarmteBronnen_ECW;https://www.warmteatlas.nl/geoserver/WarmteAtlas/wfs;2026-06-23T13:53:17;
165291;441133;W_Gemaal_1499;0.0;GemaalWarmte;0.0;Optie B;0.0;0.0;;;;;GM0214;;;;GM0214;;;;GM0214;;;False;False;False;51.95853467603638;5.536921680345445;WarmteAtlas:LT_WarmteBronnen_ECW;https://www.warmteatlas.nl/geoserver/WarmteAtlas/wfs;2026-06-23T13:53:17;
158401;437416;W_Gemaal_1508;0.0;GemaalWarmte;0.0;Optie B;0.0;0.0;;;;;GM0214;;;;GM0214;;;;GM0214;;;False;False;False;51.9252104999689;5.436645479030276;WarmteAtlas:LT_WarmteBronnen_ECW;https://www.warmteatlas.nl/geoserver/WarmteAtlas/wfs;2026-06-23T13:53:17;
152913;440588;W_Gemaal_1578;0.0;GemaalWarmte;0.0;Optie B;0.0;0.0;;;;;GM0214;;;;GM0214;;;;GM0214;;;False;False;False;51.953727744797625;5.356843256315134;WarmteAtlas:LT_WarmteBronnen_ECW;https://www.warmteatlas.nl/geoserver/WarmteAtlas/wfs;2026-06-23T13:53:17;
152888;440761;W_Gemaal_1580;0.0;GemaalWarmte;0.0;Optie B;0.0;0.0;;;;;GM0214;;;;GM0214;;;;GM0214;;;False;False;False;51.95528261053436;5.356478523756301;WarmteAtlas:LT_WarmteBronnen_ECW;https://www.warmteatlas.nl/geoserver/WarmteAtlas/wfs;2026-06-23T13:53:17;
157615;443179;W_Gemaal_1625;0.0;GemaalWarmte;0.0;Optie B;0.0;0.0;;;;;GM0214;;;;GM0214;;;;GM0214;;;False;False;False;51.977013820442174;5.425262904483395;WarmteAtlas:LT_WarmteBronnen_ECW;https://www.warmteatlas.nl/geoserver/WarmteAtlas/wfs;2026-06-23T13:53:17;
156443;442885;W_Gemaal_1643;0.0;GemaalWarmte;0.0;Optie B;0.0;0.0;;;;;GM0214;;;;GM0214;;;;GM0214;;;False;False;False;51.974375601807026;5.408203769919931;WarmteAtlas:LT_WarmteBronnen_ECW;https://www.warmteatlas.nl/geoserver/WarmteAtlas/wfs;2026-06-23T13:53:17;
102052;438600;W_Gemaal_1115;0.0;GemaalWarmte;0.0;Optie B;0.0;0.0;;;;;GM0502;;;;GM0502;;;;GM0502;;;False;False;False;51.933342912919684;4.617309703494726;WarmteAtlas:LT_WarmteBronnen_ECW;https://www.warmteatlas.nl/geoserver/WarmteAtlas/wfs;2026-06-23T13:53:17;
111949;507021;W_Gemaal_25;0.0;GemaalWarmte;0.0;Optie B;0.0;0.0;;;;;GM0383;;;;GM0383;;;;GM0383;;;False;False;False;52.54911901625788;4.752502625322316;WarmteAtlas:LT_WarmteBronnen_ECW;https://www.warmteatlas.nl/geoserver/WarmteAtlas/wfs;2026-06-23T13:53:17;
111252;510700;W_Gemaal_608;0.0;GemaalWarmte;0.0;Optie B;0.0;0.0;;;;;GM0383;;;;GM0383;;;;GM0383;;;False;False;False;52.5821257928151;4.741743624580647;WarmteAtlas:LT_WarmteBronnen_ECW;https://www.warmteatlas.nl/geoserver/WarmteAtlas/wfs;2026-06-23T13:53:17;
111152;510400;W_Gemaal_610;0.0;GemaalWarmte;0.0;Optie B;0.0;0.0;;;;;GM0383;;;;GM0383;;;;GM0383;;;False;False;False;52.57942176137081;4.740307873235923;WarmteAtlas:LT_WarmteBronnen_ECW;https://www.warmteatlas.nl/geoserver/WarmteAtlas/wfs;2026-06-23T13:53:17;
110952;508800;W_Gemaal_618;0.0;GemaalWarmte;0.0;Optie B;0.0;0.0;;;;;GM0383;;;;GM0383;;;;GM0383;;;False;False;False;52.565026934972344;4.737569309086375;WarmteAtlas:LT_WarmteBronnen_ECW;https://www.warmteatlas.nl/geoserver/WarmteAtlas/wfs;2026-06-23T13:53:17;
110852;507900;W_Gemaal_621;0.0;GemaalWarmte;0.0;Optie B;0.0;0.0;;;;;GM0383;;;;GM0383;;;;GM0383;;;False;False;False;52.556930808102855;4.736213952732625;WarmteAtlas:LT_WarmteBronnen_ECW;https://www.warmteatlas.nl/geoserver/WarmteAtlas/wfs;2026-06-23T13:53:17;
110252;507100;W_Gemaal_623;0.0;GemaalWarmte;0.0;Optie B;0.0;0.0;;;;;GM0383;;;;GM0383;;;;GM0383;;;False;False;False;52.54969259728965;4.727474643382;WarmteAtlas:LT_WarmteBronnen_ECW;https://www.warmteatlas.nl/geoserver/WarmteAtlas/wfs;2026-06-23T13:53:17;
240552;520900;W_Gemaal_549;0.0;GemaalWarmte;0.0;Optie B;0.0;0.0;;;;;GM0109;;;;GM0109;;;;GM0109;;;False;False;False;52.668820131520135;6.651968871477549;WarmteAtlas:LT_WarmteBronnen_ECW;https://www.warmteatlas.nl/geoserver/WarmteAtlas/wfs;2026-06-23T13:53:17;
244452;516500;W_Gemaal_572;0.0;GemaalWarmte;0.0;Optie B;0.0;0.0;;;;;GM0109;;;;GM0109;;;;GM0109;;;False;False;False;52.628658774364055;6.708421872007445;WarmteAtlas:LT_WarmteBronnen_ECW;https://www.warmteatlas.nl/geoserver/WarmteAtlas/wfs;2026-06-23T13:53:17;
244052;516400;W_Gemaal_574;0.0;GemaalWarmte;0.0;Optie B;0.0;0.0;;;;;GM0109;;;;GM0109;;;;GM0109;;;False;False;False;52.627825788761086;6.702488463686002;WarmteAtlas:LT_WarmteBronnen_ECW;https://www.warmteatlas.nl/geoserver/WarmteAtlas/wfs;2026-06-23T13:53:17;
166552;368300;W_Gemaal_1481;0.0;GemaalWarmte;0.0;Optie B;0.0;0.0;;;;;GM1706;;;;GM1706;;;;GM1706;;;False;False;False;51.303851271189124;5.552854289027418;WarmteAtlas:LT_WarmteBronnen_ECW;https://www.warmteatlas.nl/geoserver/WarmteAtlas/wfs;2026-06-23T13:53:17;
186052;418100;W_Gemaal_1278;0.0;GemaalWarmte;0.0;Optie B;0.0;0.0;;;;;GM1982;;;;GM1982;;;;GM1982;;;False;False;False;51.75073894982617;5.836884363806861;WarmteAtlas:LT_WarmteBronnen_ECW;https://www.warmteatlas.nl/geoserver/WarmteAtlas/wfs;2026-06-23T13:53:17;
141352;439000;W_Gemaal_1110;0.0;GemaalWarmte;0.0;Optie B;0.0;0.0;;;;;GM0216;;;;GM0216;;;;GM0216;;;False;False;False;51.939291073296374;5.1887294256828245;WarmteAtlas:LT_WarmteBronnen_ECW;https://www.warmteatlas.nl/geoserver/WarmteAtlas/wfs;2026-06-23T13:53:17;
216352;510800;W_Gemaal_607;0.0;GemaalWarmte;0.0;Optie B;0.0;0.0;;;;;GM0148;;;;GM0148;;;;GM0148;;;False;False;False;52.58132681400868;6.292389154191331;WarmteAtlas:LT_WarmteBronnen_ECW;https://www.warmteatlas.nl/geoserver/WarmteAtlas/wfs;2026-06-23T13:53:17;
211652;502700;W_Gemaal_645;0.0;GemaalWarmte;0.0;Optie B;0.0;0.0;;;;;GM0148;;;;GM0148;;;;GM0148;;;False;False;False;52.50904490327013;6.221674676544895;WarmteAtlas:LT_WarmteBronnen_ECW;https://www.warmteatlas.nl/geoserver/WarmteAtlas/wfs;2026-06-23T13:53:17;
213952;501700;W_Gemaal_656;0.0;GemaalWarmte;0.0;Optie B;0.0;0.0;;;;;GM0148;;;;GM0148;;;;GM0148;;;False;False;False;52.499815248742955;6.255372748484581;WarmteAtlas:LT_WarmteBronnen_ECW;https://www.warmteatlas.nl/geoserver/WarmteAtlas/wfs;2026-06-23T13:53:17;
207752;498800;W_Gemaal_667;0.0;GemaalWarmte;0.0;Optie B;0.0;0.0;;;;;GM0148;;;;GM0148;;;;GM0148;;;False;False;False;52.47438716487493;6.163617669008125;WarmteAtlas:LT_WarmteBronnen_ECW;https://www.warmteatlas.nl/geoserver/WarmteAtlas/wfs;2026-06-23T13:53:17;
198752;589000;W_Gemaal_195;0.0;GemaalWarmte;0.0;Optie B;0.0;0.0;;;;;GM1891;;;;GM1891;;;;GM1891;;;False;False;False;53.285713793215635;6.04322842622914;WarmteAtlas:LT_WarmteBronnen_ECW;https://www.warmteatlas.nl/geoserver/WarmteAtlas/wfs;2026-06-23T13:53:17;
197752;586600;W_Gemaal_205;0.0;GemaalWarmte;0.0;Optie B;0.0;0.0;;;;;GM1891;;;;GM1891;;;;GM1891;;;False;False;False;53.26423096435982;6.027915008965943;WarmteAtlas:LT_WarmteBronnen_ECW;https://www.warmteatlas.nl/geoserver/WarmteAtlas/wfs;2026-06-23T13:53:17;
195152;586100;W_Gemaal_208;0.0;GemaalWarmte;0.0;Optie B;0.0;0.0;;;;;GM1891;;;;GM1891;;;;GM1891;;;False;False;False;53.2599400468369;5.988889361107389;WarmteAtlas:LT_WarmteBronnen_ECW;https://www.warmteatlas.nl/geoserver/WarmteAtlas/wfs;2026-06-23T13:53:17;
193252;584200;W_Gemaal_217;0.0;GemaalWarmte;0.0;Optie B;0.0;0.0;;;;;GM1891;;;;GM1891;;;;GM1891;;;False;False;False;53.243007712056205;5.960192506377709;WarmteAtlas:LT_WarmteBronnen_ECW;https://www.warmteatlas.nl/geoserver/WarmteAtlas/wfs;2026-06-23T13:53:17;
184952;560600;W_Gemaal_367;0.0;GemaalWarmte;0.0;Optie B;0.0;0.0;;;;;GM1940;;;;GM1940;;;;GM1940;;;False;False;False;53.03147794233071;5.833678600426841;WarmteAtlas:LT_WarmteBronnen_ECW;https://www.warmteatlas.nl/geoserver/WarmteAtlas/wfs;2026-06-23T13:53:17;
181552;559500;W_Gemaal_373;0.0;GemaalWarmte;0.0;Optie B;0.0;0.0;;;;;GM1940;;;;GM1940;;;;GM1940;;;False;False;False;53.02177190524334;5.782908625102533;WarmteAtlas:LT_WarmteBronnen_ECW;https://www.warmteatlas.nl/geoserver/WarmteAtlas/wfs;2026-06-23T13:53:17;
179352;553300;W_Gemaal_402;0.0;GemaalWarmte;0.0;Optie B;0.0;0.0;;;;;GM1940;;;;GM1940;;;;GM1940;;;False;False;False;52.96616257724273;5.74965849242164;WarmteAtlas:LT_WarmteBronnen_ECW;https://www.warmteatlas.nl/geoserver/WarmteAtlas/wfs;2026-06-23T13:53:17;
179652;551800;W_Gemaal_407;0.0;GemaalWarmte;0.0;Optie B;0.0;0.0;;;;;GM1940;;;;GM1940;;;;GM1940;;;False;False;False;52.952669782178596;5.754010030775969;WarmteAtlas:LT_WarmteBronnen_ECW;https://www.warmteatlas.nl/geoserver/WarmteAtlas/wfs;2026-06-23T13:53:17;
187052;548700;W_Gemaal_417;0.0;GemaalWarmte;0.0;Optie B;0.0;0.0;;;;;GM1940;;;;GM1940;;;;GM1940;;;False;False;False;52.92442411452691;5.86380860337554;WarmteAtlas:LT_WarmteBronnen_ECW;https://www.warmteatlas.nl/geoserver/WarmteAtlas/wfs;2026-06-23T13:53:17;
182152;548400;W_Gemaal_419;0.0;GemaalWarmte;0.0;Optie B;0.0;0.0;;;;;GM1940;;;;GM1940;;;;GM1940;;;False;False;False;52.92199689222582;5.790924231168535;WarmteAtlas:LT_WarmteBronnen_ECW;https://www.warmteatlas.nl/geoserver/WarmteAtlas/wfs;2026-06-23T13:53:17;
165252;548000;W_Gemaal_423;0.0;GemaalWarmte;0.0;Optie B;0.0;0.0;;;;;GM1940;;;;GM1940;;;;GM1940;;;False;False;False;52.91898779356524;5.5396303882173985;WarmteAtlas:LT_WarmteBronnen_ECW;https://www.warmteatlas.nl/geoserver/WarmteAtlas/wfs;2026-06-23T13:53:17;
165452;547900;W_Gemaal_424;0.0;GemaalWarmte;0.0;Optie B;0.0;0.0;;;;;GM1940;;;;GM1940;;;;GM1940;;;False;False;False;52.91808532328085;5.542600720444724;WarmteAtlas:LT_WarmteBronnen_ECW;https://www.warmteatlas.nl/geoserver/WarmteAtlas/wfs;2026-06-23T13:53:17;
172652;546400;W_Gemaal_429;0.0;GemaalWarmte;0.0;Optie B;0.0;0.0;;;;;GM1940;;;;GM1940;;;;GM1940;;;False;False;False;52.90441844615746;5.649564228687665;WarmteAtlas:LT_WarmteBronnen_ECW;https://www.warmteatlas.nl/geoserver/WarmteAtlas/wfs;2026-06-23T13:53:17;
182952;543400;W_Gemaal_443;0.0;GemaalWarmte;0.0;Optie B;0.0;0.0;;;;;GM1940;;;;GM1940;;;;GM1940;;;False;False;False;52.87702496680419;5.802391245721979;WarmteAtlas:LT_WarmteBronnen_ECW;https://www.warmteatlas.nl/geoserver/WarmteAtlas/wfs;2026-06-23T13:53:17;
171852;543200;W_Gemaal_445;0.0;GemaalWarmte;0.0;Optie B;0.0;0.0;;;;;GM1940;;;;GM1940;;;;GM1940;;;False;False;False;52.875687620973025;5.637509108421066;WarmteAtlas:LT_WarmteBronnen_ECW;https://www.warmteatlas.nl/geoserver/WarmteAtlas/wfs;2026-06-23T13:53:17;
186852;543200;W_Gemaal_446;0.0;GemaalWarmte;0.0;Optie B;0.0;0.0;;;;;GM1940;;;;GM1940;;;;GM1940;;;False;False;False;52.875012051252945;5.860298636780858;WarmteAtlas:LT_WarmteBronnen_ECW;https://www.warmteatlas.nl/geoserver/WarmteAtlas/wfs;2026-06-23T13:53:17;
179152;542800;W_Gemaal_447;0.0;GemaalWarmte;0.0;Optie B;0.0;0.0;;;;;GM1940;;;;GM1940;;;;GM1940;;;False;False;False;52.87181626256215;5.745904801897042;WarmteAtlas:LT_WarmteBronnen_ECW;https://www.warmteatlas.nl/geoserver/WarmteAtlas/wfs;2026-06-23T13:53:17;
158652;542700;W_Gemaal_448;0.0;GemaalWarmte;0.0;Optie B;0.0;0.0;;;;;GM1940;;;;GM1940;;;;GM1940;;;False;False;False;52.871444825853075;5.441444040327227;WarmteAtlas:LT_WarmteBronnen_ECW;https://www.warmteatlas.nl/geoserver/WarmteAtlas/wfs;2026-06-23T13:53:17;
178652;542400;W_Gemaal_449;0.0;GemaalWarmte;0.0;Optie B;0.0;0.0;;;;;GM1940;;;;GM1940;;;;GM1940;;;False;False;False;52.868243823151296;5.738450168673197;WarmteAtlas:LT_WarmteBronnen_ECW;https://www.warmteatlas.nl/geoserver/WarmteAtlas/wfs;2026-06-23T13:53:17;
173952;542200;W_Gemaal_451;0.0;GemaalWarmte;0.0;Optie B;0.0;0.0;;;;;GM1940;;;;GM1940;;;;GM1940;;;False;False;False;52.866631682772514;5.668642156056557;WarmteAtlas:LT_WarmteBronnen_ECW;https://www.warmteatlas.nl/geoserver/WarmteAtlas/wfs;2026-06-23T13:53:17;
129752;479400;W_Gemaal_765;0.0;GemaalWarmte;0.0;Optie B;0.0;0.0;;;;;GM0736;;;;GM0736;;;;GM0736;;;False;False;False;52.30199347427167;5.017046090117178;WarmteAtlas:LT_WarmteBronnen_ECW;https://www.warmteatlas.nl/geoserver/WarmteAtlas/wfs;2026-06-23T13:53:17;
126352;476900;W_Gemaal_786;0.0;GemaalWarmte;0.0;Optie B;0.0;0.0;;;;;GM0736;;;;GM0736;;;;GM0736;;;False;False;False;52.27935820396292;4.9674124669539;WarmteAtlas:LT_WarmteBronnen_ECW;https://www.warmteatlas.nl/geoserver/WarmteAtlas/wfs;2026-06-23T13:53:17;
126752;474900;W_Gemaal_804;0.0;GemaalWarmte;0.0;Optie B;0.0;0.0;;;;;GM0736;;;;GM0736;;;;GM0736;;;False;False;False;52.261403764930975;4.973440882889373;WarmteAtlas:LT_WarmteBronnen_ECW;https://www.warmteatlas.nl/geoserver/WarmteAtlas/wfs;2026-06-23T13:53:17;
122052;474000;W_Gemaal_808;0.0;GemaalWarmte;0.0;Optie B;0.0;0.0;;;;;GM0736;;;;GM0736;;;;GM0736;;;False;False;False;52.253053983745076;4.904687429908631;WarmteAtlas:LT_WarmteBronnen_ECW;https://www.warmteatlas.nl/geoserver/WarmteAtlas/wfs;2026-06-23T13:53:17;
129452;473900;W_Gemaal_809;0.0;GemaalWarmte;0.0;Optie B;0.0;0.0;;;;;GM0736;;;;GM0736;;;;GM0736;;;False;False;False;52.25254796900243;5.013063874504746;WarmteAtlas:LT_WarmteBronnen_ECW;https://www.warmteatlas.nl/geoserver/WarmteAtlas/wfs;2026-06-23T13:53:17;
118452;472400;W_Gemaal_820;0.0;GemaalWarmte;0.0;Optie B;0.0;0.0;;;;;GM0736;;;;GM0736;;;;GM0736;;;False;False;False;52.23844703297436;4.852141137418067;WarmteAtlas:LT_WarmteBronnen_ECW;https://www.warmteatlas.nl/geoserver/WarmteAtlas/wfs;2026-06-23T13:53:17;
126652;470100;W_Gemaal_837;0.0;GemaalWarmte;0.0;Optie B;0.0;0.0;;;;;GM0736;;;;GM0736;;;;GM0736;;;False;False;False;52.21825814184419;4.972378211308814;WarmteAtlas:LT_WarmteBronnen_ECW;https://www.warmteatlas.nl/geoserver/WarmteAtlas/wfs;2026-06-23T13:53:17;
121752;467400;W_Gemaal_852;0.0;GemaalWarmte;0.0;Optie B;0.0;0.0;;;;;GM0736;;;;GM0736;;;;GM0736;;;False;False;False;52.19371809216441;4.9009419942714345;WarmteAtlas:LT_WarmteBronnen_ECW;https://www.warmteatlas.nl/geoserver/WarmteAtlas/wfs;2026-06-23T13:53:17;
117752;466500;W_Gemaal_856;0.0;GemaalWarmte;0.0;Optie B;0.0;0.0;;;;;GM0736;;;;GM0736;;;;GM0736;;;False;False;False;52.1853738827287;4.842542028563641;WarmteAtlas:LT_WarmteBronnen_ECW;https://www.warmteatlas.nl/geoserver/WarmteAtlas/wfs;2026-06-23T13:53:17;
119452;465200;W_Gemaal_867;0.0;GemaalWarmte;0.0;Optie B;0.0;0.0;;;;;GM0736;;;;GM0736;;;;GM0736;;;False;False;False;52.173802086074765;4.867535528987273;WarmteAtlas:LT_WarmteBronnen_ECW;https://www.warmteatlas.nl/geoserver/WarmteAtlas/wfs;2026-06-23T13:53:17;
212452;529000;W_Gemaal_506;0.0;GemaalWarmte;0.0;Optie B;0.0;0.0;;;;;GM1690;;;;GM1690;;;;GM1690;;;False;False;False;52.745299760198144;6.238015135827974;WarmteAtlas:LT_WarmteBronnen_ECW;https://www.warmteatlas.nl/geoserver/WarmteAtlas/wfs;2026-06-23T13:53:17;
217352;528000;W_Gemaal_516;0.0;GemaalWarmte;0.0;Optie B;0.0;0.0;;;;;GM1690;;;;GM1690;;;;GM1690;;;False;False;False;52.73577328610583;6.310381562012933;WarmteAtlas:LT_WarmteBronnen_ECW;https://www.warmteatlas.nl/geoserver/WarmteAtlas/wfs;2026-06-23T13:53:17;
212752;524700;W_Gemaal_530;0.0;GemaalWarmte;0.0;Optie B;0.0;0.0;;;;;GM1690;;;;GM1690;;;;GM1690;;;False;False;False;52.706628050891844;6.241704407215334;WarmteAtlas:LT_WarmteBronnen_ECW;https://www.warmteatlas.nl/geoserver/WarmteAtlas/wfs;2026-06-23T13:53:17;
83452;447800;W_Gemaal_1007;0.0;GemaalWarmte;0.0;Optie B;0.0;0.0;;;;;GM0503;;;;GM0503;;;;GM0503;;;False;False;False;52.013941211770046;4.344973836448882;WarmteAtlas:LT_WarmteBronnen_ECW;https://www.warmteatlas.nl/geoserver/WarmteAtlas/wfs;2026-06-23T13:53:17;
85952;443500;W_Gemaal_1066;0.0;GemaalWarmte;0.0;Optie B;0.0;0.0;;;;;GM0503;;;;GM0503;;;;GM0503;;;False;False;False;51.9756137406456;4.382251945042345;WarmteAtlas:LT_WarmteBronnen_ECW;https://www.warmteatlas.nl/geoserver/WarmteAtlas/wfs;2026-06-23T13:53:17;
85152;448800;W_Gemaal_994;0.0;GemaalWarmte;0.0;Optie B;0.0;0.0;;;;;GM0503;;;;GM0503;;;;GM0503;;;False;False;False;52.0231448131669;4.369529627616992;WarmteAtlas:LT_WarmteBronnen_ECW;https://www.warmteatlas.nl/geoserver/WarmteAtlas/wfs;2026-06-23T13:53:17;
265052;591900;W_Gemaal_175;0.0;GemaalWarmte;0.0;Optie B;0.0;0.0;;;;;GM1979;;;;GM1979;;;;GM1979;;;False;False;False;53.30222278400432;7.038053601780203;WarmteAtlas:LT_WarmteBronnen_ECW;https://www.warmteatlas.nl/geoserver/WarmteAtlas/wfs;2026-06-23T13:53:17;
261552;591600;W_Gemaal_177;0.0;GemaalWarmte;0.0;Optie B;0.0;0.0;;;;;GM1979;;;;GM1979;;;;GM1979;;;False;False;False;53.30023768354027;6.985471697446483;WarmteAtlas:LT_WarmteBronnen_ECW;https://www.warmteatlas.nl/geoserver/WarmteAtlas/wfs;2026-06-23T13:53:17;
267452;591600;W_Gemaal_178;0.0;GemaalWarmte;0.0;Optie B;0.0;0.0;;;;;GM1979;;;;GM1979;;;;GM1979;;;False;False;False;53.29902830767921;7.073934690542998;WarmteAtlas:LT_WarmteBronnen_ECW;https://www.warmteatlas.nl/geoserver/WarmteAtlas/wfs;2026-06-23T13:53:17;
264252;591200;W_Gemaal_180;0.0;GemaalWarmte;0.0;Optie B;0.0;0.0;;;;;GM1979;;;;GM1979;;;;GM1979;;;False;False;False;53.296099402144264;7.02581892645411;WarmteAtlas:LT_WarmteBronnen_ECW;https://www.warmteatlas.nl/geoserver/WarmteAtlas/wfs;2026-06-23T13:53:17;
257452;591100;W_Gemaal_181;0.0;GemaalWarmte;0.0;Optie B;0.0;0.0;;;;;GM1979;;;;GM1979;;;;GM1979;;;False;False;False;53.29654842957574;6.923834078155339;WarmteAtlas:LT_WarmteBronnen_ECW;https://www.warmteatlas.nl/geoserver/WarmteAtlas/wfs;2026-06-23T13:53:17;
256152;591000;W_Gemaal_183;0.0;GemaalWarmte;0.0;Optie B;0.0;0.0;;;;;GM1979;;;;GM1979;;;;GM1979;;;False;False;False;53.29589787432834;6.904311079538535;WarmteAtlas:LT_WarmteBronnen_ECW;https://www.warmteatlas.nl/geoserver/WarmteAtlas/wfs;2026-06-23T13:53:17;
261652;588100;W_Gemaal_196;0.0;GemaalWarmte;0.0;Optie B;0.0;0.0;;;;;GM1979;;;;GM1979;;;;GM1979;;;False;False;False;53.26877905518863;6.985805645797985;WarmteAtlas:LT_WarmteBronnen_ECW;https://www.warmteatlas.nl/geoserver/WarmteAtlas/wfs;2026-06-23T13:53:17;
261752;588100;W_Gemaal_197;0.0;GemaalWarmte;0.0;Optie B;0.0;0.0;;;;;GM1979;;;;GM1979;;;;GM1979;;;False;False;False;53.26875909951531;6.987303972615574;WarmteAtlas:LT_WarmteBronnen_ECW;https://www.warmteatlas.nl/geoserver/WarmteAtlas/wfs;2026-06-23T13:53:17;
114752;551200;W_Gemaal_408;0.0;GemaalWarmte;0.0;Optie B;0.0;0.0;;;;;GM0400;;;;GM0400;;;;GM0400;;;False;False;False;52.94634192179699;4.788429922561131;WarmteAtlas:LT_WarmteBronnen_ECW;https://www.warmteatlas.nl/geoserver/WarmteAtlas/wfs;2026-06-23T13:53:17;
218452;477700;W_Gemaal_774;0.0;GemaalWarmte;0.0;Optie B;0.0;0.0;;;;;GM0150;;;;GM0150;;;;GM0150;;;False;False;False;52.283634221398316;6.31709714831584;WarmteAtlas:LT_WarmteBronnen_ECW;https://www.warmteatlas.nl/geoserver/WarmteAtlas/wfs;2026-06-23T13:53:17;
217052;477600;W_Gemaal_775;0.0;GemaalWarmte;0.0;Optie B;0.0;0.0;;;;;GM0150;;;;GM0150;;;;GM0150;;;False;False;False;52.2828951889228;6.296564177085756;WarmteAtlas:LT_WarmteBronnen_ECW;https://www.warmteatlas.nl/geoserver/WarmteAtlas/wfs;2026-06-23T13:53:17;
214852;477000;W_Gemaal_784;0.0;GemaalWarmte;0.0;Optie B;0.0;0.0;;;;;GM0150;;;;GM0150;;;;GM0150;;;False;False;False;52.2777467426724;6.264220896512386;WarmteAtlas:LT_WarmteBronnen_ECW;https://www.warmteatlas.nl/geoserver/WarmteAtlas/wfs;2026-06-23T13:53:17;
205652;475900;W_Gemaal_799;0.0;GemaalWarmte;0.0;Optie B;0.0;0.0;;;;;GM0150;;;;GM0150;;;;GM0150;;;False;False;False;52.268784510656594;6.129259251911912;WarmteAtlas:LT_WarmteBronnen_ECW;https://www.warmteatlas.nl/geoserver/WarmteAtlas/wfs;2026-06-23T13:53:17;
128352;483900;W_Gemaal_739;0.0;GemaalWarmte;0.0;Optie B;0.0;0.0;;;;;GM0384;;;;GM0384;;;;GM0384;;;False;False;False;52.34237113788654;4.996165483186673;WarmteAtlas:LT_WarmteBronnen_ECW;https://www.warmteatlas.nl/geoserver/WarmteAtlas/wfs;2026-06-23T13:53:17;
127852;483700;W_Gemaal_740;0.0;GemaalWarmte;0.0;Optie B;0.0;0.0;;;;;GM0384;;;;GM0384;;;;GM0384;;;False;False;False;52.34054918209398;4.988844666594177;WarmteAtlas:LT_WarmteBronnen_ECW;https://www.warmteatlas.nl/geoserver/WarmteAtlas/wfs;2026-06-23T13:53:17;
265952;489000;W_Gemaal_715;0.0;GemaalWarmte;0.0;Optie B;0.0;0.0;;;;;GM1774;;;;GM1774;;;;GM1774;;;False;False;False;52.37763561594965;7.016724370618849;WarmteAtlas:LT_WarmteBronnen_ECW;https://www.warmteatlas.nl/geoserver/WarmteAtlas/wfs;2026-06-23T13:53:17;
107352;424800;W_Gemaal_1229;0.0;GemaalWarmte;0.0;Optie B;0.0;0.0;;;;;GM0505;;;;GM0505;;;;GM0505;;;False;False;False;51.80979097306437;4.696275592924074;WarmteAtlas:LT_WarmteBronnen_ECW;https://www.warmteatlas.nl/geoserver/WarmteAtlas/wfs;2026-06-23T13:53:17;
104252;424400;W_Gemaal_1232;0.0;GemaalWarmte;0.0;Optie B;0.0;0.0;;;;;GM0505;;;;GM0505;;;;GM0505;;;False;False;False;51.80592260117395;4.651385696434065;WarmteAtlas:LT_WarmteBronnen_ECW;https://www.warmteatlas.nl/geoserver/WarmteAtlas/wfs;2026-06-23T13:53:17;
111552;422500;W_Gemaal_1247;0.0;GemaalWarmte;0.0;Optie B;0.0;0.0;;;;;GM0505;;;;GM0505;;;;GM0505;;;False;False;False;51.78946145337065;4.7574633053924655;WarmteAtlas:LT_WarmteBronnen_ECW;https://www.warmteatlas.nl/geoserver/WarmteAtlas/wfs;2026-06-23T13:53:17;
107352;420500;W_Gemaal_1256;0.0;GemaalWarmte;0.0;Optie B;0.0;0.0;;;;;GM0505;;;;GM0505;;;;GM0505;;;False;False;False;51.77114314781267;4.696867227048841;WarmteAtlas:LT_WarmteBronnen_ECW;https://www.warmteatlas.nl/geoserver/WarmteAtlas/wfs;2026-06-23T13:53:17;
106652;418800;W_Gemaal_1273;0.0;GemaalWarmte;0.0;Optie B;0.0;0.0;;;;;GM0505;;;;GM0505;;;;GM0505;;;False;False;False;51.75580362161215;4.68696319924451;WarmteAtlas:LT_WarmteBronnen_ECW;https://www.warmteatlas.nl/geoserver/WarmteAtlas/wfs;2026-06-23T13:53:17;
105252;418600;W_Gemaal_1274;0.0;GemaalWarmte;0.0;Optie B;0.0;0.0;;;;;GM0505;;;;GM0505;;;;GM0505;;;False;False;False;51.75388320968487;4.6667167574853945;WarmteAtlas:LT_WarmteBronnen_ECW;https://www.warmteatlas.nl/geoserver/WarmteAtlas/wfs;2026-06-23T13:53:17;
145152;520600;W_Gemaal_551;0.0;GemaalWarmte;0.0;Optie B;0.0;0.0;;;;;GM0498;;;;GM0498;;;;GM0498;;;False;False;False;52.67276172137033;5.241609003679579;WarmteAtlas:LT_WarmteBronnen_ECW;https://www.warmteatlas.nl/geoserver/WarmteAtlas/wfs;2026-06-23T13:53:17;
109352;414700;W_Gemaal_1297;0.0;GemaalWarmte;0.0;Optie B;0.0;0.0;;;;;GM1719;;;;GM1719;;;;GM1719;;;False;False;False;51.71917997356699;4.726604542769066;WarmteAtlas:LT_WarmteBronnen_ECW;https://www.warmteatlas.nl/geoserver/WarmteAtlas/wfs;2026-06-23T13:53:17;
110452;414700;W_Gemaal_1298;0.0;GemaalWarmte;0.0;Optie B;0.0;0.0;;;;;GM1719;;;;GM1719;;;;GM1719;;;False;False;False;51.719268623425606;4.7425222768073425;WarmteAtlas:LT_WarmteBronnen_ECW;https://www.warmteatlas.nl/geoserver/WarmteAtlas/wfs;2026-06-23T13:53:17;
105752;414200;W_Gemaal_1305;0.0;GemaalWarmte;0.0;Optie B;0.0;0.0;;;;;GM1719;;;;GM1719;;;;GM1719;;;False;False;False;51.714380774340995;4.674581497052395;WarmteAtlas:LT_WarmteBronnen_ECW;https://www.warmteatlas.nl/geoserver/WarmteAtlas/wfs;2026-06-23T13:53:17;
110152;413000;W_Gemaal_1317;0.0;GemaalWarmte;0.0;Optie B;0.0;0.0;;;;;GM1719;;;;GM1719;;;;GM1719;;;False;False;False;51.70396505012349;4.738400338079125;WarmteAtlas:LT_WarmteBronnen_ECW;https://www.warmteatlas.nl/geoserver/WarmteAtlas/wfs;2026-06-23T13:53:17;
110252;412000;W_Gemaal_1323;0.0;GemaalWarmte;0.0;Optie B;0.0;0.0;;;;;GM1719;;;;GM1719;;;;GM1719;;;False;False;False;51.69498503231212;4.739975531905743;WarmteAtlas:LT_WarmteBronnen_ECW;https://www.warmteatlas.nl/geoserver/WarmteAtlas/wfs;2026-06-23T13:53:17;
115852;411900;W_Gemaal_1324;0.0;GemaalWarmte;0.0;Optie B;0.0;0.0;;;;;GM1719;;;;GM1719;;;;GM1719;;;False;False;False;51.69450570663229;4.820980043638664;WarmteAtlas:LT_WarmteBronnen_ECW;https://www.warmteatlas.nl/geoserver/WarmteAtlas/wfs;2026-06-23T13:53:17;
116352;411900;W_Gemaal_1325;0.0;GemaalWarmte;0.0;Optie B;0.0;0.0;;;;;GM1719;;;;GM1719;;;;GM1719;;;False;False;False;51.6945404362656;4.828211523358165;WarmteAtlas:LT_WarmteBronnen_ECW;https://www.warmteatlas.nl/geoserver/WarmteAtlas/wfs;2026-06-23T13:53:17;
110652;411400;W_Gemaal_1329;0.0;GemaalWarmte;0.0;Optie B;0.0;0.0;;;;;GM1719;;;;GM1719;;;;GM1719;;;False;False;False;51.68962403235695;4.745837157036285;WarmteAtlas:LT_WarmteBronnen_ECW;https://www.warmteatlas.nl/geoserver/WarmteAtlas/wfs;2026-06-23T13:53:17;
109952;411200;W_Gemaal_1332;0.0;GemaalWarmte;0.0;Optie B;0.0;0.0;;;;;GM1719;;;;GM1719;;;;GM1719;;;False;False;False;51.687770562291945;4.73574019572776;WarmteAtlas:LT_WarmteBronnen_ECW;https://www.warmteatlas.nl/geoserver/WarmteAtlas/wfs;2026-06-23T13:53:17;
109852;406900;W_Gemaal_1363;0.0;GemaalWarmte;0.0;Optie B;0.0;0.0;;;;;GM1719;;;;GM1719;;;;GM1719;;;False;False;False;51.649113939514386;4.734851238573005;WarmteAtlas:LT_WarmteBronnen_ECW;https://www.warmteatlas.nl/geoserver/WarmteAtlas/wfs;2026-06-23T13:53:17;
110152;406600;W_Gemaal_1366;0.0;GemaalWarmte;0.0;Optie B;0.0;0.0;;;;;GM1719;;;;GM1719;;;;GM1719;;;False;False;False;51.646441595173584;4.7392242886315765;WarmteAtlas:LT_WarmteBronnen_ECW;https://www.warmteatlas.nl/geoserver/WarmteAtlas/wfs;2026-06-23T13:53:17;
186814;506474;W_Gemaal_1612;0.0;GemaalWarmte;0.0;Optie B;0.0;0.0;;;;;GM0303;;;;GM0303;;;;GM0303;;;False;False;False;52.5449717892854;5.856193840217624;WarmteAtlas:LT_WarmteBronnen_ECW;https://www.warmteatlas.nl/geoserver/WarmteAtlas/wfs;2026-06-23T13:53:17;
180052;510200;W_Gemaal_612;0.0;GemaalWarmte;0.0;Optie B;0.0;0.0;;;;;GM0303;;;;GM0303;;;;GM0303;;;False;False;False;52.578809642324934;5.756794171487568;WarmteAtlas:LT_WarmteBronnen_ECW;https://www.warmteatlas.nl/geoserver/WarmteAtlas/wfs;2026-06-23T13:53:17;
170552;487100;W_Gemaal_723;0.0;GemaalWarmte;0.0;Optie B;0.0;0.0;;;;;GM0303;;;;GM0303;;;;GM0303;;;False;False;False;52.37155649605252;5.615567519284603;WarmteAtlas:LT_WarmteBronnen_ECW;https://www.warmteatlas.nl/geoserver/WarmteAtlas/wfs;2026-06-23T13:53:17;
171652;428200;W_Gemaal_1209;0.0;GemaalWarmte;0.0;Optie B;0.0;0.0;;;;;GM0225;;;;GM0225;;;;GM0225;;;False;False;False;51.84213582000296;5.62883825549278;WarmteAtlas:LT_WarmteBronnen_ECW;https://www.warmteatlas.nl/geoserver/WarmteAtlas/wfs;2026-06-23T13:53:17;
165949;433905;W_Gemaal_1494;0.0;GemaalWarmte;0.0;Optie B;0.0;0.0;;;;;GM0225;;;;GM0225;;;;GM0225;;;False;False;False;51.893555272974545;5.546264164549921;WarmteAtlas:LT_WarmteBronnen_ECW;https://www.warmteatlas.nl/geoserver/WarmteAtlas/wfs;2026-06-23T13:53:17;
197052;436300;W_Gemaal_1133;0.0;GemaalWarmte;0.0;Optie B;0.0;0.0;;;;;GM0226;;;;GM0226;;;;GM0226;;;False;False;False;51.91359983842851;5.998390239852942;WarmteAtlas:LT_WarmteBronnen_ECW;https://www.warmteatlas.nl/geoserver/WarmteAtlas/wfs;2026-06-23T13:53:17;
129252;511800;W_Gemaal_598;0.0;GemaalWarmte;0.0;Optie B;0.0;0.0;;;;;GM0385;;;;GM0385;;;;GM0385;;;False;False;False;52.593157461573995;5.007224284665504;WarmteAtlas:LT_WarmteBronnen_ECW;https://www.warmteatlas.nl/geoserver/WarmteAtlas/wfs;2026-06-23T13:53:17;
128752;511600;W_Gemaal_600;0.0;GemaalWarmte;0.0;Optie B;0.0;0.0;;;;;GM0385;;;;GM0385;;;;GM0385;;;False;False;False;52.591336247162715;4.999861399701229;WarmteAtlas:LT_WarmteBronnen_ECW;https://www.warmteatlas.nl/geoserver/WarmteAtlas/wfs;2026-06-23T13:53:17;
130952;509600;W_Gemaal_616;0.0;GemaalWarmte;0.0;Optie B;0.0;0.0;;;;;GM0385;;;;GM0385;;;;GM0385;;;False;False;False;52.57346360997613;5.032470990649461;WarmteAtlas:LT_WarmteBronnen_ECW;https://www.warmteatlas.nl/geoserver/WarmteAtlas/wfs;2026-06-23T13:53:17;
132652;502600;W_Gemaal_646;0.0;GemaalWarmte;0.0;Optie B;0.0;0.0;;;;;GM0385;;;;GM0385;;;;GM0385;;;False;False;False;52.51062604399168;5.058016896469639;WarmteAtlas:LT_WarmteBronnen_ECW;https://www.warmteatlas.nl/geoserver/WarmteAtlas/wfs;2026-06-23T13:53:17;
149452;471500;W_Gemaal_823;0.0;GemaalWarmte;0.0;Optie B;0.0;0.0;;;;;GM0317;;;;GM0317;;;;GM0317;;;False;False;False;52.231541369470094;5.3059941762773875;WarmteAtlas:LT_WarmteBronnen_ECW;https://www.warmteatlas.nl/geoserver/WarmteAtlas/wfs;2026-06-23T13:53:17;
177101;313225;W_Gemaal_149;0.0;GemaalWarmte;0.0;Optie B;0.0;0.0;;;;;GM1903;;;;GM1903;;;;GM1903;;;False;False;False;50.808486615148595;5.7007344955249595;WarmteAtlas:LT_WarmteBronnen_ECW;https://www.warmteatlas.nl/geoserver/WarmteAtlas/wfs;2026-06-23T13:53:17;
177101;313225;W_Gemaal_1521;0.0;GemaalWarmte;0.0;Optie B;0.0;0.0;;;;;GM1903;;;;GM1903;;;;GM1903;;;False;False;False;50.808486615148595;5.7007344955249595;WarmteAtlas:LT_WarmteBronnen_ECW;https://www.warmteatlas.nl/geoserver/WarmteAtlas/wfs;2026-06-23T13:53:17;
163952;380900;W_Gemaal_1470;0.0;GemaalWarmte;0.0;Optie B;0.0;0.0;;;;;GM0772;;;;GM0772;;;;GM0772;;;False;False;False;51.417155992194544;5.515889947027652;WarmteAtlas:LT_WarmteBronnen_ECW;https://www.warmteatlas.nl/geoserver/WarmteAtlas/wfs;2026-06-23T13:53:17;
264652;544100;W_Gemaal_439;0.0;GemaalWarmte;0.0;Optie B;0.0;0.0;;;;;GM0114;;;;GM0114;;;;GM0114;;;False;False;False;52.8729219444349;7.015860315008236;WarmteAtlas:LT_WarmteBronnen_ECW;https://www.warmteatlas.nl/geoserver/WarmteAtlas/wfs;2026-06-23T13:53:17;
268452;539200;W_Gemaal_469;0.0;GemaalWarmte;0.0;Optie B;0.0;0.0;;;;;GM0114;;;;GM0114;;;;GM0114;;;False;False;False;52.828119844177984;7.070582024806425;WarmteAtlas:LT_WarmteBronnen_ECW;https://www.warmteatlas.nl/geoserver/WarmteAtlas/wfs;2026-06-23T13:53:17;
265252;538200;W_Gemaal_473;0.0;GemaalWarmte;0.0;Optie B;0.0;0.0;;;;;GM0114;;;;GM0114;;;;GM0114;;;False;False;False;52.81979700100724;7.022784062201099;WarmteAtlas:LT_WarmteBronnen_ECW;https://www.warmteatlas.nl/geoserver/WarmteAtlas/wfs;2026-06-23T13:53:17;
265652;527400;W_Gemaal_518;0.0;GemaalWarmte;0.0;Optie B;0.0;0.0;;;;;GM0114;;;;GM0114;;;;GM0114;;;False;False;False;52.72269118756416;7.025084156964852;WarmteAtlas:LT_WarmteBronnen_ECW;https://www.warmteatlas.nl/geoserver/WarmteAtlas/wfs;2026-06-23T13:53:17;
255752;526200;W_Gemaal_523;0.0;GemaalWarmte;0.0;Optie B;0.0;0.0;;;;;GM0114;;;;GM0114;;;;GM0114;;;False;False;False;52.71383591094386;6.878227375870728;WarmteAtlas:LT_WarmteBronnen_ECW;https://www.warmteatlas.nl/geoserver/WarmteAtlas/wfs;2026-06-23T13:53:17;
261552;524500;W_Gemaal_531;0.0;GemaalWarmte;0.0;Optie B;0.0;0.0;;;;;GM0114;;;;GM0114;;;;GM0114;;;False;False;False;52.69745679368144;6.9634821958312445;WarmteAtlas:LT_WarmteBronnen_ECW;https://www.warmteatlas.nl/geoserver/WarmteAtlas/wfs;2026-06-23T13:53:17;
148019;522753;W_Gemaal_1531;0.0;GemaalWarmte;0.0;Optie B;0.0;0.0;;;;;GM0388;;;;GM0388;;;;GM0388;;;False;False;False;52.692154835300215;5.283950313887185;WarmteAtlas:LT_WarmteBronnen_ECW;https://www.warmteatlas.nl/geoserver/WarmteAtlas/wfs;2026-06-23T13:53:17;
101452;402400;W_Gemaal_1399;0.0;GemaalWarmte;0.0;Optie B;0.0;0.0;;;;;GM0777;;;;GM0777;;;;GM0777;;;False;False;False;51.60792919535269;4.614178150506131;WarmteAtlas:LT_WarmteBronnen_ECW;https://www.warmteatlas.nl/geoserver/WarmteAtlas/wfs;2026-06-23T13:53:17;
118452;413900;W_Gemaal_1311;0.0;GemaalWarmte;0.0;Optie B;0.0;0.0;;;;;GM0779;;;;GM0779;;;;GM0779;;;False;False;False;51.71265776593944;4.858373749664396;WarmteAtlas:LT_WarmteBronnen_ECW;https://www.warmteatlas.nl/geoserver/WarmteAtlas/wfs;2026-06-23T13:53:17;
121652;413800;W_Gemaal_1314;0.0;GemaalWarmte;0.0;Optie B;0.0;0.0;;;;;GM0779;;;;GM0779;;;;GM0779;;;False;False;False;51.71195874192976;4.904683824744197;WarmteAtlas:LT_WarmteBronnen_ECW;https://www.warmteatlas.nl/geoserver/WarmteAtlas/wfs;2026-06-23T13:53:17;
116552;411900;W_Gemaal_1326;0.0;GemaalWarmte;0.0;Optie B;0.0;0.0;;;;;GM0779;;;;GM0779;;;;GM0779;;;False;False;False;51.69455420309695;4.831104118819937;WarmteAtlas:LT_WarmteBronnen_ECW;https://www.warmteatlas.nl/geoserver/WarmteAtlas/wfs;2026-06-23T13:53:17;
118452;411700;W_Gemaal_1327;0.0;GemaalWarmte;0.0;Optie B;0.0;0.0;;;;;GM0779;;;;GM0779;;;;GM0779;;;False;False;False;51.69288378889863;4.858604877250131;WarmteAtlas:LT_WarmteBronnen_ECW;https://www.warmteatlas.nl/geoserver/WarmteAtlas/wfs;2026-06-23T13:53:17;
122652;411300;W_Gemaal_1331;0.0;GemaalWarmte;0.0;Optie B;0.0;0.0;;;;;GM0779;;;;GM0779;;;;GM0779;;;False;False;False;51.689546823403944;4.919384962963379;WarmteAtlas:LT_WarmteBronnen_ECW;https://www.warmteatlas.nl/geoserver/WarmteAtlas/wfs;2026-06-23T13:53:17;
195352;414900;W_Gemaal_1295;0.0;GemaalWarmte;0.0;Optie B;0.0;0.0;;;;;GM0907;;;;GM0907;;;;GM0907;;;False;False;False;51.72138290635763;5.971185216363565;WarmteAtlas:LT_WarmteBronnen_ECW;https://www.warmteatlas.nl/geoserver/WarmteAtlas/wfs;2026-06-23T13:53:17;
195452;414700;W_Gemaal_1299;0.0;GemaalWarmte;0.0;Optie B;0.0;0.0;;;;;GM0907;;;;GM0907;;;;GM0907;;;False;False;False;51.71957806524494;5.972609076304937;WarmteAtlas:LT_WarmteBronnen_ECW;https://www.warmteatlas.nl/geoserver/WarmteAtlas/wfs;2026-06-23T13:53:17;
56952;426100;W_Gemaal_1219;0.0;GemaalWarmte;0.0;Optie B;0.0;0.0;;;;;GM1924;;;;GM1924;;;;GM1924;;;False;False;False;51.81489484280932;3.9652341984434414;WarmteAtlas:LT_WarmteBronnen_ECW;https://www.warmteatlas.nl/geoserver/WarmteAtlas/wfs;2026-06-23T13:53:17;
61452;424900;W_Gemaal_1228;0.0;GemaalWarmte;0.0;Optie B;0.0;0.0;;;;;GM1924;;;;GM1924;;;;GM1924;;;False;False;False;51.80488381599819;4.030803319211287;WarmteAtlas:LT_WarmteBronnen_ECW;https://www.warmteatlas.nl/geoserver/WarmteAtlas/wfs;2026-06-23T13:53:17;
65552;424700;W_Gemaal_1230;0.0;GemaalWarmte;0.0;Optie B;0.0;0.0;;;;;GM1924;;;;GM1924;;;;GM1924;;;False;False;False;51.80375862138509;4.090288091714604;WarmteAtlas:LT_WarmteBronnen_ECW;https://www.warmteatlas.nl/geoserver/WarmteAtlas/wfs;2026-06-23T13:53:17;
51652;423900;W_Gemaal_1237;0.0;GemaalWarmte;0.0;Optie B;0.0;0.0;;;;;GM1924;;;;GM1924;;;;GM1924;;;False;False;False;51.79416944983704;3.889050993576493;WarmteAtlas:LT_WarmteBronnen_ECW;https://www.warmteatlas.nl/geoserver/WarmteAtlas/wfs;2026-06-23T13:53:17;
67452;423500;W_Gemaal_1240;0.0;GemaalWarmte;0.0;Optie B;0.0;0.0;;;;;GM1924;;;;GM1924;;;;GM1924;;;False;False;False;51.79327594302851;4.118133349426002;WarmteAtlas:LT_WarmteBronnen_ECW;https://www.warmteatlas.nl/geoserver/WarmteAtlas/wfs;2026-06-23T13:53:17;
67452;422800;W_Gemaal_1244;0.0;GemaalWarmte;0.0;Optie B;0.0;0.0;;;;;GM1924;;;;GM1924;;;;GM1924;;;False;False;False;51.78698531668018;4.118310323469886;WarmteAtlas:LT_WarmteBronnen_ECW;https://www.warmteatlas.nl/geoserver/WarmteAtlas/wfs;2026-06-23T13:53:17;
63252;419500;W_Gemaal_1265;0.0;GemaalWarmte;0.0;Optie B;0.0;0.0;;;;;GM1924;;;;GM1924;;;;GM1924;;;False;False;False;51.75665579880867;4.058325687982827;WarmteAtlas:LT_WarmteBronnen_ECW;https://www.warmteatlas.nl/geoserver/WarmteAtlas/wfs;2026-06-23T13:53:17;
74152;419300;W_Gemaal_1270;0.0;GemaalWarmte;0.0;Optie B;0.0;0.0;;;;;GM1924;;;;GM1924;;;;GM1924;;;False;False;False;51.75654137120493;4.216214141904903;WarmteAtlas:LT_WarmteBronnen_ECW;https://www.warmteatlas.nl/geoserver/WarmteAtlas/wfs;2026-06-23T13:53:17;
76152;417200;W_Gemaal_1281;0.0;GemaalWarmte;0.0;Optie B;0.0;0.0;;;;;GM1924;;;;GM1924;;;;GM1924;;;False;False;False;51.73795439762921;4.245653342053578;WarmteAtlas:LT_WarmteBronnen_ECW;https://www.warmteatlas.nl/geoserver/WarmteAtlas/wfs;2026-06-23T13:53:17;
65352;416500;W_Gemaal_1286;0.0;GemaalWarmte;0.0;Optie B;0.0;0.0;;;;;GM1924;;;;GM1924;;;;GM1924;;;False;False;False;51.73003684304958;4.089509319975192;WarmteAtlas:LT_WarmteBronnen_ECW;https://www.warmteatlas.nl/geoserver/WarmteAtlas/wfs;2026-06-23T13:53:17;
70852;415700;W_Gemaal_1289;0.0;GemaalWarmte;0.0;Optie B;0.0;0.0;;;;;GM1924;;;;GM1924;;;;GM1924;;;False;False;False;51.72370182811511;4.1693002050585495;WarmteAtlas:LT_WarmteBronnen_ECW;https://www.warmteatlas.nl/geoserver/WarmteAtlas/wfs;2026-06-23T13:53:17;
78552;414800;W_Gemaal_1296;0.0;GemaalWarmte;0.0;Optie B;0.0;0.0;;;;;GM1924;;;;GM1924;;;;GM1924;;;False;False;False;51.716718585622026;4.280922017703455;WarmteAtlas:LT_WarmteBronnen_ECW;https://www.warmteatlas.nl/geoserver/WarmteAtlas/wfs;2026-06-23T13:53:17;
65052;414200;W_Gemaal_1303;0.0;GemaalWarmte;0.0;Optie B;0.0;0.0;;;;;GM1924;;;;GM1924;;;;GM1924;;;False;False;False;51.70931953496809;4.085763040542116;WarmteAtlas:LT_WarmteBronnen_ECW;https://www.warmteatlas.nl/geoserver/WarmteAtlas/wfs;2026-06-23T13:53:17;
68052;413900;W_Gemaal_1309;0.0;GemaalWarmte;0.0;Optie B;0.0;0.0;;;;;GM1924;;;;GM1924;;;;GM1924;;;False;False;False;51.70709760195849;4.129234281109528;WarmteAtlas:LT_WarmteBronnen_ECW;https://www.warmteatlas.nl/geoserver/WarmteAtlas/wfs;2026-06-23T13:53:17;
77552;412400;W_Gemaal_1320;0.0;GemaalWarmte;0.0;Optie B;0.0;0.0;;;;;GM1924;;;;GM1924;;;;GM1924;;;False;False;False;51.69501207110165;4.2669880853361795;WarmteAtlas:LT_WarmteBronnen_ECW;https://www.warmteatlas.nl/geoserver/WarmteAtlas/wfs;2026-06-23T13:53:17;
74652;412300;W_Gemaal_1321;0.0;GemaalWarmte;0.0;Optie B;0.0;0.0;;;;;GM1924;;;;GM1924;;;;GM1924;;;False;False;False;51.693704749515724;4.225073430157095;WarmteAtlas:LT_WarmteBronnen_ECW;https://www.warmteatlas.nl/geoserver/WarmteAtlas/wfs;2026-06-23T13:53:17;
83452;411000;W_Gemaal_1334;0.0;GemaalWarmte;0.0;Optie B;0.0;0.0;;;;;GM1924;;;;GM1924;;;;GM1924;;;False;False;False;51.683214826030614;4.352600093291656;WarmteAtlas:LT_WarmteBronnen_ECW;https://www.warmteatlas.nl/geoserver/WarmteAtlas/wfs;2026-06-23T13:53:17;
80752;408700;W_Gemaal_1351;0.0;GemaalWarmte;0.0;Optie B;0.0;0.0;;;;;GM1924;;;;GM1924;;;;GM1924;;;False;False;False;51.662192806638565;4.314054033371083;WarmteAtlas:LT_WarmteBronnen_ECW;https://www.warmteatlas.nl/geoserver/WarmteAtlas/wfs;2026-06-23T13:53:17;
46052;396400;W_Gemaal_1427;0.0;GemaalWarmte;0.0;Optie B;0.0;0.0;;;;;GM0664;;;;GM0664;;;;GM0664;;;False;False;False;51.54599651152296;3.816500040375544;WarmteAtlas:LT_WarmteBronnen_ECW;https://www.warmteatlas.nl/geoserver/WarmteAtlas/wfs;2026-06-23T13:53:17;
49052;395400;W_Gemaal_1433;0.0;GemaalWarmte;0.0;Optie B;0.0;0.0;;;;;GM0664;;;;GM0664;;;;GM0664;;;False;False;False;51.53758370919414;3.86003825755427;WarmteAtlas:LT_WarmteBronnen_ECW;https://www.warmteatlas.nl/geoserver/WarmteAtlas/wfs;2026-06-23T13:53:17;
56652;394100;W_Gemaal_1438;0.0;GemaalWarmte;0.0;Optie B;0.0;0.0;;;;;GM0664;;;;GM0664;;;;GM0664;;;False;False;False;51.52728162203405;3.9699179612672766;WarmteAtlas:LT_WarmteBronnen_ECW;https://www.warmteatlas.nl/geoserver/WarmteAtlas/wfs;2026-06-23T13:53:17;
41552;393400;W_Gemaal_1444;0.0;GemaalWarmte;0.0;Optie B;0.0;0.0;;;;;GM0664;;;;GM0664;;;;GM0664;;;False;False;False;51.51814971895045;3.7526182599928157;WarmteAtlas:LT_WarmteBronnen_ECW;https://www.warmteatlas.nl/geoserver/WarmteAtlas/wfs;2026-06-23T13:53:17;
129852;482000;W_Gemaal_745;0.0;GemaalWarmte;0.0;Optie B;0.0;0.0;;;;;GM1942;;;;GM1942;;;;GM1942;;;False;False;False;52.32536559614509;5.018318228512803;WarmteAtlas:LT_WarmteBronnen_ECW;https://www.warmteatlas.nl/geoserver/WarmteAtlas/wfs;2026-06-23T13:53:17;
134752;481700;W_Gemaal_748;0.0;GemaalWarmte;0.0;Optie B;0.0;0.0;;;;;GM1942;;;;GM1942;;;;GM1942;;;False;False;False;52.322871555000184;5.09021134711685;WarmteAtlas:LT_WarmteBronnen_ECW;https://www.warmteatlas.nl/geoserver/WarmteAtlas/wfs;2026-06-23T13:53:17;
132752;481100;W_Gemaal_751;0.0;GemaalWarmte;0.0;Optie B;0.0;0.0;;;;;GM1942;;;;GM1942;;;;GM1942;;;False;False;False;52.317401772908234;5.060915865718829;WarmteAtlas:LT_WarmteBronnen_ECW;https://www.warmteatlas.nl/geoserver/WarmteAtlas/wfs;2026-06-23T13:53:17;
136652;480600;W_Gemaal_754;0.0;GemaalWarmte;0.0;Optie B;0.0;0.0;;;;;GM1942;;;;GM1942;;;;GM1942;;;False;False;False;52.31305187413254;5.118139641918423;WarmteAtlas:LT_WarmteBronnen_ECW;https://www.warmteatlas.nl/geoserver/WarmteAtlas/wfs;2026-06-23T13:53:17;
123652;428100;W_Gemaal_1210;0.0;GemaalWarmte;0.0;Optie B;0.0;0.0;;;;;GM0512;;;;GM0512;;;;GM0512;;;False;False;False;51.84060529897958;4.932327913235129;WarmteAtlas:LT_WarmteBronnen_ECW;https://www.warmteatlas.nl/geoserver/WarmteAtlas/wfs;2026-06-23T13:53:17;
107552;446500;W_Gemaal_1023;0.0;GemaalWarmte;0.0;Optie B;0.0;0.0;;;;;GM0513;;;;GM0513;;;;GM0513;;;False;False;False;52.004841866018786;4.696184504230195;WarmteAtlas:LT_WarmteBronnen_ECW;https://www.warmteatlas.nl/geoserver/WarmteAtlas/wfs;2026-06-23T13:53:17;
107552;445800;W_Gemaal_1031;0.0;GemaalWarmte;0.0;Optie B;0.0;0.0;;;;;GM0513;;;;GM0513;;;;GM0513;;;False;False;False;51.99855053475983;4.696281456704678;WarmteAtlas:LT_WarmteBronnen_ECW;https://www.warmteatlas.nl/geoserver/WarmteAtlas/wfs;2026-06-23T13:53:17;
178652;420100;W_Gemaal_1261;0.0;GemaalWarmte;0.0;Optie B;0.0;0.0;;;;;GM1982;;;;GM1982;;;;GM1982;;;False;False;False;51.76907781696081;5.729859193961045;WarmteAtlas:LT_WarmteBronnen_ECW;https://www.warmteatlas.nl/geoserver/WarmteAtlas/wfs;2026-06-23T13:53:17;
149652;404900;W_Gemaal_1378;0.0;GemaalWarmte;0.0;Optie B;0.0;0.0;;;;;GM0757;;;;GM0757;;;;GM0757;;;False;False;False;51.63292868085982;5.309955830015541;WarmteAtlas:LT_WarmteBronnen_ECW;https://www.warmteatlas.nl/geoserver/WarmteAtlas/wfs;2026-06-23T13:53:17;
144952;404700;W_Gemaal_1379;0.0;GemaalWarmte;0.0;Optie B;0.0;0.0;;;;;GM0865;;;;GM0865;;;;GM0865;;;False;False;False;51.63106656029226;5.242075592241744;WarmteAtlas:LT_WarmteBronnen_ECW;https://www.warmteatlas.nl/geoserver/WarmteAtlas/wfs;2026-06-23T13:53:17;
141352;402500;W_Gemaal_1398;0.0;GemaalWarmte;0.0;Optie B;0.0;0.0;;;;;GM0855;;;;GM0855;;;;GM0855;;;False;False;False;51.61121586582494;5.1901659723270726;WarmteAtlas:LT_WarmteBronnen_ECW;https://www.warmteatlas.nl/geoserver/WarmteAtlas/wfs;2026-06-23T13:53:17;
140952;401600;W_Gemaal_1404;0.0;GemaalWarmte;0.0;Optie B;0.0;0.0;;;;;GM0855;;;;GM0855;;;;GM0855;;;False;False;False;51.60311633769958;5.184427373350199;WarmteAtlas:LT_WarmteBronnen_ECW;https://www.warmteatlas.nl/geoserver/WarmteAtlas/wfs;2026-06-23T13:53:17;
106352;492700;W_Gemaal_701;0.0;GemaalWarmte;0.0;Optie B;0.0;0.0;;;;;GM0392;;;;GM0392;;;;GM0392;;;False;False;False;52.41994960397108;4.6720767949809945;WarmteAtlas:LT_WarmteBronnen_ECW;https://www.warmteatlas.nl/geoserver/WarmteAtlas/wfs;2026-06-23T13:53:17;
106452;491700;W_Gemaal_705;0.0;GemaalWarmte;0.0;Optie B;0.0;0.0;;;;;GM0392;;;;GM0392;;;;GM0392;;;False;False;False;52.41097155024737;4.673691467145904;WarmteAtlas:LT_WarmteBronnen_ECW;https://www.warmteatlas.nl/geoserver/WarmteAtlas/wfs;2026-06-23T13:53:17;
102452;487100;W_Gemaal_722;0.0;GemaalWarmte;0.0;Optie B;0.0;0.0;;;;;GM0392;;;;GM0392;;;;GM0392;;;False;False;False;52.369263316081295;4.615628047286683;WarmteAtlas:LT_WarmteBronnen_ECW;https://www.warmteatlas.nl/geoserver/WarmteAtlas/wfs;2026-06-23T13:53:17;
104752;484300;W_Gemaal_736;0.0;GemaalWarmte;0.0;Optie B;0.0;0.0;;;;;GM0392;;;;GM0392;;;;GM0392;;;False;False;False;52.344315030641205;4.6498151143303135;WarmteAtlas:LT_WarmteBronnen_ECW;https://www.warmteatlas.nl/geoserver/WarmteAtlas/wfs;2026-06-23T13:53:17;
109252;491000;W_Gemaal_709;0.0;GemaalWarmte;0.0;Optie B;0.0;0.0;;;;;GM0394;;;;GM0394;;;;GM0394;;;False;False;False;52.404921345957064;4.714935903069229;WarmteAtlas:LT_WarmteBronnen_ECW;https://www.warmteatlas.nl/geoserver/WarmteAtlas/wfs;2026-06-23T13:53:17;
111052;486100;W_Gemaal_728;0.0;GemaalWarmte;0.0;Optie B;0.0;0.0;;;;;GM0394;;;;GM0394;;;;GM0394;;;False;False;False;52.361031809150816;4.742026422589802;WarmteAtlas:LT_WarmteBronnen_ECW;https://www.warmteatlas.nl/geoserver/WarmteAtlas/wfs;2026-06-23T13:53:17;
112352;485200;W_Gemaal_731;0.0;GemaalWarmte;0.0;Optie B;0.0;0.0;;;;;GM0394;;;;GM0394;;;;GM0394;;;False;False;False;52.353045842934804;4.761224056063033;WarmteAtlas:LT_WarmteBronnen_ECW;https://www.warmteatlas.nl/geoserver/WarmteAtlas/wfs;2026-06-23T13:53:17;
110952;485100;W_Gemaal_732;0.0;GemaalWarmte;0.0;Optie B;0.0;0.0;;;;;GM0394;;;;GM0394;;;;GM0394;;;False;False;False;52.35203667241929;4.740689417628581;WarmteAtlas:LT_WarmteBronnen_ECW;https://www.warmteatlas.nl/geoserver/WarmteAtlas/wfs;2026-06-23T13:53:17;
105852;484500;W_Gemaal_733;0.0;GemaalWarmte;0.0;Optie B;0.0;0.0;;;;;GM0394;;;;GM0394;;;;GM0394;;;False;False;False;52.34621191640529;4.6659271612422115;WarmteAtlas:LT_WarmteBronnen_ECW;https://www.warmteatlas.nl/geoserver/WarmteAtlas/wfs;2026-06-23T13:53:17;
107352;484400;W_Gemaal_734;0.0;GemaalWarmte;0.0;Optie B;0.0;0.0;;;;;GM0394;;;;GM0394;;;;GM0394;;;False;False;False;52.34544532129348;4.687953143654067;WarmteAtlas:LT_WarmteBronnen_ECW;https://www.warmteatlas.nl/geoserver/WarmteAtlas/wfs;2026-06-23T13:53:17;
113352;481800;W_Gemaal_746;0.0;GemaalWarmte;0.0;Optie B;0.0;0.0;;;;;GM0394;;;;GM0394;;;;GM0394;;;False;False;False;52.322566042995255;4.77632164805402;WarmteAtlas:LT_WarmteBronnen_ECW;https://www.warmteatlas.nl/geoserver/WarmteAtlas/wfs;2026-06-23T13:53:17;
105952;477400;W_Gemaal_777;0.0;GemaalWarmte;0.0;Optie B;0.0;0.0;;;;;GM0394;;;;GM0394;;;;GM0394;;;False;False;False;52.282412505263764;4.668427686134379;WarmteAtlas:LT_WarmteBronnen_ECW;https://www.warmteatlas.nl/geoserver/WarmteAtlas/wfs;2026-06-23T13:53:17;
104352;476400;W_Gemaal_793;0.0;GemaalWarmte;0.0;Optie B;0.0;0.0;;;;;GM0394;;;;GM0394;;;;GM0394;;;False;False;False;52.27328051616371;4.645132230157102;WarmteAtlas:LT_WarmteBronnen_ECW;https://www.warmteatlas.nl/geoserver/WarmteAtlas/wfs;2026-06-23T13:53:17;
102052;475200;W_Gemaal_803;0.0;GemaalWarmte;0.0;Optie B;0.0;0.0;;;;;GM0394;;;;GM0394;;;;GM0394;;;False;False;False;52.26227967898853;4.611624594680925;WarmteAtlas:LT_WarmteBronnen_ECW;https://www.warmteatlas.nl/geoserver/WarmteAtlas/wfs;2026-06-23T13:53:17;
101752;473000;W_Gemaal_816;0.0;GemaalWarmte;0.0;Optie B;0.0;0.0;;;;;GM0394;;;;GM0394;;;;GM0394;;;False;False;False;52.24247914978001;4.60757701166786;WarmteAtlas:LT_WarmteBronnen_ECW;https://www.warmteatlas.nl/geoserver/WarmteAtlas/wfs;2026-06-23T13:53:17;
100552;471200;W_Gemaal_825;0.0;GemaalWarmte;0.0;Optie B;0.0;0.0;;;;;GM0394;;;;GM0394;;;;GM0394;;;False;False;False;52.2261851391519;4.590298452046411;WarmteAtlas:LT_WarmteBronnen_ECW;https://www.warmteatlas.nl/geoserver/WarmteAtlas/wfs;2026-06-23T13:53:17;
98252;470500;W_Gemaal_832;0.0;GemaalWarmte;0.0;Optie B;0.0;0.0;;;;;GM0394;;;;GM0394;;;;GM0394;;;False;False;False;52.21966230069855;4.556756072941442;WarmteAtlas:LT_WarmteBronnen_ECW;https://www.warmteatlas.nl/geoserver/WarmteAtlas/wfs;2026-06-23T13:53:17;
99852;404200;W_Gemaal_1381;0.0;GemaalWarmte;0.0;Optie B;0.0;0.0;;;;;GM1655;;;;GM1655;;;;GM1655;;;False;False;False;51.62395242986419;4.590798401764751;WarmteAtlas:LT_WarmteBronnen_ECW;https://www.warmteatlas.nl/geoserver/WarmteAtlas/wfs;2026-06-23T13:53:17;
96852;403600;W_Gemaal_1386;0.0;GemaalWarmte;0.0;Optie B;0.0;0.0;;;;;GM1655;;;;GM1655;;;;GM1655;;;False;False;False;51.61825689533781;4.547579007471828;WarmteAtlas:LT_WarmteBronnen_ECW;https://www.warmteatlas.nl/geoserver/WarmteAtlas/wfs;2026-06-23T13:53:17;
90452;403000;W_Gemaal_1391;0.0;GemaalWarmte;0.0;Optie B;0.0;0.0;;;;;GM1655;;;;GM1655;;;;GM1655;;;False;False;False;51.61216471343419;4.455288722777811;WarmteAtlas:LT_WarmteBronnen_ECW;https://www.warmteatlas.nl/geoserver/WarmteAtlas/wfs;2026-06-23T13:53:17;
90452;403000;W_Gemaal_1393;0.0;GemaalWarmte;0.0;Optie B;0.0;0.0;;;;;GM1655;;;;GM1655;;;;GM1655;;;False;False;False;51.61216471343419;4.455288722777811;WarmteAtlas:LT_WarmteBronnen_ECW;https://www.warmteatlas.nl/geoserver/WarmteAtlas/wfs;2026-06-23T13:53:17;
94852;401300;W_Gemaal_1405;0.0;GemaalWarmte;0.0;Optie B;0.0;0.0;;;;;GM1655;;;;GM1655;;;;GM1655;;;False;False;False;51.597374330817814;4.519099086995616;WarmteAtlas:LT_WarmteBronnen_ECW;https://www.warmteatlas.nl/geoserver/WarmteAtlas/wfs;2026-06-23T13:53:17;
92752;400400;W_Gemaal_1409;0.0;GemaalWarmte;0.0;Optie B;0.0;0.0;;;;;GM1655;;;;GM1655;;;;GM1655;;;False;False;False;51.58905655206939;4.488953913711069;WarmteAtlas:LT_WarmteBronnen_ECW;https://www.warmteatlas.nl/geoserver/WarmteAtlas/wfs;2026-06-23T13:53:17;
90552;397500;W_Gemaal_1422;0.0;GemaalWarmte;0.0;Optie B;0.0;0.0;;;;;GM1655;;;;GM1655;;;;GM1655;;;False;False;False;51.5627442971431;4.457745356661004;WarmteAtlas:LT_WarmteBronnen_ECW;https://www.warmteatlas.nl/geoserver/WarmteAtlas/wfs;2026-06-23T13:53:17;
244032;504034;W_Gemaal_26;0.0;GemaalWarmte;0.0;Optie B;0.0;0.0;;;;;GM0160;;;;GM0160;;;;GM0160;;;False;False;False;52.51671747154012;6.698881912630879;WarmteAtlas:LT_WarmteBronnen_ECW;https://www.warmteatlas.nl/geoserver/WarmteAtlas/wfs;2026-06-23T13:53:17;
241352;515400;W_Gemaal_577;0.0;GemaalWarmte;0.0;Optie B;0.0;0.0;;;;;GM0160;;;;GM0160;;;;GM0160;;;False;False;False;52.619275157521045;6.662359153134589;WarmteAtlas:LT_WarmteBronnen_ECW;https://www.warmteatlas.nl/geoserver/WarmteAtlas/wfs;2026-06-23T13:53:17;
241452;513400;W_Gemaal_594;0.0;GemaalWarmte;0.0;Optie B;0.0;0.0;;;;;GM0160;;;;GM0160;;;;GM0160;;;False;False;False;52.60128875283361;6.663314441259734;WarmteAtlas:LT_WarmteBronnen_ECW;https://www.warmteatlas.nl/geoserver/WarmteAtlas/wfs;2026-06-23T13:53:17;
231652;513300;W_Gemaal_595;0.0;GemaalWarmte;0.0;Optie B;0.0;0.0;;;;;GM0160;;;;GM0160;;;;GM0160;;;False;False;False;52.60185597411019;6.518663384154323;WarmteAtlas:LT_WarmteBronnen_ECW;https://www.warmteatlas.nl/geoserver/WarmteAtlas/wfs;2026-06-23T13:53:17;
236252;505200;W_Gemaal_630;0.0;GemaalWarmte;0.0;Optie B;0.0;0.0;;;;;GM0160;;;;GM0160;;;;GM0160;;;False;False;False;52.52840663927213;6.584571307914478;WarmteAtlas:LT_WarmteBronnen_ECW;https://www.warmteatlas.nl/geoserver/WarmteAtlas/wfs;2026-06-23T13:53:17;
117252;428200;W_Gemaal_1208;0.0;GemaalWarmte;0.0;Optie B;0.0;0.0;;;;;GM0523;;;;GM0523;;;;GM0523;;;False;False;False;51.841107622749604;4.839453636659423;WarmteAtlas:LT_WarmteBronnen_ECW;https://www.warmteatlas.nl/geoserver/WarmteAtlas/wfs;2026-06-23T13:53:17;
119652;427200;W_Gemaal_1212;0.0;GemaalWarmte;0.0;Optie B;0.0;0.0;;;;;GM0523;;;;GM0523;;;;GM0523;;;False;False;False;51.83227686072276;4.874380170665951;WarmteAtlas:LT_WarmteBronnen_ECW;https://www.warmteatlas.nl/geoserver/WarmteAtlas/wfs;2026-06-23T13:53:17;
118552;426000;W_Gemaal_1223;0.0;GemaalWarmte;0.0;Optie B;0.0;0.0;;;;;GM0523;;;;GM0523;;;;GM0523;;;False;False;False;51.821420413029294;4.858548739691374;WarmteAtlas:LT_WarmteBronnen_ECW;https://www.warmteatlas.nl/geoserver/WarmteAtlas/wfs;2026-06-23T13:53:17;
198152;502100;W_Gemaal_651;0.0;GemaalWarmte;0.0;Optie B;0.0;0.0;;;;;GM0244;;;;GM0244;;;;GM0244;;;False;False;False;52.504885158469136;6.022759012443173;WarmteAtlas:LT_WarmteBronnen_ECW;https://www.warmteatlas.nl/geoserver/WarmteAtlas/wfs;2026-06-23T13:53:17;
202552;497500;W_Gemaal_673;0.0;GemaalWarmte;0.0;Optie B;0.0;0.0;;;;;GM0244;;;;GM0244;;;;GM0244;;;False;False;False;52.46318085934073;6.086904011839788;WarmteAtlas:LT_WarmteBronnen_ECW;https://www.warmteatlas.nl/geoserver/WarmteAtlas/wfs;2026-06-23T13:53:17;
202752;494700;W_Gemaal_690;0.0;GemaalWarmte;0.0;Optie B;0.0;0.0;;;;;GM0246;;;;GM0246;;;;GM0246;;;False;False;False;52.43800022176994;6.08944703571994;WarmteAtlas:LT_WarmteBronnen_ECW;https://www.warmteatlas.nl/geoserver/WarmteAtlas/wfs;2026-06-23T13:53:17;
202852;491700;W_Gemaal_707;0.0;GemaalWarmte;0.0;Optie B;0.0;0.0;;;;;GM0246;;;;GM0246;;;;GM0246;;;False;False;False;52.41103075043857;6.090489025934162;WarmteAtlas:LT_WarmteBronnen_ECW;https://www.warmteatlas.nl/geoserver/WarmteAtlas/wfs;2026-06-23T13:53:17;
121452;523200;W_Gemaal_538;0.0;GemaalWarmte;0.0;Optie B;0.0;0.0;;;;;GM1980;;;;GM1980;;;;GM1980;;;False;False;False;52.69518252434336;4.890963935418373;WarmteAtlas:LT_WarmteBronnen_ECW;https://www.warmteatlas.nl/geoserver/WarmteAtlas/wfs;2026-06-23T13:53:17;
120452;517100;W_Gemaal_568;0.0;GemaalWarmte;0.0;Optie B;0.0;0.0;;;;;GM1980;;;;GM1980;;;;GM1980;;;False;False;False;52.64030121911924;4.876809229845124;WarmteAtlas:LT_WarmteBronnen_ECW;https://www.warmteatlas.nl/geoserver/WarmteAtlas/wfs;2026-06-23T13:53:17;
115352;516700;W_Gemaal_571;0.0;GemaalWarmte;0.0;Optie B;0.0;0.0;;;;;GM1980;;;;GM1980;;;;GM1980;;;False;False;False;52.63635931281041;4.801515584640271;WarmteAtlas:LT_WarmteBronnen_ECW;https://www.warmteatlas.nl/geoserver/WarmteAtlas/wfs;2026-06-23T13:53:17;
161952;368200;W_Gemaal_1482;0.0;GemaalWarmte;0.0;Optie B;0.0;0.0;;;;;GM1658;;;;GM1658;;;;GM1658;;;False;False;False;51.30302766240097;5.486889173648334;WarmteAtlas:LT_WarmteBronnen_ECW;https://www.warmteatlas.nl/geoserver/WarmteAtlas/wfs;2026-06-23T13:53:17;
108252;514300;W_Gemaal_583;0.0;GemaalWarmte;0.0;Optie B;0.0;0.0;;;;;GM0399;;;;GM0399;;;;GM0399;;;False;False;False;52.61422877852649;4.696977704539313;WarmteAtlas:LT_WarmteBronnen_ECW;https://www.warmteatlas.nl/geoserver/WarmteAtlas/wfs;2026-06-23T13:53:17;
236552;495500;W_Gemaal_685;0.0;GemaalWarmte;0.0;Optie B;0.0;0.0;;;;;GM0163;;;;GM0163;;;;GM0163;;;False;False;False;52.44120023486089;6.586622940949673;WarmteAtlas:LT_WarmteBronnen_ECW;https://www.warmteatlas.nl/geoserver/WarmteAtlas/wfs;2026-06-23T13:53:17;
224752;492900;W_Gemaal_699;0.0;GemaalWarmte;0.0;Optie B;0.0;0.0;;;;;GM0163;;;;GM0163;;;;GM0163;;;False;False;False;52.41946554341772;6.4125630406113086;WarmteAtlas:LT_WarmteBronnen_ECW;https://www.warmteatlas.nl/geoserver/WarmteAtlas/wfs;2026-06-23T13:53:17;
68652;426900;W_Gemaal_1214;0.0;GemaalWarmte;0.0;Optie B;0.0;0.0;;;;;GM1992;;;;GM1992;;;;GM1992;;;False;False;False;51.82401737549924;4.134675579607907;WarmteAtlas:LT_WarmteBronnen_ECW;https://www.warmteatlas.nl/geoserver/WarmteAtlas/wfs;2026-06-23T13:53:17;
70952;426000;W_Gemaal_1220;0.0;GemaalWarmte;0.0;Optie B;0.0;0.0;;;;;GM1992;;;;GM1992;;;;GM1992;;;False;False;False;51.81628059959306;4.168249857523528;WarmteAtlas:LT_WarmteBronnen_ECW;https://www.warmteatlas.nl/geoserver/WarmteAtlas/wfs;2026-06-23T13:53:17;
104252;430000;W_Gemaal_1193;0.0;GemaalWarmte;0.0;Optie B;0.0;0.0;;;;;GM0531;;;;GM0531;;;;GM0531;;;False;False;False;51.85625400515043;4.650563349216148;WarmteAtlas:LT_WarmteBronnen_ECW;https://www.warmteatlas.nl/geoserver/WarmteAtlas/wfs;2026-06-23T13:53:17;
249276;474434;W_Gemaal_1566;0.0;GemaalWarmte;0.0;Optie B;0.0;0.0;;;;;GM0164;;;;GM0164;;;;GM0164;;;False;False;False;52.24987020166741;6.767808220838661;WarmteAtlas:LT_WarmteBronnen_ECW;https://www.warmteatlas.nl/geoserver/WarmteAtlas/wfs;2026-06-23T13:53:17;
251590;474042;W_Gemaal_1568;0.0;GemaalWarmte;0.0;Optie B;0.0;0.0;;;;;GM0164;;;;GM0164;;;;GM0164;;;False;False;False;52.245946999349954;6.8015733431568615;WarmteAtlas:LT_WarmteBronnen_ECW;https://www.warmteatlas.nl/geoserver/WarmteAtlas/wfs;2026-06-23T13:53:17;
251760;474011;W_Gemaal_1587;0.0;GemaalWarmte;0.0;Optie B;0.0;0.0;;;;;GM0164;;;;GM0164;;;;GM0164;;;False;False;False;52.2456386174669;6.804053058735676;WarmteAtlas:LT_WarmteBronnen_ECW;https://www.warmteatlas.nl/geoserver/WarmteAtlas/wfs;2026-06-23T13:53:17;
234452;605800;W_Gemaal_150;0.0;GemaalWarmte;0.0;Optie B;0.0;0.0;;;;;GM1966;;;;GM1966;;;;GM1966;;;False;False;False;53.43252160374599;6.58261397466071;WarmteAtlas:LT_WarmteBronnen_ECW;https://www.warmteatlas.nl/geoserver/WarmteAtlas/wfs;2026-06-23T13:53:17;
253852;604000;W_Gemaal_151;0.0;GemaalWarmte;0.0;Optie B;0.0;0.0;;;;;GM1966;;;;GM1966;;;;GM1966;;;False;False;False;53.41310288511036;6.8738537744163555;WarmteAtlas:LT_WarmteBronnen_ECW;https://www.warmteatlas.nl/geoserver/WarmteAtlas/wfs;2026-06-23T13:53:17;
232652;601800;W_Gemaal_152;0.0;GemaalWarmte;0.0;Optie B;0.0;0.0;;;;;GM1966;;;;GM1966;;;;GM1966;;;False;False;False;53.3968537382798;6.554560748170005;WarmteAtlas:LT_WarmteBronnen_ECW;https://www.warmteatlas.nl/geoserver/WarmteAtlas/wfs;2026-06-23T13:53:17;
211552;600900;W_Gemaal_153;0.0;GemaalWarmte;0.0;Optie B;0.0;0.0;;;;;GM1966;;;;GM1966;;;;GM1966;;;False;False;False;53.39142637240659;6.237241966330795;WarmteAtlas:LT_WarmteBronnen_ECW;https://www.warmteatlas.nl/geoserver/WarmteAtlas/wfs;2026-06-23T13:53:17;
235852;600600;W_Gemaal_154;0.0;GemaalWarmte;0.0;Optie B;0.0;0.0;;;;;GM1966;;;;GM1966;;;;GM1966;;;False;False;False;53.38559758456914;6.602351825588467;WarmteAtlas:LT_WarmteBronnen_ECW;https://www.warmteatlas.nl/geoserver/WarmteAtlas/wfs;2026-06-23T13:53:17;
232652;597800;W_Gemaal_155;0.0;GemaalWarmte;0.0;Optie B;0.0;0.0;;;;;GM1966;;;;GM1966;;;;GM1966;;;False;False;False;53.36091965840136;6.553586011822403;WarmteAtlas:LT_WarmteBronnen_ECW;https://www.warmteatlas.nl/geoserver/WarmteAtlas/wfs;2026-06-23T13:53:17;
225752;596600;W_Gemaal_159;0.0;GemaalWarmte;0.0;Optie B;0.0;0.0;;;;;GM1966;;;;GM1966;;;;GM1966;;;False;False;False;53.351099287101356;6.449695992290803;WarmteAtlas:LT_WarmteBronnen_ECW;https://www.warmteatlas.nl/geoserver/WarmteAtlas/wfs;2026-06-23T13:53:17;
234652;596000;W_Gemaal_160;0.0;GemaalWarmte;0.0;Optie B;0.0;0.0;;;;;GM1966;;;;GM1966;;;;GM1966;;;False;False;False;53.34445429526723;6.583171613760475;WarmteAtlas:LT_WarmteBronnen_ECW;https://www.warmteatlas.nl/geoserver/WarmteAtlas/wfs;2026-06-23T13:53:17;
216152;595500;W_Gemaal_161;0.0;GemaalWarmte;0.0;Optie B;0.0;0.0;;;;;GM1966;;;;GM1966;;;;GM1966;;;False;False;False;53.342403816574404;6.305340664775537;WarmteAtlas:LT_WarmteBronnen_ECW;https://www.warmteatlas.nl/geoserver/WarmteAtlas/wfs;2026-06-23T13:53:17;
232952;595000;W_Gemaal_163;0.0;GemaalWarmte;0.0;Optie B;0.0;0.0;;;;;GM1966;;;;GM1966;;;;GM1966;;;False;False;False;53.3357217834073;6.557407439015432;WarmteAtlas:LT_WarmteBronnen_ECW;https://www.warmteatlas.nl/geoserver/WarmteAtlas/wfs;2026-06-23T13:53:17;
232952;595000;W_Gemaal_164;0.0;GemaalWarmte;0.0;Optie B;0.0;0.0;;;;;GM1966;;;;GM1966;;;;GM1966;;;False;False;False;53.3357217834073;6.557407439015432;WarmteAtlas:LT_WarmteBronnen_ECW;https://www.warmteatlas.nl/geoserver/WarmteAtlas/wfs;2026-06-23T13:53:17;
226752;594100;W_Gemaal_168;0.0;GemaalWarmte;0.0;Optie B;0.0;0.0;;;;;GM1966;;;;GM1966;;;;GM1966;;;False;False;False;53.32850602078014;6.464148752353356;WarmteAtlas:LT_WarmteBronnen_ECW;https://www.warmteatlas.nl/geoserver/WarmteAtlas/wfs;2026-06-23T13:53:17;
235552;593100;W_Gemaal_169;0.0;GemaalWarmte;0.0;Optie B;0.0;0.0;;;;;GM1966;;;;GM1966;;;;GM1966;;;False;False;False;53.31826683832002;6.5959508736930985;WarmteAtlas:LT_WarmteBronnen_ECW;https://www.warmteatlas.nl/geoserver/WarmteAtlas/wfs;2026-06-23T13:53:17;
235952;592700;W_Gemaal_171;0.0;GemaalWarmte;0.0;Optie B;0.0;0.0;;;;;GM1966;;;;GM1966;;;;GM1966;;;False;False;False;53.31461290053067;6.601850592845558;WarmteAtlas:LT_WarmteBronnen_ECW;https://www.warmteatlas.nl/geoserver/WarmteAtlas/wfs;2026-06-23T13:53:17;
231252;592200;W_Gemaal_174;0.0;GemaalWarmte;0.0;Optie B;0.0;0.0;;;;;GM1966;;;;GM1966;;;;GM1966;;;False;False;False;53.31081291627725;6.531224327166352;WarmteAtlas:LT_WarmteBronnen_ECW;https://www.warmteatlas.nl/geoserver/WarmteAtlas/wfs;2026-06-23T13:53:17;
235752;590400;W_Gemaal_187;0.0;GemaalWarmte;0.0;Optie B;0.0;0.0;;;;;GM1966;;;;GM1966;;;;GM1966;;;False;False;False;53.29398082336148;6.598269809099169;WarmteAtlas:LT_WarmteBronnen_ECW;https://www.warmteatlas.nl/geoserver/WarmteAtlas/wfs;2026-06-23T13:53:17;
236052;587800;W_Gemaal_199;0.0;GemaalWarmte;0.0;Optie B;0.0;0.0;;;;;GM1966;;;;GM1966;;;;GM1966;;;False;False;False;53.27057779304762;6.602110095211638;WarmteAtlas:LT_WarmteBronnen_ECW;https://www.warmteatlas.nl/geoserver/WarmteAtlas/wfs;2026-06-23T13:53:17;
235852;587500;W_Gemaal_201;0.0;GemaalWarmte;0.0;Optie B;0.0;0.0;;;;;GM1966;;;;GM1966;;;;GM1966;;;False;False;False;53.267912953713925;6.599037234934787;WarmteAtlas:LT_WarmteBronnen_ECW;https://www.warmteatlas.nl/geoserver/WarmteAtlas/wfs;2026-06-23T13:53:17;
235352;586500;W_Gemaal_206;0.0;GemaalWarmte;0.0;Optie B;0.0;0.0;;;;;GM1966;;;;GM1966;;;;GM1966;;;False;False;False;53.2590045485592;6.591294104474643;WarmteAtlas:LT_WarmteBronnen_ECW;https://www.warmteatlas.nl/geoserver/WarmteAtlas/wfs;2026-06-23T13:53:17;
187012;420024;W_Gemaal_1597;0.0;GemaalWarmte;0.0;Optie B;0.0;0.0;;;;;GM0252;;;;GM0252;;;;GM0252;;;False;False;False;51.767978047899156;5.8509639377510645;WarmteAtlas:LT_WarmteBronnen_ECW;https://www.warmteatlas.nl/geoserver/WarmteAtlas/wfs;2026-06-23T13:53:17;
179057;420084;W_Gemaal_1654;0.0;GemaalWarmte;0.0;Optie B;0.0;0.0;;;;;GM0252;;;;GM0252;;;;GM0252;;;False;False;False;51.76891670241981;5.735725396234944;WarmteAtlas:LT_WarmteBronnen_ECW;https://www.warmteatlas.nl/geoserver/WarmteAtlas/wfs;2026-06-23T13:53:17;
142352;416600;W_Gemaal_1285;0.0;GemaalWarmte;0.0;Optie B;0.0;0.0;;;;;GM0797;;;;GM0797;;;;GM0797;;;False;False;False;51.73797668428623;5.204091252242811;WarmteAtlas:LT_WarmteBronnen_ECW;https://www.warmteatlas.nl/geoserver/WarmteAtlas/wfs;2026-06-23T13:53:17;
137752;409000;W_Gemaal_1347;0.0;GemaalWarmte;0.0;Optie B;0.0;0.0;;;;;GM0797;;;;GM0797;;;;GM0797;;;False;False;False;51.66954187682216;5.137872221646051;WarmteAtlas:LT_WarmteBronnen_ECW;https://www.warmteatlas.nl/geoserver/WarmteAtlas/wfs;2026-06-23T13:53:17;
99152;478900;W_Gemaal_768;0.0;GemaalWarmte;0.0;Optie B;0.0;0.0;;;;;GM0534;;;;GM0534;;;;GM0534;;;False;False;False;52.29524513233134;4.568537714462949;WarmteAtlas:LT_WarmteBronnen_ECW;https://www.warmteatlas.nl/geoserver/WarmteAtlas/wfs;2026-06-23T13:53:17;
99452;478500;W_Gemaal_770;0.0;GemaalWarmte;0.0;Optie B;0.0;0.0;;;;;GM0534;;;;GM0534;;;;GM0534;;;False;False;False;52.29168070953121;4.573000781488873;WarmteAtlas:LT_WarmteBronnen_ECW;https://www.warmteatlas.nl/geoserver/WarmteAtlas/wfs;2026-06-23T13:53:17;
98852;477400;W_Gemaal_776;0.0;GemaalWarmte;0.0;Optie B;0.0;0.0;;;;;GM0534;;;;GM0534;;;;GM0534;;;False;False;False;52.281734168295245;4.56439001995574;WarmteAtlas:LT_WarmteBronnen_ECW;https://www.warmteatlas.nl/geoserver/WarmteAtlas/wfs;2026-06-23T13:53:17;
135152;391100;W_Gemaal_1449;0.0;GemaalWarmte;0.0;Optie B;0.0;0.0;;;;;GM0798;;;;GM0798;;;;GM0798;;;False;False;False;51.50856197402468;5.101303281763752;WarmteAtlas:LT_WarmteBronnen_ECW;https://www.warmteatlas.nl/geoserver/WarmteAtlas/wfs;2026-06-23T13:53:17;
142450;389876;W_Gemaal_1576;0.0;GemaalWarmte;0.0;Optie B;0.0;0.0;;;;;GM0798;;;;GM0798;;;;GM0798;;;False;False;False;51.49776981886964;5.206469391968091;WarmteAtlas:LT_WarmteBronnen_ECW;https://www.warmteatlas.nl/geoserver/WarmteAtlas/wfs;2026-06-23T13:53:17;
142437;389905;W_Gemaal_1595;0.0;GemaalWarmte;0.0;Optie B;0.0;0.0;;;;;GM0798;;;;GM0798;;;;GM0798;;;False;False;False;51.49803019874958;5.206281144921311;WarmteAtlas:LT_WarmteBronnen_ECW;https://www.warmteatlas.nl/geoserver/WarmteAtlas/wfs;2026-06-23T13:53:17;
135552;477100;W_Gemaal_782;0.0;GemaalWarmte;0.0;Optie B;0.0;0.0;;;;;GM0402;;;;GM0402;;;;GM0402;;;False;False;False;52.28155747382282;5.1022105466721035;WarmteAtlas:LT_WarmteBronnen_ECW;https://www.warmteatlas.nl/geoserver/WarmteAtlas/wfs;2026-06-23T13:53:17;
137052;476300;W_Gemaal_794;0.0;GemaalWarmte;0.0;Optie B;0.0;0.0;;;;;GM0402;;;;GM0402;;;;GM0402;;;False;False;False;52.27441827748732;5.124234002298716;WarmteAtlas:LT_WarmteBronnen_ECW;https://www.warmteatlas.nl/geoserver/WarmteAtlas/wfs;2026-06-23T13:53:17;
90352;427200;W_Gemaal_1211;0.0;GemaalWarmte;0.0;Optie B;0.0;0.0;;;;;GM1963;;;;GM1963;;;;GM1963;;;False;False;False;51.82965048368632;4.449343291368591;WarmteAtlas:LT_WarmteBronnen_ECW;https://www.warmteatlas.nl/geoserver/WarmteAtlas/wfs;2026-06-23T13:53:17;
91952;426800;W_Gemaal_1215;0.0;GemaalWarmte;0.0;Optie B;0.0;0.0;;;;;GM1963;;;;GM1963;;;;GM1963;;;False;False;False;51.82623866258349;4.472624860132417;WarmteAtlas:LT_WarmteBronnen_ECW;https://www.warmteatlas.nl/geoserver/WarmteAtlas/wfs;2026-06-23T13:53:17;
97552;426400;W_Gemaal_1217;0.0;GemaalWarmte;0.0;Optie B;0.0;0.0;;;;;GM1963;;;;GM1963;;;;GM1963;;;False;False;False;51.823248447509464;4.553916617463202;WarmteAtlas:LT_WarmteBronnen_ECW;https://www.warmteatlas.nl/geoserver/WarmteAtlas/wfs;2026-06-23T13:53:17;
89652;425800;W_Gemaal_1225;0.0;GemaalWarmte;0.0;Optie B;0.0;0.0;;;;;GM1963;;;;GM1963;;;;GM1963;;;False;False;False;51.81698660331293;4.439454234934622;WarmteAtlas:LT_WarmteBronnen_ECW;https://www.warmteatlas.nl/geoserver/WarmteAtlas/wfs;2026-06-23T13:53:17;
95752;424100;W_Gemaal_1233;0.0;GemaalWarmte;0.0;Optie B;0.0;0.0;;;;;GM1963;;;;GM1963;;;;GM1963;;;False;False;False;51.80238881931441;4.528204261510714;WarmteAtlas:LT_WarmteBronnen_ECW;https://www.warmteatlas.nl/geoserver/WarmteAtlas/wfs;2026-06-23T13:53:17;
98952;424100;W_Gemaal_1234;0.0;GemaalWarmte;0.0;Optie B;0.0;0.0;;;;;GM1963;;;;GM1963;;;;GM1963;;;False;False;False;51.802719284980434;4.57459438792109;WarmteAtlas:LT_WarmteBronnen_ECW;https://www.warmteatlas.nl/geoserver/WarmteAtlas/wfs;2026-06-23T13:53:17;
78252;424000;W_Gemaal_1235;0.0;GemaalWarmte;0.0;Optie B;0.0;0.0;;;;;GM1963;;;;GM1963;;;;GM1963;;;False;False;False;51.799358446828215;4.274545833390027;WarmteAtlas:LT_WarmteBronnen_ECW;https://www.warmteatlas.nl/geoserver/WarmteAtlas/wfs;2026-06-23T13:53:17;
98452;423600;W_Gemaal_1239;0.0;GemaalWarmte;0.0;Optie B;0.0;0.0;;;;;GM1963;;;;GM1963;;;;GM1963;;;False;False;False;51.79817503917224;4.567427568036363;WarmteAtlas:LT_WarmteBronnen_ECW;https://www.warmteatlas.nl/geoserver/WarmteAtlas/wfs;2026-06-23T13:53:17;
92552;423300;W_Gemaal_1241;0.0;GemaalWarmte;0.0;Optie B;0.0;0.0;;;;;GM1963;;;;GM1963;;;;GM1963;;;False;False;False;51.79485002807506;4.481959267478417;WarmteAtlas:LT_WarmteBronnen_ECW;https://www.warmteatlas.nl/geoserver/WarmteAtlas/wfs;2026-06-23T13:53:17;
96752;422500;W_Gemaal_1246;0.0;GemaalWarmte;0.0;Optie B;0.0;0.0;;;;;GM1963;;;;GM1963;;;;GM1963;;;False;False;False;51.78811390116744;4.542970284782065;WarmteAtlas:LT_WarmteBronnen_ECW;https://www.warmteatlas.nl/geoserver/WarmteAtlas/wfs;2026-06-23T13:53:17;
98852;422000;W_Gemaal_1248;0.0;GemaalWarmte;0.0;Optie B;0.0;0.0;;;;;GM1963;;;;GM1963;;;;GM1963;;;False;False;False;51.783835154447374;4.573485225533683;WarmteAtlas:LT_WarmteBronnen_ECW;https://www.warmteatlas.nl/geoserver/WarmteAtlas/wfs;2026-06-23T13:53:17;
92052;420800;W_Gemaal_1251;0.0;GemaalWarmte;0.0;Optie B;0.0;0.0;;;;;GM1963;;;;GM1963;;;;GM1963;;;False;False;False;51.77232518307025;4.475166452918719;WarmteAtlas:LT_WarmteBronnen_ECW;https://www.warmteatlas.nl/geoserver/WarmteAtlas/wfs;2026-06-23T13:53:17;
96952;420200;W_Gemaal_1259;0.0;GemaalWarmte;0.0;Optie B;0.0;0.0;;;;;GM1963;;;;GM1963;;;;GM1963;;;False;False;False;51.7674631914062;4.5462540274196845;WarmteAtlas:LT_WarmteBronnen_ECW;https://www.warmteatlas.nl/geoserver/WarmteAtlas/wfs;2026-06-23T13:53:17;
88252;420100;W_Gemaal_1260;0.0;GemaalWarmte;0.0;Optie B;0.0;0.0;;;;;GM1963;;;;GM1963;;;;GM1963;;;False;False;False;51.76559295659139;4.420251378895604;WarmteAtlas:LT_WarmteBronnen_ECW;https://www.warmteatlas.nl/geoserver/WarmteAtlas/wfs;2026-06-23T13:53:17;
95652;420000;W_Gemaal_1262;0.0;GemaalWarmte;0.0;Optie B;0.0;0.0;;;;;GM1963;;;;GM1963;;;;GM1963;;;False;False;False;51.76552911266366;4.527457011799775;WarmteAtlas:LT_WarmteBronnen_ECW;https://www.warmteatlas.nl/geoserver/WarmteAtlas/wfs;2026-06-23T13:53:17;
92452;419500;W_Gemaal_1266;0.0;GemaalWarmte;0.0;Optie B;0.0;0.0;;;;;GM1963;;;;GM1963;;;;GM1963;;;False;False;False;51.7606863452566;4.481195768526485;WarmteAtlas:LT_WarmteBronnen_ECW;https://www.warmteatlas.nl/geoserver/WarmteAtlas/wfs;2026-06-23T13:53:17;
81152;419000;W_Gemaal_1272;0.0;GemaalWarmte;0.0;Optie B;0.0;0.0;;;;;GM1963;;;;GM1963;;;;GM1963;;;False;False;False;51.754813910010185;4.317647104460845;WarmteAtlas:LT_WarmteBronnen_ECW;https://www.warmteatlas.nl/geoserver/WarmteAtlas/wfs;2026-06-23T13:53:17;
96852;418300;W_Gemaal_1275;0.0;GemaalWarmte;0.0;Optie B;0.0;0.0;;;;;GM1963;;;;GM1963;;;;GM1963;;;False;False;False;51.75037627694802;4.5451239901563225;WarmteAtlas:LT_WarmteBronnen_ECW;https://www.warmteatlas.nl/geoserver/WarmteAtlas/wfs;2026-06-23T13:53:17;
95052;418100;W_Gemaal_1277;0.0;GemaalWarmte;0.0;Optie B;0.0;0.0;;;;;GM1963;;;;GM1963;;;;GM1963;;;False;False;False;51.748388641646905;4.519094409749864;WarmteAtlas:LT_WarmteBronnen_ECW;https://www.warmteatlas.nl/geoserver/WarmteAtlas/wfs;2026-06-23T13:53:17;
89452;416900;W_Gemaal_1283;0.0;GemaalWarmte;0.0;Optie B;0.0;0.0;;;;;GM1963;;;;GM1963;;;;GM1963;;;False;False;False;51.73697521153208;4.438237496455633;WarmteAtlas:LT_WarmteBronnen_ECW;https://www.warmteatlas.nl/geoserver/WarmteAtlas/wfs;2026-06-23T13:53:17;
89752;416800;W_Gemaal_1284;0.0;GemaalWarmte;0.0;Optie B;0.0;0.0;;;;;GM1963;;;;GM1963;;;;GM1963;;;False;False;False;51.736111545930534;4.442598942071775;WarmteAtlas:LT_WarmteBronnen_ECW;https://www.warmteatlas.nl/geoserver/WarmteAtlas/wfs;2026-06-23T13:53:17;
86352;416000;W_Gemaal_1287;0.0;GemaalWarmte;0.0;Optie B;0.0;0.0;;;;;GM1963;;;;GM1963;;;;GM1963;;;False;False;False;51.728514670265525;4.39354174400417;WarmteAtlas:LT_WarmteBronnen_ECW;https://www.warmteatlas.nl/geoserver/WarmteAtlas/wfs;2026-06-23T13:53:17;
89252;415700;W_Gemaal_1290;0.0;GemaalWarmte;0.0;Optie B;0.0;0.0;;;;;GM1963;;;;GM1963;;;;GM1963;;;False;False;False;51.72616679575263;4.435569550735493;WarmteAtlas:LT_WarmteBronnen_ECW;https://www.warmteatlas.nl/geoserver/WarmteAtlas/wfs;2026-06-23T13:53:17;
89352;415700;W_Gemaal_1291;0.0;GemaalWarmte;0.0;Optie B;0.0;0.0;;;;;GM1963;;;;GM1963;;;;GM1963;;;False;False;False;51.726178539194756;4.437016754516999;WarmteAtlas:LT_WarmteBronnen_ECW;https://www.warmteatlas.nl/geoserver/WarmteAtlas/wfs;2026-06-23T13:53:17;
98452;415500;W_Gemaal_1292;0.0;GemaalWarmte;0.0;Optie B;0.0;0.0;;;;;GM1963;;;;GM1963;;;;GM1963;;;False;False;False;51.725374829773884;4.568748314373303;WarmteAtlas:LT_WarmteBronnen_ECW;https://www.warmteatlas.nl/geoserver/WarmteAtlas/wfs;2026-06-23T13:53:17;
89352;415100;W_Gemaal_1293;0.0;GemaalWarmte;0.0;Optie B;0.0;0.0;;;;;GM1963;;;;GM1963;;;;GM1963;;;False;False;False;51.720786062770344;4.437130111742059;WarmteAtlas:LT_WarmteBronnen_ECW;https://www.warmteatlas.nl/geoserver/WarmteAtlas/wfs;2026-06-23T13:53:17;
91952;414500;W_Gemaal_1301;0.0;GemaalWarmte;0.0;Optie B;0.0;0.0;;;;;GM1963;;;;GM1963;;;;GM1963;;;False;False;False;51.715692546175326;4.474862060955799;WarmteAtlas:LT_WarmteBronnen_ECW;https://www.warmteatlas.nl/geoserver/WarmteAtlas/wfs;2026-06-23T13:53:17;
99652;414200;W_Gemaal_1304;0.0;GemaalWarmte;0.0;Optie B;0.0;0.0;;;;;GM1963;;;;GM1963;;;;GM1963;;;False;False;False;51.71381075189013;4.586322035535087;WarmteAtlas:LT_WarmteBronnen_ECW;https://www.warmteatlas.nl/geoserver/WarmteAtlas/wfs;2026-06-23T13:53:17;
93252;413900;W_Gemaal_1310;0.0;GemaalWarmte;0.0;Optie B;0.0;0.0;;;;;GM1963;;;;GM1963;;;;GM1963;;;False;False;False;51.71044494635887;4.493778150749659;WarmteAtlas:LT_WarmteBronnen_ECW;https://www.warmteatlas.nl/geoserver/WarmteAtlas/wfs;2026-06-23T13:53:17;
96452;413700;W_Gemaal_1315;0.0;GemaalWarmte;0.0;Optie B;0.0;0.0;;;;;GM1963;;;;GM1963;;;;GM1963;;;False;False;False;51.70899129670254;4.540107251802628;WarmteAtlas:LT_WarmteBronnen_ECW;https://www.warmteatlas.nl/geoserver/WarmteAtlas/wfs;2026-06-23T13:53:17;
229717;466699;W_Gemaal_1547;0.0;GemaalWarmte;0.0;Optie B;0.0;0.0;;;;;GM1735;;;;GM1735;;;;GM1735;;;False;False;False;52.183359869271385;6.479730725831482;WarmteAtlas:LT_WarmteBronnen_ECW;https://www.warmteatlas.nl/geoserver/WarmteAtlas/wfs;2026-06-23T13:53:17;
230149;467081;W_Gemaal_1548;0.0;GemaalWarmte;0.0;Optie B;0.0;0.0;;;;;GM1735;;;;GM1735;;;;GM1735;;;False;False;False;52.18673407521008;6.486131031412862;WarmteAtlas:LT_WarmteBronnen_ECW;https://www.warmteatlas.nl/geoserver/WarmteAtlas/wfs;2026-06-23T13:53:17;
233391;469744;W_Gemaal_1550;0.0;GemaalWarmte;0.0;Optie B;0.0;0.0;;;;;GM1735;;;;GM1735;;;;GM1735;;;False;False;False;52.21021386418831;6.534146707179352;WarmteAtlas:LT_WarmteBronnen_ECW;https://www.warmteatlas.nl/geoserver/WarmteAtlas/wfs;2026-06-23T13:53:17;
235486;471104;W_Gemaal_1552;0.0;GemaalWarmte;0.0;Optie B;0.0;0.0;;;;;GM1735;;;;GM1735;;;;GM1735;;;False;False;False;52.222133451461396;6.565115831331801;WarmteAtlas:LT_WarmteBronnen_ECW;https://www.warmteatlas.nl/geoserver/WarmteAtlas/wfs;2026-06-23T13:53:17;
235506;471023;W_Gemaal_1553;0.0;GemaalWarmte;0.0;Optie B;0.0;0.0;;;;;GM1735;;;;GM1735;;;;GM1735;;;False;False;False;52.2214026427428;6.565389212856784;WarmteAtlas:LT_WarmteBronnen_ECW;https://www.warmteatlas.nl/geoserver/WarmteAtlas/wfs;2026-06-23T13:53:17;
236873;471350;W_Gemaal_1554;0.0;GemaalWarmte;0.0;Optie B;0.0;0.0;;;;;GM1735;;;;GM1735;;;;GM1735;;;False;False;False;52.22413982927504;6.585469838115716;WarmteAtlas:LT_WarmteBronnen_ECW;https://www.warmteatlas.nl/geoserver/WarmteAtlas/wfs;2026-06-23T13:53:17;
239032;472090;W_Gemaal_1556;0.0;GemaalWarmte;0.0;Optie B;0.0;0.0;;;;;GM1735;;;;GM1735;;;;GM1735;;;False;False;False;52.230464697385045;6.617245064138213;WarmteAtlas:LT_WarmteBronnen_ECW;https://www.warmteatlas.nl/geoserver/WarmteAtlas/wfs;2026-06-23T13:53:17;
239886;472484;W_Gemaal_1558;0.0;GemaalWarmte;0.0;Optie B;0.0;0.0;;;;;GM1735;;;;GM1735;;;;GM1735;;;False;False;False;52.23387435544746;6.629841747772345;WarmteAtlas:LT_WarmteBronnen_ECW;https://www.warmteatlas.nl/geoserver/WarmteAtlas/wfs;2026-06-23T13:53:17;
240319;472672;W_Gemaal_1560;0.0;GemaalWarmte;0.0;Optie B;0.0;0.0;;;;;GM1735;;;;GM1735;;;;GM1735;;;False;False;False;52.235496874067955;6.6362263570290105;WarmteAtlas:LT_WarmteBronnen_ECW;https://www.warmteatlas.nl/geoserver/WarmteAtlas/wfs;2026-06-23T13:53:17;
241362;473498;W_Gemaal_1561;0.0;GemaalWarmte;0.0;Optie B;0.0;0.0;;;;;GM1735;;;;GM1735;;;;GM1735;;;False;False;False;52.24275686419576;6.651702620580127;WarmteAtlas:LT_WarmteBronnen_ECW;https://www.warmteatlas.nl/geoserver/WarmteAtlas/wfs;2026-06-23T13:53:17;
242694;473619;W_Gemaal_1562;0.0;GemaalWarmte;0.0;Optie B;0.0;0.0;;;;;GM1735;;;;GM1735;;;;GM1735;;;False;False;False;52.243633777026275;6.671232270216461;WarmteAtlas:LT_WarmteBronnen_ECW;https://www.warmteatlas.nl/geoserver/WarmteAtlas/wfs;2026-06-23T13:53:17;
242946;473751;W_Gemaal_1563;0.0;GemaalWarmte;0.0;Optie B;0.0;0.0;;;;;GM1735;;;;GM1735;;;;GM1735;;;False;False;False;52.24477975491085;6.674955524300692;WarmteAtlas:LT_WarmteBronnen_ECW;https://www.warmteatlas.nl/geoserver/WarmteAtlas/wfs;2026-06-23T13:53:17;
243107;473871;W_Gemaal_1565;0.0;GemaalWarmte;0.0;Optie B;0.0;0.0;;;;;GM1735;;;;GM1735;;;;GM1735;;;False;False;False;52.24583234377499;6.677343662230829;WarmteAtlas:LT_WarmteBronnen_ECW;https://www.warmteatlas.nl/geoserver/WarmteAtlas/wfs;2026-06-23T13:53:17;
243103;473868;W_Gemaal_1582;0.0;GemaalWarmte;0.0;Optie B;0.0;0.0;;;;;GM1735;;;;GM1735;;;;GM1735;;;False;False;False;52.24580602565099;6.677284323391134;WarmteAtlas:LT_WarmteBronnen_ECW;https://www.warmteatlas.nl/geoserver/WarmteAtlas/wfs;2026-06-23T13:53:17;
228313;474050;W_Gemaal_52;0.0;GemaalWarmte;0.0;Optie B;0.0;0.0;;;;;GM1735;;;;GM1735;;;;GM1735;;;False;False;False;52.249608284390476;6.46079589109774;WarmteAtlas:LT_WarmteBronnen_ECW;https://www.warmteatlas.nl/geoserver/WarmteAtlas/wfs;2026-06-23T13:53:17;
235452;471100;W_Gemaal_827;0.0;GemaalWarmte;0.0;Optie B;0.0;0.0;;;;;GM1735;;;;GM1735;;;;GM1735;;;False;False;False;52.22210246898474;6.564617391788175;WarmteAtlas:LT_WarmteBronnen_ECW;https://www.warmteatlas.nl/geoserver/WarmteAtlas/wfs;2026-06-23T13:53:17;
234252;470400;W_Gemaal_833;0.0;GemaalWarmte;0.0;Optie B;0.0;0.0;;;;;GM1735;;;;GM1735;;;;GM1735;;;False;False;False;52.21598584732959;6.546895063751419;WarmteAtlas:LT_WarmteBronnen_ECW;https://www.warmteatlas.nl/geoserver/WarmteAtlas/wfs;2026-06-23T13:53:17;
131959;549910;W_Gemaal_1533;0.0;GemaalWarmte;0.0;Optie B;0.0;0.0;;;;;GM1911;;;;GM1911;;;;GM1911;;;False;False;False;52.93575809209765;5.0445065074440185;WarmteAtlas:LT_WarmteBronnen_ECW;https://www.warmteatlas.nl/geoserver/WarmteAtlas/wfs;2026-06-23T13:53:17;
132099;550017;W_Gemaal_1534;0.0;GemaalWarmte;0.0;Optie B;0.0;0.0;;;;;GM1911;;;;GM1911;;;;GM1911;;;False;False;False;52.93672556716487;5.046581252311381;WarmteAtlas:LT_WarmteBronnen_ECW;https://www.warmteatlas.nl/geoserver/WarmteAtlas/wfs;2026-06-23T13:53:17;
132239;550124;W_Gemaal_1535;0.0;GemaalWarmte;0.0;Optie B;0.0;0.0;;;;;GM1911;;;;GM1911;;;;GM1911;;;False;False;False;52.93769300600396;5.0486560892790475;WarmteAtlas:LT_WarmteBronnen_ECW;https://www.warmteatlas.nl/geoserver/WarmteAtlas/wfs;2026-06-23T13:53:17;
131960;549352;W_Gemaal_1615;0.0;GemaalWarmte;0.0;Optie B;0.0;0.0;;;;;GM1911;;;;GM1911;;;;GM1911;;;False;False;False;52.93074383693632;5.044560762289154;WarmteAtlas:LT_WarmteBronnen_ECW;https://www.warmteatlas.nl/geoserver/WarmteAtlas/wfs;2026-06-23T13:53:17;
131252;548400;W_Gemaal_418;0.0;GemaalWarmte;0.0;Optie B;0.0;0.0;;;;;GM1911;;;;GM1911;;;;GM1911;;;False;False;False;52.92215831503143;5.034100966030754;WarmteAtlas:LT_WarmteBronnen_ECW;https://www.warmteatlas.nl/geoserver/WarmteAtlas/wfs;2026-06-23T13:53:17;
131552;548300;W_Gemaal_421;0.0;GemaalWarmte;0.0;Optie B;0.0;0.0;;;;;GM1911;;;;GM1911;;;;GM1911;;;False;False;False;52.921272791673054;5.038568718970897;WarmteAtlas:LT_WarmteBronnen_ECW;https://www.warmteatlas.nl/geoserver/WarmteAtlas/wfs;2026-06-23T13:53:17;
130752;547200;W_Gemaal_427;0.0;GemaalWarmte;0.0;Optie B;0.0;0.0;;;;;GM1911;;;;GM1911;;;;GM1911;;;False;False;False;52.91135264315877;5.026755738743483;WarmteAtlas:LT_WarmteBronnen_ECW;https://www.warmteatlas.nl/geoserver/WarmteAtlas/wfs;2026-06-23T13:53:17;
124852;544900;W_Gemaal_433;0.0;GemaalWarmte;0.0;Optie B;0.0;0.0;;;;;GM1911;;;;GM1911;;;;GM1911;;;False;False;False;52.89038758013684;4.93926563984389;WarmteAtlas:LT_WarmteBronnen_ECW;https://www.warmteatlas.nl/geoserver/WarmteAtlas/wfs;2026-06-23T13:53:17;
120252;544500;W_Gemaal_435;0.0;GemaalWarmte;0.0;Optie B;0.0;0.0;;;;;GM1911;;;;GM1911;;;;GM1911;;;False;False;False;52.8865171727516;4.870963566584569;WarmteAtlas:LT_WarmteBronnen_ECW;https://www.warmteatlas.nl/geoserver/WarmteAtlas/wfs;2026-06-23T13:53:17;
120152;544100;W_Gemaal_438;0.0;GemaalWarmte;0.0;Optie B;0.0;0.0;;;;;GM1911;;;;GM1911;;;;GM1911;;;False;False;False;52.882916278955314;4.869520545645071;WarmteAtlas:LT_WarmteBronnen_ECW;https://www.warmteatlas.nl/geoserver/WarmteAtlas/wfs;2026-06-23T13:53:17;
122352;543200;W_Gemaal_444;0.0;GemaalWarmte;0.0;Optie B;0.0;0.0;;;;;GM1911;;;;GM1911;;;;GM1911;;;False;False;False;52.87496593157928;4.902291321020177;WarmteAtlas:LT_WarmteBronnen_ECW;https://www.warmteatlas.nl/geoserver/WarmteAtlas/wfs;2026-06-23T13:53:17;
118052;541800;W_Gemaal_454;0.0;GemaalWarmte;0.0;Optie B;0.0;0.0;;;;;GM1911;;;;GM1911;;;;GM1911;;;False;False;False;52.862108797058454;4.838584788984154;WarmteAtlas:LT_WarmteBronnen_ECW;https://www.warmteatlas.nl/geoserver/WarmteAtlas/wfs;2026-06-23T13:53:17;
119652;539700;W_Gemaal_467;0.0;GemaalWarmte;0.0;Optie B;0.0;0.0;;;;;GM1911;;;;GM1911;;;;GM1911;;;False;False;False;52.843344569280355;4.862567826254456;WarmteAtlas:LT_WarmteBronnen_ECW;https://www.warmteatlas.nl/geoserver/WarmteAtlas/wfs;2026-06-23T13:53:17;
130552;538700;W_Gemaal_471;0.0;GemaalWarmte;0.0;Optie B;0.0;0.0;;;;;GM1911;;;;GM1911;;;;GM1911;;;False;False;False;52.83495980441487;5.024417332159541;WarmteAtlas:LT_WarmteBronnen_ECW;https://www.warmteatlas.nl/geoserver/WarmteAtlas/wfs;2026-06-23T13:53:17;
122852;535500;W_Gemaal_478;0.0;GemaalWarmte;0.0;Optie B;0.0;0.0;;;;;GM1911;;;;GM1911;;;;GM1911;;;False;False;False;52.80580129865105;4.910472158452092;WarmteAtlas:LT_WarmteBronnen_ECW;https://www.warmteatlas.nl/geoserver/WarmteAtlas/wfs;2026-06-23T13:53:17;
118452;534500;W_Gemaal_481;0.0;GemaalWarmte;0.0;Optie B;0.0;0.0;;;;;GM1911;;;;GM1911;;;;GM1911;;;False;False;False;52.79653624926892;4.845336878628588;WarmteAtlas:LT_WarmteBronnen_ECW;https://www.warmteatlas.nl/geoserver/WarmteAtlas/wfs;2026-06-23T13:53:17;
122752;533800;W_Gemaal_482;0.0;GemaalWarmte;0.0;Optie B;0.0;0.0;;;;;GM1911;;;;GM1911;;;;GM1911;;;False;False;False;52.790518464978966;4.909156039004631;WarmteAtlas:LT_WarmteBronnen_ECW;https://www.warmteatlas.nl/geoserver/WarmteAtlas/wfs;2026-06-23T13:53:17;
122052;533700;W_Gemaal_484;0.0;GemaalWarmte;0.0;Optie B;0.0;0.0;;;;;GM1911;;;;GM1911;;;;GM1911;;;False;False;False;52.789577760049795;4.898789497044085;WarmteAtlas:LT_WarmteBronnen_ECW;https://www.warmteatlas.nl/geoserver/WarmteAtlas/wfs;2026-06-23T13:53:17;
121052;533600;W_Gemaal_485;0.0;GemaalWarmte;0.0;Optie B;0.0;0.0;;;;;GM1911;;;;GM1911;;;;GM1911;;;False;False;False;52.788617463794246;4.8839765057783415;WarmteAtlas:LT_WarmteBronnen_ECW;https://www.warmteatlas.nl/geoserver/WarmteAtlas/wfs;2026-06-23T13:53:17;
121252;533500;W_Gemaal_486;0.0;GemaalWarmte;0.0;Optie B;0.0;0.0;;;;;GM1911;;;;GM1911;;;;GM1911;;;False;False;False;52.787731301249536;4.886951364597997;WarmteAtlas:LT_WarmteBronnen_ECW;https://www.warmteatlas.nl/geoserver/WarmteAtlas/wfs;2026-06-23T13:53:17;
119952;533300;W_Gemaal_488;0.0;GemaalWarmte;0.0;Optie B;0.0;0.0;;;;;GM1911;;;;GM1911;;;;GM1911;;;False;False;False;52.78585159771361;4.867703218730902;WarmteAtlas:LT_WarmteBronnen_ECW;https://www.warmteatlas.nl/geoserver/WarmteAtlas/wfs;2026-06-23T13:53:17;
121852;533000;W_Gemaal_489;0.0;GemaalWarmte;0.0;Optie B;0.0;0.0;;;;;GM1911;;;;GM1911;;;;GM1911;;;False;False;False;52.783275080230474;4.895895372330522;WarmteAtlas:LT_WarmteBronnen_ECW;https://www.warmteatlas.nl/geoserver/WarmteAtlas/wfs;2026-06-23T13:53:17;
135852;532200;W_Gemaal_491;0.0;GemaalWarmte;0.0;Optie B;0.0;0.0;;;;;GM1911;;;;GM1911;;;;GM1911;;;False;False;False;52.77676040143496;5.103442700741774;WarmteAtlas:LT_WarmteBronnen_ECW;https://www.warmteatlas.nl/geoserver/WarmteAtlas/wfs;2026-06-23T13:53:17;
118152;530600;W_Gemaal_498;0.0;GemaalWarmte;0.0;Optie B;0.0;0.0;;;;;GM1911;;;;GM1911;;;;GM1911;;;False;False;False;52.7614690789476;4.841325935213527;WarmteAtlas:LT_WarmteBronnen_ECW;https://www.warmteatlas.nl/geoserver/WarmteAtlas/wfs;2026-06-23T13:53:17;
123652;530000;W_Gemaal_501;0.0;GemaalWarmte;0.0;Optie B;0.0;0.0;;;;;GM1911;;;;GM1911;;;;GM1911;;;False;False;False;52.756422585897404;4.922859258963233;WarmteAtlas:LT_WarmteBronnen_ECW;https://www.warmteatlas.nl/geoserver/WarmteAtlas/wfs;2026-06-23T13:53:17;
119952;529500;W_Gemaal_502;0.0;GemaalWarmte;0.0;Optie B;0.0;0.0;;;;;GM1911;;;;GM1911;;;;GM1911;;;False;False;False;52.751703150967074;4.868107742526856;WarmteAtlas:LT_WarmteBronnen_ECW;https://www.warmteatlas.nl/geoserver/WarmteAtlas/wfs;2026-06-23T13:53:17;
121552;528800;W_Gemaal_510;0.0;GemaalWarmte;0.0;Optie B;0.0;0.0;;;;;GM1911;;;;GM1911;;;;GM1911;;;False;False;False;52.745513493391634;4.891875604460106;WarmteAtlas:LT_WarmteBronnen_ECW;https://www.warmteatlas.nl/geoserver/WarmteAtlas/wfs;2026-06-23T13:53:17;
134252;517400;W_Gemaal_566;0.0;GemaalWarmte;0.0;Optie B;0.0;0.0;;;;;GM0405;;;;GM0405;;;;GM0405;;;False;False;False;52.64369749690189;5.0806615023628625;WarmteAtlas:LT_WarmteBronnen_ECW;https://www.warmteatlas.nl/geoserver/WarmteAtlas/wfs;2026-06-23T13:53:17;
202672;389674;W_Gemaal_132;0.0;GemaalWarmte;0.0;Optie B;0.0;0.0;;;;;GM1507;;;;GM1507;;;;GM1507;;;False;False;False;51.494074702615784;6.07367318897924;WarmteAtlas:LT_WarmteBronnen_ECW;https://www.warmteatlas.nl/geoserver/WarmteAtlas/wfs;2026-06-23T13:53:17;
190952;383800;W_Gemaal_1461;0.0;GemaalWarmte;0.0;Optie B;0.0;0.0;;;;;GM1507;;;;GM1507;;;;GM1507;;;False;False;False;51.44214757741411;5.9043137447987215;WarmteAtlas:LT_WarmteBronnen_ECW;https://www.warmteatlas.nl/geoserver/WarmteAtlas/wfs;2026-06-23T13:53:17;
192652;378200;W_Gemaal_1474;0.0;GemaalWarmte;0.0;Optie B;0.0;0.0;;;;;GM1507;;;;GM1507;;;;GM1507;;;False;False;False;51.391701762743914;5.928166834301872;WarmteAtlas:LT_WarmteBronnen_ECW;https://www.warmteatlas.nl/geoserver/WarmteAtlas/wfs;2026-06-23T13:53:17;
202672;389674;W_Gemaal_1528;0.0;GemaalWarmte;0.0;Optie B;0.0;0.0;;;;;GM1507;;;;GM1507;;;;GM1507;;;False;False;False;51.494074702615784;6.07367318897924;WarmteAtlas:LT_WarmteBronnen_ECW;https://www.warmteatlas.nl/geoserver/WarmteAtlas/wfs;2026-06-23T13:53:17;
138852;447100;W_Gemaal_1016;0.0;GemaalWarmte;0.0;Optie B;0.0;0.0;;;;;GM0321;;;;GM0321;;;;GM0321;;;False;False;False;52.012027887547404;5.151992821280241;WarmteAtlas:LT_WarmteBronnen_ECW;https://www.warmteatlas.nl/geoserver/WarmteAtlas/wfs;2026-06-23T13:53:17;
145252;444400;W_Gemaal_1054;0.0;GemaalWarmte;0.0;Optie B;0.0;0.0;;;;;GM0321;;;;GM0321;;;;GM0321;;;False;False;False;51.98790919864718;5.245290973326382;WarmteAtlas:LT_WarmteBronnen_ECW;https://www.warmteatlas.nl/geoserver/WarmteAtlas/wfs;2026-06-23T13:53:17;
139452;444100;W_Gemaal_1061;0.0;GemaalWarmte;0.0;Optie B;0.0;0.0;;;;;GM0321;;;;GM0321;;;;GM0321;;;False;False;False;51.98508073571612;5.160868364917719;WarmteAtlas:LT_WarmteBronnen_ECW;https://www.warmteatlas.nl/geoserver/WarmteAtlas/wfs;2026-06-23T13:53:17;
138357;445052;W_Gemaal_1626;0.0;GemaalWarmte;0.0;Optie B;0.0;0.0;;;;;GM0321;;;;GM0321;;;;GM0321;;;False;False;False;51.99360568040171;5.144882220053207;WarmteAtlas:LT_WarmteBronnen_ECW;https://www.warmteatlas.nl/geoserver/WarmteAtlas/wfs;2026-06-23T13:53:17;
65452;374900;W_Gemaal_1477;0.0;GemaalWarmte;0.0;Optie B;0.0;0.0;;;;;GM0677;;;;GM0677;;;;GM0677;;;False;False;False;51.35620381171478;4.1015797101843665;WarmteAtlas:LT_WarmteBronnen_ECW;https://www.warmteatlas.nl/geoserver/WarmteAtlas/wfs;2026-06-23T13:53:17;
127752;451500;W_Gemaal_971;0.0;GemaalWarmte;0.0;Optie B;0.0;0.0;;;;;GM0353;;;;GM0353;;;;GM0353;;;False;False;False;52.05114084711032;4.989963832045605;WarmteAtlas:LT_WarmteBronnen_ECW;https://www.warmteatlas.nl/geoserver/WarmteAtlas/wfs;2026-06-23T13:53:17;
104579;467439;W_Gemaal_55;0.0;GemaalWarmte;0.0;Optie B;0.0;0.0;;;;;GM1884;;;;GM1884;;;;GM1884;;;False;False;False;52.19276706591194;4.6497926038686375;WarmteAtlas:LT_WarmteBronnen_ECW;https://www.warmteatlas.nl/geoserver/WarmteAtlas/wfs;2026-06-23T13:53:17;
104852;470700;W_Gemaal_830;0.0;GemaalWarmte;0.0;Optie B;0.0;0.0;;;;;GM1884;;;;GM1884;;;;GM1884;;;False;False;False;52.22209934909836;4.653302480851488;WarmteAtlas:LT_WarmteBronnen_ECW;https://www.warmteatlas.nl/geoserver/WarmteAtlas/wfs;2026-06-23T13:53:17;
108252;470300;W_Gemaal_834;0.0;GemaalWarmte;0.0;Optie B;0.0;0.0;;;;;GM1884;;;;GM1884;;;;GM1884;;;False;False;False;52.21880311063935;4.703112167608295;WarmteAtlas:LT_WarmteBronnen_ECW;https://www.warmteatlas.nl/geoserver/WarmteAtlas/wfs;2026-06-23T13:53:17;
103452;470000;W_Gemaal_838;0.0;GemaalWarmte;0.0;Optie B;0.0;0.0;;;;;GM1884;;;;GM1884;;;;GM1884;;;False;False;False;52.21567923279955;4.632922085863776;WarmteAtlas:LT_WarmteBronnen_ECW;https://www.warmteatlas.nl/geoserver/WarmteAtlas/wfs;2026-06-23T13:53:17;
108752;469900;W_Gemaal_839;0.0;GemaalWarmte;0.0;Optie B;0.0;0.0;;;;;GM1884;;;;GM1884;;;;GM1884;;;False;False;False;52.215250333794074;4.710483079433266;WarmteAtlas:LT_WarmteBronnen_ECW;https://www.warmteatlas.nl/geoserver/WarmteAtlas/wfs;2026-06-23T13:53:17;
105452;469100;W_Gemaal_844;0.0;GemaalWarmte;0.0;Optie B;0.0;0.0;;;;;GM1884;;;;GM1884;;;;GM1884;;;False;False;False;52.20777398264497;4.662316600946122;WarmteAtlas:LT_WarmteBronnen_ECW;https://www.warmteatlas.nl/geoserver/WarmteAtlas/wfs;2026-06-23T13:53:17;
100152;468200;W_Gemaal_848;0.0;GemaalWarmte;0.0;Optie B;0.0;0.0;;;;;GM1884;;;;GM1884;;;;GM1884;;;False;False;False;52.199184134541326;4.584930145803405;WarmteAtlas:LT_WarmteBronnen_ECW;https://www.warmteatlas.nl/geoserver/WarmteAtlas/wfs;2026-06-23T13:53:17;
104152;467900;W_Gemaal_849;0.0;GemaalWarmte;0.0;Optie B;0.0;0.0;;;;;GM1884;;;;GM1884;;;;GM1884;;;False;False;False;52.19687101777577;4.6434790864150255;WarmteAtlas:LT_WarmteBronnen_ECW;https://www.warmteatlas.nl/geoserver/WarmteAtlas/wfs;2026-06-23T13:53:17;
98352;467300;W_Gemaal_853;0.0;GemaalWarmte;0.0;Optie B;0.0;0.0;;;;;GM1884;;;;GM1884;;;;GM1884;;;False;False;False;52.19091390777128;4.558754068556541;WarmteAtlas:LT_WarmteBronnen_ECW;https://www.warmteatlas.nl/geoserver/WarmteAtlas/wfs;2026-06-23T13:53:17;
100052;465500;W_Gemaal_862;0.0;GemaalWarmte;0.0;Optie B;0.0;0.0;;;;;GM1884;;;;GM1884;;;;GM1884;;;False;False;False;52.17490885429012;4.583904799756917;WarmteAtlas:LT_WarmteBronnen_ECW;https://www.warmteatlas.nl/geoserver/WarmteAtlas/wfs;2026-06-23T13:53:17;
102752;465400;W_Gemaal_864;0.0;GemaalWarmte;0.0;Optie B;0.0;0.0;;;;;GM1884;;;;GM1884;;;;GM1884;;;False;False;False;52.174272177657265;4.623388730972833;WarmteAtlas:LT_WarmteBronnen_ECW;https://www.warmteatlas.nl/geoserver/WarmteAtlas/wfs;2026-06-23T13:53:17;
98552;464800;W_Gemaal_869;0.0;GemaalWarmte;0.0;Optie B;0.0;0.0;;;;;GM1884;;;;GM1884;;;;GM1884;;;False;False;False;52.16846656627029;4.562094426534149;WarmteAtlas:LT_WarmteBronnen_ECW;https://www.warmteatlas.nl/geoserver/WarmteAtlas/wfs;2026-06-23T13:53:17;
100552;464800;W_Gemaal_870;0.0;GemaalWarmte;0.0;Optie B;0.0;0.0;;;;;GM1884;;;;GM1884;;;;GM1884;;;False;False;False;52.168667339444795;4.591325986689418;WarmteAtlas:LT_WarmteBronnen_ECW;https://www.warmteatlas.nl/geoserver/WarmteAtlas/wfs;2026-06-23T13:53:17;
193752;514200;W_Gemaal_585;0.0;GemaalWarmte;0.0;Optie B;0.0;0.0;;;;;GM0166;;;;GM0166;;;;GM0166;;;False;False;False;52.61395543847205;5.959367494894402;WarmteAtlas:LT_WarmteBronnen_ECW;https://www.warmteatlas.nl/geoserver/WarmteAtlas/wfs;2026-06-23T13:53:17;
189952;514100;W_Gemaal_586;0.0;GemaalWarmte;0.0;Optie B;0.0;0.0;;;;;GM0166;;;;GM0166;;;;GM0166;;;False;False;False;52.61331373753198;5.903253344328809;WarmteAtlas:LT_WarmteBronnen_ECW;https://www.warmteatlas.nl/geoserver/WarmteAtlas/wfs;2026-06-23T13:53:17;
191252;513900;W_Gemaal_588;0.0;GemaalWarmte;0.0;Optie B;0.0;0.0;;;;;GM0166;;;;GM0166;;;;GM0166;;;False;False;False;52.61143145368546;5.922424521729846;WarmteAtlas:LT_WarmteBronnen_ECW;https://www.warmteatlas.nl/geoserver/WarmteAtlas/wfs;2026-06-23T13:53:17;
187252;513800;W_Gemaal_590;0.0;GemaalWarmte;0.0;Optie B;0.0;0.0;;;;;GM0166;;;;GM0166;;;;GM0166;;;False;False;False;52.61078417581705;5.863361457985639;WarmteAtlas:LT_WarmteBronnen_ECW;https://www.warmteatlas.nl/geoserver/WarmteAtlas/wfs;2026-06-23T13:53:17;
185852;513400;W_Gemaal_593;0.0;GemaalWarmte;0.0;Optie B;0.0;0.0;;;;;GM0166;;;;GM0166;;;;GM0166;;;False;False;False;52.60727048733114;5.8426558360078555;WarmteAtlas:LT_WarmteBronnen_ECW;https://www.warmteatlas.nl/geoserver/WarmteAtlas/wfs;2026-06-23T13:53:17;
194452;511700;W_Gemaal_599;0.0;GemaalWarmte;0.0;Optie B;0.0;0.0;;;;;GM0166;;;;GM0166;;;;GM0166;;;False;False;False;52.591438388337004;5.96940512284416;WarmteAtlas:LT_WarmteBronnen_ECW;https://www.warmteatlas.nl/geoserver/WarmteAtlas/wfs;2026-06-23T13:53:17;
190652;511200;W_Gemaal_603;0.0;GemaalWarmte;0.0;Optie B;0.0;0.0;;;;;GM0166;;;;GM0166;;;;GM0166;;;False;False;False;52.58720666007524;5.913276586888138;WarmteAtlas:LT_WarmteBronnen_ECW;https://www.warmteatlas.nl/geoserver/WarmteAtlas/wfs;2026-06-23T13:53:17;
187752;510900;W_Gemaal_605;0.0;GemaalWarmte;0.0;Optie B;0.0;0.0;;;;;GM0166;;;;GM0166;;;;GM0166;;;False;False;False;52.58469246959923;5.870456903649171;WarmteAtlas:LT_WarmteBronnen_ECW;https://www.warmteatlas.nl/geoserver/WarmteAtlas/wfs;2026-06-23T13:53:17;
185852;510400;W_Gemaal_611;0.0;GemaalWarmte;0.0;Optie B;0.0;0.0;;;;;GM0166;;;;GM0166;;;;GM0166;;;False;False;False;52.580309802119544;5.84237707827666;WarmteAtlas:LT_WarmteBronnen_ECW;https://www.warmteatlas.nl/geoserver/WarmteAtlas/wfs;2026-06-23T13:53:17;
189252;504000;W_Gemaal_634;0.0;GemaalWarmte;0.0;Optie B;0.0;0.0;;;;;GM0166;;;;GM0166;;;;GM0166;;;False;False;False;52.52259053934207;5.8918781295137395;WarmteAtlas:LT_WarmteBronnen_ECW;https://www.warmteatlas.nl/geoserver/WarmteAtlas/wfs;2026-06-23T13:53:17;
194052;503000;W_Gemaal_642;0.0;GemaalWarmte;0.0;Optie B;0.0;0.0;;;;;GM0166;;;;GM0166;;;;GM0166;;;False;False;False;52.51328164526962;5.962481572387704;WarmteAtlas:LT_WarmteBronnen_ECW;https://www.warmteatlas.nl/geoserver/WarmteAtlas/wfs;2026-06-23T13:53:17;
57352;390200;W_Gemaal_1451;0.0;GemaalWarmte;0.0;Optie B;0.0;0.0;;;;;GM0678;;;;GM0678;;;;GM0678;;;False;False;False;51.49235642568467;3.9810868411366642;WarmteAtlas:LT_WarmteBronnen_ECW;https://www.warmteatlas.nl/geoserver/WarmteAtlas/wfs;2026-06-23T13:53:17;
57352;390200;W_Gemaal_1452;0.0;GemaalWarmte;0.0;Optie B;0.0;0.0;;;;;GM0678;;;;GM0678;;;;GM0678;;;False;False;False;51.49235642568467;3.9810868411366642;WarmteAtlas:LT_WarmteBronnen_ECW;https://www.warmteatlas.nl/geoserver/WarmteAtlas/wfs;2026-06-23T13:53:17;
121352;522700;W_Gemaal_543;0.0;GemaalWarmte;0.0;Optie B;0.0;0.0;;;;;GM1598;;;;GM1598;;;;GM1598;;;False;False;False;52.69068303165195;4.889535687784707;WarmteAtlas:LT_WarmteBronnen_ECW;https://www.warmteatlas.nl/geoserver/WarmteAtlas/wfs;2026-06-23T13:53:17;
120252;520700;W_Gemaal_550;0.0;GemaalWarmte;0.0;Optie B;0.0;0.0;;;;;GM1598;;;;GM1598;;;;GM1598;;;False;False;False;52.67264060893382;4.873476910809338;WarmteAtlas:LT_WarmteBronnen_ECW;https://www.warmteatlas.nl/geoserver/WarmteAtlas/wfs;2026-06-23T13:53:17;
119552;518700;W_Gemaal_562;0.0;GemaalWarmte;0.0;Optie B;0.0;0.0;;;;;GM1598;;;;GM1598;;;;GM1598;;;False;False;False;52.65462213736562;4.863342394933974;WarmteAtlas:LT_WarmteBronnen_ECW;https://www.warmteatlas.nl/geoserver/WarmteAtlas/wfs;2026-06-23T13:53:17;
129752;515300;W_Gemaal_578;0.0;GemaalWarmte;0.0;Optie B;0.0;0.0;;;;;GM1598;;;;GM1598;;;;GM1598;;;False;False;False;52.6246351123455;5.014336835956797;WarmteAtlas:LT_WarmteBronnen_ECW;https://www.warmteatlas.nl/geoserver/WarmteAtlas/wfs;2026-06-23T13:53:17;
123452;514800;W_Gemaal_580;0.0;GemaalWarmte;0.0;Optie B;0.0;0.0;;;;;GM1598;;;;GM1598;;;;GM1598;;;False;False;False;52.6198135231898;4.921347152121854;WarmteAtlas:LT_WarmteBronnen_ECW;https://www.warmteatlas.nl/geoserver/WarmteAtlas/wfs;2026-06-23T13:53:17;
124152;514500;W_Gemaal_582;0.0;GemaalWarmte;0.0;Optie B;0.0;0.0;;;;;GM1598;;;;GM1598;;;;GM1598;;;False;False;False;52.6171575259181;4.931711373487278;WarmteAtlas:LT_WarmteBronnen_ECW;https://www.warmteatlas.nl/geoserver/WarmteAtlas/wfs;2026-06-23T13:53:17;
128952;512700;W_Gemaal_597;0.0;GemaalWarmte;0.0;Optie B;0.0;0.0;;;;;GM1598;;;;GM1598;;;;GM1598;;;False;False;False;52.601231482383795;5.002726512383213;WarmteAtlas:LT_WarmteBronnen_ECW;https://www.warmteatlas.nl/geoserver/WarmteAtlas/wfs;2026-06-23T13:53:17;
114552;447400;W_Gemaal_1012;0.0;GemaalWarmte;0.0;Optie B;0.0;0.0;;;;;GM1931;;;;GM1931;;;;GM1931;;;False;False;False;52.01348514700991;4.798018510910626;WarmteAtlas:LT_WarmteBronnen_ECW;https://www.warmteatlas.nl/geoserver/WarmteAtlas/wfs;2026-06-23T13:53:17;
114052;446300;W_Gemaal_1027;0.0;GemaalWarmte;0.0;Optie B;0.0;0.0;;;;;GM1931;;;;GM1931;;;;GM1931;;;False;False;False;52.003561957049484;4.790867176134397;WarmteAtlas:LT_WarmteBronnen_ECW;https://www.warmteatlas.nl/geoserver/WarmteAtlas/wfs;2026-06-23T13:53:17;
105952;444200;W_Gemaal_1058;0.0;GemaalWarmte;0.0;Optie B;0.0;0.0;;;;;GM1931;;;;GM1931;;;;GM1931;;;False;False;False;51.984031313655755;4.673213464523069;WarmteAtlas:LT_WarmteBronnen_ECW;https://www.warmteatlas.nl/geoserver/WarmteAtlas/wfs;2026-06-23T13:53:17;
114552;443400;W_Gemaal_1069;0.0;GemaalWarmte;0.0;Optie B;0.0;0.0;;;;;GM1931;;;;GM1931;;;;GM1931;;;False;False;False;51.97753407003795;4.798490623636411;WarmteAtlas:LT_WarmteBronnen_ECW;https://www.warmteatlas.nl/geoserver/WarmteAtlas/wfs;2026-06-23T13:53:17;
107452;442600;W_Gemaal_1075;0.0;GemaalWarmte;0.0;Optie B;0.0;0.0;;;;;GM1931;;;;GM1931;;;;GM1931;;;False;False;False;51.9697815387367;4.69526913815414;WarmteAtlas:LT_WarmteBronnen_ECW;https://www.warmteatlas.nl/geoserver/WarmteAtlas/wfs;2026-06-23T13:53:17;
102252;438100;W_Gemaal_1121;0.0;GemaalWarmte;0.0;Optie B;0.0;0.0;;;;;GM1931;;;;GM1931;;;;GM1931;;;False;False;False;51.92886812705066;4.620294274287836;WarmteAtlas:LT_WarmteBronnen_ECW;https://www.warmteatlas.nl/geoserver/WarmteAtlas/wfs;2026-06-23T13:53:17;
108952;438100;W_Gemaal_1122;0.0;GemaalWarmte;0.0;Optie B;0.0;0.0;;;;;GM1931;;;;GM1931;;;;GM1931;;;False;False;False;51.92946317608015;4.717699426239003;WarmteAtlas:LT_WarmteBronnen_ECW;https://www.warmteatlas.nl/geoserver/WarmteAtlas/wfs;2026-06-23T13:53:17;
105052;436700;W_Gemaal_1131;0.0;GemaalWarmte;0.0;Optie B;0.0;0.0;;;;;GM1931;;;;GM1931;;;;GM1931;;;False;False;False;51.9165438959852;4.661203840679143;WarmteAtlas:LT_WarmteBronnen_ECW;https://www.warmteatlas.nl/geoserver/WarmteAtlas/wfs;2026-06-23T13:53:17;
110752;435700;W_Gemaal_1138;0.0;GemaalWarmte;0.0;Optie B;0.0;0.0;;;;;GM1931;;;;GM1931;;;;GM1931;;;False;False;False;51.908038583797804;4.744177132723155;WarmteAtlas:LT_WarmteBronnen_ECW;https://www.warmteatlas.nl/geoserver/WarmteAtlas/wfs;2026-06-23T13:53:17;
172752;397000;W_Gemaal_1424;0.0;GemaalWarmte;0.0;Optie B;0.0;0.0;;;;;GM1659;;;;GM1659;;;;GM1659;;;False;False;False;51.56166363209839;5.643206564017994;WarmteAtlas:LT_WarmteBronnen_ECW;https://www.warmteatlas.nl/geoserver/WarmteAtlas/wfs;2026-06-23T13:53:17;
170652;391600;W_Gemaal_1448;0.0;GemaalWarmte;0.0;Optie B;0.0;0.0;;;;;GM1659;;;;GM1659;;;;GM1659;;;False;False;False;51.51318787136674;5.612681102454762;WarmteAtlas:LT_WarmteBronnen_ECW;https://www.warmteatlas.nl/geoserver/WarmteAtlas/wfs;2026-06-23T13:53:17;
116952;523300;W_Gemaal_537;0.0;GemaalWarmte;0.0;Optie B;0.0;0.0;;;;;GM1980;;;;GM1980;;;;GM1980;;;False;False;False;52.6957850495039;4.82439138436079;WarmteAtlas:LT_WarmteBronnen_ECW;https://www.warmteatlas.nl/geoserver/WarmteAtlas/wfs;2026-06-23T13:53:17;
112552;522900;W_Gemaal_541;0.0;GemaalWarmte;0.0;Optie B;0.0;0.0;;;;;GM1980;;;;GM1980;;;;GM1980;;;False;False;False;52.69186490335168;4.759360579254073;WarmteAtlas:LT_WarmteBronnen_ECW;https://www.warmteatlas.nl/geoserver/WarmteAtlas/wfs;2026-06-23T13:53:17;
92952;446900;W_Gemaal_1019;0.0;GemaalWarmte;0.0;Optie B;0.0;0.0;;;;;GM1621;;;;GM1621;;;;GM1621;;;False;False;False;52.006996503982435;4.483504312718654;WarmteAtlas:LT_WarmteBronnen_ECW;https://www.warmteatlas.nl/geoserver/WarmteAtlas/wfs;2026-06-23T13:53:17;
90952;445800;W_Gemaal_1030;0.0;GemaalWarmte;0.0;Optie B;0.0;0.0;;;;;GM1621;;;;GM1621;;;;GM1621;;;False;False;False;51.996883377073274;4.4545845943001465;WarmteAtlas:LT_WarmteBronnen_ECW;https://www.warmteatlas.nl/geoserver/WarmteAtlas/wfs;2026-06-23T13:53:17;
90552;445400;W_Gemaal_1037;0.0;GemaalWarmte;0.0;Optie B;0.0;0.0;;;;;GM1621;;;;GM1621;;;;GM1621;;;False;False;False;51.99324220879793;4.4488360714708;WarmteAtlas:LT_WarmteBronnen_ECW;https://www.warmteatlas.nl/geoserver/WarmteAtlas/wfs;2026-06-23T13:53:17;
93952;444400;W_Gemaal_1053;0.0;GemaalWarmte;0.0;Optie B;0.0;0.0;;;;;GM1621;;;;GM1621;;;;GM1621;;;False;False;False;51.98463922478381;4.498512525193363;WarmteAtlas:LT_WarmteBronnen_ECW;https://www.warmteatlas.nl/geoserver/WarmteAtlas/wfs;2026-06-23T13:53:17;
89452;443700;W_Gemaal_1063;0.0;GemaalWarmte;0.0;Optie B;0.0;0.0;;;;;GM1621;;;;GM1621;;;;GM1621;;;False;False;False;51.97783525232814;4.43314713092002;WarmteAtlas:LT_WarmteBronnen_ECW;https://www.warmteatlas.nl/geoserver/WarmteAtlas/wfs;2026-06-23T13:53:17;
89252;443600;W_Gemaal_1065;0.0;GemaalWarmte;0.0;Optie B;0.0;0.0;;;;;GM1621;;;;GM1621;;;;GM1621;;;False;False;False;51.97691289602934;4.430255673550286;WarmteAtlas:LT_WarmteBronnen_ECW;https://www.warmteatlas.nl/geoserver/WarmteAtlas/wfs;2026-06-23T13:53:17;
90652;443100;W_Gemaal_1072;0.0;GemaalWarmte;0.0;Optie B;0.0;0.0;;;;;GM1621;;;;GM1621;;;;GM1621;;;False;False;False;51.97258325717583;4.450723518782358;WarmteAtlas:LT_WarmteBronnen_ECW;https://www.warmteatlas.nl/geoserver/WarmteAtlas/wfs;2026-06-23T13:53:17;
98352;451100;W_Gemaal_975;0.0;GemaalWarmte;0.0;Optie B;0.0;0.0;;;;;GM1621;;;;GM1621;;;;GM1621;;;False;False;False;52.04532091617115;4.561449082387713;WarmteAtlas:LT_WarmteBronnen_ECW;https://www.warmteatlas.nl/geoserver/WarmteAtlas/wfs;2026-06-23T13:53:17;
98052;449400;W_Gemaal_988;0.0;GemaalWarmte;0.0;Optie B;0.0;0.0;;;;;GM1621;;;;GM1621;;;;GM1621;;;False;False;False;52.030011711457746;4.557359571888859;WarmteAtlas:LT_WarmteBronnen_ECW;https://www.warmteatlas.nl/geoserver/WarmteAtlas/wfs;2026-06-23T13:53:17;
94052;460800;W_Gemaal_894;0.0;GemaalWarmte;0.0;Optie B;0.0;0.0;;;;;GM0546;;;;GM0546;;;;GM0546;;;False;False;False;52.13204013423214;4.4970416914453955;WarmteAtlas:LT_WarmteBronnen_ECW;https://www.warmteatlas.nl/geoserver/WarmteAtlas/wfs;2026-06-23T13:53:17;
92852;456600;W_Gemaal_921;0.0;GemaalWarmte;0.0;Optie B;0.0;0.0;;;;;GM1916;;;;GM1916;;;;GM1916;;;False;False;False;52.09416083948085;4.4802838088907535;WarmteAtlas:LT_WarmteBronnen_ECW;https://www.warmteatlas.nl/geoserver/WarmteAtlas/wfs;2026-06-23T13:53:17;
157252;501700;W_Gemaal_655;0.0;GemaalWarmte;0.0;Optie B;0.0;0.0;;;;;GM0995;;;;GM0995;;;;GM0995;;;False;False;False;52.50298905640794;5.420371139122588;WarmteAtlas:LT_WarmteBronnen_ECW;https://www.warmteatlas.nl/geoserver/WarmteAtlas/wfs;2026-06-23T13:53:17;
188652;369500;W_Gemaal_1480;0.0;GemaalWarmte;0.0;Optie B;0.0;0.0;;;;;GM1640;;;;GM1640;;;;GM1640;;;False;False;False;51.3137547519413;5.869871504115105;WarmteAtlas:LT_WarmteBronnen_ECW;https://www.warmteatlas.nl/geoserver/WarmteAtlas/wfs;2026-06-23T13:53:17;
187280;354554;W_Gemaal_1599;0.0;GemaalWarmte;0.0;Optie B;0.0;0.0;;;;;GM1640;;;;GM1640;;;;GM1640;;;False;False;False;51.179492241214604;5.84883750919215;WarmteAtlas:LT_WarmteBronnen_ECW;https://www.warmteatlas.nl/geoserver/WarmteAtlas/wfs;2026-06-23T13:53:17;
195819;358525;W_Gemaal_1631;0.0;GemaalWarmte;0.0;Optie B;0.0;0.0;;;;;GM1640;;;;GM1640;;;;GM1640;;;False;False;False;51.21463570427559;5.9714030910894715;WarmteAtlas:LT_WarmteBronnen_ECW;https://www.warmteatlas.nl/geoserver/WarmteAtlas/wfs;2026-06-23T13:53:17;
196252;434200;W_Gemaal_1149;0.0;GemaalWarmte;0.0;Optie B;0.0;0.0;;;;;GM1705;;;;GM1705;;;;GM1705;;;False;False;False;51.89478522469281;5.986511837558332;WarmteAtlas:LT_WarmteBronnen_ECW;https://www.warmteatlas.nl/geoserver/WarmteAtlas/wfs;2026-06-23T13:53:17;
189052;431700;W_Gemaal_1175;0.0;GemaalWarmte;0.0;Optie B;0.0;0.0;;;;;GM1705;;;;GM1705;;;;GM1705;;;False;False;False;51.8728023566462;5.881667171427093;WarmteAtlas:LT_WarmteBronnen_ECW;https://www.warmteatlas.nl/geoserver/WarmteAtlas/wfs;2026-06-23T13:53:17;
190064;432677;W_Gemaal_1491;0.0;GemaalWarmte;0.0;Optie B;0.0;0.0;;;;;GM1705;;;;GM1705;;;;GM1705;;;False;False;False;51.88152083412952;5.896461165393852;WarmteAtlas:LT_WarmteBronnen_ECW;https://www.warmteatlas.nl/geoserver/WarmteAtlas/wfs;2026-06-23T13:53:17;
98852;473300;W_Gemaal_815;0.0;GemaalWarmte;0.0;Optie B;0.0;0.0;;;;;GM0553;;;;GM0553;;;;GM0553;;;False;False;False;52.24488746176394;4.565071156048933;WarmteAtlas:LT_WarmteBronnen_ECW;https://www.warmteatlas.nl/geoserver/WarmteAtlas/wfs;2026-06-23T13:53:17;
97952;471700;W_Gemaal_822;0.0;GemaalWarmte;0.0;Optie B;0.0;0.0;;;;;GM0553;;;;GM0553;;;;GM0553;;;False;False;False;52.23041580160286;4.552164179218853;WarmteAtlas:LT_WarmteBronnen_ECW;https://www.warmteatlas.nl/geoserver/WarmteAtlas/wfs;2026-06-23T13:53:17;
226369;464709;W_Gemaal_1544;0.0;GemaalWarmte;0.0;Optie B;0.0;0.0;;;;;GM0262;;;;GM0262;;;;GM0262;;;False;False;False;52.165919454298;6.4303651005739715;WarmteAtlas:LT_WarmteBronnen_ECW;https://www.warmteatlas.nl/geoserver/WarmteAtlas/wfs;2026-06-23T13:53:17;
226444;464638;W_Gemaal_1546;0.0;GemaalWarmte;0.0;Optie B;0.0;0.0;;;;;GM0262;;;;GM0262;;;;GM0262;;;False;False;False;52.16527170014242;6.431446222032781;WarmteAtlas:LT_WarmteBronnen_ECW;https://www.warmteatlas.nl/geoserver/WarmteAtlas/wfs;2026-06-23T13:53:17;
212951;463820;W_Gemaal_1581;0.0;GemaalWarmte;0.0;Optie B;0.0;0.0;;;;;GM0262;;;;GM0262;;;;GM0262;;;False;False;False;52.15950117778099;6.234112742480598;WarmteAtlas:LT_WarmteBronnen_ECW;https://www.warmteatlas.nl/geoserver/WarmteAtlas/wfs;2026-06-23T13:53:17;
212938;463860;W_Gemaal_1584;0.0;GemaalWarmte;0.0;Optie B;0.0;0.0;;;;;GM0262;;;;GM0262;;;;GM0262;;;False;False;False;52.15986202667148;6.233929600516845;WarmteAtlas:LT_WarmteBronnen_ECW;https://www.warmteatlas.nl/geoserver/WarmteAtlas/wfs;2026-06-23T13:53:17;
212944;463818;W_Gemaal_1585;0.0;GemaalWarmte;0.0;Optie B;0.0;0.0;;;;;GM0262;;;;GM0262;;;;GM0262;;;False;False;False;52.159483938015285;6.234010112383922;WarmteAtlas:LT_WarmteBronnen_ECW;https://www.warmteatlas.nl/geoserver/WarmteAtlas/wfs;2026-06-23T13:53:17;
212959;463785;W_Gemaal_1586;0.0;GemaalWarmte;0.0;Optie B;0.0;0.0;;;;;GM0262;;;;GM0262;;;;GM0262;;;False;False;False;52.15918578895768;6.2342236717666175;WarmteAtlas:LT_WarmteBronnen_ECW;https://www.warmteatlas.nl/geoserver/WarmteAtlas/wfs;2026-06-23T13:53:17;
223652;461200;W_Gemaal_893;0.0;GemaalWarmte;0.0;Optie B;0.0;0.0;;;;;GM0262;;;;GM0262;;;;GM0262;;;False;False;False;52.1347291994236;6.389949263833299;WarmteAtlas:LT_WarmteBronnen_ECW;https://www.warmteatlas.nl/geoserver/WarmteAtlas/wfs;2026-06-23T13:53:17;
129352;403900;W_Gemaal_1384;0.0;GemaalWarmte;0.0;Optie B;0.0;0.0;;;;;GM0809;;;;GM0809;;;;GM0809;;;False;False;False;51.623379738904354;5.0168224086563935;WarmteAtlas:LT_WarmteBronnen_ECW;https://www.warmteatlas.nl/geoserver/WarmteAtlas/wfs;2026-06-23T13:53:17;
121952;445400;W_Gemaal_1039;0.0;GemaalWarmte;0.0;Optie B;0.0;0.0;;;;;GM0331;;;;GM0331;;;;GM0331;;;False;False;False;51.99599945568227;4.905999280028251;WarmteAtlas:LT_WarmteBronnen_ECW;https://www.warmteatlas.nl/geoserver/WarmteAtlas/wfs;2026-06-23T13:53:17;
122752;442900;W_Gemaal_1073;0.0;GemaalWarmte;0.0;Optie B;0.0;0.0;;;;;GM0331;;;;GM0331;;;;GM0331;;;False;False;False;51.973576690596296;4.917882606942316;WarmteAtlas:LT_WarmteBronnen_ECW;https://www.warmteatlas.nl/geoserver/WarmteAtlas/wfs;2026-06-23T13:53:17;
123552;441400;W_Gemaal_1086;0.0;GemaalWarmte;0.0;Optie B;0.0;0.0;;;;;GM0331;;;;GM0331;;;;GM0331;;;False;False;False;51.96014061341163;4.92966245816771;WarmteAtlas:LT_WarmteBronnen_ECW;https://www.warmteatlas.nl/geoserver/WarmteAtlas/wfs;2026-06-23T13:53:17;
123552;441400;W_Gemaal_1087;0.0;GemaalWarmte;0.0;Optie B;0.0;0.0;;;;;GM0331;;;;GM0331;;;;GM0331;;;False;False;False;51.96014061341163;4.92966245816771;WarmteAtlas:LT_WarmteBronnen_ECW;https://www.warmteatlas.nl/geoserver/WarmteAtlas/wfs;2026-06-23T13:53:17;
121125;439272;W_Gemaal_1627;0.0;GemaalWarmte;0.0;Optie B;0.0;0.0;;;;;GM0331;;;;GM0331;;;;GM0331;;;False;False;False;51.94087163959583;4.894562828463296;WarmteAtlas:LT_WarmteBronnen_ECW;https://www.warmteatlas.nl/geoserver/WarmteAtlas/wfs;2026-06-23T13:53:17;
238852;597500;W_Gemaal_156;0.0;GemaalWarmte;0.0;Optie B;0.0;0.0;;;;;GM1979;;;;GM1979;;;;GM1979;;;False;False;False;53.35728570441751;6.646613772195846;WarmteAtlas:LT_WarmteBronnen_ECW;https://www.warmteatlas.nl/geoserver/WarmteAtlas/wfs;2026-06-23T13:53:17;
236252;595200;W_Gemaal_162;0.0;GemaalWarmte;0.0;Optie B;0.0;0.0;;;;;GM1979;;;;GM1979;;;;GM1979;;;False;False;False;53.33702619998951;6.60698660346079;WarmteAtlas:LT_WarmteBronnen_ECW;https://www.warmteatlas.nl/geoserver/WarmteAtlas/wfs;2026-06-23T13:53:17;
244552;594600;W_Gemaal_166;0.0;GemaalWarmte;0.0;Optie B;0.0;0.0;;;;;GM1979;;;;GM1979;;;;GM1979;;;False;False;False;53.3303078949632;6.731388768368083;WarmteAtlas:LT_WarmteBronnen_ECW;https://www.warmteatlas.nl/geoserver/WarmteAtlas/wfs;2026-06-23T13:53:17;
239652;592600;W_Gemaal_172;0.0;GemaalWarmte;0.0;Optie B;0.0;0.0;;;;;GM1979;;;;GM1979;;;;GM1979;;;False;False;False;53.31314077426853;6.657327791055257;WarmteAtlas:LT_WarmteBronnen_ECW;https://www.warmteatlas.nl/geoserver/WarmteAtlas/wfs;2026-06-23T13:53:17;
248152;591000;W_Gemaal_182;0.0;GemaalWarmte;0.0;Optie B;0.0;0.0;;;;;GM1979;;;;GM1979;;;;GM1979;;;False;False;False;53.29735267309524;6.784361038075401;WarmteAtlas:LT_WarmteBronnen_ECW;https://www.warmteatlas.nl/geoserver/WarmteAtlas/wfs;2026-06-23T13:53:17;
267337;476201;W_Gemaal_53;0.0;GemaalWarmte;0.0;Optie B;0.0;0.0;;;;;GM0168;;;;GM0168;;;;GM0168;;;False;False;False;52.26235955317651;7.032789743664119;WarmteAtlas:LT_WarmteBronnen_ECW;https://www.warmteatlas.nl/geoserver/WarmteAtlas/wfs;2026-06-23T13:53:17;
264552;487900;W_Gemaal_720;0.0;GemaalWarmte;0.0;Optie B;0.0;0.0;;;;;GM0168;;;;GM0168;;;;GM0168;;;False;False;False;52.36803369220735;6.9958121232099515;WarmteAtlas:LT_WarmteBronnen_ECW;https://www.warmteatlas.nl/geoserver/WarmteAtlas/wfs;2026-06-23T13:53:17;
153052;421600;W_Gemaal_1249;0.0;GemaalWarmte;0.0;Optie B;0.0;0.0;;;;;GM0263;;;;GM0263;;;;GM0263;;;False;False;False;51.78305825059476;5.358971924183875;WarmteAtlas:LT_WarmteBronnen_ECW;https://www.warmteatlas.nl/geoserver/WarmteAtlas/wfs;2026-06-23T13:53:17;
141052;419100;W_Gemaal_1271;0.0;GemaalWarmte;0.0;Optie B;0.0;0.0;;;;;GM0263;;;;GM0263;;;;GM0263;;;False;False;False;51.76041677314813;5.185170256918047;WarmteAtlas:LT_WarmteBronnen_ECW;https://www.warmteatlas.nl/geoserver/WarmteAtlas/wfs;2026-06-23T13:53:17;
141052;417500;W_Gemaal_1280;0.0;GemaalWarmte;0.0;Optie B;0.0;0.0;;;;;GM0263;;;;GM0263;;;;GM0263;;;False;False;False;51.7460353522033;5.185234540642569;WarmteAtlas:LT_WarmteBronnen_ECW;https://www.warmteatlas.nl/geoserver/WarmteAtlas/wfs;2026-06-23T13:53:17;
146652;417200;W_Gemaal_1282;0.0;GemaalWarmte;0.0;Optie B;0.0;0.0;;;;;GM0263;;;;GM0263;;;;GM0263;;;False;False;False;51.74345038802724;5.266329690438562;WarmteAtlas:LT_WarmteBronnen_ECW;https://www.warmteatlas.nl/geoserver/WarmteAtlas/wfs;2026-06-23T13:53:17;
149826;425099;W_Gemaal_1497;0.0;GemaalWarmte;0.0;Optie B;0.0;0.0;;;;;GM0263;;;;GM0263;;;;GM0263;;;False;False;False;51.81448808807566;5.31216888515999;WarmteAtlas:LT_WarmteBronnen_ECW;https://www.warmteatlas.nl/geoserver/WarmteAtlas/wfs;2026-06-23T13:53:17;
148437;425479;W_Gemaal_1501;0.0;GemaalWarmte;0.0;Optie B;0.0;0.0;;;;;GM0263;;;;GM0263;;;;GM0263;;;False;False;False;51.81788908199791;5.292018423573436;WarmteAtlas:LT_WarmteBronnen_ECW;https://www.warmteatlas.nl/geoserver/WarmteAtlas/wfs;2026-06-23T13:53:17;
187198;351512;W_Gemaal_138;0.0;GemaalWarmte;0.0;Optie B;0.0;0.0;;;;;GM1641;;;;GM1641;;;;GM1641;;;False;False;False;51.15215374188923;5.84739068976126;WarmteAtlas:LT_WarmteBronnen_ECW;https://www.warmteatlas.nl/geoserver/WarmteAtlas/wfs;2026-06-23T13:53:17;
190763;355976;W_Gemaal_140;0.0;GemaalWarmte;0.0;Optie B;0.0;0.0;;;;;GM1641;;;;GM1641;;;;GM1641;;;False;False;False;51.192065244527335;5.898788724781435;WarmteAtlas:LT_WarmteBronnen_ECW;https://www.warmteatlas.nl/geoserver/WarmteAtlas/wfs;2026-06-23T13:53:17;
188907;354954;W_Gemaal_1511;0.0;GemaalWarmte;0.0;Optie B;0.0;0.0;;;;;GM1641;;;;GM1641;;;;GM1641;;;False;False;False;51.18299285133009;5.872142520651345;WarmteAtlas:LT_WarmteBronnen_ECW;https://www.warmteatlas.nl/geoserver/WarmteAtlas/wfs;2026-06-23T13:53:17;
187304;347923;W_Gemaal_1512;0.0;GemaalWarmte;0.0;Optie B;0.0;0.0;;;;;GM1641;;;;GM1641;;;;GM1641;;;False;False;False;51.11988782595761;5.848581602847409;WarmteAtlas:LT_WarmteBronnen_ECW;https://www.warmteatlas.nl/geoserver/WarmteAtlas/wfs;2026-06-23T13:53:17;
187198;351512;W_Gemaal_1513;0.0;GemaalWarmte;0.0;Optie B;0.0;0.0;;;;;GM1641;;;;GM1641;;;;GM1641;;;False;False;False;51.15215374188923;5.84739068976126;WarmteAtlas:LT_WarmteBronnen_ECW;https://www.warmteatlas.nl/geoserver/WarmteAtlas/wfs;2026-06-23T13:53:17;
188990;352104;W_Gemaal_1514;0.0;GemaalWarmte;0.0;Optie B;0.0;0.0;;;;;GM1641;;;;GM1641;;;;GM1641;;;False;False;False;51.15737061592358;5.873058341574688;WarmteAtlas:LT_WarmteBronnen_ECW;https://www.warmteatlas.nl/geoserver/WarmteAtlas/wfs;2026-06-23T13:53:17;
190763;355976;W_Gemaal_1515;0.0;GemaalWarmte;0.0;Optie B;0.0;0.0;;;;;GM1641;;;;GM1641;;;;GM1641;;;False;False;False;51.192065244527335;5.898788724781435;WarmteAtlas:LT_WarmteBronnen_ECW;https://www.warmteatlas.nl/geoserver/WarmteAtlas/wfs;2026-06-23T13:53:17;
190803;352343;W_Gemaal_1518;0.0;GemaalWarmte;0.0;Optie B;0.0;0.0;;;;;GM1641;;;;GM1641;;;;GM1641;;;False;False;False;51.159407549104095;5.898996636695349;WarmteAtlas:LT_WarmteBronnen_ECW;https://www.warmteatlas.nl/geoserver/WarmteAtlas/wfs;2026-06-23T13:53:17;
187064;347771;W_Gemaal_1526;0.0;GemaalWarmte;0.0;Optie B;0.0;0.0;;;;;GM1641;;;;GM1641;;;;GM1641;;;False;False;False;51.11853514180604;5.845140296926836;WarmteAtlas:LT_WarmteBronnen_ECW;https://www.warmteatlas.nl/geoserver/WarmteAtlas/wfs;2026-06-23T13:53:17;
188755;353673;W_Gemaal_1564;0.0;GemaalWarmte;0.0;Optie B;0.0;0.0;;;;;GM1641;;;;GM1641;;;;GM1641;;;False;False;False;51.17148761249181;5.86984756443813;WarmteAtlas:LT_WarmteBronnen_ECW;https://www.warmteatlas.nl/geoserver/WarmteAtlas/wfs;2026-06-23T13:53:17;
192271;354552;W_Gemaal_1567;0.0;GemaalWarmte;0.0;Optie B;0.0;0.0;;;;;GM1641;;;;GM1641;;;;GM1641;;;False;False;False;51.17916869240884;5.920211048961561;WarmteAtlas:LT_WarmteBronnen_ECW;https://www.warmteatlas.nl/geoserver/WarmteAtlas/wfs;2026-06-23T13:53:17;
189513;350394;W_Gemaal_1594;0.0;GemaalWarmte;0.0;Optie B;0.0;0.0;;;;;GM1641;;;;GM1641;;;;GM1641;;;False;False;False;51.14196874007007;5.880368863517068;WarmteAtlas:LT_WarmteBronnen_ECW;https://www.warmteatlas.nl/geoserver/WarmteAtlas/wfs;2026-06-23T13:53:17;
188107;354083;W_Gemaal_1598;0.0;GemaalWarmte;0.0;Optie B;0.0;0.0;;;;;GM1641;;;;GM1641;;;;GM1641;;;False;False;False;51.17521104142966;5.860620415936502;WarmteAtlas:LT_WarmteBronnen_ECW;https://www.warmteatlas.nl/geoserver/WarmteAtlas/wfs;2026-06-23T13:53:17;
189344;353475;W_Gemaal_1607;0.0;GemaalWarmte;0.0;Optie B;0.0;0.0;;;;;GM1641;;;;GM1641;;;;GM1641;;;False;False;False;51.16967258642238;5.878250081385926;WarmteAtlas:LT_WarmteBronnen_ECW;https://www.warmteatlas.nl/geoserver/WarmteAtlas/wfs;2026-06-23T13:53:17;
189372;353460;W_Gemaal_1610;0.0;GemaalWarmte;0.0;Optie B;0.0;0.0;;;;;GM1641;;;;GM1641;;;;GM1641;;;False;False;False;51.16953606550398;5.878648967659131;WarmteAtlas:LT_WarmteBronnen_ECW;https://www.warmteatlas.nl/geoserver/WarmteAtlas/wfs;2026-06-23T13:53:17;
189343;353473;W_Gemaal_1611;0.0;GemaalWarmte;0.0;Optie B;0.0;0.0;;;;;GM1641;;;;GM1641;;;;GM1641;;;False;False;False;51.16965466984614;5.878235591597459;WarmteAtlas:LT_WarmteBronnen_ECW;https://www.warmteatlas.nl/geoserver/WarmteAtlas/wfs;2026-06-23T13:53:17;
187656;347978;W_Gemaal_1633;0.0;GemaalWarmte;0.0;Optie B;0.0;0.0;;;;;GM1641;;;;GM1641;;;;GM1641;;;False;False;False;51.12036210118675;5.853613901143802;WarmteAtlas:LT_WarmteBronnen_ECW;https://www.warmteatlas.nl/geoserver/WarmteAtlas/wfs;2026-06-23T13:53:17;
189384;350393;W_Gemaal_1635;0.0;GemaalWarmte;0.0;Optie B;0.0;0.0;;;;;GM1641;;;;GM1641;;;;GM1641;;;False;False;False;51.14196756693564;5.878525503133654;WarmteAtlas:LT_WarmteBronnen_ECW;https://www.warmteatlas.nl/geoserver/WarmteAtlas/wfs;2026-06-23T13:53:17;
188148;353998;W_Gemaal_1637;0.0;GemaalWarmte;0.0;Optie B;0.0;0.0;;;;;GM1641;;;;GM1641;;;;GM1641;;;False;False;False;51.174444625452224;5.861198794521479;WarmteAtlas:LT_WarmteBronnen_ECW;https://www.warmteatlas.nl/geoserver/WarmteAtlas/wfs;2026-06-23T13:53:17;
192448;353387;W_Gemaal_1646;0.0;GemaalWarmte;0.0;Optie B;0.0;0.0;;;;;GM1641;;;;GM1641;;;;GM1641;;;False;False;False;51.16868549422637;5.922620050644778;WarmteAtlas:LT_WarmteBronnen_ECW;https://www.warmteatlas.nl/geoserver/WarmteAtlas/wfs;2026-06-23T13:53:17;
192444;353301;W_Gemaal_1647;0.0;GemaalWarmte;0.0;Optie B;0.0;0.0;;;;;GM1641;;;;GM1641;;;;GM1641;;;False;False;False;51.167912750127066;5.922553847672729;WarmteAtlas:LT_WarmteBronnen_ECW;https://www.warmteatlas.nl/geoserver/WarmteAtlas/wfs;2026-06-23T13:53:17;
78752;437700;W_Gemaal_1123;0.0;GemaalWarmte;0.0;Optie B;0.0;0.0;;;;;GM0556;;;;GM0556;;;;GM0556;;;False;False;False;51.92254828881915;4.278765787372388;WarmteAtlas:LT_WarmteBronnen_ECW;https://www.warmteatlas.nl/geoserver/WarmteAtlas/wfs;2026-06-23T13:53:17;
77352;436800;W_Gemaal_1130;0.0;GemaalWarmte;0.0;Optie B;0.0;0.0;;;;;GM0556;;;;GM0556;;;;GM0556;;;False;False;False;51.914266476844325;4.258620499460831;WarmteAtlas:LT_WarmteBronnen_ECW;https://www.warmteatlas.nl/geoserver/WarmteAtlas/wfs;2026-06-23T13:53:17;
176088;320044;W_Gemaal_1628;0.0;GemaalWarmte;0.0;Optie B;0.0;0.0;;;;;GM0935;;;;GM0935;;;;GM0935;;;False;False;False;50.869818476114965;5.686759814353381;WarmteAtlas:LT_WarmteBronnen_ECW;https://www.warmteatlas.nl/geoserver/WarmteAtlas/wfs;2026-06-23T13:53:17;
176139;319755;W_Gemaal_1636;0.0;GemaalWarmte;0.0;Optie B;0.0;0.0;;;;;GM0935;;;;GM0935;;;;GM0935;;;False;False;False;50.86721886894634;5.687467423568551;WarmteAtlas:LT_WarmteBronnen_ECW;https://www.warmteatlas.nl/geoserver/WarmteAtlas/wfs;2026-06-23T13:53:17;
176804;319947;W_Gemaal_1645;0.0;GemaalWarmte;0.0;Optie B;0.0;0.0;;;;;GM0935;;;;GM0935;;;;GM0935;;;False;False;False;50.86891977291498;5.696924822135307;WarmteAtlas:LT_WarmteBronnen_ECW;https://www.warmteatlas.nl/geoserver/WarmteAtlas/wfs;2026-06-23T13:53:17;
138752;528000;W_Gemaal_515;0.0;GemaalWarmte;0.0;Optie B;0.0;0.0;;;;;GM0420;;;;GM0420;;;;GM0420;;;False;False;False;52.73911082779409;5.146625836753906;WarmteAtlas:LT_WarmteBronnen_ECW;https://www.warmteatlas.nl/geoserver/WarmteAtlas/wfs;2026-06-23T13:53:17;
131452;527200;W_Gemaal_519;0.0;GemaalWarmte;0.0;Optie B;0.0;0.0;;;;;GM0420;;;;GM0420;;;;GM0420;;;False;False;False;52.73165418818602;5.038595395738088;WarmteAtlas:LT_WarmteBronnen_ECW;https://www.warmteatlas.nl/geoserver/WarmteAtlas/wfs;2026-06-23T13:53:17;
172152;401300;W_Gemaal_1406;0.0;GemaalWarmte;0.0;Optie B;0.0;0.0;;;;;GM1948;;;;GM1948;;;;GM1948;;;False;False;False;51.60033289189224;5.634764820804512;WarmteAtlas:LT_WarmteBronnen_ECW;https://www.warmteatlas.nl/geoserver/WarmteAtlas/wfs;2026-06-23T13:53:17;
158854;406638;W_Gemaal_1569;0.0;GemaalWarmte;0.0;Optie B;0.0;0.0;;;;;GM1948;;;;GM1948;;;;GM1948;;;False;False;False;51.648562820350435;5.4428875082250086;WarmteAtlas:LT_WarmteBronnen_ECW;https://www.warmteatlas.nl/geoserver/WarmteAtlas/wfs;2026-06-23T13:53:17;
204952;529200;W_Gemaal_504;0.0;GemaalWarmte;0.0;Optie B;0.0;0.0;;;;;GM0119;;;;GM0119;;;;GM0119;;;False;False;False;52.747838867497016;6.126987182878838;WarmteAtlas:LT_WarmteBronnen_ECW;https://www.warmteatlas.nl/geoserver/WarmteAtlas/wfs;2026-06-23T13:53:17;
34252;392900;W_Gemaal_1445;0.0;GemaalWarmte;0.0;Optie B;0.0;0.0;;;;;GM0687;;;;GM0687;;;;GM0687;;;False;False;False;51.51213823174054;3.6476549651917707;WarmteAtlas:LT_WarmteBronnen_ECW;https://www.warmteatlas.nl/geoserver/WarmteAtlas/wfs;2026-06-23T13:53:17;
80952;447500;W_Gemaal_1010;0.0;GemaalWarmte;0.0;Optie B;0.0;0.0;;;;;GM1842;;;;GM1842;;;;GM1842;;;False;False;False;52.010917128214196;4.308627653903112;WarmteAtlas:LT_WarmteBronnen_ECW;https://www.warmteatlas.nl/geoserver/WarmteAtlas/wfs;2026-06-23T13:53:17;
81452;447200;W_Gemaal_1014;0.0;GemaalWarmte;0.0;Optie B;0.0;0.0;;;;;GM1842;;;;GM1842;;;;GM1842;;;False;False;False;52.00828757207991;4.3159738178951255;WarmteAtlas:LT_WarmteBronnen_ECW;https://www.warmteatlas.nl/geoserver/WarmteAtlas/wfs;2026-06-23T13:53:17;
81252;447000;W_Gemaal_1017;0.0;GemaalWarmte;0.0;Optie B;0.0;0.0;;;;;GM1842;;;;GM1842;;;;GM1842;;;False;False;False;52.00646365589893;4.313104369902777;WarmteAtlas:LT_WarmteBronnen_ECW;https://www.warmteatlas.nl/geoserver/WarmteAtlas/wfs;2026-06-23T13:53:17;
79252;445400;W_Gemaal_1036;0.0;GemaalWarmte;0.0;Optie B;0.0;0.0;;;;;GM1842;;;;GM1842;;;;GM1842;;;False;False;False;51.9918153812665;4.284334330653224;WarmteAtlas:LT_WarmteBronnen_ECW;https://www.warmteatlas.nl/geoserver/WarmteAtlas/wfs;2026-06-23T13:53:17;
79352;445300;W_Gemaal_1042;0.0;GemaalWarmte;0.0;Optie B;0.0;0.0;;;;;GM1842;;;;GM1842;;;;GM1842;;;False;False;False;51.99093033535957;4.285812115863517;WarmteAtlas:LT_WarmteBronnen_ECW;https://www.warmteatlas.nl/geoserver/WarmteAtlas/wfs;2026-06-23T13:53:17;
81652;444600;W_Gemaal_1048;0.0;GemaalWarmte;0.0;Optie B;0.0;0.0;;;;;GM1842;;;;GM1842;;;;GM1842;;;False;False;False;51.984948141310575;4.319442910140904;WarmteAtlas:LT_WarmteBronnen_ECW;https://www.warmteatlas.nl/geoserver/WarmteAtlas/wfs;2026-06-23T13:53:17;
81552;444100;W_Gemaal_1059;0.0;GemaalWarmte;0.0;Optie B;0.0;0.0;;;;;GM1842;;;;GM1842;;;;GM1842;;;False;False;False;51.98044147212797;4.318094508848936;WarmteAtlas:LT_WarmteBronnen_ECW;https://www.warmteatlas.nl/geoserver/WarmteAtlas/wfs;2026-06-23T13:53:17;
81052;443100;W_Gemaal_1071;0.0;GemaalWarmte;0.0;Optie B;0.0;0.0;;;;;GM1842;;;;GM1842;;;;GM1842;;;False;False;False;51.97138822528425;4.311033323431729;WarmteAtlas:LT_WarmteBronnen_ECW;https://www.warmteatlas.nl/geoserver/WarmteAtlas/wfs;2026-06-23T13:53:17;
86552;442600;W_Gemaal_1074;0.0;GemaalWarmte;0.0;Optie B;0.0;0.0;;;;;GM1842;;;;GM1842;;;;GM1842;;;False;False;False;51.96759963081444;4.391162863374888;WarmteAtlas:LT_WarmteBronnen_ECW;https://www.warmteatlas.nl/geoserver/WarmteAtlas/wfs;2026-06-23T13:53:17;
84452;442500;W_Gemaal_1076;0.0;GemaalWarmte;0.0;Optie B;0.0;0.0;;;;;GM1842;;;;GM1842;;;;GM1842;;;False;False;False;51.96643822646725;4.360629308334298;WarmteAtlas:LT_WarmteBronnen_ECW;https://www.warmteatlas.nl/geoserver/WarmteAtlas/wfs;2026-06-23T13:53:17;
80252;441900;W_Gemaal_1083;0.0;GemaalWarmte;0.0;Optie B;0.0;0.0;;;;;GM1842;;;;GM1842;;;;GM1842;;;False;False;False;51.96049689685693;4.299654240080665;WarmteAtlas:LT_WarmteBronnen_ECW;https://www.warmteatlas.nl/geoserver/WarmteAtlas/wfs;2026-06-23T13:53:17;
79052;441300;W_Gemaal_1089;0.0;GemaalWarmte;0.0;Optie B;0.0;0.0;;;;;GM1842;;;;GM1842;;;;GM1842;;;False;False;False;51.954942068830434;4.2823306032126345;WarmteAtlas:LT_WarmteBronnen_ECW;https://www.warmteatlas.nl/geoserver/WarmteAtlas/wfs;2026-06-23T13:53:17;
81452;441100;W_Gemaal_1091;0.0;GemaalWarmte;0.0;Optie B;0.0;0.0;;;;;GM1842;;;;GM1842;;;;GM1842;;;False;False;False;51.9534674794186;4.3172821185441235;WarmteAtlas:LT_WarmteBronnen_ECW;https://www.warmteatlas.nl/geoserver/WarmteAtlas/wfs;2026-06-23T13:53:17;
77352;440700;W_Gemaal_1093;0.0;GemaalWarmte;0.0;Optie B;0.0;0.0;;;;;GM1842;;;;GM1842;;;;GM1842;;;False;False;False;51.94931507485373;4.2577396353448504;WarmteAtlas:LT_WarmteBronnen_ECW;https://www.warmteatlas.nl/geoserver/WarmteAtlas/wfs;2026-06-23T13:53:17;
81752;440400;W_Gemaal_1095;0.0;GemaalWarmte;0.0;Optie B;0.0;0.0;;;;;GM1842;;;;GM1842;;;;GM1842;;;False;False;False;51.94721623225706;4.321794855325962;WarmteAtlas:LT_WarmteBronnen_ECW;https://www.warmteatlas.nl/geoserver/WarmteAtlas/wfs;2026-06-23T13:53:17;
78452;439900;W_Gemaal_1100;0.0;GemaalWarmte;0.0;Optie B;0.0;0.0;;;;;GM1842;;;;GM1842;;;;GM1842;;;False;False;False;51.942278177174686;4.2739155209307595;WarmteAtlas:LT_WarmteBronnen_ECW;https://www.warmteatlas.nl/geoserver/WarmteAtlas/wfs;2026-06-23T13:53:17;
78452;439800;W_Gemaal_1101;0.0;GemaalWarmte;0.0;Optie B;0.0;0.0;;;;;GM1842;;;;GM1842;;;;GM1842;;;False;False;False;51.94137949249321;4.273937798667549;WarmteAtlas:LT_WarmteBronnen_ECW;https://www.warmteatlas.nl/geoserver/WarmteAtlas/wfs;2026-06-23T13:53:17;
229152;557000;W_Gemaal_385;0.0;GemaalWarmte;0.0;Optie B;0.0;0.0;;;;;GM1731;;;;GM1731;;;;GM1731;;;False;False;False;52.99485957345894;6.491629942051532;WarmteAtlas:LT_WarmteBronnen_ECW;https://www.warmteatlas.nl/geoserver/WarmteAtlas/wfs;2026-06-23T13:53:17;
227552;556800;W_Gemaal_387;0.0;GemaalWarmte;0.0;Optie B;0.0;0.0;;;;;GM1731;;;;GM1731;;;;GM1731;;;False;False;False;52.993280349931055;6.467758983795817;WarmteAtlas:LT_WarmteBronnen_ECW;https://www.warmteatlas.nl/geoserver/WarmteAtlas/wfs;2026-06-23T13:53:17;
225252;550200;W_Gemaal_412;0.0;GemaalWarmte;0.0;Optie B;0.0;0.0;;;;;GM1731;;;;GM1731;;;;GM1731;;;False;False;False;52.934283853386546;6.432086088428868;WarmteAtlas:LT_WarmteBronnen_ECW;https://www.warmteatlas.nl/geoserver/WarmteAtlas/wfs;2026-06-23T13:53:17;
225052;547700;W_Gemaal_426;0.0;GemaalWarmte;0.0;Optie B;0.0;0.0;;;;;GM1731;;;;GM1731;;;;GM1731;;;False;False;False;52.9118469819498;6.428575396806573;WarmteAtlas:LT_WarmteBronnen_ECW;https://www.warmteatlas.nl/geoserver/WarmteAtlas/wfs;2026-06-23T13:53:17;
234852;545200;W_Gemaal_432;0.0;GemaalWarmte;0.0;Optie B;0.0;0.0;;;;;GM1731;;;;GM1731;;;;GM1731;;;False;False;False;52.88802542882665;6.573619778526154;WarmteAtlas:LT_WarmteBronnen_ECW;https://www.warmteatlas.nl/geoserver/WarmteAtlas/wfs;2026-06-23T13:53:17;
240752;541500;W_Gemaal_455;0.0;GemaalWarmte;0.0;Optie B;0.0;0.0;;;;;GM1731;;;;GM1731;;;;GM1731;;;False;False;False;52.853878610021965;6.6602905223789985;WarmteAtlas:LT_WarmteBronnen_ECW;https://www.warmteatlas.nl/geoserver/WarmteAtlas/wfs;2026-06-23T13:53:17;
231552;540000;W_Gemaal_464;0.0;GemaalWarmte;0.0;Optie B;0.0;0.0;;;;;GM1731;;;;GM1731;;;;GM1731;;;False;False;False;52.84178042367544;6.523383280805706;WarmteAtlas:LT_WarmteBronnen_ECW;https://www.warmteatlas.nl/geoserver/WarmteAtlas/wfs;2026-06-23T13:53:17;
253146;578582;W_Gemaal_10;0.0;GemaalWarmte;0.0;Optie B;0.0;0.0;;;;;GM1952;;;;GM1952;;;;GM1952;;;False;False;False;53.184906998457706;6.855444393269986;WarmteAtlas:LT_WarmteBronnen_ECW;https://www.warmteatlas.nl/geoserver/WarmteAtlas/wfs;2026-06-23T13:53:17;
251952;589700;W_Gemaal_192;0.0;GemaalWarmte;0.0;Optie B;0.0;0.0;;;;;GM1952;;;;GM1952;;;;GM1952;;;False;False;False;53.28499872874498;6.840944802746682;WarmteAtlas:LT_WarmteBronnen_ECW;https://www.warmteatlas.nl/geoserver/WarmteAtlas/wfs;2026-06-23T13:53:17;
254952;589200;W_Gemaal_194;0.0;GemaalWarmte;0.0;Optie B;0.0;0.0;;;;;GM1952;;;;GM1952;;;;GM1952;;;False;False;False;53.27995465868026;6.885757324083661;WarmteAtlas:LT_WarmteBronnen_ECW;https://www.warmteatlas.nl/geoserver/WarmteAtlas/wfs;2026-06-23T13:53:17;
251257;588282;W_Gemaal_2;0.0;GemaalWarmte;0.0;Optie B;0.0;0.0;;;;;GM1952;;;;GM1952;;;;GM1952;;;False;False;False;53.272386427773164;6.830100862972739;WarmteAtlas:LT_WarmteBronnen_ECW;https://www.warmteatlas.nl/geoserver/WarmteAtlas/wfs;2026-06-23T13:53:17;
248952;587200;W_Gemaal_202;0.0;GemaalWarmte;0.0;Optie B;0.0;0.0;;;;;GM1952;;;;GM1952;;;;GM1952;;;False;False;False;53.26307667749422;6.795241988284457;WarmteAtlas:LT_WarmteBronnen_ECW;https://www.warmteatlas.nl/geoserver/WarmteAtlas/wfs;2026-06-23T13:53:17;
247352;586300;W_Gemaal_207;0.0;GemaalWarmte;0.0;Optie B;0.0;0.0;;;;;GM1952;;;;GM1952;;;;GM1952;;;False;False;False;53.25527043955486;6.771010853452858;WarmteAtlas:LT_WarmteBronnen_ECW;https://www.warmteatlas.nl/geoserver/WarmteAtlas/wfs;2026-06-23T13:53:17;
253452;584500;W_Gemaal_215;0.0;GemaalWarmte;0.0;Optie B;0.0;0.0;;;;;GM1952;;;;GM1952;;;;GM1952;;;False;False;False;53.23801304106627;6.861832741968;WarmteAtlas:LT_WarmteBronnen_ECW;https://www.warmteatlas.nl/geoserver/WarmteAtlas/wfs;2026-06-23T13:53:17;
245452;581700;W_Gemaal_236;0.0;GemaalWarmte;0.0;Optie B;0.0;0.0;;;;;GM1952;;;;GM1952;;;;GM1952;;;False;False;False;53.21427130960793;6.741253284500356;WarmteAtlas:LT_WarmteBronnen_ECW;https://www.warmteatlas.nl/geoserver/WarmteAtlas/wfs;2026-06-23T13:53:17;
256252;579500;W_Gemaal_253;0.0;GemaalWarmte;0.0;Optie B;0.0;0.0;;;;;GM1952;;;;GM1952;;;;GM1952;;;False;False;False;53.19257573230927;6.9021825865670134;WarmteAtlas:LT_WarmteBronnen_ECW;https://www.warmteatlas.nl/geoserver/WarmteAtlas/wfs;2026-06-23T13:53:17;
243052;576400;W_Gemaal_273;0.0;GemaalWarmte;0.0;Optie B;0.0;0.0;;;;;GM1952;;;;GM1952;;;;GM1952;;;False;False;False;53.167057802813765;6.703885228038424;WarmteAtlas:LT_WarmteBronnen_ECW;https://www.warmteatlas.nl/geoserver/WarmteAtlas/wfs;2026-06-23T13:53:17;
253752;575100;W_Gemaal_283;0.0;GemaalWarmte;0.0;Optie B;0.0;0.0;;;;;GM1952;;;;GM1952;;;;GM1952;;;False;False;False;53.1535160398714;6.863440014318686;WarmteAtlas:LT_WarmteBronnen_ECW;https://www.warmteatlas.nl/geoserver/WarmteAtlas/wfs;2026-06-23T13:53:17;
249352;574200;W_Gemaal_290;0.0;GemaalWarmte;0.0;Optie B;0.0;0.0;;;;;GM1952;;;;GM1952;;;;GM1952;;;False;False;False;53.14622273282883;6.797421341084563;WarmteAtlas:LT_WarmteBronnen_ECW;https://www.warmteatlas.nl/geoserver/WarmteAtlas/wfs;2026-06-23T13:53:17;
246852;573400;W_Gemaal_302;0.0;GemaalWarmte;0.0;Optie B;0.0;0.0;;;;;GM1952;;;;GM1952;;;;GM1952;;;False;False;False;53.13946956132442;6.75983834899866;WarmteAtlas:LT_WarmteBronnen_ECW;https://www.warmteatlas.nl/geoserver/WarmteAtlas/wfs;2026-06-23T13:53:17;
256052;573000;W_Gemaal_305;0.0;GemaalWarmte;0.0;Optie B;0.0;0.0;;;;;GM1952;;;;GM1952;;;;GM1952;;;False;False;False;53.134223033268476;6.897153401610255;WarmteAtlas:LT_WarmteBronnen_ECW;https://www.warmteatlas.nl/geoserver/WarmteAtlas/wfs;2026-06-23T13:53:17;
244252;572500;W_Gemaal_308;0.0;GemaalWarmte;0.0;Optie B;0.0;0.0;;;;;GM1952;;;;GM1952;;;;GM1952;;;False;False;False;53.131822809907725;6.720745568579174;WarmteAtlas:LT_WarmteBronnen_ECW;https://www.warmteatlas.nl/geoserver/WarmteAtlas/wfs;2026-06-23T13:53:17;
249152;568100;W_Gemaal_338;0.0;GemaalWarmte;0.0;Optie B;0.0;0.0;;;;;GM1952;;;;GM1952;;;;GM1952;;;False;False;False;53.09145780794477;6.792655380449499;WarmteAtlas:LT_WarmteBronnen_ECW;https://www.warmteatlas.nl/geoserver/WarmteAtlas/wfs;2026-06-23T13:53:17;
102452;413500;W_Gemaal_1316;0.0;GemaalWarmte;0.0;Optie B;0.0;0.0;;;;;GM1709;;;;GM1709;;;;GM1709;;;False;False;False;51.707789174042986;4.626940044262522;WarmteAtlas:LT_WarmteBronnen_ECW;https://www.warmteatlas.nl/geoserver/WarmteAtlas/wfs;2026-06-23T13:53:17;
102552;412600;W_Gemaal_1318;0.0;GemaalWarmte;0.0;Optie B;0.0;0.0;;;;;GM1709;;;;GM1709;;;;GM1709;;;False;False;False;51.69970949492237;4.628522423186283;WarmteAtlas:LT_WarmteBronnen_ECW;https://www.warmteatlas.nl/geoserver/WarmteAtlas/wfs;2026-06-23T13:53:17;
95552;410600;W_Gemaal_1336;0.0;GemaalWarmte;0.0;Optie B;0.0;0.0;;;;;GM1709;;;;GM1709;;;;GM1709;;;False;False;False;51.68103466042917;4.527616686387354;WarmteAtlas:LT_WarmteBronnen_ECW;https://www.warmteatlas.nl/geoserver/WarmteAtlas/wfs;2026-06-23T13:53:17;
93152;410400;W_Gemaal_1337;0.0;GemaalWarmte;0.0;Optie B;0.0;0.0;;;;;GM1709;;;;GM1709;;;;GM1709;;;False;False;False;51.67897730100523;4.49295348730377;WarmteAtlas:LT_WarmteBronnen_ECW;https://www.warmteatlas.nl/geoserver/WarmteAtlas/wfs;2026-06-23T13:53:17;
101752;410300;W_Gemaal_1338;0.0;GemaalWarmte;0.0;Optie B;0.0;0.0;;;;;GM1709;;;;GM1709;;;;GM1709;;;False;False;False;51.67896196021113;4.617302953814859;WarmteAtlas:LT_WarmteBronnen_ECW;https://www.warmteatlas.nl/geoserver/WarmteAtlas/wfs;2026-06-23T13:53:17;
106152;409600;W_Gemaal_1341;0.0;GemaalWarmte;0.0;Optie B;0.0;0.0;;;;;GM1709;;;;GM1709;;;;GM1709;;;False;False;False;51.67307132444003;4.681014746654881;WarmteAtlas:LT_WarmteBronnen_ECW;https://www.warmteatlas.nl/geoserver/WarmteAtlas/wfs;2026-06-23T13:53:17;
101352;409100;W_Gemaal_1346;0.0;GemaalWarmte;0.0;Optie B;0.0;0.0;;;;;GM1709;;;;GM1709;;;;GM1709;;;False;False;False;51.66813838954715;4.611704757743848;WarmteAtlas:LT_WarmteBronnen_ECW;https://www.warmteatlas.nl/geoserver/WarmteAtlas/wfs;2026-06-23T13:53:17;
96052;408300;W_Gemaal_1354;0.0;GemaalWarmte;0.0;Optie B;0.0;0.0;;;;;GM1709;;;;GM1709;;;;GM1709;;;False;False;False;51.6604157777831;4.535234776865015;WarmteAtlas:LT_WarmteBronnen_ECW;https://www.warmteatlas.nl/geoserver/WarmteAtlas/wfs;2026-06-23T13:53:17;
101852;407900;W_Gemaal_1357;0.0;GemaalWarmte;0.0;Optie B;0.0;0.0;;;;;GM1709;;;;GM1709;;;;GM1709;;;False;False;False;51.657400597305944;4.619114749465427;WarmteAtlas:LT_WarmteBronnen_ECW;https://www.warmteatlas.nl/geoserver/WarmteAtlas/wfs;2026-06-23T13:53:17;
106952;407800;W_Gemaal_1358;0.0;GemaalWarmte;0.0;Optie B;0.0;0.0;;;;;GM1709;;;;GM1709;;;;GM1709;;;False;False;False;51.65696213093421;4.692827536392729;WarmteAtlas:LT_WarmteBronnen_ECW;https://www.warmteatlas.nl/geoserver/WarmteAtlas/wfs;2026-06-23T13:53:17;
100552;406200;W_Gemaal_1369;0.0;GemaalWarmte;0.0;Optie B;0.0;0.0;;;;;GM1709;;;;GM1709;;;;GM1709;;;False;False;False;51.641996504979616;4.60059438653187;WarmteAtlas:LT_WarmteBronnen_ECW;https://www.warmteatlas.nl/geoserver/WarmteAtlas/wfs;2026-06-23T13:53:17;
105352;406000;W_Gemaal_1371;0.0;GemaalWarmte;0.0;Optie B;0.0;0.0;;;;;GM1709;;;;GM1709;;;;GM1709;;;False;False;False;51.640644386549724;4.669962751243954;WarmteAtlas:LT_WarmteBronnen_ECW;https://www.warmteatlas.nl/geoserver/WarmteAtlas/wfs;2026-06-23T13:53:17;
99552;405700;W_Gemaal_1372;0.0;GemaalWarmte;0.0;Optie B;0.0;0.0;;;;;GM1709;;;;GM1709;;;;GM1709;;;False;False;False;51.63740461395535;4.586228219338454;WarmteAtlas:LT_WarmteBronnen_ECW;https://www.warmteatlas.nl/geoserver/WarmteAtlas/wfs;2026-06-23T13:53:17;
88452;405100;W_Gemaal_1375;0.0;GemaalWarmte;0.0;Optie B;0.0;0.0;;;;;GM1709;;;;GM1709;;;;GM1709;;;False;False;False;51.63080495818751;4.42601739689461;WarmteAtlas:LT_WarmteBronnen_ECW;https://www.warmteatlas.nl/geoserver/WarmteAtlas/wfs;2026-06-23T13:53:17;
86950;411993;W_Gemaal_1608;0.0;GemaalWarmte;0.0;Optie B;0.0;0.0;;;;;GM1709;;;;GM1709;;;;GM1709;;;False;False;False;51.692575228141145;4.402980621935341;WarmteAtlas:LT_WarmteBronnen_ECW;https://www.warmteatlas.nl/geoserver/WarmteAtlas/wfs;2026-06-23T13:53:17;
115952;437100;W_Gemaal_1128;0.0;GemaalWarmte;0.0;Optie B;0.0;0.0;;;;;GM1978;;;;GM1978;;;;GM1978;;;False;False;False;51.9210107647799;4.819582490890064;WarmteAtlas:LT_WarmteBronnen_ECW;https://www.warmteatlas.nl/geoserver/WarmteAtlas/wfs;2026-06-23T13:53:17;
120152;436300;W_Gemaal_1132;0.0;GemaalWarmte;0.0;Optie B;0.0;0.0;;;;;GM1978;;;;GM1978;;;;GM1978;;;False;False;False;51.914099309073485;4.88071427962065;WarmteAtlas:LT_WarmteBronnen_ECW;https://www.warmteatlas.nl/geoserver/WarmteAtlas/wfs;2026-06-23T13:53:17;
117252;435400;W_Gemaal_1140;0.0;GemaalWarmte;0.0;Optie B;0.0;0.0;;;;;GM1978;;;;GM1978;;;;GM1978;;;False;False;False;51.90582101524147;4.838665526236031;WarmteAtlas:LT_WarmteBronnen_ECW;https://www.warmteatlas.nl/geoserver/WarmteAtlas/wfs;2026-06-23T13:53:17;
120552;435200;W_Gemaal_1142;0.0;GemaalWarmte;0.0;Optie B;0.0;0.0;;;;;GM1978;;;;GM1978;;;;GM1978;;;False;False;False;51.90423743037186;4.886637830671238;WarmteAtlas:LT_WarmteBronnen_ECW;https://www.warmteatlas.nl/geoserver/WarmteAtlas/wfs;2026-06-23T13:53:17;
124752;434700;W_Gemaal_1145;0.0;GemaalWarmte;0.0;Optie B;0.0;0.0;;;;;GM1978;;;;GM1978;;;;GM1978;;;False;False;False;51.89998746673357;4.94771022077234;WarmteAtlas:LT_WarmteBronnen_ECW;https://www.warmteatlas.nl/geoserver/WarmteAtlas/wfs;2026-06-23T13:53:17;
112952;434000;W_Gemaal_1150;0.0;GemaalWarmte;0.0;Optie B;0.0;0.0;;;;;GM1978;;;;GM1978;;;;GM1978;;;False;False;False;51.8929297828124;4.77635399707235;WarmteAtlas:LT_WarmteBronnen_ECW;https://www.warmteatlas.nl/geoserver/WarmteAtlas/wfs;2026-06-23T13:53:17;
120852;434000;W_Gemaal_1151;0.0;GemaalWarmte;0.0;Optie B;0.0;0.0;;;;;GM1978;;;;GM1978;;;;GM1978;;;False;False;False;51.8934703123426;4.89111595745647;WarmteAtlas:LT_WarmteBronnen_ECW;https://www.warmteatlas.nl/geoserver/WarmteAtlas/wfs;2026-06-23T13:53:17;
103352;433700;W_Gemaal_1156;0.0;GemaalWarmte;0.0;Optie B;0.0;0.0;;;;;GM1978;;;;GM1978;;;;GM1978;;;False;False;False;51.88942575507733;4.636946185793481;WarmteAtlas:LT_WarmteBronnen_ECW;https://www.warmteatlas.nl/geoserver/WarmteAtlas/wfs;2026-06-23T13:53:17;
103352;433600;W_Gemaal_1157;0.0;GemaalWarmte;0.0;Optie B;0.0;0.0;;;;;GM1978;;;;GM1978;;;;GM1978;;;False;False;False;51.888526988872286;4.636961175422036;WarmteAtlas:LT_WarmteBronnen_ECW;https://www.warmteatlas.nl/geoserver/WarmteAtlas/wfs;2026-06-23T13:53:17;
103452;433600;W_Gemaal_1158;0.0;GemaalWarmte;0.0;Optie B;0.0;0.0;;;;;GM1978;;;;GM1978;;;;GM1978;;;False;False;False;51.888536254930365;4.638413661742049;WarmteAtlas:LT_WarmteBronnen_ECW;https://www.warmteatlas.nl/geoserver/WarmteAtlas/wfs;2026-06-23T13:53:17;
118752;433600;W_Gemaal_1159;0.0;GemaalWarmte;0.0;Optie B;0.0;0.0;;;;;GM1978;;;;GM1978;;;;GM1978;;;False;False;False;51.88974237634307;4.860651390759478;WarmteAtlas:LT_WarmteBronnen_ECW;https://www.warmteatlas.nl/geoserver/WarmteAtlas/wfs;2026-06-23T13:53:17;
123752;433600;W_Gemaal_1160;0.0;GemaalWarmte;0.0;Optie B;0.0;0.0;;;;;GM1978;;;;GM1978;;;;GM1978;;;False;False;False;51.89004538213465;4.93328079239734;WarmteAtlas:LT_WarmteBronnen_ECW;https://www.warmteatlas.nl/geoserver/WarmteAtlas/wfs;2026-06-23T13:53:17;
125052;432800;W_Gemaal_1165;0.0;GemaalWarmte;0.0;Optie B;0.0;0.0;;;;;GM1978;;;;GM1978;;;;GM1978;;;False;False;False;51.88292634446943;4.9522341293191765;WarmteAtlas:LT_WarmteBronnen_ECW;https://www.warmteatlas.nl/geoserver/WarmteAtlas/wfs;2026-06-23T13:53:17;
107352;432600;W_Gemaal_1166;0.0;GemaalWarmte;0.0;Optie B;0.0;0.0;;;;;GM1978;;;;GM1978;;;;GM1978;;;False;False;False;51.87989586238557;4.695199405128754;WarmteAtlas:LT_WarmteBronnen_ECW;https://www.warmteatlas.nl/geoserver/WarmteAtlas/wfs;2026-06-23T13:53:17;
121252;432300;W_Gemaal_1169;0.0;GemaalWarmte;0.0;Optie B;0.0;0.0;;;;;GM1978;;;;GM1978;;;;GM1978;;;False;False;False;51.878215058511756;4.897093234268655;WarmteAtlas:LT_WarmteBronnen_ECW;https://www.warmteatlas.nl/geoserver/WarmteAtlas/wfs;2026-06-23T13:53:17;
112652;431700;W_Gemaal_1174;0.0;GemaalWarmte;0.0;Optie B;0.0;0.0;;;;;GM1978;;;;GM1978;;;;GM1978;;;False;False;False;51.87223493576294;4.77227859004958;WarmteAtlas:LT_WarmteBronnen_ECW;https://www.warmteatlas.nl/geoserver/WarmteAtlas/wfs;2026-06-23T13:53:17;
114552;431600;W_Gemaal_1176;0.0;GemaalWarmte;0.0;Optie B;0.0;0.0;;;;;GM1978;;;;GM1978;;;;GM1978;;;False;False;False;51.8714773225267;4.7998782895710645;WarmteAtlas:LT_WarmteBronnen_ECW;https://www.warmteatlas.nl/geoserver/WarmteAtlas/wfs;2026-06-23T13:53:17;
114052;431400;W_Gemaal_1178;0.0;GemaalWarmte;0.0;Optie B;0.0;0.0;;;;;GM1978;;;;GM1978;;;;GM1978;;;False;False;False;51.869643216209;4.792642167576869;WarmteAtlas:LT_WarmteBronnen_ECW;https://www.warmteatlas.nl/geoserver/WarmteAtlas/wfs;2026-06-23T13:53:17;
122752;431400;W_Gemaal_1179;0.0;GemaalWarmte;0.0;Optie B;0.0;0.0;;;;;GM1978;;;;GM1978;;;;GM1978;;;False;False;False;51.87021465502137;4.918960607509556;WarmteAtlas:LT_WarmteBronnen_ECW;https://www.warmteatlas.nl/geoserver/WarmteAtlas/wfs;2026-06-23T13:53:17;
111052;431000;W_Gemaal_1181;0.0;GemaalWarmte;0.0;Optie B;0.0;0.0;;;;;GM1978;;;;GM1978;;;;GM1978;;;False;False;False;51.86581952091772;4.749135961811574;WarmteAtlas:LT_WarmteBronnen_ECW;https://www.warmteatlas.nl/geoserver/WarmteAtlas/wfs;2026-06-23T13:53:17;
114752;431000;W_Gemaal_1182;0.0;GemaalWarmte;0.0;Optie B;0.0;0.0;;;;;GM1978;;;;GM1978;;;;GM1978;;;False;False;False;51.866099047398905;4.802852249974234;WarmteAtlas:LT_WarmteBronnen_ECW;https://www.warmteatlas.nl/geoserver/WarmteAtlas/wfs;2026-06-23T13:53:17;
110752;430900;W_Gemaal_1183;0.0;GemaalWarmte;0.0;Optie B;0.0;0.0;;;;;GM1978;;;;GM1978;;;;GM1978;;;False;False;False;51.864896994094984;4.744793447379712;WarmteAtlas:LT_WarmteBronnen_ECW;https://www.warmteatlas.nl/geoserver/WarmteAtlas/wfs;2026-06-23T13:53:17;
107352;430800;W_Gemaal_1184;0.0;GemaalWarmte;0.0;Optie B;0.0;0.0;;;;;GM1978;;;;GM1978;;;;GM1978;;;False;False;False;51.86371786659862;4.695448099220135;WarmteAtlas:LT_WarmteBronnen_ECW;https://www.warmteatlas.nl/geoserver/WarmteAtlas/wfs;2026-06-23T13:53:17;
120152;430800;W_Gemaal_1185;0.0;GemaalWarmte;0.0;Optie B;0.0;0.0;;;;;GM1978;;;;GM1978;;;;GM1978;;;False;False;False;51.86466529879661;4.8812704976884635;WarmteAtlas:LT_WarmteBronnen_ECW;https://www.warmteatlas.nl/geoserver/WarmteAtlas/wfs;2026-06-23T13:53:17;
128252;430500;W_Gemaal_1187;0.0;GemaalWarmte;0.0;Optie B;0.0;0.0;;;;;GM1978;;;;GM1978;;;;GM1978;;;False;False;False;51.862416478005905;4.998888602381128;WarmteAtlas:LT_WarmteBronnen_ECW;https://www.warmteatlas.nl/geoserver/WarmteAtlas/wfs;2026-06-23T13:53:17;
110152;430300;W_Gemaal_1191;0.0;GemaalWarmte;0.0;Optie B;0.0;0.0;;;;;GM1978;;;;GM1978;;;;GM1978;;;False;False;False;51.85945631993227;4.73616094340447;WarmteAtlas:LT_WarmteBronnen_ECW;https://www.warmteatlas.nl/geoserver/WarmteAtlas/wfs;2026-06-23T13:53:17;
121052;429200;W_Gemaal_1201;0.0;GemaalWarmte;0.0;Optie B;0.0;0.0;;;;;GM1978;;;;GM1978;;;;GM1978;;;False;False;False;51.85033996453978;4.8944938259643695;WarmteAtlas:LT_WarmteBronnen_ECW;https://www.warmteatlas.nl/geoserver/WarmteAtlas/wfs;2026-06-23T13:53:17;
215500;438889;W_Gemaal_104;0.0;GemaalWarmte;0.0;Optie B;0.0;0.0;;;;;GM1955;;;;GM1955;;;;GM1955;;;False;False;False;51.93516751002769;6.266945174977938;WarmteAtlas:LT_WarmteBronnen_ECW;https://www.warmteatlas.nl/geoserver/WarmteAtlas/wfs;2026-06-23T13:53:17;
122852;448600;W_Gemaal_998;0.0;GemaalWarmte;0.0;Optie B;0.0;0.0;;;;;GM0335;;;;GM0335;;;;GM0335;;;False;False;False;52.0248135514786;4.918803133461422;WarmteAtlas:LT_WarmteBronnen_ECW;https://www.warmteatlas.nl/geoserver/WarmteAtlas/wfs;2026-06-23T13:53:17;
164645;434771;W_Gemaal_1498;0.0;GemaalWarmte;0.0;Optie B;0.0;0.0;;;;;GM1740;;;;GM1740;;;;GM1740;;;False;False;False;51.901363250510705;5.527344646150438;WarmteAtlas:LT_WarmteBronnen_ECW;https://www.warmteatlas.nl/geoserver/WarmteAtlas/wfs;2026-06-23T13:53:17;
186752;367700;W_Gemaal_1484;0.0;GemaalWarmte;0.0;Optie B;0.0;0.0;;;;;GM0946;;;;GM0946;;;;GM0946;;;False;False;False;51.297685249086626;5.842459505472276;WarmteAtlas:LT_WarmteBronnen_ECW;https://www.warmteatlas.nl/geoserver/WarmteAtlas/wfs;2026-06-23T13:53:17;
181752;365800;W_Gemaal_1486;0.0;GemaalWarmte;0.0;Optie B;0.0;0.0;;;;;GM0946;;;;GM0946;;;;GM0946;;;False;False;False;51.2808653333458;5.7706281636988335;WarmteAtlas:LT_WarmteBronnen_ECW;https://www.warmteatlas.nl/geoserver/WarmteAtlas/wfs;2026-06-23T13:53:17;
110552;467800;W_Gemaal_850;0.0;GemaalWarmte;0.0;Optie B;0.0;0.0;;;;;GM0569;;;;GM0569;;;;GM0569;;;False;False;False;52.19652481692977;4.737095143846992;WarmteAtlas:LT_WarmteBronnen_ECW;https://www.warmteatlas.nl/geoserver/WarmteAtlas/wfs;2026-06-23T13:53:17;
116652;466800;W_Gemaal_854;0.0;GemaalWarmte;0.0;Optie B;0.0;0.0;;;;;GM0569;;;;GM0569;;;;GM0569;;;False;False;False;52.187994836087434;4.826424023297104;WarmteAtlas:LT_WarmteBronnen_ECW;https://www.warmteatlas.nl/geoserver/WarmteAtlas/wfs;2026-06-23T13:53:17;
108052;466700;W_Gemaal_855;0.0;GemaalWarmte;0.0;Optie B;0.0;0.0;;;;;GM0569;;;;GM0569;;;;GM0569;;;False;False;False;52.18643173916798;4.700684140106735;WarmteAtlas:LT_WarmteBronnen_ECW;https://www.warmteatlas.nl/geoserver/WarmteAtlas/wfs;2026-06-23T13:53:17;
110152;466000;W_Gemaal_860;0.0;GemaalWarmte;0.0;Optie B;0.0;0.0;;;;;GM0569;;;;GM0569;;;;GM0569;;;False;False;False;52.18031514288502;4.731482920523032;WarmteAtlas:LT_WarmteBronnen_ECW;https://www.warmteatlas.nl/geoserver/WarmteAtlas/wfs;2026-06-23T13:53:17;
118952;465500;W_Gemaal_863;0.0;GemaalWarmte;0.0;Optie B;0.0;0.0;;;;;GM0569;;;;GM0569;;;;GM0569;;;False;False;False;52.17646595532362;4.86019458864464;WarmteAtlas:LT_WarmteBronnen_ECW;https://www.warmteatlas.nl/geoserver/WarmteAtlas/wfs;2026-06-23T13:53:17;
113552;465200;W_Gemaal_866;0.0;GemaalWarmte;0.0;Optie B;0.0;0.0;;;;;GM0569;;;;GM0569;;;;GM0569;;;False;False;False;52.1733908334329;4.781289070564723;WarmteAtlas:LT_WarmteBronnen_ECW;https://www.warmteatlas.nl/geoserver/WarmteAtlas/wfs;2026-06-23T13:53:17;
113352;464700;W_Gemaal_872;0.0;GemaalWarmte;0.0;Optie B;0.0;0.0;;;;;GM0569;;;;GM0569;;;;GM0569;;;False;False;False;52.168882042582744;4.778426812260165;WarmteAtlas:LT_WarmteBronnen_ECW;https://www.warmteatlas.nl/geoserver/WarmteAtlas/wfs;2026-06-23T13:53:17;
113152;464000;W_Gemaal_875;0.0;GemaalWarmte;0.0;Optie B;0.0;0.0;;;;;GM0569;;;;GM0569;;;;GM0569;;;False;False;False;52.162575679940396;4.775589765980523;WarmteAtlas:LT_WarmteBronnen_ECW;https://www.warmteatlas.nl/geoserver/WarmteAtlas/wfs;2026-06-23T13:53:17;
109852;463700;W_Gemaal_879;0.0;GemaalWarmte;0.0;Optie B;0.0;0.0;;;;;GM0569;;;;GM0569;;;;GM0569;;;False;False;False;52.15961962826386;4.727402662603931;WarmteAtlas:LT_WarmteBronnen_ECW;https://www.warmteatlas.nl/geoserver/WarmteAtlas/wfs;2026-06-23T13:53:17;
108352;462900;W_Gemaal_881;0.0;GemaalWarmte;0.0;Optie B;0.0;0.0;;;;;GM0569;;;;GM0569;;;;GM0569;;;False;False;False;52.15230509254894;4.705592660776496;WarmteAtlas:LT_WarmteBronnen_ECW;https://www.warmteatlas.nl/geoserver/WarmteAtlas/wfs;2026-06-23T13:53:17;
119352;462400;W_Gemaal_883;0.0;GemaalWarmte;0.0;Optie B;0.0;0.0;;;;;GM0569;;;;GM0569;;;;GM0569;;;False;False;False;52.14863031478894;4.866367456203866;WarmteAtlas:LT_WarmteBronnen_ECW;https://www.warmteatlas.nl/geoserver/WarmteAtlas/wfs;2026-06-23T13:53:17;
110752;458000;W_Gemaal_915;0.0;GemaalWarmte;0.0;Optie B;0.0;0.0;;;;;GM0569;;;;GM0569;;;;GM0569;;;False;False;False;52.10846371621367;4.741295862812902;WarmteAtlas:LT_WarmteBronnen_ECW;https://www.warmteatlas.nl/geoserver/WarmteAtlas/wfs;2026-06-23T13:53:17;
73352;430400;W_Gemaal_1188;0.0;GemaalWarmte;0.0;Optie B;0.0;0.0;;;;;GM1930;;;;GM1930;;;;GM1930;;;False;False;False;51.85617881970464;4.202010084957501;WarmteAtlas:LT_WarmteBronnen_ECW;https://www.warmteatlas.nl/geoserver/WarmteAtlas/wfs;2026-06-23T13:53:17;
84252;428700;W_Gemaal_1204;0.0;GemaalWarmte;0.0;Optie B;0.0;0.0;;;;;GM1930;;;;GM1930;;;;GM1930;;;False;False;False;51.842390891921674;4.360555397207974;WarmteAtlas:LT_WarmteBronnen_ECW;https://www.warmteatlas.nl/geoserver/WarmteAtlas/wfs;2026-06-23T13:53:17;
82752;426000;W_Gemaal_1221;0.0;GemaalWarmte;0.0;Optie B;0.0;0.0;;;;;GM1930;;;;GM1930;;;;GM1930;;;False;False;False;51.81793328174655;4.339356321363495;WarmteAtlas:LT_WarmteBronnen_ECW;https://www.warmteatlas.nl/geoserver/WarmteAtlas/wfs;2026-06-23T13:53:17;
80452;425200;W_Gemaal_1227;0.0;GemaalWarmte;0.0;Optie B;0.0;0.0;;;;;GM1930;;;;GM1930;;;;GM1930;;;False;False;False;51.81044106530127;4.306176375620077;WarmteAtlas:LT_WarmteBronnen_ECW;https://www.warmteatlas.nl/geoserver/WarmteAtlas/wfs;2026-06-23T13:53:17;
205652;597200;W_Gemaal_157;0.0;GemaalWarmte;0.0;Optie B;0.0;0.0;;;;;GM1970;;;;GM1970;;;;GM1970;;;False;False;False;53.35877777950971;6.147978941168614;WarmteAtlas:LT_WarmteBronnen_ECW;https://www.warmteatlas.nl/geoserver/WarmteAtlas/wfs;2026-06-23T13:53:17;
203852;597000;W_Gemaal_158;0.0;GemaalWarmte;0.0;Optie B;0.0;0.0;;;;;GM1970;;;;GM1970;;;;GM1970;;;False;False;False;53.357148839848016;6.1209152837254655;WarmteAtlas:LT_WarmteBronnen_ECW;https://www.warmteatlas.nl/geoserver/WarmteAtlas/wfs;2026-06-23T13:53:17;
194052;592700;W_Gemaal_170;0.0;GemaalWarmte;0.0;Optie B;0.0;0.0;;;;;GM1970;;;;GM1970;;;;GM1970;;;False;False;False;53.31932210860086;5.97321174587357;WarmteAtlas:LT_WarmteBronnen_ECW;https://www.warmteatlas.nl/geoserver/WarmteAtlas/wfs;2026-06-23T13:53:17;
189052;590500;W_Gemaal_185;0.0;GemaalWarmte;0.0;Optie B;0.0;0.0;;;;;GM1970;;;;GM1970;;;;GM1970;;;False;False;False;53.299897584191534;5.897951906046761;WarmteAtlas:LT_WarmteBronnen_ECW;https://www.warmteatlas.nl/geoserver/WarmteAtlas/wfs;2026-06-23T13:53:17;
211752;590400;W_Gemaal_186;0.0;GemaalWarmte;0.0;Optie B;0.0;0.0;;;;;GM1970;;;;GM1970;;;;GM1970;;;False;False;False;53.29706953076322;6.2383811406230745;WarmteAtlas:LT_WarmteBronnen_ECW;https://www.warmteatlas.nl/geoserver/WarmteAtlas/wfs;2026-06-23T13:53:17;
185452;590300;W_Gemaal_188;0.0;GemaalWarmte;0.0;Optie B;0.0;0.0;;;;;GM1970;;;;GM1970;;;;GM1970;;;False;False;False;53.29831798609123;5.843938426650279;WarmteAtlas:LT_WarmteBronnen_ECW;https://www.warmteatlas.nl/geoserver/WarmteAtlas/wfs;2026-06-23T13:53:17;
185452;590200;W_Gemaal_190;0.0;GemaalWarmte;0.0;Optie B;0.0;0.0;;;;;GM1970;;;;GM1970;;;;GM1970;;;False;False;False;53.297419479739354;5.843928908978726;WarmteAtlas:LT_WarmteBronnen_ECW;https://www.warmteatlas.nl/geoserver/WarmteAtlas/wfs;2026-06-23T13:53:17;
201152;589900;W_Gemaal_191;0.0;GemaalWarmte;0.0;Optie B;0.0;0.0;;;;;GM1970;;;;GM1970;;;;GM1970;;;False;False;False;53.29359819100295;6.079341473868698;WarmteAtlas:LT_WarmteBronnen_ECW;https://www.warmteatlas.nl/geoserver/WarmteAtlas/wfs;2026-06-23T13:53:17;
205652;589600;W_Gemaal_193;0.0;GemaalWarmte;0.0;Optie B;0.0;0.0;;;;;GM1970;;;;GM1970;;;;GM1970;;;False;False;False;53.29049506704506;6.146774252019175;WarmteAtlas:LT_WarmteBronnen_ECW;https://www.warmteatlas.nl/geoserver/WarmteAtlas/wfs;2026-06-23T13:53:17;
206952;586700;W_Gemaal_204;0.0;GemaalWarmte;0.0;Optie B;0.0;0.0;;;;;GM1970;;;;GM1970;;;;GM1970;;;False;False;False;53.26431466042699;6.165796753735769;WarmteAtlas:LT_WarmteBronnen_ECW;https://www.warmteatlas.nl/geoserver/WarmteAtlas/wfs;2026-06-23T13:53:17;
47952;402500;W_Gemaal_1397;0.0;GemaalWarmte;0.0;Optie B;0.0;0.0;;;;;GM1695;;;;GM1695;;;;GM1695;;;False;False;False;51.60117567559347;3.8420177492031713;WarmteAtlas:LT_WarmteBronnen_ECW;https://www.warmteatlas.nl/geoserver/WarmteAtlas/wfs;2026-06-23T13:53:17;
36452;400000;W_Gemaal_1410;0.0;GemaalWarmte;0.0;Optie B;0.0;0.0;;;;;GM1695;;;;GM1695;;;;GM1695;;;False;False;False;51.576402010572515;3.6769351975273454;WarmteAtlas:LT_WarmteBronnen_ECW;https://www.warmteatlas.nl/geoserver/WarmteAtlas/wfs;2026-06-23T13:53:17;
36752;399200;W_Gemaal_1417;0.0;GemaalWarmte;0.0;Optie B;0.0;0.0;;;;;GM1695;;;;GM1695;;;;GM1695;;;False;False;False;51.569276937970855;3.681531571973497;WarmteAtlas:LT_WarmteBronnen_ECW;https://www.warmteatlas.nl/geoserver/WarmteAtlas/wfs;2026-06-23T13:53:17;
42552;397500;W_Gemaal_1420;0.0;GemaalWarmte;0.0;Optie B;0.0;0.0;;;;;GM1695;;;;GM1695;;;;GM1695;;;False;False;False;51.55519179700209;3.7657066774243875;WarmteAtlas:LT_WarmteBronnen_ECW;https://www.warmteatlas.nl/geoserver/WarmteAtlas/wfs;2026-06-23T13:53:17;
46652;397500;W_Gemaal_1421;0.0;GemaalWarmte;0.0;Optie B;0.0;0.0;;;;;GM1695;;;;GM1695;;;;GM1695;;;False;False;False;51.555996926132124;3.8248071559100145;WarmteAtlas:LT_WarmteBronnen_ECW;https://www.warmteatlas.nl/geoserver/WarmteAtlas/wfs;2026-06-23T13:53:17;
49454;395885;W_Gemaal_1555;0.0;GemaalWarmte;0.0;Optie B;0.0;0.0;;;;;GM1695;;;;GM1695;;;;GM1695;;;False;False;False;51.54201751954167;3.865684894693393;WarmteAtlas:LT_WarmteBronnen_ECW;https://www.warmteatlas.nl/geoserver/WarmteAtlas/wfs;2026-06-23T13:53:17;
229452;579500;W_Gemaal_252;0.0;GemaalWarmte;0.0;Optie B;0.0;0.0;;;;;GM1699;;;;GM1699;;;;GM1699;;;False;False;False;53.196969634525686;6.501276100263642;WarmteAtlas:LT_WarmteBronnen_ECW;https://www.warmteatlas.nl/geoserver/WarmteAtlas/wfs;2026-06-23T13:53:17;
226952;579100;W_Gemaal_255;0.0;GemaalWarmte;0.0;Optie B;0.0;0.0;;;;;GM1699;;;;GM1699;;;;GM1699;;;False;False;False;53.1937174775388;6.46378419162406;WarmteAtlas:LT_WarmteBronnen_ECW;https://www.warmteatlas.nl/geoserver/WarmteAtlas/wfs;2026-06-23T13:53:17;
224252;577000;W_Gemaal_269;0.0;GemaalWarmte;0.0;Optie B;0.0;0.0;;;;;GM1699;;;;GM1699;;;;GM1699;;;False;False;False;53.17520591903302;6.4229404289833205;WarmteAtlas:LT_WarmteBronnen_ECW;https://www.warmteatlas.nl/geoserver/WarmteAtlas/wfs;2026-06-23T13:53:17;
227752;576100;W_Gemaal_278;0.0;GemaalWarmte;0.0;Optie B;0.0;0.0;;;;;GM1699;;;;GM1699;;;;GM1699;;;False;False;False;53.16665647937643;6.475074315133376;WarmteAtlas:LT_WarmteBronnen_ECW;https://www.warmteatlas.nl/geoserver/WarmteAtlas/wfs;2026-06-23T13:53:17;
226952;574100;W_Gemaal_296;0.0;GemaalWarmte;0.0;Optie B;0.0;0.0;;;;;GM1699;;;;GM1699;;;;GM1699;;;False;False;False;53.14879557300734;6.462667560376176;WarmteAtlas:LT_WarmteBronnen_ECW;https://www.warmteatlas.nl/geoserver/WarmteAtlas/wfs;2026-06-23T13:53:17;
225652;570100;W_Gemaal_322;0.0;GemaalWarmte;0.0;Optie B;0.0;0.0;;;;;GM1699;;;;GM1699;;;;GM1699;;;False;False;False;53.11303014990843;6.442364487833696;WarmteAtlas:LT_WarmteBronnen_ECW;https://www.warmteatlas.nl/geoserver/WarmteAtlas/wfs;2026-06-23T13:53:17;
228952;558200;W_Gemaal_379;0.0;GemaalWarmte;0.0;Optie B;0.0;0.0;;;;;GM1699;;;;GM1699;;;;GM1699;;;False;False;False;53.00566880749936;6.488924627703756;WarmteAtlas:LT_WarmteBronnen_ECW;https://www.warmteatlas.nl/geoserver/WarmteAtlas/wfs;2026-06-23T13:53:17;
176952;539000;W_Gemaal_470;0.0;GemaalWarmte;0.0;Optie B;0.0;0.0;;;;;GM0171;;;;GM0171;;;;GM0171;;;False;False;False;52.83776170150969;5.71297683730407;WarmteAtlas:LT_WarmteBronnen_ECW;https://www.warmteatlas.nl/geoserver/WarmteAtlas/wfs;2026-06-23T13:53:17;
173252;525400;W_Gemaal_527;0.0;GemaalWarmte;0.0;Optie B;0.0;0.0;;;;;GM0171;;;;GM0171;;;;GM0171;;;False;False;False;52.71568091792432;5.657313983437217;WarmteAtlas:LT_WarmteBronnen_ECW;https://www.warmteatlas.nl/geoserver/WarmteAtlas/wfs;2026-06-23T13:53:17;
187752;525000;W_Gemaal_528;0.0;GemaalWarmte;0.0;Optie B;0.0;0.0;;;;;GM0171;;;;GM0171;;;;GM0171;;;False;False;False;52.711405601983934;5.871851667792778;WarmteAtlas:LT_WarmteBronnen_ECW;https://www.warmteatlas.nl/geoserver/WarmteAtlas/wfs;2026-06-23T13:53:17;
173752;520400;W_Gemaal_552;0.0;GemaalWarmte;0.0;Optie B;0.0;0.0;;;;;GM0171;;;;GM0171;;;;GM0171;;;False;False;False;52.67072977309312;5.664429398349859;WarmteAtlas:LT_WarmteBronnen_ECW;https://www.warmteatlas.nl/geoserver/WarmteAtlas/wfs;2026-06-23T13:53:17;
191752;520300;W_Gemaal_553;0.0;GemaalWarmte;0.0;Optie B;0.0;0.0;;;;;GM0171;;;;GM0171;;;;GM0171;;;False;False;False;52.668912828115076;5.930516214603374;WarmteAtlas:LT_WarmteBronnen_ECW;https://www.warmteatlas.nl/geoserver/WarmteAtlas/wfs;2026-06-23T13:53:17;
174852;520100;W_Gemaal_556;0.0;GemaalWarmte;0.0;Optie B;0.0;0.0;;;;;GM0171;;;;GM0171;;;;GM0171;;;False;False;False;52.66799467529468;5.680673258483018;WarmteAtlas:LT_WarmteBronnen_ECW;https://www.warmteatlas.nl/geoserver/WarmteAtlas/wfs;2026-06-23T13:53:17;
98752;480300;W_Gemaal_757;0.0;GemaalWarmte;0.0;Optie B;0.0;0.0;;;;;GM0575;;;;GM0575;;;;GM0575;;;False;False;False;52.307786099019715;4.562441304000274;WarmteAtlas:LT_WarmteBronnen_ECW;https://www.warmteatlas.nl/geoserver/WarmteAtlas/wfs;2026-06-23T13:53:17;
98052;479200;W_Gemaal_766;0.0;GemaalWarmte;0.0;Optie B;0.0;0.0;;;;;GM0575;;;;GM0575;;;;GM0575;;;False;False;False;52.2978284776019;4.552363989521776;WarmteAtlas:LT_WarmteBronnen_ECW;https://www.warmteatlas.nl/geoserver/WarmteAtlas/wfs;2026-06-23T13:53:17;
96352;476900;W_Gemaal_785;0.0;GemaalWarmte;0.0;Optie B;0.0;0.0;;;;;GM0575;;;;GM0575;;;;GM0575;;;False;False;False;52.27698006701606;4.527844777696554;WarmteAtlas:LT_WarmteBronnen_ECW;https://www.warmteatlas.nl/geoserver/WarmteAtlas/wfs;2026-06-23T13:53:17;
95952;475400;W_Gemaal_801;0.0;GemaalWarmte;0.0;Optie B;0.0;0.0;;;;;GM0575;;;;GM0575;;;;GM0575;;;False;False;False;52.263456950263425;4.5222464459316125;WarmteAtlas:LT_WarmteBronnen_ECW;https://www.warmteatlas.nl/geoserver/WarmteAtlas/wfs;2026-06-23T13:53:17;
93152;468400;W_Gemaal_846;0.0;GemaalWarmte;0.0;Optie B;0.0;0.0;;;;;GM0579;;;;GM0579;;;;GM0579;;;False;False;False;52.20024141016046;4.482514683358528;WarmteAtlas:LT_WarmteBronnen_ECW;https://www.warmteatlas.nl/geoserver/WarmteAtlas/wfs;2026-06-23T13:53:17;
145952;394600;W_Gemaal_1436;0.0;GemaalWarmte;0.0;Optie B;0.0;0.0;;;;;GM0823;;;;GM0823;;;;GM0823;;;False;False;False;51.54029910429603;5.2567797076137115;WarmteAtlas:LT_WarmteBronnen_ECW;https://www.warmteatlas.nl/geoserver/WarmteAtlas/wfs;2026-06-23T13:53:17;
140752;396200;W_Gemaal_1431;0.0;GemaalWarmte;0.0;Optie B;0.0;0.0;;;;;GM0824;;;;GM0824;;;;GM0824;;;False;False;False;51.554573196028095;5.181760181532467;WarmteAtlas:LT_WarmteBronnen_ECW;https://www.warmteatlas.nl/geoserver/WarmteAtlas/wfs;2026-06-23T13:53:17;
141152;395100;W_Gemaal_1434;0.0;GemaalWarmte;0.0;Optie B;0.0;0.0;;;;;GM0824;;;;GM0824;;;;GM0824;;;False;False;False;51.54469576644004;5.1875711509053755;WarmteAtlas:LT_WarmteBronnen_ECW;https://www.warmteatlas.nl/geoserver/WarmteAtlas/wfs;2026-06-23T13:53:17;
142552;394000;W_Gemaal_1440;0.0;GemaalWarmte;0.0;Optie B;0.0;0.0;;;;;GM0824;;;;GM0824;;;;GM0824;;;False;False;False;51.53484104066755;5.207792196506074;WarmteAtlas:LT_WarmteBronnen_ECW;https://www.warmteatlas.nl/geoserver/WarmteAtlas/wfs;2026-06-23T13:53:17;
141152;393600;W_Gemaal_1443;0.0;GemaalWarmte;0.0;Optie B;0.0;0.0;;;;;GM0824;;;;GM0824;;;;GM0824;;;False;False;False;51.53121291101063;5.187630331594218;WarmteAtlas:LT_WarmteBronnen_ECW;https://www.warmteatlas.nl/geoserver/WarmteAtlas/wfs;2026-06-23T13:53:17;
259337;585698;W_Gemaal_1;0.0;GemaalWarmte;0.0;Optie B;0.0;0.0;;;;;GM1895;;;;GM1895;;;;GM1895;;;False;False;False;53.24765939964286;6.950337531703522;WarmteAtlas:LT_WarmteBronnen_ECW;https://www.warmteatlas.nl/geoserver/WarmteAtlas/wfs;2026-06-23T13:53:17;
258052;584300;W_Gemaal_216;0.0;GemaalWarmte;0.0;Optie B;0.0;0.0;;;;;GM1895;;;;GM1895;;;;GM1895;;;False;False;False;53.2353504904314;6.930644248004412;WarmteAtlas:LT_WarmteBronnen_ECW;https://www.warmteatlas.nl/geoserver/WarmteAtlas/wfs;2026-06-23T13:53:17;
266252;583600;W_Gemaal_221;0.0;GemaalWarmte;0.0;Optie B;0.0;0.0;;;;;GM1895;;;;GM1895;;;;GM1895;;;False;False;False;53.22742120931316;7.053166991598022;WarmteAtlas:LT_WarmteBronnen_ECW;https://www.warmteatlas.nl/geoserver/WarmteAtlas/wfs;2026-06-23T13:53:17;
259752;583100;W_Gemaal_226;0.0;GemaalWarmte;0.0;Optie B;0.0;0.0;;;;;GM1895;;;;GM1895;;;;GM1895;;;False;False;False;53.22424116892919;6.955705107352317;WarmteAtlas:LT_WarmteBronnen_ECW;https://www.warmteatlas.nl/geoserver/WarmteAtlas/wfs;2026-06-23T13:53:17;
261652;582800;W_Gemaal_229;0.0;GemaalWarmte;0.0;Optie B;0.0;0.0;;;;;GM1895;;;;GM1895;;;;GM1895;;;False;False;False;53.22117125739283;6.984044485315078;WarmteAtlas:LT_WarmteBronnen_ECW;https://www.warmteatlas.nl/geoserver/WarmteAtlas/wfs;2026-06-23T13:53:17;
271852;582400;W_Gemaal_231;0.0;GemaalWarmte;0.0;Optie B;0.0;0.0;;;;;GM1895;;;;GM1895;;;;GM1895;;;False;False;False;53.215449683393814;7.136551807661492;WarmteAtlas:LT_WarmteBronnen_ECW;https://www.warmteatlas.nl/geoserver/WarmteAtlas/wfs;2026-06-23T13:53:17;
262252;579800;W_Gemaal_249;0.0;GemaalWarmte;0.0;Optie B;0.0;0.0;;;;;GM1895;;;;GM1895;;;;GM1895;;;False;False;False;53.1941033474983;6.992024023316904;WarmteAtlas:LT_WarmteBronnen_ECW;https://www.warmteatlas.nl/geoserver/WarmteAtlas/wfs;2026-06-23T13:53:17;
263052;577100;W_Gemaal_268;0.0;GemaalWarmte;0.0;Optie B;0.0;0.0;;;;;GM1895;;;;GM1895;;;;GM1895;;;False;False;False;53.16968928043536;7.003083939908552;WarmteAtlas:LT_WarmteBronnen_ECW;https://www.warmteatlas.nl/geoserver/WarmteAtlas/wfs;2026-06-23T13:53:17;
259052;576600;W_Gemaal_272;0.0;GemaalWarmte;0.0;Optie B;0.0;0.0;;;;;GM1895;;;;GM1895;;;;GM1895;;;False;False;False;53.16598884843463;6.9431257392773205;WarmteAtlas:LT_WarmteBronnen_ECW;https://www.warmteatlas.nl/geoserver/WarmteAtlas/wfs;2026-06-23T13:53:17;
272852;576200;W_Gemaal_276;0.0;GemaalWarmte;0.0;Optie B;0.0;0.0;;;;;GM1895;;;;GM1895;;;;GM1895;;;False;False;False;53.15954120985323;7.149245991192196;WarmteAtlas:LT_WarmteBronnen_ECW;https://www.warmteatlas.nl/geoserver/WarmteAtlas/wfs;2026-06-23T13:53:17;
265152;571200;W_Gemaal_313;0.0;GemaalWarmte;0.0;Optie B;0.0;0.0;;;;;GM1895;;;;GM1895;;;;GM1895;;;False;False;False;53.116263943632305;7.032462294240339;WarmteAtlas:LT_WarmteBronnen_ECW;https://www.warmteatlas.nl/geoserver/WarmteAtlas/wfs;2026-06-23T13:53:17;
263321;577320;W_Gemaal_9;0.0;GemaalWarmte;0.0;Optie B;0.0;0.0;;;;;GM1895;;;;GM1895;;;;GM1895;;;False;False;False;53.171611215775755;7.0071791381922655;WarmteAtlas:LT_WarmteBronnen_ECW;https://www.warmteatlas.nl/geoserver/WarmteAtlas/wfs;2026-06-23T13:53:17;
189352;502800;W_Gemaal_644;0.0;GemaalWarmte;0.0;Optie B;0.0;0.0;;;;;GM0269;;;;GM0269;;;;GM0269;;;False;False;False;52.51179986201276;5.8932278336263995;WarmteAtlas:LT_WarmteBronnen_ECW;https://www.warmteatlas.nl/geoserver/WarmteAtlas/wfs;2026-06-23T13:53:17;
207152;493200;W_Gemaal_698;0.0;GemaalWarmte;0.0;Optie B;0.0;0.0;;;;;GM1773;;;;GM1773;;;;GM1773;;;False;False;False;52.42411880159522;6.153914671372864;WarmteAtlas:LT_WarmteBronnen_ECW;https://www.warmteatlas.nl/geoserver/WarmteAtlas/wfs;2026-06-23T13:53:17;
207452;492000;W_Gemaal_703;0.0;GemaalWarmte;0.0;Optie B;0.0;0.0;;;;;GM1773;;;;GM1773;;;;GM1773;;;False;False;False;52.41330599220179;6.158136906447012;WarmteAtlas:LT_WarmteBronnen_ECW;https://www.warmteatlas.nl/geoserver/WarmteAtlas/wfs;2026-06-23T13:53:17;
209552;491800;W_Gemaal_704;0.0;GemaalWarmte;0.0;Optie B;0.0;0.0;;;;;GM1773;;;;GM1773;;;;GM1773;;;False;False;False;52.41130368700061;6.1889670340282095;WarmteAtlas:LT_WarmteBronnen_ECW;https://www.warmteatlas.nl/geoserver/WarmteAtlas/wfs;2026-06-23T13:53:17;
207552;490200;W_Gemaal_710;0.0;GemaalWarmte;0.0;Optie B;0.0;0.0;;;;;GM1773;;;;GM1773;;;;GM1773;;;False;False;False;52.3971201058794;6.159324497926305;WarmteAtlas:LT_WarmteBronnen_ECW;https://www.warmteatlas.nl/geoserver/WarmteAtlas/wfs;2026-06-23T13:53:17;
205352;488300;W_Gemaal_719;0.0;GemaalWarmte;0.0;Optie B;0.0;0.0;;;;;GM1773;;;;GM1773;;;;GM1773;;;False;False;False;52.38025133964433;6.1267186140995324;WarmteAtlas:LT_WarmteBronnen_ECW;https://www.warmteatlas.nl/geoserver/WarmteAtlas/wfs;2026-06-23T13:53:17;
206652;487100;W_Gemaal_724;0.0;GemaalWarmte;0.0;Optie B;0.0;0.0;;;;;GM1773;;;;GM1773;;;;GM1773;;;False;False;False;52.36934620692593;6.145625452118364;WarmteAtlas:LT_WarmteBronnen_ECW;https://www.warmteatlas.nl/geoserver/WarmteAtlas/wfs;2026-06-23T13:53:17;
206952;483600;W_Gemaal_741;0.0;GemaalWarmte;0.0;Optie B;0.0;0.0;;;;;GM1773;;;;GM1773;;;;GM1773;;;False;False;False;52.337863570464336;6.149489311519562;WarmteAtlas:LT_WarmteBronnen_ECW;https://www.warmteatlas.nl/geoserver/WarmteAtlas/wfs;2026-06-23T13:53:17;
224252;504900;W_Gemaal_631;0.0;GemaalWarmte;0.0;Optie B;0.0;0.0;;;;;GM0175;;;;GM0175;;;;GM0175;;;False;False;False;52.527363510731256;6.407700790644476;WarmteAtlas:LT_WarmteBronnen_ECW;https://www.warmteatlas.nl/geoserver/WarmteAtlas/wfs;2026-06-23T13:53:17;
221452;503100;W_Gemaal_640;0.0;GemaalWarmte;0.0;Optie B;0.0;0.0;;;;;GM0175;;;;GM0175;;;;GM0175;;;False;False;False;52.511536029024526;6.366087183622489;WarmteAtlas:LT_WarmteBronnen_ECW;https://www.warmteatlas.nl/geoserver/WarmteAtlas/wfs;2026-06-23T13:53:17;
222952;503100;W_Gemaal_641;0.0;GemaalWarmte;0.0;Optie B;0.0;0.0;;;;;GM0175;;;;GM0175;;;;GM0175;;;False;False;False;52.51135163191009;6.388179982453024;WarmteAtlas:LT_WarmteBronnen_ECW;https://www.warmteatlas.nl/geoserver/WarmteAtlas/wfs;2026-06-23T13:53:17;
223652;502900;W_Gemaal_643;0.0;GemaalWarmte;0.0;Optie B;0.0;0.0;;;;;GM0175;;;;GM0175;;;;GM0175;;;False;False;False;52.50946694018644;6.398448717866507;WarmteAtlas:LT_WarmteBronnen_ECW;https://www.warmteatlas.nl/geoserver/WarmteAtlas/wfs;2026-06-23T13:53:17;
223752;502500;W_Gemaal_648;0.0;GemaalWarmte;0.0;Optie B;0.0;0.0;;;;;GM0175;;;;GM0175;;;;GM0175;;;False;False;False;52.50585990882753;6.39983906007457;WarmteAtlas:LT_WarmteBronnen_ECW;https://www.warmteatlas.nl/geoserver/WarmteAtlas/wfs;2026-06-23T13:53:17;
236352;502200;W_Gemaal_650;0.0;GemaalWarmte;0.0;Optie B;0.0;0.0;;;;;GM0175;;;;GM0175;;;;GM0175;;;False;False;False;52.50143469251821;6.585312808097125;WarmteAtlas:LT_WarmteBronnen_ECW;https://www.warmteatlas.nl/geoserver/WarmteAtlas/wfs;2026-06-23T13:53:17;
234552;501800;W_Gemaal_654;0.0;GemaalWarmte;0.0;Optie B;0.0;0.0;;;;;GM0175;;;;GM0175;;;;GM0175;;;False;False;False;52.49810519438381;6.558713424975126;WarmteAtlas:LT_WarmteBronnen_ECW;https://www.warmteatlas.nl/geoserver/WarmteAtlas/wfs;2026-06-23T13:53:17;
222952;495100;W_Gemaal_687;0.0;GemaalWarmte;0.0;Optie B;0.0;0.0;;;;;GM0175;;;;GM0175;;;;GM0175;;;False;False;False;52.439461603931285;6.3865531564402644;WarmteAtlas:LT_WarmteBronnen_ECW;https://www.warmteatlas.nl/geoserver/WarmteAtlas/wfs;2026-06-23T13:53:17;
117652;409500;W_Gemaal_1342;0.0;GemaalWarmte;0.0;Optie B;0.0;0.0;;;;;GM0826;;;;GM0826;;;;GM0826;;;False;False;False;51.67305702341179;4.847270840989431;WarmteAtlas:LT_WarmteBronnen_ECW;https://www.warmteatlas.nl/geoserver/WarmteAtlas/wfs;2026-06-23T13:53:17;
116252;409200;W_Gemaal_1344;0.0;GemaalWarmte;0.0;Optie B;0.0;0.0;;;;;GM0826;;;;GM0826;;;;GM0826;;;False;False;False;51.670265516469826;4.82706565023924;WarmteAtlas:LT_WarmteBronnen_ECW;https://www.warmteatlas.nl/geoserver/WarmteAtlas/wfs;2026-06-23T13:53:17;
118852;408800;W_Gemaal_1348;0.0;GemaalWarmte;0.0;Optie B;0.0;0.0;;;;;GM0826;;;;GM0826;;;;GM0826;;;False;False;False;51.66684397201521;4.864690862723907;WarmteAtlas:LT_WarmteBronnen_ECW;https://www.warmteatlas.nl/geoserver/WarmteAtlas/wfs;2026-06-23T13:53:17;
114152;408400;W_Gemaal_1352;0.0;GemaalWarmte;0.0;Optie B;0.0;0.0;;;;;GM0826;;;;GM0826;;;;GM0826;;;False;False;False;51.66292587892844;4.796803581885296;WarmteAtlas:LT_WarmteBronnen_ECW;https://www.warmteatlas.nl/geoserver/WarmteAtlas/wfs;2026-06-23T13:53:17;
118652;408400;W_Gemaal_1353;0.0;GemaalWarmte;0.0;Optie B;0.0;0.0;;;;;GM0826;;;;GM0826;;;;GM0826;;;False;False;False;51.663235753527665;4.861841737905089;WarmteAtlas:LT_WarmteBronnen_ECW;https://www.warmteatlas.nl/geoserver/WarmteAtlas/wfs;2026-06-23T13:53:17;
119852;408300;W_Gemaal_1355;0.0;GemaalWarmte;0.0;Optie B;0.0;0.0;;;;;GM0826;;;;GM0826;;;;GM0826;;;False;False;False;51.662413460928626;4.879195497237006;WarmteAtlas:LT_WarmteBronnen_ECW;https://www.warmteatlas.nl/geoserver/WarmteAtlas/wfs;2026-06-23T13:53:17;
116252;408200;W_Gemaal_1356;0.0;GemaalWarmte;0.0;Optie B;0.0;0.0;;;;;GM0826;;;;GM0826;;;;GM0826;;;False;False;False;51.66127734982812;4.827176824012334;WarmteAtlas:LT_WarmteBronnen_ECW;https://www.warmteatlas.nl/geoserver/WarmteAtlas/wfs;2026-06-23T13:53:17;
116552;407500;W_Gemaal_1360;0.0;GemaalWarmte;0.0;Optie B;0.0;0.0;;;;;GM0826;;;;GM0826;;;;GM0826;;;False;False;False;51.65500628196726;4.8315897182354774;WarmteAtlas:LT_WarmteBronnen_ECW;https://www.warmteatlas.nl/geoserver/WarmteAtlas/wfs;2026-06-23T13:53:17;
117075;406302;W_Gemaal_1572;0.0;GemaalWarmte;0.0;Optie B;0.0;0.0;;;;;GM0826;;;;GM0826;;;;GM0826;;;False;False;False;51.64427404593552;4.8392775079767985;WarmteAtlas:LT_WarmteBronnen_ECW;https://www.warmteatlas.nl/geoserver/WarmteAtlas/wfs;2026-06-23T13:53:17;
117329;406149;W_Gemaal_1573;0.0;GemaalWarmte;0.0;Optie B;0.0;0.0;;;;;GM0826;;;;GM0826;;;;GM0826;;;False;False;False;51.64291596938285;4.842963550816398;WarmteAtlas:LT_WarmteBronnen_ECW;https://www.warmteatlas.nl/geoserver/WarmteAtlas/wfs;2026-06-23T13:53:17;
121148;496281;W_Gemaal_29;0.0;GemaalWarmte;0.0;Optie B;0.0;0.0;;;;;GM0431;;;;GM0431;;;;GM0431;;;False;False;False;52.453245693520316;4.889207165088975;WarmteAtlas:LT_WarmteBronnen_ECW;https://www.warmteatlas.nl/geoserver/WarmteAtlas/wfs;2026-06-23T13:53:17;
122052;523800;W_Gemaal_535;0.0;GemaalWarmte;0.0;Optie B;0.0;0.0;;;;;GM0432;;;;GM0432;;;;GM0432;;;False;False;False;52.70061117497578;4.899778994770731;WarmteAtlas:LT_WarmteBronnen_ECW;https://www.warmteatlas.nl/geoserver/WarmteAtlas/wfs;2026-06-23T13:53:17;
123452;523000;W_Gemaal_540;0.0;GemaalWarmte;0.0;Optie B;0.0;0.0;;;;;GM0432;;;;GM0432;;;;GM0432;;;False;False;False;52.69350485335821;4.920566026445458;WarmteAtlas:LT_WarmteBronnen_ECW;https://www.warmteatlas.nl/geoserver/WarmteAtlas/wfs;2026-06-23T13:53:17;
167752;424000;W_Gemaal_1236;0.0;GemaalWarmte;0.0;Optie B;0.0;0.0;;;;;GM0828;;;;GM0828;;;;GM0828;;;False;False;False;51.80448779842485;5.572090886447344;WarmteAtlas:LT_WarmteBronnen_ECW;https://www.warmteatlas.nl/geoserver/WarmteAtlas/wfs;2026-06-23T13:53:17;
152852;418300;W_Gemaal_1276;0.0;GemaalWarmte;0.0;Optie B;0.0;0.0;;;;;GM0828;;;;GM0828;;;;GM0828;;;False;False;False;51.75339574417786;5.356093887328112;WarmteAtlas:LT_WarmteBronnen_ECW;https://www.warmteatlas.nl/geoserver/WarmteAtlas/wfs;2026-06-23T13:53:17;
155983;424616;W_Gemaal_1490;0.0;GemaalWarmte;0.0;Optie B;0.0;0.0;;;;;GM0828;;;;GM0828;;;;GM0828;;;False;False;False;51.810169704829484;5.401456346413937;WarmteAtlas:LT_WarmteBronnen_ECW;https://www.warmteatlas.nl/geoserver/WarmteAtlas/wfs;2026-06-23T13:53:17;
123960;478259;W_Gemaal_50;0.0;GemaalWarmte;0.0;Optie B;0.0;0.0;;;;;GM0437;;;;GM0437;;;;GM0437;;;False;False;False;52.29144255950762;4.932237540200439;WarmteAtlas:LT_WarmteBronnen_ECW;https://www.warmteatlas.nl/geoserver/WarmteAtlas/wfs;2026-06-23T13:53:17;
122152;480600;W_Gemaal_753;0.0;GemaalWarmte;0.0;Optie B;0.0;0.0;;;;;GM0437;;;;GM0437;;;;GM0437;;;False;False;False;52.312377211903936;4.905509838993598;WarmteAtlas:LT_WarmteBronnen_ECW;https://www.warmteatlas.nl/geoserver/WarmteAtlas/wfs;2026-06-23T13:53:17;
123152;478900;W_Gemaal_769;0.0;GemaalWarmte;0.0;Optie B;0.0;0.0;;;;;GM0437;;;;GM0437;;;;GM0437;;;False;False;False;52.29715736489069;4.9203342214272805;WarmteAtlas:LT_WarmteBronnen_ECW;https://www.warmteatlas.nl/geoserver/WarmteAtlas/wfs;2026-06-23T13:53:17;
123652;477200;W_Gemaal_781;0.0;GemaalWarmte;0.0;Optie B;0.0;0.0;;;;;GM0437;;;;GM0437;;;;GM0437;;;False;False;False;52.28190736425695;4.927821520997274;WarmteAtlas:LT_WarmteBronnen_ECW;https://www.warmteatlas.nl/geoserver/WarmteAtlas/wfs;2026-06-23T13:53:17;
125252;476800;W_Gemaal_788;0.0;GemaalWarmte;0.0;Optie B;0.0;0.0;;;;;GM0437;;;;GM0437;;;;GM0437;;;False;False;False;52.27840112665683;4.951302938407293;WarmteAtlas:LT_WarmteBronnen_ECW;https://www.warmteatlas.nl/geoserver/WarmteAtlas/wfs;2026-06-23T13:53:17;
123552;476200;W_Gemaal_795;0.0;GemaalWarmte;0.0;Optie B;0.0;0.0;;;;;GM0437;;;;GM0437;;;;GM0437;;;False;False;False;52.27291416767922;4.926449240851727;WarmteAtlas:LT_WarmteBronnen_ECW;https://www.warmteatlas.nl/geoserver/WarmteAtlas/wfs;2026-06-23T13:53:17;
121552;450400;W_Gemaal_980;0.0;GemaalWarmte;0.0;Optie B;0.0;0.0;;;;;GM0589;;;;GM0589;;;;GM0589;;;False;False;False;52.04091480218872;4.899686621212499;WarmteAtlas:LT_WarmteBronnen_ECW;https://www.warmteatlas.nl/geoserver/WarmteAtlas/wfs;2026-06-23T13:53:17;
120552;449600;W_Gemaal_985;0.0;GemaalWarmte;0.0;Optie B;0.0;0.0;;;;;GM0589;;;;GM0589;;;;GM0589;;;False;False;False;52.03366332006665;4.885192378678338;WarmteAtlas:LT_WarmteBronnen_ECW;https://www.warmteatlas.nl/geoserver/WarmteAtlas/wfs;2026-06-23T13:53:17;
115152;448700;W_Gemaal_996;0.0;GemaalWarmte;0.0;Optie B;0.0;0.0;;;;;GM0589;;;;GM0589;;;;GM0589;;;False;False;False;52.025212633324614;4.80660661410299;WarmteAtlas:LT_WarmteBronnen_ECW;https://www.warmteatlas.nl/geoserver/WarmteAtlas/wfs;2026-06-23T13:53:17;
174652;440100;W_Gemaal_1099;0.0;GemaalWarmte;0.0;Optie B;0.0;0.0;;;;;GM1734;;;;GM1734;;;;GM1734;;;False;False;False;51.94899751154308;5.673050048428029;WarmteAtlas:LT_WarmteBronnen_ECW;https://www.warmteatlas.nl/geoserver/WarmteAtlas/wfs;2026-06-23T13:53:17;
184878;442517;W_Gemaal_1621;0.0;GemaalWarmte;0.0;Optie B;0.0;0.0;;;;;GM1734;;;;GM1734;;;;GM1734;;;False;False;False;51.97026559464921;5.821998963033671;WarmteAtlas:LT_WarmteBronnen_ECW;https://www.warmteatlas.nl/geoserver/WarmteAtlas/wfs;2026-06-23T13:53:17;
183681;441642;W_Gemaal_1623;0.0;GemaalWarmte;0.0;Optie B;0.0;0.0;;;;;GM1734;;;;GM1734;;;;GM1734;;;False;False;False;51.96246422270287;5.804507039886604;WarmteAtlas:LT_WarmteBronnen_ECW;https://www.warmteatlas.nl/geoserver/WarmteAtlas/wfs;2026-06-23T13:53:17;
182863;441458;W_Gemaal_1624;0.0;GemaalWarmte;0.0;Optie B;0.0;0.0;;;;;GM1734;;;;GM1734;;;;GM1734;;;False;False;False;51.96085207393711;5.7925906074643425;WarmteAtlas:LT_WarmteBronnen_ECW;https://www.warmteatlas.nl/geoserver/WarmteAtlas/wfs;2026-06-23T13:53:17;
183825;441768;W_Gemaal_1644;0.0;GemaalWarmte;0.0;Optie B;0.0;0.0;;;;;GM1734;;;;GM1734;;;;GM1734;;;False;False;False;51.963589254817244;5.8066127523033915;WarmteAtlas:LT_WarmteBronnen_ECW;https://www.warmteatlas.nl/geoserver/WarmteAtlas/wfs;2026-06-23T13:53:17;
199652;376000;W_Gemaal_1476;0.0;GemaalWarmte;0.0;Optie B;0.0;0.0;;;;;GM1894;;;;GM1894;;;;GM1894;;;False;False;False;51.37141739354596;6.028456035681326;WarmteAtlas:LT_WarmteBronnen_ECW;https://www.warmteatlas.nl/geoserver/WarmteAtlas/wfs;2026-06-23T13:53:17;
199352;374400;W_Gemaal_1478;0.0;GemaalWarmte;0.0;Optie B;0.0;0.0;;;;;GM1894;;;;GM1894;;;;GM1894;;;False;False;False;51.357059801163814;6.023947317080168;WarmteAtlas:LT_WarmteBronnen_ECW;https://www.warmteatlas.nl/geoserver/WarmteAtlas/wfs;2026-06-23T13:53:17;
193652;372300;W_Gemaal_1479;0.0;GemaalWarmte;0.0;Optie B;0.0;0.0;;;;;GM1894;;;;GM1894;;;;GM1894;;;False;False;False;51.33860278559318;5.941888964870122;WarmteAtlas:LT_WarmteBronnen_ECW;https://www.warmteatlas.nl/geoserver/WarmteAtlas/wfs;2026-06-23T13:53:17;
205562;370299;W_Gemaal_1651;0.0;GemaalWarmte;0.0;Optie B;0.0;0.0;;;;;GM1894;;;;GM1894;;;;GM1894;;;False;False;False;51.31967798034248;6.112510393238584;WarmteAtlas:LT_WarmteBronnen_ECW;https://www.warmteatlas.nl/geoserver/WarmteAtlas/wfs;2026-06-23T13:53:17;
259252;565500;W_Gemaal_352;0.0;GemaalWarmte;0.0;Optie B;0.0;0.0;;;;;GM0765;;;;GM0765;;;;GM0765;;;False;False;False;53.06623733776564;6.942534349887557;WarmteAtlas:LT_WarmteBronnen_ECW;https://www.warmteatlas.nl/geoserver/WarmteAtlas/wfs;2026-06-23T13:53:17;
88652;448200;W_Gemaal_1003;0.0;GemaalWarmte;0.0;Optie B;0.0;0.0;;;;;GM1926;;;;GM1926;;;;GM1926;;;False;False;False;52.01818227425224;4.420633233100893;WarmteAtlas:LT_WarmteBronnen_ECW;https://www.warmteatlas.nl/geoserver/WarmteAtlas/wfs;2026-06-23T13:53:17;
88752;448000;W_Gemaal_1005;0.0;GemaalWarmte;0.0;Optie B;0.0;0.0;;;;;GM1926;;;;GM1926;;;;GM1926;;;False;False;False;52.01639680717521;4.422128563179383;WarmteAtlas:LT_WarmteBronnen_ECW;https://www.warmteatlas.nl/geoserver/WarmteAtlas/wfs;2026-06-23T13:53:17;
88852;444800;W_Gemaal_1044;0.0;GemaalWarmte;0.0;Optie B;0.0;0.0;;;;;GM1926;;;;GM1926;;;;GM1926;;;False;False;False;51.987649971301884;4.424203058304502;WarmteAtlas:LT_WarmteBronnen_ECW;https://www.warmteatlas.nl/geoserver/WarmteAtlas/wfs;2026-06-23T13:53:17;
88052;444400;W_Gemaal_1052;0.0;GemaalWarmte;0.0;Optie B;0.0;0.0;;;;;GM1926;;;;GM1926;;;;GM1926;;;False;False;False;51.98395924195936;4.41263616058493;WarmteAtlas:LT_WarmteBronnen_ECW;https://www.warmteatlas.nl/geoserver/WarmteAtlas/wfs;2026-06-23T13:53:17;
90552;450300;W_Gemaal_981;0.0;GemaalWarmte;0.0;Optie B;0.0;0.0;;;;;GM1926;;;;GM1926;;;;GM1926;;;False;False;False;52.03727923928303;4.447913555902027;WarmteAtlas:LT_WarmteBronnen_ECW;https://www.warmteatlas.nl/geoserver/WarmteAtlas/wfs;2026-06-23T13:53:17;
91052;449500;W_Gemaal_987;0.0;GemaalWarmte;0.0;Optie B;0.0;0.0;;;;;GM1926;;;;GM1926;;;;GM1926;;;False;False;False;52.0301474231072;4.455349407959517;WarmteAtlas:LT_WarmteBronnen_ECW;https://www.warmteatlas.nl/geoserver/WarmteAtlas/wfs;2026-06-23T13:53:17;
89052;449200;W_Gemaal_991;0.0;GemaalWarmte;0.0;Optie B;0.0;0.0;;;;;GM1926;;;;GM1926;;;;GM1926;;;False;False;False;52.02721706314953;4.426266995949963;WarmteAtlas:LT_WarmteBronnen_ECW;https://www.warmteatlas.nl/geoserver/WarmteAtlas/wfs;2026-06-23T13:53:17;
86452;448600;W_Gemaal_997;0.0;GemaalWarmte;0.0;Optie B;0.0;0.0;;;;;GM1926;;;;GM1926;;;;GM1926;;;False;False;False;52.021509595701026;4.388507692552537;WarmteAtlas:LT_WarmteBronnen_ECW;https://www.warmteatlas.nl/geoserver/WarmteAtlas/wfs;2026-06-23T13:53:17;
208252;498100;W_Gemaal_670;0.0;GemaalWarmte;0.0;Optie B;0.0;0.0;;;;;GM0177;;;;GM0177;;;;GM0177;;;False;False;False;52.46804805231704;6.170864561366656;WarmteAtlas:LT_WarmteBronnen_ECW;https://www.warmteatlas.nl/geoserver/WarmteAtlas/wfs;2026-06-23T13:53:17;
208752;497000;W_Gemaal_675;0.0;GemaalWarmte;0.0;Optie B;0.0;0.0;;;;;GM0177;;;;GM0177;;;;GM0177;;;False;False;False;52.45811381162598;6.178045083585609;WarmteAtlas:LT_WarmteBronnen_ECW;https://www.warmteatlas.nl/geoserver/WarmteAtlas/wfs;2026-06-23T13:53:17;
215652;487500;W_Gemaal_721;0.0;GemaalWarmte;0.0;Optie B;0.0;0.0;;;;;GM0177;;;;GM0177;;;;GM0177;;;False;False;False;52.37202021541623;6.277833067482372;WarmteAtlas:LT_WarmteBronnen_ECW;https://www.warmteatlas.nl/geoserver/WarmteAtlas/wfs;2026-06-23T13:53:17;
59152;388900;W_Gemaal_1454;0.0;GemaalWarmte;0.0;Optie B;0.0;0.0;;;;;GM0703;;;;GM0703;;;;GM0703;;;False;False;False;51.48098313287571;4.007353615102558;WarmteAtlas:LT_WarmteBronnen_ECW;https://www.warmteatlas.nl/geoserver/WarmteAtlas/wfs;2026-06-23T13:53:17;
60952;383600;W_Gemaal_1462;0.0;GemaalWarmte;0.0;Optie B;0.0;0.0;;;;;GM0703;;;;GM0703;;;;GM0703;;;False;False;False;51.433657310322694;4.034675086644566;WarmteAtlas:LT_WarmteBronnen_ECW;https://www.warmteatlas.nl/geoserver/WarmteAtlas/wfs;2026-06-23T13:53:17;
72052;383500;W_Gemaal_1463;0.0;GemaalWarmte;0.0;Optie B;0.0;0.0;;;;;GM0703;;;;GM0703;;;;GM0703;;;False;False;False;51.434499874303924;4.194295148108082;WarmteAtlas:LT_WarmteBronnen_ECW;https://www.warmteatlas.nl/geoserver/WarmteAtlas/wfs;2026-06-23T13:53:17;
74452;382400;W_Gemaal_1466;0.0;GemaalWarmte;0.0;Optie B;0.0;0.0;;;;;GM0703;;;;GM0703;;;;GM0703;;;False;False;False;51.424961734915385;4.229054839420366;WarmteAtlas:LT_WarmteBronnen_ECW;https://www.warmteatlas.nl/geoserver/WarmteAtlas/wfs;2026-06-23T13:53:17;
73752;381700;W_Gemaal_1469;0.0;GemaalWarmte;0.0;Optie B;0.0;0.0;;;;;GM0703;;;;GM0703;;;;GM0703;;;False;False;False;51.418570360811096;4.2191531731104925;WarmteAtlas:LT_WarmteBronnen_ECW;https://www.warmteatlas.nl/geoserver/WarmteAtlas/wfs;2026-06-23T13:53:17;
74778;384811;W_Gemaal_1530;0.0;GemaalWarmte;0.0;Optie B;0.0;0.0;;;;;GM0703;;;;GM0703;;;;GM0703;;;False;False;False;51.4466763225774;4.233192716882243;WarmteAtlas:LT_WarmteBronnen_ECW;https://www.warmteatlas.nl/geoserver/WarmteAtlas/wfs;2026-06-23T13:53:17;
74774;378853;W_Gemaal_1551;0.0;GemaalWarmte;0.0;Optie B;0.0;0.0;;;;;GM0703;;;;GM0703;;;;GM0703;;;False;False;False;51.39312993540099;4.234489733528829;WarmteAtlas:LT_WarmteBronnen_ECW;https://www.warmteatlas.nl/geoserver/WarmteAtlas/wfs;2026-06-23T13:53:17;
75043;383515;W_Gemaal_1589;0.0;GemaalWarmte;0.0;Optie B;0.0;0.0;;;;;GM0703;;;;GM0703;;;;GM0703;;;False;False;False;51.43506653189984;4.237298027861035;WarmteAtlas:LT_WarmteBronnen_ECW;https://www.warmteatlas.nl/geoserver/WarmteAtlas/wfs;2026-06-23T13:53:17;
74704;384792;W_Gemaal_1605;0.0;GemaalWarmte;0.0;Optie B;0.0;0.0;;;;;GM0703;;;;GM0703;;;;GM0703;;;False;False;False;51.44649503449738;4.2321327481555535;WarmteAtlas:LT_WarmteBronnen_ECW;https://www.warmteatlas.nl/geoserver/WarmteAtlas/wfs;2026-06-23T13:53:17;
74620;384783;W_Gemaal_1606;0.0;GemaalWarmte;0.0;Optie B;0.0;0.0;;;;;GM0703;;;;GM0703;;;;GM0703;;;False;False;False;51.446402183522906;4.230926684170502;WarmteAtlas:LT_WarmteBronnen_ECW;https://www.warmteatlas.nl/geoserver/WarmteAtlas/wfs;2026-06-23T13:53:17;
183780;442337;W_Gemaal_1622;0.0;GemaalWarmte;0.0;Optie B;0.0;0.0;;;;;GM0274;;;;GM0274;;;;GM0274;;;False;False;False;51.968705759568714;5.806005754660496;WarmteAtlas:LT_WarmteBronnen_ECW;https://www.warmteatlas.nl/geoserver/WarmteAtlas/wfs;2026-06-23T13:53:17;
134752;376600;W_Gemaal_1475;0.0;GemaalWarmte;0.0;Optie B;0.0;0.0;;;;;GM1667;;;;GM1667;;;;GM1667;;;False;False;False;51.37821333513815;5.096374288352079;WarmteAtlas:LT_WarmteBronnen_ECW;https://www.warmteatlas.nl/geoserver/WarmteAtlas/wfs;2026-06-23T13:53:17;
203420;445704;W_Gemaal_1496;0.0;GemaalWarmte;0.0;Optie B;0.0;0.0;;;;;GM0275;;;;GM0275;;;;GM0275;;;False;False;False;51.99760181745902;6.092263736828711;WarmteAtlas:LT_WarmteBronnen_ECW;https://www.warmteatlas.nl/geoserver/WarmteAtlas/wfs;2026-06-23T13:53:17;
99552;434800;W_Gemaal_1143;0.0;GemaalWarmte;0.0;Optie B;0.0;0.0;;;;;GM0597;;;;GM0597;;;;GM0597;;;False;False;False;51.89894664457767;4.5815740615675935;WarmteAtlas:LT_WarmteBronnen_ECW;https://www.warmteatlas.nl/geoserver/WarmteAtlas/wfs;2026-06-23T13:53:17;
98952;433700;W_Gemaal_1155;0.0;GemaalWarmte;0.0;Optie B;0.0;0.0;;;;;GM0597;;;;GM0597;;;;GM0597;;;False;False;False;51.889000258280845;4.573036213476182;WarmteAtlas:LT_WarmteBronnen_ECW;https://www.warmteatlas.nl/geoserver/WarmteAtlas/wfs;2026-06-23T13:53:17;
102452;431900;W_Gemaal_1172;0.0;GemaalWarmte;0.0;Optie B;0.0;0.0;;;;;GM0597;;;;GM0597;;;;GM0597;;;False;False;False;51.873163781451225;4.624147986177746;WarmteAtlas:LT_WarmteBronnen_ECW;https://www.warmteatlas.nl/geoserver/WarmteAtlas/wfs;2026-06-23T13:53:17;
99552;431100;W_Gemaal_1180;0.0;GemaalWarmte;0.0;Optie B;0.0;0.0;;;;;GM0597;;;;GM0597;;;;GM0597;;;False;False;False;51.86569261840995;4.5821692881386475;WarmteAtlas:LT_WarmteBronnen_ECW;https://www.warmteatlas.nl/geoserver/WarmteAtlas/wfs;2026-06-23T13:53:17;
81352;448300;W_Gemaal_1001;0.0;GemaalWarmte;0.0;Optie B;0.0;0.0;;;;;GM0603;;;;GM0603;;;;GM0603;;;False;False;False;52.01815984647993;4.314280921490546;WarmteAtlas:LT_WarmteBronnen_ECW;https://www.warmteatlas.nl/geoserver/WarmteAtlas/wfs;2026-06-23T13:53:17;
195021;356466;W_Gemaal_145;0.0;GemaalWarmte;0.0;Optie B;0.0;0.0;;;;;GM0957;;;;GM0957;;;;GM0957;;;False;False;False;51.196185414572255;5.959751527559038;WarmteAtlas:LT_WarmteBronnen_ECW;https://www.warmteatlas.nl/geoserver/WarmteAtlas/wfs;2026-06-23T13:53:17;
193517;353216;W_Gemaal_146;0.0;GemaalWarmte;0.0;Optie B;0.0;0.0;;;;;GM0957;;;;GM0957;;;;GM0957;;;False;False;False;51.16707700950257;5.9378851891520705;WarmteAtlas:LT_WarmteBronnen_ECW;https://www.warmteatlas.nl/geoserver/WarmteAtlas/wfs;2026-06-23T13:53:17;
195706;357397;W_Gemaal_1519;0.0;GemaalWarmte;0.0;Optie B;0.0;0.0;;;;;GM0957;;;;GM0957;;;;GM0957;;;False;False;False;51.2045049128555;5.969657108292095;WarmteAtlas:LT_WarmteBronnen_ECW;https://www.warmteatlas.nl/geoserver/WarmteAtlas/wfs;2026-06-23T13:53:17;
193824;354855;W_Gemaal_1520;0.0;GemaalWarmte;0.0;Optie B;0.0;0.0;;;;;GM0957;;;;GM0957;;;;GM0957;;;False;False;False;51.181788164115645;5.942452420182701;WarmteAtlas:LT_WarmteBronnen_ECW;https://www.warmteatlas.nl/geoserver/WarmteAtlas/wfs;2026-06-23T13:53:17;
195021;356466;W_Gemaal_1524;0.0;GemaalWarmte;0.0;Optie B;0.0;0.0;;;;;GM0957;;;;GM0957;;;;GM0957;;;False;False;False;51.196185414572255;5.959751527559038;WarmteAtlas:LT_WarmteBronnen_ECW;https://www.warmteatlas.nl/geoserver/WarmteAtlas/wfs;2026-06-23T13:53:17;
193517;353216;W_Gemaal_1525;0.0;GemaalWarmte;0.0;Optie B;0.0;0.0;;;;;GM0957;;;;GM0957;;;;GM0957;;;False;False;False;51.16707700950257;5.9378851891520705;WarmteAtlas:LT_WarmteBronnen_ECW;https://www.warmteatlas.nl/geoserver/WarmteAtlas/wfs;2026-06-23T13:53:17;
192603;353592;W_Gemaal_1629;0.0;GemaalWarmte;0.0;Optie B;0.0;0.0;;;;;GM0957;;;;GM0957;;;;GM0957;;;False;False;False;51.17051789141675;5.924857681878454;WarmteAtlas:LT_WarmteBronnen_ECW;https://www.warmteatlas.nl/geoserver/WarmteAtlas/wfs;2026-06-23T13:53:17;
195694;357913;W_Gemaal_1630;0.0;GemaalWarmte;0.0;Optie B;0.0;0.0;;;;;GM0957;;;;GM0957;;;;GM0957;;;False;False;False;51.20914378519191;5.969544304874308;WarmteAtlas:LT_WarmteBronnen_ECW;https://www.warmteatlas.nl/geoserver/WarmteAtlas/wfs;2026-06-23T13:53:17;
196947;358018;W_Gemaal_1632;0.0;GemaalWarmte;0.0;Optie B;0.0;0.0;;;;;GM0957;;;;GM0957;;;;GM0957;;;False;False;False;51.20999633896868;5.98748657207031;WarmteAtlas:LT_WarmteBronnen_ECW;https://www.warmteatlas.nl/geoserver/WarmteAtlas/wfs;2026-06-23T13:53:17;
196717;358118;W_Gemaal_1648;0.0;GemaalWarmte;0.0;Optie B;0.0;0.0;;;;;GM0957;;;;GM0957;;;;GM0957;;;False;False;False;51.21091212938412;5.984207008276214;WarmteAtlas:LT_WarmteBronnen_ECW;https://www.warmteatlas.nl/geoserver/WarmteAtlas/wfs;2026-06-23T13:53:17;
196641;358106;W_Gemaal_1649;0.0;GemaalWarmte;0.0;Optie B;0.0;0.0;;;;;GM0957;;;;GM0957;;;;GM0957;;;False;False;False;51.210809850360555;5.983118035634309;WarmteAtlas:LT_WarmteBronnen_ECW;https://www.warmteatlas.nl/geoserver/WarmteAtlas/wfs;2026-06-23T13:53:17;
89752;397100;W_Gemaal_1423;0.0;GemaalWarmte;0.0;Optie B;0.0;0.0;;;;;GM1674;;;;GM1674;;;;GM1674;;;False;False;False;51.55905695388854;4.446283882072413;WarmteAtlas:LT_WarmteBronnen_ECW;https://www.warmteatlas.nl/geoserver/WarmteAtlas/wfs;2026-06-23T13:53:17;
69952;444700;W_Gemaal_1047;0.0;GemaalWarmte;0.0;Optie B;0.0;0.0;;;;;GM0599;;;;GM0599;;;;GM0599;;;False;False;False;51.9841780577515;4.149131300333794;WarmteAtlas:LT_WarmteBronnen_ECW;https://www.warmteatlas.nl/geoserver/WarmteAtlas/wfs;2026-06-23T13:53:17;
69652;444500;W_Gemaal_1049;0.0;GemaalWarmte;0.0;Optie B;0.0;0.0;;;;;GM0599;;;;GM0599;;;;GM0599;;;False;False;False;51.98233473674538;4.1448148651636085;WarmteAtlas:LT_WarmteBronnen_ECW;https://www.warmteatlas.nl/geoserver/WarmteAtlas/wfs;2026-06-23T13:53:17;
69752;444400;W_Gemaal_1051;0.0;GemaalWarmte;0.0;Optie B;0.0;0.0;;;;;GM0599;;;;GM0599;;;;GM0599;;;False;False;False;51.98145145102701;4.146295072958869;WarmteAtlas:LT_WarmteBronnen_ECW;https://www.warmteatlas.nl/geoserver/WarmteAtlas/wfs;2026-06-23T13:53:17;
88752;442500;W_Gemaal_1077;0.0;GemaalWarmte;0.0;Optie B;0.0;0.0;;;;;GM0599;;;;GM0599;;;;GM0599;;;False;False;False;51.96696761394082;4.4231916744895665;WarmteAtlas:LT_WarmteBronnen_ECW;https://www.warmteatlas.nl/geoserver/WarmteAtlas/wfs;2026-06-23T13:53:17;
86852;441600;W_Gemaal_1085;0.0;GemaalWarmte;0.0;Optie B;0.0;0.0;;;;;GM0599;;;;GM0599;;;;GM0599;;;False;False;False;51.95864940739165;4.395726315964133;WarmteAtlas:LT_WarmteBronnen_ECW;https://www.warmteatlas.nl/geoserver/WarmteAtlas/wfs;2026-06-23T13:53:17;
71552;441300;W_Gemaal_1088;0.0;GemaalWarmte;0.0;Optie B;0.0;0.0;;;;;GM0599;;;;GM0599;;;;GM0599;;;False;False;False;51.953866540912806;4.173244856036324;WarmteAtlas:LT_WarmteBronnen_ECW;https://www.warmteatlas.nl/geoserver/WarmteAtlas/wfs;2026-06-23T13:53:17;
87152;441300;W_Gemaal_1090;0.0;GemaalWarmte;0.0;Optie B;0.0;0.0;;;;;GM0599;;;;GM0599;;;;GM0599;;;False;False;False;51.955989980349244;4.400149641010666;WarmteAtlas:LT_WarmteBronnen_ECW;https://www.warmteatlas.nl/geoserver/WarmteAtlas/wfs;2026-06-23T13:53:17;
87952;440400;W_Gemaal_1096;0.0;GemaalWarmte;0.0;Optie B;0.0;0.0;;;;;GM0599;;;;GM0599;;;;GM0599;;;False;False;False;51.94799863438617;4.411962131908781;WarmteAtlas:LT_WarmteBronnen_ECW;https://www.warmteatlas.nl/geoserver/WarmteAtlas/wfs;2026-06-23T13:53:17;
65052;439700;W_Gemaal_1102;0.0;GemaalWarmte;0.0;Optie B;0.0;0.0;;;;;GM0599;;;;GM0599;;;;GM0599;;;False;False;False;51.93847446493015;4.079127882781296;WarmteAtlas:LT_WarmteBronnen_ECW;https://www.warmteatlas.nl/geoserver/WarmteAtlas/wfs;2026-06-23T13:53:17;
94252;438800;W_Gemaal_1112;0.0;GemaalWarmte;0.0;Optie B;0.0;0.0;;;;;GM0599;;;;GM0599;;;;GM0599;;;False;False;False;51.93434305883162;4.503870123474751;WarmteAtlas:LT_WarmteBronnen_ECW;https://www.warmteatlas.nl/geoserver/WarmteAtlas/wfs;2026-06-23T13:53:17;
90652;438600;W_Gemaal_1114;0.0;GemaalWarmte;0.0;Optie B;0.0;0.0;;;;;GM0599;;;;GM0599;;;;GM0599;;;False;False;False;51.93214069131463;4.451566682911048;WarmteAtlas:LT_WarmteBronnen_ECW;https://www.warmteatlas.nl/geoserver/WarmteAtlas/wfs;2026-06-23T13:53:17;
87752;438400;W_Gemaal_1117;0.0;GemaalWarmte;0.0;Optie B;0.0;0.0;;;;;GM0599;;;;GM0599;;;;GM0599;;;False;False;False;51.93000014559293;4.40944481569754;WarmteAtlas:LT_WarmteBronnen_ECW;https://www.warmteatlas.nl/geoserver/WarmteAtlas/wfs;2026-06-23T13:53:17;
93752;438300;W_Gemaal_1119;0.0;GemaalWarmte;0.0;Optie B;0.0;0.0;;;;;GM0599;;;;GM0599;;;;GM0599;;;False;False;False;51.92979453686888;4.49668957060601;WarmteAtlas:LT_WarmteBronnen_ECW;https://www.warmteatlas.nl/geoserver/WarmteAtlas/wfs;2026-06-23T13:53:17;
75252;436200;W_Gemaal_1134;0.0;GemaalWarmte;0.0;Optie B;0.0;0.0;;;;;GM0599;;;;GM0599;;;;GM0599;;;False;False;False;51.90857739274224;4.228242775089558;WarmteAtlas:LT_WarmteBronnen_ECW;https://www.warmteatlas.nl/geoserver/WarmteAtlas/wfs;2026-06-23T13:53:17;
94152;434700;W_Gemaal_1144;0.0;GemaalWarmte;0.0;Optie B;0.0;0.0;;;;;GM0599;;;;GM0599;;;;GM0599;;;False;False;False;51.89748384193273;4.503141264141119;WarmteAtlas:LT_WarmteBronnen_ECW;https://www.warmteatlas.nl/geoserver/WarmteAtlas/wfs;2026-06-23T13:53:17;
97552;434600;W_Gemaal_1146;0.0;GemaalWarmte;0.0;Optie B;0.0;0.0;;;;;GM0599;;;;GM0599;;;;GM0599;;;False;False;False;51.89694633977296;4.552551431695391;WarmteAtlas:LT_WarmteBronnen_ECW;https://www.warmteatlas.nl/geoserver/WarmteAtlas/wfs;2026-06-23T13:53:17;
96652;434500;W_Gemaal_1148;0.0;GemaalWarmte;0.0;Optie B;0.0;0.0;;;;;GM0599;;;;GM0599;;;;GM0599;;;False;False;False;51.895953990458366;4.539493798703827;WarmteAtlas:LT_WarmteBronnen_ECW;https://www.warmteatlas.nl/geoserver/WarmteAtlas/wfs;2026-06-23T13:53:17;
91152;432300;W_Gemaal_1168;0.0;GemaalWarmte;0.0;Optie B;0.0;0.0;;;;;GM0599;;;;GM0599;;;;GM0599;;;False;False;False;51.875578245433715;4.460004240093001;WarmteAtlas:LT_WarmteBronnen_ECW;https://www.warmteatlas.nl/geoserver/WarmteAtlas/wfs;2026-06-23T13:53:17;
83852;432200;W_Gemaal_1170;0.0;GemaalWarmte;0.0;Optie B;0.0;0.0;;;;;GM0599;;;;GM0599;;;;GM0599;;;False;False;False;51.8737949777862;4.354030159564239;WarmteAtlas:LT_WarmteBronnen_ECW;https://www.warmteatlas.nl/geoserver/WarmteAtlas/wfs;2026-06-23T13:53:17;
83852;430700;W_Gemaal_1186;0.0;GemaalWarmte;0.0;Optie B;0.0;0.0;;;;;GM0599;;;;GM0599;;;;GM0599;;;False;False;False;51.86031428632686;4.3543395616036955;WarmteAtlas:LT_WarmteBronnen_ECW;https://www.warmteatlas.nl/geoserver/WarmteAtlas/wfs;2026-06-23T13:53:17;
151032;565130;W_Gemaal_1536;0.0;GemaalWarmte;0.0;Optie B;0.0;0.0;;;;;GM1900;;;;GM1900;;;;GM1900;;;False;False;False;53.073003672542136;5.328002705044501;WarmteAtlas:LT_WarmteBronnen_ECW;https://www.warmteatlas.nl/geoserver/WarmteAtlas/wfs;2026-06-23T13:53:17;
151202;565176;W_Gemaal_1537;0.0;GemaalWarmte;0.0;Optie B;0.0;0.0;;;;;GM1900;;;;GM1900;;;;GM1900;;;False;False;False;53.07341825009881;5.330538638858988;WarmteAtlas:LT_WarmteBronnen_ECW;https://www.warmteatlas.nl/geoserver/WarmteAtlas/wfs;2026-06-23T13:53:17;
164552;571000;W_Gemaal_315;0.0;GemaalWarmte;0.0;Optie B;0.0;0.0;;;;;GM1900;;;;GM1900;;;;GM1900;;;False;False;False;53.12568018791989;5.529900273754654;WarmteAtlas:LT_WarmteBronnen_ECW;https://www.warmteatlas.nl/geoserver/WarmteAtlas/wfs;2026-06-23T13:53:17;
174852;570900;W_Gemaal_316;0.0;GemaalWarmte;0.0;Optie B;0.0;0.0;;;;;GM1900;;;;GM1900;;;;GM1900;;;False;False;False;53.12449939804375;5.683759796496156;WarmteAtlas:LT_WarmteBronnen_ECW;https://www.warmteatlas.nl/geoserver/WarmteAtlas/wfs;2026-06-23T13:53:17;
159952;568800;W_Gemaal_327;0.0;GemaalWarmte;0.0;Optie B;0.0;0.0;;;;;GM1900;;;;GM1900;;;;GM1900;;;False;False;False;53.10597358674087;5.461149200954182;WarmteAtlas:LT_WarmteBronnen_ECW;https://www.warmteatlas.nl/geoserver/WarmteAtlas/wfs;2026-06-23T13:53:17;
174452;567900;W_Gemaal_339;0.0;GemaalWarmte;0.0;Optie B;0.0;0.0;;;;;GM1900;;;;GM1900;;;;GM1900;;;False;False;False;53.09755678538259;5.677603970055874;WarmteAtlas:LT_WarmteBronnen_ECW;https://www.warmteatlas.nl/geoserver/WarmteAtlas/wfs;2026-06-23T13:53:17;
177152;567700;W_Gemaal_342;0.0;GemaalWarmte;0.0;Optie B;0.0;0.0;;;;;GM1900;;;;GM1900;;;;GM1900;;;False;False;False;53.09565506744594;5.717897681482337;WarmteAtlas:LT_WarmteBronnen_ECW;https://www.warmteatlas.nl/geoserver/WarmteAtlas/wfs;2026-06-23T13:53:17;
165652;566300;W_Gemaal_347;0.0;GemaalWarmte;0.0;Optie B;0.0;0.0;;;;;GM1900;;;;GM1900;;;;GM1900;;;False;False;False;53.0834260351147;5.546177642350606;WarmteAtlas:LT_WarmteBronnen_ECW;https://www.warmteatlas.nl/geoserver/WarmteAtlas/wfs;2026-06-23T13:53:17;
162452;565400;W_Gemaal_353;0.0;GemaalWarmte;0.0;Optie B;0.0;0.0;;;;;GM1900;;;;GM1900;;8744EX;;GM1900;;8744EX;False;False;False;53.075392648109165;5.4984001468491055;WarmteAtlas:LT_WarmteBronnen_ECW;https://www.warmteatlas.nl/geoserver/WarmteAtlas/wfs;2026-06-23T13:53:17;
159152;565000;W_Gemaal_355;0.0;GemaalWarmte;0.0;Optie B;0.0;0.0;;;;;GM1900;;;;GM1900;;;;GM1900;;;False;False;False;53.071833941105005;5.449154911624553;WarmteAtlas:LT_WarmteBronnen_ECW;https://www.warmteatlas.nl/geoserver/WarmteAtlas/wfs;2026-06-23T13:53:17;
171352;564000;W_Gemaal_357;0.0;GemaalWarmte;0.0;Optie B;0.0;0.0;;;;;GM1900;;;;GM1900;;;;GM1900;;;False;False;False;53.062615230691875;5.631127734443629;WarmteAtlas:LT_WarmteBronnen_ECW;https://www.warmteatlas.nl/geoserver/WarmteAtlas/wfs;2026-06-23T13:53:17;
168552;563600;W_Gemaal_358;0.0;GemaalWarmte;0.0;Optie B;0.0;0.0;;;;;GM1900;;;;GM1900;;;;GM1900;;;False;False;False;53.059098732929975;5.589344010719047;WarmteAtlas:LT_WarmteBronnen_ECW;https://www.warmteatlas.nl/geoserver/WarmteAtlas/wfs;2026-06-23T13:53:17;
159252;562100;W_Gemaal_362;0.0;GemaalWarmte;0.0;Optie B;0.0;0.0;;;;;GM1900;;;;GM1900;;;;GM1900;;;False;False;False;53.04577379105947;5.450608772263404;WarmteAtlas:LT_WarmteBronnen_ECW;https://www.warmteatlas.nl/geoserver/WarmteAtlas/wfs;2026-06-23T13:53:17;
178652;562100;W_Gemaal_363;0.0;GemaalWarmte;0.0;Optie B;0.0;0.0;;;;;GM1900;;;;GM1900;;;;GM1900;;;False;False;False;53.04527051692994;5.739880599570021;WarmteAtlas:LT_WarmteBronnen_ECW;https://www.warmteatlas.nl/geoserver/WarmteAtlas/wfs;2026-06-23T13:53:17;
159852;561700;W_Gemaal_365;0.0;GemaalWarmte;0.0;Optie B;0.0;0.0;;;;;GM1900;;;;GM1900;;;;GM1900;;;False;False;False;53.04217429316224;5.459549417132187;WarmteAtlas:LT_WarmteBronnen_ECW;https://www.warmteatlas.nl/geoserver/WarmteAtlas/wfs;2026-06-23T13:53:17;
167752;559700;W_Gemaal_371;0.0;GemaalWarmte;0.0;Optie B;0.0;0.0;;;;;GM1900;;;;GM1900;;;;GM1900;;;False;False;False;53.02407290646163;5.577258120585533;WarmteAtlas:LT_WarmteBronnen_ECW;https://www.warmteatlas.nl/geoserver/WarmteAtlas/wfs;2026-06-23T13:53:17;
167452;559400;W_Gemaal_374;0.0;GemaalWarmte;0.0;Optie B;0.0;0.0;;;;;GM1900;;;;GM1900;;;;GM1900;;;False;False;False;53.02138411630951;5.572775535630999;WarmteAtlas:LT_WarmteBronnen_ECW;https://www.warmteatlas.nl/geoserver/WarmteAtlas/wfs;2026-06-23T13:53:17;
156352;558200;W_Gemaal_377;0.0;GemaalWarmte;0.0;Optie B;0.0;0.0;;;;;GM1900;;;;GM1900;;;;GM1900;;;False;False;False;53.01074325222016;5.407350271073546;WarmteAtlas:LT_WarmteBronnen_ECW;https://www.warmteatlas.nl/geoserver/WarmteAtlas/wfs;2026-06-23T13:53:17;
167452;558200;W_Gemaal_378;0.0;GemaalWarmte;0.0;Optie B;0.0;0.0;;;;;GM1900;;;;GM1900;;;;GM1900;;;False;False;False;53.01060083100975;5.572729500274288;WarmteAtlas:LT_WarmteBronnen_ECW;https://www.warmteatlas.nl/geoserver/WarmteAtlas/wfs;2026-06-23T13:53:17;
158852;557500;W_Gemaal_382;0.0;GemaalWarmte;0.0;Optie B;0.0;0.0;;;;;GM1900;;;;GM1900;;;;GM1900;;;False;False;False;53.00444083720756;5.444589617396786;WarmteAtlas:LT_WarmteBronnen_ECW;https://www.warmteatlas.nl/geoserver/WarmteAtlas/wfs;2026-06-23T13:53:17;
172452;556700;W_Gemaal_388;0.0;GemaalWarmte;0.0;Optie B;0.0;0.0;;;;;GM1900;;;;GM1900;;;;GM1900;;;False;False;False;52.99698287430471;5.647143459136538;WarmteAtlas:LT_WarmteBronnen_ECW;https://www.warmteatlas.nl/geoserver/WarmteAtlas/wfs;2026-06-23T13:53:17;
170452;555800;W_Gemaal_390;0.0;GemaalWarmte;0.0;Optie B;0.0;0.0;;;;;GM1900;;;;GM1900;;;;GM1900;;;False;False;False;52.98895645965185;5.61731215323344;WarmteAtlas:LT_WarmteBronnen_ECW;https://www.warmteatlas.nl/geoserver/WarmteAtlas/wfs;2026-06-23T13:53:17;
167152;555700;W_Gemaal_392;0.0;GemaalWarmte;0.0;Optie B;0.0;0.0;;;;;GM1900;;;;GM1900;;;;GM1900;;;False;False;False;52.98814239318647;5.5681662953183935;WarmteAtlas:LT_WarmteBronnen_ECW;https://www.warmteatlas.nl/geoserver/WarmteAtlas/wfs;2026-06-23T13:53:17;
163852;555400;W_Gemaal_395;0.0;GemaalWarmte;0.0;Optie B;0.0;0.0;;;;;GM1900;;;;GM1900;;;;GM1900;;;False;False;False;52.985510890671726;5.519016825574968;WarmteAtlas:LT_WarmteBronnen_ECW;https://www.warmteatlas.nl/geoserver/WarmteAtlas/wfs;2026-06-23T13:53:17;
161452;554900;W_Gemaal_396;0.0;GemaalWarmte;0.0;Optie B;0.0;0.0;;;;;GM1900;;;;GM1900;;;;GM1900;;;False;False;False;52.98105190670102;5.483269891530693;WarmteAtlas:LT_WarmteBronnen_ECW;https://www.warmteatlas.nl/geoserver/WarmteAtlas/wfs;2026-06-23T13:53:17;
161552;553700;W_Gemaal_398;0.0;GemaalWarmte;0.0;Optie B;0.0;0.0;;;;;GM1900;;;;GM1900;;;;GM1900;;;False;False;False;52.970267251182314;5.484734589897313;WarmteAtlas:LT_WarmteBronnen_ECW;https://www.warmteatlas.nl/geoserver/WarmteAtlas/wfs;2026-06-23T13:53:17;
157752;553400;W_Gemaal_400;0.0;GemaalWarmte;0.0;Optie B;0.0;0.0;;;;;GM1900;;;;GM1900;;;;GM1900;;;False;False;False;52.967604230479836;5.428168199309579;WarmteAtlas:LT_WarmteBronnen_ECW;https://www.warmteatlas.nl/geoserver/WarmteAtlas/wfs;2026-06-23T13:53:17;
167152;553400;W_Gemaal_401;0.0;GemaalWarmte;0.0;Optie B;0.0;0.0;;;;;GM1900;;;;GM1900;;;;GM1900;;;False;False;False;52.967474191117425;5.568080357807088;WarmteAtlas:LT_WarmteBronnen_ECW;https://www.warmteatlas.nl/geoserver/WarmteAtlas/wfs;2026-06-23T13:53:17;
174652;552400;W_Gemaal_405;0.0;GemaalWarmte;0.0;Optie B;0.0;0.0;;;;;GM1900;;;;GM1900;;;;GM1900;;;False;False;False;52.958266808594345;5.6796509824136265;WarmteAtlas:LT_WarmteBronnen_ECW;https://www.warmteatlas.nl/geoserver/WarmteAtlas/wfs;2026-06-23T13:53:17;
157752;551000;W_Gemaal_409;0.0;GemaalWarmte;0.0;Optie B;0.0;0.0;;;;;GM1900;;;;GM1900;;;;GM1900;;;False;False;False;52.946037195303134;5.428147849987453;WarmteAtlas:LT_WarmteBronnen_ECW;https://www.warmteatlas.nl/geoserver/WarmteAtlas/wfs;2026-06-23T13:53:17;
161752;550400;W_Gemaal_411;0.0;GemaalWarmte;0.0;Optie B;0.0;0.0;;;;;GM1900;;;;GM1900;;;;GM1900;;;False;False;False;52.94061012661278;5.487643151573312;WarmteAtlas:LT_WarmteBronnen_ECW;https://www.warmteatlas.nl/geoserver/WarmteAtlas/wfs;2026-06-23T13:53:17;
156952;544800;W_Gemaal_434;0.0;GemaalWarmte;0.0;Optie B;0.0;0.0;;;;;GM1900;;;;GM1900;;;;GM1900;;;False;False;False;52.89032523198933;5.4162090169204165;WarmteAtlas:LT_WarmteBronnen_ECW;https://www.warmteatlas.nl/geoserver/WarmteAtlas/wfs;2026-06-23T13:53:17;
161852;544300;W_Gemaal_436;0.0;GemaalWarmte;0.0;Optie B;0.0;0.0;;;;;GM1900;;;;GM1900;;;;GM1900;;;False;False;False;52.88579202300587;5.48900248922097;WarmteAtlas:LT_WarmteBronnen_ECW;https://www.warmteatlas.nl/geoserver/WarmteAtlas/wfs;2026-06-23T13:53:17;
155152;544200;W_Gemaal_437;0.0;GemaalWarmte;0.0;Optie B;0.0;0.0;;;;;GM1900;;;;GM1900;;;;GM1900;;;False;False;False;52.88493690486776;5.389464378101839;WarmteAtlas:LT_WarmteBronnen_ECW;https://www.warmteatlas.nl/geoserver/WarmteAtlas/wfs;2026-06-23T13:53:17;
155852;543900;W_Gemaal_440;0.0;GemaalWarmte;0.0;Optie B;0.0;0.0;;;;;GM1900;;;;GM1900;;;;GM1900;;;False;False;False;52.88224030434899;5.399862879445262;WarmteAtlas:LT_WarmteBronnen_ECW;https://www.warmteatlas.nl/geoserver/WarmteAtlas/wfs;2026-06-23T13:53:17;
110352;540900;W_Gemaal_458;0.0;GemaalWarmte;0.0;Optie B;0.0;0.0;;;;;GM0441;;;;GM0441;;;;GM0441;;;False;False;False;52.85344103449174;4.724380910309765;WarmteAtlas:LT_WarmteBronnen_ECW;https://www.warmteatlas.nl/geoserver/WarmteAtlas/wfs;2026-06-23T13:53:17;
111652;540100;W_Gemaal_463;0.0;GemaalWarmte;0.0;Optie B;0.0;0.0;;;;;GM0441;;;;GM0441;;;;GM0441;;;False;False;False;52.846357813434174;4.743784754279748;WarmteAtlas:LT_WarmteBronnen_ECW;https://www.warmteatlas.nl/geoserver/WarmteAtlas/wfs;2026-06-23T13:53:17;
112852;539800;W_Gemaal_466;0.0;GemaalWarmte;0.0;Optie B;0.0;0.0;;;;;GM0441;;;;GM0441;;;;GM0441;;;False;False;False;52.843756702416194;4.7616340725271336;WarmteAtlas:LT_WarmteBronnen_ECW;https://www.warmteatlas.nl/geoserver/WarmteAtlas/wfs;2026-06-23T13:53:17;
110952;538400;W_Gemaal_472;0.0;GemaalWarmte;0.0;Optie B;0.0;0.0;;;;;GM0441;;;;GM0441;;;;GM0441;;;False;False;False;52.831024978451964;4.7336234793686405;WarmteAtlas:LT_WarmteBronnen_ECW;https://www.warmteatlas.nl/geoserver/WarmteAtlas/wfs;2026-06-23T13:53:17;
110052;535500;W_Gemaal_476;0.0;GemaalWarmte;0.0;Optie B;0.0;0.0;;;;;GM0441;;;;GM0441;;;;GM0441;;;False;False;False;52.80489131063188;4.7206671410591134;WarmteAtlas:LT_WarmteBronnen_ECW;https://www.warmteatlas.nl/geoserver/WarmteAtlas/wfs;2026-06-23T13:53:17;
113052;535500;W_Gemaal_477;0.0;GemaalWarmte;0.0;Optie B;0.0;0.0;;;;;GM0441;;;;GM0441;;;;GM0441;;;False;False;False;52.80513170478256;4.7651518554669785;WarmteAtlas:LT_WarmteBronnen_ECW;https://www.warmteatlas.nl/geoserver/WarmteAtlas/wfs;2026-06-23T13:53:17;
113052;535400;W_Gemaal_479;0.0;GemaalWarmte;0.0;Optie B;0.0;0.0;;;;;GM0441;;;;GM0441;;;;GM0441;;;False;False;False;52.804233083083446;4.7651646212413326;WarmteAtlas:LT_WarmteBronnen_ECW;https://www.warmteatlas.nl/geoserver/WarmteAtlas/wfs;2026-06-23T13:53:17;
117552;534800;W_Gemaal_480;0.0;GemaalWarmte;0.0;Optie B;0.0;0.0;;;;;GM0441;;;;GM0441;;;;GM0441;;;False;False;False;52.799170751463905;4.831959692086223;WarmteAtlas:LT_WarmteBronnen_ECW;https://www.warmteatlas.nl/geoserver/WarmteAtlas/wfs;2026-06-23T13:53:17;
117152;533400;W_Gemaal_487;0.0;GemaalWarmte;0.0;Optie B;0.0;0.0;;;;;GM0441;;;;GM0441;;;;GM0441;;;False;False;False;52.786562127336616;4.826190262144949;WarmteAtlas:LT_WarmteBronnen_ECW;https://www.warmteatlas.nl/geoserver/WarmteAtlas/wfs;2026-06-23T13:53:17;
113652;532700;W_Gemaal_490;0.0;GemaalWarmte;0.0;Optie B;0.0;0.0;;;;;GM0441;;;;GM0441;;;;GM0441;;;False;False;False;52.780016267772446;4.774400969200216;WarmteAtlas:LT_WarmteBronnen_ECW;https://www.warmteatlas.nl/geoserver/WarmteAtlas/wfs;2026-06-23T13:53:17;
106452;530400;W_Gemaal_499;0.0;GemaalWarmte;0.0;Optie B;0.0;0.0;;;;;GM0441;;;;GM0441;;;;GM0441;;;False;False;False;52.75875168157568;4.668038859047495;WarmteAtlas:LT_WarmteBronnen_ECW;https://www.warmteatlas.nl/geoserver/WarmteAtlas/wfs;2026-06-23T13:53:17;
113652;530400;W_Gemaal_500;0.0;GemaalWarmte;0.0;Optie B;0.0;0.0;;;;;GM0441;;;;GM0441;;;;GM0441;;;False;False;False;52.75934774692567;4.77468985086775;WarmteAtlas:LT_WarmteBronnen_ECW;https://www.warmteatlas.nl/geoserver/WarmteAtlas/wfs;2026-06-23T13:53:17;
107452;529000;W_Gemaal_505;0.0;GemaalWarmte;0.0;Optie B;0.0;0.0;;;;;GM0441;;;;GM0441;;;;GM0441;;;False;False;False;52.74625947185088;4.683053326717197;WarmteAtlas:LT_WarmteBronnen_ECW;https://www.warmteatlas.nl/geoserver/WarmteAtlas/wfs;2026-06-23T13:53:17;
109252;528900;W_Gemaal_507;0.0;GemaalWarmte;0.0;Optie B;0.0;0.0;;;;;GM0441;;;;GM0441;;;;GM0441;;;False;False;False;52.745515440291385;4.709722111048438;WarmteAtlas:LT_WarmteBronnen_ECW;https://www.warmteatlas.nl/geoserver/WarmteAtlas/wfs;2026-06-23T13:53:17;
115052;528900;W_Gemaal_508;0.0;GemaalWarmte;0.0;Optie B;0.0;0.0;;;;;GM0441;;;;GM0441;;;;GM0441;;;False;False;False;52.74597298699435;4.7956097747531725;WarmteAtlas:LT_WarmteBronnen_ECW;https://www.warmteatlas.nl/geoserver/WarmteAtlas/wfs;2026-06-23T13:53:17;
117252;528700;W_Gemaal_512;0.0;GemaalWarmte;0.0;Optie B;0.0;0.0;;;;;GM0441;;;;GM0441;;;;GM0441;;;False;False;False;52.744333046855;4.828211274144388;WarmteAtlas:LT_WarmteBronnen_ECW;https://www.warmteatlas.nl/geoserver/WarmteAtlas/wfs;2026-06-23T13:53:17;
115052;528300;W_Gemaal_513;0.0;GemaalWarmte;0.0;Optie B;0.0;0.0;;;;;GM0441;;;;GM0441;;;;GM0441;;;False;False;False;52.74058114478711;4.795682482294963;WarmteAtlas:LT_WarmteBronnen_ECW;https://www.warmteatlas.nl/geoserver/WarmteAtlas/wfs;2026-06-23T13:53:17;
108352;526900;W_Gemaal_520;0.0;GemaalWarmte;0.0;Optie B;0.0;0.0;;;;;GM0441;;;;GM0441;;;;GM0441;;;False;False;False;52.72746633440563;4.69667782049388;WarmteAtlas:LT_WarmteBronnen_ECW;https://www.warmteatlas.nl/geoserver/WarmteAtlas/wfs;2026-06-23T13:53:17;
111752;526200;W_Gemaal_521;0.0;GemaalWarmte;0.0;Optie B;0.0;0.0;;;;;GM0441;;;;GM0441;;;;GM0441;;;False;False;False;52.721457084434654;4.74709644179972;WarmteAtlas:LT_WarmteBronnen_ECW;https://www.warmteatlas.nl/geoserver/WarmteAtlas/wfs;2026-06-23T13:53:17;
116252;525700;W_Gemaal_525;0.0;GemaalWarmte;0.0;Optie B;0.0;0.0;;;;;GM0441;;;;GM0441;;;;GM0441;;;False;False;False;52.71730326586977;4.813755778878898;WarmteAtlas:LT_WarmteBronnen_ECW;https://www.warmteatlas.nl/geoserver/WarmteAtlas/wfs;2026-06-23T13:53:17;
113052;525500;W_Gemaal_526;0.0;GemaalWarmte;0.0;Optie B;0.0;0.0;;;;;GM0441;;;;GM0441;;;;GM0441;;;False;False;False;52.71526847206322;4.766425462029596;WarmteAtlas:LT_WarmteBronnen_ECW;https://www.warmteatlas.nl/geoserver/WarmteAtlas/wfs;2026-06-23T13:53:17;
112152;524800;W_Gemaal_529;0.0;GemaalWarmte;0.0;Optie B;0.0;0.0;;;;;GM0441;;;;GM0441;;;;GM0441;;;False;False;False;52.70890778968846;4.753198152740931;WarmteAtlas:LT_WarmteBronnen_ECW;https://www.warmteatlas.nl/geoserver/WarmteAtlas/wfs;2026-06-23T13:53:17;
110652;523300;W_Gemaal_536;0.0;GemaalWarmte;0.0;Optie B;0.0;0.0;;;;;GM0441;;;;GM0441;;;;GM0441;;;False;False;False;52.69530790393315;4.731205893521742;WarmteAtlas:LT_WarmteBronnen_ECW;https://www.warmteatlas.nl/geoserver/WarmteAtlas/wfs;2026-06-23T13:53:17;
51552;418000;W_Gemaal_1279;0.0;GemaalWarmte;0.0;Optie B;0.0;0.0;;;;;GM1676;;;;GM1676;;;;GM1676;;;False;False;False;51.741133964150755;3.8893623688962577;WarmteAtlas:LT_WarmteBronnen_ECW;https://www.warmteatlas.nl/geoserver/WarmteAtlas/wfs;2026-06-23T13:53:17;
48952;415000;W_Gemaal_1294;0.0;GemaalWarmte;0.0;Optie B;0.0;0.0;;;;;GM1676;;;;GM1676;;;;GM1676;;;False;False;False;51.71368939878083;3.852645079917105;WarmteAtlas:LT_WarmteBronnen_ECW;https://www.warmteatlas.nl/geoserver/WarmteAtlas/wfs;2026-06-23T13:53:17;
59152;414100;W_Gemaal_1306;0.0;GemaalWarmte;0.0;Optie B;0.0;0.0;;;;;GM1676;;;;GM1676;;;;GM1676;;;False;False;False;51.70744164716927;4.000447836619854;WarmteAtlas:LT_WarmteBronnen_ECW;https://www.warmteatlas.nl/geoserver/WarmteAtlas/wfs;2026-06-23T13:53:17;
49552;413800;W_Gemaal_1313;0.0;GemaalWarmte;0.0;Optie B;0.0;0.0;;;;;GM1676;;;;GM1676;;;;GM1676;;;False;False;False;51.70301970181841;3.8616882674556816;WarmteAtlas:LT_WarmteBronnen_ECW;https://www.warmteatlas.nl/geoserver/WarmteAtlas/wfs;2026-06-23T13:53:17;
54852;412000;W_Gemaal_1322;0.0;GemaalWarmte;0.0;Optie B;0.0;0.0;;;;;GM1676;;;;GM1676;;;;GM1676;;;False;False;False;51.68781787751864;3.938857322993711;WarmteAtlas:LT_WarmteBronnen_ECW;https://www.warmteatlas.nl/geoserver/WarmteAtlas/wfs;2026-06-23T13:53:17;
49652;410700;W_Gemaal_1335;0.0;GemaalWarmte;0.0;Optie B;0.0;0.0;;;;;GM1676;;;;GM1676;;;;GM1676;;;False;False;False;51.6751821801831;3.8640727149703684;WarmteAtlas:LT_WarmteBronnen_ECW;https://www.warmteatlas.nl/geoserver/WarmteAtlas/wfs;2026-06-23T13:53:17;
58352;404200;W_Gemaal_1380;0.0;GemaalWarmte;0.0;Optie B;0.0;0.0;;;;;GM1676;;;;GM1676;;;;GM1676;;;False;False;False;51.61833919529823;3.991621685157573;WarmteAtlas:LT_WarmteBronnen_ECW;https://www.warmteatlas.nl/geoserver/WarmteAtlas/wfs;2026-06-23T13:53:17;
69351;410701;W_Gemaal_1557;0.0;GemaalWarmte;0.0;Optie B;0.0;0.0;;;;;GM1676;;;;GM1676;;;;GM1676;;;False;False;False;51.67854914172516;4.148811359286292;WarmteAtlas:LT_WarmteBronnen_ECW;https://www.warmteatlas.nl/geoserver/WarmteAtlas/wfs;2026-06-23T13:53:17;
47219;418905;W_Gemaal_1559;0.0;GemaalWarmte;0.0;Optie B;0.0;0.0;;;;;GM1676;;;;GM1676;;;;GM1676;;;False;False;False;51.748447691913455;3.826364910898993;WarmteAtlas:LT_WarmteBronnen_ECW;https://www.warmteatlas.nl/geoserver/WarmteAtlas/wfs;2026-06-23T13:53:17;
70059;408494;W_Gemaal_1590;0.0;GemaalWarmte;0.0;Optie B;0.0;0.0;;;;;GM1676;;;;GM1676;;;;GM1676;;;False;False;False;51.65882298511597;4.159584023442903;WarmteAtlas:LT_WarmteBronnen_ECW;https://www.warmteatlas.nl/geoserver/WarmteAtlas/wfs;2026-06-23T13:53:17;
70069;409207;W_Gemaal_1591;0.0;GemaalWarmte;0.0;Optie B;0.0;0.0;;;;;GM1676;;;;GM1676;;;;GM1676;;;False;False;False;51.66523212206456;4.159554785687672;WarmteAtlas:LT_WarmteBronnen_ECW;https://www.warmteatlas.nl/geoserver/WarmteAtlas/wfs;2026-06-23T13:53:17;
69942;408620;W_Gemaal_1609;0.0;GemaalWarmte;0.0;Optie B;0.0;0.0;;;;;GM1676;;;;GM1676;;;;GM1676;;;False;False;False;51.659937585086205;4.157862697327934;WarmteAtlas:LT_WarmteBronnen_ECW;https://www.warmteatlas.nl/geoserver/WarmteAtlas/wfs;2026-06-23T13:53:17;
70023;408548;W_Gemaal_1656;0.0;GemaalWarmte;0.0;Optie B;0.0;0.0;;;;;GM1676;;;;GM1676;;;;GM1676;;;False;False;False;51.65930281829041;4.159050681003051;WarmteAtlas:LT_WarmteBronnen_ECW;https://www.warmteatlas.nl/geoserver/WarmteAtlas/wfs;2026-06-23T13:53:17;
70093;408531;W_Gemaal_1657;0.0;GemaalWarmte;0.0;Optie B;0.0;0.0;;;;;GM1676;;;;GM1676;;;;GM1676;;;False;False;False;51.6591606499116;4.160066292583445;WarmteAtlas:LT_WarmteBronnen_ECW;https://www.warmteatlas.nl/geoserver/WarmteAtlas/wfs;2026-06-23T13:53:17;
69946;408526;W_Gemaal_1658;0.0;GemaalWarmte;0.0;Optie B;0.0;0.0;;;;;GM1676;;;;GM1676;;;;GM1676;;;False;False;False;51.65909342873667;4.15794343105319;WarmteAtlas:LT_WarmteBronnen_ECW;https://www.warmteatlas.nl/geoserver/WarmteAtlas/wfs;2026-06-23T13:53:17;
69917;408555;W_Gemaal_1659;0.0;GemaalWarmte;0.0;Optie B;0.0;0.0;;;;;GM1676;;;;GM1676;;;;GM1676;;;False;False;False;51.65934964590042;4.157517317406146;WarmteAtlas:LT_WarmteBronnen_ECW;https://www.warmteatlas.nl/geoserver/WarmteAtlas/wfs;2026-06-23T13:53:17;
70094;409205;W_Gemaal_1660;0.0;GemaalWarmte;0.0;Optie B;0.0;0.0;;;;;GM1676;;;;GM1676;;;;GM1676;;;False;False;False;51.665217936571615;4.159916559918603;WarmteAtlas:LT_WarmteBronnen_ECW;https://www.warmteatlas.nl/geoserver/WarmteAtlas/wfs;2026-06-23T13:53:17;
74352;450400;W_Gemaal_979;0.0;GemaalWarmte;0.0;Optie B;0.0;0.0;;;;;GM0518;;;;GM0518;;;;GM0518;;;False;False;False;52.03605817540604;4.211827767723;WarmteAtlas:LT_WarmteBronnen_ECW;https://www.warmteatlas.nl/geoserver/WarmteAtlas/wfs;2026-06-23T13:53:17;
79952;449500;W_Gemaal_986;0.0;GemaalWarmte;0.0;Optie B;0.0;0.0;;;;;GM0518;;;;GM0518;;;;GM0518;;;False;False;False;52.02875636082911;4.293625700774296;WarmteAtlas:LT_WarmteBronnen_ECW;https://www.warmteatlas.nl/geoserver/WarmteAtlas/wfs;2026-06-23T13:53:17;
154952;412500;W_Gemaal_1319;0.0;GemaalWarmte;0.0;Optie B;0.0;0.0;;;;;GM0796;;;;GM0796;;;;GM0796;;;False;False;False;51.70126676923658;5.386507494387918;WarmteAtlas:LT_WarmteBronnen_ECW;https://www.warmteatlas.nl/geoserver/WarmteAtlas/wfs;2026-06-23T13:53:17;
147552;411500;W_Gemaal_1328;0.0;GemaalWarmte;0.0;Optie B;0.0;0.0;;;;;GM0796;;;;GM0796;;;;GM0796;;;False;False;False;51.692228894446096;5.2794829222312885;WarmteAtlas:LT_WarmteBronnen_ECW;https://www.warmteatlas.nl/geoserver/WarmteAtlas/wfs;2026-06-23T13:53:17;
149252;408800;W_Gemaal_1350;0.0;GemaalWarmte;0.0;Optie B;0.0;0.0;;;;;GM0796;;;;GM0796;;;;GM0796;;;False;False;False;51.66797995963756;5.304114130483298;WarmteAtlas:LT_WarmteBronnen_ECW;https://www.warmteatlas.nl/geoserver/WarmteAtlas/wfs;2026-06-23T13:53:17;
150652;406800;W_Gemaal_1364;0.0;GemaalWarmte;0.0;Optie B;0.0;0.0;;;;;GM0845;;;;GM0845;;;;GM0845;;;False;False;False;51.650015513339596;5.3243760633766035;WarmteAtlas:LT_WarmteBronnen_ECW;https://www.warmteatlas.nl/geoserver/WarmteAtlas/wfs;2026-06-23T13:53:17;
150752;406700;W_Gemaal_1365;0.0;GemaalWarmte;0.0;Optie B;0.0;0.0;;;;;GM0845;;;;GM0845;;;;GM0845;;;False;False;False;51.6491174256284;5.325822208461661;WarmteAtlas:LT_WarmteBronnen_ECW;https://www.warmteatlas.nl/geoserver/WarmteAtlas/wfs;2026-06-23T13:53:17;
150352;406500;W_Gemaal_1367;0.0;GemaalWarmte;0.0;Optie B;0.0;0.0;;;;;GM0845;;;;GM0845;;;;GM0845;;;False;False;False;51.647316554940915;5.3200452619398115;WarmteAtlas:LT_WarmteBronnen_ECW;https://www.warmteatlas.nl/geoserver/WarmteAtlas/wfs;2026-06-23T13:53:17;
150352;405500;W_Gemaal_1373;0.0;GemaalWarmte;0.0;Optie B;0.0;0.0;;;;;GM0845;;;;GM0845;;;;GM0845;;;False;False;False;51.63832802589641;5.320058553655132;WarmteAtlas:LT_WarmteBronnen_ECW;https://www.warmteatlas.nl/geoserver/WarmteAtlas/wfs;2026-06-23T13:53:17;
152052;404000;W_Gemaal_1383;0.0;GemaalWarmte;0.0;Optie B;0.0;0.0;;;;;GM0845;;;;GM0845;;;;GM0845;;;False;False;False;51.62485669372279;5.344628655276573;WarmteAtlas:LT_WarmteBronnen_ECW;https://www.warmteatlas.nl/geoserver/WarmteAtlas/wfs;2026-06-23T13:53:17;
183610;339308;W_Gemaal_1592;0.0;GemaalWarmte;0.0;Optie B;0.0;0.0;;;;;GM1883;;;;GM1883;;;;GM1883;;;False;False;False;51.04264873628427;5.795136371644373;WarmteAtlas:LT_WarmteBronnen_ECW;https://www.warmteatlas.nl/geoserver/WarmteAtlas/wfs;2026-06-23T13:53:17;
183682;338572;W_Gemaal_1593;0.0;GemaalWarmte;0.0;Optie B;0.0;0.0;;;;;GM1883;;;;GM1883;;;;GM1883;;;False;False;False;51.03602950351377;5.7961042432296;WarmteAtlas:LT_WarmteBronnen_ECW;https://www.warmteatlas.nl/geoserver/WarmteAtlas/wfs;2026-06-23T13:53:17;
183855;338582;W_Gemaal_1634;0.0;GemaalWarmte;0.0;Optie B;0.0;0.0;;;;;GM1883;;;;GM1883;;;;GM1883;;;False;False;False;51.03611066247915;5.798571359156029;WarmteAtlas:LT_WarmteBronnen_ECW;https://www.warmteatlas.nl/geoserver/WarmteAtlas/wfs;2026-06-23T13:53:17;
150852;465900;W_Gemaal_861;0.0;GemaalWarmte;0.0;Optie B;0.0;0.0;;;;;GM0342;;;;GM0342;;;;GM0342;;;False;False;False;52.18122173277132;5.326555212623438;WarmteAtlas:LT_WarmteBronnen_ECW;https://www.warmteatlas.nl/geoserver/WarmteAtlas/wfs;2026-06-23T13:53:17;
173752;385300;W_Gemaal_1459;0.0;GemaalWarmte;0.0;Optie B;0.0;0.0;;;;;GM0847;;;;GM0847;;;;GM0847;;;False;False;False;51.45646507130087;5.657002566271268;WarmteAtlas:LT_WarmteBronnen_ECW;https://www.warmteatlas.nl/geoserver/WarmteAtlas/wfs;2026-06-23T13:53:17;
209952;521100;W_Gemaal_548;0.0;GemaalWarmte;0.0;Optie B;0.0;0.0;;;;;GM0180;;;;GM0180;;;;GM0180;;;False;False;False;52.67456811132865;6.199680979817421;WarmteAtlas:LT_WarmteBronnen_ECW;https://www.warmteatlas.nl/geoserver/WarmteAtlas/wfs;2026-06-23T13:53:17;
208652;519100;W_Gemaal_559;0.0;GemaalWarmte;0.0;Optie B;0.0;0.0;;;;;GM0180;;;;GM0180;;;;GM0180;;;False;False;False;52.65672533144539;6.1801376948631255;WarmteAtlas:LT_WarmteBronnen_ECW;https://www.warmteatlas.nl/geoserver/WarmteAtlas/wfs;2026-06-23T13:53:17;
205252;518900;W_Gemaal_561;0.0;GemaalWarmte;0.0;Optie B;0.0;0.0;;;;;GM0180;;;;GM0180;;;;GM0180;;;False;False;False;52.65525257026775;6.129862333040161;WarmteAtlas:LT_WarmteBronnen_ECW;https://www.warmteatlas.nl/geoserver/WarmteAtlas/wfs;2026-06-23T13:53:17;
210452;516400;W_Gemaal_573;0.0;GemaalWarmte;0.0;Optie B;0.0;0.0;;;;;GM0180;;;;GM0180;;;;GM0180;;;False;False;False;52.63228201019699;6.206285597473092;WarmteAtlas:LT_WarmteBronnen_ECW;https://www.warmteatlas.nl/geoserver/WarmteAtlas/wfs;2026-06-23T13:53:17;
212452;511600;W_Gemaal_601;0.0;GemaalWarmte;0.0;Optie B;0.0;0.0;;;;;GM0180;;;;GM0180;;;;GM0180;;;False;False;False;52.588940554404594;6.234993364758245;WarmteAtlas:LT_WarmteBronnen_ECW;https://www.warmteatlas.nl/geoserver/WarmteAtlas/wfs;2026-06-23T13:53:17;
77952;404100;W_Gemaal_1382;0.0;GemaalWarmte;0.0;Optie B;0.0;0.0;;;;;GM0851;;;;GM0851;;;;GM0851;;;False;False;False;51.620473941789044;4.274606956808854;WarmteAtlas:LT_WarmteBronnen_ECW;https://www.warmteatlas.nl/geoserver/WarmteAtlas/wfs;2026-06-23T13:53:17;
72552;403500;W_Gemaal_1387;0.0;GemaalWarmte;0.0;Optie B;0.0;0.0;;;;;GM0851;;;;GM0851;;;;GM0851;;;False;False;False;51.61431432316743;4.196786558863293;WarmteAtlas:LT_WarmteBronnen_ECW;https://www.warmteatlas.nl/geoserver/WarmteAtlas/wfs;2026-06-23T13:53:17;
77952;403300;W_Gemaal_1390;0.0;GemaalWarmte;0.0;Optie B;0.0;0.0;;;;;GM0851;;;;GM0851;;;;GM0851;;;False;False;False;51.61328419529614;4.274783387446701;WarmteAtlas:LT_WarmteBronnen_ECW;https://www.warmteatlas.nl/geoserver/WarmteAtlas/wfs;2026-06-23T13:53:17;
80252;402900;W_Gemaal_1395;0.0;GemaalWarmte;0.0;Optie B;0.0;0.0;;;;;GM0851;;;;GM0851;;;;GM0851;;;False;False;False;51.61000031477481;4.30807062412645;WarmteAtlas:LT_WarmteBronnen_ECW;https://www.warmteatlas.nl/geoserver/WarmteAtlas/wfs;2026-06-23T13:53:17;
81652;402000;W_Gemaal_1401;0.0;GemaalWarmte;0.0;Optie B;0.0;0.0;;;;;GM0851;;;;GM0851;;;;GM0851;;;False;False;False;51.60209641373667;4.328467842113899;WarmteAtlas:LT_WarmteBronnen_ECW;https://www.warmteatlas.nl/geoserver/WarmteAtlas/wfs;2026-06-23T13:53:17;
80152;401700;W_Gemaal_1403;0.0;GemaalWarmte;0.0;Optie B;0.0;0.0;;;;;GM0851;;;;GM0851;;;;GM0851;;;False;False;False;51.59920226411736;4.306884104497686;WarmteAtlas:LT_WarmteBronnen_ECW;https://www.warmteatlas.nl/geoserver/WarmteAtlas/wfs;2026-06-23T13:53:17;
84652;401100;W_Gemaal_1407;0.0;GemaalWarmte;0.0;Optie B;0.0;0.0;;;;;GM0851;;;;GM0851;;;;GM0851;;;False;False;False;51.594391643563;4.371945451303662;WarmteAtlas:LT_WarmteBronnen_ECW;https://www.warmteatlas.nl/geoserver/WarmteAtlas/wfs;2026-06-23T13:53:17;
84752;401000;W_Gemaal_1408;0.0;GemaalWarmte;0.0;Optie B;0.0;0.0;;;;;GM0851;;;;GM0851;;;;GM0851;;;False;False;False;51.59350541835706;4.373408510845559;WarmteAtlas:LT_WarmteBronnen_ECW;https://www.warmteatlas.nl/geoserver/WarmteAtlas/wfs;2026-06-23T13:53:17;
80052;400000;W_Gemaal_1411;0.0;GemaalWarmte;0.0;Optie B;0.0;0.0;;;;;GM0851;;;;GM0851;;;;GM0851;;;False;False;False;51.58391055158805;4.305805226732949;WarmteAtlas:LT_WarmteBronnen_ECW;https://www.warmteatlas.nl/geoserver/WarmteAtlas/wfs;2026-06-23T13:53:17;
87652;399500;W_Gemaal_1416;0.0;GemaalWarmte;0.0;Optie B;0.0;0.0;;;;;GM0851;;;;GM0851;;;;GM0851;;;False;False;False;51.58037939408778;4.4155430912892015;WarmteAtlas:LT_WarmteBronnen_ECW;https://www.warmteatlas.nl/geoserver/WarmteAtlas/wfs;2026-06-23T13:53:17;
74052;398900;W_Gemaal_1418;0.0;GemaalWarmte;0.0;Optie B;0.0;0.0;;;;;GM0851;;;;GM0851;;;;GM0851;;;False;False;False;51.573192197133984;4.2195043695353665;WarmteAtlas:LT_WarmteBronnen_ECW;https://www.warmteatlas.nl/geoserver/WarmteAtlas/wfs;2026-06-23T13:53:17;
191452;537200;W_Gemaal_474;0.0;GemaalWarmte;0.0;Optie B;0.0;0.0;;;;;GM1708;;;;GM1708;;;;GM1708;;;False;False;False;52.820804247067294;5.92795142849528;WarmteAtlas:LT_WarmteBronnen_ECW;https://www.warmteatlas.nl/geoserver/WarmteAtlas/wfs;2026-06-23T13:53:17;
184452;536300;W_Gemaal_475;0.0;GemaalWarmte;0.0;Optie B;0.0;0.0;;;;;GM1708;;;;GM1708;;;;GM1708;;;False;False;False;52.813142353647166;5.824032750454387;WarmteAtlas:LT_WarmteBronnen_ECW;https://www.warmteatlas.nl/geoserver/WarmteAtlas/wfs;2026-06-23T13:53:17;
198052;533800;W_Gemaal_483;0.0;GemaalWarmte;0.0;Optie B;0.0;0.0;;;;;GM1708;;;;GM1708;;;;GM1708;;;False;False;False;52.78976683084449;6.02540769552226;WarmteAtlas:LT_WarmteBronnen_ECW;https://www.warmteatlas.nl/geoserver/WarmteAtlas/wfs;2026-06-23T13:53:17;
202152;531700;W_Gemaal_492;0.0;GemaalWarmte;0.0;Optie B;0.0;0.0;;;;;GM1708;;;;GM1708;;;;GM1708;;;False;False;False;52.77055482542033;6.085880730257871;WarmteAtlas:LT_WarmteBronnen_ECW;https://www.warmteatlas.nl/geoserver/WarmteAtlas/wfs;2026-06-23T13:53:17;
195652;531400;W_Gemaal_493;0.0;GemaalWarmte;0.0;Optie B;0.0;0.0;;;;;GM1708;;;;GM1708;;;;GM1708;;;False;False;False;52.76838496632575;5.989535427206894;WarmteAtlas:LT_WarmteBronnen_ECW;https://www.warmteatlas.nl/geoserver/WarmteAtlas/wfs;2026-06-23T13:53:17;
203352;531000;W_Gemaal_494;0.0;GemaalWarmte;0.0;Optie B;0.0;0.0;;;;;GM1708;;;;GM1708;;;;GM1708;;;False;False;False;52.764158881922675;6.103557560392451;WarmteAtlas:LT_WarmteBronnen_ECW;https://www.warmteatlas.nl/geoserver/WarmteAtlas/wfs;2026-06-23T13:53:17;
203352;531000;W_Gemaal_496;0.0;GemaalWarmte;0.0;Optie B;0.0;0.0;;;;;GM1708;;;;GM1708;;;;GM1708;;;False;False;False;52.764158881922675;6.103557560392451;WarmteAtlas:LT_WarmteBronnen_ECW;https://www.warmteatlas.nl/geoserver/WarmteAtlas/wfs;2026-06-23T13:53:17;
201552;529300;W_Gemaal_503;0.0;GemaalWarmte;0.0;Optie B;0.0;0.0;;;;;GM1708;;;;GM1708;;;;GM1708;;;False;False;False;52.7490397054946;6.0766514743052955;WarmteAtlas:LT_WarmteBronnen_ECW;https://www.warmteatlas.nl/geoserver/WarmteAtlas/wfs;2026-06-23T13:53:17;
196852;528100;W_Gemaal_514;0.0;GemaalWarmte;0.0;Optie B;0.0;0.0;;;;;GM1708;;;;GM1708;;;;GM1708;;;False;False;False;52.73863879225812;6.0068951080111415;WarmteAtlas:LT_WarmteBronnen_ECW;https://www.warmteatlas.nl/geoserver/WarmteAtlas/wfs;2026-06-23T13:53:17;
200852;526200;W_Gemaal_522;0.0;GemaalWarmte;0.0;Optie B;0.0;0.0;;;;;GM1708;;;;GM1708;;;;GM1708;;;False;False;False;52.72124175968748;6.065853804091375;WarmteAtlas:LT_WarmteBronnen_ECW;https://www.warmteatlas.nl/geoserver/WarmteAtlas/wfs;2026-06-23T13:53:17;
195552;524400;W_Gemaal_532;0.0;GemaalWarmte;0.0;Optie B;0.0;0.0;;;;;GM1708;;;;GM1708;;;;GM1708;;;False;False;False;52.70548760775599;5.987192558452685;WarmteAtlas:LT_WarmteBronnen_ECW;https://www.warmteatlas.nl/geoserver/WarmteAtlas/wfs;2026-06-23T13:53:17;
194652;524200;W_Gemaal_534;0.0;GemaalWarmte;0.0;Optie B;0.0;0.0;;;;;GM1708;;;;GM1708;;;;GM1708;;;False;False;False;52.70375671436728;5.973853269366589;WarmteAtlas:LT_WarmteBronnen_ECW;https://www.warmteatlas.nl/geoserver/WarmteAtlas/wfs;2026-06-23T13:53:17;
206852;522800;W_Gemaal_542;0.0;GemaalWarmte;0.0;Optie B;0.0;0.0;;;;;GM1708;;;;GM1708;;;;GM1708;;;False;False;False;52.69014907728794;6.154117642438811;WarmteAtlas:LT_WarmteBronnen_ECW;https://www.warmteatlas.nl/geoserver/WarmteAtlas/wfs;2026-06-23T13:53:17;
205252;521100;W_Gemaal_547;0.0;GemaalWarmte;0.0;Optie B;0.0;0.0;;;;;GM1708;;;;GM1708;;;;GM1708;;;False;False;False;52.67502255350309;6.130196490124884;WarmteAtlas:LT_WarmteBronnen_ECW;https://www.warmteatlas.nl/geoserver/WarmteAtlas/wfs;2026-06-23T13:53:17;
193452;520300;W_Gemaal_554;0.0;GemaalWarmte;0.0;Optie B;0.0;0.0;;;;;GM1708;;;;GM1708;;;;GM1708;;;False;False;False;52.6687953374129;5.955646427158503;WarmteAtlas:LT_WarmteBronnen_ECW;https://www.warmteatlas.nl/geoserver/WarmteAtlas/wfs;2026-06-23T13:53:17;
195452;519100;W_Gemaal_558;0.0;GemaalWarmte;0.0;Optie B;0.0;0.0;;;;;GM1708;;;;GM1708;;;;GM1708;;;False;False;False;52.657866423043295;5.9850644640378805;WarmteAtlas:LT_WarmteBronnen_ECW;https://www.warmteatlas.nl/geoserver/WarmteAtlas/wfs;2026-06-23T13:53:17;
198152;517400;W_Gemaal_567;0.0;GemaalWarmte;0.0;Optie B;0.0;0.0;;;;;GM1708;;;;GM1708;;;;GM1708;;;False;False;False;52.64238191401492;6.0247451625707775;WarmteAtlas:LT_WarmteBronnen_ECW;https://www.warmteatlas.nl/geoserver/WarmteAtlas/wfs;2026-06-23T13:53:17;
181158;329492;W_Gemaal_1661;0.0;GemaalWarmte;0.0;Optie B;0.0;0.0;;;;;GM0971;;;;GM0971;;;;GM0971;;;False;False;False;50.95453402392014;5.759462377764564;WarmteAtlas:LT_WarmteBronnen_ECW;https://www.warmteatlas.nl/geoserver/WarmteAtlas/wfs;2026-06-23T13:53:17;
129955;476217;W_Gemaal_1603;0.0;GemaalWarmte;0.0;Optie B;0.0;0.0;;;;;GM1904;;;;GM1904;;;;GM1904;;;False;False;False;52.27339533726916;5.020258303556542;WarmteAtlas:LT_WarmteBronnen_ECW;https://www.warmteatlas.nl/geoserver/WarmteAtlas/wfs;2026-06-23T13:53:17;
129752;474600;W_Gemaal_805;0.0;GemaalWarmte;0.0;Optie B;0.0;0.0;;;;;GM1904;;;;GM1904;;;;GM1904;;;False;False;False;52.25885312454222;5.0174049034643255;WarmteAtlas:LT_WarmteBronnen_ECW;https://www.warmteatlas.nl/geoserver/WarmteAtlas/wfs;2026-06-23T13:53:17;
131152;472400;W_Gemaal_821;0.0;GemaalWarmte;0.0;Optie B;0.0;0.0;;;;;GM1904;;;;GM1904;;;;GM1904;;;False;False;False;52.23914268055002;5.038064939367524;WarmteAtlas:LT_WarmteBronnen_ECW;https://www.warmteatlas.nl/geoserver/WarmteAtlas/wfs;2026-06-23T13:53:17;
129152;471300;W_Gemaal_824;0.0;GemaalWarmte;0.0;Optie B;0.0;0.0;;;;;GM1904;;;;GM1904;;;;GM1904;;;False;False;False;52.229166136885596;5.0088691596710015;WarmteAtlas:LT_WarmteBronnen_ECW;https://www.warmteatlas.nl/geoserver/WarmteAtlas/wfs;2026-06-23T13:53:17;
126752;470300;W_Gemaal_835;0.0;GemaalWarmte;0.0;Optie B;0.0;0.0;;;;;GM1904;;;;GM1904;;;;GM1904;;;False;False;False;52.220060798921764;4.9738248325586145;WarmteAtlas:LT_WarmteBronnen_ECW;https://www.warmteatlas.nl/geoserver/WarmteAtlas/wfs;2026-06-23T13:53:17;
127952;469700;W_Gemaal_840;0.0;GemaalWarmte;0.0;Optie B;0.0;0.0;;;;;GM1904;;;;GM1904;;;;GM1904;;;False;False;False;52.21472835099398;4.991433018570368;WarmteAtlas:LT_WarmteBronnen_ECW;https://www.warmteatlas.nl/geoserver/WarmteAtlas/wfs;2026-06-23T13:53:17;
129552;468700;W_Gemaal_845;0.0;GemaalWarmte;0.0;Optie B;0.0;0.0;;;;;GM1904;;;;GM1904;;;;GM1904;;;False;False;False;52.20581678370367;5.0149190617876735;WarmteAtlas:LT_WarmteBronnen_ECW;https://www.warmteatlas.nl/geoserver/WarmteAtlas/wfs;2026-06-23T13:53:17;
129552;467600;W_Gemaal_851;0.0;GemaalWarmte;0.0;Optie B;0.0;0.0;;;;;GM1904;;;;GM1904;;;;GM1904;;;False;False;False;52.19593031141896;5.01500160125327;WarmteAtlas:LT_WarmteBronnen_ECW;https://www.warmteatlas.nl/geoserver/WarmteAtlas/wfs;2026-06-23T13:53:17;
128152;466400;W_Gemaal_857;0.0;GemaalWarmte;0.0;Optie B;0.0;0.0;;;;;GM1904;;;;GM1904;;;;GM1904;;;False;False;False;52.18507875547332;4.9946206186824655;WarmteAtlas:LT_WarmteBronnen_ECW;https://www.warmteatlas.nl/geoserver/WarmteAtlas/wfs;2026-06-23T13:53:17;
129052;466200;W_Gemaal_858;0.0;GemaalWarmte;0.0;Optie B;0.0;0.0;;;;;GM1904;;;;GM1904;;;;GM1904;;;False;False;False;52.183324235987776;5.0077958138183085;WarmteAtlas:LT_WarmteBronnen_ECW;https://www.warmteatlas.nl/geoserver/WarmteAtlas/wfs;2026-06-23T13:53:17;
126652;464200;W_Gemaal_873;0.0;GemaalWarmte;0.0;Optie B;0.0;0.0;;;;;GM1904;;;;GM1904;;;;GM1904;;;False;False;False;52.16523083354634;4.972871163088871;WarmteAtlas:LT_WarmteBronnen_ECW;https://www.warmteatlas.nl/geoserver/WarmteAtlas/wfs;2026-06-23T13:53:17;
124452;462800;W_Gemaal_882;0.0;GemaalWarmte;0.0;Optie B;0.0;0.0;;;;;GM1904;;;;GM1904;;;;GM1904;;;False;False;False;52.15253079212524;4.940842856370577;WarmteAtlas:LT_WarmteBronnen_ECW;https://www.warmteatlas.nl/geoserver/WarmteAtlas/wfs;2026-06-23T13:53:17;
129552;462300;W_Gemaal_884;0.0;GemaalWarmte;0.0;Optie B;0.0;0.0;;;;;GM1904;;;;GM1904;;;;GM1904;;;False;False;False;52.1482952501684;5.015398701339915;WarmteAtlas:LT_WarmteBronnen_ECW;https://www.warmteatlas.nl/geoserver/WarmteAtlas/wfs;2026-06-23T13:53:17;
129652;461900;W_Gemaal_888;0.0;GemaalWarmte;0.0;Optie B;0.0;0.0;;;;;GM1904;;;;GM1904;;;;GM1904;;;False;False;False;52.14470472933401;5.016889521989177;WarmteAtlas:LT_WarmteBronnen_ECW;https://www.warmteatlas.nl/geoserver/WarmteAtlas/wfs;2026-06-23T13:53:17;
40371;371983;W_Gemaal_136;0.0;GemaalWarmte;0.0;Optie B;0.0;0.0;;;;;GM0715;;;;GM0715;;;;GM0715;;;False;False;False;51.32546420137314;3.7425666843851007;WarmteAtlas:LT_WarmteBronnen_ECW;https://www.warmteatlas.nl/geoserver/WarmteAtlas/wfs;2026-06-23T13:53:17;
120852;574700;W_Gemaal_285;0.0;GemaalWarmte;0.0;Optie B;0.0;0.0;;;;;GM0448;;;;GM0448;;;;GM0448;;;False;False;False;53.15792652535388;4.876702916105576;WarmteAtlas:LT_WarmteBronnen_ECW;https://www.warmteatlas.nl/geoserver/WarmteAtlas/wfs;2026-06-23T13:53:17;
121852;568700;W_Gemaal_331;0.0;GemaalWarmte;0.0;Optie B;0.0;0.0;;;;;GM0448;;;;GM0448;;;;GM0448;;;False;False;False;53.10407612522704;4.892267841159583;WarmteAtlas:LT_WarmteBronnen_ECW;https://www.warmteatlas.nl/geoserver/WarmteAtlas/wfs;2026-06-23T13:53:17;
122152;568200;W_Gemaal_337;0.0;GemaalWarmte;0.0;Optie B;0.0;0.0;;;;;GM0448;;;;GM0448;;;;GM0448;;;False;False;False;53.099601740185484;4.896797807103897;WarmteAtlas:LT_WarmteBronnen_ECW;https://www.warmteatlas.nl/geoserver/WarmteAtlas/wfs;2026-06-23T13:53:17;
120452;563300;W_Gemaal_361;0.0;GemaalWarmte;0.0;Optie B;0.0;0.0;;;;;GM0448;;;;GM0448;;;;GM0448;;;False;False;False;53.05546551626645;4.871940959546796;WarmteAtlas:LT_WarmteBronnen_ECW;https://www.warmteatlas.nl/geoserver/WarmteAtlas/wfs;2026-06-23T13:53:17;
117652;560600;W_Gemaal_366;0.0;GemaalWarmte;0.0;Optie B;0.0;0.0;;;;;GM0448;;;;GM0448;;;;GM0448;;;False;False;False;53.03101715495621;4.830492950906182;WarmteAtlas:LT_WarmteBronnen_ECW;https://www.warmteatlas.nl/geoserver/WarmteAtlas/wfs;2026-06-23T13:53:17;
115852;559100;W_Gemaal_375;0.0;GemaalWarmte;0.0;Optie B;0.0;0.0;;;;;GM0448;;;;GM0448;;;;GM0448;;;False;False;False;53.01741077820902;4.803844017880548;WarmteAtlas:LT_WarmteBronnen_ECW;https://www.warmteatlas.nl/geoserver/WarmteAtlas/wfs;2026-06-23T13:53:17;
94852;473400;W_Gemaal_812;0.0;GemaalWarmte;0.0;Optie B;0.0;0.0;;;;;GM1525;;;;GM1525;;;;GM1525;;;False;False;False;52.245364119593376;4.506490808132961;WarmteAtlas:LT_WarmteBronnen_ECW;https://www.warmteatlas.nl/geoserver/WarmteAtlas/wfs;2026-06-23T13:53:17;
96252;472500;W_Gemaal_819;0.0;GemaalWarmte;0.0;Optie B;0.0;0.0;;;;;GM1525;;;;GM1525;;;;GM1525;;;False;False;False;52.237426867040064;4.527144240573091;WarmteAtlas:LT_WarmteBronnen_ECW;https://www.warmteatlas.nl/geoserver/WarmteAtlas/wfs;2026-06-23T13:53:17;
96952;470900;W_Gemaal_829;0.0;GemaalWarmte;0.0;Optie B;0.0;0.0;;;;;GM1525;;;;GM1525;;;;GM1525;;;False;False;False;52.22312181584985;4.53766535863273;WarmteAtlas:LT_WarmteBronnen_ECW;https://www.warmteatlas.nl/geoserver/WarmteAtlas/wfs;2026-06-23T13:53:17;
96252;469300;W_Gemaal_842;0.0;GemaalWarmte;0.0;Optie B;0.0;0.0;;;;;GM1525;;;;GM1525;;;;GM1525;;;False;False;False;52.20866847223352;4.527699323218703;WarmteAtlas:LT_WarmteBronnen_ECW;https://www.warmteatlas.nl/geoserver/WarmteAtlas/wfs;2026-06-23T13:53:17;
93052;469100;W_Gemaal_843;0.0;GemaalWarmte;0.0;Optie B;0.0;0.0;;;;;GM1525;;;;GM1525;;;;GM1525;;;False;False;False;52.20652105053094;4.4809241872474495;WarmteAtlas:LT_WarmteBronnen_ECW;https://www.warmteatlas.nl/geoserver/WarmteAtlas/wfs;2026-06-23T13:53:17;
71252;401900;W_Gemaal_1402;0.0;GemaalWarmte;0.0;Optie B;0.0;0.0;;;;;GM0716;;;;GM0716;;;;GM0716;;;False;False;False;51.599742734641545;4.178403977579615;WarmteAtlas:LT_WarmteBronnen_ECW;https://www.warmteatlas.nl/geoserver/WarmteAtlas/wfs;2026-06-23T13:53:17;
72652;399800;W_Gemaal_1414;0.0;GemaalWarmte;0.0;Optie B;0.0;0.0;;;;;GM0716;;;;GM0716;;;;GM0716;;;False;False;False;51.58107708845789;4.199101375214378;WarmteAtlas:LT_WarmteBronnen_ECW;https://www.warmteatlas.nl/geoserver/WarmteAtlas/wfs;2026-06-23T13:53:17;
61952;396900;W_Gemaal_1425;0.0;GemaalWarmte;0.0;Optie B;0.0;0.0;;;;;GM0716;;;;GM0716;;;;GM0716;;;False;False;False;51.55334562658699;4.045532396577711;WarmteAtlas:LT_WarmteBronnen_ECW;https://www.warmteatlas.nl/geoserver/WarmteAtlas/wfs;2026-06-23T13:53:17;
69852;396600;W_Gemaal_1426;0.0;GemaalWarmte;0.0;Optie B;0.0;0.0;;;;;GM0716;;;;GM0716;;;;GM0716;;;False;False;False;51.551901521919895;4.159490159826095;WarmteAtlas:LT_WarmteBronnen_ECW;https://www.warmteatlas.nl/geoserver/WarmteAtlas/wfs;2026-06-23T13:53:17;
68252;393600;W_Gemaal_1441;0.0;GemaalWarmte;0.0;Optie B;0.0;0.0;;;;;GM0716;;;;GM0716;;;;GM0716;;;False;False;False;51.524696293285714;4.137167593410259;WarmteAtlas:LT_WarmteBronnen_ECW;https://www.warmteatlas.nl/geoserver/WarmteAtlas/wfs;2026-06-23T13:53:17;
73752;393600;W_Gemaal_1442;0.0;GemaalWarmte;0.0;Optie B;0.0;0.0;;;;;GM0716;;;;GM0716;;;;GM0716;;;False;False;False;51.52551734596772;4.216405992878441;WarmteAtlas:LT_WarmteBronnen_ECW;https://www.warmteatlas.nl/geoserver/WarmteAtlas/wfs;2026-06-23T13:53:17;
156052;432000;W_Gemaal_1171;0.0;GemaalWarmte;0.0;Optie B;0.0;0.0;;;;;GM0281;;;;GM0281;;;;GM0281;;;False;False;False;51.87653946830721;5.402479628213538;WarmteAtlas:LT_WarmteBronnen_ECW;https://www.warmteatlas.nl/geoserver/WarmteAtlas/wfs;2026-06-23T13:53:17;
155252;431800;W_Gemaal_1173;0.0;GemaalWarmte;0.0;Optie B;0.0;0.0;;;;;GM0281;;;;GM0281;;;;GM0281;;;False;False;False;51.8747427606788;5.390861876051928;WarmteAtlas:LT_WarmteBronnen_ECW;https://www.warmteatlas.nl/geoserver/WarmteAtlas/wfs;2026-06-23T13:53:17;
130452;394800;W_Gemaal_1435;0.0;GemaalWarmte;0.0;Optie B;0.0;0.0;;;;;GM0855;;;;GM0855;;;;GM0855;;;False;False;False;51.54163410056356;5.033345172156144;WarmteAtlas:LT_WarmteBronnen_ECW;https://www.warmteatlas.nl/geoserver/WarmteAtlas/wfs;2026-06-23T13:53:17;
127610;400870;W_Gemaal_1574;0.0;GemaalWarmte;0.0;Optie B;0.0;0.0;;;;;GM0855;;;;GM0855;;;;GM0855;;;False;False;False;51.59606261253137;4.991904392732537;WarmteAtlas:LT_WarmteBronnen_ECW;https://www.warmteatlas.nl/geoserver/WarmteAtlas/wfs;2026-06-23T13:53:17;
127572;401026;W_Gemaal_1596;0.0;GemaalWarmte;0.0;Optie B;0.0;0.0;;;;;GM0855;;;;GM0855;;;;GM0855;;;False;False;False;51.597462948168626;4.991343750892892;WarmteAtlas:LT_WarmteBronnen_ECW;https://www.warmteatlas.nl/geoserver/WarmteAtlas/wfs;2026-06-23T13:53:17;
227452;498500;W_Gemaal_669;0.0;GemaalWarmte;0.0;Optie B;0.0;0.0;;;;;GM1700;;;;GM1700;;;;GM1700;;;False;False;False;52.46943782934734;6.453458953675053;WarmteAtlas:LT_WarmteBronnen_ECW;https://www.warmteatlas.nl/geoserver/WarmteAtlas/wfs;2026-06-23T13:53:17;
240552;497300;W_Gemaal_674;0.0;GemaalWarmte;0.0;Optie B;0.0;0.0;;;;;GM1700;;;;GM1700;;;;GM1700;;;False;False;False;52.45676434125911;6.645899444791768;WarmteAtlas:LT_WarmteBronnen_ECW;https://www.warmteatlas.nl/geoserver/WarmteAtlas/wfs;2026-06-23T13:53:17;
235752;496900;W_Gemaal_677;0.0;GemaalWarmte;0.0;Optie B;0.0;0.0;;;;;GM1700;;;;GM1700;;;;GM1700;;;False;False;False;52.453898938015215;6.575197274811265;WarmteAtlas:LT_WarmteBronnen_ECW;https://www.warmteatlas.nl/geoserver/WarmteAtlas/wfs;2026-06-23T13:53:17;
234452;496600;W_Gemaal_678;0.0;GemaalWarmte;0.0;Optie B;0.0;0.0;;;;;GM1700;;;;GM1700;;;;GM1700;;;False;False;False;52.45139333242664;6.5560047780069395;WarmteAtlas:LT_WarmteBronnen_ECW;https://www.warmteatlas.nl/geoserver/WarmteAtlas/wfs;2026-06-23T13:53:17;
238852;496500;W_Gemaal_680;0.0;GemaalWarmte;0.0;Optie B;0.0;0.0;;;;;GM1700;;;;GM1700;;;;GM1700;;;False;False;False;52.44983874078211;6.62069308847047;WarmteAtlas:LT_WarmteBronnen_ECW;https://www.warmteatlas.nl/geoserver/WarmteAtlas/wfs;2026-06-23T13:53:17;
236152;570700;W_Gemaal_318;0.0;GemaalWarmte;0.0;Optie B;0.0;0.0;;;;;GM1730;;;;GM1730;;;;GM1730;;;False;False;False;53.11693690601566;6.599296479594509;WarmteAtlas:LT_WarmteBronnen_ECW;https://www.warmteatlas.nl/geoserver/WarmteAtlas/wfs;2026-06-23T13:53:17;
243252;569700;W_Gemaal_324;0.0;GemaalWarmte;0.0;Optie B;0.0;0.0;;;;;GM1730;;;;GM1730;;;;GM1730;;;False;False;False;53.1068332642079;6.705043302505199;WarmteAtlas:LT_WarmteBronnen_ECW;https://www.warmteatlas.nl/geoserver/WarmteAtlas/wfs;2026-06-23T13:53:17;
188952;585900;W_Gemaal_209;0.0;GemaalWarmte;0.0;Optie B;0.0;0.0;;;;;GM0737;;;;GM0737;;;;GM0737;;;False;False;False;53.25857265659334;5.895964437510363;WarmteAtlas:LT_WarmteBronnen_ECW;https://www.warmteatlas.nl/geoserver/WarmteAtlas/wfs;2026-06-23T13:53:17;
191252;581900;W_Gemaal_235;0.0;GemaalWarmte;0.0;Optie B;0.0;0.0;;;;;GM0737;;;;GM0737;;;;GM0737;;;False;False;False;53.2224811034993;5.929975729298091;WarmteAtlas:LT_WarmteBronnen_ECW;https://www.warmteatlas.nl/geoserver/WarmteAtlas/wfs;2026-06-23T13:53:17;
198152;581200;W_Gemaal_238;0.0;GemaalWarmte;0.0;Optie B;0.0;0.0;;;;;GM0737;;;;GM0737;;;;GM0737;;;False;False;False;53.21567980091451;6.033183301469911;WarmteAtlas:LT_WarmteBronnen_ECW;https://www.warmteatlas.nl/geoserver/WarmteAtlas/wfs;2026-06-23T13:53:17;
189152;581100;W_Gemaal_239;0.0;GemaalWarmte;0.0;Optie B;0.0;0.0;;;;;GM0737;;;;GM0737;;;;GM0737;;;False;False;False;53.21543101373028;5.8984505562861465;WarmteAtlas:LT_WarmteBronnen_ECW;https://www.warmteatlas.nl/geoserver/WarmteAtlas/wfs;2026-06-23T13:53:17;
197152;580100;W_Gemaal_245;0.0;GemaalWarmte;0.0;Optie B;0.0;0.0;;;;;GM0737;;;;GM0737;;;;GM0737;;;False;False;False;53.20587583652516;6.018070177003198;WarmteAtlas:LT_WarmteBronnen_ECW;https://www.warmteatlas.nl/geoserver/WarmteAtlas/wfs;2026-06-23T13:53:17;
187052;579900;W_Gemaal_247;0.0;GemaalWarmte;0.0;Optie B;0.0;0.0;;;;;GM0737;;;;GM0737;;;;GM0737;;;False;False;False;53.20477849045376;5.866895766391221;WarmteAtlas:LT_WarmteBronnen_ECW;https://www.warmteatlas.nl/geoserver/WarmteAtlas/wfs;2026-06-23T13:53:17;
197452;578800;W_Gemaal_257;0.0;GemaalWarmte;0.0;Optie B;0.0;0.0;;;;;GM0737;;;;GM0737;;;;GM0737;;;False;False;False;53.19417145918348;6.022388248470113;WarmteAtlas:LT_WarmteBronnen_ECW;https://www.warmteatlas.nl/geoserver/WarmteAtlas/wfs;2026-06-23T13:53:17;
190352;578100;W_Gemaal_259;0.0;GemaalWarmte;0.0;Optie B;0.0;0.0;;;;;GM0737;;;;GM0737;;;;GM0737;;;False;False;False;53.18839730384013;5.916083618347156;WarmteAtlas:LT_WarmteBronnen_ECW;https://www.warmteatlas.nl/geoserver/WarmteAtlas/wfs;2026-06-23T13:53:17;
193152;577900;W_Gemaal_261;0.0;GemaalWarmte;0.0;Optie B;0.0;0.0;;;;;GM0737;;;;GM0737;;;;GM0737;;;False;False;False;53.18640820088447;5.957946790752575;WarmteAtlas:LT_WarmteBronnen_ECW;https://www.warmteatlas.nl/geoserver/WarmteAtlas/wfs;2026-06-23T13:53:17;
192252;576800;W_Gemaal_271;0.0;GemaalWarmte;0.0;Optie B;0.0;0.0;;;;;GM0737;;;;GM0737;;;;GM0737;;;False;False;False;53.176587694977066;5.944356479978327;WarmteAtlas:LT_WarmteBronnen_ECW;https://www.warmteatlas.nl/geoserver/WarmteAtlas/wfs;2026-06-23T13:53:17;
188652;576100;W_Gemaal_277;0.0;GemaalWarmte;0.0;Optie B;0.0;0.0;;;;;GM0737;;;;GM0737;;;;GM0737;;;False;False;False;53.170536034217314;5.890443063308725;WarmteAtlas:LT_WarmteBronnen_ECW;https://www.warmteatlas.nl/geoserver/WarmteAtlas/wfs;2026-06-23T13:53:17;
199352;575500;W_Gemaal_279;0.0;GemaalWarmte;0.0;Optie B;0.0;0.0;;;;;GM0737;;;;GM0737;;;;GM0737;;;False;False;False;53.16436651218043;6.050360347039944;WarmteAtlas:LT_WarmteBronnen_ECW;https://www.warmteatlas.nl/geoserver/WarmteAtlas/wfs;2026-06-23T13:53:17;
192852;572200;W_Gemaal_309;0.0;GemaalWarmte;0.0;Optie B;0.0;0.0;;;;;GM0737;;;;GM0737;;;;GM0737;;;False;False;False;53.135212996928836;5.952789708404139;WarmteAtlas:LT_WarmteBronnen_ECW;https://www.warmteatlas.nl/geoserver/WarmteAtlas/wfs;2026-06-23T13:53:17;
109552;504700;W_Gemaal_632;0.0;GemaalWarmte;0.0;Optie B;0.0;0.0;;;;;GM0450;;;;GM0450;;;;GM0450;;;False;False;False;52.528066629655264;4.717482418374501;WarmteAtlas:LT_WarmteBronnen_ECW;https://www.warmteatlas.nl/geoserver/WarmteAtlas/wfs;2026-06-23T13:53:17;
114752;471200;W_Gemaal_826;0.0;GemaalWarmte;0.0;Optie B;0.0;0.0;;;;;GM0451;;;;GM0451;;;;GM0451;;;False;False;False;52.22740441254108;4.79811842564952;WarmteAtlas:LT_WarmteBronnen_ECW;https://www.warmteatlas.nl/geoserver/WarmteAtlas/wfs;2026-06-23T13:53:17;
110752;470100;W_Gemaal_836;0.0;GemaalWarmte;0.0;Optie B;0.0;0.0;;;;;GM0451;;;;GM0451;;;;GM0451;;;False;False;False;52.217211862694;4.73971999210283;WarmteAtlas:LT_WarmteBronnen_ECW;https://www.warmteatlas.nl/geoserver/WarmteAtlas/wfs;2026-06-23T13:53:17;
135632;451433;W_Gemaal_1638;0.0;GemaalWarmte;0.0;Optie B;0.0;0.0;;;;;GM0344;;;;GM0344;;;;GM0344;;;False;False;False;52.0508699574657;5.104845855190741;WarmteAtlas:LT_WarmteBronnen_ECW;https://www.warmteatlas.nl/geoserver/WarmteAtlas/wfs;2026-06-23T13:53:17;
135632;451433;W_Gemaal_1639;0.0;GemaalWarmte;0.0;Optie B;0.0;0.0;;;;;GM0344;;;;GM0344;;;;GM0344;;;False;False;False;52.0508699574657;5.104845855190741;WarmteAtlas:LT_WarmteBronnen_ECW;https://www.warmteatlas.nl/geoserver/WarmteAtlas/wfs;2026-06-23T13:53:17;
128152;461200;W_Gemaal_892;0.0;GemaalWarmte;0.0;Optie B;0.0;0.0;;;;;GM0344;;;;GM0344;;;;GM0344;;;False;False;False;52.13834247528881;4.995031448926478;WarmteAtlas:LT_WarmteBronnen_ECW;https://www.warmteatlas.nl/geoserver/WarmteAtlas/wfs;2026-06-23T13:53:17;
128252;457000;W_Gemaal_919;0.0;GemaalWarmte;0.0;Optie B;0.0;0.0;;;;;GM0344;;;;GM0344;;;;GM0344;;;False;False;False;52.10059851273474;4.996821997018485;WarmteAtlas:LT_WarmteBronnen_ECW;https://www.warmteatlas.nl/geoserver/WarmteAtlas/wfs;2026-06-23T13:53:17;
133852;454900;W_Gemaal_942;0.0;GemaalWarmte;0.0;Optie B;0.0;0.0;;;;;GM0344;;;;GM0344;;;;GM0344;;;False;False;False;52.08196614859113;5.078681710031435;WarmteAtlas:LT_WarmteBronnen_ECW;https://www.warmteatlas.nl/geoserver/WarmteAtlas/wfs;2026-06-23T13:53:17;
159252;368100;W_Gemaal_1483;0.0;GemaalWarmte;0.0;Optie B;0.0;0.0;;;;;GM0858;;;;GM0858;;;;GM0858;;;False;False;False;51.302155558157814;5.448171134357132;WarmteAtlas:LT_WarmteBronnen_ECW;https://www.warmteatlas.nl/geoserver/WarmteAtlas/wfs;2026-06-23T13:53:17;
158952;367500;W_Gemaal_1485;0.0;GemaalWarmte;0.0;Optie B;0.0;0.0;;;;;GM0858;;;;GM0858;;;;GM0858;;;False;False;False;51.296764494733864;5.443862645816847;WarmteAtlas:LT_WarmteBronnen_ECW;https://www.warmteatlas.nl/geoserver/WarmteAtlas/wfs;2026-06-23T13:53:17;
35652;396200;W_Gemaal_1429;0.0;GemaalWarmte;0.0;Optie B;0.0;0.0;;;;;GM0717;;;;GM0717;;;;GM0717;;;False;False;False;51.542088445046296;3.666693051824691;WarmteAtlas:LT_WarmteBronnen_ECW;https://www.warmteatlas.nl/geoserver/WarmteAtlas/wfs;2026-06-23T13:53:17;
35752;396200;W_Gemaal_1430;0.0;GemaalWarmte;0.0;Optie B;0.0;0.0;;;;;GM0717;;;;GM0717;;;;GM0717;;;False;False;False;51.542109657120996;3.6681340234576387;WarmteAtlas:LT_WarmteBronnen_ECW;https://www.warmteatlas.nl/geoserver/WarmteAtlas/wfs;2026-06-23T13:53:17;
157852;379700;W_Gemaal_1472;0.0;GemaalWarmte;0.0;Optie B;0.0;0.0;;;;;GM0861;;;;GM0861;;;;GM0861;;;False;False;False;51.40643348467573;5.428189946087625;WarmteAtlas:LT_WarmteBronnen_ECW;https://www.warmteatlas.nl/geoserver/WarmteAtlas/wfs;2026-06-23T13:53:17;
101632;498352;W_Gemaal_1538;0.0;GemaalWarmte;0.0;Optie B;0.0;0.0;;;;;GM0453;;;;GM0453;;;;GM0453;;;False;False;False;52.47030359325093;4.601797637159617;WarmteAtlas:LT_WarmteBronnen_ECW;https://www.warmteatlas.nl/geoserver/WarmteAtlas/wfs;2026-06-23T13:53:17;
101637;498454;W_Gemaal_1588;0.0;GemaalWarmte;0.0;Optie B;0.0;0.0;;;;;GM0453;;;;GM0453;;;;GM0453;;;False;False;False;52.47122072302051;4.601854935695593;WarmteAtlas:LT_WarmteBronnen_ECW;https://www.warmteatlas.nl/geoserver/WarmteAtlas/wfs;2026-06-23T13:53:17;
101652;498500;W_Gemaal_668;0.0;GemaalWarmte;0.0;Optie B;0.0;0.0;;;;;GM0453;;;;GM0453;;;;GM0453;;;False;False;False;52.471635572519666;4.602068332965492;WarmteAtlas:LT_WarmteBronnen_ECW;https://www.warmteatlas.nl/geoserver/WarmteAtlas/wfs;2026-06-23T13:53:17;
106252;496100;W_Gemaal_682;0.0;GemaalWarmte;0.0;Optie B;0.0;0.0;;;;;GM0453;;;;GM0453;;;;GM0453;;;False;False;False;52.45049609390831;4.670112122148588;WarmteAtlas:LT_WarmteBronnen_ECW;https://www.warmteatlas.nl/geoserver/WarmteAtlas/wfs;2026-06-23T13:53:17;
106352;493900;W_Gemaal_692;0.0;GemaalWarmte;0.0;Optie B;0.0;0.0;;;;;GM0453;;;;GM0453;;;;GM0453;;;False;False;False;52.43073387831627;4.671902614927818;WarmteAtlas:LT_WarmteBronnen_ECW;https://www.warmteatlas.nl/geoserver/WarmteAtlas/wfs;2026-06-23T13:53:17;
106752;493500;W_Gemaal_696;0.0;GemaalWarmte;0.0;Optie B;0.0;0.0;;;;;GM0453;;;;GM0453;;;;GM0453;;;False;False;False;52.427174472305474;4.677841223846486;WarmteAtlas:LT_WarmteBronnen_ECW;https://www.warmteatlas.nl/geoserver/WarmteAtlas/wfs;2026-06-23T13:53:17;
107852;492800;W_Gemaal_700;0.0;GemaalWarmte;0.0;Optie B;0.0;0.0;;;;;GM0453;;;;GM0453;;;;GM0453;;;False;False;False;52.42097932544021;4.694111223993665;WarmteAtlas:LT_WarmteBronnen_ECW;https://www.warmteatlas.nl/geoserver/WarmteAtlas/wfs;2026-06-23T13:53:17;
210916;390074;W_Gemaal_128;0.0;GemaalWarmte;0.0;Optie B;0.0;0.0;;;;;GM0983;;;;GM0983;;;;GM0983;;;False;False;False;51.496911416295106;6.192439286214697;WarmteAtlas:LT_WarmteBronnen_ECW;https://www.warmteatlas.nl/geoserver/WarmteAtlas/wfs;2026-06-23T13:53:17;
209852;381900;W_Gemaal_1468;0.0;GemaalWarmte;0.0;Optie B;0.0;0.0;;;;;GM0983;;;;GM0983;;;;GM0983;;;False;False;False;51.42354840210652;6.175844511937241;WarmteAtlas:LT_WarmteBronnen_ECW;https://www.warmteatlas.nl/geoserver/WarmteAtlas/wfs;2026-06-23T13:53:17;
205622;370270;W_Gemaal_1650;0.0;GemaalWarmte;0.0;Optie B;0.0;0.0;;;;;GM0983;;;;GM0983;;;;GM0983;;;False;False;False;51.31941195884927;6.113366884483331;WarmteAtlas:LT_WarmteBronnen_ECW;https://www.warmteatlas.nl/geoserver/WarmteAtlas/wfs;2026-06-23T13:53:17;
197066;392154;W_Gemaal_1527;0.0;GemaalWarmte;0.0;Optie B;0.0;0.0;;;;;GM0984;;;;GM0984;;;;GM0984;;;False;False;False;51.51681233481741;5.9932489828758095;WarmteAtlas:LT_WarmteBronnen_ECW;https://www.warmteatlas.nl/geoserver/WarmteAtlas/wfs;2026-06-23T13:53:17;
135152;444800;W_Gemaal_1046;0.0;GemaalWarmte;0.0;Optie B;0.0;0.0;;;;;GM1961;;;;GM1961;;;;GM1961;;;False;False;False;51.99123539532057;5.098232796643788;WarmteAtlas:LT_WarmteBronnen_ECW;https://www.warmteatlas.nl/geoserver/WarmteAtlas/wfs;2026-06-23T13:53:17;
133452;442300;W_Gemaal_1078;0.0;GemaalWarmte;0.0;Optie B;0.0;0.0;;;;;GM1961;;;;GM1961;;;;GM1961;;;False;False;False;51.96870187452168;5.073639604223879;WarmteAtlas:LT_WarmteBronnen_ECW;https://www.warmteatlas.nl/geoserver/WarmteAtlas/wfs;2026-06-23T13:53:17;
132152;440700;W_Gemaal_1094;0.0;GemaalWarmte;0.0;Optie B;0.0;0.0;;;;;GM1961;;;;GM1961;;;;GM1961;;;False;False;False;51.95426902471806;5.054828962348565;WarmteAtlas:LT_WarmteBronnen_ECW;https://www.warmteatlas.nl/geoserver/WarmteAtlas/wfs;2026-06-23T13:53:17;
131552;439200;W_Gemaal_1108;0.0;GemaalWarmte;0.0;Optie B;0.0;0.0;;;;;GM1961;;;;GM1961;;;;GM1961;;;False;False;False;51.940761911483406;5.046203164204165;WarmteAtlas:LT_WarmteBronnen_ECW;https://www.warmteatlas.nl/geoserver/WarmteAtlas/wfs;2026-06-23T13:53:17;
130752;438400;W_Gemaal_1118;0.0;GemaalWarmte;0.0;Optie B;0.0;0.0;;;;;GM1961;;;;GM1961;;;;GM1961;;;False;False;False;51.933537133946814;5.034625557040371;WarmteAtlas:LT_WarmteBronnen_ECW;https://www.warmteatlas.nl/geoserver/WarmteAtlas/wfs;2026-06-23T13:53:17;
130852;438300;W_Gemaal_1120;0.0;GemaalWarmte;0.0;Optie B;0.0;0.0;;;;;GM1961;;;;GM1961;;;;GM1961;;;False;False;False;51.93264267438632;5.0360865997875575;WarmteAtlas:LT_WarmteBronnen_ECW;https://www.warmteatlas.nl/geoserver/WarmteAtlas/wfs;2026-06-23T13:53:17;
134552;433500;W_Gemaal_1161;0.0;GemaalWarmte;0.0;Optie B;0.0;0.0;;;;;GM1961;;;;GM1961;;;;GM1961;;;False;False;False;51.88964780288217;5.090169577320598;WarmteAtlas:LT_WarmteBronnen_ECW;https://www.warmteatlas.nl/geoserver/WarmteAtlas/wfs;2026-06-23T13:53:17;
130252;430300;W_Gemaal_1192;0.0;GemaalWarmte;0.0;Optie B;0.0;0.0;;;;;GM1961;;;;GM1961;;;;GM1961;;;False;False;False;51.86071123152028;5.027937358136839;WarmteAtlas:LT_WarmteBronnen_ECW;https://www.warmteatlas.nl/geoserver/WarmteAtlas/wfs;2026-06-23T13:53:17;
137581;444780;W_Gemaal_1642;0.0;GemaalWarmte;0.0;Optie B;0.0;0.0;;;;;GM1961;;;;GM1961;;;;GM1961;;;False;False;False;51.99113712505318;5.133597646289617;WarmteAtlas:LT_WarmteBronnen_ECW;https://www.warmteatlas.nl/geoserver/WarmteAtlas/wfs;2026-06-23T13:53:17;
31952;385300;W_Gemaal_1458;0.0;GemaalWarmte;0.0;Optie B;0.0;0.0;;;;;GM0718;;;;GM0718;;;;GM0718;;;False;False;False;51.44335280562946;3.6171930214768415;WarmteAtlas:LT_WarmteBronnen_ECW;https://www.warmteatlas.nl/geoserver/WarmteAtlas/wfs;2026-06-23T13:53:17;
190652;320600;W_Gemaal_1489;0.0;GemaalWarmte;0.0;Optie B;0.0;0.0;;;;;GM0986;;;;GM0986;;;;GM0986;;;False;False;False;50.87409499088294;5.893694085070169;WarmteAtlas:LT_WarmteBronnen_ECW;https://www.warmteatlas.nl/geoserver/WarmteAtlas/wfs;2026-06-23T13:53:17;
90352;461500;W_Gemaal_890;0.0;GemaalWarmte;0.0;Optie B;0.0;0.0;;;;;GM0626;;;;GM0626;;;;GM0626;;;False;False;False;52.137910785822974;4.442876014744799;WarmteAtlas:LT_WarmteBronnen_ECW;https://www.warmteatlas.nl/geoserver/WarmteAtlas/wfs;2026-06-23T13:53:17;
204552;476500;W_Gemaal_792;0.0;GemaalWarmte;0.0;Optie B;0.0;0.0;;;;;GM0285;;;;GM0285;;;;GM0285;;;False;False;False;52.274276915685064;6.113233473492429;WarmteAtlas:LT_WarmteBronnen_ECW;https://www.warmteatlas.nl/geoserver/WarmteAtlas/wfs;2026-06-23T13:53:17;
199852;475900;W_Gemaal_798;0.0;GemaalWarmte;0.0;Optie B;0.0;0.0;;;;;GM0285;;;;GM0285;;;;GM0285;;;False;False;False;52.269287628471155;6.044294551546118;WarmteAtlas:LT_WarmteBronnen_ECW;https://www.warmteatlas.nl/geoserver/WarmteAtlas/wfs;2026-06-23T13:53:17;
143552;409200;W_Gemaal_1345;0.0;GemaalWarmte;0.0;Optie B;0.0;0.0;;;;;GM0865;;;;GM0865;;;;GM0865;;;False;False;False;51.67148799449334;5.221707490197498;WarmteAtlas:LT_WarmteBronnen_ECW;https://www.warmteatlas.nl/geoserver/WarmteAtlas/wfs;2026-06-23T13:53:17;
149252;405000;W_Gemaal_1376;0.0;GemaalWarmte;0.0;Optie B;0.0;0.0;;;;;GM0865;;;;GM0865;;;;GM0865;;;False;False;False;51.633823585435884;5.304176647389197;WarmteAtlas:LT_WarmteBronnen_ECW;https://www.warmteatlas.nl/geoserver/WarmteAtlas/wfs;2026-06-23T13:53:17;
170852;591400;W_Gemaal_179;0.0;GemaalWarmte;0.0;Optie B;0.0;0.0;;;;;GM1949;;;;GM1949;;;;GM1949;;;False;False;False;53.30883473458589;5.625019316085547;WarmteAtlas:LT_WarmteBronnen_ECW;https://www.warmteatlas.nl/geoserver/WarmteAtlas/wfs;2026-06-23T13:53:17;
173052;583000;W_Gemaal_227;0.0;GemaalWarmte;0.0;Optie B;0.0;0.0;;;;;GM1949;;;;GM1949;;;;GM1949;;;False;False;False;53.23328836763441;5.65754996198881;WarmteAtlas:LT_WarmteBronnen_ECW;https://www.warmteatlas.nl/geoserver/WarmteAtlas/wfs;2026-06-23T13:53:17;
168352;582000;W_Gemaal_233;0.0;GemaalWarmte;0.0;Optie B;0.0;0.0;;;;;GM1949;;;;GM1949;;;;GM1949;;;False;False;False;53.224440877181955;5.587122789733336;WarmteAtlas:LT_WarmteBronnen_ECW;https://www.warmteatlas.nl/geoserver/WarmteAtlas/wfs;2026-06-23T13:53:17;
177452;579900;W_Gemaal_246;0.0;GemaalWarmte;0.0;Optie B;0.0;0.0;;;;;GM1949;;;;GM1949;;;;GM1949;;;False;False;False;53.20526703828265;5.723225646901134;WarmteAtlas:LT_WarmteBronnen_ECW;https://www.warmteatlas.nl/geoserver/WarmteAtlas/wfs;2026-06-23T13:53:17;
166152;579600;W_Gemaal_250;0.0;GemaalWarmte;0.0;Optie B;0.0;0.0;;;;;GM1949;;;;GM1949;;;;GM1949;;;False;False;False;53.20292601925919;5.554099706403745;WarmteAtlas:LT_WarmteBronnen_ECW;https://www.warmteatlas.nl/geoserver/WarmteAtlas/wfs;2026-06-23T13:53:17;
173852;578300;W_Gemaal_258;0.0;GemaalWarmte;0.0;Optie B;0.0;0.0;;;;;GM1949;;;;GM1949;;;;GM1949;;;False;False;False;53.191029082140744;5.669254693317199;WarmteAtlas:LT_WarmteBronnen_ECW;https://www.warmteatlas.nl/geoserver/WarmteAtlas/wfs;2026-06-23T13:53:17;
173752;577700;W_Gemaal_262;0.0;GemaalWarmte;0.0;Optie B;0.0;0.0;;;;;GM1949;;;;GM1949;;;;GM1949;;;False;False;False;53.18564126999507;5.667723627689176;WarmteAtlas:LT_WarmteBronnen_ECW;https://www.warmteatlas.nl/geoserver/WarmteAtlas/wfs;2026-06-23T13:53:17;
170352;577600;W_Gemaal_263;0.0;GemaalWarmte;0.0;Optie B;0.0;0.0;;;;;GM1949;;;;GM1949;;;;GM1949;;;False;False;False;53.18485094345207;5.6168577776199085;WarmteAtlas:LT_WarmteBronnen_ECW;https://www.warmteatlas.nl/geoserver/WarmteAtlas/wfs;2026-06-23T13:53:17;
162052;577200;W_Gemaal_266;0.0;GemaalWarmte;0.0;Optie B;0.0;0.0;;;;;GM1949;;;;GM1949;;;;GM1949;;;False;False;False;53.18143031643286;5.492689728382664;WarmteAtlas:LT_WarmteBronnen_ECW;https://www.warmteatlas.nl/geoserver/WarmteAtlas/wfs;2026-06-23T13:53:17;
166052;575400;W_Gemaal_280;0.0;GemaalWarmte;0.0;Optie B;0.0;0.0;;;;;GM1949;;;;GM1949;;;;GM1949;;;False;False;False;53.165188543060616;5.552458889549407;WarmteAtlas:LT_WarmteBronnen_ECW;https://www.warmteatlas.nl/geoserver/WarmteAtlas/wfs;2026-06-23T13:53:17;
163152;574700;W_Gemaal_286;0.0;GemaalWarmte;0.0;Optie B;0.0;0.0;;;;;GM1949;;;;GM1949;;;;GM1949;;;False;False;False;53.15895054102394;5.509079934285417;WarmteAtlas:LT_WarmteBronnen_ECW;https://www.warmteatlas.nl/geoserver/WarmteAtlas/wfs;2026-06-23T13:53:17;
124052;414600;W_Gemaal_1300;0.0;GemaalWarmte;0.0;Optie B;0.0;0.0;;;;;GM0867;;;;GM0867;;;;GM0867;;;False;False;False;51.719287175286254;4.939337584287047;WarmteAtlas:LT_WarmteBronnen_ECW;https://www.warmteatlas.nl/geoserver/WarmteAtlas/wfs;2026-06-23T13:53:17;
126852;414400;W_Gemaal_1302;0.0;GemaalWarmte;0.0;Optie B;0.0;0.0;;;;;GM0867;;;;GM0867;;;;GM0867;;;False;False;False;51.717637348373444;4.979872985269718;WarmteAtlas:LT_WarmteBronnen_ECW;https://www.warmteatlas.nl/geoserver/WarmteAtlas/wfs;2026-06-23T13:53:17;
133352;414000;W_Gemaal_1308;0.0;GemaalWarmte;0.0;Optie B;0.0;0.0;;;;;GM0867;;;;GM0867;;;;GM0867;;;False;False;False;51.71433114081888;5.073957665923744;WarmteAtlas:LT_WarmteBronnen_ECW;https://www.warmteatlas.nl/geoserver/WarmteAtlas/wfs;2026-06-23T13:53:17;
135152;411100;W_Gemaal_1333;0.0;GemaalWarmte;0.0;Optie B;0.0;0.0;;;;;GM0867;;;;GM0867;;;;GM0867;;;False;False;False;51.68833151632237;5.100168547272951;WarmteAtlas:LT_WarmteBronnen_ECW;https://www.warmteatlas.nl/geoserver/WarmteAtlas/wfs;2026-06-23T13:53:17;
130552;410200;W_Gemaal_1339;0.0;GemaalWarmte;0.0;Optie B;0.0;0.0;;;;;GM0867;;;;GM0867;;;;GM0867;;;False;False;False;51.68006013824894;5.033709594464907;WarmteAtlas:LT_WarmteBronnen_ECW;https://www.warmteatlas.nl/geoserver/WarmteAtlas/wfs;2026-06-23T13:53:17;
129552;410100;W_Gemaal_1340;0.0;GemaalWarmte;0.0;Optie B;0.0;0.0;;;;;GM0867;;;;GM0867;;;;GM0867;;;False;False;False;51.67911677955732;5.019258237895651;WarmteAtlas:LT_WarmteBronnen_ECW;https://www.warmteatlas.nl/geoserver/WarmteAtlas/wfs;2026-06-23T13:53:17;
130452;409400;W_Gemaal_1343;0.0;GemaalWarmte;0.0;Optie B;0.0;0.0;;;;;GM0867;;;;GM0867;;;;GM0867;;;False;False;False;51.67286507388066;5.032320093761421;WarmteAtlas:LT_WarmteBronnen_ECW;https://www.warmteatlas.nl/geoserver/WarmteAtlas/wfs;2026-06-23T13:53:17;
130152;408800;W_Gemaal_1349;0.0;GemaalWarmte;0.0;Optie B;0.0;0.0;;;;;GM0867;;;;GM0867;;;;GM0867;;;False;False;False;51.667458832920055;5.028025960167025;WarmteAtlas:LT_WarmteBronnen_ECW;https://www.warmteatlas.nl/geoserver/WarmteAtlas/wfs;2026-06-23T13:53:17;
103152;453300;W_Gemaal_959;0.0;GemaalWarmte;0.0;Optie B;0.0;0.0;;;;;GM0627;;;;GM0627;;;;GM0627;;;False;False;False;52.065563026942264;4.6310783696293525;WarmteAtlas:LT_WarmteBronnen_ECW;https://www.warmteatlas.nl/geoserver/WarmteAtlas/wfs;2026-06-23T13:53:17;
103152;453200;W_Gemaal_960;0.0;GemaalWarmte;0.0;Optie B;0.0;0.0;;;;;GM0627;;;;GM0627;;;;GM0627;;;False;False;False;52.06466428448768;4.631093554091165;WarmteAtlas:LT_WarmteBronnen_ECW;https://www.warmteatlas.nl/geoserver/WarmteAtlas/wfs;2026-06-23T13:53:17;
105252;451800;W_Gemaal_966;0.0;GemaalWarmte;0.0;Optie B;0.0;0.0;;;;;GM0627;;;;GM0627;;;;GM0627;;;False;False;False;52.052274355501034;4.661919773873906;WarmteAtlas:LT_WarmteBronnen_ECW;https://www.warmteatlas.nl/geoserver/WarmteAtlas/wfs;2026-06-23T13:53:17;
89052;462000;W_Gemaal_885;0.0;GemaalWarmte;0.0;Optie B;0.0;0.0;;;;;GM0629;;;;GM0629;;;;GM0629;;;False;False;False;52.14225069310901;4.423792227728822;WarmteAtlas:LT_WarmteBronnen_ECW;https://www.warmteatlas.nl/geoserver/WarmteAtlas/wfs;2026-06-23T13:53:17;
132552;500300;W_Gemaal_660;0.0;GemaalWarmte;0.0;Optie B;0.0;0.0;;;;;GM0852;;;;GM0852;;;;GM0852;;;False;False;False;52.4899513960163;5.0566985215333835;WarmteAtlas:LT_WarmteBronnen_ECW;https://www.warmteatlas.nl/geoserver/WarmteAtlas/wfs;2026-06-23T13:53:17;
128852;497900;W_Gemaal_671;0.0;GemaalWarmte;0.0;Optie B;0.0;0.0;;;;;GM0852;;;;GM0852;;;;GM0852;;;False;False;False;52.4682178711804;5.002411533326176;WarmteAtlas:LT_WarmteBronnen_ECW;https://www.warmteatlas.nl/geoserver/WarmteAtlas/wfs;2026-06-23T13:53:17;
131952;495100;W_Gemaal_686;0.0;GemaalWarmte;0.0;Optie B;0.0;0.0;;;;;GM0852;;;;GM0852;;;;GM0852;;;False;False;False;52.44319272227054;5.048223024296367;WarmteAtlas:LT_WarmteBronnen_ECW;https://www.warmteatlas.nl/geoserver/WarmteAtlas/wfs;2026-06-23T13:53:17;
126652;493400;W_Gemaal_697;0.0;GemaalWarmte;0.0;Optie B;0.0;0.0;;;;;GM0852;;;;GM0852;;;;GM0852;;;False;False;False;52.4276658870932;4.970418197091516;WarmteAtlas:LT_WarmteBronnen_ECW;https://www.warmteatlas.nl/geoserver/WarmteAtlas/wfs;2026-06-23T13:53:17;
175052;361200;W_Gemaal_1487;0.0;GemaalWarmte;0.0;Optie B;0.0;0.0;;;;;GM0988;;;;GM0988;;;;GM0988;;;False;False;False;51.2397943740632;5.6743410683461475;WarmteAtlas:LT_WarmteBronnen_ECW;https://www.warmteatlas.nl/geoserver/WarmteAtlas/wfs;2026-06-23T13:53:17;
174681;361830;W_Gemaal_1577;0.0;GemaalWarmte;0.0;Optie B;0.0;0.0;;;;;GM0988;;;;GM0988;;;;GM0988;;;False;False;False;51.245470239848444;5.6690633294599895;WarmteAtlas:LT_WarmteBronnen_ECW;https://www.warmteatlas.nl/geoserver/WarmteAtlas/wfs;2026-06-23T13:53:17;
130452;480100;W_Gemaal_759;0.0;GemaalWarmte;0.0;Optie B;0.0;0.0;;;;;GM0363;;;;GM0363;;;;GM0363;;;False;False;False;52.30831642032521;5.0272575704795415;WarmteAtlas:LT_WarmteBronnen_ECW;https://www.warmteatlas.nl/geoserver/WarmteAtlas/wfs;2026-06-23T13:53:17;
130252;479600;W_Gemaal_762;0.0;GemaalWarmte;0.0;Optie B;0.0;0.0;;;;;GM0363;;;;GM0363;;;;GM0363;;;False;False;False;52.30381369392351;5.024361717782997;WarmteAtlas:LT_WarmteBronnen_ECW;https://www.warmteatlas.nl/geoserver/WarmteAtlas/wfs;2026-06-23T13:53:17;
134652;477900;W_Gemaal_773;0.0;GemaalWarmte;0.0;Optie B;0.0;0.0;;;;;GM0363;;;;GM0363;;;;GM0363;;;False;False;False;52.28871505101265;5.088973798346848;WarmteAtlas:LT_WarmteBronnen_ECW;https://www.warmteatlas.nl/geoserver/WarmteAtlas/wfs;2026-06-23T13:53:17;
147352;433400;W_Gemaal_1163;0.0;GemaalWarmte;0.0;Optie B;0.0;0.0;;;;;GM1960;;;;GM1960;;;;GM1960;;;False;False;False;51.889071716816034;5.27610730494784;WarmteAtlas:LT_WarmteBronnen_ECW;https://www.warmteatlas.nl/geoserver/WarmteAtlas/wfs;2026-06-23T13:53:17;
136252;433300;W_Gemaal_1164;0.0;GemaalWarmte;0.0;Optie B;0.0;0.0;;;;;GM1960;;;;GM1960;;;;GM1960;;;False;False;False;51.88790997383111;5.11487481860677;WarmteAtlas:LT_WarmteBronnen_ECW;https://www.warmteatlas.nl/geoserver/WarmteAtlas/wfs;2026-06-23T13:53:17;
137852;431600;W_Gemaal_1177;0.0;GemaalWarmte;0.0;Optie B;0.0;0.0;;;;;GM1960;;;;GM1960;;;;GM1960;;;False;False;False;51.87268153471186;5.1382002416138866;WarmteAtlas:LT_WarmteBronnen_ECW;https://www.warmteatlas.nl/geoserver/WarmteAtlas/wfs;2026-06-23T13:53:17;
131552;429700;W_Gemaal_1197;0.0;GemaalWarmte;0.0;Optie B;0.0;0.0;;;;;GM1960;;;;GM1960;;;;GM1960;;;False;False;False;51.8553745149594;5.046849801697218;WarmteAtlas:LT_WarmteBronnen_ECW;https://www.warmteatlas.nl/geoserver/WarmteAtlas/wfs;2026-06-23T13:53:17;
153021;424446;W_Gemaal_120;0.0;GemaalWarmte;0.0;Optie B;0.0;0.0;;;;;GM1960;;;;GM1960;;;;GM1960;;;False;False;False;51.80863909761137;5.3585064961571165;WarmteAtlas:LT_WarmteBronnen_ECW;https://www.warmteatlas.nl/geoserver/WarmteAtlas/wfs;2026-06-23T13:53:17;
130706;426020;W_Gemaal_1502;0.0;GemaalWarmte;0.0;Optie B;0.0;0.0;;;;;GM1960;;;;GM1960;;;;GM1960;;;False;False;False;51.82226169405866;5.034828894964574;WarmteAtlas:LT_WarmteBronnen_ECW;https://www.warmteatlas.nl/geoserver/WarmteAtlas/wfs;2026-06-23T13:53:17;
169052;427000;W_Gemaal_1213;0.0;GemaalWarmte;0.0;Optie B;0.0;0.0;;;;;GM0668;;;;GM0668;;;;GM0668;;;False;False;False;51.831421514131655;5.591061244893458;WarmteAtlas:LT_WarmteBronnen_ECW;https://www.warmteatlas.nl/geoserver/WarmteAtlas/wfs;2026-06-23T13:53:17;
157952;425900;W_Gemaal_1224;0.0;GemaalWarmte;0.0;Optie B;0.0;0.0;;;;;GM0668;;;;GM0668;;;;GM0668;;;False;False;False;51.82170378485412;5.430019054455083;WarmteAtlas:LT_WarmteBronnen_ECW;https://www.warmteatlas.nl/geoserver/WarmteAtlas/wfs;2026-06-23T13:53:17;
166208;426895;W_Gemaal_1493;0.0;GemaalWarmte;0.0;Optie B;0.0;0.0;;;;;GM0668;;;;GM0668;;;;GM0668;;;False;False;False;51.83054221205439;5.549798778501356;WarmteAtlas:LT_WarmteBronnen_ECW;https://www.warmteatlas.nl/geoserver/WarmteAtlas/wfs;2026-06-23T13:53:17;
159606;424619;W_Gemaal_1655;0.0;GemaalWarmte;0.0;Optie B;0.0;0.0;;;;;GM0668;;;;GM0668;;;;GM0668;;;False;False;False;51.81017845154019;5.453992090157192;WarmteAtlas:LT_WarmteBronnen_ECW;https://www.warmteatlas.nl/geoserver/WarmteAtlas/wfs;2026-06-23T13:53:17;
219552;592300;W_Gemaal_173;0.0;GemaalWarmte;0.0;Optie B;0.0;0.0;;;;;GM1969;;;;GM1969;;;;GM1969;;;False;False;False;53.31325394350349;6.355734691862901;WarmteAtlas:LT_WarmteBronnen_ECW;https://www.warmteatlas.nl/geoserver/WarmteAtlas/wfs;2026-06-23T13:53:17;
228152;587100;W_Gemaal_203;0.0;GemaalWarmte;0.0;Optie B;0.0;0.0;;;;;GM1969;;;;GM1969;;;;GM1969;;;False;False;False;53.26542829317235;6.483557979895586;WarmteAtlas:LT_WarmteBronnen_ECW;https://www.warmteatlas.nl/geoserver/WarmteAtlas/wfs;2026-06-23T13:53:17;
216752;585700;W_Gemaal_210;0.0;GemaalWarmte;0.0;Optie B;0.0;0.0;;;;;GM1969;;;;GM1969;;;;GM1969;;;False;False;False;53.25428821136282;6.312456795828619;WarmteAtlas:LT_WarmteBronnen_ECW;https://www.warmteatlas.nl/geoserver/WarmteAtlas/wfs;2026-06-23T13:53:17;
218152;585700;W_Gemaal_211;0.0;GemaalWarmte;0.0;Optie B;0.0;0.0;;;;;GM1969;;;;GM1969;;;;GM1969;;;False;False;False;53.25412474291329;6.333430689560628;WarmteAtlas:LT_WarmteBronnen_ECW;https://www.warmteatlas.nl/geoserver/WarmteAtlas/wfs;2026-06-23T13:53:17;
222252;584600;W_Gemaal_214;0.0;GemaalWarmte;0.0;Optie B;0.0;0.0;;;;;GM1969;;;;GM1969;;;;GM1969;;;False;False;False;53.24374220096563;6.394622603462123;WarmteAtlas:LT_WarmteBronnen_ECW;https://www.warmteatlas.nl/geoserver/WarmteAtlas/wfs;2026-06-23T13:53:17;
219552;583300;W_Gemaal_223;0.0;GemaalWarmte;0.0;Optie B;0.0;0.0;;;;;GM1969;;;;GM1969;;;;GM1969;;;False;False;False;53.232395009808656;6.353921693349264;WarmteAtlas:LT_WarmteBronnen_ECW;https://www.warmteatlas.nl/geoserver/WarmteAtlas/wfs;2026-06-23T13:53:17;
222452;583200;W_Gemaal_225;0.0;GemaalWarmte;0.0;Optie B;0.0;0.0;;;;;GM1969;;;;GM1969;;;;GM1969;;;False;False;False;53.23113894976824;6.397323958442981;WarmteAtlas:LT_WarmteBronnen_ECW;https://www.warmteatlas.nl/geoserver/WarmteAtlas/wfs;2026-06-23T13:53:17;
216952;582800;W_Gemaal_228;0.0;GemaalWarmte;0.0;Optie B;0.0;0.0;;;;;GM1969;;;;GM1969;;;;GM1969;;;False;False;False;53.228210016070676;6.314893352641763;WarmteAtlas:LT_WarmteBronnen_ECW;https://www.warmteatlas.nl/geoserver/WarmteAtlas/wfs;2026-06-23T13:53:17;
222852;582700;W_Gemaal_230;0.0;GemaalWarmte;0.0;Optie B;0.0;0.0;;;;;GM1969;;;;GM1969;;;;GM1969;;;False;False;False;53.22659621528026;6.4032075618247815;WarmteAtlas:LT_WarmteBronnen_ECW;https://www.warmteatlas.nl/geoserver/WarmteAtlas/wfs;2026-06-23T13:53:17;
212252;581400;W_Gemaal_237;0.0;GemaalWarmte;0.0;Optie B;0.0;0.0;;;;;GM1969;;;;GM1969;;;;GM1969;;;False;False;False;53.216154782088175;6.244272758168776;WarmteAtlas:LT_WarmteBronnen_ECW;https://www.warmteatlas.nl/geoserver/WarmteAtlas/wfs;2026-06-23T13:53:17;
224252;581000;W_Gemaal_241;0.0;GemaalWarmte;0.0;Optie B;0.0;0.0;;;;;GM1969;;;;GM1969;;;;GM1969;;;False;False;False;53.211143562879045;6.423801218054658;WarmteAtlas:LT_WarmteBronnen_ECW;https://www.warmteatlas.nl/geoserver/WarmteAtlas/wfs;2026-06-23T13:53:17;
225152;581000;W_Gemaal_242;0.0;GemaalWarmte;0.0;Optie B;0.0;0.0;;;;;GM1969;;;;GM1969;;;;GM1969;;;False;False;False;53.211026428740794;6.437270632612243;WarmteAtlas:LT_WarmteBronnen_ECW;https://www.warmteatlas.nl/geoserver/WarmteAtlas/wfs;2026-06-23T13:53:17;
219052;580700;W_Gemaal_243;0.0;GemaalWarmte;0.0;Optie B;0.0;0.0;;;;;GM1969;;;;GM1969;;;;GM1969;;;False;False;False;53.20909537765482;6.34591657429749;WarmteAtlas:LT_WarmteBronnen_ECW;https://www.warmteatlas.nl/geoserver/WarmteAtlas/wfs;2026-06-23T13:53:17;
219352;579900;W_Gemaal_248;0.0;GemaalWarmte;0.0;Optie B;0.0;0.0;;;;;GM1969;;;;GM1969;;;;GM1969;;;False;False;False;53.20187178487688;6.350246179603316;WarmteAtlas:LT_WarmteBronnen_ECW;https://www.warmteatlas.nl/geoserver/WarmteAtlas/wfs;2026-06-23T13:53:17;
223652;579600;W_Gemaal_251;0.0;GemaalWarmte;0.0;Optie B;0.0;0.0;;;;;GM1969;;;;GM1969;;;;GM1969;;;False;False;False;53.198642657421885;6.414522709688145;WarmteAtlas:LT_WarmteBronnen_ECW;https://www.warmteatlas.nl/geoserver/WarmteAtlas/wfs;2026-06-23T13:53:17;
218152;579000;W_Gemaal_256;0.0;GemaalWarmte;0.0;Optie B;0.0;0.0;;;;;GM1969;;;;GM1969;;;;GM1969;;;False;False;False;53.193928457131626;6.332113691079173;WarmteAtlas:LT_WarmteBronnen_ECW;https://www.warmteatlas.nl/geoserver/WarmteAtlas/wfs;2026-06-23T13:53:17;
211052;578000;W_Gemaal_260;0.0;GemaalWarmte;0.0;Optie B;0.0;0.0;;;;;GM1969;;;;GM1969;;;;GM1969;;;False;False;False;53.18573342017601;6.225718098897843;WarmteAtlas:LT_WarmteBronnen_ECW;https://www.warmteatlas.nl/geoserver/WarmteAtlas/wfs;2026-06-23T13:53:17;
216752;577500;W_Gemaal_265;0.0;GemaalWarmte;0.0;Optie B;0.0;0.0;;;;;GM1969;;;;GM1969;;;;GM1969;;;False;False;False;53.18061462390342;6.31088122011073;WarmteAtlas:LT_WarmteBronnen_ECW;https://www.warmteatlas.nl/geoserver/WarmteAtlas/wfs;2026-06-23T13:53:17;
222052;575400;W_Gemaal_281;0.0;GemaalWarmte;0.0;Optie B;0.0;0.0;;;;;GM1969;;;;GM1969;;;;GM1969;;;False;False;False;53.161110289902474;6.389709232234751;WarmteAtlas:LT_WarmteBronnen_ECW;https://www.warmteatlas.nl/geoserver/WarmteAtlas/wfs;2026-06-23T13:53:17;
220752;574100;W_Gemaal_295;0.0;GemaalWarmte;0.0;Optie B;0.0;0.0;;;;;GM1969;;;;GM1969;;;;GM1969;;;False;False;False;53.149591204469964;6.370010487985265;WarmteAtlas:LT_WarmteBronnen_ECW;https://www.warmteatlas.nl/geoserver/WarmteAtlas/wfs;2026-06-23T13:53:17;
216352;571800;W_Gemaal_311;0.0;GemaalWarmte;0.0;Optie B;0.0;0.0;;;;;GM1969;;;;GM1969;;;;GM1969;;;False;False;False;53.129447300656516;6.3038143102236655;WarmteAtlas:LT_WarmteBronnen_ECW;https://www.warmteatlas.nl/geoserver/WarmteAtlas/wfs;2026-06-23T13:53:17;
213752;531000;W_Gemaal_495;0.0;GemaalWarmte;0.0;Optie B;0.0;0.0;;;;;GM1701;;;;GM1701;;;;GM1701;;;False;False;False;52.76313248468724;6.257621591687877;WarmteAtlas:LT_WarmteBronnen_ECW;https://www.warmteatlas.nl/geoserver/WarmteAtlas/wfs;2026-06-23T13:53:17;
213752;531000;W_Gemaal_497;0.0;GemaalWarmte;0.0;Optie B;0.0;0.0;;;;;GM1701;;;;GM1701;;;;GM1701;;;False;False;False;52.76313248468724;6.257621591687877;WarmteAtlas:LT_WarmteBronnen_ECW;https://www.warmteatlas.nl/geoserver/WarmteAtlas/wfs;2026-06-23T13:53:17;
210052;527400;W_Gemaal_517;0.0;GemaalWarmte;0.0;Optie B;0.0;0.0;;;;;GM1701;;;;GM1701;;;;GM1701;;;False;False;False;52.731170725067685;6.202209707784127;WarmteAtlas:LT_WarmteBronnen_ECW;https://www.warmteatlas.nl/geoserver/WarmteAtlas/wfs;2026-06-23T13:53:17;
194117;441663;W_Gemaal_1540;0.0;GemaalWarmte;0.0;Optie B;0.0;0.0;;;;;GM0293;;;;GM0293;;;;GM0293;;;False;False;False;51.962015949727565;5.9563454587851785;WarmteAtlas:LT_WarmteBronnen_ECW;https://www.warmteatlas.nl/geoserver/WarmteAtlas/wfs;2026-06-23T13:53:17;
194020;441947;W_Gemaal_1542;0.0;GemaalWarmte;0.0;Optie B;0.0;0.0;;;;;GM0293;;;;GM0293;;;;GM0293;;;False;False;False;51.96457531921674;5.954966500661562;WarmteAtlas:LT_WarmteBronnen_ECW;https://www.warmteatlas.nl/geoserver/WarmteAtlas/wfs;2026-06-23T13:53:17;
194091;440587;W_Gemaal_1616;0.0;GemaalWarmte;0.0;Optie B;0.0;0.0;;;;;GM0293;;;;GM0293;;;;GM0293;;;False;False;False;51.95234685964882;5.95584461710664;WarmteAtlas:LT_WarmteBronnen_ECW;https://www.warmteatlas.nl/geoserver/WarmteAtlas/wfs;2026-06-23T13:53:17;
268552;574200;W_Gemaal_291;0.0;GemaalWarmte;0.0;Optie B;0.0;0.0;;;;;GM1950;;;;GM1950;;;;GM1950;;;False;False;False;53.14250365412609;7.084279168739306;WarmteAtlas:LT_WarmteBronnen_ECW;https://www.warmteatlas.nl/geoserver/WarmteAtlas/wfs;2026-06-23T13:53:17;
265252;571200;W_Gemaal_314;0.0;GemaalWarmte;0.0;Optie B;0.0;0.0;;;;;GM1950;;;;GM1950;;;;GM1950;;;False;False;False;53.116243426115936;7.033955321487402;WarmteAtlas:LT_WarmteBronnen_ECW;https://www.warmteatlas.nl/geoserver/WarmteAtlas/wfs;2026-06-23T13:53:17;
269852;568700;W_Gemaal_332;0.0;GemaalWarmte;0.0;Optie B;0.0;0.0;;;;;GM1950;;;;GM1950;;;;GM1950;;;False;False;False;53.0928230606582;7.101744857424134;WarmteAtlas:LT_WarmteBronnen_ECW;https://www.warmteatlas.nl/geoserver/WarmteAtlas/wfs;2026-06-23T13:53:17;
268052;568300;W_Gemaal_336;0.0;GemaalWarmte;0.0;Optie B;0.0;0.0;;;;;GM1950;;;;GM1950;;;;GM1950;;;False;False;False;53.08961159009035;7.074745622102793;WarmteAtlas:LT_WarmteBronnen_ECW;https://www.warmteatlas.nl/geoserver/WarmteAtlas/wfs;2026-06-23T13:53:17;
273952;567900;W_Gemaal_341;0.0;GemaalWarmte;0.0;Optie B;0.0;0.0;;;;;GM1950;;;;GM1950;;;;GM1950;;;False;False;False;53.084745428651985;7.162628704305397;WarmteAtlas:LT_WarmteBronnen_ECW;https://www.warmteatlas.nl/geoserver/WarmteAtlas/wfs;2026-06-23T13:53:17;
266752;548900;W_Gemaal_416;0.0;GemaalWarmte;0.0;Optie B;0.0;0.0;;;;;GM1950;;;;GM1950;;;;GM1950;;;False;False;False;52.91561229101873;7.048679580915483;WarmteAtlas:LT_WarmteBronnen_ECW;https://www.warmteatlas.nl/geoserver/WarmteAtlas/wfs;2026-06-23T13:53:17;
80752;447900;W_Gemaal_1006;0.0;GemaalWarmte;0.0;Optie B;0.0;0.0;;;;;GM1783;;;;GM1783;;;;GM1783;;;False;False;False;52.014485134148686;4.305628221946953;WarmteAtlas:LT_WarmteBronnen_ECW;https://www.warmteatlas.nl/geoserver/WarmteAtlas/wfs;2026-06-23T13:53:17;
78552;446300;W_Gemaal_1025;0.0;GemaalWarmte;0.0;Optie B;0.0;0.0;;;;;GM1783;;;;GM1783;;;;GM1783;;;False;False;False;51.999807529628676;4.273943572912894;WarmteAtlas:LT_WarmteBronnen_ECW;https://www.warmteatlas.nl/geoserver/WarmteAtlas/wfs;2026-06-23T13:53:17;
70252;445800;W_Gemaal_1029;0.0;GemaalWarmte;0.0;Optie B;0.0;0.0;;;;;GM1783;;;;GM1783;;;;GM1783;;;False;False;False;51.99410904453639;4.153225561431615;WarmteAtlas:LT_WarmteBronnen_ECW;https://www.warmteatlas.nl/geoserver/WarmteAtlas/wfs;2026-06-23T13:53:17;
76552;445400;W_Gemaal_1035;0.0;GemaalWarmte;0.0;Optie B;0.0;0.0;;;;;GM1783;;;;GM1783;;;;GM1783;;;False;False;False;51.991440419778016;4.245030461167804;WarmteAtlas:LT_WarmteBronnen_ECW;https://www.warmteatlas.nl/geoserver/WarmteAtlas/wfs;2026-06-23T13:53:17;
70452;445300;W_Gemaal_1040;0.0;GemaalWarmte;0.0;Optie B;0.0;0.0;;;;;GM1783;;;;GM1783;;;;GM1783;;;False;False;False;51.989646303753524;4.156260375357052;WarmteAtlas:LT_WarmteBronnen_ECW;https://www.warmteatlas.nl/geoserver/WarmteAtlas/wfs;2026-06-23T13:53:17;
76552;445300;W_Gemaal_1041;0.0;GemaalWarmte;0.0;Optie B;0.0;0.0;;;;;GM1783;;;;GM1783;;;;GM1783;;;False;False;False;51.990541748636495;4.245053349618268;WarmteAtlas:LT_WarmteBronnen_ECW;https://www.warmteatlas.nl/geoserver/WarmteAtlas/wfs;2026-06-23T13:53:17;
77652;444300;W_Gemaal_1055;0.0;GemaalWarmte;0.0;Optie B;0.0;0.0;;;;;GM1783;;;;GM1783;;;;GM1783;;;False;False;False;51.98170933310253;4.261291244216362;WarmteAtlas:LT_WarmteBronnen_ECW;https://www.warmteatlas.nl/geoserver/WarmteAtlas/wfs;2026-06-23T13:53:17;
76552;443400;W_Gemaal_1068;0.0;GemaalWarmte;0.0;Optie B;0.0;0.0;;;;;GM1783;;;;GM1783;;;;GM1783;;;False;False;False;51.97346697351438;4.245488029433451;WarmteAtlas:LT_WarmteBronnen_ECW;https://www.warmteatlas.nl/geoserver/WarmteAtlas/wfs;2026-06-23T13:53:17;
65252;439000;W_Gemaal_1109;0.0;GemaalWarmte;0.0;Optie B;0.0;0.0;;;;;GM1992;;;;GM1992;;;;GM1992;;;False;False;False;51.93221634581292;4.082218450780506;WarmteAtlas:LT_WarmteBronnen_ECW;https://www.warmteatlas.nl/geoserver/WarmteAtlas/wfs;2026-06-23T13:53:17;
66252;435200;W_Gemaal_1141;0.0;GemaalWarmte;0.0;Optie B;0.0;0.0;;;;;GM1992;;;;GM1992;;;;GM1992;;;False;False;False;51.8982284814148;4.097735595431002;WarmteAtlas:LT_WarmteBronnen_ECW;https://www.warmteatlas.nl/geoserver/WarmteAtlas/wfs;2026-06-23T13:53:17;
237452;484200;W_Gemaal_737;0.0;GemaalWarmte;0.0;Optie B;0.0;0.0;;;;;GM0189;;;;GM0189;;;;GM0189;;;False;False;False;52.33952488671198;6.597080963193491;WarmteAtlas:LT_WarmteBronnen_ECW;https://www.warmteatlas.nl/geoserver/WarmteAtlas/wfs;2026-06-23T13:53:17;
173852;424700;W_Gemaal_1231;0.0;GemaalWarmte;0.0;Optie B;0.0;0.0;;;;;GM0296;;;;GM0296;;;;GM0296;;;False;False;False;51.81060675785388;5.660570916307396;WarmteAtlas:LT_WarmteBronnen_ECW;https://www.warmteatlas.nl/geoserver/WarmteAtlas/wfs;2026-06-23T13:53:17;
176752;422900;W_Gemaal_1243;0.0;GemaalWarmte;0.0;Optie B;0.0;0.0;;;;;GM0296;;;;GM0296;;;;GM0296;;;False;False;False;51.79432229122074;5.702509388283937;WarmteAtlas:LT_WarmteBronnen_ECW;https://www.warmteatlas.nl/geoserver/WarmteAtlas/wfs;2026-06-23T13:53:17;
132273;470937;W_Gemaal_51;0.0;GemaalWarmte;0.0;Optie B;0.0;0.0;;;;;GM1696;;;;GM1696;;;;GM1696;;;False;False;False;52.226041049121584;5.054574498990027;WarmteAtlas:LT_WarmteBronnen_ECW;https://www.warmteatlas.nl/geoserver/WarmteAtlas/wfs;2026-06-23T13:53:17;
131703;469099;W_Gemaal_54;0.0;GemaalWarmte;0.0;Optie B;0.0;0.0;;;;;GM1696;;;;GM1696;;;;GM1696;;;False;False;False;52.20949787606147;5.0463585600521546;WarmteAtlas:LT_WarmteBronnen_ECW;https://www.warmteatlas.nl/geoserver/WarmteAtlas/wfs;2026-06-23T13:53:17;
132852;476900;W_Gemaal_787;0.0;GemaalWarmte;0.0;Optie B;0.0;0.0;;;;;GM1696;;;;GM1696;;;;GM1696;;;False;False;False;52.27965798516131;5.062658093104233;WarmteAtlas:LT_WarmteBronnen_ECW;https://www.warmteatlas.nl/geoserver/WarmteAtlas/wfs;2026-06-23T13:53:17;
135552;476700;W_Gemaal_789;0.0;GemaalWarmte;0.0;Optie B;0.0;0.0;;;;;GM1696;;;;GM1696;;;;GM1696;;;False;False;False;52.27796241941792;5.102233575038084;WarmteAtlas:LT_WarmteBronnen_ECW;https://www.warmteatlas.nl/geoserver/WarmteAtlas/wfs;2026-06-23T13:53:17;
130752;476000;W_Gemaal_797;0.0;GemaalWarmte;0.0;Optie B;0.0;0.0;;;;;GM1696;;;;GM1696;;;;GM1696;;;False;False;False;52.271480691798494;5.031950865378359;WarmteAtlas:LT_WarmteBronnen_ECW;https://www.warmteatlas.nl/geoserver/WarmteAtlas/wfs;2026-06-23T13:53:17;
132252;473400;W_Gemaal_813;0.0;GemaalWarmte;0.0;Optie B;0.0;0.0;;;;;GM1696;;;;GM1696;;;;GM1696;;;False;False;False;52.24817682503325;5.054101644812547;WarmteAtlas:LT_WarmteBronnen_ECW;https://www.warmteatlas.nl/geoserver/WarmteAtlas/wfs;2026-06-23T13:53:17;
147252;445500;W_Gemaal_1034;0.0;GemaalWarmte;0.0;Optie B;0.0;0.0;;;;;GM0352;;;;GM0352;;;;GM0352;;;False;False;False;51.99782763366599;5.274382185149067;WarmteAtlas:LT_WarmteBronnen_ECW;https://www.warmteatlas.nl/geoserver/WarmteAtlas/wfs;2026-06-23T13:53:17;
146452;445000;W_Gemaal_1043;0.0;GemaalWarmte;0.0;Optie B;0.0;0.0;;;;;GM0352;;;;GM0352;;;;GM0352;;;False;False;False;51.993321835635136;5.262745650441117;WarmteAtlas:LT_WarmteBronnen_ECW;https://www.warmteatlas.nl/geoserver/WarmteAtlas/wfs;2026-06-23T13:53:17;
151252;444300;W_Gemaal_1056;0.0;GemaalWarmte;0.0;Optie B;0.0;0.0;;;;;GM0352;;;;GM0352;;;;GM0352;;;False;False;False;51.9870831958457;5.33264032521465;WarmteAtlas:LT_WarmteBronnen_ECW;https://www.warmteatlas.nl/geoserver/WarmteAtlas/wfs;2026-06-23T13:53:17;
146252;444100;W_Gemaal_1062;0.0;GemaalWarmte;0.0;Optie B;0.0;0.0;;;;;GM0352;;;;GM0352;;;;GM0352;;;False;False;False;51.98522939324291;5.25985663884774;WarmteAtlas:LT_WarmteBronnen_ECW;https://www.warmteatlas.nl/geoserver/WarmteAtlas/wfs;2026-06-23T13:53:17;
150852;442100;W_Gemaal_1082;0.0;GemaalWarmte;0.0;Optie B;0.0;0.0;;;;;GM0352;;;;GM0352;;;;GM0352;;;False;False;False;51.967306375702506;5.3268437544512866;WarmteAtlas:LT_WarmteBronnen_ECW;https://www.warmteatlas.nl/geoserver/WarmteAtlas/wfs;2026-06-23T13:53:17;
150391;442127;W_Gemaal_1641;0.0;GemaalWarmte;0.0;Optie B;0.0;0.0;;;;;GM0352;;;;GM0352;;;;GM0352;;;False;False;False;51.967545432148725;5.32013521745522;WarmteAtlas:LT_WarmteBronnen_ECW;https://www.warmteatlas.nl/geoserver/WarmteAtlas/wfs;2026-06-23T13:53:17;
79152;384200;W_Gemaal_1460;0.0;GemaalWarmte;0.0;Optie B;0.0;0.0;;;;;GM0873;;;;GM0873;;;;GM0873;;;False;False;False;51.44179029382802;4.296233841595063;WarmteAtlas:LT_WarmteBronnen_ECW;https://www.warmteatlas.nl/geoserver/WarmteAtlas/wfs;2026-06-23T13:53:17;
78852;383100;W_Gemaal_1464;0.0;GemaalWarmte;0.0;Optie B;0.0;0.0;;;;;GM0873;;;;GM0873;;;;GM0873;;;False;False;False;51.431863787296635;4.292157085195176;WarmteAtlas:LT_WarmteBronnen_ECW;https://www.warmteatlas.nl/geoserver/WarmteAtlas/wfs;2026-06-23T13:53:17;
84152;382400;W_Gemaal_1467;0.0;GemaalWarmte;0.0;Optie B;0.0;0.0;;;;;GM0873;;;;GM0873;;;;GM0873;;;False;False;False;51.42626295836409;4.368502280984033;WarmteAtlas:LT_WarmteBronnen_ECW;https://www.warmteatlas.nl/geoserver/WarmteAtlas/wfs;2026-06-23T13:53:17;
78752;378900;W_Gemaal_1473;0.0;GemaalWarmte;0.0;Optie B;0.0;0.0;;;;;GM0873;;;;GM0873;;;;GM0873;;;False;False;False;51.39410336856503;4.291626486234604;WarmteAtlas:LT_WarmteBronnen_ECW;https://www.warmteatlas.nl/geoserver/WarmteAtlas/wfs;2026-06-23T13:53:17;
118752;459900;W_Gemaal_900;0.0;GemaalWarmte;0.0;Optie B;0.0;0.0;;;;;GM0632;;;;GM0632;;;;GM0632;;;False;False;False;52.12612218448016;4.857867857257295;WarmteAtlas:LT_WarmteBronnen_ECW;https://www.warmteatlas.nl/geoserver/WarmteAtlas/wfs;2026-06-23T13:53:17;
124252;457900;W_Gemaal_916;0.0;GemaalWarmte;0.0;Optie B;0.0;0.0;;;;;GM0632;;;;GM0632;;;;GM0632;;;False;False;False;52.10847977264415;4.938363259459538;WarmteAtlas:LT_WarmteBronnen_ECW;https://www.warmteatlas.nl/geoserver/WarmteAtlas/wfs;2026-06-23T13:53:17;
124452;456400;W_Gemaal_924;0.0;GemaalWarmte;0.0;Optie B;0.0;0.0;;;;;GM0632;;;;GM0632;;;;GM0632;;;False;False;False;52.0950091694641;4.941417080650385;WarmteAtlas:LT_WarmteBronnen_ECW;https://www.warmteatlas.nl/geoserver/WarmteAtlas/wfs;2026-06-23T13:53:17;
125252;456000;W_Gemaal_928;0.0;GemaalWarmte;0.0;Optie B;0.0;0.0;;;;;GM0632;;;;GM0632;;;;GM0632;;;False;False;False;52.09145761093699;4.9531260299838085;WarmteAtlas:LT_WarmteBronnen_ECW;https://www.warmteatlas.nl/geoserver/WarmteAtlas/wfs;2026-06-23T13:53:17;
126552;455600;W_Gemaal_936;0.0;GemaalWarmte;0.0;Optie B;0.0;0.0;;;;;GM0632;;;;GM0632;;;;GM0632;;;False;False;False;52.087930798144015;4.972128261995416;WarmteAtlas:LT_WarmteBronnen_ECW;https://www.warmteatlas.nl/geoserver/WarmteAtlas/wfs;2026-06-23T13:53:17;
119852;503800;W_Gemaal_637;0.0;GemaalWarmte;0.0;Optie B;0.0;0.0;;;;;GM0880;;;;GM0880;;;;GM0880;;;False;False;False;52.52073768635829;4.869351428437928;WarmteAtlas:LT_WarmteBronnen_ECW;https://www.warmteatlas.nl/geoserver/WarmteAtlas/wfs;2026-06-23T13:53:17;
121052;502300;W_Gemaal_649;0.0;GemaalWarmte;0.0;Optie B;0.0;0.0;;;;;GM0880;;;;GM0880;;;;GM0880;;;False;False;False;52.50733298980143;4.887183606980461;WarmteAtlas:LT_WarmteBronnen_ECW;https://www.warmteatlas.nl/geoserver/WarmteAtlas/wfs;2026-06-23T13:53:17;
113152;500000;W_Gemaal_662;0.0;GemaalWarmte;0.0;Optie B;0.0;0.0;;;;;GM0479;;;;GM0479;;;;GM0479;;;False;False;False;52.48611574868861;4.771118332669624;WarmteAtlas:LT_WarmteBronnen_ECW;https://www.warmteatlas.nl/geoserver/WarmteAtlas/wfs;2026-06-23T13:53:17;
115752;499400;W_Gemaal_664;0.0;GemaalWarmte;0.0;Optie B;0.0;0.0;;;;;GM0479;;;;GM0479;;;;GM0479;;;False;False;False;52.48091618804405;4.809464084189802;WarmteAtlas:LT_WarmteBronnen_ECW;https://www.warmteatlas.nl/geoserver/WarmteAtlas/wfs;2026-06-23T13:53:17;
114852;496500;W_Gemaal_679;0.0;GemaalWarmte;0.0;Optie B;0.0;0.0;;;;;GM0479;;;;GM0479;;;;GM0479;;;False;False;False;52.45478863405767;4.796564661560318;WarmteAtlas:LT_WarmteBronnen_ECW;https://www.warmteatlas.nl/geoserver/WarmteAtlas/wfs;2026-06-23T13:53:17;
113952;493900;W_Gemaal_693;0.0;GemaalWarmte;0.0;Optie B;0.0;0.0;;;;;GM0479;;;;GM0479;;;;GM0479;;;False;False;False;52.43135566880834;4.783643662932196;WarmteAtlas:LT_WarmteBronnen_ECW;https://www.warmteatlas.nl/geoserver/WarmteAtlas/wfs;2026-06-23T13:53:17;
136552;423000;W_Gemaal_1242;0.0;GemaalWarmte;0.0;Optie B;0.0;0.0;;;;;GM0297;;;;GM0297;;;;GM0297;;;False;False;False;51.7953409028646;5.11978240892591;WarmteAtlas:LT_WarmteBronnen_ECW;https://www.warmteatlas.nl/geoserver/WarmteAtlas/wfs;2026-06-23T13:53:17;
132252;422600;W_Gemaal_1245;0.0;GemaalWarmte;0.0;Optie B;0.0;0.0;;;;;GM0297;;;;GM0297;;;;GM0297;;;False;False;False;51.791587014071766;5.057477338365154;WarmteAtlas:LT_WarmteBronnen_ECW;https://www.warmteatlas.nl/geoserver/WarmteAtlas/wfs;2026-06-23T13:53:17;
138052;420500;W_Gemaal_1257;0.0;GemaalWarmte;0.0;Optie B;0.0;0.0;;;;;GM0297;;;;GM0297;;;;GM0297;;;False;False;False;51.772917590918745;5.141648270320756;WarmteAtlas:LT_WarmteBronnen_ECW;https://www.warmteatlas.nl/geoserver/WarmteAtlas/wfs;2026-06-23T13:53:17;
137296;417521;W_Gemaal_1529;0.0;GemaalWarmte;0.0;Optie B;0.0;0.0;;;;;GM0297;;;;GM0297;;;;GM0297;;;False;False;False;51.74611784968631;5.130846938003433;WarmteAtlas:LT_WarmteBronnen_ECW;https://www.warmteatlas.nl/geoserver/WarmteAtlas/wfs;2026-06-23T13:53:17;
207852;445900;W_Gemaal_1028;0.0;GemaalWarmte;0.0;Optie B;0.0;0.0;;;;;GM0299;;;;GM0299;;;;GM0299;;;False;False;False;51.998958900987354;6.156824574859004;WarmteAtlas:LT_WarmteBronnen_ECW;https://www.warmteatlas.nl/geoserver/WarmteAtlas/wfs;2026-06-23T13:53:17;
206918;430184;W_Gemaal_103;0.0;GemaalWarmte;0.0;Optie B;0.0;0.0;;;;;GM0299;;;;GM0299;;;;GM0299;;;False;False;False;51.85779787640208;6.140851046715404;WarmteAtlas:LT_WarmteBronnen_ECW;https://www.warmteatlas.nl/geoserver/WarmteAtlas/wfs;2026-06-23T13:53:17;
202452;445600;W_Gemaal_1033;0.0;GemaalWarmte;0.0;Optie B;0.0;0.0;;;;;GM0299;;;;GM0299;;;;GM0299;;;False;False;False;51.996750735994276;6.078154926279835;WarmteAtlas:LT_WarmteBronnen_ECW;https://www.warmteatlas.nl/geoserver/WarmteAtlas/wfs;2026-06-23T13:53:17;
206157;430342;W_Gemaal_105;0.0;GemaalWarmte;0.0;Optie B;0.0;0.0;;;;;GM0299;;;;GM0299;;;;GM0299;;;False;False;False;51.85928833497111;6.129828594012465;WarmteAtlas:LT_WarmteBronnen_ECW;https://www.warmteatlas.nl/geoserver/WarmteAtlas/wfs;2026-06-23T13:53:17;
200673;445609;W_Gemaal_1505;0.0;GemaalWarmte;0.0;Optie B;0.0;0.0;;;;;GM0299;;;;GM0299;;;;GM0299;;;False;False;False;51.99698091691633;6.052253680232106;WarmteAtlas:LT_WarmteBronnen_ECW;https://www.warmteatlas.nl/geoserver/WarmteAtlas/wfs;2026-06-23T13:53:17;
206918;430184;W_Gemaal_1506;0.0;GemaalWarmte;0.0;Optie B;0.0;0.0;;;;;GM0299;;;;GM0299;;;;GM0299;;;False;False;False;51.85779787640208;6.140851046715404;WarmteAtlas:LT_WarmteBronnen_ECW;https://www.warmteatlas.nl/geoserver/WarmteAtlas/wfs;2026-06-23T13:53:17;
206157;430342;W_Gemaal_1507;0.0;GemaalWarmte;0.0;Optie B;0.0;0.0;;;;;GM0299;;;;GM0299;;;;GM0299;;;False;False;False;51.85928833497111;6.129828594012465;WarmteAtlas:LT_WarmteBronnen_ECW;https://www.warmteatlas.nl/geoserver/WarmteAtlas/wfs;2026-06-23T13:53:17;
202922;430491;W_Gemaal_1619;0.0;GemaalWarmte;0.0;Optie B;0.0;0.0;;;;;GM0299;;;;GM0299;;;;GM0299;;;False;False;False;51.86091520005666;6.08289148368618;WarmteAtlas:LT_WarmteBronnen_ECW;https://www.warmteatlas.nl/geoserver/WarmteAtlas/wfs;2026-06-23T13:53:17;
199354;433525;W_Gemaal_1620;0.0;GemaalWarmte;0.0;Optie B;0.0;0.0;;;;;GM0299;;;;GM0299;;;;GM0299;;;False;False;False;51.888479846021816;6.0314881391940025;WarmteAtlas:LT_WarmteBronnen_ECW;https://www.warmteatlas.nl/geoserver/WarmteAtlas/wfs;2026-06-23T13:53:17;
93852;456000;W_Gemaal_927;0.0;GemaalWarmte;0.0;Optie B;0.0;0.0;;;;;GM0637;;;;GM0637;;;;GM0637;;;False;False;False;52.08887992991182;4.494982599312289;WarmteAtlas:LT_WarmteBronnen_ECW;https://www.warmteatlas.nl/geoserver/WarmteAtlas/wfs;2026-06-23T13:53:17;
95152;455900;W_Gemaal_929;0.0;GemaalWarmte;0.0;Optie B;0.0;0.0;;;;;GM0637;;;;GM0637;;;;GM0637;;;False;False;False;52.08812327372905;4.513966535268247;WarmteAtlas:LT_WarmteBronnen_ECW;https://www.warmteatlas.nl/geoserver/WarmteAtlas/wfs;2026-06-23T13:53:17;
94152;455800;W_Gemaal_931;0.0;GemaalWarmte;0.0;Optie B;0.0;0.0;;;;;GM0637;;;;GM0637;;;;GM0637;;;False;False;False;52.087115554073044;4.499395128978383;WarmteAtlas:LT_WarmteBronnen_ECW;https://www.warmteatlas.nl/geoserver/WarmteAtlas/wfs;2026-06-23T13:53:17;
93852;454300;W_Gemaal_947;0.0;GemaalWarmte;0.0;Optie B;0.0;0.0;;;;;GM0637;;;;GM0637;;;;GM0637;;;False;False;False;52.07360177055431;4.49528729817733;WarmteAtlas:LT_WarmteBronnen_ECW;https://www.warmteatlas.nl/geoserver/WarmteAtlas/wfs;2026-06-23T13:53:17;
95652;458400;W_Gemaal_909;0.0;GemaalWarmte;0.0;Optie B;0.0;0.0;;;;;GM0638;;;;GM0638;;;;GM0638;;;False;False;False;52.1106450408554;4.5208258878583845;WarmteAtlas:LT_WarmteBronnen_ECW;https://www.warmteatlas.nl/geoserver/WarmteAtlas/wfs;2026-06-23T13:53:17;
93752;458300;W_Gemaal_910;0.0;GemaalWarmte;0.0;Optie B;0.0;0.0;;;;;GM0638;;;;GM0638;;;;GM0638;;;False;False;False;52.10953925844124;4.493110356055357;WarmteAtlas:LT_WarmteBronnen_ECW;https://www.warmteatlas.nl/geoserver/WarmteAtlas/wfs;2026-06-23T13:53:17;
95652;458200;W_Gemaal_911;0.0;GemaalWarmte;0.0;Optie B;0.0;0.0;;;;;GM0638;;;;GM0638;;;;GM0638;;;False;False;False;52.10884760858044;4.520860730549213;WarmteAtlas:LT_WarmteBronnen_ECW;https://www.warmteatlas.nl/geoserver/WarmteAtlas/wfs;2026-06-23T13:53:17;
94452;458000;W_Gemaal_913;0.0;GemaalWarmte;0.0;Optie B;0.0;0.0;;;;;GM0638;;;;GM0638;;;;GM0638;;;False;False;False;52.10692016625226;4.50338104240719;WarmteAtlas:LT_WarmteBronnen_ECW;https://www.warmteatlas.nl/geoserver/WarmteAtlas/wfs;2026-06-23T13:53:17;
97652;444100;W_Gemaal_1060;0.0;GemaalWarmte;0.0;Optie B;0.0;0.0;;;;;GM1892;;;;GM1892;;;;GM1892;;;False;False;False;51.98233745458367;4.552418848249783;WarmteAtlas:LT_WarmteBronnen_ECW;https://www.warmteatlas.nl/geoserver/WarmteAtlas/wfs;2026-06-23T13:53:17;
104752;443700;W_Gemaal_1064;0.0;GemaalWarmte;0.0;Optie B;0.0;0.0;;;;;GM1892;;;;GM1892;;;;GM1892;;;False;False;False;51.97943023902471;4.6558197289721495;WarmteAtlas:LT_WarmteBronnen_ECW;https://www.warmteatlas.nl/geoserver/WarmteAtlas/wfs;2026-06-23T13:53:17;
104452;443500;W_Gemaal_1067;0.0;GemaalWarmte;0.0;Optie B;0.0;0.0;;;;;GM1892;;;;GM1892;;;;GM1892;;;False;False;False;51.97760550090835;4.651482907392904;WarmteAtlas:LT_WarmteBronnen_ECW;https://www.warmteatlas.nl/geoserver/WarmteAtlas/wfs;2026-06-23T13:53:17;
101052;440400;W_Gemaal_1097;0.0;GemaalWarmte;0.0;Optie B;0.0;0.0;;;;;GM1892;;;;GM1892;;;;GM1892;;;False;False;False;51.94942437759251;4.602487854968195;WarmteAtlas:LT_WarmteBronnen_ECW;https://www.warmteatlas.nl/geoserver/WarmteAtlas/wfs;2026-06-23T13:53:17;
102252;438900;W_Gemaal_1111;0.0;GemaalWarmte;0.0;Optie B;0.0;0.0;;;;;GM1892;;;;GM1892;;;;GM1892;;;False;False;False;51.936058192300116;4.620171529327425;WarmteAtlas:LT_WarmteBronnen_ECW;https://www.warmteatlas.nl/geoserver/WarmteAtlas/wfs;2026-06-23T13:53:17;
98719;443806;W_Gemaal_87;0.0;GemaalWarmte;0.0;Optie B;0.0;0.0;;;;;GM1892;;;;GM1892;;;;GM1892;;;False;False;False;51.97980431285672;4.567997313681848;WarmteAtlas:LT_WarmteBronnen_ECW;https://www.warmteatlas.nl/geoserver/WarmteAtlas/wfs;2026-06-23T13:53:17;
98452;451100;W_Gemaal_976;0.0;GemaalWarmte;0.0;Optie B;0.0;0.0;;;;;GM1892;;;;GM1892;;;;GM1892;;;False;False;False;52.04533112651497;4.562906631211046;WarmteAtlas:LT_WarmteBronnen_ECW;https://www.warmteatlas.nl/geoserver/WarmteAtlas/wfs;2026-06-23T13:53:17;
98252;449400;W_Gemaal_989;0.0;GemaalWarmte;0.0;Optie B;0.0;0.0;;;;;GM1892;;;;GM1892;;;;GM1892;;;False;False;False;52.03003221327044;4.560273671486876;WarmteAtlas:LT_WarmteBronnen_ECW;https://www.warmteatlas.nl/geoserver/WarmteAtlas/wfs;2026-06-23T13:53:17;
98652;449400;W_Gemaal_990;0.0;GemaalWarmte;0.0;Optie B;0.0;0.0;;;;;GM1892;;;;GM1892;;;;GM1892;;;False;False;False;52.03007300051193;4.566101879875336;WarmteAtlas:LT_WarmteBronnen_ECW;https://www.warmteatlas.nl/geoserver/WarmteAtlas/wfs;2026-06-23T13:53:17;
210552;464200;W_Gemaal_874;0.0;GemaalWarmte;0.0;Optie B;0.0;0.0;;;;;GM0301;;;;GM0301;;;;GM0301;;;False;False;False;52.1631628318331;6.199118805738504;WarmteAtlas:LT_WarmteBronnen_ECW;https://www.warmteatlas.nl/geoserver/WarmteAtlas/wfs;2026-06-23T13:53:17;
211252;463800;W_Gemaal_876;0.0;GemaalWarmte;0.0;Optie B;0.0;0.0;;;;;GM0301;;;;GM0301;;;;GM0301;;;False;False;False;52.15949710181998;6.209282338554235;WarmteAtlas:LT_WarmteBronnen_ECW;https://www.warmteatlas.nl/geoserver/WarmteAtlas/wfs;2026-06-23T13:53:17;
201852;516900;W_Gemaal_569;0.0;GemaalWarmte;0.0;Optie B;0.0;0.0;;;;;GM1896;;;;GM1896;;;;GM1896;;;False;False;False;52.637582882709765;6.0793356080083925;WarmteAtlas:LT_WarmteBronnen_ECW;https://www.warmteatlas.nl/geoserver/WarmteAtlas/wfs;2026-06-23T13:53:17;
201952;516900;W_Gemaal_570;0.0;GemaalWarmte;0.0;Optie B;0.0;0.0;;;;;GM1896;;;;GM1896;;;;GM1896;;;False;False;False;52.63757427059329;6.080812773499383;WarmteAtlas:LT_WarmteBronnen_ECW;https://www.warmteatlas.nl/geoserver/WarmteAtlas/wfs;2026-06-23T13:53:17;
200652;516100;W_Gemaal_575;0.0;GemaalWarmte;0.0;Optie B;0.0;0.0;;;;;GM1896;;;;GM1896;;;;GM1896;;;False;False;False;52.63049557037266;6.061499358197982;WarmteAtlas:LT_WarmteBronnen_ECW;https://www.warmteatlas.nl/geoserver/WarmteAtlas/wfs;2026-06-23T13:53:17;
199052;515900;W_Gemaal_576;0.0;GemaalWarmte;0.0;Optie B;0.0;0.0;;;;;GM1896;;;;GM1896;;;;GM1896;;;False;False;False;52.62883000066704;6.037841776722118;WarmteAtlas:LT_WarmteBronnen_ECW;https://www.warmteatlas.nl/geoserver/WarmteAtlas/wfs;2026-06-23T13:53:17;
201652;514800;W_Gemaal_581;0.0;GemaalWarmte;0.0;Optie B;0.0;0.0;;;;;GM1896;;;;GM1896;;;;GM1896;;;False;False;False;52.61872835330745;6.076085722962197;WarmteAtlas:LT_WarmteBronnen_ECW;https://www.warmteatlas.nl/geoserver/WarmteAtlas/wfs;2026-06-23T13:53:17;
197352;514300;W_Gemaal_584;0.0;GemaalWarmte;0.0;Optie B;0.0;0.0;;;;;GM1896;;;;GM1896;;;;GM1896;;;False;False;False;52.614586217518735;6.012530325637352;WarmteAtlas:LT_WarmteBronnen_ECW;https://www.warmteatlas.nl/geoserver/WarmteAtlas/wfs;2026-06-23T13:53:17;
202852;514000;W_Gemaal_587;0.0;GemaalWarmte;0.0;Optie B;0.0;0.0;;;;;GM1896;;;;GM1896;;;;GM1896;;;False;False;False;52.61143507498714;6.093688674686383;WarmteAtlas:LT_WarmteBronnen_ECW;https://www.warmteatlas.nl/geoserver/WarmteAtlas/wfs;2026-06-23T13:53:17;
201952;513900;W_Gemaal_589;0.0;GemaalWarmte;0.0;Optie B;0.0;0.0;;;;;GM1896;;;;GM1896;;;;GM1896;;;False;False;False;52.61061469497252;6.080387932104265;WarmteAtlas:LT_WarmteBronnen_ECW;https://www.warmteatlas.nl/geoserver/WarmteAtlas/wfs;2026-06-23T13:53:17;
197852;512800;W_Gemaal_596;0.0;GemaalWarmte;0.0;Optie B;0.0;0.0;;;;;GM1896;;;;GM1896;;;;GM1896;;;False;False;False;52.60106715474152;6.019718658052351;WarmteAtlas:LT_WarmteBronnen_ECW;https://www.warmteatlas.nl/geoserver/WarmteAtlas/wfs;2026-06-23T13:53:17;
204152;510800;W_Gemaal_606;0.0;GemaalWarmte;0.0;Optie B;0.0;0.0;;;;;GM1896;;;;GM1896;;;;GM1896;;;False;False;False;52.58256248271113;6.112406599587677;WarmteAtlas:LT_WarmteBronnen_ECW;https://www.warmteatlas.nl/geoserver/WarmteAtlas/wfs;2026-06-23T13:53:17;
204152;510700;W_Gemaal_609;0.0;GemaalWarmte;0.0;Optie B;0.0;0.0;;;;;GM1896;;;;GM1896;;;;GM1896;;;False;False;False;52.581663826237225;6.112391807269648;WarmteAtlas:LT_WarmteBronnen_ECW;https://www.warmteatlas.nl/geoserver/WarmteAtlas/wfs;2026-06-23T13:53:17;
98252;426000;W_Gemaal_1222;0.0;GemaalWarmte;0.0;Optie B;0.0;0.0;;;;;GM0642;;;;GM0642;;;;GM0642;;;False;False;False;51.819725045565264;4.56413479425216;WarmteAtlas:LT_WarmteBronnen_ECW;https://www.warmteatlas.nl/geoserver/WarmteAtlas/wfs;2026-06-23T13:53:17;
206723;506660;W_Gemaal_27;0.0;GemaalWarmte;0.0;Optie B;0.0;0.0;;;;;GM0193;;;;GM0193;;;;GM0193;;;False;False;False;52.545120483340604;6.149692844708093;WarmteAtlas:LT_WarmteBronnen_ECW;https://www.warmteatlas.nl/geoserver/WarmteAtlas/wfs;2026-06-23T13:53:17;
202752;506800;W_Gemaal_624;0.0;GemaalWarmte;0.0;Optie B;0.0;0.0;;;;;GM0193;;;;GM0193;;;;GM0193;;;False;False;False;52.546740297815866;6.091177832857325;WarmteAtlas:LT_WarmteBronnen_ECW;https://www.warmteatlas.nl/geoserver/WarmteAtlas/wfs;2026-06-23T13:53:17;
200552;501600;W_Gemaal_657;0.0;GemaalWarmte;0.0;Optie B;0.0;0.0;;;;;GM0193;;;;GM0193;;;;GM0193;;;False;False;False;52.500197052354416;6.058036326070352;WarmteAtlas:LT_WarmteBronnen_ECW;https://www.warmteatlas.nl/geoserver/WarmteAtlas/wfs;2026-06-23T13:53:17;
201452;500100;W_Gemaal_661;0.0;GemaalWarmte;0.0;Optie B;0.0;0.0;;;;;GM0193;;;;GM0193;;;;GM0193;;;False;False;False;52.486641117745336;6.071080742577236;WarmteAtlas:LT_WarmteBronnen_ECW;https://www.warmteatlas.nl/geoserver/WarmteAtlas/wfs;2026-06-23T13:53:17;
205952;499600;W_Gemaal_663;0.0;GemaalWarmte;0.0;Optie B;0.0;0.0;;;;;GM0193;;;;GM0193;;;;GM0193;;;False;False;False;52.481747113532066;6.137249187146351;WarmteAtlas:LT_WarmteBronnen_ECW;https://www.warmteatlas.nl/geoserver/WarmteAtlas/wfs;2026-06-23T13:53:17;
205852;499300;W_Gemaal_666;0.0;GemaalWarmte;0.0;Optie B;0.0;0.0;;;;;GM0193;;;;GM0193;;;;GM0193;;;False;False;False;52.47906039728357;6.13573157815489;WarmteAtlas:LT_WarmteBronnen_ECW;https://www.warmteatlas.nl/geoserver/WarmteAtlas/wfs;2026-06-23T13:53:17;
205052;496400;W_Gemaal_681;0.0;GemaalWarmte;0.0;Optie B;0.0;0.0;;;;;GM0193;;;;GM0193;;;;GM0193;;;False;False;False;52.4530724977553;6.12352255044217;WarmteAtlas:LT_WarmteBronnen_ECW;https://www.warmteatlas.nl/geoserver/WarmteAtlas/wfs;2026-06-23T13:53:17;
207052;496100;W_Gemaal_683;0.0;GemaalWarmte;0.0;Optie B;0.0;0.0;;;;;GM0193;;;;GM0193;;;;GM0193;;;False;False;False;52.45018999847369;6.152895518244286;WarmteAtlas:LT_WarmteBronnen_ECW;https://www.warmteatlas.nl/geoserver/WarmteAtlas/wfs;2026-06-23T13:53:17;
120495;478667;GFK Netherlands BV;0.0;Dienstverlening_Informatie;0.0;Optie B;0.0;0.0;;;;;GM0362;;;;GM0362;;;;GM0362;;;False;False;False;52.294903128016024;4.881409648879006;WarmteAtlas:LT_WarmteBronnen_ECW;https://www.warmteatlas.nl/geoserver/WarmteAtlas/wfs;2026-06-23T13:53:17;
114616;477409;4WD Nederland BV;0.0;Dienstverlening_Informatie;0.0;Optie B;0.0;0.0;;;;;GM0358;;;;GM0358;;;;GM0358;;;False;False;False;52.283197101133226;4.795386434262673;WarmteAtlas:LT_WarmteBronnen_ECW;https://www.warmteatlas.nl/geoserver/WarmteAtlas/wfs;2026-06-23T13:53:17;
95202;430795;Sentia Mpc BV;0.0;Dienstverlening_Informatie;0.37;Optie B;0.0;0.0;;;;;GM0489;;;;GM0489;;;;GM0489;;;False;False;False;51.86250158894067;4.5190724555801065;WarmteAtlas:LT_WarmteBronnen_ECW;https://www.warmteatlas.nl/geoserver/WarmteAtlas/wfs;2026-06-23T13:53:17;
93701;464383;EJR Quartz BV;0.0;Dienstverlening_Informatie;1.1;Optie B;0.0;0.0;;;;;GM0546;;;;GM0546;;;;GM0546;;;False;False;False;52.164201920200604;4.491269833873808;WarmteAtlas:LT_WarmteBronnen_ECW;https://www.warmteatlas.nl/geoserver/WarmteAtlas/wfs;2026-06-23T13:53:17;
93701;464383;Faxgids Nederland BV;0.0;Dienstverlening_Informatie;0.37;Optie B;0.0;0.0;;;;;GM0546;;;;GM0546;;;;GM0546;;;False;False;False;52.164201920200604;4.491269833873808;WarmteAtlas:LT_WarmteBronnen_ECW;https://www.warmteatlas.nl/geoserver/WarmteAtlas/wfs;2026-06-23T13:53:17;
91849;437601;Ingressus BV;0.0;Dienstverlening_Informatie;0.37;Optie B;0.0;0.0;;;;;GM0599;;;;GM0599;;;;GM0599;;;False;False;False;51.92329958738968;4.469152675773483;WarmteAtlas:LT_WarmteBronnen_ECW;https://www.warmteatlas.nl/geoserver/WarmteAtlas/wfs;2026-06-23T13:53:17;
91849;437601;Magnova BV;0.0;Dienstverlening_Informatie;0.37;Optie B;0.0;0.0;;;;;GM0599;;;;GM0599;;;;GM0599;;;False;False;False;51.92329958738968;4.469152675773483;WarmteAtlas:LT_WarmteBronnen_ECW;https://www.warmteatlas.nl/geoserver/WarmteAtlas/wfs;2026-06-23T13:53:17;
98565;439913;Officesoft BV;0.0;Dienstverlening_Informatie;0.37;Optie B;0.0;0.0;;;;;GM0599;;;;GM0599;;;;GM0599;;;False;False;False;51.944800547892314;4.566396011495162;WarmteAtlas:LT_WarmteBronnen_ECW;https://www.warmteatlas.nl/geoserver/WarmteAtlas/wfs;2026-06-23T13:53:17;
91849;437601;Tradedoubler BV;0.0;Dienstverlening_Informatie;0.37;Optie B;0.0;0.0;;;;;GM0599;;;;GM0599;;;;GM0599;;;False;False;False;51.92329958738968;4.469152675773483;WarmteAtlas:LT_WarmteBronnen_ECW;https://www.warmteatlas.nl/geoserver/WarmteAtlas/wfs;2026-06-23T13:53:17;
80989;455576;Midhold BV;0.0;Dienstverlening_Informatie;0.37;Optie B;0.0;0.0;;;;;GM0518;;;;GM0518;;;;GM0518;;;False;False;False;52.08349938988006;4.307417535966862;WarmteAtlas:LT_WarmteBronnen_ECW;https://www.warmteatlas.nl/geoserver/WarmteAtlas/wfs;2026-06-23T13:53:17;
81200;456463;Mocreate BV;0.0;Dienstverlening_Informatie;0.37;Optie B;0.0;0.0;;;;;GM0518;;;;GM0518;;;;GM0518;;;False;False;False;52.09149879158053;4.310303464627749;WarmteAtlas:LT_WarmteBronnen_ECW;https://www.warmteatlas.nl/geoserver/WarmteAtlas/wfs;2026-06-23T13:53:17;
89900;459179;Valkenhorst Internet BV;0.0;Dienstverlening_Informatie;1.1;Optie B;0.0;0.0;;;;;GM0626;;;;GM0626;;;;GM0626;;;False;False;False;52.11699899844354;4.436718368150057;WarmteAtlas:LT_WarmteBronnen_ECW;https://www.warmteatlas.nl/geoserver/WarmteAtlas/wfs;2026-06-23T13:53:17;
84039;448199;Geophy BV;0.0;Dienstverlening_Informatie;0.87;Optie B;0.0;0.0;;;;;GM0503;;;;GM0503;;;;GM0503;;;False;False;False;52.01760239007479;4.3534405295866305;WarmteAtlas:LT_WarmteBronnen_ECW;https://www.warmteatlas.nl/geoserver/WarmteAtlas/wfs;2026-06-23T13:53:17;
101853;427471;Alternet Internet BV;0.0;Dienstverlening_Informatie;0.87;Optie B;0.0;0.0;;;;;GM0531;;;;GM0531;;;;GM0531;;;False;False;False;51.83330058010749;4.616132511006656;WarmteAtlas:LT_WarmteBronnen_ECW;https://www.warmteatlas.nl/geoserver/WarmteAtlas/wfs;2026-06-23T13:53:17;
94015;445330;Skimundi Aps;0.0;Dienstverlening_Informatie;0.87;Optie B;0.0;0.0;;;;;GM1621;;;;GM1621;;;;GM1621;;;False;False;False;51.993004324965455;4.499264070729894;WarmteAtlas:LT_WarmteBronnen_ECW;https://www.warmteatlas.nl/geoserver/WarmteAtlas/wfs;2026-06-23T13:53:17;
93334;464755;Transip BV;0.0;Dienstverlening_Informatie;2.56;Optie B;0.0;0.0;;;;;GM0546;;;;GM0546;;;;GM0546;;;False;False;False;52.16750424025664;4.485838935720371;WarmteAtlas:LT_WarmteBronnen_ECW;https://www.warmteatlas.nl/geoserver/WarmteAtlas/wfs;2026-06-23T13:53:17;
76227;437300;Argeweb BV;0.0;Dienstverlening_Informatie;0.87;Optie B;0.0;0.0;;;;;GM0556;;;;GM0556;;;;GM0556;;;False;False;False;51.918601742263576;4.242157700000161;WarmteAtlas:LT_WarmteBronnen_ECW;https://www.warmteatlas.nl/geoserver/WarmteAtlas/wfs;2026-06-23T13:53:17;
91864;465986;Ticketveiling BV;0.0;Dienstverlening_Informatie;0.87;Optie B;0.0;0.0;;;;;GM0579;;;;GM0579;;;;GM0579;;;False;False;False;52.178401109215585;4.4641258652418365;WarmteAtlas:LT_WarmteBronnen_ECW;https://www.warmteatlas.nl/geoserver/WarmteAtlas/wfs;2026-06-23T13:53:17;
81296;450241;CBBS Salarisservice BV;0.0;Dienstverlening_Informatie;0.87;Optie B;0.0;0.0;;;;;GM0603;;;;GM0603;;;;GM0603;;;False;False;False;52.03559584850972;4.31304706923584;WarmteAtlas:LT_WarmteBronnen_ECW;https://www.warmteatlas.nl/geoserver/WarmteAtlas/wfs;2026-06-23T13:53:17;
83640;451932;Docfactory BV;0.0;Dienstverlening_Informatie;0.87;Optie B;0.0;0.0;;;;;GM0603;;;;GM0603;;;;GM0603;;;False;False;False;52.05109930923645;4.346849840998461;WarmteAtlas:LT_WarmteBronnen_ECW;https://www.warmteatlas.nl/geoserver/WarmteAtlas/wfs;2026-06-23T13:53:17;
96173;437048;ADP Nederland BV;0.0;Dienstverlening_Informatie;0.87;Optie B;0.0;0.0;;;;;GM0599;;;;GM0599;;;;GM0599;;;False;False;False;51.91880361394812;4.532099940742932;WarmteAtlas:LT_WarmteBronnen_ECW;https://www.warmteatlas.nl/geoserver/WarmteAtlas/wfs;2026-06-23T13:53:17;
93295;433388;Iq Assuradeuren BV;0.0;Dienstverlening_Informatie;0.87;Optie B;0.0;0.0;;;;;GM0599;;;;GM0599;;;;GM0599;;;False;False;False;51.88559805137958;4.49092634212961;WarmteAtlas:LT_WarmteBronnen_ECW;https://www.warmteatlas.nl/geoserver/WarmteAtlas/wfs;2026-06-23T13:53:17;
92053;437331;Persc Communicatie BV;0.0;Dienstverlening_Informatie;0.87;Optie B;0.0;0.0;;;;;GM0599;;;;GM0599;;;;GM0599;;;False;False;False;51.92089613338811;4.4721673506398645;WarmteAtlas:LT_WarmteBronnen_ECW;https://www.warmteatlas.nl/geoserver/WarmteAtlas/wfs;2026-06-23T13:53:17;
93341;437059;Sandvine BV;0.0;Dienstverlening_Informatie;0.87;Optie B;0.0;0.0;;;;;GM0599;;;;GM0599;;;;GM0599;;;False;False;False;51.91859581912248;4.490937032643065;WarmteAtlas:LT_WarmteBronnen_ECW;https://www.warmteatlas.nl/geoserver/WarmteAtlas/wfs;2026-06-23T13:53:17;
83115;455667;Redsocks BV;0.0;Dienstverlening_Informatie;0.87;Optie B;0.0;0.0;;;;;GM0518;;;;GM0518;;;;GM0518;;;False;False;False;52.084597288819815;4.338410656431927;WarmteAtlas:LT_WarmteBronnen_ECW;https://www.warmteatlas.nl/geoserver/WarmteAtlas/wfs;2026-06-23T13:53:17;
105345;448119;SBIT Automatiseringsdiensten BV;0.0;Dienstverlening_Informatie;0.87;Optie B;0.0;0.0;;;;;GM1892;;;;GM1892;;;;GM1892;;;False;False;False;52.01919963910444;4.663810016722017;WarmteAtlas:LT_WarmteBronnen_ECW;https://www.warmteatlas.nl/geoserver/WarmteAtlas/wfs;2026-06-23T13:53:17;
91656;438138;Drecomm Internetdiensten Management   Consultancy;0.0;Dienstverlening_Informatie;1.87;Optie B;0.0;0.0;;;;;GM0599;;;;GM0599;;;;GM0599;;;False;False;False;51.9281038243485;4.466248395298995;WarmteAtlas:LT_WarmteBronnen_ECW;https://www.warmteatlas.nl/geoserver/WarmteAtlas/wfs;2026-06-23T13:53:17;
92271;437596;Intermax BV;0.0;Dienstverlening_Informatie;1.87;Optie B;0.0;0.0;;;;;GM0599;;;;GM0599;;;;GM0599;;;False;False;False;51.92330239840528;4.475287616841088;WarmteAtlas:LT_WarmteBronnen_ECW;https://www.warmteatlas.nl/geoserver/WarmteAtlas/wfs;2026-06-23T13:53:17;
91190;435351;Initworks BV;0.0;Dienstverlening_Informatie;3.75;Optie B;0.0;0.0;;;;;GM0599;;;;GM0599;;;;GM0599;;;False;False;False;51.903002951569185;4.459990951908799;WarmteAtlas:LT_WarmteBronnen_ECW;https://www.warmteatlas.nl/geoserver/WarmteAtlas/wfs;2026-06-23T13:53:17;
103276;459578;Service Point Nederland BV;0.0;Dienstverlening_Informatie;25.75;Optie B;0.0;0.0;;;;;GM0484;;;;GM0484;;;;GM0484;;;False;False;False;52.121997424477904;4.631934166365035;WarmteAtlas:LT_WarmteBronnen_ECW;https://www.warmteatlas.nl/geoserver/WarmteAtlas/wfs;2026-06-23T13:53:17;
83028;447968;Service Point Nederland BV;0.0;Dienstverlening_Informatie;21.85;Optie B;0.0;0.0;;;;;GM0503;;;;GM0503;;;;GM0503;;;False;False;False;52.01539617129006;4.338763155424109;WarmteAtlas:LT_WarmteBronnen_ECW;https://www.warmteatlas.nl/geoserver/WarmteAtlas/wfs;2026-06-23T13:53:17;
92485;451168;Call 2 BV;0.0;Dienstverlening_Informatie;37.46;Optie B;0.0;0.0;;;;;GM0637;;;;GM0637;;;;GM0637;;;False;False;False;52.04530142568691;4.475923642842044;WarmteAtlas:LT_WarmteBronnen_ECW;https://www.warmteatlas.nl/geoserver/WarmteAtlas/wfs;2026-06-23T13:53:17;
167980;449802;De Indruk Internetcommunicatie BV;35.0;Dienstverlening_Informatie;11.81;Optie B;0.0;0.0;;;;;GM0345;;;;GM0345;;;;GM0345;;;False;False;False;52.03639624948876;5.576371248178195;WarmteAtlas:LT_WarmteBronnen_ECW;https://www.warmteatlas.nl/geoserver/WarmteAtlas/wfs;2026-06-23T13:53:17;
112387;514448;Debanensite NL BV;0.0;Dienstverlening_Informatie;0.0;Optie B;0.0;0.0;;;;;GM0361;;;;GM0361;;;;GM0361;;;False;False;False;52.61589764932732;4.758007675046366;WarmteAtlas:LT_WarmteBronnen_ECW;https://www.warmteatlas.nl/geoserver/WarmteAtlas/wfs;2026-06-23T13:53:17;
115017;518777;Mediatrend Publicaties BV;0.0;Dienstverlening_Informatie;0.0;Optie B;0.0;0.0;;;;;GM0361;;;;GM0361;;;;GM0361;;;False;False;False;52.6550000557944;4.796316508977366;WarmteAtlas:LT_WarmteBronnen_ECW;https://www.warmteatlas.nl/geoserver/WarmteAtlas/wfs;2026-06-23T13:53:17;
112387;514448;Uniserver Internet BV;0.0;Dienstverlening_Informatie;0.0;Optie B;0.0;0.0;;;;;GM0361;;;;GM0361;;;;GM0361;;;False;False;False;52.61589764932732;4.758007675046366;WarmteAtlas:LT_WarmteBronnen_ECW;https://www.warmteatlas.nl/geoserver/WarmteAtlas/wfs;2026-06-23T13:53:17;
123628;487692;A  Friend of Mine BV;0.0;Dienstverlening_Informatie;0.0;Optie B;0.0;0.0;;;;;GM0363;;;;GM0363;;;;GM0363;;;False;False;False;52.37620184867782;4.926492744628593;WarmteAtlas:LT_WarmteBronnen_ECW;https://www.warmteatlas.nl/geoserver/WarmteAtlas/wfs;2026-06-23T13:53:17;
127154;486235;Architectenweb BV;0.0;Dienstverlening_Informatie;0.0;Optie B;0.0;0.0;;;;;GM0363;;;;GM0363;;;;GM0363;;;False;False;False;52.363297362092155;4.978392942408338;WarmteAtlas:LT_WarmteBronnen_ECW;https://www.warmteatlas.nl/geoserver/WarmteAtlas/wfs;2026-06-23T13:53:17;
122341;487845;Byte BV;0.0;Dienstverlening_Informatie;0.0;Optie B;0.0;0.0;;;;;GM0363;;1011AC;;GM0363;;1011AC;;GM0363;;1011AC;False;False;False;52.37750186579518;4.907578337301558;WarmteAtlas:LT_WarmteBronnen_ECW;https://www.warmteatlas.nl/geoserver/WarmteAtlas/wfs;2026-06-23T13:53:17;
123295;488762;Cleafs BV;0.0;Dienstverlening_Informatie;0.0;Optie B;0.0;0.0;;;;;GM0363;;;;GM0363;;;;GM0363;;;False;False;False;52.38579913976507;4.921501672517045;WarmteAtlas:LT_WarmteBronnen_ECW;https://www.warmteatlas.nl/geoserver/WarmteAtlas/wfs;2026-06-23T13:53:17;
121060;490746;De Persgroep Online Services BV;0.0;Dienstverlening_Informatie;0.0;Optie B;0.0;0.0;;;;;GM0363;;;;GM0363;;;;GM0363;;;False;False;False;52.403496198436116;4.888473186544664;WarmteAtlas:LT_WarmteBronnen_ECW;https://www.warmteatlas.nl/geoserver/WarmteAtlas/wfs;2026-06-23T13:53:17;
118184;489321;Denit Internet Services BV;0.0;Dienstverlening_Informatie;0.0;Optie B;0.0;0.0;;;;;GM0363;;;;GM0363;;;;GM0363;;;False;False;False;52.39050399676586;4.8463698381137155;WarmteAtlas:LT_WarmteBronnen_ECW;https://www.warmteatlas.nl/geoserver/WarmteAtlas/wfs;2026-06-23T13:53:17;
124631;479274;Equinix  Netherlands  BV;0.0;Dienstverlening_Informatie;0.0;Optie B;0.0;0.0;;;;;GM0363;;;;GM0363;;;;GM0363;;;False;False;False;52.30060227798148;4.941981041026296;WarmteAtlas:LT_WarmteBronnen_ECW;https://www.warmteatlas.nl/geoserver/WarmteAtlas/wfs;2026-06-23T13:53:17;
120639;487612;Fashiolista BV;0.0;Dienstverlening_Informatie;0.0;Optie B;0.0;0.0;;;;;GM0363;;;;GM0363;;;;GM0363;;;False;False;False;52.375303956827935;4.8826077089102915;WarmteAtlas:LT_WarmteBronnen_ECW;https://www.warmteatlas.nl/geoserver/WarmteAtlas/wfs;2026-06-23T13:53:17;
122333;485987;Futurewhiz Media BV;0.0;Dienstverlening_Informatie;0.0;Optie B;0.0;0.0;;;;;GM0363;;;;GM0363;;;;GM0363;;;False;False;False;52.36080296222829;4.907641403119205;WarmteAtlas:LT_WarmteBronnen_ECW;https://www.warmteatlas.nl/geoserver/WarmteAtlas/wfs;2026-06-23T13:53:17;
123140;484546;Global Sports Media BV;0.0;Dienstverlening_Informatie;0.0;Optie B;0.0;0.0;;;;;GM0363;;;;GM0363;;;;GM0363;;;False;False;False;52.34789958357115;4.919624521812129;WarmteAtlas:LT_WarmteBronnen_ECW;https://www.warmteatlas.nl/geoserver/WarmteAtlas/wfs;2026-06-23T13:53:17;
119884;483433;Google Netherlands BV;0.0;Dienstverlening_Informatie;0.0;Optie B;0.0;0.0;;;;;GM0363;;;;GM0363;;1082MD;;GM0363;;1082MD;False;False;False;52.33769828050649;4.871957098991646;WarmteAtlas:LT_WarmteBronnen_ECW;https://www.warmteatlas.nl/geoserver/WarmteAtlas/wfs;2026-06-23T13:53:17;
122181;486566;Greenhost BV;0.0;Dienstverlening_Informatie;0.0;Optie B;0.0;0.0;;;;;GM0363;;;;GM0363;;;;GM0363;;;False;False;False;52.36599756131909;4.905353557314037;WarmteAtlas:LT_WarmteBronnen_ECW;https://www.warmteatlas.nl/geoserver/WarmteAtlas/wfs;2026-06-23T13:53:17;
117868;483737;Grey Matter Entertainment BV;0.0;Dienstverlening_Informatie;0.0;Optie B;0.0;0.0;;;;;GM0363;;;;GM0363;;;;GM0363;;;False;False;False;52.34029793231867;4.842344623466613;WarmteAtlas:LT_WarmteBronnen_ECW;https://www.warmteatlas.nl/geoserver/WarmteAtlas/wfs;2026-06-23T13:53:17;
123140;484546;Groupon Netherlands BV;0.0;Dienstverlening_Informatie;0.0;Optie B;0.0;0.0;;;;;GM0363;;;;GM0363;;;;GM0363;;;False;False;False;52.34789958357115;4.919624521812129;WarmteAtlas:LT_WarmteBronnen_ECW;https://www.warmteatlas.nl/geoserver/WarmteAtlas/wfs;2026-06-23T13:53:17;
123291;488362;Hoteliers Com BV;0.0;Dienstverlening_Informatie;0.0;Optie B;0.0;0.0;;;;;GM0363;;;;GM0363;;;;GM0363;;;False;False;False;52.38220398851482;4.921480678209555;WarmteAtlas:LT_WarmteBronnen_ECW;https://www.warmteatlas.nl/geoserver/WarmteAtlas/wfs;2026-06-23T13:53:17;
120666;486221;Jobsites BV;0.0;Dienstverlening_Informatie;0.0;Optie B;0.0;0.0;;;;;GM0363;;;;GM0363;;;;GM0363;;;False;False;False;52.36280433030494;4.88314626133064;WarmteAtlas:LT_WarmteBronnen_ECW;https://www.warmteatlas.nl/geoserver/WarmteAtlas/wfs;2026-06-23T13:53:17;
122937;487852;Kenes Education BV;0.0;Dienstverlening_Informatie;0.0;Optie B;0.0;0.0;;;;;GM0363;;;;GM0363;;;;GM0363;;;False;False;False;52.37759990376602;4.916330165008809;WarmteAtlas:LT_WarmteBronnen_ECW;https://www.warmteatlas.nl/geoserver/WarmteAtlas/wfs;2026-06-23T13:53:17;
122279;484474;Nutrill;0.0;Dienstverlening_Informatie;0.0;Optie B;0.0;0.0;;;;;GM0363;;;;GM0363;;;;GM0363;;;False;False;False;52.34720190324557;4.906995842464521;WarmteAtlas:LT_WarmteBronnen_ECW;https://www.warmteatlas.nl/geoserver/WarmteAtlas/wfs;2026-06-23T13:53:17;
125000;479895;Presspage BV;0.0;Dienstverlening_Informatie;0.0;Optie B;0.0;0.0;;;;;GM0363;;;;GM0363;;;;GM0363;;;False;False;False;52.30620373664065;4.947335362962866;WarmteAtlas:LT_WarmteBronnen_ECW;https://www.warmteatlas.nl/geoserver/WarmteAtlas/wfs;2026-06-23T13:53:17;
118835;485622;Provarix BV;0.0;Dienstverlening_Informatie;0.0;Optie B;0.0;0.0;;;;;GM0363;;;;GM0363;;;;GM0363;;;False;False;False;52.357303454584745;4.856330809842017;WarmteAtlas:LT_WarmteBronnen_ECW;https://www.warmteatlas.nl/geoserver/WarmteAtlas/wfs;2026-06-23T13:53:17;
117433;488770;Rackspace Benelux BV;0.0;Dienstverlening_Informatie;0.0;Optie B;0.0;0.0;;;;;GM0363;;;;GM0363;;;;GM0363;;;False;False;False;52.38550116141377;4.835399617643484;WarmteAtlas:LT_WarmteBronnen_ECW;https://www.warmteatlas.nl/geoserver/WarmteAtlas/wfs;2026-06-23T13:53:17;
119868;486415;Realworks BV;0.0;Dienstverlening_Informatie;0.0;Optie B;0.0;0.0;;;;;GM0363;;;;GM0363;;;;GM0363;;;False;False;False;52.364497404145006;4.871410991125217;WarmteAtlas:LT_WarmteBronnen_ECW;https://www.warmteatlas.nl/geoserver/WarmteAtlas/wfs;2026-06-23T13:53:17;
123295;488762;Sabaki Groep BV;0.0;Dienstverlening_Informatie;0.0;Optie B;0.0;0.0;;;;;GM0363;;;;GM0363;;;;GM0363;;;False;False;False;52.38579913976507;4.921501672517045;WarmteAtlas:LT_WarmteBronnen_ECW;https://www.warmteatlas.nl/geoserver/WarmteAtlas/wfs;2026-06-23T13:53:17;
120537;486511;SO Wifi BV;0.0;Dienstverlening_Informatie;0.0;Optie B;0.0;0.0;;;;;GM0363;;;;GM0363;;;;GM0363;;;False;False;False;52.36540256704602;4.881222758405343;WarmteAtlas:LT_WarmteBronnen_ECW;https://www.warmteatlas.nl/geoserver/WarmteAtlas/wfs;2026-06-23T13:53:17;
117657;490014;Telecitygroup Netherlands BV;0.0;Dienstverlening_Informatie;0.0;Optie B;0.0;0.0;;;;;GM0363;;;;GM0363;;;;GM0363;;;False;False;False;52.396696515027514;4.83855135690189;WarmteAtlas:LT_WarmteBronnen_ECW;https://www.warmteatlas.nl/geoserver/WarmteAtlas/wfs;2026-06-23T13:53:17;
121000;487409;The Registrar Company BV;0.0;Dienstverlening_Informatie;0.0;Optie B;0.0;0.0;;;;;GM0363;;;;GM0363;;;;GM0363;;;False;False;False;52.373502010274244;4.887929393048212;WarmteAtlas:LT_WarmteBronnen_ECW;https://www.warmteatlas.nl/geoserver/WarmteAtlas/wfs;2026-06-23T13:53:17;
121509;488329;Track Concepts BV;0.0;Dienstverlening_Informatie;0.0;Optie B;0.0;0.0;;;;;GM0363;;1013AA;;GM0363;;1013AA;;GM0363;;1013AA;False;False;False;52.381801591351135;4.895311870294032;WarmteAtlas:LT_WarmteBronnen_ECW;https://www.warmteatlas.nl/geoserver/WarmteAtlas/wfs;2026-06-23T13:53:17;
121469;486471;Vandebron Energie BV;0.0;Dienstverlening_Informatie;0.0;Optie B;0.0;0.0;;;;;GM0363;;;;GM0363;;;;GM0363;;;False;False;False;52.36510076222946;4.894909766006862;WarmteAtlas:LT_WarmteBronnen_ECW;https://www.warmteatlas.nl/geoserver/WarmteAtlas/wfs;2026-06-23T13:53:17;
119681;486684;Yourscene BV;0.0;Dienstverlening_Informatie;0.0;Optie B;0.0;0.0;;;;;GM0363;;;;GM0363;;;;GM0363;;;False;False;False;52.366902988743924;4.868637385533729;WarmteAtlas:LT_WarmteBronnen_ECW;https://www.warmteatlas.nl/geoserver/WarmteAtlas/wfs;2026-06-23T13:53:17;
124098;486665;Z24 Media BV;0.0;Dienstverlening_Informatie;0.0;Optie B;0.0;0.0;;;;;GM0363;;;;GM0363;;;;GM0363;;;False;False;False;52.36699850672598;4.933489107409288;WarmteAtlas:LT_WarmteBronnen_ECW;https://www.warmteatlas.nl/geoserver/WarmteAtlas/wfs;2026-06-23T13:53:17;
170619;464430;Ionline Cloud BV;0.0;Dienstverlening_Informatie;0.0;Optie B;0.0;0.0;;;;;GM0203;;;;GM0203;;;;GM0203;;;False;False;False;52.16780382534769;5.6155023315727615;WarmteAtlas:LT_WarmteBronnen_ECW;https://www.warmteatlas.nl/geoserver/WarmteAtlas/wfs;2026-06-23T13:53:17;
78581;390096;Newest Industry BV;0.0;Dienstverlening_Informatie;0.0;Optie B;0.0;0.0;;;;;GM0748;;;;GM0748;;;;GM0748;;;False;False;False;51.49470245498209;4.286742270747999;WarmteAtlas:LT_WarmteBronnen_ECW;https://www.warmteatlas.nl/geoserver/WarmteAtlas/wfs;2026-06-23T13:53:17;
174831;401651;Internet BV;0.0;Dienstverlening_Informatie;0.0;Optie B;0.0;0.0;;;;;GM0755;;;;GM0755;;;;GM0755;;;False;False;False;51.60339954604418;5.673451653622874;WarmteAtlas:LT_WarmteBronnen_ECW;https://www.warmteatlas.nl/geoserver/WarmteAtlas/wfs;2026-06-23T13:53:17;
189871;408085;Maatwerk Media VOF;0.0;Dienstverlening_Informatie;0.0;Optie B;0.0;0.0;;;;;GM1982;;;;GM1982;;;;GM1982;;;False;False;False;51.66049687892883;5.8911829608301085;WarmteAtlas:LT_WarmteBronnen_ECW;https://www.warmteatlas.nl/geoserver/WarmteAtlas/wfs;2026-06-23T13:53:17;
112673;398663;Hosting 2 Go BV;0.0;Dienstverlening_Informatie;0.0;Optie B;0.0;0.0;;;;;GM0758;;;;GM0758;;;;GM0758;;;False;False;False;51.57529863410946;4.7766076418743655;WarmteAtlas:LT_WarmteBronnen_ECW;https://www.warmteatlas.nl/geoserver/WarmteAtlas/wfs;2026-06-23T13:53:17;
126247;473467;Webawere Internet Solutions BV;0.0;Dienstverlening_Informatie;0.0;Optie B;0.0;0.0;;;;;GM0736;;;;GM0736;;;;GM0736;;;False;False;False;52.248498452622364;4.966165914433757;WarmteAtlas:LT_WarmteBronnen_ECW;https://www.warmteatlas.nl/geoserver/WarmteAtlas/wfs;2026-06-23T13:53:17;
170785;448542;Routit BV;0.0;Dienstverlening_Informatie;0.0;Optie B;0.0;0.0;;;;;GM0228;;;;GM0228;;;;GM0228;;;False;False;False;52.02499847497861;5.6171923242848765;WarmteAtlas:LT_WarmteBronnen_ECW;https://www.warmteatlas.nl/geoserver/WarmteAtlas/wfs;2026-06-23T13:53:17;
161051;383738;Swiss Post Solutions Holding;0.0;Dienstverlening_Informatie;0.0;Optie B;0.0;0.0;;;;;GM0772;;;;GM0772;;;;GM0772;;;False;False;False;51.442704467804944;5.474235582509971;WarmteAtlas:LT_WarmteBronnen_ECW;https://www.warmteatlas.nl/geoserver/WarmteAtlas/wfs;2026-06-23T13:53:17;
160065;384026;Tibaco Internet Media BV;0.0;Dienstverlening_Informatie;0.0;Optie B;0.0;0.0;;;;;GM0772;;;;GM0772;;;;GM0772;;;False;False;False;51.44530294220181;5.460057594551979;WarmteAtlas:LT_WarmteBronnen_ECW;https://www.warmteatlas.nl/geoserver/WarmteAtlas/wfs;2026-06-23T13:53:17;
252949;470780;Internet Access Facilities BV;0.0;Dienstverlening_Informatie;0.0;Optie B;0.0;0.0;;;;;GM0153;;;;GM0153;;;;GM0153;;;False;False;False;52.216396303243044;6.820523227144329;WarmteAtlas:LT_WarmteBronnen_ECW;https://www.warmteatlas.nl/geoserver/WarmteAtlas/wfs;2026-06-23T13:53:17;
256413;468179;Mediateq BV;0.0;Dienstverlening_Informatie;0.0;Optie B;0.0;0.0;;;;;GM0153;;;;GM0153;;;;GM0153;;;False;False;False;52.192399092144726;6.8704187734917594;WarmteAtlas:LT_WarmteBronnen_ECW;https://www.warmteatlas.nl/geoserver/WarmteAtlas/wfs;2026-06-23T13:53:17;
257198;471256;Oxilion BV;0.0;Dienstverlening_Informatie;0.0;Optie B;0.0;0.0;;;;;GM0153;;;;GM0153;;;;GM0153;;;False;False;False;52.219902222119615;6.8828239908409845;WarmteAtlas:LT_WarmteBronnen_ECW;https://www.warmteatlas.nl/geoserver/WarmteAtlas/wfs;2026-06-23T13:53:17;
257657;469529;Tui Nederland NV;0.0;Dienstverlening_Informatie;0.0;Optie B;0.0;0.0;;;;;GM0153;;;;GM0153;;;;GM0153;;;False;False;False;52.2042992926484;6.889015723207546;WarmteAtlas:LT_WarmteBronnen_ECW;https://www.warmteatlas.nl/geoserver/WarmteAtlas/wfs;2026-06-23T13:53:17;
137507;479957;Meetingselect BV;0.0;Dienstverlening_Informatie;0.0;Optie B;0.0;0.0;;;;;GM1942;;;;GM1942;;;;GM1942;;;False;False;False;52.30730069211484;5.130711022975731;WarmteAtlas:LT_WarmteBronnen_ECW;https://www.warmteatlas.nl/geoserver/WarmteAtlas/wfs;2026-06-23T13:53:17;
141040;476908;Savened BV;0.0;Dienstverlening_Informatie;0.0;Optie B;0.0;0.0;;;;;GM1942;;;;GM1942;;;;GM1942;;;False;False;False;52.27999827811884;5.1826397327031275;WarmteAtlas:LT_WarmteBronnen_ECW;https://www.warmteatlas.nl/geoserver/WarmteAtlas/wfs;2026-06-23T13:53:17;
104040;488779;Digimo Media Groep BV;0.0;Dienstverlening_Informatie;0.0;Optie B;0.0;0.0;;;;;GM0392;;;;GM0392;;;;GM0392;;;False;False;False;52.38450203688005;4.638688486599375;WarmteAtlas:LT_WarmteBronnen_ECW;https://www.warmteatlas.nl/geoserver/WarmteAtlas/wfs;2026-06-23T13:53:17;
104761;486568;Hosting NL BV;0.0;Dienstverlening_Informatie;0.0;Optie B;0.0;0.0;;;;;GM0392;;;;GM0392;;;;GM0392;;;False;False;False;52.36469834780418;4.649608457523301;WarmteAtlas:LT_WarmteBronnen_ECW;https://www.warmteatlas.nl/geoserver/WarmteAtlas/wfs;2026-06-23T13:53:17;
103565;487660;Supercharged Facilities Netherlands BV;0.0;Dienstverlening_Informatie;0.0;Optie B;0.0;0.0;;;;;GM0392;;;;GM0392;;;;GM0392;;;False;False;False;52.374401373766744;4.631883442956092;WarmteAtlas:LT_WarmteBronnen_ECW;https://www.warmteatlas.nl/geoserver/WarmteAtlas/wfs;2026-06-23T13:53:17;
104995;489069;Verzekeringssite BV;0.0;Dienstverlening_Informatie;0.0;Optie B;0.0;0.0;;;;;GM0392;;;;GM0392;;;;GM0392;;;False;False;False;52.38719608114293;4.652671520061963;WarmteAtlas:LT_WarmteBronnen_ECW;https://www.warmteatlas.nl/geoserver/WarmteAtlas/wfs;2026-06-23T13:53:17;
107791;479317;Adusem BV;0.0;Dienstverlening_Informatie;0.0;Optie B;0.0;0.0;;;;;GM0394;;;;GM0394;;;;GM0394;;;False;False;False;52.299801686256814;4.695107333915081;WarmteAtlas:LT_WarmteBronnen_ECW;https://www.warmteatlas.nl/geoserver/WarmteAtlas/wfs;2026-06-23T13:53:17;
112316;478374;Autodata Nederland BV;0.0;Dienstverlening_Informatie;0.0;Optie B;0.0;0.0;;;;;GM0394;;;;GM0394;;;;GM0394;;;False;False;False;52.29169630801462;4.761560356173867;WarmteAtlas:LT_WarmteBronnen_ECW;https://www.warmteatlas.nl/geoserver/WarmteAtlas/wfs;2026-06-23T13:53:17;
111146;476905;Basefarm BV;0.0;Dienstverlening_Informatie;0.0;Optie B;0.0;0.0;;;;;GM0394;;;;GM0394;;;;GM0394;;;False;False;False;52.278402048123915;4.744602836185466;WarmteAtlas:LT_WarmteBronnen_ECW;https://www.warmteatlas.nl/geoserver/WarmteAtlas/wfs;2026-06-23T13:53:17;
170725;484735;Orangebuddies Media BV;0.0;Dienstverlening_Informatie;0.0;Optie B;0.0;0.0;;;;;GM0243;;;;GM0243;;;;GM0243;;;False;False;False;52.3502960686425;5.617997107524491;WarmteAtlas:LT_WarmteBronnen_ECW;https://www.warmteatlas.nl/geoserver/WarmteAtlas/wfs;2026-06-23T13:53:17;
108678;511411;Secure Internet Machines  SIM  BV;0.0;Dienstverlening_Informatie;0.0;Optie B;0.0;0.0;;;;;GM0399;;;;GM0399;;;;GM0399;;;False;False;False;52.58830287990152;4.703670059498354;WarmteAtlas:LT_WarmteBronnen_ECW;https://www.warmteatlas.nl/geoserver/WarmteAtlas/wfs;2026-06-23T13:53:17;
231098;486354;Fashcom BV;0.0;Dienstverlening_Informatie;0.0;Optie B;0.0;0.0;;;;;GM0163;;;;GM0163;;;;GM0163;;;False;False;False;52.359798000983076;6.50434923715489;WarmteAtlas:LT_WarmteBronnen_ECW;https://www.warmteatlas.nl/geoserver/WarmteAtlas/wfs;2026-06-23T13:53:17;
139029;447953;Rovitech ICT BV;0.0;Dienstverlening_Informatie;0.0;Optie B;0.0;0.0;;;;;GM0321;;;;GM0321;;;;GM0321;;;False;False;False;52.019699829589136;5.154531187350156;WarmteAtlas:LT_WarmteBronnen_ECW;https://www.warmteatlas.nl/geoserver/WarmteAtlas/wfs;2026-06-23T13:53:17;
140208;449029;Telecom  Paper BV;0.0;Dienstverlening_Informatie;0.0;Optie B;0.0;0.0;;;;;GM0321;;;;GM0321;;;;GM0321;;;False;False;False;52.029403660902744;5.171660712262807;WarmteAtlas:LT_WarmteBronnen_ECW;https://www.warmteatlas.nl/geoserver/WarmteAtlas/wfs;2026-06-23T13:53:17;
145215;479880;ASP4All Hosting BV;0.0;Dienstverlening_Informatie;0.0;Optie B;0.0;0.0;;;;;GM0406;;;;GM0406;;;;GM0406;;;False;False;False;52.30679962924715;5.243732186130369;WarmteAtlas:LT_WarmteBronnen_ECW;https://www.warmteatlas.nl/geoserver/WarmteAtlas/wfs;2026-06-23T13:53:17;
132271;447367;Proximedia Nederland BV;0.0;Dienstverlening_Informatie;0.0;Optie B;0.0;0.0;;;;;GM0353;;;;GM0353;;;;GM0353;;;False;False;False;52.0141972156284;5.056118217193288;WarmteAtlas:LT_WarmteBronnen_ECW;https://www.warmteatlas.nl/geoserver/WarmteAtlas/wfs;2026-06-23T13:53:17;
199052;319286;Service Point Nederland BV;0.0;Dienstverlening_Informatie;0.0;Optie B;0.0;0.0;;;;;GM0928;;;;GM0928;;;;GM0928;;;False;False;False;50.86170008377879;6.012864170967354;WarmteAtlas:LT_WarmteBronnen_ECW;https://www.warmteatlas.nl/geoserver/WarmteAtlas/wfs;2026-06-23T13:53:17;
163770;504891;Koninklijke Kampert en Helm Rotaform BV;37.5;Dienstverlening_Informatie;2.5;Optie B;0.0;0.0;;;;;GM0995;;;;GM0995;;;;GM0995;;;False;False;False;52.53160160484085;5.5164488818808275;WarmteAtlas:LT_WarmteBronnen_ECW;https://www.warmteatlas.nl/geoserver/WarmteAtlas/wfs;2026-06-23T13:53:17;
157203;461869;Datacenter Services BV;0.0;Dienstverlening_Informatie;0.0;Optie B;0.0;0.0;;;;;GM0327;;;;GM0327;;;;GM0327;;;False;False;False;52.14500251023142;5.419387652005422;WarmteAtlas:LT_WarmteBronnen_ECW;https://www.warmteatlas.nl/geoserver/WarmteAtlas/wfs;2026-06-23T13:53:17;
224364;464500;Freetime Company BV;0.0;Dienstverlening_Informatie;0.0;Optie B;0.0;0.0;;;;;GM0262;;;;GM0262;;;;GM0262;;;False;False;False;52.16429671989319;6.401020879464321;WarmteAtlas:LT_WarmteBronnen_ECW;https://www.warmteatlas.nl/geoserver/WarmteAtlas/wfs;2026-06-23T13:53:17;
209712;523015;Boom Regionale Uitgevers BV;0.0;Dienstverlening_Informatie;0.0;Optie B;0.0;0.0;;;;;GM0119;;;;GM0119;;;;GM0119;;;False;False;False;52.6918008751904;6.196449852433385;WarmteAtlas:LT_WarmteBronnen_ECW;https://www.warmteatlas.nl/geoserver/WarmteAtlas/wfs;2026-06-23T13:53:17;
32026;390679;Pcextreme BV;0.0;Dienstverlening_Informatie;0.0;Optie B;0.0;0.0;;;;;GM0687;;;;GM0687;;;;GM0687;;;False;False;False;51.49170027980593;3.6163779464596977;WarmteAtlas:LT_WarmteBronnen_ECW;https://www.warmteatlas.nl/geoserver/WarmteAtlas/wfs;2026-06-23T13:53:17;
174103;435659;NL Hosting Internet BV;0.0;Dienstverlening_Informatie;0.0;Optie B;0.0;0.0;;;;;GM1740;;;;GM1740;;;;GM1740;;;False;False;False;51.909100277093366;5.664817755992981;WarmteAtlas:LT_WarmteBronnen_ECW;https://www.warmteatlas.nl/geoserver/WarmteAtlas/wfs;2026-06-23T13:53:17;
180744;368547;GET  Noticed BV;0.0;Dienstverlening_Informatie;0.0;Optie B;0.0;0.0;;;;;GM0946;;;;GM0946;;;;GM0946;;;False;False;False;51.30560372040628;5.756380363602212;WarmteAtlas:LT_WarmteBronnen_ECW;https://www.warmteatlas.nl/geoserver/WarmteAtlas/wfs;2026-06-23T13:53:17;
134615;448614;Infostrada Statistics BV;0.0;Dienstverlening_Informatie;0.0;Optie B;0.0;0.0;;;;;GM0356;;;;GM0356;;;;GM0356;;;False;False;False;52.025496327694306;5.090187668568928;WarmteAtlas:LT_WarmteBronnen_ECW;https://www.warmteatlas.nl/geoserver/WarmteAtlas/wfs;2026-06-23T13:53:17;
135461;449312;Knowledge Exchange BV;0.0;Dienstverlening_Informatie;0.0;Optie B;0.0;0.0;;;;;GM0356;;;;GM0356;;;;GM0356;;;False;False;False;52.03180040357398;5.102474132525737;WarmteAtlas:LT_WarmteBronnen_ECW;https://www.warmteatlas.nl/geoserver/WarmteAtlas/wfs;2026-06-23T13:53:17;
161487;470328;Men4Media BV;0.0;Dienstverlening_Informatie;0.0;Optie B;0.0;0.0;;;;;GM0267;;;;GM0267;;;;GM0267;;;False;False;False;52.22099716473717;5.482135634628658;WarmteAtlas:LT_WarmteBronnen_ECW;https://www.warmteatlas.nl/geoserver/WarmteAtlas/wfs;2026-06-23T13:53:17;
188184;426409;Clipit News BV;0.0;Dienstverlening_Informatie;0.0;Optie B;0.0;0.0;;;;;GM0268;;;;GM0268;;;;GM0268;;;False;False;False;51.825298861506646;5.868554667469328;WarmteAtlas:LT_WarmteBronnen_ECW;https://www.warmteatlas.nl/geoserver/WarmteAtlas/wfs;2026-06-23T13:53:17;
188293;426343;Iprospect Nederland BV;0.0;Dienstverlening_Informatie;0.0;Optie B;0.0;0.0;;;;;GM0268;;;;GM0268;;;;GM0268;;;False;False;False;51.82469914883834;5.870129359505848;WarmteAtlas:LT_WarmteBronnen_ECW;https://www.warmteatlas.nl/geoserver/WarmteAtlas/wfs;2026-06-23T13:53:17;
187219;428784;Modation BV;0.0;Dienstverlening_Informatie;0.0;Optie B;0.0;0.0;;;;;GM0268;;;;GM0268;;;;GM0268;;;False;False;False;51.84670220882893;5.854778866245484;WarmteAtlas:LT_WarmteBronnen_ECW;https://www.warmteatlas.nl/geoserver/WarmteAtlas/wfs;2026-06-23T13:53:17;
188293;426343;Tele2 Nederland BV;0.0;Dienstverlening_Informatie;0.0;Optie B;0.0;0.0;;;;;GM0268;;;;GM0268;;;;GM0268;;;False;False;False;51.82469914883834;5.870129359505848;WarmteAtlas:LT_WarmteBronnen_ECW;https://www.warmteatlas.nl/geoserver/WarmteAtlas/wfs;2026-06-23T13:53:17;
181923;426427;Unitel Nijmegen BV;0.0;Dienstverlening_Informatie;0.0;Optie B;0.0;0.0;;;;;GM0268;;;;GM0268;;;;GM0268;;;False;False;False;51.82579814858731;5.777739033812006;WarmteAtlas:LT_WarmteBronnen_ECW;https://www.warmteatlas.nl/geoserver/WarmteAtlas/wfs;2026-06-23T13:53:17;
224892;504991;Bipskickers Media Groep;0.0;Dienstverlening_Informatie;0.0;Optie B;0.0;0.0;;;;;GM0175;;;;GM0175;;;;GM0175;;;False;False;False;52.5280997562777;6.417149444231421;WarmteAtlas:LT_WarmteBronnen_ECW;https://www.warmteatlas.nl/geoserver/WarmteAtlas/wfs;2026-06-23T13:53:17;
166375;418547;DDC Europe BV;0.0;Dienstverlening_Informatie;0.0;Optie B;0.0;0.0;;;;;GM0828;;;;GM0828;;;;GM0828;;;False;False;False;51.75550397734155;5.5519468858572925;WarmteAtlas:LT_WarmteBronnen_ECW;https://www.warmteatlas.nl/geoserver/WarmteAtlas/wfs;2026-06-23T13:53:17;
165908;421049;it Performance Group BV;0.0;Dienstverlening_Informatie;0.0;Optie B;0.0;0.0;;;;;GM0828;;;;GM0828;;;;GM0828;;;False;False;False;51.778002253956984;5.545262134963659;WarmteAtlas:LT_WarmteBronnen_ECW;https://www.warmteatlas.nl/geoserver/WarmteAtlas/wfs;2026-06-23T13:53:17;
123317;482820;Disk ad Publishing and Communication BV;0.0;Dienstverlening_Informatie;0.0;Optie B;0.0;0.0;;;;;GM0437;;;;GM0437;;;;GM0437;;;False;False;False;52.332397597348276;4.922384528314747;WarmteAtlas:LT_WarmteBronnen_ECW;https://www.warmteatlas.nl/geoserver/WarmteAtlas/wfs;2026-06-23T13:53:17;
123843;483068;Le Nez De Saumon BV;0.0;Dienstverlening_Informatie;0.0;Optie B;0.0;0.0;;;;;GM0437;;;;GM0437;;;;GM0437;;;False;False;False;52.334656532609536;4.930078267178022;WarmteAtlas:LT_WarmteBronnen_ECW;https://www.warmteatlas.nl/geoserver/WarmteAtlas/wfs;2026-06-23T13:53:17;
177321;436351;Rhinetex BV;0.0;Dienstverlening_Informatie;0.0;Optie B;0.0;0.0;;;;;GM1734;;;;GM1734;;;;GM1734;;;False;False;False;51.915200214047225;5.711627726747576;WarmteAtlas:LT_WarmteBronnen_ECW;https://www.warmteatlas.nl/geoserver/WarmteAtlas/wfs;2026-06-23T13:53:17;
230939;481945;12Build Secure BV;0.0;Dienstverlening_Informatie;0.0;Optie B;0.0;0.0;;;;;GM1742;;;;GM1742;;;;GM1742;;;False;False;False;52.32019968464855;6.501020561804522;WarmteAtlas:LT_WarmteBronnen_ECW;https://www.warmteatlas.nl/geoserver/WarmteAtlas/wfs;2026-06-23T13:53:17;
194893;353641;H Stream BV;0.0;Dienstverlening_Informatie;0.0;Optie B;0.0;0.0;;;;;GM0957;;;;GM0957;;;;GM0957;;;False;False;False;51.170802148960036;5.9576046899467165;WarmteAtlas:LT_WarmteBronnen_ECW;https://www.warmteatlas.nl/geoserver/WarmteAtlas/wfs;2026-06-23T13:53:17;
92484;437460;Weblab NL BV;0.0;Dienstverlening_Informatie;0.0;Optie B;0.0;0.0;;;;;GM0599;;;;GM0599;;;;GM0599;;;False;False;False;51.92210410009506;4.478408424313138;WarmteAtlas:LT_WarmteBronnen_ECW;https://www.warmteatlas.nl/geoserver/WarmteAtlas/wfs;2026-06-23T13:53:17;
92484;437460;Weblab NL BV;0.0;Dienstverlening_Informatie;0.0;Optie B;0.0;0.0;;;;;GM0599;;;;GM0599;;;;GM0599;;;False;False;False;51.92210410009506;4.478408424313138;WarmteAtlas:LT_WarmteBronnen_ECW;https://www.warmteatlas.nl/geoserver/WarmteAtlas/wfs;2026-06-23T13:53:17;
92421;437349;Youwe Concept BV;0.0;Dienstverlening_Informatie;0.0;Optie B;0.0;0.0;;;;;GM0599;;;;GM0599;;;;GM0599;;;False;False;False;51.92109942306979;4.477512898664124;WarmteAtlas:LT_WarmteBronnen_ECW;https://www.warmteatlas.nl/geoserver/WarmteAtlas/wfs;2026-06-23T13:53:17;
152972;410757;Holiday Media BV;0.0;Dienstverlening_Informatie;0.0;Optie B;0.0;0.0;;;;;GM0796;;;;GM0796;;;;GM0796;;;False;False;False;51.68559620126723;5.3578755502075595;WarmteAtlas:LT_WarmteBronnen_ECW;https://www.warmteatlas.nl/geoserver/WarmteAtlas/wfs;2026-06-23T13:53:17;
129118;463961;Planmen Nederland BV;0.0;Dienstverlening_Informatie;0.0;Optie B;0.0;0.0;;;;;GM1904;;;;GM1904;;;;GM1904;;;False;False;False;52.163203782445265;5.008931464220021;WarmteAtlas:LT_WarmteBronnen_ECW;https://www.warmteatlas.nl/geoserver/WarmteAtlas/wfs;2026-06-23T13:53:17;
158553;434511;Doccare BV;0.0;Dienstverlening_Informatie;0.0;Optie B;0.0;0.0;;;;;GM0281;;;;GM0281;;;;GM0281;;;False;False;False;51.89909866166515;5.438825119154823;WarmteAtlas:LT_WarmteBronnen_ECW;https://www.warmteatlas.nl/geoserver/WarmteAtlas/wfs;2026-06-23T13:53:17;
159329;436815;Hostingforyou BV;0.0;Dienstverlening_Informatie;0.0;Optie B;0.0;0.0;;;;;GM0281;;;;GM0281;;;;GM0281;;;False;False;False;51.91980209790854;5.450128899068079;WarmteAtlas:LT_WarmteBronnen_ECW;https://www.warmteatlas.nl/geoserver/WarmteAtlas/wfs;2026-06-23T13:53:17;
135004;396590;Netmatch BV;0.0;Dienstverlening_Informatie;0.0;Optie B;0.0;0.0;;;;;GM0855;;;;GM0855;;;;GM0855;;;False;False;False;51.557903743841955;5.098858693186061;WarmteAtlas:LT_WarmteBronnen_ECW;https://www.warmteatlas.nl/geoserver/WarmteAtlas/wfs;2026-06-23T13:53:17;
229958;497843;Stijlgenoten Interactief BV;0.0;Dienstverlening_Informatie;0.0;Optie B;0.0;0.0;;;;;GM1700;;;;GM1700;;;;GM1700;;;False;False;False;52.46319655231998;6.490185244479745;WarmteAtlas:LT_WarmteBronnen_ECW;https://www.warmteatlas.nl/geoserver/WarmteAtlas/wfs;2026-06-23T13:53:17;
131451;459654;2At BV;0.0;Dienstverlening_Informatie;0.0;Optie B;0.0;0.0;;;;;GM0344;;;;GM0344;;;;GM0344;;;False;False;False;52.124597624802526;5.043326415630819;WarmteAtlas:LT_WarmteBronnen_ECW;https://www.warmteatlas.nl/geoserver/WarmteAtlas/wfs;2026-06-23T13:53:17;
132925;457723;Clansman BV;0.0;Dienstverlening_Informatie;0.0;Optie B;0.0;0.0;;;;;GM0344;;;;GM0344;;;;GM0344;;;False;False;False;52.107302828268914;5.0649754650453875;WarmteAtlas:LT_WarmteBronnen_ECW;https://www.warmteatlas.nl/geoserver/WarmteAtlas/wfs;2026-06-23T13:53:17;
137084;455848;Cramgo BV;0.0;Dienstverlening_Informatie;0.0;Optie B;0.0;0.0;;;;;GM0344;;;;GM0344;;;;GM0344;;;False;False;False;52.09060069124835;5.12578205577844;WarmteAtlas:LT_WarmteBronnen_ECW;https://www.warmteatlas.nl/geoserver/WarmteAtlas/wfs;2026-06-23T13:53:17;
134844;455534;Flavourites Portal BV;0.0;Dienstverlening_Informatie;0.0;Optie B;0.0;0.0;;;;;GM0344;;;;GM0344;;;;GM0344;;;False;False;False;52.0877014852567;5.093116049093695;WarmteAtlas:LT_WarmteBronnen_ECW;https://www.warmteatlas.nl/geoserver/WarmteAtlas/wfs;2026-06-23T13:53:17;
138630;454507;Lifeguard Systems BV;0.0;Dienstverlening_Informatie;2.73;Optie B;0.0;0.0;;;;;GM0344;;;;GM0344;;;;GM0344;;;False;False;False;52.07859567874942;5.148404635433139;WarmteAtlas:LT_WarmteBronnen_ECW;https://www.warmteatlas.nl/geoserver/WarmteAtlas/wfs;2026-06-23T13:53:17;
138249;454364;Myler BV;0.0;Dienstverlening_Informatie;1.28;Optie B;0.0;0.0;;;;;GM0344;;;;GM0344;;;;GM0344;;;False;False;False;52.07729901009601;5.142853834186092;WarmteAtlas:LT_WarmteBronnen_ECW;https://www.warmteatlas.nl/geoserver/WarmteAtlas/wfs;2026-06-23T13:53:17;
131563;458207;Postnl Billing   Document Solutions BV;0.0;Dienstverlening_Informatie;0.0;Optie B;0.0;0.0;;;;;GM0344;;;;GM0344;;;;GM0344;;;False;False;False;52.111596957697195;5.045061447327264;WarmteAtlas:LT_WarmteBronnen_ECW;https://www.warmteatlas.nl/geoserver/WarmteAtlas/wfs;2026-06-23T13:53:17;
138249;454364;Traffic4U BV;0.0;Dienstverlening_Informatie;1.28;Optie B;0.0;0.0;;;;;GM0344;;;;GM0344;;;;GM0344;;;False;False;False;52.07729901009601;5.142853834186092;WarmteAtlas:LT_WarmteBronnen_ECW;https://www.warmteatlas.nl/geoserver/WarmteAtlas/wfs;2026-06-23T13:53:17;
138003;455633;Xel Media BV;0.0;Dienstverlening_Informatie;0.0;Optie B;0.0;0.0;;;;;GM0344;;;;GM0344;;;;GM0344;;;False;False;False;52.08869724705581;5.13920222711837;WarmteAtlas:LT_WarmteBronnen_ECW;https://www.warmteatlas.nl/geoserver/WarmteAtlas/wfs;2026-06-23T13:53:17;
156831;380141;Service Point Nederland BV;0.0;Dienstverlening_Informatie;0.0;Optie B;0.0;0.0;;;;;GM0861;;;;GM0861;;;;GM0861;;;False;False;False;51.41040175361859;5.413518359559713;WarmteAtlas:LT_WarmteBronnen_ECW;https://www.warmteatlas.nl/geoserver/WarmteAtlas/wfs;2026-06-23T13:53:17;
135054;443128;Autoscout24 Nederland BV;0.0;Dienstverlening_Informatie;0.0;Optie B;0.0;0.0;;;;;GM1961;;;;GM1961;;;;GM1961;;;False;False;False;51.97620382073357;5.096903245952158;WarmteAtlas:LT_WarmteBronnen_ECW;https://www.warmteatlas.nl/geoserver/WarmteAtlas/wfs;2026-06-23T13:53:17;
219663;576368;Adonline Sport BV;0.0;Dienstverlening_Informatie;0.0;Optie B;0.0;0.0;;;;;GM1969;;;;GM1969;;;;GM1969;;;False;False;False;53.170100775953884;6.35419025785501;WarmteAtlas:LT_WarmteBronnen_ECW;https://www.warmteatlas.nl/geoserver/WarmteAtlas/wfs;2026-06-23T13:53:17;
180873;426043;Trucks NL BV;0.0;Dienstverlening_Informatie;0.0;Optie B;0.0;0.0;;;;;GM0296;;;;GM0296;;;;GM0296;;;False;False;False;51.822396397453;5.762479617830445;WarmteAtlas:LT_WarmteBronnen_ECW;https://www.warmteatlas.nl/geoserver/WarmteAtlas/wfs;2026-06-23T13:53:17;
120860;455465;Netrex NL BV;0.0;Dienstverlening_Informatie;0.0;Optie B;0.0;0.0;;;;;GM0632;;;;GM0632;;;;GM0632;;;False;False;False;52.08639576322069;4.889094507024306;WarmteAtlas:LT_WarmteBronnen_ECW;https://www.warmteatlas.nl/geoserver/WarmteAtlas/wfs;2026-06-23T13:53:17;
121260;454595;Pincode Telenet BV;0.0;Dienstverlening_Informatie;0.0;Optie B;0.0;0.0;;;;;GM0632;;;;GM0632;;;;GM0632;;;False;False;False;52.078600924380694;4.895016406685909;WarmteAtlas:LT_WarmteBronnen_ECW;https://www.warmteatlas.nl/geoserver/WarmteAtlas/wfs;2026-06-23T13:53:17;
206741;504722;Newhr BV;0.0;Dienstverlening_Informatie;0.0;Optie B;0.0;0.0;;;;;GM0193;;;;GM0193;;;;GM0193;;;False;False;False;52.527702751765595;6.149657120261746;WarmteAtlas:LT_WarmteBronnen_ECW;https://www.warmteatlas.nl/geoserver/WarmteAtlas/wfs;2026-06-23T13:53:17;
204620;504110;Your Hosting BV;0.0;Dienstverlening_Informatie;0.0;Optie B;0.0;0.0;;;;;GM0193;;;;GM0193;;;;GM0193;;;False;False;False;52.5223996504687;6.118313571175229;WarmteAtlas:LT_WarmteBronnen_ECW;https://www.warmteatlas.nl/geoserver/WarmteAtlas/wfs;2026-06-23T13:53:17;
244002;483914;Urenco BV;34.0;Industrie;12.0;Optie B;0.0;0.0;;;;;GM0141;;;;GM0141;;;;GM0141;;;False;False;False;52.335933008197806;6.693095077882308;WarmteAtlas:LT_WarmteBronnen_ECW;https://www.warmteatlas.nl/geoserver/WarmteAtlas/wfs;2026-06-23T13:53:17;
