X;Y;BronNaam;BronTemp;TypeBron;MWth;Status;CapFactor;VolFactor;ProdKost;UitMin;UitMax;buurtcode_2023;gemeentecode_2023;pc4_code_2023;pc6_code_2023;buurtcode_2024;gemeentecode_2024;pc4_code_2024;pc6_code_2024;buurtcode_2025;gemeentecode_2025;pc4_code_2025;pc6_code_2025;buurtcode_gewijzigd;gemeentecode_gewijzigd;pc4_gewijzigd;lat;lon;meta_source_layer;meta_source_wfs_url;meta_retrieved_at;meta_source_last_modified
138150;420050;Steenfabriek De Rijswaard BV;0;;0.0;Optie B;0.0;0.0;0;0;0;BU02970105;GM0297;5308.0;5308LV;BU02970105;GM0297;5308.0;5308LV;BU02970105;GM0297;5308.0;5308LV;False;False;False;51.7688757964505;5.143090011078549;WarmteAtlas:MT_WarmteBronnen_ECW;https://www.warmteatlas.nl/geoserver/WarmteAtlas/wfs;2026-06-24T11:54:24;
238565;487466;Ovako Twente BV;0;;0.0;Optie B;0.0;0.0;0;0;0;BU01411205;GM0141;7602.0;7602KK;BU01411205;GM0141;7602.0;7602KK;BU01411205;GM0141;7602.0;7602KK;False;False;False;52.368704754433494;6.6142208217135225;WarmteAtlas:MT_WarmteBronnen_ECW;https://www.warmteatlas.nl/geoserver/WarmteAtlas/wfs;2026-06-24T11:54:24;
148080;483155;NV Afvalzorg Almere;0;AVI;0.0;Optie B;0.0;0.0;0;0;0;BU00348502;GM0034;1358.0;1358AB;BU00348502;GM0034;1358.0;1358AB;BU00348502;GM0034;1358.0;1358AB;False;False;False;52.33627760846706;5.285672810929278;WarmteAtlas:MT_WarmteBronnen_ECW;https://www.warmteatlas.nl/geoserver/WarmteAtlas/wfs;2026-06-24T11:54:24;
146061;491635;Vetsmelterij CM Bosland BV;0;Industrie;0.0;Optie B;0.0;0.0;0;0;0;BU00345701;GM0034;1332.0;1332AW;BU00345701;GM0034;1332.0;1332AW;BU00345701;GM0034;1332.0;1332AW;False;False;False;52.41246285687703;5.255824434678629;WarmteAtlas:MT_WarmteBronnen_ECW;https://www.warmteatlas.nl/geoserver/WarmteAtlas/wfs;2026-06-24T11:54:24;
145197;491088;Yakult Nederland BV;0;Industrie;0.0;Optie B;0.0;0.0;0;0;0;BU00345702;GM0034;1332.0;1332EN;BU00345702;GM0034;1332.0;1332EN;BU00345702;GM0034;1332.0;1332EN;False;False;False;52.407531962110276;5.243141892675974;WarmteAtlas:MT_WarmteBronnen_ECW;https://www.warmteatlas.nl/geoserver/WarmteAtlas/wfs;2026-06-24T11:54:24;
143323;488954;WKC Almere;0;STEG;50.16;Optie B;0.0;0.0;0;0;0;BU00343501;GM0034;1314.0;1314AK;BU00343501;GM0034;1314.0;1314AK;BU00343501;GM0034;1314.0;1314AK;False;False;False;52.38831600994468;5.215676334111433;WarmteAtlas:MT_WarmteBronnen_ECW;https://www.warmteatlas.nl/geoserver/WarmteAtlas/wfs;2026-06-24T11:54:24;
143251;488915;Nuon HWC Almere;0;STEG;0.0;Optie B;0.0;0.0;0;0;0;BU00343501;GM0034;1314.0;1314AK;BU00343501;GM0034;1314.0;1314AK;BU00343501;GM0034;1314.0;1314AK;False;False;False;52.387963961920875;5.214620065953331;WarmteAtlas:MT_WarmteBronnen_ECW;https://www.warmteatlas.nl/geoserver/WarmteAtlas/wfs;2026-06-24T11:54:24;
103924;460682;Kriek BV;80;Industrie;0.03;Optie B;0.0;0.0;2;200;200;BU04840402;GM0484;2404.0;2404CB;BU04840402;GM0484;2404.0;2404CB;BU04840402;GM0484;2404.0;2404CB;False;False;False;52.1319796799751;4.641229765229511;WarmteAtlas:MT_WarmteBronnen_ECW;https://www.warmteatlas.nl/geoserver/WarmteAtlas/wfs;2026-06-24T11:54:24;
103810;460470;Avery BV;80;Industrie;0.14;Optie B;0.0;0.0;0;0;0;BU04840801;GM0484;2408.0;2408AS;BU04840801;GM0484;2408.0;2408AS;BU04840801;GM0484;2408.0;2408AS;False;False;False;52.13006382117283;4.6395968018670635;WarmteAtlas:MT_WarmteBronnen_ECW;https://www.warmteatlas.nl/geoserver/WarmteAtlas/wfs;2026-06-24T11:54:24;
98160;460880;Avery Dennison Materials BV;80;Industrie;0.13;Optie B;0.0;0.0;2;200;200;BU04849401;GM0484;2394.0;2394BX;BU04849401;GM0484;2394.0;2394BX;BU04849401;GM0484;2394.0;2394BX;False;False;False;52.13319667010059;4.557020516016714;WarmteAtlas:MT_WarmteBronnen_ECW;https://www.warmteatlas.nl/geoserver/WarmteAtlas/wfs;2026-06-24T11:54:24;
125901;391599;Gasunie Alphen en Riel;0;;0.0;Optie B;0.0;0.0;0;0;0;BU17230107;GM1723;5131.0;5131PB;BU17230107;GM1723;5131.0;5131PB;BU17230107;GM1723;5131.0;5131PB;False;False;False;51.51264514629886;4.968010008860454;WarmteAtlas:MT_WarmteBronnen_ECW;https://www.warmteatlas.nl/geoserver/WarmteAtlas/wfs;2026-06-24T11:54:24;
199240;403900;Wienerberger Steenfabriek Nuance;0;;0.0;Optie B;0.0;0.0;0;0;0;BU08930441;GM0893;5851.0;5851AB;BU08930441;GM0893;5851.0;5851AB;BU08930441;GM0893;5851.0;5851AB;False;False;False;51.622220263098406;6.026052603222566;WarmteAtlas:MT_WarmteBronnen_ECW;https://www.warmteatlas.nl/geoserver/WarmteAtlas/wfs;2026-06-24T11:54:24;
158280;467580;gas WKK eneco;0;STEG;0.0;Optie B;0.0;0.0;0;0;0;BU03073101;GM0307;3826.0;3826BL;BU03073101;GM0307;3826.0;3826BL;BU03073101;GM0307;3826.0;3826BL;False;False;False;52.19632704703158;5.435177173174664;WarmteAtlas:MT_WarmteBronnen_ECW;https://www.warmteatlas.nl/geoserver/WarmteAtlas/wfs;2026-06-24T11:54:24;
156888;465429;biomassaketel_deHoef;0;BMC;6.0;Optie A;0.0;0.0;0;0;0;BU03072501;GM0307;3821.0;3821AB;BU03072501;GM0307;3821.0;3821AB;BU03072501;GM0307;3821.0;3821AB;False;False;False;52.17700066932651;5.414805643000575;WarmteAtlas:MT_WarmteBronnen_ECW;https://www.warmteatlas.nl/geoserver/WarmteAtlas/wfs;2026-06-24T11:54:24;
153259;464285;biomassaketel deNieuweStad;0;BMC;0.0;Optie B;0.0;0.0;0;0;0;BU03070504;GM0307;3812.0;3812PW;BU03070504;GM0307;3812.0;3812PW;BU03070504;GM0307;3812.0;3812PW;False;False;False;52.16671906785024;5.361756464101141;WarmteAtlas:MT_WarmteBronnen_ECW;https://www.warmteatlas.nl/geoserver/WarmteAtlas/wfs;2026-06-24T11:54:24;
154084;463107;biomassacentrale_stadskern;0;BMC;0.0;Optie B;0.0;0.0;0;0;0;BU03070302;GM0307;3812.0;3812SJ;BU03070302;GM0307;3812.0;3812SJ;BU03070302;GM0307;3812.0;3812SJ;False;False;False;52.15613326862442;5.373818100152722;WarmteAtlas:MT_WarmteBronnen_ECW;https://www.warmteatlas.nl/geoserver/WarmteAtlas/wfs;2026-06-24T11:54:24;
153398;468061;warmtenetten ETECK;0;BioWKK;0.0;Optie B;0.0;0.0;0;0;0;BU03072701;GM0307;3828.0;3828PP;BU03072701;GM0307;3828.0;3828PP;BU03072701;GM0307;3828.0;3828PP;False;False;False;52.200657730414775;5.363770435178585;WarmteAtlas:MT_WarmteBronnen_ECW;https://www.warmteatlas.nl/geoserver/WarmteAtlas/wfs;2026-06-24T11:54:24;
152152;464604;biomassaketel_deIsselt;0;BMC;6.0;Optie A;0.0;0.0;0;0;0;BU03420702;GM0342;3768.0;3768MP;BU03420702;GM0342;3768.0;3768MP;BU03420702;GM0342;3768.0;3768MP;False;False;False;52.169581632966064;5.345573489254896;WarmteAtlas:MT_WarmteBronnen_ECW;https://www.warmteatlas.nl/geoserver/WarmteAtlas/wfs;2026-06-24T11:54:24;
152106;464099;Royal Taste Company;0;Industrie;0.0;Optie B;0.0;0.0;0;0;0;BU03420702;GM0342;3768.0;3768MP;BU03420702;GM0342;3768.0;3768MP;BU03420702;GM0342;3768.0;3768MP;False;False;False;52.16504250181155;5.344905380566856;WarmteAtlas:MT_WarmteBronnen_ECW;https://www.warmteatlas.nl/geoserver/WarmteAtlas/wfs;2026-06-24T11:54:24;
153565;464110;Drukkerij Zwart BV;0;;0.0;Optie B;0.0;0.0;0;0;0;BU03070504;GM0307;3812.0;3812RT;BU03070504;GM0307;3812.0;3812RT;BU03070504;GM0307;3812.0;3812RT;False;False;False;52.16514705717822;5.366229804338803;WarmteAtlas:MT_WarmteBronnen_ECW;https://www.warmteatlas.nl/geoserver/WarmteAtlas/wfs;2026-06-24T11:54:24;
152700;465019;Smit en Zoon BV;0;;0.0;Optie B;0.0;0.0;0;0;0;BU03070505;GM0307;3812.0;3812RG;BU03070505;GM0307;3812.0;3812RG;BU03070505;GM0307;3812.0;3812RG;False;False;False;52.17331415513164;5.353580970946351;WarmteAtlas:MT_WarmteBronnen_ECW;https://www.warmteatlas.nl/geoserver/WarmteAtlas/wfs;2026-06-24T11:54:24;
124570;488620;Albemarle Catalysts Company BV;0;;0.0;Optie B;0.0;0.0;0;0;0;BU0363NP02;GM0363;1022.0;1022AB;BU0363NP02;GM0363;1022.0;1022AB;BU0363NP02;GM0363;1022.0;1022AB;False;False;False;52.38459509900148;4.94024196928488;WarmteAtlas:MT_WarmteBronnen_ECW;https://www.warmteatlas.nl/geoserver/WarmteAtlas/wfs;2026-06-24T11:54:24;
105500;430200;NedCoat Alblasserdam BV;80;Industrie;0.21;Optie B;0.0;0.0;2;200;200;BU04820501;GM0482;2952.0;2952AD;BU04820501;GM0482;2952.0;2952AD;BU04820501;GM0482;2952.0;2952AD;False;False;False;51.85816378696931;4.668648790174305;WarmteAtlas:MT_WarmteBronnen_ECW;https://www.warmteatlas.nl/geoserver/WarmteAtlas/wfs;2026-06-24T11:54:24;
120040;490970;ICL Fertilizers Europe CV;0;;0.0;Optie B;0.0;0.0;0;0;0;BU0363BB01;GM0363;1013.0;1013BM;BU0363BB01;GM0363;1013.0;1013BM;BU0363BB01;GM0363;1013.0;1013BM;False;False;False;52.40544528679636;4.873462030312525;WarmteAtlas:MT_WarmteBronnen_ECW;https://www.warmteatlas.nl/geoserver/WarmteAtlas/wfs;2026-06-24T11:54:24;
119443;490547;Cargill BV Soja;0;Industrie;0.0;Optie B;0.0;0.0;0;0;0;BU0363BB02;GM0363;1013.0;1013BK;BU0363BB02;GM0363;1013.0;1013BK;BU0363BB02;GM0363;1013.0;1013BK;False;False;False;52.40160533196801;4.864734195224239;WarmteAtlas:MT_WarmteBronnen_ECW;https://www.warmteatlas.nl/geoserver/WarmteAtlas/wfs;2026-06-24T11:54:24;
118900;491850;Main BV;0;;0.0;Optie B;0.0;0.0;0;0;0;BU0363BA04;GM0363;1041.0;1041AC;BU0363BA04;GM0363;1041.0;1041AC;BU0363BA04;GM0363;1041.0;1041AC;False;False;False;52.41328017600462;4.856615538385735;WarmteAtlas:MT_WarmteBronnen_ECW;https://www.warmteatlas.nl/geoserver/WarmteAtlas/wfs;2026-06-24T11:54:24;
118246;490968;Nuon Power Generation BV Hemweg;0;Kolen;774.18;Optie C;0.0;0.0;0;0;0;BU0363BA04;GM0363;1041.0;1041AB;BU0363BA04;GM0363;1041.0;1041AB;BU0363BA04;GM0363;1041.0;1041AB;False;False;False;52.405310056811125;4.847100247837074;WarmteAtlas:MT_WarmteBronnen_ECW;https://www.warmteatlas.nl/geoserver/WarmteAtlas/wfs;2026-06-24T11:54:24;
117620;492100;Chemtura Netherlands BV;0;;0.0;Optie B;0.0;0.0;0;0;0;BU0363BA04;GM0363;1041.0;1041AT;BU0363BA04;GM0363;1041.0;1041AT;BU0363BA04;GM0363;1041.0;1041AT;False;False;False;52.41544122232312;4.837775363329328;WarmteAtlas:MT_WarmteBronnen_ECW;https://www.warmteatlas.nl/geoserver/WarmteAtlas/wfs;2026-06-24T11:54:24;
116857;489691;Sonneborn Refined Products BV Amsterdam;0;;0.0;Optie B;0.0;0.0;0;0;0;BU0363BA06;GM0363;1043.0;1043AL;BU0363BA06;GM0363;1043.0;1043AL;BU0363BA06;GM0363;1043.0;1043AL;False;False;False;52.39373863357807;4.8268347825072215;WarmteAtlas:MT_WarmteBronnen_ECW;https://www.warmteatlas.nl/geoserver/WarmteAtlas/wfs;2026-06-24T11:54:24;
115750;490110;Simadan vh Greenmills;0;;0.0;Optie B;0.0;0.0;0;0;0;BU0363BA03;GM0363;1044.0;1044AN;BU0363BA03;GM0363;1044.0;1044AN;BU0363BA03;GM0363;1044.0;1044AN;False;False;False;52.39742619150051;4.810523320100257;WarmteAtlas:MT_WarmteBronnen_ECW;https://www.warmteatlas.nl/geoserver/WarmteAtlas/wfs;2026-06-24T11:54:24;
115320;491100;Oxea Nederland BV;0;;0.0;Optie B;0.0;0.0;0;0;0;BU0363BA03;GM0363;1044.0;1044AN;BU0363BA03;GM0363;1044.0;1044AN;BU0363BA03;GM0363;1044.0;1044AN;False;False;False;52.40629252435177;4.804088791908541;WarmteAtlas:MT_WarmteBronnen_ECW;https://www.warmteatlas.nl/geoserver/WarmteAtlas/wfs;2026-06-24T11:54:24;
114552;490378;Afval Energie Bedrijf Amsterdam;120;AVI;150.0;Optie B;0.0;0.0;0;0;0;BU0363BA02;GM0363;1045.0;1045BA;BU0363BA02;GM0363;1045.0;1045BA;BU0363BA02;GM0363;1045.0;1045BA;False;False;False;52.39974773940063;4.792890288394427;WarmteAtlas:MT_WarmteBronnen_ECW;https://www.warmteatlas.nl/geoserver/WarmteAtlas/wfs;2026-06-24T11:54:24;
112985;491728;Cargill BV Multiseed;0;Industrie;0.0;Optie B;0.0;0.0;0;0;0;BU0363BA02;GM0363;1047.0;1047BA;BU0363BA02;GM0363;1047.0;1047BA;BU0363BA02;GM0363;1047.0;1047BA;False;False;False;52.411762538694695;4.76969810612166;WarmteAtlas:MT_WarmteBronnen_ECW;https://www.warmteatlas.nl/geoserver/WarmteAtlas/wfs;2026-06-24T11:54:24;
104800;429800;Nedstaal BV Ruigenhil Vastgoed BV;80;Industrie;3.18;Optie B;0.0;0.0;2;200;200;BU04820503;GM0482;2952.0;2952AP;BU04820503;GM0482;2952.0;2952AP;BU04820503;GM0482;2952.0;2952AP;False;False;False;51.85450608331993;4.6585463843069705;WarmteAtlas:MT_WarmteBronnen_ECW;https://www.warmteatlas.nl/geoserver/WarmteAtlas/wfs;2026-06-24T11:54:24;
196100;436150;Steenfabriek Huissenswaard;0;;0.0;Optie B;0.0;0.0;0;0;0;BU17050401;GM1705;6687.0;6687LP;BU17050401;GM1705;6687.0;6687LP;BU17050401;GM1705;6687.0;6687LP;False;False;False;51.91232282515996;5.984536588154081;WarmteAtlas:MT_WarmteBronnen_ECW;https://www.warmteatlas.nl/geoserver/WarmteAtlas/wfs;2026-06-24T11:54:24;
113749;543385;Gasunie Compressorstation Anna Paulowna;0;;0.0;Optie B;0.0;0.0;0;0;0;BU19110190;GM1911;1761.0;1761LJ;BU19110190;GM1911;1761.0;1761LJ;BU19110190;GM1911;1761.0;1761LJ;False;False;False;52.87604091569925;4.774495495835371;WarmteAtlas:MT_WarmteBronnen_ECW;https://www.warmteatlas.nl/geoserver/WarmteAtlas/wfs;2026-06-24T11:54:24;
196100;466400;Kamp Coating Apeldoorn BV;0;;0.0;Optie B;0.0;0.0;0;0;0;BU02000409;GM0200;7332.0;7332BL;BU02000409;GM0200;7332.0;7332BL;BU02000409;GM0200;7332.0;7332BL;False;False;False;52.1842001475115;5.988176406858658;WarmteAtlas:MT_WarmteBronnen_ECW;https://www.warmteatlas.nl/geoserver/WarmteAtlas/wfs;2026-06-24T11:54:24;
196020;466562;ESA BV;0;;0.0;Optie B;0.0;0.0;0;0;0;BU02000409;GM0200;7332.0;7332BH;BU02000409;GM0200;7332.0;7332BH;BU02000409;GM0200;7332.0;7332BH;False;False;False;52.18566207205021;5.987026283548426;WarmteAtlas:MT_WarmteBronnen_ECW;https://www.warmteatlas.nl/geoserver/WarmteAtlas/wfs;2026-06-24T11:54:24;
195500;465700;Vion Apeldoorn;0;;0.0;Optie B;0.0;0.0;0;0;0;BU02000406;GM0200;7333.0;7333PA;BU02000406;GM0200;7333.0;7333PA;BU02000406;GM0200;7333.0;7333PA;False;False;False;52.17795326141427;5.97931996653289;WarmteAtlas:MT_WarmteBronnen_ECW;https://www.warmteatlas.nl/geoserver/WarmteAtlas/wfs;2026-06-24T11:54:24;
195475;467336;Plaatijzerindustrie Apeldoorn;0;;0.0;Optie B;0.0;0.0;0;0;0;BU02000408;GM0200;7332.0;7332AP;BU02000408;GM0200;7332.0;7332AP;BU02000408;GM0200;7332.0;7332AP;False;False;False;52.192658630648495;5.9791497115715195;WarmteAtlas:MT_WarmteBronnen_ECW;https://www.warmteatlas.nl/geoserver/WarmteAtlas/wfs;2026-06-24T11:54:24;
195066;465803;Ekro BV;0;;0.0;Optie B;0.0;0.0;0;0;0;BU02000406;GM0200;7333.0;7333NP;BU02000406;GM0200;7333.0;7333PJ;BU02000406;GM0200;7333.0;7333PJ;False;False;False;52.17891065116262;5.9729873005243475;WarmteAtlas:MT_WarmteBronnen_ECW;https://www.warmteatlas.nl/geoserver/WarmteAtlas/wfs;2026-06-24T11:54:24;
193050;467151;Loparex BV;0;;0.0;Optie B;0.0;0.0;0;0;0;BU02000307;GM0200;7336.0;7336AZ;BU02000307;GM0200;7336.0;7336AZ;BU02000307;GM0200;7336.0;7336AZ;False;False;False;52.1911685227858;5.94366502718978;WarmteAtlas:MT_WarmteBronnen_ECW;https://www.warmteatlas.nl/geoserver/WarmteAtlas/wfs;2026-06-24T11:54:24;
258810;593450;Teijin Aramid BV;0;;0.0;Optie B;0.0;0.0;0;0;0;BU19790831;GM1979;9936.0;9936HK;BU19790831;GM1979;9936.0;9936HK;BU19790831;GM1979;9936.0;9936HK;False;False;False;53.31739529284175;6.944957402478878;WarmteAtlas:MT_WarmteBronnen_ECW;https://www.warmteatlas.nl/geoserver/WarmteAtlas/wfs;2026-06-24T11:54:24;
193118;442151;De Kleef BV;0;;0.0;Optie B;0.0;0.0;0;0;0;BU02020322;GM0202;6827.0;6827AV;BU02020322;GM0202;6827.0;6827AV;BU02020322;GM0202;6827.0;6827AV;False;False;False;51.96647148613018;5.941865139938229;WarmteAtlas:MT_WarmteBronnen_ECW;https://www.warmteatlas.nl/geoserver/WarmteAtlas/wfs;2026-06-24T11:54:24;
104638;430413;Oceanco BV;80;Industrie;0.05;Optie B;0.0;0.0;2;200;200;BU04820105;GM0482;2952.0;2952AZ;BU04820105;GM0482;2952.0;2952AZ;BU04820105;GM0482;2952.0;2952AZ;False;False;False;51.860000948492946;4.656105674377922;WarmteAtlas:MT_WarmteBronnen_ECW;https://www.warmteatlas.nl/geoserver/WarmteAtlas/wfs;2026-06-24T11:54:24;
193000;442000;Teijin Aramid BV Arnhem;0;;0.0;Optie B;0.0;0.0;0;0;0;BU02020322;GM0202;6827.0;6827AV;BU02020322;GM0202;6827.0;6827AV;BU02020322;GM0202;6827.0;6827AV;False;False;False;51.9651224076677;5.940131448146848;WarmteAtlas:MT_WarmteBronnen_ECW;https://www.warmteatlas.nl/geoserver/WarmteAtlas/wfs;2026-06-24T11:54:24;
112698;513765;HVC Alkmaar;120;AVI;120.0;Optie B;0.0;0.0;0;0;0;BU03610309;GM0361;1812.0;1812RD;BU03610309;GM0361;1812.0;1812RD;BU03610309;GM0361;1812.0;1812RD;False;False;False;52.60978398485754;4.762686496434304;WarmteAtlas:MT_WarmteBronnen_ECW;https://www.warmteatlas.nl/geoserver/WarmteAtlas/wfs;2026-06-24T11:54:24;
243571;484119;Enrichment Technology Nederland BV;0;;0.0;Optie B;0.0;0.0;0;0;0;BU01411105;GM0141;7601.0;7601PJ;BU01411105;GM0141;7601.0;7601PJ;BU01411105;GM0141;7601.0;7601PJ;False;False;False;52.337844726122356;6.686826694642596;WarmteAtlas:MT_WarmteBronnen_ECW;https://www.warmteatlas.nl/geoserver/WarmteAtlas/wfs;2026-06-24T11:54:24;
239993;487925;Zwanenberg Food Group BV;0;;0.0;Optie B;0.0;0.0;0;0;0;BU01411204;GM0141;7602.0;7602PR;BU01411204;GM0141;7602.0;7602PR;BU01411204;GM0141;7602.0;7602PR;False;False;False;52.372610022382204;6.635300061929872;WarmteAtlas:MT_WarmteBronnen_ECW;https://www.warmteatlas.nl/geoserver/WarmteAtlas/wfs;2026-06-24T11:54:24;
238760;487181;Van Merksteijn International;0;;0.0;Optie B;0.0;0.0;0;0;0;BU01411205;GM0141;7602.0;7602KJ;BU01411205;GM0141;7602.0;7602KJ;BU01411205;GM0141;7602.0;7602KJ;False;False;False;52.36611405834958;6.617012413245714;WarmteAtlas:MT_WarmteBronnen_ECW;https://www.warmteatlas.nl/geoserver/WarmteAtlas/wfs;2026-06-24T11:54:24;
77139;433574;Air Liquide Nederland BV;80;Industrie;132.73;Optie B;0.0;0.0;2;200;200;BU05992306;GM0599;3197.0;3197KG;BU05992306;GM0599;3197.0;3197KG;BU05992306;GM0599;3197.0;3197KG;False;False;False;51.885245122990234;4.256254638327788;WarmteAtlas:MT_WarmteBronnen_ECW;https://www.warmteatlas.nl/geoserver/WarmteAtlas/wfs;2026-06-24T11:54:24;
77100;433840;Invista Nederland BV Rozenburg;80;Industrie;0.97;Optie B;0.0;0.0;2;200;200;BU05992306;GM0599;3197.0;3197KG;BU05992306;GM0599;3197.0;3197KG;BU05992306;GM0599;3197.0;3197KG;False;False;False;51.88763017570204;4.255628125925561;WarmteAtlas:MT_WarmteBronnen_ECW;https://www.warmteatlas.nl/geoserver/WarmteAtlas/wfs;2026-06-24T11:54:24;
77000;434000;Enecal Energy VOF;80;STEG;1.65;Optie B;0.0;0.0;0;0;0;BU05992306;GM0599;3197.0;3197KG;BU05992306;GM0599;3197.0;3197KG;BU05992306;GM0599;3197.0;3197KG;False;False;False;51.889054074908124;4.254139577161385;WarmteAtlas:MT_WarmteBronnen_ECW;https://www.warmteatlas.nl/geoserver/WarmteAtlas/wfs;2026-06-24T11:54:24;
76900;433220;Lyondell Chemie Nederland BV;80;Industrie;18.76;Optie B;0.0;0.0;2;200;200;BU05992306;GM0599;3197.0;3197KE;BU05992306;GM0599;3197.0;3197KE;BU05992306;GM0599;3197.0;3197KE;False;False;False;51.88203030509064;4.252863982589159;WarmteAtlas:MT_WarmteBronnen_ECW;https://www.warmteatlas.nl/geoserver/WarmteAtlas/wfs;2026-06-24T11:54:24;
76600;433310;Climax Molybdenum BV;80;Industrie;1.14;Optie B;0.0;0.0;2;200;200;BU05992306;GM0599;3197.0;3197KM;BU05992306;GM0599;3197.0;3197KM;BU05992306;GM0599;3197.0;3197KM;False;False;False;51.882796970921504;4.248487075664082;WarmteAtlas:MT_WarmteBronnen_ECW;https://www.warmteatlas.nl/geoserver/WarmteAtlas/wfs;2026-06-24T11:54:24;
76311;434104;Ducor Petrochemicals BV;80;Industrie;0.87;Optie B;0.0;0.0;2;200;200;BU05992306;GM0599;3197.0;3197KG;BU05992306;GM0599;3197.0;3197KG;BU05992306;GM0599;3197.0;3197KG;False;False;False;51.88989176222446;4.244108994701364;WarmteAtlas:MT_WarmteBronnen_ECW;https://www.warmteatlas.nl/geoserver/WarmteAtlas/wfs;2026-06-24T11:54:24;
75900;433620;Almatis BV;80;Industrie;1.38;Optie B;0.0;0.0;2;200;200;BU05992306;GM0599;3197.0;3197KM;BU05992306;GM0599;3197.0;3197KM;BU05992306;GM0599;3197.0;3197KM;False;False;False;51.8854839041057;4.238250763708421;WarmteAtlas:MT_WarmteBronnen_ECW;https://www.warmteatlas.nl/geoserver/WarmteAtlas/wfs;2026-06-24T11:54:24;
193450;405750;Stork Prints;0;;0.0;Optie B;0.0;0.0;0;0;0;BU19822217;GM1982;5831.0;5831AT;BU19822217;GM1982;5831.0;5831AT;BU19822217;GM1982;5831.0;5831AT;False;False;False;51.639275259719774;5.942649545488066;WarmteAtlas:MT_WarmteBronnen_ECW;https://www.warmteatlas.nl/geoserver/WarmteAtlas/wfs;2026-06-24T11:54:24;
112150;402250;Caligen Europe BV;0;;0.0;Optie B;0.0;0.0;0;0;0;BU07580105;GM0758;4825.0;4825BC;BU07580105;GM0758;4825.0;4825BC;BU07580105;GM0758;4825.0;4825BC;False;False;False;51.607499494929826;4.7686241112974095;WarmteAtlas:MT_WarmteBronnen_ECW;https://www.warmteatlas.nl/geoserver/WarmteAtlas/wfs;2026-06-24T11:54:24;
111892;403316;Essent Stadsverwarming Breda;0;Gasturbine;0.0;Optie B;0.0;0.0;0;0;0;BU07580105;GM0758;4825.0;4825AZ;BU07580105;GM0758;4825.0;4825AZ;BU07580105;GM0758;4825.0;4825AZ;False;False;False;51.61706108951246;4.764768372124347;WarmteAtlas:MT_WarmteBronnen_ECW;https://www.warmteatlas.nl/geoserver/WarmteAtlas/wfs;2026-06-24T11:54:24;
111661;402540;INEOS Styrenics Netherlands BV;0;;0.0;Optie B;0.0;0.0;0;0;0;BU07580105;GM0758;4825.0;4825BG;BU07580105;GM0758;4825.0;4825BG;BU07580105;GM0758;4825.0;4825BG;False;False;False;51.61006851525632;4.761529408329454;WarmteAtlas:MT_WarmteBronnen_ECW;https://www.warmteatlas.nl/geoserver/WarmteAtlas/wfs;2026-06-24T11:54:24;
197490;328090;Wienerberger Steenfabriek Poriso;280;Industrie;1.8;Optie B;1.0;0.0;0;0;0;BU08990339;GM0899;6443.0;6443VA;BU08990339;GM0899;6443.0;6443VA;BU08990339;GM0899;6443.0;6443VA;False;False;False;50.94095169030643;5.991713678855781;WarmteAtlas:MT_WarmteBronnen_ECW;https://www.warmteatlas.nl/geoserver/WarmteAtlas/wfs;2026-06-24T11:54:24;
169750;362750;Vliegveld Budel;0;Industrie;0.0;Optie B;0.0;0.0;0;0;0;BU17060009;GM1706;6021.0;6021PV;BU17060009;GM1706;6021.0;6021PX;BU17060009;GM1706;6021.0;6021PX;False;False;False;51.25388964018823;5.598482287287267;WarmteAtlas:MT_WarmteBronnen_ECW;https://www.warmteatlas.nl/geoserver/WarmteAtlas/wfs;2026-06-24T11:54:24;
169850;360930;Nedzink BV;0;;0.0;Optie B;0.0;0.0;0;0;0;BU17060201;GM1706;6024.0;6024AA;BU17060201;GM1706;6024.0;6024AA;BU17060201;GM1706;6024.0;6024AA;False;False;False;51.23752757606668;5.5998387078577485;WarmteAtlas:MT_WarmteBronnen_ECW;https://www.warmteatlas.nl/geoserver/WarmteAtlas/wfs;2026-06-24T11:54:24;
169900;361000;Nyrstar Budel BV;0;;0.0;Optie B;0.0;0.0;0;0;0;BU17060201;GM1706;6024.0;6024AA;BU17060201;GM1706;6024.0;6024AA;BU17060201;GM1706;6024.0;6024AA;False;False;False;51.23815547370636;5.600557589171603;WarmteAtlas:MT_WarmteBronnen_ECW;https://www.warmteatlas.nl/geoserver/WarmteAtlas/wfs;2026-06-24T11:54:24;
142200;452700;Vrumona;0;;0.0;Optie B;0.0;0.0;0;0;0;BU03120000;GM0312;3981.0;3981CK;BU03120000;GM0312;3981.0;3981CK;BU03120000;GM0312;3981.0;3981CK;False;False;False;52.062448309051376;5.200549688096913;WarmteAtlas:MT_WarmteBronnen_ECW;https://www.warmteatlas.nl/geoserver/WarmteAtlas/wfs;2026-06-24T11:54:24;
155047;473810;A van de Groep en Zonen BV;0;;0.0;Optie B;0.0;0.0;0;0;0;BU03130002;GM0313;3751.0;3751BG;BU03130002;GM0313;3751.0;3751BG;BU03130002;GM0313;3751.0;3751BG;False;False;False;52.252330967411105;5.387892158333697;WarmteAtlas:MT_WarmteBronnen_ECW;https://www.warmteatlas.nl/geoserver/WarmteAtlas/wfs;2026-06-24T11:54:24;
96837;435900;AWZI Kralingseveer Hoogheemraadschap van Schieland;80;AVI;2.72;Optie B;0.0;0.0;2;500;500;BU05020996;GM0502;2909.0;2909LM;BU05020996;GM0502;2909.0;2909LM;BU05020996;GM0502;2909.0;2909LM;False;False;False;51.90855581854515;4.541944798963481;WarmteAtlas:MT_WarmteBronnen_ECW;https://www.warmteatlas.nl/geoserver/WarmteAtlas/wfs;2026-06-24T11:54:24;
253097;520062;Katshaar Zuivel BV;0;;0.0;Optie B;0.0;0.0;0;0;0;BU01091421;GM0109;7742.0;7742PR;BU01091421;GM0109;7742.0;7742PR;BU01091421;GM0109;7742.0;7742PR;False;False;False;52.65917428975188;6.8371267963155145;WarmteAtlas:MT_WarmteBronnen_ECW;https://www.warmteatlas.nl/geoserver/WarmteAtlas/wfs;2026-06-24T11:54:24;
246400;519750;Smurfit Kappa Solid Board Coevorden;0;Industrie;0.0;Optie B;0.0;0.0;0;0;0;BU01091012;GM0109;7741.0;7741KX;BU01091012;GM0109;7741.0;7741KX;BU01091012;GM0109;7741.0;7741KX;False;False;False;52.657536672654075;6.73808315307517;WarmteAtlas:MT_WarmteBronnen_ECW;https://www.warmteatlas.nl/geoserver/WarmteAtlas/wfs;2026-06-24T11:54:24;
189600;415100;Nutricia Cuijk BV;0;;0.0;Optie B;0.0;0.0;0;0;0;BU19820801;GM1982;5431.0;5431DJ;BU19820801;GM1982;5431.0;5431DJ;BU19820801;GM1982;5431.0;5431DJ;False;False;False;51.72356599654592;5.8879641778234255;WarmteAtlas:MT_WarmteBronnen_ECW;https://www.warmteatlas.nl/geoserver/WarmteAtlas/wfs;2026-06-24T11:54:24;
187849;418427;Teeuwissen Coldstore Cuijk BV;80;Industrie;0.0;Optie B;0.0;0.0;2;200;200;BU19820605;GM1982;5433.0;5433NE;BU19820605;GM1982;5433.0;5433NE;BU19820605;GM1982;5433.0;5433NE;False;False;False;51.7535753282322;5.862937923860528;WarmteAtlas:MT_WarmteBronnen_ECW;https://www.warmteatlas.nl/geoserver/WarmteAtlas/wfs;2026-06-24T11:54:24;
214397;502707;Bel Leerdammer BV Dalfsen;0;;0.0;Optie B;0.0;0.0;0;0;0;BU01480107;GM0148;7721.0;7721AA;BU01480107;GM0148;7721.0;7721AA;BU01480107;GM0148;7721.0;7721AA;False;False;False;52.508816457259364;6.262104666032607;WarmteAtlas:MT_WarmteBronnen_ECW;https://www.warmteatlas.nl/geoserver/WarmteAtlas/wfs;2026-06-24T11:54:24;
117750;570250;Vliegveld Texel;0;Industrie;0.0;Optie B;0.0;0.0;0;0;0;BU04480107;GM0448;1795.0;1795JS;BU04480107;GM0448;1795.0;1795JS;BU04480107;GM0448;1795.0;1795JS;False;False;False;53.11773502627778;4.8308441534572015;WarmteAtlas:MT_WarmteBronnen_ECW;https://www.warmteatlas.nl/geoserver/WarmteAtlas/wfs;2026-06-24T11:54:24;
132150;454100;BASF Nederland BV Catalysts;0;;0.0;Optie B;0.0;0.0;0;0;0;BU03441033;GM0344;3454.0;3454PK;BU03441033;GM0344;3454.0;3454PK;BU03441033;GM0344;3454.0;3454PK;False;False;False;52.07470821652601;5.053905711392399;WarmteAtlas:MT_WarmteBronnen_ECW;https://www.warmteatlas.nl/geoserver/WarmteAtlas/wfs;2026-06-24T11:54:24;
174820;433550;Steenfabriek VOGELENSANGH;0;;0.0;Optie B;0.0;0.0;0;0;0;BU02250301;GM0225;6653.0;6653AB;BU02250303;GM0225;6653.0;6653AB;BU02250303;GM0225;6653.0;6653AB;True;False;False;51.89011910681022;5.675115985548353;WarmteAtlas:MT_WarmteBronnen_ECW;https://www.warmteatlas.nl/geoserver/WarmteAtlas/wfs;2026-06-24T11:54:24;
174810;433654;Wienerberger Dakpanfabriek Narvik Deest;0;;0.0;Optie B;0.0;0.0;0;0;0;BU02250301;GM0225;6653.0;6653AD;BU02250303;GM0225;6653.0;6653AD;BU02250303;GM0225;6653.0;6653AD;True;False;False;51.891054235026225;5.674976707867451;WarmteAtlas:MT_WarmteBronnen_ECW;https://www.warmteatlas.nl/geoserver/WarmteAtlas/wfs;2026-06-24T11:54:24;
243200;475120;Elementis Specialties Netherlands BV;0;;0.0;Optie B;0.0;0.0;0;0;0;BU17350709;GM1735;7491.0;7491AE;BU17350709;GM1735;7491.0;7491AE;BU17350709;GM1735;7491.0;7491AE;False;False;False;52.25704087430542;6.679030962595889;WarmteAtlas:MT_WarmteBronnen_ECW;https://www.warmteatlas.nl/geoserver/WarmteAtlas/wfs;2026-06-24T11:54:24;
85100;446200;TU Delft Warmtekrachtcentrale;80;STEG;1.81;Optie B;0.0;0.0;0;0;0;BU05032805;GM0503;2628.0;2628CA;BU05032805;GM0503;2628.0;2628CA;BU05032805;GM0503;2628.0;2628CA;False;False;False;51.999772109795664;4.369302919077624;WarmteAtlas:MT_WarmteBronnen_ECW;https://www.warmteatlas.nl/geoserver/WarmteAtlas/wfs;2026-06-24T11:54:24;
84750;445750;Prysmian Cables and Systems NV;80;Industrie;0.24;Optie B;0.0;0.0;2;200;200;BU05032702;GM0503;2627.0;2627BK;BU05032702;GM0503;2627.0;2627BK;BU05032702;GM0503;2627.0;2627BK;False;False;False;51.995683776105125;4.364299177748197;WarmteAtlas:MT_WarmteBronnen_ECW;https://www.warmteatlas.nl/geoserver/WarmteAtlas/wfs;2026-06-24T11:54:24;
83500;448300;DSM Delft Permit BV;80;Industrie;11.26;Optie B;0.0;0.0;2;200;200;BU05031300;GM0503;2613.0;2613AX;BU05031300;GM0503;2613.0;2613AX;BU05031300;GM0503;2613.0;2613AX;False;False;False;52.01844086069716;4.345568494182759;WarmteAtlas:MT_WarmteBronnen_ECW;https://www.warmteatlas.nl/geoserver/WarmteAtlas/wfs;2026-06-24T11:54:24;
261590;591898;PPG Industries Chemicals BV;0;Industrie;0.0;Optie B;0.0;0.0;0;0;0;BU19790831;GM1979;9936.0;9936HV;BU19790831;GM1979;9936.0;9936HV;BU19790831;GM1979;9936.0;9936HV;False;False;False;53.30290686573534;6.9861407408956495;WarmteAtlas:MT_WarmteBronnen_ECW;https://www.warmteatlas.nl/geoserver/WarmteAtlas/wfs;2026-06-24T11:54:24;
260800;592000;KBM Master Alloys BV Delfzijl;0;;0.0;Optie B;0.0;0.0;0;0;0;BU19790831;GM1979;9936.0;9936HV;BU19790831;GM1979;9936.0;9936HV;BU19790831;GM1979;9936.0;9936HV;False;False;False;53.30398013661312;6.974328267709851;WarmteAtlas:MT_WarmteBronnen_ECW;https://www.warmteatlas.nl/geoserver/WarmteAtlas/wfs;2026-06-24T11:54:24;
259700;592600;Dow Benelux BV Delfzijl;0;;0.0;Optie B;0.0;0.0;0;0;0;BU19790831;GM1979;9936.0;9936HE;BU19790831;GM1979;9936.0;9936HE;BU19790831;GM1979;9936.0;9936HE;False;False;False;53.30958639471782;6.958029415815716;WarmteAtlas:MT_WarmteBronnen_ECW;https://www.warmteatlas.nl/geoserver/WarmteAtlas/wfs;2026-06-24T11:54:24;
258399;594113;Contitank BV;0;;0.0;Optie B;0.0;0.0;0;0;0;BU19790831;GM1979;9936.0;9936CX;BU19790831;GM1979;9936.0;9936CX;BU19790831;GM1979;9936.0;9936CX;False;False;False;53.32343046509603;6.939006670987093;WarmteAtlas:MT_WarmteBronnen_ECW;https://www.warmteatlas.nl/geoserver/WarmteAtlas/wfs;2026-06-24T11:54:24;
144800;461320;Remia CV;0;;0.0;Optie B;0.0;0.0;0;0;0;BU03550506;GM0355;3734.0;3734EC;BU03550506;GM0355;3734.0;3734EC;BU03550506;GM0355;3734.0;3734EC;False;False;False;52.13997864875245;5.238205785309093;WarmteAtlas:MT_WarmteBronnen_ECW;https://www.warmteatlas.nl/geoserver/WarmteAtlas/wfs;2026-06-24T11:54:24;
82782;454755;Eon Schenkkade;80;STEG;0.87;Optie B;0.0;0.0;0;0;0;BU05182664;GM0518;2595.0;2595AP;BU05182664;GM0518;2595.0;2595AP;BU05182664;GM0518;2595.0;2595AP;False;False;False;52.07635798859943;4.333746064964463;WarmteAtlas:MT_WarmteBronnen_ECW;https://www.warmteatlas.nl/geoserver/WarmteAtlas/wfs;2026-06-24T11:54:24;
78197;456183;Delfluent Services BV;80;Industrie;3.03;Optie B;0.0;0.0;2;200;200;BU05181309;GM0518;2566.0;2566GJ;BU05181309;GM0518;2566.0;2566GJ;BU05181309;GM0518;2566.0;2566GJ;False;False;False;52.08857403583939;4.266554197443477;WarmteAtlas:MT_WarmteBronnen_ECW;https://www.warmteatlas.nl/geoserver/WarmteAtlas/wfs;2026-06-24T11:54:24;
114685;548730;Vliegveld de Kooy;0;Industrie;0.0;Optie B;0.0;0.0;0;0;0;BU04000607;GM0400;1786.0;1786PT;BU04000607;GM0400;1786.0;1786PT;BU04000607;GM0400;1786.0;1786PT;False;False;False;52.9241416977789;4.787738326313658;WarmteAtlas:MT_WarmteBronnen_ECW;https://www.warmteatlas.nl/geoserver/WarmteAtlas/wfs;2026-06-24T11:54:24;
208550;472800;Akzo Nobel Functional Chemicals;0;Industrie;0.0;Optie B;0.0;0.0;0;0;0;BU01500704;GM0150;7418.0;7418AJ;BU01500704;GM0150;7418.0;7418AJ;BU01500704;GM0150;7418.0;7418AJ;False;False;False;52.24065027869464;6.171220285092472;WarmteAtlas:MT_WarmteBronnen_ECW;https://www.warmteatlas.nl/geoserver/WarmteAtlas/wfs;2026-06-24T11:54:24;
130055;483500;Nuon Power Generation BV Diemen;120;STEG;440.0;Optie B;0.0;0.0;0;0;0;BU03840803;GM0384;1111.0;1111PP;BU03840803;GM0384;1111.0;1111PP;BU03840803;GM0384;1111.0;1111PP;False;False;False;52.33885607105274;5.021184815685312;WarmteAtlas:MT_WarmteBronnen_ECW;https://www.warmteatlas.nl/geoserver/WarmteAtlas/wfs;2026-06-24T11:54:24;
89012;403688;Suiker Unie Dinteloord;0;Industrie;40.0;Optie B;0.0;0.0;0;0;0;BU08510308;GM0851;4671.0;4671TL;BU08510308;GM0851;4671.0;4671TL;BU08510308;GM0851;4671.0;4671TL;False;False;False;51.61818070052726;4.434371470378888;WarmteAtlas:MT_WarmteBronnen_ECW;https://www.warmteatlas.nl/geoserver/WarmteAtlas/wfs;2026-06-24T11:54:24;
230500;430660;SABA Dinxperlo BV;0;;0.0;Optie B;0.0;0.0;0;0;0;BU01970400;GM0197;7091.0;7091DC;BU01970400;GM0197;7091.0;7091DC;BU01970400;GM0197;7091.0;7091DC;False;False;False;51.85937912764799;6.483224218159988;WarmteAtlas:MT_WarmteBronnen_ECW;https://www.warmteatlas.nl/geoserver/WarmteAtlas/wfs;2026-06-24T11:54:24;
206112;447069;Gieterij Doesburg BV;0;;0.0;Optie B;0.0;0.0;0;0;0;BU02210100;GM0221;6981.0;6981EC;BU02210100;GM0221;6981.0;6981EC;BU02210100;GM0221;6981.0;6981EC;False;False;False;52.009628340449936;6.131663593712796;WarmteAtlas:MT_WarmteBronnen_ECW;https://www.warmteatlas.nl/geoserver/WarmteAtlas/wfs;2026-06-24T11:54:24;
217250;441700;Papierfabriek Doetinchem BV;0;;0.0;Optie B;0.0;0.0;0;0;0;BU02220501;GM0222;7005.0;7005AK;BU02220501;GM0222;7005.0;7005AK;BU02220501;GM0222;7005.0;7005AK;False;False;False;51.96023760633516;6.292898861622186;WarmteAtlas:MT_WarmteBronnen_ECW;https://www.warmteatlas.nl/geoserver/WarmteAtlas/wfs;2026-06-24T11:54:24;
214700;444350;Nannoka Vulcanus Industries BV;0;;0.0;Optie B;0.0;0.0;0;0;0;BU02220804;GM0222;7008.0;7008BC;BU02220804;GM0222;7008.0;7008BC;BU02220804;GM0222;7008.0;7008BC;False;False;False;51.98433398942602;6.256263530412239;WarmteAtlas:MT_WarmteBronnen_ECW;https://www.warmteatlas.nl/geoserver/WarmteAtlas/wfs;2026-06-24T11:54:24;
127823;402831;Ardagh Glass Dongen BV;0;;0.0;Optie B;0.0;0.0;0;0;0;BU07660115;GM0766;5105.0;5105NA;BU07660115;GM0766;5105.0;5105NA;BU07660115;GM0766;5105.0;5105NA;False;False;False;51.61369920030594;4.994825958824408;WarmteAtlas:MT_WarmteBronnen_ECW;https://www.warmteatlas.nl/geoserver/WarmteAtlas/wfs;2026-06-24T11:54:24;
122730;403330;Trobas Gelatine BV;0;;0.0;Optie B;0.0;0.0;0;0;0;BU07660114;GM0766;5107.0;5107NE;BU07660114;GM0766;5107.0;5107NG;BU07660114;GM0766;5107.0;5107NG;False;False;False;51.61791470349046;4.921250391822933;WarmteAtlas:MT_WarmteBronnen_ECW;https://www.warmteatlas.nl/geoserver/WarmteAtlas/wfs;2026-06-24T11:54:24;
111254;425172;Straalbedrijf AJ den Breejen en Zonen BV;80;Industrie;0.03;Optie B;0.0;0.0;2;200;200;BU05059801;GM0505;3313.0;3313LP;BU05059801;GM0505;3313.0;3313LP;BU05059801;GM0505;3313.0;3313LP;False;False;False;51.81345395962327;4.7528066053580345;WarmteAtlas:MT_WarmteBronnen_ECW;https://www.warmteatlas.nl/geoserver/WarmteAtlas/wfs;2026-06-24T11:54:24;
110420;425520;DRSH Zuiveringsslib N V;0;AVI;11.19;Optie B;0.0;0.0;0;0;0;BU05050608;GM0505;3313.0;3313LP;BU05050608;GM0505;3313.0;3313LP;BU05050608;GM0505;3313.0;3313LP;False;False;False;51.81651575295862;4.740667979924673;WarmteAtlas:MT_WarmteBronnen_ECW;https://www.warmteatlas.nl/geoserver/WarmteAtlas/wfs;2026-06-24T11:54:24;
110212;425400;HVC Afvalcentrale Dordrecht;80;AVI;65.31;Optie B;0.0;0.0;2;500;500;BU05050608;GM0505;3313.0;3313LA;BU05050608;GM0505;3313.0;3313LA;BU05050608;GM0505;3313.0;3313LA;False;False;False;51.81542054925455;4.737667124251002;WarmteAtlas:MT_WarmteBronnen_ECW;https://www.warmteatlas.nl/geoserver/WarmteAtlas/wfs;2026-06-24T11:54:24;
192981;442540;Titan Wood;0;;0.0;Optie B;0.0;0.0;0;0;0;BU02020322;GM0202;6827.0;6827AV;BU02020322;GM0202;6827.0;6827AV;BU02020322;GM0202;6827.0;6827AV;False;False;False;51.96997714719031;5.939914792663255;WarmteAtlas:MT_WarmteBronnen_ECW;https://www.warmteatlas.nl/geoserver/WarmteAtlas/wfs;2026-06-24T11:54:24;
186213;439706;Nuon HWC Schuytgraaf;0;STEG;0.0;Optie B;0.0;0.0;0;0;0;BU02022449;GM0202;6846.0;6846DZ;BU02022449;GM0202;6846.0;6846DZ;BU02022449;GM0202;6846.0;6846DZ;False;False;False;51.94492695148039;5.841170131658449;WarmteAtlas:MT_WarmteBronnen_ECW;https://www.warmteatlas.nl/geoserver/WarmteAtlas/wfs;2026-06-24T11:54:24;
218250;434896;Steenfabriek De Nijverheid BV;0;;0.0;Optie B;0.0;0.0;0;0;0;BU19550009;GM1955;7045.0;7045AL;BU19550009;GM1955;7045.0;7045AL;BU19550009;GM1955;7045.0;7045AL;False;False;False;51.89897506119159;6.30619432685643;WarmteAtlas:MT_WarmteBronnen_ECW;https://www.warmteatlas.nl/geoserver/WarmteAtlas/wfs;2026-06-24T11:54:24;
276380;578810;Smurfit Kappa Solid Board Nieuweschans;0;Industrie;0.0;Optie B;0.0;0.0;0;0;0;BU18950500;GM1895;9693.0;9693AH;BU18950500;GM1895;9693.0;9693AH;BU18950500;GM1895;9693.0;9693AH;False;False;False;53.182197545129284;7.202952071498933;WarmteAtlas:MT_WarmteBronnen_ECW;https://www.warmteatlas.nl/geoserver/WarmteAtlas/wfs;2026-06-24T11:54:24;
223394;513226;FrieslandCampina Cheese Balkbrug;0;Industrie;0.0;Optie B;0.0;0.0;0;0;0;BU01600402;GM0160;7707.0;7707AR;BU01600402;GM0160;7707.0;7707ZZ;BU01600402;GM0160;7707.0;7707ZZ;False;False;False;52.60228945541474;6.396771299597094;WarmteAtlas:MT_WarmteBronnen_ECW;https://www.warmteatlas.nl/geoserver/WarmteAtlas/wfs;2026-06-24T11:54:24;
174750;607250;Vliegveld Ameland;0;Industrie;0.0;Optie B;0.0;0.0;0;0;0;BU00600007;GM0060;9162.0;9162HA;BU00600007;GM0060;9162.0;9162HA;BU00600007;GM0060;9162.0;9162HA;False;False;False;53.451116039071806;5.684479230568328;WarmteAtlas:MT_WarmteBronnen_ECW;https://www.warmteatlas.nl/geoserver/WarmteAtlas/wfs;2026-06-24T11:54:24;
170948;464159;Vink Afvalverwerking BV;0;AVI;0.0;Optie B;0.0;0.0;0;0;0;BU02035400;GM0203;3771.0;3771PN;BU02035400;GM0203;3771.0;3771PN;BU02035400;GM0203;3771.0;3771PN;False;False;False;52.16535870823836;5.620298463782332;WarmteAtlas:MT_WarmteBronnen_ECW;https://www.warmteatlas.nl/geoserver/WarmteAtlas/wfs;2026-06-24T11:54:24;
168109;464271;PFW Aroma Chemicals;0;;0.0;Optie B;0.0;0.0;0;0;0;BU02035425;GM0203;3771.0;3771ME;BU02035425;GM0203;3771.0;3771ME;BU02035425;GM0203;3771.0;3771ME;False;False;False;52.16644009243844;5.578808400292555;WarmteAtlas:MT_WarmteBronnen_ECW;https://www.warmteatlas.nl/geoserver/WarmteAtlas/wfs;2026-06-24T11:54:24;
168000;464350;Givaudan Nederland BV Barneveld;0;;0.0;Optie B;0.0;0.0;0;0;0;BU02035425;GM0203;3771.0;3771MB;BU02035425;GM0203;3771.0;3771MB;BU02035425;GM0203;3771.0;3771MB;False;False;False;52.167152712939384;5.577218260770093;WarmteAtlas:MT_WarmteBronnen_ECW;https://www.warmteatlas.nl/geoserver/WarmteAtlas/wfs;2026-06-24T11:54:24;
235710;592080;FrieslandCampina Bedum;0;Industrie;0.0;Optie B;0.0;0.0;0;0;0;BU19660809;GM1966;9781.0;9781EL;BU19660809;GM1966;9781.0;9781EL;BU19660809;GM1966;9781.0;9781EL;False;False;False;53.30907969573269;6.598063820223439;WarmteAtlas:MT_WarmteBronnen_ECW;https://www.warmteatlas.nl/geoserver/WarmteAtlas/wfs;2026-06-24T11:54:24;
182980;328250;Kleiwarenfabriek Facade Beek BV;0;;0.0;Optie B;0.0;0.0;0;0;0;BU08880000;GM0888;6191.0;6191BG;BU08880000;GM0888;6191.0;6191BG;BU08880000;GM0888;6191.0;6191BG;False;False;False;50.94328388165838;5.785295065758677;WarmteAtlas:MT_WarmteBronnen_ECW;https://www.warmteatlas.nl/geoserver/WarmteAtlas/wfs;2026-06-24T11:54:24;
181785;324715;Vliegveld Luchthaven Maastricht;0;Industrie;0.0;Optie B;0.0;0.0;0;0;0;BU08880109;GM0888;6199.0;6199AD;BU08880109;GM0888;6199.0;6199AD;BU08880109;GM0888;6199.0;6199AD;False;False;False;50.91156631585774;5.768031214149835;WarmteAtlas:MT_WarmteBronnen_ECW;https://www.warmteatlas.nl/geoserver/WarmteAtlas/wfs;2026-06-24T11:54:24;
231300;541530;FrieslandCampina Domo Beilen;0;Industrie;0.0;Optie B;0.0;0.0;0;0;0;BU17310000;GM1731;9411.0;9411PZ;BU17310000;GM1731;9411.0;9411PZ;BU17310000;GM1731;9411.0;9411PZ;False;False;False;52.85556321337376;6.520000050855545;WarmteAtlas:MT_WarmteBronnen_ECW;https://www.warmteatlas.nl/geoserver/WarmteAtlas/wfs;2026-06-24T11:54:24;
191490;436460;Energiecooperatie Greenhouse Energy;0;;0.0;Optie B;0.0;0.0;0;0;0;BU17050213;GM1705;6851.0;6851TH;BU17050213;GM1705;6851.0;6851TH;BU17050213;GM1705;6851.0;6851TH;False;False;False;51.91543064973681;5.917572160642105;WarmteAtlas:MT_WarmteBronnen_ECW;https://www.warmteatlas.nl/geoserver/WarmteAtlas/wfs;2026-06-24T11:54:24;
77808;391261;Alcan Packaging Brabant BV;0;;0.0;Optie B;0.0;0.0;0;0;0;BU07480306;GM0748;4613.0;4613BZ;BU07480306;GM0748;4613.0;4613BZ;BU07480306;GM0748;4613.0;4613BZ;False;False;False;51.505067203739124;4.275356918781642;WarmteAtlas:MT_WarmteBronnen_ECW;https://www.warmteatlas.nl/geoserver/WarmteAtlas/wfs;2026-06-24T11:54:24;
77249;391375;Nuplex Resins BV;0;;0.0;Optie B;0.0;0.0;0;0;0;BU07480306;GM0748;4612.0;4612PS;BU07480306;GM0748;4612.0;4612PS;BU07480306;GM0748;4612.0;4612PS;False;False;False;51.50601482963204;4.267281525949052;WarmteAtlas:MT_WarmteBronnen_ECW;https://www.warmteatlas.nl/geoserver/WarmteAtlas/wfs;2026-06-24T11:54:24;
76778;391435;Cargill BV;0;Industrie;0.0;Optie B;0.0;0.0;0;0;0;BU07480306;GM0748;4612.0;4612PS;BU07480306;GM0748;4612.0;4612PS;BU07480306;GM0748;4612.0;4612PS;False;False;False;51.50648881959472;4.260485162791559;WarmteAtlas:MT_WarmteBronnen_ECW;https://www.warmteatlas.nl/geoserver/WarmteAtlas/wfs;2026-06-24T11:54:24;
76463;391896;SABIC Innovative Plastics BV;0;Industrie;13.0;Optie B;0.0;0.0;0;0;0;BU07480306;GM0748;4612.0;4612PX;BU07480306;GM0748;4612.0;4612PZ;BU07480306;GM0748;4612.0;4612PZ;False;False;False;51.51058807133907;4.25584565367731;WarmteAtlas:MT_WarmteBronnen_ECW;https://www.warmteatlas.nl/geoserver/WarmteAtlas/wfs;2026-06-24T11:54:24;
197930;580516;Centrale Bergum;0;STEG;508.2;Optie B;0.0;0.0;0;0;0;BU07370009;GM0737;9251.0;9251ML;BU07370009;GM0737;9251.0;9251LS;BU07370009;GM0737;9251.0;9251LS;False;False;False;53.20955184385046;6.029768861397399;WarmteAtlas:MT_WarmteBronnen_ECW;https://www.warmteatlas.nl/geoserver/WarmteAtlas/wfs;2026-06-24T11:54:24;
178673;429681;Interchem BV;0;;0.0;Optie B;0.0;0.0;0;0;0;BU02090131;GM0209;6641.0;6641TL;BU02090131;GM0209;6641.0;6641TL;BU02090131;GM0209;6641.0;6641TL;False;False;False;51.85519326929463;5.730819572563201;WarmteAtlas:MT_WarmteBronnen_ECW;https://www.warmteatlas.nl/geoserver/WarmteAtlas/wfs;2026-06-24T11:54:24;
141390;458900;Rijksinstituut voor Volksgezondheid en Milieu RIVM;0;;0.0;Optie B;0.0;0.0;0;0;0;BU03100801;GM0310;3721.0;3721MX;BU03100801;GM0310;3721.0;3721MX;BU03100801;GM0310;3721.0;3721MX;False;False;False;52.11815449156489;5.188490789882672;WarmteAtlas:MT_WarmteBronnen_ECW;https://www.warmteatlas.nl/geoserver/WarmteAtlas/wfs;2026-06-24T11:54:24;
112970;431300;De Graafstroom;80;Industrie;0.36;Optie B;0.0;0.0;2;200;200;BU19780204;GM1978;2971.0;2971VK;BU19780204;GM1978;2971.0;2971AD;BU19780204;GM1978;2971.0;2971AD;False;False;False;51.868663858267695;4.776944675732019;WarmteAtlas:MT_WarmteBronnen_ECW;https://www.warmteatlas.nl/geoserver/WarmteAtlas/wfs;2026-06-24T11:54:24;
111030;453850;Refresco Benelux BV;80;Industrie;0.45;Optie B;0.0;0.0;2;200;200;BU19010216;GM1901;2411.0;2411NE;BU19010216;GM1901;2411.0;2411NE;BU19010216;GM1901;2411.0;2411NE;False;False;False;52.07118747364877;4.745888775843054;WarmteAtlas:MT_WarmteBronnen_ECW;https://www.warmteatlas.nl/geoserver/WarmteAtlas/wfs;2026-06-24T11:54:24;
163330;563820;Hochwald Nederland BV;0;;0.0;Optie B;0.0;0.0;0;0;0;BU19000003;GM1900;8701.0;8701WR;BU19000003;GM1900;8701.0;8701WR;BU19000003;GM1900;8701.0;8701WR;False;False;False;53.06118194612465;5.511460299756755;WarmteAtlas:MT_WarmteBronnen_ECW;https://www.warmteatlas.nl/geoserver/WarmteAtlas/wfs;2026-06-24T11:54:24;
233150;459540;FrieslandCampina Domo Borculo;0;Industrie;0.0;Optie B;0.0;0.0;0;0;0;BU18590013;GM1859;7271.0;7271AD;BU18590013;GM1859;7271.0;7271AD;BU18590013;GM1859;7271.0;7271AD;False;False;False;52.118550212457144;6.528273080236093;WarmteAtlas:MT_WarmteBronnen_ECW;https://www.warmteatlas.nl/geoserver/WarmteAtlas/wfs;2026-06-24T11:54:24;
186200;339300;Netherlands Car BV NedCar;0;;0.0;Optie B;0.0;0.0;0;0;0;BU18830609;GM1883;6121.0;6121RD;BU18830609;GM1883;6121.0;6121RD;BU18830609;GM1883;6121.0;6121RD;False;False;False;51.0424409887416;5.832064288573536;WarmteAtlas:MT_WarmteBronnen_ECW;https://www.warmteatlas.nl/geoserver/WarmteAtlas/wfs;2026-06-24T11:54:24;
185599;340870;FrieslandCampina Born;0;Industrie;0.0;Optie B;0.0;0.0;0;0;0;BU18830607;GM1883;6121.0;6121PA;BU18830607;GM1883;6121.0;6121PA;BU18830607;GM1883;6121.0;6121PA;False;False;False;51.05658563116375;5.8236288682235;WarmteAtlas:MT_WarmteBronnen_ECW;https://www.warmteatlas.nl/geoserver/WarmteAtlas/wfs;2026-06-24T11:54:24;
38794;384007;EPZ NV Conventional Operations;0;Kern;349.8;Optie C;0.0;0.0;0;0;0;BU06540203;GM0654;4454.0;4454PM;BU06540203;GM0654;4454.0;4454PM;BU06540203;GM0654;4454.0;4454PM;False;False;False;51.43318568922227;3.7159983069692673;WarmteAtlas:MT_WarmteBronnen_ECW;https://www.warmteatlas.nl/geoserver/WarmteAtlas/wfs;2026-06-24T11:54:24;
96860;396260;Vliegveld Seppe;0;Industrie;0.0;Optie B;0.0;0.0;0;0;0;BU08400009;GM0840;4715.0;4715TA;BU08400009;GM0840;4715.0;4715TA;BU08400009;GM0840;4715.0;4715TA;False;False;False;51.55228727461781;4.548914009281128;WarmteAtlas:MT_WarmteBronnen_ECW;https://www.warmteatlas.nl/geoserver/WarmteAtlas/wfs;2026-06-24T11:54:24;
78610;431979;Botlek VCM Plant Shin Etsu PVC BV;80;Industrie;14.54;Optie B;0.0;0.0;2;200;200;BU05992306;GM0599;3197.0;3197KS;BU05992306;GM0599;3197.0;3197KS;BU05992306;GM0599;3197.0;3197KS;False;False;False;51.87111469521426;4.2779708125287845;WarmteAtlas:MT_WarmteBronnen_ECW;https://www.warmteatlas.nl/geoserver/WarmteAtlas/wfs;2026-06-24T11:54:24;
76660;434000;Huntsman Holland BV;80;Industrie;0.11;Optie B;0.0;0.0;2;200;200;BU05992306;GM0599;3197.0;3197KG;BU05992306;GM0599;3197.0;3197KG;BU05992306;GM0599;3197.0;3197KG;False;False;False;51.88900634279315;4.249201512856756;WarmteAtlas:MT_WarmteBronnen_ECW;https://www.warmteatlas.nl/geoserver/WarmteAtlas/wfs;2026-06-24T11:54:24;
81574;432192;Aluminium en Chemie Rotterdam BV;80;Industrie;22.01;Optie B;0.0;0.0;2;200;200;BU05992306;GM0599;3197.0;3197KJ;BU05992306;GM0599;3197.0;3197KJ;BU05992306;GM0599;3197.0;3197KJ;False;False;False;51.873427477809265;4.3209573768512755;WarmteAtlas:MT_WarmteBronnen_ECW;https://www.warmteatlas.nl/geoserver/WarmteAtlas/wfs;2026-06-24T11:54:24;
81505;432967;Odfjell Terminals Rotterdam BV;80;Industrie;1.76;Optie B;0.0;0.0;2;200;200;BU05992306;GM0599;3197.0;3197KJ;BU05992306;GM0599;3197.0;3197KJ;BU05992306;GM0599;3197.0;3197KJ;False;False;False;51.880383331863946;4.319790354261033;WarmteAtlas:MT_WarmteBronnen_ECW;https://www.warmteatlas.nl/geoserver/WarmteAtlas/wfs;2026-06-24T11:54:24;
80191;433416;Biopetrol Rotterdam BV;80;Raffinaderij;3.11;Optie B;0.0;0.0;2;200;200;BU05992306;GM0599;3197.0;3197KR;BU05992306;GM0599;3197.0;3197KS;BU05992306;GM0599;3197.0;3197KS;False;False;False;51.884243543968154;4.300612131620362;WarmteAtlas:MT_WarmteBronnen_ECW;https://www.warmteatlas.nl/geoserver/WarmteAtlas/wfs;2026-06-24T11:54:24;
79871;432082;Esso Nederland BV Raffinaderij Rotterdam;80;Raffinaderij;165.49;Optie B;0.0;0.0;2;200;200;BU05992306;GM0599;3197.0;3197KA;BU05992306;GM0599;3197.0;3197KA;BU05992306;GM0599;3197.0;3197KA;False;False;False;51.87221183695835;4.296255704290987;WarmteAtlas:MT_WarmteBronnen_ECW;https://www.warmteatlas.nl/geoserver/WarmteAtlas/wfs;2026-06-24T11:54:24;
79808;432207;ExxonMobil Chemical Holland BV RAP;80;Industrie;61.7;Optie B;0.0;0.0;2;200;200;BU05992306;GM0599;3197.0;3197KA;BU05992306;GM0599;3197.0;3197KA;BU05992306;GM0599;3197.0;3197KA;False;False;False;51.873326709922196;4.29531378387075;WarmteAtlas:MT_WarmteBronnen_ECW;https://www.warmteatlas.nl/geoserver/WarmteAtlas/wfs;2026-06-24T11:54:24;
79750;434250;Keppel Verolme BV;0;;0.0;Optie B;0.0;0.0;0;0;0;BU05992306;GM0599;3197.0;3197KK;BU05992306;GM0599;3197.0;3197KK;BU05992306;GM0599;3197.0;3197KK;False;False;False;51.89167925435469;4.294025635627797;WarmteAtlas:MT_WarmteBronnen_ECW;https://www.warmteatlas.nl/geoserver/WarmteAtlas/wfs;2026-06-24T11:54:24;
79333;433167;ExxonMobil Chemical Holland BV RPP van RPI;80;Industrie;7.16;Optie B;0.0;0.0;2;200;200;BU05992306;GM0599;3197.0;3197KT;BU05992306;GM0599;3197.0;3197KT;BU05992306;GM0599;3197.0;3197KT;False;False;False;51.88188987381983;4.288206644564101;WarmteAtlas:MT_WarmteBronnen_ECW;https://www.warmteatlas.nl/geoserver/WarmteAtlas/wfs;2026-06-24T11:54:24;
79259;431845;Air Products Nederland BV Pernis;80;Industrie;78.91;Optie B;0.0;0.0;2;200;200;BU05992306;GM0599;3197.0;3197KA;BU05992306;GM0599;3197.0;3197KA;BU05992306;GM0599;3197.0;3197KA;False;False;False;51.86999905515065;4.287422472959911;WarmteAtlas:MT_WarmteBronnen_ECW;https://www.warmteatlas.nl/geoserver/WarmteAtlas/wfs;2026-06-24T11:54:24;
78989;433152;Cargill Refined Oils Europe;80;Industrie;2.64;Optie B;0.0;0.0;2;200;200;BU05992306;GM0599;3197.0;3197KS;BU05992306;GM0599;3197.0;3197KS;BU05992306;GM0599;3197.0;3197KS;False;False;False;51.88170822591934;4.2832145420111125;WarmteAtlas:MT_WarmteBronnen_ECW;https://www.warmteatlas.nl/geoserver/WarmteAtlas/wfs;2026-06-24T11:54:24;
78660;432300;Akzo Nobel Chemicals BV Botlek;80;Industrie;21.23;Optie B;0.0;0.0;2;200;200;BU05992306;GM0599;3197.0;3197KS;BU05992306;GM0599;3197.0;3197KS;BU05992306;GM0599;3197.0;3197KS;False;False;False;51.874006357301305;4.278625650429412;WarmteAtlas:MT_WarmteBronnen_ECW;https://www.warmteatlas.nl/geoserver/WarmteAtlas/wfs;2026-06-24T11:54:24;
78545;434865;AVR Rozenburg;80;AVI;301.56;Optie B;0.0;0.0;2;500;500;BU05992306;GM0599;3197.0;3197KK;BU05992306;GM0599;3197.0;3197KK;BU05992306;GM0599;3197.0;3197KK;False;False;False;51.89704203984352;4.276386885052627;WarmteAtlas:MT_WarmteBronnen_ECW;https://www.warmteatlas.nl/geoserver/WarmteAtlas/wfs;2026-06-24T11:54:24;
78070;434900;Tronox Pigments Holland BV;80;Industrie;13.49;Optie B;0.0;0.0;2;200;200;BU05992306;GM0599;3197.0;3197KA;BU05992306;GM0599;3197.0;3197KA;BU05992306;GM0599;3197.0;3197KA;False;False;False;51.8972911418473;4.269479035683858;WarmteAtlas:MT_WarmteBronnen_ECW;https://www.warmteatlas.nl/geoserver/WarmteAtlas/wfs;2026-06-24T11:54:24;
77830;434620;Kemira Rotterdam BV;80;Industrie;0.01;Optie B;0.0;0.0;2;200;200;BU05992306;GM0599;3197.0;3197KA;BU05992306;GM0599;3197.0;3197KA;BU05992306;GM0599;3197.0;3197KA;False;False;False;51.89474159621375;4.266055425471531;WarmteAtlas:MT_WarmteBronnen_ECW;https://www.warmteatlas.nl/geoserver/WarmteAtlas/wfs;2026-06-24T11:54:24;
77750;432575;Momentive Speciality Chemicals Botlek;80;Industrie;0.68;Optie B;0.0;0.0;2;200;200;BU05992306;GM0599;3197.0;3197KB;BU05992306;GM0599;3197.0;3197KB;BU05992306;GM0599;3197.0;3197KB;False;False;False;51.87635230485314;4.265351808716739;WarmteAtlas:MT_WarmteBronnen_ECW;https://www.warmteatlas.nl/geoserver/WarmteAtlas/wfs;2026-06-24T11:54:24;
77704;434252;Cabot BV;80;Industrie;32.26;Optie B;0.0;0.0;2;200;200;BU05992306;GM0599;3197.0;3197KA;BU05992306;GM0599;3197.0;3197KA;BU05992306;GM0599;3197.0;3197KA;False;False;False;51.89141694380307;4.264307774446217;WarmteAtlas:MT_WarmteBronnen_ECW;https://www.warmteatlas.nl/geoserver/WarmteAtlas/wfs;2026-06-24T11:54:24;
77444;433673;Emerald Kalama Chemical Rotterdam BV;80;Industrie;11.11;Optie B;0.0;0.0;2;200;200;BU05992306;GM0599;3197.0;3197KH;BU05992306;GM0599;3197.0;3197KH;BU05992306;GM0599;3197.0;3197KH;False;False;False;51.88617738536278;4.260661729053218;WarmteAtlas:MT_WarmteBronnen_ECW;https://www.warmteatlas.nl/geoserver/WarmteAtlas/wfs;2026-06-24T11:54:24;
77340;432870;Air Products Nederland BV Botlek;80;Industrie;45.11;Optie B;0.0;0.0;2;200;200;BU05992306;GM0599;3197.0;3197KG;BU05992306;GM0599;3197.0;3197KG;BU05992306;GM0599;3197.0;3197KG;False;False;False;51.87894642494438;4.259332293106244;WarmteAtlas:MT_WarmteBronnen_ECW;https://www.warmteatlas.nl/geoserver/WarmteAtlas/wfs;2026-06-24T11:54:24;
77212;433504;Eurogen CV;0;Industrie;23.12;Optie B;0.0;0.0;0;0;0;BU05992306;GM0599;3197.0;3197KG;BU05992306;GM0599;3197.0;3197KG;BU05992306;GM0599;3197.0;3197KG;False;False;False;51.88462624373999;4.2573305830815915;WarmteAtlas:MT_WarmteBronnen_ECW;https://www.warmteatlas.nl/geoserver/WarmteAtlas/wfs;2026-06-24T11:54:24;
110200;425450;Zavin CV;80;AVI;2.12;Optie B;0.0;0.0;2;500;500;BU05050608;GM0505;3313.0;3313LA;BU05050608;GM0505;3313.0;3313LA;BU05050608;GM0505;3313.0;3313LA;False;False;False;51.81586898105094;4.7374866291653;WarmteAtlas:MT_WarmteBronnen_ECW;https://www.warmteatlas.nl/geoserver/WarmteAtlas/wfs;2026-06-24T11:54:24;
109500;425710;Chemours Netherlands BV;80;Industrie;24.5;Optie B;0.0;0.0;2;200;200;BU05050608;GM0505;3313.0;3313LA;BU05050608;GM0505;3313.0;3313LA;BU05050608;GM0505;3313.0;3313LA;False;False;False;51.81814919479361;4.727301253117398;WarmteAtlas:MT_WarmteBronnen_ECW;https://www.warmteatlas.nl/geoserver/WarmteAtlas/wfs;2026-06-24T11:54:24;
103000;422400;Standic BV;80;Industrie;0.32;Optie B;0.0;0.0;2;200;200;BU05051905;GM0505;3316.0;3316BG;BU05051905;GM0505;3316.0;3316BG;BU05051905;GM0505;3316.0;3316BG;False;False;False;51.78783185230908;4.633534319934615;WarmteAtlas:MT_WarmteBronnen_ECW;https://www.warmteatlas.nl/geoserver/WarmteAtlas/wfs;2026-06-24T11:54:24;
171950;578350;FrieslandCampina Dronrijp;0;Industrie;0.0;Optie B;0.0;0.0;0;0;0;BU19492602;GM1949;9035.0;9035AE;BU19492602;GM1949;9035.0;9035AE;BU19492602;GM1949;9035.0;9035AE;False;False;False;53.191541927649205;5.6408015383053;WarmteAtlas:MT_WarmteBronnen_ECW;https://www.warmteatlas.nl/geoserver/WarmteAtlas/wfs;2026-06-24T11:54:24;
138700;411500;Sapa Profiles NL BV Drunen;0;;0.0;Optie B;0.0;0.0;0;0;0;BU07970102;GM0797;5151.0;5151RW;BU07970102;GM0797;5151.0;5151RW;BU07970102;GM0797;5151.0;5151RW;False;False;False;51.69204134024708;5.151459018445482;WarmteAtlas:MT_WarmteBronnen_ECW;https://www.warmteatlas.nl/geoserver/WarmteAtlas/wfs;2026-06-24T11:54:24;
138620;411680;LDM BV Outokumpu Copper;0;;0.0;Optie B;0.0;0.0;0;0;0;BU07970102;GM0797;5151.0;5151RP;BU07970102;GM0797;5151.0;5151RP;BU07970102;GM0797;5151.0;5151RP;False;False;False;51.6936569241825;5.150293540219664;WarmteAtlas:MT_WarmteBronnen_ECW;https://www.warmteatlas.nl/geoserver/WarmteAtlas/wfs;2026-06-24T11:54:24;
197134;442636;AVR Afvalverwerking BV Duiven;0;AVI;0.0;Optie B;0.0;0.0;0;0;0;BU02260101;GM0226;6921.0;6921PZ;BU02260101;GM0226;6921.0;6921PZ;BU02260101;GM0226;6921.0;6921PZ;False;False;False;51.970540367899346;6.000359258712086;WarmteAtlas:MT_WarmteBronnen_ECW;https://www.warmteatlas.nl/geoserver/WarmteAtlas/wfs;2026-06-24T11:54:24;
161250;433720;Wienerberger Steenfabriek Schipperswaard;0;;0.0;Optie B;0.0;0.0;0;0;0;BU17400107;GM1740;4054.0;4054ME;BU17400107;GM1740;4054.0;4054ME;BU17400107;GM1740;4054.0;4054ME;False;False;False;51.891965132872755;5.47799618320268;WarmteAtlas:MT_WarmteBronnen_ECW;https://www.warmteatlas.nl/geoserver/WarmteAtlas/wfs;2026-06-24T11:54:24;
174830;451600;Vika BV;0;;0.0;Optie B;0.0;0.0;0;0;0;BU02280102;GM0228;6718.0;6718ZM;BU02280102;GM0228;6718.0;6718ZM;BU02280102;GM0228;6718.0;6718ZM;False;False;False;52.05235381106611;5.676305296961736;WarmteAtlas:MT_WarmteBronnen_ECW;https://www.warmteatlas.nl/geoserver/WarmteAtlas/wfs;2026-06-24T11:54:24;
172850;449350;FrieslandCampina Ede Riedel BV;0;Industrie;0.0;Optie B;0.0;0.0;0;0;0;BU02281001;GM0228;6713.0;6713KN;BU02281001;GM0228;6713.0;6713KN;BU02281001;GM0228;6713.0;6713KN;False;False;False;52.03219813864298;5.6473215326037165;WarmteAtlas:MT_WarmteBronnen_ECW;https://www.warmteatlas.nl/geoserver/WarmteAtlas/wfs;2026-06-24T11:54:24;
172680;448950;TANATEX Chemicals BV;0;;0.0;Optie B;0.0;0.0;0;0;0;BU02281301;GM0228;6716.0;6716AD;BU02281301;GM0228;6716.0;6716AD;BU02281301;GM0228;6716.0;6716AD;False;False;False;52.02860837580613;5.644823545394498;WarmteAtlas:MT_WarmteBronnen_ECW;https://www.warmteatlas.nl/geoserver/WarmteAtlas/wfs;2026-06-24T11:54:24;
169982;450431;Stichting Mestverwerking Gelderland SMG KGBI Ede;0;;0.0;Optie B;0.0;0.0;0;0;0;BU02281306;GM0228;6718.0;6718XG;BU02281306;GM0228;6718.0;6718XG;BU02281306;GM0228;6718.0;6718XG;False;False;False;52.04199919551284;5.605575434587983;WarmteAtlas:MT_WarmteBronnen_ECW;https://www.warmteatlas.nl/geoserver/WarmteAtlas/wfs;2026-06-24T11:54:24;
235230;571295;Vliegveld Luchthaven Eelde;0;Industrie;0.0;Optie B;0.0;0.0;0;0;0;BU17300709;GM1730;9761.0;9761TK;BU17300709;GM1730;9761.0;9761TK;BU17300709;GM1730;9761.0;9761TK;False;False;False;53.12242104211822;6.585676137731576;WarmteAtlas:MT_WarmteBronnen_ECW;https://www.warmteatlas.nl/geoserver/WarmteAtlas/wfs;2026-06-24T11:54:24;
254265;606627;Eemscentrale;0;STEG;1625.25;Optie B;0.0;0.0;0;0;0;BU19661401;GM1966;9979.0;9979XL;BU19661401;GM1966;9979.0;9979XL;BU19661401;GM1966;9979.0;9979XL;False;False;False;53.43662280938915;6.88088318009558;WarmteAtlas:MT_WarmteBronnen_ECW;https://www.warmteatlas.nl/geoserver/WarmteAtlas/wfs;2026-06-24T11:54:24;
252979;607213;RWE Eemshaven Holding BV;0;Kolen;1332.54;Optie C;0.0;0.0;0;0;0;BU19661401;GM1966;9979.0;9979XD;BU19661401;GM1966;9979.0;9979XD;BU19661401;GM1966;9979.0;9979XD;False;False;False;53.44212488805535;6.861719289155492;WarmteAtlas:MT_WarmteBronnen_ECW;https://www.warmteatlas.nl/geoserver/WarmteAtlas/wfs;2026-06-24T11:54:24;
252795;607838;Nuon Power Generation BV Eemshaven;0;STEG;437.58;Optie B;0.0;0.0;0;0;0;BU19661401;GM1966;9979.0;9979XD;BU19661401;GM1966;9979.0;9979XD;BU19661401;GM1966;9979.0;9979XD;False;False;False;53.44777275066758;6.859143587833397;WarmteAtlas:MT_WarmteBronnen_ECW;https://www.warmteatlas.nl/geoserver/WarmteAtlas/wfs;2026-06-24T11:54:24;
251393;607100;Theo Pouw Secundaire Bouwstoffen BV;0;;0.0;Optie B;0.0;0.0;0;0;0;BU19661401;GM1966;9979.0;9979XN;BU19661401;GM1966;9979.0;9979XN;BU19661401;GM1966;9979.0;9979XN;False;False;False;53.44139962875184;6.837824345063424;WarmteAtlas:MT_WarmteBronnen_ECW;https://www.warmteatlas.nl/geoserver/WarmteAtlas/wfs;2026-06-24T11:54:24;
250767;608511;Biovalue Holding BV;0;;0.0;Optie B;0.0;0.0;0;0;0;BU19661401;GM1966;9979.0;9979XW;BU19661401;GM1966;9979.0;9979XW;BU19661401;GM1966;9979.0;9979XW;False;False;False;53.454186995816734;6.828832171716911;WarmteAtlas:MT_WarmteBronnen_ECW;https://www.warmteatlas.nl/geoserver/WarmteAtlas/wfs;2026-06-24T11:54:24;
201330;457510;Mayr Melnhof Eerbeek BV;0;;0.0;Optie B;0.0;0.0;0;0;0;BU02130606;GM0213;6961.0;6961DW;BU02130606;GM0213;6961.0;6961DW;BU02130606;GM0213;6961.0;6961DW;False;False;False;52.10388754704229;6.063434027477387;WarmteAtlas:MT_WarmteBronnen_ECW;https://www.warmteatlas.nl/geoserver/WarmteAtlas/wfs;2026-06-24T11:54:24;
200800;456700;WA Sanders Papierfabriek Coldenhove BV;0;;0.0;Optie B;0.0;0.0;0;0;0;BU02130606;GM0213;6961.0;6961GH;BU02130606;GM0213;6961.0;6961GH;BU02130606;GM0213;6961.0;6961GH;False;False;False;52.096651800574996;6.055589781967905;WarmteAtlas:MT_WarmteBronnen_ECW;https://www.warmteatlas.nl/geoserver/WarmteAtlas/wfs;2026-06-24T11:54:24;
200743;456801;DS Smith Paper De Hoop Mill;0;Industrie;48.75;Optie B;0.0;0.0;0;0;0;BU02130606;GM0213;6961.0;6961GH;BU02130606;GM0213;6961.0;6961GH;BU02130606;GM0213;6961.0;6961GH;False;False;False;52.09756425570593;6.054771560478288;WarmteAtlas:MT_WarmteBronnen_ECW;https://www.warmteatlas.nl/geoserver/WarmteAtlas/wfs;2026-06-24T11:54:24;
200200;456300;Stork Veco;0;;0.0;Optie B;0.0;0.0;0;0;0;BU02130610;GM0213;6961.0;6961LB;BU02130610;GM0213;6961.0;6961LB;BU02130610;GM0213;6961.0;6961LB;False;False;False;52.09310613247943;6.046781129916367;WarmteAtlas:MT_WarmteBronnen_ECW;https://www.warmteatlas.nl/geoserver/WarmteAtlas/wfs;2026-06-24T11:54:24;
178058;308751;Umicore Nederland BV;0;Industrie;0.0;Optie B;0.0;0.0;0;0;0;BU19030002;GM1903;6245.0;6245AB;BU19030002;GM1903;6245.0;6245AB;BU19030002;GM1903;6245.0;6245AB;False;False;False;50.768233802030345;5.7140273758452205;WarmteAtlas:MT_WarmteBronnen_ECW;https://www.warmteatlas.nl/geoserver/WarmteAtlas/wfs;2026-06-24T11:54:24;
177992;308935;PQ Silicas BV Eijsden;0;;0.0;Optie B;0.0;0.0;0;0;0;BU19030002;GM1903;6245.0;6245AB;BU19030002;GM1903;6245.0;6245AB;BU19030002;GM1903;6245.0;6245AB;False;False;False;50.76989035500471;5.713103503081284;WarmteAtlas:MT_WarmteBronnen_ECW;https://www.warmteatlas.nl/geoserver/WarmteAtlas/wfs;2026-06-24T11:54:24;
164080;382500;DAF Trucks NV;80;Industrie;0.76;Optie B;0.5;0.14;0;0;0;BU07722310;GM0772;5643.0;5643TZ;BU07722310;GM0772;5643.0;5643TZ;BU07722310;GM0772;5643.0;5643TZ;False;False;False;51.43153580984994;5.517771240023707;WarmteAtlas:MT_WarmteBronnen_ECW;https://www.warmteatlas.nl/geoserver/WarmteAtlas/wfs;2026-06-24T11:54:24;
163616;382839;Deli HTL;80;Industrie;1.8;Optie B;0.31;0.96;0;0;0;BU07723210;GM0772;5642.0;5642JA;BU07723210;GM0772;5642.0;5642JA;BU07723210;GM0772;5642.0;5642JA;False;False;False;51.43459025393177;5.511107232195311;WarmteAtlas:MT_WarmteBronnen_ECW;https://www.warmteatlas.nl/geoserver/WarmteAtlas/wfs;2026-06-24T11:54:24;
159648;384467;Ennatuurlijk WKC Eindhoven;80;BioWKK;34.98;Optie B;0.0;0.0;0;0;0;BU07726250;GM0772;5651.0;5651CD;BU07726250;GM0772;5651.0;5651CD;BU07726250;GM0772;5651.0;5651CD;False;False;False;51.44927054427061;5.45406516187116;WarmteAtlas:MT_WarmteBronnen_ECW;https://www.warmteatlas.nl/geoserver/WarmteAtlas/wfs;2026-06-24T11:54:24;
159448;384613;Smurfit Kappa;80;Industrie;1.4;Optie B;0.31;0.96;0;0;0;BU07726250;GM0772;5651.0;5651GW;BU07726250;GM0772;5651.0;5651GW;BU07726250;GM0772;5651.0;5651GW;False;False;False;51.450584506838666;5.451189893730763;WarmteAtlas:MT_WarmteBronnen_ECW;https://www.warmteatlas.nl/geoserver/WarmteAtlas/wfs;2026-06-24T11:54:24;
158680;382350;Efte Coating BV;0;;0.0;Optie B;0.0;0.0;0;0;0;BU07726210;GM0772;5652.0;5652BB;BU07726210;GM0772;5652.0;5652BB;BU07726210;GM0772;5652.0;5652BB;False;False;False;51.43024869213807;5.440117744996405;WarmteAtlas:MT_WarmteBronnen_ECW;https://www.warmteatlas.nl/geoserver/WarmteAtlas/wfs;2026-06-24T11:54:24;
158292;382374;Phoenix 3D;80;Industrie;21.0;Optie B;0.5;0.5;0;0;0;BU07726210;GM0772;5652.0;5652AE;BU07726210;GM0772;5652.0;5652AE;BU07726210;GM0772;5652.0;5652AE;False;False;False;51.43046682594127;5.4345386925087364;WarmteAtlas:MT_WarmteBronnen_ECW;https://www.warmteatlas.nl/geoserver/WarmteAtlas/wfs;2026-06-24T11:54:24;
158280;382800;AHC Benelux BV;0;;0.0;Optie B;0.0;0.0;0;0;0;BU07726210;GM0772;5652.0;5652AL;BU07726210;GM0772;5652.0;5652AL;BU07726210;GM0772;5652.0;5652AL;False;False;False;51.4342960728371;5.434370113361797;WarmteAtlas:MT_WarmteBronnen_ECW;https://www.warmteatlas.nl/geoserver/WarmteAtlas/wfs;2026-06-24T11:54:24;
157614;381074;ASML;70;Industrie;1.0;Optie B;0.5;0.5;0;0;0;BU08610001;GM0861;5503.0;5503LA;BU08610001;GM0861;5503.0;5503LA;BU08610001;GM0861;5503.0;5503LA;False;False;False;51.418785100947666;5.424779613176969;WarmteAtlas:MT_WarmteBronnen_ECW;https://www.warmteatlas.nl/geoserver/WarmteAtlas/wfs;2026-06-24T11:54:24;
181499;399733;Keizersberg Diervoeders Elsendorp;0;;0.0;Optie B;0.0;0.0;0;0;0;BU16520509;GM1652;5424.0;5424SH;BU16520509;GM1652;5424.0;5424SH;BU16520509;GM1652;5424.0;5424SH;False;False;False;51.585884458261276;5.7695535728832334;WarmteAtlas:MT_WarmteBronnen_ECW;https://www.warmteatlas.nl/geoserver/WarmteAtlas/wfs;2026-06-24T11:54:24;
180881;475989;Stichting Mestverwerking Gelderland SMG KGBI Elspeet;0;;0.0;Optie B;0.0;0.0;0;0;0;BU03020108;GM0302;8075.0;8075PC;BU03020108;GM0302;8075.0;8075PC;BU03020108;GM0302;8075.0;8075PC;False;False;False;52.271306461512076;5.766380467911989;WarmteAtlas:MT_WarmteBronnen_ECW;https://www.warmteatlas.nl/geoserver/WarmteAtlas/wfs;2026-06-24T11:54:24;
187100;436150;HJ Heinz Holding BV;0;;0.0;Optie B;0.0;0.0;0;0;0;BU17340601;GM1734;6662.0;6662BC;BU17340601;GM1734;6662.0;6662BC;BU17340601;GM1734;6662.0;6662BC;False;False;False;51.91291509683702;5.853738254016331;WarmteAtlas:MT_WarmteBronnen_ECW;https://www.warmteatlas.nl/geoserver/WarmteAtlas/wfs;2026-06-24T11:54:24;
257552;533045;Cumapol Emmen BV;0;;0.0;Optie B;0.0;0.0;0;0;0;BU01145300;GM0114;7821.0;7821AT;BU01145300;GM0114;7821.0;7821AT;BU01145300;GM0114;7821.0;7821AT;False;False;False;52.77499622537848;6.906986728251183;WarmteAtlas:MT_WarmteBronnen_ECW;https://www.warmteatlas.nl/geoserver/WarmteAtlas/wfs;2026-06-24T11:54:24;
257552;533045;DSM Advanced Polyesters Emmen BV;0;Industrie;0.38;Optie B;0.0;0.0;0;0;0;BU01145300;GM0114;7821.0;7821AT;BU01145300;GM0114;7821.0;7821AT;BU01145300;GM0114;7821.0;7821AT;False;False;False;52.77499622537848;6.906986728251183;WarmteAtlas:MT_WarmteBronnen_ECW;https://www.warmteatlas.nl/geoserver/WarmteAtlas/wfs;2026-06-24T11:54:24;
257552;533045;DSM Engineering Plastics Emmen BV;0;Industrie;0.92;Optie B;0.0;0.0;0;0;0;BU01145300;GM0114;7821.0;7821AT;BU01145300;GM0114;7821.0;7821AT;BU01145300;GM0114;7821.0;7821AT;False;False;False;52.77499622537848;6.906986728251183;WarmteAtlas:MT_WarmteBronnen_ECW;https://www.warmteatlas.nl/geoserver/WarmteAtlas/wfs;2026-06-24T11:54:24;
257552;533045;Emmtec Services BV;0;Gasturbine;75.0;Optie B;0.0;0.0;0;0;0;BU01145300;GM0114;7821.0;7821AT;BU01145300;GM0114;7821.0;7821AT;BU01145300;GM0114;7821.0;7821AT;False;False;False;52.77499622537848;6.906986728251183;WarmteAtlas:MT_WarmteBronnen_ECW;https://www.warmteatlas.nl/geoserver/WarmteAtlas/wfs;2026-06-24T11:54:24;
257552;533045;Teijin Aramid BV Emmen;0;;0.0;Optie B;0.0;0.0;0;0;0;BU01145300;GM0114;7821.0;7821AT;BU01145300;GM0114;7821.0;7821AT;BU01145300;GM0114;7821.0;7821AT;False;False;False;52.77499622537848;6.906986728251183;WarmteAtlas:MT_WarmteBronnen_ECW;https://www.warmteatlas.nl/geoserver/WarmteAtlas/wfs;2026-06-24T11:54:24;
196322;484206;Pluimveeslachterij GP Remkes BV;0;;0.0;Optie B;0.0;0.0;0;0;0;BU02320007;GM0232;8161.0;8161PG;BU02320007;GM0232;8161.0;8161PG;BU02320007;GM0232;8161.0;8161PG;False;False;False;52.34421220414036;5.993600548975613;WarmteAtlas:MT_WarmteBronnen_ECW;https://www.warmteatlas.nl/geoserver/WarmteAtlas/wfs;2026-06-24T11:54:24;
196215;484571;Exportslachterij J Gosschalk en Zn BV;0;Industrie;0.0;Optie B;0.0;0.0;0;0;0;BU02320007;GM0232;8161.0;8161PM;BU02320007;GM0232;8161.0;8161PM;BU02320007;GM0232;8161.0;8161PM;False;False;False;52.34750057283636;5.992075141310869;WarmteAtlas:MT_WarmteBronnen_ECW;https://www.warmteatlas.nl/geoserver/WarmteAtlas/wfs;2026-06-24T11:54:24;
194676;429274;Wienerberger Steenfabriek Erlecom;0;;0.0;Optie B;0.0;0.0;0;0;0;BU19450400;GM1945;6577.0;6577JE;BU19450400;GM1945;6577.0;6577JE;BU19450400;GM1945;6577.0;6577JE;False;False;False;51.85062524775998;5.963049780620714;WarmteAtlas:MT_WarmteBronnen_ECW;https://www.warmteatlas.nl/geoserver/WarmteAtlas/wfs;2026-06-24T11:54:24;
170075;478262;Polskamp BV;0;;0.0;Optie B;0.0;0.0;0;0;0;BU02330003;GM0233;3851.0;3851EC;BU02330003;GM0233;3851.0;3851EC;BU02330003;GM0233;3851.0;3851EC;False;False;False;52.29213756953666;5.608167381200775;WarmteAtlas:MT_WarmteBronnen_ECW;https://www.warmteatlas.nl/geoserver/WarmteAtlas/wfs;2026-06-24T11:54:24;
103026;404397;Synbra Technology BV;0;;0.0;Optie B;0.0;0.0;0;0;0;BU07771203;GM0777;4871.0;4871NM;BU07771203;GM0777;4871.0;4871NM;BU07771203;GM0777;4871.0;4871NM;False;False;False;51.62602602743605;4.6366015848992195;WarmteAtlas:MT_WarmteBronnen_ECW;https://www.warmteatlas.nl/geoserver/WarmteAtlas/wfs;2026-06-24T11:54:24;
101980;397880;Schut Flexible Packaging;0;;0.0;Optie B;0.0;0.0;0;0;0;BU07770100;GM0777;4878.0;4878AH;BU07770100;GM0777;4878.0;4878AH;BU07770100;GM0777;4878.0;4878AH;False;False;False;51.567353871631866;4.622484662624335;WarmteAtlas:MT_WarmteBronnen_ECW;https://www.warmteatlas.nl/geoserver/WarmteAtlas/wfs;2026-06-24T11:54:24;
100624;397751;Saint Gobain Construction Products;0;;0.0;Optie B;0.0;0.0;0;0;0;BU07770100;GM0777;4878.0;4878AH;BU07770100;GM0777;4878.0;4878AH;BU07770100;GM0777;4878.0;4878AH;False;False;False;51.56606487373978;4.602948586494796;WarmteAtlas:MT_WarmteBronnen_ECW;https://www.warmteatlas.nl/geoserver/WarmteAtlas/wfs;2026-06-24T11:54:24;
74652;435929;Greif Nederland BV;80;Industrie;0.34;Optie B;0.0;0.0;2;200;200;BU05992307;GM0599;3198.0;3198LP;BU05992307;GM0599;3198.0;3198LP;BU05992307;GM0599;3198.0;3198LP;False;False;False;51.906055677518005;4.219588089728392;WarmteAtlas:MT_WarmteBronnen_ECW;https://www.warmteatlas.nl/geoserver/WarmteAtlas/wfs;2026-06-24T11:54:24;
74500;436400;Koch HC Partnership BV;80;Raffinaderij;7.4;Optie B;0.0;0.0;2;200;200;BU05992307;GM0599;3198.0;3198LJ;BU05992307;GM0599;3198.0;3198LJ;BU05992307;GM0599;3198.0;3198LJ;False;False;False;51.910266469023036;4.2172695146824415;WarmteAtlas:MT_WarmteBronnen_ECW;https://www.warmteatlas.nl/geoserver/WarmteAtlas/wfs;2026-06-24T11:54:24;
72450;438450;Akzo Nobel Base Chemicals;80;Industrie;0.0;Optie B;0.0;0.0;2;200;200;BU05992307;GM0599;3198.0;3198LR;BU05992307;GM0599;3198.0;3198LR;BU05992307;GM0599;3198.0;3198LR;False;False;False;51.92838877335733;4.1869904142475;WarmteAtlas:MT_WarmteBronnen_ECW;https://www.warmteatlas.nl/geoserver/WarmteAtlas/wfs;2026-06-24T11:54:24;
72300;438500;ExxonMobil Chemical Holland BV ROP van RPI;80;Industrie;8.45;Optie B;0.0;0.0;2;200;200;BU05992307;GM0599;3198.0;3198LR;BU05992307;GM0599;3198.0;3198LR;BU05992307;GM0599;3198.0;3198LR;False;False;False;51.92881582123094;4.1847979641474975;WarmteAtlas:MT_WarmteBronnen_ECW;https://www.warmteatlas.nl/geoserver/WarmteAtlas/wfs;2026-06-24T11:54:24;
72210;438230;Abengoa Bioenergy;80;Industrie;34.41;Optie B;0.0;0.0;0;0;0;BU05992307;GM0599;3198.0;3198LR;BU05992307;GM0599;3198.0;3198LR;BU05992307;GM0599;3198.0;3198LR;False;False;False;51.9263760407478;4.183554705320046;WarmteAtlas:MT_WarmteBronnen_ECW;https://www.warmteatlas.nl/geoserver/WarmteAtlas/wfs;2026-06-24T11:54:24;
71969;438459;Caldic Chemie BV;80;Industrie;1.58;Optie B;0.0;0.0;2;200;200;BU05992307;GM0599;3198.0;3198LR;BU05992307;GM0599;3198.0;3198LR;BU05992307;GM0599;3198.0;3198LR;False;False;False;51.92839805305413;4.179996356372646;WarmteAtlas:MT_WarmteBronnen_ECW;https://www.warmteatlas.nl/geoserver/WarmteAtlas/wfs;2026-06-24T11:54:24;
71000;439203;Gunvor Petroleum Rotterdam BV GPR;80;Raffinaderij;35.05;Optie B;0.0;0.0;2;200;200;BU05992307;GM0599;3198.0;3198LT;BU05992307;GM0599;3198.0;3198LS;BU05992307;GM0599;3198.0;3198LS;False;False;False;51.9349385631359;4.1657290998312515;WarmteAtlas:MT_WarmteBronnen_ECW;https://www.warmteatlas.nl/geoserver/WarmteAtlas/wfs;2026-06-24T11:54:24;
68067;441593;Archer Daniels Midland Europoort BV ADM;80;Industrie;17.31;Optie B;0.0;0.0;2;200;200;BU05992307;GM0599;3198.0;3198LC;BU05992307;GM0599;3198.0;3198LC;BU05992307;GM0599;3198.0;3198LC;False;False;False;51.95596537183917;4.122484278699771;WarmteAtlas:MT_WarmteBronnen_ECW;https://www.warmteatlas.nl/geoserver/WarmteAtlas/wfs;2026-06-24T11:54:24;
67036;440390;BP Raffinaderij Rotterdam BV;80;Raffinaderij;159.07;Optie B;0.0;0.0;2;200;200;BU05992307;GM0599;3198.0;3198NA;BU05992307;GM0599;3198.0;3198NA;BU05992307;GM0599;3198.0;3198NA;False;False;False;51.944992504629965;4.107796747048895;WarmteAtlas:MT_WarmteBronnen_ECW;https://www.warmteatlas.nl/geoserver/WarmteAtlas/wfs;2026-06-24T11:54:24;
66394;442175;Indorama Holdings Rotterdam BV;80;Industrie;22.65;Optie B;0.0;0.0;2;200;200;BU05992307;GM0599;3198.0;3198NH;BU05992307;GM0599;3198.0;3198NB;BU05992307;GM0599;3198.0;3198NB;False;False;False;51.96093120728276;4.098000763879545;WarmteAtlas:MT_WarmteBronnen_ECW;https://www.warmteatlas.nl/geoserver/WarmteAtlas/wfs;2026-06-24T11:54:24;
66120;441896;ENECOGEN VOF;80;STEG;17.76;Optie B;0.0;0.0;0;0;0;BU05992307;GM0599;3198.0;3198NB;BU05992307;GM0599;3198.0;3198NB;BU05992307;GM0599;3198.0;3198NB;False;False;False;51.95838025698023;4.094087314398966;WarmteAtlas:MT_WarmteBronnen_ECW;https://www.warmteatlas.nl/geoserver/WarmteAtlas/wfs;2026-06-24T11:54:24;
203250;322800;Steenfabriek Nievelsteen BV;0;;0.0;Optie B;0.0;0.0;0;0;0;BU09280200;GM0928;6471.0;6471CP;BU09280200;GM0928;6471.0;6471CP;BU09280200;GM0928;6471.0;6471CP;False;False;False;50.89294683698344;6.072951721188647;WarmteAtlas:MT_WarmteBronnen_ECW;https://www.warmteatlas.nl/geoserver/WarmteAtlas/wfs;2026-06-24T11:54:24;
261673;592659;EON Energy from Waste Delfzijl BV;0;STEG;0.0;Optie B;0.0;0.0;0;0;0;BU19790831;GM1979;9936.0;9936HD;BU19790831;GM1979;9936.0;9936HD;BU19790831;GM1979;9936.0;9936HD;False;False;False;53.309725908275745;6.987639086286566;WarmteAtlas:MT_WarmteBronnen_ECW;https://www.warmteatlas.nl/geoserver/WarmteAtlas/wfs;2026-06-24T11:54:24;
261647;592403;Zeolyst CV;0;;0.0;Optie B;0.0;0.0;0;0;0;BU19790831;GM1979;9936.0;9936HD;BU19790831;GM1979;9936.0;9936HD;BU19790831;GM1979;9936.0;9936HD;False;False;False;53.307431606395255;6.987163800511636;WarmteAtlas:MT_WarmteBronnen_ECW;https://www.warmteatlas.nl/geoserver/WarmteAtlas/wfs;2026-06-24T11:54:24;
261424;592709;Eneco Bio Golden Raand CV;0;BMC;41.91;Optie B;0.0;0.0;0;0;0;BU19790831;GM1979;9936.0;9936BV;BU19790831;GM1979;9936.0;9936BV;BU19790831;GM1979;9936.0;9936BV;False;False;False;53.31022470699813;6.983921342617339;WarmteAtlas:MT_WarmteBronnen_ECW;https://www.warmteatlas.nl/geoserver/WarmteAtlas/wfs;2026-06-24T11:54:24;
261063;592961;Klesch Aluminium Delfzijl;0;;0.0;Optie B;0.0;0.0;0;0;0;BU19790831;GM1979;9936.0;9936BV;BU19790831;GM1979;9936.0;9936BV;BU19790831;GM1979;9936.0;9936BV;False;False;False;53.31256009609699;6.978590737417676;WarmteAtlas:MT_WarmteBronnen_ECW;https://www.warmteatlas.nl/geoserver/WarmteAtlas/wfs;2026-06-24T11:54:24;
260884;592191;RMD BV;0;;0.0;Optie B;0.0;0.0;0;0;0;BU19790831;GM1979;9936.0;9936HD;BU19790831;GM1979;9936.0;9936HD;BU19790831;GM1979;9936.0;9936HD;False;False;False;53.30567914027004;6.975651106919612;WarmteAtlas:MT_WarmteBronnen_ECW;https://www.warmteatlas.nl/geoserver/WarmteAtlas/wfs;2026-06-24T11:54:24;
260264;592833;FMC Chemicals Netherlands BV;0;;0.0;Optie B;0.0;0.0;0;0;0;BU19790831;GM1979;9936.0;9936HD;BU19790831;GM1979;9936.0;9936HD;BU19790831;GM1979;9936.0;9936HD;False;False;False;53.31156844012478;6.96656473082707;WarmteAtlas:MT_WarmteBronnen_ECW;https://www.warmteatlas.nl/geoserver/WarmteAtlas/wfs;2026-06-24T11:54:24;
260222;591232;ESD SIC BV;0;;0.0;Optie B;0.0;0.0;0;0;0;BU19790831;GM1979;9936.0;9936TE;BU19790831;GM1979;9936.0;9936TE;BU19790831;GM1979;9936.0;9936TE;False;False;False;53.297195750424216;6.96540827481253;WarmteAtlas:MT_WarmteBronnen_ECW;https://www.warmteatlas.nl/geoserver/WarmteAtlas/wfs;2026-06-24T11:54:24;
259983;593070;BioMethanol Chemie Nederland BioMCN;0;Raffinaderij;0.0;Optie B;0.0;0.0;0;0;0;BU19790831;GM1979;9936.0;9936HD;BU19790831;GM1979;9936.0;9936HD;BU19790831;GM1979;9936.0;9936HD;False;False;False;53.31375260305756;6.962428015125798;WarmteAtlas:MT_WarmteBronnen_ECW;https://www.warmteatlas.nl/geoserver/WarmteAtlas/wfs;2026-06-24T11:54:24;
259936;593060;Delamine BV;0;;0.0;Optie B;0.0;0.0;0;0;0;BU19790831;GM1979;9936.0;9936HD;BU19790831;GM1979;9936.0;9936HD;BU19790831;GM1979;9936.0;9936HD;False;False;False;53.313672016621354;6.961719778579924;WarmteAtlas:MT_WarmteBronnen_ECW;https://www.warmteatlas.nl/geoserver/WarmteAtlas/wfs;2026-06-24T11:54:24;
259432;593623;Delesto BV;0;Industrie;117.0;Optie B;0.0;0.0;0;0;0;BU19790831;GM1979;9936.0;9936HD;BU19790831;GM1979;9936.0;9936HD;BU19790831;GM1979;9936.0;9936HD;False;False;False;53.318827966600324;6.954344137228596;WarmteAtlas:MT_WarmteBronnen_ECW;https://www.warmteatlas.nl/geoserver/WarmteAtlas/wfs;2026-06-24T11:54:24;
258707;593694;Lubrizol Advanced Materials Resins BV;0;;0.0;Optie B;0.0;0.0;0;0;0;BU19790831;GM1979;9936.0;9936HD;BU19790831;GM1979;9936.0;9936HD;BU19790831;GM1979;9936.0;9936HD;False;False;False;53.3196070450104;6.943491509137506;WarmteAtlas:MT_WarmteBronnen_ECW;https://www.warmteatlas.nl/geoserver/WarmteAtlas/wfs;2026-06-24T11:54:24;
243650;576850;Avebe ua Foxhol;0;Industrie;18.5;Optie B;0.0;0.0;0;0;0;BU19520702;GM1952;9607.0;9607PT;BU19520702;GM1952;9607.0;9607PT;BU19520702;GM1952;9607.0;9607PT;False;False;False;53.171001956535235;6.712948863289038;WarmteAtlas:MT_WarmteBronnen_ECW;https://www.warmteatlas.nl/geoserver/WarmteAtlas/wfs;2026-06-24T11:54:24;
243543;577139;Bayer MaterialScience BV;0;;0.0;Optie B;0.0;0.0;0;0;0;BU19520702;GM1952;9607.0;9607PS;BU19520702;GM1952;9607.0;9607PS;BU19520702;GM1952;9607.0;9607PS;False;False;False;53.17361592844244;6.7114285388469925;WarmteAtlas:MT_WarmteBronnen_ECW;https://www.warmteatlas.nl/geoserver/WarmteAtlas/wfs;2026-06-24T11:54:24;
165330;577300;Huhtamaki Nederland BV;0;;0.0;Optie B;0.0;0.0;0;0;0;BU19492807;GM1949;8801.0;8801JB;BU19492807;GM1949;8801.0;8801JB;BU19492807;GM1949;8801.0;8801JB;False;False;False;53.18227566799867;5.54172443493514;WarmteAtlas:MT_WarmteBronnen_ECW;https://www.warmteatlas.nl/geoserver/WarmteAtlas/wfs;2026-06-24T11:54:24;
254450;556800;Avebe ua Gasselternijveen;0;Industrie;18.25;Optie B;0.0;0.0;0;0;0;BU16801500;GM1680;9514.0;9514JA;BU16801500;GM1680;9514.0;9514JA;BU16801500;GM1680;9514.0;9514JA;False;False;False;52.98898910235598;6.868252384649174;WarmteAtlas:MT_WarmteBronnen_ECW;https://www.warmteatlas.nl/geoserver/WarmteAtlas/wfs;2026-06-24T11:54:24;
117446;413372;Essent Power BV Amer;0;Gasturbine;330.0;Optie C;0.0;0.0;0;0;0;BU07790203;GM0779;4931.0;4931NC;BU07790203;GM0779;4931.0;4931NC;BU07790203;GM0779;4931.0;4931NC;False;False;False;51.70784543236836;4.843875154359163;WarmteAtlas:MT_WarmteBronnen_ECW;https://www.warmteatlas.nl/geoserver/WarmteAtlas/wfs;2026-06-24T11:54:24;
183891;329309;Celanese Emulsions BV;0;;0.0;Optie B;0.0;0.0;0;0;0;BU18830507;GM1883;6161.0;6161RD;BU18830507;GM1883;6161.0;6161RD;BU18830507;GM1883;6161.0;6161RD;False;False;False;50.95275750720325;5.798341062387397;WarmteAtlas:MT_WarmteBronnen_ECW;https://www.warmteatlas.nl/geoserver/WarmteAtlas/wfs;2026-06-24T11:54:24;
183732;332404;Chemelot Site Permit BV;90;Industrie;200.0;Optie B;0.0;0.0;0;0;0;BU18830507;GM1883;6163.0;6163JT;BU18830507;GM1883;6163.0;6163JT;BU18830507;GM1883;6163.0;6163JT;False;False;False;50.980585256100134;5.796324872442762;WarmteAtlas:MT_WarmteBronnen_ECW;https://www.warmteatlas.nl/geoserver/WarmteAtlas/wfs;2026-06-24T11:54:24;
195162;430027;Rodruza Steenfabriek de Zandberg;0;;0.0;Optie B;0.0;0.0;0;0;0;BU17050105;GM1705;6691.0;6691ME;BU17050105;GM1705;6691.0;6691ME;BU17050105;GM1705;6691.0;6691ME;False;False;False;51.8573583542483;5.970190772178765;WarmteAtlas:MT_WarmteBronnen_ECW;https://www.warmteatlas.nl/geoserver/WarmteAtlas/wfs;2026-06-24T11:54:24;
209300;583850;FrieslandCampina Cheese Gerkesklooster;0;Industrie;0.0;Optie B;0.0;0.0;0;0;0;BU00590004;GM0059;9873.0;9873PA;BU00590004;GM0059;9873.0;9873PA;BU00590004;GM0059;9873.0;9873PA;False;False;False;53.238474972630684;6.200499764248989;WarmteAtlas:MT_WarmteBronnen_ECW;https://www.warmteatlas.nl/geoserver/WarmteAtlas/wfs;2026-06-24T11:54:24;
130356;422745;HAK;0;;0.0;Optie B;0.0;0.0;0;0;0;BU19591001;GM1959;4283.0;4283GM;BU19591001;GM1959;4283.0;4283GM;BU19591001;GM1959;4283.0;4283GM;False;False;False;51.792809874273054;5.029985609390069;WarmteAtlas:MT_WarmteBronnen_ECW;https://www.warmteatlas.nl/geoserver/WarmteAtlas/wfs;2026-06-24T11:54:24;
238180;473940;Groen Recycling Twente BV;0;;0.0;Optie B;0.0;0.0;0;0;0;BU17350109;GM1735;7472.0;7472DA;BU17350109;GM1735;7472.0;7472DA;BU17350109;GM1735;7472.0;7472DA;False;False;False;52.24721830119684;6.605231271110027;WarmteAtlas:MT_WarmteBronnen_ECW;https://www.warmteatlas.nl/geoserver/WarmteAtlas/wfs;2026-06-24T11:54:24;
127839;428463;Kok Gorinchem BV;80;Industrie;0.0;Optie B;0.0;0.0;2;200;200;BU05121409;GM0512;4207.0;4207GN;BU05121409;GM0512;4207.0;4207GN;BU05121409;GM0512;4207.0;4207GN;False;False;False;51.844087632904795;4.9930532633908955;WarmteAtlas:MT_WarmteBronnen_ECW;https://www.warmteatlas.nl/geoserver/WarmteAtlas/wfs;2026-06-24T11:54:24;
127480;428400;PURAC Biochem BV;80;Industrie;2.25;Optie B;0.0;0.0;2;200;200;BU05121409;GM0512;4206.0;4206AC;BU05121409;GM0512;4206.0;4206AC;BU05121409;GM0512;4206.0;4206AC;False;False;False;51.84350377819751;4.9878487443496535;WarmteAtlas:MT_WarmteBronnen_ECW;https://www.warmteatlas.nl/geoserver/WarmteAtlas/wfs;2026-06-24T11:54:24;
125150;426700;Promelca BV Gorinchem;80;Industrie;3.22;Optie B;0.0;0.0;2;200;200;BU05120800;GM0512;4202.0;4202MA;BU05120800;GM0512;4202.0;4202MA;BU05120800;GM0512;4202.0;4202MA;False;False;False;51.82810409218082;4.954184929821375;WarmteAtlas:MT_WarmteBronnen_ECW;https://www.warmteatlas.nl/geoserver/WarmteAtlas/wfs;2026-06-24T11:54:24;
108400;446500;Croda Nederland BV;0;Industrie;0.0;Optie B;0.0;0.0;0;0;0;BU05130203;GM0513;2802.0;2802BE;BU05130203;GM0513;2802.0;2802BE;BU05130203;GM0513;2802.0;2802BE;False;False;False;52.00491371671408;4.708533686668457;WarmteAtlas:MT_WarmteBronnen_ECW;https://www.warmteatlas.nl/geoserver/WarmteAtlas/wfs;2026-06-24T11:54:24;
107911;445904;Compaxo Fijne Vleeswaren BV;80;Industrie;0.55;Optie B;0.0;0.0;2;200;200;BU05130203;GM0513;2802.0;2802RC;BU05130203;GM0513;2802.0;2802RC;BU05130203;GM0513;2802.0;2802RC;False;False;False;51.99951581856377;4.701494438893164;WarmteAtlas:MT_WarmteBronnen_ECW;https://www.warmteatlas.nl/geoserver/WarmteAtlas/wfs;2026-06-24T11:54:24;
107263;447457;Carmeuse Gouda;80;Industrie;0.2;Optie B;0.0;0.0;0;200;200;BU05130202;GM0513;2802.0;2802AL;BU05130202;GM0513;2802.0;2802AL;BU05130202;GM0513;2802.0;2802AL;False;False;False;52.01341821587087;4.691842483754867;WarmteAtlas:MT_WarmteBronnen_ECW;https://www.warmteatlas.nl/geoserver/WarmteAtlas/wfs;2026-06-24T11:54:24;
107135;447577;Gouda Refractories BV;80;Industrie;0.9;Optie B;0.0;0.0;2;200;200;BU05130202;GM0513;2802.0;2802AA;BU05130202;GM0513;2802.0;2802AA;BU05130202;GM0513;2802.0;2802AA;False;False;False;52.014485699327224;4.689961327776431;WarmteAtlas:MT_WarmteBronnen_ECW;https://www.warmteatlas.nl/geoserver/WarmteAtlas/wfs;2026-06-24T11:54:24;
237456;579820;ARCG Stainkoeln II;0;;0.0;Optie B;0.0;0.0;0;0;0;BU00140509;GM0014;9723.0;9723CG;BU00140509;GM0014;9723.0;9723CG;BU00140509;GM0014;9723.0;9723CG;False;False;False;53.19867250743497;6.621101092431067;WarmteAtlas:MT_WarmteBronnen_ECW;https://www.warmteatlas.nl/geoserver/WarmteAtlas/wfs;2026-06-24T11:54:24;
236680;579576;NedCoat Groningen BV;0;;0.0;Optie B;0.0;0.0;0;0;0;BU00140508;GM0014;9723.0;9723CC;BU00140508;GM0014;9723.0;9723CC;BU00140508;GM0014;9723.0;9723CC;False;False;False;53.19659929491993;6.609429442400895;WarmteAtlas:MT_WarmteBronnen_ECW;https://www.warmteatlas.nl/geoserver/WarmteAtlas/wfs;2026-06-24T11:54:24;
229850;581350;Smurfit Kappa Solid Board Hoogkerk;0;Industrie;0.0;Optie B;0.0;0.0;0;0;0;BU00140800;GM0014;9745.0;9745BJ;BU00140800;GM0014;9745.0;9745BJ;BU00140800;GM0014;9745.0;9745BJ;False;False;False;53.213534901126046;6.507661073431274;WarmteAtlas:MT_WarmteBronnen_ECW;https://www.warmteatlas.nl/geoserver/WarmteAtlas/wfs;2026-06-24T11:54:24;
229011;581366;Suiker Unie Vierverlaten;0;Industrie;22.0;Optie B;0.0;0.0;0;0;0;BU00140800;GM0014;9745.0;9745AG;BU00140800;GM0014;9745.0;9745AG;BU00140800;GM0014;9745.0;9745AG;False;False;False;53.21379525763883;6.495107780123802;WarmteAtlas:MT_WarmteBronnen_ECW;https://www.warmteatlas.nl/geoserver/WarmteAtlas/wfs;2026-06-24T11:54:24;
213703;581176;LPF Flexible Packaging BV;0;;0.0;Optie B;0.0;0.0;0;0;0;BU19690000;GM1969;9861.0;9861AT;BU19690000;GM1969;9861.0;9861AT;BU19690000;GM1969;9861.0;9861AT;False;False;False;53.21398510262516;6.265950950033692;WarmteAtlas:MT_WarmteBronnen_ECW;https://www.warmteatlas.nl/geoserver/WarmteAtlas/wfs;2026-06-24T11:54:24;
141400;425550;Wienerberger Steenfabriek Haaften;0;;0.0;Optie B;0.0;0.0;0;0;0;BU19600509;GM1960;4175.0;4175LR;BU19600509;GM1960;4175.0;4175LR;BU19600509;GM1960;4175.0;4175LR;False;False;False;51.81840022420747;5.189957743131192;WarmteAtlas:MT_WarmteBronnen_ECW;https://www.warmteatlas.nl/geoserver/WarmteAtlas/wfs;2026-06-24T11:54:24;
191377;432158;Wienerberger Steenfabriek Bemmel;0;;0.0;Optie B;0.0;0.0;0;0;0;BU17050601;GM1705;6685.0;6685MA;BU17050601;GM1705;6685.0;6685MA;BU17050601;GM1705;6685.0;6685MA;False;False;False;51.87677181381026;5.915475213971467;WarmteAtlas:MT_WarmteBronnen_ECW;https://www.warmteatlas.nl/geoserver/WarmteAtlas/wfs;2026-06-24T11:54:24;
147092;374329;Diffutherm BV;0;;0.0;Optie B;0.0;0.0;0;0;0;BU17280208;GM1728;5527.0;5527LB;BU17280208;GM1728;5527.0;5527LB;BU17280208;GM1728;5527.0;5527LB;False;False;False;51.358107250621366;5.273666480788184;WarmteAtlas:MT_WarmteBronnen_ECW;https://www.warmteatlas.nl/geoserver/WarmteAtlas/wfs;2026-06-24T11:54:24;
158330;576500;Flexoplast;0;;0.0;Optie B;0.0;0.0;0;0;0;BU00720001;GM0072;8861.0;8861VH;BU00720001;GM0072;8861.0;8861VH;BU00720001;GM0072;8861.0;8861VH;False;False;False;53.17517647780267;5.437009599060993;WarmteAtlas:MT_WarmteBronnen_ECW;https://www.warmteatlas.nl/geoserver/WarmteAtlas/wfs;2026-06-24T11:54:24;
158248;577032;Sonac BV Harlingen;0;;0.0;Optie B;0.0;0.0;0;0;0;BU00720001;GM0072;8861.0;8861VH;BU00720001;GM0072;8861.0;8861VH;BU00720001;GM0072;8861.0;8861VH;False;False;False;53.17995735053359;5.435788620789774;WarmteAtlas:MT_WarmteBronnen_ECW;https://www.warmteatlas.nl/geoserver/WarmteAtlas/wfs;2026-06-24T11:54:24;
157800;578200;Reststoffen Energie Centrale REC;0;;0.0;Optie B;0.0;0.0;0;0;0;BU00720109;GM0072;8861.0;8861NW;BU00720109;GM0072;8861.0;8861NW;BU00720109;GM0072;8861.0;8861NW;False;False;False;53.19045510570694;5.4290979589186765;WarmteAtlas:MT_WarmteBronnen_ECW;https://www.warmteatlas.nl/geoserver/WarmteAtlas/wfs;2026-06-24T11:54:24;
110457;497743;Gasunie Beverwijk;0;;0.0;Optie B;0.0;0.0;0;0;0;BU04797120;GM0479;1566.0;1566NM;BU04797120;GM0479;1566.0;1566NM;BU04797120;GM0479;1566.0;1566NM;False;False;False;52.46561963591622;4.731745692438193;WarmteAtlas:MT_WarmteBronnen_ECW;https://www.warmteatlas.nl/geoserver/WarmteAtlas/wfs;2026-06-24T11:54:24;
193000;549500;Romi Smilfood BV Heerenveen;0;;0.0;Optie B;0.0;0.0;0;0;0;BU00740401;GM0074;8444.0;8444DC;BU00740401;GM0074;8444.0;8444DC;BU00740401;GM0074;8444.0;8444DC;False;False;False;52.93122709898006;5.952342659360777;WarmteAtlas:MT_WarmteBronnen_ECW;https://www.warmteatlas.nl/geoserver/WarmteAtlas/wfs;2026-06-24T11:54:24;
189070;553727;Slibontwateringsinstallatie   RWZI Heerenveen;0;;0.0;Optie B;0.0;0.0;0;0;0;BU00740110;GM0074;8447.0;8447GC;BU00740110;GM0074;8447.0;8447GC;BU00740110;GM0074;8447.0;8447GC;False;False;False;52.96947321087183;5.89433990918126;WarmteAtlas:MT_WarmteBronnen_ECW;https://www.warmteatlas.nl/geoserver/WarmteAtlas/wfs;2026-06-24T11:54:24;
198043;318361;Everris International BV;0;;0.0;Optie B;0.0;0.0;0;0;0;BU09174200;GM0917;6422.0;6422PD;BU09174200;GM0917;6422.0;6422PD;BU09174200;GM0917;6422.0;6422PD;False;False;False;50.85346250497848;5.998424517207862;WarmteAtlas:MT_WarmteBronnen_ECW;https://www.warmteatlas.nl/geoserver/WarmteAtlas/wfs;2026-06-24T11:54:24;
196693;408187;Brabant Alucast The Netherlands Heijen;0;;0.0;Optie B;0.0;0.0;0;0;0;BU09070409;GM0907;6598.0;6598DK;BU09070409;GM0907;6598.0;6598DK;BU09070409;GM0907;6598.0;6598DK;False;False;False;51.66094750561299;5.989786938277917;WarmteAtlas:MT_WarmteBronnen_ECW;https://www.warmteatlas.nl/geoserver/WarmteAtlas/wfs;2026-06-24T11:54:24;
176659;384365;Van Rooi Meat BV Helmond;0;;0.0;Optie B;0.0;0.0;0;0;0;BU07942902;GM0794;5704.0;5704RG;BU07942902;GM0794;5704.0;5704RG;BU07942902;GM0794;5704.0;5704RG;False;False;False;51.44795650634666;5.698770072507095;WarmteAtlas:MT_WarmteBronnen_ECW;https://www.warmteatlas.nl/geoserver/WarmteAtlas/wfs;2026-06-24T11:54:24;
176012;385145;Fokker Landing Gear;0;;0.0;Optie B;0.0;0.0;0;0;0;BU07942901;GM0794;5705.0;5705DE;BU07942901;GM0794;5705.0;5705DE;BU07942901;GM0794;5705.0;5705DE;False;False;False;51.454992085341104;5.689509523557947;WarmteAtlas:MT_WarmteBronnen_ECW;https://www.warmteatlas.nl/geoserver/WarmteAtlas/wfs;2026-06-24T11:54:24;
174950;386900;Salzgitter Mannesmann Seamless Tubes BV;0;;0.0;Optie B;0.0;0.0;0;0;0;BU07942901;GM0794;5705.0;5705DR;BU07942901;GM0794;5705.0;5705DR;BU07942901;GM0794;5705.0;5705DR;False;False;False;51.470805634418156;5.6743297768713035;WarmteAtlas:MT_WarmteBronnen_ECW;https://www.warmteatlas.nl/geoserver/WarmteAtlas/wfs;2026-06-24T11:54:24;
173650;387400;Vlisco Helmond BV;0;;0.0;Optie B;0.0;0.0;0;0;0;BU07941004;GM0794;5701.0;5701PH;BU07941004;GM0794;5701.0;5701PH;BU07941004;GM0794;5701.0;5701PH;False;False;False;51.475344477649536;5.655646352375147;WarmteAtlas:MT_WarmteBronnen_ECW;https://www.warmteatlas.nl/geoserver/WarmteAtlas/wfs;2026-06-24T11:54:24;
173329;388200;Nedschroef Helmond BV;0;;0.0;Optie B;0.0;0.0;0;0;0;BU07941007;GM0794;5707.0;5707LC;BU07941007;GM0794;5707.0;5707LC;BU07941007;GM0794;5707.0;5707LC;False;False;False;51.482545879612125;5.651067684610998;WarmteAtlas:MT_WarmteBronnen_ECW;https://www.warmteatlas.nl/geoserver/WarmteAtlas/wfs;2026-06-24T11:54:24;
104300;429200;Dyflex Polymers;80;Industrie;0.06;Optie B;0.0;0.0;2;200;200;BU05310501;GM0531;3341.0;3341LJ;BU05310501;GM0531;3341.0;3341LJ;BU05310501;GM0531;3341.0;3341LJ;False;False;False;51.84906819145527;4.65137754117221;WarmteAtlas:MT_WarmteBronnen_ECW;https://www.warmteatlas.nl/geoserver/WarmteAtlas/wfs;2026-06-24T11:54:24;
251088;474121;Akzo Nobel Chemicals BV Hengelo;0;Industrie;86.5;Optie B;0.0;0.0;0;0;0;BU01640500;GM0164;7554.0;7554RS;BU01640500;GM0164;7554.0;7554RS;BU01640500;GM0164;7554.0;7554RS;False;False;False;52.24674463997487;6.794247122124258;WarmteAtlas:MT_WarmteBronnen_ECW;https://www.warmteatlas.nl/geoserver/WarmteAtlas/wfs;2026-06-24T11:54:24;
250428;472719;locatie Boeldershoek Twence;0;AVI;200.0;Optie B;0.0;0.0;0;0;0;BU01530908;GM0153;7547.0;7547PB;BU01530908;GM0153;7547.0;7547PB;BU01530908;GM0153;7547.0;7547PB;False;False;False;52.23426151532617;6.784189818220211;WarmteAtlas:MT_WarmteBronnen_ECW;https://www.warmteatlas.nl/geoserver/WarmteAtlas/wfs;2026-06-24T11:54:24;
249236;474213;Galvano Hengelo BV;0;;0.0;Optie B;0.0;0.0;0;0;0;BU01640600;GM0164;7554.0;7554PA;BU01640600;GM0164;7554.0;7554PA;BU01640600;GM0164;7554.0;7554PA;False;False;False;52.24789121494429;6.767161020357472;WarmteAtlas:MT_WarmteBronnen_ECW;https://www.warmteatlas.nl/geoserver/WarmteAtlas/wfs;2026-06-24T11:54:24;
202300;352150;Akzo Nobel Functional Chemicals BV;0;Industrie;0.0;Optie B;0.0;0.0;0;0;0;BU16690509;GM1669;6075.0;6075CE;BU16690509;GM1669;6075.0;6075CE;BU16690509;GM1669;6075.0;6075CE;False;False;False;51.15683229506766;6.063308872320695;WarmteAtlas:MT_WarmteBronnen_ECW;https://www.warmteatlas.nl/geoserver/WarmteAtlas/wfs;2026-06-24T11:54:24;
194887;353181;Solvay Chemie BV;0;;0.0;Optie B;0.0;0.0;0;0;0;BU09570702;GM0957;6049.0;6049CD;BU09570702;GM0957;6049.0;6049CD;BU09570702;GM0957;6049.0;6049CD;False;False;False;51.166667897472465;5.957467540358264;WarmteAtlas:MT_WarmteBronnen_ECW;https://www.warmteatlas.nl/geoserver/WarmteAtlas/wfs;2026-06-24T11:54:24;
179550;442300;Wienerberger Steenfabriek Heteren;0;;0.0;Optie B;0.0;0.0;0;0;0;BU17341601;GM1734;6666.0;6666LG;BU17341601;GM1734;6666.0;6666LG;BU17341601;GM1734;6666.0;6666LG;False;False;False;51.968576361063356;5.744449921949804;WarmteAtlas:MT_WarmteBronnen_ECW;https://www.warmteatlas.nl/geoserver/WarmteAtlas/wfs;2026-06-24T11:54:24;
142565;416517;HUWA Vandersanden BV;0;;0.0;Optie B;0.0;0.0;0;0;0;BU07970700;GM0797;5257.0;5257NC;BU07970700;GM0797;5257.0;5257NC;BU07970700;GM0797;5257.0;5257NC;False;False;False;51.737235419277425;5.207177903794944;WarmteAtlas:MT_WarmteBronnen_ECW;https://www.warmteatlas.nl/geoserver/WarmteAtlas/wfs;2026-06-24T11:54:24;
99700;478740;Draka Interfoam;80;Industrie;0.09;Optie B;0.0;0.0;2;200;200;BU05340401;GM0534;2182.0;2182ES;BU05340401;GM0534;2182.0;2182ES;BU05340401;GM0534;2182.0;2182ES;False;False;False;52.293862557364164;4.576596200772698;WarmteAtlas:MT_WarmteBronnen_ECW;https://www.warmteatlas.nl/geoserver/WarmteAtlas/wfs;2026-06-24T11:54:24;
138750;466750;Vliegveld Hilversum;0;Industrie;0.0;Optie B;0.0;0.0;0;0;0;BU04020905;GM0402;1213.0;1213PW;BU04020905;GM0402;1213.0;1213PW;BU04020905;GM0402;1213.0;1213PW;False;False;False;52.18863803266273;5.149570687550052;WarmteAtlas:MT_WarmteBronnen_ECW;https://www.warmteatlas.nl/geoserver/WarmteAtlas/wfs;2026-06-24T11:54:24;
43772;372916;Trinseo Netherlands;0;Industrie;100.0;Optie B;0.0;0.0;0;0;0;BU07150601;GM0715;4542.0;4542NM;BU07150601;GM0715;4542.0;4542NM;BU07150601;GM0715;4542.0;4542NM;False;False;False;51.334526737269435;3.791051348756556;WarmteAtlas:MT_WarmteBronnen_ECW;https://www.warmteatlas.nl/geoserver/WarmteAtlas/wfs;2026-06-24T11:54:24;
43193;373788;Dow Benelux BV Hoek;0;Industrie;462.5;Optie B;0.0;0.0;0;0;0;BU07150601;GM0715;4542.0;4542NM;BU07150601;GM0715;4542.0;4542NM;BU07150601;GM0715;4542.0;4542NM;False;False;False;51.34224829456351;3.7824704921625405;WarmteAtlas:MT_WarmteBronnen_ECW;https://www.warmteatlas.nl/geoserver/WarmteAtlas/wfs;2026-06-24T11:54:24;
42898;372783;Elsta BV en Co CV;0;STEG;569.25;Optie B;0.0;0.0;0;0;0;BU07150601;GM0715;4542.0;4542NM;BU07150601;GM0715;4542.0;4542NM;BU07150601;GM0715;4542.0;4542NM;False;False;False;51.333159116116086;3.7785559798783455;WarmteAtlas:MT_WarmteBronnen_ECW;https://www.warmteatlas.nl/geoserver/WarmteAtlas/wfs;2026-06-24T11:54:24;
70183;442535;DSM Resins BV;80;Industrie;0.83;Optie B;0.0;0.0;2;200;200;BU05991703;GM0599;3151.0;3151XN;BU05991703;GM0599;3151.0;3151XN;BU05991703;GM0599;3151.0;3151XN;False;False;False;51.964757640910726;4.153028610349005;WarmteAtlas:MT_WarmteBronnen_ECW;https://www.warmteatlas.nl/geoserver/WarmteAtlas/wfs;2026-06-24T11:54:24;
193920;324330;Componenta BV Hoensbroek;0;;0.0;Optie B;0.0;0.0;0;0;0;BU09171400;GM0917;6433.0;6433KD;BU09171400;GM0917;6433.0;6433KD;BU09171400;GM0917;6433.0;6433KD;False;False;False;50.90740922126514;5.940520190323279;WarmteAtlas:MT_WarmteBronnen_ECW;https://www.warmteatlas.nl/geoserver/WarmteAtlas/wfs;2026-06-24T11:54:24;
231671;525745;DOC Kaas Zuivelpark;0;;0.0;Optie B;0.0;0.0;0;0;0;BU01186204;GM0118;7905.0;7905TC;BU01186204;GM0118;7905.0;7905TC;BU01186204;GM0118;7905.0;7905TC;False;False;False;52.71367853814219;6.521826439602712;WarmteAtlas:MT_WarmteBronnen_ECW;https://www.warmteatlas.nl/geoserver/WarmteAtlas/wfs;2026-06-24T11:54:24;
231250;527750;Vliegveld Hoogeveen;0;Industrie;0.0;Optie B;0.0;0.0;0;0;0;BU01186203;GM0118;7903.0;7903BG;BU01186203;GM0118;7903.0;7903BG;BU01186203;GM0118;7903.0;7903BG;False;False;False;52.731753538240966;6.5160608508572055;WarmteAtlas:MT_WarmteBronnen_ECW;https://www.warmteatlas.nl/geoserver/WarmteAtlas/wfs;2026-06-24T11:54:24;
228600;525100;DOC Kaas Zuivelfabriek;0;;0.0;Optie B;0.0;0.0;0;0;0;BU01186205;GM0118;7907.0;7907GB;BU01186205;GM0118;7907.0;7907GB;BU01186205;GM0118;7907.0;7907GB;False;False;False;52.708307447034215;6.476244289810724;WarmteAtlas:MT_WarmteBronnen_ECW;https://www.warmteatlas.nl/geoserver/WarmteAtlas/wfs;2026-06-24T11:54:24;
246200;575950;ESKA Graphic Board BV Hoogezand;0;;0.0;Optie B;0.0;0.0;0;0;0;BU19520105;GM1952;9601.0;9601KJ;BU19520105;GM1952;9601.0;9601KJ;BU19520105;GM1952;9601.0;9601KJ;False;False;False;53.16248907020713;6.750818584361004;WarmteAtlas:MT_WarmteBronnen_ECW;https://www.warmteatlas.nl/geoserver/WarmteAtlas/wfs;2026-06-24T11:54:24;
245350;576300;Sapa Aluminium BV Hoogezand;0;;0.0;Optie B;0.0;0.0;0;0;0;BU19520107;GM1952;9601.0;9601LJ;BU19520107;GM1952;9601.0;9601LJ;BU19520107;GM1952;9601.0;9601LJ;False;False;False;53.16577720759736;6.738211025438852;WarmteAtlas:MT_WarmteBronnen_ECW;https://www.warmteatlas.nl/geoserver/WarmteAtlas/wfs;2026-06-24T11:54:24;
140073;447609;Vijfwal;80;Gasmotor;5.0;Optie B;0.0;0.0;0;0;0;BU03211231;GM0321;3991.0;3991PX;BU03211231;GM0321;3991.0;3991PX;BU03211231;GM0321;3991.0;3991PX;False;False;False;52.016636992800315;5.169755476680889;WarmteAtlas:MT_WarmteBronnen_ECW;https://www.warmteatlas.nl/geoserver/WarmteAtlas/wfs;2026-06-24T11:54:24;
173928;421577;Gasunie Ravenstein;0;;0.0;Optie B;0.0;0.0;0;0;0;BU08281601;GM0828;5356.0;5356NG;BU08281601;GM0828;5356.0;5356NG;BU08281601;GM0828;5356.0;5356NG;False;False;False;51.782533704900196;5.661502071947037;WarmteAtlas:MT_WarmteBronnen_ECW;https://www.warmteatlas.nl/geoserver/WarmteAtlas/wfs;2026-06-24T11:54:24;
145000;479450;BN International BV;0;;0.0;Optie B;0.0;0.0;0;0;0;BU04060513;GM0406;1271.0;1271AG;BU04060513;GM0406;1271.0;1271AG;BU04060513;GM0406;1271.0;1271AG;False;False;False;52.302931073122416;5.24059251196872;WarmteAtlas:MT_WarmteBronnen_ECW;https://www.warmteatlas.nl/geoserver/WarmteAtlas/wfs;2026-06-24T11:54:24;
161736;443540;De Ingensche Waarden BV;0;;0.0;Optie B;0.0;0.0;0;0;0;BU02140408;GM0214;4031.0;4031KN;BU02140408;GM0214;4031.0;4031KN;BU02140408;GM0214;4031.0;4031KN;False;False;False;51.980223766318254;5.485249098166966;WarmteAtlas:MT_WarmteBronnen_ECW;https://www.warmteatlas.nl/geoserver/WarmteAtlas/wfs;2026-06-24T11:54:24;
191550;507000;Hyproca Lyempf BV;0;;0.0;Optie B;0.0;0.0;0;0;0;BU01660004;GM0166;8261.0;8261LK;BU01660004;GM0166;8261.0;8261LK;BU01660004;GM0166;8261.0;8261LK;False;False;False;52.549402421154724;5.926064984067603;WarmteAtlas:MT_WarmteBronnen_ECW;https://www.warmteatlas.nl/geoserver/WarmteAtlas/wfs;2026-06-24T11:54:24;
187500;418200;Georgia Pacific Nederland BV;80;Industrie;0.0;Optie B;0.0;0.0;2;200;200;BU19820605;GM1982;5433.0;5433NC;BU19820605;GM1982;5433.0;5433NC;BU19820605;GM1982;5433.0;5433NC;False;False;False;51.75155542010773;5.857862417599775;WarmteAtlas:MT_WarmteBronnen_ECW;https://www.warmteatlas.nl/geoserver/WarmteAtlas/wfs;2026-06-24T11:54:24;
187107;418453;Bio Energie Centrale Cuijk;80;BMC;26.4;Optie B;0.0;0.0;5;28;28;BU19820605;GM1982;5433.0;5433NG;BU19820605;GM1982;5433.0;5433NG;BU19820605;GM1982;5433.0;5433NG;False;False;False;51.753852154755855;5.852194652465434;WarmteAtlas:MT_WarmteBronnen_ECW;https://www.warmteatlas.nl/geoserver/WarmteAtlas/wfs;2026-06-24T11:54:24;
201849;319516;Slachthuis Kerkrade BV;0;;0.0;Optie B;0.0;0.0;0;0;0;BU09280100;GM0928;6466.0;6466XW;BU09280100;GM0928;6466.0;6466XW;BU09280100;GM0928;6466.0;6466XW;False;False;False;50.86354561430888;6.052616871669342;WarmteAtlas:MT_WarmteBronnen_ECW;https://www.warmteatlas.nl/geoserver/WarmteAtlas/wfs;2026-06-24T11:54:24;
201062;322187;Simrax BV;0;;0.0;Optie B;0.0;0.0;0;0;0;BU08820020;GM0882;6372.0;6372PZ;BU08820020;GM0882;6372.0;6372PZ;BU08820020;GM0882;6372.0;6372PZ;False;False;False;50.88761716129362;6.041778812277211;WarmteAtlas:MT_WarmteBronnen_ECW;https://www.warmteatlas.nl/geoserver/WarmteAtlas/wfs;2026-06-24T11:54:24;
200842;321125;E max Remelt;0;;0.0;Optie B;0.0;0.0;0;0;0;BU09280009;GM0928;6468.0;6468ET;BU09280009;GM0928;6468.0;6468ET;BU09280009;GM0928;6468.0;6468ET;False;False;False;50.878089224722224;6.038518279449217;WarmteAtlas:MT_WarmteBronnen_ECW;https://www.warmteatlas.nl/geoserver/WarmteAtlas/wfs;2026-06-24T11:54:24;
199520;318420;Steenfabriek Linssen BV;0;;0.0;Optie B;0.0;0.0;0;0;0;BU09280000;GM0928;6466.0;6466GN;BU09280000;GM0928;6466.0;6466GN;BU09280000;GM0928;6466.0;6466GN;False;False;False;50.853880030183035;6.0194044839312735;WarmteAtlas:MT_WarmteBronnen_ECW;https://www.warmteatlas.nl/geoserver/WarmteAtlas/wfs;2026-06-24T11:54:24;
198620;364930;Kleiwarenfabriek Joosten Kessel BV;0;;0.0;Optie B;0.0;0.0;0;0;0;BU18940209;GM1894;5995.0;5995NX;BU18940702;GM1894;5995.0;5995NX;BU18940702;GM1894;5995.0;5995NX;True;False;False;51.271997551853694;6.012273951168698;WarmteAtlas:MT_WarmteBronnen_ECW;https://www.warmteatlas.nl/geoserver/WarmteAtlas/wfs;2026-06-24T11:54:24;
168800;438250;Recticel  BV Kesteren;0;;0.0;Optie B;0.0;0.0;0;0;0;BU17400000;GM1740;4041.0;4041CL;BU17400000;GM1740;4041.0;4041CL;BU17400000;GM1740;4041.0;4041CL;False;False;False;51.932545623126295;5.587856275966481;WarmteAtlas:MT_WarmteBronnen_ECW;https://www.warmteatlas.nl/geoserver/WarmteAtlas/wfs;2026-06-24T11:54:24;
102750;433250;IHC Smit BV;80;Industrie;0.39;Optie B;0.0;0.0;2;200;200;BU19780902;GM1978;2961.0;2961AW;BU19780902;GM1978;2961.0;2961AW;BU19780902;GM1978;2961.0;2961AW;False;False;False;51.88532515026303;4.628270292082073;WarmteAtlas:MT_WarmteBronnen_ECW;https://www.warmteatlas.nl/geoserver/WarmteAtlas/wfs;2026-06-24T11:54:24;
263800;528000;Cabot Norit Activated Carbon Klazienaveen;0;Industrie;0.0;Optie B;0.0;0.0;0;0;0;BU01140800;GM0114;7891.0;7891EV;BU01140800;GM0114;7891.0;7891EV;BU01140800;GM0114;7891.0;7891EV;False;False;False;52.728455548581245;6.997879137194958;WarmteAtlas:MT_WarmteBronnen_ECW;https://www.warmteatlas.nl/geoserver/WarmteAtlas/wfs;2026-06-24T11:54:24;
261750;526950;Rademakers Gieterij BV;0;;0.0;Optie B;0.0;0.0;0;0;0;BU01140809;GM0114;7891.0;7891GA;BU01140809;GM0114;7891.0;7891GA;BU01140809;GM0114;7891.0;7891GA;False;False;False;52.71942898285756;6.967202404836509;WarmteAtlas:MT_WarmteBronnen_ECW;https://www.warmteatlas.nl/geoserver/WarmteAtlas/wfs;2026-06-24T11:54:24;
163915;582995;Lamb Weston   Meyer VOF Klooster Lidlum;0;;0.0;Optie B;0.0;0.0;0;0;0;BU19493300;GM1949;8853.0;8853GN;BU19493300;GM1949;8853.0;8853GN;BU19493300;GM1949;8853.0;8853GN;False;False;False;53.233473791583485;5.5207168684192744;WarmteAtlas:MT_WarmteBronnen_ECW;https://www.warmteatlas.nl/geoserver/WarmteAtlas/wfs;2026-06-24T11:54:24;
97724;409683;Dr W Kolb Nederland BV;0;;0.0;Optie B;0.0;0.0;0;0;0;BU17090303;GM1709;4791.0;4791RT;BU17090303;GM1709;4791.0;4791RT;BU17090303;GM1709;4791.0;4791RT;False;False;False;51.6730191878415;4.559170209142811;WarmteAtlas:MT_WarmteBronnen_ECW;https://www.warmteatlas.nl/geoserver/WarmteAtlas/wfs;2026-06-24T11:54:24;
97660;408705;Deege Coating Moerdijk BV;0;;0.0;Optie B;0.0;0.0;0;0;0;BU17090303;GM1709;4791.0;4791RW;BU17090303;GM1709;4791.0;4791RW;BU17090303;GM1709;4791.0;4791RW;False;False;False;51.664222622398135;4.5584059963394505;WarmteAtlas:MT_WarmteBronnen_ECW;https://www.warmteatlas.nl/geoserver/WarmteAtlas/wfs;2026-06-24T11:54:24;
115900;497600;Tate en Lyle Netherlands BV;0;;0.0;Optie B;0.0;0.0;0;0;0;BU04793110;GM0479;1541.0;1541KC;BU04793110;GM0479;1541.0;1541KC;BU04793110;GM0479;1541.0;1541KC;False;False;False;52.46475017169249;4.811853076118366;WarmteAtlas:MT_WarmteBronnen_ECW;https://www.warmteatlas.nl/geoserver/WarmteAtlas/wfs;2026-06-24T11:54:24;
115668;498195;ADM Cocoa BV;0;;0.0;Optie B;0.0;0.0;0;0;0;BU04793110;GM0479;1541.0;1541LJ;BU04793110;GM0479;1541.0;1541LJ;BU04793110;GM0479;1541.0;1541LJ;False;False;False;52.470080830006395;4.808369416870344;WarmteAtlas:MT_WarmteBronnen_ECW;https://www.warmteatlas.nl/geoserver/WarmteAtlas/wfs;2026-06-24T11:54:24;
202148;580437;Gasunie Mengstation Kootstertille Fr;0;;0.0;Optie B;0.0;0.0;0;0;0;BU00590007;GM0059;9288.0;9288CD;BU00590007;GM0059;9288.0;9288CD;BU00590007;GM0059;9288.0;9288CD;False;False;False;53.20848728431795;6.092886417686353;WarmteAtlas:MT_WarmteBronnen_ECW;https://www.warmteatlas.nl/geoserver/WarmteAtlas/wfs;2026-06-24T11:54:24;
212511;577696;Storteboom Kornhorn BV;0;;0.0;Optie B;0.0;0.0;0;0;0;BU19690202;GM1969;9864.0;9864PG;BU19690202;GM1969;9864.0;9864PG;BU19690202;GM1969;9864.0;9864PG;False;False;False;53.182847458312544;6.247487377680823;WarmteAtlas:MT_WarmteBronnen_ECW;https://www.warmteatlas.nl/geoserver/WarmteAtlas/wfs;2026-06-24T11:54:24;
98978;435618;IHC Krimpen Shipyard BV;80;Industrie;26.83;Optie B;0.0;0.0;2;200;200;BU05420000;GM0542;2921.0;2921LM;BU05420000;GM0542;2921.0;2921LM;BU05420000;GM0542;2921.0;2921LM;False;False;False;51.906240978743604;4.573101867299477;WarmteAtlas:MT_WarmteBronnen_ECW;https://www.warmteatlas.nl/geoserver/WarmteAtlas/wfs;2026-06-24T11:54:24;
222100;575550;Schur Verpakkingen BV;0;;0.0;Optie B;0.0;0.0;0;0;0;BU19690402;GM1969;9351.0;9351BM;BU19690402;GM1969;9351.0;9351BM;BU19690402;GM1969;9351.0;9351BM;False;False;False;53.1624519735663;6.390458004131157;WarmteAtlas:MT_WarmteBronnen_ECW;https://www.warmteatlas.nl/geoserver/WarmteAtlas/wfs;2026-06-24T11:54:24;
135546;434465;FrieslandCampina Cheese Leerdam;0;Industrie;0.0;Optie B;0.0;0.0;0;0;0;BU19612801;GM1961;4143.0;4143HT;BU19612801;GM1961;4143.0;4143HT;BU19612801;GM1961;4143.0;4143HT;False;False;False;51.89835701115723;5.104554027828748;WarmteAtlas:MT_WarmteBronnen_ECW;https://www.warmteatlas.nl/geoserver/WarmteAtlas/wfs;2026-06-24T11:54:24;
134256;433341;O I Manufacturing Netherlands BV Leerdam;0;;0.0;Optie B;0.0;0.0;0;0;0;BU19612408;GM1961;4142.0;4142LD;BU19612408;GM1961;4142.0;4142LD;BU19612408;GM1961;4142.0;4142LD;False;False;False;51.88820773633704;5.085879430333178;WarmteAtlas:MT_WarmteBronnen_ECW;https://www.warmteatlas.nl/geoserver/WarmteAtlas/wfs;2026-06-24T11:54:24;
183850;579150;FrieslandCampina Leeuwarden;0;BioWKK;16.83;Optie B;0.0;0.0;0;0;0;BU00801104;GM0080;8937.0;8937AC;BU00801104;GM0080;8937.0;8937AC;BU00801104;GM0080;8937.0;8937AC;False;False;False;53.19822152725997;5.81890893226181;WarmteAtlas:MT_WarmteBronnen_ECW;https://www.warmteatlas.nl/geoserver/WarmteAtlas/wfs;2026-06-24T11:54:24;
180500;578200;Nederlandse Onttinningsfabriek BV;0;;0.0;Optie B;0.0;0.0;0;0;0;BU00804103;GM0080;8912.0;8912AV;BU00804103;GM0080;8912.0;8912AV;BU00804103;GM0080;8912.0;8912AV;False;False;False;53.189855321534054;5.768706524424014;WarmteAtlas:MT_WarmteBronnen_ECW;https://www.warmteatlas.nl/geoserver/WarmteAtlas/wfs;2026-06-24T11:54:24;
93890;464356;Eon Centrale Leiden;80;STEG;17.82;Optie B;0.0;0.0;0;0;0;BU05460105;GM0546;2316.0;2316HB;BU05460105;GM0546;2316.0;2316HB;BU05460105;GM0546;2316.0;2316HB;False;False;False;52.16398021095375;4.4940367547388975;WarmteAtlas:MT_WarmteBronnen_ECW;https://www.warmteatlas.nl/geoserver/WarmteAtlas/wfs;2026-06-24T11:54:24;
91223;464748;Centocor BV;80;Industrie;0.61;Optie B;0.0;0.0;2;200;200;BU05460704;GM0546;2333.0;2333CB;BU05460704;GM0546;2333.0;2333CB;BU05460704;GM0546;2333.0;2333CB;False;False;False;52.16720162089999;4.454987857057413;WarmteAtlas:MT_WarmteBronnen_ECW;https://www.warmteatlas.nl/geoserver/WarmteAtlas/wfs;2026-06-24T11:54:24;
161984;499951;Ennatuurlijk Energiecentrale Warande 2;0;BMC;0.0;Optie B;0.0;0.0;0;0;0;BU09951133;GM0995;8239.0;8239AA;BU09951133;GM0995;8239.0;8239AA;BU09951133;GM0995;8239.0;8239AA;False;False;False;52.487230182329085;5.490024965131708;WarmteAtlas:MT_WarmteBronnen_ECW;https://www.warmteatlas.nl/geoserver/WarmteAtlas/wfs;2026-06-24T11:54:24;
160558;500726;Bio Centrale Nuon Lelystad;0;BMC;0.0;Optie B;0.0;0.0;0;0;0;BU09950711;GM0995;8245.0;8245CM;BU09950711;GM0995;8245.0;8245CM;BU09950711;GM0995;8245.0;8245CM;False;False;False;52.49421173710702;5.469043979366393;WarmteAtlas:MT_WarmteBronnen_ECW;https://www.warmteatlas.nl/geoserver/WarmteAtlas/wfs;2026-06-24T11:54:24;
160558;500726;Ennatuurlijk Energiecentrale Warande 1;0;BMC;0.0;Optie B;0.0;0.0;0;0;0;BU09950711;GM0995;8245.0;8245CM;BU09950711;GM0995;8245.0;8245CM;BU09950711;GM0995;8245.0;8245CM;False;False;False;52.49421173710702;5.469043979366393;WarmteAtlas:MT_WarmteBronnen_ECW;https://www.warmteatlas.nl/geoserver/WarmteAtlas/wfs;2026-06-24T11:54:24;
164694;509969;Maxima centrale;0;STEG;478.5;Optie B;0.0;0.0;0;0;0;BU09951018;GM0995;8221.0;8221RC;BU09951018;GM0995;8221.0;8221RC;BU09951018;GM0995;8221.0;8221RC;False;False;False;52.57722290437191;5.530213954115616;WarmteAtlas:MT_WarmteBronnen_ECW;https://www.warmteatlas.nl/geoserver/WarmteAtlas/wfs;2026-06-24T11:54:24;
163750;496250;Vliegveld Lelystad;0;Industrie;0.0;Optie B;0.0;0.0;0;0;0;BU09951058;GM0995;8218.0;8218NX;BU09951058;GM0995;8218.0;8218NX;BU09951058;GM0995;8218.0;8218NX;False;False;False;52.45394253739472;5.515927410292041;WarmteAtlas:MT_WarmteBronnen_ECW;https://www.warmteatlas.nl/geoserver/WarmteAtlas/wfs;2026-06-24T11:54:24;
158900;501300;Farm Dairy BV;0;Industrie;0.0;Optie B;0.0;0.0;0;0;0;BU09950881;GM0995;8243.0;8243RB;BU09950881;GM0995;8243.0;8243RB;BU09950881;GM0995;8243.0;8243RB;False;False;False;52.49938482768072;5.444637366990299;WarmteAtlas:MT_WarmteBronnen_ECW;https://www.warmteatlas.nl/geoserver/WarmteAtlas/wfs;2026-06-24T11:54:24;
128996;439814;Vetveredeling Lexmond BV;0;;0.0;Optie B;0.0;0.0;0;0;0;BU19610801;GM1961;4128.0;4128LS;BU19610801;GM1961;4128.0;4128LS;BU19610801;GM1961;4128.0;4128LS;False;False;False;51.9461669411196;5.008986045413785;WarmteAtlas:MT_WarmteBronnen_ECW;https://www.warmteatlas.nl/geoserver/WarmteAtlas/wfs;2026-06-24T11:54:24;
169900;391750;Bavaria NV;0;;0.0;Optie B;0.0;0.0;0;0;0;BU16590201;GM1659;5737.0;5737RV;BU16590201;GM1659;5737.0;5737RV;BU16590201;GM1659;5737.0;5737RV;False;False;False;51.51455658593438;5.601854368110455;WarmteAtlas:MT_WarmteBronnen_ECW;https://www.warmteatlas.nl/geoserver/WarmteAtlas/wfs;2026-06-24T11:54:24;
108440;509470;FrieslandCampina Limmen Ecomel;0;Industrie;0.0;Optie B;0.0;0.0;0;0;0;BU03830721;GM0383;1906.0;1906AL;BU03830721;GM0383;1906.0;1906AL;BU03830721;GM0383;1906.0;1906AL;False;False;False;52.57083957334191;4.700430148550885;WarmteAtlas:MT_WarmteBronnen_ECW;https://www.warmteatlas.nl/geoserver/WarmteAtlas/wfs;2026-06-24T11:54:24;
98440;474524;Vleeswarenfabriek Persoon BV;80;Industrie;0.07;Optie B;0.0;0.0;2;200;200;BU05530205;GM0553;2162.0;2162VW;BU05530205;GM0553;2162.0;2162VW;BU05530205;GM0553;2162.0;2162VW;False;False;False;52.255845436872;4.5588344540333505;WarmteAtlas:MT_WarmteBronnen_ECW;https://www.warmteatlas.nl/geoserver/WarmteAtlas/wfs;2026-06-24T11:54:24;
226100;464540;FrieslandCampina Butter Lochem;0;Industrie;0.0;Optie B;0.0;0.0;0;0;0;BU02620005;GM0262;7241.0;7241DB;BU02620005;GM0262;7241.0;7241DB;BU02620005;GM0262;7241.0;7241DB;False;False;False;52.16443540188536;6.42639851035745;WarmteAtlas:MT_WarmteBronnen_ECW;https://www.warmteatlas.nl/geoserver/WarmteAtlas/wfs;2026-06-24T11:54:24;
199900;460500;Solidpack BV;0;;0.0;Optie B;0.0;0.0;0;0;0;BU02001303;GM0200;7371.0;7371GC;BU02001303;GM0200;7371.0;7371GC;BU02001303;GM0200;7371.0;7371GC;False;False;False;52.13087811904158;6.0429575582369575;WarmteAtlas:MT_WarmteBronnen_ECW;https://www.warmteatlas.nl/geoserver/WarmteAtlas/wfs;2026-06-24T11:54:24;
199750;460200;Sonac Loenen BV;0;;0.0;Optie B;0.0;0.0;0;0;0;BU02001303;GM0200;7371.0;7371GD;BU02001303;GM0200;7371.0;7371GD;BU02001303;GM0200;7371.0;7371GD;False;False;False;52.128194037098254;6.040727512982339;WarmteAtlas:MT_WarmteBronnen_ECW;https://www.warmteatlas.nl/geoserver/WarmteAtlas/wfs;2026-06-24T11:54:24;
120900;530900;FrieslandCampina Lutjewinkel;0;Industrie;0.0;Optie B;0.0;0.0;0;0;0;BU19111401;GM1911;1732.0;1732LE;BU19111401;GM1911;1732.0;1732LE;BU19111401;GM1911;1732.0;1732LE;False;False;False;52.7643445668939;4.882003173382285;WarmteAtlas:MT_WarmteBronnen_ECW;https://www.warmteatlas.nl/geoserver/WarmteAtlas/wfs;2026-06-24T11:54:24;
187950;528503;Leo Hoogweg BV;0;;0.0;Optie B;0.0;0.0;0;0;0;BU01710323;GM0171;8315.0;8315PE;BU01710323;GM0171;8315.0;8315PE;BU01710323;GM0171;8315.0;8315PE;False;False;False;52.742873570944575;5.875131513363815;WarmteAtlas:MT_WarmteBronnen_ECW;https://www.warmteatlas.nl/geoserver/WarmteAtlas/wfs;2026-06-24T11:54:24;
97050;422750;FrieslandCampina Maasdam;80;Industrie;0.46;Optie B;0.0;0.0;2;200;200;BU19630500;GM1963;3299.0;3299AL;BU19630500;GM1963;3299.0;3299AL;BU19630500;GM1963;3299.0;3299AL;False;False;False;51.79039180719339;4.54724714482866;WarmteAtlas:MT_WarmteBronnen_ECW;https://www.warmteatlas.nl/geoserver/WarmteAtlas/wfs;2026-06-24T11:54:24;
76350;437720;Vecom Metal Treatment Technology BV;80;Industrie;0.06;Optie B;0.0;0.0;2;200;200;BU05560401;GM0556;3144.0;3144RD;BU05560401;GM0556;3144.0;3144RD;BU05560401;GM0556;3144.0;3144RD;False;False;False;51.92239359966767;4.243849257909788;WarmteAtlas:MT_WarmteBronnen_ECW;https://www.warmteatlas.nl/geoserver/WarmteAtlas/wfs;2026-06-24T11:54:24;
177450;318650;Koninklijke Mosa BV Wandtegelfabriek;70;Industrie;2.0;Optie B;0.0;0.0;0;0;0;BU09350400;GM0935;6224.0;6224AL;BU09350400;GM0935;6224.0;6224AL;BU09350400;GM0935;6224.0;6224AL;False;False;False;50.857236528194214;5.706020833781477;WarmteAtlas:MT_WarmteBronnen_ECW;https://www.warmteatlas.nl/geoserver/WarmteAtlas/wfs;2026-06-24T11:54:24;
177322;318844;O I Manufacturing Netherlands BV Maastricht;70;Industrie;4.0;Optie B;0.0;0.0;0;0;0;BU09350400;GM0935;6221.0;6221AA;BU09350400;GM0935;6221.0;6221AA;BU09350400;GM0935;6221.0;6221AA;False;False;False;50.858985328439765;5.704215015737373;WarmteAtlas:MT_WarmteBronnen_ECW;https://www.warmteatlas.nl/geoserver/WarmteAtlas/wfs;2026-06-24T11:54:24;
176620;318700;Sappi Maastricht BV;70;Industrie;5.5;Optie B;0.0;0.0;0;0;0;BU09350004;GM0935;6211.0;6211AA;BU09350004;GM0935;6211.0;6211AA;BU09350004;GM0935;6211.0;6211AA;False;False;False;50.85771787265366;5.694236794228575;WarmteAtlas:MT_WarmteBronnen_ECW;https://www.warmteatlas.nl/geoserver/WarmteAtlas/wfs;2026-06-24T11:54:24;
64578;440415;Centrale Rotterdam;80;STEG;8.86;Optie B;0.0;0.0;0;0;0;BU05992308;GM0599;3199.0;3199LB;BU05992308;GM0599;3199.0;3199LB;BU05992308;GM0599;3199.0;3199LB;False;False;False;51.944822788993676;4.0720482801948386;WarmteAtlas:MT_WarmteBronnen_ECW;https://www.warmteatlas.nl/geoserver/WarmteAtlas/wfs;2026-06-24T11:54:24;
64259;440368;Gasunie LNG;80;Industrie;0.7;Optie B;0.0;0.0;2;200;200;BU05992308;GM0599;3199.0;3199LB;BU05992308;GM0599;3199.0;3199LB;BU05992308;GM0599;3199.0;3199LB;False;False;False;51.94434845492627;4.06742213096493;WarmteAtlas:MT_WarmteBronnen_ECW;https://www.warmteatlas.nl/geoserver/WarmteAtlas/wfs;2026-06-24T11:54:24;
62613;442920;Neste Oil Netherlands BV;80;Raffinaderij;3.68;Optie B;0.0;0.0;2;200;200;BU05992308;GM0599;3199.0;3199KA;BU05992308;GM0599;3199.0;3199KA;BU05992308;GM0599;3199.0;3199KA;False;False;False;51.967010128560474;4.042801495784371;WarmteAtlas:MT_WarmteBronnen_ECW;https://www.warmteatlas.nl/geoserver/WarmteAtlas/wfs;2026-06-24T11:54:24;
61481;442057;EOn Benelux NV Maasvlakte;80;Kolen;320.88;Optie C;0.0;0.0;0;0;0;BU05992308;GM0599;3199.0;3199LA;BU05992308;GM0599;3199.0;3199LD;BU05992308;GM0599;3199.0;3199LD;False;False;False;51.95906568843189;4.026568357245158;WarmteAtlas:MT_WarmteBronnen_ECW;https://www.warmteatlas.nl/geoserver/WarmteAtlas/wfs;2026-06-24T11:54:24;
61400;443100;IOI Loders Croklaan Oils BV;80;Industrie;1.55;Optie B;0.0;0.0;2;200;200;BU05992308;GM0599;3199.0;3199KA;BU05992308;GM0599;3199.0;3199KA;BU05992308;GM0599;3199.0;3199KA;False;False;False;51.96842458981174;4.025105743678436;WarmteAtlas:MT_WarmteBronnen_ECW;https://www.warmteatlas.nl/geoserver/WarmteAtlas/wfs;2026-06-24T11:54:24;
61001;443044;Lyondell Bayer Maasvlakte Manufacturing VOF;80;Industrie;1.66;Optie B;0.0;0.0;2;200;200;BU05992308;GM0599;3199.0;3199KB;BU05992308;GM0599;3199.0;3199KB;BU05992308;GM0599;3199.0;3199KB;False;False;False;51.96785399779722;4.019316286393815;WarmteAtlas:MT_WarmteBronnen_ECW;https://www.warmteatlas.nl/geoserver/WarmteAtlas/wfs;2026-06-24T11:54:24;
213000;573000;FrieslandCampina Cheese Marum;0;Industrie;0.0;Optie B;0.0;0.0;0;0;0;BU19691100;GM1969;9363.0;9363EW;BU19691100;GM1969;9363.0;9363EW;BU19691100;GM1969;9363.0;9363EW;False;False;False;53.14060185219881;6.253956296066304;WarmteAtlas:MT_WarmteBronnen_ECW;https://www.warmteatlas.nl/geoserver/WarmteAtlas/wfs;2026-06-24T11:54:24;
179470;321660;Meerssen Papier BV;0;;0.0;Optie B;0.0;0.0;0;0;0;BU09380002;GM0938;6231.0;6231SB;BU09380002;GM0938;6231.0;6231SB;BU09380002;GM0938;6231.0;6231SB;False;False;False;50.88420966280686;5.734910398548534;WarmteAtlas:MT_WarmteBronnen_ECW;https://www.warmteatlas.nl/geoserver/WarmteAtlas/wfs;2026-06-24T11:54:24;
208200;523000;FrieslandCampina Kievit Meppel;0;Industrie;0.0;Optie B;0.0;0.0;0;0;0;BU01191001;GM0119;7944.0;7944HS;BU01191001;GM0119;7944.0;7944HS;BU01191001;GM0119;7944.0;7944HS;False;False;False;52.6918161140607;6.174085526751048;WarmteAtlas:MT_WarmteBronnen_ECW;https://www.warmteatlas.nl/geoserver/WarmteAtlas/wfs;2026-06-24T11:54:24;
33940;390952;Eastman Chemical Middelburg BV;0;Industrie;100.0;Optie B;0.0;0.0;0;0;0;BU06873247;GM0687;4338.0;4338PL;BU06873247;GM0687;4338.0;4338PL;BU06873247;GM0687;4338.0;4338PL;False;False;False;51.49456791374038;3.6438332685574264;WarmteAtlas:MT_WarmteBronnen_ECW;https://www.warmteatlas.nl/geoserver/WarmteAtlas/wfs;2026-06-24T11:54:24;
132250;530325;Gasunie Wieringermeer;0;;0.0;Optie B;0.0;0.0;0;0;0;BU19111090;GM1911;1775.0;1775RG;BU19111090;GM1911;1775.0;1775RG;BU19111090;GM1911;1775.0;1775RG;False;False;False;52.75977149462067;5.050193339554615;WarmteAtlas:MT_WarmteBronnen_ECW;https://www.warmteatlas.nl/geoserver/WarmteAtlas/wfs;2026-06-24T11:54:24;
183833;391300;Keizersberg Diervoeders Elsendorp BV;0;;0.0;Optie B;0.0;0.0;0;0;0;BU16520708;GM1652;5763.0;5763PD;BU16520708;GM1652;5763.0;5763PD;BU16520708;GM1652;5763.0;5763PD;False;False;False;51.50997012391732;5.802535942602237;WarmteAtlas:MT_WarmteBronnen_ECW;https://www.warmteatlas.nl/geoserver/WarmteAtlas/wfs;2026-06-24T11:54:24;
100541;411967;Afvalstoffen Terminal Moerdijk BV ATM;0;AVI;0.0;Optie B;0.0;0.0;0;0;0;BU17090303;GM1709;4782.0;4782PW;BU17090303;GM1709;4782.0;4782PW;BU17090303;GM1709;4782.0;4782PW;False;False;False;51.69382822511903;4.599534218256938;WarmteAtlas:MT_WarmteBronnen_ECW;https://www.warmteatlas.nl/geoserver/WarmteAtlas/wfs;2026-06-24T11:54:24;
100338;411937;Wuppermann Staal Nederland BV;0;;0.0;Optie B;0.0;0.0;0;0;0;BU17090303;GM1709;4782.0;4782PW;BU17090303;GM1709;4782.0;4782PW;BU17090303;GM1709;4782.0;4782PW;False;False;False;51.693538812377426;4.596603106236911;WarmteAtlas:MT_WarmteBronnen_ECW;https://www.warmteatlas.nl/geoserver/WarmteAtlas/wfs;2026-06-24T11:54:24;
100317;410161;Ardagh Glass Benelux BV Moerdijk;0;;0.0;Optie B;0.0;0.0;0;0;0;BU17090303;GM1709;4782.0;4782SC;BU17090303;GM1709;4782.0;4782SC;BU17090303;GM1709;4782.0;4782SC;False;False;False;51.67757442303328;4.596578347963291;WarmteAtlas:MT_WarmteBronnen_ECW;https://www.warmteatlas.nl/geoserver/WarmteAtlas/wfs;2026-06-24T11:54:24;
99473;411511;COATEX Netherlands BV;0;;0.0;Optie B;0.0;0.0;0;0;0;BU17090303;GM1709;4782.0;4782PM;BU17090303;GM1709;4782.0;4782PM;BU17090303;GM1709;4782.0;4782PM;False;False;False;51.689624916098886;4.584161384819306;WarmteAtlas:MT_WarmteBronnen_ECW;https://www.warmteatlas.nl/geoserver/WarmteAtlas/wfs;2026-06-24T11:54:24;
99292;411125;Biomassacentrale Moerdijk;0;BMC;0.0;Optie B;0.0;0.0;0;0;0;BU17090303;GM1709;4782.0;4782PM;BU17090303;GM1709;4782.0;4782PM;BU17090303;GM1709;4782.0;4782PM;False;False;False;51.686137660036984;4.581605750474381;WarmteAtlas:MT_WarmteBronnen_ECW;https://www.warmteatlas.nl/geoserver/WarmteAtlas/wfs;2026-06-24T11:54:24;
99289;410805;Attero BV Moerdijk;0;;150.0;Optie B;0.0;0.0;0;0;0;BU17090303;GM1709;4782.0;4782PM;BU17090303;GM1709;4782.0;4782PM;BU17090303;GM1709;4782.0;4782PM;False;False;False;51.68326127268183;4.581613574684367;WarmteAtlas:MT_WarmteBronnen_ECW;https://www.warmteatlas.nl/geoserver/WarmteAtlas/wfs;2026-06-24T11:54:24;
99196;411514;Slibverwerking Noord Brabant NV;0;;0.0;Optie B;0.0;0.0;0;0;0;BU17090303;GM1709;4782.0;4782PM;BU17090303;GM1709;4782.0;4782PM;BU17090303;GM1709;4782.0;4782PM;False;False;False;51.68962434718735;4.580155263004402;WarmteAtlas:MT_WarmteBronnen_ECW;https://www.warmteatlas.nl/geoserver/WarmteAtlas/wfs;2026-06-24T11:54:24;
97946;411331;Shell Nederland Chemie BV Moerdijk;0;Industrie;35.0;Optie B;0.0;0.0;0;0;0;BU17090303;GM1709;4782.0;4782SJ;BU17090303;GM1709;4782.0;4782SJ;BU17090303;GM1709;4782.0;4782SJ;False;False;False;51.68785364382765;4.56210932007229;WarmteAtlas:MT_WarmteBronnen_ECW;https://www.warmteatlas.nl/geoserver/WarmteAtlas/wfs;2026-06-24T11:54:24;
99234;410988;Essent Power BV Moerdijk;0;STEG;412.17;Optie B;0.0;0.0;0;0;0;BU17090303;GM1709;4782.0;4782PM;BU17090303;GM1709;4782.0;4782PM;BU17090303;GM1709;4782.0;4782PM;False;False;False;51.68490056304906;4.5807890327952725;WarmteAtlas:MT_WarmteBronnen_ECW;https://www.warmteatlas.nl/geoserver/WarmteAtlas/wfs;2026-06-24T11:54:24;
189010;419400;NedCoat Mook BV;0;;0.0;Optie B;0.0;0.0;0;0;0;BU09440001;GM0944;6585.0;6585KD;BU09440001;GM0944;6585.0;6585KD;BU09440001;GM0944;6585.0;6585KD;False;False;False;51.7622513402657;5.8798469845260595;WarmteAtlas:MT_WarmteBronnen_ECW;https://www.warmteatlas.nl/geoserver/WarmteAtlas/wfs;2026-06-24T11:54:24;
141030;478690;Givaudan Nederland BV Naarden;0;;0.0;Optie B;0.0;0.0;0;0;0;BU19420512;GM1942;1411.0;1411GP;BU19420512;GM1942;1411.0;1411GP;BU19420512;GM1942;1411.0;1411GP;False;False;False;52.29601404479341;5.182419488791601;WarmteAtlas:MT_WarmteBronnen_ECW;https://www.warmteatlas.nl/geoserver/WarmteAtlas/wfs;2026-06-24T11:54:24;
139110;479150;Alpha Fry Technlogies BV;0;;0.0;Optie B;0.0;0.0;0;0;0;BU19420504;GM1942;1411.0;1411AW;BU19420504;GM1942;1411.0;1411AW;BU19420504;GM1942;1411.0;1411AW;False;False;False;52.300096294064296;5.154252994706686;WarmteAtlas:MT_WarmteBronnen_ECW;https://www.warmteatlas.nl/geoserver/WarmteAtlas/wfs;2026-06-24T11:54:24;
180687;367964;Verzinkerij van Aert BV;0;;0.0;Optie B;0.0;0.0;0;0;0;BU09460202;GM0946;6031.0;6031NK;BU09460202;GM0946;6031.0;6031NK;BU09460202;GM0946;6031.0;6031NK;False;False;False;51.3003659625851;5.755520761096711;WarmteAtlas:MT_WarmteBronnen_ECW;https://www.warmteatlas.nl/geoserver/WarmteAtlas/wfs;2026-06-24T11:54:24;
103764;475614;Waeles Nederland BV;0;;0.0;Optie B;0.0;0.0;0;0;0;BU03940230;GM0394;2153.0;2153LR;BU03940230;GM0394;2153.0;2153LR;BU03940230;GM0394;2153.0;2153LR;False;False;False;52.26616224769261;4.636637015594469;WarmteAtlas:MT_WarmteBronnen_ECW;https://www.warmteatlas.nl/geoserver/WarmteAtlas/wfs;2026-06-24T11:54:24;
39593;385373;Zeeland Refinery NV;0;Raffinaderij;116.25;Optie B;0.0;0.0;0;0;0;BU06540903;GM0654;4455.0;4455TM;BU06540903;GM0654;4455.0;4455TM;BU06540903;GM0654;4455.0;4455TM;False;False;False;51.44562406297217;3.72703723825923;WarmteAtlas:MT_WarmteBronnen_ECW;https://www.warmteatlas.nl/geoserver/WarmteAtlas/wfs;2026-06-24T11:54:24;
136145;451047;Van Vliet Groep Milieu Dienstverleners BV;0;;0.0;Optie B;0.0;0.0;0;0;0;BU03562001;GM0356;3439.0;3439NZ;BU03562001;GM0356;3439.0;3439NZ;BU03562001;GM0356;3439.0;3439NZ;False;False;False;52.04741827327569;5.112345855157344;WarmteAtlas:MT_WarmteBronnen_ECW;https://www.warmteatlas.nl/geoserver/WarmteAtlas/wfs;2026-06-24T11:54:24;
134208;448648;Nuon Nieuwegein;0;STEG;0.0;Optie B;0.0;0.0;0;0;0;BU03560502;GM0356;3435.0;3435CM;BU03560502;GM0356;3435.0;3435CM;BU03560502;GM0356;3435.0;3435CM;False;False;False;52.02578681707;5.084255573435716;WarmteAtlas:MT_WarmteBronnen_ECW;https://www.warmteatlas.nl/geoserver/WarmteAtlas/wfs;2026-06-24T11:54:24;
102117;441156;T Boer en zn;80;Industrie;0.07;Optie B;0.0;0.0;2;200;200;BU18920492;GM1892;2911.0;2911CJ;BU18920492;GM1892;2911.0;2911CJ;BU18920492;GM1892;2911.0;2911CJ;False;False;False;51.95632130736232;4.617861334054019;WarmteAtlas:MT_WarmteBronnen_ECW;https://www.warmteatlas.nl/geoserver/WarmteAtlas/wfs;2026-06-24T11:54:24;
188750;553750;BASF Nederland BV Nijehaske;0;;0.0;Optie B;0.0;0.0;0;0;0;BU00740110;GM0074;8447.0;8447SN;BU00740110;GM0074;8447.0;8447SN;BU00740110;GM0074;8447.0;8447SN;False;False;False;52.96970000948846;5.889579257904059;WarmteAtlas:MT_WarmteBronnen_ECW;https://www.warmteatlas.nl/geoserver/WarmteAtlas/wfs;2026-06-24T11:54:24;
161240;472064;Arla Foods BV;0;;0.0;Optie B;0.0;0.0;0;0;0;BU02670101;GM0267;3861.0;3861RG;BU02670101;GM0267;3861.0;3861RG;BU02670101;GM0267;3861.0;3861RG;False;False;False;52.236602844345406;5.478553057631335;WarmteAtlas:MT_WarmteBronnen_ECW;https://www.warmteatlas.nl/geoserver/WarmteAtlas/wfs;2026-06-24T11:54:24;
160350;468480;Pluimveeslachterij Van den Bor BV;0;;0.0;Optie B;0.0;0.0;0;0;0;BU02670300;GM0267;3864.0;3864NG;BU02670300;GM0267;3864.0;3864NG;BU02670300;GM0267;3864.0;3864NG;False;False;False;52.20439988203037;5.465467351463679;WarmteAtlas:MT_WarmteBronnen_ECW;https://www.warmteatlas.nl/geoserver/WarmteAtlas/wfs;2026-06-24T11:54:24;
187976;425797;UMC St Radboud en Radboud Universiteit Nijmegen;0;;0.0;Optie B;0.0;0.0;0;0;0;BU02680517;GM0268;6525.0;6525GG;BU02680517;GM0268;6525.0;6525GG;BU02680517;GM0268;6525.0;6525GG;False;False;False;51.81981048053556;5.865479206509504;WarmteAtlas:MT_WarmteBronnen_ECW;https://www.warmteatlas.nl/geoserver/WarmteAtlas/wfs;2026-06-24T11:54:24;
185427;429798;ENGIE Energie Centrale Gelderland;0;STEG;0.0;Optie B;0.0;0.0;0;0;0;BU02680425;GM0268;6541.0;6541BZ;BU02680425;GM0268;6541.0;6541BZ;BU02680425;GM0268;6541.0;6541BZ;False;False;False;51.855916894390354;5.828862747909346;WarmteAtlas:MT_WarmteBronnen_ECW;https://www.warmteatlas.nl/geoserver/WarmteAtlas/wfs;2026-06-24T11:54:24;
184127;428648;Nijmeegsche IJzergieterij BV;0;;0.0;Optie B;0.0;0.0;0;0;0;BU02680847;GM0268;6545.0;6545AE;BU02680847;GM0268;6545.0;6545AE;BU02680847;GM0268;6545.0;6545AE;False;False;False;51.84565003576483;5.809896133824168;WarmteAtlas:MT_WarmteBronnen_ECW;https://www.warmteatlas.nl/geoserver/WarmteAtlas/wfs;2026-06-24T11:54:24;
213196;576375;FrieslandCampina Butter Noordwijk;80;Industrie;0.0;Optie B;0.0;0.0;2;200;200;BU19691106;GM1969;9824.0;9824PA;BU19691106;GM1969;9824.0;9824PA;BU19691106;GM1969;9824.0;9824PA;False;False;False;53.17090458287661;6.257494140106898;WarmteAtlas:MT_WarmteBronnen_ECW;https://www.warmteatlas.nl/geoserver/WarmteAtlas/wfs;2026-06-24T11:54:24;
167277;384300;FrieslandCampina Professional Nuenen;0;Industrie;0.0;Optie B;0.0;0.0;0;0;0;BU08200003;GM0820;5674.0;5674TE;BU08200003;GM0820;5674.0;5674TE;BU08200003;GM0820;5674.0;5674TE;False;False;False;51.4476547800297;5.563806663153499;WarmteAtlas:MT_WarmteBronnen_ECW;https://www.warmteatlas.nl/geoserver/WarmteAtlas/wfs;2026-06-24T11:54:24;
182480;488580;Nestle Nederland BV Nunspeet;0;;0.0;Optie B;0.0;0.0;0;0;0;BU03020000;GM0302;8071.0;8071JC;BU03020000;GM0302;8071.0;8071JC;BU03020000;GM0302;8071.0;8071JC;False;False;False;52.3843900701476;5.79083432355053;WarmteAtlas:MT_WarmteBronnen_ECW;https://www.warmteatlas.nl/geoserver/WarmteAtlas/wfs;2026-06-24T11:54:24;
190450;326300;Caradon Stelrad BV;0;;0.0;Optie B;0.0;0.0;0;0;0;BU19540103;GM1954;6361.0;6361HG;BU19540103;GM1954;6361.0;6361HG;BU19540103;GM1954;6361.0;6361HG;False;False;False;50.92534198474829;5.891382541132799;WarmteAtlas:MT_WarmteBronnen_ECW;https://www.warmteatlas.nl/geoserver/WarmteAtlas/wfs;2026-06-24T11:54:24;
178293;406558;Peka Kroef BV;0;;0.0;Optie B;0.0;0.0;0;0;0;BU19910399;GM1991;5409.0;5409SX;BU19910399;GM1991;5409.0;5409SX;BU19910399;GM1991;5409.0;5409SX;False;False;False;51.647372680062944;5.723750583948622;WarmteAtlas:MT_WarmteBronnen_ECW;https://www.warmteatlas.nl/geoserver/WarmteAtlas/wfs;2026-06-24T11:54:24;
191350;411200;Steenfabriek Engels Oeffelt BV;0;;0.0;Optie B;0.0;0.0;0;0;0;BU19821403;GM1982;5441.0;5441PB;BU19821403;GM1982;5441.0;5441PB;BU19821403;GM1982;5441.0;5441PB;False;False;False;51.68840111007105;5.912882928245303;WarmteAtlas:MT_WarmteBronnen_ECW;https://www.warmteatlas.nl/geoserver/WarmteAtlas/wfs;2026-06-24T11:54:24;
189021;563517;Gasunie Compressorstation Oldeboorn Fr;0;;0.0;Optie B;0.0;0.0;0;0;0;BU00740903;GM0074;8495.0;8495NG;BU00740903;GM0074;8495.0;8495NG;BU00740903;GM0074;8495.0;8495NG;False;False;False;53.057447569033414;5.894635970633613;WarmteAtlas:MT_WarmteBronnen_ECW;https://www.warmteatlas.nl/geoserver/WarmteAtlas/wfs;2026-06-24T11:54:24;
225250;502670;Hyproca Dairy BV;0;;0.0;Optie B;0.0;0.0;0;0;0;BU01750114;GM0175;7731.0;7731AH;BU01750114;GM0175;7731.0;7731AH;BU01750114;GM0175;7731.0;7731AH;False;False;False;52.50719713002615;6.421935175787333;WarmteAtlas:MT_WarmteBronnen_ECW;https://www.warmteatlas.nl/geoserver/WarmteAtlas/wfs;2026-06-24T11:54:24;
120500;404100;Tata Steel Nederland Tubes BV Oosterhout;0;Industrie;0.0;Optie B;0.0;0.0;0;0;0;BU08260800;GM0826;4903.0;4903RC;BU08260800;GM0826;4903.0;4903RC;BU08260800;GM0826;4903.0;4903RC;False;False;False;51.62470303471045;4.888976180024266;WarmteAtlas:MT_WarmteBronnen_ECW;https://www.warmteatlas.nl/geoserver/WarmteAtlas/wfs;2026-06-24T11:54:24;
118320;408760;Staalstraal Brabant BV;0;;0.0;Optie B;0.0;0.0;0;0;0;BU08260606;GM0826;4908.0;4908BE;BU08260606;GM0826;4908.0;4908BE;BU08260606;GM0826;4908.0;4908BE;False;False;False;51.666449879589855;4.85700544862885;WarmteAtlas:MT_WarmteBronnen_ECW;https://www.warmteatlas.nl/geoserver/WarmteAtlas/wfs;2026-06-24T11:54:24;
119609;404117;Dahler Holland BV Dahler Euro Citrus BV;0;;0.0;Optie B;0.0;0.0;0;0;0;BU08260800;GM0826;4903.0;4903RG;BU08260800;GM0826;4903.0;4903RG;BU08260800;GM0826;4903.0;4903RG;False;False;False;51.624800348940234;4.87610772654187;WarmteAtlas:MT_WarmteBronnen_ECW;https://www.warmteatlas.nl/geoserver/WarmteAtlas/wfs;2026-06-24T11:54:24;
128950;510330;Kaasfabriek Eyssen BV;0;;0.0;Optie B;0.0;0.0;0;0;0;BU03850401;GM0385;1474.0;1474MR;BU03850401;GM0385;1474.0;1474MR;BU03850401;GM0385;1474.0;1474MR;False;False;False;52.579932271689074;5.002882756042483;WarmteAtlas:MT_WarmteBronnen_ECW;https://www.warmteatlas.nl/geoserver/WarmteAtlas/wfs;2026-06-24T11:54:24;
173530;440320;Wienerberger Steenfabriek de Wolfswaard;0;;0.0;Optie B;0.0;0.0;0;0;0;BU17400008;GM1740;4043.0;4043JE;BU17400008;GM1740;4043.0;4043JE;BU17400008;GM1740;4043.0;4043JE;False;False;False;51.951013466352656;5.656742103422863;WarmteAtlas:MT_WarmteBronnen_ECW;https://www.warmteatlas.nl/geoserver/WarmteAtlas/wfs;2026-06-24T11:54:24;
182020;367682;Global Food Group BV eierverwerking;0;;0.0;Optie B;0.0;0.0;0;0;0;BU09460301;GM0946;6035.0;6035EA;BU09460301;GM0946;6035.0;6035EA;BU09460301;GM0946;6035.0;6035EA;False;False;False;51.297769115798665;5.774612481414937;WarmteAtlas:MT_WarmteBronnen_ECW;https://www.warmteatlas.nl/geoserver/WarmteAtlas/wfs;2026-06-24T11:54:24;
166604;421525;NV Organon Diosite;0;;0.0;Optie B;0.0;0.0;0;0;0;BU08280503;GM0828;5347.0;5347JN;BU08280503;GM0828;5347.0;5347JN;BU08280503;GM0828;5347.0;5347JN;False;False;False;51.78226667906627;5.555363292719757;WarmteAtlas:MT_WarmteBronnen_ECW;https://www.warmteatlas.nl/geoserver/WarmteAtlas/wfs;2026-06-24T11:54:24;
166312;421568;Unipol Holland BV;0;;0.0;Optie B;0.0;0.0;0;0;0;BU08280500;GM0828;5347.0;5347KL;BU08280500;GM0828;5347.0;5347KL;BU08280500;GM0828;5347.0;5347KL;False;False;False;51.782659176404806;5.551133152328669;WarmteAtlas:MT_WarmteBronnen_ECW;https://www.warmteatlas.nl/geoserver/WarmteAtlas/wfs;2026-06-24T11:54:24;
166299;421695;Brabant Alucast International;0;;0.0;Optie B;0.0;0.0;0;0;0;BU08280500;GM0828;5347.0;5347KL;BU08280500;GM0828;5347.0;5347KL;BU08280500;GM0828;5347.0;5347KL;False;False;False;51.78380096327073;5.550948907246372;WarmteAtlas:MT_WarmteBronnen_ECW;https://www.warmteatlas.nl/geoserver/WarmteAtlas/wfs;2026-06-24T11:54:24;
166180;421650;KBM Master Alloys BV Oss;0;;0.0;Optie B;0.0;0.0;0;0;0;BU08280500;GM0828;5347.0;5347KL;BU08280500;GM0828;5347.0;5347KL;BU08280500;GM0828;5347.0;5347KL;False;False;False;51.78339888409119;5.549222894382582;WarmteAtlas:MT_WarmteBronnen_ECW;https://www.warmteatlas.nl/geoserver/WarmteAtlas/wfs;2026-06-24T11:54:24;
165900;419700;Ball Packaging;0;;0.0;Optie B;0.0;0.0;0;0;0;BU08280200;GM0828;5349.0;5349AD;BU08280200;GM0828;5349.0;5349AD;BU08280200;GM0828;5349.0;5349AD;False;False;False;51.76587707636901;5.54510373873265;WarmteAtlas:MT_WarmteBronnen_ECW;https://www.warmteatlas.nl/geoserver/WarmteAtlas/wfs;2026-06-24T11:54:24;
165200;419600;Unilever Nederland BV;0;Industrie;0.0;Optie B;0.0;0.0;0;0;0;BU08280200;GM0828;5349.0;5349AA;BU08280200;GM0828;5349.0;5349AA;BU08280200;GM0828;5349.0;5349AA;False;False;False;51.764991469214294;5.534960353071801;WarmteAtlas:MT_WarmteBronnen_ECW;https://www.warmteatlas.nl/geoserver/WarmteAtlas/wfs;2026-06-24T11:54:24;
164915;419455;Stichting Vergunning Moleneind;0;;0.0;Optie B;0.0;0.0;0;0;0;BU08280200;GM0828;5342.0;5342CC;BU08280200;GM0828;5342.0;5342CC;BU08280200;GM0828;5342.0;5342CC;False;False;False;51.763693287476016;5.530827673927552;WarmteAtlas:MT_WarmteBronnen_ECW;https://www.warmteatlas.nl/geoserver/WarmteAtlas/wfs;2026-06-24T11:54:24;
89690;427150;Mars Food Europe CV;80;Industrie;0.74;Optie B;0.0;0.0;2;200;200;BU19630050;GM1963;3261.0;3261LW;BU19630050;GM1963;3261.0;3261LW;BU19630050;GM1963;3261.0;3261LW;False;False;False;51.82912399533306;4.43975024531782;WarmteAtlas:MT_WarmteBronnen_ECW;https://www.warmteatlas.nl/geoserver/WarmteAtlas/wfs;2026-06-24T11:54:24;
262250;568350;Steenindustrie Strating BV;0;;0.0;Optie B;0.0;0.0;0;0;0;BU07650000;GM0765;9665.0;9665RR;BU07650000;GM0765;9665.0;9665RR;BU07650000;GM0765;9665.0;9665RR;False;False;False;53.091249704519576;6.988188673971382;WarmteAtlas:MT_WarmteBronnen_ECW;https://www.warmteatlas.nl/geoserver/WarmteAtlas/wfs;2026-06-24T11:54:24;
262197;568546;Smurfit Kappa Solid Board KM4 Oude Pekela;0;Industrie;0.0;Optie B;0.0;0.0;0;0;0;BU07650000;GM0765;9665.0;9665PH;BU07650000;GM0765;9665.0;9665PH;BU07650000;GM0765;9665.0;9665PH;False;False;False;53.09302095295988;6.987462745897241;WarmteAtlas:MT_WarmteBronnen_ECW;https://www.warmteatlas.nl/geoserver/WarmteAtlas/wfs;2026-06-24T11:54:24;
97350;400580;Verzinkerij West Brabant BV;0;;0.0;Optie B;0.0;0.0;0;0;0;BU16550303;GM1655;4731.0;4731DJ;BU16550303;GM1655;4731.0;4731DJ;BU16550303;GM1655;4731.0;4731DJ;False;False;False;51.59116512693214;4.555267124300639;WarmteAtlas:MT_WarmteBronnen_ECW;https://www.warmteatlas.nl/geoserver/WarmteAtlas/wfs;2026-06-24T11:54:24;
70714;426770;Farm Frites BV;80;Industrie;2.78;Optie B;0.0;0.0;2;200;200;BU19921003;GM1992;3227.0;3227CD;BU19921003;GM1992;3227.0;3227CD;BU19921003;GM1992;3227.0;3227CD;False;False;False;51.823164462847295;4.164611178388323;WarmteAtlas:MT_WarmteBronnen_ECW;https://www.warmteatlas.nl/geoserver/WarmteAtlas/wfs;2026-06-24T11:54:24;
201171;431942;Wienerberger Steenfabriek Kijfwaard Oost;0;;0.0;Optie B;0.0;0.0;0;0;0;BU02990601;GM0299;6911.0;6911KD;BU02990601;GM0299;6911.0;6911KD;BU02990601;GM0299;6911.0;6911KD;False;False;False;51.874104403325866;6.057668025558739;WarmteAtlas:MT_WarmteBronnen_ECW;https://www.warmteatlas.nl/geoserver/WarmteAtlas/wfs;2026-06-24T11:54:24;
200098;432128;Wienerberger Steenfabriek Kijfwaard West;0;;0.0;Optie B;0.0;0.0;0;0;0;BU02990601;GM0299;6911.0;6911KE;BU02990601;GM0299;6911.0;6911KE;BU02990601;GM0299;6911.0;6911KE;False;False;False;51.875864077617464;6.042111932951602;WarmteAtlas:MT_WarmteBronnen_ECW;https://www.warmteatlas.nl/geoserver/WarmteAtlas/wfs;2026-06-24T11:54:24;
195744;371754;Baksteen Helden BV;0;;0.0;Optie B;0.0;0.0;0;0;0;BU18940101;GM1894;5981.0;5981AE;BU18940108;GM1894;5981.0;5981AE;BU18940108;GM1894;5981.0;5981AE;True;False;False;51.33354827410273;5.971846656974124;WarmteAtlas:MT_WarmteBronnen_ECW;https://www.warmteatlas.nl/geoserver/WarmteAtlas/wfs;2026-06-24T11:54:24;
106240;426515;Stork Fokker AESP BV;80;Industrie;0.46;Optie B;0.0;0.0;2;200;200;BU05900902;GM0590;3351.0;3351LB;BU05900902;GM0590;3351.0;3351NL;BU05900902;GM0590;3351.0;3351NL;False;False;False;51.825109030216126;4.679910228804382;WarmteAtlas:MT_WarmteBronnen_ECW;https://www.warmteatlas.nl/geoserver/WarmteAtlas/wfs;2026-06-24T11:54:24;
84800;433523;Air Liquide Pergen VOF;80;Industrie;57.36;Optie B;0.0;0.0;0;0;0;BU05992295;GM0599;3196.0;3196KH;BU05992295;GM0599;3196.0;3196KH;BU05992295;GM0599;3196.0;3196KH;False;False;False;51.88580524098241;4.367524969908818;WarmteAtlas:MT_WarmteBronnen_ECW;https://www.warmteatlas.nl/geoserver/WarmteAtlas/wfs;2026-06-24T11:54:24;
129314;502427;Biowarmtecentrale de Purmer  BWC 1;80;BMC;44.0;Optie B;0.0;0.0;0;0;0;BU04390505;GM0439;1446.0;1446WB;BU04390505;GM0439;1446.0;1446WB;BU04390505;GM0439;1446.0;1446WB;False;False;False;52.50892471081747;5.008862149396323;WarmteAtlas:MT_WarmteBronnen_ECW;https://www.warmteatlas.nl/geoserver/WarmteAtlas/wfs;2026-06-24T11:54:24;
165512;475595;Stichting Mestverwerking Gelderland SMG KGBI Putten;0;;0.0;Optie B;0.0;0.0;0;0;0;BU02730009;GM0273;3882.0;3882RL;BU02730009;GM0273;3882.0;3882RL;BU02730009;GM0273;3882.0;3882RL;False;False;False;52.26827356246522;5.541201889818815;WarmteAtlas:MT_WarmteBronnen_ECW;https://www.warmteatlas.nl/geoserver/WarmteAtlas/wfs;2026-06-24T11:54:24;
98085;424965;SU Specialiteitenfabriek Puttershoek;80;Industrie;0.05;Optie B;0.0;0.0;2;200;200;BU19630499;GM1963;2995.0;2995XL;BU19630499;GM1963;2995.0;2995XL;BU19630499;GM1963;2995.0;2995XL;False;False;False;51.81040585512084;4.561883202717449;WarmteAtlas:MT_WarmteBronnen_ECW;https://www.warmteatlas.nl/geoserver/WarmteAtlas/wfs;2026-06-24T11:54:24;
61044;386513;LambWeston Meijer;0;Industrie;3.0;Optie A;0.0;0.0;0;0;0;BU07030106;GM0703;4416.0;4416PE;BU07030106;GM0703;4416.0;4416PE;BU07030106;GM0703;4416.0;4416PE;False;False;False;51.45985074698326;4.035221138551784;WarmteAtlas:MT_WarmteBronnen_ECW;https://www.warmteatlas.nl/geoserver/WarmteAtlas/wfs;2026-06-24T11:54:24;
178450;442450;Norske Skog Parenco BV;0;;0.0;Optie B;0.0;0.0;0;0;0;BU02740101;GM0274;6871.0;6871AW;BU02740101;GM0274;6871.0;6871AW;BU02740101;GM0274;6871.0;6871AW;False;False;False;51.969972122802886;5.7284534596915195;WarmteAtlas:MT_WarmteBronnen_ECW;https://www.warmteatlas.nl/geoserver/WarmteAtlas/wfs;2026-06-24T11:54:24;
191500;408500;FrieslandCampina Cheese en Butter Rijkevoort;0;Industrie;0.0;Optie B;0.0;0.0;0;0;0;BU19821803;GM1982;5447.0;5447PE;BU19821803;GM1982;5447.0;5447PE;BU19821803;GM1982;5447.0;5447PE;False;False;False;51.664123219605685;5.914769011862645;WarmteAtlas:MT_WarmteBronnen_ECW;https://www.warmteatlas.nl/geoserver/WarmteAtlas/wfs;2026-06-24T11:54:24;
83663;450035;UZIMET BV;80;Industrie;0.04;Optie B;0.0;0.0;2;200;200;BU06031193;GM0603;2289.0;2289BA;BU06031193;GM0603;2289.0;2289BA;BU06031193;GM0603;2289.0;2289BA;False;False;False;52.03405414017338;4.347580985453512;WarmteAtlas:MT_WarmteBronnen_ECW;https://www.warmteatlas.nl/geoserver/WarmteAtlas/wfs;2026-06-24T11:54:24;
37262;385782;Sloe Centrale BV Vlissingen;0;STEG;495.0;Optie B;0.0;0.0;0;0;0;BU07180800;GM0718;4389.0;4389PR;BU07180800;GM0718;4389.0;4389PR;BU07180800;GM0718;4389.0;4389PR;False;False;False;51.448817312325374;3.6933822599151145;WarmteAtlas:MT_WarmteBronnen_ECW;https://www.warmteatlas.nl/geoserver/WarmteAtlas/wfs;2026-06-24T11:54:24;
200915;353671;Rockwool BV;0;;0.0;Optie B;0.0;0.0;0;0;0;BU09570202;GM0957;6045.0;6045JG;BU09570202;GM0957;6045.0;6045JG;BU09570202;GM0957;6045.0;6045JG;False;False;False;51.17061706804765;6.04370829658966;WarmteAtlas:MT_WarmteBronnen_ECW;https://www.warmteatlas.nl/geoserver/WarmteAtlas/wfs;2026-06-24T11:54:24;
198000;357600;Smurfit Kappa Roermond Papier BV;0;Industrie;15.5;Optie B;0.0;0.0;0;0;0;BU09570004;GM0957;6041.0;6041TA;BU09570004;GM0957;6041.0;6041TA;BU09570004;GM0957;6041.0;6041TA;False;False;False;51.206160403598595;6.002504397281593;WarmteAtlas:MT_WarmteBronnen_ECW;https://www.warmteatlas.nl/geoserver/WarmteAtlas/wfs;2026-06-24T11:54:24;
93132;395419;Bostik Nederland BV;0;;0.0;Optie B;0.0;0.0;0;0;0;BU16740802;GM1674;4705.0;4705RP;BU16740802;GM1674;4705.0;4705RP;BU16740802;GM1674;4705.0;4705RP;False;False;False;51.54433074877987;4.4953165374044985;WarmteAtlas:MT_WarmteBronnen_ECW;https://www.warmteatlas.nl/geoserver/WarmteAtlas/wfs;2026-06-24T11:54:24;
89550;395830;Sita ReEnergy Roosendaal BV;0;;70.0;Optie B;0.0;0.0;0;0;0;BU16740309;GM1674;4703.0;4703RK;BU16740309;GM1674;4703.0;4703RK;BU16740309;GM1674;4703.0;4703RK;False;False;False;51.54761919843757;4.44360844068634;WarmteAtlas:MT_WarmteBronnen_ECW;https://www.warmteatlas.nl/geoserver/WarmteAtlas/wfs;2026-06-24T11:54:24;
151750;422810;Rodruza Steenfabriek Rossum BV;0;;0.0;Optie B;0.0;0.0;0;0;0;BU02630408;GM0263;5328.0;5328JH;BU02630408;GM0263;5328.0;5328JH;BU02630408;GM0263;5328.0;5328JH;False;False;False;51.79392817542987;5.340092158333168;WarmteAtlas:MT_WarmteBronnen_ECW;https://www.warmteatlas.nl/geoserver/WarmteAtlas/wfs;2026-06-24T11:54:24;
88935;436199;EOn Benelux NV Galileistraat;80;STEG;18.06;Optie B;0.0;0.0;0;0;0;BU05991926;GM0599;3029.0;3029AC;BU05991926;GM0599;3029.0;3029AC;BU05991926;GM0599;3029.0;3029AC;False;False;False;51.91036104626041;4.42706552219949;WarmteAtlas:MT_WarmteBronnen_ECW;https://www.warmteatlas.nl/geoserver/WarmteAtlas/wfs;2026-06-24T11:54:24;
98212;440895;EON Centrale RoCa;80;STEG;198.0;Optie B;0.0;0.0;0;0;0;BU05991467;GM0599;3068.0;3068AX;BU05991467;GM0599;3068.0;3068AX;BU05991467;GM0599;3068.0;3068AX;False;False;False;51.95359028362848;4.561100036252078;WarmteAtlas:MT_WarmteBronnen_ECW;https://www.warmteatlas.nl/geoserver/WarmteAtlas/wfs;2026-06-24T11:54:24;
94850;436030;Hunter Douglas Europe BV;80;Industrie;0.81;Optie B;0.0;0.0;2;200;200;BU05991087;GM0599;3071.0;3071EL;BU05991087;GM0599;3071.0;3071EL;BU05991087;GM0599;3071.0;3071EL;False;False;False;51.90951296860463;4.5130490222974595;WarmteAtlas:MT_WarmteBronnen_ECW;https://www.warmteatlas.nl/geoserver/WarmteAtlas/wfs;2026-06-24T11:54:24;
94200;436500;Unilever Nederland Foods Factories BV;80;Industrie;0.49;Optie B;0.0;0.0;2;200;200;BU05991087;GM0599;3071.0;3071JM;BU05991087;GM0599;3071.0;3071JM;BU05991087;GM0599;3071.0;3071JM;False;False;False;51.91366640748244;4.503520674462932;WarmteAtlas:MT_WarmteBronnen_ECW;https://www.warmteatlas.nl/geoserver/WarmteAtlas/wfs;2026-06-24T11:54:24;
92841;437409;Eon Laurensplaat Delfsevaart;80;STEG;0.0;Optie B;0.0;0.0;0;0;0;BU05990110;GM0599;3011.0;3011GC;BU05990110;GM0599;3011.0;3011GC;BU05990110;GM0599;3011.0;3011GC;False;False;False;51.921685750732664;4.4836067266268556;WarmteAtlas:MT_WarmteBronnen_ECW;https://www.warmteatlas.nl/geoserver/WarmteAtlas/wfs;2026-06-24T11:54:24;
92648;436763;Eon Blekerhof;80;STEG;0.01;Optie B;0.0;0.0;0;0;0;BU05990110;GM0599;3011.0;3011CK;BU05990110;GM0599;3011.0;3011CK;BU05990110;GM0599;3011.0;3011CK;False;False;False;51.91585833087669;4.480918533496398;WarmteAtlas:MT_WarmteBronnen_ECW;https://www.warmteatlas.nl/geoserver/WarmteAtlas/wfs;2026-06-24T11:54:24;
92600;434400;Meneba Meel BV;80;Industrie;0.36;Optie B;0.0;0.0;2;200;200;BU05991571;GM0599;3081.0;3081AB;BU05991571;GM0599;3081.0;3081AB;BU05991571;GM0599;3081.0;3081AB;False;False;False;51.89461583034113;4.480649251261045;WarmteAtlas:MT_WarmteBronnen_ECW;https://www.warmteatlas.nl/geoserver/WarmteAtlas/wfs;2026-06-24T11:54:24;
90500;434500;Galvanisch Bedrijf Chromolux;80;Industrie;0.04;Optie B;0.0;0.0;2;200;200;BU05992194;GM0599;3087.0;3087BL;BU05992194;GM0599;3087.0;3087BL;BU05992194;GM0599;3087.0;3087BL;False;False;False;51.89527522812249;4.450125352145683;WarmteAtlas:MT_WarmteBronnen_ECW;https://www.warmteatlas.nl/geoserver/WarmteAtlas/wfs;2026-06-24T11:54:24;
89750;440750;Vliegveld Rotterdam Airport;80;Industrie;1.53;Optie B;0.0;0.0;2;200;200;BU05990455;GM0599;3045.0;3045AV;BU05990455;GM0599;3045.0;3045AV;BU05990455;GM0599;3045.0;3045AV;False;False;False;51.951358122285995;4.438044813764799;WarmteAtlas:MT_WarmteBronnen_ECW;https://www.warmteatlas.nl/geoserver/WarmteAtlas/wfs;2026-06-24T11:54:24;
88933;433511;Sita Recycling Services Rotterdam;80;AVI;0.0;Optie B;0.0;0.0;2;500;500;BU05992194;GM0599;3089.0;3089JJ;BU05992194;GM0599;3089.0;3089JJ;BU05992194;GM0599;3089.0;3089JJ;False;False;False;51.88620307295042;4.427552133037331;WarmteAtlas:MT_WarmteBronnen_ECW;https://www.warmteatlas.nl/geoserver/WarmteAtlas/wfs;2026-06-24T11:54:24;
88200;438400;FrieslandCampina Rotterdam;80;Industrie;0.25;Optie B;0.0;0.0;2;200;200;BU05991853;GM0599;3044.0;3044CD;BU05991853;GM0599;3044.0;3044CD;BU05991853;GM0599;3044.0;3044CD;False;False;False;51.93005413499265;4.415957652031441;WarmteAtlas:MT_WarmteBronnen_ECW;https://www.warmteatlas.nl/geoserver/WarmteAtlas/wfs;2026-06-24T11:54:24;
88143;434037;RZB Holding BV;80;Industrie;0.0;Optie B;0.0;0.0;2;200;200;BU05992196;GM0599;3089.0;3089KG;BU05992196;GM0599;3089.0;3089KG;BU05992196;GM0599;3089.0;3089KG;False;False;False;51.890836074902445;4.415976557155791;WarmteAtlas:MT_WarmteBronnen_ECW;https://www.warmteatlas.nl/geoserver/WarmteAtlas/wfs;2026-06-24T11:54:24;
87000;433650;Damen Ship Repair Rotterdam locatie Pernis;80;Industrie;0.06;Optie B;0.0;0.0;2;200;200;BU05992196;GM0599;3195.0;3195HT;BU05992196;GM0599;3195.0;3195HT;BU05992196;GM0599;3195.0;3195HT;False;False;False;51.88721960756934;4.399451008179845;WarmteAtlas:MT_WarmteBronnen_ECW;https://www.warmteatlas.nl/geoserver/WarmteAtlas/wfs;2026-06-24T11:54:24;
209085;514986;Rouveen Kaasspecialiteiten;0;;0.0;Optie B;0.0;0.0;0;0;0;BU01800102;GM0180;7954.0;7954GH;BU01800102;GM0180;7954.0;7954GH;BU01800102;GM0180;7954.0;7954GH;False;False;False;52.619712764134725;6.185864902704778;WarmteAtlas:MT_WarmteBronnen_ECW;https://www.warmteatlas.nl/geoserver/WarmteAtlas/wfs;2026-06-24T11:54:24;
72350;437418;Kemira Chemicals BV;80;Industrie;1.01;Optie B;0.0;0.0;2;200;200;BU05992307;GM0599;3198.0;3198LS;BU05992307;GM0599;3198.0;3198LS;BU05992307;GM0599;3198.0;3198LS;False;False;False;51.9190997071225;4.185784801914796;WarmteAtlas:MT_WarmteBronnen_ECW;https://www.warmteatlas.nl/geoserver/WarmteAtlas/wfs;2026-06-24T11:54:24;
249900;575960;ESKA Graphic Board BV Sappemeer;0;;0.0;Optie B;0.0;0.0;0;0;0;BU19520408;GM1952;9611.0;9611AW;BU19520408;GM1952;9611.0;9611AW;BU19520408;GM1952;9611.0;9611AW;False;False;False;53.161937017057525;6.806127409709567;WarmteAtlas:MT_WarmteBronnen_ECW;https://www.warmteatlas.nl/geoserver/WarmteAtlas/wfs;2026-06-24T11:54:24;
44338;361919;Cargill Benelux BV;0;Industrie;100.0;Optie B;0.0;0.0;0;0;0;BU07151301;GM0715;4551.0;4551LA;BU07151301;GM0715;4551.0;4551LA;BU07151301;GM0715;4551.0;4551LA;False;False;False;51.23581911349434;3.8025958778657167;WarmteAtlas:MT_WarmteBronnen_ECW;https://www.warmteatlas.nl/geoserver/WarmteAtlas/wfs;2026-06-24T11:54:24;
181400;551120;Vreugdenhil Dairy Foods;0;;0.0;Optie B;0.0;0.0;0;0;0;BU19404001;GM1940;8517.0;8517HC;BU19404001;GM1940;8517.0;8517HC;BU19404001;GM1940;8517.0;8517HC;False;False;False;52.94647651762149;5.779963319775962;WarmteAtlas:MT_WarmteBronnen_ECW;https://www.warmteatlas.nl/geoserver/WarmteAtlas/wfs;2026-06-24T11:54:24;
161100;455000;Anox BV;0;;0.0;Optie B;0.0;0.0;0;0;0;BU02790000;GM0279;3925.0;3925BD;BU02790000;GM0279;3925.0;3925BD;BU02790000;GM0279;3925.0;3925BD;False;False;False;52.08323471840573;5.4761965805525;WarmteAtlas:MT_WarmteBronnen_ECW;https://www.warmteatlas.nl/geoserver/WarmteAtlas/wfs;2026-06-24T11:54:24;
85500;435500;Damen Shiprepair Rotterdam BV;80;Industrie;0.06;Optie B;0.0;0.0;2;200;200;BU06060201;GM0606;3115.0;3115JG;BU06060201;GM0606;3115.0;3115JG;BU06060201;GM0606;3115.0;3115JG;False;False;False;51.903660636467485;4.377292268858723;WarmteAtlas:MT_WarmteBronnen_ECW;https://www.warmteatlas.nl/geoserver/WarmteAtlas/wfs;2026-06-24T11:54:24;
161677;402051;Van Swaay Hout Schijndel;0;;0.0;Optie B;0.0;0.0;0;0;0;BU19480209;GM1948;5482.0;5482NM;BU19480209;GM1948;5482.0;5482NM;BU19480209;GM1948;5482.0;5482NM;False;False;False;51.60730583285113;5.483588675795555;WarmteAtlas:MT_WarmteBronnen_ECW;https://www.warmteatlas.nl/geoserver/WarmteAtlas/wfs;2026-06-24T11:54:24;
112250;480250;Vliegveld Luchthaven Schiphol;0;Industrie;0.0;Optie B;0.0;0.0;0;0;0;BU03941663;GM0394;1118.0;1118BG;BU03941663;GM0394;1118.0;1118BG;BU03941663;GM0394;1118.0;1118BG;False;False;False;52.30855127514376;4.760355279671546;WarmteAtlas:MT_WarmteBronnen_ECW;https://www.warmteatlas.nl/geoserver/WarmteAtlas/wfs;2026-06-24T11:54:24;
136450;437100;Bel Leerdammer BV Schoonrewoerd;0;;0.0;Optie B;0.0;0.0;0;0;0;BU19613101;GM1961;4145.0;4145KK;BU19613101;GM1961;4145.0;4145KK;BU19613101;GM1961;4145.0;4145KK;False;False;False;51.922071714041635;5.117546203693166;WarmteAtlas:MT_WarmteBronnen_ECW;https://www.warmteatlas.nl/geoserver/WarmteAtlas/wfs;2026-06-24T11:54:24;
161651;580654;Hartman BV;0;;0.0;Optie B;0.0;0.0;0;0;0;BU19494402;GM1949;8855.0;8855XE;BU19494402;GM1949;8855.0;8855XE;BU19494402;GM1949;8855.0;8855XE;False;False;False;53.21247167420076;5.486763173834091;WarmteAtlas:MT_WarmteBronnen_ECW;https://www.warmteatlas.nl/geoserver/WarmteAtlas/wfs;2026-06-24T11:54:24;
85471;452540;Eneco Solar Bio en Hydro BV WKC Ypenburg;80;STEG;1.8;Optie B;0.0;0.0;0;0;0;BU05184110;GM0518;2496.0;2496ZX;BU05184110;GM0518;2496.0;2496ZX;BU05184110;GM0518;2496.0;2496ZX;False;False;False;52.056796099481446;4.373416097292752;WarmteAtlas:MT_WarmteBronnen_ECW;https://www.warmteatlas.nl/geoserver/WarmteAtlas/wfs;2026-06-24T11:54:24;
84489;451037;Eneco Solar Bio en Hydro HWC Ypenburg;80;STEG;0.46;Optie B;0.0;0.0;0;0;0;BU05184107;GM0518;2497.0;2497GG;BU05184107;GM0518;2497.0;2497GG;BU05184107;GM0518;2497.0;2497GG;False;False;False;52.0431646907099;4.359410103365646;WarmteAtlas:MT_WarmteBronnen_ECW;https://www.warmteatlas.nl/geoserver/WarmteAtlas/wfs;2026-06-24T11:54:24;
79821;454750;EOn Centrale Den Haag;80;STEG;7.01;Optie B;0.0;0.0;0;0;0;BU05182110;GM0518;2518.0;2518RA;BU05182110;GM0518;2518.0;2518RA;BU05182110;GM0518;2518.0;2518RA;False;False;False;52.075919016671314;4.29056193555572;WarmteAtlas:MT_WarmteBronnen_ECW;https://www.warmteatlas.nl/geoserver/WarmteAtlas/wfs;2026-06-24T11:54:24;
151000;410600;FrieslandCampina Den Bosch;0;Industrie;0.0;Optie B;0.0;0.0;0;0;0;BU07960205;GM0796;5216.0;5216JZ;BU07960205;GM0796;5216.0;5216JZ;BU07960205;GM0796;5216.0;5216JZ;False;False;False;51.684174433825326;5.329360917092064;WarmteAtlas:MT_WarmteBronnen_ECW;https://www.warmteatlas.nl/geoserver/WarmteAtlas/wfs;2026-06-24T11:54:24;
147821;412803;Vitelco BV;0;;0.0;Optie B;0.0;0.0;0;0;0;BU07961110;GM0796;5222.0;5222AE;BU07961110;GM0796;5222.0;5222AE;BU07961110;GM0796;5222.0;5222AE;False;False;False;51.70394438412571;5.283346559105306;WarmteAtlas:MT_WarmteBronnen_ECW;https://www.warmteatlas.nl/geoserver/WarmteAtlas/wfs;2026-06-24T11:54:24;
147600;412130;GTO Plating;0;;0.0;Optie B;0.0;0.0;0;0;0;BU07961108;GM0796;5222.0;5222AR;BU07961108;GM0796;5222.0;5222AR;BU07961108;GM0796;5222.0;5222AR;False;False;False;51.697892269679905;5.280163755726886;WarmteAtlas:MT_WarmteBronnen_ECW;https://www.warmteatlas.nl/geoserver/WarmteAtlas/wfs;2026-06-24T11:54:24;
147500;412600;Heineken Nederland BV Den Bosch;0;;0.0;Optie B;0.0;0.0;0;0;0;BU07961108;GM0796;5222.0;5222AH;BU07961108;GM0796;5222.0;5222AH;BU07961108;GM0796;5222.0;5222AH;False;False;False;51.70211552217223;5.278707178488334;WarmteAtlas:MT_WarmteBronnen_ECW;https://www.warmteatlas.nl/geoserver/WarmteAtlas/wfs;2026-06-24T11:54:24;
159600;397000;Ahrend Produktiebedrijf Sint Oedenrode BV;0;;0.0;Optie B;0.0;0.0;0;0;0;BU19480318;GM1948;5492.0;5492BW;BU19480318;GM1948;5492.0;5492BW;BU19480318;GM1948;5492.0;5492BW;False;False;False;51.56192544637673;5.4535391780480325;WarmteAtlas:MT_WarmteBronnen_ECW;https://www.warmteatlas.nl/geoserver/WarmteAtlas/wfs;2026-06-24T11:54:24;
187982;336875;BES Exploitatie BV;0;;0.0;Optie B;0.0;0.0;0;0;0;BU18830001;GM1883;6136.0;6136AC;BU18830001;GM1883;6136.0;6136AC;BU18830001;GM1883;6136.0;6136AC;False;False;False;51.02054346849791;5.857249749775675;WarmteAtlas:MT_WarmteBronnen_ECW;https://www.warmteatlas.nl/geoserver/WarmteAtlas/wfs;2026-06-24T11:54:24;
111810;426380;IHC Sliedrecht BV;80;Industrie;0.07;Optie B;0.0;0.0;2;200;200;BU06100108;GM0610;3361.0;3361EP;BU06100108;GM0610;3361.0;3361EP;BU06100108;GM0610;3361.0;3361EP;False;False;False;51.8243546853806;4.76071826901783;WarmteAtlas:MT_WarmteBronnen_ECW;https://www.warmteatlas.nl/geoserver/WarmteAtlas/wfs;2026-06-24T11:54:24;
110031;426433;De Bioderij BV;80;Industrie;0.32;Optie B;0.0;0.0;2;200;200;BU06100102;GM0610;3361.0;3361GN;BU06100102;GM0610;3361.0;3361GN;BU06100102;GM0610;3361.0;3361GN;False;False;False;51.82469048575651;4.734908005103444;WarmteAtlas:MT_WarmteBronnen_ECW;https://www.warmteatlas.nl/geoserver/WarmteAtlas/wfs;2026-06-24T11:54:24;
47220;366931;Heros Sluiskil B V;0;Industrie;3.0;Optie B;0.0;0.0;0;0;0;BU07151601;GM0715;4541.0;4541HH;BU07151601;GM0715;4541.0;4541HH;BU07151601;GM0715;4541.0;4541HH;False;False;False;51.28141233909551;3.8423313266372503;WarmteAtlas:MT_WarmteBronnen_ECW;https://www.warmteatlas.nl/geoserver/WarmteAtlas/wfs;2026-06-24T11:54:24;
47750;366500;YARA Sluiskil BV;0;Industrie;181.0;Optie B;0.0;0.0;0;0;0;BU07151601;GM0715;4541.0;4541HJ;BU07151601;GM0715;4541.0;4541HJ;BU07151601;GM0715;4541.0;4541HJ;False;False;False;51.2776398814052;3.8500555684323325;WarmteAtlas:MT_WarmteBronnen_ECW;https://www.warmteatlas.nl/geoserver/WarmteAtlas/wfs;2026-06-24T11:54:24;
159100;390650;Rendac Son BV;0;;0.0;Optie B;0.0;0.0;0;0;0;BU08480009;GM0848;5691.0;5691NM;BU08480009;GM0848;5691.0;5691NM;BU08480009;GM0848;5691.0;5691NM;False;False;False;51.504851630936685;5.446254123074785;WarmteAtlas:MT_WarmteBronnen_ECW;https://www.warmteatlas.nl/geoserver/WarmteAtlas/wfs;2026-06-24T11:54:24;
204650;451960;Verzinkerij Dieren BV;0;;0.0;Optie B;0.0;0.0;0;0;0;BU02750003;GM0275;6956.0;6956AX;BU02750003;GM0275;6956.0;6956AX;BU02750003;GM0275;6956.0;6956AX;False;False;False;52.05371911844545;6.111081084538017;WarmteAtlas:MT_WarmteBronnen_ECW;https://www.warmteatlas.nl/geoserver/WarmteAtlas/wfs;2026-06-24T11:54:24;
253587;603833;Gasunie Spijk;0;;0.0;Optie B;0.0;0.0;0;0;0;BU19661401;GM1966;9979.0;9979XA;BU19661401;GM1966;9979.0;9979XA;BU19661401;GM1966;9979.0;9979XA;False;False;False;53.41165194827039;6.869817949234987;WarmteAtlas:MT_WarmteBronnen_ECW;https://www.warmteatlas.nl/geoserver/WarmteAtlas/wfs;2026-06-24T11:54:24;
208038;429053;Steenfabriek Spijk BV;0;;0.0;Optie B;0.0;0.0;0;0;0;BU02991101;GM0299;6917.0;6917AD;BU02991101;GM0299;6917.0;6917AD;BU02991101;GM0299;6917.0;6917AD;False;False;False;51.84752731932659;6.156933883128;WarmteAtlas:MT_WarmteBronnen_ECW;https://www.warmteatlas.nl/geoserver/WarmteAtlas/wfs;2026-06-24T11:54:24;
84500;428600;AWZI Spijkenisse Allemanspolder;80;AVI;0.59;Optie B;0.0;0.0;2;500;500;BU19301707;GM1930;3207.0;3207LD;BU19301707;GM1930;3207.0;3207LD;BU19301707;GM1930;3207.0;3207LD;False;False;False;51.841523586871446;4.3641740691542985;WarmteAtlas:MT_WarmteBronnen_ECW;https://www.warmteatlas.nl/geoserver/WarmteAtlas/wfs;2026-06-24T11:54:24;
262459;555604;Van Gansewinkel Stadskanaal;0;AVI;0.0;Optie B;0.0;0.0;0;0;0;BU00370106;GM0037;9502.0;9502EJ;BU00370106;GM0037;9502.0;9502EJ;BU00370106;GM0037;9502.0;9502EJ;False;False;False;52.97670817266536;6.987087238342592;WarmteAtlas:MT_WarmteBronnen_ECW;https://www.warmteatlas.nl/geoserver/WarmteAtlas/wfs;2026-06-24T11:54:24;
210530;452620;FrieslandCampina Cheese Steenderen;0;Industrie;0.0;Optie B;0.0;0.0;0;0;0;BU18760310;GM1876;7221.0;7221DD;BU18760310;GM1876;7221.0;7221NE;BU18760310;GM1876;7221.0;7221NE;False;False;False;52.059092548396855;6.196908803627847;WarmteAtlas:MT_WarmteBronnen_ECW;https://www.warmteatlas.nl/geoserver/WarmteAtlas/wfs;2026-06-24T11:54:24;
210103;453484;Aviko BV;0;;0.0;Optie B;0.0;0.0;0;0;0;BU18760300;GM1876;7221.0;7221CA;BU18760300;GM1876;7221.0;7221CA;BU18760300;GM1876;7221.0;7221CA;False;False;False;52.06690025968804;6.1908226036118945;WarmteAtlas:MT_WarmteBronnen_ECW;https://www.warmteatlas.nl/geoserver/WarmteAtlas/wfs;2026-06-24T11:54:24;
177957;356809;Verzinkerij Weert BV en Electrocoat BV Weert Groep;0;;0.0;Optie B;0.0;0.0;0;0;0;BU09883401;GM0988;6039.0;6039AP;BU09883401;GM0988;6039.0;6039AP;BU09883401;GM0988;6039.0;6039AP;False;False;False;51.20021502641892;5.715656531948148;WarmteAtlas:MT_WarmteBronnen_ECW;https://www.warmteatlas.nl/geoserver/WarmteAtlas/wfs;2026-06-24T11:54:24;
176502;465210;Stichting Mestverwerking Gelderland SMG KGBI Stroe;0;;0.0;Optie B;0.0;0.0;0;0;0;BU02035960;GM0203;3776.0;3776LW;BU02035960;GM0203;3776.0;3776LW;BU02035960;GM0203;3776.0;3776LW;False;False;False;52.17461645799073;5.701540935066983;WarmteAtlas:MT_WarmteBronnen_ECW;https://www.warmteatlas.nl/geoserver/WarmteAtlas/wfs;2026-06-24T11:54:24;
176126;465468;Pluimveeverwerkingsbedrijf Jan van Ee BV;0;;0.0;Optie B;0.0;0.0;0;0;0;BU02035960;GM0203;3776.0;3776LP;BU02035960;GM0203;3776.0;3776LP;BU02035960;GM0203;3776.0;3776LP;False;False;False;52.176949830263915;5.696060341232653;WarmteAtlas:MT_WarmteBronnen_ECW;https://www.warmteatlas.nl/geoserver/WarmteAtlas/wfs;2026-06-24T11:54:24;
196106;577690;SCA Hygiene Products Suameer BV;0;;0.0;Optie B;0.0;0.0;0;0;0;BU07370600;GM0737;9262.0;9262ND;BU07370600;GM0737;9262.0;9262ND;BU07370600;GM0737;9262.0;9262ND;False;False;False;53.18430285075463;6.002108317693588;WarmteAtlas:MT_WarmteBronnen_ECW;https://www.warmteatlas.nl/geoserver/WarmteAtlas/wfs;2026-06-24T11:54:24;
195412;577315;Sonac Burgum BV;0;;0.0;Optie B;0.0;0.0;0;0;0;BU07370600;GM0737;9262.0;9262NC;BU07370600;GM0737;9262.0;9262NC;BU07370600;GM0737;9262.0;9262NC;False;False;False;53.18098617118937;5.99168032588521;WarmteAtlas:MT_WarmteBronnen_ECW;https://www.warmteatlas.nl/geoserver/WarmteAtlas/wfs;2026-06-24T11:54:24;
199937;360577;Van Houtum Papier BV;0;;0.0;Optie B;0.0;0.0;0;0;0;BU09570800;GM0957;6071.0;6071JR;BU09570800;GM0957;6071.0;6071JR;BU09570800;GM0957;6071.0;6071JR;False;False;False;51.23276855442957;6.030595529688494;WarmteAtlas:MT_WarmteBronnen_ECW;https://www.warmteatlas.nl/geoserver/WarmteAtlas/wfs;2026-06-24T11:54:24;
208516;372291;Wienerberger Dakpanfabriek Narvik Tegelen;0;;0.0;Optie B;0.0;0.0;0;0;0;BU09833205;GM0983;5932.0;5932CT;BU09833205;GM0983;5932.0;5932CT;BU09833205;GM0983;5932.0;5932CT;False;False;False;51.337310534900254;6.155182708776737;WarmteAtlas:MT_WarmteBronnen_ECW;https://www.warmteatlas.nl/geoserver/WarmteAtlas/wfs;2026-06-24T11:54:24;
208132;372710;Wienerberger Dakpanfabriek Narvik Janssen Dings;0;;0.0;Optie B;0.0;0.0;0;0;0;BU09833203;GM0983;5932.0;5932EA;BU09833203;GM0983;5932.0;5932EA;BU09833203;GM0983;5932.0;5932EA;False;False;False;51.3411127501786;6.1497354312921715;WarmteAtlas:MT_WarmteBronnen_ECW;https://www.warmteatlas.nl/geoserver/WarmteAtlas/wfs;2026-06-24T11:54:24;
207490;372282;Monier BV Tegelen;0;;0.0;Optie B;0.0;0.0;0;0;0;BU09833202;GM0983;5932.0;5932AC;BU09833202;GM0983;5932.0;5932AC;BU09833202;GM0983;5932.0;5932AC;False;False;False;51.337325805653016;6.140458968031756;WarmteAtlas:MT_WarmteBronnen_ECW;https://www.warmteatlas.nl/geoserver/WarmteAtlas/wfs;2026-06-24T11:54:24;
207290;372300;MGG Netherlands BV;0;;0.0;Optie B;0.0;0.0;0;0;0;BU09833103;GM0983;5931.0;5931PJ;BU09833103;GM0983;5931.0;5931PJ;BU09833103;GM0983;5931.0;5931PJ;False;False;False;51.33750612009931;6.137591757063854;WarmteAtlas:MT_WarmteBronnen_ECW;https://www.warmteatlas.nl/geoserver/WarmteAtlas/wfs;2026-06-24T11:54:24;
266540;549498;Avebe ua Ter Apelkanaal;0;Industrie;18.75;Optie B;0.0;0.0;0;0;0;BU19500704;GM1950;9563.0;9563TM;BU19500704;GM1950;9563.0;9563TM;BU19500704;GM1950;9563.0;9563TM;False;False;False;52.921028109565036;7.045733207176485;WarmteAtlas:MT_WarmteBronnen_ECW;https://www.warmteatlas.nl/geoserver/WarmteAtlas/wfs;2026-06-24T11:54:24;
223000;437300;Lovink Technocast BV;0;;0.0;Optie B;0.0;0.0;0;0;0;BU15090201;GM1509;7061.0;7061DT;BU15090201;GM1509;7061.0;7061DT;BU15090201;GM1509;7061.0;7061DT;False;False;False;51.920020069314674;6.375675167450037;WarmteAtlas:MT_WarmteBronnen_ECW;https://www.warmteatlas.nl/geoserver/WarmteAtlas/wfs;2026-06-24T11:54:24;
200750;472750;Vliegveld Teuge;0;Industrie;0.0;Optie B;0.0;0.0;0;0;0;BU02850206;GM0285;7395.0;7395PG;BU02850206;GM0285;7395.0;7395PG;BU02850401;GM0285;7395.0;7395PG;True;False;False;52.240903833856024;6.0570231621397745;WarmteAtlas:MT_WarmteBronnen_ECW;https://www.warmteatlas.nl/geoserver/WarmteAtlas/wfs;2026-06-24T11:54:24;
188170;352040;Wienerberger Steenfabriek Thorn;0;;0.0;Optie B;0.0;0.0;0;0;0;BU16410409;GM1641;6017.0;6017BD;BU16410409;GM1641;6017.0;6017BD;BU16410409;GM1641;6017.0;6017BD;False;False;False;51.156843798310554;5.861331577726757;WarmteAtlas:MT_WarmteBronnen_ECW;https://www.warmteatlas.nl/geoserver/WarmteAtlas/wfs;2026-06-24T11:54:24;
158236;436521;GMB Slibverwerking Tiel BV;0;;0.0;Optie B;0.0;0.0;0;0;0;BU02810109;GM0281;4004.0;4004JV;BU02810109;GM0281;4004.0;4004JV;BU02810109;GM0281;4004.0;4004JV;False;False;False;51.91716700769633;5.434238303635074;WarmteAtlas:MT_WarmteBronnen_ECW;https://www.warmteatlas.nl/geoserver/WarmteAtlas/wfs;2026-06-24T11:54:24;
156750;432750;PPG Coatings;0;Industrie;0.0;Optie B;0.0;0.0;0;0;0;BU02810010;GM0281;4006.0;4006WC;BU02810010;GM0281;4006.0;4006WC;BU02810010;GM0281;4006.0;4006WC;False;False;False;51.88327892075522;5.412619815937441;WarmteAtlas:MT_WarmteBronnen_ECW;https://www.warmteatlas.nl/geoserver/WarmteAtlas/wfs;2026-06-24T11:54:24;
131469;399574;IFF Nederland BV;0;;0.0;Optie B;0.0;0.0;0;0;0;BU08555904;GM0855;5048.0;5048AN;BU08555904;GM0855;5048.0;5048AN;BU08555904;GM0855;5048.0;5048AN;False;False;False;51.584588507804455;5.047684267347835;WarmteAtlas:MT_WarmteBronnen_ECW;https://www.warmteatlas.nl/geoserver/WarmteAtlas/wfs;2026-06-24T11:54:24;
129552;400368;Essent Stadsverwarming Tilburg;0;Gasturbine;0.0;Optie B;0.0;0.0;0;0;0;BU08556004;GM0855;5047.0;5047SZ;BU08556004;GM0855;5047.0;5047SZ;BU08556004;GM0855;5047.0;5047SZ;False;False;False;51.5916417677845;5.019967607212627;WarmteAtlas:MT_WarmteBronnen_ECW;https://www.warmteatlas.nl/geoserver/WarmteAtlas/wfs;2026-06-24T11:54:24;
129323;400477;Agristo NV;0;Industrie;14.5;Optie B;0.0;0.0;0;0;0;BU08556004;GM0855;5047.0;5047TS;BU08556004;GM0855;5047.0;5047TS;BU08556004;GM0855;5047.0;5047TS;False;False;False;51.592611085276886;5.016655030953483;WarmteAtlas:MT_WarmteBronnen_ECW;https://www.warmteatlas.nl/geoserver/WarmteAtlas/wfs;2026-06-24T11:54:24;
129000;401000;FUJIFILM Manufacturing Europe BV;0;;0.0;Optie B;0.0;0.0;0;0;0;BU08556004;GM0855;5047.0;5047TK;BU08556004;GM0855;5047.0;5047TK;BU08556004;GM0855;5047.0;5047TK;False;False;False;51.59729716994237;5.011955023119776;WarmteAtlas:MT_WarmteBronnen_ECW;https://www.warmteatlas.nl/geoserver/WarmteAtlas/wfs;2026-06-24T11:54:24;
203900;429800;Scheepswerf De Hoop BV;0;;0.0;Optie B;0.0;0.0;0;0;0;BU02991000;GM0299;6916.0;6916BM;BU02991000;GM0299;6916.0;6916BM;BU02991000;GM0299;6916.0;6916BM;False;False;False;51.85461966021717;6.096990234371186;WarmteAtlas:MT_WarmteBronnen_ECW;https://www.warmteatlas.nl/geoserver/WarmteAtlas/wfs;2026-06-24T11:54:24;
202243;430959;Waalsteenfabriek De Bylandt BV;0;;0.0;Optie B;0.0;0.0;0;0;0;BU02991001;GM0299;6916.0;6916KA;BU02991001;GM0299;6916.0;6916KA;BU02991001;GM0299;6916.0;6916KA;False;False;False;51.8651794884187;6.0730991565771815;WarmteAtlas:MT_WarmteBronnen_ECW;https://www.warmteatlas.nl/geoserver/WarmteAtlas/wfs;2026-06-24T11:54:24;
173000;407050;C en T Technics;0;;0.0;Optie B;0.0;0.0;0;0;0;BU19910115;GM1991;5405.0;5405AK;BU19910115;GM1991;5405.0;5405AK;BU19910115;GM1991;5405.0;5405AK;False;False;False;51.6519900421603;5.6473009427742555;WarmteAtlas:MT_WarmteBronnen_ECW;https://www.warmteatlas.nl/geoserver/WarmteAtlas/wfs;2026-06-24T11:54:24;
191500;466000;Arjowiggins Security BV;0;;0.0;Optie B;0.0;0.0;0;0;0;BU02000302;GM0200;7339.0;7339GR;BU02000302;GM0200;7339.0;7339GR;BU02000302;GM0200;7339.0;7339GR;False;False;False;52.18092856297537;5.920874175807273;WarmteAtlas:MT_WarmteBronnen_ECW;https://www.warmteatlas.nl/geoserver/WarmteAtlas/wfs;2026-06-24T11:54:24;
117900;472450;Koppers Netherlands BV;0;;0.0;Optie B;0.0;0.0;0;0;0;BU04517500;GM0451;1422.0;1422XX;BU04517500;GM0451;1422.0;1422XX;BU04517500;GM0451;1422.0;1422XX;False;False;False;52.238859533966966;4.844054722020468;WarmteAtlas:MT_WarmteBronnen_ECW;https://www.warmteatlas.nl/geoserver/WarmteAtlas/wfs;2026-06-24T11:54:24;
117100;472350;Quaker Chemical BV;0;Industrie;0.0;Optie B;0.0;0.0;0;0;0;BU04517500;GM0451;1422.0;1422AH;BU04517500;GM0451;1422.0;1422AH;BU04517500;GM0451;1422.0;1422AH;False;False;False;52.237906368536144;4.832354330819272;WarmteAtlas:MT_WarmteBronnen_ECW;https://www.warmteatlas.nl/geoserver/WarmteAtlas/wfs;2026-06-24T11:54:24;
222200;435430;Ulamo;0;;0.0;Optie B;0.0;0.0;0;0;0;BU15090009;GM1509;7071.0;7071PV;BU15090009;GM1509;7071.0;7071PV;BU15090009;GM1509;7071.0;7071PV;False;False;False;51.903311247424426;6.363682430220484;WarmteAtlas:MT_WarmteBronnen_ECW;https://www.warmteatlas.nl/geoserver/WarmteAtlas/wfs;2026-06-24T11:54:24;
136344;455260;Eneco HWC Nicolaas Beetsstraat;0;Gasturbine;19.14;Optie B;0.0;0.0;0;0;0;BU03440628;GM0344;3511.0;3511EW;BU03440628;GM0344;3511.0;3511EW;BU03440628;GM0344;3511.0;3511EW;False;False;False;52.085291346105706;5.115016616305356;WarmteAtlas:MT_WarmteBronnen_ECW;https://www.warmteatlas.nl/geoserver/WarmteAtlas/wfs;2026-06-24T11:54:24;
135849;458405;Eneco HWC Overvecht;0;Gasturbine;38.28;Optie B;0.0;0.0;0;0;0;BU03440321;GM0344;3562.0;3562LB;BU03440321;GM0344;3562.0;3562LB;BU03440321;GM0344;3562.0;3562LB;False;False;False;52.113541473001774;5.107618123279234;WarmteAtlas:MT_WarmteBronnen_ECW;https://www.warmteatlas.nl/geoserver/WarmteAtlas/wfs;2026-06-24T11:54:24;
135834;454542;Nuon Kanaalweg;0;STEG;0.0;Optie B;0.0;0.0;0;0;0;BU03440823;GM0344;3527.0;3527KX;BU03440823;GM0344;3527.0;3527KX;BU03440823;GM0344;3527.0;3527KX;False;False;False;52.078820586269025;5.107616242742455;WarmteAtlas:MT_WarmteBronnen_ECW;https://www.warmteatlas.nl/geoserver/WarmteAtlas/wfs;2026-06-24T11:54:24;
133894;457010;Eneco Merwedekanaal;0;STEG;142.23;Optie B;0.0;0.0;0;0;0;BU03440132;GM0344;3534.0;3534AC;BU03440132;GM0344;3534.0;3534AC;BU03440132;GM0344;3534.0;3534AC;False;False;False;52.10093225508692;5.0791638655076365;WarmteAtlas:MT_WarmteBronnen_ECW;https://www.warmteatlas.nl/geoserver/WarmteAtlas/wfs;2026-06-24T11:54:24;
133424;457245;Eneco Lage Weide;0;STEG;153.45;Optie B;0.0;0.0;0;0;0;BU03440133;GM0344;3542.0;3542AA;BU03440133;GM0344;3542.0;3542AA;BU03440133;GM0344;3542.0;3542AA;False;False;False;52.10302629260135;5.0722894987829905;WarmteAtlas:MT_WarmteBronnen_ECW;https://www.warmteatlas.nl/geoserver/WarmteAtlas/wfs;2026-06-24T11:54:24;
133422;458289;Theo Pouw Beheer BV;0;;0.0;Optie B;0.0;0.0;0;0;0;BU03440133;GM0344;3542.0;3542AS;BU03440133;GM0344;3542.0;3542AS;BU03440133;GM0344;3542.0;3542AS;False;False;False;52.112409570063924;5.072194207484622;WarmteAtlas:MT_WarmteBronnen_ECW;https://www.warmteatlas.nl/geoserver/WarmteAtlas/wfs;2026-06-24T11:54:24;
229581;439468;Exploitatiemaatschappij J ter Horst BV;0;;0.0;Optie B;0.0;0.0;0;0;0;BU15090300;GM1509;7051.0;7051GV;BU15090300;GM1509;7051.0;7051GV;BU15090300;GM1509;7051.0;7051GV;False;False;False;51.938660146061224;6.471793716405517;WarmteAtlas:MT_WarmteBronnen_ECW;https://www.warmteatlas.nl/geoserver/WarmteAtlas/wfs;2026-06-24T11:54:24;
258576;567374;Ondergrondse aardgasopslag Zuidwending;0;;0.0;Optie B;0.0;0.0;0;0;0;BU00470109;GM0047;9644.0;9644TW;BU00470109;GM0047;9644.0;9644TW;BU00470109;GM0047;9644.0;9644TW;False;False;False;53.08320259918735;6.933052052845871;WarmteAtlas:MT_WarmteBronnen_ECW;https://www.warmteatlas.nl/geoserver/WarmteAtlas/wfs;2026-06-24T11:54:24;
256065;570785;Nedmag Industries Mining en Manufacturing BV;0;;0.0;Optie B;0.0;0.0;0;0;0;BU00470006;GM0047;9641.0;9641KZ;BU00470006;GM0047;9641.0;9641KZ;BU00470006;GM0047;9641.0;9641KZ;False;False;False;53.114322658575055;6.8966545450480865;WarmteAtlas:MT_WarmteBronnen_ECW;https://www.warmteatlas.nl/geoserver/WarmteAtlas/wfs;2026-06-24T11:54:24;
255841;570713;Kisuma Chemicals BV;0;;0.0;Optie B;0.0;0.0;0;0;0;BU00470006;GM0047;9641.0;9641KZ;BU00470006;GM0047;9641.0;9641KZ;BU00470006;GM0047;9641.0;9641KZ;False;False;False;53.1137179611698;6.893287664290836;WarmteAtlas:MT_WarmteBronnen_ECW;https://www.warmteatlas.nl/geoserver/WarmteAtlas/wfs;2026-06-24T11:54:24;
166850;449000;Dishman Netherlands BV;0;;0.0;Optie B;0.0;0.0;0;0;0;BU03450001;GM0345;3901.0;3901CC;BU03450001;GM0345;3901.0;3901CC;BU03450001;GM0345;3901.0;3901CC;False;False;False;52.02921314663027;5.559875087417911;WarmteAtlas:MT_WarmteBronnen_ECW;https://www.warmteatlas.nl/geoserver/WarmteAtlas/wfs;2026-06-24T11:54:24;
165850;449250;Boxal Netherlands BV;70;;20.0;Optie B;0.0;0.0;0;0;0;BU03450441;GM0345;3905.0;3905ZV;BU03450441;GM0345;3905.0;3905ZV;BU03450441;GM0345;3905.0;3905ZV;False;False;False;52.03148065748815;5.545311602456444;WarmteAtlas:MT_WarmteBronnen_ECW;https://www.warmteatlas.nl/geoserver/WarmteAtlas/wfs;2026-06-24T11:54:24;
164550;402920;FrieslandCampina Veghel DMV International;0;Industrie;0.0;Optie B;0.0;0.0;0;0;0;BU19480403;GM1948;5462.0;5462GE;BU19480403;GM1948;5462.0;5462GE;BU19480403;GM1948;5462.0;5462GE;False;False;False;51.61507528258808;5.525086124615286;WarmteAtlas:MT_WarmteBronnen_ECW;https://www.warmteatlas.nl/geoserver/WarmteAtlas/wfs;2026-06-24T11:54:24;
164080;402680;Mars Nederland BV;0;;0.0;Optie B;0.0;0.0;0;0;0;BU19480417;GM1948;5466.0;5466AE;BU19480417;GM1948;5466.0;5466AE;BU19480417;GM1948;5466.0;5466AE;False;False;False;51.61292584511263;5.5182939532116775;WarmteAtlas:MT_WarmteBronnen_ECW;https://www.warmteatlas.nl/geoserver/WarmteAtlas/wfs;2026-06-24T11:54:24;
155760;385730;Vliegveld Eindhoven;0;Industrie;0.0;Optie B;0.0;0.0;0;0;0;BU07726310;GM0772;5657.0;5657EL;BU07726310;GM0772;5657.0;5657EL;BU07726310;GM0772;5657.0;5657EL;False;False;False;51.46064195627785;5.398136756355661;WarmteAtlas:MT_WarmteBronnen_ECW;https://www.warmteatlas.nl/geoserver/WarmteAtlas/wfs;2026-06-24T11:54:24;
103980;497960;Crown van Gelder NV;0;;0.0;Optie B;0.0;0.0;0;0;0;BU04530502;GM0453;1951.0;1951AZ;BU04530502;GM0453;1951.0;1951AZ;BU04530502;GM0453;1951.0;1951AZ;False;False;False;52.46700461578771;4.636409617339418;WarmteAtlas:MT_WarmteBronnen_ECW;https://www.warmteatlas.nl/geoserver/WarmteAtlas/wfs;2026-06-24T11:54:24;
103696;498603;Nuon Power Generation BV Velsen;0;Gasturbine;706.53;Optie B;0.0;0.0;0;0;0;BU04530501;GM0453;1951.0;1951HG;BU04530501;GM0453;1951.0;1951HG;BU04530501;GM0453;1951.0;1951HG;False;False;False;52.47275655727359;4.632132049408628;WarmteAtlas:MT_WarmteBronnen_ECW;https://www.warmteatlas.nl/geoserver/WarmteAtlas/wfs;2026-06-24T11:54:24;
101802;499926;Linde Gas Benelux BV;0;;0.0;Optie B;0.0;0.0;0;0;0;BU03750801;GM0375;1949.0;1949AG;BU03750801;GM0375;1949.0;1949AL;BU03750801;GM0375;1949.0;1949AL;False;False;False;52.484465173814776;4.604048755976959;WarmteAtlas:MT_WarmteBronnen_ECW;https://www.warmteatlas.nl/geoserver/WarmteAtlas/wfs;2026-06-24T11:54:24;
100985;499055;Tata Steel IJmuiden BV;0;Industrie;10.0;Optie B;0.0;0.0;0;0;0;BU04530506;GM0453;1951.0;1951JR;BU04530506;GM0453;1951.0;1951JR;BU04530506;GM0453;1951.0;1951JR;False;False;False;52.476557774326515;4.592163147725592;WarmteAtlas:MT_WarmteBronnen_ECW;https://www.warmteatlas.nl/geoserver/WarmteAtlas/wfs;2026-06-24T11:54:24;
101894;498859;Nuon IJmond 1;0;STEG;103.95;Optie B;0.0;0.0;0;0;0;BU04530506;GM0453;1951.0;1951JR;BU04530506;GM0453;1951.0;1951JR;BU04530506;GM0453;1951.0;1951JR;False;False;False;52.4748853218408;4.605572564207216;WarmteAtlas:MT_WarmteBronnen_ECW;https://www.warmteatlas.nl/geoserver/WarmteAtlas/wfs;2026-06-24T11:54:24;
207644;378310;DSM Pharma Chemicals Venlo BV;0;Industrie;0.0;Optie B;0.0;0.0;0;0;0;BU09832805;GM0983;5928.0;5928NW;BU09832805;GM0983;5928.0;5928NW;BU09832805;GM0983;5928.0;5928NW;False;False;False;51.39149164622575;6.143565872362431;WarmteAtlas:MT_WarmteBronnen_ECW;https://www.warmteatlas.nl/geoserver/WarmteAtlas/wfs;2026-06-24T11:54:24;
221116;501184;Gasunie Vilsteren Ommen;0;;0.0;Optie B;0.0;0.0;0;0;0;BU01750902;GM0175;7734.0;7734PB;BU01750902;GM0175;7734.0;7734PB;BU01750902;GM0175;7734.0;7734PB;False;False;False;52.4943591014148;6.360758724299292;WarmteAtlas:MT_WarmteBronnen_ECW;https://www.warmteatlas.nl/geoserver/WarmteAtlas/wfs;2026-06-24T11:54:24;
81938;435008;NU3 BV;80;Industrie;0.06;Optie B;0.0;0.0;2;200;200;BU06220304;GM0622;3133.0;3133CA;BU06220304;GM0622;3133.0;3133CA;BU06220304;GM0622;3133.0;3133CA;False;False;False;51.898782841374285;4.325645221830054;WarmteAtlas:MT_WarmteBronnen_ECW;https://www.warmteatlas.nl/geoserver/WarmteAtlas/wfs;2026-06-24T11:54:24;
81932;434823;Tessenderlo Chemie Rotterdam BV;80;Industrie;0.48;Optie B;0.0;0.0;2;200;200;BU06220304;GM0622;3133.0;3133CA;BU06220304;GM0622;3133.0;3133CA;BU06220304;GM0622;3133.0;3133CA;False;False;False;51.89711945420229;4.325597310431853;WarmteAtlas:MT_WarmteBronnen_ECW;https://www.warmteatlas.nl/geoserver/WarmteAtlas/wfs;2026-06-24T11:54:24;
80388;435165;AWZI De Groote Lucht Vlaardingen;80;AVI;1.94;Optie B;0.0;0.0;2;500;500;BU06220303;GM0622;3133.0;3133LA;BU06220303;GM0622;3133.0;3133LA;BU06220303;GM0622;3133.0;3133LA;False;False;False;51.89998819875721;4.303094224660595;WarmteAtlas:MT_WarmteBronnen_ECW;https://www.warmteatlas.nl/geoserver/WarmteAtlas/wfs;2026-06-24T11:54:24;
37469;386879;Century Aluminum Vlissingen B V;0;Industrie;100.0;Optie B;0.0;0.0;0;0;0;BU07180800;GM0718;4389.0;4389PB;BU07180800;GM0718;4389.0;4389PB;BU07180800;GM0718;4389.0;4389PB;False;False;False;51.458717587193085;3.695992995628885;WarmteAtlas:MT_WarmteBronnen_ECW;https://www.warmteatlas.nl/geoserver/WarmteAtlas/wfs;2026-06-24T11:54:24;
27500;389974;Invista Polyester BV;0;Industrie;3.0;Optie B;0.0;0.0;0;0;0;BU07170900;GM0717;4371.0;4371EZ;BU07170900;GM0717;4371.0;4371EZ;BU07170900;GM0717;4371.0;4371EZ;False;False;False;51.48435953981991;3.551490507583526;WarmteAtlas:MT_WarmteBronnen_ECW;https://www.warmteatlas.nl/geoserver/WarmteAtlas/wfs;2026-06-24T11:54:24;
83044;434016;Momentive Specialty Chemicals;80;Industrie;5.85;Optie B;0.0;0.0;2;200;200;BU05992295;GM0599;3196.0;3196KE;BU05992295;GM0599;3196.0;3196KE;BU05992295;GM0599;3196.0;3196KE;False;False;False;51.89001173604212;4.341919553376576;WarmteAtlas:MT_WarmteBronnen_ECW;https://www.warmteatlas.nl/geoserver/WarmteAtlas/wfs;2026-06-24T11:54:24;
81890;434220;Recycling Kombinatie Bouw  en Sloopafval Rotterdam 2;80;AVI;1.76;Optie B;0.0;0.0;2;500;500;BU05992295;GM0599;3196.0;3196KK;BU05992295;GM0599;3196.0;3196KK;BU05992295;GM0599;3196.0;3196KK;False;False;False;51.89169476199334;4.32511518151292;WarmteAtlas:MT_WarmteBronnen_ECW;https://www.warmteatlas.nl/geoserver/WarmteAtlas/wfs;2026-06-24T11:54:24;
84625;433319;Shell Nederland Chemie BV Pernis;80;Industrie;6.03;Optie B;0.0;0.0;2;200;200;BU05992295;GM0599;3196.0;3196KH;BU05992295;GM0599;3196.0;3196KH;BU05992295;GM0599;3196.0;3196KH;False;False;False;51.8839497777682;4.36502508389528;WarmteAtlas:MT_WarmteBronnen_ECW;https://www.warmteatlas.nl/geoserver/WarmteAtlas/wfs;2026-06-24T11:54:24;
83747;433987;Maasstroom Energie CV;80;Industrie;10.72;Optie B;0.0;0.0;2;200;200;BU05992295;GM0599;3196.0;3196KD;BU05992295;GM0599;3196.0;3196KD;BU05992295;GM0599;3196.0;3196KD;False;False;False;51.88984151619974;4.352136219943077;WarmteAtlas:MT_WarmteBronnen_ECW;https://www.warmteatlas.nl/geoserver/WarmteAtlas/wfs;2026-06-24T11:54:24;
83725;434099;Rijnmond Energie;80;STEG;9.34;Optie B;0.0;0.0;0;0;0;BU05992295;GM0599;3196.0;3196KD;BU05992295;GM0599;3196.0;3196KD;BU05992295;GM0599;3196.0;3196KD;False;False;False;51.89084525512028;4.351793512890175;WarmteAtlas:MT_WarmteBronnen_ECW;https://www.warmteatlas.nl/geoserver/WarmteAtlas/wfs;2026-06-24T11:54:24;
82620;434005;Arkema BV Rotterdam;80;Industrie;0.54;Optie B;0.0;0.0;2;200;200;BU05992295;GM0599;3196.0;3196KK;BU05992295;GM0599;3196.0;3196KK;BU05992295;GM0599;3196.0;3196KK;False;False;False;51.88985792288056;4.335763532197354;WarmteAtlas:MT_WarmteBronnen_ECW;https://www.warmteatlas.nl/geoserver/WarmteAtlas/wfs;2026-06-24T11:54:24;
82620;434005;Cerexagri BV;80;Industrie;0.54;Optie B;0.0;0.0;2;200;200;BU05992295;GM0599;3196.0;3196KK;BU05992295;GM0599;3196.0;3196KK;BU05992295;GM0599;3196.0;3196KK;False;False;False;51.88985792288056;4.335763532197354;WarmteAtlas:MT_WarmteBronnen_ECW;https://www.warmteatlas.nl/geoserver/WarmteAtlas/wfs;2026-06-24T11:54:24;
82574;432924;Shell Nederland Raffinaderij BV;80;Raffinaderij;354.63;Optie B;0.0;0.0;2;200;200;BU05992295;GM0599;3196.0;3196KK;BU05992295;GM0599;3196.0;3196KK;BU05992295;GM0599;3196.0;3196KK;False;False;False;51.880136926307465;4.335322603864862;WarmteAtlas:MT_WarmteBronnen_ECW;https://www.warmteatlas.nl/geoserver/WarmteAtlas/wfs;2026-06-24T11:54:24;
82133;433531;Wilmar Edible Oils BV;80;Industrie;1.48;Optie B;0.0;0.0;2;200;200;BU05992295;GM0599;3196.0;3196KK;BU05992295;GM0599;3196.0;3196KK;BU05992295;GM0599;3196.0;3196KK;False;False;False;51.88553454449575;4.328790441209972;WarmteAtlas:MT_WarmteBronnen_ECW;https://www.warmteatlas.nl/geoserver/WarmteAtlas/wfs;2026-06-24T11:54:24;
170280;467900;Struik Foods Netherlands;0;;0.0;Optie B;0.0;0.0;0;0;0;BU02670204;GM0267;3862.0;3862PZ;BU02670204;GM0267;3862.0;3862PZ;BU02670204;GM0267;3862.0;3862PZ;False;False;False;52.199001079712474;5.610703678421243;WarmteAtlas:MT_WarmteBronnen_ECW;https://www.warmteatlas.nl/geoserver/WarmteAtlas/wfs;2026-06-24T11:54:24;
134570;427150;Sonac Vuren BV;0;;0.0;Optie B;0.0;0.0;0;0;0;BU19601009;GM1960;4214.0;4214KT;BU19601009;GM1960;4214.0;4214KT;BU19601009;GM1960;4214.0;4214KT;False;False;False;51.83257325858807;5.090806901377146;WarmteAtlas:MT_WarmteBronnen_ECW;https://www.warmteatlas.nl/geoserver/WarmteAtlas/wfs;2026-06-24T11:54:24;
131981;412041;DSM NeoResins BV;0;Industrie;0.0;Optie B;0.0;0.0;0;0;0;BU08670010;GM0867;5145.0;5145PE;BU08670010;GM0867;5145.0;5145PE;BU08670010;GM0867;5145.0;5145PE;False;False;False;51.69666825579701;5.054249372567956;WarmteAtlas:MT_WarmteBronnen_ECW;https://www.warmteatlas.nl/geoserver/WarmteAtlas/wfs;2026-06-24T11:54:24;
230757;601513;Rixona BV;0;;0.0;Optie B;0.0;0.0;0;0;0;BU19660901;GM1966;9989.0;9989EE;BU19660901;GM1966;9989.0;9989EE;BU19660901;GM1966;9989.0;9989EE;False;False;False;53.394548363294966;6.526010192081136;WarmteAtlas:MT_WarmteBronnen_ECW;https://www.warmteatlas.nl/geoserver/WarmteAtlas/wfs;2026-06-24T11:54:24;
173461;361310;Trespa International BV;0;;0.0;Optie B;0.0;0.0;0;0;0;BU09880105;GM0988;6002.0;6002SM;BU09880105;GM0988;6002.0;6002SM;BU09880105;GM0988;6002.0;6002SM;False;False;False;51.24083717584053;5.651564194457193;WarmteAtlas:MT_WarmteBronnen_ECW;https://www.warmteatlas.nl/geoserver/WarmteAtlas/wfs;2026-06-24T11:54:24;
173350;361000;Componenta BV Weert;0;;0.0;Optie B;0.0;0.0;0;0;0;BU09882502;GM0988;6006.0;6006SR;BU09882502;GM0988;6006.0;6006SR;BU09882502;GM0988;6006.0;6006SR;False;False;False;51.23805428766697;5.6499586887478275;WarmteAtlas:MT_WarmteBronnen_ECW;https://www.warmteatlas.nl/geoserver/WarmteAtlas/wfs;2026-06-24T11:54:24;
132205;480475;Smit en Zoon;0;;0.0;Optie B;0.0;0.0;0;0;0;BU0363SB06;GM0363;1382.0;1382LK;BU0363SB06;GM0363;1382.0;1382LK;BU0363SB06;GM0363;1382.0;1382LK;False;False;False;52.311762165171494;5.052935969596958;WarmteAtlas:MT_WarmteBronnen_ECW;https://www.warmteatlas.nl/geoserver/WarmteAtlas/wfs;2026-06-24T11:54:24;
130940;479560;Abbott Healthcare Products BV;0;;0.0;Optie B;0.0;0.0;0;0;0;BU0363SD02;GM0363;1381.0;1381CP;BU0363SD02;GM0363;1381.0;1381CP;BU0363SD02;GM0363;1381.0;1381CP;False;False;False;52.303484701925626;5.034451484059594;WarmteAtlas:MT_WarmteBronnen_ECW;https://www.warmteatlas.nl/geoserver/WarmteAtlas/wfs;2026-06-24T11:54:24;
130837;479482;Boehringer Ingelheim;0;;0.0;Optie B;0.0;0.0;0;0;0;BU0363SD02;GM0363;1381.0;1381CP;BU0363SD02;GM0363;1381.0;1381CP;BU0363SD02;GM0363;1381.0;1381CP;False;False;False;52.30277916048906;5.032946977086084;WarmteAtlas:MT_WarmteBronnen_ECW;https://www.warmteatlas.nl/geoserver/WarmteAtlas/wfs;2026-06-24T11:54:24;
207186;397108;Ecofuels;0;;0.0;Optie B;0.0;0.0;0;0;0;BU08930662;GM0893;5855.0;5855ES;BU08930662;GM0893;5855.0;5855ES;BU08930662;GM0893;5855.0;5855ES;False;False;False;51.56049111034068;6.139775066348363;WarmteAtlas:MT_WarmteBronnen_ECW;https://www.warmteatlas.nl/geoserver/WarmteAtlas/wfs;2026-06-24T11:54:24;
120220;507805;CONO Kaasmakers Middenbeemster;0;;0.0;Optie B;0.0;0.0;0;0;0;BU04390803;GM0439;1464.0;1464MB;BU04390803;GM0439;1464.0;1464MB;BU04390803;GM0439;1464.0;1464MB;False;False;False;52.55675394657707;4.874355119164116;WarmteAtlas:MT_WarmteBronnen_ECW;https://www.warmteatlas.nl/geoserver/WarmteAtlas/wfs;2026-06-24T11:54:24;
241450;577380;PPG Industries Fiber Glass BV;0;Industrie;0.0;Optie B;0.0;0.0;0;0;0;BU19520804;GM1952;9608.0;9608PZ;BU19520804;GM1952;9608.0;9608PZ;BU19520804;GM1952;9608.0;9608PZ;False;False;False;53.176122574344994;6.680198760168858;WarmteAtlas:MT_WarmteBronnen_ECW;https://www.warmteatlas.nl/geoserver/WarmteAtlas/wfs;2026-06-24T11:54:24;
195956;441103;Nuon HWC Westervoort;0;STEG;0.0;Optie B;0.0;0.0;0;0;0;BU02930009;GM0293;6931.0;6931KB;BU02930009;GM0293;6931.0;6931KB;BU02930009;GM0293;6931.0;6931KB;False;False;False;51.956850208857766;5.983034261908037;WarmteAtlas:MT_WarmteBronnen_ECW;https://www.warmteatlas.nl/geoserver/WarmteAtlas/wfs;2026-06-24T11:54:24;
183067;428715;ARN BV;0;;0.0;Optie B;0.0;0.0;0;0;0;BU02090306;GM0209;6551.0;6551DX;BU02090306;GM0209;6551.0;6551DX;BU02090306;GM0209;6551.0;6551DX;False;False;False;51.84630664493234;5.794519141678195;WarmteAtlas:MT_WarmteBronnen_ECW;https://www.warmteatlas.nl/geoserver/WarmteAtlas/wfs;2026-06-24T11:54:24;
110350;428582;Aardgascompressorstation Wijngaarden;0;;0.0;Optie B;0.0;0.0;0;0;0;BU19782001;GM1978;3366.0;3366BL;BU19782001;GM1978;3366.0;3366BL;BU19782001;GM1978;3366.0;3366BL;False;False;False;51.84403106825335;4.739257256920474;WarmteAtlas:MT_WarmteBronnen_ECW;https://www.warmteatlas.nl/geoserver/WarmteAtlas/wfs;2026-06-24T11:54:24;
231073;534370;Attero Noord BV;0;AVI;120.12;Optie B;0.0;0.0;0;0;0;BU17310309;GM1731;9418.0;9418TM;BU17310309;GM1731;9418.0;9418TM;BU17310309;GM1731;9418.0;9418TM;False;False;False;52.79126126861764;6.514970632435053;WarmteAtlas:MT_WarmteBronnen_ECW;https://www.warmteatlas.nl/geoserver/WarmteAtlas/wfs;2026-06-24T11:54:24;
230460;533980;Noblesse Proteins BV;0;;0.0;Optie B;0.0;0.0;0;0;0;BU17310309;GM1731;9418.0;9418TW;BU17310309;GM1731;9418.0;9418TW;BU17310309;GM1731;9418.0;9418TW;False;False;False;52.787842662871185;6.5057951980303175;WarmteAtlas:MT_WarmteBronnen_ECW;https://www.warmteatlas.nl/geoserver/WarmteAtlas/wfs;2026-06-24T11:54:24;
266100;573750;PQ Silicas BV Winschoten;0;;0.0;Optie B;0.0;0.0;0;0;0;BU18950008;GM1895;9672.0;9672AJ;BU18950008;GM1895;9672.0;9672AJ;BU18950008;GM1895;9672.0;9672AJ;False;False;False;53.13897463164084;7.047493336312325;WarmteAtlas:MT_WarmteBronnen_ECW;https://www.warmteatlas.nl/geoserver/WarmteAtlas/wfs;2026-06-24T11:54:24;
250500;442990;Winterswijksche Steen  en Kalkgroeve Ankerpoort BV;0;;0.0;Optie B;0.0;0.0;0;0;0;BU02940103;GM0294;7101.0;7101PH;BU02940103;GM0294;7101.0;7101PH;BU02940103;GM0294;7101.0;7101PH;False;False;False;51.96710886371605;6.776910938346228;WarmteAtlas:MT_WarmteBronnen_ECW;https://www.warmteatlas.nl/geoserver/WarmteAtlas/wfs;2026-06-24T11:54:24;
244590;442300;Steenfabriek De Vlijt BV;0;;0.0;Optie B;0.0;0.0;0;0;0;BU02940120;GM0294;7102.0;7102EN;BU02940120;GM0294;7102.0;7102EN;BU02940120;GM0294;7102.0;7102EN;False;False;False;51.961893067312914;6.6907509211383775;WarmteAtlas:MT_WarmteBronnen_ECW;https://www.warmteatlas.nl/geoserver/WarmteAtlas/wfs;2026-06-24T11:54:24;
122230;454360;Koninklijke Eru Kaasfabriek BV;0;;0.0;Optie B;0.0;0.0;0;0;0;BU06320304;GM0632;3446.0;3446CK;BU06320304;GM0632;3446.0;3446CK;BU06320304;GM0632;3446.0;3446CK;False;False;False;52.076547035551165;4.9091885005103295;WarmteAtlas:MT_WarmteBronnen_ECW;https://www.warmteatlas.nl/geoserver/WarmteAtlas/wfs;2026-06-24T11:54:24;
119600;455350;Monier BV Woerden;0;;0.0;Optie B;0.0;0.0;0;0;0;BU06320106;GM0632;3443.0;3443BT;BU06320106;GM0632;3443.0;3443BT;BU06320106;GM0632;3443.0;3443BT;False;False;False;52.08528305463418;4.870723515701624;WarmteAtlas:MT_WarmteBronnen_ECW;https://www.warmteatlas.nl/geoserver/WarmteAtlas/wfs;2026-06-24T11:54:24;
195790;544570;FrieslandCampina Cheese Wolvega;0;Industrie;0.0;Optie B;0.0;0.0;0;0;0;BU00980001;GM0098;8471.0;8471ZW;BU00980001;GM0098;8471.0;8471ZW;BU00980001;GM0098;8471.0;8471ZW;False;False;False;52.88672264487576;5.993217720798151;WarmteAtlas:MT_WarmteBronnen_ECW;https://www.warmteatlas.nl/geoserver/WarmteAtlas/wfs;2026-06-24T11:54:24;
159600;554080;FrieslandCampina Workum;0;Industrie;0.0;Optie B;0.0;0.0;0;0;0;BU19000200;GM1900;8711.0;8711CK;BU19000200;GM1900;8711.0;8711CK;BU19000200;GM1900;8711.0;8711CK;False;False;False;52.973702233009135;5.455684028953414;WarmteAtlas:MT_WarmteBronnen_ECW;https://www.warmteatlas.nl/geoserver/WarmteAtlas/wfs;2026-06-24T11:54:24;
115800;499830;Loders Croklaan;0;;0.0;Optie B;0.0;0.0;0;0;0;BU04795110;GM0479;1521.0;1521AX;BU04795110;GM0479;1521.0;1521AX;BU04795110;GM0479;1521.0;1521AX;False;False;False;52.484784030126036;4.810120181189127;WarmteAtlas:MT_WarmteBronnen_ECW;https://www.warmteatlas.nl/geoserver/WarmteAtlas/wfs;2026-06-24T11:54:24;
116710;492900;Norit Nederland BV Zaandam;0;;0.0;Optie B;0.0;0.0;0;0;0;BU04792120;GM0479;1506.0;1506PW;BU04792122;GM0479;1506.0;1506PW;BU04792122;GM0479;1506.0;1506PW;True;False;False;52.422568143838824;4.824308999038109;WarmteAtlas:MT_WarmteBronnen_ECW;https://www.warmteatlas.nl/geoserver/WarmteAtlas/wfs;2026-06-24T11:54:24;
114156;493743;A ware Zaandam BV;0;;0.0;Optie B;0.0;0.0;0;0;0;BU04792310;GM0479;1507.0;1507BS;BU04792312;GM0479;1507.0;1507BS;BU04792312;GM0479;1507.0;1507BS;True;False;False;52.42995993931481;4.786662213566223;WarmteAtlas:MT_WarmteBronnen_ECW;https://www.warmteatlas.nl/geoserver/WarmteAtlas/wfs;2026-06-24T11:54:24;
146450;423280;SACHEM Europe BV;0;;0.0;Optie B;0.0;0.0;0;0;0;BU02970007;GM0297;5301.0;5301KK;BU02970007;GM0297;5301.0;5301KK;BU02970007;GM0297;5301.0;5301KK;False;False;False;51.79809680305131;5.263255101767435;WarmteAtlas:MT_WarmteBronnen_ECW;https://www.warmteatlas.nl/geoserver/WarmteAtlas/wfs;2026-06-24T11:54:24;
255180;523500;DSM Resins BV Schoonebeek;0;Industrie;15.85;Optie B;0.0;0.0;0;0;0;BU01141004;GM0114;7764.0;7764AN;BU01141004;GM0114;7764.0;7764AN;BU01141004;GM0114;7764.0;7764AN;False;False;False;52.68968366153184;6.868946123029218;WarmteAtlas:MT_WarmteBronnen_ECW;https://www.warmteatlas.nl/geoserver/WarmteAtlas/wfs;2026-06-24T11:54:24;
163026;485508;Claushuis Metaalmaatschappij BV;0;;0.0;Optie B;0.0;0.0;0;0;0;BU00500009;GM0050;3899.0;3899AH;BU00500009;GM0050;3899.0;3899AH;BU00500009;GM0050;3899.0;3899AH;False;False;False;52.35741007029378;5.505019141293567;WarmteAtlas:MT_WarmteBronnen_ECW;https://www.warmteatlas.nl/geoserver/WarmteAtlas/wfs;2026-06-24T11:54:24;
221100;446300;Verwerkings industrie Vreeland;0;Industrie;0.0;Optie B;0.0;0.0;0;0;0;BU18760100;GM1876;7021.0;7021BK;BU18760100;GM1876;7021.0;7021BK;BU18760100;GM1876;7021.0;7021BK;False;False;False;52.0011336861471;6.3497934294286535;WarmteAtlas:MT_WarmteBronnen_ECW;https://www.warmteatlas.nl/geoserver/WarmteAtlas/wfs;2026-06-24T11:54:24;
157100;430620;Wienerberger Steenfabriek Zennewijnen;0;;0.0;Optie B;0.0;0.0;0;0;0;BU02810305;GM0281;4062.0;4062PR;BU02810305;GM0281;4062.0;4062PR;BU02810305;GM0281;4062.0;4062PR;False;False;False;51.86413261700091;5.417690231924626;WarmteAtlas:MT_WarmteBronnen_ECW;https://www.warmteatlas.nl/geoserver/WarmteAtlas/wfs;2026-06-24T11:54:24;
203400;438700;Compaxo Vlees Zevenaar BV;0;;0.0;Optie B;0.0;0.0;0;0;0;BU02990012;GM0299;6902.0;6902PC;BU02990012;GM0299;6902.0;6902PC;BU02990012;GM0299;6902.0;6902PC;False;False;False;51.93465412346761;6.090984328787012;WarmteAtlas:MT_WarmteBronnen_ECW;https://www.warmteatlas.nl/geoserver/WarmteAtlas/wfs;2026-06-24T11:54:24;
202845;441955;Gasunie Zweekhorst;0;;0.0;Optie B;0.0;0.0;0;0;0;BU02990017;GM0299;6903.0;6903PC;BU02990017;GM0299;6903.0;6903PC;BU02990017;GM0299;6903.0;6903PC;False;False;False;51.96395705621038;6.083368272506196;WarmteAtlas:MT_WarmteBronnen_ECW;https://www.warmteatlas.nl/geoserver/WarmteAtlas/wfs;2026-06-24T11:54:24;
201642;437257;JAZO Zevenaar BV;0;;0.0;Optie B;0.0;0.0;0;0;0;BU02990013;GM0299;6905.0;6905DJ;BU02990013;GM0299;6905.0;6905DJ;BU02990013;GM0299;6905.0;6905DJ;False;False;False;51.921835126216216;6.065227274545322;WarmteAtlas:MT_WarmteBronnen_ECW;https://www.warmteatlas.nl/geoserver/WarmteAtlas/wfs;2026-06-24T11:54:24;
98743;409159;Basell Benelux BV;0;;0.0;Optie B;0.0;0.0;0;0;0;BU17090303;GM1709;4782.0;4782SJ;BU17090303;GM1709;4782.0;4782SJ;BU17090303;GM1709;4782.0;4782SJ;False;False;False;51.66841283006407;4.573984937167637;WarmteAtlas:MT_WarmteBronnen_ECW;https://www.warmteatlas.nl/geoserver/WarmteAtlas/wfs;2026-06-24T11:54:24;
101169;445769;Exportslachterij Clazing BV;80;Industrie;0.24;Optie B;0.0;0.0;2;200;200;BU18920292;GM1892;2761.0;2761JH;BU18920292;GM1892;2761.0;2761JH;BU18920292;GM1892;2761.0;2761JH;False;False;False;51.997689614775865;4.603347092815621;WarmteAtlas:MT_WarmteBronnen_ECW;https://www.warmteatlas.nl/geoserver/WarmteAtlas/wfs;2026-06-24T11:54:24;
93800;451400;NV Nutricia Zoetermeer;80;Industrie;1.27;Optie B;0.0;0.0;2;200;200;BU06370800;GM0637;2712.0;2712HM;BU06370800;GM0637;2712.0;2712HM;BU06371304;GM0637;2712.0;2712HM;True;False;False;52.04753320157239;4.495048573650786;WarmteAtlas:MT_WarmteBronnen_ECW;https://www.warmteatlas.nl/geoserver/WarmteAtlas/wfs;2026-06-24T11:54:24;
97050;461400;Heineken Nederland BV Zoeterwoude;80;Industrie;5.14;Optie B;0.0;0.0;2;200;200;BU06381011;GM0638;2382.0;2382PH;BU06381011;GM0638;2382.0;2382PH;BU06381011;GM0638;2382.0;2382PH;False;False;False;52.13775476988237;4.5407213904149435;WarmteAtlas:MT_WarmteBronnen_ECW;https://www.warmteatlas.nl/geoserver/WarmteAtlas/wfs;2026-06-24T11:54:24;
215899;595842;Heiploeg BV;0;;0.0;Optie B;0.0;0.0;0;0;0;BU19660101;GM1966;9974.0;9974SL;BU19660101;GM1966;9974.0;9974SL;BU19660101;GM1966;9974.0;9974SL;False;False;False;53.34550536114061;6.301607848184004;WarmteAtlas:MT_WarmteBronnen_ECW;https://www.warmteatlas.nl/geoserver/WarmteAtlas/wfs;2026-06-24T11:54:24;
211100;463650;Aurubis Netherlands BV;0;;0.0;Optie B;0.0;0.0;0;0;0;BU03010002;GM0301;7202.0;7202CM;BU03010002;GM0301;7202.0;7202CM;BU03010002;GM0301;7202.0;7202CM;False;False;False;52.158164486960274;6.207036421741486;WarmteAtlas:MT_WarmteBronnen_ECW;https://www.warmteatlas.nl/geoserver/WarmteAtlas/wfs;2026-06-24T11:54:24;
210294;463909;GMB Slibverwerking Zutphen BV;0;;0.0;Optie B;0.0;0.0;0;0;0;BU03010002;GM0301;7202.0;7202CM;BU03010002;GM0301;7202.0;7202CM;BU03010002;GM0301;7202.0;7202CM;False;False;False;52.160573453865624;6.195301010861863;WarmteAtlas:MT_WarmteBronnen_ECW;https://www.warmteatlas.nl/geoserver/WarmteAtlas/wfs;2026-06-24T11:54:24;
103500;424600;Sime Darby Unimills BV;80;Industrie;5.28;Optie B;0.0;0.0;2;200;200;BU06420701;GM0642;3336.0;3336LE;BU06420701;GM0642;3336.0;3336LE;BU06420701;GM0642;3336.0;3336LE;False;False;False;51.80765127719142;4.640453242241956;WarmteAtlas:MT_WarmteBronnen_ECW;https://www.warmteatlas.nl/geoserver/WarmteAtlas/wfs;2026-06-24T11:54:24;
102384;424379;Tata Steel Nederland Tubes BV Zwijndrecht;80;Industrie;0.08;Optie B;0.0;0.0;2;200;200;BU06420701;GM0642;3336.0;3336LJ;BU06420701;GM0642;3336.0;3336LJ;BU06420701;GM0642;3336.0;3336LJ;False;False;False;51.8055609004973;4.624306223984746;WarmteAtlas:MT_WarmteBronnen_ECW;https://www.warmteatlas.nl/geoserver/WarmteAtlas/wfs;2026-06-24T11:54:24;
102050;424450;Ashland Industries Nederland BV;80;Industrie;3.23;Optie B;0.0;0.0;2;200;200;BU06420701;GM0642;3336.0;3336LH;BU06420701;GM0642;3336.0;3336LH;BU06420701;GM0642;3336.0;3336LH;False;False;False;51.80616744525375;4.6194530012733805;WarmteAtlas:MT_WarmteBronnen_ECW;https://www.warmteatlas.nl/geoserver/WarmteAtlas/wfs;2026-06-24T11:54:24;
203938;498156;Centrale Harculo;0;Gasturbine;361.35;Optie C;0.0;0.0;0;0;0;BU01935210;GM0193;8014.0;8014BK;BU01935210;GM0193;8014.0;8014BK;BU01935210;GM0193;8014.0;8014BK;False;False;False;52.46895404887165;6.107392684521378;WarmteAtlas:MT_WarmteBronnen_ECW;https://www.warmteatlas.nl/geoserver/WarmteAtlas/wfs;2026-06-24T11:54:24;
201500;503488;Abbott Laboratories BV;0;;0.0;Optie B;0.0;0.0;0;0;0;BU01932000;GM0193;8041.0;8041AK;BU01932000;GM0193;8041.0;8041AK;BU01932000;GM0193;8041.0;8041AK;False;False;False;52.51708429451051;6.072259512657405;WarmteAtlas:MT_WarmteBronnen_ECW;https://www.warmteatlas.nl/geoserver/WarmteAtlas/wfs;2026-06-24T11:54:24;
201000;503040;Scania Production Zwolle BV;0;;0.0;Optie B;0.0;0.0;0;0;0;BU01932010;GM0193;8041.0;8041AL;BU01932010;GM0193;8041.0;8041AL;BU01932010;GM0193;8041.0;8041AL;False;False;False;52.51310053120887;6.064832026417676;WarmteAtlas:MT_WarmteBronnen_ECW;https://www.warmteatlas.nl/geoserver/WarmteAtlas/wfs;2026-06-24T11:54:24;
77200;434100;Eurogen CV;80;STEG;89.5;Optie B;0.0;0.0;0;0;0;BU05992306;GM0599;3197.0;3197KG;BU05992306;GM0599;3197.0;3197KG;BU05992306;GM0599;3197.0;3197KG;False;False;False;51.88998074248547;4.2570217450287275;WarmteAtlas:MT_WarmteBronnen_ECW;https://www.warmteatlas.nl/geoserver/WarmteAtlas/wfs;2026-06-24T11:54:24;
82415;433874;Recycling Kombinatie Bouw  en Sloopafval Rotterdam 1;0;AVI;0.0;Optie B;0.0;0.0;0;0;0;BU05992295;GM0599;3196.0;3196KL;BU05992295;GM0599;3196.0;3196KL;BU05992295;GM0599;3196.0;3196KL;False;False;False;51.88865393285905;4.332813647768957;WarmteAtlas:MT_WarmteBronnen_ECW;https://www.warmteatlas.nl/geoserver/WarmteAtlas/wfs;2026-06-24T11:54:24;
146291;493235;Groenheijden;0;;0.5;Optie B;0.0;0.0;0;0;0;BU00345801;GM0034;1331.0;1331GC;BU00345801;GM0034;1331.0;1331GC;BU00345801;GM0034;1331.0;1331GC;False;False;False;52.42684648504696;5.259163307742942;WarmteAtlas:MT_WarmteBronnen_ECW;https://www.warmteatlas.nl/geoserver/WarmteAtlas/wfs;2026-06-24T11:54:24;
147370;483029;StortStroom BV Afvalzorg Deponie BV;0;;0.0;Optie B;0.0;0.0;0;0;0;BU00348502;GM0034;1358.0;1358AB;BU00348502;GM0034;1358.0;1358AB;BU00348502;GM0034;1358.0;1358AB;False;False;False;52.33513578422216;5.2752584448399;WarmteAtlas:MT_WarmteBronnen_ECW;https://www.warmteatlas.nl/geoserver/WarmteAtlas/wfs;2026-06-24T11:54:24;
155926;479450;De Jong B V;0;;0.23;Optie B;0.0;0.0;0;0;0;BU00500006;GM0050;3896.0;3896LH;BU00500006;GM0050;3896.0;3896LH;BU00500006;GM0050;3896.0;3896LH;False;False;False;52.30302096750059;5.400780306353979;WarmteAtlas:MT_WarmteBronnen_ECW;https://www.warmteatlas.nl/geoserver/WarmteAtlas/wfs;2026-06-24T11:54:24;
154585;487561;A  v d  Knijff B V;0;;0.0;Optie B;0.0;0.0;0;0;0;BU00500007;GM0050;3897.0;3897LP;BU00500007;GM0050;3897.0;3897LP;BU00500007;GM0050;3897.0;3897LP;False;False;False;52.37592022093855;5.381109937998697;WarmteAtlas:MT_WarmteBronnen_ECW;https://www.warmteatlas.nl/geoserver/WarmteAtlas/wfs;2026-06-24T11:54:24;
161373;476106;Erk Energy;0;;0.0;Optie B;0.0;0.0;0;0;0;BU00500006;GM0050;3896.0;3896LX;BU00500006;GM0050;3896.0;3896LX;BU00500006;GM0050;3896.0;3896LX;False;False;False;52.27292983981889;5.480576417973333;WarmteAtlas:MT_WarmteBronnen_ECW;https://www.warmteatlas.nl/geoserver/WarmteAtlas/wfs;2026-06-24T11:54:24;
163870;484673;Maatschap van Beek Kalsbeek I;0;;0.0;Optie B;0.0;0.0;0;0;0;BU00500005;GM0050;3895.0;3895BX;BU00500005;GM0050;3895.0;3895BX;BU00500005;GM0050;3895.0;3895BX;False;False;False;52.3498924424443;5.517386267441882;WarmteAtlas:MT_WarmteBronnen_ECW;https://www.warmteatlas.nl/geoserver/WarmteAtlas/wfs;2026-06-24T11:54:24;
163604;488001;Maatschap van Beek Kalsbeek II;0;;0.72;Optie B;0.0;0.0;0;0;0;BU00500007;GM0050;3897.0;3897LA;BU00500007;GM0050;3897.0;3897LA;BU00500007;GM0050;3897.0;3897LA;False;False;False;52.379807275110686;5.51356758285333;WarmteAtlas:MT_WarmteBronnen_ECW;https://www.warmteatlas.nl/geoserver/WarmteAtlas/wfs;2026-06-24T11:54:24;
160997;490199;Maatschap van Beek Kalsbeek III;0;;0.0;Optie B;0.0;0.0;0;0;0;BU00500007;GM0050;3897.0;3897LB;BU00500007;GM0050;3897.0;3897LB;BU00500007;GM0050;3897.0;3897LB;False;False;False;52.39959658085968;5.475319089922485;WarmteAtlas:MT_WarmteBronnen_ECW;https://www.warmteatlas.nl/geoserver/WarmteAtlas/wfs;2026-06-24T11:54:24;
168932;497927;De Torenhoeve Biogas BV;0;;0.75;Optie B;0.0;0.0;0;0;0;BU03030620;GM0303;8256.0;8256PG;BU03030620;GM0303;8256.0;8256PG;BU03030620;GM0303;8256.0;8256PG;False;False;False;52.46890690487128;5.5922302580987635;WarmteAtlas:MT_WarmteBronnen_ECW;https://www.warmteatlas.nl/geoserver/WarmteAtlas/wfs;2026-06-24T11:54:24;
165717;505694;Stichting Dienst Landbouwkundig Onderzoek;0;;0.12;Optie B;0.0;0.0;0;0;0;BU09951029;GM0995;8219.0;8219PK;BU09951029;GM0995;8219.0;8219PK;BU09951029;GM0995;8219.0;8219PK;False;False;False;52.538783584761745;5.54516768980957;WarmteAtlas:MT_WarmteBronnen_ECW;https://www.warmteatlas.nl/geoserver/WarmteAtlas/wfs;2026-06-24T11:54:24;
160785;500365;N V  NUON Energy;0;;6.0;Optie B;0.0;0.0;0;0;0;BU09951131;GM0995;8233.0;8233HC;BU09951131;GM0995;8233.0;8233HC;BU09951131;GM0995;8233.0;8233HC;False;False;False;52.490964954167254;5.472380188704961;WarmteAtlas:MT_WarmteBronnen_ECW;https://www.warmteatlas.nl/geoserver/WarmteAtlas/wfs;2026-06-24T11:54:24;
164370;505842;McCain Foods Holland B V;0;;0.0;Optie B;0.0;0.0;0;0;0;BU09951084;GM0995;8211.0;8211AG;BU09951084;GM0995;8211.0;8211AG;BU09951084;GM0995;8211.0;8211AG;False;False;False;52.540138484691646;5.525317870023424;WarmteAtlas:MT_WarmteBronnen_ECW;https://www.warmteatlas.nl/geoserver/WarmteAtlas/wfs;2026-06-24T11:54:24;
163598;507748;Orgaworld B V;0;;0.0;Optie B;0.0;0.0;0;0;0;BU09951018;GM0995;8221.0;8221RB;BU09951018;GM0995;8221.0;8221RB;BU09951018;GM0995;8221.0;8221RB;False;False;False;52.55728080487012;5.513987977019982;WarmteAtlas:MT_WarmteBronnen_ECW;https://www.warmteatlas.nl/geoserver/WarmteAtlas/wfs;2026-06-24T11:54:24;
166391;510043;M A  Siebenga;0;;0.0;Optie B;0.0;0.0;0;0;0;BU09951019;GM0995;8219.0;8219PC;BU09951019;GM0995;8219.0;8219PC;BU09951019;GM0995;8219.0;8219PC;False;False;False;52.577855131682796;5.5552510628508305;WarmteAtlas:MT_WarmteBronnen_ECW;https://www.warmteatlas.nl/geoserver/WarmteAtlas/wfs;2026-06-24T11:54:24;
185027;516210;A  Baas;0;;4.8;Optie B;0.0;0.0;0;0;0;BU01710633;GM0171;8307.0;8307PL;BU01710633;GM0171;8307.0;8307PL;BU01710633;GM0171;8307.0;8307PL;False;False;False;52.63256961572999;5.830731653195356;WarmteAtlas:MT_WarmteBronnen_ECW;https://www.warmteatlas.nl/geoserver/WarmteAtlas/wfs;2026-06-24T11:54:24;
185020;516333;Wouters;0;;5.2;Optie B;0.0;0.0;0;0;0;BU01710633;GM0171;8307.0;8307PJ;BU01710633;GM0171;8307.0;8307PJ;BU01710633;GM0171;8307.0;8307PJ;False;False;False;52.63367538078964;5.830639403563197;WarmteAtlas:MT_WarmteBronnen_ECW;https://www.warmteatlas.nl/geoserver/WarmteAtlas/wfs;2026-06-24T11:54:24;
179730;522874;Houtindustrie Van der Vijgh;0;;0.5;Optie B;0.0;0.0;0;0;0;BU01710116;GM0171;8304.0;8304BB;BU01710116;GM0171;8304.0;8304BB;BU01710116;GM0171;8304.0;8304BB;False;False;False;52.69272413490111;5.752989972007756;WarmteAtlas:MT_WarmteBronnen_ECW;https://www.warmteatlas.nl/geoserver/WarmteAtlas/wfs;2026-06-24T11:54:24;
181403;527362;Stortplaats Friese pad;0;;0.0;Optie B;0.0;0.0;0;0;0;BU01710118;GM0171;8305.0;8305AZ;BU01710118;GM0171;8305.0;8305AZ;BU01710118;GM0171;8305.0;8305AZ;False;False;False;52.73297773352277;5.778094117302316;WarmteAtlas:MT_WarmteBronnen_ECW;https://www.warmteatlas.nl/geoserver/WarmteAtlas/wfs;2026-06-24T11:54:24;
185256;525366;Firma van der Steege Steegro;0;;0.83;Optie B;0.0;0.0;0;0;0;BU01710426;GM0171;8316.0;8316PA;BU01710426;GM0171;8316.0;8316PA;BU01710426;GM0171;8316.0;8316PA;False;False;False;52.71483942981559;5.8349519233262175;WarmteAtlas:MT_WarmteBronnen_ECW;https://www.warmteatlas.nl/geoserver/WarmteAtlas/wfs;2026-06-24T11:54:24;
184772;530450;Peters  Peters en De Lange;0;;0.0;Optie B;0.0;0.0;0;0;0;BU01710323;GM0171;8315.0;8315PS;BU01710323;GM0171;8315.0;8315PS;BU01710323;GM0171;8315.0;8315PS;False;False;False;52.760553990513806;5.828248920254156;WarmteAtlas:MT_WarmteBronnen_ECW;https://www.warmteatlas.nl/geoserver/WarmteAtlas/wfs;2026-06-24T11:54:24;
186687;528581;Alblas;0;;1.4;Optie B;0.0;0.0;0;0;0;BU01710323;GM0171;8315.0;8315PT;BU01710323;GM0171;8315.0;8315PT;BU01710323;GM0171;8315.0;8315PT;False;False;False;52.743649712008;5.856437042842526;WarmteAtlas:MT_WarmteBronnen_ECW;https://www.warmteatlas.nl/geoserver/WarmteAtlas/wfs;2026-06-24T11:54:24;
189396;524611;Vof Schwering;0;;0.5;Optie B;0.0;0.0;0;0;0;BU01710426;GM0171;8316.0;8316RA;BU01710426;GM0171;8316.0;8316RA;BU01710426;GM0171;8316.0;8316RA;False;False;False;52.70780824214054;5.89613723319409;WarmteAtlas:MT_WarmteBronnen_ECW;https://www.warmteatlas.nl/geoserver/WarmteAtlas/wfs;2026-06-24T11:54:24;
162343;503534;N V  Sportbedrijf  De Koploper;0;;0.5;Optie B;0.0;0.0;0;0;0;BU09950162;GM0995;8223.0;8223PA;BU09950162;GM0995;8223.0;8223PA;BU09950162;GM0995;8223.0;8223PA;False;False;False;52.519426969244435;5.495389204976378;WarmteAtlas:MT_WarmteBronnen_ECW;https://www.warmteatlas.nl/geoserver/WarmteAtlas/wfs;2026-06-24T11:54:24;
144976;491384;Nuon Biomassaketel De Vaart;0;;15.0;Optie B;0.0;0.0;0;0;0;BU00345702;GM0034;1332.0;1332EB;BU00345702;GM0034;1332.0;1332EB;BU00345702;GM0034;1332.0;1332EB;False;False;False;52.41018826318617;5.239885301931218;WarmteAtlas:MT_WarmteBronnen_ECW;https://www.warmteatlas.nl/geoserver/WarmteAtlas/wfs;2026-06-24T11:54:24;
174310;497292;Maatschap van Nieuwenhuyzen;0;;0.0;Optie B;0.0;0.0;0;0;0;BU03030620;GM0303;8256.0;8256PL;BU03030620;GM0303;8256.0;8256PL;BU03030620;GM0303;8256.0;8256PL;False;False;False;52.463036571802334;5.671336284707192;WarmteAtlas:MT_WarmteBronnen_ECW;https://www.warmteatlas.nl/geoserver/WarmteAtlas/wfs;2026-06-24T11:54:24;
160932;490168;Mts Timmer;0;;0.0;Optie B;0.0;0.0;0;0;0;BU00500007;GM0050;3897.0;3897LB;BU00500007;GM0050;3897.0;3897LB;BU00500007;GM0050;3897.0;3897LB;False;False;False;52.39931867633508;5.474363488718983;WarmteAtlas:MT_WarmteBronnen_ECW;https://www.warmteatlas.nl/geoserver/WarmteAtlas/wfs;2026-06-24T11:54:24;
166980;487534;A N  van der Knaap;0;;0.0;Optie B;0.0;0.0;0;0;0;BU00500008;GM0050;3898.0;3898LJ;BU00500008;GM0050;3898.0;3898LJ;BU00500008;GM0050;3898.0;3898LJ;False;False;False;52.37554672699246;5.563132576085195;WarmteAtlas:MT_WarmteBronnen_ECW;https://www.warmteatlas.nl/geoserver/WarmteAtlas/wfs;2026-06-24T11:54:24;
182030;501273;Vof Buitelaar;0;;0.0;Optie B;0.0;0.0;0;0;0;BU03030550;GM0303;8251.0;8251RK;BU03030550;GM0303;8251.0;8251RK;BU03030550;GM0303;8251.0;8251RK;False;False;False;52.49848768426546;5.785250025200567;WarmteAtlas:MT_WarmteBronnen_ECW;https://www.warmteatlas.nl/geoserver/WarmteAtlas/wfs;2026-06-24T11:54:24;
188299;527979;Hoogweg Aardwarmte B V;0;Geothermie;29.14;Optie B;0.0;0.0;0;0;0;BU01710323;GM0171;8315.0;8315NA;BU01710323;GM0171;8315.0;8315NA;BU01710323;GM0171;8315.0;8315NA;False;False;False;52.73814333474048;5.880246391048195;WarmteAtlas:MT_WarmteBronnen_ECW;https://www.warmteatlas.nl/geoserver/WarmteAtlas/wfs;2026-06-24T11:54:24;
187512;529091;Aardwarmte Combinatie Luttelgeest B V;0;Geothermie;20.24;Optie A;0.0;0.0;0;0;0;BU01710323;GM0171;8315.0;8315PJ;BU01710323;GM0171;8315.0;8315PJ;BU01710323;GM0171;8315.0;8315PJ;False;False;False;52.74818405869701;5.868703835485139;WarmteAtlas:MT_WarmteBronnen_ECW;https://www.warmteatlas.nl/geoserver/WarmteAtlas/wfs;2026-06-24T11:54:24;
177426;505499;RWZI WKK Dronten;0;BioWKK;0.21;Optie B;0.0;0.0;0;0;0;BU03030210;GM0303;8251.0;8251KM;BU03030210;GM0303;8251.0;8251KM;BU03030210;GM0303;8251.0;8251KM;False;False;False;52.53668459891488;5.71775153048523;WarmteAtlas:MT_WarmteBronnen_ECW;https://www.warmteatlas.nl/geoserver/WarmteAtlas/wfs;2026-06-24T11:54:24;
175096;522165;RWZI WKK Noordoostpolder  Tollebeek;0;BioWKK;0.38;Optie B;0.0;0.0;0;0;0;BU01710839;GM0171;8309.0;8309PP;BU01710839;GM0171;8309.0;8309PP;BU01710839;GM0171;8309.0;8309PP;False;False;False;52.68655249841887;5.68442053236045;WarmteAtlas:MT_WarmteBronnen_ECW;https://www.warmteatlas.nl/geoserver/WarmteAtlas/wfs;2026-06-24T11:54:24;
132150;454100;BASF Nederland BV Catalysts;0;Industrie;0.0;Optie B;0.0;0.0;0;0;0;BU03441033;GM0344;3454.0;3454PK;BU03441033;GM0344;3454.0;3454PK;BU03441033;GM0344;3454.0;3454PK;False;False;False;52.07470821652601;5.053905711392399;WarmteAtlas:MT_WarmteBronnen_ECW;https://www.warmteatlas.nl/geoserver/WarmteAtlas/wfs;2026-06-24T11:54:24;
133403;454864;WOS_rijksstraatweg;0;Gasturbine;0.0;Optie B;0.0;0.0;0;0;0;BU03440951;GM0344;3545.0;3545NA;BU03440951;GM0344;3545.0;3545NA;BU03440951;GM0344;3545.0;3545NA;False;False;False;52.08162525853389;5.072133762046148;WarmteAtlas:MT_WarmteBronnen_ECW;https://www.warmteatlas.nl/geoserver/WarmteAtlas/wfs;2026-06-24T11:54:24;
138429;456352;WOS_merkesstraat;0;Gasturbine;0.0;Optie B;0.0;0.0;0;0;0;BU03440534;GM0344;3584.0;3584BE;BU03440534;GM0344;3584.0;3584BE;BU03440534;GM0344;3584.0;3584BE;False;False;False;52.095172496830166;5.145382958548782;WarmteAtlas:MT_WarmteBronnen_ECW;https://www.warmteatlas.nl/geoserver/WarmteAtlas/wfs;2026-06-24T11:54:24;
133824;454778;Nedal;0;Industrie;1.0;Optie B;0.0;0.0;0;0;0;BU03440953;GM0344;3528.0;3528BG;BU03440953;GM0344;3528.0;3528BG;BU03440953;GM0344;3528.0;3528BG;False;False;False;52.080868551315326;5.078280802651591;WarmteAtlas:MT_WarmteBronnen_ECW;https://www.warmteatlas.nl/geoserver/WarmteAtlas/wfs;2026-06-24T11:54:24;
134003;456552;Douwe Egberts;0;Industrie;2.5;Optie B;0.0;0.0;0;0;0;BU03440131;GM0344;3532.0;3532AA;BU03440131;GM0344;3532.0;3532AA;BU03440131;GM0344;3532.0;3532AA;False;False;False;52.09681993847229;5.080782889240538;WarmteAtlas:MT_WarmteBronnen_ECW;https://www.warmteatlas.nl/geoserver/WarmteAtlas/wfs;2026-06-24T11:54:24;
133385;457118;Biowarmte Installatie Lage Weide;0;BMC;60.0;Optie B;0.0;0.0;0;0;0;BU03440133;GM0344;3542.0;3542AA;BU03440133;GM0344;3542.0;3542AA;BU03440133;GM0344;3542.0;3542AA;False;False;False;52.10188330839019;5.071728332740787;WarmteAtlas:MT_WarmteBronnen_ECW;https://www.warmteatlas.nl/geoserver/WarmteAtlas/wfs;2026-06-24T11:54:24;
133085;458365;Asfaltcentrale Lage Weide;0;BMC;21.0;Optie C;0.0;0.0;0;0;0;BU03440133;GM0344;3542.0;3542AS;BU03440133;GM0344;3542.0;3542AS;BU03440133;GM0344;3542.0;3542AS;False;False;False;52.113079406211156;5.0672696550390395;WarmteAtlas:MT_WarmteBronnen_ECW;https://www.warmteatlas.nl/geoserver/WarmteAtlas/wfs;2026-06-24T11:54:24;
193872;324331;VDL Castings Heerlen;150;;2.0;Optie B;0.0;0.0;0;0;0;BU09171400;GM0917;6433.0;6433KD;BU09171400;GM0917;6433.0;6433KD;BU09171400;GM0917;6433.0;6433KD;False;False;False;50.907421471188506;5.939837917315737;WarmteAtlas:MT_WarmteBronnen_ECW;https://www.warmteatlas.nl/geoserver/WarmteAtlas/wfs;2026-06-24T11:54:24;
200774;321720;Tredegar Film Products BV;0;;0.0;Optie B;0.0;0.0;0;0;0;BU09280009;GM0928;6468.0;6468EX;BU09280009;GM0928;6468.0;6468EX;BU09280009;GM0928;6468.0;6468EX;False;False;False;50.88344521671235;6.037633406087347;WarmteAtlas:MT_WarmteBronnen_ECW;https://www.warmteatlas.nl/geoserver/WarmteAtlas/wfs;2026-06-24T11:54:24;
200841;321722;Jindal Film Products BV;0;;0.0;Optie B;0.0;0.0;0;0;0;BU09280009;GM0928;6468.0;6468EX;BU09280009;GM0928;6468.0;6468EX;BU09280009;GM0928;6468.0;6468EX;False;False;False;50.88345532601747;6.038579581174787;WarmteAtlas:MT_WarmteBronnen_ECW;https://www.warmteatlas.nl/geoserver/WarmteAtlas/wfs;2026-06-24T11:54:24;
203278;322689;Nievelsteen BV;0;;0.0;Optie B;0.0;0.0;0;0;0;BU09280200;GM0928;6471.0;6471CP;BU09280200;GM0928;6471.0;6471CP;BU09280200;GM0928;6471.0;6471CP;False;False;False;50.89194678037414;6.073334849848776;WarmteAtlas:MT_WarmteBronnen_ECW;https://www.warmteatlas.nl/geoserver/WarmteAtlas/wfs;2026-06-24T11:54:24;
96268;452971;Eneco Willem Dreeslaan;0;Gasmotor;2.5;Optie B;0.0;0.0;0;0;0;BU06370601;GM0637;2729.0;2729NK;BU06370601;GM0637;2729.0;2729NK;BU06371118;GM0637;2729.0;2729NK;True;False;False;52.061919193188665;4.530752304604878;WarmteAtlas:MT_WarmteBronnen_ECW;https://www.warmteatlas.nl/geoserver/WarmteAtlas/wfs;2026-06-24T11:54:24;
189657;347423;Enbi plastics;0;Industrie;0.0;Optie B;0.0;0.0;0;0;0;BU17110522;GM1711;6101.0;6101XE;BU17110522;GM1711;6101.0;6101XE;BU17110522;GM1711;6101.0;6101XE;False;False;False;51.11525510494079;5.882138785894651;WarmteAtlas:MT_WarmteBronnen_ECW;https://www.warmteatlas.nl/geoserver/WarmteAtlas/wfs;2026-06-24T11:54:24;
186859;342600;Smile plastics;0;Industrie;0.0;Optie B;0.0;0.0;0;0;0;BU17110210;GM1711;6114.0;6114KP;BU17110264;GM1711;6114.0;6114KP;BU17110264;GM1711;6114.0;6114KP;True;False;False;51.07206681009387;5.841753044243158;WarmteAtlas:MT_WarmteBronnen_ECW;https://www.warmteatlas.nl/geoserver/WarmteAtlas/wfs;2026-06-24T11:54:24;
189796;347710;SOMA bakkerij;0;Industrie;0.0;Optie B;0.0;0.0;0;0;0;BU17110522;GM1711;6101.0;6101XA;BU17110522;GM1711;6101.0;6101XA;BU17110522;GM1711;6101.0;6101XA;False;False;False;51.1178263257953;5.884151667819113;WarmteAtlas:MT_WarmteBronnen_ECW;https://www.warmteatlas.nl/geoserver/WarmteAtlas/wfs;2026-06-24T11:54:24;
118246;490968;Nuon Power Generation BV Hemweg;0;STEG;260.0;Optie B;0.0;0.0;0;0;0;BU0363BA04;GM0363;1041.0;1041AB;BU0363BA04;GM0363;1041.0;1041AB;BU0363BA04;GM0363;1041.0;1041AB;False;False;False;52.405310056811125;4.847100247837074;WarmteAtlas:MT_WarmteBronnen_ECW;https://www.warmteatlas.nl/geoserver/WarmteAtlas/wfs;2026-06-24T11:54:24;
115771;490430;Orgaworld;0;Gasmotor;5.5;Optie B;0.0;0.0;0;0;0;BU0363BA03;GM0363;1044.0;1044AB;BU0363BA03;GM0363;1044.0;1044AB;BU0363BA03;GM0363;1044.0;1044AB;False;False;False;52.4003035795184;4.81079444625608;WarmteAtlas:MT_WarmteBronnen_ECW;https://www.warmteatlas.nl/geoserver/WarmteAtlas/wfs;2026-06-24T11:54:24;
244030;483936;Urenco BV;0;Industrie;0.0;Optie B;0.0;0.0;0;0;0;BU01411105;GM0141;7601.0;7601PZ;BU01411105;GM0141;7601.0;7601PZ;BU01411105;GM0141;7601.0;7601PZ;False;False;False;52.33612615839001;6.693511627231495;WarmteAtlas:MT_WarmteBronnen_ECW;https://www.warmteatlas.nl/geoserver/WarmteAtlas/wfs;2026-06-24T11:54:24;
153793;464742;Ziekenhuis Maatweg;0;;0.0;Optie B;0.0;0.0;0;0;0;BU03072709;GM0307;3813.0;3813TZ;BU03072709;GM0307;3813.0;3813TZ;BU03072709;GM0307;3813.0;3813TZ;False;False;False;52.170827955348464;5.369559991917283;WarmteAtlas:MT_WarmteBronnen_ECW;https://www.warmteatlas.nl/geoserver/WarmteAtlas/wfs;2026-06-24T11:54:24;
152643;461847;BMC van Amsvest op de Daam Fockemalaan 22;0;BMC;1.1;Optie B;0.0;0.0;0;0;0;BU03073402;GM0307;3818.0;3818KG;BU03073402;GM0307;3818.0;3818KG;BU03073402;GM0307;3818.0;3818KG;False;False;False;52.14480423322831;5.352769617096425;WarmteAtlas:MT_WarmteBronnen_ECW;https://www.warmteatlas.nl/geoserver/WarmteAtlas/wfs;2026-06-24T11:54:24;
182306;554412;Jacobs Douwe Egberts;0;;0.0;Optie B;0.0;0.0;0;0;0;BU19401903;GM1940;8501.0;8501ZD;BU19401903;GM1940;8501.0;8501ZD;BU19401903;GM1940;8501.0;8501ZD;False;False;False;52.97601357459647;5.793717707520255;WarmteAtlas:MT_WarmteBronnen_ECW;https://www.warmteatlas.nl/geoserver/WarmteAtlas/wfs;2026-06-24T11:54:24;
170911;449823;Duurzame energie installatie 1 Dwarsweg;0;BMC;9.0;Optie B;0.0;0.0;0;0;0;BU02281302;GM0228;6716.0;6716BJ;BU02281302;GM0228;6716.0;6716BJ;BU02281302;GM0228;6716.0;6716BJ;False;False;False;52.036508560380405;5.61908778712692;WarmteAtlas:MT_WarmteBronnen_ECW;https://www.warmteatlas.nl/geoserver/WarmteAtlas/wfs;2026-06-24T11:54:24;
174257;447964;Duurzame energie installatie 2;0;BMC;9.0;Optie B;0.0;0.0;0;0;0;BU02281003;GM0228;6717.0;6717LE;BU02281003;GM0228;6717.0;6717LE;BU02281003;GM0228;6717.0;6717LE;False;False;False;52.019693619786906;5.66774668958965;WarmteAtlas:MT_WarmteBronnen_ECW;https://www.warmteatlas.nl/geoserver/WarmteAtlas/wfs;2026-06-24T11:54:24;
174151;451668;Duurzame energie installatie 3;0;BMC;9.0;Optie B;0.0;0.0;0;0;0;BU02280102;GM0228;6718.0;6718ZD;BU02280102;GM0228;6718.0;6718ZD;BU02280102;GM0228;6718.0;6718ZD;False;False;False;52.052988892685754;5.66641006460373;WarmteAtlas:MT_WarmteBronnen_ECW;https://www.warmteatlas.nl/geoserver/WarmteAtlas/wfs;2026-06-24T11:54:24;
170869;449824;Duurzame energie installatie 1;0;BMC;7.0;Optie B;0.0;0.0;0;0;0;BU02281302;GM0228;6716.0;6716BJ;BU02281302;GM0228;6716.0;6716BJ;BU02281302;GM0228;6716.0;6716BJ;False;False;False;52.03651875319209;5.618475736160044;WarmteAtlas:MT_WarmteBronnen_ECW;https://www.warmteatlas.nl/geoserver/WarmteAtlas/wfs;2026-06-24T11:54:24;
246562;518354;EVI Abfallverwertung Laar;0;AVI;47.09;Optie B;0.0;0.0;0;0;0;BU01091013;GM0109;7742.0;7742PB;BU01091013;GM0109;7742.0;7742PB;BU01091013;GM0109;7742.0;7742PB;False;False;False;52.644966443236434;6.740090834524917;WarmteAtlas:MT_WarmteBronnen_ECW;https://www.warmteatlas.nl/geoserver/WarmteAtlas/wfs;2026-06-24T11:54:24;
78308;446912;Natures Heat;86;Geothermie;15.0;Optie B;0.0;0.0;0;0;0;BU17830803;GM1783;2295.0;2295MX;BU17830803;GM1783;2295.0;2295MX;BU17830803;GM1783;2295.0;2295MX;False;False;False;52.005273765219066;4.27025399089813;WarmteAtlas:MT_WarmteBronnen_ECW;https://www.warmteatlas.nl/geoserver/WarmteAtlas/wfs;2026-06-24T11:54:24;
76013;448444;Greenwell Westland;86;Geothermie;12.5;Optie B;0.0;0.0;0;0;0;BU17830257;GM1783;2675.0;2675SJ;BU17830257;GM1783;2675.0;2675SJ;BU17830257;GM1783;2675.0;2675SJ;False;False;False;52.01871942349466;4.236482317004329;WarmteAtlas:MT_WarmteBronnen_ECW;https://www.warmteatlas.nl/geoserver/WarmteAtlas/wfs;2026-06-24T11:54:24;
76104;449008;Vogelaer;86;Geothermie;17.5;Optie B;0.0;0.0;0;0;0;BU17830906;GM1783;2685.0;2685SW;BU17830906;GM1783;2685.0;2685SW;BU17830906;GM1783;2685.0;2685SW;False;False;False;52.02380084538207;4.237677763410516;WarmteAtlas:MT_WarmteBronnen_ECW;https://www.warmteatlas.nl/geoserver/WarmteAtlas/wfs;2026-06-24T11:54:24;
79228;443845;Geothermie de Lier;86;Geothermie;17.5;Optie B;0.0;0.0;0;0;0;BU17830701;GM1783;2678.0;2678LJ;BU17830701;GM1783;2678.0;2678LJ;BU17830701;GM1783;2678.0;2678LJ;False;False;False;51.97783760559906;4.284328624330739;WarmteAtlas:MT_WarmteBronnen_ECW;https://www.warmteatlas.nl/geoserver/WarmteAtlas/wfs;2026-06-24T11:54:24;
76646;440459;Geopower Oudkamp;86;Geothermie;12.5;Optie B;0.0;0.0;0;0;0;BU18420103;GM1842;3155.0;3155DK;BU18420103;GM1842;3155.0;3155DK;BU18420103;GM1842;3155.0;3155DK;False;False;False;51.947050190201615;4.247527107966025;WarmteAtlas:MT_WarmteBronnen_ECW;https://www.warmteatlas.nl/geoserver/WarmteAtlas/wfs;2026-06-24T11:54:24;
76013;445329;Trias Westland;86;Geothermie;20.0;Optie B;0.0;0.0;0;0;0;BU17830154;GM1783;2671.0;2671DW;BU17830154;GM1783;2671.0;2671DW;BU17830154;GM1783;2671.0;2671DW;False;False;False;51.990725939303346;4.237200698192629;WarmteAtlas:MT_WarmteBronnen_ECW;https://www.warmteatlas.nl/geoserver/WarmteAtlas/wfs;2026-06-24T11:54:24;
76129;445183;Trias Westland 2;86;Geothermie;20.0;optie A;0.0;0.0;0;0;0;BU17830154;GM1783;2671.0;2671DW;BU17830154;GM1783;2671.0;2671DW;BU17830154;GM1783;2671.0;2671DW;False;False;False;51.98943037318316;4.238922858361076;WarmteAtlas:MT_WarmteBronnen_ECW;https://www.warmteatlas.nl/geoserver/WarmteAtlas/wfs;2026-06-24T11:54:24;
77704;442821;Kralingerpolder;86;Geothermie;15.0;optie A;0.0;0.0;0;0;0;BU17830701;GM1783;2678.0;2678NZ;BU17830701;GM1783;2678.0;2678NZ;BU17830701;GM1783;2678.0;2678NZ;False;False;False;51.968425132633186;4.2623813156609565;WarmteAtlas:MT_WarmteBronnen_ECW;https://www.warmteatlas.nl/geoserver/WarmteAtlas/wfs;2026-06-24T11:54:24;
72553;449692;Polanen;86;Geothermie;15.0;optie A;0.0;0.0;0;0;0;BU17830509;GM1783;2681.0;2681PJ;BU17830509;GM1783;2681.0;2681PJ;BU17830509;GM1783;2681.0;2681PJ;False;False;False;52.02943113860005;4.185785016485788;WarmteAtlas:MT_WarmteBronnen_ECW;https://www.warmteatlas.nl/geoserver/WarmteAtlas/wfs;2026-06-24T11:54:24;
73550;442826;Maasdijk;86;Geothermie;30.0;optie A;0.0;0.0;0;0;0;BU17830352;GM1783;2676.0;2676BD;BU17830352;GM1783;2676.0;2676BD;BU17830352;GM1783;2676.0;2676BD;False;False;False;51.967876560453504;4.20194261949226;WarmteAtlas:MT_WarmteBronnen_ECW;https://www.warmteatlas.nl/geoserver/WarmteAtlas/wfs;2026-06-24T11:54:24;
71539;444637;Westland West;86;Geothermie;30.0;optie A;0.0;0.0;0;0;0;BU17830420;GM1783;2691.0;2691PC;BU17830420;GM1783;2691.0;2691PC;BU17830420;GM1783;2691.0;2691PC;False;False;False;51.98385270835007;4.172244104391751;WarmteAtlas:MT_WarmteBronnen_ECW;https://www.warmteatlas.nl/geoserver/WarmteAtlas/wfs;2026-06-24T11:54:24;
69371;445708;Geo4Energy;86;Geothermie;30.0;optie A;0.0;0.0;0;0;0;BU17830420;GM1783;2691.0;2691NT;BU17830420;GM1783;2691.0;2691NT;BU17830420;GM1783;2691.0;2691NT;False;False;False;51.993147095160055;4.140423593825904;WarmteAtlas:MT_WarmteBronnen_ECW;https://www.warmteatlas.nl/geoserver/WarmteAtlas/wfs;2026-06-24T11:54:24;
74004;447378;Bospolder;86;Geothermie;15.0;optie A;0.0;0.0;0;0;0;BU17830257;GM1783;2675.0;2675BP;BU17830257;GM1783;2675.0;2675BP;BU17830257;GM1783;2675.0;2675BP;False;False;False;52.00885002829772;4.207472305308221;WarmteAtlas:MT_WarmteBronnen_ECW;https://www.warmteatlas.nl/geoserver/WarmteAtlas/wfs;2026-06-24T11:54:24;
78447;447780;Wippolderlaan;86;Geothermie;15.0;optie A;0.0;0.0;0;0;0;BU17830803;GM1783;2295.0;2295RT;BU17830803;GM1783;2295.0;2295RT;BU17830803;GM1783;2295.0;2295RT;False;False;False;52.01309346091001;4.272083978639128;WarmteAtlas:MT_WarmteBronnen_ECW;https://www.warmteatlas.nl/geoserver/WarmteAtlas/wfs;2026-06-24T11:54:24;
79454;444036;De Lier 2;86;Geothermie;17.5;optie A;0.0;0.0;0;0;0;BU17830701;GM1783;2678.0;2678LJ;BU17830701;GM1783;2678.0;2678LJ;BU17830701;GM1783;2678.0;2678LJ;False;False;False;51.97958487832762;4.287575439678823;WarmteAtlas:MT_WarmteBronnen_ECW;https://www.warmteatlas.nl/geoserver/WarmteAtlas/wfs;2026-06-24T11:54:24;
175950;386100;Ennatuurlijk Helmond 1 2;0;STEG;40.26;Optie B;0.0;0.0;0;0;0;BU07942901;GM0794;5705.0;5705CB;BU07942901;GM0794;5705.0;5705CB;BU07942901;GM0794;5705.0;5705CB;False;False;False;51.4635784729766;5.688674366973562;WarmteAtlas:MT_WarmteBronnen_ECW;https://www.warmteatlas.nl/geoserver/WarmteAtlas/wfs;2026-06-24T11:54:24;
136344;455260;Eneco HWC Nicolaas Beetsstraat;0;Hulpketel;19.0;Optie B;1.0;1.0;0;0;0;BU03440628;GM0344;3511.0;3511EW;BU03440628;GM0344;3511.0;3511EW;BU03440628;GM0344;3511.0;3511EW;False;False;False;52.085291346105706;5.115016616305356;WarmteAtlas:MT_WarmteBronnen_ECW;https://www.warmteatlas.nl/geoserver/WarmteAtlas/wfs;2026-06-24T11:54:24;
135849;458405;Eneco HWC Overvecht;0;Hulpketel;38.0;Optie B;1.0;1.0;0;0;0;BU03440321;GM0344;3562.0;3562LB;BU03440321;GM0344;3562.0;3562LB;BU03440321;GM0344;3562.0;3562LB;False;False;False;52.113541473001774;5.107618123279234;WarmteAtlas:MT_WarmteBronnen_ECW;https://www.warmteatlas.nl/geoserver/WarmteAtlas/wfs;2026-06-24T11:54:24;
126439;501580;Hulpwarmtecentrale 1  HWC 1;0;Hulpketel;90.0;Optie B;1.0;1.0;0;0;0;BU04390402;GM0439;1441.0;1441RT;BU04390402;GM0439;1441.0;1441RT;BU04390402;GM0439;1441.0;1441RT;False;False;False;52.5011700694514;4.966588261487964;WarmteAtlas:MT_WarmteBronnen_ECW;https://www.warmteatlas.nl/geoserver/WarmteAtlas/wfs;2026-06-24T11:54:24;
124374;502682;Hulpwarmtecentrale 2  HWC 2;0;Hulpketel;35.0;Optie B;1.0;1.0;0;0;0;BU04390701;GM0439;1441.0;1441MD;BU04390701;GM0439;1441.0;1441MD;BU04390701;GM0439;1441.0;1441MD;False;False;False;52.51096213638164;4.936076865866434;WarmteAtlas:MT_WarmteBronnen_ECW;https://www.warmteatlas.nl/geoserver/WarmteAtlas/wfs;2026-06-24T11:54:24;
129483;503691;Biowarmtecentrale de Beemster  BWC 2  te realiseren;0;BMC;16.0;Optie A;0.0;0.0;0;0;0;BU04390505;GM0439;1446.0;1446AR;BU04390505;GM0439;1446.0;1446AA;BU04390505;GM0439;1446.0;1446AA;False;False;False;52.520292356130376;5.011254725578993;WarmteAtlas:MT_WarmteBronnen_ECW;https://www.warmteatlas.nl/geoserver/WarmteAtlas/wfs;2026-06-24T11:54:24;
112698;513765;HVC Alkmaar BEC (Bio energie centrale);120;BMC;40.0;Optie B;0.0;0.0;0;0;0;BU03610309;GM0361;1812.0;1812RD;BU03610309;GM0361;1812.0;1812RD;BU03610309;GM0361;1812.0;1812RD;False;False;False;52.60978398485754;4.762686496434304;WarmteAtlas:MT_WarmteBronnen_ECW;https://www.warmteatlas.nl/geoserver/WarmteAtlas/wfs;2026-06-24T11:54:24;
