waterschap;res_gebied;naamgeving;min_uur;min_gj_ex;opmerking;buurtcode_2023;gemeentecode_2023;pc4_code_2023;pc6_code_2023;buurtcode_2024;gemeentecode_2024;pc4_code_2024;pc6_code_2024;buurtcode_2025;gemeentecode_2025;pc4_code_2025;pc6_code_2025;buurtcode_gewijzigd;gemeentecode_gewijzigd;pc4_gewijzigd;lat;lon;meta_source_layer;meta_source_wfs_url;meta_retrieved_at;meta_source_last_modified
Brabantse Delta;Hart van Brabant;RWZI Waalwijk;153.88625;21741.66;Indicatie minimaal potentieel op basis van veel voorkomende afwijking tov gemiddeld potentieel;;GM0867;;;;GM0867;;;;GM0867;;;False;False;False;51.71130582964813;5.070413892641879;WarmteAtlas:TEA_assets_minimale_potentie;;;
Brabantse Delta;Hart van Brabant;RWZI Waspik;30.1716666667;4262.77;Indicatie minimaal potentieel op basis van veel voorkomende afwijking tov gemiddeld potentieel;;GM0867;;;;GM0867;;;;GM0867;;;False;False;False;51.705918468706926;4.941264519552414;WarmteAtlas:TEA_assets_minimale_potentie;;;
Waterschap De Dommel;Noord-oost Brabant;RWZI ST. OEDENRODE;483.660416668;68333.47;Indicatie minimaal potentieel op basis van veel voorkomende afwijking tov gemiddeld potentieel;;GM1948;;;;GM1948;;;;GM1948;;;False;False;False;51.56116432523864;5.445128699849865;WarmteAtlas:TEA_assets_minimale_potentie;;;
Waterschap De Dommel;Hart van Brabant;RWZI TILBURG;1914.09125;70430.46;Indicatie minimaal potentieel op basis van veel voorkomende afwijking tov gemiddeld potentieel;;GM0855;;;;GM0855;;;;GM0855;;;False;False;False;51.60004877457195;5.067584339569449;WarmteAtlas:TEA_assets_minimale_potentie;;;
Aa en Maas;Noord-oost Brabant;R.W.Z.I. Dinther;537.5;75940.14;Indicatie minimaal potentieel op basis van veel voorkomende afwijking tov gemiddeld potentieel;;GM1721;;;;GM1721;;;;GM1721;;;False;False;False;51.63525196233995;5.529918363552972;WarmteAtlas:TEA_assets_minimale_potentie;;;
Aa en Maas;Metropoolregio Eindhoven;R.W.Z.I. Aarle-Rixtel;680.833333332;96190.85;Indicatie minimaal potentieel op basis van veel voorkomende afwijking tov gemiddeld potentieel;;GM1659;;;;GM1659;;;;GM1659;;;False;False;False;51.503674635384975;5.662607581579918;WarmteAtlas:TEA_assets_minimale_potentie;;;
HH Amstel, Gooi en Vecht;Noord-Holland Zuid;RWZI Horstermeer;334.54;47265.14;Indicatie minimaal potentieel op basis van veel voorkomende afwijking tov gemiddeld potentieel;;GM1696;1394.0;;;GM1696;1394.0;;;GM1696;1394.0;;False;False;False;52.25803132789376;5.085664232994243;WarmteAtlas:TEA_assets_minimale_potentie;;;
HH Amstel, Gooi en Vecht;Noord-Holland Zuid;RWZI Weesp;133.3;18833.15;Indicatie minimaal potentieel op basis van veel voorkomende afwijking tov gemiddeld potentieel;;GM0363;1382.0;;;GM0363;1382.0;;;GM0363;1382.0;;False;False;False;52.318460271348435;5.020326190319431;WarmteAtlas:TEA_assets_minimale_potentie;;;
HH Amstel, Gooi en Vecht;Noord-Holland Zuid;RWZI Huizen;154.8;21870.76;Specifieke berekening minimaal potentieel;;GM0406;1271.0;;;GM0406;1271.0;;;GM0406;1271.0;;False;False;False;52.31022944923948;5.24089105186174;WarmteAtlas:TEA_assets_minimale_potentie;;;
HH Amstel, Gooi en Vecht;Noord-Holland Zuid;RWZI Hilversum (HH Amstel, Gooi en Vecht);153.08;21627.75;Indicatie minimaal potentieel op basis van veel voorkomende afwijking tov gemiddeld potentieel;;GM0402;1223.0;;;GM0402;1223.0;;;GM0402;1223.0;;False;False;False;52.22502573196016;5.208387173093924;WarmteAtlas:TEA_assets_minimale_potentie;;;
HH Amstel, Gooi en Vecht;Noord-Holland Zuid;RWZI Blaricum;165.55;23389.56;Indicatie minimaal potentieel op basis van veel voorkomende afwijking tov gemiddeld potentieel;;GM0376;1261.0;;;GM0376;1261.0;;;GM0376;1261.0;;False;False;False;52.264529644139955;5.2507385304888725;WarmteAtlas:TEA_assets_minimale_potentie;;;
HH Amstel, Gooi en Vecht;U10/U16;RWZI Loenen aan de Vecht;26.66;3766.63;Indicatie minimaal potentieel op basis van veel voorkomende afwijking tov gemiddeld potentieel;;GM1904;;;;GM1904;;;;GM1904;;;False;False;False;52.22464750491519;5.008551971531914;WarmteAtlas:TEA_assets_minimale_potentie;;;
HH Amstel, Gooi en Vecht;U10/U16;Voormalig RWZI Maarssen;47.3;2673.09;Indicatie minimaal potentieel op basis van veel voorkomende afwijking tov gemiddeld potentieel;;GM1904;;;;GM1904;;;;GM1904;;;False;False;False;52.15184873733029;5.038339516129573;WarmteAtlas:TEA_assets_minimale_potentie;;;
HH Amstel, Gooi en Vecht;U10/U16;RWZI De Ronde Venen;141.47;19987.44;Indicatie minimaal potentieel op basis van veel voorkomende afwijking tov gemiddeld potentieel;;GM0736;;;;GM0736;;;;GM0736;;;False;False;False;52.212161077429386;4.885240227974213;WarmteAtlas:TEA_assets_minimale_potentie;;;
De Stichtse Rijnlanden;U10/U16;RWZI Woerden;270.9;38273.83;Indicatie minimaal potentieel op basis van veel voorkomende afwijking tov gemiddeld potentieel;;GM0632;;;;GM0632;;;;GM0632;;;False;False;False;52.0846677936941;4.850676540166728;WarmteAtlas:TEA_assets_minimale_potentie;;;
De Stichtse Rijnlanden;U10/U16;RWZI Driebergen;238.65;33717.42;Indicatie minimaal potentieel op basis van veel voorkomende afwijking tov gemiddeld potentieel;;GM1581;;;;GM1581;;;;GM1581;;;False;False;False;52.04611514658908;5.2599606760118505;WarmteAtlas:TEA_assets_minimale_potentie;;;
De Stichtse Rijnlanden;U10/U16;RWZI Breukelen;114.165;16129.68;Indicatie minimaal potentieel op basis van veel voorkomende afwijking tov gemiddeld potentieel;;GM1904;;;;GM1904;;;;GM1904;;;False;False;False;52.16440445645205;4.9940424573549045;WarmteAtlas:TEA_assets_minimale_potentie;;;
De Stichtse Rijnlanden;U10/U16;RWZI Zeist;412.8;58322.03;Indicatie minimaal potentieel op basis van veel voorkomende afwijking tov gemiddeld potentieel;;GM0355;;;;GM0355;;;;GM0355;;;False;False;False;52.0871823230714;5.211506058803742;WarmteAtlas:TEA_assets_minimale_potentie;;;
De Stichtse Rijnlanden;U10/U16;RWZI Nieuwegein;451.5;63789.72;Indicatie minimaal potentieel op basis van veel voorkomende afwijking tov gemiddeld potentieel;;GM0353;;;;GM0353;;;;GM0353;;;False;False;False;52.00391842874025;5.070539000415452;WarmteAtlas:TEA_assets_minimale_potentie;;;
Schieland en de Krimpenerwaard;Midden-Holland;RWZI Haastrecht;464.4;65612.28;Indicatie minimaal potentieel op basis van veel voorkomende afwijking tov gemiddeld potentieel;;GM1931;2851.0;;;GM1931;2851.0;;;GM1931;2851.0;;False;False;False;52.00262965194176;4.784297020906285;WarmteAtlas:TEA_assets_minimale_potentie;;;
HHS van Delfland;Rotterdam-Den Haag;RWZI Harnaschpolder;1446.52;4370.13;Specifieke berekening minimaal potentieel;;GM1842;2635.0;;;GM1842;2635.0;;;GM1842;2635.0;;False;False;False;52.0154061352828;4.31887752452759;WarmteAtlas:TEA_assets_minimale_potentie;;;
Schieland en de Krimpenerwaard;Midden-Holland;Awzi Ammerstol;12.9;0.0;Minimale waarde < 20 m3/uur;;GM1931;2865.0;;;GM1931;2865.0;;;GM1931;2865.0;;False;False;False;51.93069238360864;4.805631299130185;WarmteAtlas:TEA_assets_minimale_potentie;;;
Schieland en de Krimpenerwaard;Midden-Holland;Awzi Stolwijk;38.7;5467.69;Indicatie minimaal potentieel op basis van veel voorkomende afwijking tov gemiddeld potentieel;;GM1931;2821.0;;;GM1931;2821.0;;;GM1931;2821.0;;False;False;False;51.980248827318626;4.767155701649249;WarmteAtlas:TEA_assets_minimale_potentie;;;
Schieland en de Krimpenerwaard;Midden-Holland;Awzi De Groote Zaag;295.84;41797.45;Indicatie minimaal potentieel op basis van veel voorkomende afwijking tov gemiddeld potentieel;;GM1931;2931.0;;;GM1931;2931.0;;;GM1931;2931.0;;False;False;False;51.89780648664727;4.59714744669549;WarmteAtlas:TEA_assets_minimale_potentie;;;
Schieland en de Krimpenerwaard;Midden-Holland;Awzi Bergambacht;33.97;4799.41;Specifieke berekening minimaal potentieel;;GM1931;2861.0;;;GM1931;2861.0;;;GM1931;2861.0;;False;False;False;51.94045032179333;4.787970088779269;WarmteAtlas:TEA_assets_minimale_potentie;;;
Schieland en de Krimpenerwaard;Midden-Holland;Awzi Berkenwoude;5.59;0.0;Minimale waarde < 20 m3/uur;;GM1931;2825.0;;;GM1931;2825.0;;;GM1931;2825.0;;False;False;False;51.93584263970003;4.712299128930347;WarmteAtlas:TEA_assets_minimale_potentie;;;
Schieland en de Krimpenerwaard;Midden-Holland;Awzi Kortenoord;623.5;88090.57;Indicatie minimaal potentieel op basis van veel voorkomende afwijking tov gemiddeld potentieel;;GM1892;2911.0;;;GM1892;2911.0;;;GM1892;2911.0;;False;False;False;51.972345173001685;4.628765904070388;WarmteAtlas:TEA_assets_minimale_potentie;;;
Vallei en Veluwe;U10/U16;Veenendaal;322.5;45564.09;Indicatie minimaal potentieel op basis van veel voorkomende afwijking tov gemiddeld potentieel;;GM1581;;;;GM1581;;;;GM1581;;;False;False;False;52.03789212424647;5.5232381132560855;WarmteAtlas:TEA_assets_minimale_potentie;;;
Waterschap Hollandse Delta;Hoeksewaard;rwzi Oud-Beijerland;132.70875;18749.62;Indicatie minimaal potentieel op basis van veel voorkomende afwijking tov gemiddeld potentieel;;GM1963;3261.0;;;GM1963;3261.0;;;GM1963;3261.0;;False;False;False;51.82697072008048;4.428862797212639;WarmteAtlas:TEA_assets_minimale_potentie;;;
Waterschap Hollandse Delta;Rotterdam-Den Haag;rwzi Oostvoorne;52.4958333332;7416.82;Indicatie minimaal potentieel op basis van veel voorkomende afwijking tov gemiddeld potentieel;;GM1992;3233.0;;;GM1992;3233.0;;;GM1992;3233.0;;False;False;False;51.916575097880234;4.117186914796763;WarmteAtlas:TEA_assets_minimale_potentie;;;
Waterschap Hollandse Delta;Hoeksewaard;rwzi Piershil;14.9245833333;0.0;Minimale waarde < 20 m3/uur;;GM1963;3265.0;;;GM1963;;;;GM1963;;;False;False;False;51.7988432934846;4.345384957220395;WarmteAtlas:TEA_assets_minimale_potentie;;;
Waterschap Hollandse Delta;Rotterdam-Den Haag;rwzi Hellevoetsluis;69.3554166668;9798.81;Indicatie minimaal potentieel op basis van veel voorkomende afwijking tov gemiddeld potentieel;;GM1992;3225.0;;;GM1992;3225.0;;;GM1992;3225.0;;False;False;False;51.84251379869752;4.1754641522420215;WarmteAtlas:TEA_assets_minimale_potentie;;;
Waterschap Hollandse Delta;Rotterdam-Den Haag;rwzi Heenvliet;26.82125;3789.41;Indicatie minimaal potentieel op basis van veel voorkomende afwijking tov gemiddeld potentieel;;GM1930;3218.0;;;GM1930;3218.0;;;GM1930;3218.0;;False;False;False;51.86574168678694;4.223895718249493;WarmteAtlas:TEA_assets_minimale_potentie;;;
Waterschap Hollandse Delta;Rotterdam-Den Haag;rwzi Spijkenisse-Allemanspolder;208.693333333;29485.02;Indicatie minimaal potentieel op basis van veel voorkomende afwijking tov gemiddeld potentieel;;GM1930;3207.0;;;GM1930;3207.0;;;GM1930;3207.0;;False;False;False;51.84107344735901;4.364888161487069;WarmteAtlas:TEA_assets_minimale_potentie;;;
Waterschap Hollandse Delta;Hoeksewaard;rwzi Numansdorp;62.2425;8793.86;Indicatie minimaal potentieel op basis van veel voorkomende afwijking tov gemiddeld potentieel;;GM1963;3281.0;;;GM1963;;;;GM1963;;;False;False;False;51.72646018146393;4.4216700010400345;WarmteAtlas:TEA_assets_minimale_potentie;;;
Waterschap Hollandse Delta;Hoeksewaard;rwzi Strijen;10.0333333333;0.0;Minimale waarde < 20 m3/uur;;GM1963;;;;GM1963;;;;GM1963;;;False;False;False;51.74545002862149;4.561466569914767;WarmteAtlas:TEA_assets_minimale_potentie;;;
Aa en Maas;Metropoolregio Eindhoven;Elsendorp;4.83875;0.0;Minimale waarde < 20 m3/uur;;GM1652;;;;GM1652;;;;GM1652;;;False;False;False;51.582205231171635;5.766260349946098;WarmteAtlas:TEA_assets_minimale_potentie;;;
Aa en Maas;Noord-oost Brabant;Erp;62.53625;3534.14;Indicatie minimaal potentieel op basis van veel voorkomende afwijking tov gemiddeld potentieel;;GM1948;;;;GM1948;;;;GM1948;;;False;False;False;51.604088300474615;5.613078769503841;WarmteAtlas:TEA_assets_minimale_potentie;;;
Aa en Maas;Noord-oost Brabant;Keldonk;2.40916666667;0.0;Minimale waarde < 20 m3/uur;;GM1948;;;;GM1948;;;;GM1948;;;False;False;False;51.58902357331576;5.595101094927554;WarmteAtlas:TEA_assets_minimale_potentie;;;
Aa en Maas;Noord-oost Brabant;Schijndel;80.115;4527.58;Indicatie minimaal potentieel op basis van veel voorkomende afwijking tov gemiddeld potentieel;;GM1948;;;;GM1948;;;;GM1948;;;False;False;False;51.62774639025436;5.441023128380749;WarmteAtlas:TEA_assets_minimale_potentie;;;
Aa en Maas;Noord-oost Brabant;Boerdonk;1.98041666667;0.0;Minimale waarde < 20 m3/uur;;GM1948;;;;GM1948;;;;GM1948;;;False;False;False;51.55768386305185;5.627238847748497;WarmteAtlas:TEA_assets_minimale_potentie;;;
Aa en Maas;Noord-oost Brabant;Heesch;45.0;2543.11;Specifieke berekening minimaal potentieel;;GM1721;;;;GM1721;;;;GM1721;;;False;False;False;51.72640170575553;5.510379642871621;WarmteAtlas:TEA_assets_minimale_potentie;;;
Aa en Maas;Noord-oost Brabant;Vorstenbosch;4.18541666667;0.0;Minimale waarde < 20 m3/uur;;GM1721;;;;GM1721;;;;GM1721;;;False;False;False;51.649803886349844;5.550984913043464;WarmteAtlas:TEA_assets_minimale_potentie;;;
Aa en Maas;Noord-oost Brabant;Loosbroek;3.92;0.0;Minimale waarde < 20 m3/uur;;GM1721;;;;GM1721;;;;GM1721;;;False;False;False;51.68058172297197;5.506546290279687;WarmteAtlas:TEA_assets_minimale_potentie;;;
Aa en Maas;Noord-oost Brabant;Heeswijk Dinther;23.4383333333;1324.58;Indicatie minimaal potentieel op basis van veel voorkomende afwijking tov gemiddeld potentieel;;GM1721;;;;GM1721;;;;GM1721;;;False;False;False;51.647405586750416;5.476980667231124;WarmteAtlas:TEA_assets_minimale_potentie;;;
Aa en Maas;Noord-oost Brabant;Munnekens-Vinkel;17.5379166667;0.0;Minimale waarde < 20 m3/uur;;GM1721;;;;GM1721;;;;GM1721;;;False;False;False;51.70360106573562;5.487682488050919;WarmteAtlas:TEA_assets_minimale_potentie;;;
Aa en Maas;Metropoolregio Eindhoven;Aarle-Rixtel;13.1279166667;0.0;Minimale waarde < 20 m3/uur;;GM1659;;;;GM1659;;;;GM1659;;;False;False;False;51.5091023757916;5.64737717811158;WarmteAtlas:TEA_assets_minimale_potentie;;;
Aa en Maas;Metropoolregio Eindhoven;Lieshout;10.78;0.0;Minimale waarde < 20 m3/uur;;GM1659;;;;GM1659;;;;GM1659;;;False;False;False;51.521530633337306;5.598836210070667;WarmteAtlas:TEA_assets_minimale_potentie;;;
Aa en Maas;Metropoolregio Eindhoven;'t Broek;145.0;8194.47;Specifieke berekening minimaal potentieel;;GM1659;;;;GM1659;;;;GM1659;;;False;False;False;51.52841250371707;5.6573194231655;WarmteAtlas:TEA_assets_minimale_potentie;;;
Aa en Maas;Metropoolregio Eindhoven;Mariahout;5.53291666668;0.0;Minimale waarde < 20 m3/uur;;GM1659;;;;GM1659;;;;GM1659;;;False;False;False;51.542414458788755;5.568240551758544;WarmteAtlas:TEA_assets_minimale_potentie;;;
Aa en Maas;Noord-oost Brabant;Reek;6.06375;0.0;Minimale waarde < 20 m3/uur;;GM1991;;;;GM1991;;;;GM1991;;;False;False;False;51.7465771882754;5.677803545209604;WarmteAtlas:TEA_assets_minimale_potentie;;;
Aa en Maas;Noord-oost Brabant;Zeeland;23.45875;1325.73;Indicatie minimaal potentieel op basis van veel voorkomende afwijking tov gemiddeld potentieel;;GM1991;;;;GM1991;;;;GM1991;;;False;False;False;51.70519655319463;5.679932296444449;WarmteAtlas:TEA_assets_minimale_potentie;;;
Aa en Maas;Noord-oost Brabant;Wachthuis;44.1408333333;2494.55;Indicatie minimaal potentieel op basis van veel voorkomende afwijking tov gemiddeld potentieel;;GM1991;;;;GM1991;;;;GM1991;;;False;False;False;51.75953852425749;5.68135990843234;WarmteAtlas:TEA_assets_minimale_potentie;;;
Aa en Maas;Noord-oost Brabant;Schaijk;33.4629166667;1891.1;Indicatie minimaal potentieel op basis van veel voorkomende afwijking tov gemiddeld potentieel;;GM1991;;;;GM1991;;;;GM1991;;;False;False;False;51.75187290912148;5.638120001537887;WarmteAtlas:TEA_assets_minimale_potentie;;;
Aa en Maas;Noord-oost Brabant;De Peel;40.73125;2301.86;Indicatie minimaal potentieel op basis van veel voorkomende afwijking tov gemiddeld potentieel;;GM1991;;;;GM1991;;;;GM1991;;;False;False;False;51.660716668663355;5.7374841460941575;WarmteAtlas:TEA_assets_minimale_potentie;;;
Aa en Maas;Noord-oost Brabant;Wilbertoord;3.32791666667;0.0;Minimale waarde < 20 m3/uur;;GM1982;;;;GM1982;;;;GM1982;;;False;False;False;51.65838700138337;5.771569084887069;WarmteAtlas:TEA_assets_minimale_potentie;;;
Aa en Maas;Noord-oost Brabant;Langenboom;7.37041666668;0.0;Minimale waarde < 20 m3/uur;;GM1982;;;;GM1982;;;;GM1982;;;False;False;False;51.707343470064636;5.728689763113354;WarmteAtlas:TEA_assets_minimale_potentie;;;
Aa en Maas;Noord-oost Brabant;Grave;38.0566666667;2150.71;Indicatie minimaal potentieel op basis van veel voorkomende afwijking tov gemiddeld potentieel;;GM1982;;;;GM1982;;;;GM1982;;;False;False;False;51.76023712404756;5.732937406723376;WarmteAtlas:TEA_assets_minimale_potentie;;;
Aa en Maas;Noord-oost Brabant;Vught;0.0;0.0;Geen debiet data beschikbaar;;GM0865;;;;GM0865;;;;GM0865;;;False;False;False;51.67111369337734;5.284653449936824;WarmteAtlas:TEA_assets_minimale_potentie;;;
Brabantse Delta;West-Brabant;rg. Alphen;13.6383333333;0.0;Minimale waarde < 20 m3/uur;;GM1723;;;;GM1723;;;;GM1723;;;False;False;False;51.48212758084059;4.96312357628602;WarmteAtlas:TEA_assets_minimale_potentie;;;
Brabantse Delta;Hart van Brabant;rg. Waspik;14.9245833333;0.0;Minimale waarde < 20 m3/uur;;GM0867;;;;GM0867;;;;GM0867;;;False;False;False;51.68932371880383;4.94347060192712;WarmteAtlas:TEA_assets_minimale_potentie;;;
Brabantse Delta;Hart van Brabant;rg. Sprang Capelle;38.0975;2153.02;Indicatie minimaal potentieel op basis van veel voorkomende afwijking tov gemiddeld potentieel;;GM0867;;;;GM0867;;;;GM0867;;;False;False;False;51.673690380095664;5.007977171061174;WarmteAtlas:TEA_assets_minimale_potentie;;;
Brabantse Delta;Hart van Brabant;rg. Waalwijk;120.519583333;6810.99;Indicatie minimaal potentieel op basis van veel voorkomende afwijking tov gemiddeld potentieel;;GM0867;;;;GM0867;;;;GM0867;;;False;False;False;51.69394384600263;5.074790388082352;WarmteAtlas:TEA_assets_minimale_potentie;;;
Waterschap De Dommel;Noord-oost Brabant;Duin;24.6633333333;1393.81;Indicatie minimaal potentieel op basis van veel voorkomende afwijking tov gemiddeld potentieel;;GM1948;;;;GM1948;;;;GM1948;;;False;False;False;51.61236393422841;5.458256575473734;WarmteAtlas:TEA_assets_minimale_potentie;;;
Waterschap De Dommel;Noord-oost Brabant;Olland;1.715;0.0;Minimale waarde < 20 m3/uur;;GM1948;;;;GM1948;;;;GM1948;;;False;False;False;51.57970555144907;5.40949618769192;WarmteAtlas:TEA_assets_minimale_potentie;;;
Waterschap De Dommel;Noord-oost Brabant;Nijnsel;16.5579166667;0.0;Minimale waarde < 20 m3/uur;;GM1948;;;;GM1948;;;;GM1948;;;False;False;False;51.55339336236985;5.4884608620703865;WarmteAtlas:TEA_assets_minimale_potentie;;;
Waterschap De Dommel;Noord-oost Brabant;Kienehoef;68.1508333332;3851.44;Indicatie minimaal potentieel op basis van veel voorkomende afwijking tov gemiddeld potentieel;;GM1948;;;;GM1948;;;;GM1948;;;False;False;False;51.5679732100732;5.460545708681869;WarmteAtlas:TEA_assets_minimale_potentie;;;
Waterschap De Dommel;Noord-oost Brabant;Boskant;7.16625;0.0;Minimale waarde < 20 m3/uur;;GM1948;;;;GM1948;;;;GM1948;;;False;False;False;51.549597643786;5.424148635565377;WarmteAtlas:TEA_assets_minimale_potentie;;;
Waterschap De Dommel;Noord-oost Brabant;Biezenmortel;10.3920833333;0.0;Minimale waarde < 20 m3/uur;;GM0855;;;;GM0855;;;;GM0855;;;False;False;False;51.62896969483304;5.177823151405942;WarmteAtlas:TEA_assets_minimale_potentie;;;
Waterschap De Dommel;Noord-oost Brabant;Helvoirt;33.4220833333;1888.8;Indicatie minimaal potentieel op basis van veel voorkomende afwijking tov gemiddeld potentieel;;GM0865;;;;GM0865;;;;GM0865;;;False;False;False;51.63183706733455;5.233814734428278;WarmteAtlas:TEA_assets_minimale_potentie;;;
Waterschap De Dommel;Hart van Brabant;Udenhout;81.89125;4627.96;Indicatie minimaal potentieel op basis van veel voorkomende afwijking tov gemiddeld potentieel;;GM0855;;;;GM0855;;;;GM0855;;;False;False;False;51.61499857869916;5.140347872611121;WarmteAtlas:TEA_assets_minimale_potentie;;;
Waterschap Hollandse Delta;Rotterdam-Den Haag;rwzi Rozenburg;81.7;11542.9;Indicatie minimaal potentieel op basis van veel voorkomende afwijking tov gemiddeld potentieel;;GM0599;3181.0;;;GM0599;3181.0;;;GM0599;3181.0;;False;False;False;51.91805972564442;4.226197000977703;WarmteAtlas:TEA_assets_minimale_potentie;;;
De Stichtse Rijnlanden;U10/U16;Harmelen;29.4;1661.49;Indicatie minimaal potentieel op basis van veel voorkomende afwijking tov gemiddeld potentieel;;GM0632;;;;GM0632;;;;GM0632;;;False;False;False;52.08791980098226;4.9628298430459825;WarmteAtlas:TEA_assets_minimale_potentie;;;
De Stichtse Rijnlanden;U10/U16;Zegveld;9.555;0.0;Minimale waarde < 20 m3/uur;;GM0632;;;;GM0632;;;;GM0632;;;False;False;False;52.11259525953214;4.833892735918506;WarmteAtlas:TEA_assets_minimale_potentie;;;
De Stichtse Rijnlanden;U10/U16;Kamerik;9.555;0.0;Minimale waarde < 20 m3/uur;;GM0632;;;;GM0632;;;;GM0632;;;False;False;False;52.111364965147956;4.892124650678416;WarmteAtlas:TEA_assets_minimale_potentie;;;
De Stichtse Rijnlanden;U10/U16;Amerongen;0.0;0.0;Geen debiet data beschikbaar;;GM1581;;;;GM1581;;;;GM1581;;;False;False;False;51.99626072579313;5.455722955551317;WarmteAtlas:TEA_assets_minimale_potentie;;;
De Stichtse Rijnlanden;U10/U16;Hertenkamp;0.0;0.0;Geen debiet data beschikbaar;;GM1581;;;;GM1581;;;;GM1581;;;False;False;False;52.0630395528313;5.263737707792915;WarmteAtlas:TEA_assets_minimale_potentie;;;
De Stichtse Rijnlanden;U10/U16;Leersum;15.68;0.0;Minimale waarde < 20 m3/uur;;GM1581;;;;GM1581;;;;GM1581;;;False;False;False;52.00590649368051;5.426657974744351;WarmteAtlas:TEA_assets_minimale_potentie;;;
De Stichtse Rijnlanden;U10/U16;Doorn;20.09;1135.35;Indicatie minimaal potentieel op basis van veel voorkomende afwijking tov gemiddeld potentieel;;GM1581;;;;GM1581;;;;GM1581;;;False;False;False;52.03473847933261;5.31561518306603;WarmteAtlas:TEA_assets_minimale_potentie;;;
De Stichtse Rijnlanden;U10/U16;Kockengen;8.575;0.0;Minimale waarde < 20 m3/uur;;GM1904;;;;GM1904;;;;GM1904;;;False;False;False;52.14929959978104;4.95340872046039;WarmteAtlas:TEA_assets_minimale_potentie;;;
De Stichtse Rijnlanden;U10/U16;Oud Zuilen;0.0;0.0;Geen debiet data beschikbaar;;GM1904;;;;GM1904;;;;GM1904;;;False;False;False;52.12756309454968;5.06928436818616;WarmteAtlas:TEA_assets_minimale_potentie;;;
De Stichtse Rijnlanden;U10/U16;Broekdijk;2.205;0.0;Minimale waarde < 20 m3/uur;;GM1904;;;;GM1904;;;;GM1904;;;False;False;False;52.16941291747911;4.993456189298159;WarmteAtlas:TEA_assets_minimale_potentie;;;
De Stichtse Rijnlanden;U10/U16;Nieuwegein;135.485;3828.37;Indicatie minimaal potentieel op basis van veel voorkomende afwijking tov gemiddeld potentieel;;GM0356;;;;GM0356;;;;GM0356;;;False;False;False;52.007683677877495;5.076045418009692;WarmteAtlas:TEA_assets_minimale_potentie;;;
De Stichtse Rijnlanden;U10/U16;Oud Londen;0.98;0.0;Minimale waarde < 20 m3/uur;;GM0355;;;;GM0355;;;;GM0355;;;False;False;False;52.0901111267428;5.285856495850606;WarmteAtlas:TEA_assets_minimale_potentie;;;
De Stichtse Rijnlanden;U10/U16;Austerlitz;2.205;0.0;Minimale waarde < 20 m3/uur;;GM0355;;;;GM0355;;;;GM0355;;;False;False;False;52.08012056004827;5.310717985246209;WarmteAtlas:TEA_assets_minimale_potentie;;;
De Stichtse Rijnlanden;U10/U16;Noordweg;58.8;1661.49;Indicatie minimaal potentieel op basis van veel voorkomende afwijking tov gemiddeld potentieel;;GM0355;;;;GM0355;;;;GM0355;;;False;False;False;52.08951826026299;5.21437630586351;WarmteAtlas:TEA_assets_minimale_potentie;;;
De Stichtse Rijnlanden;U10/U16;Phillips van Bourgondielaan;48.265;1363.81;Indicatie minimaal potentieel op basis van veel voorkomende afwijking tov gemiddeld potentieel;;GM0355;;;;GM0355;;;;GM0355;;;False;False;False;52.081909931775975;5.220444876524626;WarmteAtlas:TEA_assets_minimale_potentie;;;
De Stichtse Rijnlanden;U10/U16;IJsselstein;39.69;2243.02;Indicatie minimaal potentieel op basis van veel voorkomende afwijking tov gemiddeld potentieel;;GM0353;;;;GM0353;;;;GM0353;;;False;False;False;52.02417135195531;5.044028698440119;WarmteAtlas:TEA_assets_minimale_potentie;;;
De Stichtse Rijnlanden;Midden-Holland;AWTG Bodegraven Willem de Zwijgerstraat;20.58;1163.04;Indicatie minimaal potentieel op basis van veel voorkomende afwijking tov gemiddeld potentieel;;GM1901;2411.0;;;GM1901;2411.0;;;GM1901;2411.0;;False;False;False;52.089283035168386;4.751022146529897;WarmteAtlas:TEA_assets_minimale_potentie;;;
De Stichtse Rijnlanden;Midden-Holland;AWTG Bodegraven Willem de Zwijgerstraat;20.58;1163.04;Indicatie minimaal potentieel op basis van veel voorkomende afwijking tov gemiddeld potentieel;;GM1901;2411.0;;;GM1901;2411.0;;;GM1901;2411.0;;False;False;False;52.089283035168386;4.751022146529897;WarmteAtlas:TEA_assets_minimale_potentie;;;
De Stichtse Rijnlanden;Midden-Holland;Waarder;3.43;0.0;Minimale waarde < 20 m3/uur;;GM1901;;;;GM1901;;;;GM1901;;;False;False;False;52.0593475847975;4.825086721014142;WarmteAtlas:TEA_assets_minimale_potentie;;;
De Stichtse Rijnlanden;Midden-Holland;Driebruggen;4.165;0.0;Minimale waarde < 20 m3/uur;;GM1901;;;;GM1901;;;;GM1901;;;False;False;False;52.046056478599006;4.805976699773077;WarmteAtlas:TEA_assets_minimale_potentie;;;
De Stichtse Rijnlanden;Midden-Holland;Nieuwerbrug;3.92;0.0;Minimale waarde < 20 m3/uur;;GM1901;2415.0;;;GM1901;2415.0;;;GM1901;2415.0;;False;False;False;52.07526342558819;4.8198551473907125;WarmteAtlas:TEA_assets_minimale_potentie;;;
HHS van Delfland;Rotterdam-Den Haag;Rg De Lier;134.26;7587.51;Indicatie minimaal potentieel op basis van veel voorkomende afwijking tov gemiddeld potentieel;;GM1783;2678.0;;;GM1783;2678.0;;;GM1783;2678.0;;False;False;False;51.97234784941632;4.254845889279859;WarmteAtlas:TEA_assets_minimale_potentie;;;
HHS van Delfland;Rotterdam-Den Haag;Rg Honselersdijk;46.06;2603.01;Indicatie minimaal potentieel op basis van veel voorkomende afwijking tov gemiddeld potentieel;;GM1783;2675.0;;;GM1783;2675.0;;;GM1783;2675.0;;False;False;False;52.00683447768542;4.226163118815708;WarmteAtlas:TEA_assets_minimale_potentie;;;
HHS van Delfland;Rotterdam-Den Haag;Rg Maasdijk;26.46;1495.34;Indicatie minimaal potentieel op basis van veel voorkomende afwijking tov gemiddeld potentieel;;GM1783;2676.0;;;GM1783;2676.0;;;GM1783;2676.0;;False;False;False;51.96186844073305;4.214734303505989;WarmteAtlas:TEA_assets_minimale_potentie;;;
HHS van Delfland;Rotterdam-Den Haag;Rg Naaldwijk;153.206666667;8658.26;Indicatie minimaal potentieel op basis van veel voorkomende afwijking tov gemiddeld potentieel;;GM1783;2671.0;;;GM1783;2671.0;;;GM1783;2671.0;;False;False;False;51.99867774210651;4.211586822007482;WarmteAtlas:TEA_assets_minimale_potentie;;;
HHS van Delfland;Rotterdam-Den Haag;Rg Monster;100.041666667;5653.71;Indicatie minimaal potentieel op basis van veel voorkomende afwijking tov gemiddeld potentieel;;GM1783;2681.0;;;GM1783;2681.0;;;GM1783;2681.0;;False;False;False;52.03447763636525;4.18316933001529;WarmteAtlas:TEA_assets_minimale_potentie;;;
HHS van Delfland;Rotterdam-Den Haag;Rg Heenweg;7.51333333332;0.0;Minimale waarde < 20 m3/uur;;GM1783;2691.0;;;GM1783;2691.0;;;GM1783;2691.0;;False;False;False;51.98363292434636;4.182555158315768;WarmteAtlas:TEA_assets_minimale_potentie;;;
HHS van Delfland;Rotterdam-Den Haag;Rg Groeneweg;6.86;0.0;Minimale waarde < 20 m3/uur;;GM1783;2691.0;;;GM1783;2691.0;;;GM1783;2691.0;;False;False;False;51.981376811910316;4.196859312499902;WarmteAtlas:TEA_assets_minimale_potentie;;;
HHS van Delfland;Rotterdam-Den Haag;Rg Staelduinen;50.6333333332;2861.47;Indicatie minimaal potentieel op basis van veel voorkomende afwijking tov gemiddeld potentieel;;GM1783;2691.0;;;GM1783;2691.0;;;GM1783;2691.0;;False;False;False;51.96632632423877;4.190311181174679;WarmteAtlas:TEA_assets_minimale_potentie;;;
HHS van Delfland;Rotterdam-Den Haag;Rg s-Gravenzande;334.833333333;18922.63;Indicatie minimaal potentieel op basis van veel voorkomende afwijking tov gemiddeld potentieel;;GM1783;2691.0;;;GM1783;2691.0;;;GM1783;2691.0;;False;False;False;51.99253199879586;4.169264922540502;WarmteAtlas:TEA_assets_minimale_potentie;;;
HHS van Delfland;Rotterdam-Den Haag;Rg Naaldwijk Zuid;37.5666666667;2123.02;Indicatie minimaal potentieel op basis van veel voorkomende afwijking tov gemiddeld potentieel;;GM1783;2671.0;;;GM1783;2671.0;;;GM1783;2671.0;;False;False;False;51.98624133400265;4.2076132288021695;WarmteAtlas:TEA_assets_minimale_potentie;;;
HHS van Delfland;Rotterdam-Den Haag;Rg Molenweide/ Rg Maasland;169.54;9581.31;Indicatie minimaal potentieel op basis van veel voorkomende afwijking tov gemiddeld potentieel;;GM1842;3155.0;;;GM1842;3155.0;;;GM1842;3155.0;;False;False;False;51.940450005707206;4.26945641885436;WarmteAtlas:TEA_assets_minimale_potentie;;;
HHS van Delfland;Rotterdam-Den Haag;Rg Lookwatering;14.2916666667;0.0;Minimale waarde < 20 m3/uur;;GM1842;2635.0;;;GM1842;2635.0;;;GM1842;2635.0;;False;False;False;52.009912990424276;4.318485076952841;WarmteAtlas:TEA_assets_minimale_potentie;;;
HHS van Delfland;Rotterdam-Den Haag;Rg Berkel;104.125;5884.47;Indicatie minimaal potentieel op basis van veel voorkomende afwijking tov gemiddeld potentieel;;GM1621;2652.0;;;GM1621;2652.0;;;GM1621;2652.0;;False;False;False;51.98605454817508;4.462037533920077;WarmteAtlas:TEA_assets_minimale_potentie;;;
HH Amstel, Gooi en Vecht;Noord-Holland Zuid;Diemen R3;69.0083333332;3899.9;Indicatie minimaal potentieel op basis van veel voorkomende afwijking tov gemiddeld potentieel;;GM0384;1112.0;;;GM0384;1112.0;;;GM0384;1112.0;;False;False;False;52.32987855744503;4.949549376068545;WarmteAtlas:TEA_assets_minimale_potentie;;;
HH Amstel, Gooi en Vecht;Noord-Holland Zuid;Diependaalselaan Hilversum;82.6875;4672.96;Indicatie minimaal potentieel op basis van veel voorkomende afwijking tov gemiddeld potentieel;;GM0402;1215.0;;;GM0402;1215.0;;;GM0402;1215.0;;False;False;False;52.214174085084494;5.150297869793468;WarmteAtlas:TEA_assets_minimale_potentie;;;
HH Amstel, Gooi en Vecht;U10/U16;Engel de Ruyter Breukelen;28.9304166667;817.48;Indicatie minimaal potentieel op basis van veel voorkomende afwijking tov gemiddeld potentieel;;GM1904;;;;GM1904;;;;GM1904;;;False;False;False;52.16904819719908;4.998547519309079;WarmteAtlas:TEA_assets_minimale_potentie;;;
HH Amstel, Gooi en Vecht;U10/U16;Binnenweg Loenersloot;1.04125;0.0;Minimale waarde < 20 m3/uur;;GM1904;;;;GM1904;;;;GM1904;;;False;False;False;52.22602299725392;5.001343693319901;WarmteAtlas:TEA_assets_minimale_potentie;;;
HH Amstel, Gooi en Vecht;U10/U16;Slotlaan Loenersloot;1.04125;0.0;Minimale waarde < 20 m3/uur;;GM1904;;;;GM1904;;;;GM1904;;;False;False;False;52.228877670541294;5.0002797478550844;WarmteAtlas:TEA_assets_minimale_potentie;;;
HH Amstel, Gooi en Vecht;U10/U16;Klokjeslaan Maarssen;4.96125;280.37;Minimale waarde < 20 m3/uur;;GM1904;;;;GM1904;;;;GM1904;;;False;False;False;52.14940452883035;5.043310734153871;WarmteAtlas:TEA_assets_minimale_potentie;;;
HH Amstel, Gooi en Vecht;U10/U16;Oude Dijk Tienhoven;5.06333333332;286.14;Minimale waarde < 20 m3/uur;;GM1904;;;;GM1904;;;;GM1904;;;False;False;False;52.15307348066395;5.0763786497051475;WarmteAtlas:TEA_assets_minimale_potentie;;;
HH Amstel, Gooi en Vecht;U10/U16;Ruwielstraat  Nieuwer ter Aa;1.81708333333;0.0;Minimale waarde < 20 m3/uur;;GM1904;;;;GM1904;;;;GM1904;;;False;False;False;52.19233402732212;4.981906201967635;WarmteAtlas:TEA_assets_minimale_potentie;;;
HH Amstel, Gooi en Vecht;U10/U16;Keizer Ottolaan Loenen;10.22875;0.0;Minimale waarde < 20 m3/uur;;GM1904;;;;GM1904;;;;GM1904;;;False;False;False;52.209488272484485;5.016322190117285;WarmteAtlas:TEA_assets_minimale_potentie;;;
HH Amstel, Gooi en Vecht;U10/U16;Floraweg Vreeland;3.53208333333;0.0;Minimale waarde < 20 m3/uur;;GM1904;;;;GM1904;;;;GM1904;;;False;False;False;52.23147325570859;5.031113574333251;WarmteAtlas:TEA_assets_minimale_potentie;;;
HH Amstel, Gooi en Vecht;U10/U16;Garstenstraat Nigtevecht;3.45041666667;0.0;Minimale waarde < 20 m3/uur;;GM1904;1393.0;;;GM1904;1393.0;;;GM1904;1393.0;;False;False;False;52.2769056544309;5.027760834725928;WarmteAtlas:TEA_assets_minimale_potentie;;;
HH Amstel, Gooi en Vecht;U10/U16;Industrieweg Mijdrecht;13.9445833333;0.0;Minimale waarde < 20 m3/uur;;GM0736;;;;GM0736;;;;GM0736;;;False;False;False;52.20656367631522;4.8863038689535;WarmteAtlas:TEA_assets_minimale_potentie;;;
HH Amstel, Gooi en Vecht;U10/U16;Burgemeester Fernhoutlaan Wilnis;12.6991666667;0.0;Minimale waarde < 20 m3/uur;;GM0736;;;;GM0736;;;;GM0736;;;False;False;False;52.199541513520195;4.8964025100195405;WarmteAtlas:TEA_assets_minimale_potentie;;;
HH Amstel, Gooi en Vecht;U10/U16;Reigerstraat Vinkeveen;32.9320833333;1861.11;Indicatie minimaal potentieel op basis van veel voorkomende afwijking tov gemiddeld potentieel;;GM0736;;;;GM0736;;;;GM0736;;;False;False;False;52.211717120973255;4.926877198121225;WarmteAtlas:TEA_assets_minimale_potentie;;;
HH Amstel, Gooi en Vecht;U10/U16;Diamant Mijdrecht;27.8891666667;1576.11;Indicatie minimaal potentieel op basis van veel voorkomende afwijking tov gemiddeld potentieel;;GM0736;;;;GM0736;;;;GM0736;;;False;False;False;52.21429452492035;4.8617518972958695;WarmteAtlas:TEA_assets_minimale_potentie;;;
HH Amstel, Gooi en Vecht;U10/U16;De Bruinlaan Amstelhoek;1.77625;0.0;Minimale waarde < 20 m3/uur;;GM0736;1427.0;;;GM0736;1427.0;;;GM0736;1427.0;;False;False;False;52.230220149117535;4.835875254892279;WarmteAtlas:TEA_assets_minimale_potentie;;;
HH Amstel, Gooi en Vecht;U10/U16;Zand- en Jaagpad Baambrugge;3.185;0.0;Minimale waarde < 20 m3/uur;;GM0736;1396.0;;;GM0736;1396.0;;;GM0736;1396.0;;False;False;False;52.24835416921322;4.989376953681377;WarmteAtlas:TEA_assets_minimale_potentie;;;
HH Amstel, Gooi en Vecht;U10/U16;Angsteloord Abcoude;40.8333333333;2307.63;Indicatie minimaal potentieel op basis van veel voorkomende afwijking tov gemiddeld potentieel;;GM0736;1391.0;;;GM0736;1391.0;;;GM0736;1391.0;;False;False;False;52.267878363183726;4.979577525902711;WarmteAtlas:TEA_assets_minimale_potentie;;;
Waterschap Zuiderzeeland;Flevoland;Larserbos;1.57208333333;0.0;Minimale waarde < 20 m3/uur;;GM0995;;;;GM0995;;;;GM0995;;;False;False;False;52.44947174021849;5.570026824358107;WarmteAtlas:TEA_assets_minimale_potentie;;;
Waterschap Zuiderzeeland;Flevoland;Warande;44.2429166667;2500.32;Indicatie minimaal potentieel op basis van veel voorkomende afwijking tov gemiddeld potentieel;;GM0995;;;;GM0995;;;;GM0995;;;False;False;False;52.49311230738743;5.473331497983091;WarmteAtlas:TEA_assets_minimale_potentie;;;
HHS van Delfland;Rotterdam-Den Haag;Rg Bijdorp/Rg Schiedam;644.84;36442.22;Indicatie minimaal potentieel op basis van veel voorkomende afwijking tov gemiddeld potentieel;;GM0606;3119.0;;;GM0606;3119.0;;;GM0606;3119.0;;False;False;False;51.92424378598063;4.3811759092294045;WarmteAtlas:TEA_assets_minimale_potentie;;;
HHS van Delfland;Rotterdam-Den Haag;Rg Nootdorp;38.7916666667;2192.25;Indicatie minimaal potentieel op basis van veel voorkomende afwijking tov gemiddeld potentieel;;GM1926;2631.0;;;GM1926;2631.0;;;GM1926;2631.0;;False;False;False;52.04736422694627;4.403919301102159;WarmteAtlas:TEA_assets_minimale_potentie;;;
Schieland en de Krimpenerwaard;Midden-Holland;RG Schoonhoven Gemeente;0.0;0.0;Geen debiet data beschikbaar;;GM1931;2871.0;;;GM1931;2871.0;;;GM1931;2871.0;;False;False;False;51.943535895214325;4.847412878625335;WarmteAtlas:TEA_assets_minimale_potentie;;;
Schieland en de Krimpenerwaard;Midden-Holland;Rioolgemaal Lekkerkerk;57.2279166668;3234.15;Indicatie minimaal potentieel op basis van veel voorkomende afwijking tov gemiddeld potentieel;;GM1931;2941.0;;;GM1931;2941.0;;;GM1931;2941.0;;False;False;False;51.89422723472315;4.674226376213868;WarmteAtlas:TEA_assets_minimale_potentie;;;
Schieland en de Krimpenerwaard;Midden-Holland;Rioolgemaal Krimpen aan de Lek;43.8754166667;2479.55;Indicatie minimaal potentieel op basis van veel voorkomende afwijking tov gemiddeld potentieel;;GM1931;2931.0;;;GM1931;2931.0;;;GM1931;2931.0;;False;False;False;51.895158279595485;4.628067832816463;WarmteAtlas:TEA_assets_minimale_potentie;;;
Schieland en de Krimpenerwaard;Midden-Holland;Rioolgemaal Schoonhoven;84.77;4790.65;Indicatie minimaal potentieel op basis van veel voorkomende afwijking tov gemiddeld potentieel;;GM1931;2871.0;;;GM1931;2871.0;;;GM1931;2871.0;;False;False;False;51.94353811729892;4.847391763208762;WarmteAtlas:TEA_assets_minimale_potentie;;;
Schieland en de Krimpenerwaard;Midden-Holland;Rioolgemaal Beijersche;2.38875;0.0;Minimale waarde < 20 m3/uur;;GM1931;2821.0;;;GM1931;2821.0;;;GM1931;2821.0;;False;False;False;51.98222678706578;4.715997639195474;WarmteAtlas:TEA_assets_minimale_potentie;;;
Schieland en de Krimpenerwaard;Midden-Holland;Rioolgemaal Clausstraat;6.57416666668;0.0;Minimale waarde < 20 m3/uur;;GM1931;2825.0;;;GM1931;2825.0;;;GM1931;2825.0;;False;False;False;51.946872148007294;4.705771074617623;WarmteAtlas:TEA_assets_minimale_potentie;;;
Schieland en de Krimpenerwaard;Midden-Holland;Rioolgemaal Gouderak;13.78125;0.0;Minimale waarde < 20 m3/uur;;GM1931;2831.0;;;GM1931;2831.0;;;GM1931;2831.0;;False;False;False;51.984451809990844;4.6751235756902645;WarmteAtlas:TEA_assets_minimale_potentie;;;
Schieland en de Krimpenerwaard;Midden-Holland;Rioolgemaal Ouderkerk a/d IJssel;28.91;1633.8;Indicatie minimaal potentieel op basis van veel voorkomende afwijking tov gemiddeld potentieel;;GM1931;2935.0;;;GM1931;2935.0;;;GM1931;2935.0;;False;False;False;51.93373460175396;4.641622117778925;WarmteAtlas:TEA_assets_minimale_potentie;;;
Schieland en de Krimpenerwaard;Midden-Holland;Rioolgemaal Opweg;2.36833333333;0.0;Minimale waarde < 20 m3/uur;;GM1931;2825.0;;;GM1931;2825.0;;;GM1931;2825.0;;False;False;False;51.94366891655781;4.7180847475831325;WarmteAtlas:TEA_assets_minimale_potentie;;;
Schieland en de Krimpenerwaard;Rotterdam-Den Haag;Rioolgemaal Bergschenhoek;101.532083333;5737.94;Indicatie minimaal potentieel op basis van veel voorkomende afwijking tov gemiddeld potentieel;;GM1621;2661.0;;;GM1621;2661.0;;;GM1621;2661.0;;False;False;False;51.982405204760184;4.504380607332974;WarmteAtlas:TEA_assets_minimale_potentie;;;
Schieland en de Krimpenerwaard;Midden-Holland;Rioolgemaal Distripark;5.77791666668;0.0;Minimale waarde < 20 m3/uur;;GM0627;2742.0;;;GM0627;2742.0;;;GM0627;2742.0;;False;False;False;52.01894681142272;4.634951785931087;WarmteAtlas:TEA_assets_minimale_potentie;;;
Schieland en de Krimpenerwaard;Rotterdam-Den Haag;AWTG Rokkeveen;0.0;0.0;Geen debiet data beschikbaar;;GM0637;2712.0;;;GM0637;2712.0;;;GM0637;2712.0;;False;False;False;52.04665160916401;4.503607640083199;WarmteAtlas:TEA_assets_minimale_potentie;;;
Schieland en de Krimpenerwaard;Midden-Holland;Rioolgemaal Zevenhuizen;188.16;10633.59;Indicatie minimaal potentieel op basis van veel voorkomende afwijking tov gemiddeld potentieel;;GM1892;2761.0;;;GM1892;2761.0;;;GM1892;2761.0;;False;False;False;52.00696279700362;4.586524756751012;WarmteAtlas:TEA_assets_minimale_potentie;;;
Schieland en de Krimpenerwaard;Midden-Holland;Rioolgemaal Moerkapelle;25.6025;1446.88;Indicatie minimaal potentieel op basis van veel voorkomende afwijking tov gemiddeld potentieel;;GM1892;2751.0;;;GM1892;2751.0;;;GM1892;2751.0;;False;False;False;52.04287059184712;4.568054726496554;WarmteAtlas:TEA_assets_minimale_potentie;;;
Schieland en de Krimpenerwaard;Midden-Holland;Rioolgemaal Emmahof;77.7058333332;4391.43;Indicatie minimaal potentieel op basis van veel voorkomende afwijking tov gemiddeld potentieel;;GM1892;2911.0;;;GM1892;2911.0;;;GM1892;2911.0;;False;False;False;51.9623010891474;4.613154459623641;WarmteAtlas:TEA_assets_minimale_potentie;;;
Schieland en de Krimpenerwaard;Midden-Holland;Rioolgemaal Zuidplas;58.1466666668;1643.03;Indicatie minimaal potentieel op basis van veel voorkomende afwijking tov gemiddeld potentieel;;GM1892;2914.0;;;GM1892;2914.0;;;GM1892;2914.0;;False;False;False;51.97171338962252;4.616253246371413;WarmteAtlas:TEA_assets_minimale_potentie;;;
Schieland en de Krimpenerwaard;Midden-Holland;Rioolgemaal Vijf Boeken;3.10333333333;0.0;Minimale waarde < 20 m3/uur;;GM1892;2911.0;;;GM1892;2911.0;;;GM1892;2911.0;;False;False;False;51.968428810245136;4.627860505493484;WarmteAtlas:TEA_assets_minimale_potentie;;;
Vallei en Veluwe;U10/U16;Overberg;9.39166666668;0.0;Minimale waarde < 20 m3/uur;;GM1581;;;;GM1581;;;;GM1581;;;False;False;False;52.03901191914584;5.503052811021449;WarmteAtlas:TEA_assets_minimale_potentie;;;
Vallei en Veluwe;U10/U16;Maarsbergen;4.59375;0.0;Minimale waarde < 20 m3/uur;;GM1581;;;;GM1581;;;;GM1581;;;False;False;False;52.06130300117795;5.404469976845558;WarmteAtlas:TEA_assets_minimale_potentie;;;
Vallei en Veluwe;U10/U16;Soesterberg;0.0;0.0;Minimale waarde < 20 m3/uur;;GM0355;;;;GM0355;;;;GM0355;;;False;False;False;52.10747947779515;5.289096826972356;WarmteAtlas:TEA_assets_minimale_potentie;;;
HH Amstel, Gooi en Vecht;Noord-Holland Zuid;Zwarteweg Bussum;33.8304166667;1911.87;Indicatie minimaal potentieel op basis van veel voorkomende afwijking tov gemiddeld potentieel;;GM1942;1405.0;;;GM1942;1405.0;;;GM1942;1405.0;;False;False;False;52.28060377531816;5.150676941420003;WarmteAtlas:TEA_assets_minimale_potentie;;;
HH Amstel, Gooi en Vecht;Noord-Holland Zuid;Hooftlaan Bussum;112.740833333;6371.39;Indicatie minimaal potentieel op basis van veel voorkomende afwijking tov gemiddeld potentieel;;GM1942;1401.0;;;GM1942;1401.0;;;GM1942;1401.0;;False;False;False;52.28379337605226;5.164010586731429;WarmteAtlas:TEA_assets_minimale_potentie;;;
HH Amstel, Gooi en Vecht;Noord-Holland Zuid;Verlengde Fortlaan Naarden;146.591666667;8284.42;Indicatie minimaal potentieel op basis van veel voorkomende afwijking tov gemiddeld potentieel;;GM1942;1412.0;;;GM1942;1412.0;;;GM1942;1412.0;;False;False;False;52.28591926972793;5.143657962915909;WarmteAtlas:TEA_assets_minimale_potentie;;;
HH Amstel, Gooi en Vecht;Noord-Holland Zuid;Kocherplantsoen Muiderberg;6.32916666668;0.0;Minimale waarde < 20 m3/uur;;GM1942;1399.0;;;GM1942;1399.0;;;GM1942;1399.0;;False;False;False;52.322698164943894;5.115294361902522;WarmteAtlas:TEA_assets_minimale_potentie;;;
HH Amstel, Gooi en Vecht;Noord-Holland Zuid;RG Buitendijke;6.32916666668;0.0;Minimale waarde < 20 m3/uur;;GM1942;1399.0;;;GM1942;1399.0;;;GM1942;1399.0;;False;False;False;52.32464028842186;5.123584782435034;WarmteAtlas:TEA_assets_minimale_potentie;;;
HH Amstel, Gooi en Vecht;Noord-Holland Zuid;Korte Muiderweg Weesp;15.8841666667;0.0;Minimale waarde < 20 m3/uur;;GM1942;1398.0;;;GM1942;1398.0;;;GM1942;1398.0;;False;False;False;52.326206737877754;5.063095545727081;WarmteAtlas:TEA_assets_minimale_potentie;;;
HH Amstel, Gooi en Vecht;Noord-Holland Zuid;RG Mariahoeve;4.30791666667;0.0;Minimale waarde < 20 m3/uur;;GM1942;1398.0;;;GM1942;1398.0;;;GM1942;1398.0;;False;False;False;52.32660395612853;5.0752208814356745;WarmteAtlas:TEA_assets_minimale_potentie;;;
HH Amstel, Gooi en Vecht;Noord-Holland Zuid;RG Zuid-West;1.63333333333;0.0;Minimale waarde < 20 m3/uur;;GM1942;1398.0;;;GM1942;1398.0;;;GM1942;1398.0;;False;False;False;52.329164764403814;5.062830443181199;WarmteAtlas:TEA_assets_minimale_potentie;;;
HH Amstel, Gooi en Vecht;Noord-Holland Zuid;RG Vesting Oost;4.30791666667;0.0;Minimale waarde < 20 m3/uur;;GM1942;1398.0;;;GM1942;1398.0;;;GM1942;1398.0;;False;False;False;52.32933292623034;5.069457105582045;WarmteAtlas:TEA_assets_minimale_potentie;;;
HH Amstel, Gooi en Vecht;Noord-Holland Zuid;RG Vesting West;1.63333333333;0.0;Minimale waarde < 20 m3/uur;;GM1942;1398.0;;;GM1942;1398.0;;;GM1942;1398.0;;False;False;False;52.33089129181705;5.066885519577427;WarmteAtlas:TEA_assets_minimale_potentie;;;
HH Amstel, Gooi en Vecht;Noord-Holland Zuid;RG Noord-West;1.57208333333;0.0;Minimale waarde < 20 m3/uur;;GM1942;1398.0;;;GM1942;1398.0;;;GM1942;1398.0;;False;False;False;52.33441251985807;5.067394613065177;WarmteAtlas:TEA_assets_minimale_potentie;;;
HH Amstel, Gooi en Vecht;Noord-Holland Zuid;Ellermansstraat;14.27125;0.0;Minimale waarde < 20 m3/uur;;GM0437;1114.0;;;GM0437;1114.0;;;GM0437;1114.0;;False;False;False;52.32831102505644;4.9302726697047845;WarmteAtlas:TEA_assets_minimale_potentie;;;
HH Amstel, Gooi en Vecht;Noord-Holland Zuid;van Marwijk Kooystraat;54.4308333332;3076.08;Indicatie minimaal potentieel op basis van veel voorkomende afwijking tov gemiddeld potentieel;;GM0437;1114.0;;;GM0437;1114.0;;;GM0437;1114.0;;False;False;False;52.332857368601616;4.9254958872102215;WarmteAtlas:TEA_assets_minimale_potentie;;;
HH Amstel, Gooi en Vecht;Noord-Holland Zuid;Boostergemaal Zuid Marwijk Kooystraat Amsterdam;320.541666667;18114.96;Indicatie minimaal potentieel op basis van veel voorkomende afwijking tov gemiddeld potentieel;;GM0437;1114.0;;;GM0437;1114.0;;;GM0437;1114.0;;False;False;False;52.33326021204113;4.923682718900608;WarmteAtlas:TEA_assets_minimale_potentie;;;
HH Amstel, Gooi en Vecht;Noord-Holland Zuid;Rading Loosdrecht;37.1583333333;2099.95;Indicatie minimaal potentieel op basis van veel voorkomende afwijking tov gemiddeld potentieel;;GM1696;1231.0;;;GM1696;1231.0;;;GM1696;1231.0;;False;False;False;52.20871255631981;5.138681255237961;WarmteAtlas:TEA_assets_minimale_potentie;;;
HH Amstel, Gooi en Vecht;Noord-Holland Zuid;De Kwakel Kortenhoef;26.3375;1488.42;Indicatie minimaal potentieel op basis van veel voorkomende afwijking tov gemiddeld potentieel;;GM1696;1241.0;;;GM1696;1241.0;;;GM1696;1241.0;;False;False;False;52.241998811763224;5.108349448781136;WarmteAtlas:TEA_assets_minimale_potentie;;;
HH Amstel, Gooi en Vecht;Noord-Holland Zuid;Meerlaan Nederhorst den Berg;12.8625;0.0;Minimale waarde < 20 m3/uur;;GM1696;1394.0;;;GM1696;1394.0;;;GM1696;1394.0;;False;False;False;52.251951544562495;5.0508662676863265;WarmteAtlas:TEA_assets_minimale_potentie;;;
HH Amstel, Gooi en Vecht;Noord-Holland Zuid;Buhrmanlaan Ankeveen;2.14375;0.0;Minimale waarde < 20 m3/uur;;GM1696;1244.0;;;GM1696;1244.0;;;GM1696;1244.0;;False;False;False;52.263227054944096;5.100423660322868;WarmteAtlas:TEA_assets_minimale_potentie;;;
HH Amstel, Gooi en Vecht;Noord-Holland Zuid;Snodenhoekpark;5.61458333332;0.0;Minimale waarde < 20 m3/uur;;GM0363;1107.0;;;GM0363;1107.0;;;GM0363;1107.0;;False;False;False;52.29102158755361;4.975045859349301;WarmteAtlas:TEA_assets_minimale_potentie;;;
HH Amstel, Gooi en Vecht;Noord-Holland Zuid;Wethouder Abrahamspad;7.88083333332;0.0;Minimale waarde < 20 m3/uur;;GM0363;1107.0;;;GM0363;1107.0;;;GM0363;1107.0;;False;False;False;52.29166923558453;4.990442053845692;WarmteAtlas:TEA_assets_minimale_potentie;;;
HH Amstel, Gooi en Vecht;Noord-Holland Zuid;Tafelbergweg;1.44958333333;0.0;Minimale waarde < 20 m3/uur;;GM0363;1105.0;;;GM0363;1105.0;;;GM0363;1105.0;;False;False;False;52.29241383490408;4.947022086347054;WarmteAtlas:TEA_assets_minimale_potentie;;;
HH Amstel, Gooi en Vecht;Noord-Holland Zuid;Tienraaikade;5.83916666668;0.0;Minimale waarde < 20 m3/uur;;GM0363;1107.0;;;GM0363;1107.0;;;GM0363;1107.0;;False;False;False;52.293255899954794;4.970158651578528;WarmteAtlas:TEA_assets_minimale_potentie;;;
HH Amstel, Gooi en Vecht;Noord-Holland Zuid;Schalkwijkpad;21.6008333333;1220.74;Indicatie minimaal potentieel op basis van veel voorkomende afwijking tov gemiddeld potentieel;;GM0363;1107.0;;;GM0363;1107.0;;;GM0363;1107.0;;False;False;False;52.294405916295965;4.981143205614423;WarmteAtlas:TEA_assets_minimale_potentie;;;
HH Amstel, Gooi en Vecht;Noord-Holland Zuid;Millingenhof;28.42;1606.11;Indicatie minimaal potentieel op basis van veel voorkomende afwijking tov gemiddeld potentieel;;GM0363;1106.0;;;GM0363;1106.0;;;GM0363;1106.0;;False;False;False;52.29669220514342;4.967692980831514;WarmteAtlas:TEA_assets_minimale_potentie;;;
HH Amstel, Gooi en Vecht;Noord-Holland Zuid;Puiflijkpad;19.5591666667;0.0;Minimale waarde < 20 m3/uur;;GM0363;1106.0;;;GM0363;1106.0;;;GM0363;1106.0;;False;False;False;52.298479099971495;4.981380141734116;WarmteAtlas:TEA_assets_minimale_potentie;;;
HH Amstel, Gooi en Vecht;Noord-Holland Zuid;Anne Kooistrahof;6.71708333332;0.0;Minimale waarde < 20 m3/uur;;GM0363;1106.0;;;GM0363;1106.0;;;GM0363;1106.0;;False;False;False;52.299703346780085;4.990955296355023;WarmteAtlas:TEA_assets_minimale_potentie;;;
HH Amstel, Gooi en Vecht;Noord-Holland Zuid;Nieuwlandhof;7.73791666668;0.0;Minimale waarde < 20 m3/uur;;GM0363;1106.0;;;GM0363;1106.0;;;GM0363;1106.0;;False;False;False;52.301287928781555;4.9612281894057135;WarmteAtlas:TEA_assets_minimale_potentie;;;
HH Amstel, Gooi en Vecht;Noord-Holland Zuid;Mijehof;5.10416666668;0.0;Minimale waarde < 20 m3/uur;;GM0363;1106.0;;;GM0363;1106.0;;;GM0363;1106.0;;False;False;False;52.302008162196195;4.96886993983663;WarmteAtlas:TEA_assets_minimale_potentie;;;
HH Amstel, Gooi en Vecht;Noord-Holland Zuid;Laarderhoogtweg Amsterdam;113.516666667;6415.23;Indicatie minimaal potentieel op basis van veel voorkomende afwijking tov gemiddeld potentieel;;GM0363;1101.0;;;GM0363;1101.0;;;GM0363;1101.0;;False;False;False;52.30219336165661;4.944439751047285;WarmteAtlas:TEA_assets_minimale_potentie;;;
HH Amstel, Gooi en Vecht;Noord-Holland Zuid;Burg.Mulstraat (Driemond);2.49083333333;0.0;Minimale waarde < 20 m3/uur;;GM0363;1109.0;;;GM0363;1109.0;;;GM0363;1109.0;;False;False;False;52.30316497962316;5.020058040753832;WarmteAtlas:TEA_assets_minimale_potentie;;;
HH Amstel, Gooi en Vecht;Noord-Holland Zuid;Lentestraat (Driemond);12.1275;0.0;Minimale waarde < 20 m3/uur;;GM0363;1109.0;;;GM0363;1109.0;;;GM0363;1109.0;;False;False;False;52.307044088950505;5.019187296484118;WarmteAtlas:TEA_assets_minimale_potentie;;;
HH Amstel, Gooi en Vecht;Noord-Holland Zuid;Leusdenhof;7.86041666668;0.0;Minimale waarde < 20 m3/uur;;GM0363;1108.0;;;GM0363;1108.0;;;GM0363;1108.0;;False;False;False;52.30778790376627;4.9803787146693175;WarmteAtlas:TEA_assets_minimale_potentie;;;
HH Amstel, Gooi en Vecht;Noord-Holland Zuid;Flierbosdreef riool;110.25;6230.62;Indicatie minimaal potentieel op basis van veel voorkomende afwijking tov gemiddeld potentieel;;GM0363;1102.0;;;GM0363;1102.0;;;GM0363;1102.0;;False;False;False;52.312665340621365;4.960043047228718;WarmteAtlas:TEA_assets_minimale_potentie;;;
HH Amstel, Gooi en Vecht;Noord-Holland Zuid;De Loper (Arena);43.4875;2457.63;Indicatie minimaal potentieel op basis van veel voorkomende afwijking tov gemiddeld potentieel;;GM0363;1114.0;;;GM0363;1114.0;;;GM0363;1114.0;;False;False;False;52.31485121246396;4.9382344307981265;WarmteAtlas:TEA_assets_minimale_potentie;;;
HH Amstel, Gooi en Vecht;Noord-Holland Zuid;Berthold Brechtstraat;9.4325;0.0;Minimale waarde < 20 m3/uur;;GM0363;1102.0;;;GM0363;1102.0;;;GM0363;1102.0;;False;False;False;52.318270706197445;4.946288544869874;WarmteAtlas:TEA_assets_minimale_potentie;;;
HH Amstel, Gooi en Vecht;Noord-Holland Zuid;Dostojevskisingel;14.9654166667;0.0;Minimale waarde < 20 m3/uur;;GM0363;1102.0;;;GM0363;1102.0;;;GM0363;1102.0;;False;False;False;52.323192050369535;4.946505631131206;WarmteAtlas:TEA_assets_minimale_potentie;;;
Waterschap Rijn en IJssel;Achterhoek;Gemaal Achter Drempt;1.55166666667;0.0;Minimale waarde < 20 m3/uur;;GM1876;;;;GM1876;;;;GM1876;;;False;False;False;52.022017023098655;6.178786155124878;WarmteAtlas:TEA_assets_minimale_potentie;;;
Waterschap Rijn en IJssel;Achterhoek;Gemaal Drempt;2.55208333333;0.0;Minimale waarde < 20 m3/uur;;GM1876;;;;GM1876;;;;GM1876;;;False;False;False;52.00769960353077;6.173373641149483;WarmteAtlas:TEA_assets_minimale_potentie;;;
Waterschap Rijn en IJssel;Achterhoek;Gemaal Hoog-Keppel;1.96;0.0;Minimale waarde < 20 m3/uur;;GM1876;;;;GM1876;;;;GM1876;;;False;False;False;52.00284892419053;6.205551183292753;WarmteAtlas:TEA_assets_minimale_potentie;;;
Waterschap Rijn en IJssel;Achterhoek;Gemaal Hummelo;4.12416666667;0.0;Minimale waarde < 20 m3/uur;;GM1876;;;;GM1876;;;;GM1876;;;False;False;False;52.001552239879786;6.234836594409459;WarmteAtlas:TEA_assets_minimale_potentie;;;
Waterschap Rijn en IJssel;Achterhoek;Gemaal Keppel;7.4725;0.0;Minimale waarde < 20 m3/uur;;GM1876;;;;GM1876;;;;GM1876;;;False;False;False;51.998468374433195;6.210526341961261;WarmteAtlas:TEA_assets_minimale_potentie;;;
Waterschap Rijn en IJssel;Achterhoek;Gemaal Laag-Keppel;1.44958333333;0.0;Minimale waarde < 20 m3/uur;;GM1876;;;;GM1876;;;;GM1876;;;False;False;False;51.9979897415026;6.217784370695897;WarmteAtlas:TEA_assets_minimale_potentie;;;
Waterschap Rijn en IJssel;Achterhoek;Gemaal Loil;3.94041666667;0.0;Minimale waarde < 20 m3/uur;;GM1955;;;;GM1955;;;;GM1955;;;False;False;False;51.95194340639106;6.141185875886002;WarmteAtlas:TEA_assets_minimale_potentie;;;
Waterschap Rijn en IJssel;Achterhoek;Gemaal Nieuw-Dijk;2.10291666667;0.0;Minimale waarde < 20 m3/uur;;GM1955;;;;GM1955;;;;GM1955;;;False;False;False;51.93407286254685;6.152308515347741;WarmteAtlas:TEA_assets_minimale_potentie;;;
Waterschap Rijn en IJssel;Achterhoek;Gemaal Didam;39.2816666667;2219.94;Indicatie minimaal potentieel op basis van veel voorkomende afwijking tov gemiddeld potentieel;;GM1955;;;;GM1955;;;;GM1955;;;False;False;False;51.9436251406041;6.11725989865872;WarmteAtlas:TEA_assets_minimale_potentie;;;
Waterschap Rijn en IJssel;Achterhoek;Gemaal Kilder;5.53291666668;0.0;Minimale waarde < 20 m3/uur;;GM1955;;;;GM1955;;;;GM1955;;;False;False;False;51.93575668629643;6.2325987806002905;WarmteAtlas:TEA_assets_minimale_potentie;;;
Waterschap Rijn en IJssel;Achterhoek;Gemaal Loerbeek;8.06458333332;0.0;Minimale waarde < 20 m3/uur;;GM1955;;;;GM1955;;;;GM1955;;;False;False;False;51.920332085717696;6.199243282563789;WarmteAtlas:TEA_assets_minimale_potentie;;;
Waterschap Hollandse Delta;Hoeksewaard;Oud-Beijerland Pr. Irenestraat;53.8591666668;1521.88;Indicatie minimaal potentieel op basis van veel voorkomende afwijking tov gemiddeld potentieel;;GM1963;3261.0;;;GM1963;3261.0;;;GM1963;3261.0;;False;False;False;51.822604823009605;4.419566880723459;WarmteAtlas:TEA_assets_minimale_potentie;;;
Waterschap Hollandse Delta;Hoeksewaard;Oud-Beijerland De Bosschen;0.0;0.0;Geen debiet data beschikbaar;;GM1963;3261.0;;;GM1963;3261.0;;;GM1963;3261.0;;False;False;False;51.82672568038544;4.428953888778084;WarmteAtlas:TEA_assets_minimale_potentie;;;
Waterschap Hollandse Delta;Hoeksewaard;Oud-Beijerland  Oosterse Gorzen;31.4008333333;887.28;Indicatie minimaal potentieel op basis van veel voorkomende afwijking tov gemiddeld potentieel;;GM1963;3261.0;;;GM1963;3261.0;;;GM1963;3261.0;;False;False;False;51.82699379920294;4.426571883888083;WarmteAtlas:TEA_assets_minimale_potentie;;;
Waterschap Hollandse Delta;Rotterdam-Den Haag;Rockanje;0.0;0.0;Geen debiet data beschikbaar;;GM1992;3235.0;;;GM1992;;;;GM1992;;;False;False;False;51.875448130856064;4.0662192173449885;WarmteAtlas:TEA_assets_minimale_potentie;;;
Waterschap Hollandse Delta;Rotterdam-Den Haag;Tinte;2.12333333333;0.0;Minimale waarde < 20 m3/uur;;GM1992;3234.0;;;GM1992;;;;GM1992;;;False;False;False;51.88768677168717;4.137825890865885;WarmteAtlas:TEA_assets_minimale_potentie;;;
Waterschap Hollandse Delta;Rotterdam-Den Haag;Oostvoorne Katteweg;0.816666666668;0.0;Minimale waarde < 20 m3/uur;;GM1992;3233.0;;;GM1992;3233.0;;;GM1992;3233.0;;False;False;False;51.923139073518925;4.137369975360326;WarmteAtlas:TEA_assets_minimale_potentie;;;
Waterschap Hollandse Delta;Rotterdam-Den Haag;Oostvoorne;36.2395833333;1024.01;Indicatie minimaal potentieel op basis van veel voorkomende afwijking tov gemiddeld potentieel;;GM1992;3233.0;;;GM1992;3233.0;;;GM1992;3233.0;;False;False;False;51.92003247591367;4.110091351165926;WarmteAtlas:TEA_assets_minimale_potentie;;;
Waterschap Hollandse Delta;Hoeksewaard;Zuid Beijerland;12.6175;0.0;Minimale waarde < 20 m3/uur;;GM1963;3284.0;;;GM1963;;;;GM1963;;;False;False;False;51.74810020286811;4.365517487201237;WarmteAtlas:TEA_assets_minimale_potentie;;;
Waterschap Hollandse Delta;Hoeksewaard;Goudswaard;5.20625;0.0;Minimale waarde < 20 m3/uur;;GM1963;3267.0;;;GM1963;;;;GM1963;;;False;False;False;51.79355132745332;4.274076310764051;WarmteAtlas:TEA_assets_minimale_potentie;;;
Waterschap Hollandse Delta;Hoeksewaard;Nieuw Beijerland;12.4745833333;0.0;Minimale waarde < 20 m3/uur;;GM1963;3264.0;;;GM1963;;;;GM1963;;;False;False;False;51.80810855567165;4.347533266429242;WarmteAtlas:TEA_assets_minimale_potentie;;;
Waterschap Hollandse Delta;Hoeksewaard;Nieuwendijk;1.20458333333;0.0;Minimale waarde < 20 m3/uur;;GM1963;3284.0;;;GM1963;;;;GM1963;;;False;False;False;51.75614909591662;4.320538766081167;WarmteAtlas:TEA_assets_minimale_potentie;;;
Waterschap Hollandse Delta;Hoeksewaard;Piershil;4.5325;0.0;Minimale waarde < 20 m3/uur;;GM1963;3265.0;;;GM1963;;;;GM1963;;;False;False;False;51.79453577825065;4.318180618402201;WarmteAtlas:TEA_assets_minimale_potentie;;;
Waterschap Hollandse Delta;Rotterdam-Den Haag;Oudenhoorn;3.28708333333;0.0;Minimale waarde < 20 m3/uur;;GM1992;3227.0;;;GM1992;3227.0;;;GM1992;3227.0;;False;False;False;51.82632810751996;4.1866211716910735;WarmteAtlas:TEA_assets_minimale_potentie;;;
Waterschap Hollandse Delta;Rotterdam-Den Haag;Hellevoetsluis Influentgemaal;0.0;0.0;Geen debiet data beschikbaar;;GM1992;3225.0;;;GM1992;3225.0;;;GM1992;3225.0;;False;False;False;51.842871958463626;4.175836854717816;WarmteAtlas:TEA_assets_minimale_potentie;;;
Waterschap Hollandse Delta;Rotterdam-Den Haag;Geervliet;5.92083333332;0.0;Minimale waarde < 20 m3/uur;;GM1930;3211.0;;;GM1930;3211.0;;;GM1930;3211.0;;False;False;False;51.861597930610095;4.26272565542392;WarmteAtlas:TEA_assets_minimale_potentie;;;
Waterschap Hollandse Delta;Rotterdam-Den Haag;Zuidland;14.63875;0.0;Minimale waarde < 20 m3/uur;;GM1930;3214.0;;;GM1930;3214.0;;;GM1930;3214.0;;False;False;False;51.8213634079291;4.255671559955998;WarmteAtlas:TEA_assets_minimale_potentie;;;
Waterschap Hollandse Delta;Rotterdam-Den Haag;Spijkenisse Brabant;236.425;13361.22;Indicatie minimaal potentieel op basis van veel voorkomende afwijking tov gemiddeld potentieel;;GM1930;3203.0;;;GM1930;3203.0;;;GM1930;3203.0;;False;False;False;51.84223609693762;4.345081968201011;WarmteAtlas:TEA_assets_minimale_potentie;;;
Waterschap Hollandse Delta;Rotterdam-Den Haag;Boostergemaal Zuidland;0.0;0.0;Geen debiet data beschikbaar;;GM1930;3214.0;;;GM1930;3214.0;;;GM1930;3214.0;;False;False;False;51.807877857149215;4.26637331440886;WarmteAtlas:TEA_assets_minimale_potentie;;;
Waterschap Hollandse Delta;Rotterdam-Den Haag;Heenvliet;15.5370833333;0.0;Minimale waarde < 20 m3/uur;;GM1930;3218.0;;;GM1930;3218.0;;;GM1930;3218.0;;False;False;False;51.86576017880927;4.2466357227303595;WarmteAtlas:TEA_assets_minimale_potentie;;;
Waterschap Hollandse Delta;Rotterdam-Den Haag;Abbenbroek;3.47083333333;0.0;Minimale waarde < 20 m3/uur;;GM1930;3216.0;;;GM1930;3216.0;;;GM1930;3216.0;;False;False;False;51.84833047986059;4.245116116111447;WarmteAtlas:TEA_assets_minimale_potentie;;;
Waterschap Hollandse Delta;Rotterdam-Den Haag;Simonshaven;1.36791666667;0.0;Minimale waarde < 20 m3/uur;;GM1930;3212.0;;;GM1930;3212.0;;;GM1930;3212.0;;False;False;False;51.82434179707327;4.290710334796354;WarmteAtlas:TEA_assets_minimale_potentie;;;
Waterschap Hollandse Delta;Hoeksewaard;Klaaswaal;13.8629166667;0.0;Minimale waarde < 20 m3/uur;;GM1963;;;;GM1963;;;;GM1963;;;False;False;False;51.76519786357894;4.444046254927273;WarmteAtlas:TEA_assets_minimale_potentie;;;
Waterschap Hollandse Delta;Hoeksewaard;Numansdorp Zijplaan;20.2533333333;1144.58;Indicatie minimaal potentieel op basis van veel voorkomende afwijking tov gemiddeld potentieel;;GM1963;3281.0;;;GM1963;;;;GM1963;;;False;False;False;51.73828086067903;4.436528175651883;WarmteAtlas:TEA_assets_minimale_potentie;;;
Waterschap Hollandse Delta;Hoeksewaard;Numansdorp Molendijk;23.0095833333;650.17;Indicatie minimaal potentieel op basis van veel voorkomende afwijking tov gemiddeld potentieel;;GM1963;3281.0;;;GM1963;;;;GM1963;;;False;False;False;51.726587879261736;4.435003366984506;WarmteAtlas:TEA_assets_minimale_potentie;;;
Waterschap Hollandse Delta;Rotterdam-Den Haag;Brielle;45.7333333333;2584.55;Indicatie minimaal potentieel op basis van veel voorkomende afwijking tov gemiddeld potentieel;;GM1992;3232.0;;;GM1992;3232.0;;;GM1992;3232.0;;False;False;False;51.897236825614655;4.159109781656792;WarmteAtlas:TEA_assets_minimale_potentie;;;
Waterschap Hollandse Delta;Rotterdam-Den Haag;Zwartewaal;5.65541666668;0.0;Minimale waarde < 20 m3/uur;;GM1992;3238.0;;;GM1992;;;;GM1992;;;False;False;False;51.881995822201326;4.216484188506513;WarmteAtlas:TEA_assets_minimale_potentie;;;
Waterschap Hollandse Delta;Rotterdam-Den Haag;Vierpolders;8.06458333332;0.0;Minimale waarde < 20 m3/uur;;GM1992;3237.0;;;GM1992;;;;GM1992;;;False;False;False;51.87640602669551;4.185442127477133;WarmteAtlas:TEA_assets_minimale_potentie;;;
Waterschap Hollandse Delta;Hoeksewaard;Westmaas;8.06458333332;0.0;Minimale waarde < 20 m3/uur;;GM1963;3271.0;;;GM1963;;;;GM1963;;;False;False;False;51.79244591332639;4.473419985470481;WarmteAtlas:TEA_assets_minimale_potentie;;;
Waterschap Hollandse Delta;Hoeksewaard;Blaaksedijk;15.19;0.0;Minimale waarde < 20 m3/uur;;GM1963;3274.0;;;GM1963;;;;GM1963;;;False;False;False;51.811830045635155;4.518697147768313;WarmteAtlas:TEA_assets_minimale_potentie;;;
Waterschap Hollandse Delta;Hoeksewaard;Mijnsheerenland;20.15125;1138.81;Indicatie minimaal potentieel op basis van veel voorkomende afwijking tov gemiddeld potentieel;;GM1963;3271.0;;;GM1963;;;;GM1963;;;False;False;False;51.799476567114716;4.485408688140313;WarmteAtlas:TEA_assets_minimale_potentie;;;
Waterschap Hollandse Delta;Hoeksewaard;Maasdam Hoeksedijk;16.9866666667;0.0;Minimale waarde < 20 m3/uur;;GM1963;;;;GM1963;;;;GM1963;;;False;False;False;51.78897747930471;4.557205532763304;WarmteAtlas:TEA_assets_minimale_potentie;;;
Waterschap Hollandse Delta;Hoeksewaard;Puttershoek Nassaulaan;16.7620833333;0.0;Minimale waarde < 20 m3/uur;;GM1963;;;;GM1963;;;;GM1963;;;False;False;False;51.80335027089156;4.5719279082249065;WarmteAtlas:TEA_assets_minimale_potentie;;;
Waterschap Hollandse Delta;Hoeksewaard;Maasdam Boezemkade;55.67625;3146.46;Indicatie minimaal potentieel op basis van veel voorkomende afwijking tov gemiddeld potentieel;;GM1963;;;;GM1963;;;;GM1963;;;False;False;False;51.78955738629904;4.555596698867308;WarmteAtlas:TEA_assets_minimale_potentie;;;
Waterschap Hollandse Delta;Hoeksewaard;Schenkeldijk;2.14375;0.0;Minimale waarde < 20 m3/uur;;GM1963;;;;GM1963;;;;GM1963;;;False;False;False;51.74189605840635;4.602221158686882;WarmteAtlas:TEA_assets_minimale_potentie;;;
Waterschap Hollandse Delta;Hoeksewaard;Heinenoord Marijkestraat;8.59541666668;0.0;Minimale waarde < 20 m3/uur;;GM1963;3274.0;;;GM1963;;;;GM1963;;;False;False;False;51.828642213905525;4.47842799339502;WarmteAtlas:TEA_assets_minimale_potentie;;;
Waterschap Hollandse Delta;Hoeksewaard;Mijlpolder;35.1370833333;1985.72;Indicatie minimaal potentieel op basis van veel voorkomende afwijking tov gemiddeld potentieel;;GM1963;;;;GM1963;;;;GM1963;;;False;False;False;51.79201682864126;4.61649691043395;WarmteAtlas:TEA_assets_minimale_potentie;;;
Waterschap Hollandse Delta;Hoeksewaard;Heinenoord Nieuweweg;29.1754166667;1648.8;Indicatie minimaal potentieel op basis van veel voorkomende afwijking tov gemiddeld potentieel;;GM1963;3274.0;;;GM1963;;;;GM1963;;;False;False;False;51.820575464004456;4.4778515726291825;WarmteAtlas:TEA_assets_minimale_potentie;;;
Waterschap Hollandse Delta;Hoeksewaard;Putterhoek Simonsdijkje;88.0366666668;2487.63;Indicatie minimaal potentieel op basis van veel voorkomende afwijking tov gemiddeld potentieel;;GM1963;;;;GM1963;;;;GM1963;;;False;False;False;51.804825974289784;4.581428035965127;WarmteAtlas:TEA_assets_minimale_potentie;;;
Waterschap Hollandse Delta;Goeree-Overflakkee;Achthuizen;4.41;0.0;Minimale waarde < 20 m3/uur;;GM1924;3256.0;;;GM1924;;;;GM1924;;;False;False;False;51.68937854864957;4.2766369814898315;WarmteAtlas:TEA_assets_minimale_potentie;;;
Waterschap Hollandse Delta;Goeree-Overflakkee;Stad aan 't Haringvliet;5.145;0.0;Minimale waarde < 20 m3/uur;;GM1924;3243.0;;;GM1924;;;;GM1924;;;False;False;False;51.73945252807867;4.240589135799653;WarmteAtlas:TEA_assets_minimale_potentie;;;
Waterschap Hollandse Delta;Hoeksewaard;Mookhoek Zweedsestraat;4.41;0.0;Minimale waarde < 20 m3/uur;;GM1963;;;;GM1963;;;;GM1963;;;False;False;False;51.75188978419131;4.593641598847322;WarmteAtlas:TEA_assets_minimale_potentie;;;
Waterschap Hollandse Delta;Hoeksewaard;Strijensas;1.79666666667;0.0;Minimale waarde < 20 m3/uur;;GM1963;;;;GM1963;;;;GM1963;;;False;False;False;51.7183462193505;4.582789623908966;WarmteAtlas:TEA_assets_minimale_potentie;;;
Waterschap Hollandse Delta;Hoeksewaard;Mookhoek Strijensedijk;3.08291666667;0.0;Minimale waarde < 20 m3/uur;;GM1963;;;;GM1963;;;;GM1963;;;False;False;False;51.75127163550581;4.594227812632937;WarmteAtlas:TEA_assets_minimale_potentie;;;
Waterschap Hollandse Delta;Hoeksewaard;Strijen;0.0;0.0;Geen debiet data beschikbaar;;GM1963;;;;GM1963;;;;GM1963;;;False;False;False;51.7452707351658;4.561061861597197;WarmteAtlas:TEA_assets_minimale_potentie;;;
HH Hollands Noorderkwartier;Noord Holland Noord;Rg. Meerweijde;4.29166666666;242.53;Minimale waarde < 20 m3/uur;;GM1598;1713.0;;;GM1598;1713.0;;;GM1598;1713.0;;False;False;False;52.67480117192699;4.910728805696011;WarmteAtlas:TEA_assets_minimale_potentie;;;
HH Hollands Noorderkwartier;Noord Holland Noord;Rg. Overdorpstraat;2.70833333334;153.05;Minimale waarde < 20 m3/uur;;GM1598;1648.0;;;GM1598;1648.0;;;GM1598;1648.0;;False;False;False;52.63091180991186;4.9417185471990805;WarmteAtlas:TEA_assets_minimale_potentie;;;
HH Hollands Noorderkwartier;Noord Holland Noord;Rg. Dwingel;7.70833333335;435.62;Minimale waarde < 20 m3/uur;;GM1598;1648.0;;;GM1598;1648.0;;;GM1598;1648.0;;False;False;False;52.6254344336628;4.949136556779226;WarmteAtlas:TEA_assets_minimale_potentie;;;
HH Hollands Noorderkwartier;Noord Holland Noord;Rg. Wieder;1.20833333333;68.28;Minimale waarde < 20 m3/uur;;GM1598;1648.0;;;GM1598;1648.0;;;GM1598;1648.0;;False;False;False;52.62361452614456;4.961277239502674;WarmteAtlas:TEA_assets_minimale_potentie;;;
HH Hollands Noorderkwartier;Noord Holland Noord;Rg. Koningsspil;3.79166666666;214.28;Minimale waarde < 20 m3/uur;;GM1598;1633.0;;;GM1598;1633.0;;;GM1598;1633.0;;False;False;False;52.61937517524026;4.95259333413199;WarmteAtlas:TEA_assets_minimale_potentie;;;
HH Hollands Noorderkwartier;Noord Holland Noord;Rg. Kathoek;4.58333333334;259.02;Minimale waarde < 20 m3/uur;;GM1598;1633.0;;;GM1598;1633.0;;;GM1598;1633.0;;False;False;False;52.615351230527686;4.958243917006145;WarmteAtlas:TEA_assets_minimale_potentie;;;
HH Hollands Noorderkwartier;Noord Holland Noord;Bg. Booster Ursemmerplas;34.21;1933.33;Specifieke berekening minimaal potentieel;;GM1598;1648.0;;;GM1598;1648.0;;;GM1598;1648.0;;False;False;False;52.62781705392637;4.927074144318231;WarmteAtlas:TEA_assets_minimale_potentie;;;
HH Hollands Noorderkwartier;Noord Holland Noord;Rg. Berkhout;6.91666666665;390.88;Minimale waarde < 20 m3/uur;;GM1598;1647.0;;;GM1598;1647.0;;;GM1598;1647.0;;False;False;False;52.63815791485677;4.983627798234344;WarmteAtlas:TEA_assets_minimale_potentie;;;
HH Hollands Noorderkwartier;Noord Holland Noord;Rg. Spierdijk;5.91666666665;334.37;Minimale waarde < 20 m3/uur;;GM1598;1641.0;;;GM1598;1641.0;;;GM1598;1641.0;;False;False;False;52.650178770256154;4.9398973207910295;WarmteAtlas:TEA_assets_minimale_potentie;;;
HH Hollands Noorderkwartier;Noord Holland Noord;Rg. Avenhorn;2.5;141.28;Minimale waarde < 20 m3/uur;;GM1598;1633.0;;;GM1598;1633.0;;;GM1598;1633.0;;False;False;False;52.622242263154206;4.941590124860677;WarmteAtlas:TEA_assets_minimale_potentie;;;
HH Hollands Noorderkwartier;Noord Holland Noord;Rg. Winkel;47.29;2672.52;Specifieke berekening minimaal potentieel;;GM1911;1731.0;;;GM1911;1731.0;;;GM1911;1731.0;;False;False;False;52.750934918441146;4.905786629623778;WarmteAtlas:TEA_assets_minimale_potentie;;;
Waterschap Rivierenland;U10/U16;RWZI Leerdam;76.7908333332;10849.31;Indicatie minimaal potentieel op basis van veel voorkomende afwijking tov gemiddeld potentieel;;GM1961;;;;GM1961;;;;GM1961;;;False;False;False;51.88986939260394;5.088170445811102;WarmteAtlas:TEA_assets_minimale_potentie;;;
Waterschap Rivierenland;Arnhem/Nijmegen;RWZI Zetten;17.4329166667;2462.99;Indicatie minimaal potentieel op basis van veel voorkomende afwijking tov gemiddeld potentieel;;GM1734;;;;GM1734;;;;GM1734;;;False;False;False;51.93825993047861;5.711814107374244;WarmteAtlas:TEA_assets_minimale_potentie;;;
Waterschap Rivierenland;Alblasserwaard;RWZI Schelluinen;205.772916667;29072.42;Indicatie minimaal potentieel op basis van veel voorkomende afwijking tov gemiddeld potentieel;;GM1978;;;;GM1978;;;;GM1978;;;False;False;False;51.843041954818986;4.934857316530554;WarmteAtlas:TEA_assets_minimale_potentie;;;
Waterschap Rivierenland;Rivierenland (Fruitdelta);RWZI Geldermalsen;117.837916667;16648.61;Indicatie minimaal potentieel op basis van veel voorkomende afwijking tov gemiddeld potentieel;;GM1960;;;;GM1960;;;;GM1960;;;False;False;False;51.8868520373863;5.276563064887225;WarmteAtlas:TEA_assets_minimale_potentie;;;
Waterschap Rivierenland;Rivierenland (Fruitdelta);RWZI Dodewaard;186.0825;26290.47;Indicatie minimaal potentieel op basis van veel voorkomende afwijking tov gemiddeld potentieel;;GM1740;;;;GM1740;;;;GM1740;;;False;False;False;51.920538699705524;5.634275052422716;WarmteAtlas:TEA_assets_minimale_potentie;;;
Waterschap Rivierenland;West-Brabant;RWZI Sleeuwijk;244.5625;34552.76;Indicatie minimaal potentieel op basis van veel voorkomende afwijking tov gemiddeld potentieel;;GM1959;;;;GM1959;;;;GM1959;;;False;False;False;51.816284476527876;4.930853155281809;WarmteAtlas:TEA_assets_minimale_potentie;;;
Waterschap Rivierenland;Alblasserwaard;RWZI Groot-Ammers;121.564583333;17175.13;Indicatie minimaal potentieel op basis van veel voorkomende afwijking tov gemiddeld potentieel;;GM1978;2964.0;;;GM1978;2964.0;;;GM1978;2964.0;;False;False;False;51.93484949200546;4.858454186922756;WarmteAtlas:TEA_assets_minimale_potentie;;;
Waterschap Rivierenland;Rivierenland (Fruitdelta);RWZI Asperen;19.636666666700002;2774.34;Indicatie minimaal potentieel op basis van veel voorkomende afwijking tov gemiddeld potentieel;;GM1960;;;;GM1960;;;;GM1960;;;False;False;False;51.88379982458272;5.111042191198324;WarmteAtlas:TEA_assets_minimale_potentie;;;
Waterschap Rivierenland;Rivierenland (Fruitdelta);RWZI Beesd;24.0979166667;3404.65;Indicatie minimaal potentieel op basis van veel voorkomende afwijking tov gemiddeld potentieel;;GM1960;;;;GM1960;;;;GM1960;;;False;False;False;51.89725674400552;5.16975168610872;WarmteAtlas:TEA_assets_minimale_potentie;;;
Waterschap Rivierenland;U10/U16;RWZI Vianen;111.137083333;15701.89;Indicatie minimaal potentieel op basis van veel voorkomende afwijking tov gemiddeld potentieel;;GM1961;;;;GM1961;;;;GM1961;;;False;False;False;51.99854583539245;5.0979548454127555;WarmteAtlas:TEA_assets_minimale_potentie;;;
Waterschap Rivierenland;Rivierenland (Fruitdelta);RWZI Haaften;40.04375;5657.54;Indicatie minimaal potentieel op basis van veel voorkomende afwijking tov gemiddeld potentieel;;GM1960;;;;GM1960;;;;GM1960;;;False;False;False;51.8228511140695;5.223553849110067;WarmteAtlas:TEA_assets_minimale_potentie;;;
Waterschap Rivierenland;;RG Arkel;13.0254166667;736.11;Indicatie minimaal potentieel op basis van veel voorkomende afwijking tov gemiddeld potentieel;;GM1978;;;;GM1978;;;;GM1978;;;False;False;False;51.86426054780672;4.992322849913137;WarmteAtlas:TEA_assets_minimale_potentie;;;
Waterschap Rivierenland;;RG Ochten De Heuning;3.67291666667;207.56;Indicatie minimaal potentieel op basis van veel voorkomende afwijking tov gemiddeld potentieel;;GM1740;;;;GM1740;;;;GM1740;;;False;False;False;51.9086178779141;5.549828585470158;WarmteAtlas:TEA_assets_minimale_potentie;;;
Waterschap Rivierenland;;RG IJzendoorn;2.41875;136.69;Indicatie minimaal potentieel op basis van veel voorkomende afwijking tov gemiddeld potentieel;;GM1740;;;;GM1740;;;;GM1740;;;False;False;False;51.907501575359454;5.532537393115738;WarmteAtlas:TEA_assets_minimale_potentie;;;
Waterschap Rivierenland;;RG Andelst;22.36;1263.64;Indicatie minimaal potentieel op basis van veel voorkomende afwijking tov gemiddeld potentieel;;GM1734;;;;GM1734;;;;GM1734;;;False;False;False;51.90432064994913;5.730286779761774;WarmteAtlas:TEA_assets_minimale_potentie;;;
Waterschap Rivierenland;;RG Deil;8.85083333332;500.19;Indicatie minimaal potentieel op basis van veel voorkomende afwijking tov gemiddeld potentieel;;GM1960;;;;GM1960;;;;GM1960;;;False;False;False;51.88561078273767;5.2424343702102565;WarmteAtlas:TEA_assets_minimale_potentie;;;
Waterschap Rivierenland;;RG Heteren;18.2033333333;1028.73;Indicatie minimaal potentieel op basis van veel voorkomende afwijking tov gemiddeld potentieel;;GM1734;;;;GM1734;;;;GM1734;;;False;False;False;51.96062997071479;5.762969987966906;WarmteAtlas:TEA_assets_minimale_potentie;;;
Waterschap Rivierenland;;RG Vianen de Hagen;29.9208333333;845.46;Indicatie minimaal potentieel op basis van veel voorkomende afwijking tov gemiddeld potentieel;;GM1961;;;;GM1961;;;;GM1961;;;False;False;False;51.99639412075331;5.098723278646765;WarmteAtlas:TEA_assets_minimale_potentie;;;
Waterschap Rivierenland;;RG Ameide;14.9425;844.45;Indicatie minimaal potentieel op basis van veel voorkomende afwijking tov gemiddeld potentieel;;GM1961;;;;GM1961;;;;GM1961;;;False;False;False;51.956524131751365;4.959886524753639;WarmteAtlas:TEA_assets_minimale_potentie;;;
Waterschap Rivierenland;;RG Woudrichem;13.7420833333;776.61;Indicatie minimaal potentieel op basis van veel voorkomende afwijking tov gemiddeld potentieel;;GM1959;;;;GM1959;;;;GM1959;;;False;False;False;51.810521093371925;4.996578563351806;WarmteAtlas:TEA_assets_minimale_potentie;;;
Waterschap Rivierenland;;RG Dodewaard;19.0275;1075.31;Indicatie minimaal potentieel op basis van veel voorkomende afwijking tov gemiddeld potentieel;;GM1740;;;;GM1740;;;;GM1740;;;False;False;False;51.9092923839766;5.65357139835403;WarmteAtlas:TEA_assets_minimale_potentie;;;
Waterschap Rivierenland;;RG Haaften;9.46;534.61;Indicatie minimaal potentieel op basis van veel voorkomende afwijking tov gemiddeld potentieel;;GM1960;;;;GM1960;;;;GM1960;;;False;False;False;51.81623239402468;5.208186836109264;WarmteAtlas:TEA_assets_minimale_potentie;;;
Waterschap Rivierenland;;RG Gellicum;0.9675;54.67;Indicatie minimaal potentieel op basis van veel voorkomende afwijking tov gemiddeld potentieel;;GM1960;;;;GM1960;;;;GM1960;;;False;False;False;51.877453710710654;5.154842223225693;WarmteAtlas:TEA_assets_minimale_potentie;;;
Waterschap Rivierenland;;RG Vuren;11.12625;628.78;Indicatie minimaal potentieel op basis van veel voorkomende afwijking tov gemiddeld potentieel;;GM1960;;;;GM1960;;;;GM1960;;;False;False;False;51.824715482153145;5.056437274810578;WarmteAtlas:TEA_assets_minimale_potentie;;;
Waterschap Rivierenland;;RG Sleeuwijk;22.0375;1245.41;Indicatie minimaal potentieel op basis van veel voorkomende afwijking tov gemiddeld potentieel;;GM1959;;;;GM1959;;;;GM1959;;;False;False;False;51.81988175206533;4.9481879096419386;WarmteAtlas:TEA_assets_minimale_potentie;;;
Waterschap Rivierenland;;RG Almkerk;12.255;692.57;Indicatie minimaal potentieel op basis van veel voorkomende afwijking tov gemiddeld potentieel;;GM1959;;;;GM1959;;;;GM1959;;;False;False;False;51.77415615622146;4.958499946604429;WarmteAtlas:TEA_assets_minimale_potentie;;;
Waterschap Rivierenland;;RG Hellouw;3.5475;200.48;Indicatie minimaal potentieel op basis van veel voorkomende afwijking tov gemiddeld potentieel;;GM1960;;;;GM1960;;;;GM1960;;;False;False;False;51.82456735180032;5.1762103653589016;WarmteAtlas:TEA_assets_minimale_potentie;;;
Waterschap Rivierenland;;RG Herwijnen;8.76125;495.12;Indicatie minimaal potentieel op basis van veel voorkomende afwijking tov gemiddeld potentieel;;GM1960;;;;GM1960;;;;GM1960;;;False;False;False;51.823169215991946;5.1238870760476365;WarmteAtlas:TEA_assets_minimale_potentie;;;
Waterschap Rivierenland;;RG Meeuwen;3.49375;197.44;Indicatie minimaal potentieel op basis van veel voorkomende afwijking tov gemiddeld potentieel;;GM1959;;;;GM1959;;;;GM1959;;;False;False;False;51.72801698978617;5.017369862718155;WarmteAtlas:TEA_assets_minimale_potentie;;;
Waterschap Rivierenland;;RG Randwijk;3.47583333333;196.43;Indicatie minimaal potentieel op basis van veel voorkomende afwijking tov gemiddeld potentieel;;GM1734;;;;GM1734;;;;GM1734;;;False;False;False;51.952479748365846;5.7033312187784455;WarmteAtlas:TEA_assets_minimale_potentie;;;
Waterschap Rivierenland;;RG Slijk-Ewijk;0.91375;51.63;Indicatie minimaal potentieel op basis van veel voorkomende afwijking tov gemiddeld potentieel;;GM1734;;;;GM1734;;;;GM1734;;;False;False;False;51.88383809882338;5.785205685647547;WarmteAtlas:TEA_assets_minimale_potentie;;;
Waterschap Rivierenland;;RG Varik;4.69416666668;265.28;Indicatie minimaal potentieel op basis van veel voorkomende afwijking tov gemiddeld potentieel;;GM1960;;;;GM1960;;;;GM1960;;;False;False;False;51.82921499286738;5.371183574719132;WarmteAtlas:TEA_assets_minimale_potentie;;;
Waterschap Rivierenland;;RG Drongelen;1.72;97.2;Indicatie minimaal potentieel op basis van veel voorkomende afwijking tov gemiddeld potentieel;;GM1959;;;;GM1959;;;;GM1959;;;False;False;False;51.717751860334616;5.055266254101821;WarmteAtlas:TEA_assets_minimale_potentie;;;
Waterschap Rivierenland;;RG Eethen Nieuwe Steeg;1.98875;112.39;Indicatie minimaal potentieel op basis van veel voorkomende afwijking tov gemiddeld potentieel;;GM1959;;;;GM1959;;;;GM1959;;;False;False;False;51.73022446995297;5.056790824552472;WarmteAtlas:TEA_assets_minimale_potentie;;;
Waterschap Rivierenland;;RG Genderen;5.50041666668;310.84;Indicatie minimaal potentieel op basis van veel voorkomende afwijking tov gemiddeld potentieel;;GM1959;;;;GM1959;;;;GM1959;;;False;False;False;51.73358452591827;5.087377953669074;WarmteAtlas:TEA_assets_minimale_potentie;;;
Waterschap Rivierenland;;RG Veen;10.9291666667;617.64;Indicatie minimaal potentieel op basis van veel voorkomende afwijking tov gemiddeld potentieel;;GM1959;;;;GM1959;;;;GM1959;;;False;False;False;51.774834725295115;5.102293517910083;WarmteAtlas:TEA_assets_minimale_potentie;;;
Waterschap Rivierenland;;RG Acquoy;1.45125;82.01;Indicatie minimaal potentieel op basis van veel voorkomende afwijking tov gemiddeld potentieel;;GM1960;;;;GM1960;;;;GM1960;;;False;False;False;51.88098380176184;5.133389147010142;WarmteAtlas:TEA_assets_minimale_potentie;;;
Waterschap Rivierenland;;RG Uitwijk;2.06041666667;116.44;Indicatie minimaal potentieel op basis van veel voorkomende afwijking tov gemiddeld potentieel;;GM1959;;;;GM1959;;;;GM1959;;;False;False;False;51.78832215018334;5.006304494224518;WarmteAtlas:TEA_assets_minimale_potentie;;;
Waterschap Rivierenland;;RG Opijnen;4.15666666667;234.9;Indicatie minimaal potentieel op basis van veel voorkomende afwijking tov gemiddeld potentieel;;GM1960;;;;GM1960;;;;GM1960;;;False;False;False;51.82782393120855;5.303236230825092;WarmteAtlas:TEA_assets_minimale_potentie;;;
Waterschap Rivierenland;;RG Rumpt;2.99208333333;169.09;Indicatie minimaal potentieel op basis van veel voorkomende afwijking tov gemiddeld potentieel;;GM1960;;;;GM1960;;;;GM1960;;;False;False;False;51.88547632531812;5.175535542373587;WarmteAtlas:TEA_assets_minimale_potentie;;;
Waterschap Rivierenland;;RG Tricht;7.75791666668;219.21;Indicatie minimaal potentieel op basis van veel voorkomende afwijking tov gemiddeld potentieel;;GM1960;;;;GM1960;;;;GM1960;;;False;False;False;51.88728338289035;5.263742498619409;WarmteAtlas:TEA_assets_minimale_potentie;;;
Waterschap Rivierenland;;RG Rhenoy;4.26416666667;240.98;Indicatie minimaal potentieel op basis van veel voorkomende afwijking tov gemiddeld potentieel;;GM1960;;;;GM1960;;;;GM1960;;;False;False;False;51.882095368866295;5.154439904504351;WarmteAtlas:TEA_assets_minimale_potentie;;;
Waterschap Rivierenland;;RG Echteld;2.54416666667;143.78;Indicatie minimaal potentieel op basis van veel voorkomende afwijking tov gemiddeld potentieel;;GM1740;;;;GM1740;;;;GM1740;;;False;False;False;51.91158132488015;5.496313980762787;WarmteAtlas:TEA_assets_minimale_potentie;;;
Waterschap Rivierenland;;RG Ophemert;9.69291666668;547.78;Indicatie minimaal potentieel op basis van veel voorkomende afwijking tov gemiddeld potentieel;;GM1960;;;;GM1960;;;;GM1960;;;False;False;False;51.84444660675373;5.386233570091734;WarmteAtlas:TEA_assets_minimale_potentie;;;
Waterschap Rivierenland;;RG Spijk;4.67625;264.27;Indicatie minimaal potentieel op basis van veel voorkomende afwijking tov gemiddeld potentieel;;GM1960;;;;GM1960;4211.0;;;GM1960;4211.0;;False;False;False;51.85643778461471;5.008775523685396;WarmteAtlas:TEA_assets_minimale_potentie;;;
Waterschap Rivierenland;;RG Rijswijk (NB);8.18791666668;462.72;Indicatie minimaal potentieel op basis van veel voorkomende afwijking tov gemiddeld potentieel;;GM1959;;;;GM1959;;;;GM1959;;;False;False;False;51.79827759717333;5.021292676175788;WarmteAtlas:TEA_assets_minimale_potentie;;;
Waterschap Rivierenland;;RG Heukelum;7.99083333332;451.59;Indicatie minimaal potentieel op basis van veel voorkomende afwijking tov gemiddeld potentieel;;GM1960;;;;GM1960;;;;GM1960;;;False;False;False;51.87217751749449;5.0748787492763565;WarmteAtlas:TEA_assets_minimale_potentie;;;
Waterschap Rivierenland;;RG Kedichem;2.97416666667;168.08;Indicatie minimaal potentieel op basis van veel voorkomende afwijking tov gemiddeld potentieel;;GM1961;;;;GM1961;;;;GM1961;;;False;False;False;51.86244098743453;5.045721761616025;WarmteAtlas:TEA_assets_minimale_potentie;;;
Waterschap Rivierenland;;RG Langerak;9.5675;540.69;Indicatie minimaal potentieel op basis van veel voorkomende afwijking tov gemiddeld potentieel;;GM1978;2967.0;;;GM1978;2967.0;;;GM1978;2967.0;;False;False;False;51.92042612253314;4.878684453613431;WarmteAtlas:TEA_assets_minimale_potentie;;;
Waterschap Rivierenland;;RG Groot-Ammers;14.9066666667;842.42;Indicatie minimaal potentieel op basis van veel voorkomende afwijking tov gemiddeld potentieel;;GM1978;2964.0;;;GM1978;2964.0;;;GM1978;2964.0;;False;False;False;51.92563855205779;4.8232659478164575;WarmteAtlas:TEA_assets_minimale_potentie;;;
Waterschap Rivierenland;;RG Nieuwpoort Sporthal;36.0841666667;2039.24;Indicatie minimaal potentieel op basis van veel voorkomende afwijking tov gemiddeld potentieel;;GM1978;2965.0;;;GM1978;2965.0;;;GM1978;2965.0;;False;False;False;51.93008677768612;4.874352714915477;WarmteAtlas:TEA_assets_minimale_potentie;;;
Waterschap Rivierenland;;RG Nieuwpoort Vesting;2.18583333333;61.76;Indicatie minimaal potentieel op basis van veel voorkomende afwijking tov gemiddeld potentieel;;GM1978;2965.0;;;GM1978;2965.0;;;GM1978;2965.0;;False;False;False;51.93336789566296;4.871300455879624;WarmteAtlas:TEA_assets_minimale_potentie;;;
Waterschap Rivierenland;;RG Lexmond;10.4633333333;591.32;Indicatie minimaal potentieel op basis van veel voorkomende afwijking tov gemiddeld potentieel;;GM1961;;;;GM1961;;;;GM1961;;;False;False;False;51.96127210261632;5.035400615168944;WarmteAtlas:TEA_assets_minimale_potentie;;;
Waterschap Rivierenland;;RG Streefkerk;8.29541666668;468.8;Indicatie minimaal potentieel op basis van veel voorkomende afwijking tov gemiddeld potentieel;;GM1978;2959.0;;;GM1978;2959.0;;;GM1978;2959.0;;False;False;False;51.900079944143755;4.742998168637535;WarmteAtlas:TEA_assets_minimale_potentie;;;
Waterschap Rivierenland;;RG Nieuwendijk;11.87875;671.31;Indicatie minimaal potentieel op basis van veel voorkomende afwijking tov gemiddeld potentieel;;GM1959;;;;GM1959;;;;GM1959;;;False;False;False;51.77819477522089;4.924054097701175;WarmteAtlas:TEA_assets_minimale_potentie;;;
Waterschap Rivierenland;;RG Zijderveld;2.32916666667;131.62;Indicatie minimaal potentieel op basis van veel voorkomende afwijking tov gemiddeld potentieel;;GM1961;;;;GM1961;;;;GM1961;;;False;False;False;51.94242644642525;5.1378647588694;WarmteAtlas:TEA_assets_minimale_potentie;;;
Waterschap Rivierenland;;RG Hagestein;31.5602083333;1783.58;Indicatie minimaal potentieel op basis van veel voorkomende afwijking tov gemiddeld potentieel;;GM1961;;;;GM1961;;;;GM1961;;;False;False;False;51.97673756225309;5.123990747688915;WarmteAtlas:TEA_assets_minimale_potentie;;;
Waterschap Rivierenland;;RG Ochten Houtkoperlaan;39.6227083333;2239.22;Indicatie minimaal potentieel op basis van veel voorkomende afwijking tov gemiddeld potentieel;;GM1740;;;;GM1740;;;;GM1740;;;False;False;False;51.91066354082582;5.568603933209315;WarmteAtlas:TEA_assets_minimale_potentie;;;
Waterschap Rivierenland;;RG Werkendam;45.6516666668;2579.94;Indicatie minimaal potentieel op basis van veel voorkomende afwijking tov gemiddeld potentieel;;GM1959;;;;GM1959;;;;GM1959;;;False;False;False;51.808683349453474;4.894277439110827;WarmteAtlas:TEA_assets_minimale_potentie;;;
Waterschap Rivierenland;;RG Meteren;7.72208333332;436.4;Indicatie minimaal potentieel op basis van veel voorkomende afwijking tov gemiddeld potentieel;;GM1960;;;;GM1960;;;;GM1960;;;False;False;False;51.86923083749148;5.2769055320033145;WarmteAtlas:TEA_assets_minimale_potentie;;;
Waterschap Rivierenland;;RG Andel;10.9291666667;617.64;Indicatie minimaal potentieel op basis van veel voorkomende afwijking tov gemiddeld potentieel;;GM1959;;;;GM1959;;;;GM1959;;;False;False;False;51.7802027874192;5.059873837830221;WarmteAtlas:TEA_assets_minimale_potentie;;;
Waterschap Rivierenland;;RG Heesselt;1.87229166667;105.8;Indicatie minimaal potentieel op basis van veel voorkomende afwijking tov gemiddeld potentieel;;GM1960;;;;GM1960;;;;GM1960;;;False;False;False;51.81508603581652;5.351943506897383;WarmteAtlas:TEA_assets_minimale_potentie;;;
Waterschap Rivierenland;;RG Beesd;7.91916666668;447.54;Indicatie minimaal potentieel op basis van veel voorkomende afwijking tov gemiddeld potentieel;;GM1960;;;;GM1960;;;;GM1960;;;False;False;False;51.882791002107375;5.187510007636136;WarmteAtlas:TEA_assets_minimale_potentie;;;
Waterschap Rivierenland;;RG Opheusden Dalwagenseweg;18.2105;514.57;Indicatie minimaal potentieel op basis van veel voorkomende afwijking tov gemiddeld potentieel;;GM1740;;;;GM1740;;;;GM1740;;;False;False;False;51.92685860263868;5.6358895503729975;WarmteAtlas:TEA_assets_minimale_potentie;;;
Waterschap Rivierenland;;RG Hei en Beicop;3.0616;173.02;Indicatie minimaal potentieel op basis van veel voorkomende afwijking tov gemiddeld potentieel;;GM1961;;;;GM1961;;;;GM1961;;;False;False;False;51.94284210542003;5.081391414893643;WarmteAtlas:TEA_assets_minimale_potentie;;;
Waterschap Rivierenland;;RG Everdingen;27.7694;1569.34;Indicatie minimaal potentieel op basis van veel voorkomende afwijking tov gemiddeld potentieel;;GM1961;;;;GM1961;;;;GM1961;;;False;False;False;51.959858863948114;5.141775816625798;WarmteAtlas:TEA_assets_minimale_potentie;;;
Waterschap Rivierenland;;RG Kesteren -> ZDO;34.873;1970.79;Indicatie minimaal potentieel op basis van veel voorkomende afwijking tov gemiddeld potentieel;;GM1740;;;;GM1740;;;;GM1740;;;False;False;False;51.937758519808845;5.569972199259366;WarmteAtlas:TEA_assets_minimale_potentie;;;
Waterschap Rivierenland;;RG Everdingen Huibertlaan;3.4744;196.35;Indicatie minimaal potentieel op basis van veel voorkomende afwijking tov gemiddeld potentieel;;GM1961;;;;GM1961;;;;GM1961;;;False;False;False;51.96503427653344;5.154391041520733;WarmteAtlas:TEA_assets_minimale_potentie;;;
Waterschap Rivierenland;;RG Schoonrewoerd;4.6784;264.39;Indicatie minimaal potentieel op basis van veel voorkomende afwijking tov gemiddeld potentieel;;GM1961;;;;GM1961;;;;GM1961;;;False;False;False;51.92267417187462;5.112242836835246;WarmteAtlas:TEA_assets_minimale_potentie;;;
Waterschap Rivierenland;;RG Waardenburg;13.92125;786.73;Indicatie minimaal potentieel op basis van veel voorkomende afwijking tov gemiddeld potentieel;;GM1960;;;;GM1960;;;;GM1960;;;False;False;False;51.830821230283206;5.254970562855345;WarmteAtlas:TEA_assets_minimale_potentie;;;
Waterschap Rivierenland;;RG Tuil;3.5475;200.48;Indicatie minimaal potentieel op basis van veel voorkomende afwijking tov gemiddeld potentieel;;GM1960;;;;GM1960;;;;GM1960;;;False;False;False;51.822373435281676;5.240151210557104;WarmteAtlas:TEA_assets_minimale_potentie;;;
Waterschap Rivierenland;;RG Oud-Alblas;7.29208333332;412.1;Indicatie minimaal potentieel op basis van veel voorkomende afwijking tov gemiddeld potentieel;;GM1978;2969.0;;;GM1978;2969.0;;;GM1978;2969.0;;False;False;False;51.85167891962378;4.707938959111629;WarmteAtlas:TEA_assets_minimale_potentie;;;
Waterschap Rivierenland;;RG Buurmalsen;3.27875;185.29;Indicatie minimaal potentieel op basis van veel voorkomende afwijking tov gemiddeld potentieel;;GM1960;;;;GM1960;;;;GM1960;;;False;False;False;51.89276753096798;5.295380758299191;WarmteAtlas:TEA_assets_minimale_potentie;;;
Waterschap Rivierenland;;RG Giessenburg Dijkstraat;6.91583333332;390.83;Indicatie minimaal potentieel op basis van veel voorkomende afwijking tov gemiddeld potentieel;;GM1978;;;;GM1978;;;;GM1978;;;False;False;False;51.84122645144364;4.866424006281081;WarmteAtlas:TEA_assets_minimale_potentie;;;
Waterschap Rivierenland;;RG Noordeloos;4.85541666668;274.39;Indicatie minimaal potentieel op basis van veel voorkomende afwijking tov gemiddeld potentieel;;GM1978;;;;GM1978;;;;GM1978;;;False;False;False;51.90601528354615;4.940565956832762;WarmteAtlas:TEA_assets_minimale_potentie;;;
Waterschap Rivierenland;;RG Giessenburg Stolberglaan;12.3445833333;697.63;Indicatie minimaal potentieel op basis van veel voorkomende afwijking tov gemiddeld potentieel;;GM1978;;;;GM1978;;;;GM1978;;;False;False;False;51.848795001276464;4.892350409095178;WarmteAtlas:TEA_assets_minimale_potentie;;;
Waterschap Rivierenland;;RG Hoornaar;5.76916666668;326.03;Indicatie minimaal potentieel op basis van veel voorkomende afwijking tov gemiddeld potentieel;;GM1978;;;;GM1978;;;;GM1978;;;False;False;False;51.875295469830554;4.9487369970701645;WarmteAtlas:TEA_assets_minimale_potentie;;;
Waterschap Rivierenland;;RG Hoogblokland;5.93041666668;335.14;Indicatie minimaal potentieel op basis van veel voorkomende afwijking tov gemiddeld potentieel;;GM1978;;;;GM1978;;;;GM1978;;;False;False;False;51.87609481357894;4.974036996217893;WarmteAtlas:TEA_assets_minimale_potentie;;;
Waterschap Rivierenland;;RG Bleskensgraaf ca Kweldamweg;44.9170833332;2538.42;Indicatie minimaal potentieel op basis van veel voorkomende afwijking tov gemiddeld potentieel;;GM1978;2971.0;;;GM1978;2971.0;;;GM1978;2971.0;;False;False;False;51.86081170027831;4.796535371458906;WarmteAtlas:TEA_assets_minimale_potentie;;;
Waterschap Rivierenland;;RG Goudriaan;4.85541666668;274.39;Indicatie minimaal potentieel op basis van veel voorkomende afwijking tov gemiddeld potentieel;;GM1978;2977.0;;;GM1978;2977.0;;;GM1978;2977.0;;False;False;False;51.903037025918145;4.8873429160140205;WarmteAtlas:TEA_assets_minimale_potentie;;;
Waterschap Rivierenland;;RG Ottoland B;0.842083333332;47.58;Indicatie minimaal potentieel op basis van veel voorkomende afwijking tov gemiddeld potentieel;;GM1978;2975.0;;;GM1978;2975.0;;;GM1978;2975.0;;False;False;False;51.88997109875595;4.858858914434775;WarmteAtlas:TEA_assets_minimale_potentie;;;
Waterschap Rivierenland;;RG Leerbroek;3.655;206.55;Indicatie minimaal potentieel op basis van veel voorkomende afwijking tov gemiddeld potentieel;;GM1961;;;;GM1961;;;;GM1961;;;False;False;False;51.910093661712224;5.051908151695512;WarmteAtlas:TEA_assets_minimale_potentie;;;
Waterschap Rivierenland;;RG Dussen Jachtlaan;69.4270833332;3923.57;Indicatie minimaal potentieel op basis van veel voorkomende afwijking tov gemiddeld potentieel;;GM1959;;;;GM1959;;;;GM1959;;;False;False;False;51.73150738109186;4.927963496912845;WarmteAtlas:TEA_assets_minimale_potentie;;;
Waterschap Rivierenland;;RG Schelluinen Snouckstraat;5.4825;154.91;Indicatie minimaal potentieel op basis van veel voorkomende afwijking tov gemiddeld potentieel;;GM1978;;;;GM1978;;;;GM1978;;;False;False;False;51.84213955445541;4.929740300728496;WarmteAtlas:TEA_assets_minimale_potentie;;;
Waterschap Rivierenland;;RG Wijngaarden;3.09958333333;175.16;Indicatie minimaal potentieel op basis van veel voorkomende afwijking tov gemiddeld potentieel;;GM1978;;;;GM1978;;;;GM1978;;;False;False;False;51.84401683713484;4.766481747005033;WarmteAtlas:TEA_assets_minimale_potentie;;;
Waterschap Rivierenland;;RG Bleskensgraaf ca Koekoekspad;8.08041666668;456.65;Indicatie minimaal potentieel op basis van veel voorkomende afwijking tov gemiddeld potentieel;;GM1978;2971.0;;;GM1978;2971.0;;;GM1978;2971.0;;False;False;False;51.875300920895356;4.783070685944924;WarmteAtlas:TEA_assets_minimale_potentie;;;
Waterschap Rivierenland;;RG Zetten;14.2527083333;402.73;Indicatie minimaal potentieel op basis van veel voorkomende afwijking tov gemiddeld potentieel;;GM1734;;;;GM1734;;;;GM1734;;;False;False;False;51.93513617076462;5.711066677926048;WarmteAtlas:TEA_assets_minimale_potentie;;;
Waterschap Rivierenland;;RG Schelluinen West;3.45791666667;195.41;Indicatie minimaal potentieel op basis van veel voorkomende afwijking tov gemiddeld potentieel;;GM1978;;;;GM1978;;;;GM1978;;;False;False;False;51.84340686979105;4.911175873962497;WarmteAtlas:TEA_assets_minimale_potentie;;;
Waterschap Rivierenland;;RG Nieuwland;8.94041666668;505.25;Indicatie minimaal potentieel op basis van veel voorkomende afwijking tov gemiddeld potentieel;;GM1961;;;;GM1961;;;;GM1961;;;False;False;False;51.90388475411309;5.011954940357388;WarmteAtlas:TEA_assets_minimale_potentie;;;
Waterschap Rivierenland;;RG Giessen;46.38625;2621.45;Indicatie minimaal potentieel op basis van veel voorkomende afwijking tov gemiddeld potentieel;;GM1959;;;;GM1959;;;;GM1959;;;False;False;False;51.793623139881944;5.029568863783465;WarmteAtlas:TEA_assets_minimale_potentie;;;
Waterschap Rivierenland;;RG Hank;13.975;789.77;Indicatie minimaal potentieel op basis van veel voorkomende afwijking tov gemiddeld potentieel;;GM1959;;;;GM1959;;;;GM1959;;;False;False;False;51.731423854550656;4.897260213971342;WarmteAtlas:TEA_assets_minimale_potentie;;;
Waterschap Rivierenland;;RG Dussen Vrijheidsplein;11.2875;637.89;Indicatie minimaal potentieel op basis van veel voorkomende afwijking tov gemiddeld potentieel;;GM1959;;;;GM1959;;;;GM1959;;;False;False;False;51.73025993475118;4.961521063162902;WarmteAtlas:TEA_assets_minimale_potentie;;;
Waterschap Rivierenland;;RG Meerkerk;14.405;814.07;Indicatie minimaal potentieel op basis van veel voorkomende afwijking tov gemiddeld potentieel;;GM1961;;;;GM1961;;;;GM1961;;;False;False;False;51.91732765550893;4.989624357706752;WarmteAtlas:TEA_assets_minimale_potentie;;;
Waterschap Rivierenland;;RG Eethen Molensteeg;9.42416666668;532.59;Indicatie minimaal potentieel op basis van veel voorkomende afwijking tov gemiddeld potentieel;;GM1959;;;;GM1959;;;;GM1959;;;False;False;False;51.72461334994899;5.056027990930202;WarmteAtlas:TEA_assets_minimale_potentie;;;
Waterschap Rivierenland;;RG Wijk en Aalburg;32.62625;1843.82;Indicatie minimaal potentieel op basis van veel voorkomende afwijking tov gemiddeld potentieel;;GM1959;;;;GM1959;;;;GM1959;;;False;False;False;51.754168246272826;5.122847164888222;WarmteAtlas:TEA_assets_minimale_potentie;;;
Waterschap Rivierenland;;RG Est;4.69416666668;265.28;Indicatie minimaal potentieel op basis van veel voorkomende afwijking tov gemiddeld potentieel;;GM1960;;;;GM1960;;;;GM1960;;;False;False;False;51.855576129241626;5.313930210974268;WarmteAtlas:TEA_assets_minimale_potentie;;;
Waterschap Rivierenland;;RG Ottoland B;0.0;0.0;Indicatie minimaal potentieel op basis van veel voorkomende afwijking tov gemiddeld potentieel;;GM1978;2975.0;;;GM1978;2975.0;;;GM1978;2975.0;;False;False;False;51.89370902805719;4.875171418949793;WarmteAtlas:TEA_assets_minimale_potentie;;;
Waterschap Rivierenland;;RG Molenaarsgraaf;10.3544;585.16;Indicatie minimaal potentieel op basis van veel voorkomende afwijking tov gemiddeld potentieel;;GM1978;2973.0;;;GM1978;2973.0;;;GM1978;2973.0;;False;False;False;51.87520267955259;4.826469676270865;WarmteAtlas:TEA_assets_minimale_potentie;;;
Waterschap Rivierenland;;RG Nieuw-Lekkerland;44.9522;2540.41;Indicatie minimaal potentieel op basis van veel voorkomende afwijking tov gemiddeld potentieel;;GM1978;2957.0;;;GM1978;2957.0;;;GM1978;2957.0;;False;False;False;51.881046684020944;4.67838859580459;WarmteAtlas:TEA_assets_minimale_potentie;;;
Waterschap Rivierenland;;RG Enspijk;2.7606;156.01;Indicatie minimaal potentieel op basis van veel voorkomende afwijking tov gemiddeld potentieel;;GM1960;;;;GM1960;;;;GM1960;;;False;False;False;51.883694650444234;5.21519295377362;WarmteAtlas:TEA_assets_minimale_potentie;;;
HH van Rijnland;Midden-Holland;AWZI Bodegraven;80.625;11391.02;Indicatie minimaal potentieel op basis van veel voorkomende afwijking tov gemiddeld potentieel;;GM1901;2411.0;;;GM1901;2411.0;;;GM1901;2411.0;;False;False;False;52.08217825987715;4.73460398317279;WarmteAtlas:TEA_assets_minimale_potentie;;;
HH van Rijnland;Midden-Holland;AWZI Waddinxveen-Randenburg;232.916666667;32907.39;Indicatie minimaal potentieel op basis van veel voorkomende afwijking tov gemiddeld potentieel;;GM0627;2741.0;;;GM0627;2741.0;;;GM0627;2741.0;;False;False;False;52.05696963575252;4.6661407249887015;WarmteAtlas:TEA_assets_minimale_potentie;;;
HH van Rijnland;Holland Rijnland;AWZI Nieuwe Wetering;48.375;6834.61;Indicatie minimaal potentieel op basis van veel voorkomende afwijking tov gemiddeld potentieel;;GM1884;2376.0;;;GM1884;2376.0;;;GM1884;2376.0;;False;False;False;52.213247993420424;4.610991788878987;WarmteAtlas:TEA_assets_minimale_potentie;;;
HH van Rijnland;Holland Rijnland;AWZI Leimuiden;27.9141666667;3943.82;Indicatie minimaal potentieel op basis van veel voorkomende afwijking tov gemiddeld potentieel;;GM1884;2451.0;;;GM1884;2451.0;;;GM1884;2451.0;;False;False;False;52.22030427837596;4.653815589546841;WarmteAtlas:TEA_assets_minimale_potentie;;;
HH van Rijnland;Holland Rijnland;AWTG Sassenheim;117.0;6612.09;Specifieke berekening minimaal potentieel;;GM1525;2172.0;;;GM1525;2172.0;;;GM1525;2172.0;;False;False;False;52.21745949964492;4.519612339761961;WarmteAtlas:TEA_assets_minimale_potentie;;;
HH van Rijnland;Holland Rijnland;AWTG Voorhout;49.735;2810.7;Indicatie minimaal potentieel op basis van veel voorkomende afwijking tov gemiddeld potentieel;;GM1525;2215.0;;;GM1525;2215.0;;;GM1525;2215.0;;False;False;False;52.223744142636676;4.474882784873606;WarmteAtlas:TEA_assets_minimale_potentie;;;
HH van Rijnland;Holland Rijnland;AWTG Warmond;19.355;0.0;Minimale waarde < 20 m3/uur;;GM1525;2361.0;;;GM1525;2361.0;;;GM1525;2361.0;;False;False;False;52.194364377916266;4.495459318855886;WarmteAtlas:TEA_assets_minimale_potentie;;;
HH van Rijnland;Midden-Holland;AWTG Reeuwijk Brug West;12.495;0.0;Minimale waarde < 20 m3/uur;;GM1901;2811.0;;;GM1901;2811.0;;;GM1901;2811.0;;False;False;False;52.046180214564615;4.71913076971131;WarmteAtlas:TEA_assets_minimale_potentie;;;
HH van Rijnland;Midden-Holland;AWTG Reeuwijk Brug Oost;15.19;0.0;Minimale waarde < 20 m3/uur;;GM1901;2811.0;;;GM1901;2811.0;;;GM1901;2811.0;;False;False;False;52.04901220621396;4.73262590021615;WarmteAtlas:TEA_assets_minimale_potentie;;;
HH van Rijnland;Midden-Holland;AWTG Reeuwijk Dorp;6.86;0.0;Minimale waarde < 20 m3/uur;;GM1901;2811.0;;;GM1901;2811.0;;;GM1901;2811.0;;False;False;False;52.05627510590984;4.681884154794374;WarmteAtlas:TEA_assets_minimale_potentie;;;
HH van Rijnland;Midden-Holland;AWTG Bodegraven Molenkade;49.0;1384.58;Indicatie minimaal potentieel op basis van veel voorkomende afwijking tov gemiddeld potentieel;;GM1901;2411.0;;;GM1901;2411.0;;;GM1901;2411.0;;False;False;False;52.084581018225144;4.741047652276848;WarmteAtlas:TEA_assets_minimale_potentie;;;
HH van Rijnland;Midden-Holland;rioolpomp Vlietkade Bodegraven;2.63375;0.0;Minimale waarde < 20 m3/uur;;GM1901;2411.0;;;GM1901;2411.0;;;GM1901;2411.0;;False;False;False;52.083056670776685;4.734125952126041;WarmteAtlas:TEA_assets_minimale_potentie;;;
HH van Rijnland;Holland Rijnland;AWTG de Loethe Zoeterwoude;39.445;2229.17;Indicatie minimaal potentieel op basis van veel voorkomende afwijking tov gemiddeld potentieel;;GM0638;2381.0;;;GM0638;2381.0;;;GM0638;2381.0;;False;False;False;52.11990865277218;4.496506599834129;WarmteAtlas:TEA_assets_minimale_potentie;;;
HH van Rijnland;Rotterdam-Den Haag;AWTG Stoeplaan;25.235;1426.12;Indicatie minimaal potentieel op basis van veel voorkomende afwijking tov gemiddeld potentieel;;GM0629;2244.0;;;GM0629;2244.0;;;GM0629;2244.0;;False;False;False;52.11794777168871;4.367490223925548;WarmteAtlas:TEA_assets_minimale_potentie;;;
HH van Rijnland;Rotterdam-Den Haag;AWTG Backershagen;6.86;0.0;Minimale waarde < 20 m3/uur;;GM0629;2243.0;;;GM0629;2243.0;;;GM0629;2243.0;;False;False;False;52.13058133299073;4.388229466054193;WarmteAtlas:TEA_assets_minimale_potentie;;;
HH van Rijnland;Rotterdam-Den Haag;AWTG van Zuylen van Nijevelt;91.63;5178.34;Indicatie minimaal potentieel op basis van veel voorkomende afwijking tov gemiddeld potentieel;;GM0629;2242.0;;;GM0629;2242.0;;;GM0629;2242.0;;False;False;False;52.14248960739305;4.401785936523118;WarmteAtlas:TEA_assets_minimale_potentie;;;
HH van Rijnland;Midden-Holland;AWTG Waddinxveen West;0.0;0.0;Geen debiet data beschikbaar;;GM0627;2741.0;;;GM0627;2741.0;;;GM0627;2741.0;;False;False;False;52.0497621068927;4.650000913002152;WarmteAtlas:TEA_assets_minimale_potentie;;;
HH van Rijnland;Rotterdam-Den Haag;AWTG Meerzicht Zoetermeer;589.96;33340.76;Indicatie minimaal potentieel op basis van veel voorkomende afwijking tov gemiddeld potentieel;;GM0637;2716.0;;;GM0637;2716.0;;;GM0637;2716.0;;False;False;False;52.05041653664484;4.467783601669487;WarmteAtlas:TEA_assets_minimale_potentie;;;
HH van Rijnland;Holland Rijnland;AWTG Kaagdorp;0.0;0.0;Geen debiet data beschikbaar;;GM1884;2159.0;;;GM1884;2159.0;;;GM1884;2159.0;;False;False;False;52.21202355767244;4.561332149392227;WarmteAtlas:TEA_assets_minimale_potentie;;;
HH van Rijnland;Holland Rijnland;AWTG Woubrugge(nieuwbouw);12.985;0.0;Minimale waarde < 20 m3/uur;;GM1884;2481.0;;;GM1884;2481.0;;;GM1884;2481.0;;False;False;False;52.16908005550818;4.630979814305487;WarmteAtlas:TEA_assets_minimale_potentie;;;
HH van Rijnland;Holland Rijnland;AWTG Rijpwetering;8.575;0.0;Minimale waarde < 20 m3/uur;;GM1884;2375.0;;;GM1884;2375.0;;;GM1884;2375.0;;False;False;False;52.194277478516334;4.578303633528991;WarmteAtlas:TEA_assets_minimale_potentie;;;
HH van Rijnland;Holland Rijnland;AWTG Nieuwe Wetering Achterweg;3.92;0.0;Minimale waarde < 20 m3/uur;;GM1884;2376.0;;;GM1884;2376.0;;;GM1884;2376.0;;False;False;False;52.201697600729794;4.612950452058195;WarmteAtlas:TEA_assets_minimale_potentie;;;
HH van Rijnland;Holland Rijnland;AWTG Hoogmade;5.39;0.0;Minimale waarde < 20 m3/uur;;GM1884;2355.0;;;GM1884;2355.0;;;GM1884;2355.0;;False;False;False;52.17194995030325;4.576893910472104;WarmteAtlas:TEA_assets_minimale_potentie;;;
HH van Rijnland;Holland Rijnland;AWTG Veenderveld;5.635;0.0;Minimale waarde < 20 m3/uur;;GM1884;2371.0;;;GM1884;2371.0;;;GM1884;2371.0;;False;False;False;52.19793747825416;4.614429066521386;WarmteAtlas:TEA_assets_minimale_potentie;;;
HH van Rijnland;Holland Rijnland;AWTG Oude Wetering;0.0;0.0;Geen debiet data beschikbaar;;GM1884;2377.0;;;GM1884;2377.0;;;GM1884;2377.0;;False;False;False;52.2180475742138;4.639641435727591;WarmteAtlas:TEA_assets_minimale_potentie;;;
HH van Rijnland;Holland Rijnland;AWTG Roelofarendsveen;0.0;0.0;Geen debiet data beschikbaar;;GM1884;2371.0;;;GM1884;2371.0;;;GM1884;2371.0;;False;False;False;52.206636347122405;4.634830267835235;WarmteAtlas:TEA_assets_minimale_potentie;;;
HH van Rijnland;Holland Rijnland;AWTG Leimuiden;15.19;0.0;Minimale waarde < 20 m3/uur;;GM1884;2451.0;;;GM1884;2451.0;;;GM1884;2451.0;;False;False;False;52.22049065512316;4.6606122175354665;WarmteAtlas:TEA_assets_minimale_potentie;;;
HH van Rijnland;Rotterdam-Den Haag;AWTG Stompwijk;6.37;0.0;Minimale waarde < 20 m3/uur;;GM1916;2266.0;;;GM1916;2266.0;;;GM1916;2266.0;;False;False;False;52.09241896294524;4.472666785287619;WarmteAtlas:TEA_assets_minimale_potentie;;;
HH van Rijnland;Holland Rijnland;AWTG Rijnsaterwoude;8.82;0.0;Minimale waarde < 20 m3/uur;;GM1884;2465.0;;;GM1884;2465.0;;;GM1884;2465.0;;False;False;False;52.18957619563583;4.665177929641891;WarmteAtlas:TEA_assets_minimale_potentie;;;
HH van Rijnland;;Rg Wassenaar;0.0;0.0;Geen debiet data beschikbaar;;GM0629;2244.0;;;GM0629;2244.0;;;GM0629;2244.0;;False;False;False;52.106451084127684;4.357531963466188;WarmteAtlas:TEA_assets_minimale_potentie;;;
