diam;ash;kw;x;y;land;naam;wt_type;gem_naam;prov_naam;ondergrond;lat;lon;buurtcode_2023;gemeentecode_2023;buurtcode_2024;gemeentecode_2024;buurtcode_2025;gemeentecode_2025;buurtcode_gewijzigd;gemeentecode_gewijzigd
26.0;26.0;90.0;184745.661287;295841.750177;België;n.a.;Eocycle EOX M-26;n.a.;n.a.;land;50.65189135879494;5.807766877874116;n.a.;n.a.;n.a.;n.a.;n.a.;n.a.;False;False
80.0;105.0;3000.0;168679.498528;299437.964804;België;n.a.;n.a.;n.a.;n.a.;land;50.68482165768683;5.58074650961568;n.a.;n.a.;n.a.;n.a.;n.a.;n.a.;False;False
115.0;123.0;3000.0;170817.342978;300437.045552;België;n.a.;E115;n.a.;n.a.;land;50.693747298177534;5.611037414668851;n.a.;n.a.;n.a.;n.a.;n.a.;n.a.;False;False
117.0;100.0;3400.0;164592.697575;305255.456828;België;n.a.;V117;n.a.;n.a.;land;50.737195990568765;5.523076251341367;n.a.;n.a.;n.a.;n.a.;n.a.;n.a.;False;False
117.0;100.0;3400.0;163991.28094;305380.035989;België;n.a.;V117;n.a.;n.a.;land;50.73832552243901;5.514560447153993;n.a.;n.a.;n.a.;n.a.;n.a.;n.a.;False;False
117.0;100.0;3400.0;164840.732489;305567.055505;België;n.a.;V117;n.a.;n.a.;land;50.73999266931722;5.526597993770697;n.a.;n.a.;n.a.;n.a.;n.a.;n.a.;False;False
117.0;100.0;3400.0;164307.024674;305687.188056;België;n.a.;V117;n.a.;n.a.;land;50.741081399306;5.519040805502464;n.a.;n.a.;n.a.;n.a.;n.a.;n.a.;False;False
117.0;100.0;3400.0;164687.205904;305932.050543;België;n.a.;V117;n.a.;n.a.;land;50.74327611505397;5.524432905414383;n.a.;n.a.;n.a.;n.a.;n.a.;n.a.;False;False
114.0;93.0;2625.0;170534.899497;308721.279436;België;n.a.;Siemens-Gamesa 114;n.a.;n.a.;land;50.76821932505967;5.6073930557585046;n.a.;n.a.;n.a.;n.a.;n.a.;n.a.;False;False
114.0;93.0;2625.0;170192.885187;308952.461253;België;n.a.;Siemens-Gamesa 114;n.a.;n.a.;land;50.77030649662347;5.602554956796938;n.a.;n.a.;n.a.;n.a.;n.a.;n.a.;False;False
114.0;93.0;2625.0;170921.727619;309214.605877;België;n.a.;Siemens-Gamesa 114;n.a.;n.a.;land;50.77264309452689;5.612897551709674;n.a.;n.a.;n.a.;n.a.;n.a.;n.a.;False;False
114.0;93.0;2625.0;170562.932893;309541.575056;België;n.a.;Siemens-Gamesa 114;n.a.;n.a.;land;50.77559195512661;5.607825453241403;n.a.;n.a.;n.a.;n.a.;n.a.;n.a.;False;False
114.0;93.0;2625.0;172031.520652;309780.298316;België;n.a.;Siemens-Gamesa 114;n.a.;n.a.;land;50.777696092296345;5.6286557894017335;n.a.;n.a.;n.a.;n.a.;n.a.;n.a.;False;False
114.0;93.0;2625.0;171318.668584;309821.267348;België;n.a.;Siemens-Gamesa 114;n.a.;n.a.;land;50.778085047055356;5.6185515439370315;n.a.;n.a.;n.a.;n.a.;n.a.;n.a.;False;False
114.0;93.0;2625.0;170835.665539;309945.051184;België;n.a.;Siemens-Gamesa 114;n.a.;n.a.;land;50.779211224165955;5.611709347742723;n.a.;n.a.;n.a.;n.a.;n.a.;n.a.;False;False
114.0;93.0;2625.0;171731.372261;310207.680208;België;n.a.;Siemens-Gamesa 114;n.a.;n.a.;land;50.78154651818157;5.624420235179835;n.a.;n.a.;n.a.;n.a.;n.a.;n.a.;False;False
114.0;93.0;2625.0;171189.132915;310285.382127;België;n.a.;Siemens-Gamesa 114;n.a.;n.a.;land;50.78226049929073;5.616735741374431;n.a.;n.a.;n.a.;n.a.;n.a.;n.a.;False;False
117.0;142.0;3450.0;164476.778041;312873.151154;België;n.a.;V117;n.a.;n.a.;land;50.805671309099985;5.521632578023939;n.a.;n.a.;n.a.;n.a.;n.a.;n.a.;False;False
70.0;65.0;1800.0;199864.884675;313000.874236;Duitsland;n.a.;n.a.;n.a.;n.a.;land;50.80514431271839;6.023632624136824;n.a.;n.a.;n.a.;n.a.;n.a.;n.a.;False;False
70.0;65.0;1800.0;199655.812084;313196.751041;Duitsland;n.a.;n.a.;n.a.;n.a.;land;50.80692121522711;6.020691026267731;n.a.;n.a.;n.a.;n.a.;n.a.;n.a.;False;False
117.0;142.0;3450.0;164363.869498;313384.336128;België;n.a.;V117;n.a.;n.a.;land;50.810268072659376;5.520044077577631;n.a.;n.a.;n.a.;n.a.;n.a.;n.a.;False;False
70.0;65.0;1800.0;199455.917469;313389.588908;Duitsland;n.a.;n.a.;n.a.;n.a.;land;50.80867001807158;6.017879029293105;n.a.;n.a.;n.a.;n.a.;n.a.;n.a.;False;False
70.0;65.0;1800.0;199970.03617;313399.282189;Duitsland;n.a.;n.a.;n.a.;n.a.;land;50.80871710142018;6.025173422226473;n.a.;n.a.;n.a.;n.a.;n.a.;n.a.;False;False
70.0;65.0;1800.0;200301.019619;313523.11091;Duitsland;n.a.;n.a.;n.a.;n.a.;land;50.80980408878452;6.029884115931383;n.a.;n.a.;n.a.;n.a.;n.a.;n.a.;False;False
70.0;65.0;1800.0;199800.509381;313616.714036;Duitsland;n.a.;n.a.;n.a.;n.a.;land;50.81068470187623;6.022795324421743;n.a.;n.a.;n.a.;n.a.;n.a.;n.a.;False;False
70.0;65.0;1800.0;200182.8417;313758.092255;Duitsland;n.a.;n.a.;n.a.;n.a.;land;50.81192548773305;6.028236817556142;n.a.;n.a.;n.a.;n.a.;n.a.;n.a.;False;False
117.0;142.0;3450.0;164248.684068;313900.103049;België;n.a.;V117;n.a.;n.a.;land;50.814906038332666;5.518423073819362;n.a.;n.a.;n.a.;n.a.;n.a.;n.a.;False;False
117.0;142.0;3450.0;167670.754787;314504.49608;België;n.a.;V117;n.a.;n.a.;land;50.82027336910332;5.566997794106644;n.a.;n.a.;n.a.;n.a.;n.a.;n.a.;False;False
117.0;142.0;3450.0;167267.225524;314767.470808;België;n.a.;V117;n.a.;n.a.;land;50.82264595162943;5.561280585163653;n.a.;n.a.;n.a.;n.a.;n.a.;n.a.;False;False
120.0;139.0;3300.0;200192.733518;314956.55399;Duitsland;n.a.;n.a.;n.a.;n.a.;land;50.82269685415781;6.028526116062669;n.a.;n.a.;n.a.;n.a.;n.a.;n.a.;False;False
117.0;142.0;3450.0;167776.949561;314993.120612;België;n.a.;V117;n.a.;n.a.;land;50.824663126391286;5.568521886846083;n.a.;n.a.;n.a.;n.a.;n.a.;n.a.;False;False
120.0;139.0;3300.0;199988.518713;315245.256738;Duitsland;n.a.;n.a.;n.a.;n.a.;land;50.825307851506956;6.025664021409869;n.a.;n.a.;n.a.;n.a.;n.a.;n.a.;False;False
112.0;135.0;3300.0;199972.551324;316268.08617;Duitsland;n.a.;n.a.;n.a.;n.a.;land;50.834502619407765;6.025564024829225;n.a.;n.a.;n.a.;n.a.;n.a.;n.a.;False;False
112.0;135.0;3300.0;199889.364908;316574.203186;Duitsland;n.a.;n.a.;n.a.;n.a.;land;50.83726061260557;6.024421129479186;n.a.;n.a.;n.a.;n.a.;n.a.;n.a.;False;False
126.0;135.0;3300.0;199891.915495;316943.914926;Duitsland;n.a.;n.a.;n.a.;n.a.;land;50.84058350049399;6.0245030317995;n.a.;n.a.;n.a.;n.a.;n.a.;n.a.;False;False
50.5;75.0;750.0;197935.4652;317736.3572;Nederland;n.a.;n.a.;Heerlen;Limburg;land;50.84785605236023;5.996823679803537;BU09174200;GM0917;BU09174200;GM0917;BU09174200;GM0917;False;False
80.0;100.0;2000.0;173638.816241;320926.954644;België;n.a.;V80;n.a.;n.a.;land;50.87784000929304;5.6520142578198245;n.a.;n.a.;n.a.;n.a.;n.a.;n.a.;False;False
80.0;100.0;2000.0;173872.311996;321170.21982;België;n.a.;V80;n.a.;n.a.;land;50.88001900072334;5.655344340379452;n.a.;n.a.;n.a.;n.a.;n.a.;n.a.;False;False
80.0;100.0;2000.0;174111.869404;321395.617983;België;n.a.;V80;n.a.;n.a.;land;50.88203709283319;5.658759922631278;n.a.;n.a.;n.a.;n.a.;n.a.;n.a.;False;False
90.0;100.0;2000.0;176837.239969;328125.523254;België;n.a.;V90;n.a.;n.a.;land;50.94243260908591;5.6978905119483185;n.a.;n.a.;n.a.;n.a.;n.a.;n.a.;False;False
90.0;100.0;2000.0;177339.430219;328318.444193;België;n.a.;V90;n.a.;n.a.;land;50.94414731138194;5.705047298533555;n.a.;n.a.;n.a.;n.a.;n.a.;n.a.;False;False
90.0;100.0;2000.0;176893.433009;328551.476179;België;n.a.;V90;n.a.;n.a.;land;50.946259215006705;5.698715811520889;n.a.;n.a.;n.a.;n.a.;n.a.;n.a.;False;False
90.0;100.0;2000.0;177925.751547;328888.040948;België;n.a.;V90;n.a.;n.a.;land;50.94924401832482;5.713425581562797;n.a.;n.a.;n.a.;n.a.;n.a.;n.a.;False;False
90.0;100.0;2000.0;177641.589828;328894.145794;België;n.a.;V90;n.a.;n.a.;land;50.94931021904899;5.709382491392869;n.a.;n.a.;n.a.;n.a.;n.a.;n.a.;False;False
100.0;100.0;2000.0;178197.145082;329397.571099;België;n.a.;MM100;n.a.;n.a.;land;50.95381306797534;5.717320104663141;n.a.;n.a.;n.a.;n.a.;n.a.;n.a.;False;False
100.0;100.0;2000.0;177864.695105;329450.011125;België;n.a.;MM100;n.a.;n.a.;land;50.95429782981591;5.712592369070581;n.a.;n.a.;n.a.;n.a.;n.a.;n.a.;False;False
149.0;125.0;4500.0;177124.693127;336024.989435;België;n.a.;Nordex N149/4.0-4.5;n.a.;n.a.;land;51.013427343418506;5.70246492509771;n.a.;n.a.;n.a.;n.a.;n.a.;n.a.;False;False
149.0;125.0;4500.0;177739.918472;336292.758654;België;n.a.;Nordex N149/4.0-4.5;n.a.;n.a.;land;51.015810048027774;5.711248358431008;n.a.;n.a.;n.a.;n.a.;n.a.;n.a.;False;False
100.0;125.0;2200.0;174555.230425;338000.099003;België;n.a.;n.a.;n.a.;n.a.;land;51.03127487488615;5.665959199365907;n.a.;n.a.;n.a.;n.a.;n.a.;n.a.;False;False
100.0;125.0;2200.0;174999.999238;338205.337892;België;n.a.;n.a.;n.a.;n.a.;land;51.03310428107898;5.672310719199235;n.a.;n.a.;n.a.;n.a.;n.a.;n.a.;False;False
100.0;125.0;2200.0;175401.873152;338394.758169;België;n.a.;n.a.;n.a.;n.a.;land;51.03479268664903;5.678050338549841;n.a.;n.a.;n.a.;n.a.;n.a.;n.a.;False;False
149.0;125.0;4500.0;196555.313516;338890.514059;Duitsland;n.a.;n.a.;n.a.;n.a.;land;51.038099758195116;5.979661511337082;n.a.;n.a.;n.a.;n.a.;n.a.;n.a.;False;False
149.0;125.0;4500.0;196980.764367;338900.039078;Duitsland;n.a.;n.a.;n.a.;n.a.;land;51.03815421469372;5.985728045813851;n.a.;n.a.;n.a.;n.a.;n.a.;n.a.;False;False
149.0;125.0;4500.0;196279.087963;339012.751803;Duitsland;n.a.;n.a.;n.a.;n.a.;land;51.03921854031829;5.975737542456315;n.a.;n.a.;n.a.;n.a.;n.a.;n.a.;False;False
149.0;125.0;4500.0;196755.338916;339198.489675;Duitsland;n.a.;n.a.;n.a.;n.a.;land;51.04085335698939;5.982548931457244;n.a.;n.a.;n.a.;n.a.;n.a.;n.a.;False;False
90.0;100.0;2000.0;176164.20034;339258.900573;België;n.a.;V90;n.a.;n.a.;land;51.04253241184873;5.688968876720344;n.a.;n.a.;n.a.;n.a.;n.a.;n.a.;False;False
149.0;125.0;4500.0;196004.18533;339296.914872;Duitsland;n.a.;n.a.;n.a.;n.a.;land;51.04179254751599;5.971850709871912;n.a.;n.a.;n.a.;n.a.;n.a.;n.a.;False;False
149.0;125.0;4500.0;196410.850727;339303.264884;Duitsland;n.a.;n.a.;n.a.;n.a.;land;51.04182023814164;5.977649520399374;n.a.;n.a.;n.a.;n.a.;n.a.;n.a.;False;False
90.0;100.0;2000.0;176698.603838;339415.630441;België;n.a.;V90;n.a.;n.a.;land;51.04392111757598;5.696598018418306;n.a.;n.a.;n.a.;n.a.;n.a.;n.a.;False;False
149.0;125.0;4500.0;196880.487083;339484.50483;Duitsland;n.a.;n.a.;n.a.;n.a.;land;51.04341499776641;5.984366527323055;n.a.;n.a.;n.a.;n.a.;n.a.;n.a.;False;False
149.0;125.0;4500.0;196528.061378;339559.646647;Duitsland;n.a.;n.a.;n.a.;n.a.;land;51.044116177202376;5.9793502830037975;n.a.;n.a.;n.a.;n.a.;n.a.;n.a.;False;False
90.0;100.0;2000.0;176306.230358;339575.976458;België;n.a.;V90;n.a.;n.a.;land;51.045377218680414;5.691012781911676;n.a.;n.a.;n.a.;n.a.;n.a.;n.a.;False;False
149.0;125.0;4500.0;196196.802382;339628.173868;Duitsland;n.a.;n.a.;n.a.;n.a.;land;51.04475615719415;5.974634933740046;n.a.;n.a.;n.a.;n.a.;n.a.;n.a.;False;False
90.0;100.0;2000.0;177227.828755;339767.505753;België;n.a.;V90;n.a.;n.a.;land;51.04706362459378;5.704165848957164;n.a.;n.a.;n.a.;n.a.;n.a.;n.a.;False;False
149.0;125.0;4500.0;196759.836841;339809.413813;Duitsland;n.a.;n.a.;n.a.;n.a.;land;51.04634425824775;5.982684028855552;n.a.;n.a.;n.a.;n.a.;n.a.;n.a.;False;False
90.0;100.0;2000.0;176885.345472;339855.810908;België;n.a.;V90;n.a.;n.a.;land;51.04787062309608;5.699287523310836;n.a.;n.a.;n.a.;n.a.;n.a.;n.a.;False;False
149.0;125.0;4500.0;196326.977642;339945.939086;Duitsland;n.a.;n.a.;n.a.;n.a.;land;51.047602940966314;5.976527577431135;n.a.;n.a.;n.a.;n.a.;n.a.;n.a.;False;False
90.0;100.0;2000.0;176525.873728;340057.95547;België;n.a.;V90;n.a.;n.a.;land;51.04970132614176;5.6941735876497;n.a.;n.a.;n.a.;n.a.;n.a.;n.a.;False;False
149.0;125.0;4500.0;196755.6035;340115.272758;Duitsland;n.a.;n.a.;n.a.;n.a.;land;51.04909375148371;5.982659200757257;n.a.;n.a.;n.a.;n.a.;n.a.;n.a.;False;False
149.0;125.0;4500.0;196222.202433;340257.089709;Duitsland;n.a.;n.a.;n.a.;n.a.;land;51.05040727494321;5.975069234155792;n.a.;n.a.;n.a.;n.a.;n.a.;n.a.;False;False
149.0;125.0;4500.0;196650.82829;340331.17319;Duitsland;n.a.;n.a.;n.a.;n.a.;land;51.05104201489628;5.981190143719758;n.a.;n.a.;n.a.;n.a.;n.a.;n.a.;False;False
149.0;125.0;4500.0;196306.869269;340478.281818;Duitsland;n.a.;n.a.;n.a.;n.a.;land;51.05238931192856;5.976302034743645;n.a.;n.a.;n.a.;n.a.;n.a.;n.a.;False;False
149.0;125.0;4500.0;196393.652776;340695.240585;Duitsland;n.a.;n.a.;n.a.;n.a.;land;51.05433313131228;5.977564639874162;n.a.;n.a.;n.a.;n.a.;n.a.;n.a.;False;False
82.0;109.0;2350.0;39634.8897122;344290.971134;België;n.a.;Enercon 82-E2 2.3;n.a.;n.a.;land;51.076480863289795;3.740963293412988;n.a.;n.a.;n.a.;n.a.;n.a.;n.a.;False;False
82.0;109.0;2350.0;39825.5756646;344975.743608;België;n.a.;Enercon 82-E2 2.3;n.a.;n.a.;land;51.082672659914124;3.743463585623454;n.a.;n.a.;n.a.;n.a.;n.a.;n.a.;False;False
90.0;105.0;2000.0;175982.266135;345115.781883;België;n.a.;V90;n.a.;n.a.;land;51.09518484158386;5.686717191014137;n.a.;n.a.;n.a.;n.a.;n.a.;n.a.;False;False
82.0;109.0;2350.0;40427.1577614;345260.98484;België;n.a.;Enercon 82-E2 2.3;n.a.;n.a.;land;51.08535705985489;3.7519548116620434;n.a.;n.a.;n.a.;n.a.;n.a.;n.a.;False;False
82.0;105.0;2000.0;43066.1588539;345515.703206;België;n.a.;Enercon E-82 E2 2.0;n.a.;n.a.;land;51.08817047378941;3.789526550025393;n.a.;n.a.;n.a.;n.a.;n.a.;n.a.;False;False
90.0;105.0;2000.0;175855.079307;345523.15319;België;n.a.;V90;n.a.;n.a.;land;51.098851250411485;5.684925352727945;n.a.;n.a.;n.a.;n.a.;n.a.;n.a.;False;False
82.0;109.0;2350.0;39708.3978072;345546.585814;België;n.a.;Enercon 82-E2 2.3;n.a.;n.a.;land;51.0877784367794;3.741608528455753;n.a.;n.a.;n.a.;n.a.;n.a.;n.a.;False;False
82.0;105.0;2000.0;42767.6677335;345733.811981;België;n.a.;Enercon E-82 E2 2.0;n.a.;n.a.;land;51.09007167042134;3.785199430272941;n.a.;n.a.;n.a.;n.a.;n.a.;n.a.;False;False
90.0;105.0;2000.0;175726.768232;345898.304598;België;n.a.;V90;n.a.;n.a.;land;51.10222805783902;5.683115314152696;n.a.;n.a.;n.a.;n.a.;n.a.;n.a.;False;False
82.0;105.0;2000.0;42491.9498553;345964.035737;België;n.a.;Enercon E-82 E2 2.0;n.a.;n.a.;land;51.09208606572045;3.7811931138196706;n.a.;n.a.;n.a.;n.a.;n.a.;n.a.;False;False
82.0;108.0;2350.0;39418.9979242;346176.516325;België;n.a.;Enercon 82-E2 2.3;n.a.;n.a.;land;51.09338022121846;3.737276533517055;n.a.;n.a.;n.a.;n.a.;n.a.;n.a.;False;False
92.0;100.0;2000.0;36377.8146366;346367.401998;België;n.a.;MM92;n.a.;n.a.;land;51.09447031737941;3.693818152340377;n.a.;n.a.;n.a.;n.a.;n.a.;n.a.;False;False
82.0;108.0;2350.0;39915.8146059;346404.633744;België;n.a.;Enercon 82-E2 2.3;n.a.;n.a.;land;51.095530621281725;3.7442926562812064;n.a.;n.a.;n.a.;n.a.;n.a.;n.a.;False;False
138.0;131.0;3500.0;35913.3259183;346442.45638;België;n.a.;Enercon E138;n.a.;n.a.;land;51.09504781502608;3.68716522622604;n.a.;n.a.;n.a.;n.a.;n.a.;n.a.;False;False
92.0;100.0;2050.0;40542.7566032;346541.436823;België;n.a.;Senvion MM92 2.05;n.a.;n.a.;land;51.09688622679713;3.753195576940244;n.a.;n.a.;n.a.;n.a.;n.a.;n.a.;False;False
82.0;108.0;2350.0;39341.2585943;346543.460053;België;n.a.;Enercon 82-E2 2.3;n.a.;n.a.;land;51.09666171812554;3.7360489254350253;n.a.;n.a.;n.a.;n.a.;n.a.;n.a.;False;False
92.0;100.0;2000.0;36874.9498213;346618.735572;België;n.a.;MM92;n.a.;n.a.;land;51.096832014753076;3.7008292780072862;n.a.;n.a.;n.a.;n.a.;n.a.;n.a.;False;False
92.0;100.0;2050.0;36604.6337478;346826.65843;België;n.a.;MM92;n.a.;n.a.;land;51.09864421166587;3.696903160411994;n.a.;n.a.;n.a.;n.a.;n.a.;n.a.;False;False
92.0;100.0;2050.0;40327.8675456;346983.367075;België;n.a.;Senvion MM92 2.05;n.a.;n.a.;land;51.10081411610909;3.7499876799572958;n.a.;n.a.;n.a.;n.a.;n.a.;n.a.;False;False
115.0;135.0;3200.0;39146.6440586;347353.812912;België;n.a.;Enercon 115-E2 3,2MW;n.a.;n.a.;land;51.10390380870019;3.7330099043549163;n.a.;n.a.;n.a.;n.a.;n.a.;n.a.;False;False
92.0;100.0;2050.0;40587.519681;347476.01744;België;n.a.;Senvion MM92 2.05;n.a.;n.a.;land;51.105293209849975;3.7535361933616382;n.a.;n.a.;n.a.;n.a.;n.a.;n.a.;False;False
115.0;135.0;3200.0;39109.4919609;347726.430743;België;n.a.;Enercon 115-E2 3,2MW;n.a.;n.a.;land;51.10724450410662;3.732359197525168;n.a.;n.a.;n.a.;n.a.;n.a.;n.a.;False;False
115.0;135.0;3200.0;39474.7530883;347866.427676;België;n.a.;Enercon 115-E2 3,2MW;n.a.;n.a.;land;51.10857670398816;3.737527717438121;n.a.;n.a.;n.a.;n.a.;n.a.;n.a.;False;False
136.0;132.0;4200.0;40473.0516023;347955.194372;België;n.a.;V136-4.2;n.a.;n.a.;land;51.109576004682204;3.751749282272598;n.a.;n.a.;n.a.;n.a.;n.a.;n.a.;False;False
138.0;111.0;4200.0;40996.9696878;348827.382943;België;n.a.;n.a.;n.a.;n.a.;land;51.11751850033774;3.7589505357768607;n.a.;n.a.;n.a.;n.a.;n.a.;n.a.;False;False
100.0;100.0;2050.0;41786.0753367;349039.217761;België;n.a.;Senvion MM100 2.0;n.a.;n.a.;land;51.1195795031294;3.7701497347457718;n.a.;n.a.;n.a.;n.a.;n.a.;n.a.;False;False
100.0;100.0;2050.0;42064.4475148;349448.447374;België;n.a.;Senvion MM100 2.0;n.a.;n.a.;land;51.123312098117644;3.7739952544784034;n.a.;n.a.;n.a.;n.a.;n.a.;n.a.;False;False
133.0;133.0;3900.0;40724.2553306;349674.022216;België;n.a.;n.a.;n.a.;n.a.;land;51.12507158791506;3.7547869133861917;n.a.;n.a.;n.a.;n.a.;n.a.;n.a.;False;False
100.0;100.0;2050.0;42340.9395662;349823.023416;België;n.a.;Senvion MM100 2.0;n.a.;n.a.;land;51.126732801555576;3.7778254496872843;n.a.;n.a.;n.a.;n.a.;n.a.;n.a.;False;False
126.0;137.0;3450.0;43436.558016;350381.629423;België;n.a.;V126-3.45 MW;n.a.;n.a.;land;51.13196824265471;3.7932969390976825;n.a.;n.a.;n.a.;n.a.;n.a.;n.a.;False;False
126.0;137.0;3450.0;43768.3501375;350413.870608;België;n.a.;V126-3.45 MW;n.a.;n.a.;land;51.132322913550205;3.798025492752012;n.a.;n.a.;n.a.;n.a.;n.a.;n.a.;False;False
149.0;125.0;4000.0;42801.1102767;350493.069463;België;n.a.;Nordex 149/4.0;n.a.;n.a.;land;51.13284470195515;3.784186758565822;n.a.;n.a.;n.a.;n.a.;n.a.;n.a.;False;False
149.0;125.0;4000.0;42202.2978611;350754.697875;België;n.a.;Nordex 149/4.0;n.a.;n.a.;land;51.13507728723864;3.775552148873192;n.a.;n.a.;n.a.;n.a.;n.a.;n.a.;False;False
115.0;135.0;4200.0;41865.5322551;350867.637435;België;n.a.;n.a.;n.a.;n.a.;land;51.13602529033795;3.7707065800781168;n.a.;n.a.;n.a.;n.a.;n.a.;n.a.;False;False
149.0;149.0;4000.0;43827.260264;350884.15606;België;n.a.;N149;n.a.;n.a.;land;51.136560408625456;3.7987207979904594;n.a.;n.a.;n.a.;n.a.;n.a.;n.a.;False;False
149.0;125.0;4000.0;42746.253289;350910.600507;België;n.a.;Nordex 149/4.0;n.a.;n.a.;land;51.136585791445114;3.783272372084395;n.a.;n.a.;n.a.;n.a.;n.a.;n.a.;False;False
104.0;98.0;3400.0;42543.319351;351523.832807;België;n.a.;Senvion 3.4XM;n.a.;n.a.;land;51.14205617975378;3.780181170987412;n.a.;n.a.;n.a.;n.a.;n.a.;n.a.;False;False
104.0;98.0;3400.0;40147.0882053;351943.908004;België;n.a.;Senvion 3.4M104;n.a.;n.a.;land;51.14535216734411;3.745817112932792;n.a.;n.a.;n.a.;n.a.;n.a.;n.a.;False;False
70.0;100.0;2000.0;40980.8266456;352019.112265;België;n.a.;Enercon E70;n.a.;n.a.;land;51.14619567046073;3.75770365941396;n.a.;n.a.;n.a.;n.a.;n.a.;n.a.;False;False
70.0;100.0;2000.0;41338.2725103;352092.579175;België;n.a.;Enercon E70;n.a.;n.a.;land;51.14692737128119;3.7627867801518713;n.a.;n.a.;n.a.;n.a.;n.a.;n.a.;False;False
70.0;100.0;2000.0;41701.3030041;352276.086302;België;n.a.;Enercon E70;n.a.;n.a.;land;51.14864877106199;3.767914999958908;n.a.;n.a.;n.a.;n.a.;n.a.;n.a.;False;False
70.0;100.0;2000.0;42063.9652141;352296.849518;België;n.a.;Enercon E70;n.a.;n.a.;land;51.148907472357834;3.773089722986107;n.a.;n.a.;n.a.;n.a.;n.a.;n.a.;False;False
70.0;100.0;2000.0;42418.4754958;352364.624448;België;n.a.;Enercon E70;n.a.;n.a.;land;51.14958677315044;3.7781332456676213;n.a.;n.a.;n.a.;n.a.;n.a.;n.a.;False;False
150.0;155.0;4500.0;42916.4215169;352461.914136;België;n.a.;n.a.;n.a.;n.a.;land;51.15055935866623;3.7852169893761864;n.a.;n.a.;n.a.;n.a.;n.a.;n.a.;False;False
104.0;98.0;3400.0;40193.7842704;352494.806844;België;n.a.;Senvion 3.4M104;n.a.;n.a.;land;51.15031186300475;3.746307409555975;n.a.;n.a.;n.a.;n.a.;n.a.;n.a.;False;False
140.0;130.0;3600.0;43624.8166795;352522.938725;België;n.a.;3.6M140;n.a.;n.a.;land;51.15124688723762;3.7953191876481194;n.a.;n.a.;n.a.;n.a.;n.a.;n.a.;False;False
140.0;130.0;3600.0;44166.7794697;352912.191953;België;n.a.;3.6M140;n.a.;n.a.;land;51.15485059350621;3.8029420008171813;n.a.;n.a.;n.a.;n.a.;n.a.;n.a.;False;False
162.0;119.0;6000.0;43920.5115519;353160.494528;België;n.a.;Vestas V162;n.a.;n.a.;land;51.157033788090295;3.7993459844374797;n.a.;n.a.;n.a.;n.a.;n.a.;n.a.;False;False
150.0;155.0;4300.0;43264.5792748;353240.396551;België;n.a.;Vestas V150;n.a.;n.a.;land;51.15762327654121;3.789948072688847;n.a.;n.a.;n.a.;n.a.;n.a.;n.a.;False;False
150.0;155.0;4300.0;43486.0427005;353748.725289;België;n.a.;Vestas V150;n.a.;n.a.;land;51.162234576760106;3.7929541727037233;n.a.;n.a.;n.a.;n.a.;n.a.;n.a.;False;False
150.0;123.0;4200.0;44979.4555339;353776.13064;België;n.a.;Vestas V150;n.a.;n.a.;land;51.162771791274444;3.814288449554742;n.a.;n.a.;n.a.;n.a.;n.a.;n.a.;False;False
104.0;98.0;3400.0;40726.0989324;353814.361251;België;n.a.;Senvion 3.4M104;n.a.;n.a.;land;51.16227635703649;3.7534910230393796;n.a.;n.a.;n.a.;n.a.;n.a.;n.a.;False;False
104.0;98.0;3400.0;41052.9706988;354138.092192;België;n.a.;Senvion 3.4M104;n.a.;n.a.;land;51.16525095607082;3.7580591365417857;n.a.;n.a.;n.a.;n.a.;n.a.;n.a.;False;False
70.0;100.0;2000.0;41665.139696;354138.196174;België;n.a.;Enercon E70;n.a.;n.a.;land;51.165374258660904;3.7668081698339755;n.a.;n.a.;n.a.;n.a.;n.a.;n.a.;False;False
70.0;100.0;2000.0;42006.3813266;354315.337787;België;n.a.;Enercon E70;n.a.;n.a.;land;51.16703395976166;3.771629188722424;n.a.;n.a.;n.a.;n.a.;n.a.;n.a.;False;False
70.0;100.0;2000.0;42368.4310872;354393.343704;België;n.a.;Enercon E70;n.a.;n.a.;land;51.167806760986416;3.776779212830064;n.a.;n.a.;n.a.;n.a.;n.a.;n.a.;False;False
70.0;100.0;2000.0;42786.2486156;354469.949184;België;n.a.;Enercon E70;n.a.;n.a.;land;51.16857776206657;3.7827269425647594;n.a.;n.a.;n.a.;n.a.;n.a.;n.a.;False;False
70.0;100.0;2000.0;43102.5449832;354627.666222;België;n.a.;Enercon E70;n.a.;n.a.;land;51.17005734790285;3.7871984050009817;n.a.;n.a.;n.a.;n.a.;n.a.;n.a.;False;False
122.0;139.0;3000.0;45576.0365121;354639.696619;België;n.a.;3.0M122;n.a.;n.a.;land;51.170646989328965;3.8225500778695993;n.a.;n.a.;n.a.;n.a.;n.a.;n.a.;False;False
70.0;100.0;2000.0;43415.8807155;354715.441053;België;n.a.;Enercon E70;n.a.;n.a.;land;51.170907684544375;3.79164967720739;n.a.;n.a.;n.a.;n.a.;n.a.;n.a.;False;False
122.0;139.0;3000.0;45217.0444089;354805.800181;België;n.a.;3.0M122;n.a.;n.a.;land;51.172070384045405;3.817367654155047;n.a.;n.a.;n.a.;n.a.;n.a.;n.a.;False;False
122.0;139.0;3000.0;45916.8370184;355206.883952;België;n.a.;3.0M122;n.a.;n.a.;land;51.1758092879697;3.8272482962615006;n.a.;n.a.;n.a.;n.a.;n.a.;n.a.;False;False
162.0;119.0;6000.0;44279.9346001;355452.078455;België;n.a.;V162-6.0;n.a.;n.a.;land;51.177696074609194;3.803772078867389;n.a.;n.a.;n.a.;n.a.;n.a.;n.a.;False;False
162.0;119.0;6000.0;46112.7809715;355692.459123;België;n.a.;V162-6.0;n.a.;n.a.;land;51.18021028619692;3.829901410174078;n.a.;n.a.;n.a.;n.a.;n.a.;n.a.;False;False
126.0;137.0;3450.0;44543.9216764;356107.043888;België;n.a.;V126-3.45;n.a.;n.a.;land;51.18363297378895;3.8073434911479653;n.a.;n.a.;n.a.;n.a.;n.a.;n.a.;False;False
114.0;116.0;3400.0;42434.7347284;356190.574843;België;n.a.;Senvion 3.4M114;n.a.;n.a.;land;51.18396965264035;3.7771605933442713;n.a.;n.a.;n.a.;n.a.;n.a.;n.a.;False;False
90.0;95.0;2000.0;146015.915123;356192.303839;België;n.a.;V90;n.a.;n.a.;land;51.19506532614688;5.258675224785459;n.a.;n.a.;n.a.;n.a.;n.a.;n.a.;False;False
126.0;137.0;3450.0;44932.9074759;356194.158973;België;n.a.;V126-3.45;n.a.;n.a.;land;51.184491275909416;3.8128783194838523;n.a.;n.a.;n.a.;n.a.;n.a.;n.a.;False;False
114.0;116.0;3400.0;41843.3667765;356203.17888;België;n.a.;Senvion 3.4M114;n.a.;n.a.;land;51.18396545036343;3.7687013612966362;n.a.;n.a.;n.a.;n.a.;n.a.;n.a.;False;False
126.0;137.0;3450.0;45293.2308763;356275.364506;België;n.a.;V126-3.45;n.a.;n.a.;land;51.18529067777538;3.818005344771574;n.a.;n.a.;n.a.;n.a.;n.a.;n.a.;False;False
115.0;150.0;3000.0;210609.533941;356353.986745;Duitsland;n.a.;n.a.;n.a.;n.a.;land;51.19386587638757;6.182730394401181;n.a.;n.a.;n.a.;n.a.;n.a.;n.a.;False;False
126.0;137.0;3450.0;45652.5165022;356356.71757;België;n.a.;V126-3.45;n.a.;n.a.;land;51.18609098078058;3.823117666494097;n.a.;n.a.;n.a.;n.a.;n.a.;n.a.;False;False
90.0;95.0;2000.0;146571.974639;356406.615482;België;n.a.;V90;n.a.;n.a.;land;51.197000234940795;5.266625046042769;n.a.;n.a.;n.a.;n.a.;n.a.;n.a.;False;False
126.0;137.0;3450.0;46016.159504;356414.421644;België;n.a.;V126-3.45;n.a.;n.a.;land;51.18667938259075;3.8282996935888463;n.a.;n.a.;n.a.;n.a.;n.a.;n.a.;False;False
116.0;92.0;3000.0;139047.390137;356496.178008;België;n.a.;Enercon E92/2350;n.a.;n.a.;land;51.197643916892126;5.158971690072861;n.a.;n.a.;n.a.;n.a.;n.a.;n.a.;False;False
114.0;116.0;3400.0;42335.4785764;356525.162338;België;n.a.;Senvion 3.4M114;n.a.;n.a.;land;51.18695655140748;3.7756358820838156;n.a.;n.a.;n.a.;n.a.;n.a.;n.a.;False;False
114.0;116.0;3400.0;42050.6293966;356628.664062;België;n.a.;Senvion 3.4M114;n.a.;n.a.;land;51.18783005059063;3.7715301647375887;n.a.;n.a.;n.a.;n.a.;n.a.;n.a.;False;False
115.0;150.0;3000.0;210644.446337;356713.753673;Duitsland;n.a.;n.a.;n.a.;n.a.;land;51.19709606792698;6.183285904910734;n.a.;n.a.;n.a.;n.a.;n.a.;n.a.;False;False
116.0;92.0;3000.0;139135.09332;356746.797401;België;n.a.;Enercon E92/2350;n.a.;n.a.;land;51.19989911854312;5.160215283067181;n.a.;n.a.;n.a.;n.a.;n.a.;n.a.;False;False
90.0;95.0;2000.0;146889.782143;356762.268953;België;n.a.;V90;n.a.;n.a.;land;51.200201739277084;5.271163655905227;n.a.;n.a.;n.a.;n.a.;n.a.;n.a.;False;False
117.0;106.0;3600.0;146225.309725;356854.234377;België;n.a.;N117;n.a.;n.a.;land;51.20101852792046;5.2616545238211065;n.a.;n.a.;n.a.;n.a.;n.a.;n.a.;False;False
117.0;106.0;3600.0;145392.162453;356951.315887;België;n.a.;N117;n.a.;n.a.;land;51.201877700194004;5.249731533462675;n.a.;n.a.;n.a.;n.a.;n.a.;n.a.;False;False
114.0;116.0;3400.0;42067.6365066;356997.867283;België;n.a.;Senvion 3.4M114;n.a.;n.a.;land;51.191151049817336;3.7716565588370146;n.a.;n.a.;n.a.;n.a.;n.a.;n.a.;False;False
115.0;150.0;3000.0;210647.84775;357020.507538;Duitsland;n.a.;n.a.;n.a.;n.a.;land;51.19985285949505;6.183382416730042;n.a.;n.a.;n.a.;n.a.;n.a.;n.a.;False;False
90.0;95.0;2000.0;146660.31835;357061.422088;België;n.a.;V90;n.a.;n.a.;land;51.20288743444767;5.267873642111512;n.a.;n.a.;n.a.;n.a.;n.a.;n.a.;False;False
116.0;92.0;3000.0;139162.598988;357074.47852;België;n.a.;Enercon E92/2350;n.a.;n.a.;land;51.20284531784215;5.160594276596819;n.a.;n.a.;n.a.;n.a.;n.a.;n.a.;False;False
117.0;106.0;3600.0;145990.234621;357153.238248;België;n.a.;N117;n.a.;n.a.;land;51.20370252273296;5.258283608091423;n.a.;n.a.;n.a.;n.a.;n.a.;n.a.;False;False
115.0;150.0;3000.0;210274.729372;357160.164597;Duitsland;n.a.;n.a.;n.a.;n.a.;land;51.201144557675946;6.178066148571715;n.a.;n.a.;n.a.;n.a.;n.a.;n.a.;False;False
117.0;106.0;3600.0;145034.885953;357190.966427;België;n.a.;N117;n.a.;n.a.;land;51.2040257077864;5.244612964178435;n.a.;n.a.;n.a.;n.a.;n.a.;n.a.;False;False
90.0;95.0;2000.0;146413.873573;357370.303968;België;n.a.;V90;n.a.;n.a.;land;51.205660229754734;5.264340025283098;n.a.;n.a.;n.a.;n.a.;n.a.;n.a.;False;False
117.0;106.0;3600.0;144714.16316;357441.981088;België;n.a.;N117;n.a.;n.a.;land;51.20627630226655;5.240016644422383;n.a.;n.a.;n.a.;n.a.;n.a.;n.a.;False;False
117.0;106.0;3600.0;145742.796385;357498.499854;België;n.a.;N117;n.a.;n.a.;land;51.206802019003455;5.254734190995114;n.a.;n.a.;n.a.;n.a.;n.a.;n.a.;False;False
117.0;106.0;3600.0;144470.533322;357630.044845;België;n.a.;N117;n.a.;n.a.;land;51.20796229774381;5.236524928668375;n.a.;n.a.;n.a.;n.a.;n.a.;n.a.;False;False
117.0;106.0;3600.0;146222.864603;357697.714631;België;n.a.;N117;n.a.;n.a.;land;51.20860032585297;5.261598810254823;n.a.;n.a.;n.a.;n.a.;n.a.;n.a.;False;False
117.0;106.0;3600.0;146055.947195;357998.012128;België;n.a.;N117;n.a.;n.a.;land;51.21129702365096;5.259202696306065;n.a.;n.a.;n.a.;n.a.;n.a.;n.a.;False;False
90.0;105.0;2000.0;38725.2218389;358026.89963;België;n.a.;V90;n.a.;n.a.;land;51.199723363091834;3.7235255568301886;n.a.;n.a.;n.a.;n.a.;n.a.;n.a.;False;False
117.0;106.0;3600.0;144597.157399;358064.87422;België;n.a.;N117;n.a.;n.a.;land;51.211873200290434;5.2383242235404035;n.a.;n.a.;n.a.;n.a.;n.a.;n.a.;False;False
90.0;105.0;2000.0;38007.2870365;358227.339293;België;n.a.;V90;n.a.;n.a.;land;51.201377014785166;3.7131916797485487;n.a.;n.a.;n.a.;n.a.;n.a.;n.a.;False;False
117.0;106.0;3600.0;145281.592171;358272.065971;België;n.a.;N117;n.a.;n.a.;land;51.21374771172462;5.248113552214646;n.a.;n.a.;n.a.;n.a.;n.a.;n.a.;False;False
117.0;106.0;3600.0;145815.455221;358436.196736;België;n.a.;N117;n.a.;n.a.;land;51.21523192009913;5.255749774817655;n.a.;n.a.;n.a.;n.a.;n.a.;n.a.;False;False
90.0;105.0;2000.0;37191.3232757;358492.728648;België;n.a.;V90;n.a.;n.a.;land;51.20359302982572;3.701433482751549;n.a.;n.a.;n.a.;n.a.;n.a.;n.a.;False;False
90.0;105.0;2000.0;36426.9211881;358748.325513;België;n.a.;V90;n.a.;n.a.;land;51.20573062845789;3.690414959981294;n.a.;n.a.;n.a.;n.a.;n.a.;n.a.;False;False
92.0;100.0;2000.0;29153.4457505;358877.310199;België;n.a.;Enercon E-92;n.a.;n.a.;land;51.205324271722326;3.5863331360485624;n.a.;n.a.;n.a.;n.a.;n.a.;n.a.;False;False
100.0;100.0;2300.0;27997.9803995;358878.194971;België;n.a.;n.a.;n.a.;n.a.;land;51.205074980340626;3.5698059437539293;n.a.;n.a.;n.a.;n.a.;n.a.;n.a.;False;False
100.0;100.0;2300.0;28373.9163805;358882.818665;België;n.a.;n.a.;n.a.;n.a.;land;51.205200477419744;3.5751813756918667;n.a.;n.a.;n.a.;n.a.;n.a.;n.a.;False;False
92.0;100.0;2000.0;28753.2581694;358886.450872;België;n.a.;Enercon E-92;n.a.;n.a.;land;51.205317574445424;3.58060590508284;n.a.;n.a.;n.a.;n.a.;n.a.;n.a.;False;False
100.0;100.0;2200.0;26344.039854;358902.994176;België;n.a.;n.a.;n.a.;n.a.;land;51.20492549711483;3.5461406941443943;n.a.;n.a.;n.a.;n.a.;n.a.;n.a.;False;False
92.0;100.0;2000.0;29552.4382863;358919.670453;België;n.a.;Enercon E-92;n.a.;n.a.;land;51.20579316986888;3.5920251669416823;n.a.;n.a.;n.a.;n.a.;n.a.;n.a.;False;False
92.0;100.0;2000.0;29904.8940977;358971.093228;België;n.a.;Enercon E-92;n.a.;n.a.;land;51.20633296757726;3.597048493605437;n.a.;n.a.;n.a.;n.a.;n.a.;n.a.;False;False
92.0;100.0;2000.0;30231.1631645;359023.803639;België;n.a.;Enercon E-92;n.a.;n.a.;land;51.2068783657661;3.601696918852355;n.a.;n.a.;n.a.;n.a.;n.a.;n.a.;False;False
100.0;100.0;2300.0;30551.5945006;359052.181372;België;n.a.;n.a.;n.a.;n.a.;land;51.207203664403714;3.606270441965162;n.a.;n.a.;n.a.;n.a.;n.a.;n.a.;False;False
90.0;105.0;2000.0;35538.5215139;359054.807092;België;n.a.;V90;n.a.;n.a.;land;51.208298330247736;3.6776046334880483;n.a.;n.a.;n.a.;n.a.;n.a.;n.a.;False;False
100.0;100.0;2300.0;30987.3585489;359112.765129;België;n.a.;n.a.;n.a.;n.a.;land;51.20784336279229;3.6124825725862575;n.a.;n.a.;n.a.;n.a.;n.a.;n.a.;False;False
82.0;108.0;2200.0;25409.6046689;359221.446477;België;n.a.;n.a.;n.a.;n.a.;land;51.207574308392815;3.532659911946514;n.a.;n.a.;n.a.;n.a.;n.a.;n.a.;False;False
112.0;144.0;4500.0;44834.1453243;359231.101792;België;n.a.;Vestas V112;n.a.;n.a.;land;51.21176217673326;3.8105286506072655;n.a.;n.a.;n.a.;n.a.;n.a.;n.a.;False;False
90.0;105.0;2000.0;34795.7672159;359309.075571;België;n.a.;V90;n.a.;n.a.;land;51.21042630639305;3.6668940226007765;n.a.;n.a.;n.a.;n.a.;n.a.;n.a.;False;False
92.0;116.0;2350.0;138119.74483;359341.891483;België;n.a.;n.a.;n.a.;n.a.;land;51.22319639847232;5.145565678159986;n.a.;n.a.;n.a.;n.a.;n.a.;n.a.;False;False
112.0;144.0;4500.0;44470.9622966;359346.613144;België;n.a.;Vestas V112;n.a.;n.a.;land;51.212729574036956;3.805296922795558;n.a.;n.a.;n.a.;n.a.;n.a.;n.a.;False;False
82.0;108.0;2200.0;25088.1148012;359362.979391;België;n.a.;n.a.;n.a.;n.a.;land;51.20877251235398;3.528009884744615;n.a.;n.a.;n.a.;n.a.;n.a.;n.a.;False;False
92.0;100.0;2000.0;28623.9356782;359391.858439;België;n.a.;Enercon E-92;n.a.;n.a.;land;51.209829971984966;3.5785771021550916;n.a.;n.a.;n.a.;n.a.;n.a.;n.a.;False;False
100.0;100.0;2200.0;26095.6993816;359497.152743;België;n.a.;n.a.;n.a.;n.a.;land;51.21020769667052;3.5423739772166183;n.a.;n.a.;n.a.;n.a.;n.a.;n.a.;False;False
92.0;100.0;2000.0;30073.102145;359511.754338;België;n.a.;Enercon E-92;n.a.;n.a.;land;51.21122796466683;3.5992651170539958;n.a.;n.a.;n.a.;n.a.;n.a.;n.a.;False;False
92.0;100.0;2000.0;29266.600426;359531.935462;België;n.a.;Enercon E-92;n.a.;n.a.;land;51.211231268460146;3.5877208559878837;n.a.;n.a.;n.a.;n.a.;n.a.;n.a.;False;False
82.0;108.0;2200.0;24605.6437502;359542.357579;België;n.a.;n.a.;n.a.;n.a.;land;51.21027361912651;3.521043050819591;n.a.;n.a.;n.a.;n.a.;n.a.;n.a.;False;False
92.0;116.0;2350.0;137938.890172;359610.873813;België;n.a.;n.a.;n.a.;n.a.;land;51.225608794692064;5.142963964586388;n.a.;n.a.;n.a.;n.a.;n.a.;n.a.;False;False
100.0;100.0;2200.0;25532.5231302;359682.511592;België;n.a.;n.a.;n.a.;n.a.;land;51.21174500435969;3.5342507257739046;n.a.;n.a.;n.a.;n.a.;n.a.;n.a.;False;False
92.0;116.0;2350.0;137690.377058;359756.770124;België;n.a.;n.a.;n.a.;n.a.;land;51.2269126908626;5.1393993543228556;n.a.;n.a.;n.a.;n.a.;n.a.;n.a.;False;False
82.0;108.0;2200.0;24083.1272722;359794.174399;België;n.a.;n.a.;n.a.;n.a.;land;51.2124159260264;3.51347632695141;n.a.;n.a.;n.a.;n.a.;n.a.;n.a.;False;False
100.0;100.0;2200.0;25191.3987883;359805.205003;België;n.a.;n.a.;n.a.;n.a.;land;51.21276950908608;3.5293262966921124;n.a.;n.a.;n.a.;n.a.;n.a.;n.a.;False;False
100.0;100.0;2200.0;24828.2341018;359923.197611;België;n.a.;n.a.;n.a.;n.a.;land;51.21374651461631;3.5240880659138107;n.a.;n.a.;n.a.;n.a.;n.a.;n.a.;False;False
70.0;98.0;2300.0;23527.2906062;359934.216079;België;n.a.;Enercon E70 E4;n.a.;n.a.;land;51.21354573870375;3.5054734464906816;n.a.;n.a.;n.a.;n.a.;n.a.;n.a.;False;False
70.0;98.0;2300.0;23208.2076924;360035.775726;België;n.a.;Enercon E70 E4;n.a.;n.a.;land;51.214384253581585;3.500871324376873;n.a.;n.a.;n.a.;n.a.;n.a.;n.a.;False;False
70.0;98.0;2300.0;22916.5028137;360155.8858;België;n.a.;Enercon E70 E4;n.a.;n.a.;land;51.2153956286471;3.4966538287476867;n.a.;n.a.;n.a.;n.a.;n.a.;n.a.;False;False
103.0;108.0;2350.0;65320.6949311;360206.896752;België;n.a.;E-103 EP2;n.a.;n.a.;land;51.224137335230076;4.1034047198984664;n.a.;n.a.;n.a.;n.a.;n.a.;n.a.;False;False
70.0;98.0;2300.0;22667.7224074;360229.244125;België;n.a.;Enercon E70 E4;n.a.;n.a.;land;51.21599680186924;3.4930675862580958;n.a.;n.a.;n.a.;n.a.;n.a.;n.a.;False;False
70.0;98.0;2300.0;21950.1862915;360484.901874;België;n.a.;Enercon E70 E4;n.a.;n.a.;land;51.21812611049755;3.4827071237298233;n.a.;n.a.;n.a.;n.a.;n.a.;n.a.;False;False
70.0;98.0;2300.0;21696.0236168;360547.196647;België;n.a.;Enercon E70 E4;n.a.;n.a.;land;51.21862618391355;3.4790476236457955;n.a.;n.a.;n.a.;n.a.;n.a.;n.a.;False;False
70.0;98.0;2300.0;21446.8445239;360604.507839;België;n.a.;Enercon E70 E4;n.a.;n.a.;land;51.21908253889333;3.4754612120420707;n.a.;n.a.;n.a.;n.a.;n.a.;n.a.;False;False
126.0;120.0;3450.0;21155.150963;360633.234111;België;n.a.;n.a.;n.a.;n.a.;land;51.21927193295461;3.471277209857025;n.a.;n.a.;n.a.;n.a.;n.a.;n.a.;False;False
103.0;108.0;2050.0;66983.6337381;360820.039724;België;n.a.;E-103 EP2;n.a.;n.a.;land;51.22990798185939;4.127053393205833;n.a.;n.a.;n.a.;n.a.;n.a.;n.a.;False;False
103.0;108.0;2050.0;66472.3082897;360850.428575;België;n.a.;E-103 EP2;n.a.;n.a.;land;51.230101546645436;4.119726796230917;n.a.;n.a.;n.a.;n.a.;n.a.;n.a.;False;False
104.0;118.0;3400.0;65983.9018196;360862.939313;België;n.a.;E-103 EP2;n.a.;n.a.;land;51.23013757454431;4.1127326684857;n.a.;n.a.;n.a.;n.a.;n.a.;n.a.;False;False
100.0;100.0;4000.0;145038.892584;360873.874843;België;n.a.;n.a.;n.a.;n.a.;land;51.23713050049958;5.244567472146764;n.a.;n.a.;n.a.;n.a.;n.a.;n.a.;False;False
103.0;108.0;2050.0;67749.9807876;360957.95842;België;n.a.;E-103 EP2;n.a.;n.a.;land;51.23126581003863;4.137989065470638;n.a.;n.a.;n.a.;n.a.;n.a.;n.a.;False;False
145.0;97.0;4000.0;155688.920798;360965.985939;België;n.a.;SG 5.0-145;n.a.;n.a.;land;51.238045294466694;5.397065005540174;n.a.;n.a.;n.a.;n.a.;n.a.;n.a.;False;False
145.0;97.0;4000.0;156137.220656;360999.899353;België;n.a.;SG 5.0-145;n.a.;n.a.;land;51.238349404204804;5.40348442883454;n.a.;n.a.;n.a.;n.a.;n.a.;n.a.;False;False
145.0;97.0;4000.0;155309.245393;361016.788382;België;n.a.;SG 5.0-145;n.a.;n.a.;land;51.23850228773863;5.391628387938472;n.a.;n.a.;n.a.;n.a.;n.a.;n.a.;False;False
92.0;108.0;2050.0;69058.7507868;361064.266279;België;n.a.;MM92;n.a.;n.a.;land;51.23242093792491;4.156697735286906;n.a.;n.a.;n.a.;n.a.;n.a.;n.a.;False;False
113.0;115.0;3200.0;70979.672397;361243.325511;België;n.a.;n.a.;n.a.;n.a.;land;51.23431786381135;4.184153338233525;n.a.;n.a.;n.a.;n.a.;n.a.;n.a.;False;False
100.0;100.0;4000.0;144933.832538;361251.808599;België;n.a.;n.a.;n.a.;n.a.;land;51.24052579623438;5.243052452637884;n.a.;n.a.;n.a.;n.a.;n.a.;n.a.;False;False
113.0;115.0;3200.0;70485.5668835;361277.400189;België;n.a.;n.a.;n.a.;n.a.;land;51.234550714663726;4.177071886883858;n.a.;n.a.;n.a.;n.a.;n.a.;n.a.;False;False
113.0;115.0;3200.0;70018.0957263;361279.206591;België;n.a.;n.a.;n.a.;n.a.;land;51.23449712471647;4.170379352112831;n.a.;n.a.;n.a.;n.a.;n.a.;n.a.;False;False
92.0;104.0;2200.0;21957.8042506;361282.020148;België;n.a.;n.a.;n.a.;n.a.;land;51.225289806353274;3.4825185799599283;n.a.;n.a.;n.a.;n.a.;n.a.;n.a.;False;False
113.0;115.0;3000.0;71631.1163733;361426.662258;België;n.a.;n.a.;n.a.;n.a.;land;51.23606163920197;4.1934362119270485;n.a.;n.a.;n.a.;n.a.;n.a.;n.a.;False;False
92.0;104.0;2200.0;21640.926618;361465.296159;België;n.a.;n.a.;n.a.;n.a.;land;51.22686212299852;3.4779158412409097;n.a.;n.a.;n.a.;n.a.;n.a.;n.a.;False;False
92.0;104.0;2200.0;21295.4771802;361558.843637;België;n.a.;n.a.;n.a.;n.a.;land;51.22762133843664;3.4729376031909824;n.a.;n.a.;n.a.;n.a.;n.a.;n.a.;False;False
113.0;115.0;3000.0;73161.3177227;361757.428354;België;n.a.;n.a.;n.a.;n.a.;land;51.23925710138167;4.215266856054159;n.a.;n.a.;n.a.;n.a.;n.a.;n.a.;False;False
100.0;100.0;2000.0;76365.5440504;361770.02163;België;n.a.;Senvion MM100;n.a.;n.a.;land;51.23982346779959;4.261140147296441;n.a.;n.a.;n.a.;n.a.;n.a.;n.a.;False;False
113.0;115.0;3000.0;73622.8120206;361827.247136;België;n.a.;n.a.;n.a.;n.a.;land;51.239950966427706;4.2218582175427875;n.a.;n.a.;n.a.;n.a.;n.a.;n.a.;False;False
100.0;100.0;2000.0;75962.1915106;361834.287443;België;n.a.;Senvion MM100;n.a.;n.a.;land;51.2403449941165;4.2553508660369825;n.a.;n.a.;n.a.;n.a.;n.a.;n.a.;False;False
100.0;100.0;2000.0;75699.2090371;361862.192336;België;n.a.;Senvion MM100;n.a.;n.a.;land;51.240559083989766;4.251579350469634;n.a.;n.a.;n.a.;n.a.;n.a.;n.a.;False;False
113.0;115.0;3000.0;74578.3397665;361911.635961;België;n.a.;n.a.;n.a.;n.a.;land;51.24084565707964;4.235519919710356;n.a.;n.a.;n.a.;n.a.;n.a.;n.a.;False;False
100.0;100.0;2000.0;75371.1151473;361915.465313;België;n.a.;Senvion MM100;n.a.;n.a.;land;51.24099190692447;4.246869875657705;n.a.;n.a.;n.a.;n.a.;n.a.;n.a.;False;False
113.0;115.0;3000.0;74152.7027873;361923.230921;België;n.a.;n.a.;n.a.;n.a.;land;51.24088936322511;4.229423120674466;n.a.;n.a.;n.a.;n.a.;n.a.;n.a.;False;False
140.0;130.0;4200.0;182477.589981;361947.049023;Nederland;n.a.;n.a.;Weert;Limburg;land;51.24619802316674;5.7807297500699475;BU09882403;GM0988;BU09882403;GM0988;BU09882403;GM0988;False;False
140.0;130.0;4200.0;182263.284195;362237.80133;Nederland;n.a.;n.a.;Weert;Limburg;land;51.24882182408996;5.777682847366947;BU09882403;GM0988;BU09882403;GM0988;BU09882403;GM0988;False;False
115.0;135.0;3000.0;85930.4464893;362304.880527;België;n.a.;E-115;n.a.;n.a.;land;51.24587579176208;4.397986856403875;n.a.;n.a.;n.a.;n.a.;n.a.;n.a.;False;False
115.0;135.0;3000.0;86432.0691628;362355.320604;België;n.a.;E-115;n.a.;n.a.;land;51.2463899929554;4.405160370367628;n.a.;n.a.;n.a.;n.a.;n.a.;n.a.;False;False
92.0;138.0;2350.0;86977.9556081;362406.910465;België;n.a.;E-92;n.a.;n.a.;land;51.24691939635779;4.412967699511287;n.a.;n.a.;n.a.;n.a.;n.a.;n.a.;False;False
115.0;92.0;3500.0;79462.9669873;362462.519257;België;n.a.;E-115 EP3 E3;n.a.;n.a.;land;51.24646815057719;4.305341243616231;n.a.;n.a.;n.a.;n.a.;n.a.;n.a.;False;False
115.0;135.0;3000.0;85549.4906682;362498.34708;België;n.a.;E-115;n.a.;n.a.;land;51.247568087599895;4.392493845961887;n.a.;n.a.;n.a.;n.a.;n.a.;n.a.;False;False
140.0;130.0;4200.0;181850.002896;362544.464192;Nederland;n.a.;n.a.;Weert;Limburg;land;51.25159802033736;5.771786837584278;BU09882403;GM0988;BU09882403;GM0988;BU09882403;GM0988;False;False
113.0;115.0;3000.0;73016.9495857;362657.743564;België;n.a.;n.a.;n.a.;n.a.;land;51.24732760128544;4.212992601558195;n.a.;n.a.;n.a.;n.a.;n.a.;n.a.;False;False
115.0;135.0;3000.0;86062.209116;362754.770129;België;n.a.;E-115;n.a.;n.a.;land;51.24993528521046;4.399786564608338;n.a.;n.a.;n.a.;n.a.;n.a.;n.a.;False;False
115.0;135.0;3000.0;85328.766167;362768.246778;België;n.a.;E-115;n.a.;n.a.;land;51.24996678328776;4.389280140478166;n.a.;n.a.;n.a.;n.a.;n.a.;n.a.;False;False
126.0;135.0;4000.0;86872.2310293;362794.549253;België;n.a.;E-126 EP3;n.a.;n.a.;land;51.250390690579714;4.4113794949921425;n.a.;n.a.;n.a.;n.a.;n.a.;n.a.;False;False
13.0;15.0;15.0;79976.3623673;362851.67782;België;n.a.;n.a.;n.a.;n.a.;land;51.250033845079756;4.312610958291147;n.a.;n.a.;n.a.;n.a.;n.a.;n.a.;False;False
113.0;115.0;3000.0;73457.9965801;362862.07042;België;n.a.;n.a.;n.a.;n.a.;land;51.2492275170679;4.219261469408623;n.a.;n.a.;n.a.;n.a.;n.a.;n.a.;False;False
115.0;93.0;3500.0;79464.4249291;362900.195537;België;n.a.;E-115 EP3 E3;n.a.;n.a.;land;51.25040194374741;4.305269242174464;n.a.;n.a.;n.a.;n.a.;n.a.;n.a.;False;False
113.0;115.0;3000.0;74773.9031587;362970.59618;België;n.a.;n.a.;n.a.;n.a.;land;51.25039053953764;4.238081313617555;n.a.;n.a.;n.a.;n.a.;n.a.;n.a.;False;False
126.0;135.0;4000.0;74360.3106833;363074.494795;België;n.a.;n.a.;n.a.;n.a.;land;51.2512656480834;4.232134818296615;n.a.;n.a.;n.a.;n.a.;n.a.;n.a.;False;False
126.0;135.0;4000.0;86651.1843116;363087.259731;België;n.a.;E-126 EP3;n.a.;n.a.;land;51.25299488667576;4.408157580352251;n.a.;n.a.;n.a.;n.a.;n.a.;n.a.;False;False
115.0;135.0;3000.0;85982.8051745;363237.103521;België;n.a.;E-115;n.a.;n.a.;land;51.2542606844571;4.398555864191478;n.a.;n.a.;n.a.;n.a.;n.a.;n.a.;False;False
115.0;135.0;3000.0;85461.3271166;363265.33164;België;n.a.;E-115;n.a.;n.a.;land;51.2544506815115;4.391081445415335;n.a.;n.a.;n.a.;n.a.;n.a.;n.a.;False;False
115.0;135.0;3000.0;84955.8991743;363387.143418;België;n.a.;E-115;n.a.;n.a.;land;51.255483277774715;4.383818427953975;n.a.;n.a.;n.a.;n.a.;n.a.;n.a.;False;False
113.0;115.0;3000.0;75130.0263392;363446.792984;België;n.a.;n.a.;n.a.;n.a.;land;51.25472053278735;4.243074403149802;n.a.;n.a.;n.a.;n.a.;n.a.;n.a.;False;False
113.0;115.0;3000.0;73903.0906187;363462.644648;België;n.a.;n.a.;n.a.;n.a.;land;51.2546888553475;4.225498517577157;n.a.;n.a.;n.a.;n.a.;n.a.;n.a.;False;False
70.0;57.0;2300.0;3579.80265388;363491.826447;België;n.a.;E-70;n.a.;n.a.;land;51.2405364124168;3.2186409713299247;n.a.;n.a.;n.a.;n.a.;n.a.;n.a.;False;False
126.0;135.0;4000.0;86826.066459;363607.576243;België;n.a.;E-126 EP3;n.a.;n.a.;land;51.25769238666243;4.410562595473344;n.a.;n.a.;n.a.;n.a.;n.a.;n.a.;False;False
115.0;135.0;3000.0;85556.1436305;363660.460077;België;n.a.;E-115;n.a.;n.a.;land;51.258013581931486;4.392362349468789;n.a.;n.a.;n.a.;n.a.;n.a.;n.a.;False;False
70.0;57.0;2300.0;3534.66247582;363839.667668;België;n.a.;E-70;n.a.;n.a.;land;51.24364921327837;3.2178469743318665;n.a.;n.a.;n.a.;n.a.;n.a.;n.a.;False;False
70.0;57.0;2300.0;3501.85652997;364098.302728;België;n.a.;E-70;n.a.;n.a.;land;51.245963913153126;3.2172673764772295;n.a.;n.a.;n.a.;n.a.;n.a.;n.a.;False;False
113.0;115.0;3000.0;74135.3917515;364108.72728;België;n.a.;n.a.;n.a.;n.a.;land;51.260528550217884;4.228678707466354;n.a.;n.a.;n.a.;n.a.;n.a.;n.a.;False;False
113.0;115.0;3000.0;75370.5150387;364283.714205;België;n.a.;n.a.;n.a.;n.a.;land;51.26227602954711;4.24633139700235;n.a.;n.a.;n.a.;n.a.;n.a.;n.a.;False;False
70.0;57.0;2300.0;2793.68054332;364356.563625;België;n.a.;n.a.;n.a.;n.a.;land;51.24809441270087;3.2070205871609203;n.a.;n.a.;n.a.;n.a.;n.a.;n.a.;False;False
70.0;57.0;2300.0;3463.02579674;364396.40027;België;n.a.;E-70;n.a.;n.a.;land;51.24863151407387;3.216584680290572;n.a.;n.a.;n.a.;n.a.;n.a.;n.a.;False;False
115.0;135.0;3200.0;85894.8427308;364557.280928;België;n.a.;E-115;n.a.;n.a.;land;51.26611529168461;4.397039561952527;n.a.;n.a.;n.a.;n.a.;n.a.;n.a.;False;False
126.0;135.0;4000.0;77754.2706737;364562.648734;België;n.a.;E-126 EP3;n.a.;n.a.;land;51.26511272644552;4.280417259181375;n.a.;n.a.;n.a.;n.a.;n.a.;n.a.;False;False
115.0;135.0;3000.0;84229.9963896;364635.797732;België;n.a.;E-115;n.a.;n.a.;land;51.26661557489746;4.373172994049732;n.a.;n.a.;n.a.;n.a.;n.a.;n.a.;False;False
70.0;57.0;2300.0;2764.13355375;364665.333396;België;n.a.;n.a.;n.a.;n.a.;land;51.25086031534976;3.2064655928012424;n.a.;n.a.;n.a.;n.a.;n.a.;n.a.;False;False
70.0;57.0;2300.0;1998.75396683;364728.946313;België;n.a.;E-70;n.a.;n.a.;land;51.25122581422211;3.1954820020409986;n.a.;n.a.;n.a.;n.a.;n.a.;n.a.;False;False
70.0;57.0;2300.0;2270.16708206;364745.86012;België;n.a.;E-70;n.a.;n.a.;land;51.25145091529543;3.1993599995875774;n.a.;n.a.;n.a.;n.a.;n.a.;n.a.;False;False
70.0;57.0;2300.0;3412.44791168;364786.660603;België;n.a.;E-70;n.a.;n.a.;land;51.2521239178532;3.2156944860119343;n.a.;n.a.;n.a.;n.a.;n.a.;n.a.;False;False
113.0;115.0;3000.0;76964.2374581;364931.002435;België;n.a.;SWT-3.0-113;n.a.;n.a.;land;51.268315055732394;4.269018806668934;n.a.;n.a.;n.a.;n.a.;n.a.;n.a.;False;False
115.0;135.0;3000.0;83964.4002735;364963.12832;België;n.a.;E-115;n.a.;n.a.;land;51.26952427346528;4.3693025837296045;n.a.;n.a.;n.a.;n.a.;n.a.;n.a.;False;False
115.0;115.0;3200.0;78191.0685566;364963.426012;België;n.a.;E-115;n.a.;n.a.;land;51.26877402799355;4.286588072492484;n.a.;n.a.;n.a.;n.a.;n.a.;n.a.;False;False
115.0;135.0;3200.0;85457.3582649;365056.321007;België;n.a.;E-115;n.a.;n.a.;land;51.27054699152254;4.390674447947245;n.a.;n.a.;n.a.;n.a.;n.a.;n.a.;False;False
70.0;57.0;2300.0;3374.05641513;365082.876541;België;n.a.;E-70;n.a.;n.a.;land;51.254774721075115;3.2150186906771503;n.a.;n.a.;n.a.;n.a.;n.a.;n.a.;False;False
70.0;57.0;2300.0;2716.99265274;365154.871555;België;n.a.;n.a.;n.a.;n.a.;land;51.255245421655765;3.2055813007088307;n.a.;n.a.;n.a.;n.a.;n.a.;n.a.;False;False
115.0;135.0;3000.0;83674.2556049;365212.564774;België;n.a.;E-115;n.a.;n.a.;land;51.27172967220783;4.3650955722664735;n.a.;n.a.;n.a.;n.a.;n.a.;n.a.;False;False
113.0;115.0;3000.0;76776.2964405;365243.000724;België;n.a.;SWT-3.0-113;n.a.;n.a.;land;51.271093192712264;4.266257631917586;n.a.;n.a.;n.a.;n.a.;n.a.;n.a.;False;False
70.0;57.0;2300.0;3345.62619246;365305.272905;België;n.a.;E-70;n.a.;n.a.;land;51.256765024079826;3.2145168945195413;n.a.;n.a.;n.a.;n.a.;n.a.;n.a.;False;False
115.0;115.0;3200.0;78767.7239767;365334.072352;België;n.a.;E-115;n.a.;n.a.;land;51.272183033647025;4.294770196304453;n.a.;n.a.;n.a.;n.a.;n.a.;n.a.;False;False
115.0;115.0;3200.0;78133.6772608;365378.2371;België;n.a.;E-115;n.a.;n.a.;land;51.27249432538469;4.2856761665470895;n.a.;n.a.;n.a.;n.a.;n.a.;n.a.;False;False
115.0;135.0;3000.0;72963.842619;365461.860225;België;n.a.;E-115 EP3 E3;n.a.;n.a.;land;51.27252115429235;4.21158548051218;n.a.;n.a.;n.a.;n.a.;n.a.;n.a.;False;False
115.0;135.0;3000.0;83415.395771;365485.645114;België;n.a.;E-115;n.a.;n.a.;land;51.274151370578046;4.3613316637733;n.a.;n.a.;n.a.;n.a.;n.a.;n.a.;False;False
80.0;78.0;2000.0;48433.714;365502.0829;Nederland;n.a.;n.a.;Terneuzen;Zeeland;land;51.268801415467046;3.8601506204967917;BU07151601;GM0715;BU07151601;GM0715;BU07151601;GM0715;False;False
80.0;78.0;2000.0;48820.715;365532.0816;Nederland;n.a.;n.a.;Terneuzen;Zeeland;land;51.26914361540287;3.8656853627446477;BU07151601;GM0715;BU07151601;GM0715;BU07151601;GM0715;False;False
70.0;57.0;2300.0;3315.99601847;365533.237539;België;n.a.;E-70;n.a.;n.a.;land;51.25880502561074;3.2139954986466264;n.a.;n.a.;n.a.;n.a.;n.a.;n.a.;False;False
80.0;78.0;2000.0;49192.7162;365588.0804;Nederland;n.a.;n.a.;Terneuzen;Zeeland;land;51.26971639489211;3.8709975810940134;BU07151601;GM0715;BU07151601;GM0715;BU07151601;GM0715;False;False
70.0;57.0;2300.0;2634.29100277;365694.564173;België;n.a.;n.a.;n.a.;n.a.;land;51.26007152588125;3.204166207953151;n.a.;n.a.;n.a.;n.a.;n.a.;n.a.;False;False
80.0;78.0;2000.0;47939.7134;365700.0846;Nederland;n.a.;n.a.;Terneuzen;Zeeland;land;51.270487598463504;3.8530145875924475;BU07151601;GM0715;BU07151601;GM0715;BU07151601;GM0715;False;False
113.0;115.0;3000.0;76350.784082;365724.223084;België;n.a.;SWT-3.0-113;n.a.;n.a.;land;51.27535921967867;4.260054712157927;n.a.;n.a.;n.a.;n.a.;n.a.;n.a.;False;False
126.0;125.0;4000.0;81446.2783938;365734.102658;België;n.a.;n.a.;n.a.;n.a.;land;51.27613225448779;4.333065589675058;n.a.;n.a.;n.a.;n.a.;n.a.;n.a.;False;False
115.0;135.0;3000.0;83061.9149219;365748.069104;België;n.a.;E-115;n.a.;n.a.;land;51.27646516831485;4.356213648747535;n.a.;n.a.;n.a.;n.a.;n.a.;n.a.;False;False
136.0;132.0;4200.0;197562.136162;365759.486091;Nederland;n.a.;n.a.;Leudal;Limburg;land;51.27953371564953;5.997214977528105;BU16400301;GM1640;BU16400301;GM1640;BU16400301;GM1640;False;False
70.0;57.0;2300.0;3284.47932694;365789.198668;België;n.a.;E-70;n.a.;n.a.;land;51.261096027782976;3.2134351039510847;n.a.;n.a.;n.a.;n.a.;n.a.;n.a.;False;False
113.0;115.0;3000.0;77114.6570656;365811.802007;België;n.a.;SWT-3.0-113;n.a.;n.a.;land;51.27625181805324;4.270980834326568;n.a.;n.a.;n.a.;n.a.;n.a.;n.a.;False;False
115.0;133.0;3000.0;74876.6629433;365855.03053;België;n.a.;E115;n.a.;n.a.;land;51.27632833117162;4.238903143627922;n.a.;n.a.;n.a.;n.a.;n.a.;n.a.;False;False
113.0;115.0;3000.0;75578.9922292;365863.391593;België;n.a.;n.a.;n.a.;n.a.;land;51.27650233768443;4.24896489733343;n.a.;n.a.;n.a.;n.a.;n.a.;n.a.;False;False
80.0;78.0;2000.0;48623.7158;365916.0824;Nederland;n.a.;n.a.;Terneuzen;Zeeland;land;51.27255737892913;3.862748485479331;BU07151601;GM0715;BU07151601;GM0715;BU07151601;GM0715;False;False
70.0;57.0;2300.0;2608.99068757;365958.704678;België;n.a.;n.a.;n.a.;n.a.;land;51.26243762711475;3.2036908107620943;n.a.;n.a.;n.a.;n.a.;n.a.;n.a.;False;False
126.0;135.0;4000.0;73208.959439;366013.094107;België;n.a.;E-126 EP3;n.a.;n.a.;land;51.277510646061224;4.214970580530739;n.a.;n.a.;n.a.;n.a.;n.a.;n.a.;False;False
70.0;57.0;2300.0;3250.68931449;366049.357669;België;n.a.;E-70;n.a.;n.a.;land;51.26342412930835;3.2128403096295304;n.a.;n.a.;n.a.;n.a.;n.a.;n.a.;False;False
136.0;132.0;4200.0;196896.029016;366105.762477;Nederland;n.a.;n.a.;Leudal;Limburg;land;51.28269583107694;5.987709453396895;BU16400301;GM1640;BU16400301;GM1640;BU16400301;GM1640;False;False
115.0;133.0;3000.0;74359.9007222;366141.257117;België;n.a.;E115;n.a.;n.a.;land;51.27882743010395;4.231433590641936;n.a.;n.a.;n.a.;n.a.;n.a.;n.a.;False;False
113.0;115.0;3000.0;76988.6674388;366221.245086;België;n.a.;SWT-3.0-113;n.a.;n.a.;land;51.279914303772934;4.269085660449104;n.a.;n.a.;n.a.;n.a.;n.a.;n.a.;False;False
70.0;57.0;2300.0;2581.59864188;366246.874288;België;n.a.;n.a.;n.a.;n.a.;land;51.26501902836536;3.2031751122315844;n.a.;n.a.;n.a.;n.a.;n.a.;n.a.;False;False
115.0;120.0;3200.0;75396.7210574;366304.855716;België;n.a.;E115 E2;n.a.;n.a.;land;51.28044433818955;4.246254262599861;n.a.;n.a.;n.a.;n.a.;n.a.;n.a.;False;False
70.0;57.0;2300.0;3218.01346057;366308.09242;België;n.a.;E-70;n.a.;n.a.;land;51.26573973035241;3.2122620158194772;n.a.;n.a.;n.a.;n.a.;n.a.;n.a.;False;False
136.0;132.0;4200.0;196420.078482;366349.945367;Nederland;n.a.;n.a.;Leudal;Limburg;land;51.28492564259849;5.980916331380638;BU16400301;GM1640;BU16400301;GM1640;BU16400301;GM1640;False;False
113.0;115.0;3000.0;76578.0446966;366371.989207;België;n.a.;SWT-3.0-113;n.a.;n.a.;land;51.28121241440345;4.263168126965525;n.a.;n.a.;n.a.;n.a.;n.a.;n.a.;False;False
80.0;78.0;2000.0;48817.3071;366497.8367;Nederland;n.a.;n.a.;Terneuzen;Zeeland;land;51.2778214341146;3.8653480860183156;BU07151601;GM0715;BU07151601;GM0715;BU07151601;GM0715;False;False
126.0;135.0;4000.0;81149.6491614;366507.27247;België;n.a.;E-126 EP3;n.a.;n.a.;land;51.28304254809496;4.328654473174937;n.a.;n.a.;n.a.;n.a.;n.a.;n.a.;False;False
115.0;135.0;3000.0;73688.5888475;366611.393583;België;n.a.;E-115 EP3 E3;n.a.;n.a.;land;51.28295673315652;4.221706385505985;n.a.;n.a.;n.a.;n.a.;n.a.;n.a.;False;False
14.0;15.0;25.0;55418.5311279;366627.603088;Nederland;n.a.;n.a.;Terneuzen;Zeeland;land;51.280186064041864;3.9598942722749664;BU07150201;GM0715;BU07150201;GM0715;BU07150201;GM0715;False;False
80.0;78.0;2000.0;48595.718;366636.0826;Nederland;n.a.;n.a.;Terneuzen;Zeeland;land;51.27902217217943;3.8621318620250658;BU07152203;GM0715;BU07152203;GM0715;BU07152203;GM0715;False;False
115.0;133.0;3000.0;74878.3351559;366639.298233;België;n.a.;E115;n.a.;n.a.;land;51.283377008317395;4.238750292549023;n.a.;n.a.;n.a.;n.a.;n.a.;n.a.;False;False
113.0;115.0;3000.0;77897.8109342;366654.382562;België;n.a.;SWT-3.0-113;n.a.;n.a.;land;51.28393151531606;4.282019864910271;n.a.;n.a.;n.a.;n.a.;n.a.;n.a.;False;False
82.0;140.0;2350.0;82418.4847709;366708.668414;België;n.a.;Enercon E82/2350;n.a.;n.a.;land;51.285016561464005;4.346797519937236;n.a.;n.a.;n.a.;n.a.;n.a.;n.a.;False;False
82.0;107.0;2200.0;123049.3725;366724.27608;België;n.a.;E-82 E2;n.a.;n.a.;land;51.288905051560135;4.9291812171410845;n.a.;n.a.;n.a.;n.a.;n.a.;n.a.;False;False
82.0;107.0;2200.0;122298.816163;366758.299112;België;n.a.;E-82 E2;n.a.;n.a.;land;51.28916804680662;4.918419036831278;n.a.;n.a.;n.a.;n.a.;n.a.;n.a.;False;False
82.0;107.0;2200.0;121831.929722;366758.803635;België;n.a.;E-82 E2;n.a.;n.a.;land;51.28914544282694;4.911726248249026;n.a.;n.a.;n.a.;n.a.;n.a.;n.a.;False;False
82.0;140.0;2350.0;83239.4673401;366904.909433;België;n.a.;Enercon E82/2350;n.a.;n.a.;land;51.28688487053961;4.358524253613228;n.a.;n.a.;n.a.;n.a.;n.a.;n.a.;False;False
113.0;115.0;3000.0;77566.0490004;366909.661564;België;n.a.;SWT-3.0-113;n.a.;n.a.;land;51.28618056174704;4.277209608758786;n.a.;n.a.;n.a.;n.a.;n.a.;n.a.;False;False
80.0;78.0;2000.0;47912.8327;366944.9972;Nederland;n.a.;n.a.;Terneuzen;Zeeland;land;51.28166948330082;3.8522544591460566;BU07152203;GM0715;BU07152203;GM0715;BU07152203;GM0715;False;False
82.0;140.0;2350.0;82866.9809214;366985.209103;België;n.a.;Enercon E82/2350;n.a.;n.a.;land;51.28755926615553;4.353169237996051;n.a.;n.a.;n.a.;n.a.;n.a.;n.a.;False;False
80.0;78.0;2000.0;48723.7197;367069.0822;Nederland;n.a.;n.a.;Terneuzen;Zeeland;land;51.282937205503835;3.8638363706978276;BU07152203;GM0715;BU07152203;GM0715;BU07152203;GM0715;False;False
82.0;107.0;2200.0;122647.893985;367112.947948;België;n.a.;E-82 E2;n.a.;n.a.;land;51.29237584940486;4.923390718704158;n.a.;n.a.;n.a.;n.a.;n.a.;n.a.;False;False
136.0;112.0;4500.0;134284.287595;367113.563084;België;n.a.;n.a.;n.a.;n.a.;land;51.29292632381613;5.090210845780205;n.a.;n.a.;n.a.;n.a.;n.a.;n.a.;False;False
82.0;107.0;2200.0;123328.493927;367144.504654;België;n.a.;E-82 E2;n.a.;n.a.;land;51.292697954094336;4.933144898848255;n.a.;n.a.;n.a.;n.a.;n.a.;n.a.;False;False
80.0;78.0;2000.0;47742.1711;367153.5165;Nederland;n.a.;n.a.;Terneuzen;Zeeland;land;51.28351098566856;3.849746156006127;BU07152203;GM0715;BU07152203;GM0715;BU07152203;GM0715;False;False
136.0;112.0;4500.0;133896.364587;367154.449222;België;n.a.;n.a.;n.a.;n.a.;land;51.293279519758144;5.084647055872645;n.a.;n.a.;n.a.;n.a.;n.a.;n.a.;False;False
113.0;115.0;3000.0;77115.3106927;367175.259937;België;n.a.;SWT-3.0-113;n.a.;n.a.;land;51.28850580662699;4.270691352704075;n.a.;n.a.;n.a.;n.a.;n.a.;n.a.;False;False
136.0;112.0;4500.0;133525.654368;367208.331093;België;n.a.;n.a.;n.a.;n.a.;land;51.29374991683716;5.079329165804855;n.a.;n.a.;n.a.;n.a.;n.a.;n.a.;False;False
136.0;112.0;4500.0;133112.884857;367258.982877;België;n.a.;n.a.;n.a.;n.a.;land;51.29418941356855;5.073408376772543;n.a.;n.a.;n.a.;n.a.;n.a.;n.a.;False;False
136.0;112.0;4500.0;132722.139932;367315.1789;België;n.a.;n.a.;n.a.;n.a.;land;51.2946793101945;5.067802887052921;n.a.;n.a.;n.a.;n.a.;n.a.;n.a.;False;False
136.0;112.0;4500.0;132255.822159;367361.940564;België;n.a.;n.a.;n.a.;n.a.;land;51.29508110674411;5.061114401731245;n.a.;n.a.;n.a.;n.a.;n.a.;n.a.;False;False
115.0;135.0;3000.0;82779.8637607;367387.386901;België;n.a.;Enercon E115/3000;n.a.;n.a.;land;51.29116276412837;4.351838834950346;n.a.;n.a.;n.a.;n.a.;n.a.;n.a.;False;False
80.0;78.0;2000.0;49144.722;367448.0808;Nederland;n.a.;n.a.;Terneuzen;Zeeland;land;51.286421772815466;3.869756086075616;BU07152203;GM0715;BU07152203;GM0715;BU07152203;GM0715;False;False
80.0;78.0;2000.0;47612.7183;367460.086;Nederland;n.a.;n.a.;Terneuzen;Zeeland;land;51.28624133658057;3.8477985299344586;BU07152203;GM0715;BU07152203;GM0715;BU07152203;GM0715;False;False
80.0;78.0;2000.0;48384.7202;367477.0834;Nederland;n.a.;n.a.;Terneuzen;Zeeland;land;51.286539883308556;3.8588563607039865;BU07152203;GM0715;BU07152203;GM0715;BU07152203;GM0715;False;False
82.0;107.0;2200.0;123003.925698;367523.124815;België;n.a.;E-82 E2;n.a.;n.a.;land;51.29608294777187;4.928457792347236;n.a.;n.a.;n.a.;n.a.;n.a.;n.a.;False;False
82.0;107.0;2300.0;134051.044183;367523.132566;België;n.a.;E-82 E2;n.a.;n.a.;land;51.29659922315642;5.0868428572014714;n.a.;n.a.;n.a.;n.a.;n.a.;n.a.;False;False
82.0;107.0;2300.0;134990.107134;367554.334777;België;n.a.;E-82 E2;n.a.;n.a.;land;51.2969136310822;5.100304834238693;n.a.;n.a.;n.a.;n.a.;n.a.;n.a.;False;False
82.0;107.0;2300.0;133665.924885;367592.738993;België;n.a.;E-82 E2;n.a.;n.a.;land;51.297210519657106;5.0813170680282305;n.a.;n.a.;n.a.;n.a.;n.a.;n.a.;False;False
82.0;107.0;2200.0;123696.646441;367602.415085;België;n.a.;E-82 E2;n.a.;n.a.;land;51.29683435218847;4.938382370034431;n.a.;n.a.;n.a.;n.a.;n.a.;n.a.;False;False
82.0;107.0;2300.0;131314.063567;367619.631111;België;n.a.;E-82 E2;n.a.;n.a.;land;51.297358800105194;5.047595333513332;n.a.;n.a.;n.a.;n.a.;n.a.;n.a.;False;False
115.0;135.0;3000.0;82381.9116416;367688.144231;België;n.a.;Enercon E115/3000;n.a.;n.a.;land;51.29381495881421;4.346073114527154;n.a.;n.a.;n.a.;n.a.;n.a.;n.a.;False;False
82.0;107.0;2300.0;133069.023555;367700.64037;België;n.a.;E-82 E2;n.a.;n.a.;land;51.29815761505676;5.0727522853899485;n.a.;n.a.;n.a.;n.a.;n.a.;n.a.;False;False
82.0;107.0;2300.0;131809.620784;367708.699651;België;n.a.;E-82 E2;n.a.;n.a.;land;51.29817990536238;5.054694620832303;n.a.;n.a.;n.a.;n.a.;n.a.;n.a.;False;False
80.0;78.0;2000.0;47043.924;367727.993;Nederland;n.a.;n.a.;Terneuzen;Zeeland;land;51.2885406755374;3.839566239634941;BU07151601;GM0715;BU07151601;GM0715;BU07151601;GM0715;False;False
80.0;78.0;2000.0;49003.7225;367736.0813;Nederland;n.a.;n.a.;Terneuzen;Zeeland;land;51.28898343767122;3.867649588204122;BU07152203;GM0715;BU07152203;GM0715;BU07152203;GM0715;False;False
82.0;107.0;2300.0;132665.397288;367736.37049;België;n.a.;E-82 E2;n.a.;n.a.;land;51.29846301152694;5.066962897058064;n.a.;n.a.;n.a.;n.a.;n.a.;n.a.;False;False
82.0;107.0;2200.0;122062.974862;367743.775631;België;n.a.;E-82 E2;n.a.;n.a.;land;51.29801233895051;4.914946907849653;n.a.;n.a.;n.a.;n.a.;n.a.;n.a.;False;False
82.0;107.0;2300.0;132190.840652;367749.031379;België;n.a.;E-82 E2;n.a.;n.a.;land;51.29855790833612;5.060157911238455;n.a.;n.a.;n.a.;n.a.;n.a.;n.a.;False;False
80.0;78.0;2000.0;47547.7036;367795.7946;Nederland;n.a.;n.a.;Terneuzen;Zeeland;land;51.2892457271727;3.8467653169000475;BU07152203;GM0715;BU07152203;GM0715;BU07152203;GM0715;False;False
82.0;107.0;2200.0;122536.892871;367803.623725;België;n.a.;E-82 E2;n.a.;n.a.;land;51.298577641831564;4.921736293527932;n.a.;n.a.;n.a.;n.a.;n.a.;n.a.;False;False
82.0;107.0;2200.0;124015.219893;367820.13557;België;n.a.;E-82 E2;n.a.;n.a.;land;51.298808852591705;4.942930853700324;n.a.;n.a.;n.a.;n.a.;n.a.;n.a.;False;False
80.0;78.0;2000.0;48003.7204;367828.0847;Nederland;n.a.;n.a.;Terneuzen;Zeeland;land;51.28962220374534;3.8532908131648114;BU07152203;GM0715;BU07152203;GM0715;BU07152203;GM0715;False;False
82.0;107.0;2200.0;122923.691589;367848.544064;België;n.a.;E-82 E2;n.a.;n.a.;land;51.299003444504926;4.927278081279178;n.a.;n.a.;n.a.;n.a.;n.a.;n.a.;False;False
80.0;78.0;2000.0;47374.7194;367971.0869;Nederland;n.a.;n.a.;Terneuzen;Zeeland;land;51.290788085314894;3.8442331571633517;BU07151601;GM0715;BU07151601;GM0715;BU07151601;GM0715;False;False
80.0;78.0;2000.0;48802.7228;367982.0821;Nederland;n.a.;n.a.;Terneuzen;Zeeland;land;51.29115640096892;3.8646954951445363;BU07152203;GM0715;BU07152203;GM0715;BU07152203;GM0715;False;False
82.0;98.0;2300.0;194430.0482;367982.8768;Nederland;n.a.;n.a.;Leudal;Limburg;land;51.29974512195846;5.952573934040084;BU16400301;GM1640;BU16400301;GM1640;BU16400301;GM1640;False;False
82.0;98.0;2300.0;194063.0922;368140.9201;Nederland;n.a.;n.a.;Leudal;Limburg;land;51.30119111915607;5.947329919605296;BU16400301;GM1640;BU16400301;GM1640;BU16400301;GM1640;False;False
82.0;107.0;2200.0;122525.478162;368142.896746;België;n.a.;E-82 E2;n.a.;n.a.;land;51.301626543450226;4.921541603376736;n.a.;n.a.;n.a.;n.a.;n.a.;n.a.;False;False
80.0;78.0;2000.0;48503.7227;368147.0831;Nederland;n.a.;n.a.;Terneuzen;Zeeland;land;51.292582993619476;3.86036082700996;BU07152203;GM0715;BU07152203;GM0715;BU07152203;GM0715;False;False
80.0;78.0;2000.0;47734.721;368202.0857;Nederland;n.a.;n.a.;Terneuzen;Zeeland;land;51.292932153047644;3.849322778153816;BU07152203;GM0715;BU07152203;GM0715;BU07152203;GM0715;False;False
80.0;78.0;2000.0;48128.193;368245.3302;Nederland;n.a.;n.a.;Terneuzen;Zeeland;land;51.293395129004104;3.8549491096337056;BU07152203;GM0715;BU07152203;GM0715;BU07152203;GM0715;False;False
92.0;98.0;2350.0;193302.4401;368467.6087;Nederland;n.a.;n.a.;Leudal;Limburg;land;51.30417951133256;5.936458602394607;BU16400301;GM1640;BU16400301;GM1640;BU16400301;GM1640;False;False
82.0;98.0;2300.0;192936.0615;368625.9152;Nederland;n.a.;n.a.;Leudal;Limburg;land;51.305627110812296;5.931221876098754;BU16400301;GM1640;BU16400301;GM1640;BU16400301;GM1640;False;False
82.0;98.0;2300.0;192568.0842;368783.9466;Nederland;n.a.;n.a.;Leudal;Limburg;land;51.307072108534;5.925961862634284;BU16400301;GM1640;BU16400301;GM1640;BU16400301;GM1640;False;False
149.0;135.0;4500.0;186259.550511;368789.01262;Nederland;n.a.;n.a.;Nederweert;Limburg;land;51.30750126731325;5.835494939078946;BU09460305;GM0946;BU09460305;GM0946;BU09460305;GM0946;False;False
117.0;150.0;4000.0;4759.42252411;368968.993925;België;n.a.;n.a.;n.a.;n.a.;land;51.290054855281106;3.2332097626991496;n.a.;n.a.;n.a.;n.a.;n.a.;n.a.;False;False
149.0;125.0;4500.0;191939.584501;369047.795354;Nederland;n.a.;n.a.;Leudal;Limburg;land;51.30948506630273;5.916976436690096;BU16400101;GM1640;BU16400101;GM1640;BU16400101;GM1640;False;False
149.0;135.0;4500.0;186845.183232;369112.707796;Nederland;n.a.;n.a.;Nederweert;Limburg;land;51.310378151408514;5.843922334184361;BU09460305;GM0946;BU09460305;GM0946;BU09460305;GM0946;False;False
117.0;150.0;4000.0;4650.79280405;369198.469891;België;n.a.;n.a.;n.a.;n.a.;land;51.29208755660435;3.231556257178778;n.a.;n.a.;n.a.;n.a.;n.a.;n.a.;False;False
138.0;131.0;4200.0;193805.895906;369198.515891;Nederland;n.a.;n.a.;Peel en Maas;Limburg;land;51.31071490026479;5.943757811712872;BU18940105;GM1894;BU18941002;GM1894;BU18941002;GM1894;True;False
149.0;125.0;4500.0;191439.611269;369273.234078;Nederland;n.a.;n.a.;Leudal;Limburg;land;51.31154382282924;5.909829425072418;BU16400101;GM1640;BU16400101;GM1640;BU16400101;GM1640;False;False
117.0;150.0;4000.0;4542.33872747;369427.397921;België;n.a.;n.a.;n.a.;n.a.;land;51.294115357064506;3.2299053520104266;n.a.;n.a.;n.a.;n.a.;n.a.;n.a.;False;False
149.0;135.0;4500.0;187421.587801;369444.921267;Nederland;n.a.;n.a.;Nederweert;Limburg;land;51.313331519358044;5.85221921385041;BU09460305;GM0946;BU09460305;GM0946;BU09460305;GM0946;False;False
138.0;131.0;4200.0;193239.02498;369453.508589;Nederland;n.a.;n.a.;Peel en Maas;Limburg;land;51.313045467094575;5.93565555332559;BU18940105;GM1894;BU18940106;GM1894;BU18940106;GM1894;True;False
117.0;150.0;4000.0;4434.22576031;369655.706339;België;n.a.;n.a.;n.a.;n.a.;land;51.296137657575656;3.228259451346948;n.a.;n.a.;n.a.;n.a.;n.a.;n.a.;False;False
104.0;135.0;3400.0;80201.7882948;369657.948421;België;n.a.;Senvion 3.4M 104;n.a.;n.a.;land;51.31123481631816;4.3144067019245735;n.a.;n.a.;n.a.;n.a.;n.a.;n.a.;False;False
117.0;117.0;3600.0;6298.39049637;369669.044956;België;n.a.;n.a.;n.a.;n.a.;land;51.29674996967679;3.2549661656592948;n.a.;n.a.;n.a.;n.a.;n.a.;n.a.;False;False
138.0;131.0;4200.0;192606.338819;369738.92843;Nederland;n.a.;n.a.;Peel en Maas;Limburg;land;51.31565334062827;5.926611710103738;BU18940106;GM1894;BU18940106;GM1894;BU18940106;GM1894;False;False
149.0;135.0;4500.0;188007.481713;369767.674704;Nederland;n.a.;n.a.;Nederweert;Limburg;land;51.31619870878533;5.860652391363688;BU09460305;GM0946;BU09460305;GM0946;BU09460305;GM0946;False;False
82.0;100.0;2350.0;81822.7252741;369865.402484;België;n.a.;Enercon E82/2350;n.a.;n.a.;land;51.313311148934936;4.337608466687844;n.a.;n.a.;n.a.;n.a.;n.a.;n.a.;False;False
117.0;150.0;4000.0;4326.20725132;369884.259544;België;n.a.;n.a.;n.a.;n.a.;land;51.2981621581053;3.2266146530432103;n.a.;n.a.;n.a.;n.a.;n.a.;n.a.;False;False
117.0;117.0;3600.0;5931.66633116;369939.657585;België;n.a.;n.a.;n.a.;n.a.;land;51.299084669429966;3.2495975638247425;n.a.;n.a.;n.a.;n.a.;n.a.;n.a.;False;False
138.0;131.0;4200.0;192034.176216;369995.244047;Nederland;n.a.;n.a.;Peel en Maas;Limburg;land;51.31799495340634;5.918431934894078;BU18940107;GM1894;BU18941104;GM1894;BU18941104;GM1894;True;False
115.0;135.0;3000.0;80594.6069985;370064.496872;België;n.a.;Enercon E115/3000;n.a.;n.a.;land;51.314940423394034;4.31995451561051;n.a.;n.a.;n.a.;n.a.;n.a.;n.a.;False;False
117.0;150.0;4000.0;4217.57081997;370113.512771;België;n.a.;n.a.;n.a.;n.a.;land;51.30019275924902;3.224960554633257;n.a.;n.a.;n.a.;n.a.;n.a.;n.a.;False;False
82.0;100.0;2350.0;82366.7669607;370119.448673;België;n.a.;Enercon E82/2350;n.a.;n.a.;land;51.31566446077852;4.345358491496507;n.a.;n.a.;n.a.;n.a.;n.a.;n.a.;False;False
117.0;117.0;3600.0;5313.87734534;370144.712566;België;n.a.;n.a.;n.a.;n.a.;land;51.30076386803728;3.24065806259071;n.a.;n.a.;n.a.;n.a.;n.a.;n.a.;False;False
115.0;135.0;3000.0;81163.1391725;370267.152979;België;n.a.;Enercon E115/3000;n.a.;n.a.;land;51.316836235266805;4.328065840378424;n.a.;n.a.;n.a.;n.a.;n.a.;n.a.;False;False
117.0;117.0;3600.0;5729.14784182;370299.158981;België;n.a.;n.a.;n.a.;n.a.;land;51.302260971015386;3.246544268368177;n.a.;n.a.;n.a.;n.a.;n.a.;n.a.;False;False
117.0;150.0;4000.0;4109.11943722;370342.073105;België;n.a.;n.a.;n.a.;n.a.;land;51.30221715958866;3.223309255617727;n.a.;n.a.;n.a.;n.a.;n.a.;n.a.;False;False
138.0;131.0;4200.0;191181.22399;370378.229188;Nederland;n.a.;n.a.;Peel en Maas;Limburg;land;51.321492581819605;5.906236455276407;BU18940107;GM1894;BU18941104;GM1894;BU18941104;GM1894;True;False
100.0;100.0;2000.0;137584.841558;370483.27043;Nederland;n.a.;n.a.;Reusel-De Mierden;Noord-Brabant;land;51.32332655368437;5.137363282045143;BU16670009;GM1667;BU16670009;GM1667;BU16670009;GM1667;False;False
115.0;135.0;3000.0;82112.9134613;370484.157053;België;n.a.;Enercon E115/3000;n.a.;n.a.;land;51.31890965773134;4.3416428833747025;n.a.;n.a.;n.a.;n.a.;n.a.;n.a.;False;False
117.0;150.0;4000.0;4001.62809843;370570.897072;België;n.a.;n.a.;n.a.;n.a.;land;51.30424416046922;3.221671457117057;n.a.;n.a.;n.a.;n.a.;n.a.;n.a.;False;False
117.0;150.0;4000.0;3892.76448453;370799.219028;België;n.a.;n.a.;n.a.;n.a.;land;51.30626626045533;3.2200140580098013;n.a.;n.a.;n.a.;n.a.;n.a.;n.a.;False;False
117.0;117.0;3600.0;4964.86908356;370881.114771;België;n.a.;N117;n.a.;n.a.;land;51.3072870687329;3.235345270505481;n.a.;n.a.;n.a.;n.a.;n.a.;n.a.;False;False
70.0;57.0;2050.0;1585.67613386;370889.134702;België;n.a.;n.a.;n.a.;n.a.;land;51.30645364467916;3.1869098318841957;n.a.;n.a.;n.a.;n.a.;n.a.;n.a.;False;False
100.0;100.0;2000.0;137560.60827;370961.260512;Nederland;n.a.;n.a.;Reusel-De Mierden;Noord-Brabant;land;51.32762229945399;5.136992136347951;BU16670009;GM1667;BU16670009;GM1667;BU16670009;GM1667;False;False
117.0;150.0;4000.0;3784.61970797;371027.900813;België;n.a.;n.a.;n.a.;n.a.;land;51.308291760970185;3.2183666605161494;n.a.;n.a.;n.a.;n.a.;n.a.;n.a.;False;False
117.0;117.0;3600.0;5237.02761889;371161.130021;België;n.a.;N117;n.a.;n.a.;land;51.309874671717125;3.2391278838380373;n.a.;n.a.;n.a.;n.a.;n.a.;n.a.;False;False
117.0;117.0;3600.0;4798.91542475;371230.606975;België;n.a.;N117;n.a.;n.a.;land;51.310382769380766;3.2328187806766295;n.a.;n.a.;n.a.;n.a.;n.a.;n.a.;False;False
13.0;15.0;4.0;83613.0754419;371254.004085;België;n.a.;n.a.;n.a.;n.a.;land;51.326019901919494;4.363004275502668;n.a.;n.a.;n.a.;n.a.;n.a.;n.a.;False;False
117.0;150.0;4000.0;3675.98031041;371256.254931;België;n.a.;n.a.;n.a.;n.a.;land;51.31031416106531;3.2167121664834797;n.a.;n.a.;n.a.;n.a.;n.a.;n.a.;False;False
138.0;130.0;4200.0;136759.611773;371320.934179;België;n.a.;E-138 EP3 E2;n.a.;n.a.;land;51.330830041356485;5.125481603851694;n.a.;n.a.;n.a.;n.a.;n.a.;n.a.;False;False
100.0;100.0;2000.0;137537.422997;371437.162074;Nederland;n.a.;n.a.;Reusel-De Mierden;Noord-Brabant;land;51.33189930266591;5.136636060305094;BU16670009;GM1667;BU16670009;GM1667;BU16670009;GM1667;False;False
70.0;57.0;2050.0;1597.2044444;371499.882475;België;n.a.;n.a.;n.a.;n.a.;land;51.31194334711029;3.1868110441639566;n.a.;n.a.;n.a.;n.a.;n.a.;n.a.;False;False
117.0;117.0;3600.0;5036.70302648;371516.579835;België;n.a.;N117;n.a.;n.a.;land;51.313014872075726;3.2361062948510977;n.a.;n.a.;n.a.;n.a.;n.a.;n.a.;False;False
100.0;100.0;2000.0;137516.462836;371916.131825;Nederland;n.a.;n.a.;Reusel-De Mierden;Noord-Brabant;land;51.336203950733605;5.136311695523239;BU16670009;GM1667;BU16670009;GM1667;BU16670009;GM1667;False;False
138.0;130.0;4200.0;136753.429181;372049.841801;België;n.a.;E-138 EP3 E2;n.a.;n.a.;land;51.337381739022966;5.12535538439695;n.a.;n.a.;n.a.;n.a.;n.a.;n.a.;False;False
117.0;117.0;3600.0;3169.52238675;372062.366014;België;n.a.;N117;n.a.;n.a.;land;51.317420259507564;3.209107883434664;n.a.;n.a.;n.a.;n.a.;n.a.;n.a.;False;False
90.0;105.0;3000.0;4643.76381794;372226.265454;België;n.a.;V90 3.0;n.a.;n.a.;land;51.3192861720064;3.2301729143337843;n.a.;n.a.;n.a.;n.a.;n.a.;n.a.;False;False
70.0;57.0;2050.0;1424.43662438;372363.026733;België;n.a.;n.a.;n.a.;n.a.;land;51.319650445717784;3.183960962430531;n.a.;n.a.;n.a.;n.a.;n.a.;n.a.;False;False
100.0;100.0;2000.0;137490.511677;372392.832182;Nederland;n.a.;n.a.;Reusel-De Mierden;Noord-Brabant;land;51.34048804463915;5.135915755505768;BU16670009;GM1667;BU16670009;GM1667;BU16670009;GM1667;False;False
90.0;105.0;3000.0;4478.95522254;372521.326433;België;n.a.;V90 3.0;n.a.;n.a.;land;51.321893070135246;3.227684921217694;n.a.;n.a.;n.a.;n.a.;n.a.;n.a.;False;False
117.0;117.0;3600.0;2874.37003916;372914.636743;België;n.a.;N117;n.a.;n.a.;land;51.32499735618773;3.2045111009768514;n.a.;n.a.;n.a.;n.a.;n.a.;n.a.;False;False
90.0;90.0;2000.0;101294.93911;373192.955007;België;n.a.;V-90;n.a.;n.a.;land;51.34540160512738;4.616368742299461;n.a.;n.a.;n.a.;n.a.;n.a.;n.a.;False;False
90.0;90.0;2000.0;101549.208985;373549.661981;België;n.a.;V-90;n.a.;n.a.;land;51.34863179859146;4.6199641518049175;n.a.;n.a.;n.a.;n.a.;n.a.;n.a.;False;False
82.0;97.0;2000.0;78135.3924707;373892.306921;België;n.a.;Enercon E82/2000;n.a.;n.a.;land;51.349013839685476;4.283856399769278;n.a.;n.a.;n.a.;n.a.;n.a.;n.a.;False;False
82.0;97.0;2000.0;78567.225608;373899.270514;België;n.a.;Enercon E82/2000;n.a.;n.a.;land;51.349134952228056;4.290052512625085;n.a.;n.a.;n.a.;n.a.;n.a.;n.a.;False;False
90.0;90.0;2000.0;101825.559899;373938.715118;België;n.a.;V-90;n.a.;n.a.;land;51.35215468747227;4.623872159813407;n.a.;n.a.;n.a.;n.a.;n.a.;n.a.;False;False
70.0;97.0;2000.0;77664.8815078;373943.671461;België;n.a.;Enercon E70/2000;n.a.;n.a.;land;51.349411326289285;4.277092487847329;n.a.;n.a.;n.a.;n.a.;n.a.;n.a.;False;False
13.0;15.0;15.0;170579.70459;374018.067322;Nederland;n.a.;EAZ wind;Heeze-Leende;Noord-Brabant;land;51.35515252769221;5.6108621105791405;BU16580309;GM1658;BU16580309;GM1658;BU16580313;GM1658;True;False
70.0;97.0;2000.0;79185.2664153;374193.40751;België;n.a.;E-70;n.a.;n.a.;land;51.35186167392529;4.298859629504787;n.a.;n.a.;n.a.;n.a.;n.a.;n.a.;False;False
82.0;97.0;2000.0;78391.7513932;374263.151471;België;n.a.;Enercon E82/2000;n.a.;n.a.;land;51.3523815468;4.287455401735605;n.a.;n.a.;n.a.;n.a.;n.a.;n.a.;False;False
70.0;97.0;2000.0;77734.5483594;374266.589208;België;n.a.;Enercon E70/2000;n.a.;n.a.;land;51.352323026116586;4.278021885367603;n.a.;n.a.;n.a.;n.a.;n.a.;n.a.;False;False
82.0;97.0;2000.0;78097.4145493;374293.621196;België;n.a.;Enercon E82/2000;n.a.;n.a.;land;51.35261543735524;4.283224191944886;n.a.;n.a.;n.a.;n.a.;n.a.;n.a.;False;False
70.0;97.0;2000.0;79180.6371513;374720.458286;België;n.a.;E-70;n.a.;n.a.;land;51.3565978736398;4.298680321133361;n.a.;n.a.;n.a.;n.a.;n.a.;n.a.;False;False
48.0;50.0;800.0;51736.6519;375016.6432;Nederland;n.a.;n.a.;Terneuzen;Zeeland;land;51.35491353590441;3.9046959340734464;BU07152801;GM0715;BU07152801;GM0715;BU07152801;GM0715;False;False
48.0;50.0;800.0;51994.8332;375244.3124;Nederland;n.a.;n.a.;Terneuzen;Zeeland;land;51.35700653106492;3.9083351075956294;BU07152801;GM0715;BU07152801;GM0715;BU07152801;GM0715;False;False
131.0;131.0;3600.0;103573.480078;375443.14423;België;n.a.;Nordex N131;n.a.;n.a.;land;51.3658383216761;4.6487432870130885;n.a.;n.a.;n.a.;n.a.;n.a.;n.a.;False;False
50.0;75.0;850.0;3446.04208688;375752.702049;België;n.a.;n.a.;n.a.;n.a.;land;51.3506464620085;3.211493987015261;n.a.;n.a.;n.a.;n.a.;n.a.;n.a.;False;False
155.0;155.0;6000.0;79166.9448605;375929.521585;België;n.a.;n.a.;n.a.;n.a.;land;51.367462376639786;4.298224711523133;n.a.;n.a.;n.a.;n.a.;n.a.;n.a.;False;False
82.0;82.0;2300.0;104137.062876;376126.989671;België;n.a.;E82;n.a.;n.a.;land;51.37203579865694;4.65673709813594;n.a.;n.a.;n.a.;n.a.;n.a.;n.a.;False;False
155.0;155.0;6000.0;79740.5630757;376190.092227;België;n.a.;n.a.;n.a.;n.a.;land;51.36988090078036;4.306405142425592;n.a.;n.a.;n.a.;n.a.;n.a.;n.a.;False;False
155.0;155.0;6000.0;79030.6920324;376343.645409;België;n.a.;n.a.;n.a.;n.a.;land;51.37116597421536;4.296179506201724;n.a.;n.a.;n.a.;n.a.;n.a.;n.a.;False;False
80.0;78.0;2000.0;32297.7139;376414.5428;Nederland;n.a.;n.a.;Sluis;Zeeland;land;51.36359005935302;3.625250849961076;BU17141109;GM1714;BU17141109;GM1714;BU17141109;GM1714;False;False
50.0;75.0;850.0;4318.43836729;376564.418236;België;n.a.;n.a.;n.a.;n.a.;land;51.358171665518434;3.2236641363810197;n.a.;n.a.;n.a.;n.a.;n.a.;n.a.;False;False
82.0;82.0;2300.0;104561.884685;376578.397525;België;n.a.;E82;n.a.;n.a.;land;51.376131181391195;4.662773305174658;n.a.;n.a.;n.a.;n.a.;n.a.;n.a.;False;False
82.0;82.0;2300.0;103827.663765;376614.525484;België;n.a.;E82;n.a.;n.a.;land;51.376389896795175;4.65222350414512;n.a.;n.a.;n.a.;n.a.;n.a.;n.a.;False;False
80.0;78.0;2000.0;32393.2151;376699.5425;Nederland;n.a.;n.a.;Sluis;Zeeland;land;51.366171583351644;3.6265228414621387;BU17141109;GM1714;BU17141109;GM1714;BU17141109;GM1714;False;False
50.0;75.0;850.0;4202.17301702;376731.913068;België;n.a.;n.a.;n.a.;n.a.;land;51.35964536320304;3.221924536867077;n.a.;n.a.;n.a.;n.a.;n.a.;n.a.;False;False
18.0;31.4;80.0;29406.1588;376744.5041;Nederland;n.a.;n.a.;Sluis;Zeeland;land;51.36591977379304;3.5836316294666184;BU17141309;GM1714;BU17141309;GM1714;BU17141309;GM1714;False;False
50.0;75.0;850.0;4029.47606731;376836.402878;België;n.a.;n.a.;n.a.;n.a.;land;51.36053796049988;3.219401934812432;n.a.;n.a.;n.a.;n.a.;n.a.;n.a.;False;False
112.0;120.0;3300.0;213960.045488;376871.646322;Duitsland;n.a.;n.a.;n.a.;n.a.;land;51.37793965347755;6.2340630453196635;n.a.;n.a.;n.a.;n.a.;n.a.;n.a.;False;False
50.0;75.0;850.0;3813.59392527;376885.680628;België;n.a.;n.a.;n.a.;n.a.;land;51.36092295773701;3.2162831280261064;n.a.;n.a.;n.a.;n.a.;n.a.;n.a.;False;False
112.0;120.0;3300.0;213494.854479;376914.696869;Duitsland;n.a.;n.a.;n.a.;n.a.;land;51.378374953975744;6.22738916496397;n.a.;n.a.;n.a.;n.a.;n.a.;n.a.;False;False
50.0;75.0;850.0;3600.22987599;376930.707188;België;n.a.;n.a.;n.a.;n.a.;land;51.36127035586117;3.2132022232352284;n.a.;n.a.;n.a.;n.a.;n.a.;n.a.;False;False
50.0;75.0;850.0;3380.08340332;376977.203186;België;n.a.;n.a.;n.a.;n.a.;land;51.36162905358298;3.210023317193548;n.a.;n.a.;n.a.;n.a.;n.a.;n.a.;False;False
80.0;78.0;2000.0;32491.5164;376995.7421;Nederland;n.a.;n.a.;Sluis;Zeeland;land;51.36885433502689;3.627831291698891;BU17141109;GM1714;BU17141109;GM1714;BU17141109;GM1714;False;False
117.0;120.0;3600.0;78209.0758721;377021.780257;Nederland;n.a.;n.a.;Woensdrecht;Noord-Brabant;land;51.377149582235475;4.284234833550227;BU08730208;GM0873;BU08730208;GM0873;BU08730208;GM0873;False;False
50.0;75.0;850.0;3144.69777819;377026.90285;België;n.a.;n.a.;n.a.;n.a.;land;51.36201235049744;3.206624311758188;n.a.;n.a.;n.a.;n.a.;n.a.;n.a.;False;False
117.0;120.0;3600.0;78980.6024152;377029.717772;Nederland;n.a.;n.a.;Woensdrecht;Noord-Brabant;land;51.377325239417765;4.295312819142363;BU08730208;GM0873;BU08730208;GM0873;BU08730208;GM0873;False;False
117.0;120.0;3600.0;78578.1703603;377036.067785;Nederland;n.a.;n.a.;Woensdrecht;Noord-Brabant;land;51.37732802682471;4.289532209047933;BU08730208;GM0873;BU08730208;GM0873;BU08730208;GM0873;False;False
117.0;120.0;3600.0;79386.2094764;377045.592804;Nederland;n.a.;n.a.;Woensdrecht;Noord-Brabant;land;51.37752233518861;4.301134275587856;BU08730208;GM0873;BU08730208;GM0873;BU08730208;GM0873;False;False
50.0;75.0;850.0;2944.21665856;377069.190045;België;n.a.;n.a.;n.a.;n.a.;land;51.36233834830968;3.2037293072863524;n.a.;n.a.;n.a.;n.a.;n.a.;n.a.;False;False
117.0;120.0;3600.0;77766.9562379;377091.630396;Nederland;n.a.;n.a.;Woensdrecht;Noord-Brabant;land;51.37771709460046;4.2778704387413296;BU08730208;GM0873;BU08730208;GM0873;BU08730208;GM0873;False;False
82.0;82.0;2300.0;104918.176542;377092.586094;België;n.a.;E82;n.a.;n.a.;land;51.38078446517535;4.66781741317297;n.a.;n.a.;n.a.;n.a.;n.a.;n.a.;False;False
82.0;82.0;2300.0;104199.72806;377107.789232;België;n.a.;E82;n.a.;n.a.;land;51.38085697782549;4.657496111610766;n.a.;n.a.;n.a.;n.a.;n.a.;n.a.;False;False
50.0;75.0;850.0;2727.65342749;377114.694667;België;n.a.;n.a.;n.a.;n.a.;land;51.362688846555976;3.2006021011307837;n.a.;n.a.;n.a.;n.a.;n.a.;n.a.;False;False
54.0;75.0;900.0;76862.6153777;377295.948446;Nederland;n.a.;n.a.;Reimerswaal;Zeeland;land;51.37942903621852;4.264838224074395;BU07030409;GM0703;BU07030409;GM0703;BU07030409;GM0703;False;False
54.0;75.0;900.0;77072.8204;377380.9463;Nederland;n.a.;n.a.;Reimerswaal;Zeeland;land;51.38022196901675;4.267838320075178;BU07030409;GM0703;BU07030409;GM0703;BU07030409;GM0703;False;False
80.0;78.0;2000.0;31452.8159;377460.6462;Nederland;n.a.;n.a.;Sluis;Zeeland;land;51.37280551307605;3.6127587059899446;BU17141108;GM1714;BU17141108;GM1714;BU17141108;GM1714;False;False
54.0;75.0;900.0;76801.8142;377461.9992;Nederland;n.a.;n.a.;Reimerswaal;Zeeland;land;51.38091297499423;4.263928314139985;BU07030409;GM0703;BU07030409;GM0703;BU07030409;GM0703;False;False
54.0;75.0;900.0;77288.8225;377467.9851;Nederland;n.a.;n.a.;Reimerswaal;Zeeland;land;51.38103396445638;4.270921329404875;BU07030409;GM0703;BU07030409;GM0703;BU07030409;GM0703;False;False
54.0;75.0;900.0;77006.887604;377520.465023;Nederland;n.a.;n.a.;Reimerswaal;Zeeland;land;51.38146677066522;4.266860643892293;BU07030409;GM0703;BU07030409;GM0703;BU07030409;GM0703;False;False
54.0;75.0;900.0;77221.6460173;377582.451201;Nederland;n.a.;n.a.;Reimerswaal;Zeeland;land;51.38205346506729;4.269931368562169;BU07030409;GM0703;BU07030409;GM0703;BU07030409;GM0703;False;False
54.0;75.0;900.0;76921.7874;377693.0367;Nederland;n.a.;n.a.;Reimerswaal;Zeeland;land;51.383005973012956;4.265600325047819;BU07030409;GM0703;BU07030409;GM0703;BU07030409;GM0703;False;False
54.0;75.0;900.0;76724.2550694;377695.259476;Nederland;n.a.;n.a.;Reimerswaal;Zeeland;land;51.38299861726723;4.262762782785088;BU07030409;GM0703;BU07030409;GM0703;BU07030409;GM0703;False;False
54.0;75.0;900.0;77151.8222;377696.9591;Nederland;n.a.;n.a.;Reimerswaal;Zeeland;land;51.38307296798914;4.268903332315661;BU07030409;GM0703;BU07030409;GM0703;BU07030409;GM0703;False;False
80.0;78.0;2000.0;31550.8285;377758.8397;Nederland;n.a.;n.a.;Sluis;Zeeland;land;51.37550626803713;3.614061690104284;BU17141108;GM1714;BU17141108;GM1714;BU17141108;GM1714;False;False
54.0;75.0;900.0;76848.843;377870.9639;Nederland;n.a.;n.a.;Reimerswaal;Zeeland;land;51.38459497454634;4.264513330110918;BU07030409;GM0703;BU07030409;GM0703;BU07030409;GM0703;False;False
54.0;75.0;900.0;77029.7858;377883.9817;Nederland;n.a.;n.a.;Reimerswaal;Zeeland;land;51.38473697076137;4.267109336076142;BU07030409;GM0703;BU07030409;GM0703;BU07030409;GM0703;False;False
54.0;75.0;900.0;76657.7884;377884.0341;Nederland;n.a.;n.a.;Reimerswaal;Zeeland;land;51.38468597920517;4.26176632440281;BU07030409;GM0703;BU07030409;GM0703;BU07030409;GM0703;False;False
54.0;75.0;900.0;76481.8101;377894.9867;Nederland;n.a.;n.a.;Reimerswaal;Zeeland;land;51.384759983127466;4.259236319536707;BU07030409;GM0703;BU07030409;GM0703;BU07030409;GM0703;False;False
13.0;15.0;15.0;27761.3670044;377897.145996;Nederland;n.a.;EAZ wind;Sluis;Zeeland;land;51.37590843393922;3.5596086378988816;BU17141009;GM1714;BU17141009;GM1714;BU17141009;GM1714;False;False
117.0;135.0;3675.0;206231.18994;378002.257995;Nederland;n.a.;n.a.;Venlo;Limburg;land;51.3888555884372;6.123224243430242;BU09832806;GM0983;BU09832806;GM0983;BU09832806;GM0983;False;False
54.0;75.0;900.0;76928.7928;378057.9992;Nederland;n.a.;n.a.;Reimerswaal;Zeeland;land;51.38628697302956;4.265620338864726;BU07030409;GM0703;BU07030409;GM0703;BU07030409;GM0703;False;False
54.0;75.0;900.0;76770.7911;378064.9937;Nederland;n.a.;n.a.;Reimerswaal;Zeeland;land;51.38632797732539;4.2633493340370086;BU07030409;GM0703;BU07030409;GM0703;BU07030409;GM0703;False;False
54.0;75.0;900.0;76604.8531;378072.0043;Nederland;n.a.;n.a.;Reimerswaal;Zeeland;land;51.386367980788485;4.260964328760237;BU07030409;GM0703;BU07030409;GM0703;BU07030409;GM0703;False;False
117.0;135.0;3675.0;205970.152897;378202.275488;Nederland;n.a.;n.a.;Venlo;Limburg;land;51.39067699052547;6.119503151365463;BU09832806;GM0983;BU09832806;GM0983;BU09832806;GM0983;False;False
117.0;135.0;3675.0;205728.734746;378386.536579;Nederland;n.a.;n.a.;Venlo;Limburg;land;51.392354891553204;6.116061357466674;BU09832806;GM0983;BU09832806;GM0983;BU09832806;GM0983;False;False
82.0;82.0;2300.0;106171.428732;378419.495643;België;n.a.;E82;n.a.;n.a.;land;51.39282062784944;4.6856347395163676;n.a.;n.a.;n.a.;n.a.;n.a.;n.a.;False;False
133.0;135.0;4800.0;205184.785299;378803.051719;Nederland;n.a.;n.a.;Venlo;Limburg;land;51.39614719166185;6.108305771485537;BU09832812;GM0983;BU09832812;GM0983;BU09832812;GM0983;False;False
133.0;135.0;4800.0;204861.327083;379049.736908;Nederland;n.a.;n.a.;Venlo;Limburg;land;51.39839309122747;6.103693178765511;BU09832812;GM0983;BU09832812;GM0983;BU09832812;GM0983;False;False
82.0;82.0;2300.0;106876.615819;379226.831194;België;n.a.;E82;n.a.;n.a.;land;51.400137616158624;4.695656157175603;n.a.;n.a.;n.a.;n.a.;n.a.;n.a.;False;False
47.0;55.0;660.0;74013.342;379463.3279;Nederland;n.a.;n.a.;Reimerswaal;Zeeland;land;51.39850651895368;4.2234226038807785;BU07030409;GM0703;BU07030409;GM0703;BU07030409;GM0703;False;False
47.0;55.0;660.0;73778.4318;379579.9185;Nederland;n.a.;n.a.;Reimerswaal;Zeeland;land;51.399520603879346;4.220020802169375;BU07030409;GM0703;BU07030409;GM0703;BU07030409;GM0703;False;False
133.0;135.0;4800.0;204124.107085;379614.509941;Nederland;n.a.;n.a.;Venlo;Limburg;land;51.40353398794123;6.093178895837228;BU09832812;GM0983;BU09832812;GM0983;BU09832812;GM0983;False;False
82.0;82.0;2300.0;106453.400315;379760.301144;België;n.a.;E82;n.a.;n.a.;land;51.404896305409714;4.6895015532740265;n.a.;n.a.;n.a.;n.a.;n.a.;n.a.;False;False
133.0;135.0;4800.0;203740.440905;379905.675026;Nederland;n.a.;n.a.;Venlo;Limburg;land;51.406184285641714;6.087705702910956;BU09832810;GM0983;BU09832810;GM0983;BU09832810;GM0983;False;False
100.0;80.0;2500.0;75435.0634329;379999.876856;Nederland;n.a.;n.a.;Reimerswaal;Zeeland;land;51.40353071566303;4.243727973354467;BU07030409;GM0703;BU07030409;GM0703;BU07030409;GM0703;False;False
82.0;82.0;2300.0;107440.356231;380026.007477;België;n.a.;E82;n.a.;n.a.;land;51.407368511822575;4.70364907623456;n.a.;n.a.;n.a.;n.a.;n.a.;n.a.;False;False
133.0;135.0;4800.0;203352.889507;380202.2618;Nederland;n.a.;n.a.;Venlo;Limburg;land;51.40888339118072;6.08217677819457;BU09832810;GM0983;BU09832810;GM0983;BU09832810;GM0983;False;False
100.0;80.0;2500.0;75393.4844;380392.9003;Nederland;n.a.;n.a.;Reimerswaal;Zeeland;land;51.407057052821564;4.24304193332772;BU07030409;GM0703;BU07030409;GM0703;BU07030409;GM0703;False;False
133.0;135.0;4800.0;203012.239782;380462.137409;Nederland;n.a.;n.a.;Venlo;Limburg;land;51.41124828038286;6.077316315079688;BU09832812;GM0983;BU09832812;GM0983;BU09832810;GM0983;True;False
100.0;80.0;2500.0;74559.516;380464.0204;Nederland;n.a.;n.a.;Reimerswaal;Zeeland;land;51.40757802016633;4.231041679529185;BU07030409;GM0703;BU07030409;GM0703;BU07030409;GM0703;False;False
82.0;82.0;2300.0;107808.277774;380739.681535;België;n.a.;E82;n.a.;n.a.;land;51.41381401489189;4.70884129060382;n.a.;n.a.;n.a.;n.a.;n.a.;n.a.;False;False
100.0;80.0;2500.0;74523.5326;380789.9877;Nederland;n.a.;n.a.;Reimerswaal;Zeeland;land;51.41050242908195;4.230450296819254;BU07030409;GM0703;BU07030409;GM0703;BU07030409;GM0703;False;False
100.0;80.0;2500.0;75344.801;380790.6227;Nederland;n.a.;n.a.;Reimerswaal;Zeeland;land;51.41062461357437;4.242252627123473;BU07030409;GM0703;BU07030409;GM0703;BU07030409;GM0703;False;False
100.0;80.0;2500.0;74500.2493;381119.1301;Nederland;n.a.;n.a.;Reimerswaal;Zeeland;land;51.41345718082065;4.230040637391155;BU07030409;GM0703;BU07030409;GM0703;BU07030409;GM0703;False;False
100.0;80.0;2500.0;75296.1175;381186.4402;Nederland;n.a.;n.a.;Reimerswaal;Zeeland;land;51.41417504807601;4.241463623972566;BU07030409;GM0703;BU07030409;GM0703;BU07030409;GM0703;False;False
82.0;82.0;2300.0;107256.686316;381239.980324;België;n.a.;E82;n.a.;n.a.;land;51.41826440408241;4.700845280337927;n.a.;n.a.;n.a.;n.a.;n.a.;n.a.;False;False
100.0;80.0;2500.0;74445.2158;381502.2475;Nederland;n.a.;n.a.;Reimerswaal;Zeeland;land;51.41689248437684;4.229162263211831;BU07030409;GM0703;BU07030409;GM0703;BU07030409;GM0703;False;False
100.0;80.0;2500.0;75256.4318551;381526.693145;Nederland;n.a.;n.a.;Reimerswaal;Zeeland;land;51.417227375473026;4.240816380451183;BU07030409;GM0703;BU07030409;GM0703;BU07030409;GM0703;False;False
100.0;80.0;2500.0;74424.0491;381833.5065;Nederland;n.a.;n.a.;Reimerswaal;Zeeland;land;51.419866554555725;4.228782400208452;BU07030409;GM0703;BU07030409;GM0703;BU07030409;GM0703;False;False
100.0;80.0;2500.0;75206.2872;381947.816;Nederland;n.a.;n.a.;Reimerswaal;Zeeland;land;51.42100501703338;4.240000421121252;BU07030409;GM0703;BU07030409;GM0703;BU07030409;GM0703;False;False
92.0;78.0;2350.0;39563.8925885;381989.843358;Nederland;n.a.;n.a.;Borsele;Zeeland;land;51.41521831584047;3.727726009228626;BU06540202;GM0654;BU06540202;GM0654;BU06540202;GM0654;False;False
100.0;80.0;2500.0;74364.7823;382218.7406;Nederland;n.a.;n.a.;Reimerswaal;Zeeland;land;51.4233202650006;4.227842466472452;BU07030409;GM0703;BU07030409;GM0703;BU07030409;GM0703;False;False
100.0;80.0;2500.0;75163.7493;382343.4906;Nederland;n.a.;n.a.;Reimerswaal;Zeeland;land;51.4245550182724;4.239299434831383;BU07030409;GM0703;BU07030409;GM0703;BU07030409;GM0703;False;False
82.0;82.0;2300.0;108382.255551;382441.340513;België;n.a.;E82;n.a.;n.a.;land;51.4291565374663;4.716866616479989;n.a.;n.a.;n.a.;n.a.;n.a.;n.a.;False;False
52.2;60.0;900.0;78845.3191;382476.3858;Nederland;n.a.;n.a.;Woensdrecht;Noord-Brabant;land;51.42625824404022;4.292195672529457;BU08730008;GM0873;BU08730008;GM0873;BU08730008;GM0873;False;False
13.0;15.0;15.0;68307.5678908;382588.320943;Nederland;n.a.;EAZ wind;Reimerswaal;Zeeland;land;51.425743672247904;4.140681041517421;BU07030209;GM0703;BU07030209;GM0703;BU07030209;GM0703;False;False
13.0;15.0;15.0;68051.8079001;382728.814974;Nederland;n.a.;EAZ wind;Reimerswaal;Zeeland;land;51.42696693512343;4.136969761119688;BU07030209;GM0703;BU07030209;GM0703;BU07030209;GM0703;False;False
13.0;15.0;15.0;68524.4307464;382733.980974;Nederland;n.a.;EAZ wind;Reimerswaal;Zeeland;land;51.42708599080381;4.143762828635989;BU07030409;GM0703;BU07030409;GM0703;BU07030409;GM0703;False;False
13.0;15.0;15.0;68277.7062946;382872.413455;Nederland;n.a.;EAZ wind;Reimerswaal;Zeeland;land;51.42829221285156;4.140181925135513;BU07030209;GM0703;BU07030209;GM0703;BU07030209;GM0703;False;False
100.0;80.0;2500.0;74571.8317748;383242.796637;Nederland;n.a.;n.a.;Reimerswaal;Zeeland;land;51.43255320921269;4.230585308874006;BU07030409;GM0703;BU07030409;GM0703;BU07030409;GM0703;False;False
100.0;80.0;2500.0;74918.2254638;383360.293716;Nederland;n.a.;n.a.;Reimerswaal;Zeeland;land;51.43365845539094;4.235539060687324;BU07030409;GM0703;BU07030409;GM0703;BU07030409;GM0703;False;False
100.0;80.0;2500.0;74455.2438076;383547.278773;Nederland;n.a.;n.a.;Reimerswaal;Zeeland;land;51.43527301697433;4.228839466010655;BU07030409;GM0703;BU07030409;GM0703;BU07030409;GM0703;False;False
82.0;82.0;2300.0;107997.342048;383630.129748;België;n.a.;E82;n.a.;n.a.;land;51.439809649569;4.711173711798222;n.a.;n.a.;n.a.;n.a.;n.a.;n.a.;False;False
100.0;80.0;2500.0;74988.2294378;383640.859547;Nederland;n.a.;n.a.;Reimerswaal;Zeeland;land;51.43618989241142;4.236481934234075;BU07030409;GM0703;BU07030409;GM0703;BU07030409;GM0703;False;False
100.0;80.0;2500.0;74339.5880836;383854.990052;Nederland;n.a.;n.a.;Reimerswaal;Zeeland;land;51.43802195134509;4.2271060810177685;BU07030409;GM0703;BU07030409;GM0703;BU07030409;GM0703;False;False
92.0;120.0;2050.0;93954.5556598;383862.709344;België;n.a.;MM92;n.a.;n.a.;land;51.4405551465471;4.509179593772914;n.a.;n.a.;n.a.;n.a.;n.a.;n.a.;False;False
100.0;80.0;2500.0;74947.0140096;383999.1291;Nederland;n.a.;n.a.;Reimerswaal;Zeeland;land;51.4394038888753;4.235807943104406;BU07030409;GM0703;BU07030409;GM0703;BU07030409;GM0703;False;False
92.0;120.0;2050.0;93754.0088192;384066.056455;België;n.a.;MM92;n.a.;n.a.;land;51.44236105399613;4.506260104931296;n.a.;n.a.;n.a.;n.a.;n.a.;n.a.;False;False
100.0;80.0;2500.0;74274.6298613;384170.90027;Nederland;n.a.;n.a.;Reimerswaal;Zeeland;land;51.44085180189973;4.226099664341165;BU07030409;GM0703;BU07030409;GM0703;BU07030409;GM0703;False;False
48.0;60.0;750.0;38421.3547;384189.9207;Nederland;n.a.;n.a.;Borsele;Zeeland;land;51.43475245546051;3.710580857675833;BU06540903;GM0654;BU06540903;GM0654;BU06540903;GM0654;False;False
117.0;112.0;3600.0;38904.96;384273.57;Nederland;n.a.;Nordex N117-3,6MW;Borsele;Zeeland;land;51.43560382271602;3.717505654981995;BU06540903;GM0654;BU06540903;GM0654;BU06540903;GM0654;False;False
92.0;120.0;2050.0;93588.7680217;384286.396238;België;n.a.;MM92;n.a.;n.a.;land;51.44432345836349;4.503845217174777;n.a.;n.a.;n.a.;n.a.;n.a.;n.a.;False;False
48.2;60.0;750.0;38283.7549;384307.1212;Nederland;n.a.;n.a.;Borsele;Zeeland;land;51.435777115821296;3.7085639259329324;BU06540903;GM0654;BU06540903;GM0654;BU06540903;GM0654;False;False
100.0;80.0;2500.0;74905.6189578;384354.894443;Nederland;n.a.;n.a.;Reimerswaal;Zeeland;land;51.44259534835551;4.235131841356079;BU07030409;GM0703;BU07030409;GM0703;BU07030409;GM0703;False;False
134.0;82.0;3000.0;38212.2917;384378.3872;Nederland;n.a.;n.a.;Borsele;Zeeland;land;51.436402690144156;3.7075129418364083;BU06540903;GM0654;BU06540903;GM0654;BU06540903;GM0654;False;False
117.0;112.0;3600.0;39266.8851905;384391.537981;Nederland;n.a.;Nordex N117-3,6MW;Borsele;Zeeland;land;51.43673820371099;3.7226701001355145;BU06540903;GM0654;BU06540903;GM0654;BU06540903;GM0654;False;False
48.2;60.0;750.0;38138.7551;384445.1217;Nederland;n.a.;n.a.;Vlissingen;Zeeland;land;51.43698710730496;3.7064336221976357;BU07180800;GM0718;BU07180800;GM0718;BU07180800;GM0718;False;False
71.0;64.0;2300.0;39729.7269897;384473.356079;Nederland;n.a.;n.a.;Borsele;Zeeland;land;51.43756815842561;3.729297513946342;BU06540903;GM0654;BU06540903;GM0654;BU06540903;GM0654;False;False
100.0;80.0;2500.0;74238.1835785;384498.582868;Nederland;n.a.;n.a.;Reimerswaal;Zeeland;land;51.443791527049235;4.225500465689383;BU07030409;GM0703;BU07030409;GM0703;BU07030409;GM0703;False;False
92.0;120.0;2050.0;93500.5322601;384534.667844;België;n.a.;MM92;n.a.;n.a.;land;51.44654526094979;4.502532831034244;n.a.;n.a.;n.a.;n.a.;n.a.;n.a.;False;False
133.0;112.0;4800.0;38638.0809937;384538.93811;Nederland;n.a.;N133-4,8MW;Borsele;Zeeland;land;51.43793332215093;3.7135813379635483;BU06540903;GM0654;BU06540903;GM0654;BU06540903;GM0654;False;False
71.0;64.0;2300.0;40022.2993;384540.5073;Nederland;n.a.;n.a.;Borsele;Zeeland;land;51.438231265429046;3.7334819390605225;BU06540903;GM0654;BU06540903;GM0654;BU06540903;GM0654;False;False
48.2;60.0;750.0;38001.7553;384576.1222;Nederland;n.a.;n.a.;Vlissingen;Zeeland;land;51.43813581985742;3.704420545037232;BU07180800;GM0718;BU07180800;GM0718;BU07180800;GM0718;False;False
71.0;64.0;2300.0;40352.858;384617.8021;Nederland;n.a.;n.a.;Borsele;Zeeland;land;51.43899309177707;3.7382093379673065;BU06540903;GM0654;BU06540903;GM0654;BU06540903;GM0654;False;False
134.0;82.0;3000.0;37936.2285;384639.3289;Nederland;n.a.;n.a.;Vlissingen;Zeeland;land;51.43869017114698;3.703457474954367;BU07180800;GM0718;BU07180800;GM0718;BU07180800;GM0718;False;False
100.0;80.0;2500.0;74865.1349924;384701.014198;Nederland;n.a.;n.a.;Reimerswaal;Zeeland;land;51.445700246394104;4.234470938555685;BU07030409;GM0703;BU07030409;GM0703;BU07030409;GM0703;False;False
48.2;60.0;750.0;37863.7555;384707.1228;Nederland;n.a.;n.a.;Vlissingen;Zeeland;land;51.43928429036876;3.702392989000925;BU07180800;GM0718;BU07180800;GM0718;BU07180800;GM0718;False;False
133.0;112.0;4800.0;38956.098557;384789.257704;Nederland;n.a.;N133-4,8MW;Borsele;Zeeland;land;51.440248103515785;3.7180711006190386;BU06540903;GM0654;BU06540903;GM0654;BU06540903;GM0654;False;False
71.0;64.0;2300.0;40230.8565;384791.1534;Nederland;n.a.;n.a.;Borsele;Zeeland;land;51.440525957338615;3.7363988219482525;BU06540903;GM0654;BU06540903;GM0654;BU06540903;GM0654;False;False
100.0;80.0;2500.0;74204.239706;384823.317894;Nederland;n.a.;n.a.;Reimerswaal;Zeeland;land;51.446705116263225;4.224937854538431;BU07030409;GM0703;BU07030409;GM0703;BU07030409;GM0703;False;False
48.2;60.0;750.0;37726.7557;384838.1233;Nederland;n.a.;n.a.;Vlissingen;Zeeland;land;51.44043293211311;3.700379708609737;BU07180800;GM0718;BU07180800;GM0718;BU07180800;GM0718;False;False
82.0;98.0;3000.0;37661.4460004;384900.209336;Nederland;n.a.;n.a.;Vlissingen;Zeeland;land;51.44097722461503;3.6994200353704385;BU07180800;GM0718;BU07180800;GM0718;BU07180800;GM0718;False;False
136.0;112.0;4200.0;108353.159829;384904.671932;België;n.a.;V136-4.2MW;n.a.;n.a.;land;51.451294992451444;4.716122324373535;n.a.;n.a.;n.a.;n.a.;n.a.;n.a.;False;False
92.0;78.0;2750.0;37935.3475;384916.6479;Nederland;n.a.;n.a.;Borsele;Zeeland;land;51.44118184803898;3.703352716013635;BU06540903;GM0654;BU06540903;GM0654;BU06540903;GM0654;False;False
48.2;60.0;750.0;37585.7559;384972.1238;Nederland;n.a.;n.a.;Vlissingen;Zeeland;land;51.441607662454594;3.6983078150440667;BU07180800;GM0718;BU07180800;GM0718;BU07180800;GM0718;False;False
71.0;65.0;2300.0;40698.7893956;384974.152392;Nederland;n.a.;n.a.;Borsele;Zeeland;land;51.44226534631769;3.7430674356861453;BU06540903;GM0654;BU06540903;GM0654;BU06540903;GM0654;False;False
100.0;80.0;2500.0;74800.9795185;384999.686222;Nederland;n.a.;n.a.;Reimerswaal;Zeeland;land;51.4483753510723;4.233480274173863;BU07030409;GM0703;BU07030409;GM0703;BU07030409;GM0703;False;False
136.0;112.0;4200.0;108087.641437;385090.252196;België;n.a.;V136-4.2MW;n.a.;n.a.;land;51.452940992724585;4.712278020111373;n.a.;n.a.;n.a.;n.a.;n.a.;n.a.;False;False
29.0;36.0;225.0;31397.7443;385093.1473;Nederland;n.a.;n.a.;Vlissingen;Zeeland;land;51.44137300511641;3.609296401500442;BU07180701;GM0718;BU07180701;GM0718;BU07180701;GM0718;False;False
48.2;60.0;750.0;37436.7561;385114.1244;Nederland;n.a.;n.a.;Vlissingen;Zeeland;land;51.44285257291051;3.6961181185440983;BU07180800;GM0718;BU07180800;GM0718;BU07180800;GM0718;False;False
29.0;36.0;225.0;31532.4373;385122.1583;Nederland;n.a.;n.a.;Vlissingen;Zeeland;land;51.441663174576775;3.6112227888280137;BU07180701;GM0718;BU07180701;GM0718;BU07180701;GM0718;False;False
100.0;80.0;2500.0;74167.4170154;385148.719957;Nederland;n.a.;n.a.;Reimerswaal;Zeeland;land;51.44962428469617;4.224333610272008;BU07030409;GM0703;BU07030409;GM0703;BU07030409;GM0703;False;False
29.0;36.0;225.0;31653.2315;385151.6286;Nederland;n.a.;n.a.;Vlissingen;Zeeland;land;51.44195439988482;3.61294920756748;BU07180701;GM0718;BU07180701;GM0718;BU07180701;GM0718;False;False
29.0;36.0;225.0;31302.2308;385158.4977;Nederland;n.a.;n.a.;Vlissingen;Zeeland;land;51.441939250682914;3.607900224352854;BU07180701;GM0718;BU07180701;GM0718;BU07180701;GM0718;False;False
29.0;36.0;225.0;31774.7453;385181.1459;Nederland;n.a.;n.a.;Vlissingen;Zeeland;land;51.4422461792609;3.6146859784991765;BU07180601;GM0718;BU07180601;GM0718;BU07180601;GM0718;False;False
134.0;82.0;3000.0;37364.6936035;385182.971375;Nederland;n.a.;n.a.;Vlissingen;Zeeland;land;51.443456172386256;3.695058990737129;BU07180800;GM0718;BU07180800;GM0718;BU07180800;GM0718;False;False
71.0;65.0;2300.0;40786.580656;385192.825054;Nederland;n.a.;n.a.;Borsele;Zeeland;land;51.44424805466706;3.7442588903429486;BU06540903;GM0654;BU06540903;GM0654;BU06540903;GM0654;False;False
29.0;36.0;225.0;31208.9663;385223.6887;Nederland;n.a.;n.a.;Vlissingen;Zeeland;land;51.442504540735825;3.6065364043445314;BU07180701;GM0718;BU07180701;GM0718;BU07180701;GM0718;False;False
48.2;60.0;750.0;37286.8563;385248.225;Nederland;n.a.;n.a.;Vlissingen;Zeeland;land;51.444026268355046;3.6939179999984373;BU07180800;GM0718;BU07180800;GM0718;BU07180800;GM0718;False;False
71.0;65.0;2300.0;40456.7193;385253.3562;Nederland;n.a.;n.a.;Borsele;Zeeland;land;51.44472507006626;3.7394960764485106;BU06540903;GM0654;BU06540903;GM0654;BU06540903;GM0654;False;False
29.0;36.0;225.0;31104.7017;385292.911;Nederland;n.a.;n.a.;Vlissingen;Zeeland;land;51.443103620252174;3.6050129740939516;BU07180701;GM0718;BU07180701;GM0718;BU07180701;GM0718;False;False
100.0;80.0;2500.0;74761.4529807;385330.442394;Nederland;n.a.;n.a.;Reimerswaal;Zeeland;land;51.451342298631026;4.232836443548567;BU07030409;GM0703;BU07030409;GM0703;BU07030409;GM0703;False;False
126.0;117.0;6150.0;37720.3968;385411.0453;Nederland;n.a.;n.a.;Borsele;Zeeland;land;51.445579613086245;3.7000976459149437;BU06540903;GM0654;BU06540903;GM0654;BU06540903;GM0654;False;False
100.0;80.0;2500.0;74131.1751309;385482.972809;Nederland;n.a.;n.a.;Reimerswaal;Zeeland;land;51.45262307526038;4.223735609767275;BU07030409;GM0703;BU07030409;GM0703;BU07030409;GM0703;False;False
136.0;112.0;4200.0;109001.826437;385622.675875;België;n.a.;n.a.;n.a.;n.a.;land;51.457801827622525;4.7253599342492105;n.a.;n.a.;n.a.;n.a.;n.a.;n.a.;False;False
100.0;80.0;2500.0;74724.1187292;385642.902722;Nederland;n.a.;n.a.;Reimerswaal;Zeeland;land;51.454145125210886;4.232228231334153;BU07030409;GM0703;BU07030409;GM0703;BU07030409;GM0703;False;False
52.2;70.0;900.0;54085.4563;385724.9243;Nederland;n.a.;n.a.;Kapelle;Zeeland;land;51.45156614568196;3.935346482248017;BU06780009;GM0678;BU06780009;GM0678;BU06780009;GM0678;False;False
52.2;70.0;900.0;54340.2907;385752.166;Nederland;n.a.;n.a.;Kapelle;Zeeland;land;51.45185649890896;3.93900387834691;BU06780009;GM0678;BU06780009;GM0678;BU06780009;GM0678;False;False
126.0;117.0;6150.0;37979.4016;385778.6766;Nederland;n.a.;n.a.;Borsele;Zeeland;land;51.44893677800587;3.7036998956434126;BU06540903;GM0654;BU06540903;GM0654;BU06540903;GM0654;False;False
100.0;80.0;2500.0;74094.5894154;385825.734857;Nederland;n.a.;n.a.;Reimerswaal;Zeeland;land;51.455698287099665;4.223130628837878;BU07030409;GM0703;BU07030409;GM0703;BU07030409;GM0703;False;False
52.2;70.0;900.0;53670.6898;385887.2681;Nederland;n.a.;n.a.;Kapelle;Zeeland;land;51.45295063538069;3.9293343882679834;BU06780009;GM0678;BU06780009;GM0678;BU06780009;GM0678;False;False
27.0;36.0;225.0;57902.8979;385899.5547;Nederland;n.a.;n.a.;Kapelle;Zeeland;land;51.45380575061829;3.9902039358815853;BU06780209;GM0678;BU06780209;GM0678;BU06780209;GM0678;False;False
52.2;70.0;900.0;54566.8816;385907.2853;Nederland;n.a.;n.a.;Kapelle;Zeeland;land;51.453290861305355;3.9422186452055703;BU06780009;GM0678;BU06780009;GM0678;BU06780009;GM0678;False;False
52.2;70.0;900.0;53944.7905;385948.7673;Nederland;n.a.;n.a.;Kapelle;Zeeland;land;51.453552479779006;3.9332591370109062;BU06780009;GM0678;BU06780009;GM0678;BU06780009;GM0678;False;False
27.0;36.0;225.0;57712.0353;385987.4366;Nederland;n.a.;n.a.;Kapelle;Zeeland;land;51.45456260037003;3.987434382980885;BU06780209;GM0678;BU06780209;GM0678;BU06780209;GM0678;False;False
52.2;70.0;900.0;54213.0912;386014.5664;Nederland;n.a.;n.a.;Kapelle;Zeeland;land;51.4541917961352;3.937099336698337;BU06780009;GM0678;BU06780009;GM0678;BU06780009;GM0678;False;False
100.0;80.0;2500.0;74720.0332654;386113.03173;Nederland;n.a.;n.a.;Reimerswaal;Zeeland;land;51.458369681565614;4.232062311205398;BU07030409;GM0703;BU07030409;GM0703;BU07030409;GM0703;False;False
52.2;70.0;900.0;53543.5865;386133.5511;Nederland;n.a.;n.a.;Kapelle;Zeeland;land;51.45514095389938;3.927435332082693;BU06780009;GM0678;BU06780009;GM0678;BU06780009;GM0678;False;False
100.0;80.0;2500.0;74135.8395523;386141.300995;Nederland;n.a.;n.a.;Reimerswaal;Zeeland;land;51.45854025006754;4.22365157100516;BU07030409;GM0703;BU07030409;GM0703;BU07030409;GM0703;False;False
52.2;70.0;900.0;54463.5921;386152.5656;Nederland;n.a.;n.a.;Kapelle;Zeeland;land;51.455476628118994;3.9406630123582977;BU06780009;GM0678;BU06780009;GM0678;BU06780009;GM0678;False;False
52.2;70.0;900.0;53797.841;386187.5678;Nederland;n.a.;n.a.;Kapelle;Zeeland;land;51.45567206054628;3.931076928170021;BU06780009;GM0678;BU06780009;GM0678;BU06780009;GM0678;False;False
136.0;112.0;3600.0;109126.404115;386229.669688;België;n.a.;V136-3.6MW;n.a.;n.a.;land;51.46326774788741;4.727073232072143;n.a.;n.a.;n.a.;n.a.;n.a.;n.a.;False;False
52.2;70.0;900.0;54092.2918;386260.9668;Nederland;n.a.;n.a.;Kapelle;Zeeland;land;51.45638442541134;3.9352912426514193;BU06780009;GM0678;BU06780009;GM0678;BU06780009;GM0678;False;False
136.0;112.0;3600.0;108532.181836;386313.13053;België;n.a.;V136-3.6MW;n.a.;n.a.;land;51.463969238995716;4.718511822577479;n.a.;n.a.;n.a.;n.a.;n.a.;n.a.;False;False
100.0;80.0;2500.0;74252.4494785;386450.259958;Nederland;n.a.;n.a.;Reimerswaal;Zeeland;land;51.46133363104929;4.225258293393451;BU07030409;GM0703;BU07030409;GM0703;BU07030409;GM0703;False;False
136.0;112.0;3600.0;109208.454671;386578.354346;België;n.a.;V136-3.6MW;n.a.;n.a.;land;51.46640845901494;4.728208530646538;n.a.;n.a.;n.a.;n.a.;n.a.;n.a.;False;False
92.0;100.0;2040.0;213686.935161;386687.601089;Duitsland;n.a.;n.a.;n.a.;n.a.;land;51.466192881532834;6.231773932683317;n.a.;n.a.;n.a.;n.a.;n.a.;n.a.;False;False
136.0;112.0;3600.0;108585.967805;386720.886926;België;n.a.;V136-3.6MW;n.a.;n.a.;land;51.46763865266814;4.719232019722429;n.a.;n.a.;n.a.;n.a.;n.a.;n.a.;False;False
149.0;135.0;5700.0;108086.292708;386884.398178;Nederland;n.a.;n.a.;Zundert;Noord-Brabant;land;51.46906695026742;4.71201961218604;BU08790009;GM0879;BU08790009;GM0879;BU08790009;GM0879;False;False
92.0;100.0;2040.0;213569.770248;386931.942844;Duitsland;n.a.;n.a.;n.a.;n.a.;land;51.46840118528655;6.230128633956615;n.a.;n.a.;n.a.;n.a.;n.a.;n.a.;False;False
136.0;112.0;3600.0;108553.045669;387094.046838;België;n.a.;V136-3.6MW;n.a.;n.a.;land;51.470989963107414;4.718709014710781;n.a.;n.a.;n.a.;n.a.;n.a.;n.a.;False;False
136.0;112.0;3600.0;109372.932811;387115.234938;België;n.a.;V136-3.6MW;n.a.;n.a.;land;51.47124737713392;4.730505823856667;n.a.;n.a.;n.a.;n.a.;n.a.;n.a.;False;False
117.0;105.0;3600.0;34765.7280273;387232.353027;Nederland;n.a.;N117-3,6MW;Vlissingen;Zeeland;land;51.461322534812815;3.656990400166432;BU07180800;GM0718;BU07180800;GM0718;BU07180800;GM0718;False;False
117.0;105.0;3600.0;35130.164978;387355.856018;Nederland;n.a.;N117-3,6MW;Vlissingen;Zeeland;land;51.46250986762792;3.662190461278152;BU07180800;GM0718;BU07180800;GM0718;BU07180800;GM0718;False;False
52.2;70.0;900.0;39135.5449;387402.9284;Nederland;n.a.;n.a.;Borsele;Zeeland;land;51.4637703684361;3.7197915649014957;BU06540903;GM0654;BU06540903;GM0654;BU06540903;GM0654;False;False
136.0;112.0;3600.0;109479.194411;387531.962246;België;n.a.;V136-3.6MW;n.a.;n.a.;land;51.475001590175076;4.731981217991312;n.a.;n.a.;n.a.;n.a.;n.a.;n.a.;False;False
117.0;105.0;3600.0;35465.7620239;387581.098022;Nederland;n.a.;N117-3,6MW;Vlissingen;Zeeland;land;51.46460501865574;3.6669413947089;BU07180800;GM0718;BU07180800;GM0718;BU07180800;GM0718;False;False
52.2;70.0;900.0;38992.5715;387657.3178;Nederland;n.a.;n.a.;Borsele;Zeeland;land;51.466026796410986;3.717651038738178;BU06540903;GM0654;BU06540903;GM0654;BU06540903;GM0654;False;False
149.0;135.0;4300.0;108668.442171;387769.771475;Nederland;n.a.;n.a.;Zundert;Noord-Brabant;land;51.477072985327474;4.720280804553219;BU08790009;GM0879;BU08790009;GM0879;BU08790009;GM0879;False;False
70.0;64.0;2300.0;36666.2669;387796.1629;Nederland;n.a.;n.a.;Vlissingen;Zeeland;land;51.466790784621146;3.684138702482924;BU07180800;GM0718;BU07180800;GM0718;BU07180800;GM0718;False;False
117.0;105.0;3600.0;35813.1240234;387811.715027;Nederland;n.a.;N117-3,6MW;Vlissingen;Zeeland;land;51.46675076249213;3.67186019660011;BU07180800;GM0718;BU07180800;GM0718;BU07180800;GM0718;False;False
52.2;70.0;900.0;39257.4202;387965.7975;Nederland;n.a.;n.a.;Borsele;Zeeland;land;51.4688531162549;3.721359715994069;BU06540903;GM0654;BU06540903;GM0654;BU06540903;GM0654;False;False
117.0;105.0;3600.0;36173.4370117;388020.884094;Nederland;n.a.;N117-3,6MW;Vlissingen;Zeeland;land;51.46870631315307;3.6769730245127397;BU07180800;GM0718;BU07180800;GM0718;BU07180800;GM0718;False;False
71.0;64.0;2300.0;39419.435934;388184.679283;Nederland;n.a.;n.a.;Borsele;Zeeland;land;51.470853148346436;3.7236187398491936;BU06540903;GM0654;BU06540903;GM0654;BU06540903;GM0654;False;False
149.0;135.0;4300.0;108925.214482;388219.425283;Nederland;n.a.;n.a.;Zundert;Noord-Brabant;land;51.48113560171865;4.723917797771702;BU08790408;GM0879;BU08790408;GM0879;BU08790408;GM0879;False;False
136.0;112.0;3600.0;109719.910178;388254.848027;België;n.a.;V136-3.6MW;n.a.;n.a.;land;51.4815184128297;4.735352806158525;n.a.;n.a.;n.a.;n.a.;n.a.;n.a.;False;False
71.0;64.0;2300.0;36412.6928;388309.526637;Nederland;n.a.;n.a.;Vlissingen;Zeeland;land;51.47135028378952;3.680317844376685;BU07180800;GM0718;BU07180800;GM0718;BU07180800;GM0718;False;False
70.0;64.0;2300.0;37762.9079;388394.9658;Nederland;n.a.;n.a.;Borsele;Zeeland;land;51.47240050626458;3.699715604084372;BU06540903;GM0654;BU06540903;GM0654;BU06540903;GM0654;False;False
70.0;64.0;2300.0;36589.4004069;388466.06377;Nederland;n.a.;n.a.;Vlissingen;Zeeland;land;51.472793995994685;3.6828075425955196;BU07180800;GM0718;BU07180800;GM0718;BU07180800;GM0718;False;False
70.0;64.0;2300.0;37546.5659993;388571.482186;Nederland;n.a.;n.a.;Vlissingen;Zeeland;land;51.473941543431856;3.6965440019847375;BU07180800;GM0718;BU07180800;GM0718;BU07180800;GM0718;False;False
136.0;112.0;3600.0;109916.357472;388735.296602;België;n.a.;V136-3.6MW;n.a.;n.a.;land;51.485852526193504;4.738119095343455;n.a.;n.a.;n.a.;n.a.;n.a.;n.a.;False;False
149.0;135.0;4500.0;109223.643613;388747.084654;Nederland;n.a.;n.a.;Zundert;Noord-Brabant;land;51.48590261854647;4.728144985682763;BU08790408;GM0879;BU08790408;GM0879;BU08790408;GM0879;False;False
70.0;64.0;2300.0;38626.4159;388752.6307;Nederland;n.a.;n.a.;Borsele;Zeeland;land;51.47579330392728;3.712021402464906;BU06540903;GM0654;BU06540903;GM0654;BU06540903;GM0654;False;False
70.0;64.0;2300.0;37424.3458517;388980.664143;Nederland;n.a.;n.a.;Vlissingen;Zeeland;land;51.47759275188918;3.6946487387714972;BU07180800;GM0718;BU07180800;GM0718;BU07180800;GM0718;False;False
136.0;112.0;3200.0;110589.904934;388986.916997;België;n.a.;SWT-DD-3.2-113;n.a.;n.a.;land;51.488167638075126;4.747783997279413;n.a.;n.a.;n.a.;n.a.;n.a.;n.a.;False;False
70.0;100.0;2300.0;36755.7818;389003.1998;Nederland;n.a.;n.a.;Middelburg;Zeeland;land;51.47765533855456;3.685020925167803;BU06874957;GM0687;BU06874957;GM0687;BU06874957;GM0687;False;False
70.0;64.0;2300.0;38337.6205;389037.7083;Nederland;n.a.;n.a.;Borsele;Zeeland;land;51.47829515898355;3.7077714127191452;BU06540903;GM0654;BU06540903;GM0654;BU06540903;GM0654;False;False
70.0;100.0;2300.0;36949.7047;389118.1159;Nederland;n.a.;n.a.;Middelburg;Zeeland;land;51.47872857486338;3.6877728081892895;BU06874957;GM0687;BU06874957;GM0687;BU06874957;GM0687;False;False
70.0;64.0;2300.0;38139.9692515;389185.809754;Nederland;n.a.;n.a.;Vlissingen;Zeeland;land;51.47958496831678;3.7048780698347485;BU07180800;GM0718;BU07180800;GM0718;BU07180800;GM0718;False;False
149.0;135.0;4500.0;109471.72436;389193.427893;Nederland;n.a.;n.a.;Zundert;Noord-Brabant;land;51.48993453119506;4.73165867544076;BU08790408;GM0879;BU08790408;GM0879;BU08790408;GM0879;False;False
70.0;100.0;2300.0;37143.7836;389231.8851;Nederland;n.a.;n.a.;Middelburg;Zeeland;land;51.47979147400187;3.6905274505340833;BU06874957;GM0687;BU06874957;GM0687;BU06874957;GM0687;False;False
52.2;64.0;1000.0;39060.1123;389251.9865;Nederland;n.a.;n.a.;Borsele;Zeeland;land;51.48036970256914;3.718097318235917;BU06540802;GM0654;BU06540802;GM0654;BU06540802;GM0654;False;False
100.0;99.0;3000.0;110037.7852;389321.3737;Nederland;n.a.;n.a.;Breda;Noord-Brabant;land;51.49112999863366;4.739792288227779;BU07580506;GM0758;BU07580506;GM0758;BU07580506;GM0758;False;False
70.0;100.0;2300.0;37344.6815;389332.8749;Nederland;n.a.;n.a.;Middelburg;Zeeland;land;51.48074090374404;3.6933846247675914;BU06874957;GM0687;BU06874957;GM0687;BU06874957;GM0687;False;False
52.2;64.0;1000.0;38868.6115;389370.8592;Nederland;n.a.;n.a.;Borsele;Zeeland;land;51.48139839925122;3.7153022914439897;BU06540802;GM0654;BU06540802;GM0654;BU06540802;GM0654;False;False
70.0;100.0;2300.0;37548.0966;389430.2567;Nederland;n.a.;n.a.;Middelburg;Zeeland;land;51.48165836917812;3.696279347883423;BU06874957;GM0687;BU06874957;GM0687;BU06874957;GM0687;False;False
52.2;64.0;1000.0;38661.1645;389454.1807;Nederland;n.a.;n.a.;Borsele;Zeeland;land;51.482104288790666;3.7122894135140645;BU06540802;GM0654;BU06540802;GM0654;BU06540802;GM0654;False;False
136.0;112.0;3200.0;110705.721383;389457.232758;België;n.a.;SWT-DD-3.2-113;n.a.;n.a.;land;51.4924040469176;4.749392184530601;n.a.;n.a.;n.a.;n.a.;n.a.;n.a.;False;False
70.0;100.0;2300.0;37761.7723;389498.1236;Nederland;n.a.;n.a.;Middelburg;Zeeland;land;51.48231269266708;3.6993316863275587;BU06874957;GM0687;BU06874957;GM0687;BU06874957;GM0687;False;False
52.2;64.0;1000.0;38448.414;389512.5502;Nederland;n.a.;n.a.;Borsele;Zeeland;land;51.4825847959476;3.709208386893908;BU06540802;GM0654;BU06540802;GM0654;BU06540802;GM0654;False;False
52.2;64.0;1000.0;38024.7619;389537.3561;Nederland;n.a.;n.a.;Borsele;Zeeland;land;51.482719883660145;3.70310332225346;BU06540802;GM0654;BU06540802;GM0654;BU06540802;GM0654;False;False
52.2;64.0;1000.0;38230.1598;389540.3384;Nederland;n.a.;n.a.;Borsele;Zeeland;land;51.482789291865004;3.706058242969999;BU06540802;GM0654;BU06540802;GM0654;BU06540802;GM0654;False;False
149.0;135.0;4500.0;109661.055698;389616.454688;Nederland;n.a.;n.a.;Zundert;Noord-Brabant;land;51.493752040064926;4.73433006174404;BU08790408;GM0879;BU08790408;GM0879;BU08790408;GM0879;False;False
136.0;112.0;3200.0;110815.453042;389967.189274;België;n.a.;SWT-DD-3.2-113;n.a.;n.a.;land;51.496996253773986;4.750908065570471;n.a.;n.a.;n.a.;n.a.;n.a.;n.a.;False;False
13.0;15.0;15.0;36762.07;390174.85;Nederland;n.a.;EAZ wind;Middelburg;Zeeland;land;51.488184450771996;3.6847175677524415;BU06874957;GM0687;BU06874957;GM0687;BU06874957;GM0687;False;False
100.0;99.0;3000.0;110424.286;390345.6938;Nederland;n.a.;n.a.;Breda;Noord-Brabant;land;51.500367497120195;4.745227280293837;BU07580506;GM0758;BU07580506;GM0758;BU07580506;GM0758;False;False
100.0;99.0;3000.0;110743.9813;390816.4961;Nederland;n.a.;n.a.;Breda;Noord-Brabant;land;51.50462437217407;4.749771931391083;BU07580506;GM0758;BU07580506;GM0758;BU07580506;GM0758;False;False
52.0;49.0;850.0;75409.7317;391750.2261;Nederland;n.a.;n.a.;Bergen op Zoom;Noord-Brabant;land;51.509130040296824;4.240708821799212;BU07480306;GM0748;BU07480306;GM0748;BU07480306;GM0748;False;False
164.0;105.0;8400.0;-12602.7151693;391808.223933;België;n.a.;V164;n.a.;n.a.;zee;51.490332997387526;2.973657296802311;n.a.;n.a.;n.a.;n.a.;n.a.;n.a.;False;False
52.0;49.0;850.0;75278.3256;391929.9157;Nederland;n.a.;n.a.;Bergen op Zoom;Noord-Brabant;land;51.51072634765421;4.238775506199739;BU07480306;GM0748;BU07480306;GM0748;BU07480306;GM0748;False;False
52.0;49.0;850.0;75027.3955;392068.8464;Nederland;n.a.;n.a.;Bergen op Zoom;Noord-Brabant;land;51.51193934683662;4.235129809978667;BU07480306;GM0748;BU07480306;GM0748;BU07480306;GM0748;False;False
52.0;49.0;850.0;74860.4054;392130.2668;Nederland;n.a.;n.a.;Bergen op Zoom;Noord-Brabant;land;51.5124675917468;4.2327106296957755;BU07480306;GM0748;BU07480306;GM0748;BU07480306;GM0748;False;False
52.0;49.0;850.0;74681.8763;392150.124;Nederland;n.a.;n.a.;Bergen op Zoom;Noord-Brabant;land;51.51262060531441;4.230134697987647;BU07480306;GM0748;BU07480306;GM0748;BU07480306;GM0748;False;False
117.0;90.0;2400.0;145046.78;392157.4982;Nederland;n.a.;n.a.;Oirschot;Noord-Brabant;land;51.51832916314624;5.243800745086034;BU08230109;GM0823;BU08230109;GM0823;BU08230109;GM0823;False;False
52.0;49.0;850.0;74503.4053;392170.5953;Nederland;n.a.;n.a.;Bergen op Zoom;Noord-Brabant;land;51.51277908932161;4.227559445472136;BU07480306;GM0748;BU07480306;GM0748;BU07480306;GM0748;False;False
164.0;105.0;8400.0;-11844.9551214;392189.001326;België;n.a.;V164;n.a.;n.a.;zee;51.4939781976416;2.984379497599093;n.a.;n.a.;n.a.;n.a.;n.a.;n.a.;False;False
52.0;49.0;850.0;74324.1133;392191.3895;Nederland;n.a.;n.a.;Bergen op Zoom;Noord-Brabant;land;51.51294030075826;4.224972276146505;BU07480306;GM0748;BU07480306;GM0748;BU07480306;GM0748;False;False
52.0;49.0;850.0;74145.4944;392213.0358;Nederland;n.a.;n.a.;Bergen op Zoom;Noord-Brabant;land;51.51310920944203;4.222394587667733;BU07480306;GM0748;BU07480306;GM0748;BU07480306;GM0748;False;False
117.0;90.0;2400.0;144637.0375;392360.8968;Nederland;n.a.;n.a.;Oirschot;Noord-Brabant;land;51.5201500435979;5.237891424475662;BU08230109;GM0823;BU08230109;GM0823;BU08230109;GM0823;False;False
164.0;105.0;8400.0;-12891.3272547;392402.529315;België;n.a.;V164;n.a.;n.a.;zee;51.49558519741355;2.96922089665611;n.a.;n.a.;n.a.;n.a.;n.a.;n.a.;False;False
117.0;90.0;2400.0;144100.098271;392604.706475;Nederland;n.a.;n.a.;Oisterwijk;Noord-Brabant;land;51.522331416501935;5.230147657537725;BU08241402;GM0824;BU08241401;GM0824;BU08241401;GM0824;True;False
164.0;105.0;8400.0;-10933.4463354;392694.095498;België;n.a.;V164;n.a.;n.a.;zee;51.49878439829287;2.997257297860899;n.a.;n.a.;n.a.;n.a.;n.a.;n.a.;False;False
117.0;90.0;2400.0;143510.340353;392856.714357;Nederland;n.a.;n.a.;Oisterwijk;Noord-Brabant;land;51.52458489043611;5.2216417967744935;BU08241402;GM0824;BU08241401;GM0824;BU08241401;GM0824;True;False
164.0;105.0;8400.0;-13637.9401882;392944.903861;België;n.a.;V164;n.a.;n.a.;zee;51.500233797844714;2.958217097122007;n.a.;n.a.;n.a.;n.a.;n.a.;n.a.;False;False
164.0;105.0;8400.0;-11743.4193688;393041.174199;België;n.a.;V164;n.a.;n.a.;zee;51.501662697870316;2.9854362968647483;n.a.;n.a.;n.a.;n.a.;n.a.;n.a.;False;False
164.0;105.0;8400.0;-12520.6714045;393111.913814;België;n.a.;V164;n.a.;n.a.;zee;51.502067397497875;2.974216497377261;n.a.;n.a.;n.a.;n.a.;n.a.;n.a.;False;False
164.0;105.0;8400.0;-10271.9264864;393239.839113;België;n.a.;V164;n.a.;n.a.;zee;51.50388099870223;3.006520697511588;n.a.;n.a.;n.a.;n.a.;n.a.;n.a.;False;False
33.4;27.0;300.0;28934.4958;393318.3095;Nederland;n.a.;n.a.;Veere;Zeeland;land;51.514730958723426;3.5709344753235372;BU07170709;GM0717;BU07170709;GM0717;BU07170709;GM0717;False;False
164.0;105.0;8400.0;-9481.54214026;393375.721732;België;n.a.;V164;n.a.;n.a.;zee;51.505332998820606;3.0178329989137294;n.a.;n.a.;n.a.;n.a.;n.a.;n.a.;False;False
149.0;135.0;4300.0;110553.385718;393460.434726;Nederland;n.a.;n.a.;Breda;Noord-Brabant;land;51.52837354127812;4.746692278271862;BU07580309;GM0758;BU07580309;GM0758;BU07580309;GM0758;False;False
149.0;135.0;4300.0;111026.590748;393465.398917;Nederland;n.a.;n.a.;Breda;Noord-Brabant;land;51.52845534051233;4.753510495175552;BU07580309;GM0758;BU07580309;GM0758;BU07580309;GM0758;False;False
164.0;105.0;8400.0;-13729.1631198;393610.508922;België;n.a.;V164;n.a.;n.a.;zee;51.50618499739196;2.9565846975057033;n.a.;n.a.;n.a.;n.a.;n.a.;n.a.;False;False
149.0;135.0;4300.0;110760.743377;393822.305148;Nederland;n.a.;n.a.;Breda;Noord-Brabant;land;51.53164243503989;4.7496346642640495;BU07580309;GM0758;BU07580309;GM0758;BU07580309;GM0758;False;False
164.0;105.0;8400.0;-14439.2141462;393829.10525;België;n.a.;V164;n.a.;n.a.;zee;51.50793519819223;2.9462594977992036;n.a.;n.a.;n.a.;n.a.;n.a.;n.a.;False;False
164.0;105.0;8400.0;-8535.77329851;393842.073659;België;n.a.;V164;n.a.;n.a.;zee;51.50979749936846;3.0312287978242347;n.a.;n.a.;n.a.;n.a.;n.a.;n.a.;False;False
164.0;105.0;8400.0;-11715.3925469;394021.508333;België;n.a.;V164;n.a.;n.a.;zee;51.5104765977205;2.98537449784;n.a.;n.a.;n.a.;n.a.;n.a.;n.a.;False;False
164.0;105.0;8400.0;-10635.8686062;394070.608867;België;n.a.;V164;n.a.;n.a.;zee;51.511236299503025;3.0008908976908666;n.a.;n.a.;n.a.;n.a.;n.a.;n.a.;False;False
164.0;105.0;8400.0;-9365.59744887;394364.479697;België;n.a.;V164;n.a.;n.a.;zee;51.51424829865894;3.0190391993208885;n.a.;n.a.;n.a.;n.a.;n.a.;n.a.;False;False
164.0;105.0;8400.0;-14936.9087699;394372.615781;België;n.a.;V164;n.a.;n.a.;zee;51.512666998111555;2.9388329966448183;n.a.;n.a.;n.a.;n.a.;n.a.;n.a.;False;False
164.0;105.0;8400.0;-14032.4256265;394479.047229;België;n.a.;V164;n.a.;n.a.;zee;51.513895297465595;2.9518018975078726;n.a.;n.a.;n.a.;n.a.;n.a.;n.a.;False;False
164.0;105.0;8400.0;-7538.02580585;394591.152591;België;n.a.;V164;n.a.;n.a.;zee;51.51681509876741;3.045244697607584;n.a.;n.a.;n.a.;n.a.;n.a.;n.a.;False;False
164.0;105.0;8400.0;-12888.1875789;394765.455015;België;n.a.;V164;n.a.;n.a.;zee;51.516810297603854;2.9681369967960918;n.a.;n.a.;n.a.;n.a.;n.a.;n.a.;False;False
164.0;105.0;8400.0;-11207.7434995;394899.870389;België;n.a.;V164;n.a.;n.a.;zee;51.518516398470524;2.9922662969995684;n.a.;n.a.;n.a.;n.a.;n.a.;n.a.;False;False
164.0;105.0;8400.0;-10174.5743581;395070.709715;België;n.a.;V164;n.a.;n.a.;zee;51.5203550989336;3.0070608974963715;n.a.;n.a.;n.a.;n.a.;n.a.;n.a.;False;False
13.0;15.0;15.0;96091.5901993;395121.679294;Nederland;n.a.;EAZ wind;Rucphen;Noord-Brabant;land;51.54197628427552;4.5380271538896375;BU08400009;GM0840;BU08400009;GM0840;BU08400009;GM0840;False;False
164.0;105.0;8400.0;-7849.59807856;395187.17237;België;n.a.;V164;n.a.;n.a.;zee;51.52207879947184;3.0404824974101707;n.a.;n.a.;n.a.;n.a.;n.a.;n.a.;False;False
126.0;95.0;6000.0;-15646.3868246;395305.703564;België;n.a.;n.a.;n.a.;n.a.;zee;51.52083329869871;2.928166697349659;n.a.;n.a.;n.a.;n.a.;n.a.;n.a.;False;False
164.0;105.0;8400.0;-11921.4752641;395645.34652;België;n.a.;V164;n.a.;n.a.;zee;51.525001197895286;2.9816360964853903;n.a.;n.a.;n.a.;n.a.;n.a.;n.a.;False;False
126.0;95.0;6000.0;-14824.4633994;395708.406936;België;n.a.;n.a.;n.a.;n.a.;zee;51.52469899769608;2.9398055970511945;n.a.;n.a.;n.a.;n.a.;n.a.;n.a.;False;False
164.0;105.0;8400.0;-12666.6090282;395799.800166;België;n.a.;V164;n.a.;n.a.;zee;51.52616699818292;2.970832997411945;n.a.;n.a.;n.a.;n.a.;n.a.;n.a.;False;False
126.0;95.0;6000.0;-16129.9472689;395802.083974;België;n.a.;n.a.;n.a.;n.a.;zee;51.525144898920885;2.9209626965303617;n.a.;n.a.;n.a.;n.a.;n.a.;n.a.;False;False
164.0;105.0;8400.0;-8473.23064437;395823.523813;België;n.a.;V164;n.a.;n.a.;zee;51.52761399833778;3.0312065991810906;n.a.;n.a.;n.a.;n.a.;n.a.;n.a.;False;False
164.0;105.0;8400.0;-6258.08314464;396055.057466;België;n.a.;V164;n.a.;n.a.;zee;51.53033299906002;3.062999997977757;n.a.;n.a.;n.a.;n.a.;n.a.;n.a.;False;False
126.0;95.0;6000.0;-15349.4961191;396194.626367;België;n.a.;n.a.;n.a.;n.a.;zee;51.52890749857009;2.9320097972940498;n.a.;n.a.;n.a.;n.a.;n.a.;n.a.;False;False
126.0;95.0;6000.0;-14070.0521955;396232.767613;België;n.a.;n.a.;n.a.;n.a.;zee;51.52963599774263;2.950415696990986;n.a.;n.a.;n.a.;n.a.;n.a.;n.a.;False;False
126.0;95.0;6000.0;-16609.6297039;396297.804346;België;n.a.;n.a.;n.a.;n.a.;zee;51.529451298375484;2.913813497097652;n.a.;n.a.;n.a.;n.a.;n.a.;n.a.;False;False
164.0;105.0;8400.0;-8870.7898827;396494.560375;België;n.a.;V164;n.a.;n.a.;zee;51.53352589874783;3.0251681979623886;n.a.;n.a.;n.a.;n.a.;n.a.;n.a.;False;False
164.0;105.0;8400.0;-9861.03457683;396496.39913;België;n.a.;V164;n.a.;n.a.;zee;51.533253098123794;3.010905597891244;n.a.;n.a.;n.a.;n.a.;n.a.;n.a.;False;False
90.0;105.0;3000.0;89128.3734;396619.6178;Nederland;n.a.;n.a.;Roosendaal;Noord-Brabant;land;51.55466673994053;4.437382259933579;BU16740309;GM1674;BU16740309;GM1674;BU16740309;GM1674;False;False
164.0;105.0;8400.0;-6504.48706915;396659.856777;België;n.a.;V164;n.a.;n.a.;zee;51.53569499892919;3.0591729970973827;n.a.;n.a.;n.a.;n.a.;n.a.;n.a.;False;False
126.0;95.0;6000.0;-15873.3027257;396678.414101;België;n.a.;n.a.;n.a.;n.a.;zee;51.53309399857273;2.9242313974124805;n.a.;n.a.;n.a.;n.a.;n.a.;n.a.;False;False
126.0;95.0;6000.0;-14618.0193133;396686.968169;België;n.a.;n.a.;n.a.;n.a.;zee;51.53355069828794;2.9423051972400156;n.a.;n.a.;n.a.;n.a.;n.a.;n.a.;False;False
131.0;114.0;3000.0;209322.523669;396710.283246;Duitsland;n.a.;n.a.;n.a.;n.a.;land;51.55671397347392;6.170521480938865;n.a.;n.a.;n.a.;n.a.;n.a.;n.a.;False;False
126.0;95.0;6000.0;-13353.436007;396723.334426;België;n.a.;n.a.;n.a.;n.a.;zee;51.53425719761846;2.960499997153145;n.a.;n.a.;n.a.;n.a.;n.a.;n.a.;False;False
131.0;134.0;3000.0;208979.418963;396770.367349;Duitsland;n.a.;n.a.;n.a.;n.a.;land;51.5572870669917;6.165583673320999;n.a.;n.a.;n.a.;n.a.;n.a.;n.a.;False;False
126.0;95.0;6000.0;-17087.8381704;396793.468674;België;n.a.;n.a.;n.a.;n.a.;zee;51.53375719870755;2.9066841966599686;n.a.;n.a.;n.a.;n.a.;n.a.;n.a.;False;False
164.0;105.0;8400.0;-5501.66696333;396889.863994;België;n.a.;V164;n.a.;n.a.;zee;51.53804809858728;3.073511797085282;n.a.;n.a.;n.a.;n.a.;n.a.;n.a.;False;False
90.0;105.0;3000.0;89491.7329;397051.1604;Nederland;n.a.;n.a.;Roosendaal;Noord-Brabant;land;51.55858773307541;4.442540281042637;BU16740309;GM1674;BU16740309;GM1674;BU16740309;GM1674;False;False
164.0;105.0;8400.0;-10821.3135346;397073.849554;België;n.a.;V164;n.a.;n.a.;zee;51.538157699223014;2.9968026973185884;n.a.;n.a.;n.a.;n.a.;n.a.;n.a.;False;False
117.0;141.0;2400.0;208836.408154;397082.704909;Duitsland;n.a.;n.a.;n.a.;n.a.;land;51.56010805493753;6.163569647054017;n.a.;n.a.;n.a.;n.a.;n.a.;n.a.;False;False
117.0;141.0;2400.0;209304.215861;397085.310835;Duitsland;n.a.;n.a.;n.a.;n.a.;land;51.56008646095718;6.170315651504332;n.a.;n.a.;n.a.;n.a.;n.a.;n.a.;False;False
126.0;95.0;6000.0;-13855.0909045;397108.084961;België;n.a.;n.a.;n.a.;n.a.;zee;51.537562698234815;2.9530899971157654;n.a.;n.a.;n.a.;n.a.;n.a.;n.a.;False;False
126.0;95.0;6000.0;-15147.7530883;397139.3493;België;n.a.;n.a.;n.a.;n.a.;zee;51.53745399820901;2.9344567969194975;n.a.;n.a.;n.a.;n.a.;n.a.;n.a.;False;False
82.0;78.0;2300.0;61977.838;397159.0432;Nederland;n.a.;n.a.;Tholen;Zeeland;land;51.55567782205534;4.04583610481362;BU07160309;GM0716;BU07160309;GM0716;BU07160309;GM0716;False;False
126.0;95.0;6000.0;-16394.3436064;397169.370299;België;n.a.;n.a.;n.a.;n.a.;zee;51.53734519895245;2.916487897153933;n.a.;n.a.;n.a.;n.a.;n.a.;n.a.;False;False
13.0;15.0;25.0;39271.9858024;397280.387525;Nederland;n.a.;BW10;Noord-Beveland;Zeeland;land;51.5525528452689;3.7185003736423243;BU16950309;GM1695;BU16950309;GM1695;BU16950309;GM1695;False;False
126.0;95.0;6000.0;-17574.8009413;397288.245782;België;n.a.;n.a.;n.a.;n.a.;zee;51.53805199840244;2.899427897755681;n.a.;n.a.;n.a.;n.a.;n.a.;n.a.;False;False
164.0;105.0;8400.0;-8973.91276633;397358.61986;België;n.a.;V164;n.a.;n.a.;zee;51.54125719876684;3.023279097776068;n.a.;n.a.;n.a.;n.a.;n.a.;n.a.;False;False
126.0;95.0;6000.0;-14254.1403188;397404.669605;België;n.a.;n.a.;n.a.;n.a.;zee;51.54010669790482;2.947199397371033;n.a.;n.a.;n.a.;n.a.;n.a.;n.a.;False;False
131.0;134.0;3000.0;208668.361666;397445.759529;Duitsland;n.a.;n.a.;n.a.;n.a.;land;51.56338724095258;6.161202116144119;n.a.;n.a.;n.a.;n.a.;n.a.;n.a.;False;False
164.0;105.0;8400.0;-5935.57590281;397448.917179;België;n.a.;V164;n.a.;n.a.;zee;51.5429458986258;3.0670051980144377;n.a.;n.a.;n.a.;n.a.;n.a.;n.a.;False;False
164.0;105.0;8400.0;-7026.6242967;397483.847023;België;n.a.;V164;n.a.;n.a.;zee;51.542946398486784;3.0512718976032924;n.a.;n.a.;n.a.;n.a.;n.a.;n.a.;False;False
90.0;105.0;3000.0;89934.4718;397490.94;Nederland;n.a.;n.a.;Roosendaal;Noord-Brabant;land;51.56259172488615;4.448842304370015;BU16740309;GM1674;BU16740309;GM1674;BU16740309;GM1674;False;False
82.0;78.0;2300.0;61849.8388;397525.0437;Nederland;n.a.;n.a.;Tholen;Zeeland;land;51.55894572836355;4.043893567035822;BU07160309;GM0716;BU07160309;GM0716;BU07160309;GM0716;False;False
164.0;105.0;8400.0;-5062.29170825;397580.869308;België;n.a.;V164;n.a.;n.a.;zee;51.54438039858217;3.079525297725525;n.a.;n.a.;n.a.;n.a.;n.a.;n.a.;False;False
126.0;95.0;6000.0;-15693.0186749;397595.911142;België;n.a.;n.a.;n.a.;n.a.;zee;51.541389598111095;2.926381296782689;n.a.;n.a.;n.a.;n.a.;n.a.;n.a.;False;False
13.0;30.0;75.0;119352.327632;397650.345995;Nederland;n.a.;n.a.;Gilze en Rijen;Noord-Brabant;land;51.56666001565678;4.8730602003608405;BU07840402;GM0784;BU07840402;GM0784;BU07840402;GM0784;False;False
126.0;95.0;6000.0;-16915.351523;397657.934261;België;n.a.;n.a.;n.a.;n.a.;zee;51.54157439893151;2.908744597468592;n.a.;n.a.;n.a.;n.a.;n.a.;n.a.;False;False
126.0;95.0;6000.0;-14654.1472013;397707.354314;België;n.a.;n.a.;n.a.;n.a.;zee;51.54270489792636;2.941291397157189;n.a.;n.a.;n.a.;n.a.;n.a.;n.a.;False;False
77.0;85.0;1500.0;209829.846114;397759.698117;Duitsland;n.a.;n.a.;n.a.;n.a.;land;51.56609674452644;6.178000604354675;n.a.;n.a.;n.a.;n.a.;n.a.;n.a.;False;False
77.0;85.0;1500.0;209396.876057;397773.016707;Duitsland;n.a.;n.a.;n.a.;n.a.;land;51.56625853984241;6.171758598932598;n.a.;n.a.;n.a.;n.a.;n.a.;n.a.;False;False
126.0;95.0;6000.0;-18054.2354904;397782.749548;België;n.a.;n.a.;n.a.;n.a.;zee;51.54234619760895;2.892278797110568;n.a.;n.a.;n.a.;n.a.;n.a.;n.a.;False;False
82.0;78.0;2300.0;61716.8395;397824.0441;Nederland;n.a.;n.a.;Tholen;Zeeland;land;51.56161066821858;4.041896495452906;BU07160309;GM0716;BU07160309;GM0716;BU07160309;GM0716;False;False
164.0;105.0;8400.0;-10095.4770066;397836.256757;België;n.a.;V164;n.a.;n.a.;zee;51.545219399327124;3.0068984976519033;n.a.;n.a.;n.a.;n.a.;n.a.;n.a.;False;False
77.0;85.0;1500.0;209824.339461;397994.052665;Duitsland;n.a.;n.a.;n.a.;n.a.;land;51.568203637662734;6.177957888162049;n.a.;n.a.;n.a.;n.a.;n.a.;n.a.;False;False
126.0;95.0;6000.0;-15045.9081181;398013.157543;België;n.a.;n.a.;n.a.;n.a.;zee;51.545333297813556;2.9354999974506386;n.a.;n.a.;n.a.;n.a.;n.a.;n.a.;False;False
126.0;95.0;6000.0;-16234.7581397;398046.326706;België;n.a.;n.a.;n.a.;n.a.;zee;51.545270498804165;2.9183581977443676;n.a.;n.a.;n.a.;n.a.;n.a.;n.a.;False;False
164.0;105.0;8400.0;-9215.18617959;398098.154297;België;n.a.;V164;n.a.;n.a.;zee;51.547829599225736;3.0194572979797156;n.a.;n.a.;n.a.;n.a.;n.a.;n.a.;False;False
77.0;85.0;1500.0;209482.619367;398140.7328;Duitsland;n.a.;n.a.;n.a.;n.a.;land;51.56955522976268;6.173052373129777;n.a.;n.a.;n.a.;n.a.;n.a.;n.a.;False;False
126.0;95.0;6000.0;-17440.037424;398142.996898;België;n.a.;n.a.;n.a.;n.a.;zee;51.54577049829866;2.900948597579847;n.a.;n.a.;n.a.;n.a.;n.a.;n.a.;False;False
82.0;78.0;2300.0;61566.8404;398212.0446;Nederland;n.a.;n.a.;Tholen;Zeeland;land;51.56507255353137;4.0396303327562;BU07160309;GM0716;BU07160309;GM0716;BU07160309;GM0716;False;False
126.0;95.0;6000.0;-12481.5643411;398256.225371;België;n.a.;n.a.;n.a.;n.a.;zee;51.54828609831805;2.9723247976349936;n.a.;n.a.;n.a.;n.a.;n.a.;n.a.;False;False
126.0;95.0;6000.0;-18542.4671736;398280.533615;België;n.a.;n.a.;n.a.;n.a.;zee;51.546666697769794;2.88499999689636;n.a.;n.a.;n.a.;n.a.;n.a.;n.a.;False;False
77.0;85.0;1500.0;209859.389783;398288.093938;Duitsland;n.a.;n.a.;n.a.;n.a.;land;51.57084302812396;6.178509467077898;n.a.;n.a.;n.a.;n.a.;n.a.;n.a.;False;False
164.0;105.0;8400.0;-5973.98708382;398312.471192;België;n.a.;V164;n.a.;n.a.;zee;51.550691899063644;3.0660553979464016;n.a.;n.a.;n.a.;n.a.;n.a.;n.a.;False;False
126.0;95.0;6000.0;-15447.7683319;398318.632674;België;n.a.;n.a.;n.a.;n.a.;zee;51.54795539862253;2.929562597659866;n.a.;n.a.;n.a.;n.a.;n.a.;n.a.;False;False
164.0;105.0;8400.0;-7158.57775966;398367.641688;België;n.a.;V164;n.a.;n.a.;zee;51.5508470986762;3.0489622974242763;n.a.;n.a.;n.a.;n.a.;n.a.;n.a.;False;False
13.0;15.0;15.0;198172.203225;398380.148023;Nederland;n.a.;EAZ wind;Land van Cuijk;Noord-Brabant;land;51.57269027008583;6.009952150481121;BU19823201;GM1982;BU19823201;GM1982;BU19823201;GM1982;False;False
126.0;95.0;6000.0;-11462.985179;398429.440539;België;n.a.;n.a.;n.a.;n.a.;zee;51.5501443981057;2.9869168966740522;n.a.;n.a.;n.a.;n.a.;n.a.;n.a.;False;False
82.0;78.0;2000.0;61473.5131285;398482.6609;Nederland;n.a.;n.a.;Tholen;Zeeland;land;51.56748894514155;4.038212383709096;BU07160309;GM0716;BU07160309;GM0716;BU07160309;GM0716;False;False
126.0;95.0;6000.0;-16774.9757818;398502.776213;België;n.a.;n.a.;n.a.;n.a.;zee;51.54920549850319;2.910352697000409;n.a.;n.a.;n.a.;n.a.;n.a.;n.a.;False;False
126.0;95.0;6000.0;-15845.3770393;398616.449611;België;n.a.;n.a.;n.a.;n.a.;zee;51.55050969851124;2.9236894978301686;n.a.;n.a.;n.a.;n.a.;n.a.;n.a.;False;False
126.0;95.0;6000.0;-17993.996653;398655.697506;België;n.a.;n.a.;n.a.;n.a.;zee;51.550205297968674;2.892715796628316;n.a.;n.a.;n.a.;n.a.;n.a.;n.a.;False;False
126.0;95.0;6000.0;-12899.3217185;398661.439276;België;n.a.;n.a.;n.a.;n.a.;zee;51.551801198187725;2.9661122973857816;n.a.;n.a.;n.a.;n.a.;n.a.;n.a.;False;False
50.5;50.0;750.0;78676.2559;398700.5585;Nederland;n.a.;n.a.;Steenbergen;Noord-Brabant;land;51.57204691679867;4.286241917446786;BU08510008;GM0851;BU08510008;GM0851;BU08510008;GM0851;False;False
15.6;31.4;75.0;80200.9254;398701.7143;Nederland;n.a.;n.a.;Steenbergen;Noord-Brabant;land;51.572262325819;4.308231066959987;BU08510002;GM0851;BU08510002;GM0851;BU08510002;GM0851;False;False
126.0;95.0;6000.0;-12017.6284695;398960.700151;België;n.a.;n.a.;n.a.;n.a.;zee;51.55475179865327;2.978672896607629;n.a.;n.a.;n.a.;n.a.;n.a.;n.a.;False;False
164.0;105.0;8400.0;-6453.3425717;398962.264886;België;n.a.;V164;n.a.;n.a.;zee;51.55639129872493;3.058849497090926;n.a.;n.a.;n.a.;n.a.;n.a.;n.a.;False;False
164.0;105.0;8400.0;-7555.21846277;398969.246832;België;n.a.;V164;n.a.;n.a.;zee;51.55613649825445;3.0429684973987223;n.a.;n.a.;n.a.;n.a.;n.a.;n.a.;False;False
126.0;95.0;6000.0;-10855.0244154;399000.705214;België;n.a.;n.a.;n.a.;n.a.;zee;51.555455298738096;2.9954056971436063;n.a.;n.a.;n.a.;n.a.;n.a.;n.a.;False;False
126.0;95.0;6000.0;-16382.3254657;399025.508262;België;n.a.;n.a.;n.a.;n.a.;zee;51.55402039919756;2.9157537968189984;n.a.;n.a.;n.a.;n.a.;n.a.;n.a.;False;False
126.0;95.0;6000.0;-17406.1978243;399027.681835;België;n.a.;n.a.;n.a.;n.a.;zee;51.5537268979466;2.901000997716757;n.a.;n.a.;n.a.;n.a.;n.a.;n.a.;False;False
126.0;95.0;6000.0;-13320.2142326;399069.28911;België;n.a.;n.a.;n.a.;n.a.;zee;51.555338697843894;2.959852397689929;n.a.;n.a.;n.a.;n.a.;n.a.;n.a.;False;False
13.0;15.0;25.0;45628.5399179;399137.115292;Nederland;n.a.;BW10;Noord-Beveland;Zeeland;land;51.57050959852623;3.809542889139776;BU16950009;GM1695;BU16950009;GM1695;BU16950009;GM1695;False;False
126.0;95.0;6000.0;-16884.2216544;399411.412226;België;n.a.;n.a.;n.a.;n.a.;zee;51.55733329826724;2.9083332967672098;n.a.;n.a.;n.a.;n.a.;n.a.;n.a.;False;False
126.0;95.0;6000.0;-12563.0214754;399493.477978;België;n.a.;n.a.;n.a.;n.a.;zee;51.559374998237494;2.9705597968343156;n.a.;n.a.;n.a.;n.a.;n.a.;n.a.;False;False
126.0;95.0;6000.0;-10198.8914718;399519.972889;België;n.a.;n.a.;n.a.;n.a.;zee;51.560312698730755;3.0046151976131577;n.a.;n.a.;n.a.;n.a.;n.a.;n.a.;False;False
126.0;95.0;6000.0;-11416.5199717;399544.459738;België;n.a.;n.a.;n.a.;n.a.;zee;51.56017349815901;2.9870568966656967;n.a.;n.a.;n.a.;n.a.;n.a.;n.a.;False;False
164.0;105.0;8400.0;-7110.70417815;399659.457984;België;n.a.;V164;n.a.;n.a.;zee;51.56246469899559;3.049054497906888;n.a.;n.a.;n.a.;n.a.;n.a.;n.a.;False;False
117.0;91.0;2400.0;131605.0139;399738.9413;Nederland;n.a.;n.a.;Tilburg;Noord-Brabant;land;51.58607675459563;5.04963568797292;BU08555904;GM0855;BU08555904;GM0855;BU08555904;GM0855;False;False
126.0;95.0;6000.0;-13121.3750976;400027.230199;België;n.a.;n.a.;n.a.;n.a.;zee;51.564002497941495;2.9622577973106665;n.a.;n.a.;n.a.;n.a.;n.a.;n.a.;False;False
126.0;95.0;6000.0;-10770.4685375;400068.483153;België;n.a.;n.a.;n.a.;n.a.;zee;51.56507129936779;2.9961188975334663;n.a.;n.a.;n.a.;n.a.;n.a.;n.a.;False;False
154.0;106.0;7350.0;-14768.0863866;400082.056283;België;n.a.;SWT7.0-154;n.a.;n.a.;zee;51.563999998242885;2.9384999972952537;n.a.;n.a.;n.a.;n.a.;n.a.;n.a.;False;False
126.0;95.0;6000.0;-11983.5670236;400084.98104;België;n.a.;n.a.;n.a.;n.a.;zee;51.56486039788132;2.978627897571761;n.a.;n.a.;n.a.;n.a.;n.a.;n.a.;False;False
164.0;105.0;8400.0;-7707.19036808;400116.652172;België;n.a.;V164;n.a.;n.a.;zee;51.56639909922553;3.0402457972190953;n.a.;n.a.;n.a.;n.a.;n.a.;n.a.;False;False
126.0;95.0;6000.0;-9817.53351165;400310.954308;België;n.a.;n.a.;n.a.;n.a.;zee;51.567529498413116;3.009738698275727;n.a.;n.a.;n.a.;n.a.;n.a.;n.a.;False;False
90.0;80.0;2000.0;129602.9446;400428.9087;Nederland;n.a.;n.a.;Tilburg;Noord-Brabant;land;51.59219154664946;5.020698340938453;BU08556004;GM0855;BU08556004;GM0855;BU08556004;GM0855;False;False
154.0;106.0;7350.0;-15359.3816458;400579.501171;België;n.a.;SWT7.0-154;n.a.;n.a.;zee;51.56828909858011;2.9297367982916622;n.a.;n.a.;n.a.;n.a.;n.a.;n.a.;False;False
126.0;95.0;6000.0;-11335.5194632;400609.801262;België;n.a.;n.a.;n.a.;n.a.;zee;51.569766598883184;2.9877182966478317;n.a.;n.a.;n.a.;n.a.;n.a.;n.a.;False;False
126.0;95.0;6000.0;-12549.8858347;400627.29522;België;n.a.;n.a.;n.a.;n.a.;zee;51.56956299786869;2.970206797896823;n.a.;n.a.;n.a.;n.a.;n.a.;n.a.;False;False
154.0;106.0;7350.0;-14165.2583626;400650.343117;België;n.a.;SWT7.0-154;n.a.;n.a.;zee;51.56928609777853;2.9469130970458193;n.a.;n.a.;n.a.;n.a.;n.a.;n.a.;False;False
90.0;95.0;2000.0;129820.9451;400656.9085;Nederland;n.a.;n.a.;Tilburg;Noord-Brabant;land;51.59425071999212;5.023827822275517;BU08556004;GM0855;BU08556004;GM0855;BU08556004;GM0855;False;False
164.0;105.0;8400.0;-8144.83444508;400698.649642;België;n.a.;V164;n.a.;n.a.;zee;51.571499998509935;3.0336669980719697;n.a.;n.a.;n.a.;n.a.;n.a.;n.a.;False;False
126.0;95.0;6000.0;-10254.0858378;400729.298625;België;n.a.;n.a.;n.a.;n.a.;zee;51.57115899832828;3.003249298617648;n.a.;n.a.;n.a.;n.a.;n.a.;n.a.;False;False
149.0;125.0;5000.0;50241.0705296;400839.740917;Nederland;n.a.;Nordex N149;Noord-Beveland;Zeeland;land;51.58668830227165;3.875545513958077;BU16950209;GM1695;BU16950209;GM1695;BU16950209;GM1695;False;False
14.0;15.0;25.0;38263.97;400928.21;Nederland;n.a.;n.a.;Noord-Beveland;Zeeland;land;51.585121782090994;3.7027556732809233;BU16950309;GM1695;BU16950309;GM1695;BU16950309;GM1695;False;False
167.0;116.0;8000.0;-6107.95740106;401022.737774;Nederland;Borssele II;SG 8.0-167 DD;n.a.;n.a.;zee;51.574998803063096;3.0628787957216335;n.a.;n.a.;n.a.;n.a.;n.a.;n.a.;False;False
90.0;95.0;2000.0;129480.945;401029.9088;Nederland;n.a.;n.a.;Tilburg;Noord-Brabant;land;51.59758806041154;5.018893968900534;BU08556004;GM0855;BU08556004;GM0855;BU08556004;GM0855;False;False
154.0;106.0;7350.0;-15948.9241897;401034.976557;België;n.a.;SWT7.0-154;n.a.;n.a.;zee;51.57220109898471;2.9210176976261715;n.a.;n.a.;n.a.;n.a.;n.a.;n.a.;False;False
154.0;106.0;7350.0;-14687.7699568;401132.568283;België;n.a.;SWT7.0-154;n.a.;n.a.;zee;51.57345989816979;2.939148497109274;n.a.;n.a.;n.a.;n.a.;n.a.;n.a.;False;False
126.0;95.0;6000.0;-10690.0068084;401142.709009;België;n.a.;n.a.;n.a.;n.a.;zee;51.57474399889851;2.996770297295965;n.a.;n.a.;n.a.;n.a.;n.a.;n.a.;False;False
90.0;80.0;2000.0;128899.9443;401149.9094;Nederland;n.a.;n.a.;Tilburg;Noord-Brabant;land;51.598639976909105;5.010499807591471;BU08556004;GM0855;BU08556004;GM0855;BU08556004;GM0855;False;False
126.0;95.0;6000.0;-11906.9360737;401155.740482;België;n.a.;n.a.;n.a.;n.a.;zee;51.574500898407294;2.9792219970091325;n.a.;n.a.;n.a.;n.a.;n.a.;n.a.;False;False
154.0;106.0;7350.0;-13577.1412441;401236.087979;België;n.a.;SWT7.0-154;n.a.;n.a.;zee;51.57472399807462;2.9551076982789204;n.a.;n.a.;n.a.;n.a.;n.a.;n.a.;False;False
149.0;125.0;5000.0;50056.974738;401245.360153;Nederland;n.a.;Nordex N149;Noord-Beveland;Zeeland;land;51.590298845874486;3.872768254991747;BU16950209;GM1695;BU16950209;GM1695;BU16950209;GM1695;False;False
117.0;91.0;3600.0;132406.357394;401250.429957;Nederland;n.a.;n.a.;Tilburg;Noord-Brabant;land;51.59969549931785;5.061100475895724;BU08556501;GM0855;BU08556501;GM0855;BU08556501;GM0855;False;False
90.0;95.0;2000.0;129204.9448;401315.9091;Nederland;n.a.;n.a.;Tilburg;Noord-Brabant;land;51.60014614213229;5.0148895433378025;BU08556004;GM0855;BU08556004;GM0855;BU08556004;GM0855;False;False
117.0;91.0;3600.0;36861.9090932;401418.335907;Nederland;n.a.;n.a.;Noord-Beveland;Zeeland;land;51.589232609911804;3.682367586206798;BU16950309;GM1695;BU16950309;GM1695;BU16950309;GM1695;False;False
117.0;91.0;3600.0;37597.1347303;401424.915226;Nederland;n.a.;n.a.;Noord-Beveland;Zeeland;land;51.589445896476406;3.6929708828861476;BU16950309;GM1695;BU16950309;GM1695;BU16950309;GM1695;False;False
117.0;91.0;3600.0;132678.415731;401487.146475;Nederland;n.a.;n.a.;Tilburg;Noord-Brabant;land;51.6018340925526;5.065012010736983;BU08556501;GM0855;BU08556501;GM0855;BU08556501;GM0855;False;False
154.0;106.0;7350.0;-16451.7613824;401586.32332;België;n.a.;SWT7.0-154;n.a.;n.a.;zee;51.576999998421634;2.913499997716797;n.a.;n.a.;n.a.;n.a.;n.a.;n.a.;False;False
154.0;106.0;7350.0;-15216.7342518;401628.68599;België;n.a.;SWT7.0-154;n.a.;n.a.;zee;51.577755998270575;2.93128269722274;n.a.;n.a.;n.a.;n.a.;n.a.;n.a.;False;False
117.0;91.0;3600.0;37244.3812645;401666.54347;Nederland;n.a.;n.a.;Noord-Beveland;Zeeland;land;51.59154316856193;3.687801124473623;BU16950309;GM1695;BU16950309;GM1695;BU16950309;GM1695;False;False
149.0;125.0;5000.0;49761.8193274;401670.212749;Nederland;n.a.;Nordex N149;Noord-Beveland;Zeeland;land;51.594061348735;3.8683824713631787;BU16950209;GM1695;BU16950209;GM1695;BU16950209;GM1695;False;False
117.0;91.0;3600.0;38052.5364745;401679.815319;Nederland;n.a.;n.a.;Noord-Beveland;Zeeland;land;51.59183129122396;3.6994548137877623;BU16950309;GM1695;BU16950309;GM1695;BU16950309;GM1695;False;False
154.0;106.0;7350.0;-14036.883657;401703.591485;België;n.a.;SWT7.0-154;n.a.;n.a.;zee;51.5787849980032;2.9482548972024905;n.a.;n.a.;n.a.;n.a.;n.a.;n.a.;False;False
90.0;105.0;3000.0;99878.2926124;401756.798619;Nederland;n.a.;n.a.;Halderberge;Noord-Brabant;land;51.60199587036455;4.591563453510573;BU16550409;GM1655;BU16550409;GM1655;BU16550409;GM1655;False;False
100.0;75.0;2500.0;128186.7988;401767.4215;Nederland;n.a.;n.a.;Tilburg;Noord-Brabant;land;51.60415682985034;5.000159866664882;BU08556002;GM0855;BU08556002;GM0855;BU08556002;GM0855;False;False
117.0;91.0;3600.0;132394.797358;401833.442818;Nederland;n.a.;n.a.;Tilburg;Noord-Brabant;land;51.60493541492057;5.06089594627087;BU08556501;GM0855;BU08556501;GM0855;BU08556501;GM0855;False;False
154.0;106.0;7350.0;-12893.9680742;401837.781278;België;n.a.;SWT7.0-154;n.a.;n.a.;zee;51.58033299810887;2.9646669973317037;n.a.;n.a.;n.a.;n.a.;n.a.;n.a.;False;False
167.0;116.0;8000.0;-5229.66794722;401984.778073;Nederland;Borssele II;SG 8.0-167 DD;n.a.;n.a.;zee;51.58389162136328;3.0750997638226236;n.a.;n.a.;n.a.;n.a.;n.a.;n.a.;False;False
154.0;106.0;7350.0;-17032.1435381;402093.261774;België;n.a.;SWT7.0-154;n.a.;n.a.;zee;51.58137579844603;2.9048845986028597;n.a.;n.a.;n.a.;n.a.;n.a.;n.a.;False;False
167.0;116.0;8000.0;-6633.54750863;402095.800151;Nederland;Borssele II;SG 8.0-167 DD;n.a.;n.a.;zee;51.58448670302325;3.0548065253285945;n.a.;n.a.;n.a.;n.a.;n.a.;n.a.;False;False
154.0;106.0;7350.0;-15733.4410057;402141.260802;België;n.a.;SWT7.0-154;n.a.;n.a.;zee;51.58220309839603;2.9235840982067773;n.a.;n.a.;n.a.;n.a.;n.a.;n.a.;False;False
90.0;105.0;3000.0;99880.2407914;402156.584781;Nederland;n.a.;n.a.;Halderberge;Noord-Brabant;land;51.60558928559221;4.591528541174024;BU16550409;GM1655;BU16550409;GM1655;BU16550409;GM1655;False;False
117.0;91.0;3600.0;132944.192133;402159.721169;Nederland;n.a.;n.a.;Tilburg;Noord-Brabant;land;51.607889998555436;5.0688057469116465;BU08556501;GM0855;BU08556501;GM0855;BU08556501;GM0855;False;False
167.0;116.0;8000.0;-7884.05631002;402189.852515;Nederland;Borssele II;SG 8.0-167 DD;n.a.;n.a.;zee;51.58497032094584;3.0367321321971374;n.a.;n.a.;n.a.;n.a.;n.a.;n.a.;False;False
90.0;80.0;3000.0;36884.5168;402263.4279;Nederland;n.a.;n.a.;Noord-Beveland;Zeeland;land;51.59683081453451;3.682408327785278;BU16950309;GM1695;BU16950309;GM1695;BU16950309;GM1695;False;False
154.0;106.0;7350.0;-13418.9728165;402335.924135;België;n.a.;SWT7.0-154;n.a.;n.a.;zee;51.5846501975482;2.956858498065688;n.a.;n.a.;n.a.;n.a.;n.a.;n.a.;False;False
154.0;106.0;7350.0;-12131.8330576;402352.331609;België;n.a.;SWT7.0-154;n.a.;n.a.;zee;51.58518199805475;2.975408796987519;n.a.;n.a.;n.a.;n.a.;n.a.;n.a.;False;False
90.0;105.0;2000.0;100400.184425;402417.583916;Nederland;n.a.;n.a.;Halderberge;Noord-Brabant;land;51.60798592106393;4.598992661771229;BU16550409;GM1655;BU16550409;GM1655;BU16550409;GM1655;False;False
82.0;98.0;2300.0;101456.9083;402532.9485;Nederland;n.a.;n.a.;Etten-Leur;Noord-Brabant;land;51.60912459129799;4.61422863503303;BU07771201;GM0777;BU07771201;GM0777;BU07771201;GM0777;False;False
90.0;105.0;3000.0;99877.829809;402555.830239;Nederland;n.a.;n.a.;Halderberge;Noord-Brabant;land;51.6091774109974;4.591430781271511;BU16550409;GM1655;BU16550409;GM1655;BU16550409;GM1655;False;False
90.0;80.0;3000.0;37352.3186;402573.9262;Nederland;n.a.;n.a.;Noord-Beveland;Zeeland;land;51.599718964614354;3.689052948616145;BU16950309;GM1695;BU16950309;GM1695;BU16950309;GM1695;False;False
90.0;80.0;3000.0;36943.2944;402577.3502;Nederland;n.a.;n.a.;Noord-Beveland;Zeeland;land;51.59966387734458;3.6831503434355923;BU16950309;GM1695;BU16950309;GM1695;BU16950309;GM1695;False;False
154.0;106.0;7350.0;-16227.5236751;402635.222637;België;n.a.;SWT7.0-154;n.a.;n.a.;zee;51.58648939839182;2.9162192977028045;n.a.;n.a.;n.a.;n.a.;n.a.;n.a.;False;False
154.0;106.0;7350.0;-17533.4547664;402650.44191;België;n.a.;SWT7.0-154;n.a.;n.a.;zee;51.58622649789066;2.897382797466081;n.a.;n.a.;n.a.;n.a.;n.a.;n.a.;False;False
154.0;106.0;7350.0;-11285.8445922;402702.906707;België;n.a.;SWT7.0-154;n.a.;n.a.;zee;51.5885819985265;2.9874399972841297;n.a.;n.a.;n.a.;n.a.;n.a.;n.a.;False;False
90.0;105.0;2000.0;100408.920369;402797.618124;Nederland;n.a.;n.a.;Halderberge;Noord-Brabant;land;51.611402469604656;4.599059404837881;BU16550409;GM1655;BU16550409;GM1655;BU16550409;GM1655;False;False
154.0;106.0;7350.0;-13932.7194107;402843.491042;België;n.a.;SWT7.0-154;n.a.;n.a.;zee;51.589054897542205;2.94920629796046;n.a.;n.a.;n.a.;n.a.;n.a.;n.a.;False;False
82.0;98.0;2300.0;101312.9087;402846.9488;Nederland;n.a.;n.a.;Etten-Leur;Noord-Brabant;land;51.61193303929736;4.612101735974672;BU07771201;GM0777;BU07771201;GM0777;BU07771201;GM0777;False;False
154.0;106.0;7350.0;-12678.8489689;402848.754773;België;n.a.;SWT7.0-154;n.a.;n.a.;zee;51.58947789824488;2.9672838971538136;n.a.;n.a.;n.a.;n.a.;n.a.;n.a.;False;False
90.0;80.0;3000.0;62624.7459;402886.6231;Nederland;n.a.;n.a.;Tholen;Zeeland;land;51.60725603871858;4.053650287288317;BU07160509;GM0716;BU07160509;GM0716;BU07160509;GM0716;False;False
167.0;116.0;8000.0;-4367.37847284;402929.023591;Nederland;Borssele II;SG 8.0-167 DD;n.a.;n.a.;zee;51.59261879879428;3.087102875083824;n.a.;n.a.;n.a.;n.a.;n.a.;n.a.;False;False
90.0;105.0;3000.0;99878.9146721;402955.272744;Nederland;n.a.;n.a.;Halderberge;Noord-Brabant;land;51.61276764999004;4.591383441156325;BU16550409;GM1655;BU16550409;GM1655;BU16550409;GM1655;False;False
154.0;106.0;7350.0;-10337.379876;402976.880905;België;n.a.;SWT7.0-154;n.a.;n.a.;zee;51.59132289886306;3.0009869972274648;n.a.;n.a.;n.a.;n.a.;n.a.;n.a.;False;False
90.0;80.0;3000.0;63004.2963;403016.9336;Nederland;n.a.;n.a.;Tholen;Zeeland;land;51.60848941823005;4.059093864283344;BU07160509;GM0716;BU07160509;GM0716;BU07160509;GM0716;False;False
154.0;106.0;7350.0;-15440.6374498;403072.802665;België;n.a.;SWT7.0-154;n.a.;n.a.;zee;51.59065899868428;2.9273516985877546;n.a.;n.a.;n.a.;n.a.;n.a.;n.a.;False;False
80.0;80.0;2000.0;91032.9341;403099.5302;Nederland;n.a.;n.a.;Halderberge;Noord-Brabant;land;51.613125759388986;4.463656706651953;BU16550109;GM1655;BU16550109;GM1655;BU16550109;GM1655;False;False
80.0;80.0;2000.0;91335.4176;403119.8235;Nederland;n.a.;n.a.;Halderberge;Noord-Brabant;land;51.61334253994271;4.468019674439704;BU16550109;GM1655;BU16550109;GM1655;BU16550109;GM1655;False;False
154.0;106.0;7350.0;-16805.4435011;403126.781018;België;n.a.;SWT7.0-154;n.a.;n.a.;zee;51.59072799821532;2.9076453979141115;n.a.;n.a.;n.a.;n.a.;n.a.;n.a.;False;False
80.0;80.0;2000.0;91669.4701;403140.1178;Nederland;n.a.;n.a.;Halderberge;Noord-Brabant;land;51.61356272983002;4.472838421135988;BU16550109;GM1655;BU16550109;GM1655;BU16550109;GM1655;False;False
90.0;80.0;3000.0;63370.8203;403141.8835;Nederland;n.a.;n.a.;Tholen;Zeeland;land;51.60967224528466;4.064351130241838;BU07160509;GM0716;BU07160509;GM0716;BU07160509;GM0716;False;False
80.0;80.0;2000.0;92007.3886;403147.5261;Nederland;n.a.;n.a.;Halderberge;Noord-Brabant;land;51.61366734047477;4.477715349542532;BU16550109;GM1655;BU16550109;GM1655;BU16550109;GM1655;False;False
80.0;80.0;2000.0;92309.872;403148.1695;Nederland;n.a.;n.a.;Halderberge;Noord-Brabant;land;51.61370699047091;4.482081963738338;BU16550109;GM1655;BU16550109;GM1655;BU16550109;GM1655;False;False
82.0;98.0;2300.0;101162.909;403169.9491;Nederland;n.a.;n.a.;Etten-Leur;Noord-Brabant;land;51.614821762857055;4.609886562623536;BU07771201;GM0777;BU07771201;GM0777;BU07771201;GM0777;False;False
167.0;116.0;8000.0;-5711.05425472;403172.023273;Nederland;Borssele II;SG 8.0-167 DD;n.a.;n.a.;zee;51.59441867508326;3.067613454776022;n.a.;n.a.;n.a.;n.a.;n.a.;n.a.;False;False
90.0;105.0;2000.0;100416.432722;403177.609026;Nederland;n.a.;n.a.;Halderberge;Noord-Brabant;land;51.61481850891936;4.599108496811014;BU16550409;GM1655;BU16550409;GM1655;BU16550409;GM1655;False;False
154.0;106.0;7350.0;-17981.1384372;403178.649129;België;n.a.;SWT7.0-154;n.a.;n.a.;zee;51.590832997622535;2.8906669983375135;n.a.;n.a.;n.a.;n.a.;n.a.;n.a.;False;False
154.0;106.0;7350.0;-11764.9622286;403179.735004;België;n.a.;SWT7.0-154;n.a.;n.a.;zee;51.592722898330535;2.980304097845805;n.a.;n.a.;n.a.;n.a.;n.a.;n.a.;False;False
90.0;105.0;2000.0;104456.906545;403215.996265;Nederland;n.a.;n.a.;Etten-Leur;Noord-Brabant;land;51.6155419346634;4.657435765344499;BU07771203;GM0777;BU07771203;GM0777;BU07771203;GM0777;False;False
167.0;116.0;8000.0;-8579.30489683;403232.121491;Nederland;Borssele II;SG 8.0-167 DD;n.a.;n.a.;zee;51.59413037102795;3.0262202529538946;n.a.;n.a.;n.a.;n.a.;n.a.;n.a.;False;False
90.0;80.0;3000.0;63739.5662;403267.7277;Nederland;n.a.;n.a.;Tholen;Zeeland;land;51.610863234857284;4.069640509108315;BU07160509;GM0716;BU07160509;GM0716;BU07160509;GM0716;False;False
136.0;112.0;4200.0;102774.760568;403304.597255;Nederland;n.a.;n.a.;Etten-Leur;Noord-Brabant;land;51.61618426877532;4.633136852013669;BU07771203;GM0777;BU07771203;GM0777;BU07771203;GM0777;False;False
90.0;105.0;3000.0;99877.0148472;403356.924264;Nederland;n.a.;n.a.;Halderberge;Noord-Brabant;land;51.616377449724126;4.591292650567427;BU16550409;GM1655;BU16550409;GM1655;BU16550409;GM1655;False;False
90.0;80.0;3000.0;64113.8947;403395.4154;Nederland;n.a.;n.a.;Tholen;Zeeland;land;51.612071456952116;4.075010268283448;BU07160509;GM0716;BU07160509;GM0716;BU07160509;GM0716;False;False
154.0;106.0;7350.0;-14476.1238967;403402.924381;België;n.a.;SWT7.0-154;n.a.;n.a.;zee;51.593915998211735;2.941099797688251;n.a.;n.a.;n.a.;n.a.;n.a.;n.a.;False;False
154.0;106.0;7350.0;-10776.5124359;403434.177768;België;n.a.;SWT7.0-154;n.a.;n.a.;zee;51.5953009992565;2.9944377977438474;n.a.;n.a.;n.a.;n.a.;n.a.;n.a.;False;False
82.0;98.0;2300.0;101009.9094;403509.9494;Nederland;n.a.;n.a.;Etten-Leur;Noord-Brabant;land;51.61786294852583;4.6076251667076615;BU07771201;GM0777;BU07771201;GM0777;BU07771201;GM0777;False;False
154.0;106.0;7350.0;-15852.8973966;403544.093521;België;n.a.;SWT7.0-154;n.a.;n.a.;zee;51.594766798435636;2.9211768977724413;n.a.;n.a.;n.a.;n.a.;n.a.;n.a.;False;False
90.0;105.0;2000.0;100424.901224;403557.218568;Nederland;n.a.;n.a.;Halderberge;Noord-Brabant;land;51.618231213110604;4.599171460051854;BU16550409;GM1655;BU16550409;GM1655;BU16550409;GM1655;False;False
90.0;105.0;2000.0;104399.7237;403591.7987;Nederland;n.a.;n.a.;Etten-Leur;Noord-Brabant;land;51.61891448036526;4.65655576866641;BU07771203;GM0777;BU07771203;GM0777;BU07771203;GM0777;False;False
136.0;112.0;4200.0;102402.854779;403617.208879;Nederland;n.a.;n.a.;Etten-Leur;Noord-Brabant;land;51.61895926499377;4.627720399061768;BU07771203;GM0777;BU07771203;GM0777;BU07771203;GM0777;False;False
154.0;106.0;7350.0;-17331.9788638;403621.798706;België;n.a.;SWT7.0-154;n.a.;n.a.;zee;51.595012798065184;2.8998091972326336;n.a.;n.a.;n.a.;n.a.;n.a.;n.a.;False;False
167.0;116.0;8000.0;-7120.49327464;403625.717667;Nederland;Borssele II;SG 8.0-167 DD;n.a.;n.a.;zee;51.59808887605157;3.0470764052736774;n.a.;n.a.;n.a.;n.a.;n.a.;n.a.;False;False
154.0;106.0;7350.0;-12217.6048752;403733.990643;België;n.a.;SWT7.0-154;n.a.;n.a.;zee;51.59756669779926;2.97351169711163;n.a.;n.a.;n.a.;n.a.;n.a.;n.a.;False;False
82.0;98.0;2300.0;100865.9098;403824.9496;Nederland;n.a.;n.a.;Etten-Leur;Noord-Brabant;land;51.62068025954513;4.605497291333481;BU07771201;GM0777;BU07771201;GM0777;BU07771201;GM0777;False;False
154.0;106.0;7350.0;-11287.1913774;403836.472228;België;n.a.;SWT7.0-154;n.a.;n.a.;zee;51.598763498371255;2.9868816969944776;n.a.;n.a.;n.a.;n.a.;n.a.;n.a.;False;False
154.0;106.0;7350.0;-13741.5110313;403881.002298;België;n.a.;SWT7.0-154;n.a.;n.a.;zee;51.59843129800358;2.9514628980571174;n.a.;n.a.;n.a.;n.a.;n.a.;n.a.;False;False
112.0;71.0;3000.0;-19504.4754654;403917.745654;België;n.a.;V112;n.a.;n.a.;zee;51.596999998176706;2.8683329969716707;n.a.;n.a.;n.a.;n.a.;n.a.;n.a.;False;False
154.0;106.0;7350.0;-14970.9111278;403933.8289;België;n.a.;SWT7.0-154;n.a.;n.a.;zee;51.598534998243956;2.933706598092682;n.a.;n.a.;n.a.;n.a.;n.a.;n.a.;False;False
90.0;105.0;2000.0;100432.094576;403936.081664;Nederland;n.a.;n.a.;Halderberge;Noord-Brabant;land;51.62163708281662;4.599216136647598;BU16550409;GM1655;BU16550409;GM1655;BU16550409;GM1655;False;False
90.0;105.0;2000.0;104342.9686;403967.8708;Nederland;n.a.;n.a.;Etten-Leur;Noord-Brabant;land;51.62228948084184;4.655681776486526;BU07771203;GM0777;BU07771203;GM0777;BU07771203;GM0777;False;False
112.0;71.0;3000.0;-18959.3350084;403973.177006;België;n.a.;V112;n.a.;n.a.;zee;51.59766699770312;2.876166997674291;n.a.;n.a.;n.a.;n.a.;n.a.;n.a.;False;False
154.0;106.0;7350.0;-16375.716698;403976.980675;België;n.a.;SWT7.0-154;n.a.;n.a.;zee;51.598495598919456;2.9134252976876818;n.a.;n.a.;n.a.;n.a.;n.a.;n.a.;False;False
136.0;112.0;4200.0;102211.001201;403980.12464;Nederland;n.a.;n.a.;Etten-Leur;Noord-Brabant;land;51.622203103925926;4.624895500595748;BU07771203;GM0777;BU07771203;GM0777;BU07771203;GM0777;False;False
167.0;116.0;8000.0;-3405.16071046;403981.32466;Nederland;Borssele II;SG 8.0-167 DD;n.a.;n.a.;zee;51.60234360503024;3.100503060942986;n.a.;n.a.;n.a.;n.a.;n.a.;n.a.;False;False
167.0;116.0;8000.0;-4577.40487604;403988.455535;Nederland;Borssele II;SG 8.0-167 DD;n.a.;n.a.;zee;51.60207570863144;3.0835905506591583;n.a.;n.a.;n.a.;n.a.;n.a.;n.a.;False;False
112.0;71.0;3000.0;-19957.9271708;404086.536314;België;n.a.;V112;n.a.;n.a.;zee;51.59837489772403;2.861709296999407;n.a.;n.a.;n.a.;n.a.;n.a.;n.a.;False;False
164.0;116.0;9500.0;-9872.88777015;404200.04406;Nederland;Borssele III;MHI Vestas V164-9.5 MW;n.a.;n.a.;zee;51.60244625559486;3.0071085928606296;n.a.;n.a.;n.a.;n.a.;n.a.;n.a.;False;False
112.0;71.0;3000.0;-18461.9353128;404270.198319;België;n.a.;V112;n.a.;n.a.;zee;51.60048859764111;2.8831928977504373;n.a.;n.a.;n.a.;n.a.;n.a.;n.a.;False;False
154.0;106.0;7350.0;-11643.7441895;404338.490109;België;n.a.;SWT7.0-154;n.a.;n.a.;zee;51.60316699836773;2.981499997188563;n.a.;n.a.;n.a.;n.a.;n.a.;n.a.;False;False
90.0;105.0;2000.0;104286.2238;404344.055;Nederland;n.a.;n.a.;Etten-Leur;Noord-Brabant;land;51.62566548199524;4.654807785380363;BU07771203;GM0777;BU07771203;GM0777;BU07771203;GM0777;False;False
112.0;71.0;3000.0;-20133.18783;404423.544489;België;n.a.;V112;n.a.;n.a.;zee;51.60134709802735;2.859012997780227;n.a.;n.a.;n.a.;n.a.;n.a.;n.a.;False;False
136.0;136.0;4300.0;37604.9839083;404430.915323;Nederland;n.a.;n.a.;Veere;Zeeland;land;51.61645759818933;3.692074726759241;BU07170209;GM0717;BU07170209;GM0717;BU07170209;GM0717;False;False
112.0;71.0;3000.0;-19475.5852862;404440.921471;België;n.a.;V112;n.a.;n.a.;zee;51.601707898050535;2.8684885972194416;n.a.;n.a.;n.a.;n.a.;n.a.;n.a.;False;False
154.0;106.0;7350.0;-15565.9447962;404452.600547;België;n.a.;SWT7.0-154;n.a.;n.a.;zee;51.60301409811691;2.924871897603314;n.a.;n.a.;n.a.;n.a.;n.a.;n.a.;False;False
136.0;136.0;4300.0;37204.9331082;404454.198703;Nederland;n.a.;n.a.;Veere;Zeeland;land;51.616582980875876;3.6862927580440563;BU07170209;GM0717;BU07170209;GM0717;BU07170209;GM0717;False;False
167.0;116.0;8000.0;-5814.19397886;404493.015639;Nederland;Borssele II;SG 8.0-167 DD;n.a.;n.a.;zee;51.60625508792696;3.0655184510169264;n.a.;n.a.;n.a.;n.a.;n.a.;n.a.;False;False
108.0;89.5;3200.0;87995.6484;404517.7196;Nederland;n.a.;n.a.;Steenbergen;Noord-Brabant;land;51.62551738697321;4.4195387257619805;BU08510308;GM0851;BU08510308;GM0851;BU08510308;GM0851;False;False
112.0;71.0;3000.0;-18859.6752774;404533.995071;België;n.a.;V112;n.a.;n.a.;zee;51.60273489803406;2.877325397145783;n.a.;n.a.;n.a.;n.a.;n.a.;n.a.;False;False
90.0;80.0;3000.0;36728.9492625;404595.365173;Nederland;n.a.;n.a.;Veere;Zeeland;land;51.61775129765397;3.6793748737948366;BU07170209;GM0717;BU07170209;GM0717;BU07170209;GM0717;False;False
167.0;116.0;8000.0;-8324.37645884;404658.882197;Nederland;Borssele II;SG 8.0-167 DD;n.a.;n.a.;zee;51.60702031217177;3.0292303166599233;n.a.;n.a.;n.a.;n.a.;n.a.;n.a.;False;False
112.0;71.0;3000.0;-18115.7546127;404658.909197;België;n.a.;V112;n.a.;n.a.;zee;51.60408669792636;2.8879931977134334;n.a.;n.a.;n.a.;n.a.;n.a.;n.a.;False;False
149.0;135.0;4500.0;108391.410668;404665.815183;Nederland;n.a.;n.a.;Breda;Noord-Brabant;land;51.62891350383577;4.71404670147194;BU07580609;GM0758;BU07580609;GM0758;BU07580609;GM0758;False;False
90.0;105.0;2000.0;104228.4464;404719.9484;Nederland;n.a.;n.a.;Etten-Leur;Noord-Brabant;land;51.62903876819717;4.653918792659158;BU07771203;GM0777;BU07771203;GM0777;BU07771203;GM0777;False;False
108.0;89.5;3200.0;87650.4174;404780.8481;Nederland;n.a.;n.a.;Steenbergen;Noord-Brabant;land;51.62784091920777;4.414502904257064;BU08510308;GM0851;BU08510308;GM0851;BU08510308;GM0851;False;False
154.0;106.0;7350.0;-12081.3275242;404784.548651;België;n.a.;SWT7.0-154;n.a.;n.a.;zee;51.60704349872139;2.974975097697114;n.a.;n.a.;n.a.;n.a.;n.a.;n.a.;False;False
112.0;71.0;3000.0;-17557.5409119;404803.88831;België;n.a.;V112;n.a.;n.a.;zee;51.60556069799315;2.8959730977242675;n.a.;n.a.;n.a.;n.a.;n.a.;n.a.;False;False
112.0;71.0;3000.0;-19805.1391919;404831.702552;België;n.a.;V112;n.a.;n.a.;zee;51.60511519828184;2.8635401972172754;n.a.;n.a.;n.a.;n.a.;n.a.;n.a.;False;False
90.0;80.0;3000.0;36443.4774;404838.7709;Nederland;n.a.;n.a.;Veere;Zeeland;land;51.61987813534019;3.675171819666018;BU07170209;GM0717;BU07170209;GM0717;BU07170209;GM0717;False;False
112.0;71.0;3000.0;-19216.0961349;404881.059793;België;n.a.;V112;n.a.;n.a.;zee;51.60574159785735;2.8720117979162634;n.a.;n.a.;n.a.;n.a.;n.a.;n.a.;False;False
136.0;136.0;4300.0;37702.3507697;404910.87045;Nederland;n.a.;n.a.;Veere;Zeeland;land;51.62079053296735;3.693318913704461;BU07170209;GM0717;BU07170209;GM0717;BU07170209;GM0717;False;False
154.0;106.0;7350.0;-14781.6521395;404917.622743;België;n.a.;SWT7.0-154;n.a.;n.a.;zee;51.607428597855346;2.935958398140641;n.a.;n.a.;n.a.;n.a.;n.a.;n.a.;False;False
112.0;71.0;3000.0;-18552.8754123;404952.370368;België;n.a.;V112;n.a.;n.a.;zee;51.60658749810364;2.8815426976285314;n.a.;n.a.;n.a.;n.a.;n.a.;n.a.;False;False
108.0;89.5;3200.0;87361.9862;404965.3315;Nederland;n.a.;n.a.;Steenbergen;Noord-Brabant;land;51.62946426221294;4.410302064508719;BU08510308;GM0851;BU08510308;GM0851;BU08510308;GM0851;False;False
149.0;135.0;4500.0;108226.201923;405055.416217;Nederland;n.a.;n.a.;Breda;Noord-Brabant;land;51.63240150352619;4.7116086006804725;BU07580609;GM0758;BU07580609;GM0758;BU07580609;GM0758;False;False
167.0;116.0;8000.0;-3147.13485694;405065.179073;Nederland;Borssele II;SG 8.0-167 DD;n.a.;n.a.;zee;51.61215237280179;3.103734669037751;n.a.;n.a.;n.a.;n.a.;n.a.;n.a.;False;False
112.0;71.0;3000.0;-17976.5042599;405088.53856;België;n.a.;V112;n.a.;n.a.;zee;51.607988398285805;2.88978909689282;n.a.;n.a.;n.a.;n.a.;n.a.;n.a.;False;False
112.0;71.0;3000.0;-17059.4837181;405099.593026;België;n.a.;V112;n.a.;n.a.;zee;51.60836949808561;2.9030115978027577;n.a.;n.a.;n.a.;n.a.;n.a.;n.a.;False;False
154.0;106.0;7350.0;-13611.8589226;405107.63977;België;n.a.;SWT7.0-154;n.a.;n.a.;zee;51.60948789830107;2.952741197791801;n.a.;n.a.;n.a.;n.a.;n.a.;n.a.;False;False
110.0;110.0;3400.0;55333.7688095;405148.196201;Nederland;n.a.;n.a.;Schouwen-Duiveland;Zeeland;land;51.62633199751228;3.947781286972667;BU16760009;GM1676;BU16760009;GM1676;BU16760009;GM1676;False;False
136.0;136.0;4300.0;36770.7408902;405156.234455;Nederland;n.a.;n.a.;Veere;Zeeland;land;51.62279969432774;3.679788247651935;BU07170209;GM0717;BU07170209;GM0717;BU07170209;GM0717;False;False
136.0;136.0;4300.0;36312.6905343;405160.150571;Nederland;n.a.;n.a.;Veere;Zeeland;land;51.62273817946762;3.673174774714319;BU07170209;GM0717;BU07170209;GM0717;BU07170209;GM0717;False;False
112.0;71.0;3000.0;-16494.0060047;405214.499905;België;n.a.;V112;n.a.;n.a.;zee;51.609574598605;2.911112297595324;n.a.;n.a.;n.a.;n.a.;n.a.;n.a.;False;False
167.0;116.0;8000.0;-4430.4883327;405214.97837;Nederland;Borssele II;SG 8.0-167 DD;n.a.;n.a.;zee;51.61313491950996;3.085150332560921;n.a.;n.a.;n.a.;n.a.;n.a.;n.a.;False;False
154.0;106.0;7350.0;-12506.8351672;405217.867251;België;n.a.;SWT7.0-154;n.a.;n.a.;zee;51.610808798582255;2.9686293969011537;n.a.;n.a.;n.a.;n.a.;n.a.;n.a.;False;False
167.0;109.0;8400.0;-21331.0535028;405224.624097;België;n.a.;Siemens D8.0-167;n.a.;n.a.;zee;51.60816699847557;2.8413329971681405;n.a.;n.a.;n.a.;n.a.;n.a.;n.a.;False;False
167.0;116.0;8000.0;-7030.93744724;405229.899867;Nederland;Borssele II;SG 8.0-167 DD;n.a.;n.a.;zee;51.612524288762295;3.0476245418783687;n.a.;n.a.;n.a.;n.a.;n.a.;n.a.;False;False
136.0;136.0;4300.0;37473.7503125;405234.721098;Nederland;n.a.;n.a.;Veere;Zeeland;land;51.62365261474534;3.689910123170522;BU07170209;GM0717;BU07170209;GM0717;BU07170209;GM0717;False;False
112.0;71.0;3000.0;-19467.6664997;405239.642668;België;n.a.;V112;n.a.;n.a.;zee;51.60888409809434;2.868204197343691;n.a.;n.a.;n.a.;n.a.;n.a.;n.a.;False;False
112.0;71.0;3000.0;-18851.3863106;405263.013055;België;n.a.;V112;n.a.;n.a.;zee;51.609285198204354;2.8770823975459248;n.a.;n.a.;n.a.;n.a.;n.a.;n.a.;False;False
108.0;89.5;3200.0;87103.6722;405271.4055;Nederland;n.a.;n.a.;Steenbergen;Noord-Brabant;land;51.63218389204659;4.40651221594976;BU08510308;GM0851;BU08510308;GM0851;BU08510308;GM0851;False;False
167.0;109.0;8400.0;-22063.6227048;405313.395029;België;n.a.;Siemens D8.0-167;n.a.;n.a.;zee;51.60873369843239;2.830721197155263;n.a.;n.a.;n.a.;n.a.;n.a.;n.a.;False;False
82.0;78.0;2300.0;67446.6927;405368.9895;Nederland;n.a.;n.a.;Tholen;Zeeland;land;51.63033731652167;4.122622308468858;BU07160709;GM0716;BU07160709;GM0716;BU07160709;GM0716;False;False
127.0;99.0;4200.0;39716.4266;405375.4602;Nederland;n.a.;n.a.;Veere;Zeeland;land;51.62538249788759;3.722238810630714;BU07170209;GM0717;BU07170209;GM0717;BU07170209;GM0717;False;False
112.0;71.0;3000.0;-18283.2162586;405399.060446;België;n.a.;V112;n.a.;n.a.;zee;51.61068279744289;2.8852108968703685;n.a.;n.a.;n.a.;n.a.;n.a.;n.a.;False;False
112.0;71.0;3000.0;-17501.6048107;405412.438929;België;n.a.;V112;n.a.;n.a.;zee;51.61104369785201;2.8964795976489475;n.a.;n.a.;n.a.;n.a.;n.a.;n.a.;False;False
164.0;116.0;9500.0;-9786.01789784;405473.366449;Nederland;Borssele III;MHI Vestas V164-9.5 MW;n.a.;n.a.;zee;51.613909104688304;3.0077613121020272;n.a.;n.a.;n.a.;n.a.;n.a.;n.a.;False;False
108.0;89.5;3200.0;87669.0349;405501.9258;Nederland;n.a.;n.a.;Moerdijk;Noord-Brabant;land;51.63432383621043;4.414632682934632;BU17090809;GM1709;BU17090809;GM1709;BU17090809;GM1709;False;False
154.0;106.0;7350.0;-14079.9699762;405513.242086;België;n.a.;SWT7.0-154;n.a.;n.a.;zee;51.61299019820689;2.9457920971245914;n.a.;n.a.;n.a.;n.a.;n.a.;n.a.;False;False
112.0;71.0;3000.0;-16942.9002528;405523.451288;België;n.a.;V112;n.a.;n.a.;zee;51.61221219847436;2.904484796795624;n.a.;n.a.;n.a.;n.a.;n.a.;n.a.;False;False
108.0;89.5;3200.0;86834.0572;405564.3396;Nederland;n.a.;n.a.;Steenbergen;Noord-Brabant;land;51.63478392959971;4.402561260628314;BU08510308;GM0851;BU08510308;GM0851;BU08510308;GM0851;False;False
154.0;106.0;7350.0;-12977.6453771;405595.73169;België;n.a.;SWT7.0-154;n.a.;n.a.;zee;51.61406209815079;2.961655697086662;n.a.;n.a.;n.a.;n.a.;n.a.;n.a.;False;False
82.0;78.0;2300.0;67092.0181;405596.5856;Nederland;n.a.;n.a.;Tholen;Zeeland;land;51.632327200034645;4.117443438113501;BU07160709;GM0716;BU07160709;GM0716;BU07160709;GM0716;False;False
167.0;109.0;8400.0;-20484.4630323;405598.597357;België;n.a.;Siemens D8.0-167;n.a.;n.a.;zee;51.61179109844849;2.8533568976796206;n.a.;n.a.;n.a.;n.a.;n.a.;n.a.;False;False
112.0;71.0;3000.0;-16225.0840525;405628.717012;België;n.a.;V112;n.a.;n.a.;zee;51.61337709872648;2.914788696795155;n.a.;n.a.;n.a.;n.a.;n.a.;n.a.;False;False
110.0;110.0;3400.0;55135.965914;405632.596407;Nederland;n.a.;n.a.;Schouwen-Duiveland;Zeeland;land;51.630649760040534;3.944786851426875;BU16760009;GM1676;BU16760009;GM1676;BU16760009;GM1676;False;False
112.0;71.0;3000.0;-19141.0576819;405644.270712;België;n.a.;V112;n.a.;n.a.;zee;51.612619697677395;2.8727138971124586;n.a.;n.a.;n.a.;n.a.;n.a.;n.a.;False;False
164.0;116.0;9500.0;-11196.5722163;405654.602192;Nederland;Borssele III;MHI Vestas V164-9.5 MW;n.a.;n.a.;zee;51.61512109866644;2.9873242482307023;n.a.;n.a.;n.a.;n.a.;n.a.;n.a.;False;False
112.0;71.0;3000.0;-18565.7809099;405693.105969;België;n.a.;V112;n.a.;n.a.;zee;51.613236498106396;2.8809886975325716;n.a.;n.a.;n.a.;n.a.;n.a.;n.a.;False;False
167.0;109.0;8400.0;-22574.8424047;405715.172992;België;n.a.;Siemens D8.0-167;n.a.;n.a.;zee;51.61218069841629;2.8231429972199753;n.a.;n.a.;n.a.;n.a.;n.a.;n.a.;False;False
112.0;71.0;3000.0;-17807.6361243;405715.482079;België;n.a.;V112;n.a.;n.a.;zee;51.613671398193496;2.891914997781385;n.a.;n.a.;n.a.;n.a.;n.a.;n.a.;False;False
112.0;71.0;3000.0;-15653.2319253;405720.863465;België;n.a.;V112;n.a.;n.a.;zee;51.614378898984164;2.9229936978209414;n.a.;n.a.;n.a.;n.a.;n.a.;n.a.;False;False
149.0;135.0;4300.0;106902.025124;405735.726798;Nederland;n.a.;n.a.;Moerdijk;Noord-Brabant;land;51.63840416931395;4.6923899883520965;BU17090209;GM1709;BU17090209;GM1709;BU17090209;GM1709;False;False
108.0;89.5;3200.0;87366.6213;405745.0053;Nederland;n.a.;n.a.;Moerdijk;Noord-Brabant;land;51.6364721268947;4.41021794101956;BU17090809;GM1709;BU17090809;GM1709;BU17090809;GM1709;False;False
127.0;99.0;4200.0;40069.3741582;405767.635122;Nederland;n.a.;n.a.;Veere;Zeeland;land;51.628978793176;3.7272050708419977;BU07170209;GM0717;BU07170209;GM0717;BU07170209;GM0717;False;False
127.0;99.0;4200.0;39193.7828;405807.783;Nederland;n.a.;n.a.;Veere;Zeeland;land;51.62915947729578;3.714550294157881;BU07170209;GM0717;BU07170209;GM0717;BU07170209;GM0717;False;False
82.0;78.0;2300.0;66740.1482;405823.1499;Nederland;n.a.;n.a.;Tholen;Zeeland;land;51.63430802121698;4.112304878825598;BU07160709;GM0716;BU07160709;GM0716;BU07160709;GM0716;False;False
112.0;71.0;3000.0;-17239.7868535;405828.26238;België;n.a.;V112;n.a.;n.a.;zee;51.614858898391496;2.9000515967683427;n.a.;n.a.;n.a.;n.a.;n.a.;n.a.;False;False
149.0;135.0;5700.0;107501.718162;405864.277029;Nederland;n.a.;n.a.;Drimmelen;Noord-Brabant;land;51.63961068540394;4.701034917638623;BU17190301;GM1719;BU17190301;GM1719;BU17190301;GM1719;False;False
108.0;89.5;3200.0;86581.8625;405905.322;Nederland;n.a.;n.a.;Steenbergen;Noord-Brabant;land;51.63781778916159;4.398852043065108;BU08510308;GM0851;BU08510308;GM0851;BU08510308;GM0851;False;False
112.0;71.0;3000.0;-16671.7919894;405938.673318;België;n.a.;V112;n.a.;n.a.;zee;51.61602459837477;2.9081918973004988;n.a.;n.a.;n.a.;n.a.;n.a.;n.a.;False;False
167.0;116.0;8000.0;-5613.63494454;405978.597255;Nederland;Borssele II;SG 8.0-167 DD;n.a.;n.a.;zee;51.61965688293837;3.06772886921541;n.a.;n.a.;n.a.;n.a.;n.a.;n.a.;False;False
108.0;89.5;3200.0;87106.478;406013.7652;Nederland;n.a.;n.a.;Moerdijk;Noord-Brabant;land;51.63885616990876;4.40640833526127;BU17090809;GM1709;BU17090809;GM1709;BU17090809;GM1709;False;False
112.0;71.0;3000.0;-18103.9676517;406015.929986;België;n.a.;V112;n.a.;n.a.;zee;51.616278598019456;2.887491096705827;n.a.;n.a.;n.a.;n.a.;n.a.;n.a.;False;False
82.0;78.0;2300.0;66389.0192;406048.9732;Nederland;n.a.;n.a.;Tholen;Zeeland;land;51.636282072725564;4.107176759664628;BU07160709;GM0716;BU07160709;GM0716;BU07160709;GM0716;False;False
112.0;71.0;3000.0;-15224.8264667;406049.448929;België;n.a.;V112;n.a.;n.a.;zee;51.617460298189506;2.929014296984001;n.a.;n.a.;n.a.;n.a.;n.a.;n.a.;False;False
112.0;71.0;3000.0;-18801.6500871;406049.690003;België;n.a.;V112;n.a.;n.a.;zee;51.6163661977727;2.8774085971877836;n.a.;n.a.;n.a.;n.a.;n.a.;n.a.;False;False
154.0;106.0;7350.0;-13397.8005279;406051.543336;België;n.a.;SWT7.0-154;n.a.;n.a.;zee;51.61803029773619;2.9553742978530178;n.a.;n.a.;n.a.;n.a.;n.a.;n.a.;False;False
112.0;71.0;3000.0;-16105.5218103;406054.482948;België;n.a.;V112;n.a.;n.a.;zee;51.61723769851046;2.916305097600871;n.a.;n.a.;n.a.;n.a.;n.a.;n.a.;False;False
167.0;109.0;8400.0;-19765.3142736;406060.829112;België;n.a.;Siemens D8.0-167;n.a.;n.a.;zee;51.616166997735384;2.8634999969239687;n.a.;n.a.;n.a.;n.a.;n.a.;n.a.;False;False
167.0;109.0;8400.0;-23034.6074546;406063.893184;België;n.a.;Siemens D8.0-167;n.a.;n.a.;zee;51.61516699823144;2.8163329965576334;n.a.;n.a.;n.a.;n.a.;n.a.;n.a.;False;False
127.0;99.0;4200.0;38781.2495;406093.4611;Nederland;n.a.;n.a.;Veere;Zeeland;land;51.63164110470074;3.7084991870664963;BU07170209;GM0717;BU07170209;GM0717;BU07170209;GM0717;False;False
167.0;116.0;8000.0;-2925.29331419;406103.836088;Nederland;Borssele II;SG 8.0-167 DD;n.a.;n.a.;zee;51.62154487057651;3.1064659016904304;n.a.;n.a.;n.a.;n.a.;n.a.;n.a.;False;False
110.0;110.0;3400.0;54937.4221936;406118.054871;Nederland;n.a.;n.a.;Schouwen-Duiveland;Zeeland;land;51.63497682003067;3.9417808407464445;BU16760009;GM1676;BU16760009;GM1676;BU16760009;GM1676;False;False
149.0;135.0;4500.0;106722.624249;406118.75795;Nederland;n.a.;n.a.;Moerdijk;Noord-Brabant;land;51.64183143971427;4.689745600155985;BU17090209;GM1709;BU17090209;GM1709;BU17090209;GM1709;False;False
112.0;71.0;3000.0;-17531.9999066;406130.060149;België;n.a.;V112;n.a.;n.a.;zee;51.61747979766114;2.8956867975405305;n.a.;n.a.;n.a.;n.a.;n.a.;n.a.;False;False
167.0;116.0;8000.0;-8233.34314676;406164.494861;Nederland;Borssele II;SG 8.0-167 DD;n.a.;n.a.;zee;51.620570802696946;3.0298402135593867;n.a.;n.a.;n.a.;n.a.;n.a.;n.a.;False;False
127.0;99.0;4200.0;40355.0188956;406179.698008;Nederland;n.a.;n.a.;Veere;Zeeland;land;51.63273983230111;3.73119380971296;BU07170209;GM0717;BU07170209;GM0717;BU07170209;GM0717;False;False
108.0;89.5;3200.0;86292.3072;406192.7597;Nederland;n.a.;n.a.;Steenbergen;Noord-Brabant;land;51.640365723095705;4.394613211099972;BU08510308;GM0851;BU08510308;GM0851;BU08510308;GM0851;False;False
127.0;99.0;4200.0;39521.0307;406208.8287;Nederland;n.a.;n.a.;Veere;Zeeland;land;51.63283051496072;3.719142342405935;BU07170209;GM0717;BU07170209;GM0717;BU07170209;GM0717;False;False
112.0;71.0;3000.0;-16967.7129076;406242.61213;België;n.a.;V112;n.a.;n.a.;zee;51.6186638980956;2.903772897544705;n.a.;n.a.;n.a.;n.a.;n.a.;n.a.;False;False
82.0;78.0;2300.0;66032.4926;406279.8236;Nederland;n.a.;n.a.;Tholen;Zeeland;land;51.638300218472985;4.101968957793029;BU07160709;GM0716;BU07160709;GM0716;BU07160709;GM0716;False;False
112.0;71.0;3000.0;-15578.9338469;406299.912043;België;n.a.;V112;n.a.;n.a.;zee;51.619602398281;2.923782898121997;n.a.;n.a.;n.a.;n.a.;n.a.;n.a.;False;False
108.0;89.5;3200.0;86865.1584;406309.3811;Nederland;n.a.;n.a.;Moerdijk;Noord-Brabant;land;51.64148374183801;4.402864988692747;BU17090809;GM1709;BU17090809;GM1709;BU17090809;GM1709;False;False
149.0;135.0;4500.0;107292.484748;406312.943745;Nederland;n.a.;n.a.;Drimmelen;Noord-Brabant;land;51.64362554714627;4.697951168586874;BU17190301;GM1719;BU17190301;GM1719;BU17190301;GM1719;False;False
167.0;109.0;8400.0;-21207.896692;406352.594212;België;n.a.;Siemens D8.0-167;n.a.;n.a.;zee;51.618336398269854;2.8425406970334306;n.a.;n.a.;n.a.;n.a.;n.a.;n.a.;False;False
112.0;71.0;3000.0;-16402.2365712;406354.740281;België;n.a.;V112;n.a.;n.a.;zee;51.61984399887703;2.911876796982675;n.a.;n.a.;n.a.;n.a.;n.a.;n.a.;False;False
167.0;109.0;8400.0;-20416.4083053;406360.582722;België;n.a.;Siemens D8.0-167;n.a.;n.a.;zee;51.61865609782426;2.8539560973227203;n.a.;n.a.;n.a.;n.a.;n.a.;n.a.;False;False
112.0;71.0;3000.0;-18395.3015748;406393.73906;België;n.a.;V112;n.a.;n.a.;zee;51.6195819981957;2.8831003969974587;n.a.;n.a.;n.a.;n.a.;n.a.;n.a.;False;False
112.0;71.0;3000.0;-14798.1490599;406416.27006;België;n.a.;V112;n.a.;n.a.;zee;51.62088429864371;2.934992196836979;n.a.;n.a.;n.a.;n.a.;n.a.;n.a.;False;False
112.0;71.0;3000.0;-17830.3923039;406436.174486;België;n.a.;V112;n.a.;n.a.;zee;51.62013739811758;2.8912301974468346;n.a.;n.a.;n.a.;n.a.;n.a.;n.a.;False;False
127.0;96.0;4000.0;38305.9915161;406472.98291;Nederland;n.a.;n.a.;Veere;Zeeland;land;51.63495259208771;3.701510352203713;BU07170209;GM0717;BU07170209;GM0717;BU07170209;GM0717;False;False
127.0;99.0;4200.0;39093.5945092;406483.851304;Nederland;n.a.;n.a.;Veere;Zeeland;land;51.63521355433629;3.7128793377100844;BU07170209;GM0717;BU07170209;GM0717;BU07170209;GM0717;False;False
149.0;135.0;4300.0;106542.564913;406508.191326;Nederland;n.a.;n.a.;Moerdijk;Noord-Brabant;land;51.645316133632356;4.687090409788188;BU17090209;GM1709;BU17090209;GM1709;BU17090209;GM1709;False;False
112.0;71.0;3000.0;-17262.000306;406551.93629;België;n.a.;V112;n.a.;n.a.;zee;51.621351898305306;2.8993742974825802;n.a.;n.a.;n.a.;n.a.;n.a.;n.a.;False;False
167.0;116.0;8000.0;-4007.33210059;406572.996065;Nederland;Borssele II;SG 8.0-167 DD;n.a.;n.a.;zee;51.62545363193717;3.090637564916809;n.a.;n.a.;n.a.;n.a.;n.a.;n.a.;False;False
127.0;99.0;4200.0;39892.8976;406583.4246;Nederland;n.a.;n.a.;Veere;Zeeland;land;51.63627286919334;3.7243881583060774;BU07170209;GM0717;BU07170209;GM0717;BU07170209;GM0717;False;False
112.0;71.0;3000.0;-15872.3372122;406604.000253;België;n.a.;V112;n.a.;n.a.;zee;51.62224439925654;2.9194006975450244;n.a.;n.a.;n.a.;n.a.;n.a.;n.a.;False;False
108.0;89.5;3200.0;86619.6484;406606.3392;Nederland;n.a.;n.a.;Moerdijk;Noord-Brabant;land;51.64412275674684;4.399260434480286;BU17090809;GM1709;BU17090809;GM1709;BU17090809;GM1709;False;False
112.0;71.0;3000.0;-16695.9116844;406664.053945;België;n.a.;V112;n.a.;n.a.;zee;51.62253239811133;2.9074873971897723;n.a.;n.a.;n.a.;n.a.;n.a.;n.a.;False;False
167.0;116.0;8000.0;-6803.0274222;406704.368735;Nederland;Borssele II;SG 8.0-167 DD;n.a.;n.a.;zee;51.625834450342026;3.0502298136029746;n.a.;n.a.;n.a.;n.a.;n.a.;n.a.;False;False
149.0;135.0;4300.0;107094.363948;406717.814664;Nederland;n.a.;n.a.;Drimmelen;Noord-Brabant;land;51.64724763891507;4.695033438814504;BU17190301;GM1719;BU17190301;GM1719;BU17190301;GM1719;False;False
112.0;71.0;3000.0;-15308.8732574;406719.255442;België;n.a.;V112;n.a.;n.a.;zee;51.6234508981323;2.9274750968153236;n.a.;n.a.;n.a.;n.a.;n.a.;n.a.;False;False
167.0;109.0;8400.0;-19171.5094156;406750.533899;België;n.a.;Siemens D8.0-167;n.a.;n.a.;zee;51.62254619779497;2.87172309756249;n.a.;n.a.;n.a.;n.a.;n.a.;n.a.;False;False
164.0;116.0;9500.0;-9623.81943195;406754.247462;Nederland;Borssele III;MHI Vestas V164-9.5 MW;n.a.;n.a.;zee;51.6254619427528;3.009497847106161;n.a.;n.a.;n.a.;n.a.;n.a.;n.a.;False;False
167.0;109.0;8400.0;-21698.8247286;406773.250499;België;n.a.;Siemens D8.0-167;n.a.;n.a.;zee;51.621960098697585;2.835244997508584;n.a.;n.a.;n.a.;n.a.;n.a.;n.a.;False;False
112.0;79.0;3300.0;-24031.7768256;406778.745008;België;n.a.;n.a.;n.a.;n.a.;zee;51.62126999770086;2.8015811976943747;n.a.;n.a.;n.a.;n.a.;n.a.;n.a.;False;False
136.0;136.0;4300.0;38243.4822998;406792.827026;Nederland;n.a.;n.a.;Veere;Zeeland;land;51.63781350622542;3.700500756769596;BU07170209;GM0717;BU07170209;GM0717;BU07170209;GM0717;False;False
127.0;96.0;4000.0;38802.9569788;406816.200947;Nederland;n.a.;n.a.;Veere;Zeeland;land;51.63813971986426;3.708572006980543;BU07170209;GM0717;BU07170209;GM0717;BU07170209;GM0717;False;False
112.0;71.0;3000.0;-18179.6030673;406822.547803;België;n.a.;V112;n.a.;n.a.;zee;51.62349999785142;2.8859999969077776;n.a.;n.a.;n.a.;n.a.;n.a.;n.a.;False;False
112.0;71.0;3000.0;-14746.2192536;406833.174592;België;n.a.;V112;n.a.;n.a.;zee;51.62464459834038;2.9355388967499145;n.a.;n.a.;n.a.;n.a.;n.a.;n.a.;False;False
112.0;71.0;3000.0;-17608.7351836;406860.781771;België;n.a.;V112;n.a.;n.a.;zee;51.62401929831741;2.8942185971367564;n.a.;n.a.;n.a.;n.a.;n.a.;n.a.;False;False
127.0;99.0;4200.0;39476.1348377;406904.065883;Nederland;n.a.;n.a.;Veere;Zeeland;land;51.63906829087968;3.718263978321765;BU07170209;GM0717;BU07170209;GM0717;BU07170209;GM0717;False;False
112.0;71.0;3000.0;-16170.6817744;406915.812478;België;n.a.;V112;n.a.;n.a.;zee;51.624954099072546;2.9149428969866853;n.a.;n.a.;n.a.;n.a.;n.a.;n.a.;False;False
112.0;71.0;3000.0;-14190.7216078;406946.805531;België;n.a.;V112;n.a.;n.a.;zee;51.62583299786249;2.943499997561619;n.a.;n.a.;n.a.;n.a.;n.a.;n.a.;False;False
112.0;71.0;3000.0;-16988.2014025;406965.389631;België;n.a.;V112;n.a.;n.a.;zee;51.62514939807036;2.9031213974356014;n.a.;n.a.;n.a.;n.a.;n.a.;n.a.;False;False
167.0;109.0;8400.0;-19793.2710641;407003.446458;België;n.a.;Siemens D8.0-167;n.a.;n.a.;zee;51.62462439821247;2.862624996762357;n.a.;n.a.;n.a.;n.a.;n.a.;n.a.;False;False
112.0;71.0;3000.0;-15607.6474846;407019.312912;België;n.a.;V112;n.a.;n.a.;zee;51.626055198577056;2.9230171971664394;n.a.;n.a.;n.a.;n.a.;n.a.;n.a.;False;False
136.0;136.0;4300.0;38069.7885884;407056.969212;Nederland;n.a.;n.a.;Veere;Zeeland;land;51.64015073698883;3.697904054889973;BU07170209;GM0717;BU07170209;GM0717;BU07170209;GM0717;False;False
164.0;116.0;9500.0;-12601.5720258;407067.218448;Nederland;Borssele III;MHI Vestas V164-9.5 MW;n.a.;n.a.;zee;51.62739149997003;2.9663754390187353;n.a.;n.a.;n.a.;n.a.;n.a.;n.a.;False;False
136.0;136.0;4300.0;38780.0697058;407109.711799;Nederland;n.a.;n.a.;Veere;Zeeland;land;51.64077229368903;3.7081437503453434;BU07170209;GM0717;BU07170209;GM0717;BU07170209;GM0717;False;False
112.0;71.0;3000.0;-15034.6350793;407135.542428;België;n.a.;V112;n.a.;n.a.;zee;51.62727309814601;2.93122969712358;n.a.;n.a.;n.a.;n.a.;n.a.;n.a.;False;False
167.0;109.0;8400.0;-22190.0814516;407182.06744;België;n.a.;Siemens D8.0-167;n.a.;n.a.;zee;51.62547689812425;2.8279493964749625;n.a.;n.a.;n.a.;n.a.;n.a.;n.a.;False;False
112.0;79.0;3300.0;-24167.4002483;407207.809751;België;n.a.;n.a.;n.a.;n.a.;zee;51.62508019817792;2.799404298002482;n.a.;n.a.;n.a.;n.a.;n.a.;n.a.;False;False
112.0;71.0;3000.0;-16462.4719969;407210.831829;België;n.a.;V112;n.a.;n.a.;zee;51.62751479839986;2.910587397334606;n.a.;n.a.;n.a.;n.a.;n.a.;n.a.;False;False
112.0;71.0;3000.0;-17846.476656;407212.564257;België;n.a.;V112;n.a.;n.a.;zee;51.62710569833945;2.890613896725752;n.a.;n.a.;n.a.;n.a.;n.a.;n.a.;False;False
167.0;116.0;8000.0;-2684.48382319;407223.046927;Nederland;Borssele II;SG 8.0-167 DD;n.a.;n.a.;zee;51.631666233505406;3.1094356366640663;n.a.;n.a.;n.a.;n.a.;n.a.;n.a.;False;False
112.0;71.0;3000.0;-14470.7669451;407238.9613;België;n.a.;V112;n.a.;n.a.;zee;51.62837259821897;2.939316898079172;n.a.;n.a.;n.a.;n.a.;n.a.;n.a.;False;False
115.0;122.0;3000.0;71047.6233;407245.1395;Nederland;n.a.;n.a.;Schouwen-Duiveland;Zeeland;land;51.647748553811645;4.174169785166957;BU16760501;GM1676;BU16760501;GM1676;BU16760501;GM1676;False;False
112.0;71.0;3000.0;-17289.5934244;407274.303181;België;n.a.;V112;n.a.;n.a.;zee;51.62783149836911;2.898619797722699;n.a.;n.a.;n.a.;n.a.;n.a.;n.a.;False;False
167.0;116.0;8000.0;-5308.21349969;407302.846303;Nederland;Borssele II;SG 8.0-167 DD;n.a.;n.a.;zee;51.631639418735624;3.071528235727961;n.a.;n.a.;n.a.;n.a.;n.a.;n.a.;False;False
112.0;79.0;3300.0;-23564.5754887;407323.121583;België;n.a.;n.a.;n.a.;n.a.;zee;51.62630799799815;2.8080437971195975;n.a.;n.a.;n.a.;n.a.;n.a.;n.a.;False;False
112.0;71.0;3000.0;-15902.8964449;407327.87648;België;n.a.;V112;n.a.;n.a.;zee;51.62873679906511;2.9186054979922025;n.a.;n.a.;n.a.;n.a.;n.a.;n.a.;False;False
115.0;122.0;3000.0;70688.8476;407403.8898;Nederland;n.a.;n.a.;Schouwen-Duiveland;Zeeland;land;51.649121390618916;4.168948559327312;BU16760501;GM1676;BU16760501;GM1676;BU16760501;GM1676;False;False
167.0;109.0;8400.0;-20290.1763455;407424.115273;België;n.a.;Siemens D8.0-167;n.a.;n.a.;zee;51.62824759821536;2.8552435979261857;n.a.;n.a.;n.a.;n.a.;n.a.;n.a.;False;False
136.0;136.0;4300.0;38369.2975208;407429.900166;Nederland;n.a.;n.a.;Veere;Zeeland;land;51.64356403324976;3.70210463501819;BU07170209;GM0717;BU07170209;GM0717;BU07170209;GM0717;False;False
112.0;71.0;3000.0;-15325.1422643;407440.815856;België;n.a.;V112;n.a.;n.a.;zee;51.629926898923436;2.9268883968525707;n.a.;n.a.;n.a.;n.a.;n.a.;n.a.;False;False
115.0;122.0;3000.0;71436.5616;407449.9274;Nederland;n.a.;n.a.;Schouwen-Duiveland;Zeeland;land;51.649647065000195;4.1797393189909755;BU16760501;GM1676;BU16760501;GM1676;BU16760501;GM1676;False;False
112.0;71.0;3000.0;-16754.0084426;407512.296305;België;n.a.;V112;n.a.;n.a.;zee;51.63013329843283;2.9062318979849633;n.a.;n.a.;n.a.;n.a.;n.a.;n.a.;False;False
18.0;31.4;80.0;64366.1723;407548.1481;Nederland;n.a.;n.a.;Schouwen-Duiveland;Zeeland;land;51.64943138093192;4.077573587131817;BU16760509;GM1676;BU16760509;GM1676;BU16760509;GM1676;False;False
112.0;71.0;3000.0;-14771.8060481;407549.499196;België;n.a.;V112;n.a.;n.a.;zee;51.63107079835549;2.934821398111948;n.a.;n.a.;n.a.;n.a.;n.a.;n.a.;False;False
112.0;71.0;3000.0;-17522.3489554;407612.016114;België;n.a.;V112;n.a.;n.a.;zee;51.630793197936676;2.8950939967472578;n.a.;n.a.;n.a.;n.a.;n.a.;n.a.;False;False
167.0;109.0;8400.0;-18440.6077485;407629.488959;België;n.a.;Siemens D8.0-167;n.a.;n.a.;zee;51.63066699819817;2.881832998059772;n.a.;n.a.;n.a.;n.a.;n.a.;n.a.;False;False
112.0;71.0;3000.0;-16189.7333186;407631.107375;België;n.a.;V112;n.a.;n.a.;zee;51.63137289907742;2.9143172975998017;n.a.;n.a.;n.a.;n.a.;n.a.;n.a.;False;False
115.0;122.0;3000.0;71074.6109;407634.8715;Nederland;n.a.;n.a.;Schouwen-Duiveland;Zeeland;land;51.651255075577836;4.17446586793324;BU16760501;GM1676;BU16760501;GM1676;BU16760501;GM1676;False;False
115.0;122.0;3000.0;70327.6906;407655.5091;Nederland;n.a.;n.a.;Schouwen-Duiveland;Zeeland;land;51.65132823501852;4.163670069326058;BU16760501;GM1676;BU16760501;GM1676;BU16760501;GM1676;False;False
164.0;116.0;9500.0;-11074.2997674;407698.034615;Nederland;Borssele III;MHI Vestas V164-9.5 MW;n.a.;n.a.;zee;51.63351175038341;2.988116697810415;n.a.;n.a.;n.a.;n.a.;n.a.;n.a.;False;False
167.0;116.0;8000.0;-3876.29009642;407704.972807;Nederland;Borssele II;SG 8.0-167 DD;n.a.;n.a.;zee;51.63565896548888;3.0920136605230644;n.a.;n.a.;n.a.;n.a.;n.a.;n.a.;False;False
112.0;79.0;3300.0;-23790.9954008;407714.886807;België;n.a.;n.a.;n.a.;n.a.;zee;51.62975439770382;2.804575997335733;n.a.;n.a.;n.a.;n.a.;n.a.;n.a.;False;False
112.0;71.0;3000.0;-15625.4872622;407746.095656;België;n.a.;V112;n.a.;n.a.;zee;51.632577599096834;2.9224045967997836;n.a.;n.a.;n.a.;n.a.;n.a.;n.a.;False;False
112.0;79.0;3300.0;-24342.0109367;407761.124849;België;n.a.;n.a.;n.a.;n.a.;zee;51.62999379724994;2.7966005979030633;n.a.;n.a.;n.a.;n.a.;n.a.;n.a.;False;False
167.0;116.0;8000.0;-7917.96768014;407774.125171;Nederland;Borssele II;SG 8.0-167 DD;n.a.;n.a.;zee;51.63512080545861;3.0336400971644424;n.a.;n.a.;n.a.;n.a.;n.a.;n.a.;False;False
115.0;122.0;3000.0;70713.4539;407817.4344;Nederland;n.a.;n.a.;Schouwen-Duiveland;Zeeland;land;51.652841566852395;4.169204086460573;BU16760501;GM1676;BU16760501;GM1676;BU16760501;GM1676;False;False
167.0;109.0;8400.0;-20781.0615777;407844.593538;België;n.a.;Siemens D8.0-167;n.a.;n.a.;zee;51.631870497783716;2.847947996972445;n.a.;n.a.;n.a.;n.a.;n.a.;n.a.;False;False
112.0;71.0;3000.0;-15064.42167;407845.142956;België;n.a.;V112;n.a.;n.a.;zee;51.633637598811156;2.9304541969522573;n.a.;n.a.;n.a.;n.a.;n.a.;n.a.;False;False
115.0;122.0;3000.0;69959.3899;407909.5096;Nederland;n.a.;n.a.;Schouwen-Duiveland;Zeeland;land;51.65355515508105;4.158287274938325;BU16760501;GM1676;BU16760501;GM1676;BU16760501;GM1676;False;False
112.0;79.0;3300.0;-23133.4401071;407912.469896;België;n.a.;n.a.;n.a.;n.a.;zee;51.63173809799294;2.813964397393959;n.a.;n.a.;n.a.;n.a.;n.a.;n.a.;False;False
112.0;71.0;3000.0;-17035.707437;407922.888207;België;n.a.;V112;n.a.;n.a.;zee;51.6337347982406;2.90196409791608;n.a.;n.a.;n.a.;n.a.;n.a.;n.a.;False;False
112.0;71.0;3000.0;-16481.9761849;407932.658577;België;n.a.;V112;n.a.;n.a.;zee;51.63399209883159;2.9099513971270725;n.a.;n.a.;n.a.;n.a.;n.a.;n.a.;False;False
18.0;34.0;80.0;107272.925;408012.9386;Nederland;n.a.;n.a.;Drimmelen;Noord-Brabant;land;51.65890343627149;4.69743597063483;BU17190502;GM1719;BU17190502;GM1719;BU17190502;GM1719;False;False
167.0;109.0;8400.0;-18960.8604103;408027.581013;België;n.a.;Siemens D8.0-167;n.a.;n.a.;zee;51.63408139763448;2.874126397543512;n.a.;n.a.;n.a.;n.a.;n.a.;n.a.;False;False
112.0;71.0;3000.0;-15919.6461666;408055.182157;België;n.a.;V112;n.a.;n.a.;zee;51.635264199276655;2.9180076968371487;n.a.;n.a.;n.a.;n.a.;n.a.;n.a.;False;False
18.0;34.0;80.0;107222.925;408084.9387;Nederland;n.a.;n.a.;Drimmelen;Noord-Brabant;land;51.659546313227466;4.69670353894913;BU17190502;GM1719;BU17190502;GM1719;BU17190502;GM1719;False;False
48.0;60.0;750.0;97455.4581;408099.2948;Nederland;n.a.;n.a.;Moerdijk;Noord-Brabant;land;51.65875773081949;4.555549822854296;BU17090303;GM1709;BU17090303;GM1709;BU17090303;GM1709;False;False
115.0;122.0;3000.0;70426.1158;408107.9475;Nederland;n.a.;n.a.;Schouwen-Duiveland;Zeeland;land;51.65540909587403;4.164982293736389;BU16760501;GM1676;BU16760501;GM1676;BU16760501;GM1676;False;False
167.0;116.0;8000.0;-6454.24023638;408151.495838;Nederland;Borssele II;SG 8.0-167 DD;n.a.;n.a.;zee;51.63893376046994;3.0545942049610755;n.a.;n.a.;n.a.;n.a.;n.a.;n.a.;False;False
112.0;71.0;3000.0;-15362.6562432;408159.432531;België;n.a.;V112;n.a.;n.a.;zee;51.63636999829991;2.925996298029512;n.a.;n.a.;n.a.;n.a.;n.a.;n.a.;False;False
164.0;116.0;9500.0;-9247.18987336;408163.523617;Nederland;Borssele III;MHI Vestas V164-9.5 MW;n.a.;n.a.;zee;51.6382308629889;3.0142701354164374;n.a.;n.a.;n.a.;n.a.;n.a.;n.a.;False;False
115.0;122.0;3000.0;69242.6322;408189.7039;Nederland;n.a.;n.a.;Schouwen-Duiveland;Zeeland;land;51.6559640246358;4.147862859228331;BU16760501;GM1676;BU16760501;GM1676;BU16760501;GM1676;False;False
112.0;79.0;3300.0;-23424.7811237;408205.113573;België;n.a.;n.a.;n.a.;n.a.;zee;51.63427379808616;2.8096102976605724;n.a.;n.a.;n.a.;n.a.;n.a.;n.a.;False;False
120.0;120.0;3900.0;97792.4845994;408241.723556;Nederland;n.a.;n.a.;Moerdijk;Noord-Brabant;land;51.66007234436764;4.560396779368853;BU17090303;GM1709;BU17090303;GM1709;BU17090303;GM1709;False;False
126.0;91.0;4000.0;77710.8784872;408250.353412;Nederland;n.a.;n.a.;Goeree-Overflakkee;Zuid-Holland;land;51.65774065094186;4.27020650717362;BU19240403;GM1924;BU19240403;GM1924;BU19240403;GM1924;False;False
167.0;109.0;8400.0;-21282.3849095;408266.223557;België;n.a.;Siemens D8.0-167;n.a.;n.a.;zee;51.63549999875991;2.840499997392848;n.a.;n.a.;n.a.;n.a.;n.a.;n.a.;False;False
115.0;122.0;3000.0;70022.0963;408273.8416;Nederland;n.a.;n.a.;Schouwen-Duiveland;Zeeland;land;51.656838861275965;4.159104448722917;BU16760501;GM1676;BU16760501;GM1676;BU16760501;GM1676;False;False
115.0;122.0;3000.0;68892.5878;408275.4291;Nederland;n.a.;n.a.;Schouwen-Duiveland;Zeeland;land;51.65668075989848;4.142784089546223;BU16760501;GM1676;BU16760501;GM1676;BU16760501;GM1676;False;False
82.0;78.0;2300.0;40133.9728;408282.4263;Nederland;n.a.;n.a.;Schouwen-Duiveland;Zeeland;land;51.6515886359464;3.727309905559112;BU16761208;GM1676;BU16761208;GM1676;BU16761208;GM1676;False;False
115.0;122.0;3000.0;69672.8456;408286.5416;Nederland;n.a.;n.a.;Schouwen-Duiveland;Zeeland;land;51.65689993989799;4.154055095053428;BU16760501;GM1676;BU16760501;GM1676;BU16760501;GM1676;False;False
82.0;78.0;2300.0;39832.4708;408298.3298;Nederland;n.a.;n.a.;Schouwen-Duiveland;Zeeland;land;51.651669681841966;3.722949494713053;BU16761208;GM1676;BU16761208;GM1676;BU16761208;GM1676;False;False
52.0;49.0;850.0;84660.8982;408306.9836;Nederland;n.a.;n.a.;Moerdijk;Noord-Brabant;land;51.65916482348667;4.370622110433229;BU17090809;GM1709;BU17090809;GM1709;BU17090809;GM1709;False;False
167.0;116.0;8000.0;-2445.99595577;408336.502513;Nederland;Borssele II;SG 8.0-167 DD;n.a.;n.a.;zee;51.64173517035569;3.112375742310434;n.a.;n.a.;n.a.;n.a.;n.a.;n.a.;False;False
112.0;71.0;3000.0;-16926.9803095;408346.133939;België;n.a.;V112;n.a.;n.a.;zee;51.63756959798926;2.9033248975414963;n.a.;n.a.;n.a.;n.a.;n.a.;n.a.;False;False
117.0;91.5;4300.0;39543.1400763;408347.660483;Nederland;n.a.;n.a.;Schouwen-Duiveland;Zeeland;land;51.65205342997453;3.718753816592913;BU16761208;GM1676;BU16761208;GM1676;BU16761208;GM1676;False;False
112.0;71.0;3000.0;-16219.9063995;408355.521088;België;n.a.;V112;n.a.;n.a.;zee;51.63787019890116;2.9135264973346797;n.a.;n.a.;n.a.;n.a.;n.a.;n.a.;False;False
90.0;72.0;3000.0;-24431.5257844;408361.967289;België;n.a.;V90;n.a.;n.a.;zee;51.63536139774004;2.7949999971416166;n.a.;n.a.;n.a.;n.a.;n.a.;n.a.;False;False
13.0;15.0;15.0;189656.419132;408386.47468;Nederland;n.a.;EAZ wind;Land van Cuijk;Noord-Brabant;land;51.663219921406636;5.888111783312433;BU19821803;GM1982;BU19821803;GM1982;BU19821803;GM1982;False;False
112.0;79.0;3300.0;-22622.653097;408428.450148;België;n.a.;n.a.;n.a.;n.a.;zee;51.63653419771652;2.821073397292769;n.a.;n.a.;n.a.;n.a.;n.a.;n.a.;False;False
126.0;91.0;4000.0;77179.5940913;408441.912129;Nederland;n.a.;n.a.;Goeree-Overflakkee;Zuid-Holland;land;51.65938870450427;4.262486941370661;BU19240403;GM1924;BU19240403;GM1924;BU19240403;GM1924;False;False
112.0;71.0;3000.0;-15657.7284021;408457.590792;België;n.a.;V112;n.a.;n.a.;zee;51.638958298803615;2.9215913973987626;n.a.;n.a.;n.a.;n.a.;n.a.;n.a.;False;False
164.0;116.0;9500.0;-13862.3311686;408459.935751;Nederland;Borssele III;MHI Vestas V164-9.5 MW;n.a.;n.a.;zee;51.639522778229626;2.9475070884704655;n.a.;n.a.;n.a.;n.a.;n.a.;n.a.;False;False
167.0;109.0;8400.0;-19430.0793382;408473.821356;België;n.a.;Siemens D8.0-167;n.a.;n.a.;zee;51.63794359814387;2.8671311979413874;n.a.;n.a.;n.a.;n.a.;n.a.;n.a.;False;False
115.0;122.0;3000.0;68597.3122;408489.742;Nederland;n.a.;n.a.;Schouwen-Duiveland;Zeeland;land;51.6585613099391;4.138464640369068;BU16760501;GM1676;BU16760501;GM1676;BU16760501;GM1676;False;False
52.0;48.0;850.0;84970.589;408498.6669;Nederland;n.a.;n.a.;Moerdijk;Noord-Brabant;land;51.66092633199106;4.375058759330636;BU17090809;GM1709;BU17090809;GM1709;BU17090809;GM1709;False;False
115.0;122.0;3000.0;70337.0992596;408522.383891;Nederland;n.a.;n.a.;Schouwen-Duiveland;Zeeland;land;51.65912014145918;4.163595511426443;BU16760501;GM1676;BU16760501;GM1676;BU16760501;GM1676;False;False
115.0;122.0;3000.0;68995.7755;408545.3046;Nederland;n.a.;n.a.;Schouwen-Duiveland;Zeeland;land;51.659121920535014;4.144208439791001;BU16760501;GM1676;BU16760501;GM1676;BU16760501;GM1676;False;False
112.0;79.0;3300.0;-23691.8159874;408569.88858;België;n.a.;n.a.;n.a.;n.a.;zee;51.637464897915;2.8055695971800145;n.a.;n.a.;n.a.;n.a.;n.a.;n.a.;False;False
167.0;109.0;8400.0;-17609.3380883;408594.960401;België;n.a.;Siemens D8.0-167;n.a.;n.a.;zee;51.63959489798748;2.893352497254366;n.a.;n.a.;n.a.;n.a.;n.a.;n.a.;False;False
126.0;91.0;4000.0;76793.98957;408595.02681;Nederland;n.a.;n.a.;Goeree-Overflakkee;Zuid-Holland;land;51.660711092877754;4.256880596344479;BU19240403;GM1924;BU19240403;GM1924;BU19240403;GM1924;False;False
115.0;122.0;3000.0;69395.8263;408596.1047;Nederland;n.a.;n.a.;Schouwen-Duiveland;Zeeland;land;51.6596396924103;4.149976492090338;BU16760501;GM1676;BU16760501;GM1676;BU16760501;GM1676;False;False
117.0;91.5;4300.0;39512.1009369;408610.614056;Nederland;n.a.;n.a.;Schouwen-Duiveland;Zeeland;land;51.65440978973067;3.7182183703639096;BU16761208;GM1676;BU16761208;GM1676;BU16761208;GM1676;False;False
115.0;122.0;3000.0;71205.7122;408616.0808;Nederland;n.a.;n.a.;Schouwen-Duiveland;Zeeland;land;51.66009271244083;4.176124091551635;BU16760501;GM1676;BU16760501;GM1676;BU16760501;GM1676;False;False
82.0;78.0;2300.0;40213.3041;408620.9461;Nederland;n.a.;n.a.;Schouwen-Duiveland;Zeeland;land;51.65464664501044;3.7283444086073607;BU16761208;GM1676;BU16761208;GM1676;BU16761208;GM1676;False;False
133.0;85.0;4800.0;80917.9067492;408630.750466;Nederland;n.a.;n.a.;Goeree-Overflakkee;Zuid-Holland;land;51.66159239821007;4.316466293796236;BU19240403;GM1924;BU19240403;GM1924;BU19240403;GM1924;False;False
82.0;78.0;2300.0;39924.5825;408632.1607;Nederland;n.a.;n.a.;Schouwen-Duiveland;Zeeland;land;51.65468821990347;3.7241698762177444;BU16761208;GM1676;BU16761208;GM1676;BU16761208;GM1676;False;False
115.0;122.0;3000.0;69799.0521;408635.7923;Nederland;n.a.;n.a.;Schouwen-Duiveland;Zeeland;land;51.6600577968404;4.155793272922283;BU16760501;GM1676;BU16760501;GM1676;BU16760501;GM1676;False;False
115.0;122.0;3000.0;70763.4466;408640.5959;Nederland;n.a.;n.a.;Schouwen-Duiveland;Zeeland;land;51.660246733640506;4.169727480643442;BU16760501;GM1676;BU16760501;GM1676;BU16760501;GM1676;False;False
115.0;122.0;3000.0;71641.7464;408658.4142;Nederland;n.a.;n.a.;Schouwen-Duiveland;Zeeland;land;51.66053817625583;4.182414633302664;BU16760501;GM1676;BU16760501;GM1676;BU16760501;GM1676;False;False
90.0;72.0;3000.0;-24774.0905961;408660.560355;België;n.a.;V90;n.a.;n.a.;zee;51.63793339802736;2.7899020973106254;n.a.;n.a.;n.a.;n.a.;n.a.;n.a.;False;False
112.0;71.0;3000.0;-16505.6052029;408706.287124;België;n.a.;V112;n.a.;n.a.;zee;51.64093339835755;2.9092301974318953;n.a.;n.a.;n.a.;n.a.;n.a.;n.a.;False;False
167.0;116.0;8000.0;-4991.51502374;408721.946872;Nederland;Borssele II;SG 8.0-167 DD;n.a.;n.a.;zee;51.64447706279609;3.075448884606154;n.a.;n.a.;n.a.;n.a.;n.a.;n.a.;False;False
120.0;120.0;3900.0;97888.1316657;408737.818298;Nederland;n.a.;n.a.;Moerdijk;Noord-Brabant;land;51.66454087910163;4.561697720810222;BU17090303;GM1709;BU17090303;GM1709;BU17090303;GM1709;False;False
112.0;79.0;3300.0;-22946.4071994;408757.917306;België;n.a.;n.a.;n.a.;n.a.;zee;51.63939059791575;2.8162325973628013;n.a.;n.a.;n.a.;n.a.;n.a.;n.a.;False;False
126.0;91.0;4000.0;76399.9580528;408763.236;Nederland;n.a.;n.a.;Goeree-Overflakkee;Zuid-Holland;land;51.662167685408605;4.251148744544301;BU19241302;GM1924;BU19241302;GM1924;BU19241302;GM1924;False;False
112.0;71.0;3000.0;-15948.6091449;408766.982043;België;n.a.;V112;n.a.;n.a.;zee;51.64164859854205;2.9172409980193486;n.a.;n.a.;n.a.;n.a.;n.a.;n.a.;False;False
133.0;85.0;4800.0;81396.0451603;408786.032941;Nederland;n.a.;n.a.;Goeree-Overflakkee;Zuid-Holland;land;51.66305095659591;4.323343073910913;BU19240403;GM1924;BU19240403;GM1924;BU19240403;GM1924;False;False
52.0;48.0;850.0;85709.9007;408891.9812;Nederland;n.a.;n.a.;Moerdijk;Noord-Brabant;land;51.664553090813314;4.385664362024343;BU17090809;GM1709;BU17090809;GM1709;BU17090809;GM1709;False;False
115.0;122.0;3000.0;68583.0247;408897.7303;Nederland;n.a.;n.a.;Schouwen-Duiveland;Zeeland;land;51.66222561222364;4.1381570538118915;BU16769998;GM1676;BU16769998;GM1676;BU16769998;GM1676;False;False
133.0;85.0;4800.0;81879.5364233;408899.166174;Nederland;n.a.;n.a.;Goeree-Overflakkee;Zuid-Holland;land;51.664131004757365;4.330306499551326;BU19240403;GM1924;BU19240403;GM1924;BU19240403;GM1924;False;False
167.0;109.0;8400.0;-19911.610212;408905.661725;België;n.a.;Siemens D8.0-167;n.a.;n.a.;zee;51.64167219756688;2.8599642976307296;n.a.;n.a.;n.a.;n.a.;n.a.;n.a.;False;False
126.0;91.0;4000.0;76025.5630679;408934.950927;Nederland;n.a.;n.a.;Goeree-Overflakkee;Zuid-Holland;land;51.66365826932122;4.245699504875122;BU19240606;GM1924;BU19240606;GM1924;BU19240606;GM1924;False;False
167.0;116.0;8000.0;-3599.72364019;408960.495972;Nederland;Borssele II;SG 8.0-167 DD;n.a.;n.a.;zee;51.64701523742892;3.095435345363178;n.a.;n.a.;n.a.;n.a.;n.a.;n.a.;False;False
90.0;72.0;3000.0;-25092.2143933;408987.655524;België;n.a.;V90;n.a.;n.a.;zee;51.64076899741805;2.7851416973191014;n.a.;n.a.;n.a.;n.a.;n.a.;n.a.;False;False
90.0;72.0;3000.0;-24174.8531505;408993.810887;België;n.a.;V90;n.a.;n.a.;zee;51.64111809772217;2.798380096695842;n.a.;n.a.;n.a.;n.a.;n.a.;n.a.;False;False
115.0;122.0;3000.0;70314.5937;409016.1316;Nederland;n.a.;n.a.;Schouwen-Duiveland;Zeeland;land;51.663553981582346;4.163150359643781;BU16760501;GM1676;BU16760501;GM1676;BU16760501;GM1676;False;False
167.0;116.0;8000.0;-7626.48350326;409021.249595;Nederland;Borssele II;SG 8.0-167 DD;n.a.;n.a.;zee;51.64640757699663;3.037266380423379;n.a.;n.a.;n.a.;n.a.;n.a.;n.a.;False;False
167.0;109.0;8400.0;-18100.9391737;409040.293904;België;n.a.;Siemens D8.0-167;n.a.;n.a.;zee;51.64344319776877;2.886035397093432;n.a.;n.a.;n.a.;n.a.;n.a.;n.a.;False;False
164.0;116.0;9500.0;-12396.6692661;409047.681545;Nederland;Borssele III;MHI Vestas V164-9.5 MW;n.a.;n.a.;zee;51.645241299987234;2.96838270452566;n.a.;n.a.;n.a.;n.a.;n.a.;n.a.;False;False
115.0;122.0;3000.0;71523.2128;409060.5817;Nederland;n.a.;n.a.;Schouwen-Duiveland;Zeeland;land;51.66413477533608;4.180605497216762;BU16769997;GM1676;BU16769997;GM1676;BU16769997;GM1676;False;False
133.0;85.0;4800.0;82354.3011519;409062.739055;Nederland;n.a.;n.a.;Goeree-Overflakkee;Zuid-Holland;land;51.665662823779336;4.337133630381701;BU19240403;GM1924;BU19240403;GM1924;BU19240403;GM1924;False;False
112.0;79.0;3300.0;-22328.030979;409074.693834;België;n.a.;n.a.;n.a.;n.a.;zee;51.642431497937785;2.824997397101402;n.a.;n.a.;n.a.;n.a.;n.a.;n.a.;False;False
115.0;122.0;3000.0;68956.0879;409078.7057;Nederland;n.a.;n.a.;Schouwen-Duiveland;Zeeland;land;51.66390940014921;4.143503305418222;BU16769998;GM1676;BU16769998;GM1676;BU16769998;GM1676;False;False
126.0;91.0;4000.0;75664.9352633;409086.980815;Nederland;n.a.;n.a.;Goeree-Overflakkee;Zuid-Holland;land;51.664973637147156;4.240453349850918;BU19240606;GM1924;BU19240606;GM1924;BU19240606;GM1924;False;False
115.0;122.0;3000.0;69321.2136;409091.4057;Nederland;n.a.;n.a.;Schouwen-Duiveland;Zeeland;land;51.66407947164386;4.1487766166359705;BU16769998;GM1676;BU16769998;GM1676;BU16769998;GM1676;False;False
115.0;122.0;3000.0;69668.8768;409105.6932;Nederland;n.a.;n.a.;Schouwen-Duiveland;Zeeland;land;51.66426091372719;4.15379722775664;BU16760501;GM1676;BU16760501;GM1676;BU16760501;GM1676;False;False
112.0;71.0;3000.0;-16297.1598223;409117.977495;België;n.a.;V112;n.a.;n.a.;zee;51.64469479875132;2.912037097705782;n.a.;n.a.;n.a.;n.a.;n.a.;n.a.;False;False
52.0;48.0;850.0;85808.9014;409120.981;Nederland;n.a.;n.a.;Moerdijk;Noord-Brabant;land;51.6666234361882;4.387049670897689;BU17090809;GM1709;BU17090809;GM1709;BU17090809;GM1709;False;False
115.0;122.0;3000.0;70716.7612;409138.8985;Nederland;n.a.;n.a.;Schouwen-Duiveland;Zeeland;land;51.66471789685676;4.168932385144281;BU16760501;GM1676;BU16760501;GM1676;BU16760501;GM1676;False;False
112.0;79.0;3300.0;-23317.3846724;409144.171916;België;n.a.;n.a.;n.a.;n.a.;zee;51.642741797644824;2.810680497036514;n.a.;n.a.;n.a.;n.a.;n.a.;n.a.;False;False
120.0;120.0;3900.0;97767.4814244;409150.569124;Nederland;n.a.;n.a.;Moerdijk;Noord-Brabant;land;51.66823827446686;4.559886210227232;BU17090303;GM1709;BU17090303;GM1709;BU17090303;GM1709;False;False
115.0;122.0;3000.0;71171.8455;409151.5985;Nederland;n.a.;n.a.;Schouwen-Duiveland;Zeeland;land;51.66490028664833;4.175505926172539;BU16760501;GM1676;BU16760501;GM1676;BU16760501;GM1676;False;False
115.0;122.0;3000.0;70014.0265;409271.1904;Nederland;n.a.;n.a.;Schouwen-Duiveland;Zeeland;land;51.665800657055456;4.1587446838057165;BU16760501;GM1676;BU16760501;GM1676;BU16760501;GM1676;False;False
90.0;100.0;2500.0;116986.9383;409296.924;Nederland;n.a.;n.a.;Oosterhout;Noord-Brabant;land;51.67118702020781;4.837678779769152;BU08260902;GM0826;BU08260902;GM0826;BU08260902;GM0826;False;False
133.0;85.0;4800.0;82790.5530214;409298.531624;Nederland;n.a.;n.a.;Goeree-Overflakkee;Zuid-Holland;land;51.66783834390906;4.3433896376733765;BU19240403;GM1924;BU19240403;GM1924;BU19240403;GM1924;False;False
90.0;72.0;3000.0;-24506.0800581;409299.210257;België;n.a.;V90;n.a.;n.a.;zee;51.64375499795175;2.7934418968138446;n.a.;n.a.;n.a.;n.a.;n.a.;n.a.;False;False
90.0;72.0;3000.0;-25421.0511058;409311.58233;België;n.a.;V90;n.a.;n.a.;zee;51.64357249740593;2.7802276975101776;n.a.;n.a.;n.a.;n.a.;n.a.;n.a.;False;False
167.0;109.0;8400.0;-20378.6567472;409348.092655;België;n.a.;Siemens D8.0-167;n.a.;n.a.;zee;51.64549999831401;2.8529999981503043;n.a.;n.a.;n.a.;n.a.;n.a.;n.a.;False;False
52.0;48.0;850.0;85906.902;409350.9808;Nederland;n.a.;n.a.;Moerdijk;Noord-Brabant;land;51.66870262918407;4.388420452736275;BU17090809;GM1709;BU17090809;GM1709;BU17090809;GM1709;False;False
105.0;90.0;3000.0;86445.2143882;409367.188841;Nederland;n.a.;n.a.;Moerdijk;Noord-Brabant;land;51.6689144124552;4.396197772096245;BU17090809;GM1709;BU17090809;GM1709;BU17090809;GM1709;False;False
126.0;91.0;4000.0;75369.6133706;409369.115407;Nederland;n.a.;n.a.;Goeree-Overflakkee;Zuid-Holland;land;51.66746730893002;4.236120970973365;BU19240606;GM1924;BU19240606;GM1924;BU19240606;GM1924;False;False
90.0;100.0;2500.0;117317.9388;409379.9235;Nederland;n.a.;n.a.;Oosterhout;Noord-Brabant;land;51.67195538966811;4.842454593407597;BU08260902;GM0826;BU08260902;GM0826;BU08260902;GM0826;False;False
115.0;122.0;3000.0;70392.9106;409415.1241;Nederland;n.a.;n.a.;Schouwen-Duiveland;Zeeland;land;51.667151498371915;4.164185248608749;BU16760501;GM1676;BU16760501;GM1676;BU16760501;GM1676;False;False
112.0;79.0;3300.0;-22641.0339461;409418.717569;België;n.a.;n.a.;n.a.;n.a.;zee;51.64542219833581;2.8203039981052584;n.a.;n.a.;n.a.;n.a.;n.a.;n.a.;False;False
167.0;116.0;8000.0;-2210.62384753;409434.124381;Nederland;Borssele II;SG 8.0-167 DD;n.a.;n.a.;zee;51.6516609274074;3.1152792679765393;n.a.;n.a.;n.a.;n.a.;n.a.;n.a.;False;False
164.0;116.0;9500.0;-9000.26136296;409446.736362;Nederland;Borssele III;MHI Vestas V164-9.5 MW;n.a.;n.a.;zee;51.649829329363904;3.017231503573767;n.a.;n.a.;n.a.;n.a.;n.a.;n.a.;False;False
115.0;122.0;3000.0;70941.1283;409457.4575;Nederland;n.a.;n.a.;Schouwen-Duiveland;Zeeland;land;51.66761444547241;4.1720979559646;BU16760501;GM1676;BU16760501;GM1676;BU16760501;GM1676;False;False
90.0;100.0;2500.0;117649.9393;409462.9231;Nederland;n.a.;n.a.;Oosterhout;Noord-Brabant;land;51.67272363202829;4.847245025882387;BU08260902;GM0826;BU08260902;GM0826;BU08260902;GM0826;False;False
133.0;85.0;4800.0;83242.9999069;409508.947834;Nederland;n.a.;n.a.;Goeree-Overflakkee;Zuid-Holland;land;51.6697875401648;4.349885554422349;BU19240403;GM1924;BU19240403;GM1924;BU19240403;GM1924;False;False
167.0;109.0;8400.0;-18552.8355245;409513.938432;België;n.a.;Siemens D8.0-167;n.a.;n.a.;zee;51.64755759741313;2.8792761979038186;n.a.;n.a.;n.a.;n.a.;n.a.;n.a.;False;False
167.0;116.0;8000.0;-6117.6717906;409524.308872;Nederland;Borssele II;SG 8.0-167 DD;n.a.;n.a.;zee;51.651361870089325;3.0588189518304585;n.a.;n.a.;n.a.;n.a.;n.a.;n.a.;False;False
112.0;79.0;3300.0;-21698.0290855;409528.720642;België;n.a.;n.a.;n.a.;n.a.;zee;51.64670809817275;2.8338616972597586;n.a.;n.a.;n.a.;n.a.;n.a.;n.a.;False;False
90.0;72.0;3000.0;-25773.7147981;409575.926665;België;n.a.;V90;n.a.;n.a.;zee;51.645832998072756;2.774999997361184;n.a.;n.a.;n.a.;n.a.;n.a.;n.a.;False;False
120.0;120.0;3900.0;97613.0967407;409578.004354;Nederland;n.a.;n.a.;Moerdijk;Noord-Brabant;land;51.67206416644678;4.557584349946991;BU17090303;GM1709;BU17090303;GM1709;BU17090303;GM1709;False;False
52.0;48.0;850.0;86001.9026;409581.9806;Nederland;n.a.;n.a.;Moerdijk;Noord-Brabant;land;51.670790424044064;4.389747799447558;BU17090809;GM1709;BU17090809;GM1709;BU17090809;GM1709;False;False
90.0;72.0;3000.0;-24848.1493497;409595.50047;België;n.a.;V90;n.a.;n.a.;zee;51.646306397851525;2.788351298160112;n.a.;n.a.;n.a.;n.a.;n.a.;n.a.;False;False
90.0;100.0;2500.0;116735.9384;409595.9243;Nederland;n.a.;n.a.;Oosterhout;Noord-Brabant;land;51.673857403218754;4.834017608239574;BU08260902;GM0826;BU08260902;GM0826;BU08260902;GM0826;False;False
90.0;72.0;3000.0;-23913.0065199;409610.91734;België;n.a.;V90;n.a.;n.a.;zee;51.646743997251136;2.8018432977954904;n.a.;n.a.;n.a.;n.a.;n.a.;n.a.;False;False
167.0;109.0;8400.0;-16756.1591431;409612.938682;België;n.a.;Siemens D8.0-167;n.a.;n.a.;zee;51.648999998528936;2.905166998074506;n.a.;n.a.;n.a.;n.a.;n.a.;n.a.;False;False
90.0;100.0;2500.0;117072.9389;409671.9239;Nederland;n.a.;n.a.;Oosterhout;Noord-Brabant;land;51.674563411978134;4.838881142615707;BU08260902;GM0826;BU08260902;GM0826;BU08260902;GM0826;False;False
105.0;90.0;3000.0;86594.081079;409706.641286;Nederland;n.a.;n.a.;Moerdijk;Noord-Brabant;land;51.671983409159466;4.398282784904027;BU17090809;GM1709;BU17090809;GM1709;BU17090809;GM1709;False;False
126.0;91.0;4000.0;75154.8330105;409734.699749;Nederland;n.a.;n.a.;Goeree-Overflakkee;Zuid-Holland;land;51.670722265985205;4.232933081168412;BU19240606;GM1924;BU19240606;GM1924;BU19240606;GM1924;False;False
90.0;100.0;2500.0;117399.9394;409744.9234;Nederland;n.a.;n.a.;Oosterhout;Noord-Brabant;land;51.67524158248418;4.843600584796346;BU08260902;GM0826;BU08260902;GM0826;BU08260902;GM0826;False;False
112.0;79.0;3300.0;-23075.8090242;409757.758908;België;n.a.;n.a.;n.a.;n.a.;zee;51.64832929775315;2.813854497870037;n.a.;n.a.;n.a.;n.a.;n.a.;n.a.;False;False
133.0;85.0;4800.0;83666.9593661;409761.140932;Nederland;n.a.;n.a.;Goeree-Overflakkee;Zuid-Holland;land;51.67210821391663;4.355961711945945;BU19240403;GM1924;BU19240403;GM1924;BU19240403;GM1924;False;False
120.0;120.0;3900.0;100774.166404;409766.269097;Nederland;n.a.;n.a.;Moerdijk;Noord-Brabant;land;51.67407108674409;4.603249055596083;BU17090303;GM1709;BU17090303;GM1709;BU17090303;GM1709;False;False
52.0;48.0;850.0;86101.9032;409810.9803;Nederland;n.a.;n.a.;Moerdijk;Noord-Brabant;land;51.67286084289151;4.391147937816862;BU17090809;GM1709;BU17090809;GM1709;BU17090809;GM1709;False;False
164.0;116.0;9500.0;-15309.2930307;409823.621563;Nederland;Borssele III;MHI Vestas V164-9.5 MW;n.a.;n.a.;zee;51.65133364768801;2.9259542171813013;n.a.;n.a.;n.a.;n.a.;n.a.;n.a.;False;False
112.0;79.0;3300.0;-22235.2262409;409861.57282;België;n.a.;n.a.;n.a.;n.a.;zee;51.64952799804394;2.825937298128269;n.a.;n.a.;n.a.;n.a.;n.a.;n.a.;False;False
90.0;72.0;3000.0;-25184.1571366;409883.537514;België;n.a.;V90;n.a.;n.a.;zee;51.64878539747123;2.783351898004616;n.a.;n.a.;n.a.;n.a.;n.a.;n.a.;False;False
120.0;120.0;3900.0;97372.4713355;409896.493015;Nederland;n.a.;n.a.;Moerdijk;Noord-Brabant;land;51.67490196281609;4.554053398622153;BU17090303;GM1709;BU17090303;GM1709;BU17090303;GM1709;False;False
90.0;72.0;3000.0;-24249.9258551;409914.365685;België;n.a.;V90;n.a.;n.a.;zee;51.64936169765912;2.796823496862966;n.a.;n.a.;n.a.;n.a.;n.a.;n.a.;False;False
112.0;79.0;3300.0;-26267.8251657;409930.890297;België;n.a.;n.a.;n.a.;n.a.;zee;51.64886139794382;2.76768269689241;n.a.;n.a.;n.a.;n.a.;n.a.;n.a.;False;False
167.0;109.0;8400.0;-19036.2716947;409975.32327;België;n.a.;Siemens D8.0-167;n.a.;n.a.;zee;51.65155169789369;2.8720664975190338;n.a.;n.a.;n.a.;n.a.;n.a.;n.a.;False;False
105.0;90.0;3000.0;86734.0648626;410026.837452;Nederland;n.a.;n.a.;Moerdijk;Noord-Brabant;land;51.67487822170223;4.400243445826556;BU17090809;GM1709;BU17090809;GM1709;BU17090809;GM1709;False;False
164.0;116.0;9500.0;-10722.2021523;410038.689951;Nederland;Borssele III;MHI Vestas V164-9.5 MW;n.a.;n.a.;zee;51.65464005637828;2.9920870283686303;n.a.;n.a.;n.a.;n.a.;n.a.;n.a.;False;False
52.0;48.0;850.0;86200.9039;410040.9801;Nederland;n.a.;n.a.;Moerdijk;Noord-Brabant;land;51.674940110436275;4.392533552185688;BU17090809;GM1709;BU17090809;GM1709;BU17090809;GM1709;False;False
167.0;109.0;8400.0;-17194.8891026;410064.699369;België;n.a.;Siemens D8.0-167;n.a.;n.a.;zee;51.652922998358626;2.898609597566964;n.a.;n.a.;n.a.;n.a.;n.a.;n.a.;False;False
112.0;79.0;3300.0;-21218.8378338;410087.379941;België;n.a.;n.a.;n.a.;n.a.;zee;51.651876397855105;2.840497398103554;n.a.;n.a.;n.a.;n.a.;n.a.;n.a.;False;False
167.0;116.0;8000.0;-3278.98337473;410160.867997;Nederland;Borssele II;SG 8.0-167 DD;n.a.;n.a.;zee;51.65788847505517;3.0995217266347357;n.a.;n.a.;n.a.;n.a.;n.a.;n.a.;False;False
167.0;116.0;8000.0;-4630.44069706;410173.917194;Nederland;Borssele II;SG 8.0-167 DD;n.a.;n.a.;zee;51.65762246850488;3.079997534172772;n.a.;n.a.;n.a.;n.a.;n.a.;n.a.;False;False
90.0;72.0;3000.0;-25510.195801;410193.377118;België;n.a.;V90;n.a.;n.a.;zee;51.65146319747654;2.778484597499473;n.a.;n.a.;n.a.;n.a.;n.a.;n.a.;False;False
164.0;116.0;9500.0;-13340.1345737;410194.648306;Nederland;Borssele III;MHI Vestas V164-9.5 MW;n.a.;n.a.;zee;51.65526088899815;2.954208087024621;n.a.;n.a.;n.a.;n.a.;n.a.;n.a.;False;False
90.0;72.0;3000.0;-24585.1372562;410215.250069;België;n.a.;V90;n.a.;n.a.;zee;51.65195669776765;2.7918290968946944;n.a.;n.a.;n.a.;n.a.;n.a.;n.a.;False;False
90.0;72.0;3000.0;-23657.6187706;410236.214029;België;n.a.;V90;n.a.;n.a.;zee;51.652441297319555;2.805209897178387;n.a.;n.a.;n.a.;n.a.;n.a.;n.a.;False;False
112.0;79.0;3300.0;-22830.4588374;410360.310222;België;n.a.;n.a.;n.a.;n.a.;zee;51.653818797665885;2.817089398181549;n.a.;n.a.;n.a.;n.a.;n.a.;n.a.;False;False
167.0;109.0;8400.0;-19438.665306;410371.666602;België;n.a.;Siemens D8.0-167;n.a.;n.a.;zee;51.65498639758729;2.8660582977753704;n.a.;n.a.;n.a.;n.a.;n.a.;n.a.;False;False
112.0;79.0;3300.0;-26342.4674107;410376.171906;België;n.a.;n.a.;n.a.;n.a.;zee;51.652836297885834;2.7663735975710386;n.a.;n.a.;n.a.;n.a.;n.a.;n.a.;False;False
112.0;79.0;3300.0;-21942.0153243;410400.126145;België;n.a.;n.a.;n.a.;n.a.;zee;51.65445749793221;2.8298972980160357;n.a.;n.a.;n.a.;n.a.;n.a.;n.a.;False;False
120.0;120.0;3900.0;101633.080281;410430.288477;Nederland;n.a.;n.a.;Moerdijk;Noord-Brabant;land;51.68012165699441;4.615563708677142;BU17090303;GM1709;BU17090303;GM1709;BU17090303;GM1709;False;False
167.0;116.0;8000.0;-7293.13962931;410435.527788;Nederland;Borssele II;SG 8.0-167 DD;n.a.;n.a.;zee;51.65920780190113;3.0414211534828084;n.a.;n.a.;n.a.;n.a.;n.a.;n.a.;False;False
115.0;122.0;3000.0;69767.0719;410437.2472;Nederland;n.a.;n.a.;Schouwen-Duiveland;Zeeland;land;51.67624230157158;4.154890518381652;BU16760501;GM1676;BU16760501;GM1676;BU16760501;GM1676;False;False
167.0;109.0;8400.0;-17650.651922;410511.619272;België;n.a.;Siemens D8.0-167;n.a.;n.a.;zee;51.65679689810683;2.8918074979454715;n.a.;n.a.;n.a.;n.a.;n.a.;n.a.;False;False
90.0;72.0;3000.0;-24915.6359867;410517.827506;België;n.a.;V90;n.a.;n.a.;zee;51.65456819743989;2.7869012973738725;n.a.;n.a.;n.a.;n.a.;n.a.;n.a.;False;False
90.0;72.0;3000.0;-23992.4740885;410537.045867;België;n.a.;V90;n.a.;n.a.;zee;51.65503629779143;2.8002207974422024;n.a.;n.a.;n.a.;n.a.;n.a.;n.a.;False;False
167.0;116.0;8000.0;-1973.55698532;410540.501329;Nederland;Borssele II;SG 8.0-167 DD;n.a.;n.a.;zee;51.661665730099394;3.1182045682728203;n.a.;n.a.;n.a.;n.a.;n.a.;n.a.;False;False
115.0;122.0;3000.0;69223.9199;410591.1649;Nederland;n.a.;n.a.;Schouwen-Duiveland;Zeeland;land;51.677542632196136;4.147001381801065;BU16760501;GM1676;BU16760501;GM1676;BU16760501;GM1676;False;False
112.0;79.0;3300.0;-20753.3705465;410635.002078;België;n.a.;n.a.;n.a.;n.a.;zee;51.65694089813961;2.846941998396251;n.a.;n.a.;n.a.;n.a.;n.a.;n.a.;False;False
115.0;122.0;3000.0;69494.5942232;410704.63837;Nederland;n.a.;n.a.;Schouwen-Duiveland;Zeeland;land;51.67860377505022;4.150886219317243;BU16760501;GM1676;BU16760501;GM1676;BU16760501;GM1676;False;False
90.0;72.0;3000.0;-25260.4902671;410822.234137;België;n.a.;V90;n.a.;n.a.;zee;51.65719129718674;2.781764697118226;n.a.;n.a.;n.a.;n.a.;n.a.;n.a.;False;False
90.0;72.0;3000.0;-24321.9019656;410841.572263;België;n.a.;V90;n.a.;n.a.;zee;51.65766599776874;2.7953075971415915;n.a.;n.a.;n.a.;n.a.;n.a.;n.a.;False;False
164.0;116.0;9500.0;-8673.70084135;410842.473223;Nederland;Borssele III;MHI Vestas V164-9.5 MW;n.a.;n.a.;zee;51.662461702588956;3.02129163123189;n.a.;n.a.;n.a.;n.a.;n.a.;n.a.;False;False
90.0;72.0;3000.0;-23401.053129;410866.289529;België;n.a.;V90;n.a.;n.a.;zee;51.65818179733631;2.808591898150499;n.a.;n.a.;n.a.;n.a.;n.a.;n.a.;False;False
112.0;79.0;3300.0;-21635.4786512;410931.156181;België;n.a.;n.a.;n.a.;n.a.;zee;51.65932349854657;2.8340543970662044;n.a.;n.a.;n.a.;n.a.;n.a.;n.a.;False;False
112.0;79.0;3300.0;-26101.109323;410970.418652;België;n.a.;n.a.;n.a.;n.a.;zee;51.65825119822211;2.769549697807795;n.a.;n.a.;n.a.;n.a.;n.a.;n.a.;False;False
112.0;79.0;3300.0;-22570.043946;410973.49646;België;n.a.;n.a.;n.a.;n.a.;zee;51.65940849826132;2.8205371984183354;n.a.;n.a.;n.a.;n.a.;n.a.;n.a.;False;False
167.0;109.0;8400.0;-18080.3401519;410979.87758;België;n.a.;Siemens D8.0-167;n.a.;n.a.;zee;51.66087009782508;2.8853701970493093;n.a.;n.a.;n.a.;n.a.;n.a.;n.a.;False;False
164.0;105.0;9525.0;-27372.1954534;411025.411411;België;n.a.;V164;n.a.;n.a.;zee;51.65833299841999;2.7511669966576786;n.a.;n.a.;n.a.;n.a.;n.a.;n.a.;False;False
167.0;116.0;8000.0;-5804.21573058;411028.172876;Nederland;Borssele II;SG 8.0-167 DD;n.a.;n.a.;zee;51.66496036436392;3.062651667855197;n.a.;n.a.;n.a.;n.a.;n.a.;n.a.;False;False
52.0;44.0;850.0;86252.8063;411129.36;Nederland;n.a.;n.a.;Moerdijk;Noord-Brabant;land;51.68472819384842;4.3930689717164775;BU17090909;GM1709;BU17090909;GM1709;BU17090909;GM1709;False;False
90.0;72.0;3000.0;-24662.6210332;411134.221387;België;n.a.;V90;n.a.;n.a.;zee;51.66018519754061;2.790236898154216;n.a.;n.a.;n.a.;n.a.;n.a.;n.a.;False;False
90.0;72.0;3000.0;-23745.0363118;411166.026936;België;n.a.;V90;n.a.;n.a.;zee;51.66076419714873;2.8034710979489055;n.a.;n.a.;n.a.;n.a.;n.a.;n.a.;False;False
112.0;79.0;3300.0;-20290.7366092;411185.845743;België;n.a.;n.a.;n.a.;n.a.;zee;51.662033097319465;2.853345498029884;n.a.;n.a.;n.a.;n.a.;n.a.;n.a.;False;False
18.0;31.4;80.0;50552.6267;411209.5564;Nederland;n.a.;n.a.;Schouwen-Duiveland;Zeeland;land;51.67992966819421;3.8769368996375246;BU16761009;GM1676;BU16761009;GM1676;BU16761009;GM1676;False;False
52.0;44.0;850.0;86405.1828;411257.5407;Nederland;n.a.;n.a.;Moerdijk;Noord-Brabant;land;51.685898887620624;4.395246873172764;BU17090909;GM1709;BU17090909;GM1709;BU17090909;GM1709;False;False
18.0;31.4;80.0;50529.4856;411260.5802;Nederland;n.a.;n.a.;Schouwen-Duiveland;Zeeland;land;51.680383851345105;3.876587092814941;BU16761009;GM1676;BU16761009;GM1676;BU16761009;GM1676;False;False
117.0;91.0;3600.0;71352.6885791;411292.186676;Nederland;n.a.;n.a.;Goeree-Overflakkee;Zuid-Holland;land;51.68416452772534;4.177605343957152;BU19240606;GM1924;BU19240606;GM1924;BU19240606;GM1924;False;False
18.0;31.4;80.0;41564.4661;411296.8101;Nederland;n.a.;n.a.;Schouwen-Duiveland;Zeeland;land;51.67896574428041;3.7469922142124417;BU16761208;GM1676;BU16761208;GM1676;BU16761208;GM1676;False;False
117.0;91.0;3600.0;70966.6431481;411316.697498;Nederland;n.a.;n.a.;Goeree-Overflakkee;Zuid-Holland;land;51.68432701751077;4.172018143928261;BU19240606;GM1924;BU19240606;GM1924;BU19240606;GM1924;False;False
150.0;135.0;5700.0;104662.850981;411318.492973;Nederland;n.a.;n.a.;Moerdijk;Noord-Brabant;land;51.6883851921829;4.659239613111063;BU17090109;GM1709;BU17090109;GM1709;BU17090109;GM1709;False;False
52.0;44.0;850.0;86582.5555;411351.7001;Nederland;n.a.;n.a.;Moerdijk;Noord-Brabant;land;51.686766831716646;4.397793003628115;BU17090909;GM1709;BU17090909;GM1709;BU17090909;GM1709;False;False
167.0;116.0;8000.0;-3202.58940015;411358.334961;Nederland;Borssele II;SG 8.0-167 DD;n.a.;n.a.;zee;51.66866654780406;3.100081534747861;n.a.;n.a.;n.a.;n.a.;n.a.;n.a.;False;False
167.0;109.0;8400.0;-18495.4564837;411398.317292;België;n.a.;Siemens D8.0-167;n.a.;n.a.;zee;51.664499997601084;2.879166997629958;n.a.;n.a.;n.a.;n.a.;n.a.;n.a.;False;False
90.0;72.0;3000.0;-25002.0588586;411440.890398;België;n.a.;V90;n.a.;n.a.;zee;51.662830497420146;2.785176897102944;n.a.;n.a.;n.a.;n.a.;n.a.;n.a.;False;False
90.0;72.0;3000.0;-24067.2887496;411464.292994;België;n.a.;V90;n.a.;n.a.;zee;51.663340097462026;2.798664298512372;n.a.;n.a.;n.a.;n.a.;n.a.;n.a.;False;False
150.0;135.0;5700.0;105139.760007;411465.014815;Nederland;n.a.;n.a.;Drimmelen;Noord-Brabant;land;51.68974477731901;4.666115031631686;BU17190601;GM1719;BU17190601;GM1719;BU17190601;GM1719;False;False
52.0;44.0;850.0;86749.1876;411465.0789;Nederland;n.a.;n.a.;Moerdijk;Noord-Brabant;land;51.687806144569116;4.400180159238354;BU17090909;GM1709;BU17090909;GM1709;BU17090909;GM1709;False;False
90.0;72.0;3000.0;-23143.0921316;411486.383185;België;n.a.;V90;n.a.;n.a.;zee;51.66383299772393;2.8119999983224235;n.a.;n.a.;n.a.;n.a.;n.a.;n.a.;False;False
112.0;79.0;3300.0;-20612.4297665;411515.360837;België;n.a.;n.a.;n.a.;n.a.;zee;51.664891897436554;2.848533697497894;n.a.;n.a.;n.a.;n.a.;n.a.;n.a.;False;False
112.0;79.0;3300.0;-25861.5909223;411547.671323;België;n.a.;n.a.;n.a.;n.a.;zee;51.66351279743009;2.7727087979459504;n.a.;n.a.;n.a.;n.a.;n.a.;n.a.;False;False
164.0;116.0;9500.0;-9907.10346234;411565.335911;Nederland;Borssele III;MHI Vestas V164-9.5 MW;n.a.;n.a.;zee;51.66859307762623;3.0031353574911384;n.a.;n.a.;n.a.;n.a.;n.a.;n.a.;False;False
117.0;91.0;3600.0;70660.2578854;411569.975981;Nederland;n.a.;n.a.;Goeree-Overflakkee;Zuid-Holland;land;51.68655714173458;4.16752718705084;BU19240606;GM1924;BU19240606;GM1924;BU19240606;GM1924;False;False
112.0;79.0;3300.0;-22318.5532113;411584.82572;België;n.a.;n.a.;n.a.;n.a.;zee;51.66497859775051;2.823857898117854;n.a.;n.a.;n.a.;n.a.;n.a.;n.a.;False;False
164.0;116.0;9500.0;-16892.8926289;411597.482144;Nederland;Borssele III;MHI Vestas V164-9.5 MW;n.a.;n.a.;zee;51.66678262476354;2.9022144306954014;n.a.;n.a.;n.a.;n.a.;n.a.;n.a.;False;False
167.0;116.0;8000.0;-1759.01244358;411619.847336;Nederland;Borssele II;SG 8.0-167 DD;n.a.;n.a.;zee;51.6714213442288;3.1208179114515247;n.a.;n.a.;n.a.;n.a.;n.a.;n.a.;False;False
66.0;67.0;1750.0;99449.2397;411684.8576;Nederland;n.a.;n.a.;Moerdijk;Noord-Brabant;land;51.691185153141454;4.583790044680492;BU17090303;GM1709;BU17090303;GM1709;BU17090303;GM1709;False;False
167.0;116.0;8000.0;-4452.59326618;411702.773018;Nederland;Borssele II;SG 8.0-167 DD;n.a.;n.a.;zee;51.67140622180244;3.0818666025944492;n.a.;n.a.;n.a.;n.a.;n.a.;n.a.;False;False
52.0;44.0;850.0;86862.2083;411702.8787;Nederland;n.a.;n.a.;Moerdijk;Noord-Brabant;land;51.68995711222309;4.40176784918521;BU17090909;GM1709;BU17090909;GM1709;BU17090909;GM1709;False;False
164.0;116.0;9500.0;-15422.4223659;411709.325163;Nederland;Borssele III;MHI Vestas V164-9.5 MW;n.a.;n.a.;zee;51.66823626758732;2.923398931484194;n.a.;n.a.;n.a.;n.a.;n.a.;n.a.;False;False
112.0;79.0;3300.0;-19823.288777;411731.438752;België;n.a.;n.a.;n.a.;n.a.;zee;51.6670792979828;2.8598225975930633;n.a.;n.a.;n.a.;n.a.;n.a.;n.a.;False;False
66.0;67.0;1750.0;99711.9538;411756.1271;Nederland;n.a.;n.a.;Moerdijk;Noord-Brabant;land;51.69185170592307;4.587577914775793;BU17090303;GM1709;BU17090303;GM1709;BU17090303;GM1709;False;False
164.0;116.0;9500.0;-11691.8825849;411762.288903;Nederland;Borssele III;MHI Vestas V164-9.5 MW;n.a.;n.a.;zee;51.66983407802516;2.9772601715619893;n.a.;n.a.;n.a.;n.a.;n.a.;n.a.;False;False
90.0;72.0;3000.0;-24405.5845164;411763.821398;België;n.a.;V90;n.a.;n.a.;zee;51.665921997360755;2.793624598059643;n.a.;n.a.;n.a.;n.a.;n.a.;n.a.;False;False
167.0;116.0;8000.0;-7028.62950296;411764.374158;Nederland;Borssele II;SG 8.0-167 DD;n.a.;n.a.;zee;51.671220594013214;3.0446235415497305;n.a.;n.a.;n.a.;n.a.;n.a.;n.a.;False;False
90.0;72.0;3000.0;-23480.4062816;411788.005806;België;n.a.;V90;n.a.;n.a.;zee;51.66643459740145;2.8069740976303983;n.a.;n.a.;n.a.;n.a.;n.a.;n.a.;False;False
112.0;79.0;3300.0;-21736.6678689;411818.57935;België;n.a.;n.a.;n.a.;n.a.;zee;51.667261797830626;2.832143197538473;n.a.;n.a.;n.a.;n.a.;n.a.;n.a.;False;False
164.0;116.0;9500.0;-13726.2225967;411844.034475;Nederland;Borssele III;MHI Vestas V164-9.5 MW;n.a.;n.a.;zee;51.6699594779621;2.947834439936982;n.a.;n.a.;n.a.;n.a.;n.a.;n.a.;False;False
101.0;99.0;3050.0;70494.5936;411860.3384;Nederland;n.a.;n.a.;Goeree-Overflakkee;Zuid-Holland;land;51.68914161025696;4.165061471719368;BU19241103;GM1924;BU19241103;GM1924;BU19241103;GM1924;False;False
150.0;135.0;5700.0;104983.352907;411860.840675;Nederland;n.a.;n.a.;Drimmelen;Noord-Brabant;land;51.69328847908474;4.663796337526098;BU17190601;GM1719;BU17190601;GM1719;BU17190601;GM1719;False;False
150.0;135.0;5700.0;104408.352321;411921.073951;Nederland;n.a.;n.a.;Moerdijk;Noord-Brabant;land;51.69377819794716;4.655471821218545;BU17090109;GM1709;BU17090109;GM1709;BU17090109;GM1709;False;False
164.0;105.0;9525.0;-27761.7233152;411984.021081;België;n.a.;V164;n.a.;n.a.;zee;51.66681519850792;2.7450397976476513;n.a.;n.a.;n.a.;n.a.;n.a.;n.a.;False;False
112.0;79.0;3300.0;-21171.8181929;412003.045797;België;n.a.;n.a.;n.a.;n.a.;zee;51.669096398095746;2.840208197837027;n.a.;n.a.;n.a.;n.a.;n.a.;n.a.;False;False
112.0;79.0;3300.0;-20139.7255104;412060.730392;België;n.a.;n.a.;n.a.;n.a.;zee;51.66993799773478;2.8550866980611502;n.a.;n.a.;n.a.;n.a.;n.a.;n.a.;False;False
90.0;72.0;3000.0;-24742.1352428;412062.632953;België;n.a.;V90;n.a.;n.a.;zee;51.6684977978108;2.788609898337464;n.a.;n.a.;n.a.;n.a.;n.a.;n.a.;False;False
90.0;72.0;3000.0;-23809.5743312;412087.838132;België;n.a.;V90;n.a.;n.a.;zee;51.669022497140425;2.8020661982925636;n.a.;n.a.;n.a.;n.a.;n.a.;n.a.;False;False
90.0;72.0;3000.0;-22883.6686283;412113.85141;België;n.a.;V90;n.a.;n.a.;zee;51.66955079759503;2.81542629829733;n.a.;n.a.;n.a.;n.a.;n.a.;n.a.;False;False
101.0;99.0;3050.0;70341.4794;412122.7444;Nederland;n.a.;n.a.;Goeree-Overflakkee;Zuid-Holland;land;51.69147668336246;4.162783748054647;BU19241103;GM1924;BU19241103;GM1924;BU19241103;GM1924;False;False
52.0;44.0;850.0;87404.8298;412124.2875;Nederland;n.a.;n.a.;Moerdijk;Noord-Brabant;land;51.693810252218185;4.409532503126749;BU17090909;GM1709;BU17090909;GM1709;BU17090909;GM1709;False;False
164.0;105.0;9525.0;-26882.7780635;412146.90769;België;n.a.;V164;n.a.;n.a.;zee;51.668563998240394;2.7576487969052965;n.a.;n.a.;n.a.;n.a.;n.a.;n.a.;False;False
52.0;44.0;850.0;87636.8703;412218.6069;Nederland;n.a.;n.a.;Moerdijk;Noord-Brabant;land;51.69468590413551;4.412869922202744;BU17090909;GM1709;BU17090909;GM1709;BU17090909;GM1709;False;False
117.0;91.0;3600.0;70938.2466969;412219.494094;Nederland;n.a.;n.a.;Goeree-Overflakkee;Zuid-Holland;land;51.692436058866654;4.171389579505037;BU19241103;GM1924;BU19241103;GM1924;BU19241103;GM1924;False;False
112.0;79.0;3300.0;-22063.3239962;412232.376075;België;n.a.;n.a.;n.a.;n.a.;zee;51.67087509831521;2.8272149978351515;n.a.;n.a.;n.a.;n.a.;n.a.;n.a.;False;False
167.0;116.0;8000.0;-2436.40348619;412233.336507;Nederland;Borssele II;SG 8.0-167 DD;n.a.;n.a.;zee;51.67674225734292;3.110754446716469;n.a.;n.a.;n.a.;n.a.;n.a.;n.a.;False;False
150.0;135.0;5700.0;104831.543123;412237.444777;Nederland;n.a.;n.a.;Drimmelen;Noord-Brabant;land;51.696659781229954;4.6615465425174465;BU17190601;GM1719;BU17190601;GM1719;BU17190601;GM1719;False;False
112.0;79.0;3300.0;-19364.9548772;412282.007273;België;n.a.;n.a.;n.a.;n.a.;zee;51.67216699778931;2.8661669975098585;n.a.;n.a.;n.a.;n.a.;n.a.;n.a.;False;False
112.0;79.0;3300.0;-20616.5645869;412358.829174;België;n.a.;n.a.;n.a.;n.a.;zee;51.67246609807308;2.8480488976911595;n.a.;n.a.;n.a.;n.a.;n.a.;n.a.;False;False
52.0;44.0;850.0;87822.5708;412373.1565;Nederland;n.a.;n.a.;Moerdijk;Noord-Brabant;land;51.69609721889351;4.415525666059513;BU17090909;GM1709;BU17090909;GM1709;BU17090909;GM1709;False;False
164.0;116.0;9500.0;-8408.55787311;412379.86542;Nederland;Borssele III;MHI Vestas V164-9.5 MW;n.a.;n.a.;zee;51.67634841837502;3.02440019513349;n.a.;n.a.;n.a.;n.a.;n.a.;n.a.;False;False
101.0;99.0;3050.0;70187.8626351;412385.488357;Nederland;n.a.;n.a.;Goeree-Overflakkee;Zuid-Holland;land;51.69381467228241;4.1604984383009525;BU19241103;GM1924;BU19241103;GM1924;BU19241103;GM1924;False;False
90.0;72.0;3000.0;-24145.863982;412393.648254;België;n.a.;V90;n.a.;n.a.;zee;51.6716615978049;2.7970517974721667;n.a.;n.a.;n.a.;n.a.;n.a.;n.a.;False;False
150.0;135.0;5700.0;104223.795732;412401.310191;Nederland;n.a.;n.a.;Moerdijk;Noord-Brabant;land;51.69807780384212;4.652732628773167;BU17090409;GM1709;BU17090409;GM1709;BU17090409;GM1709;False;False
90.0;72.0;3000.0;-23218.2106523;412410.382872;België;n.a.;V90;n.a.;n.a.;zee;51.67210769780853;2.810442597123559;n.a.;n.a.;n.a.;n.a.;n.a.;n.a.;False;False
167.0;116.0;8000.0;-5609.25305065;412425.466799;Nederland;Borssele II;SG 8.0-167 DD;n.a.;n.a.;zee;51.67756750383725;3.0648236790315986;n.a.;n.a.;n.a.;n.a.;n.a.;n.a.;False;False
164.0;105.0;9525.0;-28166.3451307;412452.946457;België;n.a.;V164;n.a.;n.a.;zee;51.670894398554836;2.738949697864407;n.a.;n.a.;n.a.;n.a.;n.a.;n.a.;False;False
117.0;91.0;3600.0;70753.0379932;412508.155088;Nederland;n.a.;n.a.;Goeree-Overflakkee;Zuid-Holland;land;51.69500237639246;4.168641540628258;BU19241103;GM1924;BU19241103;GM1924;BU19241103;GM1924;False;False
52.0;44.0;850.0;88006.9914;412528.1161;Nederland;n.a.;n.a.;Moerdijk;Noord-Brabant;land;51.69751200536079;4.41816298588189;BU17090909;GM1709;BU17090909;GM1709;BU17090909;GM1709;False;False
112.0;79.0;3300.0;-19685.9325296;412614.211725;België;n.a.;n.a.;n.a.;n.a.;zee;51.67505069740441;2.861363898271644;n.a.;n.a.;n.a.;n.a.;n.a.;n.a.;False;False
101.0;99.0;3050.0;70039.5978676;412651.966424;Nederland;n.a.;n.a.;Goeree-Overflakkee;Zuid-Holland;land;51.696186984192515;4.158289378492489;BU19241103;GM1924;BU19241103;GM1924;BU19241103;GM1924;False;False
52.0;44.0;850.0;88190.9219;412682.5157;Nederland;n.a.;n.a.;Moerdijk;Noord-Brabant;land;51.698921641200606;4.420793489899482;BU17090909;GM1709;BU17090909;GM1709;BU17090909;GM1709;False;False
90.0;72.0;3000.0;-24487.7266368;412693.4685;België;n.a.;V90;n.a.;n.a.;zee;51.674244897422504;2.7919593982180313;n.a.;n.a.;n.a.;n.a.;n.a.;n.a.;False;False
150.0;135.0;5700.0;104652.199582;412703.215702;Nederland;n.a.;n.a.;Drimmelen;Noord-Brabant;land;51.70082998494419;4.6588852500847935;BU17190601;GM1719;BU17190601;GM1719;BU17190601;GM1719;False;False
13.0;15.0;10.0;57442.4437798;412704.543221;Nederland;n.a.;BW10;Schouwen-Duiveland;Zeeland;land;51.69460633799797;3.9761119684136967;BU16760309;GM1676;BU16760309;GM1676;BU16760309;GM1676;False;False
90.0;72.0;3000.0;-23552.2864126;412709.983896;België;n.a.;V90;n.a.;n.a.;zee;51.67469209754369;2.805463497950146;n.a.;n.a.;n.a.;n.a.;n.a.;n.a.;False;False
112.0;79.0;3300.0;-20915.8980108;412722.905912;België;n.a.;n.a.;n.a.;n.a.;zee;51.67564209789557;2.84354119802462;n.a.;n.a.;n.a.;n.a.;n.a.;n.a.;False;False
112.0;79.0;3300.0;-25375.8835703;412727.730853;België;n.a.;n.a.;n.a.;n.a.;zee;51.67426739795312;2.7791122971247897;n.a.;n.a.;n.a.;n.a.;n.a.;n.a.;False;False
90.0;72.0;3000.0;-22625.5063658;412733.937249;België;n.a.;V90;n.a.;n.a.;zee;51.67520179736109;2.8188389973583305;n.a.;n.a.;n.a.;n.a.;n.a.;n.a.;False;False
167.0;116.0;8000.0;-3447.58822654;412796.454593;Nederland;Borssele II;SG 8.0-167 DD;n.a.;n.a.;zee;51.681515504859064;3.0958881612365077;n.a.;n.a.;n.a.;n.a.;n.a.;n.a.;False;False
117.0;91.0;3600.0;70585.8209921;412804.22443;Nederland;n.a.;n.a.;Goeree-Overflakkee;Zuid-Holland;land;51.69763791778759;4.166151584839045;BU19241103;GM1924;BU19241103;GM1924;BU19241103;GM1924;False;False
52.0;44.0;850.0;88390.4124;412818.8953;Nederland;n.a.;n.a.;Moerdijk;Noord-Brabant;land;51.70017111572518;4.4236526638316125;BU17090909;GM1709;BU17090909;GM1709;BU17090909;GM1709;False;False
164.0;105.0;9525.0;-26587.9191419;412852.661519;België;n.a.;V164;n.a.;n.a.;zee;51.674997897895416;2.7615395979984334;n.a.;n.a.;n.a.;n.a.;n.a.;n.a.;False;False
112.0;79.0;3300.0;-21812.729072;412861.438611;België;n.a.;n.a.;n.a.;n.a.;zee;51.67660399816963;2.830515397449885;n.a.;n.a.;n.a.;n.a.;n.a.;n.a.;False;False
112.0;79.0;3300.0;-20070.4995205;412990.236661;België;n.a.;n.a.;n.a.;n.a.;zee;51.67830789808382;2.8556194980905736;n.a.;n.a.;n.a.;n.a.;n.a.;n.a.;False;False
90.0;72.0;3000.0;-23882.2830509;413014.374311;België;n.a.;V90;n.a.;n.a.;zee;51.67732059734815;2.8005402970090754;n.a.;n.a.;n.a.;n.a.;n.a.;n.a.;False;False
164.0;105.0;9525.0;-28487.8831529;413033.167394;België;n.a.;V164;n.a.;n.a.;zee;51.67599999809391;2.7339999967453528;n.a.;n.a.;n.a.;n.a.;n.a.;n.a.;False;False
90.0;72.0;3000.0;-22960.8416034;413038.108136;België;n.a.;V90;n.a.;n.a.;zee;51.67782719736512;2.8138394978489587;n.a.;n.a.;n.a.;n.a.;n.a.;n.a.;False;False
112.0;79.0;3300.0;-21213.2997409;413080.209826;België;n.a.;n.a.;n.a.;n.a.;zee;51.678757697956314;2.83906419844025;n.a.;n.a.;n.a.;n.a.;n.a.;n.a.;False;False
110.0;90.0;3000.0;86527.3187708;413096.321183;Nederland;n.a.;n.a.;Goeree-Overflakkee;Zuid-Holland;land;51.70243969081926;4.39665103327502;BU19240403;GM1924;BU19240403;GM1924;BU19240403;GM1924;False;False
164.0;116.0;9500.0;-16998.7803971;413102.62539;Nederland;Borssele III;MHI Vestas V164-9.5 MW;n.a.;n.a.;zee;51.68026880612286;2.899941917667075;n.a.;n.a.;n.a.;n.a.;n.a.;n.a.;False;False
164.0;116.0;9500.0;-10419.9976511;413152.181135;Nederland;Borssele III;MHI Vestas V164-9.5 MW;n.a.;n.a.;zee;51.682695213190726;2.9949730104375396;n.a.;n.a.;n.a.;n.a.;n.a.;n.a.;False;False
117.0;119.0;3600.0;146952.680957;413155.253813;Nederland;n.a.;n.a.;'s-Hertogenbosch;Noord-Brabant;land;51.70709881102787;5.270776869387079;BU07961109;GM0796;BU07961109;GM0796;BU07961109;GM0796;False;False
167.0;116.0;8000.0;-6823.94570208;413163.823267;Nederland;Borssele II;SG 8.0-167 DD;n.a.;n.a.;zee;51.68385019868836;3.046930269381012;n.a.;n.a.;n.a.;n.a.;n.a.;n.a.;False;False
164.0;105.0;9525.0;-27434.5141088;413177.700875;België;n.a.;V164;n.a.;n.a.;zee;51.677641998816206;2.7491403973282993;n.a.;n.a.;n.a.;n.a.;n.a.;n.a.;False;False
77.0;85.0;1500.0;133745.7085;413280.0166;Nederland;n.a.;n.a.;Waalwijk;Noord-Brabant;land;51.70787475052692;5.079698503787919;BU08670010;GM0867;BU08670010;GM0867;BU08670010;GM0867;False;False
164.0;116.0;9500.0;-18533.9267668;413292.973945;Nederland;Borssele IV;MHI Vestas V164-9.5 MW;n.a.;n.a.;zee;51.68150499644409;2.8776676446673597;n.a.;n.a.;n.a.;n.a.;n.a.;n.a.;False;False
112.0;79.0;3300.0;-20344.369379;413299.760438;België;n.a.;n.a.;n.a.;n.a.;zee;51.681002197476026;2.8515070975177497;n.a.;n.a.;n.a.;n.a.;n.a.;n.a.;False;False
167.0;116.0;8000.0;-4487.43058816;413304.2336;Nederland;Borssele II;SG 8.0-167 DD;n.a.;n.a.;zee;51.685781594938234;3.0806299677298807;n.a.;n.a.;n.a.;n.a.;n.a.;n.a.;False;False
90.0;72.0;3000.0;-24225.7621423;413314.391604;België;n.a.;V90;n.a.;n.a.;zee;51.67990529742199;2.7954239982673026;n.a.;n.a.;n.a.;n.a.;n.a.;n.a.;False;False
77.0;85.0;1500.0;133257.0606;413325.3057;Nederland;n.a.;n.a.;Waalwijk;Noord-Brabant;land;51.708263063674735;5.072626101129112;BU08670011;GM0867;BU08670011;GM0867;BU08670011;GM0867;False;False
150.0;135.0;5700.0;104403.427544;413327.482189;Nederland;n.a.;n.a.;Moerdijk;Noord-Brabant;land;51.706418394823714;4.655196059649717;BU17090409;GM1709;BU17090409;GM1709;BU17090409;GM1709;False;False
90.0;72.0;3000.0;-23300.0588248;413330.82764;België;n.a.;V90;n.a.;n.a.;zee;51.68034829724141;2.808789198112758;n.a.;n.a.;n.a.;n.a.;n.a.;n.a.;False;False
90.0;72.0;3000.0;-22372.5474277;413358.671041;België;n.a.;V90;n.a.;n.a.;zee;51.68089279759522;2.8221749982115107;n.a.;n.a.;n.a.;n.a.;n.a.;n.a.;False;False
164.0;116.0;9500.0;-15573.5395561;413361.469527;Nederland;Borssele III;MHI Vestas V164-9.5 MW;n.a.;n.a.;zee;51.683029454660755;2.9204071380913277;n.a.;n.a.;n.a.;n.a.;n.a.;n.a.;False;False
117.0;119.0;3600.0;147269.321695;413363.018292;Nederland;n.a.;n.a.;'s-Hertogenbosch;Noord-Brabant;land;51.708970751610416;5.275353263547246;BU07961109;GM0796;BU07961109;GM0796;BU07961109;GM0796;False;False
110.0;90.0;3000.0;86522.3259031;413403.716916;Nederland;n.a.;n.a.;Goeree-Overflakkee;Zuid-Holland;land;51.7052017657395;4.396518295763269;BU19240403;GM1924;BU19240403;GM1924;BU19240403;GM1924;False;False
112.0;79.0;3300.0;-21563.2334687;413472.044623;België;n.a.;n.a.;n.a.;n.a.;zee;51.6821666981957;2.833810097374245;n.a.;n.a.;n.a.;n.a.;n.a.;n.a.;False;False
120.0;120.0;3400.0;95562.7125;413532.1914;Nederland;n.a.;n.a.;Hoeksche Waard;Zuid-Holland;land;51.70738936441804;4.527270756287317;BU19630999;GM1963;BU19630999;GM1963;BU19630999;GM1963;False;False
164.0;105.0;9525.0;-26308.1613558;413549.052439;België;n.a.;V164;n.a.;n.a.;zee;51.68134269759859;2.7652181967366465;n.a.;n.a.;n.a.;n.a.;n.a.;n.a.;False;False
77.0;85.0;1500.0;133495.561;413549.2055;Nederland;n.a.;n.a.;Waalwijk;Noord-Brabant;land;51.71028476824702;5.07606282236339;BU08670011;GM0867;BU08670011;GM0867;BU08670011;GM0867;False;False
120.0;120.0;3400.0;95094.9605713;413549.963989;Nederland;n.a.;n.a.;Hoeksche Waard;Zuid-Holland;land;51.70749923476632;4.5205010549135745;BU19630999;GM1963;BU19630999;GM1963;BU19630999;GM1963;False;False
120.0;120.0;3400.0;94648.6387;413559.3165;Nederland;n.a.;n.a.;Hoeksche Waard;Zuid-Holland;land;51.707535347998835;4.514042798101723;BU19630999;GM1963;BU19630999;GM1963;BU19630999;GM1963;False;False
164.0;116.0;9500.0;-13924.228649;413587.41461;Nederland;Borssele III;MHI Vestas V164-9.5 MW;n.a.;n.a.;zee;51.6855586673816;2.9441287062420343;n.a.;n.a.;n.a.;n.a.;n.a.;n.a.;False;False
77.0;85.0;1500.0;132972.4605;413592.806;Nederland;n.a.;n.a.;Waalwijk;Noord-Brabant;land;51.71065632925723;5.0684916410977845;BU08670010;GM0867;BU08670010;GM0867;BU08670010;GM0867;False;False
90.0;72.0;3000.0;-23632.1085417;413635.621021;België;n.a.;V90;n.a.;n.a.;zee;51.68297989734973;2.803835698299999;n.a.;n.a.;n.a.;n.a.;n.a.;n.a.;False;False
112.0;79.0;3300.0;-20669.1397919;413636.975946;België;n.a.;n.a.;n.a.;n.a.;zee;51.68392909754547;2.846644797700586;n.a.;n.a.;n.a.;n.a.;n.a.;n.a.;False;False
117.0;119.0;3600.0;146880.409642;413655.562027;Nederland;n.a.;n.a.;'s-Hertogenbosch;Noord-Brabant;land;51.711594768870214;5.269719612815246;BU07961109;GM0796;BU07961109;GM0796;BU07961109;GM0796;False;False
90.0;72.0;3000.0;-22708.3281575;413667.975243;België;n.a.;V90;n.a.;n.a.;zee;51.683564297410946;2.8171659971621175;n.a.;n.a.;n.a.;n.a.;n.a.;n.a.;False;False
110.0;90.0;3000.0;86557.718637;413668.17465;Nederland;n.a.;n.a.;Goeree-Overflakkee;Zuid-Holland;land;51.70758287882732;4.3969782127035;BU19240403;GM1924;BU19240403;GM1924;BU19240403;GM1924;False;False
120.0;120.0;3400.0;94293.9536133;413694.920898;Nederland;n.a.;n.a.;Hoeksche Waard;Zuid-Holland;land;51.70871575504515;4.508888140931201;BU19630999;GM1963;BU19630999;GM1963;BU19630999;GM1963;False;False
164.0;116.0;9500.0;-12157.2336651;413754.721807;Nederland;Borssele III;MHI Vestas V164-9.5 MW;n.a.;n.a.;zee;51.687591538746354;2.969581812392928;n.a.;n.a.;n.a.;n.a.;n.a.;n.a.;False;False
150.0;135.0;5700.0;104224.063282;413782.544965;Nederland;n.a.;n.a.;Drimmelen;Noord-Brabant;land;51.710492202882854;4.6525348674890195;BU17190601;GM1719;BU17190601;GM1719;BU17190601;GM1719;False;False
164.0;116.0;9500.0;-8051.87441172;413790.094098;Nederland;Borssele III;MHI Vestas V164-9.5 MW;n.a.;n.a.;zee;51.689119480136604;3.0288931324836947;n.a.;n.a.;n.a.;n.a.;n.a.;n.a.;False;False
164.0;105.0;9525.0;-28809.1235947;413832.350093;België;n.a.;V164;n.a.;n.a.;zee;51.68307189804658;2.7289378973308156;n.a.;n.a.;n.a.;n.a.;n.a.;n.a.;False;False
120.0;120.0;3400.0;93920.3982088;413837.086755;Nederland;n.a.;n.a.;Hoeksche Waard;Zuid-Holland;land;51.709952847742024;4.5034590656815165;BU19630999;GM1963;BU19630999;GM1963;BU19630999;GM1963;False;False
167.0;116.0;8000.0;-5566.63057536;413873.398723;Nederland;Borssele II;SG 8.0-167 DD;n.a.;n.a.;zee;51.69058579569464;3.064771789649954;n.a.;n.a.;n.a.;n.a.;n.a.;n.a.;False;False
112.0;79.0;3300.0;-24903.7699866;413887.269961;België;n.a.;n.a.;n.a.;n.a.;zee;51.68483299786811;2.7853329973216265;n.a.;n.a.;n.a.;n.a.;n.a.;n.a.;False;False
164.0;105.0;9525.0;-27976.8214312;413907.835794;België;n.a.;V164;n.a.;n.a.;zee;51.68402229837795;2.7409227977063195;n.a.;n.a.;n.a.;n.a.;n.a.;n.a.;False;False
90.0;72.0;3000.0;-23971.4333266;413941.988678;België;n.a.;V90;n.a.;n.a.;zee;51.68562309769809;2.798775698012432;n.a.;n.a.;n.a.;n.a.;n.a.;n.a.;False;False
110.0;90.0;3000.0;86669.4746704;413951.781372;Nederland;n.a.;n.a.;Goeree-Overflakkee;Zuid-Holland;land;51.71014541801955;4.398539141951254;BU19240403;GM1924;BU19240403;GM1924;BU19240403;GM1924;False;False
90.0;72.0;3000.0;-23045.8358806;413959.594388;België;n.a.;V90;n.a.;n.a.;zee;51.686076197785155;2.8121404974323347;n.a.;n.a.;n.a.;n.a.;n.a.;n.a.;False;False
120.0;120.0;3400.0;93543.8516846;413985.995972;Nederland;n.a.;n.a.;Hoeksche Waard;Zuid-Holland;land;51.7112499655936;4.497985229179962;BU19630999;GM1963;BU19630999;GM1963;BU19630999;GM1963;False;False
90.0;72.0;3000.0;-22111.318639;413990.327888;België;n.a.;V90;n.a.;n.a.;zee;51.68664849823065;2.8256277983322513;n.a.;n.a.;n.a.;n.a.;n.a.;n.a.;False;False
164.0;105.0;9525.0;-27130.233564;414013.193911;België;n.a.;V164;n.a.;n.a.;zee;51.68524439840356;2.7530989966568686;n.a.;n.a.;n.a.;n.a.;n.a.;n.a.;False;False
80.0;80.0;2750.0;67155.4638;414048.204;Nederland;n.a.;n.a.;Goeree-Overflakkee;Zuid-Holland;land;51.708289482003295;4.116228743446614;BU19240903;GM1924;BU19240903;GM1924;BU19240903;GM1924;False;False
80.0;80.0;2750.0;66934.6513;414087.7008;Nederland;n.a.;n.a.;Goeree-Overflakkee;Zuid-Holland;land;51.70860972823373;4.113024681040334;BU19240903;GM1924;BU19240903;GM1924;BU19240903;GM1924;False;False
80.0;80.0;2750.0;66716.7387;414128.2365;Nederland;n.a.;n.a.;Goeree-Overflakkee;Zuid-Holland;land;51.708939680315986;4.1098622579144015;BU19240903;GM1924;BU19240903;GM1924;BU19240903;GM1924;False;False
120.0;120.0;3400.0;93169.0858;414137.9614;Nederland;n.a.;n.a.;Hoeksche Waard;Zuid-Holland;land;51.71257449131966;4.492536297861883;BU19630999;GM1963;BU19630999;GM1963;BU19630999;GM1963;False;False
112.0;79.0;3300.0;-21359.051049;414145.888413;België;n.a.;n.a.;n.a.;n.a.;zee;51.6882829982277;2.836418798506661;n.a.;n.a.;n.a.;n.a.;n.a.;n.a.;False;False
117.0;119.0;3600.0;147823.224503;414249.959298;Nederland;n.a.;n.a.;'s-Hertogenbosch;Noord-Brabant;land;51.71695035181729;5.283348915393228;BU07961203;GM0796;BU07961203;GM0796;BU07961203;GM0796;False;False
90.0;72.0;3000.0;-23375.0632836;414263.882675;België;n.a.;V90;n.a.;n.a.;zee;51.6887042978179;2.8072275974331817;n.a.;n.a.;n.a.;n.a.;n.a.;n.a.;False;False
167.0;116.0;8000.0;-1211.60532253;414270.035411;Nederland;Borssele I;SG 8.0-167 DD;n.a.;n.a.;zee;51.6953804308699;3.1275373531471526;n.a.;n.a.;n.a.;n.a.;n.a.;n.a.;False;False
120.0;120.0;3400.0;92800.785;414272.8992;Nederland;n.a.;n.a.;Hoeksche Waard;Zuid-Holland;land;51.713746444425446;4.487183633901055;BU19630999;GM1963;BU19630999;GM1963;BU19630999;GM1963;False;False
90.0;72.0;3000.0;-22444.6345243;414279.966062;België;n.a.;V90;n.a.;n.a.;zee;51.68914429828382;2.8206639980822485;n.a.;n.a.;n.a.;n.a.;n.a.;n.a.;False;False
82.0;97.0;2300.0;148204.5462;414304.6573;Nederland;n.a.;n.a.;'s-Hertogenbosch;Noord-Brabant;land;51.717446756202015;5.288865832819225;BU07961010;GM0796;BU07961010;GM0796;BU07961010;GM0796;False;False
164.0;105.0;9525.0;-25943.0157343;414390.308692;België;n.a.;V164;n.a.;n.a.;zee;51.689015997933666;2.7700562978519256;n.a.;n.a.;n.a.;n.a.;n.a.;n.a.;False;False
120.0;120.0;3400.0;92422.9593;414418.9495;Nederland;n.a.;n.a.;Hoeksche Waard;Zuid-Holland;land;51.715016961435005;4.481690881530329;BU19630999;GM1963;BU19630999;GM1963;BU19630999;GM1963;False;False
164.0;116.0;9500.0;-9482.48924854;414422.432507;Nederland;Borssele III;MHI Vestas V164-9.5 MW;n.a.;n.a.;zee;51.69438095557359;3.007919461299968;n.a.;n.a.;n.a.;n.a.;n.a.;n.a.;False;False
164.0;105.0;9525.0;-29163.5982581;414431.141606;België;n.a.;V164;n.a.;n.a.;zee;51.688332997847546;2.723499996834689;n.a.;n.a.;n.a.;n.a.;n.a.;n.a.;False;False
167.0;116.0;8000.0;-6615.41736023;414488.729469;Nederland;Borssele II;SG 8.0-167 DD;n.a.;n.a.;zee;51.69581128414791;3.0493284216352547;n.a.;n.a.;n.a.;n.a.;n.a.;n.a.;False;False
164.0;116.0;9500.0;-19719.8530341;414522.878353;Nederland;Borssele IV;MHI Vestas V164-9.5 MW;n.a.;n.a.;zee;51.69218265401142;2.859916156006945;n.a.;n.a.;n.a.;n.a.;n.a.;n.a.;False;False
162.0;125.0;6200.0;100520.833994;414551.812459;Nederland;n.a.;V162;Hoeksche Waard;Zuid-Holland;land;51.717058015342516;4.598837695594372;BU19630799;GM1963;BU19630799;GM1963;BU19630799;GM1963;False;False
90.0;72.0;3000.0;-23711.1084438;414563.125497;België;n.a.;V90;n.a.;n.a.;zee;51.691284697583384;2.802218198276795;n.a.;n.a.;n.a.;n.a.;n.a.;n.a.;False;False
90.0;72.0;3000.0;-22776.7820977;414581.422748;België;n.a.;V90;n.a.;n.a.;zee;51.69174639736178;2.815710497717751;n.a.;n.a.;n.a.;n.a.;n.a.;n.a.;False;False
90.0;72.0;3000.0;-21853.1279683;414607.34961;België;n.a.;V90;n.a.;n.a.;zee;51.69227169817213;2.829044997326446;n.a.;n.a.;n.a.;n.a.;n.a.;n.a.;False;False
164.0;105.0;9525.0;-27715.3671603;414614.564834;België;n.a.;V164;n.a.;n.a.;zee;51.69045459814275;2.7443292966204975;n.a.;n.a.;n.a.;n.a.;n.a.;n.a.;False;False
162.0;125.0;6200.0;100961.171078;414646.402464;Nederland;n.a.;V162;Hoeksche Waard;Zuid-Holland;land;51.71795086507622;4.605194509426287;BU19630799;GM1963;BU19630799;GM1963;BU19630799;GM1963;False;False
167.0;116.0;8000.0;-2207.42566723;414778.902267;Nederland;Borssele I;SG 8.0-167 DD;n.a.;n.a.;zee;51.69967276420852;3.1129132709523515;n.a.;n.a.;n.a.;n.a.;n.a.;n.a.;False;False
90.0;72.0;3000.0;-23117.3754576;414881.855111;België;n.a.;V90;n.a.;n.a.;zee;51.69433639756984;2.8106348970921307;n.a.;n.a.;n.a.;n.a.;n.a.;n.a.;False;False
164.0;105.0;9525.0;-28297.2757466;414906.239986;België;n.a.;V164;n.a.;n.a.;zee;51.692883898322826;2.7357672979465333;n.a.;n.a.;n.a.;n.a.;n.a.;n.a.;False;False
90.0;72.0;3000.0;-22196.086328;414910.56174;België;n.a.;V90;n.a.;n.a.;zee;51.69488649771193;2.8239344981913894;n.a.;n.a.;n.a.;n.a.;n.a.;n.a.;False;False
164.0;116.0;9500.0;-15532.0532211;414926.288812;Nederland;Borssele III;MHI Vestas V164-9.5 MW;n.a.;n.a.;zee;51.69709689441182;2.9202399430630153;n.a.;n.a.;n.a.;n.a.;n.a.;n.a.;False;False
164.0;105.0;9525.0;-25714.5012861;414944.497415;België;n.a.;V164;n.a.;n.a.;zee;51.694066897643445;2.7730704971891362;n.a.;n.a.;n.a.;n.a.;n.a.;n.a.;False;False
164.0;116.0;9500.0;-14094.7267022;414959.627598;Nederland;Borssele III;MHI Vestas V164-9.5 MW;n.a.;n.a.;zee;51.69783224235472;2.9409983498095316;n.a.;n.a.;n.a.;n.a.;n.a.;n.a.;False;False
164.0;116.0;9500.0;-17092.150833;414972.298169;Nederland;Borssele IV;MHI Vestas V164-9.5 MW;n.a.;n.a.;zee;51.69703282761481;2.897668614775832;n.a.;n.a.;n.a.;n.a.;n.a.;n.a.;False;False
162.0;125.0;6200.0;100641.928602;414988.528439;Nederland;n.a.;V162;Hoeksche Waard;Zuid-Holland;land;51.72099489750916;4.600521588233431;BU19630799;GM1963;BU19630799;GM1963;BU19630799;GM1963;False;False
167.0;109.0;8400.0;-29523.3408944;415001.081993;België;n.a.;SG8.0-167;n.a.;n.a.;zee;51.69333299792923;2.717999997395681;n.a.;n.a.;n.a.;n.a.;n.a.;n.a.;False;False
112.0;79.0;3300.0;-24432.1897593;415024.817387;België;n.a.;n.a.;n.a.;n.a.;zee;51.69520059762033;2.791560196968519;n.a.;n.a.;n.a.;n.a.;n.a.;n.a.;False;False
162.0;125.0;6200.0;101105.024348;415089.432756;Nederland;n.a.;V162;Hoeksche Waard;Zuid-Holland;land;51.72194660180753;4.607207353955541;BU19630799;GM1963;BU19630799;GM1963;BU19630799;GM1963;False;False
164.0;116.0;9500.0;-12677.662589;415127.891162;Nederland;Borssele III;MHI Vestas V164-9.5 MW;n.a.;n.a.;zee;51.69976973588351;2.96139958589797;n.a.;n.a.;n.a.;n.a.;n.a.;n.a.;False;False
164.0;116.0;9500.0;-7701.50642669;415145.029928;Nederland;Borssele III;MHI Vestas V164-9.5 MW;n.a.;n.a.;zee;51.701391874574526;3.03332311648522;n.a.;n.a.;n.a.;n.a.;n.a.;n.a.;False;False
164.0;105.0;9525.0;-27023.5406175;415170.364039;België;n.a.;V164;n.a.;n.a.;zee;51.69567139816293;2.7540353974160516;n.a.;n.a.;n.a.;n.a.;n.a.;n.a.;False;False
90.0;72.0;3000.0;-23451.4294475;415186.244737;België;n.a.;V90;n.a.;n.a.;zee;51.69696379727856;2.8056511983788335;n.a.;n.a.;n.a.;n.a.;n.a.;n.a.;False;False
164.0;116.0;9500.0;-10978.8255515;415192.321581;Nederland;Borssele III;MHI Vestas V164-9.5 MW;n.a.;n.a.;zee;51.700854653683216;2.9859253410976225;n.a.;n.a.;n.a.;n.a.;n.a.;n.a.;False;False
90.0;72.0;3000.0;-22537.7836321;415209.924473;België;n.a.;V90;n.a.;n.a.;zee;51.697466898146644;2.818843598201114;n.a.;n.a.;n.a.;n.a.;n.a.;n.a.;False;False
164.0;105.0;9525.0;-26266.3448031;415210.480216;België;n.a.;V164;n.a.;n.a.;zee;51.69627729790349;2.764957197339123;n.a.;n.a.;n.a.;n.a.;n.a.;n.a.;False;False
167.0;116.0;8000.0;-3117.42461708;415239.053731;Nederland;Borssele I;SG 8.0-167 DD;n.a.;n.a.;zee;51.70354990351465;3.099549318214037;n.a.;n.a.;n.a.;n.a.;n.a.;n.a.;False;False
167.0;116.0;8000.0;-1365.51470906;415411.781951;Nederland;Borssele I;SG 8.0-167 DD;n.a.;n.a.;zee;51.70559356331473;3.1247994664545264;n.a.;n.a.;n.a.;n.a.;n.a.;n.a.;False;False
167.0;109.0;8400.0;-29773.2174113;415474.158009;België;n.a.;SG8.0-167;n.a.;n.a.;zee;51.697499097765565;2.7141379976860893;n.a.;n.a.;n.a.;n.a.;n.a.;n.a.;False;False
90.0;72.0;3000.0;-22868.1496469;415510.258811;België;n.a.;V90;n.a.;n.a.;zee;51.700059397680334;2.813915398419293;n.a.;n.a.;n.a.;n.a.;n.a.;n.a.;False;False
167.0;109.0;8400.0;-28760.3313307;415562.913087;België;n.a.;SG8.0-167;n.a.;n.a.;zee;51.698629498142225;2.728729197802312;n.a.;n.a.;n.a.;n.a.;n.a.;n.a.;False;False
164.0;105.0;9525.0;-27517.2898969;415614.571129;België;n.a.;V164;n.a.;n.a.;zee;51.69949999833038;2.746666997105225;n.a.;n.a.;n.a.;n.a.;n.a.;n.a.;False;False
127.0;135.0;4000.0;87167.1578402;415623.463212;Nederland;n.a.;n.a.;Hoeksche Waard;Zuid-Holland;land;51.72523002678288;4.405412778243803;BU19630999;GM1963;BU19630999;GM1963;BU19630999;GM1963;False;False
164.0;116.0;9500.0;-21050.4356227;415763.271938;Nederland;Borssele IV;MHI Vestas V164-9.5 MW;n.a.;n.a.;zee;51.70290628723476;2.8400600269197462;n.a.;n.a.;n.a.;n.a.;n.a.;n.a.;False;False
167.0;116.0;8000.0;-4059.15316479;415765.427286;Nederland;Borssele I;SG 8.0-167 DD;n.a.;n.a.;zee;51.7080113347219;3.085694049576934;n.a.;n.a.;n.a.;n.a.;n.a.;n.a.;False;False
164.0;116.0;9500.0;-18958.2428084;415769.627061;Nederland;Borssele IV;MHI Vestas V164-9.5 MW;n.a.;n.a.;zee;51.70361737567543;2.870299214769844;n.a.;n.a.;n.a.;n.a.;n.a.;n.a.;False;False
127.0;135.0;4000.0;86830.297604;415776.582303;Nederland;n.a.;n.a.;Hoeksche Waard;Zuid-Holland;land;51.72656522141681;4.4005078237658735;BU19630999;GM1963;BU19630999;GM1963;BU19630999;GM1963;False;False
90.0;72.0;3000.0;-23197.5318956;415812.263187;België;n.a.;V90;n.a.;n.a.;zee;51.70266699777237;2.808999997650758;n.a.;n.a.;n.a.;n.a.;n.a.;n.a.;False;False
164.0;116.0;9500.0;-9283.77076642;415897.645718;Nederland;Borssele V;MHI Vestas V164-9.5 MW;n.a.;n.a.;zee;51.70768997585783;3.0100949680227416;n.a.;n.a.;n.a.;n.a.;n.a.;n.a.;False;False
164.0;105.0;9525.0;-25351.6719041;415934.820818;België;n.a.;V164;n.a.;n.a.;zee;51.70307789752765;2.7778004975222355;n.a.;n.a.;n.a.;n.a.;n.a.;n.a.;False;False
127.0;135.0;4000.0;86505.6002879;415938.659762;Nederland;n.a.;n.a.;Hoeksche Waard;Zuid-Holland;land;51.727982211557475;4.395776841229706;BU19630999;GM1963;BU19630999;GM1963;BU19630999;GM1963;False;False
164.0;105.0;9525.0;-26623.2468973;415942.890196;België;n.a.;V164;n.a.;n.a.;zee;51.70273929831183;2.759416997188616;n.a.;n.a.;n.a.;n.a.;n.a.;n.a.;False;False
167.0;109.0;8400.0;-30027.4742986;415948.501398;België;n.a.;SG8.0-167;n.a.;n.a.;zee;51.70167499785197;2.7102112975471826;n.a.;n.a.;n.a.;n.a.;n.a.;n.a.;False;False
127.0;135.0;4000.0;86187.6455087;416112.046246;Nederland;n.a.;n.a.;Hoeksche Waard;Zuid-Holland;land;51.72950147625125;4.391140906341072;BU19630999;GM1963;BU19630999;GM1963;BU19630999;GM1963;False;False
167.0;109.0;8400.0;-27906.6398305;416174.454539;België;n.a.;SG8.0-167;n.a.;n.a.;zee;51.70440109801494;2.7407454976958796;n.a.;n.a.;n.a.;n.a.;n.a.;n.a.;False;False
112.0;79.0;3300.0;-23950.1144695;416208.480539;België;n.a.;n.a.;n.a.;n.a.;zee;51.705985397169584;2.7979181972429714;n.a.;n.a.;n.a.;n.a.;n.a.;n.a.;False;False
167.0;109.0;8400.0;-29039.2062366;416218.746737;België;n.a.;SG8.0-167;n.a.;n.a.;zee;51.704427697609354;2.7243518979873342;n.a.;n.a.;n.a.;n.a.;n.a.;n.a.;False;False
167.0;116.0;8000.0;-5089.87706995;416242.104645;Nederland;Borssele I;SG 8.0-167 DD;n.a.;n.a.;zee;51.71199926112631;3.0705721037136025;n.a.;n.a.;n.a.;n.a.;n.a.;n.a.;False;False
127.0;135.0;4000.0;85901.652684;416334.796463;Nederland;n.a.;n.a.;Hoeksche Waard;Zuid-Holland;land;51.73146815604543;4.38695743962003;BU19630999;GM1963;BU19630999;GM1963;BU19630999;GM1963;False;False
164.0;116.0;9500.0;-10130.0271265;416350.481527;Nederland;Borssele V;MHI Vestas V164-9.5 MW;n.a.;n.a.;zee;51.71150840596771;2.9976451311345484;n.a.;n.a.;n.a.;n.a.;n.a.;n.a.;False;False
164.0;116.0;9500.0;-12831.6751613;416379.444758;Nederland;Borssele III;MHI Vestas V164-9.5 MW;n.a.;n.a.;zee;51.71096496820609;2.9585694613198092;n.a.;n.a.;n.a.;n.a.;n.a.;n.a.;False;False
164.0;105.0;9525.0;-26075.5212165;416389.626591;België;n.a.;V164;n.a.;n.a.;zee;51.706928798065384;2.767101197586939;n.a.;n.a.;n.a.;n.a.;n.a.;n.a.;False;False
167.0;116.0;8000.0;-1511.85980665;416402.463482;Nederland;Borssele I;SG 8.0-167 DD;n.a.;n.a.;zee;51.71445174514556;3.1222377097830125;n.a.;n.a.;n.a.;n.a.;n.a.;n.a.;False;False
112.0;79.0;3300.0;-23354.8405432;416406.711141;België;n.a.;n.a.;n.a.;n.a.;zee;51.70795569725854;2.806421398391326;n.a.;n.a.;n.a.;n.a.;n.a.;n.a.;False;False
167.0;109.0;8400.0;-30277.7252018;416439.315199;België;n.a.;SG8.0-167;n.a.;n.a.;zee;51.705999997850746;2.706332997653549;n.a.;n.a.;n.a.;n.a.;n.a.;n.a.;False;False
164.0;116.0;9500.0;-14200.0749038;416474.242455;Nederland;Borssele III;MHI Vestas V164-9.5 MW;n.a.;n.a.;zee;51.71140443485917;2.9387388706350577;n.a.;n.a.;n.a.;n.a.;n.a.;n.a.;False;False
164.0;116.0;9500.0;-17346.1929113;416537.529779;Nederland;Borssele IV;MHI Vestas V164-9.5 MW;n.a.;n.a.;zee;51.7110129511866;2.89322134470988;n.a.;n.a.;n.a.;n.a.;n.a.;n.a.;False;False
164.0;116.0;9500.0;-15799.4763835;416541.956626;Nederland;Borssele IV;MHI Vestas V164-9.5 MW;n.a.;n.a.;zee;51.71152683943368;2.915581394795128;n.a.;n.a.;n.a.;n.a.;n.a.;n.a.;False;False
164.0;105.0;9525.0;-25047.2297487;416606.387694;België;n.a.;V164;n.a.;n.a.;zee;51.70920719768227;2.781853298242977;n.a.;n.a.;n.a.;n.a.;n.a.;n.a.;False;False
167.0;109.0;8400.0;-27225.674704;416661.810604;België;n.a.;SG8.0-167;n.a.;n.a.;zee;51.708999998695774;2.7503329971976527;n.a.;n.a.;n.a.;n.a.;n.a.;n.a.;False;False
112.0;79.0;3300.0;-23704.8148525;416777.426751;België;n.a.;n.a.;n.a.;n.a.;zee;51.71117349797178;2.801171697028747;n.a.;n.a.;n.a.;n.a.;n.a.;n.a.;False;False
167.0;116.0;8000.0;-6058.62647044;416803.301417;Nederland;Borssele I;SG 8.0-167 DD;n.a.;n.a.;zee;51.7167622481365;3.0563045487125486;n.a.;n.a.;n.a.;n.a.;n.a.;n.a.;False;False
167.0;116.0;8000.0;-2948.08060286;416804.27757;Nederland;Borssele I;SG 8.0-167 DD;n.a.;n.a.;zee;51.71765761299147;3.1012865357299764;n.a.;n.a.;n.a.;n.a.;n.a.;n.a.;False;False
167.0;109.0;8400.0;-29375.3929247;416827.7627;België;n.a.;SG8.0-167;n.a.;n.a.;zee;51.70978639785711;2.7191697978923566;n.a.;n.a.;n.a.;n.a.;n.a.;n.a.;False;False
164.0;116.0;9500.0;-11302.3825369;416919.469056;Nederland;Borssele III;MHI Vestas V164-9.5 MW;n.a.;n.a.;zee;51.7162719701391;2.9804222995709493;n.a.;n.a.;n.a.;n.a.;n.a.;n.a.;False;False
164.0;116.0;9500.0;-22142.9766024;416944.795;Nederland;Borssele IV;MHI Vestas V164-9.5 MW;n.a.;n.a.;zee;51.71317314513333;2.8236660683781953;n.a.;n.a.;n.a.;n.a.;n.a.;n.a.;False;False
167.0;109.0;8400.0;-28497.6365359;416983.67145;België;n.a.;SG8.0-167;n.a.;n.a.;zee;51.7114749985299;2.7317761978984225;n.a.;n.a.;n.a.;n.a.;n.a.;n.a.;False;False
167.0;109.0;8400.0;-26255.8683401;417079.98108;België;n.a.;SG8.0-167;n.a.;n.a.;zee;51.71307039828009;2.764134397940415;n.a.;n.a.;n.a.;n.a.;n.a.;n.a.;False;False
167.0;109.0;8400.0;-30069.631632;417263.372912;België;n.a.;SG8.0-167;n.a.;n.a.;zee;51.71346929769332;2.7089022981476023;n.a.;n.a.;n.a.;n.a.;n.a.;n.a.;False;False
164.0;116.0;9500.0;-20149.0915535;417305.318786;Nederland;Borssele IV;MHI Vestas V164-9.5 MW;n.a.;n.a.;zee;51.7170386621481;2.8523119925883518;n.a.;n.a.;n.a.;n.a.;n.a.;n.a.;False;False
167.0;109.0;8400.0;-25127.183434;417309.936118;België;n.a.;SG8.0-167;n.a.;n.a.;zee;51.71549999748265;2.7803329980981735;n.a.;n.a.;n.a.;n.a.;n.a.;n.a.;False;False
164.0;116.0;9500.0;-12204.9858035;417329.992665;Nederland;Borssele III;MHI Vestas V164-9.5 MW;n.a.;n.a.;zee;51.71969033031775;2.9671731407350475;n.a.;n.a.;n.a.;n.a.;n.a.;n.a.;False;False
167.0;116.0;8000.0;-7364.83425615;417411.093859;Nederland;Borssele I;SG 8.0-167 DD;n.a.;n.a.;zee;51.721844193708286;3.037131809844159;n.a.;n.a.;n.a.;n.a.;n.a.;n.a.;False;False
167.0;116.0;8000.0;-1663.51281389;417425.005716;Nederland;Borssele I;SG 8.0-167 DD;n.a.;n.a.;zee;51.72359456781224;3.119583787379222;n.a.;n.a.;n.a.;n.a.;n.a.;n.a.;False;False
167.0;109.0;8400.0;-27421.7130635;417510.009249;België;n.a.;SG8.0-167;n.a.;n.a.;zee;51.71655359815232;2.7470540967514854;n.a.;n.a.;n.a.;n.a.;n.a.;n.a.;False;False
167.0;116.0;8000.0;-4300.89512127;417512.346369;Nederland;Borssele I;SG 8.0-167 DD;n.a.;n.a.;zee;51.72363441901484;3.081398314660963;n.a.;n.a.;n.a.;n.a.;n.a.;n.a.;False;False
164.0;116.0;9500.0;-13117.3823506;417745.023847;Nederland;Borssele III;MHI Vestas V164-9.5 MW;n.a.;n.a.;zee;51.72314472122592;2.9537781858300187;n.a.;n.a.;n.a.;n.a.;n.a.;n.a.;False;False
164.0;116.0;9500.0;-18041.7308606;417766.956828;Nederland;Borssele IV;MHI Vestas V164-9.5 MW;n.a.;n.a.;zee;51.721840464868855;2.8825535260763617;n.a.;n.a.;n.a.;n.a.;n.a.;n.a.;False;False
167.0;109.0;8400.0;-29076.9128783;417783.529988;België;n.a.;SG8.0-167;n.a.;n.a.;zee;51.71846799796341;2.7229784972785995;n.a.;n.a.;n.a.;n.a.;n.a.;n.a.;False;False
164.0;116.0;9500.0;-23140.639483;417968.845774;Nederland;Borssele IV;MHI Vestas V164-9.5 MW;n.a.;n.a.;zee;51.722053589693544;2.808717407250426;n.a.;n.a.;n.a.;n.a.;n.a.;n.a.;False;False
167.0;109.0;8400.0;-29881.0519789;418032.111233;België;n.a.;SG8.0-167;n.a.;n.a.;zee;51.72043529744366;2.711219697469772;n.a.;n.a.;n.a.;n.a.;n.a.;n.a.;False;False
167.0;109.0;8400.0;-28003.1312817;418090.66911;België;n.a.;SG8.0-167;n.a.;n.a.;zee;51.72157849814105;2.7383421971924773;n.a.;n.a.;n.a.;n.a.;n.a.;n.a.;False;False
167.0;116.0;8000.0;-8704.99394097;418156.666036;Nederland;Borssele I;SG 8.0-167 DD;n.a.;n.a.;zee;51.72815060549984;3.017398803281107;n.a.;n.a.;n.a.;n.a.;n.a.;n.a.;False;False
167.0;109.0;8400.0;-25050.5609305;418160.888205;België;n.a.;SG8.0-167;n.a.;n.a.;zee;51.7231669975624;2.780999998168336;n.a.;n.a.;n.a.;n.a.;n.a.;n.a.;False;False
13.0;15.0;15.0;125312.114197;418167.690491;Nederland;n.a.;EAZ wind;Altena;Noord-Brabant;land;51.75142271798062;4.957267894530188;BU19591292;GM1959;BU19591292;GM1959;BU19591292;GM1959;False;False
164.0;116.0;9500.0;-15990.1520396;418199.782306;Nederland;Borssele IV;MHI Vestas V164-9.5 MW;n.a.;n.a.;zee;51.72635866851391;2.9120090222470907;n.a.;n.a.;n.a.;n.a.;n.a.;n.a.;False;False
167.0;116.0;8000.0;-5787.75737569;418220.467816;Nederland;Borssele I;SG 8.0-167 DD;n.a.;n.a.;zee;51.72956977202323;3.0595658376557893;n.a.;n.a.;n.a.;n.a.;n.a.;n.a.;False;False
167.0;109.0;8400.0;-26633.1620928;418221.53993;België;n.a.;SG8.0-167;n.a.;n.a.;zee;51.72320019804417;2.7580832973420963;n.a.;n.a.;n.a.;n.a.;n.a.;n.a.;False;False
59.0;90.0;3600.0;74104.4683536;418352.622004;Nederland;n.a.;n.a.;Goeree-Overflakkee;Zuid-Holland;land;51.748020491805356;4.21574672751239;BU19241202;GM1924;BU19241202;GM1924;BU19241202;GM1924;False;False
164.0;116.0;9500.0;-21496.052833;418360.62162;Nederland;Borssele IV;MHI Vestas V164-9.5 MW;n.a.;n.a.;zee;51.726093386649104;2.8323002075025228;n.a.;n.a.;n.a.;n.a.;n.a.;n.a.;False;False
167.0;116.0;8000.0;-3099.79005127;418363.094405;Nederland;Borssele I;SG 8.0-167 DD;n.a.;n.a.;zee;51.731617080031164;3.098383297659757;n.a.;n.a.;n.a.;n.a.;n.a.;n.a.;False;False
90.0;80.0;2500.0;75264.9272;418380.007;Nederland;n.a.;n.a.;Goeree-Overflakkee;Zuid-Holland;land;51.74843330668758;4.23254186360939;BU19241202;GM1924;BU19241202;GM1924;BU19241202;GM1924;False;False
167.0;116.0;8000.0;-1822.68472579;418498.866887;Nederland;Borssele I;SG 8.0-167 DD;n.a.;n.a.;zee;51.73319619239502;3.1167968186675865;n.a.;n.a.;n.a.;n.a.;n.a.;n.a.;False;False
90.0;80.0;2500.0;75073.9274;418520.9437;Nederland;n.a.;n.a.;Goeree-Overflakkee;Zuid-Holland;land;51.7496726250003;4.22974403216178;BU19241202;GM1924;BU19241202;GM1924;BU19241202;GM1924;False;False
71.0;85.0;2300.0;102961.1497;418530.3845;Nederland;n.a.;n.a.;Dordrecht;Zuid-Holland;land;51.75304895973904;4.633552181304642;BU05051919;GM0505;BU05051919;GM0505;BU05051919;GM0505;False;False
59.0;90.0;3600.0;73851.4119953;418532.842482;Nederland;n.a.;n.a.;Goeree-Overflakkee;Zuid-Holland;land;51.74960344351621;4.21204078578685;BU19241202;GM1924;BU19241202;GM1924;BU19241202;GM1924;False;False
167.0;109.0;8400.0;-28618.955287;418619.323108;België;n.a.;SG8.0-167;n.a.;n.a.;zee;51.72612439786436;2.7291582974720994;n.a.;n.a.;n.a.;n.a.;n.a.;n.a.;False;False
90.0;80.0;2500.0;74883.4038;418661.1505;Nederland;n.a.;n.a.;Goeree-Overflakkee;Zuid-Holland;land;51.75090538456931;4.226953110915747;BU19241202;GM1924;BU19241202;GM1924;BU19241202;GM1924;False;False
164.0;116.0;9500.0;-13942.718047;418663.053471;Nederland;Borssele IV;MHI Vestas V164-9.5 MW;n.a.;n.a.;zee;51.731141706780846;2.941395760818706;n.a.;n.a.;n.a.;n.a.;n.a.;n.a.;False;False
167.0;109.0;8400.0;-25519.195106;418663.867323;België;n.a.;SG8.0-167;n.a.;n.a.;zee;51.727533197521325;2.773961997824071;n.a.;n.a.;n.a.;n.a.;n.a.;n.a.;False;False
167.0;116.0;8000.0;-7382.08417843;418675.168235;Nederland;Borssele I;SG 8.0-167 DD;n.a.;n.a.;zee;51.733193519041336;3.0362915041704532;n.a.;n.a.;n.a.;n.a.;n.a.;n.a.;False;False
164.0;116.0;9500.0;-19848.3250721;418691.809709;Nederland;Borssele IV;MHI Vestas V164-9.5 MW;n.a.;n.a.;zee;51.7295852845219;2.855963224729833;n.a.;n.a.;n.a.;n.a.;n.a.;n.a.;False;False
59.0;90.0;3600.0;73618.8979297;418712.234554;Nederland;n.a.;n.a.;Goeree-Overflakkee;Zuid-Holland;land;51.75118182306422;4.208632214827225;BU19241202;GM1924;BU19241202;GM1924;BU19241202;GM1924;False;False
71.0;85.0;2300.0;102896.5913;418785.9725;Nederland;n.a.;n.a.;Dordrecht;Zuid-Holland;land;51.755340120419575;4.632578911121494;BU05051919;GM0505;BU05051919;GM0505;BU05051919;GM0505;False;False
90.0;80.0;2500.0;74693.0553;418801.7222;Nederland;n.a.;n.a.;Goeree-Overflakkee;Zuid-Holland;land;51.75214138153957;4.224164488454041;BU19241202;GM1924;BU19241202;GM1924;BU19241202;GM1924;False;False
167.0;109.0;8400.0;-29681.7850947;418848.532455;België;n.a.;SG8.0-167;n.a.;n.a.;zee;51.72783299810394;2.713666997771167;n.a.;n.a.;n.a.;n.a.;n.a.;n.a.;False;False
167.0;116.0;8000.0;-10271.6070266;418943.720335;Nederland;Borssele I;SG 8.0-167 DD;n.a.;n.a.;zee;51.7347593848658;2.9943646927091354;n.a.;n.a.;n.a.;n.a.;n.a.;n.a.;False;False
167.0;109.0;8400.0;-27262.3438414;418957.670713;België;n.a.;SG8.0-167;n.a.;n.a.;zee;51.72960659853388;2.748598998055827;n.a.;n.a.;n.a.;n.a.;n.a.;n.a.;False;False
59.0;90.0;3600.0;73368.3139323;418965.771023;Nederland;n.a.;n.a.;Goeree-Overflakkee;Zuid-Holland;land;51.753423790146435;4.204944314342313;BU19240307;GM1924;BU19240307;GM1924;BU19240307;GM1924;False;False
167.0;116.0;8000.0;-4313.20328472;419014.477785;Nederland;Borssele I;SG 8.0-167 DD;n.a.;n.a.;zee;51.73712389225555;3.08053136313025;n.a.;n.a.;n.a.;n.a.;n.a.;n.a.;False;False
71.0;85.0;2300.0;102819.2005;419038.3855;Nederland;n.a.;n.a.;Dordrecht;Zuid-Holland;land;51.75760153818942;4.631420171210133;BU05051919;GM0505;BU05051919;GM0505;BU05051919;GM0505;False;False
167.0;109.0;8400.0;-25994.1259394;419154.505889;België;n.a.;SG8.0-167;n.a.;n.a.;zee;51.731786098028756;2.7668379982912135;n.a.;n.a.;n.a.;n.a.;n.a.;n.a.;False;False
164.0;116.0;9500.0;-17695.8503642;419156.75603;Nederland;Borssele IV;MHI Vestas V164-9.5 MW;n.a.;n.a.;zee;51.7344298396388;2.886864472800004;n.a.;n.a.;n.a.;n.a.;n.a.;n.a.;False;False
59.0;90.0;3600.0;73129.5730388;419208.987919;Nederland;n.a.;n.a.;Goeree-Overflakkee;Zuid-Holland;land;51.755574634273856;4.201429978232752;BU19240307;GM1924;BU19240307;GM1924;BU19240307;GM1924;False;False
164.0;116.0;9500.0;-24334.7321752;419244.667581;Nederland;Borssele IV;MHI Vestas V164-9.5 MW;n.a.;n.a.;zee;51.733130289951255;2.7907918914757874;n.a.;n.a.;n.a.;n.a.;n.a.;n.a.;False;False
71.0;85.0;2300.0;102757.0233;419297.0162;Nederland;n.a.;n.a.;Dordrecht;Zuid-Holland;land;51.759920249343686;4.630480723243737;BU05051919;GM0505;BU05051919;GM0505;BU05051919;GM0505;False;False
167.0;109.0;8400.0;-29120.4908212;419348.031992;België;n.a.;SG8.0-167;n.a.;n.a.;zee;51.73250379781409;2.721519398192504;n.a.;n.a.;n.a.;n.a.;n.a.;n.a.;False;False
80.0;60.0;2000.0;74032.204;419417.3524;Nederland;n.a.;n.a.;Goeree-Overflakkee;Zuid-Holland;land;51.75757866529089;4.214451991866234;BU19240307;GM1924;BU19240307;GM1924;BU19240307;GM1924;False;False
59.0;90.0;3600.0;72891.6299625;419452.25717;Nederland;n.a.;n.a.;Goeree-Overflakkee;Zuid-Holland;land;51.757725959612145;4.197926849480849;BU19240307;GM1924;BU19240307;GM1924;BU19240307;GM1924;False;False
167.0;116.0;8000.0;-1965.88399728;419464.319478;Nederland;Borssele I;SG 8.0-167 DD;n.a.;n.a.;zee;51.741828414546895;3.11428877170105;n.a.;n.a.;n.a.;n.a.;n.a.;n.a.;False;False
167.0;116.0;8000.0;-11588.6680902;419561.391989;Nederland;Borssele I;SG 8.0-167 DD;n.a.;n.a.;zee;51.73991659091332;2.9750157239815183;n.a.;n.a.;n.a.;n.a.;n.a.;n.a.;False;False
80.0;60.0;2000.0;73845.704;419614.1283;Nederland;n.a.;n.a.;Goeree-Overflakkee;Zuid-Holland;land;51.7593200216444;4.211705197666902;BU19240307;GM1924;BU19240307;GM1924;BU19240307;GM1924;False;False
167.0;109.0;8400.0;-27898.0176318;419673.303347;België;n.a.;SG8.0-167;n.a.;n.a.;zee;51.73582599776767;2.7390288982241517;n.a.;n.a.;n.a.;n.a.;n.a.;n.a.;False;False
167.0;116.0;8000.0;-5460.70235495;419676.4004;Nederland;Borssele I;SG 8.0-167 DD;n.a.;n.a.;zee;51.742741540356604;3.06362396617144;n.a.;n.a.;n.a.;n.a.;n.a.;n.a.;False;False
164.0;116.0;9500.0;-15145.587422;419688.947101;Nederland;Borssele IV;MHI Vestas V164-9.5 MW;n.a.;n.a.;zee;51.73999142028096;2.9234943228791908;n.a.;n.a.;n.a.;n.a.;n.a.;n.a.;False;False
167.0;116.0;8000.0;-9166.08768698;419714.410844;Nederland;Borssele I;SG 8.0-167 DD;n.a.;n.a.;zee;51.74200743740599;3.0099930764656637;n.a.;n.a.;n.a.;n.a.;n.a.;n.a.;False;False
80.0;60.0;2000.0;73658.7018;419810.8344;Nederland;n.a.;n.a.;Goeree-Overflakkee;Zuid-Holland;land;51.76106061226979;4.208950934870024;BU19240307;GM1924;BU19240307;GM1924;BU19240307;GM1924;False;False
164.0;116.0;9500.0;-22663.8518652;419830.450918;Nederland;Borssele IV;MHI Vestas V164-9.5 MW;n.a.;n.a.;zee;51.73892447374425;2.814659873422537;n.a.;n.a.;n.a.;n.a.;n.a.;n.a.;False;False
167.0;116.0;8000.0;-7359.0876277;419858.81473;Nederland;Borssele I;SG 8.0-167 DD;n.a.;n.a.;zee;51.74383208245746;3.036070702637445;n.a.;n.a.;n.a.;n.a.;n.a.;n.a.;False;False
167.0;109.0;8400.0;-26875.8935309;419952.533803;België;n.a.;SG8.0-167;n.a.;n.a.;zee;51.73866699842758;2.7536669981534385;n.a.;n.a.;n.a.;n.a.;n.a.;n.a.;False;False
80.0;60.0;2000.0;73473.7326;420007.1088;Nederland;n.a.;n.a.;Goeree-Overflakkee;Zuid-Holland;land;51.76279755414373;4.206226004884944;BU19240307;GM1924;BU19240307;GM1924;BU19240307;GM1924;False;False
167.0;116.0;8000.0;-3411.31915686;420106.228062;Nederland;Borssele I;SG 8.0-167 DD;n.a.;n.a.;zee;51.74718683390477;3.093081409617179;n.a.;n.a.;n.a.;n.a.;n.a.;n.a.;False;False
164.0;116.0;9500.0;-16525.1155073;420194.727879;Nederland;Borssele IV;MHI Vestas V164-9.5 MW;n.a.;n.a.;zee;51.74411273381712;2.9032866883738597;n.a.;n.a.;n.a.;n.a.;n.a.;n.a.;False;False
80.0;60.0;2000.0;73286.7879;420203.7561;Nederland;n.a.;n.a.;Goeree-Overflakkee;Zuid-Holland;land;51.76453749403201;4.203472165236442;BU19240307;GM1924;BU19240307;GM1924;BU19240307;GM1924;False;False
164.0;116.0;9500.0;-20939.5120193;420214.336959;Nederland;Borssele IV;MHI Vestas V164-9.5 MW;n.a.;n.a.;zee;51.74291736792401;2.839409831603473;n.a.;n.a.;n.a.;n.a.;n.a.;n.a.;False;False
164.0;116.0;9500.0;-25409.3376294;420356.11257;Nederland;Borssele IV;MHI Vestas V164-9.5 MW;n.a.;n.a.;zee;51.74276648975847;2.774671661010408;n.a.;n.a.;n.a.;n.a.;n.a.;n.a.;False;False
80.0;60.0;2000.0;73101.1046;420398.1527;Nederland;n.a.;n.a.;Goeree-Overflakkee;Zuid-Holland;land;51.76625732639372;4.200736915022675;BU19240307;GM1924;BU19240307;GM1924;BU19240307;GM1924;False;False
167.0;116.0;8000.0;-2107.88347623;420409.655108;Nederland;Borssele I;SG 8.0-167 DD;n.a.;n.a.;zee;51.750280201834045;3.1118062128731667;n.a.;n.a.;n.a.;n.a.;n.a.;n.a.;False;False
80.0;60.0;2000.0;72915.5421;420595.1457;Nederland;n.a.;n.a.;Goeree-Overflakkee;Zuid-Holland;land;51.76800044516369;4.198002591315965;BU19240307;GM1924;BU19240307;GM1924;BU19240307;GM1924;False;False
164.0;116.0;9500.0;-24083.7402404;420642.680967;Nederland;Borssele IV;MHI Vestas V164-9.5 MW;n.a.;n.a.;zee;51.74576624309983;2.793701143786434;n.a.;n.a.;n.a.;n.a.;n.a.;n.a.;False;False
167.0;116.0;8000.0;-10633.6059921;420645.430038;Nederland;Borssele I;SG 8.0-167 DD;n.a.;n.a.;zee;51.74993716535843;2.9883160491852467;n.a.;n.a.;n.a.;n.a.;n.a.;n.a.;False;False
117.0;120.0;3675.0;146748.105608;420706.382801;Nederland;n.a.;n.a.;Zaltbommel;Gelderland;land;51.77496862447002;5.2676378948781934;BU02970208;GM0297;BU02970208;GM0297;BU02970208;GM0297;False;False
164.0;116.0;9500.0;-13324.9293431;420714.949437;Nederland;Borssele IV;MHI Vestas V164-9.5 MW;n.a.;n.a.;zee;51.74975777891849;2.9493370321855785;n.a.;n.a.;n.a.;n.a.;n.a.;n.a.;False;False
164.0;116.0;9500.0;-17863.176445;420769.013688;Nederland;Borssele IV;MHI Vestas V164-9.5 MW;n.a.;n.a.;zee;51.74885863494937;2.8836413074560423;n.a.;n.a.;n.a.;n.a.;n.a.;n.a.;False;False
47.0;46.0;660.0;71633.5958;420769.895;Nederland;n.a.;n.a.;Goeree-Overflakkee;Zuid-Holland;land;51.769381087653855;4.179392261390994;BU19240307;GM1924;BU19240307;GM1924;BU19240307;GM1924;False;False
167.0;116.0;8000.0;-6452.97176174;420771.221032;Nederland;Borssele I;SG 8.0-167 DD;n.a.;n.a.;zee;51.75229001700445;3.0487573033982533;n.a.;n.a.;n.a.;n.a.;n.a.;n.a.;False;False
167.0;116.0;8000.0;-8571.40434486;421000.366343;Nederland;Borssele I;SG 8.0-167 DD;n.a.;n.a.;zee;51.75373242824379;3.017991276201328;n.a.;n.a.;n.a.;n.a.;n.a.;n.a.;False;False
167.0;116.0;8000.0;-4975.67991475;421015.863609;Nederland;Borssele I;SG 8.0-167 DD;n.a.;n.a.;zee;51.754912212344394;3.070024468035779;n.a.;n.a.;n.a.;n.a.;n.a.;n.a.;False;False
164.0;116.0;9500.0;-22664.2040516;421041.566097;Nederland;Borssele IV;MHI Vestas V164-9.5 MW;n.a.;n.a.;zee;51.74980150669059;2.8140349090850756;n.a.;n.a.;n.a.;n.a.;n.a.;n.a.;False;False
164.0;116.0;9500.0;-18974.1011312;421230.81688;Nederland;Borssele IV;MHI Vestas V164-9.5 MW;n.a.;n.a.;zee;51.75266169536871;2.867335154090736;n.a.;n.a.;n.a.;n.a.;n.a.;n.a.;False;False
167.0;116.0;8000.0;-2343.47925258;421404.31656;Nederland;Borssele I;SG 8.0-167 DD;n.a.;n.a.;zee;51.75914866121292;3.107945537079034;n.a.;n.a.;n.a.;n.a.;n.a.;n.a.;False;False
167.0;116.0;8000.0;-3727.72689812;421418.19548;Nederland;Borssele I;SG 8.0-167 DD;n.a.;n.a.;zee;51.7588819376055;3.0879024909423958;n.a.;n.a.;n.a.;n.a.;n.a.;n.a.;False;False
164.0;116.0;9500.0;-21374.1035444;421459.785267;Nederland;Borssele IV;MHI Vestas V164-9.5 MW;n.a.;n.a.;zee;51.75396608561739;2.8324894924723134;n.a.;n.a.;n.a.;n.a.;n.a.;n.a.;False;False
117.0;120.0;3675.0;146694.708008;421468.344329;Nederland;n.a.;n.a.;Zaltbommel;Gelderland;land;51.78181664278123;5.266845960196604;BU02970208;GM0297;BU02970208;GM0297;BU02970208;GM0297;False;False
167.0;116.0;8000.0;-9853.50113771;421666.574665;Nederland;Borssele I;SG 8.0-167 DD;n.a.;n.a.;zee;51.75933976601513;2.999119778885913;n.a.;n.a.;n.a.;n.a.;n.a.;n.a.;False;False
164.0;116.0;9500.0;-19930.5352362;421828.017509;Nederland;Borssele IV;MHI Vestas V164-9.5 MW;n.a.;n.a.;zee;51.7577268806503;2.853193779867349;n.a.;n.a.;n.a.;n.a.;n.a.;n.a.;False;False
164.0;116.0;9500.0;-16046.9627121;421960.532681;Nederland;Borssele IV;MHI Vestas V164-9.5 MW;n.a.;n.a.;zee;51.760118996696036;2.9093343430444656;n.a.;n.a.;n.a.;n.a.;n.a.;n.a.;False;False
164.0;116.0;9500.0;-14455.2213624;421968.500951;Nederland;Borssele IV;MHI Vestas V164-9.5 MW;n.a.;n.a.;zee;51.76067542387642;2.93236889523901;n.a.;n.a.;n.a.;n.a.;n.a.;n.a.;False;False
164.0;116.0;9500.0;-12266.4660374;422011.638589;Nederland;Borssele IV;MHI Vestas V164-9.5 MW;n.a.;n.a.;zee;51.76172220749229;2.9640285375410875;n.a.;n.a.;n.a.;n.a.;n.a.;n.a.;False;False
167.0;116.0;8000.0;-7577.93069062;422075.718461;Nederland;Borssele I;SG 8.0-167 DD;n.a.;n.a.;zee;51.763681350159345;3.0318653482304274;n.a.;n.a.;n.a.;n.a.;n.a.;n.a.;False;False
167.0;116.0;8000.0;-6122.08717977;422251.501997;Nederland;Borssele I;SG 8.0-167 DD;n.a.;n.a.;zee;51.76568193187328;3.052858334549124;n.a.;n.a.;n.a.;n.a.;n.a.;n.a.;False;False
167.0;116.0;8000.0;-2891.59517697;422306.313886;Nederland;Borssele I;SG 8.0-167 DD;n.a.;n.a.;zee;51.767096390097684;3.099600942114755;n.a.;n.a.;n.a.;n.a.;n.a.;n.a.;False;False
164.0;116.0;9500.0;-17471.1570012;422562.325283;Nederland;Borssele IV;MHI Vestas V164-9.5 MW;n.a.;n.a.;zee;51.76508633818543;2.8884221319059105;n.a.;n.a.;n.a.;n.a.;n.a.;n.a.;False;False
117.0;120.0;3675.0;146444.759379;422638.082128;Nederland;n.a.;n.a.;Zaltbommel;Gelderland;land;51.79232692490866;5.263194975288144;BU02970208;GM0297;BU02970208;GM0297;BU02970208;GM0297;False;False
167.0;116.0;8000.0;-4681.81455125;422742.391226;Nederland;Borssele I;SG 8.0-167 DD;n.a.;n.a.;zee;51.77050474541805;3.0734826723084416;n.a.;n.a.;n.a.;n.a.;n.a.;n.a.;False;False
167.0;116.0;8000.0;-8957.6346706;422745.775921;Nederland;Borssele I;SG 8.0-167 DD;n.a.;n.a.;zee;51.769296840685335;3.0115764407930414;n.a.;n.a.;n.a.;n.a.;n.a.;n.a.;False;False
164.0;116.0;9500.0;-16334.5462461;422816.292635;Nederland;Borssele IV;MHI Vestas V164-9.5 MW;n.a.;n.a.;zee;51.76771699533271;2.9047491819762796;n.a.;n.a.;n.a.;n.a.;n.a.;n.a.;False;False
117.0;92.0;4200.0;66404.6013893;423055.198365;Nederland;n.a.;n.a.;Goeree-Overflakkee;Zuid-Holland;land;51.78911349280796;4.10306800462546;BU19240802;GM1924;BU19240802;GM1924;BU19240802;GM1924;False;False
117.0;92.0;4200.0;65991.2979419;423076.209239;Nederland;n.a.;n.a.;Goeree-Overflakkee;Zuid-Holland;land;51.7892365820136;4.097073477226236;BU19240802;GM1924;BU19240802;GM1924;BU19240802;GM1924;False;False
117.0;92.0;4200.0;66839.1391023;423086.724368;Nederland;n.a.;n.a.;Goeree-Overflakkee;Zuid-Holland;land;51.78946557628669;4.10935682951984;BU19240802;GM1924;BU19240802;GM1924;BU19240802;GM1924;False;False
164.0;116.0;9500.0;-11308.6188558;423141.149844;Nederland;Borssele IV;MHI Vestas V164-9.5 MW;n.a.;n.a.;zee;51.772153298543344;2.977351253378279;n.a.;n.a.;n.a.;n.a.;n.a.;n.a.;False;False
117.0;92.0;4200.0;65283.8132255;423146.964391;Nederland;n.a.;n.a.;Goeree-Overflakkee;Zuid-Holland;land;51.789759207283495;4.0868030820179335;BU19240802;GM1924;BU19240802;GM1924;BU19240802;GM1924;False;False
117.0;92.0;4200.0;64870.8753594;423251.729655;Nederland;n.a.;n.a.;Goeree-Overflakkee;Zuid-Holland;land;51.790634183700604;4.0807919320302;BU19240802;GM1924;BU19240802;GM1924;BU19240802;GM1924;False;False
164.0;116.0;9500.0;-14963.7171682;423256.510715;Nederland;Borssele IV;MHI Vestas V164-9.5 MW;n.a.;n.a.;zee;51.77208953010848;2.9243776185394927;n.a.;n.a.;n.a.;n.a.;n.a.;n.a.;False;False
167.0;116.0;8000.0;-6969.73102829;423414.754683;Nederland;Borssele I;SG 8.0-167 DD;n.a.;n.a.;zee;51.77588558449349;3.0400439086989306;n.a.;n.a.;n.a.;n.a.;n.a.;n.a.;False;False
167.0;116.0;8000.0;-3670.00724391;423461.313887;Nederland;Borssele I;SG 8.0-167 DD;n.a.;n.a.;zee;51.777250748588706;3.0878028984246346;n.a.;n.a.;n.a.;n.a.;n.a.;n.a.;False;False
117.0;92.0;4200.0;67126.7220926;423615.115201;Nederland;n.a.;n.a.;Goeree-Overflakkee;Zuid-Holland;land;51.79425933878026;4.113390113718148;BU19240705;GM1924;BU19240705;GM1924;BU19240705;GM1924;False;False
164.0;116.0;9500.0;-13643.9597257;423668.522906;Nederland;Borssele IV;MHI Vestas V164-9.5 MW;n.a.;n.a.;zee;51.77619004622095;2.9432841628991566;n.a.;n.a.;n.a.;n.a.;n.a.;n.a.;False;False
117.0;92.0;4200.0;64116.8511692;423705.031645;Nederland;n.a.;n.a.;Goeree-Overflakkee;Zuid-Holland;land;51.79458555183637;4.069746206488588;BU19240205;GM1924;BU19240205;GM1924;BU19240205;GM1924;False;False
167.0;116.0;8000.0;-8144.46623273;423732.205279;Nederland;Borssele I;SG 8.0-167 DD;n.a.;n.a.;zee;51.77839517296018;3.022884744504499;n.a.;n.a.;n.a.;n.a.;n.a.;n.a.;False;False
167.0;116.0;8000.0;-5772.53585954;423813.444574;Nederland;Borssele I;SG 8.0-167 DD;n.a.;n.a.;zee;51.77981258720603;3.0571941593003125;n.a.;n.a.;n.a.;n.a.;n.a.;n.a.;False;False
117.0;92.0;4200.0;66749.6401755;423844.388642;Nederland;n.a.;n.a.;Goeree-Overflakkee;Zuid-Holland;land;51.79626024703502;4.107866781805515;BU19240705;GM1924;BU19240705;GM1924;BU19240705;GM1924;False;False
164.0;116.0;9500.0;-12458.7535454;423940.001779;Nederland;Borssele IV;MHI Vestas V164-9.5 MW;n.a.;n.a.;zee;51.77898496060732;2.960313739912981;n.a.;n.a.;n.a.;n.a.;n.a.;n.a.;False;False
117.0;92.0;4200.0;63819.5637091;424001.139935;Nederland;n.a.;n.a.;Goeree-Overflakkee;Zuid-Holland;land;51.79719804385176;4.0653597825081915;BU19240205;GM1924;BU19240205;GM1924;BU19240205;GM1924;False;False
117.0;92.0;4200.0;66403.9932846;424083.176962;Nederland;n.a.;n.a.;Goeree-Overflakkee;Zuid-Holland;land;51.79835138970777;4.102796139446585;BU19240705;GM1924;BU19240705;GM1924;BU19240705;GM1924;False;False
117.0;92.0;4200.0;63490.6006977;424252.396229;Nederland;n.a.;n.a.;Goeree-Overflakkee;Zuid-Holland;land;51.79940211831703;4.060525599828861;BU19240205;GM1924;BU19240205;GM1924;BU19240205;GM1924;False;False
117.0;92.0;4200.0;65104.581177;424285.497259;Nederland;n.a.;n.a.;Goeree-Overflakkee;Zuid-Holland;land;51.79996181568772;4.083910194914211;BU19240705;GM1924;BU19240705;GM1924;BU19240705;GM1924;False;False
117.0;92.0;4200.0;66056.1796748;424322.842342;Nederland;n.a.;n.a.;Goeree-Overflakkee;Zuid-Holland;land;51.800449846159175;4.09769339726097;BU19240705;GM1924;BU19240705;GM1924;BU19240705;GM1924;False;False
164.0;116.0;9500.0;-11054.1510402;424329.595779;Nederland;Borssele IV;MHI Vestas V164-9.5 MW;n.a.;n.a.;zee;51.78290358725879;2.980465955140869;n.a.;n.a.;n.a.;n.a.;n.a.;n.a.;False;False
127.0;135.0;4200.0;80222.2769;424345.5467;Nederland;n.a.;n.a.;Hoeksche Waard;Zuid-Holland;land;51.80273129655867;4.303030378843776;BU19631299;GM1963;BU19631299;GM1963;BU19631299;GM1963;False;False
117.0;92.0;4200.0;64740.3890473;424354.332305;Nederland;n.a.;n.a.;Goeree-Overflakkee;Zuid-Holland;land;51.80052163463488;4.078613543962572;BU19240205;GM1924;BU19240205;GM1924;BU19240205;GM1924;False;False
117.0;92.0;4200.0;64348.5879895;424430.686787;Nederland;n.a.;n.a.;Goeree-Overflakkee;Zuid-Holland;land;51.801144304885284;4.072914615503917;BU19240205;GM1924;BU19240205;GM1924;BU19240205;GM1924;False;False
117.0;92.0;4200.0;63156.1709873;424503.308302;Nederland;n.a.;n.a.;Goeree-Overflakkee;Zuid-Holland;land;51.801601998795014;4.055611798627043;BU19240205;GM1924;BU19240205;GM1924;BU19240205;GM1924;False;False
167.0;116.0;8000.0;-4380.2272573;424504.36616;Nederland;Borssele I;SG 8.0-167 DD;n.a.;n.a.;zee;51.78641777360966;3.077038713582508;n.a.;n.a.;n.a.;n.a.;n.a.;n.a.;False;False
127.0;135.0;4200.0;80642.6938;424526.8715;Nederland;n.a.;n.a.;Hoeksche Waard;Zuid-Holland;land;51.80441704063852;4.30908583848014;BU19631299;GM1963;BU19631299;GM1963;BU19631299;GM1963;False;False
117.0;92.0;4200.0;63965.0306654;424549.72825;Nederland;n.a.;n.a.;Goeree-Overflakkee;Zuid-Holland;land;51.80215164674772;4.0673237940235305;BU19240205;GM1924;BU19240205;GM1924;BU19240205;GM1924;False;False
117.0;92.0;4200.0;65686.561887;424576.607065;Nederland;n.a.;n.a.;Goeree-Overflakkee;Zuid-Holland;land;51.80267129567324;4.09227048697462;BU19240705;GM1924;BU19240705;GM1924;BU19240705;GM1924;False;False
167.0;116.0;8000.0;-7374.74212808;424636.065828;Nederland;Borssele I;SG 8.0-167 DD;n.a.;n.a.;zee;51.78673814888466;3.033607083722444;n.a.;n.a.;n.a.;n.a.;n.a.;n.a.;False;False
117.0;92.0;4200.0;63583.5735902;424661.374066;Nederland;n.a.;n.a.;Goeree-Overflakkee;Zuid-Holland;land;51.80309260415582;4.061765121491641;BU19240205;GM1924;BU19240205;GM1924;BU19240205;GM1924;False;False
164.0;116.0;9500.0;-9896.51617133;424686.855127;Nederland;Borssele IV;MHI Vestas V164-9.5 MW;n.a.;n.a.;zee;51.786455473880835;2.9970603093426282;n.a.;n.a.;n.a.;n.a.;n.a.;n.a.;False;False
127.0;135.0;4200.0;81067.9246;424725.8475;Nederland;n.a.;n.a.;Hoeksche Waard;Zuid-Holland;land;51.80626174389672;4.3152077694597635;BU19631299;GM1963;BU19631299;GM1963;BU19631299;GM1963;False;False
127.0;135.0;4200.0;81510.0042;424925.6257;Nederland;n.a.;n.a.;Hoeksche Waard;Zuid-Holland;land;51.8081155569484;4.32157430529021;BU19631299;GM1963;BU19631299;GM1963;BU19631299;GM1963;False;False
167.0;116.0;8000.0;-5507.95410373;424998.495713;Nederland;Borssele I;SG 8.0-167 DD;n.a.;n.a.;zee;51.79053327290334;3.060476494011693;n.a.;n.a.;n.a.;n.a.;n.a.;n.a.;False;False
127.0;135.0;4200.0;81863.026;425081.2763;Nederland;n.a.;n.a.;Hoeksche Waard;Zuid-Holland;land;51.809560781320855;4.326659488097508;BU19631299;GM1963;BU19631299;GM1963;BU19631299;GM1963;False;False
167.0;116.0;8000.0;-6545.65373526;425664.383032;Nederland;Borssele I;SG 8.0-167 DD;n.a.;n.a.;zee;51.79621524735927;3.045135255606761;n.a.;n.a.;n.a.;n.a.;n.a.;n.a.;False;False
167.0;116.0;8000.0;-5311.66337404;426011.274782;Nederland;Borssele I;SG 8.0-167 DD;n.a.;n.a.;zee;51.79968684222695;3.0628507347986322;n.a.;n.a.;n.a.;n.a.;n.a.;n.a.;False;False
131.0;120.0;3600.0;96402.97;426729.08;Nederland;n.a.;Nordex N131;Hoeksche Waard;Zuid-Holland;land;51.826086569893285;4.5371958394261735;BU19630199;GM1963;BU19630199;GM1963;BU19630199;GM1963;False;False
131.0;120.0;3600.0;95367.13;426850.82;Nederland;n.a.;Nordex N131;Hoeksche Waard;Zuid-Holland;land;51.827070942826346;4.5221505976285075;BU19630199;GM1963;BU19630199;GM1963;BU19630199;GM1963;False;False
131.0;120.0;3600.0;94960.0360107;427050.914612;Nederland;n.a.;Nordex N131;Hoeksche Waard;Zuid-Holland;land;51.82882562797308;4.516211063894201;BU19630199;GM1963;BU19630199;GM1963;BU19630199;GM1963;False;False
131.0;120.0;3600.0;94178.1380005;427157.21759;Nederland;n.a.;Nordex N131;Hoeksche Waard;Zuid-Holland;land;51.82969631544642;4.504850747598293;BU19630199;GM1963;BU19630199;GM1963;BU19630199;GM1963;False;False
131.0;120.0;3600.0;93804.0593872;427233.946716;Nederland;n.a.;Nordex N131;Hoeksche Waard;Zuid-Holland;land;51.83034500073654;4.499410967923526;BU19630199;GM1963;BU19630199;GM1963;BU19630199;GM1963;False;False
82.0;108.0;3000.0;120446.9646;427441.9196;Nederland;n.a.;n.a.;Molenlanden;Zuid-Holland;land;51.834501061269066;4.885888753161925;BU19780406;GM1978;BU19780406;GM1978;BU19780406;GM1978;False;False
82.0;108.0;3000.0;120813.965;427559.9192;Nederland;n.a.;n.a.;Molenlanden;Zuid-Holland;land;51.835584264711585;4.891201522232435;BU19780406;GM1978;BU19780406;GM1978;BU19780406;GM1978;False;False
82.0;108.0;3000.0;121171.9654;427706.9187;Nederland;n.a.;n.a.;Molenlanden;Zuid-Holland;land;51.836927335443086;4.896381129857673;BU19780406;GM1978;BU19780406;GM1978;BU19780406;GM1978;False;False
13.0;15.0;15.0;222451.43;427960.56;Nederland;n.a.;EAZ wind;Oude IJsselstreek;Gelderland;land;51.836151146605836;6.365874097337724;BU15090105;GM1509;BU15090105;GM1509;BU15090105;GM1509;False;False
77.0;90.0;2000.0;219720.187875;428322.722212;Duitsland;n.a.;n.a.;n.a.;n.a.;land;51.83972980368056;6.32631880300561;n.a.;n.a.;n.a.;n.a.;n.a.;n.a.;False;False
44.0;41.0;600.0;63118.9301;428439.041;Nederland;n.a.;n.a.;Voorne aan Zee;Zuid-Holland;land;51.83696391532293;4.054026163708219;BU19920901;GM1992;BU19920901;GM1992;BU19920901;GM1992;False;False
44.0;41.0;600.0;63261.9307;428606.0405;Nederland;n.a.;n.a.;Voorne aan Zee;Zuid-Holland;land;51.838488179341304;4.0560561899238605;BU19920901;GM1992;BU19920901;GM1992;BU19920901;GM1992;False;False
13.0;15.0;15.0;121615.445725;428743.090957;Nederland;n.a.;EAZ wind;Molenlanden;Zuid-Holland;land;51.84626725701947;4.90271535790606;BU19780406;GM1978;BU19780406;GM1978;BU19780406;GM1978;False;False
44.0;41.0;600.0;63414.1375;428764.4526;Nederland;n.a.;n.a.;Voorne aan Zee;Zuid-Holland;land;51.83993675098684;4.058222185255617;BU19920901;GM1992;BU19920901;GM1992;BU19920901;GM1992;False;False
136.0;140.0;4200.0;142091.891002;428887.537868;Nederland;n.a.;n.a.;West Betuwe;Gelderland;land;51.848415477332246;5.199867777676918;BU19600509;GM1960;BU19600509;GM1960;BU19600509;GM1960;False;False
44.0;41.0;600.0;63584.9318;428903.0396;Nederland;n.a.;n.a.;Voorne aan Zee;Zuid-Holland;land;51.84121017460144;4.0606632254963095;BU19920901;GM1992;BU19920901;GM1992;BU19920901;GM1992;False;False
136.0;140.0;4200.0;142495.683377;429000.54328;Nederland;n.a.;n.a.;West Betuwe;Gelderland;land;51.849440400376196;5.2057238739567735;BU19600507;GM1960;BU19600507;GM1960;BU19600507;GM1960;False;False
44.0;41.0;600.0;63769.9322;429022.039;Nederland;n.a.;n.a.;Voorne aan Zee;Zuid-Holland;land;51.84230985047544;4.0633156784893565;BU19920901;GM1992;BU19920901;GM1992;BU19920901;GM1992;False;False
136.0;140.0;4200.0;142883.200136;429116.578929;Nederland;n.a.;n.a.;West Betuwe;Gelderland;land;51.850491914341575;5.21134391293212;BU19600609;GM1960;BU19600609;GM1960;BU19600609;GM1960;False;False
44.0;41.0;600.0;63964.9327;429125.0385;Nederland;n.a.;n.a.;Voorne aan Zee;Zuid-Holland;land;51.84326731807753;4.066117562327238;BU19920901;GM1992;BU19920901;GM1992;BU19920901;GM1992;False;False
136.0;140.0;4200.0;143250.317429;429294.380113;Nederland;n.a.;n.a.;West Betuwe;Gelderland;land;51.852097897521716;5.216666039415754;BU19600108;GM1960;BU19600108;GM1960;BU19600108;GM1960;False;False
136.0;140.0;4200.0;143601.63713;429487.473899;Nederland;n.a.;n.a.;West Betuwe;Gelderland;land;51.85384077112223;5.221758745574485;BU19600108;GM1960;BU19600108;GM1960;BU19600108;GM1960;False;False
136.0;140.0;4200.0;144006.868917;429492.8242;Nederland;n.a.;n.a.;West Betuwe;Gelderland;land;51.85389699413379;5.227640365446955;BU19600609;GM1960;BU19600609;GM1960;BU19600609;GM1960;False;False
136.0;140.0;4200.0;146002.026827;429604.407913;Nederland;n.a.;n.a.;West Betuwe;Gelderland;land;51.85493568829974;5.2565965050706245;BU19600609;GM1960;BU19600609;GM1960;BU19600609;GM1960;False;False
136.0;140.0;4200.0;144401.15707;429607.07908;Nederland;n.a.;n.a.;West Betuwe;Gelderland;land;51.854931581939404;5.2333598162676385;BU19600609;GM1960;BU19600609;GM1960;BU19600609;GM1960;False;False
136.0;140.0;4200.0;144801.768193;429609.539104;Nederland;n.a.;n.a.;West Betuwe;Gelderland;land;51.854961160484635;5.239174609465713;BU19600109;GM1960;BU19600109;GM1960;BU19600109;GM1960;False;False
136.0;140.0;4200.0;145201.959639;429613.008707;Nederland;n.a.;n.a.;West Betuwe;Gelderland;land;51.85499951826393;5.244983289973369;BU19600609;GM1960;BU19600609;GM1960;BU19600609;GM1960;False;False
136.0;140.0;4200.0;145601.418115;429614.494859;Nederland;n.a.;n.a.;West Betuwe;Gelderland;land;51.855019748912426;5.250781396509657;BU19600609;GM1960;BU19600609;GM1960;BU19600609;GM1960;False;False
117.0;125.0;3675.0;219874.946535;429934.255036;Nederland;n.a.;n.a.;Oude IJsselstreek;Gelderland;land;51.85419522389276;6.32886701495423;BU15090107;GM1509;BU15090107;GM1509;BU15090107;GM1509;False;False
132.0;112.0;3600.0;185640.402591;430048.151737;Nederland;n.a.;n.a.;Nijmegen;Gelderland;land;51.85815358636124;5.831982507069274;BU02680425;GM0268;BU02680425;GM0268;BU02680425;GM0268;False;False
117.0;125.0;3675.0;220772.651698;430217.98034;Nederland;n.a.;n.a.;Oude IJsselstreek;Gelderland;land;51.85663990689077;6.341949643875157;BU15090107;GM1509;BU15090107;GM1509;BU15090107;GM1509;False;False
132.0;112.0;3600.0;185464.354593;430275.325717;Nederland;n.a.;n.a.;Nijmegen;Gelderland;land;51.86020510634456;5.829447111389476;BU02680425;GM0268;BU02680425;GM0268;BU02680425;GM0268;False;False
117.0;125.0;3675.0;219755.467634;430316.793012;Nederland;n.a.;n.a.;Oude IJsselstreek;Gelderland;land;51.857647122830514;6.327204792274333;BU15090107;GM1509;BU15090107;GM1509;BU15090107;GM1509;False;False
82.0;98.0;2300.0;218114.7618;430478.7365;Nederland;n.a.;n.a.;Oude IJsselstreek;Gelderland;land;51.85929085658235;6.303420577915988;BU15090107;GM1509;BU15090107;GM1509;BU15090107;GM1509;False;False
117.0;125.0;3675.0;220657.371954;430587.056585;Nederland;n.a.;n.a.;Oude IJsselstreek;Gelderland;land;51.859970508320366;6.340346725866499;BU15090107;GM1509;BU15090107;GM1509;BU15090107;GM1509;False;False
77.0;90.0;1500.0;215144.965671;430596.15553;Duitsland;n.a.;n.a.;n.a.;n.a.;land;51.86067469591526;6.2603343073904805;n.a.;n.a.;n.a.;n.a.;n.a.;n.a.;False;False
77.0;90.0;1500.0;214804.292602;430632.131108;Duitsland;n.a.;n.a.;n.a.;n.a.;land;51.861034702912775;6.2553954955492905;n.a.;n.a.;n.a.;n.a.;n.a.;n.a.;False;False
77.0;90.0;1500.0;214463.651841;430673.971674;Duitsland;n.a.;n.a.;n.a.;n.a.;land;51.861447210516204;6.250458083538764;n.a.;n.a.;n.a.;n.a.;n.a.;n.a.;False;False
117.0;125.0;3675.0;219630.865034;430703.217656;Nederland;n.a.;n.a.;Oude IJsselstreek;Gelderland;land;51.861134522931465;6.325468671732695;BU15090107;GM1509;BU15090107;GM1509;BU15090107;GM1509;False;False
82.0;98.0;2300.0;218100.4742;430793.0621;Nederland;n.a.;n.a.;Oude IJsselstreek;Gelderland;land;51.862117441052014;6.30327069736279;BU15090107;GM1509;BU15090107;GM1509;BU15090107;GM1509;False;False
130.0;120.0;3600.0;150558.375735;430930.987161;Nederland;n.a.;n.a.;West Betuwe;Gelderland;land;51.86691425132794;5.322714974576008;BU19600008;GM1960;BU19600008;GM1960;BU19600008;GM1960;False;False
100.0;99.0;3600.0;150880.244826;431017.932943;Nederland;n.a.;n.a.;West Betuwe;Gelderland;land;51.86769821287396;5.32738711979594;BU19600008;GM1960;BU19600008;GM1960;BU19600008;GM1960;False;False
117.0;125.0;3675.0;220730.309829;431019.399601;Nederland;n.a.;n.a.;Oude IJsselstreek;Gelderland;land;51.86384750658087;6.3414878133730745;BU15090107;GM1509;BU15090107;GM1509;BU15090107;GM1509;False;False
82.0;98.0;2300.0;218052.8491;431085.1627;Nederland;n.a.;n.a.;Oude IJsselstreek;Gelderland;land;51.86474805451224;6.30263278313823;BU15090107;GM1509;BU15090107;GM1509;BU15090107;GM1509;False;False
117.0;125.0;3675.0;219511.322504;431089.710391;Nederland;n.a.;n.a.;Oude IJsselstreek;Gelderland;land;51.864621921615004;6.323805751777079;BU15090107;GM1509;BU15090107;GM1509;BU15090107;GM1509;False;False
130.0;120.0;3600.0;151203.809204;431099.944011;Nederland;n.a.;n.a.;West Betuwe;Gelderland;land;51.86843764629216;5.332084096733648;BU19600008;GM1960;BU19600008;GM1960;BU19600008;GM1960;False;False
77.0;90.0;1500.0;214446.868149;431249.415362;Duitsland;n.a.;n.a.;n.a.;n.a.;land;51.86662079545426;6.250313649777324;n.a.;n.a.;n.a.;n.a.;n.a.;n.a.;False;False
117.0;125.0;3675.0;221050.716872;431313.837113;Nederland;n.a.;n.a.;Oude IJsselstreek;Gelderland;land;51.86645580241461;6.346195320257628;BU15090107;GM1509;BU15090107;GM1509;BU15090107;GM1509;False;False
82.0;98.0;2300.0;217949.6614;431349.482;Nederland;n.a.;n.a.;Oude IJsselstreek;Gelderland;land;51.867135265117675;6.301183090879482;BU15090107;GM1509;BU15090107;GM1509;BU15090107;GM1509;False;False
101.0;99.0;3000.0;78082.87;431431.7878;Nederland;n.a.;n.a.;Rotterdam;Zuid-Holland;land;51.86612441003793;4.270439966400799;BU05992306;GM0599;BU05992306;GM0599;BU05992306;GM0599;False;False
101.0;99.0;3000.0;78399.3563843;431450.037292;Nederland;n.a.;n.a.;Rotterdam;Zuid-Holland;land;51.86633201731859;4.275030162785954;BU05992306;GM0599;BU05992306;GM0599;BU05992306;GM0599;False;False
117.0;125.0;3675.0;219388.193161;431471.008063;Nederland;n.a.;n.a.;Oude IJsselstreek;Gelderland;land;51.868063021274;6.322089533407624;BU15090107;GM1509;BU15090107;GM1509;BU15090107;GM1509;False;False
101.0;99.0;3000.0;77504.8287;431534.1193;Nederland;n.a.;n.a.;Rotterdam;Zuid-Holland;land;51.86696395715494;4.262025913302992;BU05992306;GM0599;BU05992306;GM0599;BU05992306;GM0599;False;False
82.0;98.0;2300.0;217794.0861;431567.7637;Nederland;n.a.;n.a.;Montferland;Gelderland;land;51.869114608879585;6.298964284613063;BU19550009;GM1955;BU19550009;GM1955;BU19550009;GM1955;False;False
101.0;99.0;3000.0;77158.4526;431720.6811;Nederland;n.a.;n.a.;Rotterdam;Zuid-Holland;land;51.868592283820234;4.25695559875534;BU05992306;GM0599;BU05992306;GM0599;BU05992306;GM0599;False;False
13.0;15.0;15.0;109733.538831;431725.633653;Nederland;n.a.;EAZ wind;Molenlanden;Zuid-Holland;land;51.87223584907193;4.729899613661432;BU19781605;GM1978;BU19781605;GM1978;BU19781605;GM1978;False;False
44.0;65.0;600.0;78518.4382;431732.1578;Nederland;n.a.;n.a.;Rotterdam;Zuid-Holland;land;51.86888377669184;4.276696255990231;BU05992306;GM0599;BU05992306;GM0599;BU05992306;GM0599;False;False
82.0;98.0;2300.0;217565.4857;431753.5016;Nederland;n.a.;n.a.;Montferland;Gelderland;land;51.87080963551606;6.295679143262112;BU19550009;GM1955;BU19550009;GM1955;BU19550009;GM1955;False;False
13.0;15.0;15.0;108731.786938;431792.751975;Nederland;n.a.;EAZ wind;Molenlanden;Zuid-Holland;land;51.87275680237163;4.715345366334492;BU19781605;GM1978;BU19781605;GM1978;BU19781605;GM1978;False;False
101.0;99.0;3000.0;76720.7587891;431978.887329;Nederland;n.a.;n.a.;Rotterdam;Zuid-Holland;land;51.870851425908576;4.250542938500731;BU05992306;GM0599;BU05992306;GM0599;BU05992306;GM0599;False;False
101.0;99.0;3000.0;76328.7939;432208.3086;Nederland;n.a.;n.a.;Rotterdam;Zuid-Holland;land;51.872857989347;4.244800120867033;BU05992306;GM0599;BU05992306;GM0599;BU05992306;GM0599;False;False
101.0;99.0;3000.0;75972.6489868;432481.558105;Nederland;n.a.;n.a.;Rotterdam;Zuid-Holland;land;51.87526322990108;4.239566820810788;BU05992306;GM0599;BU05992306;GM0599;BU05992306;GM0599;False;False
13.0;15.0;15.0;106230.763883;432859.841106;Nederland;n.a.;EAZ wind;Molenlanden;Zuid-Holland;land;51.882134202362074;4.678879841194586;BU19781204;GM1978;BU19781204;GM1978;BU19781204;GM1978;False;False
101.0;99.0;3000.0;75780.1604;432887.6813;Nederland;n.a.;n.a.;Rotterdam;Zuid-Holland;land;51.87888564862348;4.236678714725095;BU05992306;GM0599;BU05992306;GM0599;BU05992306;GM0599;False;False
13.0;15.0;15.0;107820.605591;433138.083679;Nederland;n.a.;EAZ wind;Molenlanden;Zuid-Holland;land;51.88477192620177;4.701930955510698;BU19781204;GM1978;BU19781204;GM1978;BU19781204;GM1978;False;False
13.0;15.0;15.0;110738.064471;433775.402143;Nederland;n.a.;EAZ wind;Molenlanden;Zuid-Holland;land;51.890739544860054;4.744221987764271;BU19781802;GM1978;BU19781802;GM1978;BU19781802;GM1978;False;False
13.0;15.0;10.0;225437.538995;433855.132055;Nederland;n.a.;WB10;Oude IJsselstreek;Gelderland;land;51.88875729602619;6.410397762441681;BU15090208;GM1509;BU15090208;GM1509;BU15090208;GM1509;False;False
100.0;99.0;2520.0;185567.0152;433884.3345;Nederland;n.a.;n.a.;Nijmegen;Gelderland;land;51.89263755073094;5.831257525621746;BU02680950;GM0268;BU02680950;GM0268;BU02680950;GM0268;False;False
100.0;99.0;2520.0;186087.3476;433938.4821;Nederland;n.a.;n.a.;Nijmegen;Gelderland;land;51.89309540618484;5.838821196507364;BU02680960;GM0268;BU02680960;GM0268;BU02680960;GM0268;False;False
100.0;99.0;2520.0;186440.5961;433961.6882;Nederland;n.a.;n.a.;Nijmegen;Gelderland;land;51.89328413651426;5.843954946655866;BU02680960;GM0268;BU02680960;GM0268;BU02680960;GM0268;False;False
100.0;99.0;2520.0;186804.1584;433992.6296;Nederland;n.a.;n.a.;Nijmegen;Gelderland;land;51.89354157825888;5.8492392831961;BU02680960;GM0268;BU02680960;GM0268;BU02680960;GM0268;False;False
13.0;15.0;15.0;113702.49;434938.26;Nederland;n.a.;EAZ wind;Molenlanden;Zuid-Holland;land;51.90141891757387;4.78714359911929;BU19781802;GM1978;BU19781802;GM1978;BU19781802;GM1978;False;False
13.0;15.0;15.0;113686.62;434964.08;Nederland;n.a.;EAZ wind;Molenlanden;Zuid-Holland;land;51.90164980686035;4.786909920008983;BU19781802;GM1978;BU19781802;GM1978;BU19781802;GM1978;False;False
90.0;80.0;3000.0;80379.4496989;435059.617013;Nederland;n.a.;n.a.;Vlaardingen;Zuid-Holland;land;51.89903997881418;4.302992846632939;BU06220303;GM0622;BU06220303;GM0622;BU06220303;GM0622;False;False
90.0;80.0;3000.0;80049.083817;435134.975523;Nederland;n.a.;n.a.;Vlaardingen;Zuid-Holland;land;51.89967283817522;4.298177173017455;BU06220303;GM0622;BU06220303;GM0622;BU06220303;GM0622;False;False
90.0;110.0;3000.0;74636.1143799;435144.667114;Nederland;n.a.;n.a.;Rotterdam;Zuid-Holland;land;51.89900477478999;4.219540359554623;BU05992307;GM0599;BU05992307;GM0599;BU05992307;GM0599;False;False
13.0;24.0;15.0;230792.521276;435247.068244;Nederland;n.a.;EAZ wind;Aalten;Gelderland;land;51.90056316914404;6.488478862549107;BU01970409;GM0197;BU01970409;GM0197;BU01970409;GM0197;False;False
117.0;80.0;3600.0;79722.7986458;435262.703879;Nederland;n.a.;V117-3,6;Vlaardingen;Zuid-Holland;land;51.900776696987165;4.2934091988744125;BU06220302;GM0622;BU06220302;GM0622;BU06220302;GM0622;False;False
90.0;110.0;3000.0;74375.2348;435348.3715;Nederland;n.a.;n.a.;Rotterdam;Zuid-Holland;land;51.90079769093924;4.215702920484203;BU05992307;GM0599;BU05992307;GM0599;BU05992307;GM0599;False;False
13.0;15.0;15.0;126821.61792;435481.607605;Nederland;n.a.;EAZ wind;Vijfheerenlanden;Utrecht;land;51.90712121558948;4.977716292593715;BU19610602;GM1961;BU19610602;GM1961;BU19610602;GM1961;False;False
117.0;80.0;3600.0;79320.3694742;435534.10532;Nederland;n.a.;V117-3,6;Vlaardingen;Zuid-Holland;land;51.9031611926247;4.287503192011353;BU06220302;GM0622;BU06220302;GM0622;BU06220302;GM0622;False;False
90.0;110.0;3000.0;74055.5647353;435597.982928;Nederland;n.a.;n.a.;Rotterdam;Zuid-Holland;land;51.90299448769371;4.211000278657542;BU05992307;GM0599;BU05992307;GM0599;BU05992307;GM0599;False;False
13.0;15.0;15.0;114348.631531;435619.385193;Nederland;n.a.;EAZ wind;Molenlanden;Zuid-Holland;land;51.907588350038566;4.796451231651077;BU19781802;GM1978;BU19781802;GM1978;BU19781802;GM1978;False;False
13.0;15.0;15.0;131108.369507;435866.690186;Nederland;n.a.;EAZ wind;Vijfheerenlanden;Utrecht;land;51.91078287862071;5.0399831589839765;BU19611101;GM1961;BU19611101;GM1961;BU19611101;GM1961;False;False
100.0;99.0;3000.0;96763.2557;435957.6419;Nederland;n.a.;n.a.;Capelle aan den IJssel;Zuid-Holland;land;51.909066161183745;4.54086346374435;BU05020996;GM0502;BU05020996;GM0502;BU05020996;GM0502;False;False
90.0;110.0;3000.0;73531.8653;436066.5365;Nederland;n.a.;n.a.;Rotterdam;Zuid-Holland;land;51.907128835795426;4.203281073671139;BU05992307;GM0599;BU05992307;GM0599;BU05992307;GM0599;False;False
90.0;110.0;3000.0;73275.2032;436266.0962;Nederland;n.a.;n.a.;Rotterdam;Zuid-Holland;land;51.90888458698111;4.199504558378947;BU05992307;GM0599;BU05992307;GM0599;BU05992307;GM0599;False;False
13.0;15.0;15.0;115565.834;436425.292;Nederland;n.a.;EAZ wind;Molenlanden;Zuid-Holland;land;51.91491932816214;4.814046595987188;BU19781802;GM1978;BU19781802;GM1978;BU19781802;GM1978;False;False
13.0;15.0;15.0;108376.005268;436453.531679;Nederland;n.a.;EAZ wind;Krimpenerwaard;Zuid-Holland;land;51.91461716650089;4.709548618718401;BU19310011;GM1931;BU19310011;GM1931;BU19310011;GM1931;False;False
13.0;15.0;15.0;115544.5295;436455.3425;Nederland;n.a.;EAZ wind;Molenlanden;Zuid-Holland;land;51.9151879085972;4.813733514971398;BU19781802;GM1978;BU19781802;GM1978;BU19781802;GM1978;False;False
90.0;110.0;3000.0;73023.5419;436465.1707;Nederland;n.a.;n.a.;Rotterdam;Zuid-Holland;land;51.91063659184692;4.195800528010546;BU05992307;GM0599;BU05992307;GM0599;BU05992307;GM0599;False;False
13.0;15.0;15.0;108536.263292;436561.436496;Nederland;n.a.;EAZ wind;Krimpenerwaard;Zuid-Holland;land;51.91560039269015;4.711863155281551;BU19310011;GM1931;BU19310011;GM1931;BU19310011;GM1931;False;False
13.0;15.0;15.0;119462.546734;436639.924164;Nederland;n.a.;EAZ wind;Molenlanden;Zuid-Holland;land;51.91711093253038;4.870658897513668;BU19780609;GM1978;BU19780609;GM1978;BU19780609;GM1978;False;False
13.0;15.0;15.0;119492.414999;436652.655531;Nederland;n.a.;EAZ wind;Molenlanden;Zuid-Holland;land;51.91722726767476;4.871091708420325;BU19780609;GM1978;BU19780609;GM1978;BU19780609;GM1978;False;False
90.0;110.0;3000.0;72770.4701;436674.0344;Nederland;n.a.;n.a.;Rotterdam;Zuid-Holland;land;51.912476242541835;4.192073374110765;BU05992307;GM0599;BU05992307;GM0599;BU05992307;GM0599;False;False
82.0;78.0;2000.0;163286.9909;436789.8924;Nederland;n.a.;n.a.;Neder-Betuwe;Gelderland;land;51.91953145721321;5.507661475824205;BU17400107;GM1740;BU17400107;GM1740;BU17400107;GM1740;False;False
13.0;15.0;15.0;120173.475788;436828.002383;Nederland;n.a.;EAZ wind;Molenlanden;Zuid-Holland;land;51.91884632309415;4.8809729634685475;BU19781004;GM1978;BU19781004;GM1978;BU19781004;GM1978;False;False
82.0;78.0;2000.0;163563.991;436851.8924;Nederland;n.a.;n.a.;Neder-Betuwe;Gelderland;land;51.920084526091166;5.511689457226839;BU17400107;GM1740;BU17400107;GM1740;BU17400107;GM1740;False;False
82.0;78.0;2000.0;163846.9911;436899.8924;Nederland;n.a.;n.a.;Neder-Betuwe;Gelderland;land;51.92051152608265;5.515804394377403;BU17400108;GM1740;BU17400108;GM1740;BU17400108;GM1740;False;False
82.0;78.0;2000.0;164126.9912;436906.8924;Nederland;n.a.;n.a.;Neder-Betuwe;Gelderland;land;51.920569913835216;5.519874711233205;BU17400108;GM1740;BU17400108;GM1740;BU17400108;GM1740;False;False
90.0;110.0;3000.0;72472.9597;436919.4349;Nederland;n.a.;n.a.;Rotterdam;Zuid-Holland;land;51.91463752790886;4.187691387471588;BU05992307;GM0599;BU05992307;GM0599;BU05992307;GM0599;False;False
90.0;80.0;2000.0;165115.336121;437175.522217;Nederland;n.a.;n.a.;Buren;Gelderland;land;51.922967302182215;5.534249389563607;BU02140306;GM0214;BU02140306;GM0214;BU02140306;GM0214;False;False
90.0;80.0;2000.0;165443.95813;437208.230713;Nederland;n.a.;n.a.;Buren;Gelderland;land;51.92325521276102;5.539027549308597;BU02140306;GM0214;BU02140306;GM0214;BU02140306;GM0214;False;False
90.0;80.0;2000.0;165765.18512;437243.515625;Nederland;n.a.;n.a.;Buren;Gelderland;land;51.92356622963576;5.543698348628227;BU02140306;GM0214;BU02140306;GM0214;BU02140306;GM0214;False;False
90.0;80.0;2000.0;166073.043845;437246.343365;Nederland;n.a.;n.a.;Buren;Gelderland;land;51.92358559600052;5.548173827832449;BU02140306;GM0214;BU02140306;GM0214;BU02140306;GM0214;False;False
13.0;15.0;15.0;63710.4373684;437263.196407;Nederland;n.a.;EAZ wind;Voorne aan Zee;Zuid-Holland;land;51.91635800680462;4.060270016752524;BU19922108;GM1992;BU19922108;GM1992;BU19922108;GM1992;False;False
13.0;15.0;15.0;63689.5370335;437276.862011;Nederland;n.a.;EAZ wind;Voorne aan Zee;Zuid-Holland;land;51.91647738020627;4.059962671575669;BU19922108;GM1992;BU19922108;GM1992;BU19922108;GM1992;False;False
13.0;15.0;15.0;118594.683406;437364.116383;Nederland;n.a.;EAZ wind;Molenlanden;Zuid-Holland;land;51.92356382393855;4.857968211287666;BU19780609;GM1978;BU19780609;GM1978;BU19780609;GM1978;False;False
13.0;15.0;15.0;118580.71984;437389.958661;Nederland;n.a.;EAZ wind;Molenlanden;Zuid-Holland;land;51.92379517890639;4.857762490605047;BU19780609;GM1978;BU19780609;GM1978;BU19780609;GM1978;False;False
110.0;94.0;3600.0;59659.467;437500.0355;Nederland;n.a.;n.a.;Rotterdam;Zuid-Holland;land;51.91780684210043;4.001337905697701;BU05992308;GM0599;BU05992308;GM0599;BU05992308;GM0599;False;False
110.0;94.0;3600.0;59247.1131;437566.7106;Nederland;n.a.;n.a.;Rotterdam;Zuid-Holland;land;51.918335173615404;3.995327079659027;BU05992308;GM0599;BU05992308;GM0599;BU05992308;GM0599;False;False
110.0;94.0;3600.0;60080.5523;437635.3701;Nederland;n.a.;n.a.;Rotterdam;Zuid-Holland;land;51.91909497942204;4.007419738873388;BU05992308;GM0599;BU05992308;GM0599;BU05992308;GM0599;False;False
110.0;94.0;3600.0;60496.875;437778.2454;Nederland;n.a.;n.a.;Voorne aan Zee;Zuid-Holland;land;51.92044975585676;4.013430637835991;BU19922108;GM1992;BU19922108;GM1992;BU19922108;GM1992;False;False
110.0;94.0;3600.0;58963.3065;437920.2597;Nederland;n.a.;n.a.;Rotterdam;Zuid-Holland;land;51.92146327693132;3.9911040952500794;BU05992308;GM0599;BU05992308;GM0599;BU05992308;GM0599;False;False
110.0;94.0;3600.0;61118.7793;437942.1551;Nederland;n.a.;n.a.;Voorne aan Zee;Zuid-Holland;land;51.92202797796946;4.022423935296852;BU19922108;GM1992;BU19922108;GM1992;BU19922108;GM1992;False;False
110.0;94.0;3600.0;60765.163;438132.4173;Nederland;n.a.;n.a.;Rotterdam;Zuid-Holland;land;51.92367791386059;4.017232583242266;BU05992308;GM0599;BU05992308;GM0599;BU05992308;GM0599;False;False
110.0;94.0;3600.0;58972.5946;438273.3287;Nederland;n.a.;n.a.;Rotterdam;Zuid-Holland;land;51.9246375873935;3.9911405018937667;BU05992308;GM0599;BU05992308;GM0599;BU05992308;GM0599;False;False
16.0;36.0;15.0;240187.369134;438455.990558;Nederland;n.a.;EAZ wind;Aalten;Gelderland;land;51.928041443044904;6.625753230961059;BU01970111;GM0197;BU01970111;GM0197;BU01970111;GM0197;False;False
80.0;80.0;2000.0;142116.7848;438510.2989;Nederland;n.a.;n.a.;Culemborg;Gelderland;land;51.9349077813758;5.199869439693662;BU02160108;GM0216;BU02160108;GM0216;BU02160108;GM0216;False;False
80.0;80.0;2000.0;141839.0848;438540.4991;Nederland;n.a.;n.a.;Culemborg;Gelderland;land;51.935172727868505;5.195830303622981;BU02160108;GM0216;BU02160108;GM0216;BU02160108;GM0216;False;False
110.0;94.0;3600.0;60756.2654;438567.0352;Nederland;n.a.;n.a.;Rotterdam;Zuid-Holland;land;51.9275819517444;4.016984158928123;BU05992308;GM0599;BU05992308;GM0599;BU05992308;GM0599;False;False
80.0;80.0;2000.0;141583.1722;438613.5054;Nederland;n.a.;n.a.;Culemborg;Gelderland;land;51.935822810610674;5.192106260206046;BU02160108;GM0216;BU02160108;GM0216;BU02160108;GM0216;False;False
110.0;94.0;3600.0;59184.6771;438614.4093;Nederland;n.a.;n.a.;Rotterdam;Zuid-Holland;land;51.92773914068472;3.994127885481648;BU05992308;GM0599;BU05992308;GM0599;BU05992308;GM0599;False;False
110.0;94.0;3600.0;60723.7786;438958.2419;Nederland;n.a.;n.a.;Rotterdam;Zuid-Holland;land;51.931091888936706;4.0164046910933004;BU05992308;GM0599;BU05992308;GM0599;BU05992308;GM0599;False;False
110.0;94.0;3600.0;59430.2409;438978.1024;Nederland;n.a.;n.a.;Rotterdam;Zuid-Holland;land;51.93104957088954;3.997596081282866;BU05992308;GM0599;BU05992308;GM0599;BU05992308;GM0599;False;False
82.0;98.0;3000.0;69167.2880758;439124.133327;Nederland;n.a.;n.a.;Rotterdam;Zuid-Holland;land;51.9339499589476;4.139104658461527;BU05992307;GM0599;BU05992307;GM0599;BU05992307;GM0599;False;False
82.0;98.0;3000.0;68877.8628929;439175.876523;Nederland;n.a.;n.a.;Rotterdam;Zuid-Holland;land;51.9343702002673;4.134884105780463;BU05992307;GM0599;BU05992307;GM0599;BU05992307;GM0599;False;False
110.0;94.0;3600.0;60241.7484;439191.7808;Nederland;n.a.;n.a.;Rotterdam;Zuid-Holland;land;51.933108575796574;4.009333418995682;BU05992308;GM0599;BU05992308;GM0599;BU05992308;GM0599;False;False
82.0;98.0;3000.0;68553.1319865;439247.032733;Nederland;n.a.;n.a.;Rotterdam;Zuid-Holland;land;51.93495925674957;4.130145319140949;BU05992307;GM0599;BU05992307;GM0599;BU05992307;GM0599;False;False
110.0;94.0;3600.0;59664.4982;439308.739;Nederland;n.a.;n.a.;Rotterdam;Zuid-Holland;land;51.93406091184159;4.000909589887025;BU05992308;GM0599;BU05992308;GM0599;BU05992308;GM0599;False;False
82.0;98.0;3000.0;68227.5960452;439323.743885;Nederland;n.a.;n.a.;Rotterdam;Zuid-Holland;land;51.93559791590323;4.125393302685485;BU05992307;GM0599;BU05992307;GM0599;BU05992307;GM0599;False;False
70.0;90.0;3000.0;72616.8228;439471.9398;Nederland;n.a.;n.a.;Rotterdam;Zuid-Holland;land;51.93759731450876;4.189170470246175;BU05992705;GM0599;BU05992705;GM0599;BU05992705;GM0599;False;False
162.0;103.0;6000.0;57808.8288234;439663.454941;Nederland;n.a.;n.a.;Rotterdam;Zuid-Holland;land;51.936927160726555;3.9738333848350136;BU05999998;GM0599;BU05999998;GM0599;BU05999998;GM0599;False;False
70.0;90.0;3000.0;72341.0869;439699.5092;Nederland;n.a.;n.a.;Rotterdam;Zuid-Holland;land;51.93960147245691;4.185106770743966;BU05992307;GM0599;BU05992307;GM0599;BU05992307;GM0599;False;False
112.0;119.0;3450.0;73541.2816;439823.7195;Nederland;n.a.;n.a.;Rotterdam;Zuid-Holland;land;51.94089484462863;4.20252798494014;BU05991703;GM0599;BU05991703;GM0599;BU05991703;GM0599;False;False
90.0;80.0;3800.0;71961.48;440015.06;Nederland;n.a.;n.a.;Rotterdam;Zuid-Holland;land;51.9423806377602;4.179511118990476;BU05992307;GM0599;BU05992307;GM0599;BU05992307;GM0599;False;False
112.0;119.0;3450.0;73166.5647474;440042.331956;Nederland;n.a.;n.a.;Rotterdam;Zuid-Holland;land;51.94280441087746;4.197027437802651;BU05991703;GM0599;BU05991703;GM0599;BU05991703;GM0599;False;False
162.0;103.0;6000.0;57640.5176065;440086.89117;Nederland;n.a.;n.a.;Rotterdam;Zuid-Holland;land;51.94070271457009;3.9712665289579894;BU05999998;GM0599;BU05999998;GM0599;BU05999998;GM0599;False;False
90.0;80.0;3800.0;71659.9801025;440267.042603;Nederland;n.a.;n.a.;Rotterdam;Zuid-Holland;land;51.944599987337114;4.175065992454395;BU05992307;GM0599;BU05992307;GM0599;BU05992307;GM0599;False;False
112.0;119.0;3450.0;72803.3420142;440277.992691;Nederland;n.a.;n.a.;Rotterdam;Zuid-Holland;land;51.944868623336866;4.191689488025828;BU05991703;GM0599;BU05991703;GM0599;BU05991703;GM0599;False;False
13.0;15.0;15.0;104289.457185;440463.91982;Nederland;n.a.;EAZ wind;Krimpenerwaard;Zuid-Holland;land;51.95030363813497;4.649565861435114;BU19310208;GM1931;BU19310208;GM1931;BU19310208;GM1931;False;False
90.0;105.0;3000.0;67961.7257;440465.3481;Nederland;n.a.;n.a.;Rotterdam;Zuid-Holland;land;51.945815327204436;4.12123886160894;BU05992307;GM0599;BU05992307;GM0599;BU05992307;GM0599;False;False
162.0;103.0;6000.0;57486.2171831;440514.177441;Nederland;n.a.;n.a.;Rotterdam;Zuid-Holland;land;51.94451526179758;3.96890186811676;BU05999998;GM0599;BU05999998;GM0599;BU05999998;GM0599;False;False
90.0;80.0;3800.0;71350.1;440524.46;Nederland;n.a.;n.a.;Rotterdam;Zuid-Holland;land;51.9468667459905;4.170497238144047;BU05992307;GM0599;BU05992307;GM0599;BU05992307;GM0599;False;False
112.0;119.0;3450.0;72441.8272733;440539.428629;Nederland;n.a.;n.a.;Rotterdam;Zuid-Holland;land;51.94716447678111;4.186369692016699;BU05991703;GM0599;BU05991703;GM0599;BU05991703;GM0599;False;False
13.0;15.0;15.0;109270.157325;440545.17708;Nederland;n.a.;EAZ wind;Krimpenerwaard;Zuid-Holland;land;51.95146602591566;4.7219995206114405;BU19311003;GM1931;BU19311003;GM1931;BU19311003;GM1931;False;False
90.0;80.0;3800.0;71017.9246826;440793.879883;Nederland;n.a.;n.a.;Rotterdam;Zuid-Holland;land;51.94923781794077;4.165600853889301;BU05992307;GM0599;BU05992307;GM0599;BU05992307;GM0599;False;False
112.0;119.0;3450.0;72098.573004;440816.238696;Nederland;n.a.;n.a.;Rotterdam;Zuid-Holland;land;51.94960097261582;4.181311202553044;BU05991703;GM0599;BU05991703;GM0599;BU05991703;GM0599;False;False
162.0;103.0;6000.0;57334.7211111;440941.380963;Nederland;n.a.;n.a.;Rotterdam;Zuid-Holland;land;51.94832750847259;3.9665776054713033;BU05999998;GM0599;BU05999998;GM0599;BU05999998;GM0599;False;False
112.0;119.0;3450.0;71767.1600387;441093.710163;Nederland;n.a.;n.a.;Rotterdam;Zuid-Holland;land;51.95204496539174;4.1764242216844245;BU05991703;GM0599;BU05991703;GM0599;BU05991703;GM0599;False;False
90.0;80.0;3800.0;70364.9536133;441347.93811;Nederland;n.a.;n.a.;Rotterdam;Zuid-Holland;land;51.9541178363308;4.155968291927808;BU05992307;GM0599;BU05992307;GM0599;BU05992307;GM0599;False;False
162.0;103.0;6000.0;57180.528591;441371.379654;Nederland;n.a.;n.a.;Rotterdam;Zuid-Holland;land;51.95216434783501;3.9642129360186646;BU05999998;GM0599;BU05999998;GM0599;BU05999998;GM0599;False;False
82.0;98.0;2000.0;235189.0048;441516.9691;Nederland;n.a.;n.a.;Aalten;Gelderland;land;51.956292896126705;6.5538107501513805;BU01970109;GM0197;BU01970109;GM0197;BU01970109;GM0197;False;False
115.0;120.0;4250.0;193181.130372;441546.493813;Nederland;n.a.;n.a.;Arnhem;Gelderland;land;51.961033936420066;5.942716442166282;BU02020322;GM0202;BU02020322;GM0202;BU02020322;GM0202;False;False
90.0;80.0;3800.0;70069.0371704;441593.997192;Nederland;n.a.;n.a.;Rotterdam;Zuid-Holland;land;51.9562839063394;4.151603519550739;BU05992307;GM0599;BU05992307;GM0599;BU05992307;GM0599;False;False
115.0;120.0;4250.0;193472.808548;441794.923551;Nederland;n.a.;n.a.;Arnhem;Gelderland;land;51.963246657762355;5.946987857144563;BU02020322;GM0202;BU02020322;GM0202;BU02020322;GM0202;False;False
162.0;103.0;6000.0;57064.0051326;441807.533405;Nederland;n.a.;n.a.;Rotterdam;Zuid-Holland;land;51.95606308429225;3.9623939637967838;BU05999998;GM0599;BU05999998;GM0599;BU05999998;GM0599;False;False
90.0;80.0;3800.0;69773.0447998;441837.993591;Nederland;n.a.;n.a.;Rotterdam;Zuid-Holland;land;51.9584312642128;4.147237732977281;BU05992307;GM0599;BU05992307;GM0599;BU05992307;GM0599;False;False
82.0;98.0;2000.0;234751.004;441882.9682;Nederland;n.a.;n.a.;Aalten;Gelderland;land;51.95964506953641;6.547524909468843;BU01970109;GM0197;BU01970109;GM0197;BU01970109;GM0197;False;False
82.0;98.0;2000.0;235423.004;441919.9696;Nederland;n.a.;n.a.;Aalten;Gelderland;land;51.95988070966112;6.557308776333495;BU01970109;GM0197;BU01970109;GM0197;BU01970109;GM0197;False;False
13.0;15.0;15.0;196151.7095;441932.2165;Nederland;n.a.;EAZ wind;Duiven;Gelderland;land;51.96428857751419;5.985980762748879;BU02260101;GM0226;BU02260101;GM0226;BU02260101;GM0226;False;False
13.0;15.0;15.0;196127.3715;441945.3495;Nederland;n.a.;EAZ wind;Duiven;Gelderland;land;51.964408417164236;5.985628225598402;BU02260101;GM0226;BU02260101;GM0226;BU02260101;GM0226;False;False
13.0;15.0;15.0;113832.113236;442025.977584;Nederland;n.a.;EAZ wind;Krimpenerwaard;Zuid-Holland;land;51.965131759795156;4.788178218741225;BU19311007;GM1931;BU19311007;GM1931;BU19311007;GM1931;False;False
90.0;80.0;3800.0;69478.0211182;442088.027771;Nederland;n.a.;n.a.;Rotterdam;Zuid-Holland;land;51.960632865659974;4.142884116016813;BU05992307;GM0599;BU05992307;GM0599;BU05992307;GM0599;False;False
115.0;120.0;4250.0;193700.6997;442101.035291;Nederland;n.a.;n.a.;Arnhem;Gelderland;land;51.96598210736487;5.950338089116772;BU02020322;GM0202;BU02020322;GM0202;BU02020322;GM0202;False;False
131.0;100.0;3000.0;135841.20813;442109.861023;Nederland;n.a.;n.a.;Vijfheerenlanden;Utrecht;land;51.96708038785235;5.1084171912035705;BU19612302;GM1961;BU19612302;GM1961;BU19612302;GM1961;False;False
82.0;98.0;2000.0;235056.0033;442237.9688;Nederland;n.a.;n.a.;Aalten;Gelderland;land;51.96279148053775;6.552044380594167;BU01970109;GM0197;BU01970109;GM0197;BU01970109;GM0197;False;False
162.0;103.0;6000.0;57034.0015117;442261.366352;Nederland;n.a.;n.a.;Rotterdam;Zuid-Holland;land;51.96013591502965;3.9618280877002605;BU05999998;GM0599;BU05999998;GM0599;BU05999998;GM0599;False;False
82.0;98.0;2000.0;234120.003;442283.9668;Nederland;n.a.;n.a.;Aalten;Gelderland;land;51.963338963417435;6.538438513192647;BU01970109;GM0197;BU01970109;GM0197;BU01970109;GM0197;False;False
90.0;80.0;3800.0;69180.9844971;442334.942017;Nederland;n.a.;n.a.;Rotterdam;Zuid-Holland;land;51.9628059551845;4.138501570582017;BU05992307;GM0599;BU05992307;GM0599;BU05992307;GM0599;False;False
131.0;100.0;3000.0;135777.792114;442425.43103;Nederland;n.a.;n.a.;Vijfheerenlanden;Utrecht;land;51.969914573755304;5.107476744748677;BU19612302;GM1961;BU19612302;GM1961;BU19612302;GM1961;False;False
220.0;135.0;12000.0;60476.366709;442441.108373;Nederland;n.a.;n.a.;Rotterdam;Zuid-Holland;land;51.96234734081588;4.011849895674049;BU05992308;GM0599;BU05992308;GM0599;BU05992308;GM0599;False;False
82.0;98.0;2000.0;233669.0024;442506.9659;Nederland;n.a.;n.a.;Aalten;Gelderland;land;51.96540705616356;6.5319286133979695;BU01970109;GM0197;BU01970109;GM0197;BU01970109;GM0197;False;False
115.0;120.0;4250.0;193839.274322;442540.552699;Nederland;n.a.;n.a.;Arnhem;Gelderland;land;51.96992274263477;5.952404169636452;BU02020322;GM0202;BU02020322;GM0202;BU02020322;GM0202;False;False
82.0;98.0;2000.0;234383.3836;442639.2007;Nederland;n.a.;n.a.;Aalten;Gelderland;land;51.96649376941922;6.54235228011253;BU01970109;GM0197;BU01970109;GM0197;BU01970109;GM0197;False;False
131.0;100.0;3000.0;135551.842102;442657.773987;Nederland;n.a.;n.a.;Vijfheerenlanden;Utrecht;land;51.971995034038855;5.1041755403777715;BU19612302;GM1961;BU19612302;GM1961;BU19612302;GM1961;False;False
162.0;103.0;6000.0;57096.9730766;442709.168744;Nederland;n.a.;n.a.;Rotterdam;Zuid-Holland;land;51.96417093995264;3.9626163088979682;BU05999998;GM0599;BU05999998;GM0599;BU05999998;GM0599;False;False
82.0;98.0;2000.0;233994.002;442745.9665;Nederland;n.a.;n.a.;Aalten;Gelderland;land;51.96750876134421;6.5367118597099045;BU01970109;GM0197;BU01970109;GM0197;BU01970109;GM0197;False;False
90.0;105.0;2000.0;198445.13;442810.664;Nederland;n.a.;n.a.;Duiven;Gelderland;land;51.97200916429794;6.019460554640266;BU02260201;GM0226;BU02260201;GM0226;BU02260201;GM0226;False;False
138.0;130.0;4200.0;197579.313453;442823.695128;Nederland;n.a.;E-138 EP3 E2;Duiven;Gelderland;land;51.97219335648918;6.006862642071516;BU02260101;GM0226;BU02260101;GM0226;BU02260101;GM0226;False;False
13.0;15.0;15.0;113755.355987;442869.783317;Nederland;n.a.;EAZ wind;Krimpenerwaard;Zuid-Holland;land;51.97271001511152;4.786959984369827;BU19311001;GM1931;BU19311001;GM1931;BU19311001;GM1931;False;False
138.0;130.0;4200.0;197213.261114;442993.423072;Nederland;n.a.;E-138 EP3 E2;Duiven;Gelderland;land;51.973746782760074;6.001556643464333;BU02260101;GM0226;BU02260101;GM0226;BU02260101;GM0226;False;False
71.0;85.0;2300.0;74686.2288708;443065.78394;Nederland;n.a.;n.a.;Westland;Zuid-Holland;land;51.970196844499334;4.2184175849370735;BU17830702;GM1783;BU17830702;GM1783;BU17830702;GM1783;False;False
90.0;105.0;2000.0;198666.471;443103.472;Nederland;n.a.;n.a.;Duiven;Gelderland;land;51.97462348175781;6.022718832027363;BU02260201;GM0226;BU02260201;GM0226;BU02260201;GM0226;False;False
162.0;103.0;6000.0;57252.6848358;443139.87493;Nederland;n.a.;n.a.;Rotterdam;Zuid-Holland;land;51.96806865880531;3.9647587229205246;BU05999998;GM0599;BU05999998;GM0599;BU05999998;GM0599;False;False
90.0;105.0;2000.0;198269.222;443171.739;Nederland;n.a.;n.a.;Duiven;Gelderland;land;51.97526814957602;6.016946273537377;BU02260201;GM0226;BU02260201;GM0226;BU02260201;GM0226;False;False
117.0;117.0;3000.0;205541.437688;443286.580015;Nederland;n.a.;n.a.;Zevenaar;Gelderland;land;51.97568591160402;6.122795821649673;BU02990201;GM0299;BU02990201;GM0299;BU02990201;GM0299;False;False
90.0;105.0;2000.0;198524.4;443424.511;Nederland;n.a.;n.a.;Duiven;Gelderland;land;51.97752005063144;6.020692025510605;BU02260201;GM0226;BU02260201;GM0226;BU02260201;GM0226;False;False
162.0;103.0;6000.0;57485.2654786;443524.70209;Nederland;n.a.;n.a.;Rotterdam;Zuid-Holland;land;51.97156757139137;3.968032933256985;BU05999998;GM0599;BU05999998;GM0599;BU05999998;GM0599;False;False
16.0;25.0;25.0;236090.811325;443528.513114;Nederland;n.a.;n.a.;Oost Gelre;Gelderland;land;51.974239037124946;6.567403219350464;BU15860116;GM1586;BU15860116;GM1586;BU15860116;GM1586;False;False
117.0;117.0;3000.0;205878.047903;443573.993353;Nederland;n.a.;n.a.;Zevenaar;Gelderland;land;51.97823831497588;6.127737193241664;BU02990201;GM0299;BU02990201;GM0299;BU02990201;GM0299;False;False
117.0;117.0;3000.0;206303.557739;443741.435358;Nederland;n.a.;n.a.;Zevenaar;Gelderland;land;51.9797040503554;6.13395508186894;BU02990201;GM0299;BU02990201;GM0299;BU02990201;GM0299;False;False
117.0;117.0;3000.0;206734.246194;443849.323247;Nederland;n.a.;n.a.;Zevenaar;Gelderland;land;51.98063372738833;6.140239762471973;BU02990201;GM0299;BU02990201;GM0299;BU02990201;GM0299;False;False
162.0;103.0;6000.0;57742.7030507;443903.490277;Nederland;n.a.;n.a.;Rotterdam;Zuid-Holland;land;51.97501647988968;3.971671039603187;BU05999998;GM0599;BU05999998;GM0599;BU05999998;GM0599;False;False
90.0;80.0;3000.0;64431.3073;443998.8655;Nederland;n.a.;n.a.;Rotterdam;Zuid-Holland;land;51.97700449427622;4.068969652307153;BU05992308;GM0599;BU05992308;GM0599;BU05992308;GM0599;False;False
90.0;80.0;3000.0;64163.0857;444128.3137;Nederland;n.a.;n.a.;Rotterdam;Zuid-Holland;land;51.97812394239821;4.065032376824282;BU05992308;GM0599;BU05992308;GM0599;BU05992308;GM0599;False;False
162.0;103.0;6000.0;58008.9266289;444236.358998;Nederland;n.a.;n.a.;Rotterdam;Zuid-Holland;land;51.978054179724815;3.9754505372634377;BU05992308;GM0599;BU05992308;GM0599;BU05992308;GM0599;False;False
90.0;80.0;3000.0;63898.7909;444257.2923;Nederland;n.a.;n.a.;Rotterdam;Zuid-Holland;land;51.979239682110496;4.061152173591161;BU05992308;GM0599;BU05992308;GM0599;BU05992308;GM0599;False;False
80.0;80.0;2000.0;125958.503;444264.206;Nederland;n.a.;n.a.;Lopik;Utrecht;land;51.986015013827576;4.964431562916805;BU03310009;GM0331;BU03310009;GM0331;BU03310009;GM0331;False;False
90.0;80.0;3000.0;63623.5499;444365.3913;Nederland;n.a.;n.a.;Rotterdam;Zuid-Holland;land;51.980165863524746;4.057118048175636;BU05992308;GM0599;BU05992308;GM0599;BU05992308;GM0599;False;False
90.0;80.0;3000.0;63344.7447;444461.9645;Nederland;n.a.;n.a.;Rotterdam;Zuid-Holland;land;51.9809877445361;4.053034969410772;BU05992308;GM0599;BU05992308;GM0599;BU05992308;GM0599;False;False
90.0;80.0;3000.0;63051.9566;444542.0895;Nederland;n.a.;n.a.;Rotterdam;Zuid-Holland;land;51.98165936158916;4.048752661715454;BU05992308;GM0599;BU05992308;GM0599;BU05992308;GM0599;False;False
162.0;103.0;6000.0;58392.0546592;444583.579823;Nederland;n.a.;n.a.;Rotterdam;Zuid-Holland;land;51.98124107601715;3.9809277308098396;BU05992308;GM0599;BU05992308;GM0599;BU05992308;GM0599;False;False
80.0;80.0;2000.0;125828.6513;444609.5507;Nederland;n.a.;n.a.;Lopik;Utrecht;land;51.98911215438921;4.962511915870307;BU03310009;GM0331;BU03310009;GM0331;BU03310009;GM0331;False;False
90.0;80.0;3000.0;62769.9196;444641.5702;Nederland;n.a.;n.a.;Rotterdam;Zuid-Holland;land;51.98250654157301;4.044621481537075;BU05992308;GM0599;BU05992308;GM0599;BU05992308;GM0599;False;False
90.0;80.0;3000.0;62490.9756;444753.9914;Nederland;n.a.;n.a.;Rotterdam;Zuid-Holland;land;51.98347037646445;4.040531668428156;BU05992308;GM0599;BU05992308;GM0599;BU05992308;GM0599;False;False
117.0;74.0;4300.0;61229.6808269;444890.990289;Nederland;n.a.;n.a.;Rotterdam;Zuid-Holland;land;51.98448990354704;4.022138241067996;BU05992308;GM0599;BU05992308;GM0599;BU05992308;GM0599;False;False
80.0;80.0;2000.0;125694.5249;444966.7859;Nederland;n.a.;n.a.;Lopik;Utrecht;land;51.99231590764988;4.960528750735833;BU03310009;GM0331;BU03310009;GM0331;BU03310009;GM0331;False;False
117.0;74.0;4300.0;58989.8027289;444972.386277;Nederland;n.a.;n.a.;Rotterdam;Zuid-Holland;land;51.984838558279556;3.9895175072546825;BU05992308;GM0599;BU05992308;GM0599;BU05992308;GM0599;False;False
117.0;74.0;4300.0;60950.9044008;444983.508182;Nederland;n.a.;n.a.;Rotterdam;Zuid-Holland;land;51.98527412973156;4.018055670153679;BU05992308;GM0599;BU05992308;GM0599;BU05992308;GM0599;False;False
117.0;74.0;4300.0;59265.2762272;445070.986704;Nederland;n.a.;n.a.;Rotterdam;Zuid-Holland;land;51.9857721458268;3.993499092658229;BU05992308;GM0599;BU05992308;GM0599;BU05992308;GM0599;False;False
117.0;74.0;4300.0;60673.7798951;445089.85407;Nederland;n.a.;n.a.;Rotterdam;Zuid-Holland;land;51.98618275367139;4.013993194799385;BU05992308;GM0599;BU05992308;GM0599;BU05992308;GM0599;False;False
117.0;74.0;4300.0;59543.2480111;445155.688107;Nederland;n.a.;n.a.;Rotterdam;Zuid-Holland;land;51.986581131892024;3.997521075810122;BU05992308;GM0599;BU05992308;GM0599;BU05992308;GM0599;False;False
13.0;15.0;15.0;214160.350553;445177.872312;Nederland;n.a.;EAZ wind;Bronckhorst;Gelderland;land;51.991832136829665;6.2485515642545755;BU18760408;GM1876;BU18760408;GM1876;BU18760408;GM1876;False;False
117.0;74.0;4300.0;60403.584388;445194.704144;Nederland;n.a.;n.a.;Rotterdam;Zuid-Holland;land;51.987078974927094;4.01003181599626;BU05992308;GM0599;BU05992308;GM0599;BU05992308;GM0599;False;False
117.0;74.0;4300.0;59826.6080267;445231.999926;Nederland;n.a.;n.a.;Rotterdam;Zuid-Holland;land;51.987315515292835;4.001623956612183;BU05992308;GM0599;BU05992308;GM0599;BU05992308;GM0599;False;False
117.0;74.0;4300.0;60115.7966167;445250.037361;Nederland;n.a.;n.a.;Rotterdam;Zuid-Holland;land;51.98752709663512;4.00582793641981;BU05992308;GM0599;BU05992308;GM0599;BU05992308;GM0599;False;False
13.0;15.0;15.0;113910.824419;446007.908134;Nederland;n.a.;EAZ wind;Krimpenerwaard;Zuid-Holland;land;52.00092627527189;4.7888463419931195;BU19310801;GM1931;BU19310801;GM1931;BU19310801;GM1931;False;False
13.0;15.0;15.0;113934.864707;446030.148047;Nederland;n.a.;EAZ wind;Krimpenerwaard;Zuid-Holland;land;52.00112794100244;4.7891937422418165;BU19310801;GM1931;BU19310801;GM1931;BU19310801;GM1931;False;False
13.0;15.0;15.0;118521.890256;446330.775983;Nederland;n.a.;EAZ wind;Oudewater;Utrecht;land;52.0041503368059;4.855957171196078;BU05890211;GM0589;BU05890211;GM0589;BU05890211;GM0589;False;False
13.0;15.0;15.0;240356.76;446345.77;Nederland;n.a.;EAZ wind;Oost Gelre;Gelderland;land;51.998916825332444;6.630178116623159;BU15860502;GM1586;BU15860502;GM1586;BU15860502;GM1586;False;False
13.0;15.0;15.0;240386.18;446353.39;Nederland;n.a.;EAZ wind;Oost Gelre;Gelderland;land;51.99898077563329;6.630608337328343;BU15860502;GM1586;BU15860502;GM1586;BU15860502;GM1586;False;False
13.0;15.0;15.0;110139.381079;446490.859527;Nederland;n.a.;EAZ wind;Krimpenerwaard;Zuid-Holland;land;52.00497488703413;4.733865135837595;BU19310802;GM1931;BU19310802;GM1931;BU19310802;GM1931;False;False
105.0;90.0;2000.0;136437.865972;446987.828379;Nederland;n.a.;n.a.;Nieuwegein;Utrecht;land;52.01094420554193;5.116835214186501;BU03561800;GM0356;BU03561800;GM0356;BU03561800;GM0356;False;False
105.0;90.0;2000.0;136576.17531;447280.922245;Nederland;n.a.;n.a.;Nieuwegein;Utrecht;land;52.01358315577354;5.118833979079639;BU03561800;GM0356;BU03561800;GM0356;BU03561800;GM0356;False;False
90.0;105.0;2000.0;138809.93192;447326.105968;Nederland;n.a.;n.a.;Houten;Utrecht;land;52.01405891868693;5.151369379308271;BU03212059;GM0321;BU03212059;GM0321;BU03212059;GM0321;False;False
44.0;47.0;600.0;106822.4792;447559.6791;Nederland;n.a.;n.a.;Gouda;Zuid-Holland;land;52.014302977349715;4.685411650938121;BU05130202;GM0513;BU05130202;GM0513;BU05130202;GM0513;False;False
105.0;90.0;2000.0;136795.903833;447716.589476;Nederland;n.a.;n.a.;Nieuwegein;Utrecht;land;52.01750620514301;5.122011443092708;BU03561800;GM0356;BU03561800;GM0356;BU03561800;GM0356;False;False
90.0;105.0;2000.0;138173.722732;447892.875649;Nederland;n.a.;n.a.;Houten;Utrecht;land;52.019134156862854;5.142074231284753;BU03212059;GM0321;BU03212059;GM0321;BU03212059;GM0321;False;False
105.0;90.0;2000.0;136970.0864;448020.7463;Nederland;n.a.;n.a.;Nieuwegein;Utrecht;land;52.02024566667947;5.124532838938321;BU03561800;GM0356;BU03561800;GM0356;BU03561800;GM0356;False;False
90.0;75.0;3000.0;102722.8681;448156.3892;Nederland;n.a.;n.a.;Waddinxveen;Zuid-Holland;land;52.01929477373833;4.6256072319550645;BU06270205;GM0627;BU06270205;GM0627;BU06270205;GM0627;False;False
90.0;75.0;3000.0;103063.9232;448159.3055;Nederland;n.a.;n.a.;Waddinxveen;Zuid-Holland;land;52.01935301883384;4.630575011622797;BU06270205;GM0627;BU06270205;GM0627;BU06270205;GM0627;False;False
90.0;75.0;3000.0;103404.9039;448163.9261;Nederland;n.a.;n.a.;Waddinxveen;Zuid-Holland;land;52.01942636475756;4.635541464533491;BU06270205;GM0627;BU06270205;GM0627;BU06270205;GM0627;False;False
90.0;75.0;3000.0;103741.9753;448174.7744;Nederland;n.a.;n.a.;Waddinxveen;Zuid-Holland;land;52.01955511142983;4.640450054083916;BU06270205;GM0627;BU06270205;GM0627;BU06270205;GM0627;False;False
105.0;90.0;2000.0;137146.495733;448323.781422;Nederland;n.a.;n.a.;Nieuwegein;Utrecht;land;52.02297506304227;5.127087042940821;BU03561800;GM0356;BU03561800;GM0356;BU03561800;GM0356;False;False
90.0;105.0;2000.0;137577.16063;448498.214905;Nederland;n.a.;n.a.;Houten;Utrecht;land;52.02455656810928;5.133352661999688;BU03212064;GM0321;BU03212064;GM0321;BU03212064;GM0321;False;False
13.0;15.0;15.0;212701.424316;449032.714783;Nederland;n.a.;EAZ wind;Bronckhorst;Gelderland;land;52.0266305681334;6.227962268666471;BU18760407;GM1876;BU18760407;GM1876;BU18760407;GM1876;False;False
101.0;99.5;3200.0;170423.7805;449150.242;Nederland;n.a.;n.a.;Ede;Gelderland;land;52.030475559812345;5.611956801650273;BU02281304;GM0228;BU02281304;GM0228;BU02281304;GM0228;False;False
13.0;15.0;15.0;219238.540737;449482.315847;Nederland;n.a.;EAZ wind;Bronckhorst;Gelderland;land;52.029952295452645;6.323286577688034;BU18760005;GM1876;BU18760005;GM1876;BU18760005;GM1876;False;False
13.0;15.0;15.0;219208.034078;449497.426622;Nederland;n.a.;EAZ wind;Bronckhorst;Gelderland;land;52.03009163247218;6.322844929892689;BU18760005;GM1876;BU18760005;GM1876;BU18760005;GM1876;False;False
101.0;99.5;3200.0;170529.7597;449506.0013;Nederland;n.a.;n.a.;Ede;Gelderland;land;52.03367018120209;5.613517276618163;BU02281304;GM0228;BU02281304;GM0228;BU02281304;GM0228;False;False
13.0;15.0;15.0;117386.15;449550.11;Nederland;n.a.;EAZ wind;Oudewater;Utrecht;land;52.03300923048947;4.839063867839954;BU05890213;GM0589;BU05890213;GM0589;BU05890213;GM0589;False;False
13.0;15.0;15.0;117425.88;449565.24;Nederland;n.a.;EAZ wind;Oudewater;Utrecht;land;52.0331479087516;4.839641157924833;BU05890213;GM0589;BU05890213;GM0589;BU05890213;GM0589;False;False
90.0;80.0;3000.0;94563.5157;449913.0139;Nederland;n.a.;n.a.;Zoetermeer;Zuid-Holland;land;52.0342530903987;4.506440473598127;BU06370801;GM0637;BU06370801;GM0637;BU06371307;GM0637;True;False
13.0;15.0;15.0;210689.022095;449966.663879;Nederland;n.a.;EAZ wind;Bronckhorst;Gelderland;land;52.0352301163171;6.1987948242284965;BU18760405;GM1876;BU18760405;GM1876;BU18760405;GM1876;False;False
90.0;80.0;3000.0;94812.5489;450209.2623;Nederland;n.a.;n.a.;Zoetermeer;Zuid-Holland;land;52.036942634891425;4.510017175350808;BU06370801;GM0637;BU06370801;GM0637;BU06371307;GM0637;True;False
13.0;15.0;15.0;125963.051032;450291.696863;Nederland;n.a.;EAZ wind;Montfoort;Utrecht;land;52.040189932240246;4.963986647910695;BU03350103;GM0335;BU03350103;GM0335;BU03350103;GM0335;False;False
90.0;80.0;3000.0;95021.6772;450535.8927;Nederland;n.a.;n.a.;Zoetermeer;Zuid-Holland;land;52.039900805435465;4.513007423057882;BU06370801;GM0637;BU06370801;GM0637;BU06371307;GM0637;True;False
13.0;38.0;15.0;211073.215321;451238.648595;Nederland;n.a.;n.a.;Bronckhorst;Gelderland;land;52.046623154438414;6.204602085345164;BU18760309;GM1876;BU18760309;GM1876;BU18760309;GM1876;False;False
11.0;25.0;25.0;236049.492504;451811.174147;Nederland;n.a.;n.a.;Berkelland;Gelderland;land;52.048677900005934;6.568763240005363;BU18590207;GM1859;BU18590207;GM1859;BU18590207;GM1859;False;False
20.0;25.0;25.0;237574.341524;451984.066667;Nederland;n.a.;n.a.;Berkelland;Gelderland;land;52.050006450161696;6.591030017368059;BU18590206;GM1859;BU18590206;GM1859;BU18590206;GM1859;False;False
13.0;15.0;15.0;116325.616174;452122.171761;Nederland;n.a.;EAZ wind;Bodegraven-Reeuwijk;Zuid-Holland;land;52.05605329602685;4.823318630652874;BU19010701;GM1901;BU19010701;GM1901;BU19010701;GM1901;False;False
13.0;15.0;15.0;209163.023804;452352.592773;Nederland;n.a.;EAZ wind;Bronckhorst;Gelderland;land;52.056824622233236;6.176935779137528;BU18760310;GM1876;BU18760310;GM1876;BU18760310;GM1876;False;False
13.0;15.0;15.0;209109.278809;452364.15979;Nederland;n.a.;EAZ wind;Bronckhorst;Gelderland;land;52.05693383200895;6.1761540456735196;BU18760310;GM1876;BU18760310;GM1876;BU18760310;GM1876;False;False
13.0;15.0;15.0;116889.838493;452549.396722;Nederland;n.a.;EAZ wind;Bodegraven-Reeuwijk;Zuid-Holland;land;52.05993216364523;4.831497131954522;BU19010703;GM1901;BU19010703;GM1901;BU19010703;GM1901;False;False
13.0;15.0;15.0;238724.063662;452974.46083;Nederland;n.a.;EAZ wind;Oost Gelre;Gelderland;land;52.058734008492145;6.608030650979837;BU15860615;GM1586;BU15860615;GM1586;BU15860615;GM1586;False;False
13.0;15.0;15.0;169519.916016;454008.972595;Nederland;n.a.;EAZ wind;Ede;Gelderland;land;52.07417039120405;5.5989925536240275;BU02284032;GM0228;BU02284032;GM0228;BU02284032;GM0228;False;False
112.0;97.0;3300.0;86387.097;454115.9095;Nederland;n.a.;n.a.;'s-Gravenhage;Zuid-Holland;land;52.07107290878917;4.386454883384008;BU05184316;GM0518;BU05184316;GM0518;BU05184316;GM0518;False;False
13.0;15.0;15.0;165061.894163;455229.727285;Nederland;n.a.;EAZ wind;Renswoude;Utrecht;land;52.085241595509004;5.53400357851811;BU03390009;GM0339;BU03390009;GM0339;BU03390009;GM0339;False;False
13.0;15.0;15.0;212734.976624;456471.614685;Nederland;n.a.;n.a.;Bronckhorst;Gelderland;land;52.093482541921944;6.229709102681052;BU18760203;GM1876;BU18760203;GM1876;BU18760203;GM1876;False;False
13.0;15.0;15.0;116423.037764;457744.71743;Nederland;n.a.;EAZ wind;Bodegraven-Reeuwijk;Zuid-Holland;land;52.10659375317896;4.824103288232045;BU19010101;GM1901;BU19010101;GM1901;BU19010101;GM1901;False;False
13.0;15.0;15.0;239752.223703;458140.822984;Nederland;n.a.;EAZ wind;Berkelland;Gelderland;land;52.10500432246234;6.624303370228044;BU18590108;GM1859;BU18590108;GM1859;BU18590108;GM1859;False;False
13.0;15.0;15.0;239742.317711;458169.820527;Nederland;n.a.;EAZ wind;Berkelland;Gelderland;land;52.10526642029918;6.624166021686584;BU18590108;GM1859;BU18590108;GM1859;BU18590108;GM1859;False;False
13.0;15.0;15.0;113136.476432;458539.714758;Nederland;n.a.;EAZ wind;Bodegraven-Reeuwijk;Zuid-Holland;land;52.11349998463641;4.776034839092743;BU19010101;GM1901;BU19010101;GM1901;BU19010101;GM1901;False;False
90.0;80.0;3000.0;102712.7634;459619.0788;Nederland;n.a.;n.a.;Alphen aan den Rijn;Zuid-Holland;land;52.12231365428795;4.623704221695405;BU04849404;GM0484;BU04849404;GM0484;BU04849404;GM0484;False;False
90.0;80.0;3000.0;101610.5079;459858.7938;Nederland;n.a.;n.a.;Alphen aan den Rijn;Zuid-Holland;land;52.12436274346601;4.6075728833084115;BU04849404;GM0484;BU04849404;GM0484;BU04849404;GM0484;False;False
90.0;80.0;3000.0;102406.9051;459884.7215;Nederland;n.a.;n.a.;Alphen aan den Rijn;Zuid-Holland;land;52.12467207090915;4.619197416560824;BU04849404;GM0484;BU04849404;GM0484;BU04849404;GM0484;False;False
90.0;80.0;3000.0;102006.8544;459899.539;Nederland;n.a.;n.a.;Alphen aan den Rijn;Zuid-Holland;land;52.124767052500225;4.6133537607964605;BU04849404;GM0484;BU04849404;GM0484;BU04849404;GM0484;False;False
82.0;69.0;3000.0;93271.6213321;460114.659829;Nederland;n.a.;n.a.;Zoeterwoude;Zuid-Holland;land;52.125794367153205;4.485769702095365;BU06380101;GM0638;BU06380101;GM0638;BU06380101;GM0638;False;False
82.0;69.0;3000.0;93420.6576775;460245.352831;Nederland;n.a.;n.a.;Zoeterwoude;Zuid-Holland;land;52.126985529952;4.487922213206857;BU06380101;GM0638;BU06380101;GM0638;BU06380101;GM0638;False;False
13.0;15.0;15.0;173837.056885;460396.20343;Nederland;n.a.;EAZ wind;Ede;Gelderland;land;52.13144820096951;5.662315649281398;BU02284034;GM0228;BU02284034;GM0228;BU02284034;GM0228;False;False
82.0;85.0;3000.0;97307.9770348;460572.798901;Nederland;n.a.;n.a.;Zoeterwoude;Zuid-Holland;land;52.13034755462364;4.544629561767913;BU06381011;GM0638;BU06381011;GM0638;BU06381011;GM0638;False;False
82.0;85.0;3000.0;96991.4105658;460747.919326;Nederland;n.a.;n.a.;Zoeterwoude;Zuid-Holland;land;52.131888271423975;4.5399768386996024;BU06381011;GM0638;BU06381011;GM0638;BU06381011;GM0638;False;False
82.0;85.0;3000.0;96677.3554;460925.7462;Nederland;n.a.;n.a.;Zoeterwoude;Zuid-Holland;land;52.13345339215904;4.53536000536434;BU06381011;GM0638;BU06381011;GM0638;BU06381011;GM0638;False;False
82.0;85.0;3000.0;96358.0314;461098.4767;Nederland;n.a.;n.a.;Zoeterwoude;Zuid-Holland;land;52.13497197010945;4.530666778541819;BU06381011;GM0638;BU06381011;GM0638;BU06381011;GM0638;False;False
15.0;20.0;10.0;111682.03;462101.3;Nederland;n.a.;n.a.;Nieuwkoop;Zuid-Holland;land;52.14539784282688;4.754349174694243;BU05690008;GM0569;BU05690104;GM0569;BU05690104;GM0569;True;False
13.0;15.0;15.0;121889.43;462512.86;Nederland;n.a.;EAZ wind;Woerden;Utrecht;land;52.149802490939976;4.903428340178007;BU06320703;GM0632;BU06320703;GM0632;BU06320703;GM0632;False;False
13.0;15.0;15.0;174413.714905;463095.289185;Nederland;n.a.;EAZ wind;Barneveld;Gelderland;land;52.15568723248483;5.670891756634539;BU02035650;GM0203;BU02035650;GM0203;BU02035650;GM0203;False;False
15.0;14.0;25.0;175513.24;463236.92;Nederland;n.a.;n.a.;Barneveld;Gelderland;land;52.15692042881907;5.68696721977496;BU02035650;GM0203;BU02035650;GM0203;BU02035650;GM0203;False;False
10.0;30.0;80.0;167309.02063;463459.486877;Nederland;n.a.;n.a.;Barneveld;Gelderland;land;52.15916473649798;5.567086296703085;BU02035400;GM0203;BU02035400;GM0203;BU02035400;GM0203;False;False
13.0;15.0;15.0;242565.211203;463511.231873;Nederland;n.a.;EAZ wind;Berkelland;Gelderland;land;52.1528255023591;6.666736179689338;BU18590307;GM1859;BU18590307;GM1859;BU18590307;GM1859;False;False
13.0;15.0;15.0;134848.05;463570.83;Nederland;n.a.;EAZ wind;Stichtse Vecht;Utrecht;land;52.15993568240341;5.092699541600926;BU19040703;GM1904;BU19040703;GM1904;BU19040703;GM1904;False;False
13.0;15.0;15.0;98854.101635;463665.70229;Nederland;n.a.;EAZ wind;Kaag en Braassem;Zuid-Holland;land;52.1583032355816;4.566697321935473;BU18840209;GM1884;BU18840209;GM1884;BU18840209;GM1884;False;False
71.0;85.0;2000.0;210002.8239;463706.0248;Nederland;n.a.;n.a.;Zutphen;Gelderland;land;52.15877835215125;6.1910131327362965;BU03010002;GM0301;BU03010002;GM0301;BU03010002;GM0301;False;False
13.0;15.0;15.0;101445.788779;463780.731492;Nederland;n.a.;EAZ wind;Kaag en Braassem;Zuid-Holland;land;52.15959431949304;4.60455018697441;BU18840209;GM1884;BU18840209;GM1884;BU18840209;GM1884;False;False
71.0;85.0;2000.0;210043.0521;464026.9499;Nederland;n.a.;n.a.;Zutphen;Gelderland;land;52.161658562289844;6.191652980762077;BU03010002;GM0301;BU03010002;GM0301;BU03010002;GM0301;False;False
13.0;15.0;15.0;113040.601972;464221.711318;Nederland;n.a.;EAZ wind;Nieuwkoop;Zuid-Holland;land;52.164559860210446;4.773934377131955;BU05690002;GM0569;BU05690105;GM0569;BU05690105;GM0569;True;False
13.0;15.0;15.0;113020.597019;464265.952313;Nederland;n.a.;EAZ wind;Nieuwkoop;Zuid-Holland;land;52.164955956145896;4.773636537689777;BU05690002;GM0569;BU05690105;GM0569;BU05690105;GM0569;True;False
13.0;15.0;15.0;103605.507676;464280.63474;Nederland;n.a.;EAZ wind;Kaag en Braassem;Zuid-Holland;land;52.16429221917016;4.636034536774217;BU18840208;GM1884;BU18840208;GM1884;BU18840208;GM1884;False;False
71.0;85.0;2000.0;210084.955;464345.5537;Nederland;n.a.;n.a.;Zutphen;Gelderland;land;52.16451773833824;6.192317010693059;BU03010002;GM0301;BU03010002;GM0301;BU03010002;GM0301;False;False
13.0;15.0;15.0;101493.575433;464584.939565;Nederland;n.a.;EAZ wind;Kaag en Braassem;Zuid-Holland;land;52.166826556869594;4.605121828651414;BU18840201;GM1884;BU18840201;GM1884;BU18840201;GM1884;False;False
13.0;15.0;15.0;208631.19;464983.24;Nederland;n.a.;EAZ wind;Voorst;Gelderland;land;52.17039188076057;6.171171661525272;BU02850007;GM0285;BU02850007;GM0285;BU02851202;GM0285;True;False
13.0;15.0;15.0;103790.542375;465539.9135;Nederland;n.a.;EAZ wind;Kaag en Braassem;Zuid-Holland;land;52.175626896237674;4.638548853395968;BU18840200;GM1884;BU18840200;GM1884;BU18840200;GM1884;False;False
13.0;15.0;15.0;101141.843655;465623.250639;Nederland;n.a.;EAZ wind;Kaag en Braassem;Zuid-Holland;land;52.17612389642668;4.599816495870653;BU18840102;GM1884;BU18840102;GM1884;BU18840102;GM1884;False;False
13.0;15.0;15.0;98983.5293125;465773.91699;Nederland;n.a.;EAZ wind;Kaag en Braassem;Zuid-Holland;land;52.1772632413961;4.568240872234124;BU18840109;GM1884;BU18840109;GM1884;BU18840109;GM1884;False;False
13.0;15.0;15.0;202801.72;466021.72;Nederland;n.a.;EAZ wind;Voorst;Gelderland;land;52.18026059257845;6.086110560973087;BU02850208;GM0285;BU02850208;GM0285;BU02851002;GM0285;True;False
13.0;15.0;15.0;98327.1706731;466117.206614;Nederland;n.a.;EAZ wind;Kaag en Braassem;Zuid-Holland;land;52.180281456758834;4.5585885287070225;BU18840109;GM1884;BU18840109;GM1884;BU18840109;GM1884;False;False
13.0;15.0;15.0;103100.669375;466140.471499;Nederland;n.a.;EAZ wind;Kaag en Braassem;Zuid-Holland;land;52.18095985888666;4.628372306000576;BU18840000;GM1884;BU18840000;GM1884;BU18840000;GM1884;False;False
13.0;15.0;15.0;112325.751081;466192.320151;Nederland;n.a.;EAZ wind;Nieuwkoop;Zuid-Holland;land;52.18221588468374;4.763239213324205;BU05690108;GM0569;BU05690923;GM0569;BU05690923;GM0569;True;False
13.0;15.0;15.0;103717.363568;466200.363885;Nederland;n.a.;EAZ wind;Kaag en Braassem;Zuid-Holland;land;52.181555749076125;4.637379332200767;BU18840207;GM1884;BU18840207;GM1884;BU18840207;GM1884;False;False
13.0;15.0;15.0;244284.559238;466590.705105;Nederland;n.a.;EAZ wind;Haaksbergen;Overijssel;land;52.180222490981635;6.692663399624813;BU01580290;GM0158;BU01580290;GM0158;BU01580290;GM0158;False;False
13.0;15.0;15.0;100615.954686;466707.040721;Nederland;n.a.;EAZ wind;Kaag en Braassem;Zuid-Holland;land;52.18581257821385;4.591955238154146;BU18840102;GM1884;BU18840102;GM1884;BU18840102;GM1884;False;False
193.0;155.0;11000.0;59757.0085534;466867.587011;Nederland;Windpark Hollandse Kust Zuid;SG 11.0-200;n.a.;n.a.;zee;52.181718458223926;3.994569661023143;n.a.;n.a.;n.a.;n.a.;n.a.;n.a.;False;False
13.0;15.0;15.0;100015.852364;467092.778523;Nederland;n.a.;EAZ wind;Kaag en Braassem;Zuid-Holland;land;52.189219823131815;4.583118360728358;BU18840102;GM1884;BU18840102;GM1884;BU18840102;GM1884;False;False
13.0;15.0;15.0;107205.122824;467163.678107;Nederland;n.a.;EAZ wind;Kaag en Braassem;Zuid-Holland;land;52.190526301252994;4.688235832918257;BU18840207;GM1884;BU18840207;GM1884;BU18840207;GM1884;False;False
13.0;15.0;15.0;107046.01033;467464.397209;Nederland;n.a.;EAZ wind;Kaag en Braassem;Zuid-Holland;land;52.19321516162779;4.685866577202579;BU18840309;GM1884;BU18840309;GM1884;BU18840309;GM1884;False;False
193.0;155.0;11000.0;60402.6741231;467633.17751;Nederland;Windpark Hollandse Kust Zuid;SG 11.0-200;n.a.;n.a.;zee;52.188708870639424;4.0037944462420265;n.a.;n.a.;n.a.;n.a.;n.a.;n.a.;False;False
193.0;155.0;11000.0;59076.9497466;467646.369667;Nederland;Windpark Hollandse Kust Zuid;SG 11.0-200;n.a.;n.a.;zee;52.188598626437106;3.984408595980461;n.a.;n.a.;n.a.;n.a.;n.a.;n.a.;False;False
193.0;155.0;11000.0;61276.7378008;468121.677959;Nederland;Windpark Hollandse Kust Zuid;SG 11.0-200;n.a.;n.a.;zee;52.19324752950511;4.016438435157494;n.a.;n.a.;n.a.;n.a.;n.a.;n.a.;False;False
13.0;15.0;15.0;244046.010472;468189.658826;Nederland;n.a.;EAZ wind;Haaksbergen;Overijssel;land;52.19462920866293;6.689596113565885;BU01580290;GM0158;BU01580290;GM0158;BU01580290;GM0158;False;False
193.0;155.0;11000.0;58403.7934063;468417.552106;Nederland;Windpark Hollandse Kust Zuid;SG 11.0-200;n.a.;n.a.;zee;52.195410814621084;3.9743474883655545;n.a.;n.a.;n.a.;n.a.;n.a.;n.a.;False;False
193.0;155.0;11000.0;60148.3127026;468602.866826;Nederland;Windpark Hollandse Kust Zuid;SG 11.0-200;n.a.;n.a.;zee;52.197378586173265;3.999804493032304;n.a.;n.a.;n.a.;n.a.;n.a.;n.a.;False;False
193.0;155.0;11000.0;62079.5562324;468718.859504;Nederland;Windpark Hollandse Kust Zuid;SG 11.0-200;n.a.;n.a.;zee;52.19874943369409;4.028013391310907;n.a.;n.a.;n.a.;n.a.;n.a.;n.a.;False;False
13.0;15.0;15.0;106658.085664;469332.752097;Nederland;n.a.;EAZ wind;Kaag en Braassem;Zuid-Holland;land;52.2099727869791;4.679927131407002;BU18840309;GM1884;BU18840309;GM1884;BU18840309;GM1884;False;False
193.0;155.0;11000.0;57550.7033415;469394.876315;Nederland;Windpark Hollandse Kust Zuid;SG 11.0-200;n.a.;n.a.;zee;52.20404268325294;3.9615926367931165;n.a.;n.a.;n.a.;n.a.;n.a.;n.a.;False;False
90.0;80.0;3000.0;120197.8797;469430.5033;Nederland;n.a.;n.a.;De Ronde Venen;Utrecht;land;52.211871578257984;4.878004963383708;BU07360107;GM0736;BU07360107;GM0736;BU07360107;GM0736;False;False
193.0;155.0;11000.0;58677.2559496;469525.259909;Nederland;Windpark Hollandse Kust Zuid;SG 11.0-200;n.a.;n.a.;zee;52.205412084336096;3.978031418515101;n.a.;n.a.;n.a.;n.a.;n.a.;n.a.;False;False
193.0;155.0;11000.0;60016.9453376;469595.181642;Nederland;Windpark Hollandse Kust Zuid;SG 11.0-200;n.a.;n.a.;zee;52.20627264227475;3.9976055138740176;n.a.;n.a.;n.a.;n.a.;n.a.;n.a.;False;False
193.0;155.0;11000.0;61857.8726094;469764.948263;Nederland;Windpark Hollandse Kust Zuid;SG 11.0-200;n.a.;n.a.;zee;52.20811199273929;4.024484187074121;n.a.;n.a.;n.a.;n.a.;n.a.;n.a.;False;False
193.0;155.0;11000.0;63019.0290591;469910.172655;Nederland;Windpark Hollandse Kust Zuid;SG 11.0-200;n.a.;n.a.;zee;52.20961177362146;4.041428603493019;n.a.;n.a.;n.a.;n.a.;n.a.;n.a.;False;False
13.0;15.0;15.0;171258.237012;470066.378484;Nederland;n.a.;EAZ wind;Putten;Gelderland;land;52.218444035399735;5.625116215470368;BU02730108;GM0273;BU02730108;GM0273;BU02730108;GM0273;False;False
193.0;155.0;11000.0;57274.5713453;470357.435348;Nederland;Windpark Hollandse Kust Zuid;SG 11.0-200;n.a.;n.a.;zee;52.21264298623799;3.9572766857650383;n.a.;n.a.;n.a.;n.a.;n.a.;n.a.;False;False
193.0;155.0;11000.0;58520.9623089;470665.656632;Nederland;Windpark Hollandse Kust Zuid;SG 11.0-200;n.a.;n.a.;zee;52.21563195268887;3.9754208870305727;n.a.;n.a.;n.a.;n.a.;n.a.;n.a.;False;False
193.0;155.0;11000.0;59971.250151;470787.949458;Nederland;Windpark Hollandse Kust Zuid;SG 11.0-200;n.a.;n.a.;zee;52.21698261488515;3.996602692573987;n.a.;n.a.;n.a.;n.a.;n.a.;n.a.;False;False
193.0;155.0;11000.0;61737.7129286;470853.672934;Nederland;Windpark Hollandse Kust Zuid;SG 11.0-200;n.a.;n.a.;zee;52.21787471715415;4.0224270023168245;n.a.;n.a.;n.a.;n.a.;n.a.;n.a.;False;False
193.0;155.0;11000.0;64074.0248808;471067.970901;Nederland;Windpark Hollandse Kust Zuid;SG 11.0-200;n.a.;n.a.;zee;52.220190487887805;4.056549536306314;n.a.;n.a.;n.a.;n.a.;n.a.;n.a.;False;False
15.0;20.0;10.0;165155.59;471322.43;Nederland;n.a.;n.a.;Putten;Gelderland;land;52.22987945451682;5.535852136841423;BU02730005;GM0273;BU02730005;GM0273;BU02730005;GM0273;False;False
70.0;57.0;2050.0;104450.031;471438.9414;Nederland;n.a.;n.a.;Haarlemmermeer;Noord-Holland;land;52.228703671328816;4.647309947161151;BU03940885;GM0394;BU03940885;GM0394;BU03940885;GM0394;False;False
193.0;155.0;11000.0;57088.3485781;471475.459249;Nederland;Windpark Hollandse Kust Zuid;SG 11.0-200;n.a.;n.a.;zee;52.22265601834184;3.9542295301974257;n.a.;n.a.;n.a.;n.a.;n.a.;n.a.;False;False
193.0;155.0;11000.0;63146.1270134;471618.790722;Nederland;Windpark Hollandse Kust Zuid;SG 11.0-200;n.a.;n.a.;zee;52.22498628529727;4.04282440337511;n.a.;n.a.;n.a.;n.a.;n.a.;n.a.;False;False
71.0;57.0;2300.0;104679.9007;471688.4679;Nederland;n.a.;n.a.;Haarlemmermeer;Noord-Holland;land;52.23096724334048;4.650637169289878;BU03940885;GM0394;BU03940885;GM0394;BU03940885;GM0394;False;False
70.0;57.0;2300.0;104150.0318;471745.9419;Nederland;n.a.;n.a.;Haarlemmermeer;Noord-Holland;land;52.23143515933475;4.6428731389729805;BU03940240;GM0394;BU03940240;GM0394;BU03940240;GM0394;False;False
71.0;57.0;2300.0;104905.2075;471943.3492;Nederland;n.a.;n.a.;Haarlemmermeer;Noord-Holland;land;52.23327843142017;4.653897149003693;BU03940885;GM0394;BU03940885;GM0394;BU03940885;GM0394;False;False
193.0;155.0;11000.0;59503.1320012;472079.552911;Nederland;Windpark Hollandse Kust Zuid;SG 11.0-200;n.a.;n.a.;zee;52.22850765558326;3.989390239891148;n.a.;n.a.;n.a.;n.a.;n.a.;n.a.;False;False
193.0;155.0;11000.0;64607.7206486;472081.077154;Nederland;Windpark Hollandse Kust Zuid;SG 11.0-200;n.a.;n.a.;zee;52.22938186431228;4.064087463704611;n.a.;n.a.;n.a.;n.a.;n.a.;n.a.;False;False
71.0;57.0;2300.0;105132.9068;472198.3103;Nederland;n.a.;n.a.;Haarlemmermeer;Noord-Holland;land;52.23559046277268;4.6571924766810024;BU03940884;GM0394;BU03940884;GM0394;BU03940884;GM0394;False;False
92.0;85.0;2300.0;209428.2118;472277.4904;Nederland;n.a.;n.a.;Deventer;Overijssel;land;52.23586838189358;6.183992781522643;BU01500706;GM0150;BU01500706;GM0150;BU01500706;GM0150;False;False
92.0;85.0;2300.0;210367.144921;472288.143099;Nederland;n.a.;n.a.;Deventer;Overijssel;land;52.23587057694498;6.197738507821425;BU01500705;GM0150;BU01500705;GM0150;BU01500705;GM0150;False;False
193.0;155.0;11000.0;61723.8003936;472346.694265;Nederland;Windpark Hollandse Kust Zuid;SG 11.0-200;n.a.;n.a.;zee;52.23128827440058;4.0218122187008065;n.a.;n.a.;n.a.;n.a.;n.a.;n.a.;False;False
48.0;55.0;800.0;105316.8138;472402.8668;Nederland;n.a.;n.a.;Haarlemmermeer;Noord-Holland;land;52.23744545997978;4.6598544807511475;BU03940884;GM0394;BU03940884;GM0394;BU03940884;GM0394;False;False
193.0;155.0;11000.0;56918.7758446;472495.843171;Nederland;Windpark Hollandse Kust Zuid;SG 11.0-200;n.a.;n.a.;zee;52.23179456668891;3.951452933393305;n.a.;n.a.;n.a.;n.a.;n.a.;n.a.;False;False
193.0;155.0;11000.0;65738.7882395;472543.408696;Nederland;Windpark Hollandse Kust Zuid;SG 11.0-200;n.a.;n.a.;zee;52.23372061014693;4.080517398802242;n.a.;n.a.;n.a.;n.a.;n.a.;n.a.;False;False
48.0;55.0;800.0;105512.0329;472619.8903;Nederland;n.a.;n.a.;Haarlemmermeer;Noord-Holland;land;52.23941345621871;4.662680483902032;BU03940884;GM0394;BU03940884;GM0394;BU03940884;GM0394;False;False
15.0;20.0;10.0;168276.08;472643.42;Nederland;n.a.;n.a.;Putten;Gelderland;land;52.241685807153786;5.581578699651104;BU02730006;GM0273;BU02730006;GM0273;BU02730006;GM0273;False;False
193.0;155.0;11000.0;66610.0036107;473193.291749;Nederland;Windpark Hollandse Kust Zuid;SG 11.0-200;n.a.;n.a.;zee;52.23970079417338;4.093098171116688;n.a.;n.a.;n.a.;n.a.;n.a.;n.a.;False;False
193.0;155.0;11000.0;61505.4181388;473459.514691;Nederland;Windpark Hollandse Kust Zuid;SG 11.0-200;n.a.;n.a.;zee;52.241250770556306;4.018308951693191;n.a.;n.a.;n.a.;n.a.;n.a.;n.a.;False;False
193.0;155.0;11000.0;56749.0035648;473515.127355;Nederland;Windpark Hollandse Kust Zuid;SG 11.0-200;n.a.;n.a.;zee;52.24092311268858;3.9486725797117432;n.a.;n.a.;n.a.;n.a.;n.a.;n.a.;False;False
193.0;155.0;11000.0;59465.5477876;473526.853468;Nederland;Windpark Hollandse Kust Zuid;SG 11.0-200;n.a.;n.a.;zee;52.24150604586291;3.9884317416362953;n.a.;n.a.;n.a.;n.a.;n.a.;n.a.;False;False
13.0;15.0;15.0;167537.989211;473602.663252;Nederland;n.a.;EAZ wind;Putten;Gelderland;land;52.25032454472378;5.570807972436245;BU02730006;GM0273;BU02730006;GM0273;BU02730006;GM0273;False;False
13.0;15.0;15.0;167486.927929;473610.505998;Nederland;n.a.;EAZ wind;Putten;Gelderland;land;52.25039619362071;5.570060533278536;BU02730006;GM0273;BU02730006;GM0273;BU02730006;GM0273;False;False
193.0;155.0;11000.0;67414.6793876;473866.854744;Nederland;Windpark Hollandse Kust Zuid;SG 11.0-200;n.a.;n.a.;zee;52.245881858538596;4.104702103635861;n.a.;n.a.;n.a.;n.a.;n.a.;n.a.;False;False
15.0;20.0;10.0;167308.89;473912.74;Nederland;n.a.;n.a.;Putten;Gelderland;land;52.25311660364247;5.567464398965874;BU02730006;GM0273;BU02730006;GM0273;BU02730006;GM0273;False;False
13.0;15.0;15.0;165129.61;474045.75;Nederland;n.a.;EAZ wind;Putten;Gelderland;land;52.25435649258556;5.535553507503808;BU02730009;GM0273;BU02730009;GM0273;BU02730009;GM0273;False;False
193.0;155.0;11000.0;63456.536673;474266.970366;Nederland;Windpark Hollandse Kust Zuid;SG 11.0-200;n.a.;n.a.;zee;52.24883391916909;4.046650051039104;n.a.;n.a.;n.a.;n.a.;n.a.;n.a.;False;False
193.0;155.0;11000.0;66487.6156903;474281.718952;Nederland;Windpark Hollandse Kust Zuid;SG 11.0-200;n.a.;n.a.;zee;52.24946167121141;4.091021960214292;n.a.;n.a.;n.a.;n.a.;n.a.;n.a.;False;False
193.0;155.0;11000.0;58185.5977128;474309.678945;Nederland;Windpark Hollandse Kust Zuid;SG 11.0-200;n.a.;n.a.;zee;52.24831681445823;3.9694727100896277;n.a.;n.a.;n.a.;n.a.;n.a.;n.a.;False;False
14.0;15.0;25.0;165207.220093;474586.693115;Nederland;n.a.;n.a.;Putten;Gelderland;land;52.259216914328896;5.536706468360498;BU02730009;GM0273;BU02730009;GM0273;BU02730009;GM0273;False;False
193.0;155.0;11000.0;61459.5229668;474652.476868;Nederland;Windpark Hollandse Kust Zuid;SG 11.0-200;n.a.;n.a.;zee;52.251962577893565;4.017307262177207;n.a.;n.a.;n.a.;n.a.;n.a.;n.a.;False;False
193.0;155.0;11000.0;65231.6028141;475072.990471;Nederland;Windpark Hollandse Kust Zuid;SG 11.0-200;n.a.;n.a.;zee;52.25636872963615;4.072423356318354;n.a.;n.a.;n.a.;n.a.;n.a.;n.a.;False;False
193.0;155.0;11000.0;56459.154133;475258.218914;Nederland;Windpark Hollandse Kust Zuid;SG 11.0-200;n.a.;n.a.;zee;52.256533850164;3.9439222065856896;n.a.;n.a.;n.a.;n.a.;n.a.;n.a.;False;False
193.0;155.0;11000.0;68585.2994556;475332.497073;Nederland;Windpark Hollandse Kust Zuid;SG 11.0-200;n.a.;n.a.;zee;52.259236915392265;4.1214647770848805;n.a.;n.a.;n.a.;n.a.;n.a.;n.a.;False;False
193.0;155.0;11000.0;57473.1939016;475382.988607;Nederland;Windpark Hollandse Kust Zuid;SG 11.0-200;n.a.;n.a.;zee;52.257835415769314;3.9587339349346253;n.a.;n.a.;n.a.;n.a.;n.a.;n.a.;False;False
193.0;155.0;11000.0;58454.1546954;475599.874969;Nederland;Windpark Hollandse Kust Zuid;SG 11.0-200;n.a.;n.a.;zee;52.25995704861566;3.9730358580766407;n.a.;n.a.;n.a.;n.a.;n.a.;n.a.;False;False
193.0;155.0;11000.0;64045.0333284;475609.62466;Nederland;Windpark Hollandse Kust Zuid;SG 11.0-200;n.a.;n.a.;zee;52.26099618770571;4.054904509767356;n.a.;n.a.;n.a.;n.a.;n.a.;n.a.;False;False
193.0;155.0;11000.0;59480.5511666;475827.373322;Nederland;Windpark Hollandse Kust Zuid;SG 11.0-200;n.a.;n.a.;zee;52.262180189229426;3.988001527759327;n.a.;n.a.;n.a.;n.a.;n.a.;n.a.;False;False
13.0;13.0;75.0;120167.386597;476018.525574;Nederland;n.a.;n.a.;Amstelveen;Noord-Holland;land;52.27107951058862;4.876880689486153;BU03621301;GM0362;BU03621301;GM0362;BU03621301;GM0362;False;False
13.0;15.0;15.0;120173.929376;476037.857772;Nederland;n.a.;EAZ wind;Amstelveen;Noord-Holland;land;52.27125367155162;4.876974550004525;BU03621301;GM0362;BU03621301;GM0362;BU03621301;GM0362;False;False
193.0;155.0;11000.0;60961.346027;476155.857712;Nederland;Windpark Hollandse Kust Zuid;SG 11.0-200;n.a.;n.a.;zee;52.265386633098686;4.009595271856723;n.a.;n.a.;n.a.;n.a.;n.a.;n.a.;False;False
104.0;98.0;3400.0;156403.231305;476200.501633;Nederland;n.a.;n.a.;Zeewolde;Flevoland;land;52.27381439471585;5.407763458092361;BU00500006;GM0050;BU00500006;GM0050;BU00500006;GM0050;False;False
15.6;24.5;50.0;168782.8876;476232.3009;Nederland;n.a.;n.a.;Putten;Gelderland;land;52.27392920247591;5.589145285632857;BU02730008;GM0273;BU02730008;GM0273;BU02730008;GM0273;False;False
193.0;155.0;11000.0;56289.6064761;476277.719173;Nederland;Windpark Hollandse Kust Zuid;SG 11.0-200;n.a.;n.a.;zee;52.265664148086124;3.9411419397086616;n.a.;n.a.;n.a.;n.a.;n.a.;n.a.;False;False
193.0;155.0;11000.0;67762.5039173;476315.022617;Nederland;Windpark Hollandse Kust Zuid;SG 11.0-200;n.a.;n.a.;zee;52.26793614126939;4.109162306315815;n.a.;n.a.;n.a.;n.a.;n.a.;n.a.;False;False
14.0;15.0;25.0;165802.20069;476347.639388;Nederland;n.a.;n.a.;Putten;Gelderland;land;52.27503244609232;5.545477332682416;BU02730009;GM0273;BU02730009;GM0273;BU02730009;GM0273;False;False
193.0;155.0;11000.0;69387.6533916;476394.198824;Nederland;Windpark Hollandse Kust Zuid;SG 11.0-200;n.a.;n.a.;zee;52.2689026517244;4.132945396912543;n.a.;n.a.;n.a.;n.a.;n.a.;n.a.;False;False
193.0;155.0;11000.0;62138.431179;476417.375606;Nederland;Windpark Hollandse Kust Zuid;SG 11.0-200;n.a.;n.a.;zee;52.26793627151093;4.026762292891818;n.a.;n.a.;n.a.;n.a.;n.a.;n.a.;False;False
104.0;98.0;3400.0;156116.258273;476479.095882;Nederland;n.a.;n.a.;Zeewolde;Flevoland;land;52.27631898869787;5.403559789884801;BU00500006;GM0050;BU00500006;GM0050;BU00500006;GM0050;False;False
193.0;155.0;11000.0;63311.7464128;476676.837877;Nederland;Windpark Hollandse Kust Zuid;SG 11.0-200;n.a.;n.a.;zee;52.270464322464676;4.0438766409308595;n.a.;n.a.;n.a.;n.a.;n.a.;n.a.;False;False
104.0;98.0;3400.0;155832.4475;476747.853;Nederland;n.a.;n.a.;Zeewolde;Flevoland;land;52.27873501307093;5.399401959900053;BU00500006;GM0050;BU00500006;GM0050;BU00500006;GM0050;False;False
193.0;155.0;11000.0;58405.7087966;476899.613535;Nederland;Windpark Hollandse Kust Zuid;SG 11.0-200;n.a.;n.a.;zee;52.27162738514544;3.971954913377591;n.a.;n.a.;n.a.;n.a.;n.a.;n.a.;False;False
104.0;98.0;3400.0;157172.2218;476909.8163;Nederland;n.a.;n.a.;Zeewolde;Flevoland;land;52.2801870107813;5.419034944475377;BU00500006;GM0050;BU00500006;GM0050;BU00500006;GM0050;False;False
15.0;20.0;10.0;167958.68;476929.29;Nederland;n.a.;n.a.;Putten;Gelderland;land;52.280213559239506;5.577096164556758;BU02730008;GM0273;BU02730008;GM0273;BU02730008;GM0273;False;False
104.0;98.0;3400.0;155550.6341;477027.0828;Nederland;n.a.;n.a.;Zeewolde;Flevoland;land;52.28124501377221;5.395272965334928;BU00500006;GM0050;BU00500006;GM0050;BU00500006;GM0050;False;False
193.0;155.0;11000.0;56963.9435267;477032.160978;Nederland;Windpark Hollandse Kust Zuid;SG 11.0-200;n.a.;n.a.;zee;52.2725635921505;3.950798767575574;n.a.;n.a.;n.a.;n.a.;n.a.;n.a.;False;False
104.0;98.0;3400.0;156938.9755;477240.7259;Nederland;n.a.;n.a.;Zeewolde;Flevoland;land;52.283162010156204;5.41561894750584;BU00500006;GM0050;BU00500006;GM0050;BU00500006;GM0050;False;False
104.0;98.0;3400.0;159851.9939;477267.8898;Nederland;n.a.;n.a.;Zeewolde;Flevoland;land;52.28338812070773;5.458308518246657;BU00500006;GM0050;BU00500006;GM0050;BU00500006;GM0050;False;False
104.0;98.0;3400.0;155264.0078;477303.9919;Nederland;n.a.;n.a.;Zeewolde;Flevoland;land;52.28373401366264;5.391072970481985;BU00500006;GM0050;BU00500006;GM0050;BU00500006;GM0050;False;False
193.0;155.0;11000.0;60634.9731984;477421.768725;Nederland;Windpark Hollandse Kust Zuid;SG 11.0-200;n.a.;n.a.;zee;52.27670579976278;4.004461832335376;n.a.;n.a.;n.a.;n.a.;n.a.;n.a.;False;False
193.0;155.0;11000.0;66765.4227779;477429.829086;Nederland;Windpark Hollandse Kust Zuid;SG 11.0-200;n.a.;n.a.;zee;52.27779481348764;4.094267272066152;n.a.;n.a.;n.a.;n.a.;n.a.;n.a.;False;False
193.0;155.0;11000.0;62510.0432972;477530.177453;Nederland;Windpark Hollandse Kust Zuid;SG 11.0-200;n.a.;n.a.;zee;52.27799810452014;4.031900332301143;n.a.;n.a.;n.a.;n.a.;n.a.;n.a.;False;False
193.0;155.0;11000.0;56077.3384204;477554.919932;Nederland;Windpark Hollandse Kust Zuid;SG 11.0-200;n.a.;n.a.;zee;52.27710222748466;3.937659261262037;n.a.;n.a.;n.a.;n.a.;n.a.;n.a.;False;False
104.0;98.0;3400.0;156706.1696;477572.4258;Nederland;n.a.;n.a.;Zeewolde;Flevoland;land;52.28614401076764;5.412208951724666;BU00500006;GM0050;BU00500006;GM0050;BU00500006;GM0050;False;False
104.0;98.0;3400.0;154976.5265;477581.5854;Nederland;n.a.;n.a.;Zeewolde;Flevoland;land;52.28622901430353;5.386859974755965;BU00500006;GM0050;BU00500006;GM0050;BU00500006;GM0050;False;False
104.0;98.0;3400.0;159689.9941;477643.8898;Nederland;n.a.;n.a.;Zeewolde;Flevoland;land;52.2867689080238;5.455939698028055;BU00500006;GM0050;BU00500006;GM0050;BU00500006;GM0050;False;False
193.0;155.0;11000.0;70272.1511254;477647.556182;Nederland;Windpark Hollandse Kust Zuid;SG 11.0-200;n.a.;n.a.;zee;52.280302138759566;4.145586343017524;n.a.;n.a.;n.a.;n.a.;n.a.;n.a.;False;False
104.0;98.0;3400.0;154690.3056;477857.9717;Nederland;n.a.;n.a.;Zeewolde;Flevoland;land;52.288713014308534;5.382664980195191;BU00500006;GM0050;BU00500006;GM0050;BU00500006;GM0050;False;False
71.0;85.0;2050.0;124615.225;477899.0116;Nederland;n.a.;n.a.;Ouder-Amstel;Noord-Holland;land;52.288243725622735;4.941873573926625;BU04370008;GM0437;BU04370008;GM0437;BU04370008;GM0437;False;False
104.0;98.0;3400.0;156473.3271;477902.5791;Nederland;n.a.;n.a.;Zeewolde;Flevoland;land;52.289112011040885;5.408797955232003;BU00500006;GM0050;BU00500006;GM0050;BU00500006;GM0050;False;False
104.0;98.0;3400.0;159527.9942;478020.8897;Nederland;n.a.;n.a.;Zeewolde;Flevoland;land;52.29015863255883;5.453570529571773;BU00500006;GM0050;BU00500006;GM0050;BU00500006;GM0050;False;False
104.0;98.0;3400.0;154403.0933;478135.0424;Nederland;n.a.;n.a.;Zeewolde;Flevoland;land;52.29120301437921;5.378454984378892;BU00500006;GM0050;BU00500006;GM0050;BU00500006;GM0050;False;False
193.0;155.0;11000.0;57172.9724326;478216.439256;Nederland;Windpark Hollandse Kust Zuid;SG 11.0-200;n.a.;n.a.;zee;52.28324203290497;3.9535174340430044;n.a.;n.a.;n.a.;n.a.;n.a.;n.a.;False;False
104.0;98.0;3400.0;156239.9695;478234.5236;Nederland;n.a.;n.a.;Zeewolde;Flevoland;land;52.29209601117259;5.405378959765022;BU00500006;GM0050;BU00500006;GM0050;BU00500006;GM0050;False;False
193.0;155.0;11000.0;63076.9190056;478367.13053;Nederland;Windpark Hollandse Kust Zuid;SG 11.0-200;n.a.;n.a.;zee;52.28561365467334;4.039976986906334;n.a.;n.a.;n.a.;n.a.;n.a.;n.a.;False;False
104.0;98.0;3400.0;159365.9944;478396.8897;Nederland;n.a.;n.a.;Zeewolde;Flevoland;land;52.29353932067615;5.451200988340433;BU00500006;GM0050;BU00500006;GM0050;BU00500006;GM0050;False;False
104.0;98.0;3400.0;154116.8683;478411.9073;Nederland;n.a.;n.a.;Zeewolde;Flevoland;land;52.293691015205624;5.374258989345392;BU00500006;GM0050;BU00500006;GM0050;BU00500006;GM0050;False;False
193.0;155.0;11000.0;60501.2324049;478531.987387;Nederland;Windpark Hollandse Kust Zuid;SG 11.0-200;n.a.;n.a.;zee;52.28665883125291;4.002191930356848;n.a.;n.a.;n.a.;n.a.;n.a.;n.a.;False;False
193.0;155.0;11000.0;55912.6952437;478542.654221;Nederland;Windpark Hollandse Kust Zuid;SG 11.0-200;n.a.;n.a.;zee;52.28594778711277;3.9349575648165183;n.a.;n.a.;n.a.;n.a.;n.a.;n.a.;False;False
104.0;98.0;3400.0;156006.5752;478565.5891;Nederland;n.a.;n.a.;Zeewolde;Flevoland;land;52.29507201061035;5.401958964600695;BU00500006;GM0050;BU00500006;GM0050;BU00500006;GM0050;False;False
104.0;98.0;3400.0;153832.040686;478689.41994;Nederland;n.a.;n.a.;Zeewolde;Flevoland;land;52.29618469015939;5.370083006685863;BU00500006;GM0050;BU00500006;GM0050;BU00500006;GM0050;False;False
104.0;98.0;3400.0;159203.9946;478773.8897;Nederland;n.a.;n.a.;Zeewolde;Flevoland;land;52.29692894685982;5.44883109920491;BU00500006;GM0050;BU00500006;GM0050;BU00500006;GM0050;False;False
193.0;155.0;11000.0;70919.7904593;478811.469889;Nederland;Windpark Hollandse Kust Zuid;SG 11.0-200;n.a.;n.a.;zee;52.290860391162184;4.154784959158633;n.a.;n.a.;n.a.;n.a.;n.a.;n.a.;False;False
104.0;98.0;3400.0;155773.6213;478896.9998;Nederland;n.a.;n.a.;Zeewolde;Flevoland;land;52.29805101134655;5.398544968277733;BU00500006;GM0050;BU00500006;GM0050;BU00500006;GM0050;False;False
104.0;98.0;3400.0;153553.396167;478954.190352;Nederland;n.a.;n.a.;Zeewolde;Flevoland;land;52.298563710456406;5.365997252272376;BU00500006;GM0050;BU00500006;GM0050;BU00500006;GM0050;False;False
193.0;155.0;11000.0;66560.801185;478967.948574;Nederland;Windpark Hollandse Kust Zuid;SG 11.0-200;n.a.;n.a.;zee;52.29158329234141;4.090866654613427;n.a.;n.a.;n.a.;n.a.;n.a.;n.a.;False;False
13.0;15.0;10.0;202258.970354;479007.237521;Nederland;n.a.;n.a.;Voorst;Gelderland;land;52.29701157606849;6.0799898582343515;BU02850108;GM0285;BU02850108;GM0285;BU02850202;GM0285;True;False
104.0;98.0;3400.0;159039.829445;479150.753089;Nederland;n.a.;n.a.;Zeewolde;Flevoland;land;52.30031731161876;5.4464291016142985;BU00500006;GM0050;BU00500006;GM0050;BU00500006;GM0050;False;False
104.0;98.0;3400.0;155540.5623;479228.0878;Nederland;n.a.;n.a.;Zeewolde;Flevoland;land;52.301027011575115;5.395128972884212;BU00500006;GM0050;BU00500006;GM0050;BU00500006;GM0050;False;False
193.0;155.0;11000.0;62566.1965792;479229.616392;Nederland;Windpark Hollandse Kust Zuid;SG 11.0-200;n.a.;n.a.;zee;52.29327813992141;4.032257611989251;n.a.;n.a.;n.a.;n.a.;n.a.;n.a.;False;False
104.0;98.0;3400.0;153264.611492;479240.348865;Nederland;n.a.;n.a.;Zeewolde;Flevoland;land;52.30113478544107;5.361762290750952;BU00500006;GM0050;BU00500006;GM0050;BU00500006;GM0050;False;False
104.0;98.0;3400.0;158879.6419;479526.536409;Nederland;n.a.;n.a.;Zeewolde;Flevoland;land;52.30369588970392;5.444085043951429;BU00500006;GM0050;BU00500006;GM0050;BU00500006;GM0050;False;False
193.0;155.0;11000.0;58662.7134575;479528.205434;Nederland;Windpark Hollandse Kust Zuid;SG 11.0-200;n.a.;n.a.;zee;52.29529162616634;3.9749692375231875;n.a.;n.a.;n.a.;n.a.;n.a.;n.a.;False;False
193.0;155.0;11000.0;55748.4263492;479530.737687;Nederland;Windpark Hollandse Kust Zuid;SG 11.0-200;n.a.;n.a.;zee;52.294796471420874;3.932260158763686;n.a.;n.a.;n.a.;n.a.;n.a.;n.a.;False;False
104.0;98.0;3400.0;155307.2617;479559.7432;Nederland;n.a.;n.a.;Zeewolde;Flevoland;land;52.304008011155034;5.39170897823699;BU00500006;GM0050;BU00500006;GM0050;BU00500006;GM0050;False;False
193.0;155.0;11000.0;70032.3891653;479721.366404;Nederland;Windpark Hollandse Kust Zuid;SG 11.0-200;n.a.;n.a.;zee;52.29890041211017;4.141551529068868;n.a.;n.a.;n.a.;n.a.;n.a.;n.a.;False;False
193.0;155.0;11000.0;60455.5530929;479724.597751;Nederland;Windpark Hollandse Kust Zuid;SG 11.0-200;n.a.;n.a.;zee;52.29736726975877;4.001188493835366;n.a.;n.a.;n.a.;n.a.;n.a.;n.a.;False;False
18.0;24.5;80.0;154431.8593;479724.8105;Nederland;n.a.;n.a.;Zeewolde;Flevoland;land;52.3054913941164;5.378873990896689;BU00500006;GM0050;BU00500006;GM0050;BU00500006;GM0050;False;False
104.0;98.0;3400.0;155073.9987;479889.8903;Nederland;n.a.;n.a.;Zeewolde;Flevoland;land;52.30697535397079;5.3882890755988075;BU00500006;GM0050;BU00500006;GM0050;BU00500006;GM0050;False;False
104.0;98.0;3400.0;158717.791876;479904.603566;Nederland;n.a.;n.a.;Zeewolde;Flevoland;land;52.307094957392295;5.441716278711309;BU00500006;GM0050;BU00500006;GM0050;BU00500006;GM0050;False;False
193.0;155.0;11000.0;68466.760216;480011.15211;Nederland;Windpark Hollandse Kust Zuid;SG 11.0-200;n.a.;n.a.;zee;52.30126040454247;4.118529906974392;n.a.;n.a.;n.a.;n.a.;n.a.;n.a.;False;False
193.0;155.0;11000.0;71728.0816268;480144.52288;Nederland;Windpark Hollandse Kust Zuid;SG 11.0-200;n.a.;n.a.;zee;52.30296214893005;4.166300995565016;n.a.;n.a.;n.a.;n.a.;n.a.;n.a.;False;False
115.0;135.0;3000.0;269094.595455;480192.981004;Duitsland;n.a.;n.a.;n.a.;n.a.;land;52.29786463815058;7.059874843740245;n.a.;n.a.;n.a.;n.a.;n.a.;n.a.;False;False
104.0;98.0;3400.0;154840.999;480221.8903;Nederland;n.a.;n.a.;Zeewolde;Flevoland;land;52.30995924949591;5.384872576191523;BU00500006;GM0050;BU00500006;GM0050;BU00500006;GM0050;False;False
193.0;155.0;11000.0;62815.065723;480250.2247;Nederland;Windpark Hollandse Kust Zuid;SG 11.0-200;n.a.;n.a.;zee;52.30249072719621;4.035625811623974;n.a.;n.a.;n.a.;n.a.;n.a.;n.a.;False;False
104.0;98.0;3400.0;158544.1975;480282.5544;Nederland;n.a.;n.a.;Zeewolde;Flevoland;land;52.31049300532872;5.439174934209044;BU00500006;GM0050;BU00500006;GM0050;BU00500006;GM0050;False;False
193.0;155.0;11000.0;57755.9162089;480408.931756;Nederland;Windpark Hollandse Kust Zuid;SG 11.0-200;n.a.;n.a.;zee;52.30304583636144;3.9614262810914984;n.a.;n.a.;n.a.;n.a.;n.a.;n.a.;False;False
193.0;155.0;11000.0;56096.4803061;480468.618283;Nederland;Windpark Hollandse Kust Zuid;SG 11.0-200;n.a.;n.a.;zee;52.30328632589837;3.937085788690231;n.a.;n.a.;n.a.;n.a.;n.a.;n.a.;False;False
104.0;98.0;3400.0;154607.9993;480552.8903;Nederland;n.a.;n.a.;Zeewolde;Flevoland;land;52.31293405690281;5.381455618933305;BU00500006;GM0050;BU00500006;GM0050;BU00500006;GM0050;False;False
115.0;135.0;3000.0;269022.87368;480576.082981;Duitsland;n.a.;n.a.;n.a.;n.a.;land;52.30132151950027;7.058953324945428;n.a.;n.a.;n.a.;n.a.;n.a.;n.a.;False;False
104.0;98.0;3400.0;158395.9933;480654.5777;Nederland;n.a.;n.a.;Zeewolde;Flevoland;land;52.31383756533668;5.437005482238915;BU00500006;GM0050;BU00500006;GM0050;BU00500006;GM0050;False;False
141.0;150.0;4200.0;151486.101906;480767.441519;Nederland;n.a.;n.a.;Almere;Flevoland;land;52.31485134798364;5.335672494161016;BU00348501;GM0034;BU00348501;GM0034;BU00348501;GM0034;False;False
193.0;155.0;11000.0;60322.0648268;480835.280793;Nederland;Windpark Hollandse Kust Zuid;SG 11.0-200;n.a.;n.a.;zee;52.307324408489265;3.9989203312264356;n.a.;n.a.;n.a.;n.a.;n.a.;n.a.;False;False
115.0;135.0;3000.0;268819.135259;480895.116537;Duitsland;n.a.;n.a.;n.a.;n.a.;land;52.30423009753696;7.056075110630091;n.a.;n.a.;n.a.;n.a.;n.a.;n.a.;False;False
193.0;155.0;11000.0;62059.9865408;481000.867093;Nederland;Windpark Hollandse Kust Zuid;SG 11.0-200;n.a.;n.a.;zee;52.3091086751474;4.024351250389647;n.a.;n.a.;n.a.;n.a.;n.a.;n.a.;False;False
104.0;98.0;3400.0;158234.4542;481034.2992;Nederland;n.a.;n.a.;Zeewolde;Flevoland;land;52.317251351085346;5.434640210166326;BU00500006;GM0050;BU00500006;GM0050;BU00500006;GM0050;False;False
193.0;155.0;11000.0;59090.7752058;481136.59775;Nederland;Windpark Hollandse Kust Zuid;SG 11.0-200;n.a.;n.a.;zee;52.309818587661276;3.9807851240104823;n.a.;n.a.;n.a.;n.a.;n.a.;n.a.;False;False
141.0;150.0;4200.0;151789.711888;481172.585558;Nederland;n.a.;n.a.;Almere;Flevoland;land;52.31849449562085;5.340121112155239;BU00348501;GM0034;BU00348501;GM0034;BU00348501;GM0034;False;False
193.0;155.0;11000.0;57100.9039665;481196.089985;Nederland;Windpark Hollandse Kust Zuid;SG 11.0-200;n.a.;n.a.;zee;52.3100025918981;3.951596939546894;n.a.;n.a.;n.a.;n.a.;n.a.;n.a.;False;False
193.0;155.0;11000.0;55463.3944202;481245.168567;Nederland;Windpark Hollandse Kust Zuid;SG 11.0-200;n.a.;n.a.;zee;52.3101496958947;3.9275771669933772;n.a.;n.a.;n.a.;n.a.;n.a.;n.a.;False;False
193.0;155.0;11000.0;71146.110241;481283.961919;Nederland;Windpark Hollandse Kust Zuid;SG 11.0-200;n.a.;n.a.;zee;52.31311274959263;4.157486845613205;n.a.;n.a.;n.a.;n.a.;n.a.;n.a.;False;False
52.0;70.0;850.0;154879.6993;481299.4902;Nederland;n.a.;n.a.;Zeewolde;Flevoland;land;52.31964436645468;5.385439708099553;BU00500007;GM0050;BU00500007;GM0050;BU00500007;GM0050;False;False
193.0;155.0;11000.0;72396.7244939;481333.580494;Nederland;Windpark Hollandse Kust Zuid;SG 11.0-200;n.a.;n.a.;zee;52.31374787161696;4.175810986545896;n.a.;n.a.;n.a.;n.a.;n.a.;n.a.;False;False
104.0;98.0;3400.0;158072.0863;481409.7916;Nederland;n.a.;n.a.;Zeewolde;Flevoland;land;52.32062708226061;5.432262379830244;BU00500006;GM0050;BU00500006;GM0050;BU00500006;GM0050;False;False
52.0;70.0;850.0;154734.9995;481504.3902;Nederland;n.a.;n.a.;Zeewolde;Flevoland;land;52.32148588940047;5.383317290366148;BU00500007;GM0050;BU00500007;GM0050;BU00500007;GM0050;False;False
141.0;150.0;4200.0;152073.478081;481623.370314;Nederland;n.a.;n.a.;Almere;Flevoland;land;52.32254757029909;5.3442790063705665;BU00348501;GM0034;BU00348501;GM0034;BU00348501;GM0034;False;False
52.0;70.0;850.0;153830.7005;481796.6904;Nederland;n.a.;n.a.;Zeewolde;Flevoland;land;52.324111820684664;5.3700526858704105;BU00500007;GM0050;BU00500007;GM0050;BU00500007;GM0050;False;False
54.5;70.0;950.0;156999.9973;481796.9897;Nederland;n.a.;n.a.;Zeewolde;Flevoland;land;52.32411205119792;5.416540375804693;BU00500006;GM0050;BU00500006;GM0050;BU00500006;GM0050;False;False
52.0;70.0;850.0;155583.4987;481820.39;Nederland;n.a.;n.a.;Zeewolde;Flevoland;land;52.324325722370574;5.395763017368909;BU00500007;GM0050;BU00500007;GM0050;BU00500007;GM0050;False;False
132.0;94.0;3000.0;157700.696902;481826.43268;Nederland;n.a.;n.a.;Zeewolde;Flevoland;land;52.32437366434909;5.42681857086354;BU00500006;GM0050;BU00500006;GM0050;BU00500006;GM0050;False;False
193.0;155.0;11000.0;69717.8858145;481841.409862;Nederland;Windpark Hollandse Kust Zuid;SG 11.0-200;n.a.;n.a.;zee;52.31790233405154;4.1364056289528905;n.a.;n.a.;n.a.;n.a.;n.a.;n.a.;False;False
54.5;70.0;1000.0;155792.7985;481966.6899;Nederland;n.a.;n.a.;Zeewolde;Flevoland;land;52.32564034807821;5.3988334201183195;BU00500007;GM0050;BU00500007;GM0050;BU00500007;GM0050;False;False
193.0;155.0;11000.0;56361.5753166;481986.170547;Nederland;Windpark Hollandse Kust Zuid;SG 11.0-200;n.a.;n.a.;zee;52.31696965070072;3.9405274143865374;n.a.;n.a.;n.a.;n.a.;n.a.;n.a.;False;False
13.0;15.0;15.0;202635.178317;481996.224247;Nederland;n.a.;EAZ wind;Olst-Wijhe;Overijssel;land;52.32384153744233;6.085926922643792;BU17730626;GM1773;BU17730626;GM1773;BU17730626;GM1773;False;False
54.5;70.0;1000.0;153688.1882;482002.7367;Nederland;n.a.;n.a.;Zeewolde;Flevoland;land;52.32596337353739;5.367961500004825;BU00500007;GM0050;BU00500007;GM0050;BU00500007;GM0050;False;False
52.0;55.0;850.0;158073.3991;482016.461;Nederland;n.a.;n.a.;Zeewolde;Flevoland;land;52.32607960634022;5.432287190119748;BU00500006;GM0050;BU00500006;GM0050;BU00500006;GM0050;False;False
193.0;155.0;11000.0;62530.7913892;482078.314714;Nederland;Windpark Hollandse Kust Zuid;SG 11.0-200;n.a.;n.a.;zee;52.3188695574708;4.03095760128124;n.a.;n.a.;n.a.;n.a.;n.a.;n.a.;False;False
52.0;70.0;850.0;154236.6001;482082.3902;Nederland;n.a.;n.a.;Zeewolde;Flevoland;land;52.326680294901976;5.376005839932745;BU00500007;GM0050;BU00500007;GM0050;BU00500007;GM0050;False;False
193.0;155.0;11000.0;61384.1192065;482085.337906;Nederland;Windpark Hollandse Kust Zuid;SG 11.0-200;n.a.;n.a.;zee;52.31873865354719;4.014142001123125;n.a.;n.a.;n.a.;n.a.;n.a.;n.a.;False;False
141.0;150.0;4200.0;152273.900357;482089.699372;Nederland;n.a.;n.a.;Almere;Flevoland;land;52.326739797873664;5.3472149659760575;BU00348501;GM0034;BU00348501;GM0034;BU00348501;GM0034;False;False
132.0;94.0;3000.0;159034.657102;482133.897898;Nederland;n.a.;n.a.;Zeewolde;Flevoland;land;52.32712885247077;5.446389086895199;BU00500006;GM0050;BU00500006;GM0050;BU00500006;GM0050;False;False
193.0;155.0;11000.0;67857.2397511;482157.545133;Nederland;Windpark Hollandse Kust Zuid;SG 11.0-200;n.a.;n.a.;zee;52.32045138158067;4.109040968544254;n.a.;n.a.;n.a.;n.a.;n.a.;n.a.;False;False
52.0;70.0;850.0;155641.1987;482165.0899;Nederland;n.a.;n.a.;Zeewolde;Flevoland;land;52.32742369774345;5.396610040863287;BU00500007;GM0050;BU00500007;GM0050;BU00500007;GM0050;False;False
132.0;94.0;3000.0;157449.131902;482181.280597;Nederland;n.a.;n.a.;Zeewolde;Flevoland;land;52.32756409475738;5.42313115126879;BU00500006;GM0050;BU00500006;GM0050;BU00500006;GM0050;False;False
193.0;155.0;11000.0;58752.3978679;482220.971716;Nederland;Windpark Hollandse Kust Zuid;SG 11.0-200;n.a.;n.a.;zee;52.31950307098257;3.9755149369539495;n.a.;n.a.;n.a.;n.a.;n.a.;n.a.;False;False
193.0;155.0;11000.0;65816.3082283;482222.106917;Nederland;Windpark Hollandse Kust Zuid;SG 11.0-200;n.a.;n.a.;zee;52.32070429725258;4.079095984891287;n.a.;n.a.;n.a.;n.a.;n.a.;n.a.;False;False
193.0;155.0;11000.0;57455.5309827;482287.11131;Nederland;Windpark Hollandse Kust Zuid;SG 11.0-200;n.a.;n.a.;zee;52.31986884499215;3.956479945304647;n.a.;n.a.;n.a.;n.a.;n.a.;n.a.;False;False
47.0;55.0;660.0;154094.7403;482288.2303;Nederland;n.a.;n.a.;Zeewolde;Flevoland;land;52.32853009988573;5.373924353792365;BU00500007;GM0050;BU00500007;GM0050;BU00500007;GM0050;False;False
54.5;70.0;1000.0;156353.098;482356.3897;Nederland;n.a.;n.a.;Zeewolde;Flevoland;land;52.329141725819625;5.407053832909247;BU00500007;GM0050;BU00500007;GM0050;BU00500007;GM0050;False;False
193.0;155.0;11000.0;55420.2203312;482383.637695;Nederland;Windpark Hollandse Kust Zuid;SG 11.0-200;n.a.;n.a.;zee;52.32037135884848;3.926607895971313;n.a.;n.a.;n.a.;n.a.;n.a.;n.a.;False;False
132.0;94.0;3000.0;158768.845902;482511.471902;Nederland;n.a.;n.a.;Zeewolde;Flevoland;land;52.330524243091546;5.442494105877175;BU00500006;GM0050;BU00500006;GM0050;BU00500006;GM0050;False;False
52.0;70.0;850.0;156210.8982;482561.2897;Nederland;n.a.;n.a.;Zeewolde;Flevoland;land;52.33098362758699;5.40496853380458;BU00500007;GM0050;BU00500007;GM0050;BU00500007;GM0050;False;False
141.0;150.0;4200.0;152380.395361;482612.91396;Nederland;n.a.;n.a.;Almere;Flevoland;land;52.33144277758566;5.348773089097739;BU00348501;GM0034;BU00348501;GM0034;BU00348501;GM0034;False;False
132.0;94.0;3000.0;157134.063098;482624.9;Nederland;n.a.;n.a.;Zeewolde;Flevoland;land;52.33155250572753;5.418512145479353;BU00500007;GM0050;BU00500007;GM0050;BU00500007;GM0050;False;False
52.0;70.0;850.0;155014.5995;482630.89;Nederland;n.a.;n.a.;Zeewolde;Flevoland;land;52.33161052802964;5.3874183463016925;BU00500007;GM0050;BU00500007;GM0050;BU00500007;GM0050;False;False
126.0;126.0;3300.0;270705.145033;482633.481416;Duitsland;n.a.;n.a.;n.a.;n.a.;land;52.319454879160034;7.084313926217879;n.a.;n.a.;n.a.;n.a.;n.a.;n.a.;False;False
54.5;70.0;1000.0;157691.4967;482748.2894;Nederland;n.a.;n.a.;Zeewolde;Flevoland;land;52.332659025932486;5.426691018848787;BU00500007;GM0050;BU00500007;GM0050;BU00500007;GM0050;False;False
52.0;70.0;850.0;155219.5993;482775.5899;Nederland;n.a.;n.a.;Zeewolde;Flevoland;land;52.33291099007421;5.390425919151764;BU00500007;GM0050;BU00500007;GM0050;BU00500007;GM0050;False;False
193.0;155.0;11000.0;72216.0540158;482779.788822;Nederland;Windpark Hollandse Kust Zuid;SG 11.0-200;n.a.;n.a.;zee;52.32671635823779;4.172806691909949;n.a.;n.a.;n.a.;n.a.;n.a.;n.a.;False;False
54.5;70.0;950.0;154874.9997;482839.29;Nederland;n.a.;n.a.;Zeewolde;Flevoland;land;52.33348353995204;5.385370260644203;BU00500007;GM0050;BU00500007;GM0050;BU00500007;GM0050;False;False
126.0;126.0;3300.0;270514.644652;482855.73186;Duitsland;n.a.;n.a.;n.a.;n.a.;land;52.32149173797984;7.081597132716444;n.a.;n.a.;n.a.;n.a.;n.a.;n.a.;False;False
126.0;126.0;3300.0;270867.134422;482884.18938;Duitsland;n.a.;n.a.;n.a.;n.a.;land;52.32167323589645;7.086775135752341;n.a.;n.a.;n.a.;n.a.;n.a.;n.a.;False;False
132.0;94.0;3000.0;158504.931403;482886.351403;Nederland;n.a.;n.a.;Zeewolde;Flevoland;land;52.333895273957815;5.438626328180207;BU00500006;GM0050;BU00500006;GM0050;BU00500006;GM0050;False;False
52.0;70.0;850.0;157895.6966;482892.0894;Nederland;n.a.;n.a.;Zeewolde;Flevoland;land;52.33395040519276;5.4296880691524185;BU00500007;GM0050;BU00500007;GM0050;BU00500007;GM0050;False;False
52.0;70.0;850.0;155079.9995;482983.2899;Nederland;n.a.;n.a.;Zeewolde;Flevoland;land;52.33477776224631;5.388377900203136;BU00500007;GM0050;BU00500007;GM0050;BU00500007;GM0050;False;False
132.0;94.0;3000.0;156850.8;483024.2;Nederland;n.a.;n.a.;Zeewolde;Flevoland;land;52.33514230006683;5.414358715144413;BU00500007;GM0050;BU00500007;GM0050;BU00500007;GM0050;False;False
141.0;150.0;4200.0;152380.395361;483116.284758;Nederland;n.a.;n.a.;Almere;Flevoland;land;52.33596688862795;5.348769189256861;BU00348501;GM0034;BU00348501;GM0034;BU00348501;GM0034;False;False
77.0;90.0;1500.0;270270.399387;483147.178842;Duitsland;n.a.;n.a.;n.a.;n.a.;land;52.324161499626115;7.078115720579277;n.a.;n.a.;n.a.;n.a.;n.a.;n.a.;False;False
112.0;126.0;3300.0;270652.007255;483159.451121;Duitsland;n.a.;n.a.;n.a.;n.a.;land;52.324191608314074;7.083715425191947;n.a.;n.a.;n.a.;n.a.;n.a.;n.a.;False;False
77.0;90.0;1500.0;269870.877755;483221.262323;Duitsland;n.a.;n.a.;n.a.;n.a.;land;52.32491073205354;7.072282802923844;n.a.;n.a.;n.a.;n.a.;n.a.;n.a.;False;False
132.0;94.0;3000.0;158213.019902;483300.999902;Nederland;n.a.;n.a.;Zeewolde;Flevoland;land;52.337623769967095;5.434347558537394;BU00500007;GM0050;BU00500007;GM0050;BU00500007;GM0050;False;False
52.0;70.0;850.0;154514.5002;483348.29;Nederland;n.a.;n.a.;Zeewolde;Flevoland;land;52.338058050264586;5.380080570228185;BU00500007;GM0050;BU00500007;GM0050;BU00500007;GM0050;False;False
193.0;155.0;11000.0;73524.796549;483411.282423;Nederland;Windpark Hollandse Kust Zuid;SG 11.0-200;n.a.;n.a.;zee;52.33258649714041;4.191848464227147;n.a.;n.a.;n.a.;n.a.;n.a.;n.a.;False;False
132.0;94.0;3000.0;156567.385403;483423.4;Nederland;n.a.;n.a.;Zeewolde;Flevoland;land;52.338731047732246;5.410202389625767;BU00500007;GM0050;BU00500007;GM0050;BU00500007;GM0050;False;False
52.0;70.0;850.0;152920.1019;483446.2905;Nederland;n.a.;n.a.;Zeewolde;Flevoland;land;52.33893515275407;5.356685764830879;BU00500007;GM0050;BU00500007;GM0050;BU00500007;GM0050;False;False
54.5;70.0;1000.0;158706.2958;483463.0892;Nederland;n.a.;n.a.;Zeewolde;Flevoland;land;52.33907745149776;5.441586988535755;BU00500007;GM0050;BU00500007;GM0050;BU00500007;GM0050;False;False
77.0;90.0;1500.0;270257.699362;483490.079528;Duitsland;n.a.;n.a.;n.a.;n.a.;land;52.32724494190686;7.078046844527467;n.a.;n.a.;n.a.;n.a.;n.a.;n.a.;False;False
193.0;155.0;11000.0;70538.992146;483515.317277;Nederland;Windpark Hollandse Kust Zuid;SG 11.0-200;n.a.;n.a.;zee;52.33307068727774;4.148026071427709;n.a.;n.a.;n.a.;n.a.;n.a.;n.a.;False;False
52.0;55.0;850.0;155884.2831;483565.5824;Nederland;n.a.;n.a.;Zeewolde;Flevoland;land;52.34001046734552;5.400179628061314;BU00500007;GM0050;BU00500007;GM0050;BU00500007;GM0050;False;False
80.0;115.0;2000.0;270750.709848;483624.480333;Duitsland;n.a.;n.a.;n.a.;n.a.;land;52.32834885961077;7.08532251524305;n.a.;n.a.;n.a.;n.a.;n.a.;n.a.;False;False
141.0;150.0;4200.0;152275.884736;483627.923802;Nederland;n.a.;n.a.;Almere;Flevoland;land;52.34056480100488;5.347231678896204;BU00347702;GM0034;BU00347702;GM0034;BU00347702;GM0034;False;False
52.0;70.0;850.0;153207.0017;483650.9903;Nederland;n.a.;n.a.;Zeewolde;Flevoland;land;52.34077592215017;5.360894372547478;BU00500007;GM0050;BU00500007;GM0050;BU00500007;GM0050;False;False
132.0;94.0;3000.0;157939.148902;483690.022167;Nederland;n.a.;n.a.;Zeewolde;Flevoland;land;52.34112169348062;5.430332568730471;BU00500007;GM0050;BU00500007;GM0050;BU00500007;GM0050;False;False
52.0;70.0;850.0;154213.1006;483752.1901;Nederland;n.a.;n.a.;Zeewolde;Flevoland;land;52.34168780875859;5.375657278989359;BU00500007;GM0050;BU00500007;GM0050;BU00500007;GM0050;False;False
80.0;115.0;2000.0;270631.64711;483819.743224;Duitsland;n.a.;n.a.;n.a.;n.a.;land;52.330128247216045;7.08364359251343;n.a.;n.a.;n.a.;n.a.;n.a.;n.a.;False;False
132.0;94.0;3000.0;156284.1;483822.744;Nederland;n.a.;n.a.;Zeewolde;Flevoland;land;52.34232094075553;5.4060472884552455;BU00500007;GM0050;BU00500007;GM0050;BU00500007;GM0050;False;False
54.5;70.0;1000.0;158453.1961;483828.5892;Nederland;n.a.;n.a.;Zeewolde;Flevoland;land;52.34236407968887;5.437876998731534;BU00500007;GM0050;BU00500007;GM0050;BU00500007;GM0050;False;False
52.0;70.0;850.0;152629.3024;483855.6905;Nederland;n.a.;n.a.;Zeewolde;Flevoland;land;52.342613512198405;5.3524159830688465;BU00500007;GM0050;BU00500007;GM0050;BU00500007;GM0050;False;False
193.0;155.0;11000.0;65358.2600372;483868.349112;Nederland;Windpark Hollandse Kust Zuid;SG 11.0-200;n.a.;n.a.;zee;52.3354224861542;4.071941100114855;n.a.;n.a.;n.a.;n.a.;n.a.;n.a.;False;False
52.0;70.0;850.0;154414.4005;483898.39;Nederland;n.a.;n.a.;Zeewolde;Flevoland;land;52.343002044797466;5.378610893767318;BU00500007;GM0050;BU00500007;GM0050;BU00500007;GM0050;False;False
52.0;55.0;850.0;156893.8778;483970.9894;Nederland;n.a.;n.a.;Zeewolde;Flevoland;land;52.34365153740365;5.414996102515147;BU00500007;GM0050;BU00500007;GM0050;BU00500007;GM0050;False;False
54.5;70.0;1000.0;158655.0959;483971.1892;Nederland;n.a.;n.a.;Zeewolde;Flevoland;land;52.34364440313501;5.440841263721947;BU00500007;GM0050;BU00500007;GM0050;BU00500007;GM0050;False;False
52.0;70.0;850.0;152918.7021;484059.0904;Nederland;n.a.;n.a.;Zeewolde;Flevoland;land;52.34444275857962;5.356661456127265;BU00500007;GM0050;BU00500007;GM0050;BU00500007;GM0050;False;False
132.0;94.0;3000.0;157675.568098;484064.427902;Nederland;n.a.;n.a.;Zeewolde;Flevoland;land;52.34448805980998;5.426467837172369;BU00500007;GM0050;BU00500007;GM0050;BU00500007;GM0050;False;False
141.0;150.0;4200.0;152083.399976;484111.450811;Nederland;n.a.;n.a.;Zeewolde;Flevoland;land;52.34490957128296;5.3444030658506865;BU00500007;GM0050;BU00500007;GM0050;BU00500007;GM0050;False;False
54.5;70.0;1000.0;158859.7957;484114.9891;Nederland;n.a.;n.a.;Zeewolde;Flevoland;land;52.34493541647121;5.443846803569566;BU00500007;GM0050;BU00500007;GM0050;BU00500007;GM0050;False;False
52.0;70.0;850.0;153913.6011;484160.3901;Nederland;n.a.;n.a.;Zeewolde;Flevoland;land;52.34535604877023;5.371261134711663;BU00500007;GM0050;BU00500007;GM0050;BU00500007;GM0050;False;False
52.0;55.0;850.0;156745.8788;484183.4715;Nederland;n.a.;n.a.;Zeewolde;Flevoland;land;52.34556173745829;5.412825386533416;BU00500007;GM0050;BU00500007;GM0050;BU00500007;GM0050;False;False
132.0;94.0;3000.0;156000.8;484222.0;Nederland;n.a.;n.a.;Zeewolde;Flevoland;land;52.34590989442029;5.4018913005611084;BU00500007;GM0050;BU00500007;GM0050;BU00500007;GM0050;False;False
193.0;155.0;11000.0;67484.0612915;484290.64049;Nederland;Windpark Hollandse Kust Zuid;SG 11.0-200;n.a.;n.a.;zee;52.339559695366376;4.103014417881464;n.a.;n.a.;n.a.;n.a.;n.a.;n.a.;False;False
193.0;155.0;11000.0;74035.4262755;484302.01934;Nederland;Windpark Hollandse Kust Zuid;SG 11.0-200;n.a.;n.a.;zee;52.34066615775175;4.1991243688895015;n.a.;n.a.;n.a.;n.a.;n.a.;n.a.;False;False
52.0;70.0;850.0;154118.2009;484304.19;Nederland;n.a.;n.a.;Zeewolde;Flevoland;land;52.34664882857704;5.374263297631701;BU00500007;GM0050;BU00500007;GM0050;BU00500007;GM0050;False;False
13.0;15.0;15.0;206519.050944;484417.561919;Nederland;n.a.;EAZ wind;Olst-Wijhe;Overijssel;land;52.34525175450288;6.14326242036201;BU17731132;GM1773;BU17731132;GM1773;BU17731132;GM1773;False;False
193.0;155.0;11000.0;72611.9559267;484468.338572;Nederland;Windpark Hollandse Kust Zuid;SG 11.0-200;n.a.;n.a.;zee;52.3419491464197;4.178199973960317;n.a.;n.a.;n.a.;n.a.;n.a.;n.a.;False;False
132.0;94.0;3000.0;157369.446167;484499.264597;Nederland;n.a.;n.a.;Zeewolde;Flevoland;land;52.348397613690345;5.421978614396346;BU00500007;GM0050;BU00500007;GM0050;BU00500007;GM0050;False;False
141.0;150.0;4200.0;151808.894218;484552.644402;Nederland;n.a.;n.a.;Zeewolde;Flevoland;land;52.348873325658005;5.340370520671538;BU00500007;GM0050;BU00500007;GM0050;BU00500007;GM0050;False;False
52.0;70.0;850.0;153629.0015;484571.9901;Nederland;n.a.;n.a.;Zeewolde;Flevoland;land;52.349054717648066;5.367082926374344;BU00500007;GM0050;BU00500007;GM0050;BU00500007;GM0050;False;False
132.0;94.0;3000.0;155717.5;484621.2;Nederland;n.a.;n.a.;Zeewolde;Flevoland;land;52.349498196236794;5.397734640304008;BU00500007;GM0050;BU00500007;GM0050;BU00500007;GM0050;False;False
193.0;155.0;11000.0;69466.4247173;484678.759898;Nederland;Windpark Hollandse Kust Zuid;SG 11.0-200;n.a.;n.a.;zee;52.34335938407174;4.131997790823086;n.a.;n.a.;n.a.;n.a.;n.a.;n.a.;False;False
52.0;70.0;850.0;153833.5211;484715.0515;Nederland;n.a.;n.a.;Zeewolde;Flevoland;land;52.35034096500792;5.370084043239078;BU00500007;GM0050;BU00500007;GM0050;BU00500007;GM0050;False;False
132.0;94.0;3000.0;157091.842902;484893.585898;Nederland;n.a.;n.a.;Zeewolde;Flevoland;land;52.351942749628385;5.417906927807736;BU00500007;GM0050;BU00500007;GM0050;BU00500007;GM0050;False;False
52.0;70.0;850.0;154964.4001;484913.6897;Nederland;n.a.;n.a.;Zeewolde;Flevoland;land;52.352127460171424;5.3866817250078345;BU00500007;GM0050;BU00500007;GM0050;BU00500007;GM0050;False;False
52.0;70.0;850.0;153352.8019;484988.1901;Nederland;n.a.;n.a.;Zeewolde;Flevoland;land;52.35279460423204;5.363027290959768;BU00500007;GM0050;BU00500007;GM0050;BU00500007;GM0050;False;False
141.0;150.0;4200.0;151487.424825;484993.837993;Nederland;n.a.;n.a.;Zeewolde;Flevoland;land;52.3528366419984;5.335647940567351;BU00500007;GM0050;BU00500007;GM0050;BU00500007;GM0050;False;False
54.5;70.0;1000.0;160214.740723;485013.476196;Nederland;n.a.;n.a.;Zeewolde;Flevoland;land;52.35299944048227;5.463744595846977;BU00500007;GM0050;BU00500007;GM0050;BU00500007;GM0050;False;False
132.0;94.0;3000.0;155434.2;485020.5;Nederland;n.a.;n.a.;Zeewolde;Flevoland;land;52.35308724821882;5.393577307875837;BU00500007;GM0050;BU00500007;GM0050;BU00500007;GM0050;False;False
193.0;155.0;11000.0;58499.4703623;485053.436176;Nederland;Windpark Hollandse Kust Zuid;SG 11.0-200;n.a.;n.a.;zee;52.34490958408479;3.9709945971345033;n.a.;n.a.;n.a.;n.a.;n.a.;n.a.;False;False
193.0;155.0;11000.0;71284.5698356;485060.999382;Nederland;Windpark Hollandse Kust Zuid;SG 11.0-200;n.a.;n.a.;zee;52.347074152103666;4.158578065735278;n.a.;n.a.;n.a.;n.a.;n.a.;n.a.;False;False
193.0;155.0;11000.0;60117.0828052;485090.317628;Nederland;Windpark Hollandse Kust Zuid;SG 11.0-200;n.a.;n.a.;zee;52.345522680483974;3.9947169612673252;n.a.;n.a.;n.a.;n.a.;n.a.;n.a.;False;False
193.0;155.0;11000.0;57139.9417871;485097.241065;Nederland;Windpark Hollandse Kust Zuid;SG 11.0-200;n.a.;n.a.;zee;52.34506274781257;3.95103583699813;n.a.;n.a.;n.a.;n.a.;n.a.;n.a.;False;False
193.0;155.0;11000.0;56045.3506527;485231.596264;Nederland;Windpark Hollandse Kust Zuid;SG 11.0-200;n.a.;n.a.;zee;52.346073937461135;3.9349373189192716;n.a.;n.a.;n.a.;n.a.;n.a.;n.a.;False;False
193.0;155.0;11000.0;61830.2903665;485262.913714;Nederland;Windpark Hollandse Kust Zuid;SG 11.0-200;n.a.;n.a.;zee;52.347366708354414;4.019805021475314;n.a.;n.a.;n.a.;n.a.;n.a.;n.a.;False;False
132.0;94.0;3000.0;156801.912597;485305.858098;Nederland;n.a.;n.a.;Zeewolde;Flevoland;land;52.35564911919165;5.413653745333035;BU00500007;GM0050;BU00500007;GM0050;BU00500007;GM0050;False;False
52.0;70.0;850.0;154679.3006;485319.2897;Nederland;n.a.;n.a.;Zeewolde;Flevoland;land;52.35577274270533;5.3824968322016415;BU00500007;GM0050;BU00500007;GM0050;BU00500007;GM0050;False;False
52.0;70.0;850.0;153069.6024;485400.1902;Nederland;n.a.;n.a.;Zeewolde;Flevoland;land;52.35649657755312;5.358868245197443;BU00500007;GM0050;BU00500007;GM0050;BU00500007;GM0050;False;False
141.0;150.0;4200.0;151203.658633;485404.604439;Nederland;n.a.;n.a.;Zeewolde;Flevoland;land;52.35652656057141;5.331478302176814;BU00500007;GM0050;BU00500007;GM0050;BU00500007;GM0050;False;False
132.0;94.0;3000.0;155150.868902;485419.714098;Nederland;n.a.;n.a.;Zeewolde;Flevoland;land;52.35667537952754;5.389418846264174;BU00500007;GM0050;BU00500007;GM0050;BU00500007;GM0050;False;False
52.0;55.0;850.0;165425.3886;485419.8888;Nederland;n.a.;n.a.;Zeewolde;Flevoland;land;52.35657780999012;5.540237292308882;BU00500008;GM0050;BU00500008;GM0050;BU00500008;GM0050;False;False
52.0;70.0;850.0;153274.0022;485544.9901;Nederland;n.a.;n.a.;Zeewolde;Flevoland;land;52.35779865590686;5.361867859801082;BU00500007;GM0050;BU00500007;GM0050;BU00500007;GM0050;False;False
193.0;155.0;11000.0;63647.1708493;485711.50463;Nederland;Windpark Hollandse Kust Zuid;SG 11.0-200;n.a.;n.a.;zee;52.3517026494204;4.046341479938741;n.a.;n.a.;n.a.;n.a.;n.a.;n.a.;False;False
132.0;94.0;3000.0;156516.525902;485711.672902;Nederland;n.a.;n.a.;Zeewolde;Flevoland;land;52.35929728409731;5.409466521952614;BU00500007;GM0050;BU00500007;GM0050;BU00500007;GM0050;False;False
141.0;150.0;4200.0;150917.246602;485813.717237;Nederland;n.a.;n.a.;Zeewolde;Flevoland;land;52.36020144790016;5.327269149562767;BU00500007;GM0050;BU00500007;GM0050;BU00500007;GM0050;False;False
120.0;90.0;3600.0;154867.554597;485818.967597;Nederland;n.a.;n.a.;Zeewolde;Flevoland;land;52.360263716218746;5.38525995855038;BU00500007;GM0050;BU00500007;GM0050;BU00500007;GM0050;False;False
52.2;55.0;900.0;165445.0885;485826.4887;Nederland;n.a.;n.a.;Zeewolde;Flevoland;land;52.36023177722611;5.540539108170748;BU00500008;GM0050;BU00500008;GM0050;BU00500008;GM0050;False;False
52.0;70.0;850.0;152771.867641;485828.297238;Nederland;n.a.;n.a.;Zeewolde;Flevoland;land;52.3603431055116;5.354495019832451;BU00500007;GM0050;BU00500007;GM0050;BU00500007;GM0050;False;False
193.0;155.0;11000.0;65412.7843761;485954.45588;Nederland;Windpark Hollandse Kust Zuid;SG 11.0-200;n.a.;n.a.;zee;52.35417648365946;4.072185574996316;n.a.;n.a.;n.a.;n.a.;n.a.;n.a.;False;False
52.0;70.0;850.0;152975.671912;485968.412674;Nederland;n.a.;n.a.;Zeewolde;Flevoland;land;52.36160319010591;5.357486051916683;BU00500007;GM0050;BU00500007;GM0050;BU00500007;GM0050;False;False
110.0;105.0;2000.0;162311.463902;486019.696597;Nederland;n.a.;n.a.;Zeewolde;Flevoland;land;52.36201897306075;5.494541519672212;BU00500007;GM0050;BU00500007;GM0050;BU00500007;GM0050;False;False
52.2;55.0;900.0;164812.0893;486028.2887;Nederland;n.a.;n.a.;Zeewolde;Flevoland;land;52.362057154927676;5.531252548567705;BU00500008;GM0050;BU00500008;GM0050;BU00500008;GM0050;False;False
52.0;70.0;850.0;151301.256673;486029.614401;Nederland;n.a.;n.a.;Zeewolde;Flevoland;land;52.36214455414515;5.332904075427231;BU00500007;GM0050;BU00500007;GM0050;BU00500007;GM0050;False;False
54.5;55.0;950.0;165246.9888;486053.4887;Nederland;n.a.;n.a.;Zeewolde;Flevoland;land;52.36227568917872;5.537637922965297;BU00500008;GM0050;BU00500008;GM0050;BU00500008;GM0050;False;False
132.0;94.0;3000.0;156229.043403;486119.156902;Nederland;n.a.;n.a.;Zeewolde;Flevoland;land;52.36296030499707;5.40524784760054;BU00500007;GM0050;BU00500007;GM0050;BU00500007;GM0050;False;False
52.0;55.0;850.0;165786.4881;486197.2887;Nederland;n.a.;n.a.;Zeewolde;Flevoland;land;52.36355775570611;5.545562776631012;BU00500008;GM0050;BU00500008;GM0050;BU00500008;GM0050;False;False
54.5;55.0;1000.0;161817.0927;486198.8886;Nederland;n.a.;n.a.;Zeewolde;Flevoland;land;52.363635843612876;5.48728746639597;BU00500007;GM0050;BU00500007;GM0050;BU00500007;GM0050;False;False
41.0;52.0;500.0;166200.8977;486214.7787;Nederland;n.a.;n.a.;Zeewolde;Flevoland;land;52.36370664244151;5.551647362979746;BU00500008;GM0050;BU00500008;GM0050;BU00500008;GM0050;False;False
141.0;150.0;4200.0;150634.803328;486224.483683;Nederland;n.a.;n.a.;Zeewolde;Flevoland;land;52.36389107691094;5.323117543612689;BU00500007;GM0050;BU00500007;GM0050;BU00500007;GM0050;False;False
52.0;70.0;850.0;152488.06189;486239.889713;Nederland;n.a.;n.a.;Zeewolde;Flevoland;land;52.36404110707683;5.350325657341146;BU00500007;GM0050;BU00500007;GM0050;BU00500007;GM0050;False;False
120.0;90.0;3600.0;154544.764403;486273.851597;Nederland;n.a.;n.a.;Zeewolde;Flevoland;land;52.36435185711046;5.380520767708389;BU00500007;GM0050;BU00500007;GM0050;BU00500007;GM0050;False;False
110.0;105.0;2000.0;162682.027403;486287.041098;Nederland;n.a.;n.a.;Zeewolde;Flevoland;land;52.36441668271929;5.499987751483957;BU00500007;GM0050;BU00500007;GM0050;BU00500007;GM0050;False;False
193.0;155.0;11000.0;67136.6701339;486288.014056;Nederland;Windpark Hollandse Kust Zuid;SG 11.0-200;n.a.;n.a.;zee;52.35745217813448;4.0973965340975065;n.a.;n.a.;n.a.;n.a.;n.a.;n.a.;False;False
193.0;155.0;11000.0;56283.7774284;486331.634906;Nederland;Windpark Hollandse Kust Zuid;SG 11.0-200;n.a.;n.a.;zee;52.356000962682295;3.9381126366404855;n.a.;n.a.;n.a.;n.a.;n.a.;n.a.;False;False
52.0;40.0;850.0;161382.0932;486363.3886;Nederland;n.a.;n.a.;Zeewolde;Flevoland;land;52.36511953568809;5.48090428373591;BU00500007;GM0050;BU00500007;GM0050;BU00500007;GM0050;False;False
52.0;70.0;850.0;152693.04;486383.2;Nederland;n.a.;n.a.;Zeewolde;Flevoland;land;52.365330014527856;5.353334031932654;BU00500007;GM0050;BU00500007;GM0050;BU00500007;GM0050;False;False
52.0;70.0;850.0;151014.71235;486436.412089;Nederland;n.a.;n.a.;Zeewolde;Flevoland;land;52.36579867987856;5.328692591075864;BU00500007;GM0050;BU00500007;GM0050;BU00500007;GM0050;False;False
47.0;55.0;660.0;163574.8807;486487.5286;Nederland;n.a.;n.a.;Zeewolde;Flevoland;land;52.36620534010372;5.513101244389148;BU00500008;GM0050;BU00500008;GM0050;BU00500008;GM0050;False;False
132.0;94.0;3000.0;155940.238898;486529.394898;Nederland;n.a.;n.a.;Zeewolde;Flevoland;land;52.366647926892476;5.4010090743682;BU00500007;GM0050;BU00500007;GM0050;BU00500007;GM0050;False;False
132.0;94.0;3000.0;162046.185597;486581.716902;Nederland;n.a.;n.a.;Zeewolde;Flevoland;land;52.36707364078458;5.490658860873881;BU00500007;GM0050;BU00500007;GM0050;BU00500007;GM0050;False;False
47.0;38.5;660.0;156507.8988;486586.5892;Nederland;n.a.;n.a.;Zeewolde;Flevoland;land;52.36716068762116;5.409343832012653;BU00500007;GM0050;BU00500007;GM0050;BU00500007;GM0050;False;False
110.0;105.0;2000.0;163007.35632;486606.684898;Nederland;n.a.;n.a.;Zeewolde;Flevoland;land;52.3672848458636;5.504771674765673;BU00500007;GM0050;BU00500007;GM0050;BU00500007;GM0050;False;False
141.0;150.0;4200.0;150347.068378;486636.573049;Nederland;n.a.;n.a.;Zeewolde;Flevoland;land;52.36759240145073;5.318887534619399;BU00500007;GM0050;BU00500007;GM0050;BU00500007;GM0050;False;False
193.0;155.0;11000.0;69019.9210635;486651.631008;Nederland;Windpark Hollandse Kust Zuid;SG 11.0-200;n.a.;n.a.;zee;52.36101758312251;4.124942632424903;n.a.;n.a.;n.a.;n.a.;n.a.;n.a.;False;False
54.5;70.0;1000.0;152189.9038;486652.5903;Nederland;n.a.;n.a.;Zeewolde;Flevoland;land;52.367748845063396;5.345944860263178;BU00500007;GM0050;BU00500007;GM0050;BU00500007;GM0050;False;False
120.0;90.0;3600.0;154257.861403;486678.162403;Nederland;n.a.;n.a.;Zeewolde;Flevoland;land;52.36798532355034;5.37630773768761;BU00500007;GM0050;BU00500007;GM0050;BU00500007;GM0050;False;False
193.0;155.0;11000.0;59910.551265;486777.456479;Nederland;Windpark Hollandse Kust Zuid;SG 11.0-200;n.a.;n.a.;zee;52.36064664741264;3.9912098859749094;n.a.;n.a.;n.a.;n.a.;n.a.;n.a.;False;False
47.0;55.0;660.0;163897.0103;486840.5485;Nederland;n.a.;n.a.;Zeewolde;Flevoland;land;52.36937299305964;5.517840117775574;BU00500008;GM0050;BU00500008;GM0050;BU00500008;GM0050;False;False
54.5;55.0;950.0;160346.0944;486843.1886;Nederland;n.a.;n.a.;Zeewolde;Flevoland;land;52.36944285529255;5.465701720432616;BU00500007;GM0050;BU00500007;GM0050;BU00500007;GM0050;False;False
52.0;55.0;850.0;162641.2918;486852.2885;Nederland;n.a.;n.a.;Zeewolde;Flevoland;land;52.369497446319706;5.499402564301653;BU00500007;GM0050;BU00500007;GM0050;BU00500007;GM0050;False;False
52.2;40.0;900.0;161025.278;486871.4803;Nederland;n.a.;n.a.;Zeewolde;Flevoland;land;52.36969008086689;5.4756747612106;BU00500007;GM0050;BU00500007;GM0050;BU00500007;GM0050;False;False
117.0;91.0;3600.0;137521.45571;486910.040134;Nederland;n.a.;n.a.;Almere;Flevoland;land;52.36979195216941;5.1305621491673765;BU00349615;GM0034;BU00349615;GM0034;BU00349615;GM0034;False;False
110.0;105.0;2000.0;163283.842597;486911.488902;Nederland;n.a.;n.a.;Zeewolde;Flevoland;land;52.37002018048213;5.508838678034879;BU00500007;GM0050;BU00500007;GM0050;BU00500007;GM0050;False;False
132.0;94.0;3000.0;161799.621403;486932.95032;Nederland;n.a.;n.a.;Zeewolde;Flevoland;land;52.370233485618634;5.487045842629063;BU00500007;GM0050;BU00500007;GM0050;BU00500007;GM0050;False;False
54.5;55.0;1000.0;160532.6942;486974.6886;Nederland;n.a.;n.a.;Zeewolde;Flevoland;land;52.370622866843455;5.468443757058154;BU00500007;GM0050;BU00500007;GM0050;BU00500007;GM0050;False;False
120.0;90.0;3600.0;155615.573098;486990.563902;Nederland;n.a.;n.a.;Zeewolde;Flevoland;land;52.37079318209618;5.396243124458764;BU00500007;GM0050;BU00500007;GM0050;BU00500007;GM0050;False;False
48.0;45.0;750.0;166095.8877;487000.3886;Nederland;n.a.;n.a.;Zeewolde;Flevoland;land;52.37076947934055;5.550131655063126;BU00500008;GM0050;BU00500008;GM0050;BU00500008;GM0050;False;False
193.0;155.0;11000.0;62018.1758051;487043.16789;Nederland;Windpark Hollandse Kust Zuid;SG 11.0-200;n.a.;n.a.;zee;52.36339504661538;4.022069620860633;n.a.;n.a.;n.a.;n.a.;n.a.;n.a.;False;False
141.0;150.0;4200.0;150061.979266;487046.016576;Nederland;n.a.;n.a.;Zeewolde;Flevoland;land;52.371269817262686;5.31469570846389;BU00500007;GM0050;BU00500007;GM0050;BU00500007;GM0050;False;False
52.0;70.0;850.0;151875.86;487068.87;Nederland;n.a.;n.a.;Zeewolde;Flevoland;land;52.37148849555831;5.341330035090151;BU00500007;GM0050;BU00500007;GM0050;BU00500007;GM0050;False;False
52.2;40.0;900.0;160881.3053;487076.3635;Nederland;n.a.;n.a.;Zeewolde;Flevoland;land;52.371533044693734;5.473564374157227;BU00500007;GM0050;BU00500007;GM0050;BU00500007;GM0050;False;False
120.0;90.0;3600.0;153970.958597;487082.473098;Nederland;n.a.;n.a.;Zeewolde;Flevoland;land;52.37161863641471;5.372094020207727;BU00500007;GM0050;BU00500007;GM0050;BU00500007;GM0050;False;False
193.0;155.0;11000.0;71322.6225735;487155.072913;Nederland;Windpark Hollandse Kust Zuid;SG 11.0-200;n.a.;n.a.;zee;52.36589711059166;4.1586154233712564;n.a.;n.a.;n.a.;n.a.;n.a.;n.a.;False;False
18.0;40.0;80.0;157625.0288;487191.2899;Nederland;n.a.;n.a.;Zeewolde;Flevoland;land;52.372591247612455;5.42575069573703;BU00500007;GM0050;BU00500007;GM0050;BU00500007;GM0050;False;False
52.0;70.0;850.0;152080.79;487211.74;Nederland;n.a.;n.a.;Zeewolde;Flevoland;land;52.372773672261815;5.344337950822608;BU00500007;GM0050;BU00500007;GM0050;BU00500007;GM0050;False;False
117.0;91.0;3600.0;137341.538684;487213.25324;Nederland;n.a.;n.a.;Almere;Flevoland;land;52.372511323271844;5.127904481062674;BU00349615;GM0034;BU00349615;GM0034;BU00349615;GM0034;False;False
54.5;55.0;950.0;160063.3948;487241.9886;Nederland;n.a.;n.a.;Zeewolde;Flevoland;land;52.37302977972985;5.461556830801702;BU00500007;GM0050;BU00500007;GM0050;BU00500007;GM0050;False;False
110.0;105.0;2000.0;163583.759102;487242.123102;Nederland;n.a.;n.a.;Zeewolde;Flevoland;land;52.37298715739524;5.513250897560105;BU00500007;GM0050;BU00500007;GM0050;BU00500007;GM0050;False;False
48.0;55.0;600.0;163044.2913;487274.5885;Nederland;n.a.;n.a.;Zeewolde;Flevoland;land;52.373287123153645;5.505329980194739;BU00500007;GM0050;BU00500007;GM0050;BU00500007;GM0050;False;False
132.0;94.0;3000.0;161555.499213;487280.705102;Nederland;n.a.;n.a.;Zeewolde;Flevoland;land;52.373361924956484;5.483468100914721;BU00500007;GM0050;BU00500007;GM0050;BU00500007;GM0050;False;False
193.0;155.0;11000.0;64359.6240104;487332.489143;Nederland;Windpark Hollandse Kust Zuid;SG 11.0-200;n.a.;n.a.;zee;52.366386201171544;4.056359136514251;n.a.;n.a.;n.a.;n.a.;n.a.;n.a.;False;False
120.0;90.0;3600.0;155358.90832;487355.147902;Nederland;n.a.;n.a.;Zeewolde;Flevoland;land;52.374070136844885;5.392474768417842;BU00500007;GM0050;BU00500007;GM0050;BU00500007;GM0050;False;False
117.0;91.0;3600.0;137901.398137;487368.299384;Nederland;n.a.;n.a.;Almere;Flevoland;land;52.37392251182494;5.136117589064577;BU00349615;GM0034;BU00349615;GM0034;BU00349615;GM0034;False;False
54.5;55.0;950.0;160252.4946;487375.2886;Nederland;n.a.;n.a.;Zeewolde;Flevoland;land;52.374226040047944;5.4643357189848745;BU00500007;GM0050;BU00500007;GM0050;BU00500007;GM0050;False;False
52.0;70.0;850.0;153219.59;487403.01;Nederland;n.a.;n.a.;Zeewolde;Flevoland;land;52.374497574199836;5.361059348075281;BU00500007;GM0050;BU00500007;GM0050;BU00500007;GM0050;False;False
52.0;36.0;850.0;155931.2997;487415.5892;Nederland;n.a.;n.a.;Zeewolde;Flevoland;land;52.3746126722075;5.4008803129731096;BU00500007;GM0050;BU00500007;GM0050;BU00500007;GM0050;False;False
193.0;155.0;11000.0;56522.8555403;487422.79342;Nederland;Windpark Hollandse Kust Zuid;SG 11.0-200;n.a.;n.a.;zee;52.36584821517309;3.941301517515922;n.a.;n.a.;n.a.;n.a.;n.a.;n.a.;False;False
141.0;150.0;4200.0;149775.567235;487455.460103;Nederland;n.a.;n.a.;Zeewolde;Flevoland;land;52.374947068268554;5.310483758765268;BU00500007;GM0050;BU00500007;GM0050;BU00500007;GM0050;False;False
52.0;70.0;850.0;151580.439048;487471.988475;Nederland;n.a.;n.a.;Zeewolde;Flevoland;land;52.375109792110756;5.336988041601805;BU00500007;GM0050;BU00500007;GM0050;BU00500007;GM0050;False;False
120.0;90.0;3600.0;153684.055597;487486.784;Nederland;n.a.;n.a.;Zeewolde;Flevoland;land;52.37525179834436;5.3678796092321255;BU00500007;GM0050;BU00500007;GM0050;BU00500007;GM0050;False;False
120.0;90.0;3600.0;158260.0;487496.0;Nederland;n.a.;n.a.;Zeewolde;Flevoland;land;52.375326430637685;5.4350776875799385;BU00500007;GM0050;BU00500007;GM0050;BU00500007;GM0050;False;False
117.0;91.0;3600.0;138409.399153;487504.507156;Nederland;n.a.;n.a.;Almere;Flevoland;land;52.37516225656525;5.143570612553669;BU00349615;GM0034;BU00349615;GM0034;BU00349615;GM0034;False;False
54.5;55.0;950.0;160437.8944;487505.4885;Nederland;n.a.;n.a.;Zeewolde;Flevoland;land;52.375394409243206;5.4670603719398025;BU00500007;GM0050;BU00500007;GM0050;BU00500007;GM0050;False;False
117.0;91.0;3600.0;137161.621657;487515.937179;Nederland;n.a.;n.a.;Almere;Flevoland;land;52.37522587770408;5.125246514860563;BU00349615;GM0034;BU00349615;GM0034;BU00349615;GM0034;False;False
110.0;105.0;2000.0;163900.583833;487591.397098;Nederland;n.a.;n.a.;Zeewolde;Flevoland;land;52.376121219489136;5.517912503329731;BU00500007;GM0050;BU00500007;GM0050;BU00500007;GM0050;False;False
132.0;94.0;3000.0;161311.377098;487628.460102;Nederland;n.a.;n.a.;Zeewolde;Flevoland;land;52.37649025607375;5.479889855877705;BU00500007;GM0050;BU00500007;GM0050;BU00500007;GM0050;False;False
52.0;36.0;850.0;154462.9046;487631.2801;Nederland;n.a.;n.a.;Zeewolde;Flevoland;land;52.37655176389194;5.379316823314825;BU00500007;GM0050;BU00500007;GM0050;BU00500007;GM0050;False;False
52.0;70.0;850.0;160621.4159;487635.6119;Nederland;n.a.;n.a.;Zeewolde;Flevoland;land;52.376562047144944;5.469757583457605;BU00500007;GM0050;BU00500007;GM0050;BU00500007;GM0050;False;False
52.0;55.0;850.0;162126.7144;487657.2181;Nederland;n.a.;n.a.;Zeewolde;Flevoland;land;52.376738722529865;5.49186405861649;BU00500007;GM0050;BU00500007;GM0050;BU00500007;GM0050;False;False
117.0;91.0;3600.0;137734.181136;487673.629161;Nederland;n.a.;n.a.;Almere;Flevoland;land;52.37666142861977;5.13364640928743;BU00349615;GM0034;BU00349615;GM0034;BU00349615;GM0034;False;False
54.5;70.0;1000.0;163098.2713;487710.2074;Nederland;n.a.;n.a.;Zeewolde;Flevoland;land;52.37720147160252;5.506133158491118;BU00500007;GM0050;BU00500007;GM0050;BU00500007;GM0050;False;False
52.2;55.0;900.0;163450.1908;487725.7884;Nederland;n.a.;n.a.;Zeewolde;Flevoland;land;52.37733619412823;5.511301725634658;BU00500007;GM0050;BU00500007;GM0050;BU00500007;GM0050;False;False
120.0;90.0;3600.0;155058.068902;487782.478098;Nederland;n.a.;n.a.;Zeewolde;Flevoland;land;52.3779109116276;5.388057131224828;BU00500007;GM0050;BU00500007;GM0050;BU00500007;GM0050;False;False
117.0;91.0;3600.0;138256.998848;487788.141057;Nederland;n.a.;n.a.;Almere;Flevoland;land;52.37770678876546;5.141318498372464;BU00349615;GM0034;BU00349615;GM0034;BU00349615;GM0034;False;False
52.0;70.0;850.0;152931.89;487812.11;Nederland;n.a.;n.a.;Zeewolde;Flevoland;land;52.37817338029119;5.356832025220212;BU00500007;GM0050;BU00500007;GM0050;BU00500007;GM0050;False;False
52.0;36.0;850.0;155638.5001;487821.2892;Nederland;n.a.;n.a.;Zeewolde;Flevoland;land;52.37825934821785;5.396581381509326;BU00500007;GM0050;BU00500007;GM0050;BU00500007;GM0050;False;False
193.0;155.0;11000.0;66673.6194514;487851.37117;Nederland;Windpark Hollandse Kust Zuid;SG 11.0-200;n.a.;n.a.;zee;52.37142578247572;4.090190021106738;n.a.;n.a.;n.a.;n.a.;n.a.;n.a.;False;False
54.5;55.0;950.0;161977.3926;487852.9884;Nederland;n.a.;n.a.;Zeewolde;Flevoland;land;52.378500137827075;5.489675262195356;BU00500007;GM0050;BU00500007;GM0050;BU00500007;GM0050;False;False
132.0;94.0;3000.0;158000.836;487863.949597;Nederland;n.a.;n.a.;Zeewolde;Flevoland;land;52.37863488033452;5.431275143862764;BU00500007;GM0050;BU00500007;GM0050;BU00500007;GM0050;False;False
141.0;150.0;4200.0;149490.478123;487867.549469;Nederland;n.a.;n.a.;Zeewolde;Flevoland;land;52.37864795989367;5.3062904967941105;BU00500007;GM0050;BU00500007;GM0050;BU00500007;GM0050;False;False
120.0;90.0;3600.0;153397.152597;487891.094902;Nederland;n.a.;n.a.;Zeewolde;Flevoland;land;52.37888480748716;5.363664507535346;BU00500007;GM0050;BU00500007;GM0050;BU00500007;GM0050;False;False
54.5;70.0;950.0;163266.791;487895.0884;Nederland;n.a.;n.a.;Zeewolde;Flevoland;land;52.3788605806408;5.508612540161494;BU00500007;GM0050;BU00500007;GM0050;BU00500007;GM0050;False;False
110.0;105.0;2000.0;164208.514102;487930.830102;Nederland;n.a.;n.a.;Zeewolde;Flevoland;land;52.37916679896433;5.52244387179395;BU00500007;GM0050;BU00500007;GM0050;BU00500007;GM0050;False;False
52.0;36.0;850.0;155843.7999;487966.2891;Nederland;n.a.;n.a.;Zeewolde;Flevoland;land;52.37956226079064;5.399596793934343;BU00500007;GM0050;BU00500007;GM0050;BU00500007;GM0050;False;False
132.0;94.0;3000.0;161067.255098;487976.215102;Nederland;n.a.;n.a.;Zeewolde;Flevoland;land;52.37961847713881;5.476311107411421;BU00500007;GM0050;BU00500007;GM0050;BU00500007;GM0050;False;False
117.0;91.0;3600.0;137564.847464;487982.663112;Nederland;n.a.;n.a.;Almere;Flevoland;land;52.37943351542243;5.131143646781906;BU00349615;GM0034;BU00349615;GM0034;BU00349615;GM0034;False;False
82.0;108.0;3000.0;167592.0499;488016.3877;Nederland;n.a.;n.a.;Zeewolde;Flevoland;land;52.379868482028066;5.572138684046397;BU00500008;GM0050;BU00500008;GM0050;BU00500008;GM0050;False;False
82.0;108.0;3000.0;167007.3486;488030.9456;Nederland;n.a.;n.a.;Zeewolde;Flevoland;land;52.38001243671466;5.563551973617658;BU00500008;GM0050;BU00500008;GM0050;BU00500008;GM0050;False;False
52.0;70.0;850.0;151485.13;488040.32;Nederland;n.a.;n.a.;Zeewolde;Flevoland;land;52.38021710014479;5.33558250072637;BU00500007;GM0050;BU00500007;GM0050;BU00500007;GM0050;False;False
54.5;70.0;1000.0;162709.4;488062.1113;Nederland;n.a.;n.a.;Zeewolde;Flevoland;land;52.38036982865039;5.500430409023783;BU00500007;GM0050;BU00500007;GM0050;BU00500007;GM0050;False;False
54.5;70.0;950.0;163775.7904;488082.8884;Nederland;n.a.;n.a.;Zeewolde;Flevoland;land;52.38054052608578;5.516092730784959;BU00500007;GM0050;BU00500007;GM0050;BU00500007;GM0050;False;False
82.0;108.0;3000.0;168031.4003;488084.5137;Nederland;n.a.;n.a.;Zeewolde;Flevoland;land;52.38047050012781;5.578593857160756;BU00500008;GM0050;BU00500008;GM0050;BU00500008;GM0050;False;False
117.0;91.0;3600.0;138096.13186;488097.704176;Nederland;n.a.;n.a.;Almere;Flevoland;land;52.380484054276145;5.138940477251489;BU00349615;GM0034;BU00349615;GM0034;BU00349615;GM0034;False;False
82.0;108.0;3000.0;166605.36;488108.6205;Nederland;n.a.;n.a.;Zeewolde;Flevoland;land;52.3807191967754;5.55765082309525;BU00500008;GM0050;BU00500008;GM0050;BU00500008;GM0050;False;False
193.0;155.0;11000.0;70019.1431886;488115.556144;Nederland;Windpark Hollandse Kust Zuid;SG 11.0-200;n.a.;n.a.;zee;52.37432769198641;4.139238616080952;n.a.;n.a.;n.a.;n.a.;n.a.;n.a.;False;False
120.0;90.0;3600.0;154773.324902;488186.945098;Nederland;n.a.;n.a.;Zeewolde;Flevoland;land;52.38154604100833;5.38387513974094;BU00500007;GM0050;BU00500007;GM0050;BU00500007;GM0050;False;False
193.0;155.0;11000.0;57815.5541224;488205.805637;Nederland;Windpark Hollandse Kust Zuid;SG 11.0-200;n.a.;n.a.;zee;52.37311410643819;3.9600496344818654;n.a.;n.a.;n.a.;n.a.;n.a.;n.a.;False;False
82.0;108.0;3000.0;168455.3278;488218.5138;Nederland;n.a.;n.a.;Zeewolde;Flevoland;land;52.381664588411525;5.584825331758401;BU00500008;GM0050;BU00500008;GM0050;BU00500008;GM0050;False;False
132.0;94.0;3000.0;157741.0;488232.0;Nederland;n.a.;n.a.;Zeewolde;Flevoland;land;52.38194411501656;5.427462163608152;BU00500007;GM0050;BU00500007;GM0050;BU00500007;GM0050;False;False
54.5;70.0;1000.0;162521.592;488235.7883;Nederland;n.a.;n.a.;Zeewolde;Flevoland;land;52.38193336635066;5.49767601954428;BU00500007;GM0050;BU00500007;GM0050;BU00500007;GM0050;False;False
82.0;108.0;3000.0;166218.2965;488242.0735;Nederland;n.a.;n.a.;Zeewolde;Flevoland;land;52.381926664023084;5.5519705549163465;BU00500008;GM0050;BU00500008;GM0050;BU00500008;GM0050;False;False
54.5;70.0;1000.0;163591.1907;488250.2883;Nederland;n.a.;n.a.;Zeewolde;Flevoland;land;52.382047962052745;5.513385843922963;BU00500007;GM0050;BU00500007;GM0050;BU00500007;GM0050;False;False
110.0;105.0;2000.0;164518.151102;488272.216102;Nederland;n.a.;n.a.;Zeewolde;Flevoland;land;52.3822297258606;5.527000985167552;BU00500007;GM0050;BU00500007;GM0050;BU00500007;GM0050;False;False
54.5;70.0;950.0;162841.4916;488282.3883;Nederland;n.a.;n.a.;Zeewolde;Flevoland;land;52.3823477011428;5.502375552782461;BU00500007;GM0050;BU00500007;GM0050;BU00500007;GM0050;False;False
132.0;94.0;3000.0;160823.132902;488323.970098;Nederland;n.a.;n.a.;Zeewolde;Flevoland;land;52.382746588120966;5.472731851007058;BU00500007;GM0050;BU00500007;GM0050;BU00500007;GM0050;False;False
120.0;90.0;3600.0;153087.775902;488327.076098;Nederland;n.a.;n.a.;Zeewolde;Flevoland;land;52.382802224600916;5.3591184540994155;BU00500007;GM0050;BU00500007;GM0050;BU00500007;GM0050;False;False
193.0;155.0;11000.0;73335.8561248;488357.63869;Nederland;Windpark Hollandse Kust Zuid;SG 11.0-200;n.a.;n.a.;zee;52.37700639738785;4.187876120361927;n.a.;n.a.;n.a.;n.a.;n.a.;n.a.;False;False
52.0;36.0;850.0;155530.3004;488381.1892;Nederland;n.a.;n.a.;Zeewolde;Flevoland;land;52.383291593626204;5.394993258034153;BU00500007;GM0050;BU00500007;GM0050;BU00500007;GM0050;False;False
54.5;70.0;950.0;164058.2901;488392.2883;Nederland;n.a.;n.a.;Zeewolde;Flevoland;land;52.3833166700493;5.520250096006622;BU00500007;GM0050;BU00500007;GM0050;BU00500007;GM0050;False;False
117.0;91.0;3600.0;137929.973194;488413.617308;Nederland;n.a.;n.a.;Almere;Flevoland;land;52.38331817623838;5.1364841115669835;BU00349615;GM0034;BU00349615;GM0034;BU00349615;GM0034;False;False
82.0;108.0;3000.0;168854.0143;488415.2838;Nederland;n.a.;n.a.;Zeewolde;Flevoland;land;52.3834231308159;5.59068900616742;BU00500008;GM0050;BU00500008;GM0050;BU00500008;GM0050;False;False
54.5;70.0;1000.0;162687.0742;488422.9287;Nederland;n.a.;n.a.;Zeewolde;Flevoland;land;52.38361299996398;5.500110787236207;BU00500007;GM0050;BU00500007;GM0050;BU00500007;GM0050;False;False
112.0;81.0;3000.0;71758.6998;488427.8158;Nederland;Luchterduinen;V112;n.a.;n.a.;zee;52.377400126409505;4.164701457149385;n.a.;n.a.;n.a.;n.a.;n.a.;n.a.;False;False
82.0;108.0;3000.0;165853.8569;488428.6524;Nederland;n.a.;n.a.;Zeewolde;Flevoland;land;52.38361088090158;5.5466239872083625;BU00500008;GM0050;BU00500008;GM0050;BU00500008;GM0050;False;False
193.0;155.0;11000.0;61588.901868;488444.637262;Nederland;Windpark Hollandse Kust Zuid;SG 11.0-200;n.a.;n.a.;zee;52.375915068332716;4.015379359867721;n.a.;n.a.;n.a.;n.a.;n.a.;n.a.;False;False
52.0;70.0;850.0;151205.76;488455.24;Nederland;n.a.;n.a.;Zeewolde;Flevoland;land;52.38394435653613;5.331474805059533;BU00500007;GM0050;BU00500007;GM0050;BU00500007;GM0050;False;False
48.0;55.0;750.0;163777.9106;488460.7414;Nederland;n.a.;n.a.;Zeewolde;Flevoland;land;52.383936456024045;5.5161337588062;BU00500007;GM0050;BU00500007;GM0050;BU00500007;GM0050;False;False
52.0;36.0;850.0;156642.6991;488528.1889;Nederland;n.a.;n.a.;Zeewolde;Flevoland;land;52.38461053433332;5.411332579859123;BU00500007;GM0050;BU00500007;GM0050;BU00500007;GM0050;False;False
110.0;105.0;2000.0;164801.703102;488584.810102;Nederland;n.a.;n.a.;Zeewolde;Flevoland;land;52.385034173673;5.531174741454789;BU00500007;GM0050;BU00500007;GM0050;BU00500007;GM0050;False;False
120.0;90.0;3600.0;157481.0;488601.0;Nederland;n.a.;n.a.;Zeewolde;Flevoland;land;52.38526176000309;5.423646212239131;BU00500007;GM0050;BU00500007;GM0050;BU00500007;GM0050;False;False
120.0;90.0;3600.0;154481.568597;488601.373098;Nederland;n.a.;n.a.;Zeewolde;Flevoland;land;52.38527053837526;5.379589448244193;BU00500007;GM0050;BU00500007;GM0050;BU00500007;GM0050;False;False
193.0;155.0;11000.0;56782.3787542;488612.092278;Nederland;Windpark Hollandse Kust Zuid;SG 11.0-200;n.a.;n.a.;zee;52.37658084062947;3.9447632700523454;n.a.;n.a.;n.a.;n.a.;n.a.;n.a.;False;False
52.0;36.0;850.0;155032.0011;488641.8892;Nederland;n.a.;n.a.;Zeewolde;Flevoland;land;52.38563491108224;5.387674411887658;BU00500007;GM0050;BU00500007;GM0050;BU00500007;GM0050;False;False
193.0;155.0;11000.0;65019.6477055;488654.523929;Nederland;Windpark Hollandse Kust Zuid;SG 11.0-200;n.a.;n.a.;zee;52.378374047405195;4.06569360351308;n.a.;n.a.;n.a.;n.a.;n.a.;n.a.;False;False
52.2;55.0;900.0;162059.5125;488657.1083;Nederland;n.a.;n.a.;Zeewolde;Flevoland;land;52.38572614048675;5.490898214760992;BU00500007;GM0050;BU00500007;GM0050;BU00500007;GM0050;False;False
13.0;15.0;15.0;267233.219;488668.996994;Nederland;n.a.;EAZ wind;Dinkelland;Overijssel;land;52.374401217264165;7.035423250225788;BU17741099;GM1774;BU17741099;GM1774;BU17741099;GM1774;False;False
82.0;108.0;3000.0;169218.2308;488670.2679;Nederland;n.a.;n.a.;Zeewolde;Flevoland;land;52.3857054754877;5.596049308032795;BU00500008;GM0050;BU00500008;GM0050;BU00500008;GM0050;False;False
132.0;94.0;3000.0;160579.010898;488671.725098;Nederland;n.a.;n.a.;Zeewolde;Flevoland;land;52.38587458898164;5.46915209243653;BU00500007;GM0050;BU00500007;GM0050;BU00500007;GM0050;False;False
120.0;90.0;3600.0;152823.346898;488699.716403;Nederland;n.a.;n.a.;Zeewolde;Flevoland;land;52.386150364498015;5.3552322357368745;BU00500007;GM0050;BU00500007;GM0050;BU00500007;GM0050;False;False
193.0;155.0;11000.0;74740.4757158;488734.700315;Nederland;Windpark Hollandse Kust Zuid;SG 11.0-200;n.a.;n.a.;zee;52.38060182263241;4.20841020655257;n.a.;n.a.;n.a.;n.a.;n.a.;n.a.;False;False
112.0;81.0;3000.0;71225.9209;488737.3081;Nederland;Luchterduinen;V112;n.a.;n.a.;zee;52.3801001393777;4.156801477730279;n.a.;n.a.;n.a.;n.a.;n.a.;n.a.;False;False
52.0;36.0;850.0;155236.4009;488785.5892;Nederland;n.a.;n.a.;Zeewolde;Flevoland;land;52.38692636606689;5.390676843263377;BU00500007;GM0050;BU00500007;GM0050;BU00500007;GM0050;False;False
54.5;70.0;950.0;164402.3897;488815.7883;Nederland;n.a.;n.a.;Zeewolde;Flevoland;land;52.38711708941858;5.525315998117192;BU00500007;GM0050;BU00500007;GM0050;BU00500007;GM0050;False;False
54.5;70.0;950.0;162181.7037;488883.0833;Nederland;n.a.;n.a.;Zeewolde;Flevoland;land;52.387755508245455;5.492697862021097;BU00500007;GM0050;BU00500007;GM0050;BU00500007;GM0050;False;False
193.0;155.0;11000.0;76109.3612508;488885.401094;Nederland;Windpark Hollandse Kust Zuid;SG 11.0-200;n.a.;n.a.;zee;52.382154468546645;4.2284760427022094;n.a.;n.a.;n.a.;n.a.;n.a.;n.a.;False;False
52.0;36.0;850.0;156355.0995;488937.5889;Nederland;n.a.;n.a.;Zeewolde;Flevoland;land;52.38829082340578;5.407109938565036;BU00500007;GM0050;BU00500007;GM0050;BU00500007;GM0050;False;False
54.5;55.0;1000.0;164675.1893;488942.6883;Nederland;n.a.;n.a.;Lelystad;Flevoland;land;52.388252856940134;5.529326798925531;BU09951068;GM0995;BU09951068;GM0995;BU09951068;GM0995;False;False
54.5;70.0;950.0;161718.393;488967.1883;Nederland;n.a.;n.a.;Zeewolde;Flevoland;land;52.38851728172894;5.4858938939140005;BU00500007;GM0050;BU00500007;GM0050;BU00500007;GM0050;False;False
120.0;90.0;3600.0;157221.0;488969.0;Nederland;n.a.;n.a.;Zeewolde;Flevoland;land;52.388570292243536;5.419829682999432;BU00500007;GM0050;BU00500007;GM0050;BU00500007;GM0050;False;False
54.5;70.0;950.0;164219.0899;488986.4883;Nederland;n.a.;n.a.;Zeewolde;Flevoland;land;52.3886543720928;5.522628209255738;BU00500007;GM0050;BU00500007;GM0050;BU00500007;GM0050;False;False
12.0;18.0;10.0;213808.06;488998.39;Nederland;n.a.;n.a.;Raalte;Overijssel;land;52.38568649100214;6.2510215906808275;BU01770119;GM0177;BU01770119;GM0177;BU01770119;GM0177;False;False
132.0;94.0;3000.0;160340.054098;489012.121902;Nederland;n.a.;n.a.;Zeewolde;Flevoland;land;52.388936297325095;5.465647586086601;BU00500007;GM0050;BU00500007;GM0050;BU00500007;GM0050;False;False
120.0;90.0;3600.0;154184.55268;489023.267102;Nederland;n.a.;n.a.;Zeewolde;Flevoland;land;52.38906197095659;5.375225757136209;BU00500007;GM0050;BU00500007;GM0050;BU00500007;GM0050;False;False
112.0;81.0;3000.0;70686.4006;489046.9748;Nederland;Luchterduinen;V112;n.a.;n.a.;zee;52.38280015223502;4.148801499399977;n.a.;n.a.;n.a.;n.a.;n.a.;n.a.;False;False
13.0;15.0;15.0;217140.628448;489055.055136;Nederland;n.a.;EAZ wind;Raalte;Overijssel;land;52.385828396349915;6.29997756223268;BU01770309;GM0177;BU01770309;GM0177;BU01770309;GM0177;False;False
141.0;150.0;4200.0;152536.443898;489104.027098;Nederland;n.a.;n.a.;Zeewolde;Flevoland;land;52.38978291315403;5.351015060903682;BU00500007;GM0050;BU00500007;GM0050;BU00500007;GM0050;False;False
54.5;55.0;1000.0;164489.4896;489109.2883;Nederland;n.a.;n.a.;Lelystad;Flevoland;land;52.389753423052284;5.526603710251017;BU09951068;GM0995;BU09951068;GM0995;BU09951068;GM0995;False;False
54.5;70.0;950.0;161880.4928;489157.1882;Nederland;n.a.;n.a.;Zeewolde;Flevoland;land;52.390222897699765;5.488278948402107;BU00500007;GM0050;BU00500007;GM0050;BU00500007;GM0050;False;False
112.0;81.0;3000.0;72084.9911;489201.3182;Nederland;Luchterduinen;V112;n.a.;n.a.;zee;52.38440011780531;4.1693014839259686;n.a.;n.a.;n.a.;n.a.;n.a.;n.a.;False;False
54.5;55.0;1000.0;164303.2898;489277.0882;Nederland;n.a.;n.a.;Lelystad;Flevoland;land;52.391264718735464;5.523873123835324;BU09951068;GM0995;BU09951068;GM0995;BU09951068;GM0995;False;False
52.0;55.0;850.0;153299.5034;489279.8896;Nederland;n.a.;n.a.;Zeewolde;Flevoland;land;52.39136636233912;5.362223419413492;BU00500007;GM0050;BU00500007;GM0050;BU00500007;GM0050;False;False
66.0;67.0;1750.0;166844.3898;489294.4763;Nederland;n.a.;n.a.;Zeewolde;Flevoland;land;52.39137196956318;5.561203281191125;BU00500008;GM0050;BU00500008;GM0050;BU00500008;GM0050;False;False
193.0;155.0;11000.0;63574.2464897;489315.098441;Nederland;Windpark Hollandse Kust Zuid;SG 11.0-200;n.a.;n.a.;zee;52.38407084754599;4.0442912401820665;n.a.;n.a.;n.a.;n.a.;n.a.;n.a.;False;False
120.0;90.0;3600.0;156962.0;489337.0;Nederland;n.a.;n.a.;Zeewolde;Flevoland;land;52.39187869564518;5.416027274524657;BU00500007;GM0050;BU00500007;GM0050;BU00500007;GM0050;False;False
52.2;55.0;900.0;165403.3994;489338.3923;Nederland;n.a.;n.a.;Lelystad;Flevoland;land;52.39179591004045;5.540035987047223;BU09951068;GM0995;BU09951068;GM0995;BU09951068;GM0995;False;False
54.5;55.0;950.0;161340.2935;489343.4882;Nederland;n.a.;n.a.;Zeewolde;Flevoland;land;52.39190379188824;5.480346946300683;BU00500007;GM0050;BU00500007;GM0050;BU00500007;GM0050;False;False
112.0;81.0;3000.0;70153.7549;489356.584;Nederland;Luchterduinen;V112;n.a.;n.a.;zee;52.38550016597124;4.140901522014328;n.a.;n.a.;n.a.;n.a.;n.a.;n.a.;False;False
132.0;94.0;3000.0;160084.446102;489376.238098;Nederland;n.a.;n.a.;Zeewolde;Flevoland;land;52.392211233599106;5.461898339672188;BU00500007;GM0050;BU00500007;GM0050;BU00500007;GM0050;False;False
18.0;34.0;80.0;154783.0022;489397.6423;Nederland;n.a.;n.a.;Zeewolde;Flevoland;land;52.39242722984898;5.3840165296861;BU00500007;GM0050;BU00500007;GM0050;BU00500007;GM0050;False;False
120.0;90.0;3600.0;153890.86632;489440.438597;Nederland;n.a.;n.a.;Zeewolde;Flevoland;land;52.39281080279294;5.370910248140649;BU00500007;GM0050;BU00500007;GM0050;BU00500007;GM0050;False;False
54.5;55.0;1000.0;164118.09;489443.6882;Nederland;n.a.;n.a.;Lelystad;Flevoland;land;52.39276515028983;5.521157009366911;BU09951068;GM0995;BU09951068;GM0995;BU09951068;GM0995;False;False
90.0;90.0;2200.0;115629.677068;489473.054654;Nederland;n.a.;n.a.;Amsterdam;Noord-Holland;land;52.39169324862359;4.808830258479712;BU0363FA03;GM0363;BU0363FA03;GM0363;BU0363FA03;GM0363;False;False
52.0;55.0;850.0;154453.702;489481.0893;Nederland;n.a.;n.a.;Zeewolde;Flevoland;land;52.39317698958155;5.3791787311154975;BU00500007;GM0050;BU00500007;GM0050;BU00500007;GM0050;False;False
112.0;81.0;3000.0;71565.704;489499.4202;Nederland;Luchterduinen;V112;n.a.;n.a.;zee;52.3870001304425;4.161601504982299;n.a.;n.a.;n.a.;n.a.;n.a.;n.a.;False;False
141.0;150.0;4200.0;152249.540898;489508.338;Nederland;n.a.;n.a.;Zeewolde;Flevoland;land;52.393415310601256;5.346797194697931;BU00500007;GM0050;BU00500007;GM0050;BU00500007;GM0050;False;False
52.0;55.0;850.0;161526.2814;489511.1082;Nederland;n.a.;n.a.;Zeewolde;Flevoland;land;52.39340809460782;5.483082476758689;BU00500007;GM0050;BU00500007;GM0050;BU00500007;GM0050;False;False
52.0;36.0;850.0;158075.4975;489536.8885;Nederland;n.a.;n.a.;Zeewolde;Flevoland;land;52.39367006350375;5.432387015513086;BU00500007;GM0050;BU00500007;GM0050;BU00500007;GM0050;False;False
66.0;67.0;1750.0;167098.9863;489542.4884;Nederland;n.a.;n.a.;Zeewolde;Flevoland;land;52.39359541556916;5.564952338407649;BU00500008;GM0050;BU00500008;GM0050;BU00500008;GM0050;False;False
54.5;70.0;950.0;162803.3917;489561.3882;Nederland;n.a.;n.a.;Zeewolde;Flevoland;land;52.39384328177035;5.501845736389796;BU00500007;GM0050;BU00500007;GM0050;BU00500007;GM0050;False;False
193.0;155.0;11000.0;57136.0862822;489568.314378;Nederland;Windpark Hollandse Kust Zuid;SG 11.0-200;n.a.;n.a.;zee;52.385235900055115;3.949677721165546;n.a.;n.a.;n.a.;n.a.;n.a.;n.a.;False;False
193.0;155.0;11000.0;58180.7743324;489594.869037;Nederland;Windpark Hollandse Kust Zuid;SG 11.0-200;n.a.;n.a.;zee;52.385659782543456;3.965010968413686;n.a.;n.a.;n.a.;n.a.;n.a.;n.a.;False;False
193.0;155.0;11000.0;67111.4572975;489599.715711;Nederland;Windpark Hollandse Kust Zuid;SG 11.0-200;n.a.;n.a.;zee;52.38720613289733;4.096160401532522;n.a.;n.a.;n.a.;n.a.;n.a.;n.a.;False;False
54.5;55.0;1000.0;163931.0903;489610.7882;Nederland;n.a.;n.a.;Lelystad;Flevoland;land;52.39427004222733;5.518414281372859;BU09951068;GM0995;BU09951068;GM0995;BU09951068;GM0995;False;False
52.0;55.0;850.0;154657.1018;489626.6892;Nederland;n.a.;n.a.;Zeewolde;Flevoland;land;52.39448573279512;5.3821667325735065;BU00500007;GM0050;BU00500007;GM0050;BU00500007;GM0050;False;False
193.0;155.0;11000.0;59500.1995094;489632.468062;Nederland;Windpark Hollandse Kust Zuid;SG 11.0-200;n.a.;n.a.;zee;52.38622879296283;3.9843759189226122;n.a.;n.a.;n.a.;n.a.;n.a.;n.a.;False;False
112.0;81.0;3000.0;69614.3685;489666.369;Nederland;Luchterduinen;V112;n.a.;n.a.;zee;52.388200178945176;4.132901543382274;n.a.;n.a.;n.a.;n.a.;n.a.;n.a.;False;False
193.0;155.0;11000.0;61117.0901509;489676.317721;Nederland;Windpark Hollandse Kust Zuid;SG 11.0-200;n.a.;n.a.;zee;52.386901766393734;4.008108052631427;n.a.;n.a.;n.a.;n.a.;n.a.;n.a.;False;False
52.2;35.0;900.0;158279.6973;489681.7885;Nederland;n.a.;n.a.;Zeewolde;Flevoland;land;52.39497116827499;5.435388367028573;BU00500007;GM0050;BU00500007;GM0050;BU00500007;GM0050;False;False
90.0;90.0;2200.0;115422.407277;489705.8293;Nederland;n.a.;n.a.;Amsterdam;Noord-Holland;land;52.39377032066655;4.805758048447091;BU0363FA03;GM0363;BU0363FA03;GM0363;BU0363FA03;GM0363;False;False
120.0;90.0;3600.0;156702.0;489706.0;Nederland;n.a.;n.a.;Zeewolde;Flevoland;land;52.395195965352386;5.41220961176941;BU00500007;GM0050;BU00500007;GM0050;BU00500007;GM0050;False;False
193.0;155.0;11000.0;62310.1011421;489708.886453;Nederland;Windpark Hollandse Kust Zuid;SG 11.0-200;n.a.;n.a.;zee;52.38739719545699;4.025619062687218;n.a.;n.a.;n.a.;n.a.;n.a.;n.a.;False;False
132.0;94.0;3000.0;159846.644102;489714.990098;Nederland;n.a.;n.a.;Zeewolde;Flevoland;land;52.395257930513296;5.458409773321656;BU00500007;GM0050;BU00500007;GM0050;BU00500007;GM0050;False;False
54.5;70.0;950.0;162614.6919;489725.6881;Nederland;n.a.;n.a.;Zeewolde;Flevoland;land;52.39532258393884;5.499077244645847;BU00500007;GM0050;BU00500007;GM0050;BU00500007;GM0050;False;False
54.5;70.0;950.0;160994.4939;489769.5882;Nederland;n.a.;n.a.;Zeewolde;Flevoland;land;52.39573726632956;5.475274581955693;BU00500007;GM0050;BU00500007;GM0050;BU00500007;GM0050;False;False
54.5;55.0;1000.0;163745.6905;489777.1881;Nederland;n.a.;n.a.;Lelystad;Flevoland;land;52.395768552538996;5.515694854265095;BU09951068;GM0995;BU09951068;GM0995;BU09951068;GM0995;False;False
66.0;67.0;1750.0;167356.986;489790.1884;Nederland;n.a.;n.a.;Zeewolde;Flevoland;land;52.395815859961516;5.568751759497359;BU00500008;GM0050;BU00500008;GM0050;BU00500008;GM0050;False;False
112.0;81.0;3000.0;71046.4791;489797.5773;Nederland;Luchterduinen;V112;n.a.;n.a.;zee;52.38960014267464;4.153901525327165;n.a.;n.a.;n.a.;n.a.;n.a.;n.a.;False;False
193.0;155.0;11000.0;74915.4870001;489836.809586;Nederland;Windpark Hollandse Kust Zuid;SG 11.0-200;n.a.;n.a.;zee;52.3905309362732;4.210717307245423;n.a.;n.a.;n.a.;n.a.;n.a.;n.a.;False;False
52.2;55.0;900.0;164829.9291;489850.5182;Nederland;n.a.;n.a.;Lelystad;Flevoland;land;52.396409227657905;5.531626439487859;BU09951068;GM0995;BU09951068;GM0995;BU09951068;GM0995;False;False
70.0;70.0;2000.0;165654.4881;489856.5882;Nederland;n.a.;n.a.;Lelystad;Flevoland;land;52.39644836985892;5.543741071611713;BU09951069;GM0995;BU09951069;GM0995;BU09951069;GM0995;False;False
141.0;150.0;4200.0;153596.696;489858.298;Nederland;n.a.;n.a.;Zeewolde;Flevoland;land;52.396565655678515;5.366586896590695;BU00500007;GM0050;BU00500007;GM0050;BU00500007;GM0050;False;False
52.0;70.0;850.0;152835.7042;489937.2897;Nederland;n.a.;n.a.;Zeewolde;Flevoland;land;52.39727313600614;5.355405809727253;BU00500007;GM0050;BU00500007;GM0050;BU00500007;GM0050;False;False
54.5;55.0;1000.0;163559.8907;489943.9881;Nederland;n.a.;n.a.;Lelystad;Flevoland;land;52.39727060213786;5.512969376509693;BU09951068;GM0995;BU09951068;GM0995;BU09951068;GM0995;False;False
52.0;36.0;850.0;157766.498;489963.2885;Nederland;n.a.;n.a.;Zeewolde;Flevoland;land;52.39750399298679;5.427850985390084;BU00500007;GM0050;BU00500007;GM0050;BU00500007;GM0050;False;False
112.0;81.0;3000.0;72417.8044;489963.6033;Nederland;Luchterduinen;V112;n.a.;n.a.;zee;52.39130010901891;4.174001508774869;n.a.;n.a.;n.a.;n.a.;n.a.;n.a.;False;False
112.0;81.0;3000.0;69081.8559;489976.095;Nederland;Luchterduinen;V112;n.a.;n.a.;zee;52.39090019279456;4.125001566201259;n.a.;n.a.;n.a.;n.a.;n.a.;n.a.;False;False
90.0;90.0;2200.0;115254.932248;489988.091349;Nederland;n.a.;n.a.;Amsterdam;Noord-Holland;land;52.396294945608545;4.803264325246026;BU0363FA02;GM0363;BU0363FA02;GM0363;BU0363FA02;GM0363;False;False
66.0;67.0;1750.0;167614.9856;490036.5884;Nederland;n.a.;n.a.;Zeewolde;Flevoland;land;52.39802449752084;5.572551510967313;BU00500008;GM0050;BU00500008;GM0050;BU00500008;GM0050;False;False
52.0;55.0;850.0;154372.5023;490060.1892;Nederland;n.a.;n.a.;Zeewolde;Flevoland;land;52.39838157633912;5.377984763378593;BU00500007;GM0050;BU00500007;GM0050;BU00500007;GM0050;False;False
120.0;90.0;3600.0;156442.0;490074.0;Nederland;n.a.;n.a.;Zeewolde;Flevoland;land;52.39850412220797;5.4083913730927256;BU00500007;GM0050;BU00500007;GM0050;BU00500007;GM0050;False;False
70.0;70.0;2000.0;165870.8641;490084.917;Nederland;n.a.;n.a.;Lelystad;Flevoland;land;52.398496222746644;5.546927479546789;BU09951069;GM0995;BU09951069;GM0995;BU09951069;GM0995;False;False
112.0;81.0;3000.0;70520.5102;490095.9062;Nederland;Luchterduinen;V112;n.a.;n.a.;zee;52.39220015542063;4.146101546936759;n.a.;n.a.;n.a.;n.a.;n.a.;n.a.;False;False
52.2;35.0;900.0;157974.0019;490102.6124;Nederland;n.a.;n.a.;Zeewolde;Flevoland;land;52.39875507844663;5.430900960530954;BU00500007;GM0050;BU00500007;GM0050;BU00500007;GM0050;False;False
13.0;15.0;15.0;244165.8755;490106.5785;Nederland;n.a.;EAZ wind;Almelo;Overijssel;land;52.391550913133095;6.697141717389278;BU01411309;GM0141;BU01411309;GM0141;BU01411309;GM0141;False;False
54.5;55.0;1000.0;163373.691;490111.0881;Nederland;n.a.;n.a.;Lelystad;Flevoland;land;52.39877529095709;5.5102378458004235;BU09951068;GM0995;BU09951068;GM0995;BU09951068;GM0995;False;False
54.5;70.0;1000.0;162986.6982;490133.8749;Nederland;n.a.;n.a.;Zeewolde;Flevoland;land;52.39898586635533;5.5045523713673825;BU00500007;GM0050;BU00500007;GM0050;BU00500007;GM0050;False;False
193.0;155.0;11000.0;65559.3979998;490185.694727;Nederland;Windpark Hollandse Kust Zuid;SG 11.0-200;n.a.;n.a.;zee;52.39222076933093;4.073210935730866;n.a.;n.a.;n.a.;n.a.;n.a.;n.a.;False;False
141.0;150.0;4200.0;153336.024167;490228.571167;Nederland;n.a.;n.a.;Zeewolde;Flevoland;land;52.39989276817979;5.362755252258112;BU00500007;GM0050;BU00500007;GM0050;BU00500007;GM0050;False;False
52.0;55.0;850.0;155538.4009;490258.8889;Nederland;n.a.;n.a.;Zeewolde;Flevoland;land;52.400167463353725;5.395115310703217;BU00500007;GM0050;BU00500007;GM0050;BU00500007;GM0050;False;False
112.0;81.0;3000.0;71912.1922;490261.4415;Nederland;Luchterduinen;V112;n.a.;n.a.;zee;52.393900121188494;4.166501530165661;n.a.;n.a.;n.a.;n.a.;n.a.;n.a.;False;False
54.5;55.0;950.0;160644.2944;490263.9881;Nederland;n.a.;n.a.;Zeewolde;Flevoland;land;52.40018441167805;5.470137843101722;BU00500007;GM0050;BU00500007;GM0050;BU00500007;GM0050;False;False
90.0;90.0;2200.0;115131.198258;490273.794332;Nederland;n.a.;n.a.;Amsterdam;Noord-Holland;land;52.398853621031094;4.801412565011155;BU0363FA02;GM0363;BU0363FA02;GM0363;BU0363FA02;GM0363;False;False
54.5;55.0;1000.0;163188.0912;490278.8881;Nederland;n.a.;n.a.;Lelystad;Flevoland;land;52.40028619863348;5.507514961187569;BU09951068;GM0995;BU09951068;GM0995;BU09951068;GM0995;False;False
66.0;67.0;1750.0;167873.3853;490283.1884;Nederland;n.a.;n.a.;Zeewolde;Flevoland;land;52.40023480005162;5.576357527692268;BU00500008;GM0050;BU00500008;GM0050;BU00500008;GM0050;False;False
70.0;70.0;2000.0;166088.2875;490312.8882;Nederland;n.a.;n.a.;Lelystad;Flevoland;land;52.40054075378199;5.550129560061644;BU09951069;GM0995;BU09951069;GM0995;BU09951069;GM0995;False;False
52.0;55.0;850.0;153881.203;490325.4893;Nederland;n.a.;n.a.;Zeewolde;Flevoland;land;52.40076519243212;5.370765364749531;BU00500007;GM0050;BU00500007;GM0050;BU00500007;GM0050;False;False
52.2;55.0;900.0;164271.0292;490360.4075;Nederland;n.a.;n.a.;Lelystad;Flevoland;land;52.40100159636359;5.52342916988299;BU09951068;GM0995;BU09951068;GM0995;BU09951068;GM0995;False;False
52.0;36.0;850.0;157478.8984;490361.3885;Nederland;n.a.;n.a.;Zeewolde;Flevoland;land;52.40108330249613;5.423628403915405;BU00500007;GM0050;BU00500007;GM0050;BU00500007;GM0050;False;False
52.0;55.0;850.0;155741.3006;490401.2888;Nederland;n.a.;n.a.;Zeewolde;Flevoland;land;52.40144704312368;5.398096898734907;BU00500007;GM0050;BU00500007;GM0050;BU00500007;GM0050;False;False
112.0;81.0;3000.0;70001.6021;490405.2998;Nederland;Luchterduinen;V112;n.a.;n.a.;zee;52.394900168852324;4.138401568439673;n.a.;n.a.;n.a.;n.a.;n.a.;n.a.;False;False
54.5;55.0;950.0;160849.3942;490408.7881;Nederland;n.a.;n.a.;Zeewolde;Flevoland;land;52.401483648982456;5.473153966345591;BU00500007;GM0050;BU00500007;GM0050;BU00500007;GM0050;False;False
193.0;155.0;11000.0;77013.7191787;490436.112101;Nederland;Windpark Hollandse Kust Zuid;SG 11.0-200;n.a.;n.a.;zee;52.3962185016709;4.241396315677985;n.a.;n.a.;n.a.;n.a.;n.a.;n.a.;False;False
120.0;90.0;3600.0;156182.0;490443.0;Nederland;n.a.;n.a.;Zeewolde;Flevoland;land;52.4018211412059;5.404572567807752;BU00500007;GM0050;BU00500007;GM0050;BU00500007;GM0050;False;False
54.5;70.0;950.0;160506.0946;490454.5881;Nederland;n.a.;n.a.;Zeewolde;Flevoland;land;52.401898837277265;5.468110365633389;BU00500007;GM0050;BU00500007;GM0050;BU00500007;GM0050;False;False
52.0;55.0;850.0;154085.1028;490469.9892;Nederland;n.a.;n.a.;Zeewolde;Flevoland;land;52.402064260465714;5.373760979330216;BU00500007;GM0050;BU00500007;GM0050;BU00500007;GM0050;False;False
13.0;15.0;15.0;210668.904114;490472.244995;Nederland;n.a.;EAZ wind;Olst-Wijhe;Overijssel;land;52.399259200482064;6.205160423658635;BU17730930;GM1773;BU17730930;GM1773;BU17730930;GM1773;False;False
54.5;55.0;950.0;157683.4982;490508.4885;Nederland;n.a.;n.a.;Zeewolde;Flevoland;land;52.40240439779333;5.426635895812694;BU00500007;GM0050;BU00500007;GM0050;BU00500007;GM0050;False;False
66.0;67.0;1750.0;168131.1849;490530.1884;Nederland;n.a.;n.a.;Zeewolde;Flevoland;land;52.40244858841845;5.580155121950671;BU00500008;GM0050;BU00500008;GM0050;BU00500008;GM0050;False;False
70.0;70.0;2000.0;166305.0872;490541.7882;Nederland;n.a.;n.a.;Lelystad;Flevoland;land;52.40259355767542;5.553322802759957;BU09951069;GM0995;BU09951069;GM0995;BU09951069;GM0995;False;False
112.0;81.0;3000.0;71399.6462;490548.322;Nederland;Luchterduinen;V112;n.a.;n.a.;zee;52.39640013354421;4.158901550464106;n.a.;n.a.;n.a.;n.a.;n.a.;n.a.;False;False
141.0;150.0;4200.0;153103.568597;490558.765098;Nederland;n.a.;n.a.;Zeewolde;Flevoland;land;52.40285963912677;5.359337875611186;BU00500007;GM0050;BU00500007;GM0050;BU00500007;GM0050;False;False
52.0;70.0;850.0;153681.4033;490582.5893;Nederland;n.a.;n.a.;Zeewolde;Flevoland;land;52.40307544099077;5.367828603986689;BU00500007;GM0050;BU00500007;GM0050;BU00500007;GM0050;False;False
54.5;55.0;950.0;160710.5944;490599.2881;Nederland;n.a.;n.a.;Zeewolde;Flevoland;land;52.40319723325501;5.47111772790582;BU00500007;GM0050;BU00500007;GM0050;BU00500007;GM0050;False;False
52.0;55.0;850.0;155243.9013;490674.3889;Nederland;n.a.;n.a.;Zeewolde;Flevoland;land;52.40390198918098;5.390788452128482;BU00500007;GM0050;BU00500007;GM0050;BU00500007;GM0050;False;False
112.0;81.0;3000.0;69475.7601;490703.7411;Nederland;Luchterduinen;V112;n.a.;n.a.;zee;52.397500181479984;4.130601589262371;n.a.;n.a.;n.a.;n.a.;n.a.;n.a.;False;False
112.0;81.0;3000.0;72736.7224;490715.013;Nederland;Luchterduinen;V112;n.a.;n.a.;zee;52.39810009993351;4.178501533888833;n.a.;n.a.;n.a.;n.a.;n.a.;n.a.;False;False
52.0;70.0;850.0;153890.2031;490741.5892;Nederland;n.a.;n.a.;Zeewolde;Flevoland;land;52.40450491133156;5.37089624523043;BU00500007;GM0050;BU00500007;GM0050;BU00500007;GM0050;False;False
70.0;58.0;1800.0;164485.7895;490766.588;Nederland;n.a.;n.a.;Lelystad;Flevoland;land;52.40464846124086;5.526596260841239;BU09951069;GM0995;BU09951069;GM0995;BU09951069;GM0995;False;False
70.0;70.0;2000.0;166521.7869;490769.5882;Nederland;n.a.;n.a.;Lelystad;Flevoland;land;52.404636390343164;5.55651483409974;BU09951069;GM0995;BU09951069;GM0995;BU09951069;GM0995;False;False
66.0;67.0;1750.0;168389.5845;490776.8884;Nederland;n.a.;n.a.;Zeewolde;Flevoland;land;52.40465954289361;5.583961900578804;BU00500008;GM0050;BU00500008;GM0050;BU00500008;GM0050;False;False
54.5;55.0;950.0;157179.2989;490790.8885;Nederland;n.a.;n.a.;Zeewolde;Flevoland;land;52.40494471445378;5.4192290090856945;BU00500007;GM0050;BU00500007;GM0050;BU00500007;GM0050;False;False
52.2;55.0;900.0;163645.5306;490805.088;Nederland;n.a.;n.a.;Lelystad;Flevoland;land;52.40500838595866;5.514249844455584;BU09951068;GM0995;BU09951068;GM0995;BU09951068;GM0995;False;False
120.0;90.0;3600.0;155923.0;490811.0;Nederland;n.a.;n.a.;Zeewolde;Flevoland;land;52.40512904557943;5.400767882861453;BU00500007;GM0050;BU00500007;GM0050;BU00500007;GM0050;False;False
52.0;55.0;850.0;155448.1011;490818.8888;Nederland;n.a.;n.a.;Zeewolde;Flevoland;land;52.40520054956257;5.39378927435162;BU00500007;GM0050;BU00500007;GM0050;BU00500007;GM0050;False;False
16.0;30.0;25.0;233533.558174;490820.781058;Nederland;n.a.;n.a.;Wierden;Overijssel;land;52.39959386806292;6.541141771070212;BU01890209;GM0189;BU01890209;GM0189;BU01890209;GM0189;False;False
112.0;81.0;3000.0;70894.1545;490846.2655;Nederland;Luchterduinen;V112;n.a.;n.a.;zee;52.39900014563133;4.151401571949232;n.a.;n.a.;n.a.;n.a.;n.a.;n.a.;False;False
90.0;80.0;3000.0;115045.3439;490848.6563;Nederland;n.a.;n.a.;Amsterdam;Noord-Holland;land;52.40401373330102;4.800082728483956;BU0363BA02;GM0363;BU0363BA02;GM0363;BU0363BA02;GM0363;False;False
95.0;95.0;2200.0;117889.0;490849.0;Nederland;n.a.;n.a.;Amsterdam;Noord-Holland;land;52.404216549797184;4.8418674807958855;BU0363BA05;GM0363;BU0363BA05;GM0363;BU0363BA05;GM0363;False;False
193.0;155.0;11000.0;64777.8132333;490914.552034;Nederland;Windpark Hollandse Kust Zuid;SG 11.0-200;n.a.;n.a.;zee;52.398642014732516;4.061535505851146;n.a.;n.a.;n.a.;n.a.;n.a.;n.a.;False;False
54.5;55.0;950.0;157384.0987;490934.0884;Nederland;n.a.;n.a.;Zeewolde;Flevoland;land;52.40623086738482;5.4222395432026875;BU00500007;GM0050;BU00500007;GM0050;BU00500007;GM0050;False;False
70.0;70.0;2000.0;166738.9866;490997.9882;Nederland;n.a.;n.a.;Lelystad;Flevoland;land;52.4066845177421;5.559714528573002;BU09951069;GM0995;BU09951069;GM0995;BU09951069;GM0995;False;False
112.0;81.0;3000.0;72237.7887;491001.5795;Nederland;Luchterduinen;V112;n.a.;n.a.;zee;52.40060011234239;4.171101555130248;n.a.;n.a.;n.a.;n.a.;n.a.;n.a.;False;False
95.0;95.0;2200.0;117660.0;491012.0;Nederland;n.a.;n.a.;Amsterdam;Noord-Holland;land;52.40566591989474;4.838484390492836;BU0363BA03;GM0363;BU0363BA03;GM0363;BU0363BA03;GM0363;False;False
70.0;58.0;1800.0;164786.0891;491083.188;Nederland;n.a.;n.a.;Lelystad;Flevoland;land;52.40748861444734;5.531018339617459;BU09951069;GM0995;BU09951069;GM0995;BU09951069;GM0995;False;False
54.5;70.0;950.0;160041.2953;491088.3881;Nederland;n.a.;n.a.;Zeewolde;Flevoland;land;52.40759959163444;5.461290209006097;BU00500007;GM0050;BU00500007;GM0050;BU00500007;GM0050;False;False
112.0;81.0;3000.0;70388.5324;491133.136;Nederland;Luchterduinen;V112;n.a.;n.a.;zee;52.401500158737264;4.143901592376344;n.a.;n.a.;n.a.;n.a.;n.a.;n.a.;False;False
132.0;94.0;3000.0;155661.899257;491178.153344;Nederland;n.a.;n.a.;Zeewolde;Flevoland;land;52.40842921832011;5.396931755997411;BU00500007;GM0050;BU00500007;GM0050;BU00500007;GM0050;False;False
95.0;95.0;2200.0;117423.0;491188.0;Nederland;n.a.;n.a.;Amsterdam;Noord-Holland;land;52.40723147773667;4.834982062437245;BU0363BA03;GM0363;BU0363BA03;GM0363;BU0363BA03;GM0363;False;False
52.2;55.0;900.0;156894.3093;491203.2085;Nederland;n.a.;n.a.;Zeewolde;Flevoland;land;52.40865150417941;5.415043459349236;BU00500007;GM0050;BU00500007;GM0050;BU00500007;GM0050;False;False
54.5;55.0;950.0;160245.895;491232.2881;Nederland;n.a.;n.a.;Zeewolde;Flevoland;land;52.408890968277056;5.4642992141881574;BU00500007;GM0050;BU00500007;GM0050;BU00500007;GM0050;False;False
90.0;80.0;3000.0;115047.2459;491240.729;Nederland;n.a.;n.a.;Amsterdam;Noord-Holland;land;52.40753747538906;4.800063988488923;BU0363BA02;GM0363;BU0363BA02;GM0363;BU0363BA02;GM0363;False;False
112.0;81.0;3000.0;71745.5292;491276.9565;Nederland;Luchterduinen;V112;n.a.;n.a.;zee;52.40300012430973;4.163801574822371;n.a.;n.a.;n.a.;n.a.;n.a.;n.a.;False;False
54.5;70.0;950.0;159893.7955;491289.7881;Nederland;n.a.;n.a.;Zeewolde;Flevoland;land;52.40941101137258;5.459125531823316;BU00500007;GM0050;BU00500007;GM0050;BU00500007;GM0050;False;False
193.0;155.0;11000.0;74623.6205704;491292.147887;Nederland;Windpark Hollandse Kust Zuid;SG 11.0-200;n.a.;n.a.;zee;52.40356588488319;4.206081969590938;n.a.;n.a.;n.a.;n.a.;n.a.;n.a.;False;False
90.0;80.0;3000.0;111694.4648;491299.3897;Nederland;n.a.;n.a.;Amsterdam;Noord-Holland;land;52.40781022309995;4.750787184666826;BU0363BA01;GM0363;BU0363BA01;GM0363;BU0363BA01;GM0363;False;False
54.5;55.0;950.0;157100.2991;491340.5884;Nederland;n.a.;n.a.;Zeewolde;Flevoland;land;52.40988545071354;5.418071576163221;BU00500007;GM0050;BU00500007;GM0050;BU00500007;GM0050;False;False
95.0;95.0;2200.0;117207.0;491348.0;Nederland;n.a.;n.a.;Amsterdam;Noord-Holland;land;52.40865458393424;4.831789897408539;BU0363BA03;GM0363;BU0363BA03;GM0363;BU0363BA03;GM0363;False;False
90.0;75.0;3000.0;111357.432;491373.2073;Nederland;n.a.;n.a.;Amsterdam;Noord-Holland;land;52.4084469136357;4.745824850568742;BU0363BA01;GM0363;BU0363BA01;GM0363;BU0363BA01;GM0363;False;False
70.0;58.0;1800.0;165090.4887;491403.688;Nederland;n.a.;n.a.;Lelystad;Flevoland;land;52.410363576249004;5.535501359204317;BU09951069;GM0995;BU09951069;GM0995;BU09951069;GM0995;False;False
193.0;155.0;11000.0;66961.1907988;491414.780308;Nederland;Windpark Hollandse Kust Zuid;SG 11.0-200;n.a.;n.a.;zee;52.40349159940307;4.093477519906618;n.a.;n.a.;n.a.;n.a.;n.a.;n.a.;False;False
112.0;81.0;3000.0;69876.3563;491431.3016;Nederland;Luchterduinen;V112;n.a.;n.a.;zee;52.404100170914546;4.136301613787765;n.a.;n.a.;n.a.;n.a.;n.a.;n.a.;False;False
54.5;55.0;950.0;160097.1952;491436.988;Nederland;n.a.;n.a.;Zeewolde;Flevoland;land;52.41073211149697;5.462117011120289;BU00500007;GM0050;BU00500007;GM0050;BU00500007;GM0050;False;False
112.0;81.0;3000.0;73102.8085;491443.4013;Nederland;Luchterduinen;V112;n.a.;n.a.;zee;52.40470009096487;4.183701558399149;n.a.;n.a.;n.a.;n.a.;n.a.;n.a.;False;False
10.0;25.0;80.0;166421.3868;491496.1266;Nederland;n.a.;n.a.;Lelystad;Flevoland;land;52.41116823169134;5.555064247257797;BU09951069;GM0995;BU09951069;GM0995;BU09951069;GM0995;False;False
193.0;155.0;11000.0;68638.9010103;491500.534853;Nederland;Windpark Hollandse Kust Zuid;SG 11.0-200;n.a.;n.a.;zee;52.404528858488774;4.118103476303912;n.a.;n.a.;n.a.;n.a.;n.a.;n.a.;False;False
52.0;70.0;850.0;154893.602;491517.1889;Nederland;n.a.;n.a.;Zeewolde;Flevoland;land;52.41147670353781;5.385640722134482;BU00500007;GM0050;BU00500007;GM0050;BU00500007;GM0050;False;False
95.0;95.0;2200.0;116980.0;491536.0;Nederland;n.a.;n.a.;Amsterdam;Noord-Holland;land;52.41032848112444;4.8284326974476794;BU0363BA03;GM0363;BU0363BA03;GM0363;BU0363BA03;GM0363;False;False
132.0;94.0;3000.0;155403.006597;491548.0;Nederland;n.a.;n.a.;Zeewolde;Flevoland;land;52.41175346977878;5.39312751213191;BU00500007;GM0050;BU00500007;GM0050;BU00500007;GM0050;False;False
112.0;81.0;3000.0;71253.5133;491563.5085;Nederland;Luchterduinen;V112;n.a.;n.a.;zee;52.40550013627458;4.15650159564862;n.a.;n.a.;n.a.;n.a.;n.a.;n.a.;False;False
54.5;70.0;1000.0;167236.6859;491594.0882;Nederland;n.a.;n.a.;Lelystad;Flevoland;land;52.41203105240539;5.567050197690512;BU09951069;GM0995;BU09951069;GM0995;BU09951069;GM0995;False;False
90.0;80.0;3000.0;115048.9658;491600.0651;Nederland;n.a.;n.a.;Amsterdam;Noord-Holland;land;52.41076699425743;4.800046467339547;BU0363BA02;GM0363;BU0363BA02;GM0363;BU0363BA02;GM0363;False;False
52.2;55.0;900.0;156602.1998;491630.8885;Nederland;n.a.;n.a.;Zeewolde;Flevoland;land;52.41249621196862;5.410752639289106;BU00500007;GM0050;BU00500007;GM0050;BU00500007;GM0050;False;False
112.0;81.0;3000.0;72624.1558;491718.4646;Nederland;Luchterduinen;V112;n.a.;n.a.;zee;52.407100102439166;4.176601577931522;n.a.;n.a.;n.a.;n.a.;n.a.;n.a.;False;False
70.0;58.0;1800.0;165394.9883;491723.888;Nederland;n.a.;n.a.;Lelystad;Flevoland;land;52.41323566826518;5.539986421241742;BU09951069;GM0995;BU09951069;GM0995;BU09951069;GM0995;False;False
90.0;80.0;3000.0;111018.6808;491759.4954;Nederland;n.a.;n.a.;Amsterdam;Noord-Holland;land;52.41189143917798;4.7407961501487526;BU0363BA01;GM0363;BU0363BA01;GM0363;BU0363BA01;GM0363;False;False
95.0;95.0;2200.0;116826.0;491763.0;Nederland;n.a.;n.a.;Amsterdam;Noord-Holland;land;52.41235786614187;4.826143661642203;BU0363BA03;GM0363;BU0363BA03;GM0363;BU0363BA03;GM0363;False;False
54.5;70.0;1000.0;167403.4857;491771.0882;Nederland;n.a.;n.a.;Lelystad;Flevoland;land;52.41361808011212;5.569508239323397;BU09951069;GM0995;BU09951069;GM0995;BU09951069;GM0995;False;False
52.2;55.0;900.0;156804.7996;491776.5884;Nederland;n.a.;n.a.;Zeewolde;Flevoland;land;52.4138050543236;5.413731118950062;BU00500007;GM0050;BU00500007;GM0050;BU00500007;GM0050;False;False
18.0;34.0;80.0;156533.7807;491777.8237;Nederland;n.a.;n.a.;Zeewolde;Flevoland;land;52.41381698724286;5.409747733415828;BU00500007;GM0050;BU00500007;GM0050;BU00500007;GM0050;False;False
90.0;80.0;3000.0;113660.8556;491779.2242;Nederland;n.a.;n.a.;Amsterdam;Noord-Holland;land;52.412274250159236;4.779624493836391;BU0363BA02;GM0363;BU0363BA02;GM0363;BU0363BA02;GM0363;False;False
54.5;70.0;950.0;159514.196;491820.888;Nederland;n.a.;n.a.;Zeewolde;Flevoland;land;52.41418752798433;5.453553964901147;BU00500007;GM0050;BU00500007;GM0050;BU00500007;GM0050;False;False
112.0;81.0;3000.0;70754.7502;491850.2264;Nederland;Luchterduinen;V112;n.a.;n.a.;zee;52.40800014878951;4.149101616017296;n.a.;n.a.;n.a.;n.a.;n.a.;n.a.;False;False
132.0;94.0;3000.0;155143.0;491916.0;Nederland;n.a.;n.a.;Zeewolde;Flevoland;land;52.41506099985957;5.389306323950574;BU00500007;GM0050;BU00500007;GM0050;BU00500007;GM0050;False;False
18.0;34.0;80.0;156426.9988;491919.3635;Nederland;n.a.;n.a.;Zeewolde;Flevoland;land;52.4150893645372;5.408178877363046;BU00500007;GM0050;BU00500007;GM0050;BU00500007;GM0050;False;False
80.0;67.0;2000.0;119700.048;491919.9158;Nederland;n.a.;n.a.;Amsterdam;Noord-Holland;land;52.41396059638535;4.868366621042142;BU0363NB01;GM0363;BU0363NB01;GM0363;BU0363NB01;GM0363;False;False
193.0;155.0;11000.0;77658.5693188;491943.809831;Nederland;Windpark Hollandse Kust Zuid;SG 11.0-200;n.a.;n.a.;zee;52.40985805370483;4.2505213976407115;n.a.;n.a.;n.a.;n.a.;n.a.;n.a.;False;False
54.5;70.0;1000.0;167571.2855;491946.1882;Nederland;n.a.;n.a.;Lelystad;Flevoland;land;52.41518795710172;5.5719810840563095;BU09951069;GM0995;BU09951069;GM0995;BU09951069;GM0995;False;False
54.5;55.0;950.0;159717.9958;491964.888;Nederland;n.a.;n.a.;Zeewolde;Flevoland;land;52.4154800050002;5.456551436454463;BU00500007;GM0050;BU00500007;GM0050;BU00500007;GM0050;False;False
18.0;40.0;80.0;167293.7158;491985.3781;Nederland;n.a.;n.a.;Lelystad;Flevoland;land;52.41554647401812;5.567902737623961;BU09951069;GM0995;BU09951069;GM0995;BU09951069;GM0995;False;False
90.0;80.0;3000.0;115050.695;491990.3712;Nederland;n.a.;n.a.;Amsterdam;Noord-Holland;land;52.41427484217486;4.800025390201956;BU0363BA02;GM0363;BU0363BA02;GM0363;BU0363BA02;GM0363;False;False
112.0;81.0;3000.0;72145.5561;491993.5748;Nederland;Luchterduinen;V112;n.a.;n.a.;zee;52.40950011410575;4.1695015977171686;n.a.;n.a.;n.a.;n.a.;n.a.;n.a.;False;False
47.0;55.0;660.0;156332.3303;492033.1585;Nederland;n.a.;n.a.;Zeewolde;Flevoland;land;52.416112335289384;5.406787871007715;BU00500007;GM0050;BU00500007;GM0050;BU00500007;GM0050;False;False
90.0;80.0;3000.0;110970.1452;492034.7005;Nederland;n.a.;n.a.;Amsterdam;Noord-Holland;land;52.41436081922525;4.7400467193917635;BU0363BA01;GM0363;BU0363BA01;GM0363;BU0363BA01;GM0363;False;False
126.0;93.0;3450.0;172408.97;492035.78;Nederland;n.a.;V126-3.45;Dronten;Flevoland;land;52.415860791827505;5.643090923389723;BU03030620;GM0303;BU03030620;GM0303;BU03030620;GM0303;False;False
70.0;58.0;1800.0;165699.4879;492044.7879;Nederland;n.a.;n.a.;Lelystad;Flevoland;land;52.41611387879813;5.544472087375265;BU09951069;GM0995;BU09951069;GM0995;BU09951069;GM0995;False;False
193.0;155.0;11000.0;65754.4155777;492083.024518;Nederland;Windpark Hollandse Kust Zuid;SG 11.0-200;n.a.;n.a.;zee;52.409301161420856;4.075570653103108;n.a.;n.a.;n.a.;n.a.;n.a.;n.a.;False;False
54.5;70.0;950.0;159327.5963;492083.488;Nederland;n.a.;n.a.;Zeewolde;Flevoland;land;52.41654914836095;5.4508147293458125;BU00500007;GM0050;BU00500007;GM0050;BU00500007;GM0050;False;False
54.5;70.0;1000.0;167739.0677;492122.3419;Nederland;n.a.;n.a.;Lelystad;Flevoland;land;52.41676725234144;5.57445388549169;BU09951069;GM0995;BU09951069;GM0995;BU09951069;GM0995;False;False
112.0;81.0;3000.0;70262.8482;492136.8782;Nederland;Luchterduinen;V112;n.a.;n.a.;zee;52.41050016110974;4.141801636916739;n.a.;n.a.;n.a.;n.a.;n.a.;n.a.;False;False
52.0;70.0;850.0;155807.201;492164.4886;Nederland;n.a.;n.a.;Zeewolde;Flevoland;land;52.41729369745739;5.399069525071443;BU00500007;GM0050;BU00500007;GM0050;BU00500007;GM0050;False;False
52.2;55.0;900.0;156542.3;492167.0884;Nederland;n.a.;n.a.;Zeewolde;Flevoland;land;52.41731547287899;5.409874752607291;BU00500007;GM0050;BU00500007;GM0050;BU00500007;GM0050;False;False
112.0;81.0;3000.0;73468.7899;492171.8171;Nederland;Luchterduinen;V112;n.a.;n.a.;zee;52.41130008085434;4.188901581258336;n.a.;n.a.;n.a.;n.a.;n.a.;n.a.;False;False
54.5;55.0;950.0;159538.1961;492218.488;Nederland;n.a.;n.a.;Zeewolde;Flevoland;land;52.41776075038925;5.453912113060459;BU00500007;GM0050;BU00500007;GM0050;BU00500007;GM0050;False;False
112.0;81.0;3000.0;71667.0094;492268.7318;Nederland;Luchterduinen;V112;n.a.;n.a.;zee;52.41190012511214;4.1624016177120655;n.a.;n.a.;n.a.;n.a.;n.a.;n.a.;False;False
54.5;70.0;1000.0;167905.885;492299.1882;Nederland;n.a.;n.a.;Lelystad;Flevoland;land;52.41835274278413;5.576912706664265;BU09951069;GM0995;BU09951069;GM0995;BU09951069;GM0995;False;False
90.0;80.0;3000.0;110922.6103;492309.9055;Nederland;n.a.;n.a.;Amsterdam;Noord-Holland;land;52.41683027265264;4.739311912852483;BU0363BA01;GM0363;BU0363BA01;GM0363;BU0363BA01;GM0363;False;False
90.0;80.0;3000.0;113476.2567;492327.1244;Nederland;n.a.;n.a.;Amsterdam;Noord-Holland;land;52.41718432326075;4.7768436667237655;BU0363BA02;GM0363;BU0363BA02;GM0363;BU0363BA02;GM0363;False;False
126.0;93.0;3450.0;172799.732971;492347.720093;Nederland;n.a.;V126-3.45;Dronten;Flevoland;land;52.41865176835136;5.648851086476953;BU03030620;GM0303;BU03030620;GM0303;BU03030620;GM0303;False;False
70.0;58.0;1800.0;166003.7575;492364.0342;Nederland;n.a.;n.a.;Lelystad;Flevoland;land;52.41897706045057;5.548954901383204;BU09951069;GM0995;BU09951069;GM0995;BU09951069;GM0995;False;False
112.0;81.0;3000.0;73003.6108;492435.4935;Nederland;Luchterduinen;V112;n.a.;n.a.;zee;52.41360009194277;4.182001600044186;n.a.;n.a.;n.a.;n.a.;n.a.;n.a.;False;False
54.5;70.0;1000.0;168074.0022;492474.1832;Nederland;n.a.;n.a.;Lelystad;Flevoland;land;52.419921512110115;5.579390739918234;BU09951069;GM0995;BU09951069;GM0995;BU09951069;GM0995;False;False
193.0;155.0;11000.0;67505.0348933;492512.791821;Nederland;Windpark Hollandse Kust Zuid;SG 11.0-200;n.a.;n.a.;zee;52.41344496549636;4.101180939005141;n.a.;n.a.;n.a.;n.a.;n.a.;n.a.;False;False
112.0;81.0;3000.0;71188.5157;492543.9358;Nederland;Luchterduinen;V112;n.a.;n.a.;zee;52.414300137301716;4.155301637797742;n.a.;n.a.;n.a.;n.a.;n.a.;n.a.;False;False
52.0;70.0;850.0;118001.9845;492551.9859;Nederland;n.a.;n.a.;Zaanstad;Noord-Holland;land;52.419529189341304;4.843339839209284;BU04791110;GM0479;BU04791112;GM0479;BU04791112;GM0479;True;False
90.0;75.0;3000.0;110873.5743;492587.6123;Nederland;n.a.;n.a.;Amsterdam;Noord-Holland;land;52.419322083014265;4.7385546299887364;BU0363BA01;GM0363;BU0363BA01;GM0363;BU0363BA01;GM0363;False;False
54.5;55.0;950.0;159246.2965;492637.888;Nederland;n.a.;n.a.;Zeewolde;Flevoland;land;52.421532440350795;5.449626766772516;BU00500007;GM0050;BU00500007;GM0050;BU00500007;GM0050;False;False
70.0;58.0;1800.0;166301.8871;492677.6879;Nederland;n.a.;n.a.;Lelystad;Flevoland;land;52.42178993406915;5.553347845556525;BU09951069;GM0995;BU09951069;GM0995;BU09951069;GM0995;False;False
126.0;93.0;3450.0;173245.2;492703.33;Nederland;n.a.;V126-3.45;Dronten;Flevoland;land;52.42183312108623;5.655418516318617;BU03030620;GM0303;BU03030620;GM0303;BU03030620;GM0303;False;False
112.0;81.0;3000.0;72538.6673;492710.3397;Nederland;Luchterduinen;V112;n.a.;n.a.;zee;52.4160001032765;4.175101619774095;n.a.;n.a.;n.a.;n.a.;n.a.;n.a.;False;False
90.0;80.0;3000.0;113344.3462;492756.1308;Nederland;n.a.;n.a.;Amsterdam;Noord-Holland;land;52.421029825261115;4.774851508940087;BU0363BA02;GM0363;BU0363BA02;GM0363;BU0363BA02;GM0363;False;False
12.0;15.0;10.0;215881.08;492814.28;Nederland;n.a.;n.a.;Raalte;Overijssel;land;52.41975231601734;6.282160796658541;BU01770119;GM0177;BU01770119;GM0177;BU01770119;GM0177;False;False
112.0;81.0;3000.0;70710.075;492819.1866;Nederland;Luchterduinen;V112;n.a.;n.a.;zee;52.4167001489234;4.148201657955074;n.a.;n.a.;n.a.;n.a.;n.a.;n.a.;False;False
90.0;80.0;3000.0;110840.84;492836.7792;Nederland;n.a.;n.a.;Amsterdam;Noord-Holland;land;52.42155871205363;4.7380406513798565;BU0363BA01;GM0363;BU0363BA01;GM0363;BU0363BA01;GM0363;False;False
193.0;155.0;11000.0;68945.7195794;492866.468548;Nederland;Windpark Hollandse Kust Zuid;SG 11.0-200;n.a.;n.a.;zee;52.41685096284854;4.122260734970262;n.a.;n.a.;n.a.;n.a.;n.a.;n.a.;False;False
112.0;81.0;3000.0;73861.51;492877.5613;Nederland;Luchterduinen;V112;n.a.;n.a.;zee;52.41770007066445;4.194501602916946;n.a.;n.a.;n.a.;n.a.;n.a.;n.a.;False;False
193.0;155.0;11000.0;75168.3055523;492901.51827;Nederland;Windpark Hollandse Kust Zuid;SG 11.0-200;n.a.;n.a.;zee;52.418107160446255;4.213701367241038;n.a.;n.a.;n.a.;n.a.;n.a.;n.a.;False;False
10.0;24.0;20.0;221200.491135;492936.203889;Nederland;n.a.;n.a.;Raalte;Overijssel;land;52.4202313277201;6.360370221598681;BU01770209;GM0177;BU01770209;GM0177;BU01770209;GM0177;False;False
90.0;80.0;3000.0;114514.9535;492936.2081;Nederland;n.a.;n.a.;Amsterdam;Noord-Holland;land;52.42273587202151;4.792037203592812;BU0363BA02;GM0363;BU0363BA02;GM0363;BU0363BA02;GM0363;False;False
193.0;155.0;11000.0;78080.77902;492967.59412;Nederland;Windpark Hollandse Kust Zuid;SG 11.0-200;n.a.;n.a.;zee;52.41911721874576;4.256490586797249;n.a.;n.a.;n.a.;n.a.;n.a.;n.a.;False;False
112.0;81.0;3000.0;72066.7857;492974.2192;Nederland;Luchterduinen;V112;n.a.;n.a.;zee;52.41830011495091;4.168101639855161;n.a.;n.a.;n.a.;n.a.;n.a.;n.a.;False;False
54.5;55.0;950.0;159013.1969;492974.7879;Nederland;n.a.;n.a.;Zeewolde;Flevoland;land;52.42456207733147;5.446204156460271;BU00500007;GM0050;BU00500007;GM0050;BU00500007;GM0050;False;False
70.0;58.0;1800.0;166599.3867;492990.7879;Nederland;n.a.;n.a.;Lelystad;Flevoland;land;52.424597679867205;5.557732066862927;BU09951069;GM0995;BU09951069;GM0995;BU09951069;GM0995;False;False
164.0;166.0;6000.0;173690.656128;493058.919983;Nederland;n.a.;Cypress 6.0-164;Dronten;Flevoland;land;52.42501392842991;5.661986728302655;BU03030620;GM0303;BU03030620;GM0303;BU03030620;GM0303;False;False
193.0;155.0;11000.0;76981.4534388;493103.474538;Nederland;Windpark Hollandse Kust Zuid;SG 11.0-200;n.a.;n.a.;zee;52.420182922662384;4.24030194142634;n.a.;n.a.;n.a.;n.a.;n.a.;n.a.;False;False
90.0;80.0;3000.0;110902.5967;493114.5046;Nederland;n.a.;n.a.;Amsterdam;Noord-Holland;land;52.424059600816214;4.73891191748751;BU0363BA01;GM0363;BU0363BA01;GM0363;BU0363BA01;GM0363;False;False
126.0;93.0;3450.0;170862.0;493145.0;Nederland;n.a.;V126-3.45;Dronten;Flevoland;land;52.42587677949234;5.62040544634546;BU03030620;GM0303;BU03030620;GM0303;BU03030620;GM0303;False;False
54.5;70.0;950.0;158576.1975;493174.688;Nederland;n.a.;n.a.;Zeewolde;Flevoland;land;52.42636170609227;5.43978179274057;BU00500007;GM0050;BU00500007;GM0050;BU00500007;GM0050;False;False
112.0;81.0;3000.0;73275.0483;493209.9841;Nederland;Luchterduinen;V112;n.a.;n.a.;zee;52.42060008476171;4.185801627411373;n.a.;n.a.;n.a.;n.a.;n.a.;n.a.;False;False
112.0;81.0;3000.0;71601.9445;493249.1546;Nederland;Luchterduinen;V112;n.a.;n.a.;zee;52.42070012660849;4.161201659883327;n.a.;n.a.;n.a.;n.a.;n.a.;n.a.;False;False
70.0;58.0;1800.0;166910.4812;493317.9529;Nederland;n.a.;n.a.;Lelystad;Flevoland;land;52.42753137410138;5.562317220990271;BU09951069;GM0995;BU09951069;GM0995;BU09951069;GM0995;False;False
54.5;55.0;950.0;158780.4972;493319.0879;Nederland;n.a.;n.a.;Zeewolde;Flevoland;land;52.42765811886531;5.44278704100347;BU00500007;GM0050;BU00500007;GM0050;BU00500007;GM0050;False;False
80.0;78.0;2000.0;115967.9786;493337.3907;Nederland;n.a.;n.a.;Zaanstad;Noord-Holland;land;52.426446699447865;4.813350241008674;BU04792310;GM0479;BU04792122;GM0479;BU04792122;GM0479;True;False
90.0;80.0;3000.0;110963.4645;493387.5366;Nederland;n.a.;n.a.;Amsterdam;Noord-Holland;land;52.42651823105047;4.73977083013959;BU0363BA01;GM0363;BU0363BA01;GM0363;BU0363BA01;GM0363;False;False
164.0;166.0;6000.0;174136.13;493414.55;Nederland;n.a.;Cypress 6.0-164;Dronten;Flevoland;land;52.428194727644616;5.668556147808402;BU03030620;GM0303;BU03030620;GM0303;BU03030620;GM0303;False;False
126.0;93.0;3450.0;170625.420345;493455.47062;Nederland;n.a.;V126-3.45;Dronten;Flevoland;land;52.42867390398378;5.616941801297618;BU03030620;GM0303;BU03030620;GM0303;BU03030620;GM0303;False;False
112.0;81.0;3000.0;72789.9457;493496.2714;Nederland;Luchterduinen;V112;n.a.;n.a.;zee;52.42310009666712;4.178601648038629;n.a.;n.a.;n.a.;n.a.;n.a.;n.a.;False;False
112.0;81.0;3000.0;71136.9653;493513.0087;Nederland;Luchterduinen;V112;n.a.;n.a.;zee;52.42300013757597;4.154301678465325;n.a.;n.a.;n.a.;n.a.;n.a.;n.a.;False;False
112.0;81.0;3000.0;74246.5897;493538.9465;Nederland;Luchterduinen;V112;n.a.;n.a.;zee;52.42370006114539;4.20000162219015;n.a.;n.a.;n.a.;n.a.;n.a.;n.a.;False;False
70.0;58.0;1800.0;167221.3983;493646.2841;Nederland;n.a.;n.a.;Lelystad;Flevoland;land;52.43047537385764;5.566900417068994;BU09951069;GM0995;BU09951069;GM0995;BU09951069;GM0995;False;False
126.0;93.0;3450.0;170388.807129;493765.064026;Nederland;n.a.;V126-3.45;Dronten;Flevoland;land;52.43146304299998;5.613477185750278;BU03030620;GM0303;BU03030620;GM0303;BU03030620;GM0303;False;False
164.0;166.0;6000.0;174581.688798;493770.908521;Nederland;n.a.;Cypress 6.0-164;Dronten;Flevoland;land;52.43138170397835;5.675127802039482;BU03030620;GM0303;BU03030620;GM0303;BU03030620;GM0303;False;False
112.0;81.0;3000.0;72304.7122;493771.4814;Nederland;Luchterduinen;V112;n.a.;n.a.;zee;52.42550010875641;4.1714016672886975;n.a.;n.a.;n.a.;n.a.;n.a.;n.a.;False;False
54.5;55.0;950.0;158454.4978;493804.3879;Nederland;n.a.;n.a.;Zeewolde;Flevoland;land;52.43202188833654;5.437999078151993;BU00500007;GM0050;BU00500007;GM0050;BU00500007;GM0050;False;False
71.0;70.0;2300.0;134553.011;493866.9516;Nederland;n.a.;n.a.;Waterland;Noord-Holland;land;52.43221409698838;5.08655245581656;BU08520302;GM0852;BU08520302;GM0852;BU08520302;GM0852;False;False
112.0;81.0;3000.0;73254.3337;494011.5867;Nederland;Luchterduinen;V112;n.a.;n.a.;zee;52.427800084684904;4.185301660681032;n.a.;n.a.;n.a.;n.a.;n.a.;n.a.;False;False
71.0;98.0;2050.0;111547.0463;494015.8802;Nederland;n.a.;n.a.;Zaanstad;Noord-Holland;land;52.43221172121843;4.748268768333657;BU04797110;GM0479;BU04797110;GM0479;BU04797110;GM0479;False;False
54.5;70.0;1000.0;158300.698;494033.4879;Nederland;n.a.;n.a.;Zeewolde;Flevoland;land;52.43408186362683;5.435739889644247;BU00500007;GM0050;BU00500007;GM0050;BU00500007;GM0050;False;False
71.0;70.0;2300.0;134674.046;494042.921;Nederland;n.a.;n.a.;Waterland;Noord-Holland;land;52.43380009587129;5.088321455744051;BU08520302;GM0852;BU08520302;GM0852;BU08520302;GM0852;False;False
126.0;93.0;3450.0;170152.144232;494074.626635;Nederland;n.a.;V126-3.45;Dronten;Flevoland;land;52.434251803856355;5.610011401481542;BU03030620;GM0303;BU03030620;GM0303;BU03030620;GM0303;False;False
164.0;166.0;6000.0;175027.088074;494125.731995;Nederland;n.a.;Cypress 6.0-164;Dronten;Flevoland;land;52.43455452316397;5.68169796507563;BU03030620;GM0303;BU03030620;GM0303;BU03030620;GM0303;False;False
71.0;98.0;2050.0;110086.5155;494275.8633;Nederland;n.a.;n.a.;Zaanstad;Noord-Holland;land;52.43443045518354;4.726759497160757;BU04797110;GM0479;BU04797110;GM0479;BU04797110;GM0479;False;False
112.0;81.0;3000.0;74592.9449;494334.5351;Nederland;Luchterduinen;V112;n.a.;n.a.;zee;52.43090005221224;4.20490164871422;n.a.;n.a.;n.a.;n.a.;n.a.;n.a.;False;False
126.0;93.0;3450.0;169915.603088;494385.055115;Nederland;n.a.;V126-3.45;Dronten;Flevoland;land;52.437048240780776;5.606547010298333;BU03030620;GM0303;BU03030620;GM0303;BU03030620;GM0303;False;False
164.0;166.0;6000.0;175472.528076;494481.310974;Nederland;n.a.;Cypress 6.0-164;Dronten;Flevoland;land;52.43773376355184;5.688269714531441;BU03030620;GM0303;BU03030620;GM0303;BU03030620;GM0303;False;False
162.0;166.0;6000.0;172680.43;494735.56;Nederland;n.a.;V162-6.2;Dronten;Flevoland;land;52.44011605993798;5.6472235157762585;BU03030620;GM0303;BU03030620;GM0303;BU03030620;GM0303;False;False
164.0;166.0;6000.0;175918.770911;494836.689529;Nederland;n.a.;Cypress 6.0-164;Dronten;Flevoland;land;52.44091080391158;5.694854201870008;BU03030620;GM0303;BU03030620;GM0303;BU03030620;GM0303;False;False
13.0;15.0;15.0;229155.430368;495026.638123;Nederland;n.a.;EAZ wind;Hellendoorn;Overijssel;land;52.43799777077444;6.477753598467536;BU01630510;GM0163;BU01630510;GM0163;BU01630510;GM0163;False;False
162.0;166.0;6000.0;172342.552124;495169.63501;Nederland;n.a.;V162-6.2;Dronten;Flevoland;land;52.44402805466555;5.6422770302820595;BU03030620;GM0303;BU03030620;GM0303;BU03030620;GM0303;False;False
162.0;166.0;6000.0;172004.75708;495603.569092;Nederland;n.a.;V162-6.2;Dronten;Flevoland;land;52.44793857128561;5.6373308825685395;BU03030620;GM0303;BU03030620;GM0303;BU03030620;GM0303;False;False
162.0;166.0;6000.0;174062.53;495800.6;Nederland;n.a.;V162-6.2;Dronten;Flevoland;land;52.44964156338909;5.667609965139431;BU03030620;GM0303;BU03030620;GM0303;BU03030620;GM0303;False;False
18.0;40.0;80.0;173050.3536;495873.3438;Nederland;n.a.;n.a.;Dronten;Flevoland;land;52.45032964893849;5.652725170865926;BU03030620;GM0303;BU03030620;GM0303;BU03030620;GM0303;False;False
162.0;166.0;6000.0;171666.86;496037.55;Nederland;n.a.;V162-6.2;Dronten;Flevoland;land;52.451849302431604;5.632382361106837;BU03030620;GM0303;BU03030620;GM0303;BU03030620;GM0303;False;False
162.0;166.0;6200.0;178057.9;496057.42;Nederland;n.a.;V162-6.2;Dronten;Flevoland;land;52.45179597415948;5.7263977254798695;BU03030620;GM0303;BU03030620;GM0303;BU03030620;GM0303;False;False
162.0;166.0;6000.0;173725.43;496235.18;Nederland;n.a.;V162-6.2;Dronten;Flevoland;land;52.45355891249218;5.6626756924296275;BU03030620;GM0303;BU03030620;GM0303;BU03030620;GM0303;False;False
162.0;166.0;6200.0;178517.3;496386.32;Nederland;n.a.;V162-6.2;Dronten;Flevoland;land;52.45473234698485;5.733178737979041;BU03030620;GM0303;BU03030620;GM0303;BU03030620;GM0303;False;False
162.0;166.0;6000.0;171329.049072;496471.489014;Nederland;n.a.;V162-6.2;Dronten;Flevoland;land;52.45575944503968;5.627434231018323;BU03030620;GM0303;BU03030620;GM0303;BU03030620;GM0303;False;False
162.0;166.0;6000.0;173388.33;496669.77;Nederland;n.a.;V162-6.2;Dronten;Flevoland;land;52.45747614331737;5.657740546574639;BU03030620;GM0303;BU03030620;GM0303;BU03030620;GM0303;False;False
162.0;166.0;6200.0;178976.704102;496715.205078;Nederland;n.a.;V162-6.2;Dronten;Flevoland;land;52.45766819507113;5.739960709541723;BU03030620;GM0303;BU03030620;GM0303;BU03030620;GM0303;False;False
47.0;55.0;660.0;166902.0859;496889.0874;Nederland;n.a.;n.a.;Lelystad;Flevoland;land;52.459626755408785;5.56232087996705;BU09951049;GM0995;BU09951049;GM0995;BU09951049;GM0995;False;False
162.0;166.0;6000.0;170991.14;496905.55;Nederland;n.a.;V162-6.2;Dronten;Flevoland;land;52.45967047760298;5.622483787321371;BU03030620;GM0303;BU03030620;GM0303;BU03030620;GM0303;False;False
162.0;166.0;6200.0;179436.058105;497044.121094;Nederland;n.a.;V162-6.2;Dronten;Flevoland;land;52.46060393234123;5.7467428460817445;BU03030620;GM0303;BU03030620;GM0303;BU03030620;GM0303;False;False
13.0;15.0;15.0;99919.3905;497079.0535;Nederland;n.a.;EAZ wind;Velsen;Noord-Holland;land;52.45869444786052;4.57680549050403;BU04530303;GM0453;BU04530303;GM0453;BU04530303;GM0453;False;False
162.0;166.0;6000.0;173051.24408;497104.356018;Nederland;n.a.;V162-6.2;Dronten;Flevoland;land;52.46139312949744;5.652804734034723;BU03030620;GM0303;BU03030620;GM0303;BU03030620;GM0303;False;False
18.0;40.0;80.0;174401.4448;497342.619;Nederland;n.a.;n.a.;Dronten;Flevoland;land;52.463488265348374;5.6726847462216465;BU03030620;GM0303;BU03030620;GM0303;BU03030620;GM0303;False;False
162.0;166.0;6200.0;179895.483093;497373.029114;Nederland;n.a.;V162-6.2;Dronten;Flevoland;land;52.46353920370467;5.753526926633276;BU03030620;GM0303;BU03030620;GM0303;BU03030620;GM0303;False;False
162.0;166.0;6000.0;172714.13;497538.94;Nederland;n.a.;V162-6.2;Dronten;Flevoland;land;52.465309890323084;5.64786763233153;BU03030620;GM0303;BU03030620;GM0303;BU03030620;GM0303;False;False
163.0;161.0;6800.0;180347.59;497728.31;Nederland;n.a.;N163-6-x;Dronten;Flevoland;land;52.46671144242344;5.7602062210147205;BU03030620;GM0303;BU03030620;GM0303;BU03030620;GM0303;False;False
13.0;15.0;15.0;214203.942102;497754.464977;Nederland;n.a.;EAZ wind;Dalfsen;Overijssel;land;52.46433144488166;6.258383301715;BU01480114;GM0148;BU01480114;GM0148;BU01480114;GM0148;False;False
13.0;15.0;15.0;208161.372918;497788.223729;Nederland;n.a.;EAZ wind;Raalte;Overijssel;land;52.46525502121815;6.169481425596862;BU01770909;GM0177;BU01770909;GM0177;BU01770909;GM0177;False;False
162.0;166.0;6200.0;177276.62;497806.51;Nederland;n.a.;V162-6.2;Dronten;Flevoland;land;52.46754788486226;5.715021444284576;BU03030620;GM0303;BU03030620;GM0303;BU03030620;GM0303;False;False
163.0;133.0;6800.0;170404.130081;497973.224664;Nederland;n.a.;N163-6-x;Dronten;Flevoland;land;52.469282865272866;5.613896340866649;BU03030620;GM0303;BU03030620;GM0303;BU03030620;GM0303;False;False
162.0;166.0;6000.0;172377.04;497973.53;Nederland;n.a.;V162-6.2;Dronten;Flevoland;land;52.46922649590033;5.64293001121594;BU03030620;GM0303;BU03030620;GM0303;BU03030620;GM0303;False;False
13.0;15.0;15.0;207917.35026;497997.849973;Nederland;n.a.;EAZ wind;Raalte;Overijssel;land;52.46716251757795;6.165924101916908;BU01770909;GM0177;BU01770909;GM0177;BU01770909;GM0177;False;False
162.0;166.0;6200.0;177720.9;498147.42;Nederland;n.a.;V162-6.2;Dronten;Flevoland;land;52.47059346212052;5.721582424471154;BU03030620;GM0303;BU03030620;GM0303;BU03030620;GM0303;False;False
117.0;117.0;3450.0;103300.689419;498159.925031;Nederland;n.a.;n.a.;Velsen;Noord-Holland;land;52.46873757398899;4.6263830180404;BU04530501;GM0453;BU04530501;GM0453;BU04530501;GM0453;False;False
163.0;161.0;6800.0;180698.84;498168.31;Nederland;n.a.;N163-6-x;Dronten;Flevoland;land;52.47064943702204;5.76540875737198;BU03030620;GM0303;BU03030620;GM0303;BU03030620;GM0303;False;False
117.0;117.0;3450.0;103008.462384;498225.552289;Nederland;n.a.;n.a.;Velsen;Noord-Holland;land;52.469299678798635;4.622072686092215;BU04530302;GM0453;BU04530302;GM0453;BU04530302;GM0453;False;False
13.0;15.0;15.0;213131.594987;498278.693333;Nederland;n.a.;EAZ wind;Dalfsen;Overijssel;land;52.469157388949036;6.2426967112274285;BU01480117;GM0148;BU01480117;GM0148;BU01480117;GM0148;False;False
117.0;117.0;3450.0;102690.644845;498307.689549;Nederland;n.a.;n.a.;Velsen;Noord-Holland;land;52.47000755218557;4.617383086979169;BU04530302;GM0453;BU04530302;GM0453;BU04530302;GM0453;False;False
163.0;133.0;6800.0;170879.693655;498318.71736;Nederland;n.a.;N163-6-x;Dronten;Flevoland;land;52.47237431876518;5.62091124196524;BU03030620;GM0303;BU03030620;GM0303;BU03030620;GM0303;False;False
90.0;80.0;3000.0;99681.0863;498341.9468;Nederland;n.a.;n.a.;Velsen;Noord-Holland;land;52.47001961316889;4.573090794191869;BU04530507;GM0453;BU04530507;GM0453;BU04530507;GM0453;False;False
117.0;117.0;3450.0;102346.824053;498380.746308;Nederland;n.a.;n.a.;Velsen;Noord-Holland;land;52.47063113671034;4.6123121158628155;BU04530302;GM0453;BU04530302;GM0453;BU04530302;GM0453;False;False
117.0;117.0;3450.0;102022.192235;498442.298842;Nederland;n.a.;n.a.;Velsen;Noord-Holland;land;52.47115297535691;4.607525204627115;BU04530302;GM0453;BU04530302;GM0453;BU04530302;GM0453;False;False
162.0;166.0;6200.0;178165.17;498488.32;Nederland;n.a.;V162-6.2;Dronten;Flevoland;land;52.4736385840043;5.728144160320955;BU03030620;GM0303;BU03030620;GM0303;BU03030620;GM0303;False;False
117.0;117.0;3450.0;101451.099221;498565.028273;Nederland;n.a.;n.a.;Velsen;Noord-Holland;land;52.472200348746995;4.599101476547607;BU04530302;GM0453;BU04530302;GM0453;BU04530302;GM0453;False;False
163.0;161.0;6800.0;181050.08;498608.31;Nederland;n.a.;N163-6-x;Dronten;Flevoland;land;52.47458719949384;5.770612073662801;BU03030620;GM0303;BU03030620;GM0303;BU03030620;GM0303;False;False
90.0;80.0;3000.0;99780.0868;498658.9466;Nederland;n.a.;n.a.;Velsen;Noord-Holland;land;52.4728783699871;4.574495262773224;BU04530507;GM0453;BU04530507;GM0453;BU04530507;GM0453;False;False
163.0;133.0;6800.0;171347.019695;498661.54245;Nederland;n.a.;N163-6-x;Dronten;Flevoland;land;52.47544162531737;5.6278057503240655;BU03030620;GM0303;BU03030620;GM0303;BU03030620;GM0303;False;False
162.0;166.0;6200.0;178609.45;498829.23;Nederland;n.a.;V162-6.2;Dronten;Flevoland;land;52.4766834293189;5.734706947637958;BU03030620;GM0303;BU03030620;GM0303;BU03030620;GM0303;False;False
164.0;166.0;6000.0;176516.0;498847.0;Nederland;n.a.;Cypress 6.0-164;Dronten;Flevoland;land;52.47692948024441;5.7038955416855766;BU03030620;GM0303;BU03030620;GM0303;BU03030620;GM0303;False;False
163.0;133.0;6800.0;171930.085173;498911.039431;Nederland;n.a.;N163-6-x;Dronten;Flevoland;land;52.47766619149136;5.636400080106193;BU03030620;GM0303;BU03030620;GM0303;BU03030620;GM0303;False;False
90.0;80.0;3000.0;99905.3884;498964.9938;Nederland;n.a.;n.a.;Velsen;Noord-Holland;land;52.47564132936888;4.576288796441316;BU04530507;GM0453;BU04530507;GM0453;BU04530507;GM0453;False;False
164.0;166.0;6000.0;176079.11908;499045.669006;Nederland;n.a.;Cypress 6.0-164;Dronten;Flevoland;land;52.47873197939542;5.697477786393785;BU03030620;GM0303;BU03030620;GM0303;BU03030620;GM0303;False;False
163.0;161.0;6800.0;181401.32;499048.3;Nederland;n.a.;N163-6-x;Dronten;Flevoland;land;52.47852463941568;5.77581631647107;BU03030620;GM0303;BU03030620;GM0303;BU03030620;GM0303;False;False
162.0;166.0;6200.0;179053.73;499170.14;Nederland;n.a.;V162-6.2;Dronten;Flevoland;land;52.479727908506135;5.741270638667405;BU03030620;GM0303;BU03030620;GM0303;BU03030620;GM0303;False;False
47.0;45.0;660.0;166744.3259;499222.927;Nederland;n.a.;n.a.;Lelystad;Flevoland;land;52.48060518701428;5.560081825959247;BU09951039;GM0995;BU09951039;GM0995;BU09951039;GM0995;False;False
14.0;15.0;25.0;210615.870183;499230.146726;Nederland;n.a.;n.a.;Dalfsen;Overijssel;land;52.47796916345943;6.205836174305269;BU01480117;GM0148;BU01480117;GM0148;BU01480117;GM0148;False;False
164.0;166.0;6000.0;175642.086121;499244.320984;Nederland;n.a.;Cypress 6.0-164;Dronten;Flevoland;land;52.48053398380412;5.691057267219749;BU03030620;GM0303;BU03030620;GM0303;BU03030620;GM0303;False;False
163.0;133.0;6800.0;172399.676372;499261.04534;Nederland;n.a.;N163-6-x;Dronten;Flevoland;land;52.48079705720604;5.643330205439448;BU03030620;GM0303;BU03030620;GM0303;BU03030620;GM0303;False;False
52.0;44.0;850.0;109958.1495;499278.8056;Nederland;n.a.;n.a.;Zaanstad;Noord-Holland;land;52.479380939850046;4.724198577742567;BU04797130;GM0479;BU04797130;GM0479;BU04797130;GM0479;False;False
90.0;80.0;2350.0;100158.761067;499349.597567;Nederland;n.a.;n.a.;Velsen;Noord-Holland;land;52.47912306602762;4.57995462943705;BU04530506;GM0453;BU04530506;GM0453;BU04530506;GM0453;False;False
12.0;20.0;10.0;117219.846856;499412.644669;Nederland;n.a.;EAZ wind;Wormerland;Noord-Holland;land;52.48113310307879;4.8310687424149;BU08800009;GM0880;BU08800009;GM0880;BU08800009;GM0880;False;False
13.0;15.0;15.0;117217.064277;499414.193563;Nederland;n.a.;EAZ wind;Wormerland;Noord-Holland;land;52.48114683100385;4.8310276083940265;BU08800009;GM0880;BU08800009;GM0880;BU08800009;GM0880;False;False
8.0;25.0;10.0;210537.113172;499433.674389;Nederland;n.a.;n.a.;Dalfsen;Overijssel;land;52.479806188270686;6.204710867074177;BU01480117;GM0148;BU01480117;GM0148;BU01480117;GM0148;False;False
164.0;166.0;6000.0;175205.14;499443.02;Nederland;n.a.;Cypress 6.0-164;Dronten;Flevoland;land;52.48233605940584;5.6846375060574585;BU03030620;GM0303;BU03030620;GM0303;BU03030620;GM0303;False;False
163.0;161.0;6800.0;181752.57;499488.3;Nederland;n.a.;N163-6-x;Dronten;Flevoland;land;52.48246193595466;5.781021634793492;BU03030550;GM0303;BU03030550;GM0303;BU03030550;GM0303;False;False
162.0;166.0;6200.0;179498.01;499511.04;Nederland;n.a.;V162-6.2;Dronten;Flevoland;land;52.482771931592936;5.747835232765927;BU03030620;GM0303;BU03030620;GM0303;BU03030620;GM0303;False;False
163.0;133.0;6800.0;172873.647213;499609.275699;Nederland;n.a.;N163-6-x;Dronten;Flevoland;land;52.48391141500818;5.650325689356408;BU03030620;GM0303;BU03030620;GM0303;BU03030620;GM0303;False;False
164.0;166.0;6000.0;174768.18;499641.69;Nederland;n.a.;Cypress 6.0-164;Dronten;Flevoland;land;52.484137526964815;5.678217014540392;BU03030620;GM0303;BU03030620;GM0303;BU03030620;GM0303;False;False
90.0;80.0;2350.0;100290.644492;499649.848052;Nederland;n.a.;n.a.;Velsen;Noord-Holland;land;52.48183450536979;4.581846584509693;BU04530506;GM0453;BU04530506;GM0453;BU04530506;GM0453;False;False
8.0;25.0;10.0;211439.565951;499839.825531;Nederland;n.a.;n.a.;Dalfsen;Overijssel;land;52.48336375417204;6.218062263518331;BU01480117;GM0148;BU01480117;GM0148;BU01480117;GM0148;False;False
162.0;166.0;6200.0;179942.28;499851.95;Nederland;n.a.;V162-6.2;Dronten;Flevoland;land;52.485815678678584;5.754400584262276;BU03030620;GM0303;BU03030620;GM0303;BU03030620;GM0303;False;False
44.0;55.0;600.0;167845.9242;499865.7371;Nederland;n.a.;n.a.;Lelystad;Flevoland;land;52.48635754897242;5.5763220706860945;BU09951039;GM0995;BU09951039;GM0995;BU09951039;GM0995;False;False
163.0;161.0;6800.0;182103.81;499928.29;Nederland;n.a.;N163-6-x;Dronten;Flevoland;land;52.48639891025071;5.7862277328667275;BU03030550;GM0303;BU03030550;GM0303;BU03030550;GM0303;False;False
163.0;133.0;6800.0;173344.420347;499957.512734;Nederland;n.a.;N163-6-x;Dronten;Flevoland;land;52.48702552388257;5.657275082481646;BU03030620;GM0303;BU03030620;GM0303;BU03030620;GM0303;False;False
90.0;80.0;2350.0;100421.786822;499962.055406;Nederland;n.a.;n.a.;Velsen;Noord-Holland;land;52.48465329082835;4.5837259087176285;BU04530506;GM0453;BU04530506;GM0453;BU04530506;GM0453;False;False
29.6;36.0;225.0;169168.9821;500308.8872;Nederland;n.a.;n.a.;Lelystad;Flevoland;land;52.49030757923959;5.595818788527411;BU09951039;GM0995;BU09951039;GM0995;BU09951039;GM0995;False;False
162.0;166.0;6200.0;180288.33;500311.16;Nederland;n.a.;V162-6.2;Dronten;Flevoland;land;52.489926794255005;5.759529753786053;BU03030550;GM0303;BU03030550;GM0303;BU03030550;GM0303;False;False
163.0;161.0;6800.0;182341.02;500449.99;Nederland;n.a.;N163-6-x;Dronten;Flevoland;land;52.49107570527136;5.789762589162413;BU03030550;GM0303;BU03030550;GM0303;BU03030550;GM0303;False;False
120.0;90.0;3600.0;197520.068409;500574.538255;Nederland;n.a.;n.a.;Oldebroek;Gelderland;land;52.491225521228365;6.013257932971088;BU02690108;GM0269;BU02690108;GM0269;BU02690108;GM0269;False;False
18.0;31.4;80.0;110804.3537;500586.9939;Nederland;n.a.;n.a.;Zaanstad;Noord-Holland;land;52.49120644252507;4.736480699476244;BU04797230;GM0479;BU04797231;GM0479;BU04797231;GM0479;True;False
13.0;15.0;15.0;218965.684837;500668.390798;Nederland;n.a.;EAZ wind;Dalfsen;Overijssel;land;52.48998137410554;6.3290008580278325;BU01480112;GM0148;BU01480112;GM0148;BU01480112;GM0148;False;False
13.0;15.0;15.0;237049.85;500766.84;Nederland;n.a.;EAZ wind;Ommen;Overijssel;land;52.48845248044419;6.595235933918177;BU01750403;GM0175;BU01750403;GM0175;BU01750403;GM0175;False;False
13.0;15.0;15.0;237079.0;500807.89;Nederland;n.a.;EAZ wind;Ommen;Overijssel;land;52.48881697121159;6.595675111321513;BU01750403;GM0175;BU01750403;GM0175;BU01750403;GM0175;False;False
162.0;166.0;6200.0;180432.42;500874.01;Nederland;n.a.;V162-6.2;Dronten;Flevoland;land;52.494978545161715;5.761694064337489;BU03030550;GM0303;BU03030550;GM0303;BU03030550;GM0303;False;False
120.0;90.0;3600.0;197241.924623;500874.840939;Nederland;n.a.;n.a.;Oldebroek;Gelderland;land;52.49394586496186;6.009200857378671;BU02690108;GM0269;BU02690108;GM0269;BU02690108;GM0269;False;False
13.0;15.0;15.0;215803.448303;500892.86969;Nederland;n.a.;EAZ wind;Dalfsen;Overijssel;land;52.492359294294246;6.282488281600045;BU01480114;GM0148;BU01480114;GM0148;BU01480114;GM0148;False;False
163.0;161.0;6800.0;182443.44;501019.25;Nederland;n.a.;N163-6-x;Dronten;Flevoland;land;52.49618659996617;5.791317351384001;BU03030550;GM0303;BU03030550;GM0303;BU03030550;GM0303;False;False
47.0;55.0;660.0;166932.7949;501148.9607;Nederland;n.a.;n.a.;Lelystad;Flevoland;land;52.49791096078746;5.562924971029926;BU09951039;GM0995;BU09951039;GM0995;BU09951039;GM0995;False;False
120.0;90.0;3600.0;196962.93417;501172.114138;Nederland;n.a.;n.a.;Oldebroek;Gelderland;land;52.49663890908933;6.005130435482867;BU02690108;GM0269;BU02690108;GM0269;BU02690108;GM0269;False;False
15.0;25.0;10.0;240137.922097;501372.848339;Nederland;n.a.;n.a.;Hardenberg;Overijssel;land;52.49342594550836;6.640846300165954;BU01602502;GM0160;BU01602502;GM0160;BU01602502;GM0160;False;False
162.0;166.0;6200.0;180576.52;501436.86;Nederland;n.a.;V162-6.2;Dronten;Flevoland;land;52.50003024998166;5.763859018498397;BU03030550;GM0303;BU03030550;GM0303;BU03030550;GM0303;False;False
120.0;90.0;3600.0;196683.407213;501469.241261;Nederland;n.a.;n.a.;Oldebroek;Gelderland;land;52.4993305414906;6.001051597443273;BU02690108;GM0269;BU02690108;GM0269;BU02690108;GM0269;False;False
18.0;40.0;80.0;168229.9834;501561.8869;Nederland;n.a.;n.a.;Lelystad;Flevoland;land;52.50159217782936;5.5820434150732785;BU09951039;GM0995;BU09951039;GM0995;BU09951039;GM0995;False;False
162.0;166.0;6200.0;182545.87;501588.51;Nederland;n.a.;V162-6.2;Dronten;Flevoland;land;52.50129746762046;5.792872622188027;BU03030550;GM0303;BU03030550;GM0303;BU03030550;GM0303;False;False
44.0;55.0;600.0;167971.2538;501738.3568;Nederland;n.a.;n.a.;Lelystad;Flevoland;land;52.503184364214015;5.578239976859376;BU09951039;GM0995;BU09951039;GM0995;BU09951039;GM0995;False;False
52.0;55.0;850.0;168566.5568;501822.0229;Nederland;n.a.;n.a.;Lelystad;Flevoland;land;52.50392183760414;5.587010703170827;BU09951039;GM0995;BU09951039;GM0995;BU09951039;GM0995;False;False
162.0;166.0;6200.0;180720.62;501999.71;Nederland;n.a.;V162-6.2;Dronten;Flevoland;land;52.505081909140436;5.766024469230984;BU03030550;GM0303;BU03030550;GM0303;BU03030550;GM0303;False;False
13.0;15.0;15.0;209975.230256;502064.40585;Nederland;n.a.;EAZ wind;Dalfsen;Overijssel;land;52.50350427959125;6.196873941247768;BU01480115;GM0148;BU01480115;GM0148;BU01480115;GM0148;False;False
54.5;70.0;1000.0;165353.988;502108.1864;Nederland;n.a.;n.a.;Lelystad;Flevoland;land;52.50656399763801;5.539705622045144;BU09951029;GM0995;BU09951029;GM0995;BU09951029;GM0995;False;False
13.0;15.0;15.0;209944.451;502119.404604;Nederland;n.a.;EAZ wind;Dalfsen;Overijssel;land;52.504001624721326;6.196429727609111;BU01480115;GM0148;BU01480115;GM0148;BU01480115;GM0148;False;False
13.0;15.0;15.0;209471.99942;502122.696738;Nederland;n.a.;EAZ wind;Dalfsen;Overijssel;land;52.504078482935974;6.189472629787634;BU01480115;GM0148;BU01480115;GM0148;BU01480115;GM0148;False;False
13.0;15.0;15.0;209451.565724;502156.510499;Nederland;n.a.;EAZ wind;Dalfsen;Overijssel;land;52.504384389229095;6.189177227562712;BU01480115;GM0148;BU01480115;GM0148;BU01480115;GM0148;False;False
162.0;166.0;6200.0;182648.3;502157.76;Nederland;n.a.;V162-6.2;Dronten;Flevoland;land;52.506408218833755;5.794428253655582;BU03030550;GM0303;BU03030550;GM0303;BU03030550;GM0303;False;False
54.5;70.0;1000.0;165620.1875;502257.3864;Nederland;n.a.;n.a.;Lelystad;Flevoland;land;52.50789978870525;5.543631135426884;BU09951029;GM0995;BU09951029;GM0995;BU09951029;GM0995;False;False
54.5;70.0;1000.0;165885.4871;502408.7864;Nederland;n.a.;n.a.;Lelystad;Flevoland;land;52.50925523930521;5.547543702910618;BU09951029;GM0995;BU09951029;GM0995;BU09951029;GM0995;False;False
80.0;78.0;2000.0;108579.7801;502424.3305;Nederland;n.a.;n.a.;Heemskerk;Noord-Holland;land;52.50753402818078;4.703473442321427;BU03960605;GM0396;BU03960605;GM0396;BU03960605;GM0396;False;False
54.5;70.0;1000.0;166155.6866;502548.3864;Nederland;n.a.;n.a.;Lelystad;Flevoland;land;52.510504410528405;5.551528290960241;BU09951029;GM0995;BU09951029;GM0995;BU09951029;GM0995;False;False
162.0;166.0;6200.0;180869.18;502579.99;Nederland;n.a.;V162-6.2;Dronten;Flevoland;land;52.51028995730975;5.768257463035207;BU03030550;GM0303;BU03030550;GM0303;BU03030550;GM0303;False;False
54.5;70.0;1000.0;166436.9862;502667.3864;Nederland;n.a.;n.a.;Lelystad;Flevoland;land;52.5115680775049;5.555675905939297;BU09951029;GM0995;BU09951029;GM0995;BU09951029;GM0995;False;False
162.0;166.0;6200.0;182750.72;502727.02;Nederland;n.a.;V162-6.2;Dronten;Flevoland;land;52.511519033827135;5.795984100283354;BU03030550;GM0303;BU03030550;GM0303;BU03030550;GM0303;False;False
54.5;70.0;1000.0;166728.4857;502758.8865;Nederland;n.a.;n.a.;Lelystad;Flevoland;land;52.51238423142096;5.559973004003322;BU09951029;GM0995;BU09951029;GM0995;BU09951029;GM0995;False;False
54.5;70.0;1000.0;167025.0852;502826.9865;Nederland;n.a.;n.a.;Lelystad;Flevoland;land;52.51298981446944;5.564344543658725;BU09951029;GM0995;BU09951029;GM0995;BU09951029;GM0995;False;False
54.5;70.0;1000.0;167328.4477;502867.6398;Nederland;n.a.;n.a.;Lelystad;Flevoland;land;52.51334841317857;5.568814813217111;BU09951029;GM0995;BU09951029;GM0995;BU09951029;GM0995;False;False
101.0;99.0;3000.0;167800.989574;502957.499364;Nederland;n.a.;n.a.;Lelystad;Flevoland;land;52.51414513417379;5.57577922913908;BU09951029;GM0995;BU09951029;GM0995;BU09951029;GM0995;False;False
61.0;69.0;900.0;168233.3686;502984.6656;Nederland;n.a.;n.a.;Lelystad;Flevoland;land;52.51437897945883;5.582149749653083;BU09951029;GM0995;BU09951029;GM0995;BU09951029;GM0995;False;False
93.0;90.0;2600.0;168726.9824;503020.8867;Nederland;n.a.;n.a.;Lelystad;Flevoland;land;52.514692325822736;5.589422778604292;BU09951029;GM0995;BU09951029;GM0995;BU09951029;GM0995;False;False
120.0;110.0;2300.0;166075.4519;503112.8584;Nederland;n.a.;n.a.;Lelystad;Flevoland;land;52.51557910200152;5.550365199233145;BU09951029;GM0995;BU09951029;GM0995;BU09951029;GM0995;False;False
162.0;166.0;6200.0;181013.27;503142.84;Nederland;n.a.;V162-6.2;Dronten;Flevoland;land;52.51534152409512;5.770423775559887;BU03030550;GM0303;BU03030550;GM0303;BU03030550;GM0303;False;False
13.0;15.0;15.0;208266.46;503271.45;Nederland;n.a.;EAZ wind;Zwolle;Overijssel;land;52.51452066334056;6.171902420350532;BU01934100;GM0193;BU01934100;GM0193;BU01934100;GM0193;False;False
162.0;166.0;6200.0;182853.194092;503296.298096;Nederland;n.a.;V162-6.2;Dronten;Flevoland;land;52.51662998210505;5.797541107154307;BU03030550;GM0303;BU03030550;GM0303;BU03030550;GM0303;False;False
93.0;90.0;2600.0;168698.9824;503365.8867;Nederland;n.a.;n.a.;Lelystad;Flevoland;land;52.51779362702454;5.58902448455321;BU09951029;GM0995;BU09951029;GM0995;BU09951029;GM0995;False;False
130.0;130.0;4200.0;166048.2875;503504.0258;Nederland;n.a.;n.a.;Lelystad;Flevoland;land;52.519095173420055;5.549977995568491;BU09951029;GM0995;BU09951029;GM0995;BU09951029;GM0995;False;False
48.0;55.0;600.0;167080.685;503544.8864;Nederland;n.a.;n.a.;Lelystad;Flevoland;land;52.5194405345543;5.565189601834387;BU09951029;GM0995;BU09951029;GM0995;BU09951029;GM0995;False;False
162.0;166.0;6200.0;181157.37;503705.69;Nederland;n.a.;V162-6.2;Dronten;Flevoland;land;52.520393044633984;5.772590732532956;BU03030550;GM0303;BU03030550;GM0303;BU03030550;GM0303;False;False
101.0;99.0;3000.0;168670.927002;503709.919495;Nederland;n.a.;n.a.;Lelystad;Flevoland;land;52.52088623369149;5.588625278919803;BU09951029;GM0995;BU09951029;GM0995;BU09951029;GM0995;False;False
71.0;65.0;2300.0;165264.7881;503739.3862;Nederland;n.a.;n.a.;Lelystad;Flevoland;land;52.52122570774437;5.538442084052777;BU09951029;GM0995;BU09951029;GM0995;BU09951029;GM0995;False;False
71.0;70.0;2300.0;166345.9469;503805.4597;Nederland;n.a.;n.a.;Lelystad;Flevoland;land;52.5217981308885;5.554373626716464;BU09951029;GM0995;BU09951029;GM0995;BU09951029;GM0995;False;False
11.0;25.0;10.0;216040.160021;503810.819893;Nederland;n.a.;n.a.;Dalfsen;Overijssel;land;52.51855481940454;6.286507131133322;BU01480111;GM0148;BU01480111;GM0148;BU01480111;GM0148;False;False
162.0;166.0;6200.0;182955.602112;503865.561096;Nederland;n.a.;V162-6.2;Dronten;Flevoland;land;52.52174077138492;5.799097500960014;BU03030550;GM0303;BU03030550;GM0303;BU03030550;GM0303;False;False
71.0;65.0;2300.0;165243.7881;504007.8861;Nederland;n.a.;n.a.;Lelystad;Flevoland;land;52.52363917757703;5.538140938723022;BU09951029;GM0995;BU09951029;GM0995;BU09951029;GM0995;False;False
71.0;70.0;2300.0;166325.1547;504074.7013;Nederland;n.a.;n.a.;Lelystad;Flevoland;land;52.52421830196539;5.554076435631763;BU09951029;GM0995;BU09951029;GM0995;BU09951029;GM0995;False;False
13.0;15.0;15.0;211776.158964;504119.58497;Nederland;n.a.;EAZ wind;Dalfsen;Overijssel;land;52.521789136001715;6.223745032502569;BU01480109;GM0148;BU01480109;GM0148;BU01480109;GM0148;False;False
101.0;99.0;3000.0;168640.2308;504130.1947;Nederland;n.a.;n.a.;Lelystad;Flevoland;land;52.52466411049258;5.588190229228784;BU09951029;GM0995;BU09951029;GM0995;BU09951029;GM0995;False;False
13.0;15.0;15.0;211774.80073;504151.886273;Nederland;n.a.;EAZ wind;Dalfsen;Overijssel;land;52.52207955260998;6.22373052301009;BU01480109;GM0148;BU01480109;GM0148;BU01480109;GM0148;False;False
13.0;15.0;15.0;211125.539307;504171.966919;Nederland;n.a.;EAZ wind;Dalfsen;Overijssel;land;52.52232707560593;6.2141685838721985;BU01480109;GM0148;BU01480109;GM0148;BU01480109;GM0148;False;False
13.0;15.0;15.0;211187.356323;504176.533325;Nederland;n.a.;EAZ wind;Dalfsen;Overijssel;land;52.52236175911764;6.215080085019958;BU01480109;GM0148;BU01480109;GM0148;BU01480109;GM0148;False;False
162.0;166.0;6200.0;181301.46;504268.53;Nederland;n.a.;V162-6.2;Dronten;Flevoland;land;52.52544442997316;5.774758038712677;BU03030550;GM0303;BU03030550;GM0303;BU03030550;GM0303;False;False
71.0;65.0;2300.0;165224.8881;504279.3861;Nederland;n.a.;n.a.;Lelystad;Flevoland;land;52.52607956863759;5.537870796554164;BU09951029;GM0995;BU09951029;GM0995;BU09951029;GM0995;False;False
71.0;70.0;2300.0;166304.6588;504343.8074;Nederland;n.a.;n.a.;Lelystad;Flevoland;land;52.52663724708382;5.5537835735891035;BU09951029;GM0995;BU09951029;GM0995;BU09951029;GM0995;False;False
13.0;15.0;15.0;239577.186499;504405.395136;Nederland;n.a.;EAZ wind;Hardenberg;Overijssel;land;52.52076211759161;6.633360228038776;BU01600502;GM0160;BU01600502;GM0160;BU01600502;GM0160;False;False
164.0;166.0;6000.0;183058.008972;504434.825012;Nederland;n.a.;Cypress 6.0-164;Dronten;Flevoland;land;52.52685154213139;5.800654240622738;BU03030550;GM0303;BU03030550;GM0303;BU03030550;GM0303;False;False
13.0;15.0;15.0;209445.047405;504472.00912;Nederland;n.a.;EAZ wind;Dalfsen;Overijssel;land;52.52519343536963;6.189459296388632;BU01480109;GM0148;BU01480109;GM0148;BU01480109;GM0148;False;False
71.0;65.0;2300.0;165203.3768;504548.0385;Nederland;n.a.;n.a.;Lelystad;Flevoland;land;52.52849441450992;5.5375620573132895;BU09951029;GM0995;BU09951029;GM0995;BU09951029;GM0995;False;False
71.0;70.0;2300.0;166284.4335;504613.3108;Nederland;n.a.;n.a.;Lelystad;Flevoland;land;52.529059755202844;5.553494680662922;BU09951029;GM0995;BU09951029;GM0995;BU09951029;GM0995;False;False
101.0;99.0;3000.0;168594.8247;504654.4292;Nederland;n.a.;n.a.;Lelystad;Flevoland;land;52.52937665368497;5.587542585756915;BU09951029;GM0995;BU09951029;GM0995;BU09951029;GM0995;False;False
71.0;65.0;2300.0;165187.9516;504817.4976;Nederland;n.a.;n.a.;Lelystad;Flevoland;land;52.5309163947072;5.537342998609981;BU09951029;GM0995;BU09951029;GM0995;BU09951029;GM0995;False;False
164.0;166.0;6000.0;181445.55;504831.92;Nederland;n.a.;Cypress 6.0-164;Dronten;Flevoland;land;52.530500712369744;5.776925886049392;BU03030550;GM0303;BU03030550;GM0303;BU03030550;GM0303;False;False
71.0;70.0;2300.0;166264.4324;504882.1245;Nederland;n.a.;n.a.;Lelystad;Flevoland;land;52.531476058187;5.553209036860364;BU09951029;GM0995;BU09951029;GM0995;BU09951029;GM0995;False;False
164.0;166.0;6000.0;183058.0;504954.8;Nederland;n.a.;Cypress 6.0-164;Dronten;Flevoland;land;52.5315245943269;5.8006979020991265;BU03030550;GM0303;BU03030550;GM0303;BU03030550;GM0303;False;False
70.0;70.0;2000.0;167450.6487;504988.7711;Nederland;n.a.;n.a.;Lelystad;Flevoland;land;52.53240874857812;5.570694232423758;BU09951029;GM0995;BU09951029;GM0995;BU09951029;GM0995;False;False
70.0;70.0;2000.0;167892.4939;505005.6112;Nederland;n.a.;n.a.;Lelystad;Flevoland;land;52.53254983831854;5.5772064692565015;BU09951029;GM0995;BU09951029;GM0995;BU09951029;GM0995;False;False
70.0;70.0;2000.0;168333.9249;505022.1907;Nederland;n.a.;n.a.;Lelystad;Flevoland;land;52.532688238719395;5.583712632571856;BU09951029;GM0995;BU09951029;GM0995;BU09951029;GM0995;False;False
82.0;69.0;2350.0;168787.182;505037.3864;Nederland;n.a.;n.a.;Dronten;Flevoland;land;52.53281354737966;5.59039306462701;BU03030720;GM0303;BU03030720;GM0303;BU03030720;GM0303;False;False
82.0;69.0;2350.0;169227.2812;505068.6865;Nederland;n.a.;n.a.;Dronten;Flevoland;land;52.533083556519756;5.596880308783683;BU03030720;GM0303;BU03030720;GM0303;BU03030720;GM0303;False;False
71.0;65.0;2300.0;165174.6419;505087.9198;Nederland;n.a.;n.a.;Lelystad;Flevoland;land;52.53334698934394;5.537155122807611;BU09951029;GM0995;BU09951029;GM0995;BU09951029;GM0995;False;False
82.0;69.0;2350.0;169669.1805;505100.1866;Nederland;n.a.;n.a.;Dronten;Flevoland;land;52.533354960053344;5.6033941696417;BU03030720;GM0303;BU03030720;GM0303;BU03030720;GM0303;False;False
80.0;68.0;2000.0;171868.3767;505119.2871;Nederland;n.a.;n.a.;Dronten;Flevoland;land;52.533463105916226;5.635805847637048;BU03030720;GM0303;BU03030720;GM0303;BU03030720;GM0303;False;False
82.0;69.0;2350.0;170109.2797;505131.6866;Nederland;n.a.;n.a.;Dronten;Flevoland;land;52.533626054905994;5.609881580824214;BU03030720;GM0303;BU03030720;GM0303;BU03030720;GM0303;False;False
71.0;70.0;2300.0;166255.0567;505151.6548;Nederland;n.a.;n.a.;Lelystad;Flevoland;land;52.533898580423426;5.5530799807956885;BU09951029;GM0995;BU09951029;GM0995;BU09951029;GM0995;False;False
80.0;68.0;2000.0;172251.5257;505157.9665;Nederland;n.a.;n.a.;Dronten;Flevoland;land;52.533798753639246;5.641454530485095;BU03030550;GM0303;BU03030550;GM0303;BU03030550;GM0303;False;False
82.0;69.0;2350.0;170550.6789;505162.7867;Nederland;n.a.;n.a.;Dronten;Flevoland;land;52.53389316405311;5.616388211484015;BU03030720;GM0303;BU03030720;GM0303;BU03030720;GM0303;False;False
82.0;69.0;2350.0;170991.4087;505194.3588;Nederland;n.a.;n.a.;Dronten;Flevoland;land;52.53416417795385;5.622885077490424;BU03030720;GM0303;BU03030720;GM0303;BU03030720;GM0303;False;False
80.0;68.0;2000.0;172635.2434;505196.8738;Nederland;n.a.;n.a.;Dronten;Flevoland;land;52.534136162222744;5.647111692206026;BU03030550;GM0303;BU03030550;GM0303;BU03030550;GM0303;False;False
82.0;69.0;2350.0;171432.5986;505225.7226;Nederland;n.a.;n.a.;Dronten;Flevoland;land;52.53443295024039;5.629388793298716;BU03030720;GM0303;BU03030720;GM0303;BU03030720;GM0303;False;False
80.0;68.0;2000.0;173017.9747;505236.2874;Nederland;n.a.;n.a.;Dronten;Flevoland;land;52.534477883803326;5.652754429881438;BU03030550;GM0303;BU03030550;GM0303;BU03030550;GM0303;False;False
80.0;68.0;2000.0;173400.814;505275.2107;Nederland;n.a.;n.a.;Dronten;Flevoland;land;52.534814926950894;5.658398819041756;BU03030550;GM0303;BU03030550;GM0303;BU03030550;GM0303;False;False
80.0;68.0;2000.0;173783.9099;505314.1924;Nederland;n.a.;n.a.;Dronten;Flevoland;land;52.535152217580844;5.6640470789882515;BU03030550;GM0303;BU03030550;GM0303;BU03030550;GM0303;False;False
80.0;68.0;2000.0;174166.7727;505352.9877;Nederland;n.a.;n.a.;Dronten;Flevoland;land;52.53548757227759;5.669691978538951;BU03030550;GM0303;BU03030550;GM0303;BU03030550;GM0303;False;False
71.0;65.0;2300.0;165164.7007;505356.8672;Nederland;n.a.;n.a.;Lelystad;Flevoland;land;52.53576426526521;5.537016827708611;BU09951029;GM0995;BU09951029;GM0995;BU09951029;GM0995;False;False
164.0;166.0;6000.0;181474.375122;505384.755005;Nederland;n.a.;Cypress 6.0-164;Dronten;Flevoland;land;52.53546769009985;5.777394607801848;BU03030550;GM0303;BU03030550;GM0303;BU03030550;GM0303;False;False
71.0;70.0;2300.0;166244.8404;505421.9693;Nederland;n.a.;n.a.;Lelystad;Flevoland;land;52.53632816628556;5.552938547960156;BU09951029;GM0995;BU09951029;GM0995;BU09951029;GM0995;False;False
164.0;166.0;6000.0;183058.0;505474.8;Nederland;n.a.;Cypress 6.0-164;Dronten;Flevoland;land;52.53619786575909;5.800741708956678;BU03030550;GM0303;BU03030550;GM0303;BU03030550;GM0303;False;False
71.0;65.0;2300.0;165153.9826;505627.8599;Nederland;n.a.;n.a.;Lelystad;Flevoland;land;52.5381999357134;5.5368671291166764;BU09951029;GM0995;BU09951029;GM0995;BU09951029;GM0995;False;False
44.0;55.0;600.0;166705.318385;505677.046095;Nederland;n.a.;n.a.;Lelystad;Flevoland;land;52.53861091407031;5.559734308448568;BU09951029;GM0995;BU09951029;GM0995;BU09951029;GM0995;False;False
71.0;70.0;2300.0;166235.4849;505692.2181;Nederland;n.a.;n.a.;Lelystad;Flevoland;land;52.53875714246202;5.552809785147592;BU09951029;GM0995;BU09951029;GM0995;BU09951029;GM0995;False;False
13.0;15.0;15.0;218613.086121;505704.311096;Nederland;n.a.;EAZ wind;Dalfsen;Overijssel;land;52.535276862044114;6.324770607991501;BU01480119;GM0148;BU01480119;GM0148;BU01480119;GM0148;False;False
44.0;55.0;600.0;166703.491103;505712.080456;Nederland;n.a.;n.a.;Lelystad;Flevoland;land;52.53892581469057;5.559708607365314;BU09951029;GM0995;BU09951029;GM0995;BU09951029;GM0995;False;False
44.0;55.0;600.0;166702.065057;505746.726334;Nederland;n.a.;n.a.;Lelystad;Flevoland;land;52.53923721425006;5.559688807232634;BU09951029;GM0995;BU09951029;GM0995;BU09951029;GM0995;False;False
44.0;55.0;600.0;166700.400435;505781.850105;Nederland;n.a.;n.a.;Lelystad;Flevoland;land;52.539552914786235;5.559665505275553;BU09951029;GM0995;BU09951029;GM0995;BU09951029;GM0995;False;False
48.0;55.0;750.0;168005.5832;505788.5862;Nederland;n.a.;n.a.;Lelystad;Flevoland;land;52.53958391319363;5.578903692409483;BU09951029;GM0995;BU09951029;GM0995;BU09951029;GM0995;False;False
71.0;65.0;2300.0;165143.134;505912.9741;Nederland;n.a.;n.a.;Lelystad;Flevoland;land;52.5407625199689;5.536715921085227;BU09951029;GM0995;BU09951029;GM0995;BU09951029;GM0995;False;False
164.0;166.0;6000.0;181312.606079;505930.690979;Nederland;n.a.;Cypress 6.0-164;Dronten;Flevoland;land;52.54038187598858;5.775053586858231;BU03030550;GM0303;BU03030550;GM0303;BU03030550;GM0303;False;False
71.0;70.0;2300.0;166225.9701;505961.4717;Nederland;n.a.;n.a.;Lelystad;Flevoland;land;52.54117717636991;5.552678626616513;BU09951029;GM0995;BU09951029;GM0995;BU09951029;GM0995;False;False
164.0;166.0;6000.0;183058.0;505994.8;Nederland;n.a.;Cypress 6.0-164;Dronten;Flevoland;land;52.540871132198;5.800785526477528;BU03030550;GM0303;BU03030550;GM0303;BU03030550;GM0303;False;False
13.0;15.0;15.0;212135.7575;506132.3085;Nederland;n.a.;EAZ wind;Dalfsen;Overijssel;land;52.539838931074236;6.229387962016195;BU01480109;GM0148;BU01480109;GM0148;BU01480109;GM0148;False;False
44.0;53.0;600.0;174236.5723;506153.6876;Nederland;n.a.;n.a.;Dronten;Flevoland;land;52.542681128425755;5.6707669667825105;BU03030550;GM0303;BU03030550;GM0303;BU03030550;GM0303;False;False
71.0;65.0;2300.0;165134.1454;506182.7486;Nederland;n.a.;n.a.;Lelystad;Flevoland;land;52.5431872069384;5.536591646445446;BU09951029;GM0995;BU09951029;GM0995;BU09951029;GM0995;False;False
71.0;70.0;2300.0;166216.9822;506230.7996;Nederland;n.a.;n.a.;Lelystad;Flevoland;land;52.543597865720145;5.552555223386442;BU09951029;GM0995;BU09951029;GM0995;BU09951029;GM0995;False;False
13.0;15.0;15.0;217539.900098;506255.445414;Nederland;n.a.;EAZ wind;Dalfsen;Overijssel;land;52.540353435381384;6.309058854797344;BU01480119;GM0148;BU01480119;GM0148;BU01480119;GM0148;False;False
18.0;40.0;80.0;173005.7296;506373.3622;Nederland;n.a.;n.a.;Dronten;Flevoland;land;52.54469736178414;5.652635467942544;BU03030720;GM0303;BU03030720;GM0303;BU03030720;GM0303;False;False
164.0;166.0;6000.0;181164.88;506423.04;Nederland;n.a.;Cypress 6.0-164;Dronten;Flevoland;land;52.54481374817614;5.772914844671753;BU03030550;GM0303;BU03030550;GM0303;BU03030550;GM0303;False;False
164.0;166.0;6000.0;182910.98;506472.7;Nederland;n.a.;Cypress 6.0-164;Dronten;Flevoland;land;52.545173574909946;5.798658544291697;BU03030550;GM0303;BU03030550;GM0303;BU03030550;GM0303;False;False
18.0;40.0;80.0;169747.0189;506573.4751;Nederland;n.a.;n.a.;Dronten;Flevoland;land;52.546593580686014;5.604606595439955;BU03030720;GM0303;BU03030720;GM0303;BU03030720;GM0303;False;False
116.0;135.0;3000.0;166488.6871;506600.2848;Nederland;n.a.;n.a.;Lelystad;Flevoland;land;52.54691284878218;5.556573186715478;BU09951029;GM0995;BU09951029;GM0995;BU09951029;GM0995;False;False
115.0;135.0;3000.0;167081.3549;506618.8057;Nederland;n.a.;n.a.;Lelystad;Flevoland;land;52.54706649916391;5.565311031313577;BU09951029;GM0995;BU09951029;GM0995;BU09951029;GM0995;False;False
115.0;135.0;3000.0;168228.151001;506662.975098;Nederland;n.a.;n.a.;Lelystad;Flevoland;land;52.54743686277685;5.582219024676293;BU09951029;GM0995;BU09951029;GM0995;BU09951029;GM0995;False;False
13.0;15.0;15.0;217223.552;506672.092738;Nederland;n.a.;EAZ wind;Dalfsen;Overijssel;land;52.54413368225735;6.304474235393679;BU01480119;GM0148;BU01480119;GM0148;BU01480119;GM0148;False;False
44.0;55.0;600.0;161736.2642;506748.7106;Nederland;n.a.;n.a.;Lelystad;Flevoland;land;52.54832617122351;5.4865152885918;BU09951076;GM0995;BU09951076;GM0995;BU09951076;GM0995;False;False
164.0;166.0;6000.0;181019.19;506908.65;Nederland;n.a.;Cypress 6.0-164;Dronten;Flevoland;land;52.54918491693281;5.770805164455444;BU03030550;GM0303;BU03030550;GM0303;BU03030550;GM0303;False;False
164.0;166.0;6000.0;182763.968079;506950.612;Nederland;n.a.;Cypress 6.0-164;Dronten;Flevoland;land;52.54947608312611;5.7965312686803125;BU03030550;GM0303;BU03030550;GM0303;BU03030550;GM0303;False;False
11.0;20.0;10.0;238194.147004;506957.967515;Nederland;n.a.;n.a.;Hardenberg;Overijssel;land;52.54391073442866;6.6136244872011005;BU01600601;GM0160;BU01600601;GM0160;BU01600601;GM0160;False;False
13.0;15.0;15.0;211707.097696;507050.427618;Nederland;n.a.;EAZ wind;Dalfsen;Overijssel;land;52.548134236937635;6.223226520452353;BU01480110;GM0148;BU01480110;GM0148;BU01480110;GM0148;False;False
162.0;136.0;5600.0;168731.941286;507340.619366;Nederland;n.a.;n.a.;Dronten;Flevoland;land;52.55351452358852;5.589674009991829;BU03030720;GM0303;BU03030720;GM0303;BU03030720;GM0303;False;False
164.0;166.0;6000.0;180875.474976;507387.55603;Nederland;n.a.;Cypress 6.0-164;Dronten;Flevoland;land;52.55349570141241;5.768723665354297;BU03030550;GM0303;BU03030550;GM0303;BU03030550;GM0303;False;False
162.0;136.0;5600.0;170570.420952;507413.120035;Nederland;n.a.;n.a.;Dronten;Flevoland;land;52.5541167326834;5.616784458018791;BU03030720;GM0303;BU03030720;GM0303;BU03030720;GM0303;False;False
162.0;168.0;5600.0;175553.87418;507461.786474;Nederland;n.a.;n.a.;Dronten;Flevoland;land;52.55438916253264;5.6902655673034515;BU03030720;GM0303;BU03030720;GM0303;BU03030720;GM0303;False;False
13.0;15.0;15.0;213901.160644;507725.014;Nederland;n.a.;EAZ wind;Dalfsen;Overijssel;land;52.553964067506875;6.255689033431579;BU01480110;GM0148;BU01480110;GM0148;BU01480110;GM0148;False;False
162.0;136.0;5600.0;168716.685715;507767.519832;Nederland;n.a.;n.a.;Dronten;Flevoland;land;52.55735152996991;5.5894666856891835;BU03030720;GM0303;BU03030720;GM0303;BU03030720;GM0303;False;False
162.0;136.0;5600.0;170556.598091;507840.320598;Nederland;n.a.;n.a.;Dronten;Flevoland;land;52.55795644142487;5.616600630097575;BU03030720;GM0303;BU03030720;GM0303;BU03030720;GM0303;False;False
164.0;166.0;6000.0;180731.83;507866.47;Nederland;n.a.;Cypress 6.0-164;Dronten;Flevoland;land;52.557806514098594;5.7666427931333395;BU03030550;GM0303;BU03030550;GM0303;BU03030550;GM0303;False;False
162.0;168.0;5600.0;175800.13831;507884.452489;Nederland;n.a.;n.a.;Dronten;Flevoland;land;52.558178374020294;5.693923037256189;BU03030720;GM0303;BU03030720;GM0303;BU03030720;GM0303;False;False
82.0;85.0;3000.0;210816.8742;507921.8861;Nederland;n.a.;n.a.;Dalfsen;Overijssel;land;52.55605728575195;6.210249597663521;BU01480210;GM0148;BU01480210;GM0148;BU01480210;GM0148;False;False
82.0;85.0;3000.0;210340.9356;508187.9018;Nederland;n.a.;n.a.;Zwolle;Overijssel;land;52.558496279022826;6.203276604636622;BU01934050;GM0193;BU01934050;GM0193;BU01934050;GM0193;False;False
162.0;136.0;5600.0;168700.189716;508194.996064;Nederland;n.a.;n.a.;Dronten;Flevoland;land;52.56119373946399;5.589241057488591;BU03030720;GM0303;BU03030720;GM0303;BU03030720;GM0303;False;False
162.0;136.0;5600.0;170541.617741;508269.632248;Nederland;n.a.;n.a.;Dronten;Flevoland;land;52.561815151315564;5.61639979965997;BU03030720;GM0303;BU03030720;GM0303;BU03030720;GM0303;False;False
82.0;85.0;2300.0;210972.9189;508303.9036;Nederland;n.a.;n.a.;Dalfsen;Overijssel;land;52.5594742874468;6.2126145843855936;BU01480210;GM0148;BU01480210;GM0148;BU01480210;GM0148;False;False
162.0;168.0;5600.0;176048.136723;508310.210173;Nederland;n.a.;n.a.;Dronten;Flevoland;land;52.56199518748973;5.697606907679421;BU03030720;GM0303;BU03030720;GM0303;BU03030720;GM0303;False;False
164.0;166.0;6000.0;180588.159119;508345.416016;Nederland;n.a.;Cypress 6.0-164;Dronten;Flevoland;land;52.562117575205164;5.764561135563666;BU03030550;GM0303;BU03030550;GM0303;BU03030550;GM0303;False;False
13.0;15.0;15.0;218387.422946;508439.322056;Nederland;n.a.;EAZ wind;Dalfsen;Overijssel;land;52.55988058533677;6.321965855472339;BU01480119;GM0148;BU01480119;GM0148;BU01480119;GM0148;False;False
82.0;85.0;2300.0;210473.9063;508519.9013;Nederland;n.a.;n.a.;Zwolle;Overijssel;land;52.56146627992605;6.2052925941532875;BU01934050;GM0193;BU01934050;GM0193;BU01934050;GM0193;False;False
162.0;136.0;5600.0;168588.04338;508607.986249;Nederland;n.a.;n.a.;Dronten;Flevoland;land;52.56490814685309;5.5876041332585284;BU03030720;GM0303;BU03030720;GM0303;BU03030720;GM0303;False;False
162.0;168.0;5600.0;174497.399053;508663.069711;Nederland;n.a.;n.a.;Dronten;Flevoland;land;52.5652239874318;5.674758791453182;BU03030720;GM0303;BU03030720;GM0303;BU03030720;GM0303;False;False
82.0;85.0;2300.0;211129.888;508685.9373;Nederland;n.a.;n.a.;Dalfsen;Overijssel;land;52.562891289089926;6.2149935730337384;BU01480210;GM0148;BU01480210;GM0148;BU01480210;GM0148;False;False
162.0;136.0;5600.0;170526.072834;508698.108006;Nederland;n.a.;n.a.;Dronten;Flevoland;land;52.56566636206859;5.616190570114785;BU03030720;GM0303;BU03030720;GM0303;BU03030720;GM0303;False;False
162.0;168.0;5600.0;176296.667552;508737.708095;Nederland;n.a.;n.a.;Dronten;Flevoland;land;52.56582750129278;5.701299381294471;BU03030720;GM0303;BU03030720;GM0303;BU03030720;GM0303;False;False
164.0;166.0;6000.0;180444.47;508824.3;Nederland;n.a.;Cypress 6.0-164;Dronten;Flevoland;land;52.56642803954595;5.762478798729399;BU03030550;GM0303;BU03030550;GM0303;BU03030550;GM0303;False;False
82.0;85.0;2300.0;210605.8979;508852.8954;Nederland;n.a.;n.a.;Zwolle;Overijssel;land;52.56444528166197;6.2072945838778075;BU01934050;GM0193;BU01934050;GM0193;BU01934050;GM0193;False;False
13.0;15.0;15.0;210036.715088;508879.518311;Nederland;n.a.;EAZ wind;Zwolle;Overijssel;land;52.56474221926146;6.198905354259409;BU01934050;GM0193;BU01934050;GM0193;BU01934050;GM0193;False;False
13.0;15.0;15.0;213196.441589;508983.065613;Nederland;n.a.;EAZ wind;Dalfsen;Overijssel;land;52.56534496669871;6.245519312539437;BU01480210;GM0148;BU01480210;GM0148;BU01480210;GM0148;False;False
162.0;136.0;5600.0;168475.839609;509021.491162;Nederland;n.a.;n.a.;Dronten;Flevoland;land;52.568627157507706;5.5859661063890025;BU03030720;GM0303;BU03030720;GM0303;BU03030720;GM0303;False;False
82.0;85.0;2300.0;211285.8712;509068.9669;Nederland;n.a.;n.a.;Dalfsen;Overijssel;land;52.566317290842804;6.217358560749442;BU01480210;GM0148;BU01480210;GM0148;BU01480210;GM0148;False;False
162.0;168.0;5600.0;174758.504677;509077.709995;Nederland;n.a.;n.a.;Dronten;Flevoland;land;52.568941002416246;5.6786342563791665;BU03030720;GM0303;BU03030720;GM0303;BU03030720;GM0303;False;False
162.0;136.0;5600.0;170510.704795;509137.812315;Nederland;n.a.;n.a.;Dronten;Flevoland;land;52.5696184758673;5.615984437808694;BU03030720;GM0303;BU03030720;GM0303;BU03030720;GM0303;False;False
103.0;98.0;2350.0;227767.0723;509144.163262;Nederland;n.a.;n.a.;Ommen;Overijssel;land;52.56504452446223;6.460417919908672;BU01750202;GM0175;BU01750202;GM0175;BU01750202;GM0175;False;False
103.0;98.0;2350.0;228369.794362;509149.851906;Nederland;n.a.;n.a.;Ommen;Overijssel;land;52.56501495546669;6.469306968369695;BU01750202;GM0175;BU01750202;GM0175;BU01750202;GM0175;False;False
162.0;168.0;5600.0;176544.572305;509165.049989;Nederland;n.a.;n.a.;Dronten;Flevoland;land;52.56965831908328;5.7049832510240455;BU03030720;GM0303;BU03030720;GM0303;BU03030720;GM0303;False;False
82.0;85.0;2300.0;210737.871;509185.8933;Nederland;n.a.;n.a.;Zwolle;Overijssel;land;52.567424283064454;6.209296572880657;BU01934050;GM0193;BU01934050;GM0193;BU01934050;GM0193;False;False
82.0;98.0;3000.0;188183.065847;509211.99794;Nederland;n.a.;n.a.;Kampen;Overijssel;land;52.569496516057775;5.876648458161904;BU01660006;GM0166;BU01660006;GM0166;BU01660006;GM0166;False;False
13.0;15.0;15.0;210157.057678;509411.236511;Nederland;n.a.;EAZ wind;Zwolle;Overijssel;land;52.56950832699856;6.200768227689334;BU01934050;GM0193;BU01934050;GM0193;BU01934050;GM0193;False;False
162.0;136.0;5600.0;168363.080074;509434.340931;Nederland;n.a.;n.a.;Dronten;Flevoland;land;52.572340266838516;5.584319580262784;BU03030720;GM0303;BU03030720;GM0303;BU03030720;GM0303;False;False
103.0;98.0;2350.0;228369.132901;509457.562905;Nederland;n.a.;n.a.;Ommen;Overijssel;land;52.56778009816441;6.469365095883829;BU01750202;GM0175;BU01750202;GM0175;BU01750202;GM0175;False;False
103.0;98.0;2350.0;227311.723449;509457.827487;Nederland;n.a.;n.a.;Ommen;Overijssel;land;52.56792360079495;6.453771478601711;BU01750202;GM0175;BU01750202;GM0175;BU01750202;GM0175;False;False
103.0;98.0;2350.0;227764.690956;509458.224368;Nederland;n.a.;n.a.;Ommen;Overijssel;land;52.56786696361937;6.460451517424554;BU01750202;GM0175;BU01750202;GM0175;BU01750202;GM0175;False;False
162.0;168.0;5600.0;175019.216357;509491.684388;Nederland;n.a.;n.a.;Dronten;Flevoland;land;52.572651917169125;5.682504524846206;BU03030720;GM0303;BU03030720;GM0303;BU03030720;GM0303;False;False
130.0;140.0;4200.0;212242.610686;509540.725537;Nederland;n.a.;n.a.;Dalfsen;Overijssel;land;52.570457186692785;6.231549145553849;BU01480210;GM0148;BU01480210;GM0148;BU01480210;GM0148;False;False
82.0;98.0;3000.0;187992.913693;509547.045754;Nederland;n.a.;n.a.;Kampen;Overijssel;land;52.57251909260258;5.873877103709303;BU01660006;GM0166;BU01660006;GM0166;BU01660006;GM0166;False;False
162.0;136.0;5600.0;170398.44749;509550.617852;Nederland;n.a.;n.a.;Dronten;Flevoland;land;52.57333158843166;5.614347809947222;BU03030720;GM0303;BU03030720;GM0303;BU03030720;GM0303;False;False
130.0;140.0;4200.0;211786.292216;509573.876879;Nederland;n.a.;n.a.;Dalfsen;Overijssel;land;52.57080277407434;6.2248246794560025;BU01480208;GM0148;BU01480208;GM0148;BU01480208;GM0148;False;False
162.0;168.0;5600.0;176792.483514;509591.882034;Nederland;n.a.;n.a.;Dronten;Flevoland;land;52.57348443588543;5.708667823947004;BU03030720;GM0303;BU03030720;GM0303;BU03030720;GM0303;False;False
103.0;98.0;2350.0;227311.855743;509777.510962;Nederland;n.a.;n.a.;Hardenberg;Overijssel;land;52.570796230377475;6.453842947547876;BU01600907;GM0160;BU01600907;GM0160;BU01600907;GM0160;False;False
103.0;98.0;2350.0;228370.720275;509779.098424;Nederland;n.a.;n.a.;Hardenberg;Overijssel;land;52.57066916185134;6.469459449029962;BU01600907;GM0160;BU01600907;GM0160;BU01600907;GM0160;False;False
103.0;98.0;2350.0;227767.601475;509783.860975;Nederland;n.a.;n.a.;Hardenberg;Overijssel;land;52.57079271150405;6.460565697293835;BU01600907;GM0160;BU01600907;GM0160;BU01600907;GM0160;False;False
162.0;136.0;5600.0;168251.540222;509849.277836;Nederland;n.a.;n.a.;Dronten;Flevoland;land;52.576072078540044;5.582690851724135;BU03030720;GM0303;BU03030720;GM0303;BU03030720;GM0303;False;False
162.0;168.0;5600.0;175281.097521;509905.589472;Nederland;n.a.;n.a.;Dronten;Flevoland;land;52.576362035783305;5.68639269194474;BU03030720;GM0303;BU03030720;GM0303;BU03030720;GM0303;False;False
82.0;98.0;3000.0;187764.705542;509942.521879;Nederland;n.a.;n.a.;Kampen;Overijssel;land;52.5760869521906;5.870549949615511;BU01660006;GM0166;BU01660006;GM0166;BU01660006;GM0166;False;False
82.0;98.0;3000.0;187362.480547;509952.255674;Nederland;n.a.;n.a.;Kampen;Overijssel;land;52.57619843876058;5.864617474306634;BU01660006;GM0166;BU01660006;GM0166;BU01660006;GM0166;False;False
80.0;57.0;2000.0;76672.151;509956.9965;Nederland;Prinses Amalia Windparken;Vestas V80-2MW;n.a.;n.a.;zee;52.57158195763509;4.231802464747051;n.a.;n.a.;n.a.;n.a.;n.a.;n.a.;False;False
162.0;136.0;5600.0;170285.903912;509963.381051;Nederland;n.a.;n.a.;Dronten;Flevoland;land;52.57704430235188;5.612706681291883;BU03030720;GM0303;BU03030720;GM0303;BU03030720;GM0303;False;False
80.0;57.0;2000.0;77625.1493;509963.994;Nederland;Prinses Amalia Windparken;Vestas V80-2MW;n.a.;n.a.;zee;52.57178074882017;4.2458556793854205;n.a.;n.a.;n.a.;n.a.;n.a.;n.a.;False;False
162.0;168.0;5600.0;177039.926602;510018.224671;Nederland;n.a.;n.a.;Dronten;Flevoland;land;52.57730605597137;5.712346099100309;BU03030720;GM0303;BU03030720;GM0303;BU03030720;GM0303;False;False
103.0;98.0;2350.0;227762.4862;510092.8949;Nederland;n.a.;n.a.;Hardenberg;Overijssel;land;52.57357033754645;6.460557887333931;BU01600907;GM0160;BU01600907;GM0160;BU01600907;GM0160;False;False
103.0;98.0;2350.0;228373.366175;510099.774094;Nederland;n.a.;n.a.;Hardenberg;Overijssel;land;52.57355035512152;6.469569237917034;BU01600907;GM0160;BU01600907;GM0160;BU01600907;GM0160;False;False
80.0;57.0;2000.0;75237.1542;510194.0002;Nederland;Prinses Amalia Windparken;Vestas V80-2MW;n.a.;n.a.;zee;52.573503792325766;4.210582444905792;n.a.;n.a.;n.a.;n.a.;n.a.;n.a.;False;False
80.0;57.0;2000.0;76189.1526;510217.9977;Nederland;Prinses Amalia Windparken;Vestas V80-2MW;n.a.;n.a.;zee;52.573857708174856;4.224617380696067;n.a.;n.a.;n.a.;n.a.;n.a.;n.a.;False;False
80.0;57.0;2000.0;78107.1491;510234.9927;Nederland;Prinses Amalia Windparken;Vestas V80-2MW;n.a.;n.a.;zee;52.57428397980309;4.252901615044645;n.a.;n.a.;n.a.;n.a.;n.a.;n.a.;False;False
80.0;57.0;2000.0;77148.1509;510234.9952;Nederland;Prinses Amalia Windparken;Vestas V80-2MW;n.a.;n.a.;zee;52.57414806435716;4.23875743379475;n.a.;n.a.;n.a.;n.a.;n.a.;n.a.;False;False
162.0;136.0;5600.0;168136.058843;510274.933673;Nederland;n.a.;n.a.;Dronten;Flevoland;land;52.5799002926397;5.581004122398611;BU03030720;GM0303;BU03030720;GM0303;BU03030720;GM0303;False;False
162.0;168.0;5600.0;175541.848911;510321.329441;Nederland;n.a.;n.a.;Dronten;Flevoland;land;52.580088555367745;5.690264960931995;BU03030720;GM0303;BU03030720;GM0303;BU03030720;GM0303;False;False
162.0;136.0;5600.0;170174.578732;510376.162034;Nederland;n.a.;n.a.;Dronten;Flevoland;land;52.580757115687916;5.6110832529131445;BU03030720;GM0303;BU03030720;GM0303;BU03030720;GM0303;False;False
162.0;168.0;5600.0;177278.399348;510428.282748;Nederland;n.a.;n.a.;Dronten;Flevoland;land;52.580981573572664;5.715891576562936;BU03030720;GM0303;BU03030720;GM0303;BU03030720;GM0303;False;False
80.0;57.0;2000.0;74750.1558;510446.0014;Nederland;Prinses Amalia Windparken;Vestas V80-2MW;n.a.;n.a.;zee;52.575696795053666;4.203339136714565;n.a.;n.a.;n.a.;n.a.;n.a.;n.a.;False;False
80.0;57.0;2000.0;75703.1542;510483.9989;Nederland;Prinses Amalia Windparken;Vestas V80-2MW;n.a.;n.a.;zee;52.57617751290355;4.2173861165499575;n.a.;n.a.;n.a.;n.a.;n.a.;n.a.;False;False
80.0;57.0;2000.0;76669.1525;510507.9964;Nederland;Prinses Amalia Windparken;Vestas V80-2MW;n.a.;n.a.;zee;52.576532636369684;4.231628457674376;n.a.;n.a.;n.a.;n.a.;n.a.;n.a.;False;False
80.0;57.0;2000.0;77633.1507;510513.9939;Nederland;Prinses Amalia Windparken;Vestas V80-2MW;n.a.;n.a.;zee;52.57672402601239;4.245845728226382;n.a.;n.a.;n.a.;n.a.;n.a.;n.a.;False;False
90.0;70.0;3000.0;90403.9185977;510557.025293;Nederland;NSW Offshore windpark Egmond aan Zee;V90-3MW;n.a.;n.a.;zee;52.57877159190863;4.4342114265777015;n.a.;n.a.;n.a.;n.a.;n.a.;n.a.;False;False
158.0;126.0;5500.0;164953.4;510670.11;Nederland;n.a.;GE Energy 5.5-158;Lelystad;Flevoland;binnenwater;52.583519196322534;5.534061709742845;BU09959997;GM0995;BU09959997;GM0995;BU09959997;GM0995;False;False
80.0;57.0;2000.0;74261.1574;510701.0026;Nederland;Prinses Amalia Windparken;Vestas V80-2MW;n.a.;n.a.;zee;52.5779160135405;4.196064882062645;n.a.;n.a.;n.a.;n.a.;n.a.;n.a.;False;False
162.0;136.0;5600.0;168013.700393;510725.009451;Nederland;n.a.;n.a.;Dronten;Flevoland;land;52.583948107944934;5.579216591439408;BU03030720;GM0303;BU03030720;GM0303;BU03030720;GM0303;False;False
162.0;168.0;5600.0;175802.991913;510734.982486;Nederland;n.a.;n.a.;Dronten;Flevoland;land;52.583796175828226;5.69414353230294;BU03030720;GM0303;BU03030720;GM0303;BU03030720;GM0303;False;False
80.0;57.0;2000.0;75222.1558;510745.0001;Nederland;Prinses Amalia Windparken;Vestas V80-2MW;n.a.;n.a.;zee;52.578452676584;4.210229044466898;n.a.;n.a.;n.a.;n.a.;n.a.;n.a.;False;False
80.0;57.0;2000.0;76190.1541;510778.9976;Nederland;Prinses Amalia Windparken;Vestas V80-2MW;n.a.;n.a.;zee;52.57889880550565;4.224499186600657;n.a.;n.a.;n.a.;n.a.;n.a.;n.a.;False;False
80.0;57.0;2000.0;78111.1506;510784.9926;Nederland;Prinses Amalia Windparken;Vestas V80-2MW;n.a.;n.a.;zee;52.5792266934287;4.252833450458848;n.a.;n.a.;n.a.;n.a.;n.a.;n.a.;False;False
80.0;57.0;2000.0;77158.1524;510793.9951;Nederland;Prinses Amalia Windparken;Vestas V80-2MW;n.a.;n.a.;zee;52.579172492389226;4.238774079159996;n.a.;n.a.;n.a.;n.a.;n.a.;n.a.;False;False
162.0;136.0;5600.0;170059.28528;510802.631257;Nederland;n.a.;n.a.;Dronten;Flevoland;land;52.58459303227603;5.609401622841135;BU03030720;GM0303;BU03030720;GM0303;BU03030720;GM0303;False;False
162.0;168.0;5600.0;177529.638401;510856.716174;Nederland;n.a.;n.a.;Dronten;Flevoland;land;52.58482159538154;5.719627255317036;BU03030720;GM0303;BU03030720;GM0303;BU03030720;GM0303;False;False
90.0;70.0;3000.0;91423.7618722;510891.585534;Nederland;NSW Offshore windpark Egmond aan Zee;V90-3MW;n.a.;n.a.;zee;52.58189776089979;4.4491913638769836;n.a.;n.a.;n.a.;n.a.;n.a.;n.a.;False;False
80.0;57.0;2000.0;73773.159;510957.0039;Nederland;Prinses Amalia Windparken;Vestas V80-2MW;n.a.;n.a.;zee;52.580143918359965;4.188804403851673;n.a.;n.a.;n.a.;n.a.;n.a.;n.a.;False;False
15.0;25.0;10.0;221496.970356;510981.518768;Nederland;n.a.;n.a.;Ommen;Overijssel;land;52.58235509422837;6.368323806865061;BU01751002;GM0175;BU01751002;GM0175;BU01751002;GM0175;False;False
80.0;57.0;2000.0;74743.1574;511006.0013;Nederland;Prinses Amalia Windparken;Vestas V80-2MW;n.a.;n.a.;zee;52.580727699626884;4.203100737775498;n.a.;n.a.;n.a.;n.a.;n.a.;n.a.;False;False
80.0;57.0;2000.0;78596.1504;511045.9914;Nederland;Prinses Amalia Windparken;Vestas V80-2MW;n.a.;n.a.;zee;52.58164007405084;4.2599275256815705;n.a.;n.a.;n.a.;n.a.;n.a.;n.a.;False;False
80.0;57.0;2000.0;75713.1557;511048.9988;Nederland;Prinses Amalia Windparken;Vestas V80-2MW;n.a.;n.a.;zee;52.58125584802188;4.217398893192914;n.a.;n.a.;n.a.;n.a.;n.a.;n.a.;False;False
90.0;70.0;3000.0;89995.0210465;511053.916722;Nederland;NSW Offshore windpark Egmond aan Zee;V90-3MW;n.a.;n.a.;zee;52.58318817296252;4.4280825585457135;n.a.;n.a.;n.a.;n.a.;n.a.;n.a.;False;False
80.0;57.0;2000.0;77643.1522;511073.9938;Nederland;Prinses Amalia Windparken;Vestas V80-2MW;n.a.;n.a.;zee;52.581757438036014;4.24586294775583;n.a.;n.a.;n.a.;n.a.;n.a.;n.a.;False;False
80.0;57.0;2000.0;76683.154;511073.9962;Nederland;Prinses Amalia Windparken;Vestas V80-2MW;n.a.;n.a.;zee;52.58162053305114;4.231701645110371;n.a.;n.a.;n.a.;n.a.;n.a.;n.a.;False;False
162.0;168.0;5600.0;176064.209839;511149.340186;Nederland;n.a.;n.a.;Dronten;Flevoland;land;52.5875099952502;5.69802390665476;BU03030720;GM0303;BU03030720;GM0303;BU03030720;GM0303;False;False
158.0;126.0;5500.0;165438.3;511168.0;Nederland;n.a.;GE Energy 5.5-158;Lelystad;Flevoland;binnenwater;52.58798472022777;5.541231758994635;BU09959997;GM0995;BU09959997;GM0995;BU09959997;GM0995;False;False
158.0;126.0;5500.0;164140.35;511192.86;Nederland;n.a.;GE Energy 5.5-158;Lelystad;Flevoland;binnenwater;52.58823145842079;5.522080062387987;BU09959997;GM0995;BU09959997;GM0995;BU09959997;GM0995;False;False
162.0;136.0;5600.0;167884.800977;511196.780568;Nederland;n.a.;n.a.;Dronten;Flevoland;land;52.588191025110085;5.577333056631041;BU03030720;GM0303;BU03030720;GM0303;BU03030720;GM0303;False;False
162.0;136.0;5600.0;169940.978968;511241.256409;Nederland;n.a.;n.a.;Dronten;Flevoland;land;52.58853824953627;5.607675789251187;BU03030720;GM0303;BU03030720;GM0303;BU03030720;GM0303;False;False
80.0;57.0;2000.0;74255.159;511267.0026;Nederland;Prinses Amalia Windparken;Vestas V80-2MW;n.a.;n.a.;zee;52.58300096064434;4.195838932824972;n.a.;n.a.;n.a.;n.a.;n.a.;n.a.;False;False
80.0;57.0;2000.0;75243.1573;511318.0;Nederland;Prinses Amalia Windparken;Vestas V80-2MW;n.a.;n.a.;zee;52.58360450002077;4.210401345934582;n.a.;n.a.;n.a.;n.a.;n.a.;n.a.;False;False
80.0;57.0;2000.0;78133.152;511343.9925;Nederland;Prinses Amalia Windparken;Vestas V80-2MW;n.a.;n.a.;zee;52.58425280854246;4.253028724396955;n.a.;n.a.;n.a.;n.a.;n.a.;n.a.;False;False
80.0;57.0;2000.0;76211.1556;511355.9974;Nederland;Prinses Amalia Windparken;Vestas V80-2MW;n.a.;n.a.;zee;52.58408655416786;4.224672209781714;n.a.;n.a.;n.a.;n.a.;n.a.;n.a.;False;False
80.0;57.0;2000.0;77175.1538;511362.9949;Nederland;Prinses Amalia Windparken;Vestas V80-2MW;n.a.;n.a.;zee;52.58428776879318;4.238891646511989;n.a.;n.a.;n.a.;n.a.;n.a.;n.a.;False;False
90.0;70.0;3000.0;91014.8981441;511389.476224;Nederland;NSW Offshore windpark Egmond aan Zee;V90-3MW;n.a.;n.a.;zee;52.586324098078244;4.443063861899515;n.a.;n.a.;n.a.;n.a.;n.a.;n.a.;False;False
116.0;149.0;3000.0;247706.142373;511503.32581;Duitsland;n.a.;n.a.;n.a.;n.a.;land;52.58321960166022;6.755077394204374;n.a.;n.a.;n.a.;n.a.;n.a.;n.a.;False;False
116.0;149.0;3000.0;248173.297886;511529.956068;Duitsland;n.a.;n.a.;n.a.;n.a.;land;52.58337929272172;6.761975803706459;n.a.;n.a.;n.a.;n.a.;n.a.;n.a.;False;False
80.0;57.0;2000.0;73772.1606;511531.0038;Nederland;Prinses Amalia Windparken;Vestas V80-2MW;n.a.;n.a.;zee;52.585301474216706;4.188649409962633;n.a.;n.a.;n.a.;n.a.;n.a.;n.a.;False;False
90.0;70.0;3000.0;89593.8551794;511542.548341;Nederland;NSW Offshore windpark Egmond aan Zee;V90-3MW;n.a.;n.a.;zee;52.58753113363743;4.422068162257287;n.a.;n.a.;n.a.;n.a.;n.a.;n.a.;False;False
14.0;15.0;25.0;212704.783373;511556.664559;Nederland;n.a.;n.a.;Dalfsen;Overijssel;land;52.588524442052545;6.238715630165415;BU01480206;GM0148;BU01480206;GM0148;BU01480206;GM0148;False;False
80.0;57.0;2000.0;74754.1589;511590.0012;Nederland;Prinses Amalia Windparken;Vestas V80-2MW;n.a.;n.a.;zee;52.58597689903544;4.203122030160839;n.a.;n.a.;n.a.;n.a.;n.a.;n.a.;False;False
80.0;57.0;2000.0;78623.1518;511595.9912;Nederland;Prinses Amalia Windparken;Vestas V80-2MW;n.a.;n.a.;zee;52.58658600443713;4.260199451607732;n.a.;n.a.;n.a.;n.a.;n.a.;n.a.;False;False
116.0;149.0;3000.0;248674.511441;511604.359993;Duitsland;n.a.;n.a.;n.a.;n.a.;land;52.58396198269888;6.769390113468557;n.a.;n.a.;n.a.;n.a.;n.a.;n.a.;False;False
80.0;57.0;2000.0;75737.1572;511634.9986;Nederland;Prinses Amalia Windparken;Vestas V80-2MW;n.a.;n.a.;zee;52.586524908092215;4.217613199531028;n.a.;n.a.;n.a.;n.a.;n.a.;n.a.;False;False
80.0;57.0;2000.0;77669.1537;511641.9936;Nederland;Prinses Amalia Windparken;Vestas V80-2MW;n.a.;n.a.;zee;52.58686499662434;4.2461143552248;n.a.;n.a.;n.a.;n.a.;n.a.;n.a.;False;False
80.0;57.0;2000.0;76707.1555;511650.9961;Nederland;Prinses Amalia Windparken;Vestas V80-2MW;n.a.;n.a.;zee;52.5868087017648;4.231919783735056;n.a.;n.a.;n.a.;n.a.;n.a.;n.a.;False;False
116.0;149.0;3000.0;247352.221212;511657.891357;Duitsland;n.a.;n.a.;n.a.;n.a.;land;52.58466841244963;6.749899692090012;n.a.;n.a.;n.a.;n.a.;n.a.;n.a.;False;False
158.0;126.0;5500.0;165923.21;511665.89;Nederland;n.a.;GE Energy 5.5-158;Lelystad;Flevoland;binnenwater;52.5924498057749;5.548403409275228;BU09959997;GM0995;BU09959997;GM0995;BU09959997;GM0995;False;False
158.0;126.0;5500.0;164627.87;511692.39;Nederland;n.a.;GE Energy 5.5-158;Lelystad;Flevoland;binnenwater;52.59271239334985;5.529288377323079;BU09959997;GM0995;BU09959997;GM0995;BU09959997;GM0995;False;False
162.0;136.0;5600.0;169805.645922;511737.549735;Nederland;n.a.;n.a.;Dronten;Flevoland;land;52.5930021694667;5.605700949440565;BU03030720;GM0303;BU03030720;GM0303;BU03030720;GM0303;False;False
15.0;20.0;10.0;208816.245896;511852.396982;Nederland;n.a.;WB10;Staphorst;Overijssel;land;52.591579571392415;6.181388514832648;BU01800101;GM0180;BU01800101;GM0180;BU01800101;GM0180;False;False
70.0;85.0;2300.0;211442.9989;511852.42;Nederland;n.a.;n.a.;Staphorst;Overijssel;land;52.591314244548215;6.220148498420485;BU01800206;GM0180;BU01800206;GM0180;BU01800206;GM0180;False;False
80.0;57.0;2000.0;74276.1606;511864.0024;Nederland;Prinses Amalia Windparken;Vestas V80-2MW;n.a.;n.a.;zee;52.58836844692203;4.196003736456851;n.a.;n.a.;n.a.;n.a.;n.a.;n.a.;False;False
116.0;149.0;3000.0;248060.699916;511885.345555;Duitsland;n.a.;n.a.;n.a.;n.a.;land;52.58659170139908;6.760414413693821;n.a.;n.a.;n.a.;n.a.;n.a.;n.a.;False;False
90.0;70.0;3000.0;90606.0016204;511886.369098;Nederland;NSW Offshore windpark Egmond aan Zee;V90-3MW;n.a.;n.a.;zee;52.590741141348815;4.436934838797503;n.a.;n.a.;n.a.;n.a.;n.a.;n.a.;False;False
80.0;57.0;2000.0;78165.1534;511902.9923;Nederland;Prinses Amalia Windparken;Vestas V80-2MW;n.a.;n.a.;zee;52.58928032501549;4.253371578375119;n.a.;n.a.;n.a.;n.a.;n.a.;n.a.;False;False
71.0;85.0;2050.0;111978.3842;511904.0949;Nederland;n.a.;n.a.;Alkmaar;Noord-Holland;land;52.59300436447949;4.752304250489087;BU03610308;GM0361;BU03610308;GM0361;BU03610308;GM0361;False;False
80.0;57.0;2000.0;75263.1589;511914.9998;Nederland;Prinses Amalia Windparken;Vestas V80-2MW;n.a.;n.a.;zee;52.58897182435399;4.210553171773742;n.a.;n.a.;n.a.;n.a.;n.a.;n.a.;False;False
80.0;57.0;2000.0;77207.1553;511936.9947;Nederland;Prinses Amalia Windparken;Vestas V80-2MW;n.a.;n.a.;zee;52.58945010634856;4.239229376980835;n.a.;n.a.;n.a.;n.a.;n.a.;n.a.;False;False
80.0;57.0;2000.0;76240.1571;511939.9972;Nederland;Prinses Amalia Windparken;Vestas V80-2MW;n.a.;n.a.;zee;52.58933835072052;4.224961640664556;n.a.;n.a.;n.a.;n.a.;n.a.;n.a.;False;False
116.0;149.0;3000.0;248699.425465;511983.100008;Duitsland;n.a.;n.a.;n.a.;n.a.;land;52.587360688022926;6.7698644272546895;n.a.;n.a.;n.a.;n.a.;n.a.;n.a.;False;False
90.0;70.0;3000.0;91819.1769478;511984.355557;Nederland;NSW Offshore windpark Egmond aan Zee;V90-3MW;n.a.;n.a.;zee;52.59176350372739;4.454816887011305;n.a.;n.a.;n.a.;n.a.;n.a.;n.a.;False;False
15.0;25.0;10.0;208844.368774;511998.841614;Nederland;n.a.;n.a.;Staphorst;Overijssel;land;52.592892808998464;6.181827237599817;BU01800101;GM0180;BU01800101;GM0180;BU01800101;GM0180;False;False
90.0;70.0;3000.0;89184.9893467;512040.443056;Nederland;NSW Offshore windpark Egmond aan Zee;V90-3MW;n.a.;n.a.;zee;52.59195609339531;4.415937125794375;n.a.;n.a.;n.a.;n.a.;n.a.;n.a.;False;False
80.0;57.0;2000.0;73797.1622;512134.0036;Nederland;Prinses Amalia Windparken;Vestas V80-2MW;n.a.;n.a.;zee;52.590723473523205;4.188870894287182;n.a.;n.a.;n.a.;n.a.;n.a.;n.a.;False;False
158.0;126.0;5500.0;166423.05;512149.23;Nederland;n.a.;GE Energy 5.5-158;Lelystad;Flevoland;binnenwater;52.59678337801692;5.555796361953346;BU09959997;GM0995;BU09959997;GM0995;BU09959997;GM0995;False;False
158.0;126.0;5500.0;165115.39;512191.91;Nederland;n.a.;GE Energy 5.5-158;Lelystad;Flevoland;binnenwater;52.597192795642776;5.536498158410844;BU09959997;GM0995;BU09959997;GM0995;BU09959997;GM0995;False;False
80.0;57.0;2000.0;74792.1605;512195.001;Nederland;Prinses Amalia Windparken;Vestas V80-2MW;n.a.;n.a.;zee;52.59141875825616;4.203536624084347;n.a.;n.a.;n.a.;n.a.;n.a.;n.a.;False;False
80.0;57.0;2000.0;77709.1551;512206.9934;Nederland;Prinses Amalia Windparken;Vestas V80-2MW;n.a.;n.a.;zee;52.591947575294675;4.24657308088553;n.a.;n.a.;n.a.;n.a.;n.a.;n.a.;False;False
70.0;85.0;2300.0;112082.6599;512224.2845;Nederland;n.a.;n.a.;Alkmaar;Noord-Holland;land;52.59589001786486;4.753801669333168;BU03610308;GM0361;BU03610308;GM0361;BU03610308;GM0361;False;False
80.0;57.0;2000.0;75770.1588;512228.9984;Nederland;Prinses Amalia Windparken;Vestas V80-2MW;n.a.;n.a.;zee;52.59186715341879;4.2179584379812205;n.a.;n.a.;n.a.;n.a.;n.a.;n.a.;False;False
80.0;57.0;2000.0;76745.157;512237.9959;Nederland;Prinses Amalia Windparken;Vestas V80-2MW;n.a.;n.a.;zee;52.592088727819075;4.23234218093109;n.a.;n.a.;n.a.;n.a.;n.a.;n.a.;False;False
70.0;85.0;2300.0;212115.897;512275.4209;Nederland;n.a.;n.a.;Staphorst;Overijssel;land;52.59504541580062;6.230150345146436;BU01800509;GM0180;BU01800509;GM0180;BU01800509;GM0180;False;False
70.0;85.0;2300.0;211652.947687;512311.414647;Nederland;n.a.;n.a.;Staphorst;Overijssel;land;52.59541716061446;6.223324749056254;BU01800206;GM0180;BU01800206;GM0180;BU01800206;GM0180;False;False
90.0;70.0;3000.0;90197.1377804;512384.263072;Nederland;NSW Offshore windpark Egmond aan Zee;V90-3MW;n.a.;n.a.;zee;52.59516686066044;4.430804873067168;n.a.;n.a.;n.a.;n.a.;n.a.;n.a.;False;False
15.0;25.0;10.0;209161.267113;512434.316514;Nederland;n.a.;n.a.;Staphorst;Overijssel;land;52.59677478443752;6.186574536553272;BU01800101;GM0180;BU01800101;GM0180;BU01800101;GM0180;False;False
11.0;20.0;10.0;219039.57;512438.68;Nederland;n.a.;n.a.;Hardenberg;Overijssel;land;52.59574335997997;6.332352243698584;BU01600404;GM0160;BU01600404;GM0160;BU01600404;GM0160;False;False
158.0;126.0;5500.0;167039.87;512463.58;Nederland;n.a.;GE Energy 5.5-158;Lelystad;Flevoland;binnenwater;52.59959518621985;5.564911289431044;BU09959997;GM0995;BU09959997;GM0995;BU09959997;GM0995;False;False
80.0;57.0;2000.0;74317.1622;512475.0022;Nederland;Prinses Amalia Windparken;Vestas V80-2MW;n.a.;n.a.;zee;52.59386468234535;4.196460279559442;n.a.;n.a.;n.a.;n.a.;n.a.;n.a.;False;False
90.0;70.0;3000.0;91406.3491895;512483.379633;Nederland;NSW Offshore windpark Egmond aan Zee;V90-3MW;n.a.;n.a.;zee;52.59619984085099;4.4486298574412935;n.a.;n.a.;n.a.;n.a.;n.a.;n.a.;False;False
15.0;25.0;10.0;209156.650143;512509.727025;Nederland;n.a.;n.a.;Staphorst;Overijssel;land;52.59745291246266;6.18651870042639;BU01800101;GM0180;BU01800101;GM0180;BU01800101;GM0180;False;False
80.0;57.0;2000.0;77250.1568;512513.9945;Nederland;Prinses Amalia Windparken;Vestas V80-2MW;n.a.;n.a.;zee;52.59464096179051;4.239728792637531;n.a.;n.a.;n.a.;n.a.;n.a.;n.a.;False;False
15.0;25.0;10.0;210425.054235;512515.246594;Nederland;n.a.;n.a.;Staphorst;Overijssel;land;52.59737505864758;6.205238548692937;BU01800206;GM0180;BU01800206;GM0180;BU01800206;GM0180;False;False
80.0;57.0;2000.0;75302.1604;512516.9996;Nederland;Prinses Amalia Windparken;Vestas V80-2MW;n.a.;n.a.;zee;52.59438684591149;4.210984182909141;n.a.;n.a.;n.a.;n.a.;n.a.;n.a.;False;False
16.0;25.0;10.0;212491.118233;512527.845483;Nederland;n.a.;BW10;Staphorst;Overijssel;land;52.59727435386375;6.235731171659049;BU01800509;GM0180;BU01800509;GM0180;BU01800509;GM0180;False;False
80.0;57.0;2000.0;76282.1587;512535.997;Nederland;Prinses Amalia Windparken;Vestas V80-2MW;n.a.;n.a.;zee;52.59469984382586;4.225440116977029;n.a.;n.a.;n.a.;n.a.;n.a.;n.a.;False;False
90.0;70.0;3000.0;88777.0897756;512537.306253;Nederland;NSW Offshore windpark Egmond aan Zee;V90-3MW;n.a.;n.a.;zee;52.5963715763346;4.409819323571224;n.a.;n.a.;n.a.;n.a.;n.a.;n.a.;False;False
14.0;15.0;25.0;211668.929954;512633.974343;Nederland;n.a.;n.a.;Staphorst;Overijssel;land;52.59831413105282;6.223615653147775;BU01800206;GM0180;BU01800206;GM0180;BU01800206;GM0180;False;False
158.0;126.0;5500.0;167705.0;512666.0;Nederland;n.a.;GE Energy 5.5-158;Dronten;Flevoland;binnenwater;52.60139924543407;5.5747361810044085;BU03039997;GM0303;BU03039997;GM0303;BU03039997;GM0303;False;False
158.0;126.0;5500.0;165666.051643;512747.267525;Nederland;n.a.;GE Energy 5.5-158;Lelystad;Flevoland;binnenwater;52.60217333844391;5.544643200079989;BU09959997;GM0995;BU09959997;GM0995;BU09959997;GM0995;False;False
80.0;57.0;2000.0;77744.1565;512756.9932;Nederland;Prinses Amalia Windparken;Vestas V80-2MW;n.a.;n.a.;zee;52.59689465322761;4.246961613969001;n.a.;n.a.;n.a.;n.a.;n.a.;n.a.;False;False
80.0;57.0;2000.0;74834.1621;512806.0008;Nederland;Prinses Amalia Windparken;Vestas V80-2MW;n.a.;n.a.;zee;52.59691511061037;4.204008892239043;n.a.;n.a.;n.a.;n.a.;n.a.;n.a.;False;False
80.0;57.0;2000.0;75818.1603;512811.9982;Nederland;Prinses Amalia Windparken;Vestas V80-2MW;n.a.;n.a.;zee;52.597112727340864;4.218527723313853;n.a.;n.a.;n.a.;n.a.;n.a.;n.a.;False;False
80.0;57.0;2000.0;76794.1585;512819.9957;Nederland;Prinses Amalia Windparken;Vestas V80-2MW;n.a.;n.a.;zee;52.59732539516345;4.232928174443476;n.a.;n.a.;n.a.;n.a.;n.a.;n.a.;False;False
158.0;126.0;5500.0;168374.0;512852.0;Nederland;n.a.;GE Energy 5.5-158;Dronten;Flevoland;binnenwater;52.6030548283782;5.58461833914628;BU03039997;GM0303;BU03039997;GM0303;BU03039997;GM0303;False;False
15.0;25.0;10.0;205368.873578;512900.714137;Nederland;n.a.;n.a.;Staphorst;Overijssel;land;52.60132957519044;6.130677835567407;BU01800209;GM0180;BU01800209;GM0180;BU01800209;GM0180;False;False
71.0;85.0;2300.0;112312.2228;512935.3679;Nederland;n.a.;n.a.;Alkmaar;Noord-Holland;land;52.60229830289037;4.757098129882592;BU03610308;GM0361;BU03610308;GM0361;BU03610308;GM0361;False;False
90.0;70.0;3000.0;90998.6193932;512985.238994;Nederland;NSW Offshore windpark Egmond aan Zee;V90-3MW;n.a.;n.a.;zee;52.60066192555332;4.442516271732606;n.a.;n.a.;n.a.;n.a.;n.a.;n.a.;False;False
90.0;70.0;3000.0;88368.2237555;513035.203798;Nederland;NSW Offshore windpark Egmond aan Zee;V90-3MW;n.a.;n.a.;zee;52.60079591271987;4.403685822376531;n.a.;n.a.;n.a.;n.a.;n.a.;n.a.;False;False
158.0;126.0;5500.0;169044.0;513039.0;Nederland;n.a.;GE Energy 5.5-158;Dronten;Flevoland;binnenwater;52.60471854954811;5.594516042864379;BU03039997;GM0303;BU03039997;GM0303;BU03039997;GM0303;False;False
80.0;57.0;2000.0;77293.1582;513069.9943;Nederland;Prinses Amalia Windparken;Vestas V80-2MW;n.a.;n.a.;zee;52.599643110506825;4.240233233418376;n.a.;n.a.;n.a.;n.a.;n.a.;n.a.;False;False
80.0;57.0;2000.0;74366.1638;513096.002;Nederland;Prinses Amalia Windparken;Vestas V80-2MW;n.a.;n.a.;zee;52.59945194733689;4.1970325601654555;n.a.;n.a.;n.a.;n.a.;n.a.;n.a.;False;False
90.0;70.0;3000.0;92176.9307841;513118.400063;Nederland;NSW Offshore windpark Egmond aan Zee;V90-3MW;n.a.;n.a.;zee;52.601995524310055;4.45988127316931;n.a.;n.a.;n.a.;n.a.;n.a.;n.a.;False;False
80.0;57.0;2000.0;76338.1601;513125.9968;Nederland;Prinses Amalia Windparken;Vestas V80-2MW;n.a.;n.a.;zee;52.60000943415797;4.22612672764314;n.a.;n.a.;n.a.;n.a.;n.a.;n.a.;False;False
80.0;57.0;2000.0;75367.162;513128.9993;Nederland;Prinses Amalia Windparken;Vestas V80-2MW;n.a.;n.a.;zee;52.599895510806626;4.211796589116307;n.a.;n.a.;n.a.;n.a.;n.a.;n.a.;False;False
158.0;126.0;5500.0;166137.53;513145.0;Nederland;n.a.;GE Energy 5.5-158;Lelystad;Flevoland;binnenwater;52.60573835425789;5.55161586541931;BU09959997;GM0995;BU09959997;GM0995;BU09959997;GM0995;False;False
48.0;56.0;800.0;128643.0594;513158.9021;Nederland;n.a.;n.a.;Koggenland;Noord-Holland;land;52.60534076841351;4.998130111271903;BU15981001;GM1598;BU15981001;GM1598;BU15981001;GM1598;False;False
90.0;70.0;3000.0;89542.9423617;513180.496516;Nederland;NSW Offshore windpark Egmond aan Zee;V90-3MW;n.a.;n.a.;zee;52.602243768591784;4.4209942454945965;n.a.;n.a.;n.a.;n.a.;n.a.;n.a.;False;False
48.0;56.0;800.0;128977.4585;513190.3837;Nederland;n.a.;n.a.;Koggenland;Noord-Holland;land;52.605639746906014;5.003063859520838;BU15981001;GM1598;BU15981001;GM1598;BU15981001;GM1598;False;False
158.0;126.0;5500.0;169713.0;513225.0;Nederland;n.a.;GE Energy 5.5-158;Dronten;Flevoland;binnenwater;52.60637248503066;5.60439968685818;BU03039997;GM0303;BU03039997;GM0303;BU03039997;GM0303;False;False
71.0;85.0;2300.0;112415.8731;513256.6547;Nederland;n.a.;n.a.;Alkmaar;Noord-Holland;land;52.60519370181693;4.758586804293534;BU03610308;GM0361;BU03610308;GM0361;BU03610308;GM0361;False;False
13.0;15.0;15.0;218695.366041;513313.038095;Nederland;n.a.;EAZ wind;Hardenberg;Overijssel;land;52.60364076765256;6.327440615850839;BU01600407;GM0160;BU01600407;GM0160;BU01600407;GM0160;False;False
80.0;57.0;2000.0;76841.1599;513385.9954;Nederland;Prinses Amalia Windparken;Vestas V80-2MW;n.a.;n.a.;zee;52.602417996028194;4.233488550339756;n.a.;n.a.;n.a.;n.a.;n.a.;n.a.;False;False
48.0;56.0;800.0;128717.0595;513386.902;Nederland;n.a.;n.a.;Koggenland;Noord-Holland;land;52.6073933585555;4.999204413923924;BU15981001;GM1598;BU15981001;GM1598;BU15981001;GM1598;False;False
158.0;126.0;5500.0;170383.0;513412.0;Nederland;n.a.;GE Energy 5.5-158;Dronten;Flevoland;binnenwater;52.60803455602419;5.614298880909086;BU03039997;GM0303;BU03039997;GM0303;BU03039997;GM0303;False;False
158.0;126.0;5500.0;170383.0;513412.0;Nederland;n.a.;GE Energy 5.5-158;Dronten;Flevoland;binnenwater;52.60803455602419;5.614298880909086;BU03039997;GM0303;BU03039997;GM0303;BU03039997;GM0303;False;False
80.0;57.0;2000.0;74893.1637;513427.0005;Nederland;Prinses Amalia Windparken;Vestas V80-2MW;n.a.;n.a.;zee;52.60250380615389;4.2047297494304;n.a.;n.a.;n.a.;n.a.;n.a.;n.a.;False;False
48.0;56.0;800.0;129010.059;513427.9017;Nederland;n.a.;n.a.;Koggenland;Noord-Holland;land;52.607775859946486;5.003526503765145;BU15981001;GM1598;BU15981001;GM1598;BU15981001;GM1598;False;False
158.0;126.0;5500.0;166771.27;513430.57;Nederland;n.a.;GE Energy 5.5-158;Lelystad;Flevoland;binnenwater;52.60829146346208;5.560981144452922;BU09959997;GM0995;BU09959997;GM0995;BU09959997;GM0995;False;False
80.0;57.0;2000.0;75880.1618;513431.9979;Nederland;Prinses Amalia Windparken;Vestas V80-2MW;n.a.;n.a.;zee;52.602692789466346;4.219294938458492;n.a.;n.a.;n.a.;n.a.;n.a.;n.a.;False;False
90.0;70.0;3000.0;87952.6242388;513541.331558;Nederland;NSW Offshore windpark Egmond aan Zee;V90-3MW;n.a.;n.a.;zee;52.605293054456475;4.397450038767098;n.a.;n.a.;n.a.;n.a.;n.a.;n.a.;False;False
158.0;126.0;5500.0;171052.0;513598.0;Nederland;n.a.;GE Energy 5.5-158;Dronten;Flevoland;binnenwater;52.60968684356528;5.624184009440745;BU03039997;GM0303;BU03039997;GM0303;BU03039997;GM0303;False;False
48.0;56.0;800.0;128792.0597;513614.9019;Nederland;n.a.;n.a.;Koggenland;Noord-Holland;land;52.60944598613429;5.000293580804692;BU15981001;GM1598;BU15981001;GM1598;BU15981001;GM1598;False;False
80.0;57.0;2000.0;77339.1596;513618.9941;Nederland;Prinses Amalia Windparken;Vestas V80-2MW;n.a.;n.a.;zee;52.604582779250606;4.240783698965173;n.a.;n.a.;n.a.;n.a.;n.a.;n.a.;False;False
90.0;70.0;3000.0;91771.2017297;513620.193095;Nederland;NSW Offshore windpark Egmond aan Zee;V90-3MW;n.a.;n.a.;zee;52.60645781796534;4.4537975595437285;n.a.;n.a.;n.a.;n.a.;n.a.;n.a.;False;False
158.0;126.0;5500.0;167440.0;513630.0;Nederland;n.a.;GE Energy 5.5-158;Dronten;Flevoland;binnenwater;52.61006888958995;5.570860851729863;BU03039997;GM0303;BU03039997;GM0303;BU03039997;GM0303;False;False
48.0;56.0;800.0;129042.0592;513665.9016;Nederland;n.a.;n.a.;Koggenland;Noord-Holland;land;52.60991627237198;5.003980292737816;BU15981001;GM1598;BU15981001;GM1598;BU15981001;GM1598;False;False
90.0;70.0;3000.0;89134.0784307;513678.394147;Nederland;NSW Offshore windpark Egmond aan Zee;V90-3MW;n.a.;n.a.;zee;52.60666867764123;4.41486107099094;n.a.;n.a.;n.a.;n.a.;n.a.;n.a.;False;False
80.0;57.0;2000.0;76390.1616;513699.9966;Nederland;Prinses Amalia Windparken;Vestas V80-2MW;n.a.;n.a.;zee;52.60517466815565;4.226758251669901;n.a.;n.a.;n.a.;n.a.;n.a.;n.a.;False;False
80.0;57.0;2000.0;75423.1636;513738.9991;Nederland;Prinses Amalia Windparken;Vestas V80-2MW;n.a.;n.a.;zee;52.605384880122855;4.212476839545562;n.a.;n.a.;n.a.;n.a.;n.a.;n.a.;False;False
90.0;70.0;3000.0;90366.4942245;513752.721085;Nederland;NSW Offshore windpark Egmond aan Zee;V90-3MW;n.a.;n.a.;zee;52.607484047751356;4.4330376628683315;n.a.;n.a.;n.a.;n.a.;n.a.;n.a.;False;False
158.0;126.0;5500.0;171722.0;513785.0;Nederland;n.a.;GE Energy 5.5-158;Dronten;Flevoland;binnenwater;52.61134726390137;5.634084692508628;BU03039997;GM0303;BU03039997;GM0303;BU03039997;GM0303;False;False
158.0;126.0;5500.0;168113.0;513817.0;Nederland;n.a.;GE Energy 5.5-158;Dronten;Flevoland;binnenwater;52.611733681294155;5.580803905501492;BU03039997;GM0303;BU03039997;GM0303;BU03039997;GM0303;False;False
158.0;126.0;5500.0;168785.0;514004.0;Nederland;n.a.;GE Energy 5.5-158;Dronten;Flevoland;binnenwater;52.61339766520182;5.590732945670206;BU03039997;GM0303;BU03039997;GM0303;BU03039997;GM0303;False;False
13.0;15.0;15.0;234623.952902;514032.604968;Nederland;n.a.;EAZ wind;Hardenberg;Overijssel;land;52.6080129359684;6.56269933897636;BU01601902;GM0160;BU01601902;GM0160;BU01601902;GM0160;False;False
90.0;70.0;3000.0;87543.7249336;514038.231928;Nederland;NSW Offshore windpark Egmond aan Zee;V90-3MW;n.a.;n.a.;zee;52.60970777161949;4.391313761559298;n.a.;n.a.;n.a.;n.a.;n.a.;n.a.;False;False
90.0;70.0;3000.0;88725.1811424;514175.293476;Nederland;NSW Offshore windpark Egmond aan Zee;V90-3MW;n.a.;n.a.;zee;52.611084288478516;4.40872637071631;n.a.;n.a.;n.a.;n.a.;n.a.;n.a.;False;False
158.0;126.0;5500.0;169458.0;514190.0;Nederland;n.a.;GE Energy 5.5-158;Dronten;Flevoland;binnenwater;52.615051804777515;5.600677456430292;BU03039997;GM0303;BU03039997;GM0303;BU03039997;GM0303;False;False
42.0;53.0;600.0;178226.9618;514288.8878;Nederland;n.a.;n.a.;Noordoostpolder;Flevoland;land;52.61563720155136;5.73015621024043;BU01710736;GM0171;BU01710736;GM0171;BU01710736;GM0171;False;False
90.0;70.0;3000.0;89906.6330965;514312.352312;Nederland;NSW Offshore windpark Egmond aan Zee;V90-3MW;n.a.;n.a.;zee;52.612458229988704;4.4261400228036205;n.a.;n.a.;n.a.;n.a.;n.a.;n.a.;False;False
158.0;126.0;5500.0;170130.0;514377.0;Nederland;n.a.;GE Energy 5.5-158;Dronten;Flevoland;binnenwater;52.6167141258216;5.610607993400941;BU03039997;GM0303;BU03039997;GM0303;BU03039997;GM0303;False;False
90.0;70.0;3000.0;91145.8124025;514379.445943;Nederland;NSW Offshore windpark Egmond aan Zee;V90-3MW;n.a.;n.a.;zee;52.613207671593614;4.444420463247595;n.a.;n.a.;n.a.;n.a.;n.a.;n.a.;False;False
127.0;135.0;7500.0;172991.0039;514524.2256;Nederland;n.a.;n.a.;Noordoostpolder;Flevoland;land;52.61795025764368;5.65285987510791;BU01710736;GM0171;BU01710736;GM0171;BU01710736;GM0171;False;False
90.0;70.0;3000.0;87134.8589407;514536.134216;Nederland;NSW Offshore windpark Egmond aan Zee;V90-3MW;n.a.;n.a.;zee;52.614131172187456;4.385176539631507;n.a.;n.a.;n.a.;n.a.;n.a.;n.a.;False;False
158.0;126.0;5500.0;170803.0;514564.0;Nederland;n.a.;GE Energy 5.5-158;Dronten;Flevoland;binnenwater;52.61837558685057;5.620554045002671;BU03039997;GM0303;BU03039997;GM0303;BU03039997;GM0303;False;False
90.0;70.0;3000.0;88316.3170805;514673.194052;Nederland;NSW Offshore windpark Egmond aan Zee;V90-3MW;n.a.;n.a.;zee;52.615508575713505;4.402590729483445;n.a.;n.a.;n.a.;n.a.;n.a.;n.a.;False;False
90.0;70.0;3000.0;89497.7711374;514810.251458;Nederland;NSW Offshore windpark Egmond aan Zee;V90-3MW;n.a.;n.a.;zee;52.61688340631842;4.42000596325247;n.a.;n.a.;n.a.;n.a.;n.a.;n.a.;False;False
127.0;135.0;7500.0;172743.3534;514911.5764;Nederland;n.a.;n.a.;Noordoostpolder;Flevoland;land;52.62143950045361;5.649223845348599;BU01710736;GM0171;BU01710736;GM0171;BU01710736;GM0171;False;False
90.0;70.0;3000.0;90680.220028;514947.273031;Nederland;NSW Offshore windpark Egmond aan Zee;V90-3MW;n.a.;n.a.;zee;52.61825548146046;4.437436996292764;n.a.;n.a.;n.a.;n.a.;n.a.;n.a.;False;False
90.0;70.0;3000.0;86734.2231179;515040.773346;Nederland;NSW Offshore windpark Egmond aan Zee;V90-3MW;n.a.;n.a.;zee;52.6186158151403;4.379158210434615;n.a.;n.a.;n.a.;n.a.;n.a.;n.a.;False;False
90.0;70.0;3000.0;87907.4527185;515171.095978;Nederland;NSW Offshore windpark Egmond aan Zee;V90-3MW;n.a.;n.a.;zee;52.61993254999196;4.39645384791089;n.a.;n.a.;n.a.;n.a.;n.a.;n.a.;False;False
127.0;135.0;7500.0;172494.1154;515303.6897;Nederland;n.a.;n.a.;Noordoostpolder;Flevoland;land;52.62497148096831;5.645564046329002;BU01710736;GM0171;BU01710736;GM0171;BU01710736;GM0171;False;False
90.0;70.0;3000.0;89088.9087836;515308.152217;Nederland;NSW Offshore windpark Egmond aan Zee;V90-3MW;n.a.;n.a.;zee;52.62130827172019;4.413870664836364;n.a.;n.a.;n.a.;n.a.;n.a.;n.a.;False;False
52.0;49.0;850.0;127674.6638;515386.7027;Nederland;n.a.;n.a.;Koggenland;Noord-Holland;land;52.6253141352228;4.9836518061683925;BU15980507;GM1598;BU15980507;GM1598;BU15980507;GM1598;False;False
90.0;70.0;3000.0;90271.3601879;515445.172769;Nederland;NSW Offshore windpark Egmond aan Zee;V90-3MW;n.a.;n.a.;zee;52.6226812412257;4.431303289434701;n.a.;n.a.;n.a.;n.a.;n.a.;n.a.;False;False
52.0;49.0;850.0;127868.2895;515452.5504;Nederland;n.a.;n.a.;Koggenland;Noord-Holland;land;52.625915571530676;4.986505908971228;BU15980507;GM1598;BU15980507;GM1598;BU15980507;GM1598;False;False
11.0;20.0;10.0;219540.892915;515479.394525;Nederland;n.a.;n.a.;Hardenberg;Overijssel;land;52.623008362734836;6.34034160576106;BU01600407;GM0160;BU01600407;GM0160;BU01600407;GM0160;False;False
52.0;49.0;850.0;128089.8632;515529.6023;Nederland;n.a.;n.a.;Koggenland;Noord-Holland;land;52.62661901043948;4.9897719319699;BU15980507;GM1598;BU15980507;GM1598;BU15980507;GM1598;False;False
90.0;70.0;3000.0;86317.1299294;515531.948398;Nederland;NSW Offshore windpark Egmond aan Zee;V90-3MW;n.a.;n.a.;zee;52.622977085408074;4.372898435147151;n.a.;n.a.;n.a.;n.a.;n.a.;n.a.;False;False
52.0;49.0;850.0;128310.3628;515605.702;Nederland;n.a.;n.a.;Koggenland;Noord-Holland;land;52.62731374968534;4.99302227301886;BU15980507;GM1598;BU15980507;GM1598;BU15980507;GM1598;False;False
52.0;49.0;850.0;128547.3624;515687.1018;Nederland;n.a.;n.a.;Koggenland;Noord-Holland;land;52.628056832344605;4.996515983418604;BU15980507;GM1598;BU15980507;GM1598;BU15980507;GM1598;False;False
127.0;135.0;7500.0;172241.7024;515687.8655;Nederland;n.a.;n.a.;Noordoostpolder;Flevoland;land;52.628432112535634;5.641856354379264;BU01710736;GM0171;BU01710736;GM0171;BU01710736;GM0171;False;False
52.0;49.0;850.0;128784.162;515767.7015;Nederland;n.a.;n.a.;Koggenland;Noord-Holland;land;52.62879261226207;5.000006921409344;BU15980507;GM1598;BU15980507;GM1598;BU15980507;GM1598;False;False
90.0;70.0;3000.0;88680.0469692;515806.054395;Nederland;NSW Offshore windpark Egmond aan Zee;V90-3MW;n.a.;n.a.;zee;52.625732826154525;4.4077341390368066;n.a.;n.a.;n.a.;n.a.;n.a.;n.a.;False;False
52.0;49.0;850.0;129018.3616;515848.0012;Nederland;n.a.;n.a.;Koggenland;Noord-Holland;land;52.62952546963954;5.003459599001247;BU15980507;GM1598;BU15980507;GM1598;BU15980507;GM1598;False;False
90.0;70.0;3000.0;89862.5011874;515943.073776;Nederland;NSW Offshore windpark Egmond aan Zee;V90-3MW;n.a.;n.a.;zee;52.62710668758187;4.42516835972211;n.a.;n.a.;n.a.;n.a.;n.a.;n.a.;False;False
90.0;70.0;3000.0;85908.2654426;516029.857796;Nederland;NSW Offshore windpark Egmond aan Zee;V90-3MW;n.a.;n.a.;zee;52.627399575137545;4.366757530295774;n.a.;n.a.;n.a.;n.a.;n.a.;n.a.;False;False
127.0;135.0;7500.0;171989.2894;516083.1538;Nederland;n.a.;n.a.;Noordoostpolder;Flevoland;land;52.63199249365433;5.638148649448237;BU01710736;GM0171;BU01710736;GM0171;BU01710736;GM0171;False;False
138.0;131.0;4260.0;213102.4166;516097.024204;Nederland;n.a.;n.a.;Staphorst;Overijssel;land;52.62928314192495;6.245377607207933;BU01800306;GM0180;BU01800306;GM0180;BU01800306;GM0180;False;False
11.0;25.0;10.0;218759.730635;516153.985693;Nederland;n.a.;n.a.;Hardenberg;Overijssel;land;52.62916225426604;6.328936684526351;BU01600407;GM0160;BU01600407;GM0160;BU01600407;GM0160;False;False
11.0;25.0;10.0;208177.707902;516182.265913;Nederland;n.a.;n.a.;Staphorst;Overijssel;land;52.63055215200578;6.172660243008082;BU01800208;GM0180;BU01800208;GM0180;BU01800210;GM0180;True;False
11.0;25.0;10.0;208212.439374;516208.918819;Nederland;n.a.;n.a.;Staphorst;Overijssel;land;52.63078827287131;6.173177473084899;BU01800208;GM0180;BU01800208;GM0180;BU01800210;GM0180;True;False
11.0;20.0;10.0;231515.19;516360.85;Nederland;n.a.;n.a.;Hardenberg;Overijssel;land;52.629378937623066;6.517350303974655;BU01602604;GM0160;BU01602604;GM0160;BU01602604;GM0160;False;False
44.0;55.0;600.0;177857.1217;516366.5373;Nederland;n.a.;n.a.;Noordoostpolder;Flevoland;land;52.634324538660195;5.724838813120342;BU01710736;GM0171;BU01710736;GM0171;BU01710736;GM0171;False;False
138.0;131.0;4260.0;212827.900626;516399.836413;Nederland;n.a.;n.a.;Staphorst;Overijssel;land;52.632033492674985;6.241376272833162;BU01800306;GM0180;BU01800306;GM0180;BU01800306;GM0180;False;False
90.0;70.0;3000.0;89453.6425701;516440.975873;Nederland;NSW Offshore windpark Egmond aan Zee;V90-3MW;n.a.;n.a.;zee;52.631531819448014;4.419032200941049;n.a.;n.a.;n.a.;n.a.;n.a.;n.a.;False;False
127.0;135.0;7500.0;171739.2553;516474.7849;Nederland;n.a.;n.a.;Noordoostpolder;Flevoland;land;52.635519816127974;5.634475300436541;BU01710736;GM0171;BU01710736;GM0171;BU01710736;GM0171;False;False
11.0;25.0;10.0;207022.018197;516512.349012;Nederland;n.a.;n.a.;Staphorst;Overijssel;land;52.633630000568516;6.155643571670131;BU01800209;GM0180;BU01800209;GM0180;BU01800210;GM0180;True;False
13.0;15.0;15.0;124064.579927;516621.593512;Nederland;n.a.;EAZ wind;Koggenland;Noord-Holland;land;52.636218958571355;4.930222723905612;BU15980602;GM1598;BU15980602;GM1598;BU15980602;GM1598;False;False
13.0;15.0;15.0;123496.794682;516646.4803;Nederland;n.a.;EAZ wind;Koggenland;Noord-Holland;land;52.636410083533754;4.921833215927484;BU15980602;GM1598;BU15980602;GM1598;BU15980602;GM1598;False;False
138.0;131.0;4260.0;213240.963945;516649.15831;Nederland;n.a.;n.a.;Staphorst;Overijssel;land;52.63422994573052;6.247520751467384;BU01800306;GM0180;BU01800306;GM0180;BU01800306;GM0180;False;False
127.0;135.0;7500.0;171486.4414;516861.6097;Nederland;n.a.;n.a.;Urk;Flevoland;land;52.639003912578204;5.630760057641054;BU01840015;GM0184;BU01840015;GM0184;BU01840015;GM0184;False;False
11.0;25.0;10.0;207038.346097;516890.714832;Nederland;n.a.;n.a.;Staphorst;Overijssel;land;52.63702857899043;6.155944156451175;BU01800209;GM0180;BU01800209;GM0180;BU01800210;GM0180;True;False
117.0;91.5;3300.0;245200.8382;517179.5255;Nederland;n.a.;n.a.;Coevorden;Drenthe;land;52.63464089456306;6.71966435267876;BU01091009;GM0109;BU01091009;GM0109;BU01091009;GM0109;False;False
13.0;15.0;15.0;226368.352198;517233.431829;Nederland;n.a.;EAZ wind;De Wolden;Drenthe;land;52.63791834163025;6.441531180115702;BU16900409;GM1690;BU16900409;GM1690;BU16900409;GM1690;False;False
127.0;135.0;7500.0;171240.3784;517253.723;Nederland;n.a.;n.a.;Urk;Flevoland;land;52.642535216433785;5.62714422435451;BU01840015;GM0184;BU01840015;GM0184;BU01840015;GM0184;False;False
11.0;25.0;10.0;207429.808391;517318.901523;Nederland;n.a.;BW10;Staphorst;Overijssel;land;52.640838874673655;6.161794307021745;BU01800208;GM0180;BU01800208;GM0180;BU01800210;GM0180;True;False
71.0;85.0;2300.0;114542.393;517445.2986;Nederland;n.a.;n.a.;Dijk en Waard;Noord-Holland;land;52.64299752570687;4.789465522842164;BU19802503;GM1980;BU19802503;GM1980;BU19802503;GM1980;False;False
90.0;105.0;2000.0;246501.67649;517653.448365;Duitsland;n.a.;n.a.;n.a.;n.a.;land;52.638682136631765;6.739006267300583;n.a.;n.a.;n.a.;n.a.;n.a.;n.a.;False;False
14.0;15.0;10.0;120826.63665;517706.756968;Nederland;n.a.;n.a.;Koggenland;Noord-Holland;land;52.645777609654466;4.8822811629818625;BU15980201;GM1598;BU15980201;GM1598;BU15980201;GM1598;False;False
90.0;105.0;2000.0;246796.652108;517737.390621;Duitsland;n.a.;n.a.;n.a.;n.a.;land;52.639386721487455;6.743386176204879;n.a.;n.a.;n.a.;n.a.;n.a.;n.a.;False;False
90.0;105.0;3000.0;245280.493192;517817.711207;Nederland;n.a.;n.a.;Coevorden;Drenthe;land;52.64036182882959;6.721014593134268;BU01091009;GM0109;BU01091009;GM0109;BU01091009;GM0109;False;False
13.0;15.0;15.0;218316.314954;517819.355095;Nederland;n.a.;EAZ wind;Hardenberg;Overijssel;land;52.6441790771296;6.3227064996782145;BU01600407;GM0160;BU01600407;GM0160;BU01600407;GM0160;False;False
116.0;149.0;3000.0;251183.28472;517851.846247;Duitsland;n.a.;n.a.;n.a.;n.a.;land;52.63965810815643;6.808207691333737;n.a.;n.a.;n.a.;n.a.;n.a.;n.a.;False;False
13.0;15.0;15.0;218325.35;517859.56;Nederland;n.a.;EAZ wind;Hardenberg;Overijssel;land;52.64453930939612;6.322847661686789;BU01600407;GM0160;BU01600407;GM0160;BU01600407;GM0160;False;False
90.0;105.0;2000.0;246206.0323;517878.9937;Nederland;n.a.;n.a.;Coevorden;Drenthe;land;52.64075824820171;6.7347018143070105;BU01091013;GM0109;BU01091013;GM0109;BU01091013;GM0109;False;False
71.0;85.0;2300.0;114855.7301;517890.3148;Nederland;n.a.;n.a.;Dijk en Waard;Noord-Holland;land;52.64701989764409;4.794040759970378;BU19802502;GM1980;BU19802502;GM1980;BU19802502;GM1980;False;False
116.0;149.0;3000.0;250773.464956;517900.450511;Duitsland;n.a.;n.a.;n.a.;n.a.;land;52.640167024848736;6.80216888386615;n.a.;n.a.;n.a.;n.a.;n.a.;n.a.;False;False
136.0;122.0;3600.0;244719.441441;517914.63696;Nederland;n.a.;n.a.;Coevorden;Drenthe;land;52.64132542514901;6.71275396843217;BU01091009;GM0109;BU01091009;GM0109;BU01091009;GM0109;False;False
90.0;105.0;2000.0;246538.82271;517928.444863;Duitsland;n.a.;n.a.;n.a.;n.a.;land;52.64114673527471;6.739630875926194;n.a.;n.a.;n.a.;n.a.;n.a.;n.a.;False;False
200.0;125.0;11000.0;70839.0429857;517950.227097;Nederland;HKN_5;Siemens Gamesa 11.0-200 DD;n.a.;n.a.;zee;52.64253601456596;4.1437515245970244;n.a.;n.a.;n.a.;n.a.;n.a.;n.a.;False;False
90.0;105.0;2000.0;246926.703268;517982.78127;Duitsland;n.a.;n.a.;n.a.;n.a.;land;52.641569615192324;6.745375087142067;n.a.;n.a.;n.a.;n.a.;n.a.;n.a.;False;False
200.0;125.0;11000.0;71852.3570829;518009.511871;Nederland;HKN_5;Siemens Gamesa 11.0-200 DD;n.a.;n.a.;zee;52.6432243193334;4.15870474344185;n.a.;n.a.;n.a.;n.a.;n.a.;n.a.;False;False
90.0;105.0;3000.0;245817.4984;518018.5297;Nederland;n.a.;n.a.;Coevorden;Drenthe;land;52.64207690751917;6.729001302281024;BU01091013;GM0109;BU01091013;GM0109;BU01091013;GM0109;False;False
200.0;125.0;11000.0;72866.1768546;518068.738685;Nederland;HKN_5;Siemens Gamesa 11.0-200 DD;n.a.;n.a.;zee;52.64391029958939;4.1736659297181715;n.a.;n.a.;n.a.;n.a.;n.a.;n.a.;False;False
15.0;25.0;10.0;207504.865782;518093.228409;Nederland;n.a.;BW10;Staphorst;Overijssel;land;52.647790012798254;6.163025844425639;BU01800209;GM0180;BU01800209;GM0180;BU01800309;GM0180;True;False
90.0;105.0;3000.0;245457.993;518118.8432;Nederland;n.a.;n.a.;Coevorden;Drenthe;land;52.64303805801667;6.723718522296951;BU01091013;GM0109;BU01091013;GM0109;BU01091013;GM0109;False;False
90.0;105.0;2050.0;246388.3605;518225.0291;Nederland;n.a.;n.a.;Coevorden;Drenthe;land;52.6438368090712;6.737490306898408;BU01091013;GM0109;BU01091013;GM0109;BU01091013;GM0109;False;False
116.0;149.0;3000.0;251222.209181;518255.114073;Duitsland;n.a.;n.a.;n.a.;n.a.;land;52.64327450251574;6.808899710868558;n.a.;n.a.;n.a.;n.a.;n.a.;n.a.;False;False
113.0;115.0;3200.0;245075.025786;518282.289394;Nederland;n.a.;n.a.;Coevorden;Drenthe;land;52.64457010541418;6.718106112177753;BU01091009;GM0109;BU01091009;GM0109;BU01091009;GM0109;False;False
90.0;105.0;2000.0;245936.6343;518299.4251;Nederland;n.a.;n.a.;Coevorden;Drenthe;land;52.64458087512033;6.730838136321122;BU01091013;GM0109;BU01091013;GM0109;BU01091013;GM0109;False;False
116.0;149.0;3000.0;250829.845525;518317.701352;Duitsland;n.a.;n.a.;n.a.;n.a.;land;52.643906018498335;6.80312230234948;n.a.;n.a.;n.a.;n.a.;n.a.;n.a.;False;False
71.0;85.0;2300.0;115116.771;518356.2642;Nederland;n.a.;n.a.;Dijk en Waard;Noord-Holland;land;52.65122638254897;4.7978415621860675;BU19802502;GM1980;BU19802502;GM1980;BU19802502;GM1980;False;False
200.0;125.0;11000.0;76995.3087502;518439.103328;Nederland;HKN_5;Siemens Gamesa 11.0-200 DD;n.a.;n.a.;zee;52.64784517036275;4.234575086444572;n.a.;n.a.;n.a.;n.a.;n.a.;n.a.;False;False
52.0;54.0;850.0;194246.9259;518466.6483;Nederland;n.a.;n.a.;Noordoostpolder;Flevoland;land;52.65226296642417;5.967179902417654;BU01710530;GM0171;BU01710530;GM0171;BU01710530;GM0171;False;False
200.0;125.0;11000.0;78107.2990356;518539.302618;Nederland;HKN_5;Siemens Gamesa 11.0-200 DD;n.a.;n.a.;zee;52.6489036385215;4.250979937443822;n.a.;n.a.;n.a.;n.a.;n.a.;n.a.;False;False
200.0;125.0;11000.0;74082.498636;518567.789737;Nederland;HKN_5;Siemens Gamesa 11.0-200 DD;n.a.;n.a.;zee;52.64857652240966;4.1915115846609226;n.a.;n.a.;n.a.;n.a.;n.a.;n.a.;False;False
13.0;15.0;15.0;130192.905994;518605.044281;Nederland;n.a.;EAZ wind;Koggenland;Noord-Holland;land;52.654357383249504;5.0206007915856175;BU15980501;GM1598;BU15980501;GM1598;BU15980501;GM1598;False;False
200.0;125.0;11000.0;79240.870139;518617.618975;Nederland;HKN_5;Siemens Gamesa 11.0-200 DD;n.a.;n.a.;zee;52.64976621618333;4.267709444153168;n.a.;n.a.;n.a.;n.a.;n.a.;n.a.;False;False
90.0;105.0;2000.0;246281.469532;518621.588569;Nederland;n.a.;n.a.;Coevorden;Drenthe;land;52.6474178178178;6.736020673529937;BU01091013;GM0109;BU01091013;GM0109;BU01091013;GM0109;False;False
200.0;125.0;11000.0;80365.0063212;518654.38148;Nederland;HKN_5;Siemens Gamesa 11.0-200 DD;n.a.;n.a.;zee;52.650251759797285;4.284309589421684;n.a.;n.a.;n.a.;n.a.;n.a.;n.a.;False;False
11.0;25.0;10.0;208478.565639;518660.676056;Nederland;n.a.;n.a.;Staphorst;Overijssel;land;52.6527945033849;6.177503738758081;BU01800308;GM0180;BU01800308;GM0180;BU01800308;GM0180;False;False
116.0;149.0;3000.0;251394.6094;518666.597266;Duitsland;n.a.;n.a.;n.a.;n.a.;land;52.64694109046744;6.811565933680358;n.a.;n.a.;n.a.;n.a.;n.a.;n.a.;False;False
54.0;40.0;900.0;142962.552684;518667.73954;Nederland;n.a.;n.a.;Drechterland;Noord-Holland;land;52.65535263242694;5.209309768335623;BU04980602;GM0498;BU04980602;GM0498;BU04980602;GM0498;False;False
113.0;115.0;3200.0;245735.7644;518742.3897;Nederland;n.a.;n.a.;Coevorden;Drenthe;land;52.64859442113327;6.727992319323987;BU01091012;GM0109;BU01091012;GM0109;BU01091012;GM0109;False;False
116.0;149.0;3000.0;250990.004961;518745.624788;Duitsland;n.a.;n.a.;n.a.;n.a.;land;52.64772260630597;6.805612026248518;n.a.;n.a.;n.a.;n.a.;n.a.;n.a.;False;False
13.0;15.0;15.0;128043.309858;518749.64465;Nederland;n.a.;EAZ wind;Koggenland;Noord-Holland;land;52.65555473974408;4.988822537465252;BU15980501;GM1598;BU15980501;GM1598;BU15980501;GM1598;False;False
200.0;125.0;11000.0;71195.4404215;518773.205009;Nederland;HKN_5;Siemens Gamesa 11.0-200 DD;n.a.;n.a.;zee;52.6499856666415;4.148807830563789;n.a.;n.a.;n.a.;n.a.;n.a.;n.a.;False;False
136.0;114.0;3450.0;252062.994;518859.024;Nederland;n.a.;n.a.;Coevorden;Drenthe;land;52.648551263753866;6.821495648047102;BU01091320;GM0109;BU01091320;GM0109;BU01091320;GM0109;False;False
136.0;114.0;3450.0;251645.972;519023.974;Nederland;n.a.;n.a.;Coevorden;Drenthe;land;52.65010747147608;6.81538333770194;BU01091320;GM0109;BU01091320;GM0109;BU01091320;GM0109;False;False
136.0;114.0;3450.0;250177.017;519163.992;Nederland;n.a.;n.a.;Coevorden;Drenthe;land;52.651624258461496;6.793722556845603;BU01091320;GM0109;BU01091320;GM0109;BU01091320;GM0109;False;False
136.0;114.0;3450.0;250590.996;519246.948;Nederland;n.a.;n.a.;Coevorden;Drenthe;land;52.65229707599509;6.799862464626029;BU01091320;GM0109;BU01091320;GM0109;BU01091320;GM0109;False;False
11.0;25.0;10.0;206175.765926;519282.659972;Nederland;n.a.;BW10;Staphorst;Overijssel;land;52.65860522344354;6.143572381362262;BU01800309;GM0180;BU01800309;GM0180;BU01800309;GM0180;False;False
41.0;50.0;500.0;176559.1733;519289.6062;Nederland;n.a.;n.a.;Noordoostpolder;Flevoland;land;52.66064679581584;5.705856849927755;BU01710736;GM0171;BU01710736;GM0171;BU01710736;GM0171;False;False
200.0;125.0;11000.0;75905.2529404;519425.370519;Nederland;HKN_5;Siemens Gamesa 11.0-200 DD;n.a.;n.a.;zee;52.656550047714674;4.218235625083477;n.a.;n.a.;n.a.;n.a.;n.a.;n.a.;False;False
13.0;15.0;15.0;222863.731219;519428.085109;Nederland;n.a.;EAZ wind;De Wolden;Drenthe;land;52.65808720499374;6.390214915859787;BU16900509;GM1690;BU16900509;GM1690;BU16900509;GM1690;False;False
200.0;125.0;11000.0;71551.9829746;519595.666516;Nederland;HKN_5;Siemens Gamesa 11.0-200 DD;n.a.;n.a.;zee;52.65743047763721;4.153868116752145;n.a.;n.a.;n.a.;n.a.;n.a.;n.a.;False;False
200.0;125.0;11000.0;73986.985898;519807.604265;Nederland;HKN_5;Siemens Gamesa 11.0-200 DD;n.a.;n.a.;zee;52.65970255171502;4.189797220705872;n.a.;n.a.;n.a.;n.a.;n.a.;n.a.;False;False
15.0;25.0;10.0;206413.890772;519880.674519;Nederland;n.a.;n.a.;Staphorst;Overijssel;land;52.66395674104928;6.147184432978808;BU01800309;GM0180;BU01800309;GM0180;BU01800309;GM0180;False;False
47.0;54.0;660.0;179384.9569;519932.3874;Nederland;n.a.;n.a.;Noordoostpolder;Flevoland;land;52.66630405529693;5.747669466897167;BU01710736;GM0171;BU01710736;GM0171;BU01710736;GM0171;False;False
66.0;98.0;1800.0;268342.547702;519939.404558;Duitsland;n.a.;n.a.;n.a.;n.a.;land;52.65511223171003;7.062335054668814;n.a.;n.a.;n.a.;n.a.;n.a.;n.a.;False;False
200.0;125.0;11000.0;80783.4379127;519963.619795;Nederland;HKN_5;Siemens Gamesa 11.0-200 DD;n.a.;n.a.;zee;52.66207329797272;4.2901983017302605;n.a.;n.a.;n.a.;n.a.;n.a.;n.a.;False;False
66.0;98.0;1800.0;268714.965646;520025.463871;Duitsland;n.a.;n.a.;n.a.;n.a.;land;52.65580771682521;7.06786643651419;n.a.;n.a.;n.a.;n.a.;n.a.;n.a.;False;False
11.0;25.0;10.0;207115.472888;520045.864286;Nederland;n.a.;n.a.;Staphorst;Overijssel;land;52.66537445283951;6.157580056052632;BU01800309;GM0180;BU01800309;GM0180;BU01800309;GM0180;False;False
29.0;33.0;225.0;141910.942;520076.0311;Nederland;n.a.;n.a.;Drechterland;Noord-Holland;land;52.66798461625636;5.193712958476811;BU04980306;GM0498;BU04980306;GM0498;BU04980306;GM0498;False;False
66.0;98.0;1800.0;269040.55591;520104.11502;Duitsland;n.a.;n.a.;n.a.;n.a.;land;52.65644620092265;7.0727036224568725;n.a.;n.a.;n.a.;n.a.;n.a.;n.a.;False;False
200.0;125.0;11000.0;79085.7063131;520201.09956;Nederland;HKN_5;Siemens Gamesa 11.0-200 DD;n.a.;n.a.;zee;52.663973112858685;4.265053965092351;n.a.;n.a.;n.a.;n.a.;n.a.;n.a.;False;False
66.0;98.0;1800.0;268427.092212;520211.713131;Duitsland;n.a.;n.a.;n.a.;n.a.;land;52.6575410052908;7.063677351349057;n.a.;n.a.;n.a.;n.a.;n.a.;n.a.;False;False
66.0;98.0;1800.0;269354.280914;520259.069877;Duitsland;n.a.;n.a.;n.a.;n.a.;land;52.657772478365494;7.077392008750932;n.a.;n.a.;n.a.;n.a.;n.a.;n.a.;False;False
66.0;98.0;1800.0;269728.396606;520280.074529;Duitsland;n.a.;n.a.;n.a.;n.a.;land;52.65788246512402;7.082926492878183;n.a.;n.a.;n.a.;n.a.;n.a.;n.a.;False;False
11.0;25.0;10.0;207420.208574;520336.290536;Nederland;n.a.;n.a.;Staphorst;Overijssel;land;52.667955039705056;6.162130304989883;BU01800309;GM0180;BU01800309;GM0180;BU01800309;GM0180;False;False
16.0;25.0;10.0;236022.444153;520340.682001;Nederland;n.a.;n.a.;Hardenberg;Overijssel;land;52.664487712796586;6.584883389621564;BU01602402;GM0160;BU01602402;GM0160;BU01602402;GM0160;False;False
200.0;125.0;11000.0;71908.4653058;520419.269628;Nederland;HKN_5;Siemens Gamesa 11.0-200 DD;n.a.;n.a.;zee;52.664885313330345;4.1589289303749615;n.a.;n.a.;n.a.;n.a.;n.a.;n.a.;False;False
44.0;49.0;600.0;124375.445;520426.6879;Nederland;n.a.;n.a.;Koggenland;Noord-Holland;land;52.67043202192402;4.934462935284317;BU15980113;GM1598;BU15980113;GM1598;BU15980113;GM1598;False;False
200.0;125.0;11000.0;77387.5098877;520458.991559;Nederland;HKN_5;Siemens Gamesa 11.0-200 DD;n.a.;n.a.;zee;52.66605095149717;4.239895841398523;n.a.;n.a.;n.a.;n.a.;n.a.;n.a.;False;False
44.0;49.0;600.0;124150.8645;520530.7084;Nederland;n.a.;n.a.;Koggenland;Noord-Holland;land;52.671354146066186;4.931133221457287;BU15980113;GM1598;BU15980113;GM1598;BU15980113;GM1598;False;False
66.0;98.0;1800.0;268641.380124;520538.193911;Duitsland;n.a.;n.a.;n.a.;n.a.;land;52.66042936685339;7.0669553407820285;n.a.;n.a.;n.a.;n.a.;n.a.;n.a.;False;False
66.0;98.0;1800.0;268979.306761;520550.721183;Duitsland;n.a.;n.a.;n.a.;n.a.;land;52.66047125814896;7.071952525527964;n.a.;n.a.;n.a.;n.a.;n.a.;n.a.;False;False
66.0;98.0;1800.0;269404.974553;520575.15204;Duitsland;n.a.;n.a.;n.a.;n.a.;land;52.66060144479125;7.07825020636175;n.a.;n.a.;n.a.;n.a.;n.a.;n.a.;False;False
11.0;25.0;10.0;207768.044053;520583.739717;Nederland;n.a.;n.a.;Staphorst;Overijssel;land;52.67014506814091;6.167311354273165;BU01800309;GM0180;BU01800309;GM0180;BU01800309;GM0180;False;False
66.0;98.0;1800.0;269895.540022;520613.699829;Duitsland;n.a.;n.a.;n.a.;n.a.;land;52.66084442754373;7.085511684838584;n.a.;n.a.;n.a.;n.a.;n.a.;n.a.;False;False
15.0;25.0;10.0;207394.401938;520634.600401;Nederland;n.a.;n.a.;Staphorst;Overijssel;land;52.670638225408865;6.161796091246428;BU01800309;GM0180;BU01800309;GM0180;BU01800309;GM0180;False;False
200.0;125.0;11000.0;75662.0794875;520723.169185;Nederland;HKN_5;Siemens Gamesa 11.0-200 DD;n.a.;n.a.;zee;52.668175969811784;4.2143313496792505;n.a.;n.a.;n.a.;n.a.;n.a.;n.a.;False;False
14.0;15.0;25.0;211360.078918;520867.022278;Nederland;n.a.;n.a.;Staphorst;Overijssel;land;52.67233048380714;6.220457892302616;BU01800609;GM0180;BU01800609;GM0180;BU01800305;GM0180;True;False
66.0;98.0;1800.0;269753.853173;520886.357144;Duitsland;n.a.;n.a.;n.a.;n.a.;land;52.663323805492396;7.083512789870544;n.a.;n.a.;n.a.;n.a.;n.a.;n.a.;False;False
66.0;98.0;1800.0;268461.149981;520891.201994;Duitsland;n.a.;n.a.;n.a.;n.a.;land;52.663638331690535;7.064413450736454;n.a.;n.a.;n.a.;n.a.;n.a.;n.a.;False;False
13.0;15.0;15.0;208288.093073;520895.102713;Nederland;n.a.;EAZ wind;Staphorst;Overijssel;land;52.67289237489887;6.175049063048547;BU01800309;GM0180;BU01800309;GM0180;BU01800309;GM0180;False;False
66.0;98.0;1800.0;268862.275766;520926.092837;Duitsland;n.a.;n.a.;n.a.;n.a.;land;52.66386802090296;7.07035253052584;n.a.;n.a.;n.a.;n.a.;n.a.;n.a.;False;False
66.0;98.0;1800.0;270037.080626;520956.124227;Duitsland;n.a.;n.a.;n.a.;n.a.;land;52.66389079075143;7.087721977415401;n.a.;n.a.;n.a.;n.a.;n.a.;n.a.;False;False
66.0;98.0;1800.0;269294.075946;520962.401268;Duitsland;n.a.;n.a.;n.a.;n.a.;land;52.66410370925867;7.076745408557815;n.a.;n.a.;n.a.;n.a.;n.a.;n.a.;False;False
200.0;125.0;11000.0;73958.2314344;520981.408594;Nederland;HKN_5;Siemens Gamesa 11.0-200 DD;n.a.;n.a.;zee;52.670245340994725;4.189084892064053;n.a.;n.a.;n.a.;n.a.;n.a.;n.a.;False;False
48.0;53.0;750.0;179890.6553;521001.5774;Nederland;n.a.;n.a.;Noordoostpolder;Flevoland;land;52.675889757454414;5.755225153409558;BU01710118;GM0171;BU01710118;GM0171;BU01710118;GM0171;False;False
11.0;25.0;10.0;207999.033043;521078.218518;Nederland;n.a.;n.a.;Staphorst;Overijssel;land;52.67456613774915;6.170805154605559;BU01800309;GM0180;BU01800309;GM0180;BU01800309;GM0180;False;False
11.0;25.0;10.0;212386.244057;521169.331137;Nederland;n.a.;n.a.;Staphorst;Overijssel;land;52.674939809761106;6.235680046796508;BU01800609;GM0180;BU01800609;GM0180;BU01800305;GM0180;True;False
66.0;98.0;1800.0;269632.410014;521184.092233;Duitsland;n.a.;n.a.;n.a.;n.a.;land;52.66602417915463;7.081821493023001;n.a.;n.a.;n.a.;n.a.;n.a.;n.a.;False;False
200.0;125.0;11000.0;72265.0820566;521242.637011;Nederland;HKN_5;Siemens Gamesa 11.0-200 DD;n.a.;n.a.;zee;52.672337827797236;4.163993499122131;n.a.;n.a.;n.a.;n.a.;n.a.;n.a.;False;False
66.0;98.0;1800.0;268989.00289;521304.493919;Duitsland;n.a.;n.a.;n.a.;n.a.;land;52.66724097765573;7.072355422518144;n.a.;n.a.;n.a.;n.a.;n.a.;n.a.;False;False
48.0;50.0;800.0;121078.6018;521313.9336;Nederland;n.a.;n.a.;Koggenland;Noord-Holland;land;52.67820996397538;4.8856343259882005;BU15980102;GM1598;BU15980102;GM1598;BU15980102;GM1598;False;False
48.0;50.0;800.0;120838.095;521318.4678;Nederland;n.a.;n.a.;Koggenland;Noord-Holland;land;52.67823566849205;4.882077790312339;BU15980102;GM1598;BU15980102;GM1598;BU15980102;GM1598;False;False
66.0;98.0;1800.0;269377.125659;521352.482197;Duitsland;n.a.;n.a.;n.a.;n.a.;land;52.66759066565756;7.0781074041982315;n.a.;n.a.;n.a.;n.a.;n.a.;n.a.;False;False
66.0;98.0;1800.0;270061.456064;521410.567892;Duitsland;n.a.;n.a.;n.a.;n.a.;land;52.667968244349346;7.088240174056392;n.a.;n.a.;n.a.;n.a.;n.a.;n.a.;False;False
13.0;15.0;15.0;235076.792601;521578.966622;Nederland;n.a.;EAZ wind;Hoogeveen;Drenthe;land;52.67575415109676;6.571207361930848;BU01185302;GM0118;BU01185302;GM0118;BU01185302;GM0118;False;False
66.0;98.0;1800.0;269002.663879;521705.628996;Duitsland;n.a.;n.a.;n.a.;n.a.;land;52.670841832051565;7.072695520055073;n.a.;n.a.;n.a.;n.a.;n.a.;n.a.;False;False
66.0;98.0;1800.0;269555.598026;521752.291146;Duitsland;n.a.;n.a.;n.a.;n.a.;land;52.671144917700396;7.080883192211381;n.a.;n.a.;n.a.;n.a.;n.a.;n.a.;False;False
66.0;98.0;1800.0;270027.684529;521792.671828;Duitsland;n.a.;n.a.;n.a.;n.a.;land;52.67140810416245;7.087873971284797;n.a.;n.a.;n.a.;n.a.;n.a.;n.a.;False;False
127.0;135.0;7500.0;169077.851;521810.5912;Nederland;n.a.;n.a.;Noordoostpolder;Flevoland;land;52.683547694392544;5.5953887835367855;BU01710839;GM0171;BU01710839;GM0171;BU01710839;GM0171;False;False
48.0;50.0;800.0;147516.3173;521916.5387;Nederland;n.a.;n.a.;Enkhuizen;Noord-Holland;land;52.68463096204315;5.276534113715085;BU03881001;GM0388;BU03881001;GM0388;BU03881001;GM0388;False;False
48.0;50.0;800.0;147668.2936;522061.6941;Nederland;n.a.;n.a.;Enkhuizen;Noord-Holland;land;52.68593752745455;5.278778375106069;BU03881001;GM0388;BU03881001;GM0388;BU03881001;GM0388;False;False
92.0;85.0;2350.0;135503.136898;522071.834199;Nederland;n.a.;n.a.;Medemblik;Noord-Holland;land;52.68572890823606;5.098871252792779;BU04201403;GM0420;BU04201403;GM0420;BU04201403;GM0420;False;False
48.0;50.0;800.0;147821.7161;522206.9602;Nederland;n.a.;n.a.;Enkhuizen;Noord-Holland;land;52.68724506404434;5.281044155749178;BU03881001;GM0388;BU03881001;GM0388;BU03881001;GM0388;False;False
92.0;85.0;2350.0;135852.694599;522288.074147;Nederland;n.a.;n.a.;Medemblik;Noord-Holland;land;52.68768462971361;5.104028194299908;BU04201403;GM0420;BU04201403;GM0420;BU04201403;GM0420;False;False
127.0;135.0;7500.0;169078.8859;522326.3108;Nederland;n.a.;n.a.;Noordoostpolder;Flevoland;land;52.68818237602679;5.595426070308604;BU01710839;GM0171;BU01710839;GM0171;BU01710839;GM0171;False;False
48.0;50.0;800.0;147972.6674;522351.9616;Nederland;n.a.;n.a.;Enkhuizen;Noord-Holland;land;52.68855014638265;5.283273528699543;BU03881001;GM0388;BU03881001;GM0388;BU03881001;GM0388;False;False
200.0;125.0;11000.0;77924.7484837;522402.789808;Nederland;HKN_5;Siemens Gamesa 11.0-200 DD;n.a.;n.a.;zee;52.68359328468981;4.247383187416944;n.a.;n.a.;n.a.;n.a.;n.a.;n.a.;False;False
92.0;85.0;2350.0;136220.26948;522483.860891;Nederland;n.a.;n.a.;Medemblik;Noord-Holland;land;52.68945694047893;5.10945322929268;BU04201403;GM0420;BU04201403;GM0420;BU04201403;GM0420;False;False
48.0;50.0;800.0;148124.3688;522496.331;Nederland;n.a.;n.a.;Enkhuizen;Noord-Holland;land;52.68984951629497;5.285514141293317;BU03881001;GM0388;BU03881001;GM0388;BU03881001;GM0388;False;False
200.0;125.0;11000.0;79398.761982;522562.953944;Nederland;HKN_5;Siemens Gamesa 11.0-200 DD;n.a.;n.a.;zee;52.68523925430164;4.269140888709725;n.a.;n.a.;n.a.;n.a.;n.a.;n.a.;False;False
92.0;85.0;2350.0;136595.794651;522662.212054;Nederland;n.a.;n.a.;Medemblik;Noord-Holland;land;52.69107258150985;5.114997261209179;BU04201403;GM0420;BU04201403;GM0420;BU04201403;GM0420;False;False
13.0;15.0;15.0;247491.652624;522820.634105;Nederland;n.a.;EAZ wind;Coevorden;Drenthe;land;52.68494154794174;6.755071799131151;BU01092023;GM0109;BU01092023;GM0109;BU01092023;GM0109;False;False
92.0;85.0;2350.0;136972.694428;522830.226193;Nederland;n.a.;n.a.;Medemblik;Noord-Holland;land;52.692595111575976;5.120562595040881;BU04201403;GM0420;BU04201403;GM0420;BU04201403;GM0420;False;False
127.0;135.0;7500.0;169087.5614;522836.2296;Nederland;n.a.;n.a.;Noordoostpolder;Flevoland;land;52.69276472326182;5.595576130472338;BU01710839;GM0171;BU01710839;GM0171;BU01710839;GM0171;False;False
200.0;125.0;11000.0;76524.0235347;522862.455185;Nederland;HKN_5;Siemens Gamesa 11.0-200 DD;n.a.;n.a.;zee;52.6875233471061;4.226563601437007;n.a.;n.a.;n.a.;n.a.;n.a.;n.a.;False;False
107.0;100.0;3000.0;168427.5893;523047.4721;Nederland;n.a.;n.a.;Noordoostpolder;Flevoland;binnenwater;52.69467983944017;5.585823062703856;BU01719997;GM0171;BU01719997;GM0171;BU01719997;GM0171;False;False
200.0;125.0;11000.0;74902.2082984;523105.001094;Nederland;HKN_5;Siemens Gamesa 11.0-200 DD;n.a.;n.a.;zee;52.68946634599679;4.202523432776602;n.a.;n.a.;n.a.;n.a.;n.a.;n.a.;False;False
200.0;125.0;11000.0;73088.1445455;523141.929824;Nederland;HKN_5;Siemens Gamesa 11.0-200 DD;n.a.;n.a.;zee;52.68952803643436;4.17568917210074;n.a.;n.a.;n.a.;n.a.;n.a.;n.a.;False;False
200.0;125.0;11000.0;80640.4934554;523243.693;Nederland;HKN_5;Siemens Gamesa 11.0-200 DD;n.a.;n.a.;zee;52.69152721228315;4.287348415345896;n.a.;n.a.;n.a.;n.a.;n.a.;n.a.;False;False
127.0;135.0;7500.0;169094.9313;523350.8092;Nederland;n.a.;n.a.;Noordoostpolder;Flevoland;land;52.697388984802714;5.595707108476679;BU01710839;GM0171;BU01710839;GM0171;BU01710839;GM0171;False;False
52.0;54.0;850.0;172533.1422;523452.1878;Nederland;n.a.;n.a.;Noordoostpolder;Flevoland;land;52.698199995899834;5.646572336377294;BU01710839;GM0171;BU01710839;GM0171;BU01710839;GM0171;False;False
107.0;100.0;3000.0;167830.9527;523459.4291;Nederland;n.a.;n.a.;Noordoostpolder;Flevoland;binnenwater;52.698396456381204;5.577013824787664;BU01719997;GM0171;BU01719997;GM0171;BU01719997;GM0171;False;False
107.0;100.0;3000.0;168432.6164;523459.4291;Nederland;n.a.;n.a.;Noordoostpolder;Flevoland;binnenwater;52.698381913808866;5.585914185649209;BU01719997;GM0171;BU01719997;GM0171;BU01719997;GM0171;False;False
48.0;55.0;750.0;173423.8089;523587.7142;Nederland;n.a.;n.a.;Noordoostpolder;Flevoland;land;52.69938847979987;5.6597553427096114;BU01710839;GM0171;BU01710839;GM0171;BU01710839;GM0171;False;False
200.0;125.0;11000.0;78662.2799436;523617.657981;Nederland;HKN_5;Siemens Gamesa 11.0-200 DD;n.a.;n.a.;zee;52.69461345628125;4.258007521506275;n.a.;n.a.;n.a.;n.a.;n.a.;n.a.;False;False
13.0;15.0;15.0;221510.224037;523853.349036;Nederland;n.a.;EAZ wind;De Wolden;Drenthe;land;52.69801908970258;6.371103428259781;BU16900709;GM1690;BU16900709;GM1690;BU16900709;GM1690;False;False
127.0;135.0;7500.0;169098.1906;523862.4271;Nederland;n.a.;n.a.;Noordoostpolder;Flevoland;land;52.70198673116526;5.595777175491034;BU01710839;GM0171;BU01710839;GM0171;BU01710839;GM0171;False;False
107.0;100.0;3000.0;168438.9664;523878.53;Nederland;n.a.;n.a.;Noordoostpolder;Flevoland;binnenwater;52.70214815303947;5.5860251864980945;BU01719997;GM0171;BU01719997;GM0171;BU01719997;GM0171;False;False
107.0;100.0;3000.0;167832.5402;523880.1175;Nederland;n.a.;n.a.;Noordoostpolder;Flevoland;binnenwater;52.702177083387774;5.577053666720279;BU01719997;GM0171;BU01719997;GM0171;BU01719997;GM0171;False;False
200.0;125.0;11000.0;73448.1540657;523973.247502;Nederland;HKN_5;Siemens Gamesa 11.0-200 DD;n.a.;n.a.;zee;52.69705175285458;4.18080761431598;n.a.;n.a.;n.a.;n.a.;n.a.;n.a.;False;False
200.0;125.0;11000.0;82769.0169053;524053.232453;Nederland;HKN_5;Siemens Gamesa 11.0-200 DD;n.a.;n.a.;zee;52.69908823667979;4.318649275395787;n.a.;n.a.;n.a.;n.a.;n.a.;n.a.;False;False
47.0;56.0;660.0;172539.9708;524132.8839;Nederland;n.a.;n.a.;Noordoostpolder;Flevoland;land;52.70431706556082;5.6467095217294485;BU01710943;GM0171;BU01710943;GM0171;BU01710943;GM0171;False;False
13.0;15.0;15.0;222975.184735;524145.280867;Nederland;n.a.;EAZ wind;De Wolden;Drenthe;land;52.70046113827806;6.39283176539202;BU16900709;GM1690;BU16900709;GM1690;BU16900709;GM1690;False;False
107.0;100.0;3000.0;167837.3027;524293.6621;Nederland;n.a.;n.a.;Noordoostpolder;Flevoland;binnenwater;52.705893431555836;5.577140213580209;BU01719997;GM0171;BU01719997;GM0171;BU01719997;GM0171;False;False
107.0;100.0;3000.0;168437.3789;524295.2496;Nederland;n.a.;n.a.;Noordoostpolder;Flevoland;binnenwater;52.70589318464013;5.586018670966587;BU01719997;GM0171;BU01719997;GM0171;BU01719997;GM0171;False;False
127.0;135.0;7500.0;169107.7156;524376.7781;Nederland;n.a.;n.a.;Noordoostpolder;Flevoland;land;52.7066088713517;5.5959400799321;BU01710943;GM0171;BU01710943;GM0171;BU01710943;GM0171;False;False
15.6;31.4;75.0;169751.9772;524382.8831;Nederland;n.a.;n.a.;Noordoostpolder;Flevoland;land;52.70664662164117;5.605472633962856;BU01710943;GM0171;BU01710943;GM0171;BU01710943;GM0171;False;False
200.0;125.0;11000.0;83621.166086;524422.568832;Nederland;HKN_5;Siemens Gamesa 11.0-200 DD;n.a.;n.a.;zee;52.70251947264481;4.331173758482193;n.a.;n.a.;n.a.;n.a.;n.a.;n.a.;False;False
33.4;40.0;300.0;174800.0748;524467.1105;Nederland;n.a.;n.a.;Noordoostpolder;Flevoland;land;52.70724302723228;5.6801674276572856;BU01710943;GM0171;BU01710943;GM0171;BU01710943;GM0171;False;False
52.0;57.0;850.0;113409.6031;524667.5681;Nederland;n.a.;n.a.;Dijk en Waard;Noord-Holland;land;52.70781534425102;4.77182211216679;BU19800105;GM1980;BU19800105;GM1980;BU19800105;GM1980;False;False
200.0;125.0;11000.0;75602.685663;524667.958116;Nederland;HKN_5;Siemens Gamesa 11.0-200 DD;n.a.;n.a.;zee;52.70361276875807;4.212506150028583;n.a.;n.a.;n.a.;n.a.;n.a.;n.a.;False;False
107.0;100.0;3000.0;168448.4914;524704.0316;Nederland;n.a.;n.a.;Noordoostpolder;Flevoland;binnenwater;52.70956656453428;5.586199749277336;BU01719997;GM0171;BU01719997;GM0171;BU01719997;GM0171;False;False
107.0;100.0;3000.0;167842.0652;524707.2066;Nederland;n.a.;n.a.;Noordoostpolder;Flevoland;binnenwater;52.7096097752604;5.577226775491897;BU01719997;GM0171;BU01719997;GM0171;BU01719997;GM0171;False;False
200.0;125.0;11000.0;73808.3185811;524803.738225;Nederland;HKN_5;Siemens Gamesa 11.0-200 DD;n.a.;n.a.;zee;52.70456783240326;4.185930296509493;n.a.;n.a.;n.a.;n.a.;n.a.;n.a.;False;False
127.0;135.0;7500.0;169116.1823;524893.2458;Nederland;n.a.;n.a.;Noordoostpolder;Flevoland;land;52.7112500557954;5.59608745003447;BU01710943;GM0171;BU01710943;GM0171;BU01710943;GM0171;False;False
200.0;125.0;11000.0;80116.2691627;524898.510702;Nederland;HKN_5;Siemens Gamesa 11.0-200 DD;n.a.;n.a.;zee;52.706324709520295;4.279220895740681;n.a.;n.a.;n.a.;n.a.;n.a.;n.a.;False;False
200.0;125.0;11000.0;84587.7974751;524900.153714;Nederland;HKN_5;Siemens Gamesa 11.0-200 DD;n.a.;n.a.;zee;52.706936915405045;4.345370724645364;n.a.;n.a.;n.a.;n.a.;n.a.;n.a.;False;False
52.0;57.0;850.0;113442.7514;524900.663;Nederland;n.a.;n.a.;Dijk en Waard;Noord-Holland;land;52.70991257465975;4.7722832252252925;BU19800105;GM1980;BU19800105;GM1980;BU19800105;GM1980;False;False
200.0;125.0;11000.0;77626.4393606;524970.504994;Nederland;HKN_5;Siemens Gamesa 11.0-200 DD;n.a.;n.a.;zee;52.70662300624627;4.242371299131272;n.a.;n.a.;n.a.;n.a.;n.a.;n.a.;False;False
107.0;100.0;3000.0;167846.8277;525127.1012;Nederland;n.a.;n.a.;Noordoostpolder;Flevoland;binnenwater;52.713383182613384;5.577313599826397;BU01719997;GM0171;BU01719997;GM0171;BU01719997;GM0171;False;False
107.0;100.0;3000.0;168451.6664;525130.2762;Nederland;n.a.;n.a.;Noordoostpolder;Flevoland;binnenwater;52.71339707060151;5.586264112075022;BU01719997;GM0171;BU01719997;GM0171;BU01719997;GM0171;False;False
52.0;57.0;850.0;113488.2677;525131.4889;Nederland;n.a.;n.a.;Dijk en Waard;Noord-Holland;land;52.71199035644126;4.772927675035224;BU19800105;GM1980;BU19800105;GM1980;BU19800105;GM1980;False;False
53.0;60.0;800.0;113370.3633;525356.079;Nederland;n.a.;n.a.;Schagen;Noord-Holland;land;52.71399960711815;4.771154741922515;BU04410590;GM0441;BU04410590;GM0441;BU04410590;GM0441;False;False
200.0;125.0;11000.0;81380.8322173;525381.152412;Nederland;HKN_5;Siemens Gamesa 11.0-200 DD;n.a.;n.a.;zee;52.71083419814144;4.297820575866686;n.a.;n.a.;n.a.;n.a.;n.a.;n.a.;False;False
13.0;15.0;15.0;245618.765031;525389.553232;Nederland;n.a.;EAZ wind;Coevorden;Drenthe;land;52.70833826629469;6.728085579630949;BU01092023;GM0109;BU01092023;GM0109;BU01092023;GM0109;False;False
127.0;135.0;7500.0;169117.2406;525402.3052;Nederland;n.a.;n.a.;Noordoostpolder;Flevoland;land;52.71582485024098;5.596124899396599;BU01710943;GM0171;BU01710943;GM0171;BU01710943;GM0171;False;False
13.0;15.0;15.0;212934.664405;525447.150756;Nederland;n.a.;EAZ wind;De Wolden;Drenthe;land;52.713322546686;6.244537956512341;BU16901109;GM1690;BU16901109;GM1690;BU16901109;GM1690;False;False
200.0;125.0;11000.0;82682.8196232;525491.246844;Nederland;HKN_5;Siemens Gamesa 11.0-200 DD;n.a.;n.a.;zee;52.711998209117525;4.317059455258993;n.a.;n.a.;n.a.;n.a.;n.a.;n.a.;False;False
200.0;125.0;11000.0;85427.8880861;525523.476083;Nederland;HKN_5;Siemens Gamesa 11.0-200 DD;n.a.;n.a.;zee;52.712646039052;4.357667623881569;n.a.;n.a.;n.a.;n.a.;n.a.;n.a.;False;False
107.0;100.0;3000.0;168453.2539;525538.2645;Nederland;n.a.;n.a.;Noordoostpolder;Flevoland;binnenwater;52.717063546335666;5.586304247880947;BU01719997;GM0171;BU01719997;GM0171;BU01719997;GM0171;False;False
107.0;100.0;3000.0;167850.0027;525542.2333;Nederland;n.a.;n.a.;Noordoostpolder;Flevoland;binnenwater;52.71711382414752;5.577376760103753;BU01719997;GM0171;BU01719997;GM0171;BU01719997;GM0171;False;False
53.0;60.0;800.0;113388.3576;525584.9379;Nederland;n.a.;n.a.;Schagen;Noord-Holland;land;52.71605761060117;4.771392167968235;BU04410590;GM0441;BU04410590;GM0441;BU04410590;GM0441;False;False
200.0;125.0;11000.0;74238.5941195;525597.027859;Nederland;HKN_5;Siemens Gamesa 11.0-200 DD;n.a.;n.a.;zee;52.71175984121387;4.192101114577974;n.a.;n.a.;n.a.;n.a.;n.a.;n.a.;False;False
48.0;53.0;750.0;169745.077;525649.3829;Nederland;n.a.;n.a.;Noordoostpolder;Flevoland;land;52.71802860450488;5.605427156662731;BU01710943;GM0171;BU01710943;GM0171;BU01710943;GM0171;False;False
53.0;60.0;800.0;113416.993;525814.7328;Nederland;n.a.;n.a.;Schagen;Noord-Holland;land;52.718124837970215;4.771786974954765;BU04410590;GM0441;BU04410590;GM0441;BU04410590;GM0441;False;False
71.0;64.0;2300.0;121312.359009;525907.360342;Nederland;n.a.;n.a.;Hollands Kroon;Noord-Holland;land;52.71950385764585;4.888622313709748;BU19111690;GM1911;BU19111690;GM1911;BU19111690;GM1911;False;False
127.0;135.0;7500.0;169119.3669;525918.4733;Nederland;n.a.;n.a.;Noordoostpolder;Flevoland;land;52.720463496022404;5.596178468416125;BU01710943;GM0171;BU01710943;GM0171;BU01710943;GM0171;False;False
13.0;15.0;15.0;206178.798567;525954.541608;Nederland;n.a.;EAZ wind;Meppel;Drenthe;land;52.71856033296496;6.144650540788693;BU01191206;GM0119;BU01191206;GM0119;BU01191206;GM0119;False;False
107.0;100.0;3000.0;168458.0165;525956.5716;Nederland;n.a.;n.a.;Noordoostpolder;Flevoland;binnenwater;52.72082267294462;5.586391804920355;BU01719997;GM0171;BU01719997;GM0171;BU01719997;GM0171;False;False
13.0;15.0;15.0;219953.099039;525957.974353;Nederland;n.a.;EAZ wind;De Wolden;Drenthe;land;52.717119185229386;6.348485831467271;BU16901209;GM1690;BU16901209;GM1690;BU16901209;GM1690;False;False
107.0;100.0;3000.0;167854.7653;525958.1591;Nederland;n.a.;n.a.;Noordoostpolder;Flevoland;binnenwater;52.720851557338094;5.577463459729255;BU01719997;GM0171;BU01719997;GM0171;BU01719997;GM0171;False;False
13.0;15.0;15.0;213745.719045;525961.118;Nederland;n.a.;EAZ wind;De Wolden;Drenthe;land;52.717853992271884;6.256630333557978;BU16901109;GM1690;BU16901109;GM1690;BU16901109;GM1690;False;False
13.0;15.0;15.0;112772.489117;525980.42619;Nederland;n.a.;EAZ wind;Schagen;Noord-Holland;land;52.719564143558046;4.762227814109558;BU04410590;GM0441;BU04410590;GM0441;BU04410590;GM0441;False;False
200.0;125.0;11000.0;84446.3575837;525988.595265;Nederland;HKN_5;Siemens Gamesa 11.0-200 DD;n.a.;n.a.;zee;52.71669893714354;4.343045694204387;n.a.;n.a.;n.a.;n.a.;n.a.;n.a.;False;False
53.0;60.0;800.0;113454.4796;526033.8889;Nederland;n.a.;n.a.;Schagen;Noord-Holland;land;52.720097134795125;4.7723141524565085;BU04410590;GM0441;BU04410590;GM0441;BU04410590;GM0441;False;False
53.0;60.0;800.0;113505.3794;526242.8146;Nederland;n.a.;n.a.;Schagen;Noord-Holland;land;52.72197851782715;4.773041182319515;BU04410590;GM0441;BU04410590;GM0441;BU04410590;GM0441;False;False
200.0;125.0;11000.0;74793.9566508;526315.325691;Nederland;HKN_5;Siemens Gamesa 11.0-200 DD;n.a.;n.a.;zee;52.718296172592794;4.200143126799123;n.a.;n.a.;n.a.;n.a.;n.a.;n.a.;False;False
200.0;125.0;11000.0;79126.0480708;526335.749715;Nederland;HKN_5;Siemens Gamesa 11.0-200 DD;n.a.;n.a.;zee;52.71910168547038;4.264241907773853;n.a.;n.a.;n.a.;n.a.;n.a.;n.a.;False;False
18.0;31.4;80.0;170124.306;526340.9728;Nederland;n.a.;n.a.;Noordoostpolder;Flevoland;land;52.724233347469784;5.611071286194111;BU01710943;GM0171;BU01710943;GM0171;BU01710943;GM0171;False;False
18.0;31.0;80.0;169728.5998;526347.9181;Nederland;n.a.;n.a.;Noordoostpolder;Flevoland;land;52.72430664208678;5.605214507950209;BU01710943;GM0171;BU01710943;GM0171;BU01710943;GM0171;False;False
107.0;100.0;3000.0;167854.7653;526374.8787;Nederland;n.a.;n.a.;Noordoostpolder;Flevoland;binnenwater;52.72459653340692;5.577479710674161;BU01719997;GM0171;BU01719997;GM0171;BU01719997;GM0171;False;False
107.0;100.0;3000.0;168464.3665;526376.4662;Nederland;n.a.;n.a.;Noordoostpolder;Flevoland;binnenwater;52.72459602304035;5.586502938525943;BU01719997;GM0171;BU01719997;GM0171;BU01719997;GM0171;False;False
200.0;125.0;11000.0;85423.6390712;526426.579889;Nederland;HKN_5;Siemens Gamesa 11.0-200 DD;n.a.;n.a.;zee;52.72076049077953;4.357414398104533;n.a.;n.a.;n.a.;n.a.;n.a.;n.a.;False;False
127.0;135.0;7500.0;169126.375;526430.8874;Nederland;n.a.;n.a.;Noordoostpolder;Flevoland;land;52.72506827288059;5.59630414853124;BU01710943;GM0171;BU01710943;GM0171;BU01710943;GM0171;False;False
53.0;60.0;800.0;113566.1126;526451.8245;Nederland;n.a.;n.a.;Schagen;Noord-Holland;land;52.723861401998434;4.7739138066128906;BU04410590;GM0441;BU04410590;GM0441;BU04410590;GM0441;False;False
44.0;50.0;600.0;121364.7511;526480.9973;Nederland;n.a.;n.a.;Hollands Kroon;Noord-Holland;land;52.72466212893833;4.8893392379280165;BU19111690;GM1911;BU19111690;GM1911;BU19111690;GM1911;False;False
18.0;40.0;80.0;192073.9238;526506.8948;Nederland;n.a.;n.a.;Noordoostpolder;Flevoland;land;52.72466964907471;5.935971802557986;BU01710426;GM0171;BU01710426;GM0171;BU01710426;GM0171;False;False
200.0;125.0;11000.0;76788.1897282;526579.319629;Nederland;HKN_5;Siemens Gamesa 11.0-200 DD;n.a.;n.a.;zee;52.72095886747639;4.2295896705184335;n.a.;n.a.;n.a.;n.a.;n.a.;n.a.;False;False
52.0;60.0;850.0;141227.7445;526582.789;Nederland;n.a.;n.a.;Medemblik;Noord-Holland;land;52.726443047764576;5.183342433658995;BU04201610;GM0420;BU04201610;GM0420;BU04201610;GM0420;False;False
53.0;60.0;800.0;113636.7177;526655.8063;Nederland;n.a.;n.a.;Schagen;Noord-Holland;land;52.72569984580612;4.774933254909519;BU04410590;GM0441;BU04410590;GM0441;BU04410590;GM0441;False;False
52.0;60.0;850.0;141446.544;526668.7889;Nederland;n.a.;n.a.;Medemblik;Noord-Holland;land;52.727221408243764;5.186577653670687;BU04201610;GM0420;BU04201610;GM0420;BU04201610;GM0420;False;False
200.0;125.0;11000.0;83381.6258172;526678.249311;Nederland;HKN_5;Siemens Gamesa 11.0-200 DD;n.a.;n.a.;zee;52.72275664810449;4.327141093455067;n.a.;n.a.;n.a.;n.a.;n.a.;n.a.;False;False
107.0;100.0;3000.0;168467.5415;526785.2483;Nederland;n.a.;n.a.;Noordoostpolder;Flevoland;binnenwater;52.72826958252257;5.586566637965321;BU01719997;GM0171;BU01719997;GM0171;BU01719997;GM0171;False;False
107.0;100.0;3000.0;167864.2903;526786.8358;Nederland;n.a.;n.a.;Noordoostpolder;Flevoland;binnenwater;52.72829848065259;5.577636777617802;BU01719997;GM0171;BU01719997;GM0171;BU01719997;GM0171;False;False
52.0;60.0;850.0;141716.5435;526798.0887;Nederland;n.a.;n.a.;Medemblik;Noord-Holland;land;52.728390060821816;5.190569154470955;BU04201610;GM0420;BU04201610;GM0420;BU04201610;GM0420;False;False
54.0;60.0;900.0;142468.2217;526809.7882;Nederland;n.a.;n.a.;Medemblik;Noord-Holland;land;52.728513045058484;5.201695829376086;BU04201610;GM0420;BU04201610;GM0420;BU04201610;GM0420;False;False
53.0;60.0;800.0;113718.6878;526852.8552;Nederland;n.a.;n.a.;Schagen;Noord-Holland;land;52.727476841662586;4.776121881970928;BU04410590;GM0441;BU04410590;GM0441;BU04410590;GM0441;False;False
127.0;135.0;7500.0;169130.1946;526946.0144;Nederland;n.a.;n.a.;Noordoostpolder;Flevoland;land;52.72969750739916;5.596382771227893;BU01710943;GM0171;BU01710943;GM0171;BU01710943;GM0171;False;False
52.0;55.0;850.0;137705.9532;526993.4914;Nederland;n.a.;n.a.;Medemblik;Noord-Holland;land;52.73003331595502;5.131190200067308;BU04201505;GM0420;BU04201505;GM0420;BU04201505;GM0420;False;False
15.6;24.5;75.0;105406.1297;527006.0314;Nederland;n.a.;n.a.;Bergen (NH);Noord-Holland;land;52.72815830042695;4.65305766248633;BU03730705;GM0373;BU03730705;GM0373;BU03730705;GM0373;False;False
71.0;70.0;2050.0;118991.2174;527019.0794;Nederland;n.a.;n.a.;Hollands Kroon;Noord-Holland;land;52.72934554562973;4.854149063159761;BU19111790;GM1911;BU19111790;GM1911;BU19111790;GM1911;False;False
200.0;125.0;11000.0;75348.6789894;527034.803567;Nederland;HKN_5;Siemens Gamesa 11.0-200 DD;n.a.;n.a.;zee;52.72484246636939;4.208177770316805;n.a.;n.a.;n.a.;n.a.;n.a.;n.a.;False;False
13.0;15.0;15.0;219795.651839;527103.128451;Nederland;n.a.;EAZ wind;De Wolden;Drenthe;land;52.727428127381145;6.34638092387581;BU16901209;GM1690;BU16901209;GM1690;BU16901209;GM1690;False;False
13.0;15.0;15.0;214535.478662;527130.401034;Nederland;n.a.;EAZ wind;De Wolden;Drenthe;land;52.7282751799754;6.2685283366049696;BU16901109;GM1690;BU16901109;GM1690;BU16901109;GM1690;False;False
200.0;125.0;11000.0;80432.6026851;527170.56068;Nederland;HKN_5;Siemens Gamesa 11.0-200 DD;n.a.;n.a.;zee;52.726783683417814;4.283387289140302;n.a.;n.a.;n.a.;n.a.;n.a.;n.a.;False;False
107.0;100.0;3000.0;168475.479;527200.3804;Nederland;n.a.;n.a.;Noordoostpolder;Flevoland;binnenwater;52.73200008631204;5.586701113313184;BU01719997;GM0171;BU01719997;GM0171;BU01719997;GM0171;False;False
107.0;100.0;3000.0;167869.0528;527201.9679;Nederland;n.a.;n.a.;Noordoostpolder;Flevoland;binnenwater;52.73202907013215;5.5777234902383865;BU01719997;GM0171;BU01719997;GM0171;BU01719997;GM0171;False;False
15.6;31.4;75.0;145409.675;527263.9164;Nederland;n.a.;n.a.;Medemblik;Noord-Holland;land;52.73265403125561;5.245225271605818;BU04201610;GM0420;BU04201610;GM0420;BU04201610;GM0420;False;False
200.0;125.0;11000.0;85439.0816345;527329.119689;Nederland;HKN_5;Siemens Gamesa 11.0-200 DD;n.a.;n.a.;zee;52.72887237823626;4.357452647267917;n.a.;n.a.;n.a.;n.a.;n.a.;n.a.;False;False
127.0;135.0;7500.0;169137.2017;527455.8238;Nederland;n.a.;n.a.;Noordoostpolder;Flevoland;land;52.73427886531697;5.596508374034218;BU01710943;GM0171;BU01710943;GM0171;BU01710943;GM0171;False;False
52.0;60.0;850.0;143217.8404;527478.5876;Nederland;n.a.;n.a.;Medemblik;Noord-Holland;land;52.73454016161252;5.212768625627685;BU04201610;GM0420;BU04201610;GM0420;BU04201610;GM0420;False;False
15.6;31.4;75.0;141675.42749;527488.668091;Nederland;n.a.;n.a.;Medemblik;Noord-Holland;land;52.73459513840521;5.189932633204738;BU04201610;GM0420;BU04201610;GM0420;BU04201610;GM0420;False;False
18.0;40.0;80.0;108100.5944;527615.0268;Nederland;n.a.;n.a.;Schagen;Noord-Holland;land;52.73387013085161;4.692854878449424;BU04410390;GM0441;BU04410390;GM0441;BU04410390;GM0441;False;False
107.0;100.0;3000.0;168472.304;527617.1;Nederland;n.a.;n.a.;Noordoostpolder;Flevoland;binnenwater;52.73574512882425;5.586671150728515;BU01719997;GM0171;BU01719997;GM0171;BU01719997;GM0171;False;False
107.0;100.0;3000.0;167875.4028;527618.6875;Nederland;n.a.;n.a.;Noordoostpolder;Flevoland;binnenwater;52.735773884802306;5.577833783826913;BU01719997;GM0171;BU01719997;GM0171;BU01719997;GM0171;False;False
200.0;125.0;11000.0;75903.777975;527753.826489;Nederland;HKN_5;Siemens Gamesa 11.0-200 DD;n.a.;n.a.;zee;52.7313841803186;4.216220492823624;n.a.;n.a.;n.a.;n.a.;n.a.;n.a.;False;False
48.0;50.0;800.0;130874.5963;527795.5521;Nederland;n.a.;n.a.;Medemblik;Noord-Holland;land;52.7369808956053;5.0300039740944005;BU04200502;GM0420;BU04200502;GM0420;BU04200502;GM0420;False;False
15.6;31.4;75.0;144674.8172;527928.6267;Nederland;n.a.;n.a.;Medemblik;Noord-Holland;land;52.738614184527094;5.234325277982982;BU04201610;GM0420;BU04201610;GM0420;BU04201610;GM0420;False;False
200.0;125.0;11000.0;82570.3203012;527944.975748;Nederland;HKN_5;Siemens Gamesa 11.0-200 DD;n.a.;n.a.;zee;52.73403135891668;4.314856383343754;n.a.;n.a.;n.a.;n.a.;n.a.;n.a.;False;False
127.0;135.0;7500.0;169142.319;527972.006;Nederland;n.a.;n.a.;Noordoostpolder;Flevoland;land;52.73891753773163;5.596606295954923;BU01710943;GM0171;BU01710943;GM0171;BU01710943;GM0171;False;False
48.0;50.0;800.0;130926.2653;527986.987;Nederland;n.a.;n.a.;Medemblik;Noord-Holland;land;52.7387035483837;5.030754999945957;BU04200502;GM0420;BU04200502;GM0420;BU04200502;GM0420;False;False
107.0;100.0;3000.0;168477.0665;528033.0258;Nederland;n.a.;n.a.;Noordoostpolder;Flevoland;binnenwater;52.739482836957436;5.5867586797303925;BU01719997;GM0171;BU01719997;GM0171;BU01719997;GM0171;False;False
107.0;100.0;3000.0;167875.4028;528039.3758;Nederland;n.a.;n.a.;Noordoostpolder;Flevoland;binnenwater;52.739554512219385;5.577850228707507;BU01719997;GM0171;BU01719997;GM0171;BU01719997;GM0171;False;False
48.0;50.0;800.0;130977.9712;528179.1664;Nederland;n.a.;n.a.;Medemblik;Noord-Holland;land;52.74043288791089;5.03150657678094;BU04200502;GM0420;BU04200502;GM0420;BU04200502;GM0420;False;False
200.0;125.0;11000.0;85486.2917141;528235.261979;Nederland;HKN_5;Siemens Gamesa 11.0-200 DD;n.a.;n.a.;zee;52.737020685489;4.357960429927062;n.a.;n.a.;n.a.;n.a.;n.a.;n.a.;False;False
18.0;24.5;80.0;107729.7982;528286.0738;Nederland;n.a.;n.a.;Schagen;Noord-Holland;land;52.739868202448164;4.687269399459932;BU04410390;GM0441;BU04410390;GM0441;BU04410390;GM0441;False;False
200.0;125.0;11000.0;78175.1233671;528304.200699;Nederland;HKN_5;Siemens Gamesa 11.0-200 DD;n.a.;n.a.;zee;52.73665540479923;4.249712093818443;n.a.;n.a.;n.a.;n.a.;n.a.;n.a.;False;False
48.0;50.0;800.0;131027.3055;528363.2738;Nederland;n.a.;n.a.;Medemblik;Noord-Holland;land;52.742089577050514;5.032223682075368;BU04200502;GM0420;BU04200502;GM0420;BU04200502;GM0420;False;False
18.0;24.5;80.0;107715.4976;528364.1463;Nederland;n.a.;n.a.;Schagen;Noord-Holland;land;52.74056853722457;4.68704646683977;BU04410390;GM0441;BU04410390;GM0441;BU04410390;GM0441;False;False
200.0;125.0;11000.0;79893.7452042;528406.508843;Nederland;HKN_5;Siemens Gamesa 11.0-200 DD;n.a.;n.a.;zee;52.73781501186562;4.275130588570224;n.a.;n.a.;n.a.;n.a.;n.a.;n.a.;False;False
18.0;24.5;80.0;107700.7888;528442.4783;Nederland;n.a.;n.a.;Schagen;Noord-Holland;land;52.74127116783385;4.686817445787488;BU04410390;GM0441;BU04410390;GM0441;BU04410390;GM0441;False;False
107.0;100.0;3000.0;168489.7665;528448.1579;Nederland;n.a.;n.a.;Noordoostpolder;Flevoland;binnenwater;52.74321321134951;5.58696373031468;BU01719997;GM0171;BU01719997;GM0171;BU01719997;GM0171;False;False
107.0;100.0;3000.0;167880.1653;528452.9204;Nederland;n.a.;n.a.;Noordoostpolder;Flevoland;binnenwater;52.74327082423887;5.57793692087149;BU01719997;GM0171;BU01719997;GM0171;BU01719997;GM0171;False;False
200.0;125.0;11000.0;76458.5084223;528472.559209;Nederland;HKN_5;Siemens Gamesa 11.0-200 DD;n.a.;n.a.;zee;52.737922685975775;4.22426022312062;n.a.;n.a.;n.a.;n.a.;n.a.;n.a.;False;False
127.0;135.0;7500.0;169147.7048;528485.5543;Nederland;n.a.;n.a.;Noordoostpolder;Flevoland;land;52.74353252731716;5.596708102106829;BU01710943;GM0171;BU01710943;GM0171;BU01710943;GM0171;False;False
15.6;24.5;75.0;107684.679;528521.2103;Nederland;n.a.;n.a.;Schagen;Noord-Holland;land;52.74197727033073;4.686567615635;BU04410390;GM0441;BU04410390;GM0441;BU04410390;GM0441;False;False
44.0;55.0;600.0;172589.4696;528543.883;Nederland;n.a.;n.a.;Noordoostpolder;Flevoland;land;52.74395606581529;5.647677186428898;BU01710943;GM0171;BU01710943;GM0171;BU01710943;GM0171;False;False
48.0;50.0;800.0;131077.7225;528546.8447;Nederland;n.a.;n.a.;Medemblik;Noord-Holland;land;52.74374148754497;5.032956913010027;BU04200502;GM0420;BU04200502;GM0420;BU04200502;GM0420;False;False
15.6;24.5;75.0;107668.6293;528600.9152;Nederland;n.a.;n.a.;Schagen;Noord-Holland;land;52.74269212011774;4.6863185276023;BU04410390;GM0441;BU04410390;GM0441;BU04410390;GM0441;False;False
15.6;24.5;75.0;107654.0473;528678.5814;Nederland;n.a.;n.a.;Schagen;Noord-Holland;land;52.74338877691221;4.686091456831688;BU04410390;GM0441;BU04410390;GM0441;BU04410390;GM0441;False;False
48.0;50.0;800.0;131126.7756;528731.5667;Nederland;n.a.;n.a.;Medemblik;Noord-Holland;land;52.74540367746625;5.033669918228535;BU04200502;GM0420;BU04200502;GM0420;BU04200502;GM0420;False;False
18.0;24.5;80.0;107637.8942;528758.1323;Nederland;n.a.;n.a.;Schagen;Noord-Holland;land;52.7441022325174;4.68584084394812;BU04410390;GM0441;BU04410390;GM0441;BU04410390;GM0441;False;False
52.0;55.0;900.0;123189.27;528801.67;Nederland;n.a.;n.a.;Hollands Kroon;Noord-Holland;land;52.74562684992572;4.916120901753759;BU19111690;GM1911;BU19111690;GM1911;BU19111690;GM1911;False;False
18.0;24.5;80.0;107624.7465;528836.9098;Nederland;n.a.;n.a.;Schagen;Noord-Holland;land;52.74480899963567;4.685634837195349;BU04410390;GM0441;BU04410390;GM0441;BU04410390;GM0441;False;False
107.0;100.0;3000.0;168492.9415;528863.29;Nederland;n.a.;n.a.;Noordoostpolder;Flevoland;binnenwater;52.7469438187431;5.587027757737975;BU01719997;GM0171;BU01719997;GM0171;BU01719997;GM0171;False;False
107.0;100.0;3000.0;167888.1028;528866.465;Nederland;n.a.;n.a.;Noordoostpolder;Flevoland;binnenwater;52.74698705719903;5.578070647692175;BU01719997;GM0171;BU01719997;GM0171;BU01719997;GM0171;False;False
18.0;24.5;80.0;107609.3762;528914.3806;Nederland;n.a.;n.a.;Schagen;Noord-Holland;land;52.745503830015615;4.685396099420317;BU04410390;GM0441;BU04410390;GM0441;BU04410390;GM0441;False;False
127.0;135.0;7500.0;169153.1192;529000.1478;Nederland;n.a.;n.a.;Noordoostpolder;Flevoland;land;52.74815690348222;5.596810398863404;BU01711047;GM0171;BU01711047;GM0171;BU01711047;GM0171;False;False
18.0;40.0;80.0;119552.345802;529059.193736;Nederland;n.a.;n.a.;Hollands Kroon;Noord-Holland;land;52.74771591908427;4.862236091492915;BU19111790;GM1911;BU19111790;GM1911;BU19111790;GM1911;False;False
200.0;125.0;11000.0;85572.8110072;529134.528293;Nederland;HKN_5;Siemens Gamesa 11.0-200 DD;n.a.;n.a.;zee;52.74511221526991;4.3590518834084095;n.a.;n.a.;n.a.;n.a.;n.a.;n.a.;False;False
107.0;100.0;3000.0;168496.1165;529280.0095;Nederland;n.a.;n.a.;Noordoostpolder;Flevoland;binnenwater;52.750688688027445;5.587091861569385;BU01719997;GM0171;BU01719997;GM0171;BU01719997;GM0171;False;False
107.0;100.0;3000.0;167891.2778;529283.1845;Nederland;n.a.;n.a.;Noordoostpolder;Flevoland;binnenwater;52.75073193160569;5.578133986616901;BU01719997;GM0171;BU01719997;GM0171;BU01719997;GM0171;False;False
200.0;125.0;11000.0;81777.5682662;529355.784042;Nederland;HKN_5;Siemens Gamesa 11.0-200 DD;n.a.;n.a.;zee;52.74660189825192;4.302808050138048;n.a.;n.a.;n.a.;n.a.;n.a.;n.a.;False;False
127.0;135.0;7500.0;169157.2613;529511.0132;Nederland;n.a.;n.a.;Noordoostpolder;Flevoland;land;52.75274780380645;5.5968937131748735;BU01711047;GM0171;BU01711047;GM0171;BU01711047;GM0171;False;False
200.0;125.0;11000.0;77346.9588846;529623.500633;Nederland;HKN_5;Siemens Gamesa 11.0-200 DD;n.a.;n.a.;zee;52.74839199051409;4.237141600784226;n.a.;n.a.;n.a.;n.a.;n.a.;n.a.;False;False
33.4;40.0;300.0;116320.0886;529676.9493;Nederland;n.a.;n.a.;Schagen;Noord-Holland;land;52.753046758598856;4.814296981603701;BU04410890;GM0441;BU04410890;GM0441;BU04410890;GM0441;False;False
107.0;100.0;3000.0;168502.4665;529695.9354;Nederland;n.a.;n.a.;Noordoostpolder;Flevoland;binnenwater;52.75442634273879;5.5872029717457545;BU01719997;GM0171;BU01719997;GM0171;BU01719997;GM0171;False;False
107.0;100.0;3000.0;167897.6278;529696.7291;Nederland;n.a.;n.a.;Noordoostpolder;Flevoland;binnenwater;52.75444819488173;5.57824423993213;BU01719997;GM0171;BU01719997;GM0171;BU01719997;GM0171;False;False
43.0;50.0;600.0;170974.5633;529716.3623;Nederland;n.a.;n.a.;Noordoostpolder;Flevoland;land;52.75454274649649;5.623820143113515;BU01711047;GM0171;BU01711047;GM0171;BU01711047;GM0171;False;False
43.0;50.0;600.0;170343.9548;529725.8022;Nederland;n.a.;n.a.;Noordoostpolder;Flevoland;land;52.75464578338384;5.614480115487756;BU01711047;GM0171;BU01711047;GM0171;BU01711047;GM0171;False;False
48.0;50.0;800.0;204942.8891;529753.9079;Nederland;n.a.;n.a.;Meppel;Drenthe;land;52.752817214663224;6.126936251542565;BU01191209;GM0119;BU01191209;GM0119;BU01191209;GM0119;False;False
200.0;125.0;11000.0;79513.9803211;529844.285878;Nederland;HKN_5;Siemens Gamesa 11.0-200 DD;n.a.;n.a.;zee;52.75068137347099;4.269179278374381;n.a.;n.a.;n.a.;n.a.;n.a.;n.a.;False;False
20.0;20.0;10.0;191390.057355;529847.090627;Nederland;n.a.;n.a.;Steenwijkerland;Overijssel;land;52.75473249125237;5.926218546392531;BU17080501;GM1708;BU17080501;GM1708;BU17080501;GM1708;False;False
200.0;125.0;11000.0;85024.7675061;529950.847992;Nederland;HKN_5;Siemens Gamesa 11.0-200 DD;n.a.;n.a.;zee;52.752376991142626;4.35076378472031;n.a.;n.a.;n.a.;n.a.;n.a.;n.a.;False;False
127.0;135.0;7500.0;169165.3325;530024.013;Nederland;n.a.;n.a.;Noordoostpolder;Flevoland;land;52.757357777219546;5.597035338439293;BU01711047;GM0171;BU01711047;GM0171;BU01711047;GM0171;False;False
107.0;100.0;3000.0;167899.2153;530114.2425;Nederland;n.a.;n.a.;Noordoostpolder;Flevoland;binnenwater;52.75820023423306;5.578284120623082;BU01719997;GM0171;BU01719997;GM0171;BU01719997;GM0171;False;False
107.0;100.0;3000.0;168507.2291;530114.2425;Nederland;n.a.;n.a.;Noordoostpolder;Flevoland;binnenwater;52.758185432400076;5.587290684768036;BU01719997;GM0171;BU01719997;GM0171;BU01719997;GM0171;False;False
13.0;15.0;15.0;226252.366981;530165.919469;Nederland;n.a.;EAZ wind;Hoogeveen;Drenthe;land;52.75414049695063;6.442607485240205;BU01186002;GM0118;BU01186002;GM0118;BU01186002;GM0118;False;False
52.0;65.0;850.0;107573.2083;530198.9014;Nederland;n.a.;n.a.;Schagen;Noord-Holland;land;52.75704366606544;4.684675643096736;BU04410390;GM0441;BU04410390;GM0441;BU04410390;GM0441;False;False
16.0;20.0;80.0;209875.652484;530231.059494;Nederland;n.a.;BW80;Westerveld;Drenthe;land;52.75662862912085;6.200070768322431;BU17010809;GM1701;BU17010809;GM1701;BU17010809;GM1701;False;False
33.4;32.0;300.0;116961.4716;530337.2789;Nederland;n.a.;n.a.;Hollands Kroon;Noord-Holland;land;52.75902605602462;4.823720157800396;BU19111890;GM1911;BU19111890;GM1911;BU19111890;GM1911;False;False
200.0;125.0;11000.0;77916.3133637;530363.031259;Nederland;HKN_5;Siemens Gamesa 11.0-200 DD;n.a.;n.a.;zee;52.75511802504077;4.245399271855794;n.a.;n.a.;n.a.;n.a.;n.a.;n.a.;False;False
52.0;65.0;850.0;107666.8492;530386.7984;Nederland;n.a.;n.a.;Schagen;Noord-Holland;land;52.75874031954945;4.6860356396493446;BU04410390;GM0441;BU04410390;GM0441;BU04410390;GM0441;False;False
44.0;45.0;900.0;124925.207751;530456.960099;Nederland;n.a.;n.a.;Hollands Kroon;Noord-Holland;land;52.76060108083993;4.941676544261516;BU19111590;GM1911;BU19111590;GM1911;BU19111590;GM1911;False;False
117.0;118.0;3600.0;130957.66571;530479.598281;Nederland;n.a.;n.a.;Hollands Kroon;Noord-Holland;land;52.761105131618905;5.031038107035735;BU19111090;GM1911;BU19111090;GM1911;BU19111090;GM1911;False;False
117.0;118.0;3600.0;130598.86453;530493.235164;Nederland;n.a.;n.a.;Hollands Kroon;Noord-Holland;land;52.761211676377364;5.025721849295111;BU19111090;GM1911;BU19111090;GM1911;BU19111090;GM1911;False;False
117.0;118.0;3600.0;130238.892752;530506.739854;Nederland;n.a.;n.a.;Hollands Kroon;Noord-Holland;land;52.76131674243197;5.020388236502551;BU19111090;GM1911;BU19111090;GM1911;BU19111090;GM1911;False;False
117.0;118.0;3600.0;129886.780248;530521.726214;Nederland;n.a.;n.a.;Hollands Kroon;Noord-Holland;land;52.76143524770789;5.015170910503493;BU19111090;GM1911;BU19111090;GM1911;BU19111090;GM1911;False;False
117.0;118.0;3600.0;129464.610275;530536.497925;Nederland;n.a.;n.a.;Hollands Kroon;Noord-Holland;land;52.76154830584676;5.008915742239997;BU19111090;GM1911;BU19111090;GM1911;BU19111090;GM1911;False;False
117.0;118.0;3600.0;129052.101529;530552.258376;Nederland;n.a.;n.a.;Hollands Kroon;Noord-Holland;land;52.76167038316461;5.002803584840934;BU19111090;GM1911;BU19111090;GM1911;BU19111090;GM1911;False;False
117.0;118.0;3600.0;128639.465246;530567.420165;Nederland;n.a.;n.a.;Hollands Kroon;Noord-Holland;land;52.76178676035379;4.9966895533698;BU19111090;GM1911;BU19111090;GM1911;BU19111090;GM1911;False;False
52.0;65.0;850.0;107763.3365;530579.3368;Nederland;n.a.;n.a.;Schagen;Noord-Holland;land;52.7604789131843;4.687437239337814;BU04410390;GM0441;BU04410390;GM0441;BU04410390;GM0441;False;False
117.0;118.0;3600.0;128227.910481;530583.822904;Nederland;n.a.;n.a.;Hollands Kroon;Noord-Holland;land;52.76191402845066;4.990591412403454;BU19111090;GM1911;BU19111090;GM1911;BU19111090;GM1911;False;False
117.0;118.0;3600.0;127815.346675;530599.798004;Nederland;n.a.;n.a.;Hollands Kroon;Noord-Holland;land;52.76203709113162;4.984478323222082;BU19111090;GM1911;BU19111090;GM1911;BU19111090;GM1911;False;False
117.0;118.0;3600.0;127402.579849;530615.065527;Nederland;n.a.;n.a.;Hollands Kroon;Noord-Holland;land;52.76215347082846;4.9783622511361925;BU19111090;GM1911;BU19111090;GM1911;BU19111090;GM1911;False;False
200.0;125.0;11000.0;81436.7617721;530621.244601;Nederland;HKN_5;Siemens Gamesa 11.0-200 DD;n.a.;n.a.;zee;52.75792657406272;4.2974791572814;n.a.;n.a.;n.a.;n.a.;n.a.;n.a.;False;False
44.0;45.0;900.0;124794.966345;530625.129602;Nederland;n.a.;n.a.;Hollands Kroon;Noord-Holland;land;52.76210511125986;4.939731775960246;BU19111590;GM1911;BU19111590;GM1911;BU19111590;GM1911;False;False
117.0;118.0;3600.0;126989.979805;530630.686888;Nederland;n.a.;n.a.;Hollands Kroon;Noord-Holland;land;52.76227272540525;4.972248589880808;BU19111090;GM1911;BU19111090;GM1911;BU19111090;GM1911;False;False
13.0;15.0;15.0;216271.439528;530634.71094;Nederland;n.a.;EAZ wind;De Wolden;Drenthe;land;52.759571428851906;6.294874894383046;BU16901109;GM1690;BU16901109;GM1690;BU16901109;GM1690;False;False
117.0;118.0;3600.0;126585.261478;530646.436526;Nederland;n.a.;n.a.;Hollands Kroon;Noord-Holland;land;52.76239323076365;4.966251646737477;BU19111090;GM1911;BU19111090;GM1911;BU19111090;GM1911;False;False
117.0;118.0;3600.0;126191.245264;530660.986121;Nederland;n.a.;n.a.;Hollands Kroon;Noord-Holland;land;52.762503218260385;4.9604133204659036;BU19111090;GM1911;BU19111090;GM1911;BU19111090;GM1911;False;False
117.0;118.0;3600.0;125806.074021;530675.143816;Nederland;n.a.;n.a.;Hollands Kroon;Noord-Holland;land;52.76260987339317;4.95470603160225;BU19111090;GM1911;BU19111090;GM1911;BU19111090;GM1911;False;False
200.0;125.0;11000.0;84555.8107629;530766.252515;Nederland;HKN_5;Siemens Gamesa 11.0-200 DD;n.a.;n.a.;zee;52.75964321362227;4.3436445364183465;n.a.;n.a.;n.a.;n.a.;n.a.;n.a.;False;False
44.0;45.0;900.0;124681.936119;530770.544892;Nederland;n.a.;n.a.;Hollands Kroon;Noord-Holland;land;52.76340558946353;4.938043947721132;BU19111590;GM1911;BU19111590;GM1911;BU19111590;GM1911;False;False
52.0;65.0;850.0;107859.5416;530772.3623;Nederland;n.a.;n.a.;Schagen;Noord-Holland;land;52.762221842405786;4.6888346998335955;BU04410390;GM0441;BU04410390;GM0441;BU04410390;GM0441;False;False
44.0;55.0;600.0;169958.1756;530868.2819;Nederland;n.a.;n.a.;Noordoostpolder;Flevoland;land;52.764923681022076;5.60881794127005;BU01711047;GM0171;BU01711047;GM0171;BU01711047;GM0171;False;False
44.0;45.0;900.0;124568.482559;530915.536849;Nederland;n.a.;n.a.;Hollands Kroon;Noord-Holland;land;52.76470221457774;4.936349787219252;BU19111590;GM1911;BU19111590;GM1911;BU19111590;GM1911;False;False
52.0;65.0;850.0;107954.7467;530964.1313;Nederland;n.a.;n.a.;Schagen;Noord-Holland;land;52.76395337680309;4.690217636514176;BU04410390;GM0441;BU04410390;GM0441;BU04410390;GM0441;False;False
71.0;58.0;2300.0;107208.3556;531011.6225;Nederland;n.a.;n.a.;Schagen;Noord-Holland;land;52.76431494392666;4.679153563716081;BU04410391;GM0441;BU04410391;GM0441;BU04410391;GM0441;False;False
44.0;45.0;900.0;124454.605664;531061.798808;Nederland;n.a.;n.a.;Hollands Kroon;Noord-Holland;land;52.76601020499009;4.934649135768899;BU19111590;GM1911;BU19111590;GM1911;BU19111590;GM1911;False;False
200.0;125.0;11000.0;78485.6689572;531102.549514;Nederland;HKN_5;Siemens Gamesa 11.0-200 DD;n.a.;n.a.;zee;52.76184337013131;4.253659492654693;n.a.;n.a.;n.a.;n.a.;n.a.;n.a.;False;False
13.0;15.0;15.0;237915.51;531106.773;Nederland;n.a.;EAZ wind;Coevorden;Drenthe;land;52.76093791932579;6.615565256402429;BU01093039;GM0109;BU01093039;GM0109;BU01093039;GM0109;False;False
48.0;50.0;800.0;129366.0917;531125.3733;Nederland;n.a.;n.a.;Hollands Kroon;Noord-Holland;land;52.76683564219341;5.0074104512827535;BU19111090;GM1911;BU19111090;GM1911;BU19111090;GM1911;False;False
52.0;65.0;850.0;108051.2083;531156.644;Nederland;n.a.;n.a.;Schagen;Noord-Holland;land;52.76569168626272;4.691619190979094;BU04410390;GM0441;BU04410390;GM0441;BU04410390;GM0441;False;False
44.0;45.0;900.0;124341.575438;531207.214099;Nederland;n.a.;n.a.;Hollands Kroon;Noord-Holland;land;52.767310609496164;4.932961004712071;BU19111590;GM1911;BU19111590;GM1911;BU19111590;GM1911;False;False
13.0;15.0;15.0;233325.006124;531222.252836;Nederland;n.a.;EAZ wind;Hoogeveen;Drenthe;land;52.7626574651756;6.547600105654589;BU01185801;GM0118;BU01185801;GM0118;BU01185801;GM0118;False;False
43.0;50.0;600.0;170195.9749;531303.2818;Nederland;n.a.;n.a.;Noordoostpolder;Flevoland;land;52.76882627544405;5.612361116779318;BU01711047;GM0171;BU01711047;GM0171;BU01711047;GM0171;False;False
52.0;65.0;850.0;108147.6699;531348.4131;Nederland;n.a.;n.a.;Schagen;Noord-Holland;land;52.76742329649358;4.693020962199627;BU04410390;GM0441;BU04410390;GM0441;BU04410390;GM0441;False;False
44.0;45.0;900.0;124229.196667;531353.298283;Nederland;n.a.;n.a.;Hollands Kroon;Noord-Holland;land;52.76861703752947;4.93128236521604;BU19111590;GM1911;BU19111590;GM1911;BU19111590;GM1911;False;False
127.0;135.0;7500.0;169539.0061;531407.8416;Nederland;n.a.;n.a.;Noordoostpolder;Flevoland;land;52.76978393453155;5.602631649537816;BU01711047;GM0171;BU01711047;GM0171;BU01711047;GM0171;False;False
58.0;48.0;750.0;170317.3746;531498.5818;Nederland;n.a.;n.a.;Noordoostpolder;Flevoland;land;52.77057795720977;5.614168951328228;BU01711047;GM0171;BU01711047;GM0171;BU01711047;GM0171;False;False
33.4;32.0;300.0;115992.0115;531506.8139;Nederland;n.a.;n.a.;Hollands Kroon;Noord-Holland;land;52.769467149266205;4.809221167304321;BU19111390;GM1911;BU19111390;GM1911;BU19111390;GM1911;False;False
52.0;65.0;850.0;108243.9007;531540.4129;Nederland;n.a.;n.a.;Schagen;Noord-Holland;land;52.76915694286763;4.694419391657364;BU04410390;GM0441;BU04410390;GM0441;BU04410390;GM0441;False;False
200.0;125.0;11000.0;84073.6705977;531541.072868;Nederland;HKN_5;Siemens Gamesa 11.0-200 DD;n.a.;n.a.;zee;52.766542599240104;4.33633636396213;n.a.;n.a.;n.a.;n.a.;n.a.;n.a.;False;False
52.0;49.0;850.0;128695.7231;531583.4874;Nederland;n.a.;n.a.;Hollands Kroon;Noord-Holland;land;52.77092044811954;4.997441802622098;BU19111090;GM1911;BU19111090;GM1911;BU19111090;GM1911;False;False
48.0;50.0;800.0;128082.3827;531609.2984;Nederland;n.a.;n.a.;Hollands Kroon;Noord-Holland;land;52.77112233281723;4.988351721259633;BU19111090;GM1911;BU19111090;GM1911;BU19111090;GM1911;False;False
48.0;50.0;800.0;127452.2848;531631.8978;Nederland;n.a.;n.a.;Hollands Kroon;Noord-Holland;land;52.77129381247523;4.979013526076601;BU19111090;GM1911;BU19111090;GM1911;BU19111090;GM1911;False;False
18.0;31.0;80.0;110173.4868;531649.3354;Nederland;n.a.;n.a.;Schagen;Noord-Holland;land;52.77029853730996;4.722993402282324;BU04411290;GM0441;BU04411290;GM0441;BU04411290;GM0441;False;False
117.0;118.0;3600.0;126159.440917;531658.835839;Nederland;n.a.;n.a.;Hollands Kroon;Noord-Holland;land;52.771468740809695;4.959854764109892;BU19111090;GM1911;BU19111090;GM1911;BU19111090;GM1911;False;False
52.0;65.0;850.0;108339.8494;531733.6948;Nederland;n.a.;n.a.;Schagen;Noord-Holland;land;52.77090206917618;4.695813570024846;BU04410390;GM0441;BU04410390;GM0441;BU04410390;GM0441;False;False
127.0;135.0;7500.0;169804.9564;531838.8349;Nederland;n.a.;n.a.;Noordoostpolder;Flevoland;land;52.77364993405317;5.606591637859527;BU01711047;GM0171;BU01711047;GM0171;BU01711047;GM0171;False;False
200.0;125.0;11000.0;79054.5866454;531842.40021;Nederland;HKN_5;Siemens Gamesa 11.0-200 DD;n.a.;n.a.;zee;52.76857106389197;4.261915679650383;n.a.;n.a.;n.a.;n.a.;n.a.;n.a.;False;False
100.0;100.0;2200.0;123829.0;531869.0;Nederland;n.a.;n.a.;Hollands Kroon;Noord-Holland;land;52.773228553793864;4.925304103985515;BU19111590;GM1911;BU19111590;GM1911;BU19111590;GM1911;False;False
11.0;25.0;10.0;198369.905403;531907.159939;Nederland;n.a.;BW10;Steenwijkerland;Overijssel;land;52.772731971740065;6.029870382289716;BU17080608;GM1708;BU17080608;GM1708;BU17080608;GM1708;False;False
200.0;125.0;11000.0;81303.903829;531935.137099;Nederland;HKN_5;Siemens Gamesa 11.0-200 DD;n.a.;n.a.;zee;52.76971442720135;4.295217343535469;n.a.;n.a.;n.a.;n.a.;n.a.;n.a.;False;False
107.0;100.0;3000.0;168657.7405;531950.4705;Nederland;n.a.;n.a.;Noordoostpolder;Flevoland;binnenwater;52.77468328201726;5.589596474167496;BU01719997;GM0171;BU01719997;GM0171;BU01719997;GM0171;False;False
52.0;49.0;850.0;129091.9316;531986.7387;Nederland;n.a.;n.a.;Hollands Kroon;Noord-Holland;land;52.77456334465253;5.003280764297364;BU19111090;GM1911;BU19111090;GM1911;BU19111090;GM1911;False;False
14.0;15.0;25.0;237841.922119;532037.294373;Nederland;n.a.;n.a.;Midden-Drenthe;Drenthe;land;52.76930994970274;6.614709515113638;BU17311209;GM1731;BU17311209;GM1731;BU17311209;GM1731;False;False
13.0;15.0;15.0;231760.976318;532050.487;Nederland;n.a.;EAZ wind;Midden-Drenthe;Drenthe;land;52.770322878764084;6.524626421830166;BU17310509;GM1731;BU17310509;GM1731;BU17310509;GM1731;False;False
100.0;100.0;2200.0;123629.0;532127.0;Nederland;n.a.;n.a.;Hollands Kroon;Noord-Holland;land;52.775535542794124;4.922315944464917;BU19111490;GM1911;BU19111490;GM1911;BU19111490;GM1911;False;False
117.0;118.0;3600.0;125792.671129;532187.350574;Nederland;n.a.;n.a.;Hollands Kroon;Noord-Holland;land;52.77619863496379;4.9543733278051905;BU19111090;GM1911;BU19111090;GM1911;BU19111090;GM1911;False;False
127.0;135.0;7500.0;170071.9973;532272.8512;Nederland;n.a.;n.a.;Noordoostpolder;Flevoland;land;52.7775429339575;5.610568626171796;BU01711047;GM0171;BU01711047;GM0171;BU01711047;GM0171;False;False
52.0;49.0;850.0;129508.5574;532278.6275;Nederland;n.a.;n.a.;Hollands Kroon;Noord-Holland;land;52.777206146663595;5.009431899910665;BU19111090;GM1911;BU19111090;GM1911;BU19111090;GM1911;False;False
200.0;125.0;11000.0;83591.7409525;532314.988245;Nederland;HKN_5;Siemens Gamesa 11.0-200 DD;n.a.;n.a.;zee;52.773433412858246;4.329029202374282;n.a.;n.a.;n.a.;n.a.;n.a.;n.a.;False;False
7.0;25.0;15.0;226405.702085;532351.978471;Nederland;n.a.;EAZ wind;Hoogeveen;Drenthe;land;52.77376317394486;6.445352556406921;BU01186002;GM0118;BU01186002;GM0118;BU01186002;GM0118;False;False
100.0;100.0;2200.0;123437.260435;532373.416645;Nederland;n.a.;n.a.;Hollands Kroon;Noord-Holland;land;52.77773884169771;4.919450995273095;BU19111490;GM1911;BU19111490;GM1911;BU19111490;GM1911;False;False
7.0;25.0;15.0;226400.633243;532384.081134;Nederland;n.a.;EAZ wind;Hoogeveen;Drenthe;land;52.774052298162964;6.445284420841558;BU01186002;GM0118;BU01186002;GM0118;BU01186002;GM0118;False;False
107.0;100.0;3000.0;168933.3153;532392.0514;Nederland;n.a.;n.a.;Noordoostpolder;Flevoland;binnenwater;52.778644610046435;5.593698839863268;BU01719997;GM0171;BU01719997;GM0171;BU01719997;GM0171;False;False
52.0;50.0;900.0;122374.19318;532440.79563;Nederland;n.a.;n.a.;Hollands Kroon;Noord-Holland;land;52.778281470891294;4.903690357060992;BU19111490;GM1911;BU19111490;GM1911;BU19111490;GM1911;False;False
117.0;118.0;3600.0;125591.75017;532475.217832;Nederland;n.a.;n.a.;Hollands Kroon;Noord-Holland;land;52.77877470422989;4.951370177414465;BU19111090;GM1911;BU19111090;GM1911;BU19111090;GM1911;False;False
43.0;50.0;600.0;171365.3717;532488.5819;Nederland;n.a.;n.a.;Noordoostpolder;Flevoland;land;52.77944412770748;5.629746654174973;BU01711047;GM0171;BU01711047;GM0171;BU01711047;GM0171;False;False
16.0;44.0;25.0;217411.299056;532638.392904;Nederland;n.a.;n.a.;De Wolden;Drenthe;land;52.77744618802325;6.312138573024832;BU16901009;GM1690;BU16901009;GM1690;BU16901009;GM1690;False;False
100.0;100.0;2200.0;123219.0;532654.0;Nederland;n.a.;n.a.;Hollands Kroon;Noord-Holland;land;52.7802475561114;4.916189416683789;BU19111490;GM1911;BU19111490;GM1911;BU19111490;GM1911;False;False
127.0;135.0;7500.0;170337.9847;532704.8765;Nederland;n.a.;n.a.;Noordoostpolder;Flevoland;land;52.78141793409809;5.614530614849299;BU01711047;GM0171;BU01711047;GM0171;BU01711047;GM0171;False;False
117.0;118.0;3600.0;125391.195609;532762.091904;Nederland;n.a.;n.a.;Hollands Kroon;Noord-Holland;land;52.7813417911622;4.948372191782974;BU19111090;GM1911;BU19111090;GM1911;BU19111090;GM1911;False;False
126.0;135.0;7500.0;135725.0567;532772.8649;Nederland;n.a.;n.a.;Hollands Kroon;Noord-Holland;land;52.78190402685676;5.101527942880012;BU19110790;GM1911;BU19110790;GM1911;BU19110790;GM1911;False;False
107.0;100.0;3000.0;169204.5138;532834.5679;Nederland;n.a.;n.a.;Noordoostpolder;Flevoland;binnenwater;52.78261431490243;5.597737125600557;BU01719997;GM0171;BU01719997;GM0171;BU01719997;GM0171;False;False
52.0;49.0;850.0;132908.0455;532894.5377;Nederland;n.a.;n.a.;Hollands Kroon;Noord-Holland;land;52.78289009259303;5.059768883770214;BU19111080;GM1911;BU19111080;GM1911;BU19111080;GM1911;False;False
100.0;100.0;2200.0;123010.0;532923.0;Nederland;n.a.;n.a.;Hollands Kroon;Noord-Holland;land;52.782652631517045;4.913065839543025;BU19111490;GM1911;BU19111490;GM1911;BU19111490;GM1911;False;False
43.0;50.0;600.0;178606.653;532936.8844;Nederland;n.a.;n.a.;Noordoostpolder;Flevoland;land;52.78320589289535;5.737095657091079;BU01710221;GM0171;BU01710221;GM0171;BU01710221;GM0171;False;False
117.0;118.0;3600.0;125190.608499;533047.191182;Nederland;n.a.;n.a.;Hollands Kroon;Noord-Holland;land;52.783892849537935;4.945373533669708;BU19111090;GM1911;BU19111090;GM1911;BU19111090;GM1911;False;False
200.0;125.0;11000.0;83110.0306848;533089.169211;Nederland;HKN_5;Siemens Gamesa 11.0-200 DD;n.a.;n.a.;zee;52.78032617613084;4.321722929304131;n.a.;n.a.;n.a.;n.a.;n.a.;n.a.;False;False
127.0;135.0;7500.0;170603.9922;533136.917;Nederland;n.a.;n.a.;Noordoostpolder;Flevoland;land;52.78529293412726;5.618493603462022;BU01711047;GM0171;BU01711047;GM0171;BU01711047;GM0171;False;False
71.0;58.0;2300.0;107735.3307;533146.5845;Nederland;n.a.;n.a.;Schagen;Noord-Holland;land;52.783546224349834;4.686653743458226;BU04411490;GM0441;BU04411490;GM0441;BU04411490;GM0441;False;False
100.0;100.0;2200.0;122800.0;533192.0;Nederland;n.a.;n.a.;Hollands Kroon;Noord-Holland;land;52.785057563751536;4.909927097413924;BU19111490;GM1911;BU19111490;GM1911;BU19111490;GM1911;False;False
200.0;125.0;11000.0;80115.3686764;533218.959328;Nederland;HKN_5;Siemens Gamesa 11.0-200 DD;n.a.;n.a.;zee;52.7810873219051;4.277317282587139;n.a.;n.a.;n.a.;n.a.;n.a.;n.a.;False;False
107.0;100.0;3000.0;169476.3737;533277.4813;Nederland;n.a.;n.a.;Noordoostpolder;Flevoland;binnenwater;52.78658742745146;5.601785964811236;BU01719997;GM0171;BU01719997;GM0171;BU01719997;GM0171;False;False
117.0;118.0;3600.0;124989.435252;533335.03398;Nederland;n.a.;n.a.;Hollands Kroon;Noord-Holland;land;52.78646845230299;4.942365588376451;BU19111090;GM1911;BU19111090;GM1911;BU19111090;GM1911;False;False
200.0;125.0;11000.0;81260.4977763;533473.287407;Nederland;HKN_5;Siemens Gamesa 11.0-200 DD;n.a.;n.a.;zee;52.78352940217115;4.294229593750963;n.a.;n.a.;n.a.;n.a.;n.a.;n.a.;False;False
127.0;135.0;7500.0;170870.9613;533569.8659;Nederland;n.a.;n.a.;Noordoostpolder;Flevoland;land;52.789175933241715;5.622471591818903;BU01711047;GM0171;BU01711047;GM0171;BU01711047;GM0171;False;False
117.0;118.0;3600.0;124790.582168;533622.828019;Nederland;n.a.;n.a.;Hollands Kroon;Noord-Holland;land;52.78904366763902;4.939391684941814;BU19111090;GM1911;BU19111090;GM1911;BU19111090;GM1911;False;False
107.0;100.0;3000.0;169748.8951;533721.3207;Nederland;n.a.;n.a.;Noordoostpolder;Flevoland;binnenwater;52.790568701444535;5.605845386589708;BU01719997;GM0171;BU01719997;GM0171;BU01719997;GM0171;False;False
200.0;125.0;11000.0;82392.338887;533780.666162;Nederland;HKN_5;Siemens Gamesa 11.0-200 DD;n.a.;n.a.;zee;52.786443988635774;4.310935160835238;n.a.;n.a.;n.a.;n.a.;n.a.;n.a.;False;False
117.0;118.0;3600.0;126877.605648;533847.673215;Nederland;n.a.;n.a.;Hollands Kroon;Noord-Holland;land;52.79117643359486;4.970308971419475;BU19111090;GM1911;BU19111090;GM1911;BU19111090;GM1911;False;False
117.0;118.0;3600.0;124590.320651;533909.58802;Nederland;n.a.;n.a.;Hollands Kroon;Noord-Holland;land;52.7916094356604;4.936396648901427;BU19111090;GM1911;BU19111090;GM1911;BU19111090;GM1911;False;False
127.0;135.0;7500.0;171137.0088;534001.9369;Nederland;n.a.;n.a.;Noordoostpolder;Flevoland;land;52.793050933225516;5.62643658021256;BU01711047;GM0171;BU01711047;GM0171;BU01711047;GM0171;False;False
117.0;118.0;3600.0;126680.339641;534127.146919;Nederland;n.a.;n.a.;Hollands Kroon;Noord-Holland;land;52.793677656987924;4.967360633947413;BU19111090;GM1911;BU19111090;GM1911;BU19111090;GM1911;False;False
107.0;100.0;3000.0;170026.0467;534163.8372;Nederland;n.a.;n.a.;Noordoostpolder;Flevoland;binnenwater;52.79453781573809;5.609974130693378;BU01719997;GM0171;BU01719997;GM0171;BU01719997;GM0171;False;False
138.0;160.0;4200.0;269837.695789;534263.488648;Duitsland;n.a.;n.a.;n.a.;n.a.;land;52.78348114304498;7.089408173831274;n.a.;n.a.;n.a.;n.a.;n.a.;n.a.;False;False
138.0;160.0;4200.0;269362.92197;534270.945142;Duitsland;n.a.;n.a.;n.a.;n.a.;land;52.78364844117913;7.082376318366063;n.a.;n.a.;n.a.;n.a.;n.a.;n.a.;False;False
117.0;118.0;3600.0;126483.562953;534406.177035;Nederland;n.a.;n.a.;Hollands Kroon;Noord-Holland;land;52.7961748447485;4.964419253628506;BU19111090;GM1911;BU19111090;GM1911;BU19111090;GM1911;False;False
48.0;50.0;800.0;132667.763834;534414.600398;Nederland;n.a.;n.a.;Hollands Kroon;Noord-Holland;land;52.796540395988835;5.056104391264621;BU19110790;GM1911;BU19110790;GM1911;BU19110790;GM1911;False;False
138.0;160.0;4200.0;268942.899811;534432.630356;Duitsland;n.a.;n.a.;n.a.;n.a.;land;52.78518934201377;7.076209074775512;n.a.;n.a.;n.a.;n.a.;n.a.;n.a.;False;False
127.0;135.0;7500.0;171406.8343;534434.6396;Nederland;n.a.;n.a.;Noordoostpolder;Flevoland;land;52.79693135930623;5.630458315454009;BU01711047;GM0171;BU01711047;GM0171;BU01711047;GM0171;False;False
117.0;118.0;3600.0;124138.042868;534595.065039;Nederland;n.a.;n.a.;Hollands Kroon;Noord-Holland;land;52.79774389113993;4.929627706102858;BU19111090;GM1911;BU19111090;GM1911;BU19111090;GM1911;False;False
107.0;100.0;3000.0;170297.2451;534606.3537;Nederland;n.a.;n.a.;Noordoostpolder;Flevoland;binnenwater;52.79850695048796;5.614015357288994;BU01719997;GM0171;BU01719997;GM0171;BU01719997;GM0171;False;False
138.0;160.0;4200.0;269947.997701;534629.246202;Duitsland;n.a.;n.a.;n.a.;n.a.;land;52.78674354601609;7.091170301316359;n.a.;n.a.;n.a.;n.a.;n.a.;n.a.;False;False
138.0;160.0;4200.0;269395.286386;534639.201606;Duitsland;n.a.;n.a.;n.a.;n.a.;land;52.78694984382152;7.0829839542644715;n.a.;n.a.;n.a.;n.a.;n.a.;n.a.;False;False
138.0;160.0;4200.0;268953.670778;534803.829003;Duitsland;n.a.;n.a.;n.a.;n.a.;land;52.7885217447069;7.0764973141732215;n.a.;n.a.;n.a.;n.a.;n.a.;n.a.;False;False
52.0;50.0;900.0;128075.1493;534807.8263;Nederland;n.a.;n.a.;Hollands Kroon;Noord-Holland;land;52.79986559890688;4.987982759779365;BU19111090;GM1911;BU19111090;GM1911;BU19111090;GM1911;False;False
117.0;118.0;3600.0;135583.183106;534924.436065;Nederland;n.a.;n.a.;Hollands Kroon;Noord-Holland;land;52.801234252891426;5.099298219765097;BU19110790;GM1911;BU19110790;GM1911;BU19110790;GM1911;False;False
117.0;118.0;3600.0;123999.516945;534939.250203;Nederland;n.a.;n.a.;Hollands Kroon;Noord-Holland;land;52.80082898596138;4.92754143956173;BU19111090;GM1911;BU19111090;GM1911;BU19111090;GM1911;False;False
13.0;15.0;15.0;113734.008444;534950.250088;Nederland;n.a.;EAZ wind;Schagen;Noord-Holland;land;52.800243856893765;4.775333946769367;BU04410190;GM0441;BU04410190;GM0441;BU04410190;GM0441;False;False
118.0;119.0;3300.0;135204.4673;534958.4059;Nederland;n.a.;n.a.;Hollands Kroon;Noord-Holland;land;52.801525835960845;5.093680741252879;BU19110790;GM1911;BU19110790;GM1911;BU19110790;GM1911;False;False
118.0;119.0;3300.0;134900.019466;534985.474935;Nederland;n.a.;n.a.;Hollands Kroon;Noord-Holland;land;52.80175789695363;5.089164838213196;BU19110790;GM1911;BU19110790;GM1911;BU19110790;GM1911;False;False
127.0;135.0;7500.0;171746.4983;534987.7225;Nederland;n.a.;n.a.;Noordoostpolder;Flevoland;land;52.80189129816201;5.6355224316085915;BU01711151;GM0171;BU01711151;GM0171;BU01711151;GM0171;False;False
118.0;119.0;3300.0;134597.389772;535011.092035;Nederland;n.a.;n.a.;Hollands Kroon;Noord-Holland;land;52.801976807612995;5.0846759362122596;BU19110790;GM1911;BU19110790;GM1911;BU19110790;GM1911;False;False
138.0;160.0;4200.0;269477.513269;535017.23495;Duitsland;n.a.;n.a.;n.a.;n.a.;land;52.7903285459911;7.084333986732751;n.a.;n.a.;n.a.;n.a.;n.a.;n.a.;False;False
138.0;160.0;4200.0;270010.659576;535027.588618;Duitsland;n.a.;n.a.;n.a.;n.a.;land;52.79030874829057;7.0922381366155305;n.a.;n.a.;n.a.;n.a.;n.a.;n.a.;False;False
118.0;119.0;3300.0;134293.688246;535038.364522;Nederland;n.a.;n.a.;Hollands Kroon;Noord-Holland;land;52.80221038458379;5.080170991409879;BU19110790;GM1911;BU19110790;GM1911;BU19110790;GM1911;False;False
107.0;100.0;3000.0;170567.1207;535046.2244;Nederland;n.a.;n.a.;De Fryske Marren;Fryslân;binnenwater;52.80245220485381;5.618037576960013;BU19409997;GM1940;BU19409997;GM1940;BU19409997;GM1940;False;False
117.0;118.0;3600.0;133905.7802;535073.864;Nederland;n.a.;n.a.;Hollands Kroon;Noord-Holland;land;52.80251445521145;5.074416862486461;BU19110790;GM1911;BU19110790;GM1911;BU19110790;GM1911;False;False
117.0;118.0;3600.0;133475.286413;535110.987116;Nederland;n.a.;n.a.;Hollands Kroon;Noord-Holland;land;52.80283115014519;5.068031082640675;BU19110790;GM1911;BU19110790;GM1911;BU19110790;GM1911;False;False
117.0;118.0;3600.0;132949.94772;535157.635352;Nederland;n.a.;n.a.;Hollands Kroon;Noord-Holland;land;52.80322925376297;5.060238195531756;BU19110790;GM1911;BU19110790;GM1911;BU19110790;GM1911;False;False
117.0;118.0;3600.0;132544.695978;535193.36673;Nederland;n.a.;n.a.;Hollands Kroon;Noord-Holland;land;52.80353372708053;5.054226603223893;BU19110790;GM1911;BU19110790;GM1911;BU19110790;GM1911;False;False
138.0;160.0;4200.0;268970.55535;535213.541603;Duitsland;n.a.;n.a.;n.a.;n.a.;land;52.792198849001025;7.076889551331868;n.a.;n.a.;n.a.;n.a.;n.a.;n.a.;False;False
44.0;55.0;600.0;173046.4667;535254.6817;Nederland;n.a.;n.a.;Noordoostpolder;Flevoland;land;52.804248603413726;5.6548127962728385;BU01711151;GM0171;BU01711151;GM0171;BU01711151;GM0171;False;False
117.0;118.0;3600.0;123859.738396;535281.215818;Nederland;n.a.;n.a.;Hollands Kroon;Noord-Holland;land;52.80389402321746;4.925436516374607;BU19111090;GM1911;BU19111090;GM1911;BU19111090;GM1911;False;False
138.0;160.0;4200.0;269833.066672;535368.634556;Duitsland;n.a.;n.a.;n.a.;n.a.;land;52.7934101521073;7.089725581184251;n.a.;n.a.;n.a.;n.a.;n.a.;n.a.;False;False
127.0;135.0;7500.0;172012.8061;535419.4112;Nederland;n.a.;n.a.;Noordoostpolder;Flevoland;land;52.80576240552837;5.639493568068511;BU01711151;GM0171;BU01711151;GM0171;BU01711151;GM0171;False;False
138.0;160.0;4200.0;269421.263955;535423.406982;Duitsland;n.a.;n.a.;n.a.;n.a.;land;52.79398925155959;7.083641825789354;n.a.;n.a.;n.a.;n.a.;n.a.;n.a.;False;False
107.0;100.0;3000.0;170838.9806;535490.0638;Nederland;n.a.;n.a.;De Fryske Marren;Fryslân;binnenwater;52.80643292591612;5.622090139372748;BU19409997;GM1940;BU19409997;GM1940;BU19409997;GM1940;False;False
131.0;120.0;3600.0;120960.927143;535496.358024;Nederland;n.a.;n.a.;Hollands Kroon;Noord-Holland;land;52.8056531557305;4.882430181109255;BU19110390;GM1911;BU19110390;GM1911;BU19110390;GM1911;False;False
13.0;15.0;15.0;194820.726624;535506.531984;Nederland;n.a.;EAZ wind;Steenwijkerland;Overijssel;land;52.80534915835706;5.977716766300909;BU17083100;GM1708;BU17083100;GM1708;BU17083100;GM1708;False;False
117.0;118.0;3600.0;126258.357739;535522.950259;Nederland;n.a.;n.a.;Hollands Kroon;Noord-Holland;land;52.80619879068792;4.960982780672147;BU19111090;GM1911;BU19111090;GM1911;BU19111090;GM1911;False;False
13.0;15.0;15.0;252920.727057;535543.568821;Nederland;n.a.;EAZ wind;Coevorden;Drenthe;land;52.79829991505725;6.839118875414019;BU01094046;GM0109;BU01094046;GM0109;BU01094046;GM0109;False;False
138.0;160.0;4200.0;270246.342181;535605.224105;Duitsland;n.a.;n.a.;n.a.;n.a.;land;52.79544785504061;7.095933158777876;n.a.;n.a.;n.a.;n.a.;n.a.;n.a.;False;False
117.0;118.0;3600.0;123722.58821;535623.150984;Nederland;n.a.;n.a.;Hollands Kroon;Noord-Holland;land;52.80695889887259;4.923370276524543;BU19111090;GM1911;BU19111090;GM1911;BU19111090;GM1911;False;False
13.0;15.0;15.0;242535.097881;535624.804886;Nederland;n.a.;EAZ wind;Coevorden;Drenthe;land;52.8008062342939;6.6851886070803355;BU01095060;GM0109;BU01095060;GM0109;BU01095060;GM0109;False;False
138.0;160.0;4200.0;269001.921192;535656.131361;Duitsland;n.a.;n.a.;n.a.;n.a.;land;52.796168255246194;7.077507886076931;n.a.;n.a.;n.a.;n.a.;n.a.;n.a.;False;False
52.0;50.0;900.0;135285.895;535675.9514;Nederland;n.a.;n.a.;Hollands Kroon;Noord-Holland;land;52.80797706220449;5.094845087334784;BU19110790;GM1911;BU19110790;GM1911;BU19110790;GM1911;False;False
138.0;160.0;4200.0;269817.554729;535777.444618;Duitsland;n.a.;n.a.;n.a.;n.a.;land;52.797085956308905;7.089638513904668;n.a.;n.a.;n.a.;n.a.;n.a.;n.a.;False;False
138.0;160.0;4200.0;269445.224222;535817.805433;Duitsland;n.a.;n.a.;n.a.;n.a.;land;52.79752725633844;7.084134254100043;n.a.;n.a.;n.a.;n.a.;n.a.;n.a.;False;False
127.0;135.0;7500.0;172273.9802;535852.1269;Nederland;n.a.;n.a.;Noordoostpolder;Flevoland;land;52.80964276906701;5.643389326259817;BU01711151;GM0171;BU01711151;GM0171;BU01711151;GM0171;False;False
117.0;118.0;3600.0;126117.809816;535874.132265;Nederland;n.a.;n.a.;Hollands Kroon;Noord-Holland;land;52.80934719766951;4.958867717743578;BU19111090;GM1911;BU19111090;GM1911;BU19111090;GM1911;False;False
107.0;100.0;3000.0;171111.502;535936.5491;Nederland;n.a.;n.a.;De Fryske Marren;Fryslân;binnenwater;52.81043726238858;5.626153379664101;BU19409997;GM1940;BU19409997;GM1940;BU19409997;GM1940;False;False
131.0;120.0;3600.0;121042.945249;535950.988806;Nederland;n.a.;n.a.;Hollands Kroon;Noord-Holland;land;52.80974377357408;4.88359942127166;BU19110390;GM1911;BU19110390;GM1911;BU19110390;GM1911;False;False
52.0;50.0;900.0;135889.2015;535959.8644;Nederland;n.a.;n.a.;Hollands Kroon;Noord-Holland;land;52.810550055037254;5.10377552601668;BU19110790;GM1911;BU19110790;GM1911;BU19110790;GM1911;False;False
117.0;118.0;3600.0;123582.528389;535966.334375;Nederland;n.a.;n.a.;Hollands Kroon;Noord-Holland;land;52.81003478407831;4.921260477150867;BU19111090;GM1911;BU19111090;GM1911;BU19111090;GM1911;False;False
138.0;160.0;4200.0;268948.117043;536011.293798;Duitsland;n.a.;n.a.;n.a.;n.a.;land;52.79937015995366;7.07683361923276;n.a.;n.a.;n.a.;n.a.;n.a.;n.a.;False;False
117.0;118.0;3600.0;123959.0682;536115.4292;Nederland;n.a.;n.a.;Hollands Kroon;Noord-Holland;land;52.81139629762345;4.926830592649516;BU19111090;GM1911;BU19111090;GM1911;BU19111090;GM1911;False;False
13.0;15.0;15.0;230012.610727;536143.609837;Nederland;n.a.;EAZ wind;Midden-Drenthe;Drenthe;land;52.80734538598254;6.499658403989264;BU17310309;GM1731;BU17310309;GM1731;BU17310309;GM1731;False;False
117.0;118.0;3600.0;125977.5803;536226.028863;Nederland;n.a.;n.a.;Hollands Kroon;Noord-Holland;land;52.812502002876364;4.956757009099248;BU19111090;GM1911;BU19111090;GM1911;BU19111090;GM1911;False;False
127.0;135.0;7500.0;172543.3697;536280.7349;Nederland;n.a.;n.a.;Noordoostpolder;Flevoland;land;52.81348582067015;5.647407404849615;BU01711151;GM0171;BU01711151;GM0171;BU01711151;GM0171;False;False
52.0;50.0;900.0;126720.0998;536308.8045;Nederland;n.a.;n.a.;Hollands Kroon;Noord-Holland;land;52.81328509972892;4.967762348666214;BU19111090;GM1911;BU19111090;GM1911;BU19111090;GM1911;False;False
107.0;100.0;3000.0;171384.0233;536372.451;Nederland;n.a.;n.a.;De Fryske Marren;Fryslân;binnenwater;52.81434634724488;5.630216833886773;BU19409997;GM1940;BU19409997;GM1940;BU19409997;GM1940;False;False
131.0;120.0;3600.0;121123.555605;536404.636351;Nederland;n.a.;n.a.;Hollands Kroon;Noord-Holland;land;52.81382545238662;4.884748101803214;BU19110390;GM1911;BU19110390;GM1911;BU19110390;GM1911;False;False
13.0;15.0;15.0;239941.856995;536426.00769;Nederland;n.a.;EAZ wind;Midden-Drenthe;Drenthe;land;52.80841749620478;6.646951937969168;BU17311109;GM1731;BU17311109;GM1731;BU17311109;GM1731;False;False
117.0;118.0;3600.0;123822.365088;536434.857677;Nederland;n.a.;n.a.;Hollands Kroon;Noord-Holland;land;52.81425896277945;4.92477286217629;BU19111090;GM1911;BU19111090;GM1911;BU19111090;GM1911;False;False
54.0;60.0;800.0;117487.7725;536471.3871;Nederland;n.a.;n.a.;Hollands Kroon;Noord-Holland;land;52.81418589622037;4.830816608352596;BU19110390;GM1911;BU19110390;GM1911;BU19110390;GM1911;False;False
48.0;50.0;800.0;131199.755039;536521.720597;Nederland;n.a.;n.a.;Hollands Kroon;Noord-Holland;land;52.81541362390896;5.034187230313738;BU19110790;GM1911;BU19110790;GM1911;BU19110790;GM1911;False;False
117.0;118.0;3600.0;125837.350845;536577.263964;Nederland;n.a.;n.a.;Hollands Kroon;Noord-Holland;land;52.8156508231929;4.954646054329239;BU19111090;GM1911;BU19111090;GM1911;BU19111090;GM1911;False;False
130.0;120.0;3800.0;135663.242113;536631.358874;Nederland;n.a.;n.a.;Hollands Kroon;Noord-Holland;land;52.816576454061334;5.100384862367047;BU19110790;GM1911;BU19110790;GM1911;BU19110790;GM1911;False;False
130.0;120.0;3800.0;135180.111975;536674.433037;Nederland;n.a.;n.a.;Hollands Kroon;Noord-Holland;land;52.81694609480319;5.09321610939207;BU19110790;GM1911;BU19110790;GM1911;BU19110790;GM1911;False;False
127.0;135.0;7500.0;172806.4405;536706.0082;Nederland;n.a.;n.a.;Noordoostpolder;Flevoland;land;52.81729897278464;5.651332282931968;BU01711151;GM0171;BU01711151;GM0171;BU01711151;GM0171;False;False
130.0;120.0;3800.0;134697.299325;536717.930623;Nederland;n.a.;n.a.;Hollands Kroon;Noord-Holland;land;52.81731912203658;5.0860519180497645;BU19110790;GM1911;BU19110790;GM1911;BU19110790;GM1911;False;False
48.0;50.0;800.0;129836.371205;536758.588294;Nederland;n.a.;n.a.;Hollands Kroon;Noord-Holland;land;52.817480660507314;5.013947001940616;BU19111090;GM1911;BU19111090;GM1911;BU19111090;GM1911;False;False
117.0;118.0;3600.0;123698.380915;536759.202915;Nederland;n.a.;n.a.;Hollands Kroon;Noord-Holland;land;52.81716650782307;4.922903049133137;BU19110990;GM1911;BU19110990;GM1911;BU19110990;GM1911;False;False
130.0;120.0;3800.0;134214.222151;536760.634524;Nederland;n.a.;n.a.;Hollands Kroon;Noord-Holland;land;52.81768457590249;5.0788837338567125;BU19110790;GM1911;BU19110790;GM1911;BU19110790;GM1911;False;False
175.0;150.0;4000.0;133690.013027;536806.790086;Nederland;n.a.;n.a.;Hollands Kroon;Noord-Holland;land;52.81807900215664;5.071105084797838;BU19110790;GM1911;BU19110790;GM1911;BU19110790;GM1911;False;False
107.0;100.0;3000.0;171659.852;536817.6134;Nederland;n.a.;n.a.;De Fryske Marren;Fryslân;binnenwater;52.81833840719782;5.634330544605531;BU19409997;GM1940;BU19409997;GM1940;BU19409997;GM1940;False;False
48.0;50.0;800.0;130201.770274;536825.525703;Nederland;n.a.;n.a.;Hollands Kroon;Noord-Holland;land;52.81809902909277;5.019361904326885;BU19111090;GM1911;BU19111090;GM1911;BU19111090;GM1911;False;False
175.0;150.0;4000.0;133166.7455;536854.131129;Nederland;n.a.;n.a.;Hollands Kroon;Noord-Holland;land;52.81848361126303;5.06334018646282;BU19110790;GM1911;BU19110790;GM1911;BU19110790;GM1911;False;False
131.0;120.0;3600.0;121203.594045;536861.166715;Nederland;n.a.;n.a.;Hollands Kroon;Noord-Holland;land;52.8179329851598;4.885888214260877;BU19110390;GM1911;BU19110390;GM1911;BU19110390;GM1911;False;False
175.0;150.0;5300.0;132666.5463;536896.6829;Nederland;n.a.;n.a.;Hollands Kroon;Noord-Holland;land;52.818845627213065;5.055917655066303;BU19110790;GM1911;BU19110790;GM1911;BU19110790;GM1911;False;False
117.0;118.0;3600.0;125697.121416;536927.837491;Nederland;n.a.;n.a.;Hollands Kroon;Noord-Holland;land;52.81879365772993;4.952534855731181;BU19111090;GM1911;BU19111090;GM1911;BU19111090;GM1911;False;False
117.0;118.0;3600.0;123566.376475;537087.86311;Nederland;n.a.;n.a.;Hollands Kroon;Noord-Holland;land;52.82011233209385;4.920913604733463;BU19110990;GM1911;BU19110990;GM1911;BU19110990;GM1911;False;False
107.0;100.0;3000.0;171932.3734;537258.807;Nederland;n.a.;n.a.;De Fryske Marren;Fryslân;binnenwater;52.82229475810435;5.63839573844063;BU19409997;GM1940;BU19409997;GM1940;BU19409997;GM1940;False;False
117.0;118.0;3600.0;125558.214875;537280.395539;Nederland;n.a.;n.a.;Hollands Kroon;Noord-Holland;land;52.8219543572454;4.950442799759764;BU19110990;GM1911;BU19110990;GM1911;BU19110990;GM1911;False;False
131.0;120.0;3600.0;121283.237432;537313.449281;Nederland;n.a.;n.a.;Hollands Kroon;Noord-Holland;land;52.82200230694631;4.887023116169682;BU19110390;GM1911;BU19110390;GM1911;BU19110390;GM1911;False;False
117.0;118.0;3600.0;123437.848538;537410.726059;Nederland;n.a.;n.a.;Hollands Kroon;Noord-Holland;land;52.8230062272488;4.918976020647157;BU19110990;GM1911;BU19110990;GM1911;BU19110990;GM1911;False;False
52.2;50.0;900.0;134366.0709;537422.9919;Nederland;n.a.;n.a.;Hollands Kroon;Noord-Holland;land;52.823642654716146;5.081094508595323;BU19110790;GM1911;BU19110790;GM1911;BU19110790;GM1911;False;False
43.0;40.0;600.0;121909.3108;537516.9686;Nederland;n.a.;n.a.;Hollands Kroon;Noord-Holland;land;52.823869786405545;4.896289972585616;BU19110390;GM1911;BU19110390;GM1911;BU19110390;GM1911;False;False
52.0;49.0;850.0;131619.0458;537568.1957;Nederland;n.a.;n.a.;Hollands Kroon;Noord-Holland;land;52.824835992708856;5.040331773211553;BU19110790;GM1911;BU19110790;GM1911;BU19110790;GM1911;False;False
117.0;118.0;3600.0;125420.268623;537626.420648;Nederland;n.a.;n.a.;Hollands Kroon;Noord-Holland;land;52.82505636227808;4.948365274611821;BU19110990;GM1911;BU19110990;GM1911;BU19110990;GM1911;False;False
131.0;84.0;3600.0;261186.638844;537629.349896;Nederland;n.a.;n.a.;Emmen;Drenthe;land;52.81548237611803;6.962312588085974;BU01140109;GM0114;BU01140109;GM0114;BU01140109;GM0114;False;False
117.0;118.0;3600.0;123313.093995;537723.680395;Nederland;n.a.;n.a.;Hollands Kroon;Noord-Holland;land;52.82581126594952;4.917095118636439;BU19110990;GM1911;BU19110990;GM1911;BU19110990;GM1911;False;False
13.0;15.0;15.0;181684.0;537728.0;Nederland;n.a.;EAZ wind;De Fryske Marren;Fryslân;land;52.82611840393951;5.783095397719254;BU19400401;GM1940;BU19400401;GM1940;BU19400401;GM1940;False;False
131.0;84.0;3600.0;261685.879819;537733.086898;Nederland;n.a.;n.a.;Emmen;Drenthe;land;52.816316270110136;6.96974901576131;BU01140109;GM0114;BU01140109;GM0114;BU01140109;GM0114;False;False
131.0;120.0;3600.0;121362.279752;537768.303171;Nederland;n.a.;n.a.;Hollands Kroon;Noord-Holland;land;52.82609468292963;4.888149048214746;BU19110390;GM1911;BU19110390;GM1911;BU19110390;GM1911;False;False
52.2;50.0;900.0;132999.2294;537777.6705;Nederland;n.a.;n.a.;Hollands Kroon;Noord-Holland;land;52.82677621313464;5.060793479949462;BU19110790;GM1911;BU19110790;GM1911;BU19110790;GM1911;False;False
131.0;84.0;3600.0;262826.99;537848.01;Nederland;n.a.;SWT-DD-4.2-130;Emmen;Drenthe;land;52.81712284268599;6.986707295716658;BU01140309;GM0114;BU01140309;GM0114;BU01140309;GM0114;False;False
53.0;60.0;800.0;117556.458624;537959.9151;Nederland;n.a.;n.a.;Hollands Kroon;Noord-Holland;land;52.827566952366496;4.83166557290397;BU19110390;GM1911;BU19110390;GM1911;BU19110390;GM1911;False;False
16.0;20.0;80.0;184064.94206;537987.987684;Nederland;n.a.;BW80;De Fryske Marren;Fryslân;land;52.82833219466516;5.818441664128968;BU19400401;GM1940;BU19400401;GM1940;BU19400401;GM1940;False;False
117.0;118.0;3600.0;125263.420975;538028.22547;Nederland;n.a.;n.a.;Hollands Kroon;Noord-Holland;land;52.82865854945371;4.946001971788463;BU19110990;GM1911;BU19110990;GM1911;BU19110990;GM1911;False;False
117.0;118.0;3600.0;123184.98766;538043.420047;Nederland;n.a.;n.a.;Hollands Kroon;Noord-Holland;land;52.82867705080916;4.915163587922187;BU19110990;GM1911;BU19110990;GM1911;BU19110990;GM1911;False;False
131.0;84.0;3600.0;261997.941531;538144.775979;Nederland;n.a.;n.a.;Emmen;Drenthe;land;52.81995327429352;6.974510518431876;BU01140109;GM0114;BU01140109;GM0114;BU01140109;GM0114;False;False
130.0;120.0;3800.0;135799.409519;538174.798199;Nederland;n.a.;n.a.;Hollands Kroon;Noord-Holland;land;52.83045142968616;5.102314354703455;BU19110790;GM1911;BU19110790;GM1911;BU19110790;GM1911;False;False
13.0;15.0;15.0;183702.0;538205.0;Nederland;n.a.;EAZ wind;De Fryske Marren;Fryslân;land;52.830301710792625;5.8130758403107485;BU19400401;GM1940;BU19400401;GM1940;BU19400401;GM1940;False;False
130.0;120.0;3800.0;135316.308369;538217.566161;Nederland;n.a.;n.a.;Hollands Kroon;Noord-Holland;land;52.830818433665655;5.095143792456154;BU19110790;GM1911;BU19110790;GM1911;BU19110790;GM1911;False;False
131.0;84.0;3600.0;262437.138415;538230.920982;Nederland;n.a.;SWT-DD-4.2-130;Emmen;Drenthe;land;52.82064026984039;6.981051738516411;BU01140109;GM0114;BU01140109;GM0114;BU01140109;GM0114;False;False
130.0;120.0;3800.0;134833.441713;538261.197287;Nederland;n.a.;n.a.;Hollands Kroon;Noord-Holland;land;52.83119277129984;5.087976535731244;BU19110790;GM1911;BU19110790;GM1911;BU19110790;GM1911;False;False
130.0;120.0;3800.0;134350.384962;538305.222553;Nederland;n.a.;n.a.;Hollands Kroon;Noord-Holland;land;52.83157021325646;5.080806313280415;BU19110790;GM1911;BU19110790;GM1911;BU19110790;GM1911;False;False
130.0;120.0;3800.0;133866.99353;538348.1651;Nederland;n.a.;n.a.;Hollands Kroon;Noord-Holland;land;52.83193748033914;5.07363107001708;BU19110790;GM1911;BU19110790;GM1911;BU19110790;GM1911;False;False
13.0;15.0;15.0;232359.980459;538358.515674;Nederland;n.a.;EAZ wind;Midden-Drenthe;Drenthe;land;52.826916669242195;6.534985743860963;BU17310309;GM1731;BU17310309;GM1731;BU17310309;GM1731;False;False
131.0;84.0;3600.0;262930.165948;538374.534414;Nederland;n.a.;SWT-DD-4.2-130;Emmen;Drenthe;land;52.82183246612182;6.9884103562475035;BU01140209;GM0114;BU01140209;GM0114;BU01140209;GM0114;False;False
130.0;120.0;3800.0;133384.030029;538391.684082;Nederland;n.a.;n.a.;Hollands Kroon;Noord-Holland;land;52.83230951332797;5.066462019962454;BU19110790;GM1911;BU19110790;GM1911;BU19110790;GM1911;False;False
130.0;120.0;4200.0;132896.2594;538440.8377;Nederland;n.a.;n.a.;Hollands Kroon;Noord-Holland;land;52.83273155424917;5.059221140829948;BU19110790;GM1911;BU19110790;GM1911;BU19110790;GM1911;False;False
131.0;84.0;3600.0;263446.539391;538463.596663;Nederland;n.a.;SWT-DD-4.2-130;Emmen;Drenthe;land;52.82252946183981;6.996097573404209;BU01140209;GM0114;BU01140209;GM0114;BU01140209;GM0114;False;False
131.0;84.0;3600.0;261338.101784;538471.085626;Nederland;n.a.;n.a.;Emmen;Drenthe;land;52.82301469040254;6.964831166053906;BU01140109;GM0114;BU01140109;GM0114;BU01140109;GM0114;False;False
16.0;20.0;80.0;183885.760742;538471.509164;Nederland;n.a.;BW80;De Fryske Marren;Fryslân;land;52.83268689112715;5.815825817536955;BU19400401;GM1940;BU19400401;GM1940;BU19400401;GM1940;False;False
130.0;120.0;4200.0;132418.6516;538479.0463;Nederland;n.a.;n.a.;Hollands Kroon;Noord-Holland;land;52.83305522219816;5.052131675133412;BU19110790;GM1911;BU19110790;GM1911;BU19110790;GM1911;False;False
130.0;120.0;4200.0;131935.541801;538522.01741;Nederland;n.a.;n.a.;Hollands Kroon;Noord-Holland;land;52.83342103236718;5.044960129924961;BU19110790;GM1911;BU19110790;GM1911;BU19110790;GM1911;False;False
130.0;120.0;4200.0;131452.269216;538566.358955;Nederland;n.a.;n.a.;Hollands Kroon;Noord-Holland;land;52.83379871996287;5.037785951764256;BU19110790;GM1911;BU19110790;GM1911;BU19110790;GM1911;False;False
131.0;84.0;3600.0;261908.018781;538602.128162;Nederland;n.a.;n.a.;Emmen;Drenthe;land;52.82407978568408;6.973325995684193;BU01140109;GM0114;BU01140109;GM0114;BU01140109;GM0114;False;False
52.0;35.0;900.0;166386.3696;538638.7161;Nederland;n.a.;n.a.;De Fryske Marren;Fryslân;land;52.83484044883789;5.556169801714986;BU19403101;GM1940;BU19403101;GM1940;BU19403101;GM1940;False;False
13.0;15.0;15.0;236969.247192;538674.522827;Nederland;n.a.;EAZ wind;Midden-Drenthe;Drenthe;land;52.829078074388484;6.603437352013675;BU17311609;GM1731;BU17311609;GM1731;BU17311609;GM1731;False;False
131.0;84.0;3600.0;262328.510023;538686.506949;Nederland;n.a.;SWT-DD-4.2-130;Emmen;Drenthe;land;52.824754681371545;6.979589813113642;BU01140109;GM0114;BU01140109;GM0114;BU01140109;GM0114;False;False
131.0;84.0;3600.0;262834.714928;538829.222843;Nederland;n.a.;SWT-DD-4.2-130;Emmen;Drenthe;land;52.82593627809709;6.987144229374523;BU01140209;GM0114;BU01140209;GM0114;BU01140209;GM0114;False;False
131.0;84.0;3600.0;263290.50173;538908.256674;Nederland;n.a.;SWT-DD-4.2-130;Emmen;Drenthe;land;52.826555374709905;6.993930243234082;BU01140209;GM0114;BU01140209;GM0114;BU01140209;GM0114;False;False
48.0;50.0;800.0;135331.0219;538959.9013;Nederland;n.a.;n.a.;Hollands Kroon;Noord-Holland;land;52.83748994884411;5.095317615479297;BU19110790;GM1911;BU19110790;GM1911;BU19110790;GM1911;False;False
131.0;84.0;3600.0;262546.599915;539133.130912;Nederland;n.a.;SWT-DD-4.2-130;Emmen;Drenthe;land;52.82872378949187;6.982970695634767;BU01140209;GM0114;BU01140209;GM0114;BU01140209;GM0114;False;False
54.0;73.0;800.0;117334.5094;539173.1304;Nederland;n.a.;n.a.;Hollands Kroon;Noord-Holland;land;52.83845380352465;4.828233450777239;BU19110191;GM1911;BU19110191;GM1911;BU19110191;GM1911;False;False
52.0;50.0;900.0;132289.3926;539194.3376;Nederland;n.a.;n.a.;Hollands Kroon;Noord-Holland;land;52.839477746369774;5.050164183727402;BU19110790;GM1911;BU19110790;GM1911;BU19110790;GM1911;False;False
117.0;118.0;3600.0;122641.189923;539207.33946;Nederland;n.a.;n.a.;Hollands Kroon;Noord-Holland;land;52.83910420401005;4.906980692469903;BU19110990;GM1911;BU19110990;GM1911;BU19110990;GM1911;False;False
48.0;50.0;800.0;133341.909258;539215.389968;Nederland;n.a.;n.a.;Hollands Kroon;Noord-Holland;land;52.83971002940803;5.065782663088246;BU19110790;GM1911;BU19110790;GM1911;BU19110790;GM1911;False;False
54.0;73.0;800.0;117492.5091;539266.0302;Nederland;n.a.;n.a.;Hollands Kroon;Noord-Holland;land;52.839299584583;4.830567507105661;BU19110191;GM1911;BU19110191;GM1911;BU19110191;GM1911;False;False
131.0;84.0;3600.0;262995.30768;539269.340872;Nederland;n.a.;SWT-DD-4.2-130;Emmen;Drenthe;land;52.82985818736878;6.989670908099834;BU01140209;GM0114;BU01140209;GM0114;BU01140209;GM0114;False;False
48.0;50.0;800.0;131803.7763;539327.3716;Nederland;n.a.;n.a.;Hollands Kroon;Noord-Holland;land;52.840652673268984;5.042948002828769;BU19110790;GM1911;BU19110790;GM1911;BU19110790;GM1911;False;False
54.0;73.0;800.0;117651.0488;539358.8699;Nederland;n.a.;n.a.;Hollands Kroon;Noord-Holland;land;52.84014481705267;4.832909674457465;BU19110191;GM1911;BU19110191;GM1911;BU19110191;GM1911;False;False
52.0;49.0;850.0;125446.1714;539383.3913;Nederland;n.a.;n.a.;Hollands Kroon;Noord-Holland;land;52.84084655616706;4.948591315651821;BU19110990;GM1911;BU19110990;GM1911;BU19110990;GM1911;False;False
54.0;73.0;800.0;117808.5685;539451.4297;Nederland;n.a.;n.a.;Hollands Kroon;Noord-Holland;land;52.84098741817674;4.835236826745816;BU19110191;GM1911;BU19110191;GM1911;BU19110191;GM1911;False;False
54.0;73.0;800.0;117966.8894;539543.7957;Nederland;n.a.;n.a.;Hollands Kroon;Noord-Holland;land;52.841828287070584;4.837575981259383;BU19110191;GM1911;BU19110191;GM1911;BU19110191;GM1911;False;False
117.0;118.0;3600.0;122716.665461;539582.96708;Nederland;n.a.;n.a.;Hollands Kroon;Noord-Holland;land;52.84248421127854;4.908063789722558;BU19110990;GM1911;BU19110990;GM1911;BU19110990;GM1911;False;False
54.0;73.0;800.0;118125.0879;539637.2792;Nederland;n.a.;n.a.;Hollands Kroon;Noord-Holland;land;52.842679143785766;4.839913283627244;BU19110191;GM1911;BU19110191;GM1911;BU19110191;GM1911;False;False
13.0;15.0;15.0;191933.523783;539686.410621;Nederland;n.a.;EAZ wind;Weststellingwerf;Fryslân;land;52.84311512757959;5.935374284039895;BU00980501;GM0098;BU00980501;GM0098;BU00980501;GM0098;False;False
54.0;73.0;800.0;118286.1676;539732.039;Nederland;n.a.;n.a.;Hollands Kroon;Noord-Holland;land;52.843541619047805;4.842293295552076;BU19110191;GM1911;BU19110191;GM1911;BU19110191;GM1911;False;False
54.0;73.0;800.0;118439.3673;539821.6288;Nederland;n.a.;n.a.;Hollands Kroon;Noord-Holland;land;52.84435705609133;4.844557024364357;BU19110191;GM1911;BU19110191;GM1911;BU19110191;GM1911;False;False
117.0;118.0;3600.0;122787.761182;539960.166044;Nederland;n.a.;n.a.;Hollands Kroon;Noord-Holland;land;52.84587806546842;4.909081890881916;BU19110990;GM1911;BU19110990;GM1911;BU19110990;GM1911;False;False
16.0;20.0;25.0;166016.751801;539964.824521;Nederland;n.a.;SWP25 16TG20;De Fryske Marren;Fryslân;land;52.84676521512834;5.550729621285035;BU19403101;GM1940;BU19403101;GM1940;BU19403101;GM1940;False;False
13.0;15.0;15.0;192397.180544;539981.426973;Nederland;n.a.;EAZ wind;Weststellingwerf;Fryslân;land;52.84573437183899;5.942289242638461;BU00980501;GM0098;BU00980501;GM0098;BU00980501;GM0098;False;False
13.0;15.0;15.0;192377.813005;540013.018286;Nederland;n.a.;EAZ wind;Weststellingwerf;Fryslân;land;52.84601959553617;5.942005388807355;BU00980501;GM0098;BU00980501;GM0098;BU00980501;GM0098;False;False
13.0;15.0;15.0;236712.940613;540027.836182;Nederland;n.a.;EAZ wind;Midden-Drenthe;Drenthe;land;52.84127623379477;6.599972380896196;BU17310909;GM1731;BU17310909;GM1731;BU17310909;GM1731;False;False
48.0;50.0;800.0;127589.734223;540059.604689;Nederland;n.a.;n.a.;Hollands Kroon;Noord-Holland;land;52.84703596336417;4.980347077163551;BU19110990;GM1911;BU19110990;GM1911;BU19110990;GM1911;False;False
33.4;40.0;300.0;120465.7912;540073.4545;Nederland;n.a.;n.a.;Hollands Kroon;Noord-Holland;land;52.84675302579672;4.874606389645341;BU19110191;GM1911;BU19110191;GM1911;BU19110191;GM1911;False;False
48.0;65.0;800.0;112170.6642;540126.5411;Nederland;n.a.;n.a.;Schagen;Noord-Holland;land;52.8466375818266;4.7514794446059705;BU04411391;GM0441;BU04411391;GM0441;BU04411391;GM0441;False;False
14.0;15.0;10.0;166825.659952;540187.019587;Nederland;n.a.;BW10;De Fryske Marren;Fryslân;land;52.848744892220935;5.562744355098347;BU19402601;GM1940;BU19402601;GM1940;BU19402601;GM1940;False;False
16.0;15.0;25.0;181032.310272;540285.5314;Nederland;n.a.;LWT25;De Fryske Marren;Fryslân;land;52.849133130410074;5.773630115771334;BU19400401;GM1940;BU19400401;GM1940;BU19400401;GM1940;False;False
117.0;118.0;3600.0;122857.70557;540335.234093;Nederland;n.a.;n.a.;Hollands Kroon;Noord-Holland;land;52.84925269168929;4.910083268755069;BU19110990;GM1911;BU19110990;GM1911;BU19110990;GM1911;False;False
16.0;20.0;80.0;181454.145153;540343.051802;Nederland;n.a.;BW80;De Fryske Marren;Fryslân;land;52.84962957223042;5.7798963436153254;BU19400401;GM1940;BU19400401;GM1940;BU19400401;GM1940;False;False
13.0;15.0;15.0;197909.0;540512.0;Nederland;n.a.;EAZ wind;Weststellingwerf;Fryslân;land;52.85009326800081;6.0241656264341765;BU00980602;GM0098;BU00980602;GM0098;BU00980602;GM0098;False;False
16.0;20.0;80.0;167939.63138;540670.003208;Nederland;n.a.;BW80;De Fryske Marren;Fryslân;land;52.853059718988256;5.579298973575693;BU19402601;GM1940;BU19402601;GM1940;BU19402601;GM1940;False;False
117.0;118.0;3600.0;122931.390973;540712.264956;Nederland;n.a.;n.a.;Hollands Kroon;Noord-Holland;land;52.85264516638911;4.9111401425469;BU19110990;GM1911;BU19110990;GM1911;BU19110990;GM1911;False;False
117.0;118.0;3600.0;132955.269555;541096.373398;Nederland;n.a.;n.a.;Hollands Kroon;Noord-Holland;land;52.856597748329975;5.059918260701032;BU19110790;GM1911;BU19110790;GM1911;BU19110790;GM1911;False;False
14.0;15.0;10.0;178196.53246;541121.421485;Nederland;n.a.;BW10;De Fryske Marren;Fryslân;land;52.85677376601492;5.731595767261006;BU19402801;GM1940;BU19402801;GM1940;BU19402801;GM1940;False;False
16.0;20.0;80.0;157109.555416;541174.83522;Nederland;n.a.;BW80;Súdwest-Fryslân;Fryslân;land;52.85774717651547;5.4185264809162215;BU19000401;GM1900;BU19000401;GM1900;BU19000401;GM1900;False;False
52.2;50.0;900.0;112934.6478;541207.9258;Nederland;n.a.;n.a.;Hollands Kroon;Noord-Holland;land;52.85641489393392;4.762680017870907;BU19110190;GM1911;BU19110190;GM1911;BU19110190;GM1911;False;False
48.0;50.0;800.0;128755.756936;541339.16897;Nederland;n.a.;n.a.;Hollands Kroon;Noord-Holland;land;52.858592345448216;4.997551879544864;BU19110990;GM1911;BU19110990;GM1911;BU19110990;GM1911;False;False
33.4;40.0;300.0;119003.2567;541400.0066;Nederland;n.a.;n.a.;Hollands Kroon;Noord-Holland;land;52.858578470730066;4.8527528430311495;BU19110191;GM1911;BU19110191;GM1911;BU19110191;GM1911;False;False
117.0;118.0;3600.0;123067.535837;541417.725624;Nederland;n.a.;n.a.;Hollands Kroon;Noord-Holland;land;52.858992673515786;4.913092443048713;BU19110990;GM1911;BU19110990;GM1911;BU19110990;GM1911;False;False
37.0;35.0;500.0;173719.8633;541418.3806;Nederland;n.a.;n.a.;De Fryske Marren;Fryslân;land;52.859615809011316;5.665150276469256;BU19402301;GM1940;BU19402301;GM1940;BU19402301;GM1940;False;False
52.2;50.0;900.0;112987.4578;541421.3483;Nederland;n.a.;n.a.;Hollands Kroon;Noord-Holland;land;52.85833682746839;4.763436657859753;BU19110190;GM1911;BU19110190;GM1911;BU19110190;GM1911;False;False
117.0;118.0;3600.0;132787.629149;541426.04487;Nederland;n.a.;n.a.;Hollands Kroon;Noord-Holland;land;52.859553456792085;5.057407077178246;BU19110790;GM1911;BU19110790;GM1911;BU19110790;GM1911;False;False
13.0;15.0;15.0;173404.952459;541434.803945;Nederland;n.a.;EAZ wind;De Fryske Marren;Fryslân;land;52.85977420344396;5.660475597349537;BU19402301;GM1940;BU19402301;GM1940;BU19402301;GM1940;False;False
16.0;18.0;25.0;235223.19928;541471.232788;Nederland;n.a.;n.a.;Midden-Drenthe;Drenthe;land;52.854467877274786;6.578219918180854;BU17310909;GM1731;BU17310909;GM1731;BU17310909;GM1731;False;False
16.0;20.0;45.0;157289.834829;541500.831369;Nederland;n.a.;BW45;Súdwest-Fryslân;Fryslân;land;52.86067600946;5.421205359029123;BU19000401;GM1900;BU19000401;GM1900;BU19000401;GM1900;False;False
52.2;50.0;900.0;113041.5104;541634.6533;Nederland;n.a.;n.a.;Hollands Kroon;Noord-Holland;land;52.86025779573778;4.764211828024536;BU19110190;GM1911;BU19110190;GM1911;BU19110190;GM1911;False;False
37.0;35.0;500.0;173796.563;541671.3594;Nederland;n.a.;n.a.;De Fryske Marren;Fryslân;land;52.8618865238248;5.66630359247571;BU19402301;GM1940;BU19402301;GM1940;BU19402301;GM1940;False;False
33.4;40.0;300.0;121901.0014;541683.965;Nederland;n.a.;n.a.;Hollands Kroon;Noord-Holland;land;52.86131510467042;4.895746161869651;BU19110191;GM1911;BU19110191;GM1911;BU19110191;GM1911;False;False
117.0;118.0;3600.0;132620.306345;541757.198071;Nederland;n.a.;n.a.;Hollands Kroon;Noord-Holland;land;52.862522437958965;5.054900169765414;BU19110790;GM1911;BU19110790;GM1911;BU19110790;GM1911;False;False
54.0;35.0;900.0;172159.1075;541760.723;Nederland;n.a.;n.a.;De Fryske Marren;Fryslân;land;52.862744015659764;5.641995052577498;BU19404501;GM1940;BU19404501;GM1940;BU19404501;GM1940;False;False
48.0;50.0;800.0;126157.4044;541768.8085;Nederland;n.a.;n.a.;Hollands Kroon;Noord-Holland;land;52.86232103718934;4.958936719864794;BU19110990;GM1911;BU19110990;GM1911;BU19110990;GM1911;False;False
117.0;118.0;3600.0;123476.883545;541822.457762;Nederland;n.a.;n.a.;Hollands Kroon;Noord-Holland;land;52.86265369416273;4.919131052719426;BU19110990;GM1911;BU19110990;GM1911;BU19110990;GM1911;False;False
52.2;50.0;900.0;113094.7916;541847.8459;Nederland;n.a.;n.a.;Hollands Kroon;Noord-Holland;land;52.86217768830417;4.7649756268769785;BU19110190;GM1911;BU19110190;GM1911;BU19110190;GM1911;False;False
48.0;50.0;800.0;131849.429874;541880.404282;Nederland;n.a.;n.a.;Hollands Kroon;Noord-Holland;land;52.86359720170228;5.043445263287944;BU19110790;GM1911;BU19110790;GM1911;BU19110790;GM1911;False;False
14.0;15.0;10.0;171706.469761;541939.416628;Nederland;n.a.;BW10;De Fryske Marren;Fryslân;land;52.864364006858246;5.63528319542499;BU19404501;GM1940;BU19404501;GM1940;BU19404501;GM1940;False;False
117.0;118.0;3600.0;123957.040666;541946.307239;Nederland;n.a.;n.a.;Hollands Kroon;Noord-Holland;land;52.86379438526938;4.926248770583961;BU19110990;GM1911;BU19110990;GM1911;BU19110990;GM1911;False;False
117.0;118.0;3600.0;127782.277945;542012.997402;Nederland;n.a.;n.a.;Hollands Kroon;Noord-Holland;land;52.864599527229515;4.983042782158603;BU19110990;GM1911;BU19110990;GM1911;BU19110990;GM1911;False;False
117.0;118.0;3600.0;124453.094207;542081.870193;Nederland;n.a.;n.a.;Hollands Kroon;Noord-Holland;land;52.86504081067382;4.933601812353794;BU19110990;GM1911;BU19110990;GM1911;BU19110990;GM1911;False;False
117.0;118.0;3600.0;132454.147716;542085.282049;Nederland;n.a.;n.a.;Hollands Kroon;Noord-Holland;land;52.86546383033283;5.052410420162661;BU19110790;GM1911;BU19110790;GM1911;BU19110790;GM1911;False;False
117.0;118.0;3600.0;127423.766811;542144.297144;Nederland;n.a.;n.a.;Hollands Kroon;Noord-Holland;land;52.86576128340394;4.97770823060023;BU19110990;GM1911;BU19110990;GM1911;BU19110990;GM1911;False;False
117.0;118.0;3600.0;124926.896561;542214.927592;Nederland;n.a.;n.a.;Hollands Kroon;Noord-Holland;land;52.866263031174185;4.94062508881235;BU19110990;GM1911;BU19110990;GM1911;BU19110990;GM1911;False;False
13.0;15.0;15.0;220737.445875;542225.763083;Nederland;n.a.;EAZ wind;Westerveld;Drenthe;land;52.86320107351103;6.3633456013999306;BU17010609;GM1701;BU17010609;GM1701;BU17010609;GM1701;False;False
117.0;118.0;3600.0;127067.901516;542276.589075;Nederland;n.a.;n.a.;Hollands Kroon;Noord-Holland;land;52.8669318540475;4.972412600681414;BU19110990;GM1911;BU19110990;GM1911;BU19110990;GM1911;False;False
16.0;20.0;80.0;173913.336995;542308.599559;Nederland;n.a.;BW80;De Fryske Marren;Fryslân;land;52.867608956650486;5.668074296367407;BU19402301;GM1940;BU19402301;GM1940;BU19402301;GM1940;False;False
117.0;118.0;3600.0;125398.810438;542343.708577;Nederland;n.a.;n.a.;Hollands Kroon;Noord-Holland;land;52.867446306065865;4.9476211002991635;BU19110990;GM1911;BU19110990;GM1911;BU19110990;GM1911;False;False
54.0;73.0;800.0;121057.9413;542359.2275;Nederland;n.a.;n.a.;Hollands Kroon;Noord-Holland;land;52.86733095938353;4.8831587466405955;BU19110191;GM1911;BU19110191;GM1911;BU19110191;GM1911;False;False
117.0;118.0;3600.0;126713.35914;542408.550276;Nederland;n.a.;n.a.;Hollands Kroon;Noord-Holland;land;52.8680992854464;4.967136361366801;BU19110990;GM1911;BU19110990;GM1911;BU19110990;GM1911;False;False
117.0;118.0;3600.0;132286.401477;542415.747326;Nederland;n.a.;n.a.;Hollands Kroon;Noord-Holland;land;52.86842650159154;5.049896593565322;BU19110790;GM1911;BU19110790;GM1911;BU19110790;GM1911;False;False
52.2;50.0;900.0;113247.2679;542466.7775;Nederland;n.a.;n.a.;Hollands Kroon;Noord-Holland;land;52.867751234760945;4.767160654451803;BU19110190;GM1911;BU19110190;GM1911;BU19110190;GM1911;False;False
14.0;15.0;10.0;169819.307711;542513.896166;Nederland;n.a.;n.a.;De Fryske Marren;Fryslân;land;52.869581546567154;5.607286657215521;BU19404501;GM1940;BU19404501;GM1940;BU19404501;GM1940;False;False
117.0;118.0;3600.0;126357.656062;542545.372678;Nederland;n.a.;n.a.;Hollands Kroon;Noord-Holland;land;52.86931010558413;4.96184218012862;BU19110990;GM1911;BU19110990;GM1911;BU19110990;GM1911;False;False
14.0;15.0;10.0;170278.414638;542616.26109;Nederland;n.a.;BW10;De Fryske Marren;Fryslân;land;52.8704886621896;5.614109550593321;BU19404501;GM1940;BU19404501;GM1940;BU19404501;GM1940;False;False
52.0;45.0;850.0;155859.8143;542618.7793;Nederland;n.a.;n.a.;Súdwest-Fryslân;Fryslân;land;52.87072663794255;5.399975552652305;BU19000402;GM1900;BU19000402;GM1900;BU19000402;GM1900;False;False
54.0;73.0;800.0;120398.1159;542675.9056;Nederland;n.a.;n.a.;Hollands Kroon;Noord-Holland;land;52.8701349113375;4.873327105150232;BU19110191;GM1911;BU19110191;GM1911;BU19110191;GM1911;False;False
52.0;45.0;850.0;155821.346459;542690.465643;Nederland;n.a.;n.a.;Súdwest-Fryslân;Fryslân;land;52.87137090640619;5.399404438104735;BU19000402;GM1900;BU19000402;GM1900;BU19000402;GM1900;False;False
14.0;15.0;10.0;159237.494392;542711.976978;Nederland;n.a.;BW10;De Fryske Marren;Fryslân;land;52.87154817568531;5.450139688032178;BU19400201;GM1940;BU19400201;GM1940;BU19400201;GM1940;False;False
48.0;50.0;800.0;130177.348312;542731.422679;Nederland;n.a.;n.a.;Hollands Kroon;Noord-Holland;land;52.87117066239743;5.018552652340905;BU19110990;GM1911;BU19110990;GM1911;BU19110990;GM1911;False;False
90.0;80.0;3000.0;132107.0365;542739.9612;Nederland;n.a.;n.a.;Hollands Kroon;Noord-Holland;land;52.871332448571096;5.047210308235433;BU19110790;GM1911;BU19110790;GM1911;BU19110790;GM1911;False;False
52.0;45.0;850.0;155783.1145;542762.5792;Nederland;n.a.;n.a.;Súdwest-Fryslân;Fryslân;land;52.87201901159958;5.398836809790673;BU19000402;GM1900;BU19000402;GM1900;BU19000402;GM1900;False;False
52.0;45.0;850.0;155745.05299;542834.498999;Nederland;n.a.;n.a.;Súdwest-Fryslân;Fryslân;land;52.87266537215805;5.398271696447572;BU19000402;GM1900;BU19000402;GM1900;BU19000402;GM1900;False;False
52.2;50.0;900.0;113339.4042;542841.8933;Nederland;n.a.;n.a.;Hollands Kroon;Noord-Holland;land;52.871129148968045;4.768481119958212;BU19110190;GM1911;BU19110190;GM1911;BU19110190;GM1911;False;False
52.2;50.0;900.0;128589.2799;542871.1536;Nederland;n.a.;n.a.;Hollands Kroon;Noord-Holland;land;52.87235116683689;4.994956706355743;BU19110990;GM1911;BU19110990;GM1911;BU19110990;GM1911;False;False
82.0;98.0;1800.0;273766.578776;542884.798564;Duitsland;n.a.;n.a.;n.a.;n.a.;land;52.860081564463385;7.150738382221914;n.a.;n.a.;n.a.;n.a.;n.a.;n.a.;False;False
52.0;45.0;850.0;155706.8148;542906.5792;Nederland;n.a.;n.a.;Súdwest-Fryslân;Fryslân;land;52.87331317159048;5.397703942355099;BU19000402;GM1900;BU19000402;GM1900;BU19000402;GM1900;False;False
13.0;15.0;15.0;178142.297947;542961.40271;Nederland;n.a.;EAZ wind;De Fryske Marren;Fryslân;land;52.87331083849447;5.7309206769424135;BU19401401;GM1940;BU19401401;GM1940;BU19401401;GM1940;False;False
13.0;15.0;15.0;191969.707831;542999.090979;Nederland;n.a.;EAZ wind;Weststellingwerf;Fryslân;land;52.87288100594301;5.936285264052938;BU00980202;GM0098;BU00980202;GM0098;BU00980202;GM0098;False;False
13.0;15.0;15.0;185781.01699;543021.818817;Nederland;n.a.;EAZ wind;De Fryske Marren;Fryslân;land;52.87347289420292;5.844375239407534;BU19400702;GM1940;BU19400702;GM1940;BU19400702;GM1940;False;False
52.0;40.0;850.0;156276.2469;543058.2049;Nederland;n.a.;n.a.;Súdwest-Fryslân;Fryslân;land;52.87467469713148;5.406161846522969;BU19000401;GM1900;BU19000401;GM1900;BU19000401;GM1900;False;False
82.0;98.0;1800.0;273463.270988;543065.31985;Duitsland;n.a.;n.a.;n.a.;n.a.;land;52.861769674845924;7.146301986512657;n.a.;n.a.;n.a.;n.a.;n.a.;n.a.;False;False
48.0;50.0;800.0;134797.3524;543068.6422;Nederland;n.a.;n.a.;Hollands Kroon;Noord-Holland;land;52.87439319761209;5.087144819906181;BU19110790;GM1911;BU19110790;GM1911;BU19110790;GM1911;False;False
52.0;40.0;850.0;156151.4399;543130.9942;Nederland;n.a.;n.a.;Súdwest-Fryslân;Fryslân;land;52.87532909903009;5.404308391347534;BU19000401;GM1900;BU19000401;GM1900;BU19000401;GM1900;False;False
90.0;80.0;3000.0;131897.4845;543150.7522;Nederland;n.a.;n.a.;Hollands Kroon;Noord-Holland;land;52.875015056452256;5.044069211500236;BU19110790;GM1911;BU19110790;GM1911;BU19110790;GM1911;False;False
13.0;15.0;15.0;202378.0;543191.0;Nederland;n.a.;EAZ wind;Weststellingwerf;Fryslân;land;52.873793884854564;6.090888399267387;BU00980802;GM0098;BU00980802;GM0098;BU00980802;GM0098;False;False
82.0;98.0;1800.0;273058.853419;543209.8846;Duitsland;n.a.;n.a.;n.a.;n.a.;land;52.86315669056936;7.140351495753649;n.a.;n.a.;n.a.;n.a.;n.a.;n.a.;False;False
44.0;40.0;600.0;117435.0689;543288.2781;Nederland;n.a.;n.a.;Hollands Kroon;Noord-Holland;land;52.87544021869654;4.829254012222375;BU19110190;GM1911;BU19110190;GM1911;BU19110190;GM1911;False;False
82.0;98.0;1800.0;273823.891187;543295.080612;Duitsland;n.a.;n.a.;n.a.;n.a.;land;52.863754561104386;7.151737860026023;n.a.;n.a.;n.a.;n.a.;n.a.;n.a.;False;False
52.0;40.0;850.0;156255.2133;543357.479;Nederland;n.a.;n.a.;Súdwest-Fryslân;Fryslân;land;52.877364165373194;5.405850600034443;BU19000401;GM1900;BU19000401;GM1900;BU19000401;GM1900;False;False
48.0;50.0;800.0;132486.7797;543359.7559;Nederland;n.a.;n.a.;Hollands Kroon;Noord-Holland;land;52.876918070491975;5.05280737876979;BU19110790;GM1911;BU19110790;GM1911;BU19110790;GM1911;False;False
82.0;98.0;1800.0;272770.283331;543360.248382;Duitsland;n.a.;n.a.;n.a.;n.a.;land;52.864570302333945;7.13612229916323;n.a.;n.a.;n.a.;n.a.;n.a.;n.a.;False;False
48.0;50.0;800.0;127130.782749;543362.068364;Nederland;n.a.;n.a.;Hollands Kroon;Noord-Holland;land;52.8766895299408;4.973253991919388;BU19110990;GM1911;BU19110990;GM1911;BU19110990;GM1911;False;False
52.2;50.0;900.0;113485.2088;543439.6569;Nederland;n.a.;n.a.;Hollands Kroon;Noord-Holland;land;52.8765118902309;4.770570630162482;BU19110190;GM1911;BU19110190;GM1911;BU19110190;GM1911;False;False
13.0;15.0;15.0;161237.0;543476.0;Nederland;n.a.;EAZ wind;Súdwest-Fryslân;Fryslân;land;52.87839464492504;5.479850062207124;BU19000408;GM1900;BU19000408;GM1900;BU19000408;GM1900;False;False
14.0;15.0;10.0;168930.764296;543481.387252;Nederland;n.a.;BW10;De Fryske Marren;Fryslân;land;52.878299464674704;5.594132259223111;BU19404501;GM1940;BU19404501;GM1940;BU19404501;GM1940;False;False
82.0;98.0;1800.0;272428.647217;543499.439251;Duitsland;n.a.;n.a.;n.a.;n.a.;land;52.86589491660129;7.131101104955999;n.a.;n.a.;n.a.;n.a.;n.a.;n.a.;False;False
117.0;118.0;3600.0;131726.318357;543517.105953;Nederland;n.a.;n.a.;Hollands Kroon;Noord-Holland;land;52.87829990214579;5.041500919668078;BU19110790;GM1911;BU19110790;GM1911;BU19110790;GM1911;False;False
82.0;98.0;1800.0;273411.69044;543521.558185;Duitsland;n.a.;n.a.;n.a.;n.a.;land;52.865879377576825;7.145701364491934;n.a.;n.a.;n.a.;n.a.;n.a.;n.a.;False;False
82.0;98.0;1800.0;273875.183548;543555.244981;Duitsland;n.a.;n.a.;n.a.;n.a.;land;52.866080358453104;7.152593644441746;n.a.;n.a.;n.a.;n.a.;n.a.;n.a.;False;False
13.0;15.0;15.0;157811.752411;543714.940868;Nederland;n.a.;EAZ wind;Súdwest-Fryslân;Fryslân;land;52.88057060005838;5.428973822587119;BU19000408;GM1900;BU19000408;GM1900;BU19000408;GM1900;False;False
82.0;98.0;1800.0;272942.172157;543717.367963;Duitsland;n.a.;n.a.;n.a.;n.a.;land;52.867740896255874;7.1388023716997555;n.a.;n.a.;n.a.;n.a.;n.a.;n.a.;False;False
29.0;40.0;225.0;119726.8189;543792.1921;Nederland;n.a.;n.a.;Hollands Kroon;Noord-Holland;land;52.88012271541017;4.863237679105926;BU19110190;GM1911;BU19110190;GM1911;BU19110190;GM1911;False;False
82.0;98.0;1800.0;272290.373638;543817.749443;Duitsland;n.a.;n.a.;n.a.;n.a.;land;52.868784321659966;7.129162588549487;n.a.;n.a.;n.a.;n.a.;n.a.;n.a.;False;False
117.0;118.0;3600.0;131561.581322;543852.245553;Nederland;n.a.;n.a.;Hollands Kroon;Noord-Holland;land;52.881304466805716;5.039029977401286;BU19110790;GM1911;BU19110790;GM1911;BU19110790;GM1911;False;False
82.0;98.0;1800.0;273435.919665;543864.148216;Duitsland;n.a.;n.a.;n.a.;n.a.;land;52.868951575180525;7.146184944749122;n.a.;n.a.;n.a.;n.a.;n.a.;n.a.;False;False
16.0;20.0;25.0;171115.876685;543874.127392;Nederland;n.a.;SWP25-16TG20;De Fryske Marren;Fryslân;land;52.881768048019005;5.626608780210771;BU19405101;GM1940;BU19405101;GM1940;BU19405101;GM1940;False;False
82.0;98.0;1800.0;273806.102345;543902.280659;Duitsland;n.a.;n.a.;n.a.;n.a.;land;52.86921295953641;7.151694128173382;n.a.;n.a.;n.a.;n.a.;n.a.;n.a.;False;False
13.0;15.0;15.0;201459.777033;543920.193504;Nederland;n.a.;EAZ wind;Weststellingwerf;Fryslân;land;52.88042602943842;6.0773549906190505;BU00980902;GM0098;BU00980902;GM0098;BU00980902;GM0098;False;False
16.0;20.0;25.0;163822.543695;543961.002132;Nederland;n.a.;SWP25-16TG20;De Fryske Marren;Fryslân;land;52.882717041973216;5.518268508762206;BU19401601;GM1940;BU19401601;GM1940;BU19401601;GM1940;False;False
82.0;98.0;1800.0;272072.832938;544019.92797;Duitsland;n.a.;n.a.;n.a.;n.a.;land;52.870647631157894;7.126005482653029;n.a.;n.a.;n.a.;n.a.;n.a.;n.a.;False;False
82.0;98.0;1800.0;273199.979436;544032.08818;Duitsland;n.a.;n.a.;n.a.;n.a.;land;52.870511785150846;7.142743042049442;n.a.;n.a.;n.a.;n.a.;n.a.;n.a.;False;False
48.0;50.0;800.0;132685.3819;544050.7911;Nederland;n.a.;n.a.;Hollands Kroon;Noord-Holland;land;52.883136173503395;5.05571015496553;BU19110790;GM1911;BU19110790;GM1911;BU19110790;GM1911;False;False
13.0;15.0;15.0;164055.777726;544061.183818;Nederland;n.a.;EAZ wind;De Fryske Marren;Fryslân;land;52.88361345845601;5.521736056697501;BU19401601;GM1940;BU19401601;GM1940;BU19401601;GM1940;False;False
82.0;98.0;1800.0;272509.260565;544062.340972;Duitsland;n.a.;n.a.;n.a.;n.a.;land;52.87093401426904;7.1324997646413335;n.a.;n.a.;n.a.;n.a.;n.a.;n.a.;False;False
13.0;15.0;15.0;185482.739785;544075.329102;Nederland;n.a.;EAZ wind;De Fryske Marren;Fryslân;land;52.88295688496691;5.840043440491129;BU19400702;GM1940;BU19400702;GM1940;BU19400702;GM1940;False;False
13.0;15.0;15.0;192496.0;544178.0;Nederland;n.a.;EAZ wind;Weststellingwerf;Fryslân;land;52.883438593440296;5.944236593903301;BU00980201;GM0098;BU00980201;GM0098;BU00980201;GM0098;False;False
82.0;98.0;1800.0;273855.402701;544192.085983;Duitsland;n.a.;n.a.;n.a.;n.a.;land;52.87180545525329;7.152531211328892;n.a.;n.a.;n.a.;n.a.;n.a.;n.a.;False;False
117.0;118.0;3600.0;131428.980988;544202.457088;Nederland;n.a.;n.a.;Hollands Kroon;Noord-Holland;land;52.884445819309576;5.0370350237798664;BU19110790;GM1911;BU19110790;GM1911;BU19110790;GM1911;False;False
82.0;98.0;1800.0;273433.839246;544204.594822;Duitsland;n.a.;n.a.;n.a.;n.a.;land;52.87201027404766;7.146277223880666;n.a.;n.a.;n.a.;n.a.;n.a.;n.a.;False;False
23.6;31.0;150.0;155585.2055;544216.949;Nederland;n.a.;n.a.;Súdwest-Fryslân;Fryslân;land;52.885088911978315;5.395900167454109;BU19000309;GM1900;BU19000309;GM1900;BU19000309;GM1900;False;False
82.0;98.0;1800.0;272782.725118;544222.704322;Duitsland;n.a.;n.a.;n.a.;n.a.;land;52.872315102471404;7.136617244350149;n.a.;n.a.;n.a.;n.a.;n.a.;n.a.;False;False
82.0;98.0;1800.0;272232.621896;544343.256848;Duitsland;n.a.;n.a.;n.a.;n.a.;land;52.87351752489187;7.128493454671284;n.a.;n.a.;n.a.;n.a.;n.a.;n.a.;False;False
82.0;98.0;1800.0;273225.850641;544379.036472;Duitsland;n.a.;n.a.;n.a.;n.a.;land;52.87362278344857;7.14325242035068;n.a.;n.a.;n.a.;n.a.;n.a.;n.a.;False;False
82.0;98.0;1800.0;273988.992354;544425.154983;Duitsland;n.a.;n.a.;n.a.;n.a.;land;52.873869747383715;7.154599195226759;n.a.;n.a.;n.a.;n.a.;n.a.;n.a.;False;False
82.0;98.0;1800.0;272002.691337;544442.579925;Duitsland;n.a.;n.a.;n.a.;n.a.;land;52.87445953407248;7.125115254286418;n.a.;n.a.;n.a.;n.a.;n.a.;n.a.;False;False
82.0;98.0;1800.0;272475.893443;544468.966928;Duitsland;n.a.;n.a.;n.a.;n.a.;land;52.87459401519882;7.132150337278504;n.a.;n.a.;n.a.;n.a.;n.a.;n.a.;False;False
82.0;98.0;1800.0;272815.871306;544485.211189;Duitsland;n.a.;n.a.;n.a.;n.a.;land;52.8746660007363;7.137203826482144;n.a.;n.a.;n.a.;n.a.;n.a.;n.a.;False;False
13.0;15.0;15.0;190518.163279;544492.175198;Nederland;n.a.;EAZ wind;Weststellingwerf;Fryslân;land;52.88639536686001;5.914889748278237;BU00980202;GM0098;BU00980202;GM0098;BU00980202;GM0098;False;False
82.0;98.0;1800.0;273711.99347;544513.39438;Duitsland;n.a.;n.a.;n.a.;n.a.;land;52.87472325945338;7.15051869860518;n.a.;n.a.;n.a.;n.a.;n.a.;n.a.;False;False
13.0;15.0;15.0;187408.310483;544551.835113;Nederland;n.a.;EAZ wind;De Fryske Marren;Fryslân;land;52.88712686067657;5.868695089414004;BU19400702;GM1940;BU19400702;GM1940;BU19400702;GM1940;False;False
117.0;118.0;3600.0;131337.796812;544552.785821;Nederland;n.a.;n.a.;Hollands Kroon;Noord-Holland;land;52.88759000165775;5.035655085205458;BU19110790;GM1911;BU19110790;GM1911;BU19110790;GM1911;False;False
82.0;98.0;1800.0;273229.815494;544586.723999;Duitsland;n.a.;n.a.;n.a.;n.a.;land;52.87548758104421;7.1433863078510615;n.a.;n.a.;n.a.;n.a.;n.a.;n.a.;False;False
82.0;98.0;1800.0;274181.865935;544610.989315;Duitsland;n.a.;n.a.;n.a.;n.a.;land;52.875496634913986;7.157530378304774;n.a.;n.a.;n.a.;n.a.;n.a.;n.a.;False;False
82.0;98.0;1800.0;272367.162236;544673.707512;Duitsland;n.a.;n.a.;n.a.;n.a.;land;52.876456818594306;7.1306094262588635;n.a.;n.a.;n.a.;n.a.;n.a.;n.a.;False;False
82.0;98.0;1800.0;273513.374599;544681.239662;Duitsland;n.a.;n.a.;n.a.;n.a.;land;52.87627456698901;7.147630594062762;n.a.;n.a.;n.a.;n.a.;n.a.;n.a.;False;False
82.0;98.0;1800.0;271973.343766;544704.477525;Duitsland;n.a.;n.a.;n.a.;n.a.;land;52.876818534480265;7.124773136485983;n.a.;n.a.;n.a.;n.a.;n.a.;n.a.;False;False
16.0;20.0;25.0;186329.325124;544716.923859;Nederland;n.a.;SWP25-16TG20;De Fryske Marren;Fryslân;land;52.8886739923173;5.852680988703533;BU19400702;GM1940;BU19400702;GM1940;BU19400702;GM1940;False;False
82.0;98.0;1800.0;273868.513279;544834.262773;Duitsland;n.a.;n.a.;n.a.;n.a.;land;52.87757124735304;7.152959075932884;n.a.;n.a.;n.a.;n.a.;n.a.;n.a.;False;False
82.0;98.0;1800.0;272110.9767;544889.566838;Duitsland;n.a.;n.a.;n.a.;n.a.;land;52.878451428020654;7.126882918321212;n.a.;n.a.;n.a.;n.a.;n.a.;n.a.;False;False
52.0;49.0;850.0;132244.252;544904.218;Nederland;n.a.;n.a.;Hollands Kroon;Noord-Holland;land;52.890786967351616;5.049097689579056;BU19110790;GM1911;BU19110790;GM1911;BU19110790;GM1911;False;False
117.0;118.0;3600.0;131267.231944;544919.627645;Nederland;n.a.;n.a.;Hollands Kroon;Noord-Holland;land;52.89088346173151;5.034580108589253;BU19110790;GM1911;BU19110790;GM1911;BU19110790;GM1911;False;False
82.0;98.0;1800.0;273585.455176;545032.156667;Duitsland;n.a.;n.a.;n.a.;n.a.;land;52.87941105922833;7.148827971815037;n.a.;n.a.;n.a.;n.a.;n.a.;n.a.;False;False
48.0;50.0;800.0;130861.873505;545048.499542;Nederland;n.a.;n.a.;Hollands Kroon;Noord-Holland;land;52.89202360635086;5.02854781789328;BU19110790;GM1911;BU19110790;GM1911;BU19110790;GM1911;False;False
117.0;118.0;3600.0;131227.345279;545286.390735;Nederland;n.a.;n.a.;Hollands Kroon;Noord-Holland;land;52.894177550894085;5.033960825241056;BU19110790;GM1911;BU19110790;GM1911;BU19110790;GM1911;False;False
14.0;15.0;10.0;163145.49584;545286.664421;Nederland;n.a.;BW10;De Fryske Marren;Fryslân;land;52.89464064185318;5.508243786227807;BU19402001;GM1940;BU19402001;GM1940;BU19402001;GM1940;False;False
13.0;15.0;15.0;201589.447902;545324.04838;Nederland;n.a.;EAZ wind;Weststellingwerf;Fryslân;land;52.8930297887351;6.079481087665434;BU00980902;GM0098;BU00980902;GM0098;BU00980902;GM0098;False;False
16.0;20.0;80.0;170590.759684;545574.002193;Nederland;n.a.;BW80;De Fryske Marren;Fryslân;land;52.897059171544264;5.61888928375347;BU19405101;GM1940;BU19405101;GM1940;BU19405101;GM1940;False;False
14.0;15.0;80.0;157190.957637;545654.254488;Nederland;n.a.;BW80;Súdwest-Fryslân;Fryslân;land;52.89800100681932;5.419765193890962;BU19000309;GM1900;BU19000309;GM1900;BU19000309;GM1900;False;False
117.0;118.0;3600.0;131225.586267;545669.401727;Nederland;n.a.;n.a.;Hollands Kroon;Noord-Holland;land;52.897619319221796;5.033906849326709;BU19110790;GM1911;BU19110790;GM1911;BU19110790;GM1911;False;False
115.0;135.0;3000.0;276477.389753;545723.430221;Duitsland;n.a.;n.a.;n.a.;n.a.;land;52.88497887794249;7.192024886711068;n.a.;n.a.;n.a.;n.a.;n.a.;n.a.;False;False
115.0;135.0;3000.0;276048.717338;545725.779459;Duitsland;n.a.;n.a.;n.a.;n.a.;land;52.88509610362971;7.1856598944903;n.a.;n.a.;n.a.;n.a.;n.a.;n.a.;False;False
18.0;34.0;80.0;186073.6953;545761.226;Nederland;n.a.;BW80;De Fryske Marren;Fryslân;land;52.89807304664255;5.848982371900597;BU19400702;GM1940;BU19400702;GM1940;BU19400702;GM1940;False;False
117.0;118.0;3600.0;131256.331802;546068.05421;Nederland;n.a.;n.a.;Hollands Kroon;Noord-Holland;land;52.90120307103199;5.034334790589902;BU19110790;GM1911;BU19110790;GM1911;BU19110790;GM1911;False;False
115.0;135.0;3000.0;276713.337386;546108.89168;Duitsland;n.a.;n.a.;n.a.;n.a.;land;52.88838834830361;7.19567216754648;n.a.;n.a.;n.a.;n.a.;n.a.;n.a.;False;False
16.0;20.0;80.0;163734.119575;546133.216637;Nederland;n.a.;BW80;De Fryske Marren;Fryslân;land;52.902238895777096;5.517013032783418;BU19402901;GM1940;BU19402901;GM1940;BU19402901;GM1940;False;False
13.0;15.0;15.0;234590.477721;546159.001966;Nederland;n.a.;EAZ wind;Midden-Drenthe;Drenthe;land;52.896680497861496;6.569968411829932;BU17311409;GM1731;BU17311409;GM1731;BU17311409;GM1731;False;False
131.0;145.0;3900.0;259587.602553;546187.409425;Nederland;n.a.;n.a.;Borger-Odoorn;Drenthe;land;52.89267757508179;6.94133377754354;BU16818009;GM1681;BU16818009;GM1681;BU16818009;GM1681;False;False
115.0;135.0;3000.0;276267.115446;546190.844708;Duitsland;n.a.;n.a.;n.a.;n.a.;land;52.88922477205177;7.1890755723679005;n.a.;n.a.;n.a.;n.a.;n.a.;n.a.;False;False
115.0;135.0;3000.0;275790.849727;546205.831882;Duitsland;n.a.;n.a.;n.a.;n.a.;land;52.88946600119953;7.182007779872835;n.a.;n.a.;n.a.;n.a.;n.a.;n.a.;False;False
16.0;20.0;45.0;155978.021824;546270.123354;Nederland;n.a.;BW45;Súdwest-Fryslân;Fryslân;land;52.90353903798016;5.401742130614153;BU19000309;GM1900;BU19000309;GM1900;BU19000309;GM1900;False;False
12.0;15.0;10.0;164147.094542;546286.952699;Nederland;n.a.;EAZ wind;De Fryske Marren;Fryslân;land;52.90361358804503;5.523154968681446;BU19402901;GM1940;BU19402901;GM1940;BU19402901;GM1940;False;False
115.0;135.0;3000.0;277110.967932;546297.933191;Duitsland;n.a.;n.a.;n.a.;n.a.;land;52.889996816346574;7.201648054407921;n.a.;n.a.;n.a.;n.a.;n.a.;n.a.;False;False
117.0;118.0;3600.0;131344.3658;546476.893253;Nederland;n.a.;n.a.;Hollands Kroon;Noord-Holland;land;52.90488086644863;5.035613523915642;BU19110790;GM1911;BU19110790;GM1911;BU19110790;GM1911;False;False
14.0;15.0;10.0;174910.093562;546583.979693;Nederland;n.a.;BW10 MK2;De Fryske Marren;Fryslân;land;52.90599323126276;5.683136600518676;BU19404901;GM1940;BU19404901;GM1940;BU19404901;GM1940;False;False
52.0;44.0;850.0;157350.839895;546589.788374;Nederland;n.a.;n.a.;Súdwest-Fryslân;Fryslân;land;52.90640741922839;5.422147898244377;BU19000309;GM1900;BU19000309;GM1900;BU19000309;GM1900;False;False
115.0;135.0;3000.0;276125.679063;546613.216517;Duitsland;n.a.;n.a.;n.a.;n.a.;land;52.893050562902886;7.187131459410248;n.a.;n.a.;n.a.;n.a.;n.a.;n.a.;False;False
115.0;135.0;3000.0;276541.094295;546633.343668;Duitsland;n.a.;n.a.;n.a.;n.a.;land;52.89313813588036;7.193309052196476;n.a.;n.a.;n.a.;n.a.;n.a.;n.a.;False;False
13.0;15.0;15.0;158705.286192;546636.740344;Nederland;n.a.;EAZ wind;Súdwest-Fryslân;Fryslân;land;52.90682173065093;5.442280157789222;BU19000308;GM1900;BU19000308;GM1900;BU19000308;GM1900;False;False
131.0;145.0;3900.0;259994.707473;546637.293012;Nederland;n.a.;n.a.;Borger-Odoorn;Drenthe;land;52.896640291793034;6.947525501553936;BU16818009;GM1681;BU16818009;GM1681;BU16818009;GM1681;False;False
115.0;135.0;3000.0;276965.428364;546642.801689;Duitsland;n.a.;n.a.;n.a.;n.a.;land;52.8931275382154;7.199615157651521;n.a.;n.a.;n.a.;n.a.;n.a.;n.a.;False;False
117.0;118.0;3600.0;131435.01271;546892.960598;Nederland;n.a.;n.a.;Hollands Kroon;Noord-Holland;land;52.908623712857775;5.036930788971547;BU19110790;GM1911;BU19110790;GM1911;BU19110790;GM1911;False;False
117.0;149.0;2400.0;276367.536624;547076.012486;Duitsland;n.a.;n.a.;n.a.;n.a.;land;52.89715352665068;7.1908955378680055;n.a.;n.a.;n.a.;n.a.;n.a.;n.a.;False;False
131.0;145.0;3900.0;260391.865794;547078.508955;Nederland;n.a.;n.a.;Borger-Odoorn;Drenthe;land;52.90052675115899;6.953567779252135;BU16818009;GM1681;BU16818009;GM1681;BU16818009;GM1681;False;False
117.0;149.0;2400.0;277071.844961;547081.471059;Duitsland;n.a.;n.a.;n.a.;n.a.;land;52.89704398041755;7.201359530660887;n.a.;n.a.;n.a.;n.a.;n.a.;n.a.;False;False
13.0;15.0;15.0;173134.534414;547226.248754;Nederland;n.a.;EAZ wind;De Fryske Marren;Fryslân;land;52.91182739015217;5.656781847006138;BU19404901;GM1940;BU19404901;GM1940;BU19404901;GM1940;False;False
117.0;118.0;3600.0;131518.822;547309.296476;Nederland;n.a.;n.a.;Hollands Kroon;Noord-Holland;land;52.91236865772077;5.038146617366394;BU19110790;GM1911;BU19110790;GM1911;BU19110790;GM1911;False;False
14.0;15.0;10.0;200291.224541;547372.094925;Nederland;n.a.;BW10;Weststellingwerf;Fryslân;land;52.91154366765293;6.060475908641597;BU00981402;GM0098;BU00981402;GM0098;BU00981402;GM0098;False;False
117.0;149.0;2400.0;277551.390111;547417.989353;Duitsland;n.a.;n.a.;n.a.;n.a.;land;52.899958330919624;7.208608918479586;n.a.;n.a.;n.a.;n.a.;n.a.;n.a.;False;False
117.0;149.0;2400.0;276446.77752;547423.017765;Duitsland;n.a.;n.a.;n.a.;n.a.;land;52.90025280312403;7.192201524880068;n.a.;n.a.;n.a.;n.a.;n.a.;n.a.;False;False
131.0;145.0;3900.0;260858.844831;547593.479843;Nederland;n.a.;n.a.;Borger-Odoorn;Drenthe;land;52.90506181161408;6.960672435786519;BU16818009;GM1681;BU16818009;GM1681;BU16818009;GM1681;False;False
117.0;149.0;2400.0;277298.07245;547625.290788;Duitsland;n.a.;n.a.;n.a.;n.a.;land;52.9018778331883;7.2049234138483484;n.a.;n.a.;n.a.;n.a.;n.a.;n.a.;False;False
13.0;15.0;15.0;165539.989354;547635.270916;Nederland;n.a.;EAZ wind;De Fryske Marren;Fryslân;land;52.915704665722565;5.543900338735054;BU19401301;GM1940;BU19401301;GM1940;BU19401301;GM1940;False;False
117.0;149.0;2400.0;276205.656507;547653.122561;Duitsland;n.a.;n.a.;n.a.;n.a.;land;52.90237390515242;7.188704918936099;n.a.;n.a.;n.a.;n.a.;n.a.;n.a.;False;False
52.0;35.0;900.0;163687.3275;547664.7755;Nederland;n.a.;n.a.;De Fryske Marren;Fryslân;land;52.916002807337655;5.516358386225531;BU19402901;GM1940;BU19402901;GM1940;BU19402901;GM1940;False;False
117.0;149.0;2400.0;276937.633848;547704.663761;Duitsland;n.a.;n.a.;n.a.;n.a.;land;52.90267225226496;7.19959841259747;n.a.;n.a.;n.a.;n.a.;n.a.;n.a.;False;False
13.0;15.0;15.0;177274.727246;547711.71679;Nederland;n.a.;EAZ wind;De Fryske Marren;Fryslân;land;52.91603504009971;5.718359325962176;BU19404101;GM1940;BU19404101;GM1940;BU19404101;GM1940;False;False
13.0;15.0;15.0;165594.598798;547788.597433;Nederland;n.a.;EAZ wind;De Fryske Marren;Fryslân;land;52.91708144111772;5.54471717201758;BU19401301;GM1940;BU19401301;GM1940;BU19401301;GM1940;False;False
131.0;145.0;3900.0;261259.287443;548050.783414;Nederland;n.a.;n.a.;Borger-Odoorn;Drenthe;land;52.90909146599399;6.966771087290202;BU16818009;GM1681;BU16818009;GM1681;BU16818009;GM1681;False;False
16.0;20.0;80.0;173832.718861;548152.355393;Nederland;n.a.;BW80;De Fryske Marren;Fryslân;land;52.92012575134599;5.667213894590468;BU19404901;GM1940;BU19404901;GM1940;BU19404901;GM1940;False;False
117.0;149.0;2400.0;275703.965058;548334.972261;Duitsland;n.a.;n.a.;n.a.;n.a.;land;52.9086110955648;7.181503596017806;n.a.;n.a.;n.a.;n.a.;n.a.;n.a.;False;False
13.0;15.0;15.0;185689.778753;548487.013926;Nederland;n.a.;EAZ wind;De Fryske Marren;Fryslân;land;52.922589336476925;5.84353344699177;BU19403701;GM1940;BU19403701;GM1940;BU19403701;GM1940;False;False
131.0;145.0;3900.0;261643.4443;548487.8671;Nederland;n.a.;n.a.;Borger-Odoorn;Drenthe;land;52.91294236739048;6.972622240954064;BU16818009;GM1681;BU16818009;GM1681;BU16818009;GM1681;False;False
16.0;20.0;25.0;176596.462076;548693.523089;Nederland;n.a.;SWP25-16TG20;De Fryske Marren;Fryslân;land;52.924885343354234;5.708340851021131;BU19401801;GM1940;BU19401801;GM1940;BU19401801;GM1940;False;False
16.0;20.0;25.0;156728.886108;548757.673584;Nederland;n.a.;SWP25-16TG20;Súdwest-Fryslân;Fryslân;land;52.9258912001955;5.412915076198922;BU19000209;GM1900;BU19000209;GM1900;BU19000209;GM1900;False;False
13.0;15.0;15.0;159398.268321;548858.131187;Nederland;n.a.;EAZ wind;Súdwest-Fryslân;Fryslân;land;52.926778750948294;5.452610341971139;BU19000308;GM1900;BU19000308;GM1900;BU19000308;GM1900;False;False
131.0;145.0;3900.0;262078.205503;548957.91419;Nederland;n.a.;n.a.;Borger-Odoorn;Drenthe;land;52.917079074725514;6.979237332722617;BU16818009;GM1681;BU16818009;GM1681;BU16818009;GM1681;False;False
117.0;149.0;2400.0;274358.221564;549061.734226;Duitsland;n.a.;n.a.;n.a.;n.a.;land;52.9154384041395;7.161773604010804;n.a.;n.a.;n.a.;n.a.;n.a.;n.a.;False;False
15.6;31.4;75.0;192254.9039;549299.89;Nederland;n.a.;n.a.;Heerenveen;Fryslân;land;52.92948084008264;5.9412392392787385;BU00740109;GM0074;BU00740109;GM0074;BU00740109;GM0074;False;False
117.0;149.0;2400.0;274533.14831;549366.823674;Duitsland;n.a.;n.a.;n.a.;n.a.;land;52.91814030461909;7.1644848033446635;n.a.;n.a.;n.a.;n.a.;n.a.;n.a.;False;False
131.0;145.0;3900.0;262473.665121;549397.924147;Nederland;n.a.;n.a.;Borger-Odoorn;Drenthe;land;52.92095338687046;6.985259621909723;BU16818009;GM1681;BU16818009;GM1681;BU16818009;GM1681;False;False
15.6;31.4;75.0;192131.1455;549728.2793;Nederland;n.a.;n.a.;Heerenveen;Fryslân;land;52.933338868012314;5.939447618986181;BU00740109;GM0074;BU00740109;GM0074;BU00740109;GM0074;False;False
131.0;145.0;3900.0;262871.428241;549832.464631;Nederland;n.a.;n.a.;Borger-Odoorn;Drenthe;land;52.92477779252997;6.991315415359918;BU16818009;GM1681;BU16818009;GM1681;BU16818009;GM1681;False;False
44.0;50.0;600.0;131819.0107;549905.0612;Nederland;n.a.;n.a.;Hollands Kroon;Noord-Holland;land;52.93570772260044;5.042424765842965;BU19110690;GM1911;BU19110690;GM1911;BU19110690;GM1911;False;False
52.0;44.0;850.0;160940.5308;549970.0318;Nederland;n.a.;n.a.;Súdwest-Fryslân;Fryslân;land;52.93675585631325;5.475564633736566;BU19000301;GM1900;BU19000301;GM1900;BU19000301;GM1900;False;False
52.0;85.0;900.0;157287.7652;550377.7904;Nederland;n.a.;n.a.;Súdwest-Fryslân;Fryslân;land;52.940448009451714;5.421237066434734;BU19000209;GM1900;BU19000209;GM1900;BU19000209;GM1900;False;False
13.0;15.0;15.0;230507.667226;550439.302931;Nederland;n.a.;EAZ wind;Midden-Drenthe;Drenthe;land;52.93572458619661;6.51029666147796;BU17310209;GM1731;BU17310209;GM1731;BU17310209;GM1731;False;False
16.0;15.0;25.0;160053.320963;550531.295518;Nederland;n.a.;Logic 25 kW;Súdwest-Fryslân;Fryslân;land;52.94180859380654;5.462377190319004;BU19000208;GM1900;BU19000208;GM1900;BU19000208;GM1900;False;False
131.0;145.0;3900.0;258455.2749;550666.7148;Nederland;n.a.;n.a.;Borger-Odoorn;Drenthe;land;52.93313634819966;6.925932494116991;BU16817909;GM1681;BU16817909;GM1681;BU16817909;GM1681;False;False
13.0;15.0;15.0;157752.587509;550706.964214;Nederland;n.a.;EAZ wind;Súdwest-Fryslân;Fryslân;land;52.94340388579859;5.428154106630588;BU19000308;GM1900;BU19000308;GM1900;BU19000308;GM1900;False;False
13.0;15.0;15.0;157779.858469;550716.641007;Nederland;n.a.;EAZ wind;Súdwest-Fryslân;Fryslân;land;52.9434907041218;5.428559874189307;BU19000308;GM1900;BU19000308;GM1900;BU19000308;GM1900;False;False
18.0;40.0;80.0;114309.146;550763.9119;Nederland;n.a.;n.a.;Den Helder;Noord-Holland;land;52.94239009144946;4.781896257164788;BU04000504;GM0400;BU04000504;GM0400;BU04000504;GM0400;False;False
16.0;20.0;45.0;162446.149071;550841.303788;Nederland;n.a.;BW45;Súdwest-Fryslân;Fryslân;land;52.944566668998284;5.49797876370073;BU19000301;GM1900;BU19000301;GM1900;BU19000301;GM1900;False;False
47.0;40.0;660.0;114616.0556;550845.3364;Nederland;n.a.;n.a.;Den Helder;Noord-Holland;land;52.943144801844504;4.7864514696994265;BU04000504;GM0400;BU04000504;GM0400;BU04000504;GM0400;False;False
131.0;145.0;3900.0;258939.2907;551006.3174;Nederland;n.a.;n.a.;Borger-Odoorn;Drenthe;land;52.936094275869706;6.933237098473742;BU16817909;GM1681;BU16817909;GM1681;BU16817909;GM1681;False;False
52.0;85.0;850.0;159073.0066;551022.8768;Nederland;n.a.;n.a.;Súdwest-Fryslân;Fryslân;land;52.946234394719816;5.44780067897154;BU19000208;GM1900;BU19000208;GM1900;BU19000208;GM1900;False;False
44.0;45.0;600.0;114759.7452;551129.6112;Nederland;n.a.;n.a.;Den Helder;Noord-Holland;land;52.945709992695704;4.7885538272107535;BU04000107;GM0400;BU04000107;GM0400;BU04000107;GM0400;False;False
16.0;20.0;45.0;169949.429804;551201.333922;Nederland;n.a.;BW45;Súdwest-Fryslân;Fryslân;land;52.94764619358616;5.609616880046048;BU19001201;GM1900;BU19001201;GM1900;BU19001201;GM1900;False;False
54.0;60.0;900.0;114828.6451;551222.4111;Nederland;n.a.;n.a.;Den Helder;Noord-Holland;land;52.94654901303562;4.789567365111882;BU04000107;GM0400;BU04000107;GM0400;BU04000107;GM0400;False;False
71.0;90.0;1500.0;277027.164019;551307.002818;Duitsland;n.a.;n.a.;n.a.;n.a.;land;52.93501074210976;7.202274654108067;n.a.;n.a.;n.a.;n.a.;n.a.;n.a.;False;False
14.0;15.0;10.0;158369.254368;551317.298565;Nederland;n.a.;BW10;Súdwest-Fryslân;Fryslân;land;52.94888501952101;5.4373340004768975;BU19000208;GM1900;BU19000208;GM1900;BU19000208;GM1900;False;False
131.0;145.0;3900.0;259445.289155;551351.862193;Nederland;n.a.;n.a.;Borger-Odoorn;Drenthe;land;52.93910088089264;6.940871479146382;BU16817909;GM1681;BU16817909;GM1681;BU16817909;GM1681;False;False
29.0;40.0;225.0;112468.6236;551430.1718;Nederland;n.a.;n.a.;Den Helder;Noord-Holland;land;52.94823518548368;4.7544316576350365;BU04000400;GM0400;BU04000400;GM0400;BU04000400;GM0400;False;False
131.0;145.0;3900.0;257850.415916;551431.433055;Nederland;n.a.;n.a.;Borger-Odoorn;Drenthe;land;52.94012189409642;6.91718041525799;BU16819709;GM1681;BU16819709;GM1681;BU16819709;GM1681;False;False
52.0;85.0;850.0;159619.005;551538.8766;Nederland;n.a.;n.a.;Súdwest-Fryslân;Fryslân;land;52.95086690780837;5.455930830619629;BU19000208;GM1900;BU19000208;GM1900;BU19000208;GM1900;False;False
71.0;90.0;1500.0;276725.526793;551575.466241;Duitsland;n.a.;n.a.;n.a.;n.a.;land;52.93749033638836;7.197890342087788;n.a.;n.a.;n.a.;n.a.;n.a.;n.a.;False;False
71.0;90.0;1500.0;277075.287229;551607.242431;Duitsland;n.a.;n.a.;n.a.;n.a.;land;52.937696809168926;7.203102451821289;n.a.;n.a.;n.a.;n.a.;n.a.;n.a.;False;False
131.0;145.0;3900.0;259940.130157;551695.897759;Nederland;n.a.;n.a.;Borger-Odoorn;Drenthe;land;52.94209560222121;6.948340499827055;BU16817909;GM1681;BU16817909;GM1681;BU16817909;GM1681;False;False
131.0;145.0;3900.0;258399.0231;551797.9623;Nederland;n.a.;n.a.;Borger-Odoorn;Drenthe;land;52.943309880738354;6.925454719754657;BU16819709;GM1681;BU16819709;GM1681;BU16819709;GM1681;False;False
16.0;20.0;80.0;163431.694539;551834.521715;Nederland;n.a.;BW80;Súdwest-Fryslân;Fryslân;land;52.95347747880702;5.512665872805078;BU19000301;GM1900;BU19000301;GM1900;BU19000301;GM1900;False;False
33.4;40.0;300.0;173022.9626;551945.8779;Nederland;n.a.;n.a.;Súdwest-Fryslân;Fryslân;land;52.95424288263946;5.655384162935224;BU19001204;GM1900;BU19001204;GM1900;BU19001204;GM1900;False;False
71.0;90.0;1500.0;276624.519461;551957.82609;Duitsland;n.a.;n.a.;n.a.;n.a.;land;52.94094770572864;7.196531134064114;n.a.;n.a.;n.a.;n.a.;n.a.;n.a.;False;False
71.0;90.0;1500.0;277212.050571;552010.27487;Duitsland;n.a.;n.a.;n.a.;n.a.;land;52.94128616051452;7.205286852875425;n.a.;n.a.;n.a.;n.a.;n.a.;n.a.;False;False
131.0;145.0;3900.0;260431.002085;552037.151463;Nederland;n.a.;n.a.;Borger-Odoorn;Drenthe;land;52.94506563385532;6.9557506156642575;BU16817909;GM1681;BU16817909;GM1681;BU16817909;GM1681;False;False
16.0;20.0;45.0;162552.679633;552077.303036;Nederland;n.a.;BW45;Súdwest-Fryslân;Fryslân;land;52.955672209324305;5.499592234009185;BU19000301;GM1900;BU19000301;GM1900;BU19000301;GM1900;False;False
131.0;145.0;3900.0;258902.094903;552154.87871;Nederland;n.a.;n.a.;Borger-Odoorn;Drenthe;land;52.94641969568088;6.933049933721451;BU16819709;GM1681;BU16819709;GM1681;BU16819709;GM1681;False;False
131.0;145.0;3900.0;260912.338725;552372.612149;Nederland;n.a.;n.a.;Borger-Odoorn;Drenthe;land;52.94798502802057;6.9630180376929385;BU16817909;GM1681;BU16817909;GM1681;BU16817909;GM1681;False;False
54.5;42.0;950.0;160228.0032;552406.8763;Nederland;n.a.;n.a.;Súdwest-Fryslân;Fryslân;land;52.95866141544474;5.465005817254719;BU19000301;GM1900;BU19000301;GM1900;BU19000301;GM1900;False;False
131.0;145.0;3900.0;259386.444681;552491.552623;Nederland;n.a.;n.a.;Borger-Odoorn;Drenthe;land;52.94935079154996;6.9403612819593485;BU16819709;GM1681;BU16819709;GM1681;BU16819709;GM1681;False;False
131.0;145.0;3900.0;261394.233774;552710.671502;Nederland;n.a.;n.a.;Borger-Odoorn;Drenthe;land;52.95092721000661;6.970295585932096;BU16817909;GM1681;BU16817909;GM1681;BU16817909;GM1681;False;False
13.0;15.0;15.0;263919.977403;552717.098915;Nederland;n.a.;EAZ wind;Stadskanaal;Groningen;land;52.95048115547342;7.007865115987546;BU00370202;GM0037;BU00370202;GM0037;BU00370202;GM0037;False;False
52.0;85.0;850.0;157540.0118;552722.8765;Nederland;n.a.;n.a.;Súdwest-Fryslân;Fryslân;land;52.961520477165216;5.425007597673203;BU19000208;GM1900;BU19000208;GM1900;BU19000208;GM1900;False;False
131.0;145.0;3900.0;259908.7142;552845.119301;Nederland;n.a.;n.a.;Borger-Odoorn;Drenthe;land;52.9524258215695;6.948243087426611;BU16819709;GM1681;BU16819709;GM1681;BU16819709;GM1681;False;False
52.0;85.0;850.0;158547.1765;553055.209395;Nederland;n.a.;V52-850;Súdwest-Fryslân;Fryslân;land;52.96450120077877;5.440000086818642;BU19000208;GM1900;BU19000208;GM1900;BU19000208;GM1900;False;False
131.0;145.0;3900.0;260380.639437;553176.230859;Nederland;n.a.;n.a.;Borger-Odoorn;Drenthe;land;52.955308431944076;6.955369837684334;BU16819709;GM1681;BU16819709;GM1681;BU16819709;GM1681;False;False
14.0;15.0;10.0;161018.196554;553345.312941;Nederland;n.a.;BW10;Súdwest-Fryslân;Fryslân;land;52.96708618307176;5.476782247775505;BU19000301;GM1900;BU19000301;GM1900;BU19000301;GM1900;False;False
13.0;15.0;15.0;166942.527229;553427.294138;Nederland;n.a.;EAZ wind;Súdwest-Fryslân;Fryslân;land;52.96772414354165;5.564963521882175;BU19000607;GM1900;BU19000607;GM1900;BU19000607;GM1900;False;False
131.0;145.0;3900.0;260859.712341;553506.144122;Nederland;n.a.;n.a.;Borger-Odoorn;Drenthe;land;52.95817844316041;6.9626034718301515;BU16819709;GM1681;BU16819709;GM1681;BU16819709;GM1681;False;False
52.2;44.0;900.0;160625.4746;553530.5505;Nederland;n.a.;n.a.;Súdwest-Fryslân;Fryslân;land;52.96875501683609;5.470940130071279;BU19000301;GM1900;BU19000301;GM1900;BU19000301;GM1900;False;False
130.0;115.0;4300.0;147521.0;553797.0;Nederland;n.a.;n.a.;Súdwest-Fryslân;Fryslân;binnenwater;52.971127149385005;5.275877744973271;BU19009997;GM1900;BU19009997;GM1900;BU19009997;GM1900;False;False
130.0;115.0;4300.0;146795.0;553911.0;Nederland;n.a.;n.a.;Súdwest-Fryslân;Fryslân;binnenwater;52.97214103814959;5.265068009004793;BU19009997;GM1900;BU19009997;GM1900;BU19009997;GM1900;False;False
13.0;15.0;15.0;162267.406439;553934.709521;Nederland;n.a.;EAZ wind;Súdwest-Fryslân;Fryslân;land;52.972367222808224;5.495388806426776;BU19000809;GM1900;BU19000809;GM1900;BU19000809;GM1900;False;False
130.0;115.0;4300.0;146040.0;554042.0;Nederland;n.a.;n.a.;Súdwest-Fryslân;Fryslân;binnenwater;52.973306233928334;5.25382560441832;BU19009997;GM1900;BU19009997;GM1900;BU19009997;GM1900;False;False
48.0;60.0;750.0;189120.8288;554047.6571;Nederland;n.a.;n.a.;Heerenveen;Fryslân;land;52.97235140319918;5.895130077841273;BU00740110;GM0074;BU00740110;GM0074;BU00740110;GM0074;False;False
48.0;45.0;600.0;160400.358;554061.0453;Nederland;n.a.;n.a.;Súdwest-Fryslân;Fryslân;land;52.97352446595229;5.467598153491362;BU19000301;GM1900;BU19000301;GM1900;BU19000301;GM1900;False;False
130.0;115.0;4300.0;145316.0;554192.0;Nederland;n.a.;n.a.;Súdwest-Fryslân;Fryslân;binnenwater;52.97464166621278;5.24304352037879;BU19009997;GM1900;BU19009997;GM1900;BU19009997;GM1900;False;False
44.0;40.0;600.0;174221.9581;554233.8777;Nederland;n.a.;n.a.;Súdwest-Fryslân;Fryslân;land;52.97476180672015;5.673359825408718;BU19000608;GM1900;BU19000608;GM1900;BU19000608;GM1900;False;False
130.0;115.0;4300.0;148048.0;554249.0;Nederland;n.a.;n.a.;Súdwest-Fryslân;Fryslân;binnenwater;52.97519595545515;5.283712768093242;BU19009997;GM1900;BU19009997;GM1900;BU19009997;GM1900;False;False
130.0;115.0;4300.0;147318.0;554364.0;Nederland;n.a.;n.a.;Súdwest-Fryslân;Fryslân;binnenwater;52.97621948065744;5.272842631543548;BU19009997;GM1900;BU19009997;GM1900;BU19009997;GM1900;False;False
130.0;115.0;4300.0;144600.0;554366.0;Nederland;n.a.;n.a.;Súdwest-Fryslân;Fryslân;binnenwater;52.976191947805425;5.232379107499773;BU19009997;GM1900;BU19009997;GM1900;BU19009997;GM1900;False;False
52.0;41.0;850.0;157496.2946;554369.2694;Nederland;n.a.;n.a.;Súdwest-Fryslân;Fryslân;land;52.97631555278511;5.424369663861357;BU19000208;GM1900;BU19000208;GM1900;BU19000208;GM1900;False;False
54.5;44.0;950.0;161543.9804;554411.1603;Nederland;n.a.;n.a.;Súdwest-Fryslân;Fryslân;land;52.97665798610843;5.484629533738937;BU19000201;GM1900;BU19000201;GM1900;BU19000201;GM1900;False;False
130.0;115.0;4300.0;146564.0;554495.0;Nederland;n.a.;n.a.;Súdwest-Fryslân;Fryslân;binnenwater;52.9773854216221;5.261614269067808;BU19009997;GM1900;BU19009997;GM1900;BU19009997;GM1900;False;False
52.0;41.0;850.0;157534.3684;554517.8532;Nederland;n.a.;n.a.;Súdwest-Fryslân;Fryslân;land;52.97765057995829;5.424937641391623;BU19000208;GM1900;BU19000208;GM1900;BU19000208;GM1900;False;False
130.0;115.0;4300.0;145832.0;554642.0;Nederland;n.a.;n.a.;Súdwest-Fryslân;Fryslân;binnenwater;52.978694460244874;5.250712392920798;BU19009997;GM1900;BU19009997;GM1900;BU19009997;GM1900;False;False
16.0;20.0;45.0;170516.04857;554670.121627;Nederland;n.a.;BW45;Súdwest-Fryslân;Fryslân;land;52.97880137823126;5.618212023668829;BU19000607;GM1900;BU19000607;GM1900;BU19000607;GM1900;False;False
13.0;15.0;15.0;214051.62324;554677.529924;Nederland;n.a.;EAZ wind;Ooststellingwerf;Fryslân;land;52.97585745227945;6.266331514260184;BU00851118;GM0085;BU00851118;GM0085;BU00851118;GM0085;False;False
130.0;115.0;4300.0;148581.0;554711.0;Nederland;n.a.;n.a.;Súdwest-Fryslân;Fryslân;binnenwater;52.979354176678704;5.291638388069915;BU19009997;GM1900;BU19009997;GM1900;BU19009997;GM1900;False;False
16.0;20.0;45.0;161419.075257;554733.469312;Nederland;n.a.;BW45;Súdwest-Fryslân;Fryslân;land;52.97955582302377;5.482776389197333;BU19000201;GM1900;BU19000201;GM1900;BU19000201;GM1900;False;False
130.0;115.0;4300.0;145084.0;554814.0;Nederland;n.a.;n.a.;Súdwest-Fryslân;Fryslân;binnenwater;52.980226864747685;5.239570885536677;BU19009997;GM1900;BU19009997;GM1900;BU19009997;GM1900;False;False
130.0;115.0;4300.0;147847.0;554815.0;Nederland;n.a.;n.a.;Súdwest-Fryslân;Fryslân;binnenwater;52.98027952003872;5.280708085979027;BU19009997;GM1900;BU19009997;GM1900;BU19009997;GM1900;False;False
13.0;15.0;15.0;166107.729339;554845.734424;Nederland;n.a.;EAZ wind;Súdwest-Fryslân;Fryslân;land;52.98048836987009;5.552586574418896;BU19000802;GM1900;BU19000802;GM1900;BU19000802;GM1900;False;False
13.0;15.0;15.0;170319.766857;554885.441289;Nederland;n.a.;EAZ wind;Súdwest-Fryslân;Fryslân;land;52.980741888413625;5.615299914315817;BU19000607;GM1900;BU19000607;GM1900;BU19000607;GM1900;False;False
13.0;15.0;15.0;165157.941067;554913.805435;Nederland;n.a.;EAZ wind;Súdwest-Fryslân;Fryslân;land;52.981118814500455;5.5384476125503035;BU19000808;GM1900;BU19000808;GM1900;BU19000808;GM1900;False;False
130.0;115.0;4300.0;147093.0;554942.0;Nederland;n.a.;n.a.;Súdwest-Fryslân;Fryslân;binnenwater;52.981410253412804;5.269478983585793;BU19009997;GM1900;BU19009997;GM1900;BU19009997;GM1900;False;False
130.0;115.0;4300.0;144367.0;555000.0;Nederland;n.a.;n.a.;Súdwest-Fryslân;Fryslân;binnenwater;52.981884647727014;5.228889700665473;BU19009997;GM1900;BU19009997;GM1900;BU19009997;GM1900;False;False
130.0;115.0;4300.0;146356.0;555085.0;Nederland;n.a.;n.a.;Súdwest-Fryslân;Fryslân;binnenwater;52.98268398272538;5.258501994324964;BU19009997;GM1900;BU19009997;GM1900;BU19009997;GM1900;False;False
130.0;115.0;4300.0;149105.0;555188.0;Nederland;n.a.;n.a.;Súdwest-Fryslân;Fryslân;binnenwater;52.98364656228647;5.299431242861971;BU19009997;GM1900;BU19009997;GM1900;BU19009997;GM1900;False;False
18.0;34.0;80.0;185858.2;555243.0824;Nederland;n.a.;n.a.;De Fryske Marren;Fryslân;land;52.983290047167515;5.846677450313126;BU19405001;GM1940;BU19405001;GM1940;BU19405001;GM1940;False;False
54.5;44.0;950.0;160458.2493;555251.3594;Nederland;n.a.;n.a.;Súdwest-Fryslân;Fryslân;land;52.984220284048014;5.468479942568618;BU19000208;GM1900;BU19000208;GM1900;BU19000208;GM1900;False;False
130.0;115.0;4300.0;145584.0;555256.0;Nederland;n.a.;n.a.;Súdwest-Fryslân;Fryslân;binnenwater;52.9842077069091;5.247002409354525;BU19009997;GM1900;BU19009997;GM1900;BU19009997;GM1900;False;False
130.0;115.0;4300.0;148378.0;555294.0;Nederland;n.a.;n.a.;Súdwest-Fryslân;Fryslân;binnenwater;52.984590674989285;5.2886042183931306;BU19009997;GM1900;BU19009997;GM1900;BU19009997;GM1900;False;False
13.0;15.0;15.0;170260.34706;555295.900564;Nederland;n.a.;EAZ wind;Súdwest-Fryslân;Fryslân;land;52.98443201955827;5.614434490721602;BU19000607;GM1900;BU19000607;GM1900;BU19000607;GM1900;False;False
13.0;15.0;15.0;158657.7898;555301.016371;Nederland;n.a.;EAZ wind;Súdwest-Fryslân;Fryslân;land;52.9846817679879;5.441671679862231;BU19000208;GM1900;BU19000208;GM1900;BU19000208;GM1900;False;False
13.0;15.0;15.0;164507.738196;555360.151498;Nederland;n.a.;EAZ wind;Súdwest-Fryslân;Fryslân;land;52.985141627728254;5.528779863949799;BU19000808;GM1900;BU19000808;GM1900;BU19000808;GM1900;False;False
14.0;20.0;25.0;213334.430555;555388.070797;Nederland;n.a.;SWP25-14TG20;Ooststellingwerf;Fryslân;land;52.98231998139598;6.25578293199752;BU00850802;GM0085;BU00850802;GM0085;BU00850802;GM0085;False;False
130.0;115.0;4300.0;147632.0;555419.0;Nederland;n.a.;n.a.;Súdwest-Fryslân;Fryslân;binnenwater;52.98570428520771;5.2774933776934345;BU19009997;GM1900;BU19009997;GM1900;BU19009997;GM1900;False;False
130.0;115.0;4300.0;144829.0;555445.0;Nederland;n.a.;n.a.;Súdwest-Fryslân;Fryslân;binnenwater;52.985892395466905;5.235754596775616;BU19009997;GM1900;BU19009997;GM1900;BU19009997;GM1900;False;False
149.0;164.0;5700.0;277398.133792;555546.488831;Duitsland;n.a.;N149/5.X;n.a.;n.a.;land;52.97300826523664;7.209381913066588;n.a.;n.a.;n.a.;n.a.;n.a.;n.a.;False;False
126.0;159.0;4200.0;278119.931548;555547.332033;Duitsland;n.a.;n.a.;n.a.;n.a.;land;52.972851568902556;7.220122550347542;n.a.;n.a.;n.a.;n.a.;n.a.;n.a.;False;False
130.0;115.0;4300.0;146895.0;555560.0;Nederland;n.a.;n.a.;Súdwest-Fryslân;Fryslân;binnenwater;52.98696077617581;5.266515589339719;BU19009997;GM1900;BU19009997;GM1900;BU19009997;GM1900;False;False
101.0;149.0;3050.0;277002.051631;555614.866409;Duitsland;n.a.;n.a.;n.a.;n.a.;land;52.97371220214107;7.20351380822072;n.a.;n.a.;n.a.;n.a.;n.a.;n.a.;False;False
130.0;115.0;4300.0;144129.0;555640.0;Nederland;n.a.;n.a.;Súdwest-Fryslân;Fryslân;binnenwater;52.9876310521219;5.225324724961545;BU19009997;GM1900;BU19009997;GM1900;BU19009997;GM1900;False;False
16.0;20.0;80.0;186556.234158;555651.605065;Nederland;n.a.;BW80;De Fryske Marren;Fryslân;land;52.98692059807297;5.857110300579365;BU19405001;GM1940;BU19405001;GM1940;BU19405001;GM1940;False;False
149.0;164.0;5700.0;277754.106119;555653.663295;Duitsland;n.a.;N149/5.X;n.a.;n.a.;land;52.973890066162156;7.214719181900865;n.a.;n.a.;n.a.;n.a.;n.a.;n.a.;False;False
16.0;20.0;80.0;165055.224926;555664.873512;Nederland;n.a.;BW80;Súdwest-Fryslân;Fryslân;land;52.98786996629291;5.536941515537322;BU19000808;GM1900;BU19000808;GM1900;BU19000808;GM1900;False;False
130.0;115.0;4300.0;149608.0;555679.0;Nederland;n.a.;n.a.;Súdwest-Fryslân;Fryslân;binnenwater;52.98806403202755;5.306912686269876;BU19009997;GM1900;BU19009997;GM1900;BU19009997;GM1900;False;False
131.0;145.0;3900.0;254447.577497;555711.934598;Nederland;n.a.;n.a.;Borger-Odoorn;Drenthe;land;52.97921464598206;6.867883795444956;BU16818809;GM1681;BU16818809;GM1681;BU16818809;GM1681;False;False
130.0;115.0;4300.0;146108.0;555729.0;Nederland;n.a.;n.a.;Súdwest-Fryslân;Fryslân;binnenwater;52.988467049763464;5.254791837638555;BU19009997;GM1900;BU19009997;GM1900;BU19009997;GM1900;False;False
16.0;18.0;25.0;274967.521591;555736.587008;Nederland;n.a.;n.a.;Westerwolde;Groningen;land;52.975261928485345;7.173283875365018;BU19500308;GM1950;BU19500308;GM1950;BU19500308;GM1950;False;False
130.0;115.0;4300.0;148903.0;555796.0;Nederland;n.a.;n.a.;Súdwest-Fryslân;Fryslân;binnenwater;52.98910791748694;5.296412134810538;BU19009997;GM1900;BU19009997;GM1900;BU19009997;GM1900;False;False
16.0;20.0;25.0;159074.048686;555890.157626;Nederland;n.a.;SWP25-16TG20;Súdwest-Fryslân;Fryslân;land;52.98997290505059;5.447877232876497;BU19000208;GM1900;BU19000208;GM1900;BU19000208;GM1900;False;False
101.0;149.0;3050.0;277343.364814;555892.312715;Duitsland;n.a.;n.a.;n.a.;n.a.;land;52.976127059082295;7.208696896587181;n.a.;n.a.;n.a.;n.a.;n.a.;n.a.;False;False
130.0;115.0;4300.0;145321.0;555918.0;Nederland;n.a.;n.a.;Súdwest-Fryslân;Fryslân;binnenwater;52.990151895845955;5.243066681621414;BU19009997;GM1900;BU19009997;GM1900;BU19009997;GM1900;False;False
126.0;159.0;4200.0;277954.710714;555918.116191;Duitsland;n.a.;n.a.;n.a.;n.a.;land;52.976219817009664;7.2178041024595405;n.a.;n.a.;n.a.;n.a.;n.a.;n.a.;False;False
130.0;115.0;4300.0;148177.0;555926.0;Nederland;n.a.;n.a.;Súdwest-Fryslân;Fryslân;binnenwater;52.990267435491376;5.28559807626218;BU19009997;GM1900;BU19009997;GM1900;BU19009997;GM1900;False;False
13.0;15.0;15.0;166819.035595;555949.136682;Nederland;n.a.;EAZ wind;Súdwest-Fryslân;Fryslân;land;52.99038858081088;5.563217089050588;BU19000802;GM1900;BU19000802;GM1900;BU19000802;GM1900;False;False
13.0;15.0;15.0;218998.965718;556004.117229;Nederland;n.a.;EAZ wind;Ooststellingwerf;Fryslân;land;52.98721264634708;6.340236012568062;BU00850402;GM0085;BU00850402;GM0085;BU00850402;GM0085;False;False
126.0;159.0;4200.0;278440.078022;556055.333049;Duitsland;n.a.;n.a.;n.a.;n.a.;land;52.97734149185349;7.225078890740501;n.a.;n.a.;n.a.;n.a.;n.a.;n.a.;False;False
130.0;115.0;4300.0;147447.0;556067.0;Nederland;n.a.;n.a.;Súdwest-Fryslân;Fryslân;binnenwater;52.99152476663664;5.2747236177684425;BU19009997;GM1900;BU19009997;GM1900;BU19009997;GM1900;False;False
130.0;115.0;4300.0;144583.0;556113.0;Nederland;n.a.;n.a.;Súdwest-Fryslân;Fryslân;binnenwater;52.99189045575108;5.23207016265629;BU19009997;GM1900;BU19009997;GM1900;BU19009997;GM1900;False;False
131.0;145.0;3900.0;255559.867169;556115.379648;Nederland;n.a.;n.a.;Borger-Odoorn;Drenthe;land;52.98263280960124;6.884563932876265;BU16818809;GM1681;BU16818809;GM1681;BU16818809;GM1681;False;False
18.0;31.4;80.0;166882.2663;556158.8743;Nederland;n.a.;n.a.;Súdwest-Fryslân;Fryslân;land;52.99227192115438;5.564166391931936;BU19000808;GM1900;BU19000808;GM1900;BU19000808;GM1900;False;False
130.0;115.0;4300.0;150090.0;556186.0;Nederland;n.a.;n.a.;Súdwest-Fryslân;Fryslân;binnenwater;52.99262461629146;5.314082657949787;BU19009997;GM1900;BU19009997;GM1900;BU19009997;GM1900;False;False
149.0;164.0;5700.0;277570.378466;556189.535615;Duitsland;n.a.;N149/5.X;n.a.;n.a.;land;52.9787453193839;7.212187012632343;n.a.;n.a.;n.a.;n.a.;n.a.;n.a.;False;False
101.0;149.0;3050.0;277185.950514;556200.854174;Duitsland;n.a.;n.a.;n.a.;n.a.;land;52.97893422258696;7.206470205203348;n.a.;n.a.;n.a.;n.a.;n.a.;n.a.;False;False
130.0;115.0;4300.0;146654.0;556234.0;Nederland;n.a.;n.a.;Súdwest-Fryslân;Fryslân;binnenwater;52.99301377769287;5.262909613474388;BU19009997;GM1900;BU19009997;GM1900;BU19009997;GM1900;False;False
149.0;164.0;5700.0;277941.66143;556304.365397;Duitsland;n.a.;N149/5.X;n.a.;n.a.;land;52.979692263488005;7.217755788538079;n.a.;n.a.;n.a.;n.a.;n.a.;n.a.;False;False
130.0;115.0;4300.0;143906.0;556307.0;Nederland;n.a.;n.a.;Súdwest-Fryslân;Fryslân;binnenwater;52.99362027441655;5.221981283550238;BU19009997;GM1900;BU19009997;GM1900;BU19009997;GM1900;False;False
130.0;115.0;4300.0;149423.0;556320.0;Nederland;n.a.;n.a.;Súdwest-Fryslân;Fryslân;binnenwater;52.99382228826446;5.304146829136309;BU19009997;GM1900;BU19009997;GM1900;BU19009997;GM1900;False;False
131.0;145.0;3900.0;256170.446644;556340.199462;Nederland;n.a.;n.a.;Borger-Odoorn;Drenthe;land;52.98453830178252;6.893722460754919;BU16818809;GM1681;BU16818809;GM1681;BU16818809;GM1681;False;False
13.0;15.0;15.0;169556.273866;556415.325516;Nederland;n.a.;EAZ wind;Súdwest-Fryslân;Fryslân;land;52.99451079591484;5.604000979994412;BU19000607;GM1900;BU19000607;GM1900;BU19000607;GM1900;False;False
130.0;115.0;4300.0;145841.0;556417.0;Nederland;n.a.;n.a.;Súdwest-Fryslân;Fryslân;binnenwater;52.99464505978673;5.250796482628978;BU19009997;GM1900;BU19009997;GM1900;BU19009997;GM1900;False;False
149.0;164.0;5700.0;278289.978438;556445.988796;Duitsland;n.a.;N149/5.X;n.a.;n.a.;land;52.98088486968551;7.222993162061475;n.a.;n.a.;n.a.;n.a.;n.a.;n.a.;False;False
52.0;40.0;850.0;158436.116;556450.1823;Nederland;n.a.;n.a.;Súdwest-Fryslân;Fryslân;land;52.99500983847354;5.438383101313859;BU19001808;GM1900;BU19001808;GM1900;BU19001808;GM1900;False;False
33.4;40.0;300.0;171309.6641;556452.2659;Nederland;n.a.;n.a.;Súdwest-Fryslân;Fryslân;land;52.99479251076986;5.630116790442556;BU19000503;GM1900;BU19000503;GM1900;BU19000503;GM1900;False;False
130.0;115.0;4300.0;148726.0;556463.0;Nederland;n.a.;n.a.;Súdwest-Fryslân;Fryslân;binnenwater;52.99509966171312;5.293763470707551;BU19009997;GM1900;BU19009997;GM1900;BU19009997;GM1900;False;False
149.0;164.0;5700.0;277646.931655;556537.852622;Duitsland;n.a.;N149/5.X;n.a.;n.a.;land;52.981856666268115;7.213457522575651;n.a.;n.a.;n.a.;n.a.;n.a.;n.a.;False;False
131.0;145.0;3900.0;256755.156068;556554.369501;Nederland;n.a.;n.a.;Borger-Odoorn;Drenthe;land;52.98635229655262;6.902493340821073;BU16818809;GM1681;BU16818809;GM1681;BU16818809;GM1681;False;False
101.0;149.0;3050.0;277240.177107;556559.430798;Duitsland;n.a.;n.a.;n.a.;n.a.;land;52.982142850273355;7.207411877009641;n.a.;n.a.;n.a.;n.a.;n.a.;n.a.;False;False
130.0;115.0;4300.0;145067.0;556605.0;Nederland;n.a.;n.a.;Súdwest-Fryslân;Fryslân;binnenwater;52.996320763551985;5.239263161778288;BU19009997;GM1900;BU19009997;GM1900;BU19009997;GM1900;False;False
130.0;115.0;4300.0;148015.0;556612.0;Nederland;n.a.;n.a.;Súdwest-Fryslân;Fryslân;binnenwater;52.99642986877444;5.283170857078183;BU19009997;GM1900;BU19009997;GM1900;BU19009997;GM1900;False;False
13.0;13.0;10.0;172137.114779;556684.081263;Nederland;n.a.;BW10;Súdwest-Fryslân;Fryslân;land;52.99684993722256;5.6424526440681975;BU19000503;GM1900;BU19000503;GM1900;BU19000503;GM1900;False;False
131.0;145.0;3900.0;257345.522702;556770.715667;Nederland;n.a.;n.a.;Borger-Odoorn;Drenthe;land;52.988184120296346;6.911349847968621;BU16818809;GM1681;BU16818809;GM1681;BU16818809;GM1681;False;False
18.0;31.4;80.0;184015.2149;556776.9719;Nederland;n.a.;n.a.;De Fryske Marren;Fryslân;land;52.99717588714056;5.819373503418862;BU19401902;GM1940;BU19401902;GM1940;BU19401902;GM1940;False;False
130.0;115.0;4300.0;147230.0;556779.0;Nederland;n.a.;n.a.;Súdwest-Fryslân;Fryslân;binnenwater;52.99791982718516;5.271474966843825;BU19009997;GM1900;BU19009997;GM1900;BU19009997;GM1900;False;False
130.0;115.0;4300.0;144352.0;556790.0;Nederland;n.a.;n.a.;Súdwest-Fryslân;Fryslân;binnenwater;52.99796956282341;5.228607837332423;BU19009997;GM1900;BU19009997;GM1900;BU19009997;GM1900;False;False
130.0;115.0;4300.0;149899.0;556829.0;Nederland;n.a.;n.a.;Súdwest-Fryslân;Fryslân;binnenwater;52.9984009463927;5.311228058887012;BU19009997;GM1900;BU19009997;GM1900;BU19009997;GM1900;False;False
66.0;80.0;1800.0;277279.712652;556856.657108;Duitsland;n.a.;n.a.;n.a.;n.a.;land;52.98480372028134;7.2081119720504185;n.a.;n.a.;n.a.;n.a.;n.a.;n.a.;False;False
66.0;80.0;1800.0;277765.488623;556912.748887;Duitsland;n.a.;n.a.;n.a.;n.a.;land;52.985197181844946;7.215363430087375;n.a.;n.a.;n.a.;n.a.;n.a.;n.a.;False;False
130.0;115.0;4300.0;146405.0;556959.0;Nederland;n.a.;n.a.;Súdwest-Fryslân;Fryslân;binnenwater;52.999524824862604;5.259182127370942;BU19009997;GM1900;BU19009997;GM1900;BU19009997;GM1900;False;False
130.0;115.0;4300.0;143684.0;556972.0;Nederland;n.a.;n.a.;Súdwest-Fryslân;Fryslân;binnenwater;52.999591440925265;5.218651885919304;BU19009997;GM1900;BU19009997;GM1900;BU19009997;GM1900;False;False
131.0;145.0;3900.0;257942.709463;556986.069574;Nederland;n.a.;n.a.;Borger-Odoorn;Drenthe;land;52.99000506744046;6.920308316965753;BU16818809;GM1681;BU16818809;GM1681;BU16818809;GM1681;False;False
130.0;115.0;4300.0;149236.0;556987.0;Nederland;n.a.;n.a.;Súdwest-Fryslân;Fryslân;binnenwater;52.99981408895854;5.301349989296412;BU19009997;GM1900;BU19009997;GM1900;BU19009997;GM1900;False;False
130.0;115.0;4300.0;145603.0;557138.0;Nederland;n.a.;n.a.;Súdwest-Fryslân;Fryslân;binnenwater;53.00111997261257;5.247231013578429;BU19009997;GM1900;BU19009997;GM1900;BU19009997;GM1900;False;False
130.0;115.0;4300.0;148549.0;557148.0;Nederland;n.a.;n.a.;Súdwest-Fryslân;Fryslân;binnenwater;53.00125308694212;5.291113720319108;BU19009997;GM1900;BU19009997;GM1900;BU19009997;GM1900;False;False
48.0;36.0;750.0;157623.7522;557173.4868;Nederland;n.a.;n.a.;Súdwest-Fryslân;Fryslân;land;53.00151414818984;5.426289873494782;BU19001808;GM1900;BU19001808;GM1900;BU19001808;GM1900;False;False
66.0;80.0;1800.0;277766.546959;557213.316155;Duitsland;n.a.;n.a.;n.a.;n.a.;land;52.98789677345207;7.215492587427114;n.a.;n.a.;n.a.;n.a.;n.a.;n.a.;False;False
43.0;40.0;600.0;171815.2653;557271.1335;Nederland;n.a.;n.a.;Súdwest-Fryslân;Fryslân;land;53.00213538064398;5.63768933258915;BU19000503;GM1900;BU19000503;GM1900;BU19000503;GM1900;False;False
130.0;115.0;4300.0;144849.0;557310.0;Nederland;n.a.;n.a.;Súdwest-Fryslân;Fryslân;binnenwater;53.002651927252174;5.235994264842176;BU19009997;GM1900;BU19009997;GM1900;BU19009997;GM1900;False;False
130.0;115.0;4300.0;147788.0;557321.0;Nederland;n.a.;n.a.;Súdwest-Fryslân;Fryslân;binnenwater;53.00279805780401;5.279774183645717;BU19009997;GM1900;BU19009997;GM1900;BU19009997;GM1900;False;False
44.0;40.0;600.0;175554.9964;557362.2016;Nederland;n.a.;n.a.;Súdwest-Fryslân;Fryslân;land;53.0028239866939;5.693401974103173;BU19001108;GM1900;BU19001108;GM1900;BU19001108;GM1900;False;False
130.0;115.0;4300.0;144141.0;557474.0;Nederland;n.a.;n.a.;Súdwest-Fryslân;Fryslân;binnenwater;53.00411186401324;5.225442244943381;BU19009997;GM1900;BU19009997;GM1900;BU19009997;GM1900;False;False
130.0;115.0;4300.0;149697.0;557487.0;Nederland;n.a.;n.a.;Súdwest-Fryslân;Fryslân;binnenwater;53.00431188238741;5.308208592564165;BU19009997;GM1900;BU19009997;GM1900;BU19009997;GM1900;False;False
130.0;115.0;4300.0;146972.0;557503.0;Nederland;n.a.;n.a.;Súdwest-Fryslân;Fryslân;binnenwater;53.00442201216436;5.267614293940888;BU19009997;GM1900;BU19009997;GM1900;BU19009997;GM1900;False;False
131.0;145.0;3900.0;253224.740258;557617.256175;Nederland;n.a.;n.a.;Aa en Hunze;Drenthe;land;52.996555784733054;6.850257946397945;BU16801509;GM1680;BU16801509;GM1680;BU16801509;GM1680;False;False
130.0;115.0;4300.0;143478.0;557631.0;Nederland;n.a.;n.a.;Súdwest-Fryslân;Fryslân;binnenwater;53.005508929115486;5.215560142137984;BU19009997;GM1900;BU19009997;GM1900;BU19009997;GM1900;False;False
13.0;15.0;15.0;197147.012578;557643.71732;Nederland;n.a.;EAZ wind;Opsterland;Fryslân;land;53.00409710480246;6.015067750684821;BU00860802;GM0086;BU00860802;GM0086;BU00860802;GM0086;False;False
130.0;115.0;4300.0;149041.0;557663.0;Nederland;n.a.;n.a.;Súdwest-Fryslân;Fryslân;binnenwater;53.005886600299014;5.298433035210341;BU19009997;GM1900;BU19009997;GM1900;BU19009997;GM1900;False;False
130.0;115.0;4300.0;146159.0;557680.0;Nederland;n.a.;n.a.;Súdwest-Fryslân;Fryslân;binnenwater;53.00599984755524;5.255498326039833;BU19009997;GM1900;BU19009997;GM1900;BU19009997;GM1900;False;False
11.0;18.0;17.5;187911.4264;557701.9868;Nederland;n.a.;n.a.;Heerenveen;Fryslân;land;53.00526406606047;5.877497324287879;BU00740701;GM0074;BU00740701;GM0074;BU00740701;GM0074;False;False
13.0;15.0;15.0;168703.365236;557794.190364;Nederland;n.a.;EAZ wind;Súdwest-Fryslân;Fryslân;land;53.00692379354652;5.591356399568363;BU19000907;GM1900;BU19000907;GM1900;BU19000907;GM1900;False;False
131.0;145.0;3900.0;253802.062258;557820.311934;Nederland;n.a.;n.a.;Aa en Hunze;Drenthe;land;52.99827446589471;6.858916089359778;BU16801509;GM1680;BU16801509;GM1680;BU16801509;GM1680;False;False
130.0;115.0;4300.0;145380.0;557845.0;Nederland;n.a.;n.a.;Súdwest-Fryslân;Fryslân;binnenwater;53.00746922842578;5.243888365863892;BU19009997;GM1900;BU19009997;GM1900;BU19009997;GM1900;False;False
130.0;115.0;4300.0;148314.0;557845.0;Nederland;n.a.;n.a.;Súdwest-Fryslân;Fryslân;binnenwater;53.00751356012592;5.287598894752117;BU19009997;GM1900;BU19009997;GM1900;BU19009997;GM1900;False;False
130.0;115.0;4300.0;144642.0;557997.0;Nederland;n.a.;n.a.;Súdwest-Fryslân;Fryslân;binnenwater;53.00882145079011;5.232888871525481;BU19009997;GM1900;BU19009997;GM1900;BU19009997;GM1900;False;False
131.0;145.0;3900.0;254380.721779;558022.5037;Nederland;n.a.;n.a.;Aa en Hunze;Drenthe;land;52.999984509074686;6.867594563598181;BU16801609;GM1680;BU16801609;GM1680;BU16801609;GM1680;False;False
130.0;115.0;4300.0;147523.0;558032.0;Nederland;n.a.;n.a.;Súdwest-Fryslân;Fryslân;binnenwater;53.00918358504191;5.275810326115585;BU19009997;GM1900;BU19009997;GM1900;BU19009997;GM1900;False;False
130.0;115.0;4300.0;143945.0;558138.0;Nederland;n.a.;n.a.;Súdwest-Fryslân;Fryslân;binnenwater;53.01007465555383;5.222499920419466;BU19009997;GM1900;BU19009997;GM1900;BU19009997;GM1900;False;False
130.0;115.0;4300.0;149465.0;558142.0;Nederland;n.a.;n.a.;Súdwest-Fryslân;Fryslân;binnenwater;53.01019546648032;5.304741390043316;BU19009997;GM1900;BU19009997;GM1900;BU19009997;GM1900;False;False
130.0;115.0;4300.0;146717.0;558210.0;Nederland;n.a.;n.a.;Súdwest-Fryslân;Fryslân;binnenwater;53.010771341796335;5.263797596517312;BU19009997;GM1900;BU19009997;GM1900;BU19009997;GM1900;False;False
131.0;145.0;3900.0;254960.460125;558230.586458;Nederland;n.a.;n.a.;Aa en Hunze;Drenthe;land;53.00174664170876;6.876291590802256;BU16801609;GM1680;BU16801609;GM1680;BU16801609;GM1680;False;False
130.0;115.0;4300.0;143295.0;558266.0;Nederland;n.a.;n.a.;Súdwest-Fryslân;Fryslân;binnenwater;53.01121116012832;5.2128111029169375;BU19009997;GM1900;BU19009997;GM1900;BU19009997;GM1900;False;False
16.0;20.0;45.0;166733.69285;558310.245976;Nederland;n.a.;BW45;Súdwest-Fryslân;Fryslân;land;53.011607647953525;5.562031452364992;BU19000908;GM1900;BU19000908;GM1900;BU19000908;GM1900;False;False
130.0;115.0;4300.0;148803.0;558342.0;Nederland;n.a.;n.a.;Súdwest-Fryslân;Fryslân;binnenwater;53.01198549565882;5.29487453201463;BU19009997;GM1900;BU19009997;GM1900;BU19009997;GM1900;False;False
13.0;15.0;15.0;168111.0;558348.0;Nederland;n.a.;EAZ wind;Súdwest-Fryslân;Fryslân;land;53.011915124221346;5.58255388651247;BU19000908;GM1900;BU19000908;GM1900;BU19000908;GM1900;False;False
130.0;115.0;4300.0;145926.0;558373.0;Nederland;n.a.;n.a.;Súdwest-Fryslân;Fryslân;binnenwater;53.012223351950176;5.252007903624507;BU19009997;GM1900;BU19009997;GM1900;BU19009997;GM1900;False;False
131.0;145.0;3900.0;255574.654284;558443.721145;Nederland;n.a.;n.a.;Aa en Hunze;Drenthe;land;53.0035470922369;6.885504011957787;BU16801609;GM1680;BU16801609;GM1680;BU16801609;GM1680;False;False
33.4;40.3;300.0;185594.2926;558461.4201;Nederland;n.a.;n.a.;De Fryske Marren;Fryslân;land;53.012224836119465;5.843050951404663;BU19405001;GM1940;BU19405001;GM1940;BU19405001;GM1940;False;False
130.0;115.0;4300.0;145168.0;558518.0;Nederland;n.a.;n.a.;Súdwest-Fryslân;Fryslân;binnenwater;53.013513051920874;5.240709670306764;BU19009997;GM1900;BU19009997;GM1900;BU19009997;GM1900;False;False
130.0;115.0;4300.0;148052.0;558539.0;Nederland;n.a.;n.a.;Súdwest-Fryslân;Fryslân;binnenwater;53.01374661276025;5.283680818731793;BU19009997;GM1900;BU19009997;GM1900;BU19009997;GM1900;False;False
13.0;15.0;15.0;171306.072731;558551.539172;Nederland;n.a.;EAZ wind;Súdwest-Fryslân;Fryslân;land;53.01365684725382;5.630168674536582;BU19000503;GM1900;BU19000503;GM1900;BU19000503;GM1900;False;False
130.0;115.0;4300.0;144443.0;558646.0;Nederland;n.a.;n.a.;Súdwest-Fryslân;Fryslân;binnenwater;53.01464956740197;5.229903033897245;BU19009997;GM1900;BU19009997;GM1900;BU19009997;GM1900;False;False
131.0;145.0;3900.0;256322.188512;558704.625683;Nederland;n.a.;n.a.;Aa en Hunze;Drenthe;land;53.00575091986499;6.896717913332687;BU16801609;GM1680;BU16801609;GM1680;BU16801609;GM1680;False;False
130.0;115.0;4300.0;147272.0;558725.0;Nederland;n.a.;n.a.;Súdwest-Fryslân;Fryslân;binnenwater;53.01540741936541;5.272054341691954;BU19009997;GM1900;BU19009997;GM1900;BU19009997;GM1900;False;False
130.0;115.0;4300.0;143754.0;558761.0;Nederland;n.a.;n.a.;Súdwest-Fryslân;Fryslân;binnenwater;53.01566903881549;5.219632710492231;BU19009997;GM1900;BU19009997;GM1900;BU19009997;GM1900;False;False
130.0;115.0;4300.0;149230.0;558808.0;Nederland;n.a.;n.a.;Súdwest-Fryslân;Fryslân;binnenwater;53.01617775454976;5.3012283516510275;BU19009997;GM1900;BU19009997;GM1900;BU19009997;GM1900;False;False
130.0;115.0;4300.0;146485.0;558893.0;Nederland;n.a.;n.a.;Súdwest-Fryslân;Fryslân;binnenwater;53.01690523464464;5.260323140736147;BU19009997;GM1900;BU19009997;GM1900;BU19009997;GM1900;False;False
131.0;145.0;3900.0;256921.086454;558913.047591;Nederland;n.a.;n.a.;Aa en Hunze;Drenthe;land;53.00751034497162;6.9057027177010335;BU16801609;GM1680;BU16801609;GM1680;BU16801609;GM1680;False;False
130.0;115.0;4300.0;148542.0;559008.0;Nederland;n.a.;n.a.;Súdwest-Fryslân;Fryslân;binnenwater;53.01796717977894;5.290972552453448;BU19009997;GM1900;BU19009997;GM1900;BU19009997;GM1900;False;False
130.0;115.0;4300.0;145722.0;559038.0;Nederland;n.a.;n.a.;Súdwest-Fryslân;Fryslân;binnenwater;53.01819563191151;5.248949429089014;BU19009997;GM1900;BU19009997;GM1900;BU19009997;GM1900;False;False
48.0;45.0;600.0;160675.9279;559084.9719;Nederland;n.a.;n.a.;Súdwest-Fryslân;Fryslân;land;53.01866741287625;5.471788230706446;BU19001606;GM1900;BU19001606;GM1900;BU19001606;GM1900;False;False
13.0;15.0;15.0;166009.436539;559143.916331;Nederland;n.a.;EAZ wind;Súdwest-Fryslân;Fryslân;land;53.01911437811599;5.551268806050886;BU19000902;GM1900;BU19000902;GM1900;BU19000902;GM1900;False;False
130.0;115.0;4300.0;144982.0;559162.0;Nederland;n.a.;n.a.;Súdwest-Fryslân;Fryslân;binnenwater;53.01929666711552;5.2379184373813725;BU19009997;GM1900;BU19009997;GM1900;BU19009997;GM1900;False;False
130.0;115.0;4300.0;147789.0;559194.0;Nederland;n.a.;n.a.;Súdwest-Fryslân;Fryslân;binnenwater;53.01962905436129;5.2797475815716215;BU19009997;GM1900;BU19009997;GM1900;BU19009997;GM1900;False;False
130.0;115.0;4300.0;144263.0;559266.0;Nederland;n.a.;n.a.;Súdwest-Fryslân;Fryslân;binnenwater;53.02021738164449;5.227200497853359;BU19009997;GM1900;BU19009997;GM1900;BU19009997;GM1900;False;False
14.0;15.0;25.0;198603.942078;559331.644592;Nederland;n.a.;n.a.;Opsterland;Fryslân;land;53.019148285639965;6.036996753553289;BU00861401;GM0086;BU00861401;GM0086;BU00861401;GM0086;False;False
130.0;115.0;4300.0;147013.0;559365.0;Nederland;n.a.;n.a.;Súdwest-Fryslân;Fryslân;binnenwater;53.021154743202935;5.268179361125656;BU19009997;GM1900;BU19009997;GM1900;BU19009997;GM1900;False;False
13.0;15.0;15.0;162826.495849;559428.780218;Nederland;n.a.;EAZ wind;Súdwest-Fryslân;Fryslân;land;53.02172990495427;5.50384377835366;BU19001602;GM1900;BU19001602;GM1900;BU19001602;GM1900;False;False
130.0;115.0;4300.0;149001.0;559454.0;Nederland;n.a.;n.a.;Súdwest-Fryslân;Fryslân;binnenwater;53.021980273534325;5.297804133029489;BU19009997;GM1900;BU19009997;GM1900;BU19009997;GM1900;False;False
48.0;36.0;750.0;157639.7527;559475.206;Nederland;n.a.;n.a.;Súdwest-Fryslân;Fryslân;land;53.02219759224078;5.4265469930201835;BU19001809;GM1900;BU19001809;GM1900;BU19001809;GM1900;False;False
130.0;115.0;4300.0;146255.0;559512.0;Nederland;n.a.;n.a.;Súdwest-Fryslân;Fryslân;binnenwater;53.02246393875827;5.256879231973403;BU19009997;GM1900;BU19009997;GM1900;BU19009997;GM1900;False;False
130.0;115.0;4300.0;145512.0;559637.0;Nederland;n.a.;n.a.;Súdwest-Fryslân;Fryslân;binnenwater;53.02357463676616;5.245802618155694;BU19009997;GM1900;BU19009997;GM1900;BU19009997;GM1900;False;False
130.0;115.0;4300.0;148293.0;559641.0;Nederland;n.a.;n.a.;Súdwest-Fryslân;Fryslân;binnenwater;53.0236523343598;5.287249022490469;BU19009997;GM1900;BU19009997;GM1900;BU19009997;GM1900;False;False
14.0;15.0;10.0;157921.700296;559715.262902;Nederland;n.a.;BW10;Súdwest-Fryslân;Fryslân;land;53.02435330314992;5.430751023715893;BU19001809;GM1900;BU19001809;GM1900;BU19001809;GM1900;False;False
130.0;115.0;4300.0;144787.0;559750.0;Nederland;n.a.;n.a.;Súdwest-Fryslân;Fryslân;binnenwater;53.02457681708904;5.234994085252589;BU19009997;GM1900;BU19009997;GM1900;BU19009997;GM1900;False;False
131.0;145.0;3900.0;255784.998514;559786.484256;Nederland;n.a.;n.a.;Aa en Hunze;Drenthe;land;53.015570652810744;6.88905298710231;BU16801609;GM1680;BU16801609;GM1680;BU16801609;GM1680;False;False
130.0;115.0;4300.0;147533.0;559813.0;Nederland;n.a.;n.a.;Súdwest-Fryslân;Fryslân;binnenwater;53.02518795434463;5.275918435289432;BU19009997;GM1900;BU19009997;GM1900;BU19009997;GM1900;False;False
13.0;15.0;15.0;185140.053344;559911.074739;Nederland;n.a.;EAZ wind;De Fryske Marren;Fryslân;land;53.0252768654447;5.836417706338148;BU19405001;GM1940;BU19405001;GM1940;BU19405001;GM1940;False;False
130.0;115.0;4300.0;146784.0;559958.0;Nederland;n.a.;n.a.;Súdwest-Fryslân;Fryslân;binnenwater;53.026480044148656;5.264751680899422;BU19009997;GM1900;BU19009997;GM1900;BU19009997;GM1900;False;False
130.0;115.0;4300.0;148748.0;560060.0;Nederland;n.a.;n.a.;Súdwest-Fryslân;Fryslân;binnenwater;53.02742296382046;5.294022051657497;BU19009997;GM1900;BU19009997;GM1900;BU19009997;GM1900;False;False
130.0;115.0;4300.0;146037.0;560081.0;Nederland;n.a.;n.a.;Súdwest-Fryslân;Fryslân;binnenwater;53.027573430848314;5.253614680336429;BU19009997;GM1900;BU19009997;GM1900;BU19009997;GM1900;False;False
131.0;145.0;3900.0;255398.97057;560150.816221;Nederland;n.a.;n.a.;Aa en Hunze;Drenthe;land;53.018915751236584;6.883415098421298;BU16801809;GM1680;BU16801809;GM1680;BU16801809;GM1680;False;False
13.0;15.0;15.0;219504.198944;560215.076381;Nederland;n.a.;EAZ wind;Ooststellingwerf;Fryslân;land;53.0249883395347;6.348594360088432;BU00851118;GM0085;BU00851118;GM0085;BU00851118;GM0085;False;False
130.0;115.0;4300.0;145300.0;560218.0;Nederland;n.a.;n.a.;Súdwest-Fryslân;Fryslân;binnenwater;53.02879176494413;5.2426257548183886;BU19009997;GM1900;BU19009997;GM1900;BU19009997;GM1900;False;False
130.0;115.0;4300.0;148023.0;560243.0;Nederland;n.a.;n.a.;Súdwest-Fryslân;Fryslân;binnenwater;53.0290585238975;5.283212169797475;BU19009997;GM1900;BU19009997;GM1900;BU19009997;GM1900;False;False
130.0;115.0;4300.0;147296.0;560393.0;Nederland;n.a.;n.a.;Súdwest-Fryslân;Fryslân;binnenwater;53.03039653777326;5.272372445861576;BU19009997;GM1900;BU19009997;GM1900;BU19009997;GM1900;False;False
13.0;15.0;15.0;265449.122718;560452.455701;Nederland;n.a.;EAZ wind;Stadskanaal;Groningen;land;53.019658445929274;7.033234419779528;BU00370309;GM0037;BU00370309;GM0037;BU00370309;GM0037;False;False
131.0;145.0;3900.0;255027.362574;560503.77114;Nederland;n.a.;n.a.;Aa en Hunze;Drenthe;land;53.02215569928908;6.877987678848057;BU16801809;GM1680;BU16801809;GM1680;BU16801809;GM1680;False;False
130.0;115.0;4300.0;146554.0;560513.0;Nederland;n.a.;n.a.;Súdwest-Fryslân;Fryslân;binnenwater;53.03146375251878;5.261309241797141;BU19009997;GM1900;BU19009997;GM1900;BU19009997;GM1900;False;False
13.0;15.0;15.0;160241.419993;560514.526575;Nederland;n.a.;EAZ wind;Súdwest-Fryslân;Fryslân;land;53.031517915300476;5.4653364163145985;BU19001606;GM1900;BU19001606;GM1900;BU19001606;GM1900;False;False
160.0;166.0;5560.0;280170.673536;560770.900933;Duitsland;Borsum WEA;E-160 EP5 166mNH;n.a.;n.a.;land;53.019299154131716;7.252647417192842;n.a.;n.a.;n.a.;n.a.;n.a.;n.a.;False;False
13.0;15.0;15.0;164798.522696;560772.320504;Nederland;n.a.;EAZ wind;Súdwest-Fryslân;Fryslân;land;53.03377072504054;5.5332730890640685;BU19001607;GM1900;BU19001607;GM1900;BU19001607;GM1900;False;False
13.0;16.0;10.0;194822.890064;560819.325605;Nederland;n.a.;BW10;Opsterland;Fryslân;land;53.03280900012494;5.9808367253932655;BU00861501;GM0086;BU00861501;GM0086;BU00861501;GM0086;False;False
54.0;60.0;850.0;186454.177843;560841.91641;Nederland;n.a.;n.a.;Heerenveen;Fryslân;land;53.033566075704634;5.856093172137172;BU00740903;GM0074;BU00740903;GM0074;BU00740903;GM0074;False;False
131.0;145.0;3900.0;254653.240945;560854.212422;Nederland;n.a.;n.a.;Aa en Hunze;Drenthe;land;53.02537328478561;6.872521224945764;BU16801809;GM1680;BU16801809;GM1680;BU16801809;GM1680;False;False
160.0;166.0;5560.0;280673.464402;560860.308101;Duitsland;Borsum WEA;E-160 EP5 166mNH;n.a.;n.a.;land;53.01998515723522;7.26017133672312;n.a.;n.a.;n.a.;n.a.;n.a.;n.a.;False;False
13.0;15.0;15.0;175913.106278;561044.167282;Nederland;n.a.;EAZ wind;Súdwest-Fryslân;Fryslân;land;53.03589631572314;5.698973629400479;BU19000118;GM1900;BU19000118;GM1900;BU19000118;GM1900;False;False
13.0;15.0;15.0;210037.28805;561185.454732;Nederland;n.a.;EAZ wind;Ooststellingwerf;Fryslân;land;53.03475832665449;6.207676726323975;BU00850203;GM0085;BU00850203;GM0085;BU00850203;GM0085;False;False
160.0;166.0;5560.0;280062.262312;561196.945151;Duitsland;Borsum WEA;E-160 EP5 166mNH;n.a.;n.a.;land;53.023151156639884;7.251196621996956;n.a.;n.a.;n.a.;n.a.;n.a.;n.a.;False;False
131.0;145.0;3900.0;254280.971558;561205.579757;Nederland;n.a.;n.a.;Aa en Hunze;Drenthe;land;53.028598598503635;6.867081848028162;BU16801809;GM1680;BU16801809;GM1680;BU16801809;GM1680;False;False
160.0;166.0;5560.0;280663.109724;561293.853996;Duitsland;Borsum WEA;E-160 EP5 166mNH;n.a.;n.a.;land;53.02388175862419;7.260184843418588;n.a.;n.a.;n.a.;n.a.;n.a.;n.a.;False;False
54.0;40.0;900.0;159528.3064;561330.57;Nederland;n.a.;n.a.;Súdwest-Fryslân;Fryslân;land;53.03885740817325;5.454718030226029;BU19001801;GM1900;BU19001801;GM1900;BU19001801;GM1900;False;False
15.6;31.4;75.0;216601.8834;561331.5208;Nederland;n.a.;n.a.;Ooststellingwerf;Fryslân;land;53.03535957746024;6.305554860053288;BU00850501;GM0085;BU00850501;GM0085;BU00850501;GM0085;False;False
13.0;15.0;15.0;160243.089391;561354.935083;Nederland;n.a.;EAZ wind;Súdwest-Fryslân;Fryslân;land;53.03906985224039;5.465374906563431;BU19001608;GM1900;BU19001608;GM1900;BU19001608;GM1900;False;False
13.0;15.0;15.0;166673.0;561446.0;Nederland;n.a.;EAZ wind;Súdwest-Fryslân;Fryslân;land;53.039787008206716;5.561240004982096;BU19000909;GM1900;BU19000909;GM1900;BU19000909;GM1900;False;False
31.0;31.0;250.0;164912.9884;561516.874;Nederland;n.a.;n.a.;Súdwest-Fryslân;Fryslân;land;53.040459205998275;5.535002189843945;BU19000909;GM1900;BU19000909;GM1900;BU19000909;GM1900;False;False
13.0;15.0;15.0;157096.80491;561554.332415;Nederland;n.a.;EAZ wind;Súdwest-Fryslân;Fryslân;land;53.04088315877996;5.418468947333762;BU19001800;GM1900;BU19001800;GM1900;BU19001800;GM1900;False;False
131.0;145.0;3900.0;253906.900024;561559.200012;Nederland;n.a.;n.a.;Aa en Hunze;Drenthe;land;53.03184423408652;6.861615492168073;BU16801809;GM1680;BU16801809;GM1680;BU16801809;GM1680;False;False
13.0;15.0;15.0;263574.932906;561591.549531;Nederland;n.a.;EAZ wind;Stadskanaal;Groningen;land;53.03027215444101;7.005695017066028;BU00370309;GM0037;BU00370309;GM0037;BU00370309;GM0037;False;False
13.0;15.0;15.0;256906.46273;561591.585636;Nederland;n.a.;EAZ wind;Stadskanaal;Groningen;land;53.031575821434174;6.906325307539884;BU00370111;GM0037;BU00370111;GM0037;BU00370111;GM0037;False;False
52.2;40.0;900.0;157532.6161;561610.1755;Nederland;n.a.;n.a.;Súdwest-Fryslân;Fryslân;land;53.04138308411359;5.424967067927526;BU19001800;GM1900;BU19001800;GM1900;BU19001800;GM1900;False;False
160.0;166.0;5560.0;279959.997773;561613.843734;Duitsland;Borsum WEA;E-160 EP5 166mNH;n.a.;n.a.;land;53.02691956263758;7.249833628857666;n.a.;n.a.;n.a.;n.a.;n.a.;n.a.;False;False
13.0;15.0;15.0;256882.95303;561614.356038;Nederland;n.a.;EAZ wind;Stadskanaal;Groningen;land;53.03178482808066;6.9059821146546385;BU00370111;GM0037;BU00370111;GM0037;BU00370111;GM0037;False;False
13.0;15.0;15.0;256858.999751;561637.274299;Nederland;n.a.;EAZ wind;Stadskanaal;Groningen;land;53.031995246299694;6.905632355809679;BU00370111;GM0037;BU00370111;GM0037;BU00370111;GM0037;False;False
160.0;166.0;5560.0;280544.445739;561747.133377;Duitsland;Borsum WEA;E-160 EP5 166mNH;n.a.;n.a.;land;53.027980865371134;7.258592350092843;n.a.;n.a.;n.a.;n.a.;n.a.;n.a.;False;False
16.0;20.0;80.0;214537.544178;561763.049222;Nederland;n.a.;BW80;Ooststellingwerf;Fryslân;land;53.039469206408285;6.2748629324781735;BU00851302;GM0085;BU00851302;GM0085;BU00851302;GM0085;False;False
62.0;60.0;1300.0;161507.4824;561844.3637;Nederland;n.a.;SWT-1.3-62;Súdwest-Fryslân;Fryslân;land;53.04345404734457;5.484235274774252;BU19001607;GM1900;BU19001607;GM1900;BU19001607;GM1900;False;False
52.0;40.0;850.0;163697.7491;561886.0989;Nederland;n.a.;n.a.;Súdwest-Fryslân;Fryslân;land;53.04379809984869;5.5168938271440755;BU19001607;GM1900;BU19001607;GM1900;BU19001607;GM1900;False;False
52.0;40.0;850.0;164471.8034;561887.431;Nederland;n.a.;n.a.;Súdwest-Fryslân;Fryslân;land;53.04379698984354;5.528435297774965;BU19001607;GM1900;BU19001607;GM1900;BU19001607;GM1900;False;False
29.6;36.0;225.0;157451.6216;561902.8825;Nederland;n.a.;n.a.;Súdwest-Fryslân;Fryslân;land;53.04401373630637;5.423761696837174;BU19001800;GM1900;BU19001800;GM1900;BU19001800;GM1900;False;False
131.0;145.0;3900.0;253530.000122;561914.200012;Nederland;n.a.;n.a.;Aa en Hunze;Drenthe;land;53.03510253290521;6.8561065876579805;BU16801809;GM1680;BU16801809;GM1680;BU16801809;GM1680;False;False
13.0;15.0;15.0;232071.498342;561984.962677;Nederland;n.a.;EAZ wind;Tynaarlo;Drenthe;land;53.03923808056543;6.536287604738708;BU17301509;GM1730;BU17301509;GM1730;BU17301509;GM1730;False;False
160.0;166.0;5560.0;279851.628362;562056.983721;Duitsland;Borsum WEA;E-160 EP5 166mNH;n.a.;n.a.;land;53.030925071855265;7.24838953601295;n.a.;n.a.;n.a.;n.a.;n.a.;n.a.;False;False
62.0;60.0;1300.0;161660.4351;562079.3036;Nederland;n.a.;SWT-1.3-62;Súdwest-Fryslân;Fryslân;land;53.04556334824879;5.486520671931417;BU19001607;GM1900;BU19001607;GM1900;BU19001607;GM1900;False;False
160.0;166.0;5560.0;280294.410885;562097.569008;Duitsland;Borsum WEA;E-160 EP5 166mNH;n.a.;n.a.;land;53.03118677121048;7.255002451133332;n.a.;n.a.;n.a.;n.a.;n.a.;n.a.;False;False
16.0;20.0;45.0;163551.506924;562107.970227;Nederland;n.a.;BW45;Súdwest-Fryslân;Fryslân;land;53.04579418453451;5.51471915846466;BU19001607;GM1900;BU19001607;GM1900;BU19001607;GM1900;False;False
13.0;15.0;15.0;166417.0;562173.0;Nederland;n.a.;EAZ wind;Súdwest-Fryslân;Fryslân;land;53.04632532836934;5.557448918631555;BU19000909;GM1900;BU19000909;GM1900;BU19000909;GM1900;False;False
52.2;40.0;900.0;157961.0576;562246.3765;Nederland;n.a.;n.a.;Súdwest-Fryslân;Fryslân;land;53.04709781078256;5.4313607751170485;BU19001800;GM1900;BU19001800;GM1900;BU19001800;GM1900;False;False
33.0;30.0;300.0;119036.910813;562247.369801;Nederland;n.a.;Bonus;Texel;Noord-Holland;land;53.045914216644434;4.850953194116525;BU04480007;GM0448;BU04480007;GM0448;BU04480007;GM0448;False;False
131.0;145.0;3900.0;253168.500122;562254.700012;Nederland;n.a.;n.a.;Aa en Hunze;Drenthe;land;53.038227506724745;6.850821999198463;BU16801809;GM1680;BU16801809;GM1680;BU16801809;GM1680;False;False
62.0;60.0;1300.0;161813.3406;562313.6694;Nederland;n.a.;SWT-1.3-62;Súdwest-Fryslân;Fryslân;land;53.047667445826335;5.488805575050572;BU19001607;GM1900;BU19001607;GM1900;BU19001607;GM1900;False;False
13.0;15.0;15.0;160191.56952;562473.166715;Nederland;n.a.;EAZ wind;Súdwest-Fryslân;Fryslân;land;53.04911881157059;5.464624742866261;BU19001608;GM1900;BU19001608;GM1900;BU19001608;GM1900;False;False
52.2;40.0;900.0;157885.5463;562494.2053;Nederland;n.a.;n.a.;Súdwest-Fryslân;Fryslân;land;53.0493252170468;5.430236999651827;BU19001800;GM1900;BU19001800;GM1900;BU19001800;GM1900;False;False
160.0;166.0;5560.0;279726.8546;562502.731616;Duitsland;Borsum WEA;E-160 EP5 166mNH;n.a.;n.a.;land;53.03495778511436;7.246701742502391;n.a.;n.a.;n.a.;n.a.;n.a.;n.a.;False;False
52.2;40.0;900.0;158138.4871;562515.999;Nederland;n.a.;n.a.;Súdwest-Fryslân;Fryslân;land;53.049519634725335;5.434009138643293;BU19001800;GM1900;BU19001800;GM1900;BU19001800;GM1900;False;False
62.0;60.0;1300.0;161966.3157;562548.4283;Nederland;n.a.;SWT-1.3-62;Súdwest-Fryslân;Fryslân;land;53.049775029869345;5.491091745826878;BU19001607;GM1900;BU19001607;GM1900;BU19001607;GM1900;False;False
131.0;145.0;3900.0;252825.500122;562577.799988;Nederland;n.a.;n.a.;Aa en Hunze;Drenthe;land;53.041192569315584;6.845807158080063;BU16801809;GM1680;BU16801809;GM1680;BU16801809;GM1680;False;False
62.0;60.0;1300.0;162118.9272;562782.9025;Nederland;n.a.;SWT-1.3-62;Súdwest-Fryslân;Fryslân;land;53.051880015330646;5.493372709719268;BU19001607;GM1900;BU19001607;GM1900;BU19001607;GM1900;False;False
13.0;15.0;15.0;164526.40119;562858.539609;Nederland;n.a.;EAZ wind;Súdwest-Fryslân;Fryslân;land;53.052522406772496;5.5292779285543725;BU19000009;GM1900;BU19000009;GM1900;BU19000009;GM1900;False;False
13.0;15.0;15.0;160394.587682;562971.258786;Nederland;n.a.;EAZ wind;Súdwest-Fryslân;Fryslân;land;53.05359266940103;5.467660497217729;BU19001608;GM1900;BU19001608;GM1900;BU19001608;GM1900;False;False
16.0;18.0;25.0;257318.400989;562991.961184;Nederland;n.a.;n.a.;Pekela;Groningen;land;53.04407790600171;6.9129055406695405;BU07650101;GM0765;BU07650101;GM0765;BU07650101;GM0765;False;False
62.0;60.0;1300.0;162271.4328;563018.0645;Nederland;n.a.;SWT-1.3-62;Súdwest-Fryslân;Fryslân;land;53.05399113790721;5.49565233071733;BU19001607;GM1900;BU19001607;GM1900;BU19001607;GM1900;False;False
16.0;20.0;45.0;176737.0;563072.0;Nederland;n.a.;BW45;Súdwest-Fryslân;Fryslân;land;53.05408559499125;5.711391779070359;BU19000702;GM1900;BU19000702;GM1900;BU19000702;GM1900;False;False
52.0;41.5;850.0;158556.1807;563172.0737;Nederland;n.a.;n.a.;Súdwest-Fryslân;Fryslân;land;53.055412520169284;5.440245153424378;BU19001709;GM1900;BU19001709;GM1900;BU19001709;GM1900;False;False
18.0;31.4;80.0;163342.4139;563172.9035;Nederland;n.a.;n.a.;Súdwest-Fryslân;Fryslân;land;53.055366959129266;5.511628793667431;BU19000009;GM1900;BU19000009;GM1900;BU19000009;GM1900;False;False
29.6;36.0;225.0;158885.0721;563183.4851;Nederland;n.a.;n.a.;Súdwest-Fryslân;Fryslân;land;53.0555127820347;5.445150501910786;BU19001608;GM1900;BU19001608;GM1900;BU19001608;GM1900;False;False
16.0;18.0;25.0;274784.334194;563191.178471;Nederland;n.a.;n.a.;Westerwolde;Groningen;land;53.042264045287006;7.173305384952942;BU19500507;GM1950;BU19500507;GM1950;BU19500507;GM1950;False;False
62.0;60.0;1300.0;162424.1588;563251.4419;Nederland;n.a.;SWT-1.3-62;Súdwest-Fryslân;Fryslân;land;53.056086176204204;5.497935419528505;BU19001608;GM1900;BU19001608;GM1900;BU19001608;GM1900;False;False
29.6;36.0;225.0;157383.3576;563470.8081;Nederland;n.a.;n.a.;Súdwest-Fryslân;Fryslân;land;53.05810344396278;5.422755426309229;BU19001709;GM1900;BU19001709;GM1900;BU19001709;GM1900;False;False
62.0;60.0;1300.0;162577.9966;563486.8734;Nederland;n.a.;SWT-1.3-62;Súdwest-Fryslân;Fryslân;land;53.058199611968426;5.500235359500947;BU19001608;GM1900;BU19001608;GM1900;BU19001608;GM1900;False;False
14.0;15.0;10.0;165574.925992;563516.62341;Nederland;n.a.;BW10 MK3;Súdwest-Fryslân;Fryslân;land;53.05841632606484;5.544936433353459;BU19000009;GM1900;BU19000009;GM1900;BU19000009;GM1900;False;False
13.0;15.0;15.0;195860.63079;563551.479155;Nederland;n.a.;EAZ wind;Opsterland;Fryslân;land;53.05728131281839;5.996649482276916;BU00861102;GM0086;BU00861102;GM0086;BU00861102;GM0086;False;False
52.0;40.0;850.0;159417.6192;563622.913;Nederland;n.a.;n.a.;Súdwest-Fryslân;Fryslân;land;53.0594573578859;5.453099132699195;BU19001608;GM1900;BU19001608;GM1900;BU19001608;GM1900;False;False
13.0;15.0;15.0;257569.894304;563813.237723;Nederland;n.a.;EAZ wind;Veendam;Groningen;land;53.05140790298341;6.916914079497039;BU00470109;GM0047;BU00470109;GM0047;BU00470109;GM0047;False;False
13.0;15.0;15.0;166465.752937;563817.685179;Nederland;n.a.;EAZ wind;Súdwest-Fryslân;Fryslân;land;53.06110338998317;5.558234101091156;BU19001402;GM1900;BU19001402;GM1900;BU19001402;GM1900;False;False
16.0;20.0;45.0;176258.752263;564200.985982;Nederland;n.a.;BW45;Súdwest-Fryslân;Fryslân;land;53.064249643517314;5.704333399611825;BU19000707;GM1900;BU19000707;GM1900;BU19000707;GM1900;False;False
13.0;15.0;15.0;208520.839113;564246.568112;Nederland;n.a.;EAZ wind;Opsterland;Fryslân;land;53.06241628292127;6.1855776277502965;BU00861703;GM0086;BU00861703;GM0086;BU00861703;GM0086;False;False
13.0;15.0;15.0;159732.433401;564267.200222;Nederland;n.a.;EAZ wind;Súdwest-Fryslân;Fryslân;land;53.06524422478058;5.457804257972205;BU19001608;GM1900;BU19001608;GM1900;BU19001608;GM1900;False;False
13.0;15.0;15.0;158129.257974;564308.96018;Nederland;n.a.;EAZ wind;Súdwest-Fryslân;Fryslân;land;53.06563122719723;5.4338888807958625;BU19001709;GM1900;BU19001709;GM1900;BU19001709;GM1900;False;False
52.2;40.0;900.0;157501.1199;564369.6163;Nederland;n.a.;n.a.;Súdwest-Fryslân;Fryslân;land;53.06617958155921;5.424518854710867;BU19001501;GM1900;BU19001501;GM1900;BU19001501;GM1900;False;False
37.0;35.0;450.0;162580.684;564551.2119;Nederland;n.a.;n.a.;Súdwest-Fryslân;Fryslân;land;53.067763684944;5.500300376591553;BU19000009;GM1900;BU19000009;GM1900;BU19000009;GM1900;False;False
54.0;60.0;850.0;184088.146;564653.1528;Nederland;n.a.;n.a.;Heerenveen;Fryslân;land;53.067946169743244;5.82116583132551;BU00740901;GM0074;BU00740901;GM0074;BU00740901;GM0074;False;False
13.0;15.0;15.0;176315.913388;564697.428188;Nederland;n.a.;EAZ wind;Súdwest-Fryslân;Fryslân;land;53.068708339946774;5.705218761686506;BU19001902;GM1900;BU19001902;GM1900;BU19001902;GM1900;False;False
16.0;20.0;45.0;180387.458259;564717.326683;Nederland;n.a.;BW45;Súdwest-Fryslân;Fryslân;land;53.06871029665178;5.7659624638673135;BU19001901;GM1900;BU19001901;GM1900;BU19001901;GM1900;False;False
13.0;15.0;15.0;176312.597989;564738.563695;Nederland;n.a.;EAZ wind;Súdwest-Fryslân;Fryslân;land;53.06907810891727;5.705172007546403;BU19001904;GM1900;BU19001904;GM1900;BU19001904;GM1900;False;False
13.0;15.0;15.0;253352.052979;564747.088623;Nederland;n.a.;EAZ wind;Veendam;Groningen;land;53.060584665055;6.854313672695232;BU00470201;GM0047;BU00470201;GM0047;BU00470201;GM0047;False;False
47.0;40.0;660.0;172724.9605;564846.8745;Nederland;n.a.;n.a.;Súdwest-Fryslân;Fryslân;land;53.070181643039405;5.651654174674402;BU19002008;GM1900;BU19002008;GM1900;BU19002008;GM1900;False;False
41.0;40.0;500.0;162870.2457;564937.793;Nederland;n.a.;n.a.;Súdwest-Fryslân;Fryslân;land;53.07123331782935;5.5046296371571435;BU19000009;GM1900;BU19000009;GM1900;BU19000009;GM1900;False;False
14.0;15.0;10.0;157329.265322;565008.536069;Nederland;n.a.;BW10;Súdwest-Fryslân;Fryslân;land;53.07192166670019;5.421959729640052;BU19001501;GM1900;BU19001501;GM1900;BU19001501;GM1900;False;False
18.0;34.0;80.0;171737.964;565091.8742;Nederland;n.a.;n.a.;Súdwest-Fryslân;Fryslân;land;53.07241482434194;5.63694150572422;BU19002008;GM1900;BU19002008;GM1900;BU19002008;GM1900;False;False
16.0;20.0;45.0;156764.197629;565146.605061;Nederland;n.a.;BW45;Súdwest-Fryslân;Fryslân;land;53.073164510569654;5.413529645708885;BU19001709;GM1900;BU19001709;GM1900;BU19001709;GM1900;False;False
13.0;15.0;15.0;253566.096903;565369.157239;Nederland;n.a.;EAZ wind;Veendam;Groningen;land;53.06613388539035;6.857694743329446;BU00470201;GM0047;BU00470201;GM0047;BU00470201;GM0047;False;False
13.0;15.0;15.0;243224.836482;565431.530486;Nederland;n.a.;EAZ wind;Tynaarlo;Drenthe;land;53.06848989988984;6.703474136469491;BU17300509;GM1730;BU17300509;GM1730;BU17300509;GM1730;False;False
13.0;15.0;15.0;259997.911303;565537.89302;Nederland;n.a.;n.a.;Pekela;Groningen;land;53.06643265437703;6.953670822319669;BU07650100;GM0765;BU07650100;GM0765;BU07650100;GM0765;False;False
16.0;20.0;80.0;160290.0;565575.0;Nederland;n.a.;BW80;Súdwest-Fryslân;Fryslân;land;53.07699084544539;5.466143299631876;BU19001406;GM1900;BU19001406;GM1900;BU19001406;GM1900;False;False
52.2;40.0;900.0;159975.0103;565678.6749;Nederland;n.a.;n.a.;Súdwest-Fryslân;Fryslân;land;53.07792547434381;5.461444686804776;BU19001406;GM1900;BU19001406;GM1900;BU19001406;GM1900;False;False
16.0;20.0;80.0;179275.648054;565812.306669;Nederland;n.a.;BW80;Súdwest-Fryslân;Fryslân;land;53.07860092426333;5.74945780051697;BU19001901;GM1900;BU19001901;GM1900;BU19001901;GM1900;False;False
52.0;40.0;850.0;166466.8078;565921.4916;Nederland;n.a.;n.a.;Súdwest-Fryslân;Fryslân;land;53.080008020062586;5.558324378594354;BU19001408;GM1900;BU19001408;GM1900;BU19001408;GM1900;False;False
130.0;135.0;4200.0;255197.7;565951.2;Nederland;n.a.;n.a.;Veendam;Groningen;land;53.07106119279867;6.8822083908032665;BU00470209;GM0047;BU00470209;GM0047;BU00470209;GM0047;False;False
13.0;15.0;15.0;159851.887354;565981.526308;Nederland;n.a.;EAZ wind;Súdwest-Fryslân;Fryslân;land;53.08064800356806;5.459611982039181;BU19001406;GM1900;BU19001406;GM1900;BU19001406;GM1900;False;False
13.0;15.0;15.0;232948.2;566096.13;Nederland;n.a.;EAZ wind;Tynaarlo;Drenthe;land;53.07604856783972;6.550344688600638;BU17301509;GM1730;BU17301509;GM1730;BU17301509;GM1730;False;False
130.0;135.0;4200.0;255318.7;566332.5;Nederland;n.a.;n.a.;Veendam;Groningen;land;53.07446402632577;6.884131279592224;BU00470209;GM0047;BU00470209;GM0047;BU00470209;GM0047;False;False
47.0;40.0;660.0;175653.2923;566418.4862;Nederland;n.a.;n.a.;Súdwest-Fryslân;Fryslân;land;53.08419935343389;5.69544308822531;BU19002017;GM1900;BU19002017;GM1900;BU19002017;GM1900;False;False
16.0;18.0;25.0;257326.174142;566501.496786;Nederland;n.a.;n.a.;Veendam;Groningen;land;53.07560394693925;6.91412941254753;BU00470109;GM0047;BU00470109;GM0047;BU00470109;GM0047;False;False
13.0;15.0;15.0;186121.0;566556.0;Nederland;n.a.;EAZ wind;Leeuwarden;Fryslân;land;53.08493077457469;5.851675475648639;BU00808207;GM0080;BU00808207;GM0080;BU00808207;GM0080;False;False
13.0;15.0;15.0;186110.0;566584.0;Nederland;n.a.;EAZ wind;Leeuwarden;Fryslân;land;53.08518301046221;5.851514002263814;BU00808207;GM0080;BU00808207;GM0080;BU00808207;GM0080;False;False
13.0;15.0;15.0;174029.890318;566693.589333;Nederland;n.a.;EAZ wind;Súdwest-Fryslân;Fryslân;land;53.08673132888149;5.671231420872367;BU19002006;GM1900;BU19002006;GM1900;BU19002006;GM1900;False;False
130.0;135.0;4200.0;255457.7;566783.1;Nederland;n.a.;n.a.;Veendam;Groningen;land;53.07848601335784;6.88634449515323;BU00470209;GM0047;BU00470209;GM0047;BU00470209;GM0047;False;False
136.0;109.0;4650.0;155652.986609;566825.405945;Nederland;n.a.;E-136 EP5;Súdwest-Fryslân;Fryslân;land;53.08825262126093;5.396953285347508;BU19001502;GM1900;BU19001502;GM1900;BU19001502;GM1900;False;False
136.0;109.0;4650.0;156387.832169;566840.841233;Nederland;n.a.;E-136 EP5;Súdwest-Fryslân;Fryslân;land;53.08838991133536;5.4079214134717715;BU19001502;GM1900;BU19001502;GM1900;BU19001502;GM1900;False;False
52.0;40.0;850.0;164029.9916;566875.8725;Nederland;n.a.;n.a.;Súdwest-Fryslân;Fryslân;land;53.08863048902016;5.521986916381932;BU19001403;GM1900;BU19001403;GM1900;BU19001403;GM1900;False;False
13.0;15.0;15.0;162679.404842;567060.169776;Nederland;n.a.;EAZ wind;Súdwest-Fryslân;Fryslân;land;53.09030758353404;5.501832743717176;BU19001403;GM1900;BU19001403;GM1900;BU19001403;GM1900;False;False
136.0;109.0;4650.0;155089.663107;567068.075033;Nederland;n.a.;E-136 EP5;Súdwest-Fryslân;Fryslân;land;53.09043362439422;5.38854538108032;BU19001502;GM1900;BU19001502;GM1900;BU19001502;GM1900;False;False
115.0;149.0;3000.0;277283.223549;567151.723838;Duitsland;n.a.;n.a.;n.a.;n.a.;land;53.0772768904488;7.212042354036353;n.a.;n.a.;n.a.;n.a.;n.a.;n.a.;False;False
136.0;109.0;4650.0;156174.39292;567179.903324;Nederland;n.a.;E-136 EP5;Súdwest-Fryslân;Fryslân;land;53.09143720475552;5.404736921437007;BU19001502;GM1900;BU19001502;GM1900;BU19001502;GM1900;False;False
82.0;78.0;2000.0;158689.0866;567201.1038;Nederland;n.a.;n.a.;Súdwest-Fryslân;Fryslân;land;53.09161628152527;5.442273391733687;BU19001306;GM1900;BU19001306;GM1900;BU19001306;GM1900;False;False
16.0;20.0;80.0;207712.07774;567211.580701;Nederland;n.a.;BW80;Opsterland;Fryslân;land;53.089137543832784;6.173997129756952;BU00861607;GM0086;BU00861607;GM0086;BU00861607;GM0086;False;False
130.0;135.0;4200.0;255598.6;567234.6;Nederland;n.a.;n.a.;Veendam;Groningen;land;53.08251568254879;6.888586750900408;BU00470209;GM0047;BU00470209;GM0047;BU00470209;GM0047;False;False
13.0;15.0;15.0;247103.071288;567250.466691;Nederland;n.a.;EAZ wind;Aa en Hunze;Drenthe;land;53.084180781865356;6.761836937449424;BU16800909;GM1680;BU16800909;GM1680;BU16800909;GM1680;False;False
31.0;30.0;300.0;177205.9153;567280.9151;Nederland;n.a.;n.a.;Súdwest-Fryslân;Fryslân;land;53.09188703954616;5.718673752216364;BU19001904;GM1900;BU19001904;GM1900;BU19001904;GM1900;False;False
18.0;34.0;80.0;183933.8607;567286.8792;Nederland;n.a.;n.a.;Leeuwarden;Fryslân;land;53.09162043973765;5.819099593298083;BU00808207;GM0080;BU00808207;GM0080;BU00808207;GM0080;False;False
82.0;78.0;2000.0;158374.1397;567307.0011;Nederland;n.a.;n.a.;Súdwest-Fryslân;Fryslân;land;53.09256993967793;5.437573343816709;BU19001306;GM1900;BU19001306;GM1900;BU19001306;GM1900;False;False
44.0;35.0;750.0;171082.8556;567356.4025;Nederland;n.a.;n.a.;Súdwest-Fryslân;Fryslân;land;53.09278356765971;5.62727978877269;BU19002010;GM1900;BU19002010;GM1900;BU19002010;GM1900;False;False
82.0;78.0;2000.0;158054.0644;567414.1804;Nederland;n.a.;n.a.;Súdwest-Fryslân;Fryslân;land;53.09353496230584;5.432796547381271;BU19001307;GM1900;BU19001307;GM1900;BU19001307;GM1900;False;False
115.0;149.0;3000.0;277346.062216;567432.844192;Duitsland;n.a.;n.a.;n.a.;n.a.;land;53.07978768096244;7.213085855465888;n.a.;n.a.;n.a.;n.a.;n.a.;n.a.;False;False
136.0;109.0;4650.0;155734.946236;567488.999401;Nederland;n.a.;E-136 EP5;Súdwest-Fryslân;Fryslân;land;53.09421550057507;5.398178117247471;BU19001502;GM1900;BU19001502;GM1900;BU19001502;GM1900;False;False
127.0;158.0;4200.0;276840.045579;567502.297456;Duitsland;n.a.;n.a.;n.a.;n.a.;land;53.08052642540148;7.20556393444493;n.a.;n.a.;n.a.;n.a.;n.a.;n.a.;False;False
82.0;78.0;2000.0;157738.3765;567517.0385;Nederland;n.a.;n.a.;Súdwest-Fryslân;Fryslân;land;53.09446094187778;5.42808499604794;BU19001307;GM1900;BU19001307;GM1900;BU19001307;GM1900;False;False
44.0;35.0;750.0;171043.7018;567528.473;Nederland;n.a.;n.a.;Súdwest-Fryslân;Fryslân;land;53.09433093528858;5.626703873605967;BU19002010;GM1900;BU19002010;GM1900;BU19002010;GM1900;False;False
136.0;109.0;4650.0;155249.373103;567599.255497;Nederland;n.a.;E-136 EP5;Súdwest-Fryslân;Fryslân;land;53.09520670486527;5.390929707120496;BU19001502;GM1900;BU19001502;GM1900;BU19001502;GM1900;False;False
48.0;35.0;850.0;168723.3503;567725.630968;Nederland;n.a.;n.a.;Súdwest-Fryslân;Fryslân;land;53.096166869176045;5.592074782543134;BU19002009;GM1900;BU19002009;GM1900;BU19002009;GM1900;False;False
136.0;109.0;4650.0;156270.298111;567829.910878;Nederland;n.a.;E-136 EP5;Súdwest-Fryslân;Fryslân;land;53.09727788405832;5.406171050206595;BU19001501;GM1900;BU19001501;GM1900;BU19001501;GM1900;False;False
13.0;15.0;15.0;266112.722192;567892.651944;Nederland;n.a.;EAZ wind;Westerwolde;Groningen;land;53.086356811732045;7.045669782566719;BU19500208;GM1950;BU19500208;GM1950;BU19500208;GM1950;False;False
13.0;15.0;15.0;266115.462261;567920.684956;Nederland;n.a.;EAZ wind;Westerwolde;Groningen;land;53.08660806232666;7.045720288555112;BU19500208;GM1950;BU19500208;GM1950;BU19500208;GM1950;False;False
13.0;15.0;15.0;178673.849801;567927.96919;Nederland;n.a.;EAZ wind;Súdwest-Fryslân;Fryslân;land;53.09763862964502;5.740632524913985;BU19001900;GM1900;BU19001900;GM1900;BU19001900;GM1900;False;False
52.0;40.0;850.0;163822.7685;567940.0962;Nederland;n.a.;n.a.;Súdwest-Fryslân;Fryslân;land;53.09819691825758;5.518923009357528;BU19001408;GM1900;BU19001408;GM1900;BU19001408;GM1900;False;False
70.0;98.0;1800.0;277318.871155;567950.39581;Duitsland;n.a.;n.a.;n.a.;n.a.;land;53.08444262197464;7.212875802171127;n.a.;n.a.;n.a.;n.a.;n.a.;n.a.;False;False
136.0;109.0;4650.0;155914.263663;568022.720677;Nederland;n.a.;E-136 EP5;Súdwest-Fryslân;Fryslân;land;53.099011181492415;5.40085644532158;BU19001501;GM1900;BU19001501;GM1900;BU19001501;GM1900;False;False
70.0;98.0;1800.0;276817.826243;568029.55928;Duitsland;n.a.;n.a.;n.a.;n.a.;land;53.08526744847559;7.205430894780669;n.a.;n.a.;n.a.;n.a.;n.a.;n.a.;False;False
13.0;15.0;15.0;217436.59;568032.403996;Nederland;n.a.;EAZ wind;Westerkwartier;Groningen;land;53.09547088479163;6.319288290454054;BU19690509;GM1969;BU19690509;GM1969;BU19690509;GM1969;False;False
48.0;35.0;750.0;168727.9578;568100.181;Nederland;n.a.;n.a.;Súdwest-Fryslân;Fryslân;land;53.099532396901346;5.592159473136696;BU19002009;GM1900;BU19002009;GM1900;BU19002009;GM1900;False;False
136.0;109.0;4650.0;155373.324932;568157.92654;Nederland;n.a.;E-136 EP5;Súdwest-Fryslân;Fryslân;land;53.10022678381822;5.3927807311072495;BU19001509;GM1900;BU19001509;GM1900;BU19001509;GM1900;False;False
13.0;15.0;15.0;165700.871735;568180.882337;Nederland;n.a.;EAZ wind;Súdwest-Fryslân;Fryslân;land;53.10032643269237;5.54696926823917;BU19001408;GM1900;BU19001408;GM1900;BU19001408;GM1900;False;False
70.0;98.0;1800.0;277242.455373;568209.088798;Duitsland;n.a.;n.a.;n.a.;n.a.;land;53.08678363446413;7.211833514825021;n.a.;n.a.;n.a.;n.a.;n.a.;n.a.;False;False
13.0;15.0;15.0;178240.0;568329.0;Nederland;n.a.;EAZ wind;Súdwest-Fryslân;Fryslân;land;53.10126113568677;5.7341845514940495;BU19001900;GM1900;BU19001900;GM1900;BU19001900;GM1900;False;False
70.0;98.0;1800.0;276829.34699;568334.408139;Duitsland;n.a.;n.a.;n.a.;n.a.;land;53.08800305740573;7.205717513593542;n.a.;n.a.;n.a.;n.a.;n.a.;n.a.;False;False
16.0;18.0;25.0;251821.167892;568376.13161;Nederland;n.a.;n.a.;Veendam;Groningen;land;53.09346426911934;6.832569786765762;BU00470100;GM0047;BU00470100;GM0047;BU00470100;GM0047;False;False
70.0;98.0;1800.0;277208.469832;568529.654753;Duitsland;n.a.;n.a.;n.a.;n.a.;land;53.08967074732587;7.211447531288123;n.a.;n.a.;n.a.;n.a.;n.a.;n.a.;False;False
13.0;15.0;15.0;259918.081455;568597.008637;Nederland;n.a.;EAZ wind;Veendam;Groningen;land;53.09392886332164;6.95347159375026;BU00470102;GM0047;BU00470102;GM0047;BU00470102;GM0047;False;False
70.0;98.0;1800.0;276842.595398;568636.027776;Duitsland;n.a.;n.a.;n.a.;n.a.;land;53.09070926713683;7.206028731264768;n.a.;n.a.;n.a.;n.a.;n.a.;n.a.;False;False
48.0;35.0;750.0;166622.2757;568642.8621;Nederland;n.a.;n.a.;Súdwest-Fryslân;Fryslân;land;53.104458551320434;5.5607422335131;BU19002009;GM1900;BU19002009;GM1900;BU19002009;GM1900;False;False
31.0;32.5;300.0;159251.9718;568664.9681;Nederland;n.a.;n.a.;Súdwest-Fryslân;Fryslân;land;53.10476621957587;5.450694769553954;BU19001307;GM1900;BU19001307;GM1900;BU19001307;GM1900;False;False
13.0;15.0;15.0;176439.54097;568863.036217;Nederland;n.a.;EAZ wind;Súdwest-Fryslân;Fryslân;land;53.10613474108796;5.707339214083094;BU19002016;GM1900;BU19002016;GM1900;BU19002016;GM1900;False;False
13.0;15.0;15.0;177892.0;568880.0;Nederland;n.a.;EAZ wind;Súdwest-Fryslân;Fryslân;land;53.10622722191741;5.729027962078989;BU19002018;GM1900;BU19002018;GM1900;BU19002018;GM1900;False;False
13.0;15.0;15.0;174829.674922;568884.430198;Nederland;n.a.;EAZ wind;Súdwest-Fryslân;Fryslân;land;53.10638884324088;5.683302562177995;BU19002016;GM1900;BU19002016;GM1900;BU19002016;GM1900;False;False
13.0;15.0;15.0;229890.195618;568893.733582;Nederland;n.a.;EAZ wind;Tynaarlo;Drenthe;land;53.101618284944564;6.505369370738967;BU17301109;GM1730;BU17301109;GM1730;BU17301109;GM1730;False;False
13.0;15.0;15.0;177597.254321;568923.658544;Nederland;n.a.;EAZ wind;Súdwest-Fryslân;Fryslân;land;53.10663200899075;5.724629978129429;BU19002018;GM1900;BU19002018;GM1900;BU19002018;GM1900;False;False
70.0;98.0;1800.0;276856.831516;568955.229323;Duitsland;n.a.;n.a.;n.a.;n.a.;land;53.09357317293761;7.206361349293736;n.a.;n.a.;n.a.;n.a.;n.a.;n.a.;False;False
13.0;15.0;25.0;216442.908074;569124.323719;Nederland;n.a.;n.a.;Westerkwartier;Groningen;land;53.10539625080299;6.30466348169465;BU19690509;GM1969;BU19690509;GM1969;BU19690509;GM1969;False;False
13.0;15.0;15.0;182103.0;569146.0;Nederland;n.a.;EAZ wind;Leeuwarden;Fryslân;land;53.108421405716186;5.791927068660798;BU00808202;GM0080;BU00808202;GM0080;BU00808202;GM0080;False;False
29.6;36.0;225.0;181469.540489;569199.118147;Nederland;n.a.;M700-225;Leeuwarden;Fryslân;land;53.10893030411643;5.782472402307187;BU00808202;GM0080;BU00808202;GM0080;BU00808202;GM0080;False;False
18.0;31.4;80.0;170314.8152;569213.2321;Nederland;n.a.;n.a.;Súdwest-Fryslân;Fryslân;land;53.109491146758046;5.615903140938401;BU19002010;GM1900;BU19002010;GM1900;BU19002010;GM1900;False;False
70.0;98.0;1800.0;276869.47275;569269.793026;Duitsland;n.a.;n.a.;n.a.;n.a.;land;53.09639577911989;7.2066684682323565;n.a.;n.a.;n.a.;n.a.;n.a.;n.a.;False;False
16.0;20.0;25.0;156312.722729;569385.069338;Nederland;n.a.;SWP25-16TG20;Súdwest-Fryslân;Fryslân;land;53.11125222647111;5.406810764365016;BU19001307;GM1900;BU19001307;GM1900;BU19001307;GM1900;False;False
52.0;40.0;850.0;160037.1535;569400.7781;Nederland;n.a.;n.a.;Súdwest-Fryslân;Fryslân;land;53.111371293997536;5.46243007350045;BU19001306;GM1900;BU19001306;GM1900;BU19001306;GM1900;False;False
70.0;98.0;1800.0;277177.836842;569463.376971;Duitsland;n.a.;n.a.;n.a.;n.a.;land;53.0980645706725;7.211343082065275;n.a.;n.a.;n.a.;n.a.;n.a.;n.a.;False;False
48.0;40.0;600.0;172139.5116;569493.1231;Nederland;n.a.;n.a.;Súdwest-Fryslân;Fryslân;land;53.111951031415344;5.643165921454815;BU19002003;GM1900;BU19002003;GM1900;BU19002003;GM1900;False;False
13.0;15.0;15.0;219032.143275;569511.814214;Nederland;n.a.;EAZ wind;Westerkwartier;Groningen;land;53.10857541295256;6.343397216578177;BU19690503;GM1969;BU19690503;GM1969;BU19690503;GM1969;False;False
12.0;15.0;10.0;157971.784225;569571.969695;Nederland;n.a.;EAZ wind;Súdwest-Fryslân;Fryslân;land;53.1129250335293;5.4315882150751476;BU19001307;GM1900;BU19001307;GM1900;BU19001307;GM1900;False;False
70.0;98.0;1800.0;276886.004899;569583.275178;Duitsland;n.a.;n.a.;n.a.;n.a.;land;53.099207785189;7.207033285380014;n.a.;n.a.;n.a.;n.a.;n.a.;n.a.;False;False
12.0;15.0;10.0;157950.352932;569592.87182;Nederland;n.a.;EAZ wind;Súdwest-Fryslân;Fryslân;land;53.11311297503133;5.431268348253553;BU19001307;GM1900;BU19001307;GM1900;BU19001307;GM1900;False;False
52.0;35.0;900.0;173364.3153;569593.014;Nederland;n.a.;n.a.;Súdwest-Fryslân;Fryslân;land;53.11280812722248;5.661462432869318;BU19002015;GM1900;BU19002015;GM1900;BU19002015;GM1900;False;False
13.0;15.0;15.0;165074.930059;569605.260729;Nederland;n.a.;EAZ wind;Súdwest-Fryslân;Fryslân;land;53.11313777392065;5.537668531984772;BU19002013;GM1900;BU19002013;GM1900;BU19002013;GM1900;False;False
18.0;31.0;80.0;175661.9485;569619.8743;Nederland;n.a.;BW80;Súdwest-Fryslân;Fryslân;land;53.11296597746904;5.69577687997583;BU19002016;GM1900;BU19002016;GM1900;BU19002016;GM1900;False;False
130.0;135.0;4200.0;257246.4;569670.1;Nederland;n.a.;n.a.;Veendam;Groningen;land;53.10408364840352;6.91394059540582;BU00470109;GM0047;BU00470109;GM0047;BU00470109;GM0047;False;False
13.0;15.0;15.0;162300.263043;569696.667755;Nederland;n.a.;EAZ wind;Súdwest-Fryslân;Fryslân;land;53.114004074045454;5.496233144949825;BU19001309;GM1900;BU19001309;GM1900;BU19001309;GM1900;False;False
13.0;15.0;15.0;186922.51654;569755.515154;Nederland;n.a.;EAZ wind;Leeuwarden;Fryslân;land;53.113633413199665;5.86395327304301;BU00808207;GM0080;BU00808207;GM0080;BU00808207;GM0080;False;False
48.0;35.0;750.0;167902.8616;569781.2342;Nederland;n.a.;n.a.;Súdwest-Fryslân;Fryslân;land;53.11465849477066;5.579908362099022;BU19002014;GM1900;BU19002014;GM1900;BU19002014;GM1900;False;False
31.0;30.0;600.0;174345.5486;569792.0643;Nederland;n.a.;n.a.;Súdwest-Fryslân;Fryslân;land;53.11456228136283;5.676128057070819;BU19002015;GM1900;BU19002015;GM1900;BU19002015;GM1900;False;False
48.0;35.0;750.0;168102.4089;569814.4991;Nederland;n.a.;n.a.;Súdwest-Fryslân;Fryslân;land;53.11495257178843;5.58288988768418;BU19002014;GM1900;BU19002014;GM1900;BU19002014;GM1900;False;False
14.0;20.0;25.0;213364.292996;569833.711551;Nederland;n.a.;SWP25-14TG20;Opsterland;Fryslân;land;53.112113399070246;6.258827418331561;BU00861302;GM0086;BU00861302;GM0086;BU00861302;GM0086;False;False
70.0;98.0;1800.0;276904.771571;569884.556143;Duitsland;n.a.;n.a.;n.a.;n.a.;land;53.10190968637527;7.207426902618546;n.a.;n.a.;n.a.;n.a.;n.a.;n.a.;False;False
13.0;15.0;15.0;248274.783806;569937.870643;Nederland;n.a.;EAZ wind;Midden-Groningen;Groningen;land;53.108121656301826;6.780094581743712;BU19520502;GM1952;BU19520502;GM1952;BU19520502;GM1952;False;False
52.0;40.0;850.0;157236.9141;570057.2137;Nederland;n.a.;n.a.;Súdwest-Fryslân;Fryslân;land;53.11728893402573;5.420616925999696;BU19001307;GM1900;BU19001307;GM1900;BU19001307;GM1900;False;False
54.0;50.0;900.0;166485.4534;570096.905;Nederland;n.a.;n.a.;Súdwest-Fryslân;Fryslân;land;53.11752725638168;5.558751027760531;BU19002014;GM1900;BU19002014;GM1900;BU19002014;GM1900;False;False
130.0;135.0;4200.0;257208.3;570128.5;Nederland;n.a.;n.a.;Veendam;Groningen;land;53.10820882318404;6.913516794597619;BU00470109;GM0047;BU00470109;GM0047;BU00470109;GM0047;False;False
70.0;98.0;1800.0;276923.029777;570195.221103;Duitsland;n.a.;n.a.;n.a.;n.a.;land;53.10469598867818;7.207816519774415;n.a.;n.a.;n.a.;n.a.;n.a.;n.a.;False;False
52.0;40.0;850.0;161899.0039;570233.1445;Nederland;n.a.;n.a.;Súdwest-Fryslân;Fryslân;land;53.11883006911101;5.490252008733077;BU19001309;GM1900;BU19001309;GM1900;BU19001309;GM1900;False;False
70.0;98.0;1800.0;277344.036121;570303.934853;Duitsland;n.a.;n.a.;n.a.;n.a.;land;53.10557677371982;7.21414122818347;n.a.;n.a.;n.a.;n.a.;n.a.;n.a.;False;False
13.0;15.0;15.0;209745.630005;570429.100098;Nederland;n.a.;EAZ wind;Westerkwartier;Groningen;land;53.117844056834464;6.204892176471794;BU19691107;GM1969;BU19691107;GM1969;BU19691107;GM1969;False;False
70.0;98.0;1800.0;277014.822822;570516.640255;Duitsland;n.a.;n.a.;n.a.;n.a.;land;53.10756218791686;7.209307837016994;n.a.;n.a.;n.a.;n.a.;n.a.;n.a.;False;False
13.0;15.0;15.0;164855.005922;570546.616178;Nederland;n.a.;EAZ wind;Súdwest-Fryslân;Fryslân;land;53.12160069556808;5.534412883461524;BU19001400;GM1900;BU19001400;GM1900;BU19001400;GM1900;False;False
130.0;135.0;4200.0;257167.8;570586.8;Nederland;n.a.;n.a.;Veendam;Groningen;land;53.11233354961303;6.9130570544706424;BU00470109;GM0047;BU00470109;GM0047;BU00470109;GM0047;False;False
13.0;15.0;15.0;250879.718085;570611.264762;Nederland;n.a.;EAZ wind;Veendam;Groningen;land;53.11371253858473;6.819182665326847;BU00470100;GM0047;BU00470100;GM0047;BU00470100;GM0047;False;False
70.0;98.0;1800.0;277396.562492;570620.7599;Duitsland;n.a.;n.a.;n.a.;n.a.;land;53.10841057291906;7.215045144626508;n.a.;n.a.;n.a.;n.a.;n.a.;n.a.;False;False
52.0;41.5;850.0;158120.7057;570642.226;Nederland;n.a.;n.a.;Súdwest-Fryslân;Fryslân;land;53.12254132299411;5.433822604724185;BU19001307;GM1900;BU19001307;GM1900;BU19001307;GM1900;False;False
70.0;98.0;1800.0;277843.452424;570698.750347;Duitsland;n.a.;n.a.;n.a.;n.a.;land;53.10900909387293;7.2217452188075715;n.a.;n.a.;n.a.;n.a.;n.a.;n.a.;False;False
13.0;15.0;15.0;256583.257507;570735.204102;Nederland;n.a.;EAZ wind;Veendam;Groningen;land;53.113777565049276;6.904376669157199;BU00470109;GM0047;BU00470109;GM0047;BU00470109;GM0047;False;False
44.0;35.0;750.0;172320.6087;570751.7899;Nederland;n.a.;n.a.;Leeuwarden;Fryslân;land;53.123255289529155;5.645937880330679;BU00808117;GM0080;BU00808117;GM0080;BU00808117;GM0080;False;False
31.0;30.0;300.0;167217.1319;570777.2029;Nederland;n.a.;n.a.;Súdwest-Fryslân;Fryslân;land;53.123624106134756;5.569704892923518;BU19002014;GM1900;BU19002014;GM1900;BU19002014;GM1900;False;False
13.0;15.0;15.0;174602.850626;570803.288322;Nederland;n.a.;EAZ wind;Súdwest-Fryslân;Fryslân;land;53.12363953238642;5.680032134400827;BU19002015;GM1900;BU19002015;GM1900;BU19002015;GM1900;False;False
70.0;98.0;1800.0;277651.893708;570803.525557;Duitsland;n.a.;n.a.;n.a.;n.a.;land;53.109993963305186;7.21892565474416;n.a.;n.a.;n.a.;n.a.;n.a.;n.a.;False;False
70.0;98.0;1800.0;277035.795974;570810.073731;Duitsland;n.a.;n.a.;n.a.;n.a.;land;53.11019308508299;7.2097316521247095;n.a.;n.a.;n.a.;n.a.;n.a.;n.a.;False;False
48.0;36.0;750.0;169767.7254;570859.97;Nederland;n.a.;n.a.;Súdwest-Fryslân;Fryslân;land;53.12430369415513;5.607808823546917;BU19002011;GM1900;BU19002011;GM1900;BU19002011;GM1900;False;False
70.0;98.0;1800.0;277417.139453;570942.865131;Duitsland;n.a.;n.a.;n.a.;n.a.;land;53.111299071115475;7.215474260454041;n.a.;n.a.;n.a.;n.a.;n.a.;n.a.;False;False
13.0;15.0;15.0;268793.172006;570962.688412;Nederland;n.a.;EAZ wind;Westerwolde;Groningen;land;53.11337319617793;7.086741372634077;BU19500200;GM1950;BU19500200;GM1950;BU19500200;GM1950;False;False
13.0;15.0;15.0;170696.547399;570986.888106;Nederland;n.a.;EAZ wind;Súdwest-Fryslân;Fryslân;land;53.125417782445325;5.621689716146116;BU19002011;GM1900;BU19002011;GM1900;BU19002011;GM1900;False;False
130.0;135.0;4200.0;257129.8;571045.2;Nederland;n.a.;n.a.;Veendam;Groningen;land;53.116458692235256;6.912634590144592;BU00470109;GM0047;BU00470109;GM0047;BU00470109;GM0047;False;False
13.0;15.0;15.0;210660.367126;571066.589111;Nederland;n.a.;EAZ wind;Westerkwartier;Groningen;land;53.12347789255393;6.218663228588794;BU19691107;GM1969;BU19691107;GM1969;BU19691107;GM1969;False;False
92.0;138.0;2350.0;277141.727721;571069.073484;Duitsland;n.a.;n.a.;n.a.;n.a.;land;53.11249538071091;7.21141076441311;n.a.;n.a.;n.a.;n.a.;n.a.;n.a.;False;False
48.0;36.0;750.0;166354.1935;571097.409;Nederland;n.a.;n.a.;Súdwest-Fryslân;Fryslân;land;53.126520363035745;5.556825768421911;BU19002014;GM1900;BU19002014;GM1900;BU19002014;GM1900;False;False
48.0;36.0;750.0;167786.2348;571105.8238;Nederland;n.a.;n.a.;Súdwest-Fryslân;Fryslân;land;53.12656375628995;5.578219043974912;BU19002014;GM1900;BU19002014;GM1900;BU19002014;GM1900;False;False
16.0;20.0;80.0;157805.715885;571174.196046;Nederland;n.a.;BW80;Súdwest-Fryslân;Fryslân;land;53.1273232469413;5.429122094313622;BU19001307;GM1900;BU19001307;GM1900;BU19001307;GM1900;False;False
16.0;20.0;80.0;157742.28915;571179.622933;Nederland;n.a.;BW80;Súdwest-Fryslân;Fryslân;land;53.127372340972144;5.4281746018758295;BU19001307;GM1900;BU19001307;GM1900;BU19001307;GM1900;False;False
13.0;15.0;15.0;165519.450466;571201.37313;Nederland;n.a.;EAZ wind;Súdwest-Fryslân;Fryslân;land;53.12747158035975;5.544359104561935;BU19001407;GM1900;BU19001407;GM1900;BU19001407;GM1900;False;False
16.0;20.0;45.0;162375.403119;571225.591873;Nederland;n.a.;BW45;Súdwest-Fryslân;Fryslân;land;53.1277416615814;5.4973902807476565;BU19001309;GM1900;BU19001309;GM1900;BU19001309;GM1900;False;False
13.0;15.0;15.0;231666.778505;571390.189848;Nederland;n.a.;EAZ wind;Tynaarlo;Drenthe;land;53.123796829636355;6.5324821354953055;BU17301100;GM1730;BU17301100;GM1730;BU17301100;GM1730;False;False
13.0;15.0;15.0;176436.0;571509.0;Nederland;n.a.;EAZ wind;Leeuwarden;Fryslân;land;53.12991075417059;5.707461960957353;BU00808104;GM0080;BU00808104;GM0080;BU00808104;GM0080;False;False
48.0;36.0;750.0;167992.9593;571523.9263;Nederland;n.a.;n.a.;Súdwest-Fryslân;Fryslân;land;53.13031575672898;5.5813240923741265;BU19002014;GM1900;BU19002014;GM1900;BU19002014;GM1900;False;False
13.0;15.0;15.0;172475.615841;571539.597841;Nederland;n.a.;EAZ wind;Leeuwarden;Fryslân;land;53.130329290904676;5.648295965901906;BU00808117;GM0080;BU00808117;GM0080;BU00808117;GM0080;False;False
13.0;15.0;15.0;176451.950244;571634.204671;Nederland;n.a.;EAZ wind;Leeuwarden;Fryslân;land;53.13103516586266;5.707708575869493;BU00808104;GM0080;BU00808104;GM0080;BU00808104;GM0080;False;False
14.0;15.0;10.0;181234.029848;571647.260891;Nederland;n.a.;BW10;Leeuwarden;Fryslân;land;53.13094001683415;5.779154500463117;BU00808102;GM0080;BU00808102;GM0080;BU00808102;GM0080;False;False
14.0;20.0;25.0;171316.711561;571690.143625;Nederland;n.a.;SWP25-14TG20;Waadhoeke;Fryslân;land;53.13171854840823;5.630989502090686;BU19495300;GM1949;BU19495300;GM1949;BU19495300;GM1949;False;False
13.0;15.0;15.0;166099.955378;571700.27335;Nederland;n.a.;EAZ wind;Súdwest-Fryslân;Fryslân;land;53.131942882001105;5.5530485012855495;BU19002014;GM1900;BU19002014;GM1900;BU19002014;GM1900;False;False
13.0;15.0;15.0;181999.127987;571714.073885;Nederland;n.a.;EAZ wind;Leeuwarden;Fryslân;land;53.1315024266528;5.790590704531371;BU00808102;GM0080;BU00808102;GM0080;BU00808102;GM0080;False;False
13.0;15.0;15.0;210716.473999;571755.737122;Nederland;n.a.;EAZ wind;Westerkwartier;Groningen;land;53.12966408811891;6.219620172289711;BU19691108;GM1969;BU19691108;GM1969;BU19691108;GM1969;False;False
13.0;15.0;15.0;213671.208206;571963.615378;Nederland;n.a.;n.a.;Westerkwartier;Groningen;land;53.131217058860955;6.263797283063241;BU19691209;GM1969;BU19691209;GM1969;BU19691209;GM1969;False;False
13.0;15.0;15.0;211435.836578;572020.094792;Nederland;n.a.;EAZ wind;Westerkwartier;Groningen;land;53.13196419634148;6.230412657396076;BU19691107;GM1969;BU19691107;GM1969;BU19691107;GM1969;False;False
16.0;20.0;45.0;163149.46333;572043.076184;Nederland;n.a.;BW45;Súdwest-Fryslân;Fryslân;land;53.13507618363879;5.508974807556613;BU19001309;GM1900;BU19001309;GM1900;BU19001309;GM1900;False;False
13.0;15.0;15.0;276100.562722;572044.850361;Duitsland;n.a.;EAZ wind;n.a.;n.a.;land;53.12149570436346;7.196234008736457;n.a.;n.a.;n.a.;n.a.;n.a.;n.a.;False;False
52.0;42.0;850.0;158115.7243;572081.5714;Nederland;n.a.;n.a.;Súdwest-Fryslân;Fryslân;land;53.13547501353358;5.433762131649455;BU19001308;GM1900;BU19001308;GM1900;BU19001308;GM1900;False;False
13.0;15.0;15.0;185489.167614;572179.206683;Nederland;n.a.;EAZ wind;Leeuwarden;Fryslân;land;53.13549497782344;5.842776472615239;BU00808005;GM0080;BU00808005;GM0080;BU00808005;GM0080;False;False
13.0;15.0;15.0;260673.768188;572257.30011;Nederland;n.a.;EAZ wind;Oldambt;Groningen;land;53.126661457754764;6.96594528888298;BU18950708;GM1895;BU18950708;GM1895;BU18950708;GM1895;False;False
16.0;20.0;25.0;159884.546664;572284.130927;Nederland;n.a.;SWP25-16TG20;Súdwest-Fryslân;Fryslân;land;53.137281949318236;5.460194802420612;BU19001308;GM1900;BU19001308;GM1900;BU19001308;GM1900;False;False
13.0;15.0;15.0;171794.846802;572441.61731;Nederland;n.a.;EAZ wind;Waadhoeke;Fryslân;land;53.13845631814096;5.638172207692182;BU19495300;GM1949;BU19495300;GM1949;BU19495300;GM1949;False;False
52.0;40.0;850.0;163351.6445;572520.7709;Nederland;n.a.;n.a.;Súdwest-Fryslân;Fryslân;land;53.139365519998734;5.512008126131276;BU19001309;GM1900;BU19001309;GM1900;BU19001309;GM1900;False;False
52.0;40.0;850.0;161041.3793;572561.574;Nederland;n.a.;n.a.;Súdwest-Fryslân;Fryslân;land;53.13976318932251;5.477486016592809;BU19001309;GM1900;BU19001309;GM1900;BU19001309;GM1900;False;False
31.0;30.0;300.0;162499.9978;572746.8709;Nederland;n.a.;n.a.;Waadhoeke;Fryslân;land;53.14140979127272;5.4992870235951505;BU19491500;GM1949;BU19491500;GM1949;BU19491500;GM1949;False;False
31.0;30.0;300.0;159382.1297;572873.011;Nederland;n.a.;n.a.;Súdwest-Fryslân;Fryslân;land;53.14257783202436;5.452695431303833;BU19001308;GM1900;BU19001308;GM1900;BU19001308;GM1900;False;False
16.0;18.0;25.0;260780.932818;572999.368417;Nederland;n.a.;n.a.;Oldambt;Groningen;land;53.13330635785806;6.967788798867786;BU18950708;GM1895;BU18950708;GM1895;BU18950708;GM1895;False;False
13.0;15.0;15.0;186058.0;573125.0;Nederland;n.a.;EAZ wind;Leeuwarden;Fryslân;land;53.143960807125175;5.851366743791391;BU00808005;GM0080;BU00808005;GM0080;BU00808005;GM0080;False;False
16.0;18.0;25.0;270320.685784;573232.537312;Nederland;n.a.;n.a.;Westerwolde;Groningen;land;53.133436346050345;7.110355660399851;BU19500206;GM1950;BU19500206;GM1950;BU19500206;GM1950;False;False
18.0;31.4;80.0;173704.9548;573247.8725;Nederland;n.a.;n.a.;Leeuwarden;Fryslân;land;53.14563786047413;5.666761352275137;BU00808115;GM0080;BU00808115;GM0080;BU00808115;GM0080;False;False
13.0;15.0;15.0;189397.033829;573428.342883;Nederland;n.a.;EAZ wind;Leeuwarden;Fryslân;land;53.146482797111595;5.901298856863084;BU00808008;GM0080;BU00808008;GM0080;BU00808008;GM0080;False;False
13.0;15.0;10.0;256587.842507;573468.954478;Nederland;n.a.;BW10;Midden-Groningen;Groningen;land;53.13833460977243;6.905304979361482;BU19522101;GM1952;BU19522101;GM1952;BU19522101;GM1952;False;False
18.0;31.0;80.0;164636.9896;573694.8706;Nederland;n.a.;n.a.;Waadhoeke;Fryslân;land;53.1498940966302;5.531250440309301;BU19494800;GM1949;BU19494800;GM1949;BU19494800;GM1949;False;False
16.0;18.0;25.0;261657.602096;573819.017236;Nederland;n.a.;n.a.;Oldambt;Groningen;land;53.14049575181925;6.981153965998536;BU18950700;GM1895;BU18950700;GM1895;BU18950700;GM1895;False;False
14.0;20.0;25.0;160624.744016;573819.606873;Nederland;n.a.;SWP25 14TG20;Harlingen;Fryslân;land;53.15107208452617;5.471282045963054;BU00720009;GM0072;BU00720009;GM0072;BU00720009;GM0072;False;False
13.0;15.0;15.0;244549.276874;573852.553614;Nederland;n.a.;EAZ wind;Midden-Groningen;Groningen;land;53.14392433472228;6.725561349448476;BU19520604;GM1952;BU19520604;GM1952;BU19520604;GM1952;False;False
13.0;15.0;15.0;161261.0;574197.0;Nederland;n.a.;EAZ wind;Waadhoeke;Fryslân;land;53.154456172667544;5.480799687523018;BU19491500;GM1949;BU19491500;GM1949;BU19491500;GM1949;False;False
13.0;15.0;15.0;190110.86348;574200.713118;Nederland;n.a.;EAZ wind;Leeuwarden;Fryslân;land;53.15337663165225;5.912051285571535;BU00808008;GM0080;BU00808008;GM0080;BU00808008;GM0080;False;False
13.0;15.0;15.0;215082.143005;574205.56311;Nederland;n.a.;EAZ wind;Westerkwartier;Groningen;land;53.15120458064242;6.285292634462573;BU19691100;GM1969;BU19691100;GM1969;BU19691100;GM1969;False;False
130.0;135.0;4200.0;255704.2;574290.0;Nederland;n.a.;n.a.;Midden-Groningen;Groningen;land;53.14587676356271;6.8923607318282345;BU19521803;GM1952;BU19521803;GM1952;BU19521803;GM1952;False;False
15.6;31.4;75.0;160714.0048;574303.8705;Nederland;n.a.;n.a.;Harlingen;Fryslân;land;53.155422596218784;5.472624849269071;BU00720009;GM0072;BU00720009;GM0072;BU00720009;GM0072;False;False
18.0;34.0;80.0;168019.9765;574505.8708;Nederland;n.a.;n.a.;Waadhoeke;Fryslân;land;53.157109996853286;5.581848149701414;BU19494800;GM1949;BU19494800;GM1949;BU19494800;GM1949;False;False
15.6;34.0;75.0;167992.9766;574574.8708;Nederland;n.a.;n.a.;Waadhoeke;Fryslân;land;53.15773066344288;5.5814473022246105;BU19494800;GM1949;BU19494800;GM1949;BU19494800;GM1949;False;False
18.0;31.4;80.0;180158.3694;574624.5549;Nederland;n.a.;BW80;Leeuwarden;Fryslân;land;53.15774427820033;5.763316259576428;BU00808108;GM0080;BU00808108;GM0080;BU00808108;GM0080;False;False
130.0;135.0;4200.0;256355.9;574659.4;Nederland;n.a.;n.a.;Midden-Groningen;Groningen;land;53.14907245648867;6.902214001356547;BU19522102;GM1952;BU19522102;GM1952;BU19522102;GM1952;False;False
130.0;135.0;4200.0;255653.4;574726.9;Nederland;n.a.;n.a.;Midden-Groningen;Groningen;land;53.14981106017892;6.891738026285626;BU19521803;GM1952;BU19521803;GM1952;BU19521803;GM1952;False;False
130.0;135.0;4200.0;256924.0;574749.4;Nederland;n.a.;n.a.;Midden-Groningen;Groningen;land;53.1497733294586;6.910731162355108;BU19522102;GM1952;BU19522102;GM1952;BU19522102;GM1952;False;False
130.0;135.0;4200.0;257558.9;574850.6;Nederland;n.a.;n.a.;Midden-Groningen;Groningen;land;53.15056144280534;6.920250328167829;BU19522102;GM1952;BU19522102;GM1952;BU19522102;GM1952;False;False
13.0;15.0;15.0;178276.06418;574858.899858;Nederland;n.a.;EAZ wind;Leeuwarden;Fryslân;land;53.159935012752406;5.735193891327268;BU00808108;GM0080;BU00808108;GM0080;BU00808108;GM0080;False;False
13.0;15.0;15.0;178318.308444;574860.796109;Nederland;n.a.;EAZ wind;Leeuwarden;Fryslân;land;53.159950215666164;5.73582558515029;BU00808108;GM0080;BU00808108;GM0080;BU00808108;GM0080;False;False
16.0;18.0;25.0;272411.361753;574878.466546;Nederland;n.a.;n.a.;Westerwolde;Groningen;land;53.147767446851624;7.142179780151247;BU19500009;GM1950;BU19500009;GM1950;BU19500009;GM1950;False;False
13.0;15.0;15.0;253580.599988;574931.439143;Nederland;n.a.;EAZ wind;Midden-Groningen;Groningen;land;53.15203332776705;6.860827072239786;BU19521804;GM1952;BU19521804;GM1952;BU19521804;GM1952;False;False
130.0;135.0;4200.0;258275.7;574966.6;Nederland;n.a.;n.a.;Midden-Groningen;Groningen;land;53.15146599012749;6.930998400606733;BU19522102;GM1952;BU19522102;GM1952;BU19522102;GM1952;False;False
130.0;135.0;4200.0;258829.4;575051.2;Nederland;n.a.;n.a.;Midden-Groningen;Groningen;land;53.15211909221474;6.939299555790047;BU19522102;GM1952;BU19522102;GM1952;BU19522102;GM1952;False;False
29.6;30.0;225.0;162893.0964;575066.1702;Nederland;n.a.;n.a.;Waadhoeke;Fryslân;land;53.16224471036269;5.5052183032089195;BU19493000;GM1949;BU19493000;GM1949;BU19493000;GM1949;False;False
13.0;15.0;15.0;169268.131775;575067.635193;Nederland;n.a.;EAZ wind;Waadhoeke;Fryslân;land;53.16212604985963;5.600532084471902;BU19495400;GM1949;BU19495400;GM1949;BU19495400;GM1949;False;False
13.0;15.0;15.0;187213.0;575104.0;Nederland;n.a.;EAZ wind;Leeuwarden;Fryslân;land;53.16167494486985;5.868825271730676;BU00808006;GM0080;BU00808006;GM0080;BU00808006;GM0080;False;False
130.0;135.0;4200.0;256260.0;575179.0;Nederland;n.a.;n.a.;Midden-Groningen;Groningen;land;53.153758218824734;6.900944152235037;BU19522102;GM1952;BU19522102;GM1952;BU19522102;GM1952;False;False
18.0;31.4;80.0;177623.3165;575221.0189;Nederland;n.a.;n.a.;Leeuwarden;Fryslân;land;53.1632167996097;5.72546063932303;BU00808107;GM0080;BU00808107;GM0080;BU00808107;GM0080;False;False
44.0;35.0;750.0;168364.9983;575256.3964;Nederland;n.a.;n.a.;Waadhoeke;Fryslân;land;53.16384547446146;5.587037127413608;BU19495400;GM1949;BU19495400;GM1949;BU19495400;GM1949;False;False
130.0;135.0;4200.0;256787.9;575257.9;Nederland;n.a.;n.a.;Midden-Groningen;Groningen;land;53.15436709333591;6.90885795666159;BU19522102;GM1952;BU19522102;GM1952;BU19522102;GM1952;False;False
130.0;135.0;4200.0;257415.9;575359.0;Nederland;n.a.;n.a.;Midden-Groningen;Groningen;land;53.155155769571195;6.918274952476443;BU19522102;GM1952;BU19522102;GM1952;BU19522102;GM1952;False;False
13.0;15.0;15.0;198614.420417;575411.714729;Nederland;n.a.;EAZ wind;Tytsjerksteradiel;Fryslân;land;53.1636337473781;6.039320772703129;BU07370609;GM0737;BU07370609;GM0737;BU07370609;GM0737;False;False
44.0;35.0;600.0;168134.9752;575429.1841;Nederland;n.a.;n.a.;Waadhoeke;Fryslân;land;53.16540377151406;5.583604951375854;BU19495400;GM1949;BU19495400;GM1949;BU19495400;GM1949;False;False
130.0;135.0;4200.0;258090.8;575467.7;Nederland;n.a.;n.a.;Midden-Groningen;Groningen;land;53.156002965463756;6.928395613586527;BU19522102;GM1952;BU19522102;GM1952;BU19522102;GM1952;False;False
130.0;135.0;4200.0;258627.2;575553.6;Nederland;n.a.;n.a.;Midden-Groningen;Groningen;land;53.1566712637072;6.93643947487318;BU19522102;GM1952;BU19522102;GM1952;BU19522102;GM1952;False;False
13.0;15.0;15.0;165713.0;575747.0;Nederland;n.a.;EAZ wind;Waadhoeke;Fryslân;land;53.16831345224657;5.547401663690162;BU19494800;GM1949;BU19494800;GM1949;BU19494800;GM1949;False;False
130.0;135.0;4200.0;256150.4;575755.4;Nederland;n.a.;n.a.;Midden-Groningen;Groningen;land;53.15895678841909;6.899487098030934;BU19522102;GM1952;BU19522102;GM1952;BU19522102;GM1952;False;False
14.0;20.0;25.0;162962.785393;575772.785976;Nederland;n.a.;SWP25-14TG20;Waadhoeke;Fryslân;land;53.16859309971948;5.506277713840402;BU19493000;GM1949;BU19493000;GM1949;BU19493000;GM1949;False;False
14.0;15.0;25.0;169231.440979;575827.758423;Nederland;n.a.;n.a.;Waadhoeke;Fryslân;land;53.16895721960586;5.600017107072625;BU19495400;GM1949;BU19495400;GM1949;BU19495400;GM1949;False;False
130.0;135.0;4200.0;256635.5;575829.0;Nederland;n.a.;n.a.;Midden-Groningen;Groningen;land;53.15952625515646;6.906760476472097;BU19522102;GM1952;BU19522102;GM1952;BU19522102;GM1952;False;False
13.0;15.0;15.0;192601.731271;576005.534533;Nederland;n.a.;EAZ wind;Tytsjerksteradiel;Fryslân;land;53.169424751199514;5.949494150757991;BU07370509;GM0737;BU07370509;GM0737;BU07370509;GM0737;False;False
130.0;135.0;4200.0;257897.5;576028.7;Nederland;n.a.;n.a.;Midden-Groningen;Groningen;land;53.16107957648988;6.925685856251061;BU19522102;GM1952;BU19522102;GM1952;BU19522102;GM1952;False;False
130.0;135.0;4200.0;258409.5;576111.0;Nederland;n.a.;n.a.;Midden-Groningen;Groningen;land;53.16172041777941;6.933364770858778;BU19522102;GM1952;BU19522102;GM1952;BU19522102;GM1952;False;False
44.0;35.0;750.0;168501.5123;576183.9954;Nederland;n.a.;n.a.;Waadhoeke;Fryslân;land;53.17217712243602;5.589117128225716;BU19495400;GM1949;BU19495400;GM1949;BU19495400;GM1949;False;False
130.0;135.0;4200.0;256065.8;576205.9;Nederland;n.a.;n.a.;Midden-Groningen;Groningen;land;53.16301964467764;6.898363914985946;BU19522102;GM1952;BU19522102;GM1952;BU19522102;GM1952;False;False
13.0;15.0;15.0;167562.742615;576284.97113;Nederland;n.a.;EAZ wind;Waadhoeke;Fryslân;land;53.17310728712756;5.575082214652749;BU19492800;GM1949;BU19492800;GM1949;BU19492800;GM1949;False;False
130.0;135.0;4200.0;256510.0;576309.4;Nederland;n.a.;n.a.;Midden-Groningen;Groningen;land;53.163865513987275;6.905036032111153;BU19522102;GM1952;BU19522102;GM1952;BU19522102;GM1952;False;False
13.0;15.0;10.0;167297.0;576320.0;Nederland;n.a.;BW10;Waadhoeke;Fryslân;land;53.173428209438676;5.571109412376669;BU19492800;GM1949;BU19492800;GM1949;BU19492800;GM1949;False;False
13.0;15.0;15.0;171354.058934;576391.95826;Nederland;n.a.;EAZ wind;Waadhoeke;Fryslân;land;53.17396632649816;5.631786055487202;BU19492600;GM1949;BU19492600;GM1949;BU19492600;GM1949;False;False
130.0;135.0;4200.0;257110.3;576444.1;Nederland;n.a.;n.a.;Midden-Groningen;Groningen;land;53.164961586727436;6.914051622998712;BU19522102;GM1952;BU19522102;GM1952;BU19522102;GM1952;False;False
14.0;15.0;25.0;190140.831834;576516.216871;Nederland;n.a.;n.a.;Tytsjerksteradiel;Fryslân;land;53.17418036961954;5.9127517407457395;BU07370409;GM0737;BU07370409;GM0737;BU07370409;GM0737;False;False
130.0;135.0;4200.0;255480.7;576524.1;Nederland;n.a.;n.a.;Midden-Groningen;Groningen;land;53.16598802081293;6.889717489034841;BU19522004;GM1952;BU19522004;GM1952;BU19522004;GM1952;False;False
13.0;15.0;10.0;167902.96109;576550.932474;Nederland;n.a.;BW10;Waadhoeke;Fryslân;land;53.175489030778856;5.580180789973775;BU19492800;GM1949;BU19492800;GM1949;BU19492800;GM1949;False;False
10.0;15.0;15.0;254182.825667;576563.394667;Nederland;n.a.;EAZ wind;Midden-Groningen;Groningen;land;53.166582607923786;6.870328501438799;BU19522002;GM1952;BU19522002;GM1952;BU19522002;GM1952;False;False
130.0;135.0;4200.0;257679.4;576582.1;Nederland;n.a.;n.a.;Midden-Groningen;Groningen;land;53.166092597812636;6.922602334299895;BU19522102;GM1952;BU19522102;GM1952;BU19522102;GM1952;False;False
13.0;15.0;15.0;260673.087585;576632.913696;Nederland;n.a.;EAZ wind;Oldambt;Groningen;land;53.1659675503591;6.967368266871307;BU18950709;GM1895;BU18950709;GM1895;BU18950709;GM1895;False;False
13.0;15.0;15.0;260703.16272;576633.908508;Nederland;n.a.;EAZ wind;Oldambt;Groningen;land;53.165970559889544;6.967818149724318;BU18950709;GM1895;BU18950709;GM1895;BU18950709;GM1895;False;False
13.0;15.0;15.0;260733.042297;576635.083313;Nederland;n.a.;EAZ wind;Oldambt;Groningen;land;53.16597522319527;6.968265169377154;BU18950709;GM1895;BU18950709;GM1895;BU18950709;GM1895;False;False
130.0;135.0;4200.0;255986.8;576662.2;Nederland;n.a.;n.a.;Midden-Groningen;Groningen;land;53.167133533628586;6.897326054496573;BU19522004;GM1952;BU19522004;GM1952;BU19522004;GM1952;False;False
71.0;60.0;2300.0;159689.9054;576685.421;Nederland;n.a.;n.a.;Harlingen;Fryslân;land;53.17683240864819;5.457350531349306;BU00720109;GM0072;BU00720109;GM0072;BU00720109;GM0072;False;False
130.0;135.0;4200.0;258163.0;576698.1;Nederland;n.a.;n.a.;Oldambt;Groningen;land;53.167041824177296;6.929868351140761;BU18950809;GM1895;BU18950809;GM1895;BU18950809;GM1895;False;False
13.0;15.0;15.0;188886.996404;576720.86549;Nederland;n.a.;EAZ wind;Tytsjerksteradiel;Fryslân;land;53.17609994508752;5.89402241530568;BU07370409;GM0737;BU07370409;GM0737;BU07370409;GM0737;False;False
130.0;135.0;4200.0;256382.6;576773.2;Nederland;n.a.;n.a.;Midden-Groningen;Groningen;land;53.168055982735204;6.9032776210166285;BU19522004;GM1952;BU19522004;GM1952;BU19522004;GM1952;False;False
52.0;35.0;850.0;161844.938;576804.0088;Nederland;n.a.;n.a.;Waadhoeke;Fryslân;land;53.177874770551114;5.489584113566256;BU19492900;GM1949;BU19492900;GM1949;BU19492900;GM1949;False;False
13.0;15.0;15.0;176470.433228;576857.053711;Nederland;n.a.;EAZ wind;Waadhoeke;Fryslân;land;53.17796490213532;5.708332597241619;BU19492100;GM1949;BU19492100;GM1949;BU19492100;GM1949;False;False
130.0;135.0;4200.0;256972.1;576935.1;Nederland;n.a.;n.a.;Oldambt;Groningen;land;53.1693985767124;6.912141198089978;BU18950809;GM1895;BU18950809;GM1895;BU18950809;GM1895;False;False
52.0;35.0;850.0;161917.9631;576994.9061;Nederland;n.a.;n.a.;Waadhoeke;Fryslân;land;53.179589166454285;5.490680423046329;BU19492900;GM1949;BU19492900;GM1949;BU19492900;GM1949;False;False
31.0;40.0;225.0;167053.755918;577056.378331;Nederland;n.a.;n.a.;Waadhoeke;Fryslân;land;53.18005055528613;5.567499286058837;BU19492806;GM1949;BU19492806;GM1949;BU19492806;GM1949;False;False
82.0;66.0;2300.0;159782.682087;577060.160889;Nederland;n.a.;Enercon E82;Harlingen;Fryslân;land;53.18019886812855;5.4587436945635766;BU00720109;GM0072;BU00720109;GM0072;BU00720109;GM0072;False;False
130.0;135.0;4200.0;257500.5;577081.6;Nederland;n.a.;n.a.;Oldambt;Groningen;land;53.170613856425376;6.920086991454414;BU18950809;GM1895;BU18950809;GM1895;BU18950809;GM1895;False;False
52.2;40.0;850.0;166853.7054;577136.7926;Nederland;n.a.;n.a.;Waadhoeke;Fryslân;land;53.18077759177011;5.5645100427264715;BU19492806;GM1949;BU19492806;GM1949;BU19492806;GM1949;False;False
52.0;35.0;850.0;162064.8072;577139.3689;Nederland;n.a.;n.a.;Waadhoeke;Fryslân;land;53.18088533867521;5.492879963347049;BU19492900;GM1949;BU19492900;GM1949;BU19492900;GM1949;False;False
52.0;40.0;850.0;163179.9955;577165.8696;Nederland;n.a.;n.a.;Waadhoeke;Fryslân;land;53.18110758499798;5.509561147151962;BU19492805;GM1949;BU19492805;GM1949;BU19492805;GM1949;False;False
52.2;40.0;900.0;164137.9353;577191.4648;Nederland;n.a.;n.a.;Waadhoeke;Fryslân;land;53.18132208147769;5.523890395125879;BU19492805;GM1949;BU19492805;GM1949;BU19492805;GM1949;False;False
52.0;35.0;850.0;162259.2763;577193.344;Nederland;n.a.;n.a.;Waadhoeke;Fryslân;land;53.18136773707794;5.495789968488923;BU19492900;GM1949;BU19492900;GM1949;BU19492900;GM1949;False;False
130.0;135.0;4200.0;257956.7;577208.1;Nederland;n.a.;n.a.;Oldambt;Groningen;land;53.17166281449506;6.926947440547518;BU18950809;GM1895;BU18950809;GM1895;BU18950809;GM1895;False;False
29.6;36.0;225.0;173302.8378;577237.0574;Nederland;n.a.;n.a.;Waadhoeke;Fryslân;land;53.18149700788964;5.660978235107924;BU19492600;GM1949;BU19492600;GM1949;BU19492600;GM1949;False;False
39.4;40.0;500.0;166496.9207;577274.4157;Nederland;n.a.;n.a.;Waadhoeke;Fryslân;land;53.18202199713644;5.5591783509839345;BU19492806;GM1949;BU19492806;GM1949;BU19492806;GM1949;False;False
52.2;40.0;900.0;166998.0354;577280.3323;Nederland;n.a.;n.a.;Waadhoeke;Fryslân;land;53.18206416978815;5.5666742116145365;BU19492806;GM1949;BU19492806;GM1949;BU19492806;GM1949;False;False
52.2;40.0;900.0;163878.2593;577281.0975;Nederland;n.a.;n.a.;Waadhoeke;Fryslân;land;53.18213185608938;5.520008709082408;BU19492805;GM1949;BU19492805;GM1949;BU19492805;GM1949;False;False
52.0;40.0;850.0;163505.9942;577297.8696;Nederland;n.a.;n.a.;Waadhoeke;Fryslân;land;53.182288607607845;5.514440811416222;BU19492805;GM1949;BU19492805;GM1949;BU19492805;GM1949;False;False
18.0;31.4;80.0;171621.1297;577417.7624;Nederland;n.a.;n.a.;Waadhoeke;Fryslân;land;53.183175558719114;5.635833094178316;BU19492600;GM1949;BU19492600;GM1949;BU19492600;GM1949;False;False
13.0;15.0;15.0;244586.77228;577473.006789;Nederland;n.a.;EAZ wind;Midden-Groningen;Groningen;land;53.17644314961835;6.727127657015607;BU19521004;GM1952;BU19521004;GM1952;BU19521004;GM1952;False;False
13.0;15.0;15.0;244552.848487;577483.969062;Nederland;n.a.;EAZ wind;Midden-Groningen;Groningen;land;53.176547298665895;6.726623451442986;BU19521004;GM1952;BU19521004;GM1952;BU19521004;GM1952;False;False
13.0;15.0;15.0;208773.752178;577567.598149;Nederland;n.a.;EAZ wind;Westerkwartier;Groningen;land;53.18208176377921;6.191567709712011;BU19690009;GM1969;BU19690009;GM1969;BU19690009;GM1969;False;False
13.0;15.0;15.0;216022.118562;577591.557735;Nederland;n.a.;EAZ wind;Westerkwartier;Groningen;land;53.18152083238632;6.299982500233313;BU19691105;GM1969;BU19691105;GM1969;BU19691105;GM1969;False;False
70.0;60.0;2300.0;160366.9358;577673.9733;Nederland;n.a.;n.a.;Harlingen;Fryslân;land;53.18570881899275;5.467492833176834;BU00720109;GM0072;BU00720109;GM0072;BU00720109;GM0072;False;False
13.0;15.0;15.0;169347.750471;577683.417598;Nederland;n.a.;EAZ wind;Waadhoeke;Fryslân;land;53.185628340767906;5.601839047059986;BU19495500;GM1949;BU19495500;GM1949;BU19495500;GM1949;False;False
70.0;60.0;2300.0;160604.55;577803.2297;Nederland;n.a.;n.a.;Harlingen;Fryslân;land;53.186867831628476;5.47104961868347;BU00720209;GM0072;BU00720209;GM0072;BU00720209;GM0072;False;False
13.0;15.0;15.0;187810.643766;577830.562146;Nederland;n.a.;EAZ wind;Tytsjerksteradiel;Fryslân;land;53.1861379557181;5.87803812252944;BU07370408;GM0737;BU07370408;GM0737;BU07370408;GM0737;False;False
70.0;60.0;2300.0;160843.6771;577930.5118;Nederland;n.a.;n.a.;Harlingen;Fryslân;land;53.18800898149053;5.474629191809712;BU00720209;GM0072;BU00720209;GM0072;BU00720209;GM0072;False;False
16.0;20.0;80.0;162443.399218;577993.679932;Nederland;n.a.;BW80;Waadhoeke;Fryslân;land;53.188556723807885;5.498562560567192;BU19492900;GM1949;BU19492900;GM1949;BU19492900;GM1949;False;False
55.0;50.0;900.0;179803.831687;578000.645999;Nederland;n.a.;n.a.;Leeuwarden;Fryslân;land;53.188096716889916;5.7582761721306195;BU00804106;GM0080;BU00804106;GM0080;BU00804106;GM0080;False;False
13.0;15.0;15.0;212090.224;578013.003004;Nederland;n.a.;EAZ wind;Westerkwartier;Groningen;land;53.18574065836106;6.241250079595395;BU19690009;GM1969;BU19690009;GM1969;BU19690009;GM1969;False;False
70.0;60.0;2300.0;161083.2655;578053.7682;Nederland;n.a.;n.a.;Harlingen;Fryslân;land;53.189113845435635;5.478215778702955;BU00720209;GM0072;BU00720209;GM0072;BU00720209;GM0072;False;False
55.0;50.0;900.0;179734.738577;578150.092532;Nederland;n.a.;n.a.;Leeuwarden;Fryslân;land;53.18944275846731;5.757254038349699;BU00804106;GM0080;BU00804106;GM0080;BU00804106;GM0080;False;False
70.0;60.0;2300.0;161324.3412;578174.8195;Nederland;n.a.;n.a.;Harlingen;Fryslân;land;53.19019876995571;5.4818247564937;BU00720209;GM0072;BU00720209;GM0072;BU00720209;GM0072;False;False
70.0;60.0;2300.0;161566.9296;578293.6401;Nederland;n.a.;n.a.;Harlingen;Fryslân;land;53.191263522714365;5.485456501373779;BU00720209;GM0072;BU00720209;GM0072;BU00720209;GM0072;False;False
15.6;24.5;75.0;162760.9972;578298.8693;Nederland;n.a.;n.a.;Waadhoeke;Fryslân;land;53.191294524085265;5.503321266976964;BU19492900;GM1949;BU19492900;GM1949;BU19492900;GM1949;False;False
52.0;35.0;900.0;163367.0148;578325.7193;Nederland;n.a.;n.a.;Waadhoeke;Fryslân;land;53.19152665633154;5.512388697352403;BU19492800;GM1949;BU19492800;GM1949;BU19492800;GM1949;False;False
18.0;31.4;80.0;176259.0785;578357.0984;Nederland;n.a.;n.a.;Waadhoeke;Fryslân;land;53.19145201470034;5.705270581089452;BU19492400;GM1949;BU19492400;GM1949;BU19492400;GM1949;False;False
60.0;50.0;1300.0;157707.8427;578393.3546;Nederland;n.a.;n.a.;Harlingen;Fryslân;land;53.192192991128266;5.427720835712298;BU00720109;GM0072;BU00720109;GM0072;BU00720109;GM0072;False;False
15.6;31.4;75.0;180506.638483;578460.181732;Nederland;n.a.;n.a.;Leeuwarden;Fryslân;land;53.192192856388424;5.768826465285106;BU00804103;GM0080;BU00804103;GM0080;BU00804103;GM0080;False;False
13.0;15.0;15.0;255166.470981;578473.028571;Nederland;n.a.;EAZ wind;Midden-Groningen;Groningen;land;53.183554331512006;6.885626294892952;BU19522004;GM1952;BU19522004;GM1952;BU19522004;GM1952;False;False
13.0;15.0;15.0;255166.953707;578510.681217;Nederland;n.a.;EAZ wind;Midden-Groningen;Groningen;land;53.183892479483326;6.885645226419611;BU19522004;GM1952;BU19522004;GM1952;BU19522004;GM1952;False;False
13.0;15.0;15.0;255167.919159;578551.230221;Nederland;n.a.;EAZ wind;Midden-Groningen;Groningen;land;53.18425655592264;6.885672279391505;BU19522004;GM1952;BU19522004;GM1952;BU19522004;GM1952;False;False
60.0;50.0;1300.0;157768.7385;578580.8313;Nederland;n.a.;n.a.;Harlingen;Fryslân;land;53.19387727117518;5.428633547791026;BU00720109;GM0072;BU00720109;GM0072;BU00720109;GM0072;False;False
13.0;15.0;15.0;255168.401886;578591.296499;Nederland;n.a.;EAZ wind;Midden-Groningen;Groningen;land;53.18461638637976;6.885691962545664;BU19522004;GM1952;BU19522004;GM1952;BU19522004;GM1952;False;False
54.0;40.0;900.0;171049.586168;578593.813759;Nederland;n.a.;n.a.;Waadhoeke;Fryslân;land;53.193760468071055;5.627342456934908;BU19492600;GM1949;BU19492600;GM1949;BU19492600;GM1949;False;False
13.0;15.0;25.0;220728.574842;578734.749812;Nederland;n.a.;n.a.;Westerkwartier;Groningen;land;53.19123543666041;6.370605909751298;BU19690709;GM1969;BU19690709;GM1969;BU19690709;GM1969;False;False
60.0;50.0;1300.0;157841.7636;578772.9192;Nederland;n.a.;n.a.;Harlingen;Fryslân;land;53.19560291331529;5.429727858530677;BU00720109;GM0072;BU00720109;GM0072;BU00720109;GM0072;False;False
13.0;15.0;15.0;251451.898012;578791.622935;Nederland;n.a.;n.a.;Midden-Groningen;Groningen;land;53.18709762774571;6.830171728643393;BU19521902;GM1952;BU19521902;GM1952;BU19521902;GM1952;False;False
55.0;50.0;800.0;186334.7514;578837.5297;Nederland;n.a.;n.a.;Leeuwarden;Fryslân;land;53.1952742750701;5.856058304456411;BU00807004;GM0080;BU00807004;GM0080;BU00807004;GM0080;False;False
44.0;45.0;900.0;158567.178413;578858.067514;Nederland;n.a.;n.a.;Harlingen;Fryslân;land;53.196363668812985;5.440582956370797;BU00720209;GM0072;BU00720209;GM0072;BU00720209;GM0072;False;False
54.5;50.0;1000.0;185572.2057;578892.877;Nederland;n.a.;n.a.;Leeuwarden;Fryslân;land;53.19581565326852;5.844654217116959;BU00807004;GM0080;BU00807004;GM0080;BU00807004;GM0080;False;False
62.0;50.0;1300.0;157905.2939;578960.0404;Nederland;n.a.;n.a.;Harlingen;Fryslân;land;53.19728396748846;5.430680138210782;BU00720209;GM0072;BU00720209;GM0072;BU00720209;GM0072;False;False
13.0;15.0;15.0;162672.143799;578960.952515;Nederland;n.a.;EAZ wind;Waadhoeke;Fryslân;land;53.19724501562618;5.502007722322701;BU19494400;GM1949;BU19494400;GM1949;BU19494400;GM1949;False;False
54.5;44.0;1000.0;185552.3056;579083.177;Nederland;n.a.;n.a.;Leeuwarden;Fryslân;land;53.19752670404128;5.8443745389464565;BU00807004;GM0080;BU00807004;GM0080;BU00807004;GM0080;False;False
16.0;20.0;80.0;176306.909912;579165.465393;Nederland;n.a.;BW80;Waadhoeke;Fryslân;land;53.19871368943084;5.706039738067961;BU19493400;GM1949;BU19493400;GM1949;BU19493400;GM1949;False;False
54.5;44.0;1000.0;185727.5049;579187.577;Nederland;n.a.;n.a.;Leeuwarden;Fryslân;land;53.19845475401096;5.847006012284692;BU00807004;GM0080;BU00807004;GM0080;BU00807004;GM0080;False;False
13.0;15.0;10.0;168776.967966;579202.121569;Nederland;n.a.;BW10;Waadhoeke;Fryslân;land;53.199289741479234;5.593365680304722;BU19494000;GM1949;BU19494000;GM1949;BU19494000;GM1949;False;False
13.0;15.0;15.0;180278.536443;579222.455076;Nederland;n.a.;EAZ wind;Leeuwarden;Fryslân;land;53.199053033797234;5.765473678884441;BU00804105;GM0080;BU00804105;GM0080;BU00804105;GM0080;False;False
5.0;5.0;5.0;180249.855552;579230.180925;Nederland;n.a.;n.a.;Leeuwarden;Fryslân;land;53.19912380638473;5.765045117015837;BU00804105;GM0080;BU00804105;GM0080;BU00804105;GM0080;False;False
13.0;15.0;15.0;207282.3685;579329.9065;Nederland;n.a.;EAZ wind;Achtkarspelen;Fryslân;land;53.19806354494318;6.169547567404689;BU00590208;GM0059;BU00590208;GM0059;BU00590208;GM0059;False;False
16.0;20.0;80.0;159015.632324;579365.162903;Nederland;n.a.;BW80;Harlingen;Fryslân;land;53.20091703842745;5.447299493123176;BU00720209;GM0072;BU00720209;GM0072;BU00720209;GM0072;False;False
14.0;20.0;25.0;164412.055507;579397.937711;Nederland;n.a.;SWP26-14TG20;Waadhoeke;Fryslân;land;53.20114380448854;5.528055201794718;BU19492800;GM1949;BU19492800;GM1949;BU19492800;GM1949;False;False
12.0;15.0;18.0;207905.030305;579521.177622;Nederland;n.a.;Wynpaq;Achtkarspelen;Fryslân;land;53.19972096712313;6.178895522741678;BU00590202;GM0059;BU00590202;GM0059;BU00590202;GM0059;False;False
13.0;15.0;15.0;224671.874817;579864.587097;Nederland;n.a.;EAZ wind;Westerkwartier;Groningen;land;53.20088814877294;6.429839095828114;BU19690909;GM1969;BU19690909;GM1969;BU19690909;GM1969;False;False
13.0;15.0;25.0;211445.187574;579879.752606;Nederland;n.a.;n.a.;Westerkwartier;Groningen;land;53.2025813749731;6.231929121436147;BU19690006;GM1969;BU19690006;GM1969;BU19690006;GM1969;False;False
13.0;15.0;15.0;220712.343243;579881.577496;Nederland;n.a.;EAZ wind;Westerkwartier;Groningen;land;53.20154112489001;6.370597317542277;BU19690709;GM1969;BU19690709;GM1969;BU19690709;GM1969;False;False
14.0;15.0;25.0;252562.474915;579942.947021;Nederland;n.a.;n.a.;Midden-Groningen;Groningen;land;53.19723923465958;6.847130286590246;BU19521902;GM1952;BU19521902;GM1952;BU19521902;GM1952;False;False
54.0;50.0;900.0;171881.9605;580001.8701;Nederland;n.a.;n.a.;Waadhoeke;Fryslân;land;53.20638699316314;5.639870317458483;BU19493500;GM1949;BU19493500;GM1949;BU19493500;GM1949;False;False
14.0;20.0;25.0;160929.805603;580039.601624;Nederland;n.a.;SWP25-14TG20;Waadhoeke;Fryslân;land;53.206959449481104;5.4759566184530675;BU19494100;GM1949;BU19494100;GM1949;BU19494100;GM1949;False;False
114.0;93.0;3400.0;278821.904796;580042.202807;Duitsland;n.a.;n.a.;n.a.;n.a.;land;53.19270648280679;7.239936595342421;n.a.;n.a.;n.a.;n.a.;n.a.;n.a.;False;False
54.0;50.0;900.0;171756.9609;580152.87;Nederland;n.a.;n.a.;Waadhoeke;Fryslân;land;53.207747730005934;5.638007408688835;BU19493500;GM1949;BU19493500;GM1949;BU19493500;GM1949;False;False
114.0;93.0;3400.0;278633.484101;580284.755483;Duitsland;n.a.;n.a.;n.a.;n.a.;land;53.19492853955183;7.237211880199524;n.a.;n.a.;n.a.;n.a.;n.a.;n.a.;False;False
54.0;50.0;900.0;171631.9614;580304.8699;Nederland;n.a.;n.a.;Waadhoeke;Fryslân;land;53.20911742288073;5.636144435971342;BU19493500;GM1949;BU19493500;GM1949;BU19493500;GM1949;False;False
37.0;40.0;500.0;163502.0244;580437.6387;Nederland;n.a.;n.a.;Waadhoeke;Fryslân;land;53.21050132853338;5.514464494622839;BU19493800;GM1949;BU19493800;GM1949;BU19493800;GM1949;False;False
54.0;50.0;900.0;171507.9619;580455.8698;Nederland;n.a.;n.a.;Waadhoeke;Fryslân;land;53.21047806995444;5.63429626162512;BU19493500;GM1949;BU19493500;GM1949;BU19493500;GM1949;False;False
16.0;18.0;25.0;274661.413155;580458.143974;Nederland;n.a.;n.a.;Oldambt;Groningen;land;53.19738760864995;7.1778683054236145;BU18950309;GM1895;BU18950309;GM1895;BU18950309;GM1895;False;False
114.0;93.0;3400.0;278435.113471;580524.503909;Duitsland;n.a.;n.a.;n.a.;n.a.;land;53.19712763853489;7.2343369907112836;n.a.;n.a.;n.a.;n.a.;n.a.;n.a.;False;False
37.0;40.0;500.0;163964.9375;580563.8576;Nederland;n.a.;n.a.;Waadhoeke;Fryslân;land;53.21162791589697;5.521396812593582;BU19493800;GM1949;BU19493800;GM1949;BU19493800;GM1949;False;False
54.0;50.0;900.0;171381.9624;580608.8697;Nederland;n.a.;n.a.;Waadhoeke;Fryslân;land;53.21185672021716;5.6324181365900206;BU19493500;GM1949;BU19493500;GM1949;BU19493500;GM1949;False;False
37.0;40.0;500.0;163694.1126;580644.9905;Nederland;n.a.;n.a.;Waadhoeke;Fryslân;land;53.212361408697696;5.517345248102235;BU19493800;GM1949;BU19493800;GM1949;BU19493800;GM1949;False;False
14.0;15.0;25.0;240783.439813;580722.354336;Nederland;n.a.;n.a.;Groningen;Groningen;land;53.20625660171581;6.671122592761046;BU00141401;GM0014;BU00141401;GM0014;BU00141401;GM0014;False;False
37.0;40.0;500.0;163423.0149;580726.4907;Nederland;n.a.;n.a.;Waadhoeke;Fryslân;land;53.21309806925563;5.513289472243417;BU19493800;GM1949;BU19493800;GM1949;BU19493800;GM1949;False;False
29.6;36.0;225.0;168800.6947;580738.3992;Nederland;n.a.;n.a.;Waadhoeke;Fryslân;land;53.21309339152782;5.593786697140291;BU19494000;GM1949;BU19494000;GM1949;BU19494000;GM1949;False;False
114.0;93.0;3400.0;278254.908845;580766.005644;Duitsland;n.a.;n.a.;n.a.;n.a.;land;53.199338237673665;7.231734200148697;n.a.;n.a.;n.a.;n.a.;n.a.;n.a.;False;False
13.0;15.0;15.0;244626.683777;580821.099304;Nederland;n.a.;EAZ wind;Midden-Groningen;Groningen;land;53.2065144231311;6.728656784802273;BU19520905;GM1952;BU19520905;GM1952;BU19520905;GM1952;False;False
37.0;40.0;500.0;163886.1812;580852.2833;Nederland;n.a.;n.a.;Waadhoeke;Fryslân;land;53.21422088866516;5.5202259543886365;BU19493800;GM1949;BU19493800;GM1949;BU19493800;GM1949;False;False
37.0;40.0;500.0;163614.7096;580934.4203;Nederland;n.a.;n.a.;Waadhoeke;Fryslân;land;53.21496337417362;5.516164473355627;BU19493800;GM1949;BU19493800;GM1949;BU19493800;GM1949;False;False
13.0;15.0;15.0;225969.933777;580956.644098;Nederland;n.a.;EAZ wind;Westerkwartier;Groningen;land;53.21052914189679;6.4495021997952895;BU19691709;GM1969;BU19691709;GM1969;BU19691709;GM1969;False;False
14.0;15.0;25.0;224233.209152;580983.314309;Nederland;n.a.;n.a.;Westerkwartier;Groningen;land;53.2109960820723;6.423516400602707;BU19691009;GM1969;BU19691009;GM1969;BU19691009;GM1969;False;False
37.0;40.0;500.0;163344.0149;581016.4955;Nederland;n.a.;n.a.;Waadhoeke;Fryslân;land;53.21570515466207;5.512114481034588;BU19493800;GM1949;BU19493800;GM1949;BU19493800;GM1949;False;False
114.0;93.0;3400.0;278084.417824;581022.057888;Duitsland;n.a.;n.a.;n.a.;n.a.;land;53.20167723898248;7.2292820129583015;n.a.;n.a.;n.a.;n.a.;n.a.;n.a.;False;False
13.0;15.0;15.0;222801.824;581043.592;Nederland;n.a.;EAZ wind;Westerkwartier;Groningen;land;53.21172076973385;6.402106879743779;BU19690809;GM1969;BU19690809;GM1969;BU19690809;GM1969;False;False
37.0;40.0;500.0;163806.9486;581142.3883;Nederland;n.a.;n.a.;Waadhoeke;Fryslân;land;53.21682894506897;5.519047871745897;BU19493800;GM1949;BU19493800;GM1949;BU19493800;GM1949;False;False
37.0;40.0;500.0;163536.5254;581224.0539;Nederland;n.a.;n.a.;Waadhoeke;Fryslân;land;53.217567137640565;5.515001807792852;BU19493800;GM1949;BU19493800;GM1949;BU19493800;GM1949;False;False
114.0;93.0;3400.0;277913.937351;581278.127188;Duitsland;n.a.;n.a.;n.a.;n.a.;land;53.20401633982846;7.226829726563046;n.a.;n.a.;n.a.;n.a.;n.a.;n.a.;False;False
37.0;40.0;500.0;163265.3431;581305.5551;Nederland;n.a.;n.a.;Waadhoeke;Fryslân;land;53.21830372817943;5.510944237238016;BU19493800;GM1949;BU19493800;GM1949;BU19493800;GM1949;False;False
31.0;31.0;300.0;167970.4762;581338.8688;Nederland;n.a.;n.a.;Waadhoeke;Fryslân;land;53.21850967870746;5.581383681288161;BU19494200;GM1949;BU19494200;GM1949;BU19494200;GM1949;False;False
13.0;15.0;15.0;215243.349456;581347.12771;Nederland;n.a.;EAZ wind;Westerkwartier;Groningen;land;53.21535154772606;6.2890382679878885;BU19690000;GM1969;BU19690000;GM1969;BU19690000;GM1969;False;False
13.0;15.0;15.0;215273.89406;581355.995498;Nederland;n.a.;EAZ wind;Westerkwartier;Groningen;land;53.21542778437022;6.289497122613357;BU19690000;GM1969;BU19690000;GM1969;BU19690000;GM1969;False;False
16.0;22.0;25.0;164169.048584;581361.729004;Nederland;n.a.;SWP25-16TG20;Waadhoeke;Fryslân;land;53.21879375001517;5.524474772120285;BU19493300;GM1949;BU19493300;GM1949;BU19493300;GM1949;False;False
14.0;15.0;25.0;244462.885803;581390.44928;Nederland;n.a.;n.a.;Midden-Groningen;Groningen;land;53.21165659472583;6.726364260146289;BU19520905;GM1952;BU19520905;GM1952;BU19520905;GM1952;False;False
37.0;40.0;500.0;163728.5187;581431.2186;Nederland;n.a.;n.a.;Waadhoeke;Fryslân;land;53.219425520773264;5.517881629588425;BU19493800;GM1949;BU19493800;GM1949;BU19493800;GM1949;False;False
13.0;15.0;15.0;221908.103;581457.639;Nederland;n.a.;EAZ wind;Westerkwartier;Groningen;land;53.21555314913086;6.38881728319059;BU19691009;GM1969;BU19691009;GM1969;BU19691009;GM1969;False;False
13.0;15.0;15.0;221344.769745;581459.08222;Nederland;n.a.;EAZ wind;Westerkwartier;Groningen;land;53.21563620770285;6.380385749490271;BU19690309;GM1969;BU19690309;GM1969;BU19690309;GM1969;False;False
13.0;15.0;15.0;221382.680385;581464.703453;Nederland;n.a.;EAZ wind;Westerkwartier;Groningen;land;53.215682013525566;6.380954349454017;BU19690309;GM1969;BU19690309;GM1969;BU19690309;GM1969;False;False
13.0;15.0;15.0;160128.951599;581467.128479;Nederland;n.a.;EAZ wind;Waadhoeke;Fryslân;land;53.21979483993164;5.46399337632313;BU19494100;GM1949;BU19494100;GM1949;BU19494100;GM1949;False;False
16.0;18.0;25.0;264261.542485;581485.015772;Nederland;n.a.;n.a.;Oldambt;Groningen;land;53.20883320737069;7.0226534725948655;BU18950909;GM1895;BU18950909;GM1895;BU18950909;GM1895;False;False
37.0;40.0;500.0;163457.2408;581513.1082;Nederland;n.a.;n.a.;Waadhoeke;Fryslân;land;53.22016569974456;5.513822512789732;BU19493800;GM1949;BU19493800;GM1949;BU19493800;GM1949;False;False
13.0;15.0;15.0;171726.753601;581600.475098;Nederland;n.a.;EAZ wind;Waadhoeke;Fryslân;land;53.220756099958216;5.637630670234083;BU19493500;GM1949;BU19493500;GM1949;BU19493500;GM1949;False;False
13.0;15.0;15.0;215888.251179;581639.553868;Nederland;n.a.;EAZ wind;Westerkwartier;Groningen;land;53.217905940862266;6.2987465409182;BU19690002;GM1969;BU19690002;GM1969;BU19690002;GM1969;False;False
16.0;18.0;25.0;265806.444018;581684.814131;Nederland;n.a.;n.a.;Oldambt;Groningen;land;53.210310536891726;7.045837380848847;BU18950909;GM1895;BU18950909;GM1895;BU18950909;GM1895;False;False
13.0;15.0;15.0;190416.155058;581690.741269;Nederland;n.a.;EAZ wind;Tytsjerksteradiel;Fryslân;land;53.220656824610195;5.917438840416988;BU07370309;GM0737;BU07370309;GM0737;BU07370309;GM0737;False;False
13.0;15.0;15.0;222186.239;581709.576;Nederland;n.a.;EAZ wind;Westerkwartier;Groningen;land;53.217781829438586;6.393033006218045;BU19690309;GM1969;BU19690309;GM1969;BU19690309;GM1969;False;False
13.0;15.0;15.0;222213.402;581722.522;Nederland;n.a.;EAZ wind;Westerkwartier;Groningen;land;53.21789473253414;6.393442302411252;BU19690309;GM1969;BU19690309;GM1969;BU19690309;GM1969;False;False
13.0;15.0;15.0;228260.042;581723.637991;Nederland;n.a.;EAZ wind;Groningen;Groningen;land;53.21711160846506;6.483949902010696;BU00140804;GM0014;BU00140804;GM0014;BU00140804;GM0014;False;False
16.0;18.0;25.0;272419.825252;582032.122974;Nederland;n.a.;n.a.;Oldambt;Groningen;land;53.21202118173549;7.144914276270645;BU18950104;GM1895;BU18950104;GM1895;BU18950104;GM1895;False;False
14.0;20.0;25.0;161106.255533;582050.931522;Nederland;n.a.;SWP25-14TG20;Waadhoeke;Fryslân;land;53.22503033798367;5.4786357492981335;BU19494400;GM1949;BU19494400;GM1949;BU19494400;GM1949;False;False
13.0;15.0;15.0;220076.605975;582093.216656;Nederland;n.a.;EAZ wind;Westerkwartier;Groningen;land;53.2214891956091;6.361532484867193;BU19690309;GM1969;BU19690309;GM1969;BU19690309;GM1969;False;False
13.0;15.0;15.0;168301.3797;582124.720398;Nederland;n.a.;EAZ wind;Waadhoeke;Fryslân;land;53.225562809968444;5.586370040018013;BU19494200;GM1949;BU19494200;GM1949;BU19494200;GM1949;False;False
13.0;15.0;15.0;274204.941348;582219.828314;Nederland;n.a.;EAZ wind;Oldambt;Groningen;land;53.21331283020373;7.171693592829207;BU18950209;GM1895;BU18950209;GM1895;BU18950209;GM1895;False;False
31.0;30.0;250.0;175645.5392;582226.7995;Nederland;n.a.;n.a.;Waadhoeke;Fryslân;land;53.22624705121304;5.696339943067723;BU19491900;GM1949;BU19491900;GM1949;BU19491900;GM1949;False;False
13.0;15.0;15.0;220613.236395;582314.060518;Nederland;n.a.;EAZ wind;Westerkwartier;Groningen;land;53.223407857682815;6.369610860141334;BU19690309;GM1969;BU19690309;GM1969;BU19690309;GM1969;False;False
13.0;15.0;15.0;220605.49544;582342.490932;Nederland;n.a.;EAZ wind;Westerkwartier;Groningen;land;53.22366423767082;6.369500778794618;BU19690309;GM1969;BU19690309;GM1969;BU19690309;GM1969;False;False
13.0;15.0;15.0;254801.540033;582378.448001;Nederland;n.a.;EAZ wind;Midden-Groningen;Groningen;land;53.2187051504822;6.881380576662536;BU19521902;GM1952;BU19521902;GM1952;BU19521902;GM1952;False;False
13.0;15.0;15.0;223750.008;582384.798;Nederland;n.a.;EAZ wind;Westerkwartier;Groningen;land;53.22364975727669;6.4165845868392655;BU19691409;GM1969;BU19691409;GM1969;BU19691409;GM1969;False;False
13.0;15.0;15.0;254781.03101;582399.60172;Nederland;n.a.;EAZ wind;Midden-Groningen;Groningen;land;53.21889899707691;6.881080195600001;BU19521902;GM1952;BU19521902;GM1952;BU19521902;GM1952;False;False
13.0;15.0;15.0;254757.324015;582425.112211;Nederland;n.a.;EAZ wind;Midden-Groningen;Groningen;land;53.219132576021245;6.880733300779127;BU19521902;GM1952;BU19521902;GM1952;BU19521902;GM1952;False;False
44.0;40.0;600.0;162002.9466;582460.966;Nederland;n.a.;n.a.;Waadhoeke;Fryslân;land;53.22870370645345;5.492070724277303;BU19494400;GM1949;BU19494400;GM1949;BU19494400;GM1949;False;False
13.0;15.0;15.0;215589.432;582620.118996;Nederland;n.a.;EAZ wind;Westerkwartier;Groningen;land;53.22674982881123;6.294458465676249;BU19690109;GM1969;BU19690109;GM1969;BU19690109;GM1969;False;False
13.0;15.0;15.0;219191.460999;582844.589111;Nederland;n.a.;EAZ wind;Westerkwartier;Groningen;land;53.2283467486641;6.348432068435556;BU19690309;GM1969;BU19690309;GM1969;BU19690309;GM1969;False;False
13.0;15.0;15.0;222496.011;582975.28;Nederland;n.a.;EAZ wind;Westerkwartier;Groningen;land;53.229114436232834;6.397935713340241;BU19691409;GM1969;BU19691409;GM1969;BU19691409;GM1969;False;False
16.0;18.0;25.0;259854.277778;582986.796131;Nederland;n.a.;n.a.;Oldambt;Groningen;land;53.2232042641183;6.957199060802996;BU18951009;GM1895;BU18951009;GM1895;BU18951009;GM1895;False;False
13.0;15.0;15.0;222479.286;583007.847;Nederland;n.a.;EAZ wind;Westerkwartier;Groningen;land;53.22940913870697;6.397692142256072;BU19691409;GM1969;BU19691409;GM1969;BU19691409;GM1969;False;False
16.0;18.0;25.0;259923.516739;583016.502616;Nederland;n.a.;n.a.;Oldambt;Groningen;land;53.22345754647725;6.958245104117929;BU18951009;GM1895;BU18951009;GM1895;BU18951009;GM1895;False;False
18.0;31.4;80.0;168456.223;583040.6839;Nederland;n.a.;n.a.;Waadhoeke;Fryslân;land;53.23378928889114;5.588726907258328;BU19493600;GM1949;BU19493600;GM1949;BU19493600;GM1949;False;False
18.0;31.4;80.0;168409.1264;583103.7017;Nederland;n.a.;n.a.;Waadhoeke;Fryslân;land;53.23435671475807;5.588024229909664;BU19493600;GM1949;BU19493600;GM1949;BU19493600;GM1949;False;False
13.0;15.0;15.0;222757.703;583132.654016;Nederland;n.a.;EAZ wind;Westerkwartier;Groningen;land;53.23049527684669;6.401887062959922;BU19691409;GM1969;BU19691409;GM1969;BU19691409;GM1969;False;False
18.0;31.4;80.0;168360.2083;583170.2366;Nederland;n.a.;n.a.;Waadhoeke;Fryslân;land;53.234955784621924;5.587294401362291;BU19493600;GM1949;BU19493600;GM1949;BU19493600;GM1949;False;False
16.0;20.0;80.0;162357.742615;583242.976624;Nederland;n.a.;BW80;Waadhoeke;Fryslân;land;53.235725682649644;5.497401424409893;BU19494400;GM1949;BU19494400;GM1949;BU19494400;GM1949;False;False
33.4;40.0;300.0;177181.9716;583262.304;Nederland;n.a.;n.a.;Waadhoeke;Fryslân;land;53.23548996456343;5.719416630884384;BU19492000;GM1949;BU19492000;GM1949;BU19492000;GM1949;False;False
15.6;31.4;75.0;164266.8261;583390.1316;Nederland;n.a.;n.a.;Waadhoeke;Fryslân;land;53.23701825014107;5.52599714805532;BU19493300;GM1949;BU19493300;GM1949;BU19493300;GM1949;False;False
18.0;31.4;80.0;164343.1853;583405.8847;Nederland;n.a.;n.a.;Waadhoeke;Fryslân;land;53.23715846984087;5.527141237865583;BU19493300;GM1949;BU19493300;GM1949;BU19493300;GM1949;False;False
13.0;15.0;15.0;210364.185987;583426.936249;Nederland;n.a.;EAZ wind;Westerkwartier;Groningen;land;53.234564816059454;6.216364328925806;BU19690109;GM1969;BU19690109;GM1969;BU19690109;GM1969;False;False
13.0;15.0;15.0;224279.958;583447.869;Nederland;n.a.;EAZ wind;Westerkwartier;Groningen;land;53.23313239213421;6.4247474355631855;BU19691409;GM1969;BU19691409;GM1969;BU19691409;GM1969;False;False
13.0;15.0;15.0;224310.01;583467.233;Nederland;n.a.;EAZ wind;Westerkwartier;Groningen;land;53.233302472951436;6.425201603752783;BU19691409;GM1969;BU19691409;GM1969;BU19691409;GM1969;False;False
13.0;15.0;25.0;217846.587089;583539.410351;Nederland;n.a.;n.a.;Westerkwartier;Groningen;land;53.2347489680776;6.328432102026925;BU19690309;GM1969;BU19690309;GM1969;BU19690309;GM1969;False;False
13.0;15.0;15.0;214168.373294;583540.038057;Nederland;n.a.;EAZ wind;Westerkwartier;Groningen;land;53.235173917486;6.273351863590296;BU19690100;GM1969;BU19690100;GM1969;BU19690100;GM1969;False;False
13.0;15.0;15.0;251296.45;583560.03;Nederland;n.a.;EAZ wind;Midden-Groningen;Groningen;land;53.22996134122099;6.829274805758485;BU19521303;GM1952;BU19521303;GM1952;BU19521303;GM1952;False;False
13.0;15.0;15.0;251276.37;583586.71;Nederland;n.a.;EAZ wind;Midden-Groningen;Groningen;land;53.23020462430927;6.828982190968872;BU19521303;GM1952;BU19521303;GM1952;BU19521303;GM1952;False;False
13.0;15.0;15.0;222138.299997;583653.854;Nederland;n.a.;EAZ wind;Westerkwartier;Groningen;land;53.23525598019991;6.392721785090873;BU19691409;GM1969;BU19691409;GM1969;BU19691409;GM1969;False;False
13.0;15.0;15.0;183945.287938;583737.268982;Nederland;n.a.;EAZ wind;Leeuwarden;Fryslân;land;53.23943449145971;5.820748019267947;BU00806208;GM0080;BU00806208;GM0080;BU00806208;GM0080;False;False
18.0;40.0;80.0;166589.1182;583772.5106;Nederland;n.a.;n.a.;Waadhoeke;Fryslân;land;53.24040879947826;5.560791867250881;BU19494900;GM1949;BU19494900;GM1949;BU19494900;GM1949;False;False
13.0;15.0;15.0;217613.742913;583785.117866;Nederland;n.a.;EAZ wind;Westerkwartier;Groningen;land;53.236983820494274;6.3249932700414675;BU19690309;GM1969;BU19690309;GM1969;BU19690309;GM1969;False;False
13.0;15.0;25.0;214699.517018;583815.429793;Nederland;n.a.;n.a.;Westerkwartier;Groningen;land;53.237589210462644;6.281356894576999;BU19690109;GM1969;BU19690109;GM1969;BU19690109;GM1969;False;False
13.0;15.0;15.0;224410.345;583841.643;Nederland;n.a.;EAZ wind;Westerkwartier;Groningen;land;53.23665327393434;6.426784927623507;BU19691409;GM1969;BU19691409;GM1969;BU19691409;GM1969;False;False
13.0;15.0;15.0;182538.769318;583849.064832;Nederland;n.a.;EAZ wind;Leeuwarden;Fryslân;land;53.240513261316245;5.79969142097015;BU00806208;GM0080;BU00806208;GM0080;BU00806208;GM0080;False;False
13.0;15.0;15.0;169590.0;583917.0;Nederland;n.a.;EAZ wind;Waadhoeke;Fryslân;land;53.24163363556145;5.605745995531694;BU19493600;GM1949;BU19493600;GM1949;BU19493600;GM1949;False;False
13.0;15.0;15.0;216214.925268;583961.122935;Nederland;n.a.;EAZ wind;Westerkwartier;Groningen;land;53.23872698679993;6.3040789231519;BU19690109;GM1969;BU19690109;GM1969;BU19690109;GM1969;False;False
13.0;15.0;15.0;220660.491128;584026.821408;Nederland;n.a.;EAZ wind;Westerkwartier;Groningen;land;53.23879022393025;6.370668460258614;BU19690309;GM1969;BU19690309;GM1969;BU19690309;GM1969;False;False
13.0;15.0;15.0;220662.802846;584056.69592;Nederland;n.a.;EAZ wind;Westerkwartier;Groningen;land;53.23905834455151;6.370709190478063;BU19690309;GM1969;BU19690309;GM1969;BU19690309;GM1969;False;False
13.0;15.0;15.0;220864.434868;584060.348633;Nederland;n.a.;EAZ wind;Westerkwartier;Groningen;land;53.23906638159107;6.373729566060706;BU19691409;GM1969;BU19691409;GM1969;BU19691409;GM1969;False;False
13.0;15.0;15.0;244064.163818;584145.030273;Nederland;n.a.;EAZ wind;Midden-Groningen;Groningen;land;53.23646891474927;6.721160986479937;BU19521604;GM1952;BU19521604;GM1952;BU19521604;GM1952;False;False
13.0;15.0;15.0;244036.36;584164.77;Nederland;n.a.;EAZ wind;Midden-Groningen;Groningen;land;53.23665087257145;6.720750139474753;BU19521604;GM1952;BU19521604;GM1952;BU19521604;GM1952;False;False
13.0;15.0;15.0;256550.341289;584305.725179;Nederland;n.a.;EAZ wind;Midden-Groningen;Groningen;land;53.2356889465973;6.9081630406512335;BU19521502;GM1952;BU19521502;GM1952;BU19521502;GM1952;False;False
13.0;15.0;25.0;209386.754398;584418.827066;Nederland;n.a.;n.a.;Achtkarspelen;Fryslân;land;53.24357691832273;6.2018954071894905;BU00590004;GM0059;BU00590004;GM0059;BU00590004;GM0059;False;False
13.0;15.0;15.0;209208.0;584433.0;Nederland;n.a.;EAZ wind;Achtkarspelen;Fryslân;land;53.24372239941746;6.199220405418314;BU00590009;GM0059;BU00590009;GM0059;BU00590009;GM0059;False;False
15.6;31.4;75.0;163794.0892;584472.4466;Nederland;n.a.;n.a.;Waadhoeke;Fryslân;land;53.24675132078348;5.518946657798374;BU19493800;GM1949;BU19493800;GM1949;BU19493800;GM1949;False;False
18.0;31.4;80.0;163859.4797;584498.3082;Nederland;n.a.;n.a.;Waadhoeke;Fryslân;land;53.246982618339494;5.51992694628706;BU19493800;GM1949;BU19493800;GM1949;BU19493800;GM1949;False;False
47.0;40.0;660.0;210718.8166;584500.7924;Nederland;n.a.;V47-40;Achtkarspelen;Fryslân;land;53.244176281593525;6.2218612753008875;BU00590009;GM0059;BU00590009;GM0059;BU00590009;GM0059;False;False
13.0;15.0;15.0;227129.165686;584537.992781;Nederland;n.a.;EAZ wind;Westerkwartier;Groningen;land;53.242549857523414;6.467655028552845;BU19691709;GM1969;BU19691709;GM1969;BU19691709;GM1969;False;False
16.0;20.0;80.0;177977.69873;584563.734192;Nederland;n.a.;BW80;Waadhoeke;Fryslân;land;53.24715016688378;5.73142685491495;BU19492000;GM1949;BU19492000;GM1949;BU19492000;GM1949;False;False
16.0;20.0;80.0;174468.984201;584627.725914;Nederland;n.a.;BW80;Waadhoeke;Fryslân;land;53.24786440390065;5.678868884575505;BU19491600;GM1949;BU19491600;GM1949;BU19491600;GM1949;False;False
13.0;15.0;15.0;215080.360107;584638.929993;Nederland;n.a.;EAZ wind;Westerkwartier;Groningen;land;53.244945376395776;6.287214434656464;BU19690109;GM1969;BU19690109;GM1969;BU19690109;GM1969;False;False
13.0;15.0;15.0;266671.71;584759.98;Nederland;n.a.;EAZ wind;Oldambt;Groningen;land;53.23775319187314;7.059852744611521;BU18951009;GM1895;BU18951009;GM1895;BU18951009;GM1895;False;False
16.0;20.0;80.0;166308.821594;584785.51062;Nederland;n.a.;BW80;Waadhoeke;Fryslân;land;53.24951703784214;5.556629270428032;BU19492700;GM1949;BU19492700;GM1949;BU19492700;GM1949;False;False
13.0;15.0;15.0;266660.622375;584792.278931;Nederland;n.a.;EAZ wind;Oldambt;Groningen;land;53.23804562534108;7.059697972748408;BU18951009;GM1895;BU18951009;GM1895;BU18951009;GM1895;False;False
33.4;40.3;300.0;180684.3529;584808.4937;Nederland;n.a.;n.a.;Leeuwarden;Fryslân;land;53.249226262167724;5.77199286055401;BU00806210;GM0080;BU00806210;GM0080;BU00806210;GM0080;False;False
13.0;15.0;15.0;266650.27;584823.48;Nederland;n.a.;EAZ wind;Oldambt;Groningen;land;53.23832804438734;7.0595538246739755;BU18951009;GM1895;BU18951009;GM1895;BU18951009;GM1895;False;False
37.0;40.8;500.0;167858.7764;584853.6677;Nederland;n.a.;n.a.;Waadhoeke;Fryslân;land;53.250094417477584;5.57985232881402;BU19493600;GM1949;BU19493600;GM1949;BU19493600;GM1949;False;False
33.4;30.0;300.0;183591.2408;584858.3424;Nederland;n.a.;n.a.;Leeuwarden;Fryslân;land;53.24952665953132;5.815545171086728;BU00806210;GM0080;BU00806210;GM0080;BU00806210;GM0080;False;False
37.0;40.8;500.0;168115.9211;584913.9657;Nederland;n.a.;n.a.;Waadhoeke;Fryslân;land;53.25062997145754;5.5837072056658;BU19493600;GM1949;BU19493600;GM1949;BU19493600;GM1949;False;False
29.6;36.0;225.0;186054.8998;584985.8756;Nederland;n.a.;n.a.;Tytsjerksteradiel;Fryslân;land;53.25053519053762;5.852465510043717;BU07370102;GM0737;BU07370102;GM0737;BU07370102;GM0737;False;False
13.0;15.0;15.0;226416.321;584993.99;Nederland;n.a.;EAZ wind;Westerkwartier;Groningen;land;53.246742238451986;6.457080364647274;BU19691709;GM1969;BU19691709;GM1969;BU19691709;GM1969;False;False
37.0;40.8;500.0;167733.2769;585018.6677;Nederland;n.a.;n.a.;Waadhoeke;Fryslân;land;53.251580012590004;5.577978712770951;BU19493600;GM1949;BU19493600;GM1949;BU19493600;GM1949;False;False
13.0;15.0;15.0;210183.514981;585020.293867;Nederland;n.a.;EAZ wind;Achtkarspelen;Fryslân;land;53.24889932282828;6.213932745965758;BU00590009;GM0059;BU00590009;GM0059;BU00590009;GM0059;False;False
14.0;20.0;25.0;173672.113708;585027.195496;Nederland;n.a.;SWP25-14TG20;Waadhoeke;Fryslân;land;53.251482199839906;5.666954514449155;BU19491600;GM1949;BU19491600;GM1949;BU19491600;GM1949;False;False
37.0;40.8;500.0;167990.1759;585079.3677;Nederland;n.a.;n.a.;Waadhoeke;Fryslân;land;53.252119244497216;5.581830034246795;BU19493600;GM1949;BU19493600;GM1949;BU19493600;GM1949;False;False
18.0;31.4;80.0;163821.0109;585080.4866;Nederland;n.a.;n.a.;Waadhoeke;Fryslân;land;53.252214374559756;5.519366690395001;BU19493800;GM1949;BU19493800;GM1949;BU19493800;GM1949;False;False
15.6;31.4;75.0;176165.514;585104.132;Nederland;n.a.;n.a.;Waadhoeke;Fryslân;land;53.2520806123381;5.704315362139774;BU19495000;GM1949;BU19495000;GM1949;BU19495000;GM1949;False;False
37.0;40.8;500.0;167619.9232;585167.553;Nederland;n.a.;n.a.;Waadhoeke;Fryslân;land;53.25292049422856;5.576286308163193;BU19493600;GM1949;BU19493600;GM1949;BU19493600;GM1949;False;False
33.4;40.0;300.0;178459.9317;585194.871;Nederland;n.a.;n.a.;Leeuwarden;Fryslân;land;53.252800186539275;5.738697018760863;BU00806302;GM0080;BU00806302;GM0080;BU00806302;GM0080;False;False
13.0;15.0;15.0;221326.473621;585217.708593;Nederland;n.a.;EAZ wind;Westerkwartier;Groningen;land;53.249407445681605;6.380888198213122;BU19691409;GM1969;BU19691409;GM1969;BU19691409;GM1969;False;False
13.0;15.0;25.0;218878.716334;585242.046694;Nederland;n.a.;n.a.;Westerkwartier;Groningen;land;53.24992400384784;6.344226621396588;BU19690309;GM1969;BU19690309;GM1969;BU19690309;GM1969;False;False
13.0;15.0;15.0;245633.234279;585260.381706;Nederland;n.a.;EAZ wind;Midden-Groningen;Groningen;land;53.24622515109298;6.7449702372762514;BU19521603;GM1952;BU19521603;GM1952;BU19521603;GM1952;False;False
37.0;40.8;500.0;167500.0779;585325.0676;Nederland;n.a.;n.a.;Waadhoeke;Fryslân;land;53.25433864095296;5.574496871815454;BU19493600;GM1949;BU19493600;GM1949;BU19493600;GM1949;False;False
14.0;20.0;80.0;165625.021599;585332.368584;Nederland;n.a.;BW80;Waadhoeke;Fryslân;land;53.25444481111914;5.546403178551856;BU19494900;GM1949;BU19494900;GM1949;BU19494900;GM1949;False;False
13.0;15.0;15.0;244316.851617;585373.84272;Nederland;n.a.;EAZ wind;Midden-Groningen;Groningen;land;53.24746579678669;6.725286525228875;BU19521603;GM1952;BU19521603;GM1952;BU19521603;GM1952;False;False
37.0;40.8;500.0;167757.0768;585385.5676;Nederland;n.a.;n.a.;Waadhoeke;Fryslân;land;53.25487618447189;5.578349884857159;BU19493600;GM1949;BU19493600;GM1949;BU19493600;GM1949;False;False
13.0;15.0;15.0;244285.927092;585392.9479;Nederland;n.a.;EAZ wind;Midden-Groningen;Groningen;land;53.247642589161586;6.7248286751205155;BU19521603;GM1952;BU19521603;GM1952;BU19521603;GM1952;False;False
14.0;15.0;25.0;256289.548265;585401.391151;Nederland;n.a.;n.a.;Midden-Groningen;Groningen;land;53.24558062022151;6.904604079244007;BU19521502;GM1952;BU19521502;GM1952;BU19521502;GM1952;False;False
14.0;20.0;80.0;165962.796552;585402.621646;Nederland;n.a.;BW80;Waadhoeke;Fryslân;land;53.255069239675976;5.5514664706793235;BU19492700;GM1949;BU19492700;GM1949;BU19492700;GM1949;False;False
13.0;15.0;25.0;213413.48865;585466.266206;Nederland;n.a.;n.a.;Westerkwartier;Groningen;land;53.25256324550915;6.262398096723858;BU19690109;GM1969;BU19690109;GM1969;BU19690109;GM1969;False;False
13.0;15.0;15.0;246597.215989;585474.747043;Nederland;n.a.;EAZ wind;Midden-Groningen;Groningen;land;53.24798670418789;6.7594687032517955;BU19521602;GM1952;BU19521602;GM1952;BU19521602;GM1952;False;False
37.0;40.8;500.0;167380.3784;585482.2675;Nederland;n.a.;n.a.;Waadhoeke;Fryslân;land;53.25575392931139;5.572709490409237;BU19493600;GM1949;BU19493600;GM1949;BU19493600;GM1949;False;False
13.0;15.0;15.0;262461.84;585539.48;Nederland;n.a.;EAZ wind;Oldambt;Groningen;land;53.24561698287647;6.997081792410644;BU18951009;GM1895;BU18951009;GM1895;BU18951009;GM1895;False;False
37.0;40.8;500.0;167637.3787;585542.7095;Nederland;n.a.;n.a.;Waadhoeke;Fryslân;land;53.25629100868771;5.576562626256054;BU19493600;GM1949;BU19493600;GM1949;BU19493600;GM1949;False;False
13.0;15.0;15.0;228641.388;585583.480009;Nederland;n.a.;EAZ wind;Westerkwartier;Groningen;land;53.2517366176488;6.490543032949607;BU19691709;GM1969;BU19691709;GM1969;BU19691709;GM1969;False;False
13.0;15.0;15.0;220050.676085;585608.950991;Nederland;n.a.;EAZ wind;Westerkwartier;Groningen;land;53.2530791773345;6.361856667272398;BU19691409;GM1969;BU19691409;GM1969;BU19691409;GM1969;False;False
13.0;15.0;15.0;228646.093355;585632.064699;Nederland;n.a.;EAZ wind;Westerkwartier;Groningen;land;53.25217245843951;6.490624672401501;BU19691709;GM1969;BU19691709;GM1969;BU19691709;GM1969;False;False
37.0;40.8;500.0;167263.8189;585635.436;Nederland;n.a.;n.a.;Waadhoeke;Fryslân;land;53.25713289472399;5.570968887207323;BU19493600;GM1949;BU19493600;GM1949;BU19493600;GM1949;False;False
13.0;15.0;15.0;262646.38;585656.87;Nederland;n.a.;EAZ wind;Oldambt;Groningen;land;53.24663434919394;6.999884682563846;BU18951001;GM1895;BU18951001;GM1895;BU18951001;GM1895;False;False
13.0;15.0;15.0;214134.416597;585693.835058;Nederland;n.a.;EAZ wind;Westerkwartier;Groningen;land;53.254528633143856;6.273240240011776;BU19690109;GM1969;BU19690109;GM1969;BU19690109;GM1969;False;False
13.0;15.0;15.0;214749.460083;585695.659973;Nederland;n.a.;EAZ wind;Westerkwartier;Groningen;land;53.254476674538324;6.282454919395075;BU19691509;GM1969;BU19691509;GM1969;BU19691509;GM1969;False;False
37.0;40.8;500.0;167520.9778;585695.9674;Nederland;n.a.;n.a.;Waadhoeke;Fryslân;land;53.257670829228005;5.574824504508924;BU19493600;GM1949;BU19493600;GM1949;BU19493600;GM1949;False;False
13.0;15.0;15.0;240608.618873;585747.36054;Nederland;n.a.;EAZ wind;Groningen;Groningen;land;53.25142755871511;6.669845935279456;BU00141502;GM0014;BU00141502;GM0014;BU00141502;GM0014;False;False
13.0;15.0;15.0;227408.640997;585877.324997;Nederland;n.a.;EAZ wind;Westerkwartier;Groningen;land;53.25454484581452;6.472142901287809;BU19691709;GM1969;BU19691709;GM1969;BU19691709;GM1969;False;False
13.0;15.0;15.0;227401.041;585901.693;Nederland;n.a.;EAZ wind;Westerkwartier;Groningen;land;53.25476479946668;6.472034546600894;BU19691709;GM1969;BU19691709;GM1969;BU19691709;GM1969;False;False
13.0;15.0;15.0;227393.61;585925.52;Nederland;n.a.;EAZ wind;Westerkwartier;Groningen;land;53.25497986972926;6.471928600515867;BU19691709;GM1969;BU19691709;GM1969;BU19691709;GM1969;False;False
14.0;20.0;25.0;167161.447956;585935.501074;Nederland;n.a.;SWP25 14TG20;Waadhoeke;Fryslân;land;53.259831433029646;5.5694463559808804;BU19493600;GM1949;BU19493600;GM1949;BU19493600;GM1949;False;False
13.0;15.0;15.0;221183.377;586084.041991;Nederland;n.a.;EAZ wind;Westerkwartier;Groningen;land;53.257208596433685;6.3789234266765495;BU19691409;GM1969;BU19691409;GM1969;BU19691409;GM1969;False;False
13.0;15.0;15.0;184495.298051;586086.408073;Nederland;n.a.;EAZ wind;Leeuwarden;Fryslân;land;53.26051199133557;5.829201809251636;BU00806302;GM0080;BU00806302;GM0080;BU00806302;GM0080;False;False
14.0;15.0;25.0;245383.680484;586110.849391;Nederland;n.a.;n.a.;Midden-Groningen;Groningen;land;53.253907451501675;6.741472292748436;BU19521603;GM1952;BU19521603;GM1952;BU19521603;GM1952;False;False
13.0;15.0;15.0;188620.259822;586112.779741;Nederland;n.a.;EAZ wind;Tytsjerksteradiel;Fryslân;land;53.2605054714682;5.8910159462795555;BU07370100;GM0737;BU07370100;GM0737;BU07370100;GM0737;False;False
13.0;15.0;15.0;262438.738958;586117.888827;Nederland;n.a.;EAZ wind;Oldambt;Groningen;land;53.250817208525696;6.996929503559709;BU18951009;GM1895;BU18951009;GM1895;BU18951009;GM1895;False;False
13.0;15.0;15.0;262411.818075;586126.517934;Nederland;n.a.;EAZ wind;Oldambt;Groningen;land;53.2509001255827;6.99652919847172;BU18951009;GM1895;BU18951009;GM1895;BU18951009;GM1895;False;False
13.0;15.0;15.0;243192.083666;586209.781896;Nederland;n.a.;EAZ wind;Midden-Groningen;Groningen;land;53.25516203709222;6.708670231643664;BU19521604;GM1952;BU19521604;GM1952;BU19521604;GM1952;False;False
13.0;15.0;15.0;243197.973849;586251.115665;Nederland;n.a.;EAZ wind;Midden-Groningen;Groningen;land;53.255532386994716;6.708769830869868;BU19521604;GM1952;BU19521604;GM1952;BU19521604;GM1952;False;False
13.0;15.0;15.0;175026.590626;586260.043506;Nederland;n.a.;EAZ wind;Waadhoeke;Fryslân;land;53.2625107177234;5.687324132820158;BU19491600;GM1949;BU19491600;GM1949;BU19491600;GM1949;False;False
13.0;15.0;15.0;215437.830078;586279.440002;Nederland;n.a.;EAZ wind;Westerkwartier;Groningen;land;53.259644306111525;6.2928777849675805;BU19691509;GM1969;BU19691509;GM1969;BU19691509;GM1969;False;False
13.0;15.0;15.0;212434.763705;586295.098897;Nederland;n.a.;EAZ wind;Westerkwartier;Groningen;land;53.260115962066514;6.247884219571955;BU19691509;GM1969;BU19691509;GM1969;BU19691509;GM1969;False;False
13.0;15.0;15.0;251845.188738;586352.162779;Nederland;n.a.;EAZ wind;Midden-Groningen;Groningen;land;53.25494438757403;6.838332190645314;BU19521402;GM1952;BU19521402;GM1952;BU19521402;GM1952;False;False
16.0;20.0;25.0;185105.839704;586368.270041;Nederland;n.a.;SWP25-16TG20;Tytsjerksteradiel;Fryslân;land;53.263010540172715;5.838377121161179;BU07370102;GM0737;BU07370102;GM0737;BU07370102;GM0737;False;False
13.0;15.0;15.0;251882.812988;586369.072554;Nederland;n.a.;EAZ wind;Midden-Groningen;Groningen;land;53.25508947621132;6.838900883959206;BU19521402;GM1952;BU19521402;GM1952;BU19521402;GM1952;False;False
13.0;15.0;15.0;220217.062;586473.776991;Nederland;n.a.;EAZ wind;Westerkwartier;Groningen;land;53.26082881877613;6.364525123964099;BU19691409;GM1969;BU19691409;GM1969;BU19691409;GM1969;False;False
13.0;15.0;15.0;220190.79;586477.006009;Nederland;n.a.;EAZ wind;Westerkwartier;Groningen;land;53.26086103258879;6.364132133854153;BU19691409;GM1969;BU19691409;GM1969;BU19691409;GM1969;False;False
14.0;15.0;25.0;209294.816143;586503.140742;Nederland;n.a.;n.a.;Achtkarspelen;Fryslân;land;53.26231317532879;6.200871147086357;BU00590005;GM0059;BU00590005;GM0059;BU00590005;GM0059;False;False
15.0;20.0;80.0;182026.572538;586521.749096;Nederland;n.a.;BW80;Leeuwarden;Fryslân;land;53.264554124137845;5.792245005025907;BU00806302;GM0080;BU00806302;GM0080;BU00806302;GM0080;False;False
13.0;15.0;15.0;212570.443632;586541.442241;Nederland;n.a.;EAZ wind;Westerkwartier;Groningen;land;53.262314662526926;6.2499614306965;BU19691509;GM1969;BU19691509;GM1969;BU19691509;GM1969;False;False
14.0;15.0;25.0;248305.645991;586554.703518;Nederland;n.a.;n.a.;Midden-Groningen;Groningen;land;53.25739299943569;6.78537029376159;BU19521302;GM1952;BU19521302;GM1952;BU19521302;GM1952;False;False
18.0;31.4;80.0;183520.4295;586639.1934;Nederland;n.a.;n.a.;Leeuwarden;Fryslân;land;53.26553177038477;5.814642754539919;BU00806302;GM0080;BU00806302;GM0080;BU00806302;GM0080;False;False
13.0;15.0;15.0;221140.282421;586678.468862;Nederland;n.a.;EAZ wind;Westerkwartier;Groningen;land;53.26255444560046;6.3784003801300795;BU19691409;GM1969;BU19691409;GM1969;BU19691409;GM1969;False;False
13.0;15.0;15.0;237316.649609;586689.630521;Nederland;n.a.;EAZ wind;Het Hogeland;Groningen;land;53.26040935353575;6.62077682280046;BU19660801;GM1966;BU19660801;GM1966;BU19660801;GM1966;False;False
13.0;15.0;15.0;211408.784935;586756.673713;Nederland;n.a.;EAZ wind;Noardeast-Fryslân;Fryslân;land;53.2643722398279;6.232592472472877;BU19701206;GM1970;BU19701206;GM1970;BU19701206;GM1970;False;False
13.0;15.0;15.0;218328.546655;586777.565047;Nederland;n.a.;n.a.;Westerkwartier;Groningen;land;53.263785152736546;6.336288384083038;BU19691509;GM1969;BU19691509;GM1969;BU19691509;GM1969;False;False
47.0;40.0;900.0;210160.292;586875.5803;Nederland;n.a.;n.a.;Noardeast-Fryslân;Fryslân;land;53.26557082930023;6.213903977364391;BU19701206;GM1970;BU19701206;GM1970;BU19701206;GM1970;False;False
16.0;20.0;80.0;168767.823664;586879.903822;Nederland;n.a.;BW80;Waadhoeke;Fryslân;land;53.26827825282811;5.5935582544244715;BU19493200;GM1949;BU19493200;GM1949;BU19493200;GM1949;False;False
13.0;15.0;15.0;233988.043073;586911.579945;Nederland;n.a.;EAZ wind;Het Hogeland;Groningen;land;53.262905303839986;6.570960648956306;BU19660801;GM1966;BU19660801;GM1966;BU19660801;GM1966;False;False
13.0;15.0;15.0;232826.902562;586927.32917;Nederland;n.a.;EAZ wind;Het Hogeland;Groningen;land;53.263217045828156;6.5535665717830796;BU19660801;GM1966;BU19660801;GM1966;BU19660801;GM1966;False;False
13.0;15.0;15.0;233987.319125;586946.846327;Nederland;n.a.;EAZ wind;Het Hogeland;Groningen;land;53.263222238338734;6.570958488964774;BU19660801;GM1966;BU19660801;GM1966;BU19660801;GM1966;False;False
13.0;15.0;15.0;226679.946784;587034.34277;Nederland;n.a.;EAZ wind;Westerkwartier;Groningen;land;53.265037786710884;6.461484998722559;BU19691709;GM1969;BU19691709;GM1969;BU19691709;GM1969;False;False
13.0;15.0;15.0;226652.876182;587045.123099;Nederland;n.a.;EAZ wind;Westerkwartier;Groningen;land;53.2651382663459;6.461081766271999;BU19691709;GM1969;BU19691709;GM1969;BU19691709;GM1969;False;False
13.0;15.0;15.0;254469.347404;587083.275194;Nederland;n.a.;EAZ wind;Midden-Groningen;Groningen;land;53.2610303801755;6.877866531358459;BU19521502;GM1952;BU19521502;GM1952;BU19521502;GM1952;False;False
18.0;31.4;80.0;177562.3088;587117.1585;Nederland;n.a.;n.a.;Leeuwarden;Fryslân;land;53.27011110703774;5.725383890402484;BU00806302;GM0080;BU00806302;GM0080;BU00806302;GM0080;False;False
13.0;15.0;15.0;238585.604854;587157.064521;Nederland;n.a.;EAZ wind;Groningen;Groningen;land;53.26441179279585;6.639910443608055;BU00141503;GM0014;BU00141503;GM0014;BU00141503;GM0014;False;False
14.0;20.0;25.0;180284.754475;587289.517795;Nederland;n.a.;SWP25-14TG20;Leeuwarden;Fryslân;land;53.271537927427595;5.766202173686042;BU00806302;GM0080;BU00806302;GM0080;BU00806302;GM0080;False;False
13.0;15.0;15.0;237480.73502;587312.519202;Nederland;n.a.;EAZ wind;Het Hogeland;Groningen;land;53.26597991356641;6.62339543451298;BU19660801;GM1966;BU19660801;GM1966;BU19660801;GM1966;False;False
14.0;15.0;25.0;208753.305095;587323.98473;Nederland;n.a.;n.a.;Achtkarspelen;Fryslân;land;53.269742897076014;6.1928944784113735;BU00590005;GM0059;BU00590005;GM0059;BU00590005;GM0059;False;False
16.0;20.0;80.0;170600.288818;587328.765503;Nederland;n.a.;BW80;Waadhoeke;Fryslân;land;53.272261059095;5.621044680630102;BU19493200;GM1949;BU19493200;GM1949;BU19493200;GM1949;False;False
14.0;20.0;25.0;180286.139548;587329.684903;Nederland;n.a.;SWP25-14TG20;Leeuwarden;Fryslân;land;53.271898771972985;5.766226103366094;BU00806302;GM0080;BU00806302;GM0080;BU00806302;GM0080;False;False
14.0;20.0;25.0;171201.795357;587455.180903;Nederland;n.a.;SWP25 14TG20;Waadhoeke;Fryslân;land;53.27337903864197;5.630067143781361;BU19493200;GM1949;BU19493200;GM1949;BU19493200;GM1949;False;False
14.0;15.0;25.0;244178.685637;587476.48547;Nederland;n.a.;n.a.;Groningen;Groningen;land;53.266377778511945;6.723801789628694;BU00141602;GM0014;BU00141602;GM0014;BU00141602;GM0014;False;False
14.0;20.0;25.0;181842.374307;587544.509975;Nederland;n.a.;SWP25-14TG20;Leeuwarden;Fryslân;land;53.27375312000428;5.789570238560183;BU00806302;GM0080;BU00806302;GM0080;BU00806302;GM0080;False;False
13.0;15.0;15.0;244836.8014;587553.897323;Nederland;n.a.;EAZ wind;Midden-Groningen;Groningen;land;53.26696303205133;6.733684580605488;BU19521602;GM1952;BU19521602;GM1952;BU19521602;GM1952;False;False
29.6;30.0;225.0;186293.4971;587584.635;Nederland;n.a.;M700-225/40;Tytsjerksteradiel;Fryslân;land;53.27387155078469;5.856293701432147;BU07370108;GM0737;BU07370108;GM0737;BU07370108;GM0737;False;False
16.0;20.0;25.0;177436.593209;587593.050175;Nederland;n.a.;SWP25-16TG20;Leeuwarden;Fryslân;land;53.27439240491541;5.7235329589883;BU00806302;GM0080;BU00806302;GM0080;BU00806302;GM0080;False;False
13.0;15.0;15.0;228019.38452;587596.025896;Nederland;n.a.;EAZ wind;Westerkwartier;Groningen;land;53.269902741025334;6.481683778090079;BU19691709;GM1969;BU19691709;GM1969;BU19691709;GM1969;False;False
16.0;18.0;25.0;250843.825989;587616.261475;Nederland;n.a.;n.a.;Midden-Groningen;Groningen;land;53.26648027912262;6.8237102024039595;BU19521702;GM1952;BU19521702;GM1952;BU19521702;GM1952;False;False
29.6;30.0;225.0;186315.5969;587683.895;Nederland;n.a.;M700-225/40;Tytsjerksteradiel;Fryslân;land;53.27476211956192;5.856634667087511;BU07370108;GM0737;BU07370108;GM0737;BU07370108;GM0737;False;False
13.0;15.0;15.0;230528.906086;587746.475345;Nederland;n.a.;EAZ wind;Het Hogeland;Groningen;land;53.270905735929674;6.5193270750082934;BU19660501;GM1966;BU19660501;GM1966;BU19660501;GM1966;False;False
13.0;15.0;15.0;213868.564087;587750.830994;Nederland;n.a.;EAZ wind;Westerkwartier;Groningen;land;53.273039102614625;6.26963504604723;BU19691509;GM1969;BU19691509;GM1969;BU19691509;GM1969;False;False
14.0;15.0;25.0;210217.638;587780.052979;Nederland;n.a.;n.a.;Noardeast-Fryslân;Fryslân;land;53.27369125082308;6.214919177794263;BU19701206;GM1970;BU19701206;GM1970;BU19701206;GM1970;False;False
13.0;15.0;15.0;187663.995818;587830.907647;Nederland;n.a.;EAZ wind;Tytsjerksteradiel;Fryslân;land;53.276002330804545;5.876861721360015;BU07370108;GM0737;BU07370108;GM0737;BU07370108;GM0737;False;False
133.0;135.0;4800.0;259885.77104;587857.255496;Nederland;Windpark Delfzijl Zuid Uitbreiding;N133 STE;Eemsdelta;Groningen;land;53.26694795577152;6.959262078856819;BU19790945;GM1979;BU19790945;GM1979;BU19790945;GM1979;False;False
133.0;135.0;4800.0;260730.637984;587864.028654;Nederland;Windpark Delfzijl Zuid Uitbreiding;N133 STE;Eemsdelta;Groningen;land;53.266842408856945;6.971922728177903;BU19790945;GM1979;BU19790945;GM1979;BU19790945;GM1979;False;False
13.0;15.0;15.0;232308.054;587916.4015;Nederland;n.a.;EAZ wind;Het Hogeland;Groningen;land;53.272178021979315;6.546030890417;BU19660501;GM1966;BU19660501;GM1966;BU19660501;GM1966;False;False
13.0;15.0;15.0;232342.872074;587917.471117;Nederland;n.a.;EAZ wind;Het Hogeland;Groningen;land;53.27218259499637;6.546552957519753;BU19660501;GM1966;BU19660501;GM1966;BU19660501;GM1966;False;False
133.0;135.0;4800.0;261096.969778;587927.902481;Nederland;Windpark Delfzijl Zuid Uitbreiding;N133 STE;Eemsdelta;Groningen;land;53.267343599419306;6.977432491331638;BU19790945;GM1979;BU19790945;GM1979;BU19790945;GM1979;False;False
13.0;15.0;15.0;261307.202775;587941.707962;Nederland;n.a.;EAZ wind;Eemsdelta;Groningen;land;53.267425852911856;6.980586950766083;BU19790945;GM1979;BU19790945;GM1979;BU19790945;GM1979;False;False
14.0;15.0;25.0;246733.956967;587974.647242;Nederland;n.a.;n.a.;Midden-Groningen;Groningen;land;53.270420633187086;6.7622317871405855;BU19521602;GM1952;BU19521602;GM1952;BU19521602;GM1952;False;False
136.0;145.0;4300.0;259050.0;588043.0;Nederland;n.a.;n.a.;Eemsdelta;Groningen;land;53.268779721135274;6.946800126576269;BU19790945;GM1979;BU19790945;GM1979;BU19790945;GM1979;False;False
133.0;135.0;4800.0;260168.512058;588043.593443;Nederland;Windpark Delfzijl Zuid Uitbreiding;N133 STE;Eemsdelta;Groningen;land;53.268566222112874;6.963559456993292;BU19790945;GM1979;BU19790945;GM1979;BU19790945;GM1979;False;False
133.0;135.0;4800.0;259537.282442;588048.426912;Nederland;Windpark Delfzijl Zuid Uitbreiding;N133 STE;Eemsdelta;Groningen;land;53.26873342291771;6.954103076789157;BU19790945;GM1979;BU19790945;GM1979;BU19790945;GM1979;False;False
133.0;135.0;4800.0;260514.731132;588080.612552;Nederland;Windpark Delfzijl Zuid Uitbreiding;N133 STE;Eemsdelta;Groningen;land;53.268830541161236;6.968759147943856;BU19790945;GM1979;BU19790945;GM1979;BU19790945;GM1979;False;False
13.0;15.0;15.0;184333.653619;588115.90721;Nederland;n.a.;EAZ wind;Noardeast-Fryslân;Fryslân;land;53.27875627258343;5.826965388116217;BU19700909;GM1970;BU19700909;GM1970;BU19700909;GM1970;False;False
52.0;36.5;850.0;197719.8475;588127.885;Nederland;n.a.;n.a.;Dantumadiel;Fryslân;land;53.27796145899451;6.027636871441144;BU18910109;GM1891;BU18910109;GM1891;BU18910109;GM1891;False;False
13.0;15.0;15.0;226725.109985;588144.840027;Nederland;n.a.;EAZ wind;Westerkwartier;Groningen;land;53.27500853659394;6.462410269160996;BU19691709;GM1969;BU19691709;GM1969;BU19691709;GM1969;False;False
133.0;135.0;4800.0;261506.635358;588150.811344;Nederland;Windpark Delfzijl Zuid Uitbreiding;N133 STE;Eemsdelta;Groningen;land;53.26926444463704;6.983644489015405;BU19790945;GM1979;BU19790945;GM1979;BU19790945;GM1979;False;False
47.0;40.0;660.0;258206.5871;588158.4044;Nederland;n.a.;n.a.;Eemsdelta;Groningen;land;53.26997982708484;6.934199947295;BU19790945;GM1979;BU19790945;GM1979;BU19790945;GM1979;False;False
13.0;15.0;15.0;226709.900024;588164.789978;Nederland;n.a.;EAZ wind;Westerkwartier;Groningen;land;53.27518980951942;6.462186765797801;BU19691709;GM1969;BU19691709;GM1969;BU19691709;GM1969;False;False
44.0;40.0;600.0;208526.0908;588185.9182;Nederland;n.a.;n.a.;Noardeast-Fryslân;Fryslân;land;53.27750986671457;6.189633164360556;BU19701204;GM1970;BU19701204;GM1970;BU19701204;GM1970;False;False
13.0;15.0;15.0;225019.904657;588221.484931;Nederland;n.a.;EAZ wind;Westerkwartier;Groningen;land;53.275923208742775;6.436869164511752;BU19691709;GM1969;BU19691709;GM1969;BU19691709;GM1969;False;False
133.0;135.0;4800.0;261050.570223;588248.987189;Nederland;Windpark Delfzijl Zuid Uitbreiding;N133 STE;Eemsdelta;Groningen;land;53.27023696654671;6.976843521161019;BU19790945;GM1979;BU19790945;GM1979;BU19790945;GM1979;False;False
13.0;15.0;15.0;243171.75708;588252.589111;Nederland;n.a.;EAZ wind;Groningen;Groningen;land;53.27351683738124;6.708927530763723;BU00141501;GM0014;BU00141501;GM0014;BU00141501;GM0014;False;False
13.0;15.0;15.0;225054.809312;588274.878462;Nederland;n.a.;EAZ wind;Westerkwartier;Groningen;land;53.27639833037585;6.437404005486289;BU19691709;GM1969;BU19691709;GM1969;BU19691709;GM1969;False;False
133.0;135.0;4800.0;259571.589355;588378.765871;Nederland;Windpark Delfzijl Zuid Uitbreiding;N133 STE;Eemsdelta;Groningen;land;53.27169402882826;6.954724887044742;BU19790945;GM1979;BU19790945;GM1979;BU19790945;GM1979;False;False
13.0;15.0;15.0;229347.343669;588454.811767;Nederland;n.a.;EAZ wind;Westerkwartier;Groningen;land;53.277435038433964;6.5017839917823625;BU19691309;GM1969;BU19691309;GM1969;BU19691309;GM1969;False;False
13.0;15.0;15.0;248650.25;588474.65;Nederland;n.a.;EAZ wind;Midden-Groningen;Groningen;land;53.27458001915082;6.791093459562068;BU19521602;GM1952;BU19521602;GM1952;BU19521602;GM1952;False;False
133.0;135.0;4800.0;261781.148735;588495.436126;Nederland;Windpark Delfzijl Zuid Uitbreiding;N133 STE;Eemsdelta;Groningen;land;53.27230529014466;6.987872453784038;BU19790945;GM1979;BU19790945;GM1979;BU19790945;GM1979;False;False
13.0;15.0;15.0;249336.530701;588571.813477;Nederland;n.a.;EAZ wind;Midden-Groningen;Groningen;land;53.275332186979135;6.801406894888994;BU19521602;GM1952;BU19521602;GM1952;BU19521602;GM1952;False;False
13.0;15.0;25.0;227263.897883;588579.807951;Nederland;n.a.;n.a.;Westerkwartier;Groningen;land;53.27884374485913;6.470583741411041;BU19691709;GM1969;BU19691709;GM1969;BU19691709;GM1969;False;False
13.0;15.0;15.0;236344.744603;588582.845863;Nederland;n.a.;EAZ wind;Het Hogeland;Groningen;land;53.277566190051445;6.606695862246962;BU19660802;GM1966;BU19660802;GM1966;BU19660802;GM1966;False;False
133.0;135.0;4800.0;261383.693136;588589.215916;Nederland;Windpark Delfzijl Zuid Uitbreiding;N133 STE;Eemsdelta;Groningen;land;53.273226904434146;6.981947902766979;BU19790945;GM1979;BU19790945;GM1979;BU19790945;GM1979;False;False
13.0;15.0;15.0;236373.554656;588589.571946;Nederland;n.a.;EAZ wind;Het Hogeland;Groningen;land;53.27762222922558;6.607129385508807;BU19660802;GM1966;BU19660802;GM1966;BU19660802;GM1966;False;False
13.0;15.0;15.0;237321.300374;588613.141252;Nederland;n.a.;EAZ wind;Het Hogeland;Groningen;land;53.277688847691735;6.621340518778451;BU19660802;GM1966;BU19660802;GM1966;BU19660802;GM1966;False;False
13.0;15.0;15.0;237375.055945;588624.85336;Nederland;n.a.;EAZ wind;Het Hogeland;Groningen;land;53.27778578359244;6.622149233263847;BU19660802;GM1966;BU19660802;GM1966;BU19660802;GM1966;False;False
18.0;31.4;80.0;181439.9174;588635.8715;Nederland;n.a.;n.a.;Leeuwarden;Fryslân;land;53.28357926236324;5.7836277209108;BU00806306;GM0080;BU00806306;GM0080;BU00806306;GM0080;False;False
133.0;135.0;4800.0;261044.176911;588657.230951;Nederland;Windpark Delfzijl Zuid Uitbreiding;N133 STE;Eemsdelta;Groningen;land;53.273905305017706;6.976882803154813;BU19790945;GM1979;BU19790945;GM1979;BU19790945;GM1979;False;False
13.0;15.0;15.0;245570.919983;588661.398071;Nederland;n.a.;EAZ wind;Groningen;Groningen;land;53.27678821603848;6.744997583777966;BU00141602;GM0014;BU00141602;GM0014;BU00141602;GM0014;False;False
47.0;40.0;660.0;256930.528787;588664.256016;Nederland;n.a.;n.a.;Eemsdelta;Groningen;land;53.2747685660255;6.915240257602016;BU19790945;GM1979;BU19790945;GM1979;BU19790945;GM1979;False;False
13.0;15.0;15.0;245550.585083;588677.961121;Nederland;n.a.;EAZ wind;Groningen;Groningen;land;53.276940451494006;6.7446974977571195;BU00141602;GM0014;BU00141602;GM0014;BU00141602;GM0014;False;False
136.0;145.0;4300.0;259112.0;588682.7;Nederland;n.a.;n.a.;Eemsdelta;Groningen;land;53.27451385594332;6.947936904760968;BU19790945;GM1979;BU19790945;GM1979;BU19790945;GM1979;False;False
14.0;20.0;25.0;181285.202532;588686.754243;Nederland;n.a.;SWP25-14TG20;Leeuwarden;Fryslân;land;53.28404408621416;5.781312274349728;BU00806306;GM0080;BU00806306;GM0080;BU00806306;GM0080;False;False
14.0;15.0;25.0;209879.000122;588712.000122;Nederland;n.a.;n.a.;Noardeast-Fryslân;Fryslân;land;53.28209929764367;6.2100031616247495;BU19701204;GM1970;BU19701204;GM1970;BU19701204;GM1970;False;False
133.0;135.0;4800.0;259604.550919;588713.94904;Nederland;Windpark Delfzijl Zuid Uitbreiding;N133 STE;Eemsdelta;Groningen;land;53.27469840422112;6.955328202990919;BU19790945;GM1979;BU19790945;GM1979;BU19790945;GM1979;False;False
133.0;135.0;4800.0;260715.540161;588715.935098;Nederland;Windpark Delfzijl Zuid Uitbreiding;N133 STE;Eemsdelta;Groningen;land;53.27449770458811;6.9719775038907565;BU19790945;GM1979;BU19790945;GM1979;BU19790945;GM1979;False;False
136.0;145.0;4300.0;258508.6;588720.8;Nederland;n.a.;n.a.;Eemsdelta;Groningen;land;53.27497326601375;6.938906938899352;BU19790945;GM1979;BU19790945;GM1979;BU19790945;GM1979;False;False
133.0;135.0;4800.0;260034.969622;588729.723193;Nederland;Windpark Delfzijl Zuid Uitbreiding;N133 STE;Eemsdelta;Groningen;land;53.27475570463971;6.961783402964951;BU19790945;GM1979;BU19790945;GM1979;BU19790945;GM1979;False;False
13.0;15.0;15.0;245598.783081;588734.377014;Nederland;n.a.;EAZ wind;Groningen;Groningen;land;53.27743908550249;6.745435814952571;BU00141602;GM0014;BU00141602;GM0014;BU00141602;GM0014;False;False
133.0;135.0;4800.0;260370.190541;588759.39924;Nederland;Windpark Delfzijl Zuid Uitbreiding;N133 STE;Eemsdelta;Groningen;land;53.27495630422052;6.966816602664498;BU19790945;GM1979;BU19790945;GM1979;BU19790945;GM1979;False;False
71.0;85.0;2000.0;261888.7068;588802.1089;Nederland;n.a.;n.a.;Eemsdelta;Groningen;land;53.275038485631654;6.989586443143975;BU19790945;GM1979;BU19790945;GM1979;BU19790945;GM1979;False;False
44.0;40.0;600.0;208495.8401;588804.3379;Nederland;n.a.;n.a.;Noardeast-Fryslân;Fryslân;land;53.28306916836264;6.189282995640022;BU19701204;GM1970;BU19701204;GM1970;BU19701204;GM1970;False;False
31.0;30.0;600.0;172780.4282;588818.3588;Nederland;n.a.;n.a.;Waadhoeke;Fryslân;land;53.28557736271183;5.653805776797396;BU19491600;GM1949;BU19491600;GM1949;BU19491600;GM1949;False;False
14.0;15.0;25.0;174017.666429;588838.240247;Nederland;n.a.;n.a.;Waadhoeke;Fryslân;land;53.285713382665904;5.672357770771246;BU19491600;GM1949;BU19491600;GM1949;BU19491600;GM1949;False;False
11.0;15.0;10.0;236228.356533;588858.323963;Nederland;n.a.;BW10;Het Hogeland;Groningen;land;53.28005870127354;6.605021247684399;BU19660802;GM1966;BU19660802;GM1966;BU19660802;GM1966;False;False
71.0;85.0;2000.0;261584.1704;588877.1141;Nederland;n.a.;n.a.;Eemsdelta;Groningen;land;53.27577302385475;6.98504777626783;BU19790945;GM1979;BU19790945;GM1979;BU19790945;GM1979;False;False
13.0;15.0;15.0;236654.336552;588965.043941;Nederland;n.a.;EAZ wind;Het Hogeland;Groningen;land;53.28095252986283;6.61143353784108;BU19660802;GM1966;BU19660802;GM1966;BU19660802;GM1966;False;False
13.0;15.0;15.0;182440.005306;588979.342578;Nederland;n.a.;EAZ wind;Noardeast-Fryslân;Fryslân;land;53.28661497137416;5.7986513467089305;BU19700909;GM1970;BU19700909;GM1970;BU19700909;GM1970;False;False
71.0;85.0;2000.0;261153.4719;588982.1128;Nederland;n.a.;n.a.;Eemsdelta;Groningen;land;53.276801876231055;6.978628224731792;BU19790945;GM1979;BU19790945;GM1979;BU19790945;GM1979;False;False
71.0;85.0;2000.0;259845.1075;588985.9552;Nederland;n.a.;n.a.;Eemsdelta;Groningen;land;53.277094603939496;6.959022062907299;BU19790945;GM1979;BU19790945;GM1979;BU19790945;GM1979;False;False
13.0;15.0;15.0;230285.409384;589008.604168;Nederland;n.a.;EAZ wind;Het Hogeland;Groningen;land;53.282278967810754;6.5159745082213165;BU19660501;GM1966;BU19660501;GM1966;BU19660501;GM1966;False;False
71.0;85.0;2300.0;259572.2918;589040.4923;Nederland;n.a.;n.a.;Eemsdelta;Groningen;land;53.27763792811377;6.954951353106398;BU19790945;GM1979;BU19790945;GM1979;BU19790945;GM1979;False;False
71.0;85.0;2000.0;260909.2728;589042.6121;Nederland;n.a.;n.a.;Eemsdelta;Groningen;land;53.277393750592495;6.974988624675179;BU19790945;GM1979;BU19790945;GM1979;BU19790945;GM1979;False;False
13.0;15.0;15.0;220700.703979;589073.473083;Nederland;n.a.;EAZ wind;Westerkwartier;Groningen;land;53.28412604070345;6.3723047630675245;BU19691609;GM1969;BU19691609;GM1969;BU19691609;GM1969;False;False
13.0;15.0;15.0;225340.492126;589086.319885;Nederland;n.a.;EAZ wind;Westerkwartier;Groningen;land;53.283650889422866;6.441864177462891;BU19691309;GM1969;BU19691309;GM1969;BU19691309;GM1969;False;False
71.0;85.0;2000.0;260633.8738;589109.1112;Nederland;n.a.;n.a.;Eemsdelta;Groningen;land;53.27804557489526;6.970883322660667;BU19790945;GM1979;BU19790945;GM1979;BU19790945;GM1979;False;False
13.0;15.0;15.0;225354.335571;589113.639404;Nederland;n.a.;EAZ wind;Westerkwartier;Groningen;land;53.28389450812233;6.442077708586759;BU19691309;GM1969;BU19691309;GM1969;BU19691309;GM1969;False;False
29.6;36.0;225.0;179021.2277;589156.4659;Nederland;n.a.;n.a.;Leeuwarden;Fryslân;land;53.28837112769494;5.747403525897736;BU00806304;GM0080;BU00806304;GM0080;BU00806304;GM0080;False;False
13.0;15.0;15.0;226330.900731;589157.59092;Nederland;n.a.;EAZ wind;Westerkwartier;Groningen;land;53.28415991469969;6.456727345766343;BU19691309;GM1969;BU19691309;GM1969;BU19691309;GM1969;False;False
71.0;85.0;2300.0;261979.6678;589161.9152;Nederland;n.a.;n.a.;Eemsdelta;Groningen;land;53.27825224578441;6.9910696622409825;BU19790945;GM1979;BU19790945;GM1979;BU19790945;GM1979;False;False
71.0;85.0;2000.0;260244.8752;589205.7101;Nederland;n.a.;n.a.;Eemsdelta;Groningen;land;53.27899001152307;6.96508528395538;BU19790945;GM1979;BU19790945;GM1979;BU19790945;GM1979;False;False
14.0;15.0;25.0;245239.965517;589210.346015;Nederland;n.a.;n.a.;Groningen;Groningen;land;53.281775556238486;6.740192063530056;BU00141605;GM0014;BU00141605;GM0014;BU00141605;GM0014;False;False
13.0;15.0;15.0;247853.561172;589213.432515;Nederland;n.a.;EAZ wind;Midden-Groningen;Groningen;land;53.28135561586952;6.779368048274874;BU19521601;GM1952;BU19521601;GM1952;BU19521601;GM1952;False;False
15.6;31.4;75.0;226068.3232;589224.6269;Nederland;n.a.;n.a.;Westerkwartier;Groningen;land;53.284797154453074;6.452805853239266;BU19691309;GM1969;BU19691309;GM1969;BU19691309;GM1969;False;False
136.0;145.0;4300.0;259126.9;589239.8;Nederland;n.a.;n.a.;Eemsdelta;Groningen;land;53.279515180350714;6.948341235235847;BU19790945;GM1979;BU19790945;GM1979;BU19790945;GM1979;False;False
13.0;15.0;15.0;259258.575073;589246.435974;Nederland;n.a.;EAZ wind;Eemsdelta;Groningen;land;53.27954912201437;6.950316837682252;BU19790945;GM1979;BU19790945;GM1979;BU19790945;GM1979;False;False
13.0;15.0;15.0;222539.72766;589247.306069;Nederland;n.a.;EAZ wind;Westerkwartier;Groningen;land;53.28545852900973;6.399911094840362;BU19691609;GM1969;BU19691609;GM1969;BU19691609;GM1969;False;False
71.0;85.0;2300.0;261658.5689;589254.5142;Nederland;n.a.;n.a.;Eemsdelta;Groningen;land;53.279148181746145;6.986288321922037;BU19790945;GM1979;BU19790945;GM1979;BU19790945;GM1979;False;False
136.0;145.0;4300.0;258525.3;589275.2;Nederland;n.a.;n.a.;Eemsdelta;Groningen;land;53.27995002212477;6.939336332904338;BU19790945;GM1979;BU19790945;GM1979;BU19790945;GM1979;False;False
71.0;85.0;2000.0;259863.054;589300.0964;Nederland;n.a.;n.a.;Eemsdelta;Groningen;land;53.27991288605675;6.959393834387335;BU19790945;GM1979;BU19790945;GM1979;BU19790945;GM1979;False;False
13.0;15.0;15.0;239518.488;589316.978009;Nederland;n.a.;EAZ wind;Groningen;Groningen;land;53.28366890281344;6.654458019445602;BU00141503;GM0014;BU00141503;GM0014;BU00141503;GM0014;False;False
13.0;15.0;15.0;239494.09;589334.430996;Nederland;n.a.;EAZ wind;Groningen;Groningen;land;53.2838295505363;6.654096892423813;BU00141503;GM0014;BU00141503;GM0014;BU00141503;GM0014;False;False
71.0;85.0;2300.0;259578.4591;589369.8279;Nederland;n.a.;n.a.;Eemsdelta;Groningen;land;53.28059501330359;6.955151283254108;BU19790945;GM1979;BU19790945;GM1979;BU19790945;GM1979;False;False
71.0;85.0;2300.0;261212.0704;589385.1129;Nederland;n.a.;n.a.;Eemsdelta;Groningen;land;53.280410193255044;6.979639988129486;BU19790945;GM1979;BU19790945;GM1979;BU19790945;GM1979;False;False
16.0;20.0;80.0;185464.419788;589392.650265;Nederland;n.a.;BW80;Noardeast-Fryslân;Fryslân;land;53.29016467310335;5.844038320633945;BU19701009;GM1970;BU19701009;GM1970;BU19701009;GM1970;False;False
71.0;85.0;2000.0;260961.9713;589458.3121;Nederland;n.a.;n.a.;Eemsdelta;Groningen;land;53.281117345519256;6.975915872603193;BU19790945;GM1979;BU19790945;GM1979;BU19790945;GM1979;False;False
13.0;15.0;15.0;207414.333119;589465.094485;Nederland;n.a.;EAZ wind;Noardeast-Fryslân;Fryslân;land;53.28911300265998;6.173177366677102;BU19701207;GM1970;BU19701207;GM1970;BU19701207;GM1970;False;False
13.0;15.0;15.0;221164.864075;589465.854126;Nederland;n.a.;EAZ wind;Westerkwartier;Groningen;land;53.2875940156696;6.37934431062258;BU19691609;GM1969;BU19691609;GM1969;BU19691609;GM1969;False;False
13.0;15.0;15.0;219205.811096;589506.051086;Nederland;n.a.;EAZ wind;Westerkwartier;Groningen;land;53.28819414818894;6.349980609930883;BU19691609;GM1969;BU19691609;GM1969;BU19691609;GM1969;False;False
13.0;15.0;15.0;241425.239;589515.423991;Nederland;n.a.;EAZ wind;Groningen;Groningen;land;53.285146688800516;6.683093951292493;BU00141505;GM0014;BU00141505;GM0014;BU00141505;GM0014;False;False
13.0;15.0;15.0;241402.269;589537.570991;Nederland;n.a.;EAZ wind;Groningen;Groningen;land;53.2853493596905;6.682755592393514;BU00141505;GM0014;BU00141505;GM0014;BU00141505;GM0014;False;False
71.0;85.0;2300.0;260680.4723;589539.3112;Nederland;n.a.;n.a.;Eemsdelta;Groningen;land;53.2819006549394;6.971723589012275;BU19790945;GM1979;BU19790945;GM1979;BU19790945;GM1979;False;False
16.0;15.0;25.0;246254.755615;589575.19458;Nederland;n.a.;n.a.;Groningen;Groningen;land;53.28488078124911;6.755506774377814;BU00141605;GM0014;BU00141605;GM0014;BU00141605;GM0014;False;False
14.0;15.0;25.0;208217.13774;589635.187554;Nederland;n.a.;n.a.;Noardeast-Fryslân;Fryslân;land;53.290561863481074;6.18524283014096;BU19701207;GM1970;BU19701207;GM1970;BU19701207;GM1970;False;False
71.0;85.0;2000.0;260295.2736;589652.0389;Nederland;n.a.;n.a.;Eemsdelta;Groningen;land;53.282989262030526;6.9659873079873424;BU19790945;GM1979;BU19790945;GM1979;BU19790945;GM1979;False;False
14.0;15.0;25.0;241695.33365;589656.857854;Nederland;n.a.;n.a.;Groningen;Groningen;land;53.28637350419593;6.687181114559085;BU00141505;GM0014;BU00141505;GM0014;BU00141505;GM0014;False;False
29.6;36.0;225.0;176857.9705;589661.0874;Nederland;n.a.;n.a.;Waadhoeke;Fryslân;land;53.29299815629681;5.715000721440541;BU19493900;GM1949;BU19493900;GM1949;BU19493900;GM1949;False;False
71.0;85.0;2300.0;262110.7656;589684.0155;Nederland;n.a.;n.a.;Eemsdelta;Groningen;land;53.28291574100953;6.993208928746044;BU19790945;GM1979;BU19790945;GM1979;BU19790945;GM1979;False;False
44.0;40.0;600.0;264130.3567;589740.5216;Nederland;n.a.;n.a.;Eemsdelta;Groningen;land;53.283014750509814;7.0234977665955665;BU19790945;GM1979;BU19790945;GM1979;BU19790945;GM1979;False;False
14.0;15.0;25.0;241310.261603;589742.947587;Nederland;n.a.;n.a.;Groningen;Groningen;land;53.28720921973802;6.681431692587303;BU00141505;GM0014;BU00141505;GM0014;BU00141505;GM0014;False;False
13.0;15.0;15.0;227141.181625;589766.859429;Nederland;n.a.;EAZ wind;Westerkwartier;Groningen;land;53.28952482797171;6.469011695542544;BU19691309;GM1969;BU19691309;GM1969;BU19691309;GM1969;False;False
71.0;85.0;2000.0;259889.7;589770.2726;Nederland;n.a.;n.a.;Eemsdelta;Groningen;land;53.28413105307131;6.959947143977366;BU19790945;GM1979;BU19790945;GM1979;BU19790945;GM1979;False;False
14.0;15.0;25.0;209029.963937;589775.052321;Nederland;n.a.;n.a.;Noardeast-Fryslân;Fryslân;land;53.29173690750419;6.197454268080162;BU19701207;GM1970;BU19701207;GM1970;BU19701207;GM1970;False;False
71.0;85.0;2300.0;261763.9668;589785.5144;Nederland;n.a.;n.a.;Eemsdelta;Groningen;land;53.28389684011345;6.988044882172609;BU19790945;GM1979;BU19790945;GM1979;BU19790945;GM1979;False;False
14.0;15.0;25.0;241092.036072;589790.588074;Nederland;n.a.;n.a.;Groningen;Groningen;land;53.287672398793255;6.678173009964395;BU00141504;GM0014;BU00141504;GM0014;BU00141504;GM0014;False;False
13.0;15.0;15.0;227149.282388;589795.362111;Nederland;n.a.;EAZ wind;Westerkwartier;Groningen;land;53.289779802805434;6.46913957438679;BU19691309;GM1969;BU19691309;GM1969;BU19691309;GM1969;False;False
136.0;145.0;4300.0;259144.4;589797.5;Nederland;n.a.;n.a.;Eemsdelta;Groningen;land;53.28452137751961;6.948784831906274;BU19790945;GM1979;BU19790945;GM1979;BU19790945;GM1979;False;False
136.0;145.0;4300.0;258541.9;589830.0;Nederland;n.a.;n.a.;Eemsdelta;Groningen;land;53.28493038039342;6.939764462341826;BU19790945;GM1979;BU19790945;GM1979;BU19790945;GM1979;False;False
13.0;15.0;15.0;203521.180763;589857.338984;Nederland;n.a.;EAZ wind;Noardeast-Fryslân;Fryslân;land;53.29300495722576;6.114862502372631;BU19701308;GM1970;BU19701308;GM1970;BU19701308;GM1970;False;False
71.0;85.0;2000.0;259586.8947;589858.5192;Nederland;n.a.;n.a.;Eemsdelta;Groningen;land;53.28498307789533;6.9554372778095175;BU19790945;GM1979;BU19790945;GM1979;BU19790945;GM1979;False;False
71.0;85.0;2300.0;261291.0684;589924.513;Nederland;n.a.;n.a.;Eemsdelta;Groningen;land;53.285239652664686;6.981002950460826;BU19790945;GM1979;BU19790945;GM1979;BU19790945;GM1979;False;False
11.0;15.0;10.0;237831.350796;589937.813525;Nederland;n.a.;BW10;Het Hogeland;Groningen;land;53.28951039808339;6.629327876050269;BU19660802;GM1966;BU19660802;GM1966;BU19660802;GM1966;False;False
13.0;15.0;15.0;189259.24946;589940.349911;Nederland;n.a.;EAZ wind;Noardeast-Fryslân;Fryslân;land;53.2948558715178;5.901000388188387;BU19701008;GM1970;BU19701008;GM1970;BU19701008;GM1970;False;False
13.0;15.0;15.0;233527.400801;589982.664709;Nederland;n.a.;EAZ wind;Het Hogeland;Groningen;land;53.29056319414358;6.564811366968307;BU19660802;GM1966;BU19660802;GM1966;BU19660802;GM1966;False;False
71.0;85.0;2300.0;261029.7693;590001.9122;Nederland;n.a.;n.a.;Eemsdelta;Groningen;land;53.285986796267814;6.977111952211827;BU19790945;GM1979;BU19790945;GM1979;BU19790945;GM1979;False;False
13.0;15.0;15.0;220053.14801;590010.769104;Nederland;n.a.;EAZ wind;Westerkwartier;Groningen;land;53.2926261743751;6.362787302478068;BU19691609;GM1969;BU19691609;GM1969;BU19691609;GM1969;False;False
71.0;85.0;2300.0;262199.0642;590034.5156;Nederland;n.a.;n.a.;Eemsdelta;Groningen;land;53.28604638741756;6.994649671882765;BU19790945;GM1979;BU19790945;GM1979;BU19790945;GM1979;False;False
13.0;15.0;25.0;215348.025637;590041.673565;Nederland;n.a.;n.a.;Westerkwartier;Groningen;land;53.293456035133445;6.292240886694032;BU19691509;GM1969;BU19691509;GM1969;BU19691509;GM1969;False;False
14.0;15.0;25.0;223752.631811;590046.505512;Nederland;n.a.;n.a.;Westerkwartier;Groningen;land;53.29248397016335;6.418266398315647;BU19691609;GM1969;BU19691609;GM1969;BU19691609;GM1969;False;False
13.0;15.0;15.0;220047.339628;590048.550803;Nederland;n.a.;EAZ wind;Westerkwartier;Groningen;land;53.29296632176254;6.36270788555103;BU19691609;GM1969;BU19691609;GM1969;BU19691609;GM1969;False;False
13.0;15.0;15.0;218790.788086;590057.167114;Nederland;n.a.;EAZ wind;Westerkwartier;Groningen;land;53.29319524601763;6.343867952828952;BU19691609;GM1969;BU19691609;GM1969;BU19691609;GM1969;False;False
54.5;45.0;950.0;177984.994747;590068.064881;Nederland;n.a.;n.a.;Waadhoeke;Fryslân;land;53.29660760432178;5.731931079069454;BU19493900;GM1949;BU19493900;GM1949;BU19493900;GM1949;False;False
54.5;45.0;950.0;177714.347056;590080.703838;Nederland;n.a.;n.a.;Waadhoeke;Fryslân;land;53.29673274761137;5.727872940657573;BU19493900;GM1949;BU19493900;GM1949;BU19493900;GM1949;False;False
71.0;85.0;2300.0;260739.3703;590088.9113;Nederland;n.a.;n.a.;Eemsdelta;Groningen;land;53.2868258040235;6.972787792238013;BU19790945;GM1979;BU19790945;GM1979;BU19790945;GM1979;False;False
54.5;45.0;950.0;177448.475165;590097.293497;Nederland;n.a.;n.a.;Waadhoeke;Fryslân;land;53.29689305175886;5.723886679590305;BU19493900;GM1949;BU19493900;GM1949;BU19493900;GM1949;False;False
15.6;24.5;75.0;190546.5168;590100.9375;Nederland;n.a.;n.a.;Dantumadiel;Fryslân;land;53.29621463274768;5.920322828106925;BU18910309;GM1891;BU18910309;GM1891;BU18910309;GM1891;False;False
71.0;85.0;2300.0;261839.2653;590165.5145;Nederland;n.a.;n.a.;Eemsdelta;Groningen;land;53.28729513043654;6.98930026050284;BU19790945;GM1979;BU19790945;GM1979;BU19790945;GM1979;False;False
71.0;85.0;2300.0;260356.9717;590201.3101;Nederland;n.a.;n.a.;Eemsdelta;Groningen;land;53.28791095610174;6.967092750471691;BU19790945;GM1979;BU19790945;GM1979;BU19790945;GM1979;False;False
13.0;15.0;15.0;249287.073793;590232.100181;Nederland;n.a.;EAZ wind;Midden-Groningen;Groningen;land;53.29025544717539;6.801154439414358;BU19521602;GM1952;BU19521602;GM1952;BU19521602;GM1952;False;False
13.0;15.0;15.0;249337.795097;590262.778389;Nederland;n.a.;EAZ wind;Midden-Groningen;Groningen;land;53.29052207950319;6.801923880549237;BU19521602;GM1952;BU19521602;GM1952;BU19521602;GM1952;False;False
71.0;85.0;2000.0;259921.8807;590331.3201;Nederland;n.a.;n.a.;Eemsdelta;Groningen;land;53.289164381019155;6.960613307843725;BU19790945;GM1979;BU19790945;GM1979;BU19790945;GM1979;False;False
71.0;85.0;2300.0;261352.5669;590342.813;Nederland;n.a.;n.a.;Eemsdelta;Groningen;land;53.28898479175257;6.9820636710972455;BU19790945;GM1979;BU19790945;GM1979;BU19790945;GM1979;False;False
136.0;145.0;4300.0;259158.2;590354.2;Nederland;n.a.;n.a.;Eemsdelta;Groningen;land;53.289519302802375;6.949172746739621;BU19790945;GM1979;BU19790945;GM1979;BU19790945;GM1979;False;False
13.0;15.0;15.0;226812.333339;590357.589373;Nederland;n.a.;EAZ wind;Westerkwartier;Groningen;land;53.29487625469882;6.464213762288237;BU19691309;GM1969;BU19691309;GM1969;BU19691309;GM1969;False;False
136.0;145.0;4300.0;258554.4;590387.8;Nederland;n.a.;n.a.;Eemsdelta;Groningen;land;53.289938470806725;6.940132204246189;BU19790945;GM1979;BU19790945;GM1979;BU19790945;GM1979;False;False
18.0;31.4;80.0;170427.7616;590387.8491;Nederland;n.a.;n.a.;Waadhoeke;Fryslân;land;53.29975277110985;5.61860611048369;BU19493200;GM1949;BU19493200;GM1949;BU19493200;GM1949;False;False
16.0;20.0;25.0;188760.770364;590420.824865;Nederland;n.a.;SWP25 16TG20;Noardeast-Fryslân;Fryslân;land;53.29920468549689;5.893575580299577;BU19701008;GM1970;BU19701008;GM1970;BU19701008;GM1970;False;False
71.0;85.0;2000.0;259600.928;590426.7191;Nederland;n.a.;n.a.;Eemsdelta;Groningen;land;53.29008423094423;6.955833222020717;BU19790945;GM1979;BU19790945;GM1979;BU19790945;GM1979;False;False
71.0;85.0;2300.0;261086.7678;590440.0122;Nederland;n.a.;n.a.;Eemsdelta;Groningen;land;53.289910716710914;6.978111456967085;BU19790945;GM1979;BU19790945;GM1979;BU19790945;GM1979;False;False
13.0;15.0;15.0;202382.762393;590486.565711;Nederland;n.a.;EAZ wind;Noardeast-Fryslân;Fryslân;land;53.298760580957186;6.097884498281091;BU19701309;GM1970;BU19701309;GM1970;BU19701309;GM1970;False;False
29.6;36.0;225.0;185111.8561;590511.7739;Nederland;n.a.;n.a.;Noardeast-Fryslân;Fryslân;land;53.300240075114615;5.838856906643755;BU19701009;GM1970;BU19701009;GM1970;BU19701009;GM1970;False;False
71.0;85.0;2300.0;260788.9399;590548.7638;Nederland;n.a.;n.a.;Eemsdelta;Groningen;land;53.29094662347643;6.973682745068304;BU19790945;GM1979;BU19790945;GM1979;BU19790945;GM1979;False;False
136.0;145.0;4300.0;262045.822;590598.842;Nederland;n.a.;n.a.;Eemsdelta;Groningen;land;53.291146134189006;6.992541340141707;BU19790945;GM1979;BU19790945;GM1979;BU19790945;GM1979;False;False
13.0;15.0;15.0;223929.309082;590620.346008;Nederland;n.a.;EAZ wind;Westerkwartier;Groningen;land;53.29761665144568;6.421039127213142;BU19691609;GM1969;BU19691609;GM1969;BU19691609;GM1969;False;False
14.0;15.0;25.0;240612.036117;590633.685409;Nederland;n.a.;n.a.;Groningen;Groningen;land;53.29532345761566;6.671202533483787;BU00141504;GM0014;BU00141504;GM0014;BU00141504;GM0014;False;False
13.0;15.0;15.0;250112.66;590642.67;Nederland;n.a.;EAZ wind;Midden-Groningen;Groningen;land;53.29379729562639;6.813653366971435;BU19521602;GM1952;BU19521602;GM1952;BU19521602;GM1952;False;False
13.0;15.0;15.0;183099.28774;590676.114096;Nederland;n.a.;EAZ wind;Noardeast-Fryslân;Fryslân;land;53.30182637836376;5.808685558418585;BU19700909;GM1970;BU19700909;GM1970;BU19700909;GM1970;False;False
71.0;85.0;2300.0;260412.87;590685.4101;Nederland;n.a.;n.a.;Eemsdelta;Groningen;land;53.29224837358508;6.968090043444499;BU19790945;GM1979;BU19790945;GM1979;BU19790945;GM1979;False;False
14.0;15.0;25.0;238475.174815;590743.562985;Nederland;n.a.;n.a.;Het Hogeland;Groningen;land;53.29664870473537;6.639190402758676;BU19660802;GM1966;BU19660802;GM1966;BU19660802;GM1966;False;False
13.0;15.0;15.0;229040.813;590748.035009;Nederland;n.a.;EAZ wind;Westerkwartier;Groningen;land;53.29807978773819;6.497719746449988;BU19691309;GM1969;BU19691309;GM1969;BU19691309;GM1969;False;False
16.0;15.0;25.0;245867.254028;590776.672485;Nederland;n.a.;n.a.;Groningen;Groningen;land;53.29573997688197;6.75003904821791;BU00141605;GM0014;BU00141605;GM0014;BU00141605;GM0014;False;False
136.0;145.0;4300.0;261526.07;590802.439;Nederland;n.a.;n.a.;Eemsdelta;Groningen;land;53.29307880656656;6.984817458614546;BU19790945;GM1979;BU19790945;GM1979;BU19790945;GM1979;False;False
13.0;15.0;15.0;227700.315;590843.446009;Nederland;n.a.;EAZ wind;Westerkwartier;Groningen;land;53.29912107482553;6.477639321315877;BU19691309;GM1969;BU19691309;GM1969;BU19691309;GM1969;False;False
71.0;85.0;2300.0;259952.3965;590852.9499;Nederland;n.a.;n.a.;Eemsdelta;Groningen;land;53.29384395214926;6.96124174957535;BU19790945;GM1979;BU19790945;GM1979;BU19790945;GM1979;False;False
44.0;40.0;600.0;263789.7547;590854.3202;Nederland;n.a.;n.a.;Eemsdelta;Groningen;land;53.29308871687977;7.018771207558668;BU19790945;GM1979;BU19790945;GM1979;BU19790945;GM1979;False;False
16.0;20.0;25.0;178687.005939;590900.950288;Nederland;n.a.;SWP25-16TG20;Noardeast-Fryslân;Fryslân;land;53.304060525983836;5.742521151591572;BU19700909;GM1970;BU19700909;GM1970;BU19700909;GM1970;False;False
136.0;145.0;4300.0;259173.7;590909.8;Nederland;n.a.;n.a.;Eemsdelta;Groningen;land;53.294507005726;6.949585886692685;BU19790945;GM1979;BU19790945;GM1979;BU19790945;GM1979;False;False
13.0;15.0;15.0;218898.773987;590920.160095;Nederland;n.a.;EAZ wind;Westerkwartier;Groningen;land;53.30093570516776;6.345659488525346;BU19691609;GM1969;BU19691609;GM1969;BU19691609;GM1969;False;False
136.0;145.0;4300.0;258572.4;590942.4;Nederland;n.a.;n.a.;Eemsdelta;Groningen;land;53.294916740746515;6.9405814616827035;BU19790945;GM1979;BU19790945;GM1979;BU19790945;GM1979;False;False
13.0;15.0;15.0;247668.77832;590950.78009;Nederland;n.a.;EAZ wind;Eemsdelta;Groningen;land;53.2969945639732;6.777101187014245;BU19791676;GM1979;BU19791676;GM1979;BU19791676;GM1979;False;False
13.0;15.0;15.0;218905.974121;590958.029114;Nederland;n.a.;EAZ wind;Westerkwartier;Groningen;land;53.301275068663976;6.345775035532882;BU19691609;GM1969;BU19691609;GM1969;BU19691609;GM1969;False;False
71.0;85.0;2300.0;259613.8913;590976.3715;Nederland;n.a.;n.a.;Eemsdelta;Groningen;land;53.29501897912901;6.956207162549887;BU19790945;GM1979;BU19790945;GM1979;BU19790945;GM1979;False;False
13.0;15.0;15.0;247653.977478;590976.656677;Nederland;n.a.;EAZ wind;Eemsdelta;Groningen;land;53.297229584248285;6.776886751279693;BU19791676;GM1979;BU19791676;GM1979;BU19791676;GM1979;False;False
13.0;15.0;15.0;224527.057175;590993.639893;Nederland;n.a.;EAZ wind;Westerkwartier;Groningen;land;53.30089288702499;6.430084084764363;BU19691309;GM1969;BU19691309;GM1969;BU19691309;GM1969;False;False
136.0;145.0;4300.0;261001.313;591023.044;Nederland;n.a.;n.a.;Eemsdelta;Groningen;land;53.295164750824235;6.977023475610121;BU19790831;GM1979;BU19790831;GM1979;BU19790831;GM1979;False;False
16.0;20.0;80.0;172594.74058;591078.732376;Nederland;n.a.;BW80;Waadhoeke;Fryslân;land;53.305893478417076;5.651145945549717;BU19491600;GM1949;BU19491600;GM1949;BU19491600;GM1949;False;False
136.0;145.0;4300.0;262190.384;591144.143;Nederland;n.a.;n.a.;Eemsdelta;Groningen;land;53.296015276832414;6.994891052819522;BU19790945;GM1979;BU19790945;GM1979;BU19790945;GM1979;False;False
15.6;31.4;75.0;188021.8871;591152.8752;Nederland;n.a.;n.a.;Noardeast-Fryslân;Fryslân;land;53.30582836121695;5.882569265367101;BU19701008;GM1970;BU19701008;GM1970;BU19701008;GM1970;False;False
136.0;145.0;4300.0;260483.842;591232.929;Nederland;n.a.;n.a.;Eemsdelta;Groningen;land;53.29715245998616;6.969334442440783;BU19790831;GM1979;BU19790831;GM1979;BU19790831;GM1979;False;False
16.0;20.0;45.0;171986.807847;591259.80393;Nederland;n.a.;BW45;Waadhoeke;Fryslân;land;53.30754013421759;5.64203607674463;BU19491600;GM1949;BU19491600;GM1949;BU19491600;GM1949;False;False
13.0;15.0;15.0;224510.533813;591315.247259;Nederland;n.a.;EAZ wind;Westerkwartier;Groningen;land;53.30378438006219;6.429906151125217;BU19691309;GM1969;BU19691309;GM1969;BU19691309;GM1969;False;False
33.4;40.0;300.0;206309.7405;591370.9921;Nederland;n.a.;n.a.;Noardeast-Fryslân;Fryslân;land;53.306344017205845;6.15692070272559;BU19701109;GM1970;BU19701109;GM1970;BU19701109;GM1970;False;False
31.0;30.0;250.0;187005.9814;591409.6443;Nederland;n.a.;n.a.;Noardeast-Fryslân;Fryslân;land;53.308197296445;5.867355885258923;BU19701009;GM1970;BU19701009;GM1970;BU19701009;GM1970;False;False
16.0;20.0;25.0;182522.485445;591410.398117;Nederland;n.a.;SWP25 16TG20;Noardeast-Fryslân;Fryslân;land;53.30845402284954;5.800097172279879;BU19700909;GM1970;BU19700909;GM1970;BU19700909;GM1970;False;False
136.0;145.0;4300.0;259187.4;591420.0;Nederland;n.a.;n.a.;Eemsdelta;Groningen;land;53.29908724119196;6.949957358610488;BU19790945;GM1979;BU19790945;GM1979;BU19790945;GM1979;False;False
136.0;145.0;4300.0;259947.347;591451.066;Nederland;n.a.;n.a.;Eemsdelta;Groningen;land;53.299217539889646;6.9613621572056195;BU19790831;GM1979;BU19790831;GM1979;BU19790831;GM1979;False;False
136.0;145.0;4300.0;261745.108;591491.88;Nederland;n.a.;n.a.;Eemsdelta;Groningen;land;53.29922795131293;6.9883311317634025;BU19790945;GM1979;BU19790945;GM1979;BU19790945;GM1979;False;False
31.0;30.0;600.0;175410.022344;591503.771836;Nederland;n.a.;n.a.;Waadhoeke;Fryslân;land;53.30961230964921;5.693404476114627;BU19493900;GM1949;BU19493900;GM1949;BU19493900;GM1949;False;False
13.0;15.0;15.0;251758.436628;591511.949281;Nederland;n.a.;EAZ wind;Eemsdelta;Groningen;land;53.30131047017092;6.838590994521882;BU19791572;GM1979;BU19791572;GM1979;BU19791572;GM1979;False;False
16.0;20.0;25.0;189146.032961;591514.173044;Nederland;n.a.;SWP25-16TG20;Noardeast-Fryslân;Fryslân;land;53.309003907491864;5.899470515608032;BU19701006;GM1970;BU19701006;GM1970;BU19701006;GM1970;False;False
13.0;15.0;15.0;238906.052644;591517.13337;Nederland;n.a.;EAZ wind;Het Hogeland;Groningen;land;53.30353058840051;6.645854151244967;BU19660802;GM1966;BU19660802;GM1966;BU19660802;GM1966;False;False
136.0;145.0;4300.0;262567.653;591542.165;Nederland;n.a.;n.a.;Eemsdelta;Groningen;land;53.299514639044645;7.000681084666709;BU19790831;GM1979;BU19790831;GM1979;BU19790831;GM1979;False;False
13.0;15.0;15.0;251744.719709;591549.419888;Nederland;n.a.;EAZ wind;Eemsdelta;Groningen;land;53.301649550449056;6.838396632721349;BU19791572;GM1979;BU19791572;GM1979;BU19791572;GM1979;False;False
31.0;30.0;250.0;186952.1916;591563.3842;Nederland;n.a.;n.a.;Noardeast-Fryslân;Fryslân;land;53.309581872161544;5.866564329673034;BU19701009;GM1970;BU19701009;GM1970;BU19701009;GM1970;False;False
14.0;15.0;25.0;238338.036621;591586.28949;Nederland;n.a.;n.a.;Het Hogeland;Groningen;land;53.30424078397035;6.637353517820886;BU19660802;GM1966;BU19660802;GM1966;BU19660802;GM1966;False;False
13.0;15.0;15.0;234002.069761;591586.600708;Nederland;n.a.;EAZ wind;Het Hogeland;Groningen;land;53.30490254514531;6.572324011661708;BU19660802;GM1966;BU19660802;GM1966;BU19660802;GM1966;False;False
13.0;15.0;15.0;245186.911204;591588.438622;Nederland;n.a.;EAZ wind;Groningen;Groningen;land;53.303147553523495;6.740066767611466;BU00141605;GM0014;BU00141605;GM0014;BU00141605;GM0014;False;False
13.0;15.0;15.0;234002.121297;591621.12747;Nederland;n.a.;EAZ wind;Het Hogeland;Groningen;land;53.30521271607375;6.572333310414441;BU19660802;GM1966;BU19660802;GM1966;BU19660802;GM1966;False;False
13.0;15.0;15.0;234002.167644;591656.532046;Nederland;n.a.;EAZ wind;Het Hogeland;Groningen;land;53.3055307727329;6.572342748080765;BU19660802;GM1966;BU19660802;GM1966;BU19660802;GM1966;False;False
13.0;15.0;15.0;250276.554062;591659.200517;Nederland;n.a.;EAZ wind;Eemsdelta;Groningen;land;53.302899599478806;6.8164132416287355;BU19791469;GM1979;BU19791469;GM1979;BU19791469;GM1979;False;False
136.0;145.0;4300.0;261056.0;591789.587;Nederland;n.a.;n.a.;Eemsdelta;Groningen;land;53.30203934343501;6.978097386240707;BU19790831;GM1979;BU19790831;GM1979;BU19790831;GM1979;False;False
13.0;15.0;15.0;246543.613644;591829.517159;Nederland;n.a.;EAZ wind;Eemsdelta;Groningen;land;53.30508240497336;6.760481502450525;BU19791676;GM1979;BU19791676;GM1979;BU19791676;GM1979;False;False
13.0;15.0;15.0;250977.33546;591922.151772;Nederland;n.a.;EAZ wind;Eemsdelta;Groningen;land;53.30513622039147;6.827001064745426;BU19791469;GM1979;BU19791469;GM1979;BU19791469;GM1979;False;False
13.0;15.0;15.0;250946.332575;591924.392945;Nederland;n.a.;EAZ wind;Eemsdelta;Groningen;land;53.30516192232172;6.826536792291936;BU19791469;GM1979;BU19791469;GM1979;BU19791469;GM1979;False;False
136.0;145.0;4300.0;258598.3;591937.2;Nederland;n.a.;n.a.;Eemsdelta;Groningen;land;53.30384760155171;6.941291802500686;BU19790945;GM1979;BU19790945;GM1979;BU19790945;GM1979;False;False
13.0;15.0;15.0;245029.721344;591953.365428;Nederland;n.a.;n.a.;Groningen;Groningen;land;53.30645229499419;6.737812150112523;BU00141603;GM0014;BU00141603;GM0014;BU00141603;GM0014;False;False
136.0;145.0;4300.0;262206.019;591984.953;Nederland;n.a.;n.a.;Eemsdelta;Groningen;land;53.30356463070052;6.995407128742677;BU19790831;GM1979;BU19790831;GM1979;BU19790831;GM1979;False;False
13.0;15.0;25.0;237605.19862;592013.846159;Nederland;n.a.;n.a.;Het Hogeland;Groningen;land;53.308195607133264;6.626473191181953;BU19660802;GM1966;BU19660802;GM1966;BU19660802;GM1966;False;False
136.0;145.0;4300.0;262775.447;592062.186;Nederland;n.a.;n.a.;Eemsdelta;Groningen;land;53.304143774381274;7.003971862989043;BU19790831;GM1979;BU19790831;GM1979;BU19790831;GM1979;False;False
136.0;145.0;4300.0;260181.898;592090.773;Nederland;n.a.;n.a.;Eemsdelta;Groningen;land;53.304917578385904;6.965089286330626;BU19790831;GM1979;BU19790831;GM1979;BU19790831;GM1979;False;False
54.0;40.0;900.0;188745.8522;592111.6149;Nederland;n.a.;n.a.;Noardeast-Fryslân;Fryslân;land;53.314397347187594;5.8935302433388586;BU19701006;GM1970;BU19701006;GM1970;BU19701006;GM1970;False;False
13.0;15.0;15.0;237044.600129;592131.316819;Nederland;n.a.;EAZ wind;Het Hogeland;Groningen;land;53.30933733143908;6.618094957966042;BU19660802;GM1966;BU19660802;GM1966;BU19660802;GM1966;False;False
31.0;36.0;600.0;182822.4157;592182.9848;Nederland;n.a.;n.a.;Noardeast-Fryslân;Fryslân;land;53.31538021326114;5.8046638138515245;BU19700808;GM1970;BU19700808;GM1970;BU19700808;GM1970;False;False
13.0;15.0;25.0;216642.610952;592183.187843;Nederland;n.a.;n.a.;Westerkwartier;Groningen;land;53.31254828868853;6.312065846144077;BU19691608;GM1969;BU19691608;GM1969;BU19691608;GM1969;False;False
13.0;15.0;15.0;250415.4021;592193.790588;Nederland;n.a.;EAZ wind;Eemsdelta;Groningen;land;53.30767702826656;6.818654855729328;BU19791469;GM1979;BU19791469;GM1979;BU19791469;GM1979;False;False
136.0;145.0;4300.0;259575.323374;592211.433297;Nederland;n.a.;n.a.;Eemsdelta;Groningen;land;53.30612051748503;6.956032534403517;BU19790831;GM1979;BU19790831;GM1979;BU19790831;GM1979;False;False
13.0;15.0;15.0;258241.092407;592247.065491;Nederland;n.a.;EAZ wind;Eemsdelta;Groningen;land;53.30670015938465;6.9360352015085756;BU19790945;GM1979;BU19790945;GM1979;BU19790945;GM1979;False;False
136.0;145.0;4300.0;258609.6;592415.5;Nederland;n.a.;n.a.;Eemsdelta;Groningen;land;53.30814177291956;6.941616158451999;BU19790945;GM1979;BU19790945;GM1979;BU19790945;GM1979;False;False
100.0;100.0;3300.0;263158.0327;592464.6114;Nederland;n.a.;n.a.;Eemsdelta;Groningen;land;53.307681158234786;7.009844947049328;BU19790831;GM1979;BU19790831;GM1979;BU19790831;GM1979;False;False
136.0;145.0;4300.0;260576.862;592474.96;Nederland;n.a.;n.a.;Eemsdelta;Groningen;land;53.308290600333926;6.971138925751081;BU19790831;GM1979;BU19790831;GM1979;BU19790831;GM1979;False;False
13.0;15.0;15.0;258347.071643;592530.28419;Nederland;n.a.;EAZ wind;Eemsdelta;Groningen;land;53.30922369670956;6.9377160449785045;BU19790945;GM1979;BU19790945;GM1979;BU19790945;GM1979;False;False
13.0;15.0;15.0;234410.400658;592557.58113;Nederland;n.a.;EAZ wind;Het Hogeland;Groningen;land;53.31356496073618;6.57868921240003;BU19660802;GM1966;BU19660802;GM1966;BU19660802;GM1966;False;False
100.0;100.0;3300.0;262851.5102;592574.3325;Nederland;n.a.;n.a.;Eemsdelta;Groningen;land;53.308728696715654;7.005285123618696;BU19790831;GM1979;BU19790831;GM1979;BU19790831;GM1979;False;False
136.0;145.0;4300.0;262291.401;592613.651;Nederland;n.a.;n.a.;Eemsdelta;Groningen;land;53.309194687324556;6.99689830777612;BU19790831;GM1979;BU19790831;GM1979;BU19790831;GM1979;False;False
54.0;40.0;900.0;236402.6899;592625.2581;Nederland;n.a.;n.a.;Het Hogeland;Groningen;land;53.31387293010363;6.60859245103902;BU19660802;GM1966;BU19660802;GM1966;BU19660802;GM1966;False;False
13.0;15.0;15.0;225382.682;592633.502004;Nederland;n.a.;EAZ wind;Westerkwartier;Groningen;land;53.31551337850594;6.4432768455435205;BU19691309;GM1969;BU19691309;GM1969;BU19691309;GM1969;False;False
13.0;15.0;15.0;192254.668799;592638.71088;Nederland;n.a.;EAZ wind;Noardeast-Fryslân;Fryslân;land;53.31889990666154;5.9462356045648;BU19700605;GM1970;BU19700605;GM1970;BU19700605;GM1970;False;False
10.0;15.0;25.0;248632.559845;592714.69949;Nederland;n.a.;n.a.;Eemsdelta;Groningen;land;53.3126719257929;6.792068532006521;BU19791676;GM1979;BU19791676;GM1979;BU19791676;GM1979;False;False
13.0;15.0;15.0;241743.776874;592729.25302;Nederland;n.a.;EAZ wind;Eemsdelta;Groningen;land;53.31396618607383;6.688740167419305;BU19791780;GM1979;BU19791780;GM1979;BU19791780;GM1979;False;False
100.0;100.0;3300.0;263276.4618;592765.9091;Nederland;n.a.;n.a.;Eemsdelta;Groningen;land;53.31036351151606;7.011722975307271;BU19790831;GM1979;BU19790831;GM1979;BU19790831;GM1979;False;False
13.0;15.0;15.0;224192.38;592771.707009;Nederland;n.a.;EAZ wind;Westerkwartier;Groningen;land;53.316910603451404;6.425449527560483;BU19691609;GM1969;BU19691609;GM1969;BU19691609;GM1969;False;False
13.0;15.0;15.0;224220.678;592782.636004;Nederland;n.a.;EAZ wind;Westerkwartier;Groningen;land;53.317005121691615;6.425876441954187;BU19691609;GM1969;BU19691609;GM1969;BU19691609;GM1969;False;False
16.0;20.0;80.0;214026.759921;592787.851529;Nederland;n.a.;BW80;Noardeast-Fryslân;Fryslân;land;53.31827640086829;6.272935066406779;BU19701209;GM1970;BU19701209;GM1970;BU19701209;GM1970;False;False
13.0;15.0;15.0;224248.484;592793.374991;Nederland;n.a.;EAZ wind;Westerkwartier;Groningen;land;53.317097995258955;6.4262959356668246;BU19691609;GM1969;BU19691609;GM1969;BU19691609;GM1969;False;False
136.0;145.0;4300.0;259528.585924;592816.215;Nederland;n.a.;n.a.;Eemsdelta;Groningen;land;53.31156212567632;6.955529272897498;BU19790831;GM1979;BU19790831;GM1979;BU19790831;GM1979;False;False
15.6;24.5;75.0;181163.3166;592819.5301;Nederland;n.a.;n.a.;Noardeast-Fryslân;Fryslân;land;53.32118351475903;5.779822885944805;BU19700808;GM1970;BU19700808;GM1970;BU19700808;GM1970;False;False
13.0;15.0;15.0;236850.831909;592842.463318;Nederland;n.a.;EAZ wind;Het Hogeland;Groningen;land;53.31575569654535;6.615370586978553;BU19660802;GM1966;BU19660802;GM1966;BU19660802;GM1966;False;False
13.0;15.0;15.0;240944.723181;592856.293638;Nederland;n.a.;EAZ wind;Eemsdelta;Groningen;land;53.31523665358706;6.676787999028829;BU19791780;GM1979;BU19791780;GM1979;BU19791780;GM1979;False;False
100.0;100.0;3300.0;262969.9393;592872.147;Nederland;n.a.;n.a.;Eemsdelta;Groningen;land;53.3113798339952;7.0071617394114565;BU19790831;GM1979;BU19790831;GM1979;BU19790831;GM1979;False;False
13.0;15.0;15.0;240921.625366;592873.773065;Nederland;n.a.;EAZ wind;Eemsdelta;Groningen;land;53.31539739608631;6.676446204006738;BU19791780;GM1979;BU19791780;GM1979;BU19791780;GM1979;False;False
136.0;145.0;4300.0;261718.0;592884.0;Nederland;n.a.;n.a.;Eemsdelta;Groningen;land;53.31173795564477;6.988389047193396;BU19790831;GM1979;BU19790831;GM1979;BU19790831;GM1979;False;False
13.0;15.0;15.0;244184.568894;592932.94868;Nederland;n.a.;EAZ wind;Eemsdelta;Groningen;land;53.31539393979055;6.725409900519181;BU19791780;GM1979;BU19791780;GM1979;BU19791780;GM1979;False;False
44.0;40.0;750.0;180697.0025;592936.3235;Nederland;n.a.;n.a.;Noardeast-Fryslân;Fryslân;land;53.32225556807915;5.772834777427095;BU19700808;GM1970;BU19700808;GM1970;BU19700808;GM1970;False;False
13.0;15.0;15.0;237400.166429;592955.304102;Nederland;n.a.;EAZ wind;Eemsdelta;Groningen;land;53.316684908994446;6.6236405215914305;BU19791885;GM1979;BU19791885;GM1979;BU19791885;GM1979;False;False
13.0;15.0;15.0;231709.040335;592968.596;Nederland;n.a.;EAZ wind;Het Hogeland;Groningen;land;53.317652342609996;6.53826440033335;BU19660601;GM1966;BU19660601;GM1966;BU19660601;GM1966;False;False
13.0;15.0;15.0;231762.743985;592986.305247;Nederland;n.a.;EAZ wind;Het Hogeland;Groningen;land;53.317803718734716;6.539074345212413;BU19660601;GM1966;BU19660601;GM1966;BU19660601;GM1966;False;False
13.0;15.0;15.0;240762.377097;593006.367058;Nederland;n.a.;EAZ wind;Eemsdelta;Groningen;land;53.31661414242767;6.674092861758846;BU19791780;GM1979;BU19791780;GM1979;BU19791780;GM1979;False;False
13.0;15.0;15.0;243374.561624;593019.970068;Nederland;n.a.;EAZ wind;Eemsdelta;Groningen;land;53.31631036029998;6.713283069683231;BU19791780;GM1979;BU19791780;GM1979;BU19791780;GM1979;False;False
52.0;40.0;850.0;211043.5194;593034.2804;Nederland;n.a.;n.a.;Noardeast-Fryslân;Fryslân;land;53.32081195048068;6.228217991506792;BU19701208;GM1970;BU19701208;GM1970;BU19701208;GM1970;False;False
44.0;40.0;750.0;180826.8179;593082.2698;Nederland;n.a.;n.a.;Noardeast-Fryslân;Fryslân;land;53.323560636133855;5.77479463073071;BU19700808;GM1970;BU19700808;GM1970;BU19700808;GM1970;False;False
100.0;100.0;3300.0;263205.056;593089.8476;Nederland;n.a.;n.a.;Eemsdelta;Groningen;land;53.31328769897749;7.010761659751235;BU19790831;GM1979;BU19790831;GM1979;BU19790831;GM1979;False;False
16.0;18.0;25.0;236016.834717;593101.667603;Nederland;n.a.;n.a.;Het Hogeland;Groningen;land;53.318211482484564;6.6029249738718;BU19660802;GM1966;BU19660802;GM1966;BU19660802;GM1966;False;False
13.0;15.0;15.0;186327.0;593107.0;Nederland;n.a.;EAZ wind;Noardeast-Fryslân;Fryslân;land;53.32348829864626;5.857336610600285;BU19700803;GM1970;BU19700803;GM1970;BU19700803;GM1970;False;False
136.0;145.0;4300.0;260839.191;593121.51;Nederland;n.a.;n.a.;Eemsdelta;Groningen;land;53.31404627156235;6.97528704981137;BU19790831;GM1979;BU19790831;GM1979;BU19790831;GM1979;False;False
44.0;40.0;750.0;180964.8172;593219.1699;Nederland;n.a.;n.a.;Noardeast-Fryslân;Fryslân;land;53.32478399287348;5.776876685443648;BU19700808;GM1970;BU19700808;GM1970;BU19700808;GM1970;False;False
13.0;15.0;25.0;231374.040753;593346.428411;Nederland;n.a.;n.a.;Het Hogeland;Groningen;land;53.32109472685049;6.533328815445501;BU19660601;GM1966;BU19660601;GM1966;BU19660601;GM1966;False;False
44.0;40.0;750.0;181102.7166;593354.0699;Nederland;n.a.;n.a.;Noardeast-Fryslân;Fryslân;land;53.32598934683926;5.7789571956617625;BU19700808;GM1970;BU19700808;GM1970;BU19700808;GM1970;False;False
11.0;18.0;25.0;250972.404479;593357.672897;Nederland;n.a.;n.a.;Eemsdelta;Groningen;land;53.31803230002981;6.8273578959457435;BU19791469;GM1979;BU19791469;GM1979;BU19791469;GM1979;False;False
52.0;49.0;850.0;183322.2771;593359.2193;Nederland;n.a.;n.a.;Noardeast-Fryslân;Fryslân;land;53.32592241984976;5.812267936721724;BU19700808;GM1970;BU19700808;GM1970;BU19700808;GM1970;False;False
100.0;100.0;3300.0;262135.7104;593366.7628;Nederland;n.a.;n.a.;Eemsdelta;Groningen;land;53.315990665079546;6.994815668269524;BU19790831;GM1979;BU19790831;GM1979;BU19790831;GM1979;False;False
13.0;15.0;15.0;218612.298587;593380.80366;Nederland;n.a.;EAZ wind;Het Hogeland;Groningen;land;53.32307689892962;6.341852554938216;BU19660101;GM1966;BU19660101;GM1966;BU19660101;GM1966;False;False
100.0;100.0;3300.0;262449.1994;593382.4373;Nederland;n.a.;n.a.;Eemsdelta;Groningen;land;53.31606846590334;6.999523145837742;BU19790831;GM1979;BU19790831;GM1979;BU19790831;GM1979;False;False
100.0;100.0;3300.0;261807.4179;593406.8198;Nederland;n.a.;n.a.;Eemsdelta;Groningen;land;53.31641624203847;6.989904775149952;BU19790831;GM1979;BU19790831;GM1979;BU19790831;GM1979;False;False
13.0;15.0;15.0;245856.053252;593410.465119;Nederland;n.a.;EAZ wind;Eemsdelta;Groningen;land;53.319401738661654;6.750619186172886;BU19791676;GM1979;BU19791676;GM1979;BU19791676;GM1979;False;False
13.0;15.0;15.0;245831.160883;593428.671081;Nederland;n.a.;EAZ wind;Eemsdelta;Groningen;land;53.319569521593735;6.750250919073127;BU19791676;GM1979;BU19791676;GM1979;BU19791676;GM1979;False;False
100.0;100.0;3300.0;262769.6547;593448.6183;Nederland;n.a.;n.a.;Eemsdelta;Groningen;land;53.31659834159128;7.004352153497135;BU19790831;GM1979;BU19790831;GM1979;BU19790831;GM1979;False;False
44.0;40.0;750.0;181244.8159;593485.7699;Nederland;n.a.;n.a.;Noardeast-Fryslân;Fryslân;land;53.32716570551828;5.781100591713848;BU19700808;GM1970;BU19700808;GM1970;BU19700808;GM1970;False;False
100.0;100.0;3300.0;261497.4121;593507.8329;Nederland;n.a.;n.a.;Eemsdelta;Groningen;land;53.31738550249497;6.985288386706305;BU19790831;GM1979;BU19790831;GM1979;BU19790831;GM1979;False;False
13.0;15.0;15.0;189531.019883;593548.78427;Nederland;n.a.;EAZ wind;Noardeast-Fryslân;Fryslân;land;53.32725999509142;5.905465718347409;BU19701004;GM1970;BU19701004;GM1970;BU19701004;GM1970;False;False
13.0;15.0;15.0;237774.449787;593552.051269;Nederland;n.a.;EAZ wind;Eemsdelta;Groningen;land;53.321987894439715;6.629409970842202;BU19791885;GM1979;BU19791885;GM1979;BU19791885;GM1979;False;False
44.0;40.0;750.0;181390.9151;593612.37;Nederland;n.a.;n.a.;Noardeast-Fryslân;Fryslân;land;53.32829600482343;5.783303715746683;BU19700808;GM1970;BU19700808;GM1970;BU19700808;GM1970;False;False
54.5;44.0;950.0;183274.3067;593620.6711;Nederland;n.a.;n.a.;Noardeast-Fryslân;Fryslân;land;53.32827410957;5.811571158510173;BU19700808;GM1970;BU19700808;GM1970;BU19700808;GM1970;False;False
100.0;100.0;3300.0;261199.5977;593622.7788;Nederland;n.a.;n.a.;Eemsdelta;Groningen;land;53.318477311183216;6.980859294656744;BU19790831;GM1979;BU19790831;GM1979;BU19790831;GM1979;False;False
16.0;20.0;80.0;184850.581168;593643.703022;Nederland;n.a.;BW80;Noardeast-Fryslân;Fryslân;land;53.32839519453438;5.8352306064447275;BU19700807;GM1970;BU19700807;GM1970;BU19700807;GM1970;False;False
18.0;31.4;80.0;186647.8915;593686.8734;Nederland;n.a.;n.a.;Noardeast-Fryslân;Fryslân;land;53.32867950294577;5.862209558011596;BU19700803;GM1970;BU19700803;GM1970;BU19700803;GM1970;False;False
13.0;15.0;15.0;228079.297491;593698.338847;Nederland;n.a.;EAZ wind;Het Hogeland;Groningen;land;53.324717457941276;6.483975079252146;BU19660601;GM1966;BU19660601;GM1966;BU19660601;GM1966;False;False
13.0;15.0;15.0;228079.01402;593727.976679;Nederland;n.a.;EAZ wind;Het Hogeland;Groningen;land;53.32498375973491;6.483977602812897;BU19660601;GM1966;BU19660601;GM1966;BU19660601;GM1966;False;False
44.0;40.0;750.0;181542.4144;593735.07;Nederland;n.a.;n.a.;Noardeast-Fryslân;Fryslân;land;53.32939095210323;5.785587680433609;BU19700808;GM1970;BU19700808;GM1970;BU19700808;GM1970;False;False
16.0;20.0;80.0;184778.689173;593736.109213;Nederland;n.a.;BW80;Noardeast-Fryslân;Fryslân;land;53.32922947929819;5.834160237272106;BU19700807;GM1970;BU19700807;GM1970;BU19700807;GM1970;False;False
100.0;100.0;3300.0;260899.1708;593742.9496;Nederland;n.a.;n.a.;Eemsdelta;Groningen;land;53.31961640750144;6.976392517513107;BU19790831;GM1979;BU19790831;GM1979;BU19790831;GM1979;False;False
16.0;20.0;25.0;205906.957367;593792.827731;Nederland;n.a.;SWP25-16TG20;Noardeast-Fryslân;Fryslân;land;53.328141752255924;6.151264623429108;BU19700209;GM1970;BU19700209;GM1970;BU19700209;GM1970;False;False
44.0;40.0;750.0;181695.2137;593853.8701;Nederland;n.a.;n.a.;Noardeast-Fryslân;Fryslân;land;53.33045074975917;5.7878909471407916;BU19700808;GM1970;BU19700808;GM1970;BU19700808;GM1970;False;False
18.0;31.4;80.0;193051.8074;593863.1689;Nederland;n.a.;n.a.;Noardeast-Fryslân;Fryslân;land;53.32984524631728;5.9583423762482575;BU19700604;GM1970;BU19700604;GM1970;BU19700604;GM1970;False;False
16.0;18.0;25.0;236719.004883;593864.227905;Nederland;n.a.;n.a.;Het Hogeland;Groningen;land;53.32495495812977;6.613654187403523;BU19660802;GM1966;BU19660802;GM1966;BU19660802;GM1966;False;False
100.0;100.0;3300.0;260596.1315;593866.6035;Nederland;n.a.;n.a.;Eemsdelta;Groningen;land;53.320787141675076;6.971887463694518;BU19790831;GM1979;BU19790831;GM1979;BU19790831;GM1979;False;False
13.0;15.0;25.0;218134.411073;593871.958236;Nederland;n.a.;n.a.;Het Hogeland;Groningen;land;53.327546271082994;6.334778775932227;BU19660101;GM1966;BU19660101;GM1966;BU19660101;GM1966;False;False
13.0;15.0;15.0;200837.488804;593875.275212;Nederland;n.a.;EAZ wind;Noardeast-Fryslân;Fryslân;land;53.32934202823911;6.075194982494931;BU19700208;GM1970;BU19700208;GM1970;BU19700208;GM1970;False;False
13.0;15.0;15.0;233361.666964;593900.539593;Nederland;n.a.;EAZ wind;Het Hogeland;Groningen;land;53.32578461433061;6.563286347947008;BU19660601;GM1966;BU19660601;GM1966;BU19660601;GM1966;False;False
13.0;15.0;15.0;250897.075979;593947.346376;Nederland;n.a.;EAZ wind;Eemsdelta;Groningen;land;53.32334281942178;6.826404770564781;BU19791469;GM1979;BU19791469;GM1979;BU19791469;GM1979;False;False
13.0;15.0;25.0;221681.50893;593952.556255;Nederland;n.a.;n.a.;Het Hogeland;Groningen;land;53.327838985492136;6.388025577423014;BU19660201;GM1966;BU19660201;GM1966;BU19660201;GM1966;False;False
13.0;15.0;15.0;229030.643369;593956.246229;Nederland;n.a.;EAZ wind;Het Hogeland;Groningen;land;53.32690335533058;6.4983099562919975;BU19660601;GM1966;BU19660601;GM1966;BU19660601;GM1966;False;False
100.0;100.0;3300.0;260284.3841;593964.1334;Nederland;n.a.;n.a.;Eemsdelta;Groningen;land;53.3217247679104;6.967242921320088;BU19790831;GM1979;BU19790831;GM1979;BU19790831;GM1979;False;False
52.0;44.0;850.0;187982.4853;593971.8743;Nederland;n.a.;n.a.;Noardeast-Fryslân;Fryslân;land;53.331159388245524;5.882269128678368;BU19701003;GM1970;BU19701003;GM1970;BU19701003;GM1970;False;False
18.0;40.0;80.0;185021.7004;593984.8536;Nederland;n.a.;n.a.;Noardeast-Fryslân;Fryslân;land;53.331450821998374;5.837830896317425;BU19700807;GM1970;BU19700807;GM1970;BU19700807;GM1970;False;False
13.0;15.0;15.0;189931.0;593989.0;Nederland;n.a.;EAZ wind;Noardeast-Fryslân;Fryslân;land;53.331189252875845;5.911516704392723;BU19701005;GM1970;BU19701005;GM1970;BU19701005;GM1970;False;False
13.0;15.0;15.0;215743.174988;594034.849976;Nederland;n.a.;EAZ wind;Westerkwartier;Groningen;land;53.32928725198801;6.298924678144871;BU19691608;GM1969;BU19691608;GM1969;BU19691608;GM1969;False;False
100.0;100.0;3300.0;259971.766;594042.5056;Nederland;n.a.;n.a.;Eemsdelta;Groningen;land;53.32249030339539;6.962578821233955;BU19790831;GM1979;BU19790831;GM1979;BU19790831;GM1979;False;False
13.0;15.0;15.0;233127.486581;594044.31814;Nederland;n.a.;EAZ wind;Het Hogeland;Groningen;land;53.32711060205183;6.559807555263124;BU19660601;GM1966;BU19660601;GM1966;BU19660601;GM1966;False;False
14.0;15.0;10.0;186850.185941;594049.9508;Nederland;n.a.;BW10;Noardeast-Fryslân;Fryslân;land;53.331929695036436;5.865281887359776;BU19700803;GM1970;BU19700803;GM1970;BU19700803;GM1970;False;False
100.0;100.0;3300.0;259653.668687;594109.744935;Nederland;n.a.;n.a.;Eemsdelta;Groningen;land;53.32315673171056;6.957828707479991;BU19790831;GM1979;BU19790831;GM1979;BU19790831;GM1979;False;False
13.0;15.0;15.0;251159.651504;594176.313613;Nederland;n.a.;EAZ wind;Eemsdelta;Groningen;land;53.32535237110207;6.830413114279092;BU19791469;GM1979;BU19791469;GM1979;BU19791469;GM1979;False;False
100.0;100.0;3300.0;259341.3049;594200.9917;Nederland;n.a.;n.a.;Eemsdelta;Groningen;land;53.324037498827785;6.953172299903553;BU19790831;GM1979;BU19790831;GM1979;BU19790831;GM1979;False;False
18.0;31.4;80.0;181259.9154;594212.8697;Nederland;n.a.;n.a.;Noardeast-Fryslân;Fryslân;land;53.33369797048407;5.781386989068506;BU19700808;GM1970;BU19700808;GM1970;BU19700808;GM1970;False;False
13.0;15.0;15.0;228895.582612;594219.884786;Nederland;n.a.;EAZ wind;Het Hogeland;Groningen;land;53.32929055534194;6.496344212613304;BU19660601;GM1966;BU19660601;GM1966;BU19660601;GM1966;False;False
13.0;15.0;15.0;241284.418777;594225.30685;Nederland;n.a.;EAZ wind;Eemsdelta;Groningen;land;53.327480189832436;6.682253346240875;BU19791780;GM1979;BU19791780;GM1979;BU19791780;GM1979;False;False
100.0;100.0;3300.0;259044.3613;594317.6793;Nederland;n.a.;n.a.;Eemsdelta;Groningen;land;53.325143602314355;6.948755331974148;BU19790831;GM1979;BU19790831;GM1979;BU19790831;GM1979;False;False
13.0;15.0;15.0;190593.0;594323.0;Nederland;n.a.;EAZ wind;Noardeast-Fryslân;Fryslân;land;53.33414644922839;5.92149002711419;BU19700608;GM1970;BU19700608;GM1970;BU19700608;GM1970;False;False
16.0;15.0;25.0;241960.741685;594359.586784;Nederland;n.a.;Logic-25kW;Eemsdelta;Groningen;land;53.32857670475841;6.692438303258405;BU19791780;GM1979;BU19791780;GM1979;BU19791780;GM1979;False;False
15.6;31.4;75.0;215856.7593;594360.9073;Nederland;n.a.;n.a.;Westerkwartier;Groningen;land;53.33220369570191;6.300691411308052;BU19691608;GM1969;BU19691608;GM1969;BU19691608;GM1969;False;False
10.0;15.0;25.0;244591.059979;594379.803485;Nederland;n.a.;n.a.;Eemsdelta;Groningen;land;53.32832327538359;6.731913161630551;BU19791676;GM1979;BU19791676;GM1979;BU19791676;GM1979;False;False
100.0;100.0;3300.0;258744.8052;594457.8785;Nederland;n.a.;n.a.;Eemsdelta;Groningen;land;53.32646124458768;6.944306572031317;BU19790831;GM1979;BU19790831;GM1979;BU19790831;GM1979;False;False
13.0;15.0;15.0;232245.953948;594495.601077;Nederland;n.a.;EAZ wind;Het Hogeland;Groningen;land;53.331293101386066;6.546688552308851;BU19660601;GM1966;BU19660601;GM1966;BU19660601;GM1966;False;False
10.0;15.0;25.0;239044.509834;594515.197188;Nederland;n.a.;n.a.;Eemsdelta;Groningen;land;53.33044180291793;6.648718726483898;BU19791885;GM1979;BU19791885;GM1979;BU19791885;GM1979;False;False
54.0;40.0;900.0;237420.112033;594526.507623;Nederland;n.a.;n.a.;Eemsdelta;Groningen;land;53.33079674563475;6.624344934399897;BU19791885;GM1979;BU19791885;GM1979;BU19791885;GM1979;False;False
13.0;15.0;15.0;217661.102411;594530.234938;Nederland;n.a.;EAZ wind;Het Hogeland;Groningen;land;53.33351614490276;6.3278050342411625;BU19660101;GM1966;BU19660101;GM1966;BU19660101;GM1966;False;False
13.0;15.0;15.0;243215.764852;594569.022978;Nederland;n.a.;EAZ wind;Eemsdelta;Groningen;land;53.33025216230295;6.711328468126713;BU19791676;GM1979;BU19791676;GM1979;BU19791676;GM1979;False;False
13.0;15.0;15.0;243252.817911;594580.42392;Nederland;n.a.;EAZ wind;Eemsdelta;Groningen;land;53.33034845344239;6.711887639932544;BU19791676;GM1979;BU19791676;GM1979;BU19791676;GM1979;False;False
16.0;18.0;25.0;238169.315774;594618.686017;Nederland;n.a.;n.a.;Eemsdelta;Groningen;land;53.33150859588744;6.63561201050422;BU19791885;GM1979;BU19791885;GM1979;BU19791885;GM1979;False;False
31.0;30.0;300.0;229338.9282;594645.5431;Nederland;n.a.;n.a.;Het Hogeland;Groningen;land;53.33305301494155;6.503096444108227;BU19660606;GM1966;BU19660606;GM1966;BU19660606;GM1966;False;False
54.0;40.0;900.0;224396.0775;594671.6194;Nederland;n.a.;n.a.;Het Hogeland;Groningen;land;53.333952974699166;6.428918140613937;BU19660201;GM1966;BU19660201;GM1966;BU19660201;GM1966;False;False
13.0;15.0;15.0;232404.20825;594720.021188;Nederland;n.a.;EAZ wind;Het Hogeland;Groningen;land;53.333286289761254;6.549117895583203;BU19660601;GM1966;BU19660601;GM1966;BU19660601;GM1966;False;False
13.0;15.0;15.0;232434.155594;594721.892897;Nederland;n.a.;EAZ wind;Het Hogeland;Groningen;land;53.33329875980007;6.549567796949404;BU19660601;GM1966;BU19660601;GM1966;BU19660601;GM1966;False;False
13.0;15.0;15.0;185985.856018;594813.194092;Nederland;n.a.;EAZ wind;Noardeast-Fryslân;Fryslân;land;53.33883828713792;5.852382707187335;BU19700803;GM1970;BU19700803;GM1970;BU19700803;GM1970;False;False
13.0;15.0;15.0;219984.132542;594957.719164;Nederland;n.a.;n.a.;Het Hogeland;Groningen;land;53.337078868209396;6.362757890599075;BU19660201;GM1966;BU19660201;GM1966;BU19660201;GM1966;False;False
13.0;15.0;15.0;200936.936218;594989.33313;Nederland;n.a.;EAZ wind;Noardeast-Fryslân;Fryslân;land;53.339342899202386;6.076847749793257;BU19700208;GM1970;BU19700208;GM1970;BU19700208;GM1970;False;False
13.0;15.0;15.0;219249.992203;595040.223778;Nederland;n.a.;EAZ wind;Het Hogeland;Groningen;land;53.337909009829694;6.35175500369339;BU19660101;GM1966;BU19660101;GM1966;BU19660101;GM1966;False;False
14.0;15.0;25.0;223441.870422;595059.549194;Nederland;n.a.;n.a.;Het Hogeland;Groningen;land;53.337561376683695;6.414679835404108;BU19660201;GM1966;BU19660201;GM1966;BU19660201;GM1966;False;False
13.0;15.0;15.0;219267.151009;595067.404542;Nederland;n.a.;EAZ wind;Het Hogeland;Groningen;land;53.338151138232575;6.3520180333892675;BU19660101;GM1966;BU19660101;GM1966;BU19660101;GM1966;False;False
13.0;15.0;15.0;239028.69905;595107.655388;Nederland;n.a.;EAZ wind;Eemsdelta;Groningen;land;53.33576658629563;6.64863730726432;BU19791885;GM1979;BU19791885;GM1979;BU19791885;GM1979;False;False
14.0;15.0;25.0;197439.137073;595127.620385;Nederland;n.a.;n.a.;Noardeast-Fryslân;Fryslân;land;53.34087509942395;6.024357818595126;BU19700104;GM1970;BU19700104;GM1970;BU19700104;GM1970;False;False
33.4;30.0;300.0;185246.2706;595491.9853;Nederland;n.a.;n.a.;Noardeast-Fryslân;Fryslân;land;53.34497962769973;5.841344352879245;BU19700807;GM1970;BU19700807;GM1970;BU19700807;GM1970;False;False
112.0;108.0;4500.0;276505.17586;595593.235695;Duitsland;n.a.;n.a.;n.a.;n.a.;land;53.33291137209244;7.211181399253211;n.a.;n.a.;n.a.;n.a.;n.a.;n.a.;False;False
52.0;40.0;850.0;189060.3042;595624.2726;Nederland;n.a.;n.a.;Noardeast-Fryslân;Fryslân;land;53.34593827013779;5.898622661030028;BU19700809;GM1970;BU19700809;GM1970;BU19700809;GM1970;False;False
13.0;15.0;15.0;234629.771766;595696.5408;Nederland;n.a.;EAZ wind;Het Hogeland;Groningen;land;53.34173147056501;6.582762243803847;BU19660802;GM1966;BU19660802;GM1966;BU19660802;GM1966;False;False
13.0;15.0;15.0;222057.790527;595721.316528;Nederland;n.a.;EAZ wind;Het Hogeland;Groningen;land;53.34368246286931;6.39404369121315;BU19660201;GM1966;BU19660201;GM1966;BU19660201;GM1966;False;False
13.0;15.0;15.0;234631.060244;595723.437781;Nederland;n.a.;EAZ wind;Het Hogeland;Groningen;land;53.34197290911087;6.58278829180502;BU19660802;GM1966;BU19660802;GM1966;BU19660802;GM1966;False;False
13.0;15.0;15.0;229737.920416;595735.520571;Nederland;n.a.;EAZ wind;Het Hogeland;Groningen;land;53.342789384834816;6.50933962541211;BU19660601;GM1966;BU19660601;GM1966;BU19660601;GM1966;False;False
66.0;67.0;1500.0;268447.608589;595756.098399;Duitsland;Windpark Wybelsumer Polder;E-66/15.70;n.a.;n.a.;land;53.336147863868845;7.090336693900555;n.a.;n.a.;n.a.;n.a.;n.a.;n.a.;False;False
66.0;67.0;1500.0;267845.151134;595757.685902;Duitsland;Windpark Wybelsumer Polder;E-66/15.70;n.a.;n.a.;land;53.33628986087942;7.081296714772696;n.a.;n.a.;n.a.;n.a.;n.a.;n.a.;False;False
66.0;67.0;1500.0;268147.570489;595762.448412;Duitsland;Windpark Wybelsumer Polder;E-66/15.70;n.a.;n.a.;land;53.336268600807244;7.085836548018791;n.a.;n.a.;n.a.;n.a.;n.a.;n.a.;False;False
54.0;40.0;900.0;235072.4611;595781.4011;Nederland;n.a.;n.a.;Het Hogeland;Groningen;land;53.34242755854494;6.589428611322043;BU19660802;GM1966;BU19660802;GM1966;BU19660802;GM1966;False;False
66.0;67.0;1500.0;269873.18644;595811.66101;Duitsland;Windpark Wybelsumer Polder;E-66/15.70;n.a.;n.a.;land;53.336341949627815;7.111748799531446;n.a.;n.a.;n.a.;n.a.;n.a.;n.a.;False;False
66.0;67.0;1500.0;270171.637037;595819.598526;Duitsland;Windpark Wybelsumer Polder;E-66/15.70;n.a.;n.a.;land;53.336348913783894;7.116230198762449;n.a.;n.a.;n.a.;n.a.;n.a.;n.a.;False;False
66.0;67.0;1500.0;270530.412755;595832.298552;Duitsland;Windpark Wybelsumer Polder;E-66/15.70;n.a.;n.a.;land;53.33638543096315;7.121618555558111;n.a.;n.a.;n.a.;n.a.;n.a.;n.a.;False;False
66.0;67.0;1500.0;270872.519689;595841.823571;Duitsland;Windpark Wybelsumer Polder;E-66/15.70;n.a.;n.a.;land;53.336396808249404;7.126755634725413;n.a.;n.a.;n.a.;n.a.;n.a.;n.a.;False;False
13.0;15.0;15.0;251671.666782;595843.655323;Nederland;n.a.;EAZ wind;Eemsdelta;Groningen;land;53.34023734099204;6.838599840277923;BU19791469;GM1979;BU19791469;GM1979;BU19791469;GM1979;False;False
66.0;67.0;1500.0;269570.767085;595851.34859;Duitsland;Windpark Wybelsumer Polder;E-66/15.70;n.a.;n.a.;land;53.33676343289105;7.107224928584046;n.a.;n.a.;n.a.;n.a.;n.a.;n.a.;False;False
66.0;67.0;1500.0;271169.382782;595859.286106;Duitsland;Windpark Wybelsumer Polder;E-66/15.70;n.a.;n.a.;land;53.336489110082546;7.131216677860751;n.a.;n.a.;n.a.;n.a.;n.a.;n.a.;False;False
66.0;67.0;1500.0;268727.009148;595862.461112;Duitsland;Windpark Wybelsumer Polder;E-66/15.70;n.a.;n.a.;land;53.33704373325448;7.094567257430377;n.a.;n.a.;n.a.;n.a.;n.a.;n.a.;False;False
82.0;108.0;2000.0;271475.770895;595865.636118;Duitsland;Windpark Wybelsumer Polder;n.a.;n.a.;n.a.;land;53.33647935763444;7.135816617151756;n.a.;n.a.;n.a.;n.a.;n.a.;n.a.;False;False
66.0;67.0;1500.0;269011.965968;595871.986131;Duitsland;Windpark Wybelsumer Polder;E-66/15.70;n.a.;n.a.;land;53.337068479391704;7.0988468101806355;n.a.;n.a.;n.a.;n.a.;n.a.;n.a.;False;False
66.0;67.0;1500.0;269292.95403;595889.448666;Duitsland;Windpark Wybelsumer Polder;E-66/15.70;n.a.;n.a.;land;53.33716521786863;7.103069647971024;n.a.;n.a.;n.a.;n.a.;n.a.;n.a.;False;False
112.0;124.0;4500.0;271903.107007;595917.492261;Duitsland;n.a.;E-112;n.a.;n.a.;land;53.33685167156002;7.142248132887751;n.a.;n.a.;n.a.;n.a.;n.a.;n.a.;False;False
112.0;124.0;4500.0;272278.712853;595929.661836;Duitsland;n.a.;E-112;n.a.;n.a.;land;53.336878558213854;7.147888917136267;n.a.;n.a.;n.a.;n.a.;n.a.;n.a.;False;False
114.0;124.0;6000.0;272680.330685;595945.79502;Duitsland;n.a.;n.a.;n.a.;n.a.;land;53.336935045236736;7.153921497741483;n.a.;n.a.;n.a.;n.a.;n.a.;n.a.;False;False
13.0;15.0;15.0;219092.786612;595971.160734;Nederland;n.a.;EAZ wind;Het Hogeland;Groningen;land;53.346291569887526;6.349582175999698;BU19660101;GM1966;BU19660101;GM1966;BU19660101;GM1966;False;False
13.0;15.0;15.0;219108.935046;595996.303233;Nederland;n.a.;EAZ wind;Het Hogeland;Groningen;land;53.346515512273704;6.349829666144303;BU19660101;GM1966;BU19660101;GM1966;BU19660101;GM1966;False;False
126.0;135.0;6000.0;273061.905883;596006.693756;Duitsland;n.a.;n.a.;n.a.;n.a.;land;53.337397733637786;7.159669880483467;n.a.;n.a.;n.a.;n.a.;n.a.;n.a.;False;False
66.0;67.0;1500.0;268430.146054;596008.511404;Duitsland;Windpark Wybelsumer Polder;E-66/15.70;n.a.;n.a.;land;53.3384187321352;7.090164293486815;n.a.;n.a.;n.a.;n.a.;n.a.;n.a.;False;False
66.0;67.0;1500.0;267538.763021;596032.323952;Duitsland;Windpark Wybelsumer Polder;E-66/15.70;n.a.;n.a.;land;53.33882135739399;7.076795769206224;n.a.;n.a.;n.a.;n.a.;n.a.;n.a.;False;False
13.0;15.0;15.0;197765.230683;596034.805912;Nederland;n.a.;EAZ wind;Noardeast-Fryslân;Fryslân;land;53.3489998365933;6.029374796014419;BU19700103;GM1970;BU19700103;GM1970;BU19700103;GM1970;False;False
66.0;67.0;1500.0;267835.626115;596037.086461;Duitsland;Windpark Wybelsumer Polder;E-66/15.70;n.a.;n.a.;land;53.33880144114873;7.081252489802912;n.a.;n.a.;n.a.;n.a.;n.a.;n.a.;False;False
10.0;15.0;25.0;244421.394338;596045.419186;Nederland;n.a.;n.a.;Eemsdelta;Groningen;land;53.34331422626027;6.729833581881355;BU19791676;GM1979;BU19791676;GM1979;BU19791676;GM1979;False;False
66.0;67.0;1500.0;268142.807979;596048.198983;Duitsland;Windpark Wybelsumer Polder;E-66/15.70;n.a.;n.a.;land;53.338836207202924;7.085866308231535;n.a.;n.a.;n.a.;n.a.;n.a.;n.a.;False;False
10.0;15.0;25.0;244451.892244;596060.769125;Nederland;n.a.;n.a.;Eemsdelta;Groningen;land;53.34344700377497;6.730295674311846;BU19791676;GM1979;BU19791676;GM1979;BU19791676;GM1979;False;False
66.0;67.0;1500.0;270171.637037;596073.599034;Duitsland;Windpark Wybelsumer Polder;E-66/15.70;n.a.;n.a.;land;53.33863030309259;7.116321790937511;n.a.;n.a.;n.a.;n.a.;n.a.;n.a.;False;False
66.0;67.0;1500.0;267238.724921;596075.186537;Duitsland;Windpark Wybelsumer Polder;E-66/15.70;n.a.;n.a.;land;53.33926954374955;7.072308132740454;n.a.;n.a.;n.a.;n.a.;n.a.;n.a.;False;False
13.0;15.0;15.0;236510.390015;596082.945923;Nederland;n.a.;EAZ wind;Eemsdelta;Groningen;land;53.3449187246572;6.611090167829343;BU19791885;GM1979;BU19791885;GM1979;BU19791885;GM1979;False;False
66.0;67.0;1500.0;269005.615955;596083.124053;Duitsland;Windpark Wybelsumer Polder;E-66/15.70;n.a.;n.a.;land;53.33896625554369;7.098826887576115;n.a.;n.a.;n.a.;n.a.;n.a.;n.a.;False;False
66.0;67.0;1500.0;270851.882147;596083.124053;Duitsland;Windpark Wybelsumer Polder;E-66/15.70;n.a.;n.a.;land;53.33856859954636;7.126533475156153;n.a.;n.a.;n.a.;n.a.;n.a.;n.a.;False;False
13.0;15.0;15.0;234121.991519;596084.34726;Nederland;n.a.;EAZ wind;Het Hogeland;Groningen;land;53.34529090825994;6.575236176533243;BU19660802;GM1966;BU19660802;GM1966;BU19660802;GM1966;False;False
66.0;67.0;1500.0;270517.712729;596089.474066;Duitsland;Windpark Wybelsumer Polder;E-66/15.70;n.a.;n.a.;land;53.338698081729035;7.12152099459809;n.a.;n.a.;n.a.;n.a.;n.a.;n.a.;False;False
66.0;67.0;1500.0;271142.395228;596091.061569;Duitsland;Windpark Wybelsumer Polder;E-66/15.70;n.a.;n.a.;land;53.338576739410364;7.13089598669209;n.a.;n.a.;n.a.;n.a.;n.a.;n.a.;False;False
13.0;15.0;15.0;234144.965527;596115.056254;Nederland;n.a.;EAZ wind;Het Hogeland;Groningen;land;53.34556337666189;6.575588676265164;BU19660802;GM1966;BU19660802;GM1966;BU19660802;GM1966;False;False
82.0;108.0;2000.0;271458.745952;596133.604029;Duitsland;Windpark Wybelsumer Polder;n.a.;n.a.;n.a.;land;53.338889895152484;7.135658853014093;n.a.;n.a.;n.a.;n.a.;n.a.;n.a.;False;False
66.0;67.0;1500.0;266954.561853;596140.274167;Duitsland;Windpark Wybelsumer Polder;E-66/15.70;n.a.;n.a.;land;53.33991385919373;7.068066437160653;n.a.;n.a.;n.a.;n.a.;n.a.;n.a.;False;False
16.0;18.0;25.0;253160.662572;596149.772108;Nederland;n.a.;n.a.;Eemsdelta;Groningen;land;53.34271524712026;6.86104206415054;BU19791469;GM1979;BU19791469;GM1979;BU19791469;GM1979;False;False
13.0;15.0;15.0;194386.0;596156.0;Nederland;n.a.;EAZ wind;Noardeast-Fryslân;Fryslân;land;53.35034900624248;5.9786496345993605;BU19700703;GM1970;BU19700703;GM1970;BU19700703;GM1970;False;False
16.0;18.0;25.0;242386.684684;596220.575889;Nederland;n.a.;n.a.;Eemsdelta;Groningen;land;53.34522486713982;6.699339036545953;BU19791780;GM1979;BU19791780;GM1979;BU19791780;GM1979;False;False
13.0;15.0;15.0;250508.05481;596221.731873;Nederland;n.a.;EAZ wind;Eemsdelta;Groningen;land;53.34384311051217;6.821248225378483;BU19791992;GM1979;BU19791992;GM1979;BU19791992;GM1979;False;False
66.0;67.0;1500.0;266667.223778;596264.099415;Duitsland;Windpark Wybelsumer Polder;E-66/15.70;n.a.;n.a.;land;53.34108627125969;7.063797501959922;n.a.;n.a.;n.a.;n.a.;n.a.;n.a.;False;False
13.0;15.0;15.0;255353.917428;596299.231781;Nederland;n.a.;EAZ wind;Eemsdelta;Groningen;land;53.34364974895378;6.894008786129938;BU19790739;GM1979;BU19790739;GM1979;BU19790739;GM1979;False;False
13.0;15.0;15.0;241691.925999;596313.870186;Nederland;n.a.;EAZ wind;Eemsdelta;Groningen;land;53.346176309952725;6.688935026988194;BU19791780;GM1979;BU19791780;GM1979;BU19791780;GM1979;False;False
66.0;67.0;1500.0;267532.413009;596319.662026;Duitsland;Windpark Wybelsumer Polder;E-66/15.70;n.a.;n.a.;land;53.341403558729695;7.076801728297418;n.a.;n.a.;n.a.;n.a.;n.a.;n.a.;False;False
66.0;67.0;1500.0;267835.626115;596326.012039;Duitsland;Windpark Wybelsumer Polder;E-66/15.70;n.a.;n.a.;land;53.34139655718366;7.081354577389885;n.a.;n.a.;n.a.;n.a.;n.a.;n.a.;False;False
66.0;67.0;1500.0;267235.549915;596330.774548;Duitsland;Windpark Wybelsumer Polder;E-66/15.70;n.a.;n.a.;land;53.34156590011481;7.072350314351496;n.a.;n.a.;n.a.;n.a.;n.a.;n.a.;False;False
66.0;67.0;1500.0;268090.420375;596333.949555;Duitsland;Windpark Wybelsumer Polder;E-66/15.70;n.a.;n.a.;land;53.34141390785462;7.0851813202319285;n.a.;n.a.;n.a.;n.a.;n.a.;n.a.;False;False
66.0;67.0;1500.0;270162.112018;596333.949555;Duitsland;Windpark Wybelsumer Polder;E-66/15.70;n.a.;n.a.;land;53.340970781850594;7.116272737410043;n.a.;n.a.;n.a.;n.a.;n.a.;n.a.;False;False
135.0;135.0;3050.0;273008.548431;596338.738336;Duitsland;n.a.;n.a.;n.a.;n.a.;land;53.340391846380555;7.158991887979842;n.a.;n.a.;n.a.;n.a.;n.a.;n.a.;False;False
66.0;67.0;1500.0;266946.624337;596340.299568;Duitsland;Windpark Wybelsumer Polder;E-66/15.70;n.a.;n.a.;land;53.34171215347584;7.068017435588697;n.a.;n.a.;n.a.;n.a.;n.a.;n.a.;False;False
66.0;67.0;1500.0;270708.21311;596357.762102;Duitsland;Windpark Wybelsumer Polder;E-66/15.70;n.a.;n.a.;land;53.341066513637124;7.124476988726762;n.a.;n.a.;n.a.;n.a.;n.a.;n.a.;False;False
13.0;15.0;15.0;234353.661638;596361.070959;Nederland;n.a.;EAZ wind;Het Hogeland;Groningen;land;53.34774245964419;6.578782801873273;BU19660901;GM1966;BU19660901;GM1966;BU19660901;GM1966;False;False
62.0;40.0;1300.0;227685.302;596362.9279;Nederland;n.a.;n.a.;Het Hogeland;Groningen;land;53.348709509664644;6.478669506889068;BU19660201;GM1966;BU19660201;GM1966;BU19660201;GM1966;False;False
114.0;126.0;6000.0;271899.938043;596366.784638;Duitsland;n.a.;E-112;n.a.;n.a.;land;53.34088778535909;7.142365035725495;n.a.;n.a.;n.a.;n.a.;n.a.;n.a.;False;False
66.0;67.0;1500.0;271004.282452;596368.874625;Duitsland;Windpark Wybelsumer Polder;E-66/15.70;n.a.;n.a.;land;53.34110203616869;7.128924293429095;n.a.;n.a.;n.a.;n.a.;n.a.;n.a.;False;False
82.0;108.0;2000.0;271303.219161;596406.957519;Duitsland;Windpark Wybelsumer Polder;n.a.;n.a.;n.a.;land;53.341379010637255;7.133424457546341;n.a.;n.a.;n.a.;n.a.;n.a.;n.a.;False;False
13.0;15.0;15.0;205088.609985;596411.190002;Nederland;n.a.;EAZ wind;Noardeast-Fryslân;Fryslân;land;53.35174395203541;6.139393933143426;BU19700307;GM1970;BU19700307;GM1970;BU19700307;GM1970;False;False
13.0;15.0;15.0;250995.813791;596420.348189;Nederland;n.a.;EAZ wind;Eemsdelta;Groningen;land;53.34553970345739;6.828629344301728;BU19791992;GM1979;BU19791992;GM1979;BU19791992;GM1979;False;False
135.0;135.0;3050.0;272348.10389;596422.849733;Duitsland;n.a.;n.a.;n.a.;n.a.;land;53.34129296769814;7.149111411527351;n.a.;n.a.;n.a.;n.a.;n.a.;n.a.;False;False
122.0;90.0;6500.0;264497.067042;596457.282848;Duitsland;n.a.;n.a.;n.a.;n.a.;land;53.34327124817605;7.031293773837404;n.a.;n.a.;n.a.;n.a.;n.a.;n.a.;False;False
33.4;30.0;300.0;185257.396;596478.1715;Nederland;n.a.;n.a.;Noardeast-Fryslân;Fryslân;land;53.35383978662173;5.8416049095729194;BU19700807;GM1970;BU19700807;GM1970;BU19700807;GM1970;False;False
135.0;135.0;3050.0;272667.098386;596480.116244;Duitsland;n.a.;n.a.;n.a.;n.a.;land;53.34173706379839;7.153919803298589;n.a.;n.a.;n.a.;n.a.;n.a.;n.a.;False;False
66.0;67.0;1500.0;266656.645011;596502.221836;Duitsland;Windpark Wybelsumer Polder;E-66/15.70;n.a.;n.a.;land;53.34322730428489;7.063722003220318;n.a.;n.a.;n.a.;n.a.;n.a.;n.a.;False;False
66.0;67.0;1500.0;266374.190293;596529.115798;Duitsland;Windpark Wybelsumer Polder;E-66/15.70;n.a.;n.a.;land;53.3435279046236;7.059492103497508;n.a.;n.a.;n.a.;n.a.;n.a.;n.a.;False;False
66.0;67.0;1500.0;266941.861827;596538.737464;Duitsland;Windpark Wybelsumer Polder;E-66/15.70;n.a.;n.a.;land;53.343495521534784;7.068015528505763;n.a.;n.a.;n.a.;n.a.;n.a.;n.a.;False;False
66.0;67.0;1500.0;267221.262386;596573.662534;Duitsland;Windpark Wybelsumer Polder;E-66/15.70;n.a.;n.a.;land;53.3437505210453;7.07222125213463;n.a.;n.a.;n.a.;n.a.;n.a.;n.a.;False;False
16.0;20.0;25.0;187819.361374;596598.744395;Nederland;n.a.;SWP25-16TG20;Noardeast-Fryslân;Fryslân;land;53.3547715734173;5.8800908485046;BU19700809;GM1970;BU19700809;GM1970;BU19700809;GM1970;False;False
13.0;15.0;15.0;203258.401256;596599.36287;Nederland;n.a.;EAZ wind;Noardeast-Fryslân;Fryslân;land;53.353603358916835;6.111940126844543;BU19700208;GM1970;BU19700208;GM1970;BU19700208;GM1970;False;False
13.0;15.0;15.0;253435.342437;596600.118759;Nederland;n.a.;EAZ wind;Eemsdelta;Groningen;land;53.34670997147165;6.865303774927846;BU19790739;GM1979;BU19790739;GM1979;BU19790739;GM1979;False;False
66.0;67.0;1500.0;267524.475493;596600.650088;Duitsland;Windpark Wybelsumer Polder;E-66/15.70;n.a.;n.a.;land;53.34392905802353;7.076781625364778;n.a.;n.a.;n.a.;n.a.;n.a.;n.a.;False;False
66.0;67.0;1500.0;267829.276102;596611.76261;Duitsland;Windpark Wybelsumer Polder;E-66/15.70;n.a.;n.a.;land;53.34396449693049;7.081360250937706;n.a.;n.a.;n.a.;n.a.;n.a.;n.a.;False;False
66.0;67.0;1500.0;268072.95784;596616.52512;Duitsland;Windpark Wybelsumer Polder;E-66/15.70;n.a.;n.a.;land;53.34395568326173;7.085019310520132;n.a.;n.a.;n.a.;n.a.;n.a.;n.a.;False;False
18.0;34.0;80.0;198094.8371;596625.8828;Nederland;n.a.;n.a.;Noardeast-Fryslân;Fryslân;land;53.35428392995503;6.034403724365506;BU19700103;GM1970;BU19700103;GM1970;BU19700103;GM1970;False;False
16.0;20.0;25.0;187862.27515;596626.131373;Nederland;n.a.;SWP25-16TG20;Noardeast-Fryslân;Fryslân;land;53.355014998166624;5.880738126821216;BU19700809;GM1970;BU19700809;GM1970;BU19700809;GM1970;False;False
13.0;15.0;15.0;229979.97242;596649.106879;Nederland;n.a.;EAZ wind;Het Hogeland;Groningen;land;53.35096282940421;6.513187771420582;BU19660701;GM1966;BU19660701;GM1966;BU19660701;GM1966;False;False
13.0;15.0;15.0;231735.083599;596697.222804;Nederland;n.a.;n.a.;Het Hogeland;Groningen;land;53.351145462335936;6.539550875236491;BU19660701;GM1966;BU19660701;GM1966;BU19660701;GM1966;False;False
135.0;135.0;3050.0;272331.780233;596700.651302;Duitsland;n.a.;n.a.;n.a.;n.a.;land;53.343791684493844;7.148968514746588;n.a.;n.a.;n.a.;n.a.;n.a.;n.a.;False;False
16.0;20.0;25.0;186033.882;596721.38152;Nederland;n.a.;SWP25-16TG20;Noardeast-Fryslân;Fryslân;land;53.35598036811771;5.853289245563901;BU19700809;GM1970;BU19700809;GM1970;BU19700809;GM1970;False;False
127.0;135.0;7580.0;264029.413098;596764.574199;Duitsland;n.a.;n.a.;n.a.;n.a.;land;53.34612716058532;7.024379724726475;n.a.;n.a.;n.a.;n.a.;n.a.;n.a.;False;False
13.0;15.0;15.0;249103.721395;596807.31905;Nederland;n.a.;EAZ wind;Eemsdelta;Groningen;land;53.349352949031456;6.800341231432243;BU19791992;GM1979;BU19791992;GM1979;BU19791992;GM1979;False;False
10.0;15.0;25.0;242573.207771;596901.110985;Nederland;n.a.;n.a.;Eemsdelta;Groningen;land;53.351307667010275;6.70232572469888;BU19791780;GM1979;BU19791780;GM1979;BU19791780;GM1979;False;False
11.0;15.0;10.0;198629.62577;596934.574138;Nederland;n.a.;BW10;Noardeast-Fryslân;Fryslân;land;53.35701392028093;6.042476862230472;BU19700108;GM1970;BU19700108;GM1970;BU19700108;GM1970;False;False
10.0;15.0;25.0;242243.520694;596967.156119;Nederland;n.a.;n.a.;Eemsdelta;Groningen;land;53.35195499329176;6.6973940077350775;BU19791780;GM1979;BU19791780;GM1979;BU19791780;GM1979;False;False
11.0;15.0;10.0;198720.369971;596973.046748;Nederland;n.a.;BW10;Noardeast-Fryslân;Fryslân;land;53.35735214924109;6.0438449264926914;BU19700108;GM1970;BU19700108;GM1970;BU19700108;GM1970;False;False
13.0;15.0;15.0;233038.539709;597001.160031;Nederland;n.a.;EAZ wind;Het Hogeland;Groningen;land;53.35368678611493;6.559195480103637;BU19660701;GM1966;BU19660701;GM1966;BU19660701;GM1966;False;False
13.0;15.0;15.0;202116.173059;597022.897229;Nederland;n.a.;EAZ wind;Noardeast-Fryslân;Fryslân;land;53.3575107728;6.094850275858424;BU19700309;GM1970;BU19700309;GM1970;BU19700309;GM1970;False;False
13.0;15.0;15.0;254712.650818;597046.116746;Nederland;n.a.;EAZ wind;Eemsdelta;Groningen;land;53.35047898341567;6.8846167465424175;BU19790739;GM1979;BU19790739;GM1979;BU19790739;GM1979;False;False
13.0;15.0;15.0;248110.12224;597095.189114;Nederland;n.a.;EAZ wind;Eemsdelta;Groningen;land;53.35211323669585;6.78550889521542;BU19791992;GM1979;BU19791992;GM1979;BU19791992;GM1979;False;False
13.0;15.0;15.0;248087.97044;597121.615823;Nederland;n.a.;EAZ wind;Eemsdelta;Groningen;land;53.35235449282766;6.785184030359283;BU19791992;GM1979;BU19791992;GM1979;BU19791992;GM1979;False;False
13.0;15.0;15.0;253864.532715;597132.690308;Nederland;n.a.;EAZ wind;Eemsdelta;Groningen;land;53.351414518027035;6.871911327606029;BU19790739;GM1979;BU19790739;GM1979;BU19790739;GM1979;False;False
18.0;31.4;80.0;185781.8932;597134.8717;Nederland;n.a.;n.a.;Noardeast-Fryslân;Fryslân;land;53.35971013265699;5.849544788823559;BU19700809;GM1970;BU19700809;GM1970;BU19700809;GM1970;False;False
127.0;135.0;7580.0;263759.063533;597166.555868;Duitsland;n.a.;n.a.;n.a.;n.a.;land;53.34979300790784;7.020458748700616;n.a.;n.a.;n.a.;n.a.;n.a.;n.a.;False;False
13.0;15.0;15.0;229279.667258;597237.32783;Nederland;n.a.;EAZ wind;Het Hogeland;Groningen;land;53.3563452385317;6.5028101088274886;BU19660701;GM1966;BU19660701;GM1966;BU19660701;GM1966;False;False
13.0;15.0;15.0;251717.485365;597244.62361;Nederland;n.a.;EAZ wind;Eemsdelta;Groningen;land;53.35281363636845;6.839711991716791;BU19790739;GM1979;BU19790739;GM1979;BU19790739;GM1979;False;False
13.0;15.0;15.0;234856.93097;597277.695604;Nederland;n.a.;EAZ wind;Het Hogeland;Groningen;land;53.35590186851516;6.5865676770472;BU19661001;GM1966;BU19661001;GM1966;BU19661001;GM1966;False;False
18.0;31.4;80.0;192900.6467;597350.1815;Nederland;n.a.;n.a.;Noardeast-Fryslân;Fryslân;land;53.36118606822093;5.95648773256352;BU19700708;GM1970;BU19700708;GM1970;BU19700708;GM1970;False;False
13.0;15.0;15.0;222049.592529;597388.982117;Nederland;n.a.;EAZ wind;Het Hogeland;Groningen;land;53.35866579592549;6.394271012607299;BU19660201;GM1966;BU19660201;GM1966;BU19660201;GM1966;False;False
13.0;15.0;15.0;254977.167449;597403.456704;Nederland;n.a.;EAZ wind;Eemsdelta;Groningen;land;53.35363931397592;6.888699684632003;BU19790739;GM1979;BU19790739;GM1979;BU19790739;GM1979;False;False
13.0;15.0;15.0;254948.135359;597404.925253;Nederland;n.a.;EAZ wind;Eemsdelta;Groningen;land;53.3536579471627;6.8882642768089655;BU19790739;GM1979;BU19790739;GM1979;BU19790739;GM1979;False;False
13.0;15.0;15.0;205444.774629;597405.49054;Nederland;n.a.;EAZ wind;Noardeast-Fryslân;Fryslân;land;53.36064364711509;6.144899270228459;BU19700307;GM1970;BU19700307;GM1970;BU19700307;GM1970;False;False
18.0;31.4;80.0;185990.8921;597414.8717;Nederland;n.a.;n.a.;Noardeast-Fryslân;Fryslân;land;53.36221378372122;5.852711014621112;BU19700809;GM1970;BU19700809;GM1970;BU19700809;GM1970;False;False
16.0;20.0;25.0;189196.966238;597416.551166;Nederland;n.a.;SWP25-16TG20;Noardeast-Fryslân;Fryslân;land;53.362032838274445;5.900866683425758;BU19700608;GM1970;BU19700608;GM1970;BU19700608;GM1970;False;False
13.0;15.0;15.0;219544.687355;597454.909289;Nederland;n.a.;EAZ wind;Het Hogeland;Groningen;land;53.35956718757011;6.356666810648732;BU19660101;GM1966;BU19660101;GM1966;BU19660101;GM1966;False;False
13.0;15.0;15.0;228633.909978;597508.848641;Nederland;n.a.;EAZ wind;Het Hogeland;Groningen;land;53.35887406915207;6.493175944488813;BU19660701;GM1966;BU19660701;GM1966;BU19660701;GM1966;False;False
122.0;90.0;6500.0;263542.808458;597540.479417;Duitsland;n.a.;n.a.;n.a.;n.a.;land;53.353195696397286;7.01733966085669;n.a.;n.a.;n.a.;n.a.;n.a.;n.a.;False;False
13.0;15.0;15.0;216464.03408;597543.983274;Nederland;n.a.;EAZ wind;Het Hogeland;Groningen;land;53.360731463669275;6.310418639268796;BU19660101;GM1966;BU19660101;GM1966;BU19660101;GM1966;False;False
13.0;15.0;15.0;249726.924875;597650.454651;Nederland;n.a.;EAZ wind;Eemsdelta;Groningen;land;53.35681641050708;6.809947230252101;BU19791992;GM1979;BU19791992;GM1979;BU19791992;GM1979;False;False
13.0;15.0;15.0;246808.111584;597675.544059;Nederland;n.a.;EAZ wind;Eemsdelta;Groningen;land;53.35755226813655;6.76612817956158;BU19791992;GM1979;BU19791992;GM1979;BU19791992;GM1979;False;False
13.0;15.0;15.0;244922.349254;597676.710337;Nederland;n.a.;EAZ wind;Eemsdelta;Groningen;land;53.35788406396989;6.737812827471436;BU19791992;GM1979;BU19791992;GM1979;BU19791992;GM1979;False;False
13.0;15.0;15.0;246836.012297;597687.578425;Nederland;n.a.;EAZ wind;Eemsdelta;Groningen;land;53.35765556794517;6.76655058330805;BU19791992;GM1979;BU19791992;GM1979;BU19791992;GM1979;False;False
13.0;15.0;15.0;254365.193726;597691.942322;Nederland;n.a.;EAZ wind;Eemsdelta;Groningen;land;53.356345037953965;6.879601715337747;BU19790733;GM1979;BU19790733;GM1979;BU19790733;GM1979;False;False
31.0;31.0;300.0;197941.4567;597728.7023;Nederland;n.a.;n.a.;Noardeast-Fryslân;Fryslân;land;53.36420474032721;6.032248886813955;BU19700108;GM1970;BU19700108;GM1970;BU19700108;GM1970;False;False
13.0;15.0;15.0;214940.091285;597822.099552;Nederland;n.a.;EAZ wind;Het Hogeland;Groningen;land;53.36340361495304;6.287583543694182;BU19660101;GM1966;BU19660101;GM1966;BU19660101;GM1966;False;False
122.0;90.0;6500.0;263305.611669;597887.478379;Duitsland;n.a.;n.a.;n.a.;n.a.;land;53.356360715188075;7.013896529606477;n.a.;n.a.;n.a.;n.a.;n.a.;n.a.;False;False
11.0;15.0;10.0;201828.736075;597978.643833;Nederland;n.a.;BW10;Noardeast-Fryslân;Fryslân;land;53.366123042401426;6.090673890257437;BU19700309;GM1970;BU19700309;GM1970;BU19700309;GM1970;False;False
10.0;15.0;25.0;244312.273538;598209.384806;Nederland;n.a.;n.a.;Eemsdelta;Groningen;land;53.362771651986364;6.72880126781178;BU19791992;GM1979;BU19791992;GM1979;BU19791992;GM1979;False;False
10.0;15.0;25.0;244373.140306;598242.514819;Nederland;n.a.;n.a.;Eemsdelta;Groningen;land;53.363059062320595;6.729724611754706;BU19791992;GM1979;BU19791992;GM1979;BU19791992;GM1979;False;False
13.0;15.0;15.0;196952.172;598258.295002;Nederland;n.a.;EAZ wind;Noardeast-Fryslân;Fryslân;land;53.369041712697744;6.017459013206272;BU19700408;GM1970;BU19700408;GM1970;BU19700408;GM1970;False;False
13.0;15.0;15.0;235741.454167;598328.042671;Nederland;n.a.;EAZ wind;Het Hogeland;Groningen;land;53.36520442903708;6.600115212388655;BU19661001;GM1966;BU19661001;GM1966;BU19661001;GM1966;False;False
13.0;15.0;15.0;201257.031949;598336.767687;Nederland;n.a.;EAZ wind;Noardeast-Fryslân;Fryslân;land;53.369390537883035;6.082138271262273;BU19700309;GM1970;BU19700309;GM1970;BU19700309;GM1970;False;False
13.0;15.0;15.0;235754.142364;598355.083091;Nederland;n.a.;EAZ wind;Het Hogeland;Groningen;land;53.36544542312549;6.600312622153686;BU19661001;GM1966;BU19661001;GM1966;BU19661001;GM1966;False;False
13.0;15.0;15.0;234407.191929;598525.955965;Nederland;n.a.;EAZ wind;Het Hogeland;Groningen;land;53.36718278117836;6.58012529971669;BU19660901;GM1966;BU19660901;GM1966;BU19660901;GM1966;False;False
13.0;15.0;15.0;249385.26127;598616.32697;Nederland;n.a.;EAZ wind;Eemsdelta;Groningen;land;53.36555327683736;6.805102985072024;BU19790739;GM1979;BU19790739;GM1979;BU19790739;GM1979;False;False
33.4;30.0;300.0;188570.8375;598684.4087;Nederland;n.a.;n.a.;Noardeast-Fryslân;Fryslân;land;53.373464076137054;5.891595736683671;BU19700608;GM1970;BU19700608;GM1970;BU19700608;GM1970;False;False
13.0;15.0;15.0;252464.032535;598692.503096;Nederland;n.a.;EAZ wind;Eemsdelta;Groningen;land;53.365683616377595;6.851362473538904;BU19790739;GM1979;BU19790739;GM1979;BU19790739;GM1979;False;False
13.0;15.0;15.0;252471.166499;598728.470169;Nederland;n.a.;EAZ wind;Eemsdelta;Groningen;land;53.36600539335811;6.851480603670769;BU19790739;GM1979;BU19790739;GM1979;BU19790739;GM1979;False;False
13.0;15.0;15.0;252489.29866;598761.464757;Nederland;n.a.;EAZ wind;Eemsdelta;Groningen;land;53.36629845815959;6.85176299766058;BU19790739;GM1979;BU19790739;GM1979;BU19790739;GM1979;False;False
13.0;15.0;15.0;235176.298469;598803.322602;Nederland;n.a.;EAZ wind;Het Hogeland;Groningen;land;53.369559376510324;6.591746711526948;BU19661001;GM1966;BU19661001;GM1966;BU19661001;GM1966;False;False
13.0;15.0;15.0;222313.539377;598910.323894;Nederland;n.a.;EAZ wind;Het Hogeland;Groningen;land;53.37230018720176;6.398555962107375;BU19660201;GM1966;BU19660201;GM1966;BU19660201;GM1966;False;False
16.0;20.0;25.0;193299.112588;598966.225213;Nederland;n.a.;SWP25 16TG20;Noardeast-Fryslân;Fryslân;land;53.375677268503615;5.96266668145339;BU19700506;GM1970;BU19700506;GM1970;BU19700506;GM1970;False;False
13.0;15.0;15.0;253997.656867;598995.548787;Nederland;n.a.;EAZ wind;Eemsdelta;Groningen;land;53.36812319575264;6.874487990565775;BU19790739;GM1979;BU19790739;GM1979;BU19790739;GM1979;False;False
13.0;15.0;15.0;225631.399838;598998.89771;Nederland;n.a.;EAZ wind;Het Hogeland;Groningen;land;53.37266658029035;6.448416482624549;BU19660401;GM1966;BU19660401;GM1966;BU19660401;GM1966;False;False
13.0;15.0;10.0;188398.647451;599066.828521;Nederland;n.a.;BW10;Noardeast-Fryslân;Fryslân;land;53.37691085122779;5.889048833655404;BU19700608;GM1970;BU19700608;GM1970;BU19700608;GM1970;False;False
31.0;30.0;300.0;193984.7062;599134.1898;Nederland;n.a.;n.a.;Noardeast-Fryslân;Fryslân;land;53.37713665822833;5.972988015677596;BU19700506;GM1970;BU19700506;GM1970;BU19700506;GM1970;False;False
16.0;20.0;80.0;192621.828735;599145.708753;Nederland;n.a.;BW80;Noardeast-Fryslân;Fryslân;land;53.37733812160709;5.952511911977459;BU19700506;GM1970;BU19700506;GM1970;BU19700506;GM1970;False;False
13.0;15.0;25.0;231409.936766;599186.976816;Nederland;n.a.;n.a.;Het Hogeland;Groningen;land;53.37355915178597;6.53526553084405;BU19660701;GM1966;BU19660701;GM1966;BU19660701;GM1966;False;False
13.0;15.0;15.0;253254.880765;599330.442812;Nederland;n.a.;EAZ wind;Eemsdelta;Groningen;land;53.37126883979724;6.863435782015249;BU19790739;GM1979;BU19790739;GM1979;BU19790739;GM1979;False;False
13.0;15.0;15.0;239362.883016;599336.195427;Nederland;n.a.;EAZ wind;Het Hogeland;Groningen;land;53.3737002019307;6.654770877271544;BU19661001;GM1966;BU19661001;GM1966;BU19661001;GM1966;False;False
13.0;15.0;15.0;239352.253679;599371.742718;Nederland;n.a.;EAZ wind;Het Hogeland;Groningen;land;53.37402121491353;6.654620615596524;BU19661001;GM1966;BU19661001;GM1966;BU19661001;GM1966;False;False
52.0;40.0;850.0;242594.173762;599398.139292;Nederland;n.a.;n.a.;Het Hogeland;Groningen;land;53.37373542518387;6.703326276091602;BU19661001;GM1966;BU19661001;GM1966;BU19661001;GM1966;False;False
13.0;15.0;15.0;241468.610656;599530.103696;Nederland;n.a.;EAZ wind;Het Hogeland;Groningen;land;53.375104668618484;6.686454523644994;BU19661001;GM1966;BU19661001;GM1966;BU19661001;GM1966;False;False
14.0;15.0;25.0;195534.171826;599589.366299;Nederland;n.a.;n.a.;Noardeast-Fryslân;Fryslân;land;53.381110635568184;5.996326774276771;BU19700709;GM1970;BU19700709;GM1970;BU19700709;GM1970;False;False
13.0;15.0;15.0;223683.630183;599633.04666;Nederland;n.a.;EAZ wind;Het Hogeland;Groningen;land;53.37861823993739;6.419293352709765;BU19660301;GM1966;BU19660301;GM1966;BU19660301;GM1966;False;False
14.0;15.0;25.0;200153.496216;599641.111084;Nederland;n.a.;n.a.;Noardeast-Fryslân;Fryslân;land;53.38120409219507;6.065745548643188;BU19700408;GM1970;BU19700408;GM1970;BU19700408;GM1970;False;False
13.0;15.0;15.0;196352.0;599736.0;Nederland;n.a.;EAZ wind;Noardeast-Fryslân;Fryslân;land;53.38236523488437;6.008634854478987;BU19700709;GM1970;BU19700709;GM1970;BU19700709;GM1970;False;False
13.0;15.0;15.0;226411.479745;599832.403029;Nederland;n.a.;EAZ wind;Het Hogeland;Groningen;land;53.38005065139508;6.46032165779538;BU19660401;GM1966;BU19660401;GM1966;BU19660401;GM1966;False;False
13.0;15.0;15.0;217439.787321;599919.757808;Nederland;n.a.;n.a.;Het Hogeland;Groningen;land;53.38196224244003;6.325538254064722;BU19660301;GM1966;BU19660301;GM1966;BU19660301;GM1966;False;False
13.0;15.0;15.0;228773.410385;599967.817071;Nederland;n.a.;EAZ wind;Het Hogeland;Groningen;land;53.380945416486114;6.495839852283261;BU19660701;GM1966;BU19660701;GM1966;BU19660701;GM1966;False;False
22.0;40.0;600.0;226959.588111;599974.587165;Nederland;n.a.;NEG-micon 600/43;Het Hogeland;Groningen;land;53.38125426307385;6.468588881221729;BU19660401;GM1966;BU19660401;GM1966;BU19660401;GM1966;False;False
13.0;15.0;25.0;231086.738974;599975.538156;Nederland;n.a.;n.a.;Het Hogeland;Groningen;land;53.38068949650426;6.530598699215073;BU19660701;GM1966;BU19660701;GM1966;BU19660701;GM1966;False;False
13.0;15.0;15.0;228771.151642;599996.757222;Nederland;n.a.;EAZ wind;Het Hogeland;Groningen;land;53.381205717255334;6.4958126149050495;BU19660701;GM1966;BU19660701;GM1966;BU19660701;GM1966;False;False
10.0;15.0;25.0;254673.412388;600066.635466;Nederland;n.a.;n.a.;Eemsdelta;Groningen;land;53.377618376310664;6.884971680396731;BU19790739;GM1979;BU19790739;GM1979;BU19790739;GM1979;False;False
13.0;15.0;15.0;192690.248083;600078.288173;Nederland;n.a.;EAZ wind;Noardeast-Fryslân;Fryslân;land;53.385712210244364;5.95365026892917;BU19700506;GM1970;BU19700506;GM1970;BU19700506;GM1970;False;False
16.0;20.0;80.0;197396.499057;600110.021832;Nederland;n.a.;BW80;Noardeast-Fryslân;Fryslân;land;53.38564356836963;6.0243801601622415;BU19700508;GM1970;BU19700508;GM1970;BU19700508;GM1970;False;False
18.0;31.4;80.0;196428.8813;600147.6199;Nederland;n.a.;n.a.;Noardeast-Fryslân;Fryslân;land;53.3860574993193;6.009843678066351;BU19700506;GM1970;BU19700506;GM1970;BU19700506;GM1970;False;False
52.0;40.0;850.0;194923.334;600161.931996;Nederland;n.a.;n.a.;Noardeast-Fryslân;Fryslân;land;53.386301045091884;5.987219794948268;BU19700506;GM1970;BU19700506;GM1970;BU19700506;GM1970;False;False
13.0;15.0;15.0;244550.97009;600192.848992;Nederland;n.a.;EAZ wind;Eemsdelta;Groningen;land;53.3805491560337;6.732943034365479;BU19791780;GM1979;BU19791780;GM1979;BU19791780;GM1979;False;False
18.0;31.4;80.0;194540.4801;600207.148;Nederland;n.a.;n.a.;Noardeast-Fryslân;Fryslân;land;53.38673584869375;5.981471761841474;BU19700506;GM1970;BU19700506;GM1970;BU19700506;GM1970;False;False
52.0;40.0;900.0;217734.6911;600214.3986;Nederland;n.a.;n.a.;Het Hogeland;Groningen;land;53.38457466660579;6.330027440548419;BU19660301;GM1966;BU19660301;GM1966;BU19660301;GM1966;False;False
13.0;15.0;15.0;244531.42236;600225.145417;Nederland;n.a.;EAZ wind;Eemsdelta;Groningen;land;53.38084255947206;6.732658432719021;BU19791780;GM1979;BU19791780;GM1979;BU19791780;GM1979;False;False
14.0;15.0;25.0;193410.101398;600275.56631;Nederland;n.a.;n.a.;Noardeast-Fryslân;Fryslân;land;53.38743326728397;5.964492121978598;BU19700506;GM1970;BU19700506;GM1970;BU19700506;GM1970;False;False
18.0;31.4;80.0;194547.3498;600440.9079;Nederland;n.a.;n.a.;Noardeast-Fryslân;Fryslân;land;53.38883558254834;5.981604032383046;BU19700506;GM1970;BU19700506;GM1970;BU19700506;GM1970;False;False
52.0;40.0;850.0;218400.8189;600477.0929;Nederland;n.a.;n.a.;Het Hogeland;Groningen;land;53.386855864455;6.340089412998805;BU19660301;GM1966;BU19660301;GM1966;BU19660301;GM1966;False;False
13.0;15.0;15.0;225795.72113;600492.014587;Nederland;n.a.;EAZ wind;Het Hogeland;Groningen;land;53.38605860708907;6.451216670450503;BU19660401;GM1966;BU19660401;GM1966;BU19660401;GM1966;False;False
13.0;15.0;15.0;225827.312988;600497.433472;Nederland;n.a.;EAZ wind;Het Hogeland;Groningen;land;53.38610309038844;6.451692599491856;BU19660401;GM1966;BU19660401;GM1966;BU19660401;GM1966;False;False
52.0;40.0;850.0;218728.2899;600606.6392;Nederland;n.a.;V52-850 kW;Het Hogeland;Groningen;land;53.38798063653962;6.345036388069954;BU19660301;GM1966;BU19660301;GM1966;BU19660301;GM1966;False;False
16.0;20.0;45.0;196227.446245;600668.998269;Nederland;n.a.;BW45;Noardeast-Fryslân;Fryslân;land;53.39075749420524;6.006883977213897;BU19700507;GM1970;BU19700507;GM1970;BU19700507;GM1970;False;False
13.0;15.0;25.0;231983.688775;600672.366171;Nederland;n.a.;n.a.;Het Hogeland;Groningen;land;53.38682064909539;6.544243321834945;BU19660901;GM1966;BU19660901;GM1966;BU19660901;GM1966;False;False
13.0;15.0;25.0;222597.264652;600746.549957;Nederland;n.a.;n.a.;Het Hogeland;Groningen;land;53.38876072159112;6.403207692959413;BU19660301;GM1966;BU19660301;GM1966;BU19660301;GM1966;False;False
13.0;15.0;15.0;226735.087708;600799.378174;Nederland;n.a.;EAZ wind;Het Hogeland;Groningen;land;53.38869422691057;6.465401492393114;BU19660401;GM1966;BU19660401;GM1966;BU19660401;GM1966;False;False
13.0;15.0;15.0;251386.348027;600811.123258;Nederland;n.a.;EAZ wind;Eemsdelta;Groningen;land;53.38491048244997;6.835818658576861;BU19790739;GM1979;BU19790739;GM1979;BU19790739;GM1979;False;False
13.0;15.0;15.0;228372.426201;600838.12149;Nederland;n.a.;EAZ wind;Het Hogeland;Groningen;land;53.38881930125585;6.49001559335655;BU19660701;GM1966;BU19660701;GM1966;BU19660701;GM1966;False;False
14.0;15.0;25.0;243915.182636;600988.80971;Nederland;n.a.;SPW 25 kW;Het Hogeland;Groningen;land;53.387805753749284;6.723613359828521;BU19661301;GM1966;BU19661301;GM1966;BU19661301;GM1966;False;False
10.0;15.0;25.0;254417.967968;600993.856699;Nederland;n.a.;n.a.;Eemsdelta;Groningen;land;53.385994885697166;6.881423767659277;BU19790739;GM1979;BU19790739;GM1979;BU19790739;GM1979;False;False
14.0;15.0;25.0;244232.740184;600999.795422;Nederland;n.a.;SPW25-16;Het Hogeland;Groningen;land;53.387851348088745;6.728388100488777;BU19661301;GM1966;BU19661301;GM1966;BU19661301;GM1966;False;False
13.0;15.0;25.0;236800.378436;601092.0072;Nederland;n.a.;n.a.;Het Hogeland;Groningen;land;53.389872689870266;6.616728426296209;BU19661001;GM1966;BU19661001;GM1966;BU19661001;GM1966;False;False
13.0;15.0;15.0;240662.111328;601114.965271;Nederland;n.a.;EAZ wind;Het Hogeland;Groningen;land;53.38947199392476;6.674765439047614;BU19661003;GM1966;BU19661003;GM1966;BU19661003;GM1966;False;False
54.0;40.0;900.0;253433.5316;601306.9639;Nederland;n.a.;n.a.;Eemsdelta;Groningen;land;53.3889901625129;6.866729605450349;BU19790739;GM1979;BU19790739;GM1979;BU19790739;GM1979;False;False
13.0;15.0;15.0;220454.353033;601513.935424;Nederland;n.a.;EAZ wind;Het Hogeland;Groningen;land;53.3959224433457;6.3711617467809;BU19660301;GM1966;BU19660301;GM1966;BU19660301;GM1966;False;False
13.0;15.0;15.0;221270.016879;601666.518669;Nederland;n.a.;EAZ wind;Het Hogeland;Groningen;land;53.39719237222514;6.3834533308458665;BU19660301;GM1966;BU19660301;GM1966;BU19660301;GM1966;False;False
15.0;25.0;10.0;249304.922313;601684.135344;Nederland;n.a.;n.a.;Eemsdelta;Groningen;land;53.39312498661876;6.804804336948814;BU19790739;GM1979;BU19790739;GM1979;BU19790739;GM1979;False;False
15.0;25.0;10.0;249290.70093;601699.679646;Nederland;n.a.;n.a.;Eemsdelta;Groningen;land;53.39326713455678;6.804595226341981;BU19790739;GM1979;BU19790739;GM1979;BU19790739;GM1979;False;False
31.0;40.0;300.0;221744.0976;601956.1793;Nederland;n.a.;Combi 31/300;Het Hogeland;Groningen;land;53.39973544245245;6.3906399242558445;BU19660301;GM1966;BU19660301;GM1966;BU19660301;GM1966;False;False
18.0;31.4;80.0;199993.726624;602125.750488;Nederland;n.a.;n.a.;Noardeast-Fryslân;Fryslân;land;53.40354082214998;6.063695918885693;BU19700509;GM1970;BU19700509;GM1970;BU19700509;GM1970;False;False
54.0;40.0;900.0;249693.5858;602238.9768;Nederland;n.a.;n.a.;Eemsdelta;Groningen;land;53.39804002855907;6.8108100212547305;BU19790739;GM1979;BU19790739;GM1979;BU19790739;GM1979;False;False
13.0;15.0;15.0;222622.414986;602293.257892;Nederland;n.a.;EAZ wind;Het Hogeland;Groningen;land;53.4026528959254;6.403914179349528;BU19660301;GM1966;BU19660301;GM1966;BU19660301;GM1966;False;False
13.0;15.0;15.0;222654.944496;602309.305784;Nederland;n.a.;EAZ wind;Het Hogeland;Groningen;land;53.40279293547348;6.404406598777643;BU19660301;GM1966;BU19660301;GM1966;BU19660301;GM1966;False;False
13.0;15.0;15.0;224619.687663;602485.465136;Nederland;n.a.;EAZ wind;Het Hogeland;Groningen;land;53.4041222695643;6.4339805276703865;BU19660401;GM1966;BU19660401;GM1966;BU19660401;GM1966;False;False
13.0;15.0;15.0;238435.119363;602512.450444;Nederland;n.a.;EAZ wind;Het Hogeland;Groningen;land;53.40237934501888;6.641666403277166;BU19661201;GM1966;BU19661201;GM1966;BU19661201;GM1966;False;False
13.0;15.0;15.0;224634.768943;602526.475635;Nederland;n.a.;EAZ wind;Het Hogeland;Groningen;land;53.404488725122256;6.434216219744081;BU19660401;GM1966;BU19660401;GM1966;BU19660401;GM1966;False;False
13.0;15.0;15.0;224647.733552;602561.136121;Nederland;n.a.;EAZ wind;Het Hogeland;Groningen;land;53.404798410286574;6.4344187078143;BU19660401;GM1966;BU19660401;GM1966;BU19660401;GM1966;False;False
15.6;24.5;75.0;209260.703608;602634.002639;Nederland;n.a.;n.a.;Het Hogeland;Groningen;land;53.407243384872075;6.20310052362961;BU19660102;GM1966;BU19660102;GM1966;BU19660102;GM1966;False;False
13.0;15.0;15.0;226501.699865;602790.272997;Nederland;n.a.;EAZ wind;Het Hogeland;Groningen;land;53.40661118416046;6.4623414021148236;BU19660401;GM1966;BU19660401;GM1966;BU19660401;GM1966;False;False
13.0;15.0;15.0;246301.90144;602876.273334;Nederland;n.a.;EAZ wind;Het Hogeland;Groningen;land;53.40435696501043;6.760017448201056;BU19661301;GM1966;BU19661301;GM1966;BU19661301;GM1966;False;False
13.0;15.0;15.0;243042.202853;602969.847706;Nederland;n.a.;EAZ wind;Het Hogeland;Groningen;land;53.40574644207256;6.711043630220422;BU19661301;GM1966;BU19661301;GM1966;BU19661301;GM1966;False;False
52.0;40.0;850.0;229191.8737;603129.2218;Nederland;n.a.;V52-850 kW;Het Hogeland;Groningen;land;53.40928811364461;6.502863868834257;BU19660401;GM1966;BU19660401;GM1966;BU19660401;GM1966;False;False
13.0;15.0;15.0;252967.14093;603254.19751;Nederland;n.a.;EAZ wind;Eemsdelta;Groningen;land;53.406567259842014;6.860320911372017;BU19790739;GM1979;BU19790739;GM1979;BU19790739;GM1979;False;False
52.0;40.0;850.0;228822.5148;603263.6303;Nederland;n.a.;V52-850 kW;Het Hogeland;Groningen;land;53.410546921457495;6.497341859368697;BU19660401;GM1966;BU19660401;GM1966;BU19660401;GM1966;False;False
13.0;15.0;15.0;252941.245972;603268.889282;Nederland;n.a.;EAZ wind;Eemsdelta;Groningen;land;53.40670399267425;6.859936181410962;BU19790739;GM1979;BU19790739;GM1979;BU19790739;GM1979;False;False
54.0;40.0;900.0;238543.8491;603463.7223;Nederland;n.a.;DirectWind 54*900;Het Hogeland;Groningen;land;53.41090775433992;6.643550551733412;BU19661101;GM1966;BU19661101;GM1966;BU19661101;GM1966;False;False
136.0;120.0;3600.0;253790.317501;603489.250648;Nederland;n.a.;n.a.;Het Hogeland;Groningen;land;53.408526542251074;6.8727678239348045;BU19661401;GM1966;BU19661401;GM1966;BU19661401;GM1966;False;False
52.0;40.0;850.0;228828.8647;603602.2977;Nederland;n.a.;V52-850 kW;Het Hogeland;Groningen;land;53.41358847907933;6.497515935219914;BU19660401;GM1966;BU19660401;GM1966;BU19660401;GM1966;False;False
47.0;40.0;660.0;251400.8734;603814.4809;Nederland;n.a.;n.a.;Eemsdelta;Groningen;land;53.41188590747514;6.8369463746416965;BU19790739;GM1979;BU19790739;GM1979;BU19790739;GM1979;False;False
90.0;100.0;2500.0;253850.0;603877.0;Nederland;n.a.;n.a.;Het Hogeland;Groningen;land;53.41199841354283;6.8737854842393045;BU19661401;GM1966;BU19661401;GM1966;BU19661401;GM1966;False;False
10.0;15.0;25.0;251180.210829;603961.2037;Nederland;n.a.;n.a.;Eemsdelta;Groningen;land;53.41324376652735;6.833673296403346;BU19790739;GM1979;BU19790739;GM1979;BU19790739;GM1979;False;False
13.0;15.0;15.0;248025.396988;604203.127424;Nederland;n.a.;EAZ wind;Het Hogeland;Groningen;land;53.41597749230552;6.786312378390916;BU19661301;GM1966;BU19661301;GM1966;BU19661301;GM1966;False;False
90.0;100.0;2500.0;253855.0;604236.0;Nederland;n.a.;n.a.;Het Hogeland;Groningen;land;53.415222187938035;6.873972223107445;BU19661401;GM1966;BU19661401;GM1966;BU19661401;GM1966;False;False
15.0;15.0;15.0;231086.471761;604255.278262;Nederland;n.a.;EAZ wind;Het Hogeland;Groningen;land;53.41913663106815;6.531617712149294;BU19660701;GM1966;BU19660701;GM1966;BU19660701;GM1966;False;False
125.0;132.0;4500.0;253448.164063;604293.571998;Nederland;n.a.;n.a.;Het Hogeland;Groningen;land;53.415814715851106;6.867873276390786;BU19661401;GM1966;BU19661401;GM1966;BU19661401;GM1966;False;False
13.0;15.0;15.0;248587.619929;604375.83342;Nederland;n.a.;EAZ wind;Het Hogeland;Groningen;land;53.41743031784766;6.794816583197805;BU19661301;GM1966;BU19661301;GM1966;BU19661301;GM1966;False;False
125.0;132.0;4500.0;253306.565367;604558.24314;Nederland;n.a.;n.a.;Het Hogeland;Groningen;land;53.41821828387938;6.865826125258455;BU19661401;GM1966;BU19661401;GM1966;BU19661401;GM1966;False;False
90.0;100.0;2500.0;253864.0;604596.0;Nederland;n.a.;n.a.;Het Hogeland;Groningen;land;53.41845419778951;6.874219447575162;BU19661401;GM1966;BU19661401;GM1966;BU19661401;GM1966;False;False
13.0;15.0;15.0;235842.482863;604763.255612;Nederland;n.a.;EAZ wind;Het Hogeland;Groningen;land;53.42299883909971;6.60326644476905;BU19661101;GM1966;BU19661101;GM1966;BU19661101;GM1966;False;False
14.0;15.0;25.0;240599.257714;604822.42546;Nederland;n.a.;SPW 25 kW;Het Hogeland;Groningen;land;53.42278659100375;6.674818275187776;BU19661201;GM1966;BU19661201;GM1966;BU19661201;GM1966;False;False
125.0;132.0;4500.0;252534.085275;604837.627417;Nederland;n.a.;n.a.;Het Hogeland;Groningen;land;53.420869951444786;6.854296736217832;BU19661401;GM1966;BU19661401;GM1966;BU19661401;GM1966;False;False
13.0;15.0;25.0;237583.645727;604848.810342;Nederland;n.a.;n.a.;Het Hogeland;Groningen;land;53.42350007158825;6.62947389171915;BU19661101;GM1966;BU19661101;GM1966;BU19661101;GM1966;False;False
136.0;155.0;4650.0;251733.618392;604851.67699;Nederland;n.a.;E-136 EP5;Eemsdelta;Groningen;land;53.421142226668834;6.842264320183633;BU19790739;GM1979;BU19790739;GM1979;BU19790739;GM1979;False;False
82.0;100.0;3000.0;253829.1485;604979.4371;Nederland;n.a.;n.a.;Het Hogeland;Groningen;land;53.42190486933605;6.873814592674422;BU19661401;GM1966;BU19661401;GM1966;BU19661401;GM1966;False;False
13.0;15.0;25.0;243959.661817;605075.866686;Nederland;n.a.;n.a.;Het Hogeland;Groningen;land;53.42451217367201;6.725424314618464;BU19661301;GM1966;BU19661301;GM1966;BU19661301;GM1966;False;False
125.0;132.0;4500.0;252820.461245;605228.112359;Nederland;n.a.;n.a.;Het Hogeland;Groningen;land;53.42432492344195;6.858723115023156;BU19661401;GM1966;BU19661401;GM1966;BU19661401;GM1966;False;False
52.0;40.0;850.0;243692.9297;605267.2252;Nederland;n.a.;n.a.;Het Hogeland;Groningen;land;53.426275645834565;6.7214663228526605;BU19661301;GM1966;BU19661301;GM1966;BU19661301;GM1966;False;False
136.0;155.0;4650.0;252426.833;605294.85;Nederland;n.a.;n.a.;Het Hogeland;Groningen;land;53.424996594579085;6.852824092079729;BU19661401;GM1966;BU19661401;GM1966;BU19661401;GM1966;False;False
82.0;100.0;3000.0;253633.5583;605358.9865;Nederland;n.a.;n.a.;Het Hogeland;Groningen;land;53.42535042802422;6.870991199606253;BU19661401;GM1966;BU19661401;GM1966;BU19661401;GM1966;False;False
82.0;100.0;3000.0;253995.5563;605472.9874;Nederland;n.a.;n.a.;Het Hogeland;Groningen;land;53.4263072198374;6.876470600759002;BU19661401;GM1966;BU19661401;GM1966;BU19661401;GM1966;False;False
13.0;15.0;25.0;249011.434996;605586.861994;Nederland;n.a.;n.a.;Het Hogeland;Groningen;land;53.428233903157405;6.80154721740878;BU19661301;GM1966;BU19661301;GM1966;BU19661301;GM1966;False;False
136.0;155.0;4650.0;252890.656;605612.799;Nederland;n.a.;n.a.;Het Hogeland;Groningen;land;53.42776745135898;6.859897184087081;BU19661401;GM1966;BU19661401;GM1966;BU19661401;GM1966;False;False
14.0;15.0;25.0;239895.449491;605616.321429;Nederland;n.a.;SPW 25 kW;Het Hogeland;Groningen;land;53.43003093766012;6.6644459737540345;BU19661201;GM1966;BU19661201;GM1966;BU19661201;GM1966;False;False
82.0;100.0;3000.0;253489.0749;605644.852;Nederland;n.a.;n.a.;Het Hogeland;Groningen;land;53.42794495289323;6.868906957730125;BU19661401;GM1966;BU19661401;GM1966;BU19661401;GM1966;False;False
136.0;155.0;4650.0;252082.023;605683.879;Nederland;n.a.;n.a.;Het Hogeland;Groningen;land;53.42855405728241;6.8477574826704055;BU19661401;GM1966;BU19661401;GM1966;BU19661401;GM1966;False;False
82.0;100.0;3000.0;253343.5581;605928.9855;Nederland;n.a.;n.a.;Het Hogeland;Groningen;land;53.430524073578376;6.866806386636347;BU19661401;GM1966;BU19661401;GM1966;BU19661401;GM1966;False;False
82.0;100.0;3000.0;254150.5541;605984.9877;Nederland;n.a.;n.a.;Het Hogeland;Groningen;land;53.43087735398011;6.878961303197871;BU19661401;GM1966;BU19661401;GM1966;BU19661401;GM1966;False;False
136.0;155.0;4650.0;252624.573;606025.198;Nederland;n.a.;n.a.;Het Hogeland;Groningen;land;53.43152068948216;6.856022125695314;BU19661401;GM1966;BU19661401;GM1966;BU19661401;GM1966;False;False
136.0;155.0;4650.0;251688.178;606042.34;Nederland;n.a.;n.a.;Het Hogeland;Groningen;land;53.431845640362965;6.841943197173127;BU19661401;GM1966;BU19661401;GM1966;BU19661401;GM1966;False;False
82.0;100.0;3000.0;253757.5557;606066.9866;Nederland;n.a.;n.a.;Het Hogeland;Groningen;land;53.43168698319102;6.873075923314362;BU19661401;GM1966;BU19661401;GM1966;BU19661401;GM1966;False;False
13.0;15.0;25.0;247971.868587;606108.735987;Nederland;n.a.;n.a.;Het Hogeland;Groningen;land;53.43310436861833;6.786064853615134;BU19661301;GM1966;BU19661301;GM1966;BU19661301;GM1966;False;False
82.0;100.0;3000.0;253171.5582;606214.9849;Nederland;n.a.;n.a.;Het Hogeland;Groningen;land;53.433124803268235;6.864307801894464;BU19661401;GM1966;BU19661401;GM1966;BU19661401;GM1966;False;False
136.0;155.0;4650.0;251195.7;606295.7;Nederland;n.a.;n.a.;Het Hogeland;Groningen;land;53.434210712167385;6.834612549572845;BU19661401;GM1966;BU19661401;GM1966;BU19661401;GM1966;False;False
136.0;155.0;4650.0;252197.245;606332.823;Nederland;n.a.;n.a.;Het Hogeland;Groningen;land;53.43436215206978;6.849688877791575;BU19661401;GM1966;BU19661401;GM1966;BU19661401;GM1966;False;False
82.0;100.0;3000.0;252881.67;606381.7221;Nederland;n.a.;n.a.;Het Hogeland;Groningen;land;53.43467591598178;6.85999887511612;BU19661401;GM1966;BU19661401;GM1966;BU19661401;GM1966;False;False
82.0;100.0;3000.0;253842.5543;606416.9867;Nederland;n.a.;n.a.;Het Hogeland;Groningen;land;53.434815039643496;6.874463235016993;BU19661401;GM1966;BU19661401;GM1966;BU19661401;GM1966;False;False
82.0;100.0;3000.0;253547.5556;606475.9859;Nederland;n.a.;n.a.;Het Hogeland;Groningen;land;53.43539971491616;6.870044217397156;BU19661401;GM1966;BU19661401;GM1966;BU19661401;GM1966;False;False
136.0;155.0;4650.0;250680.333;606490.959;Nederland;n.a.;n.a.;Het Hogeland;Groningen;land;53.436057560896906;6.826919281861679;BU19661401;GM1966;BU19661401;GM1966;BU19661401;GM1966;False;False
136.0;155.0;4650.0;251706.3;606569.6;Nederland;n.a.;n.a.;Het Hogeland;Groningen;land;53.43657845791308;6.842376245688105;BU19661401;GM1966;BU19661401;GM1966;BU19661401;GM1966;False;False
82.0;100.0;3000.0;252577.5601;606569.9832;Nederland;n.a.;n.a.;Het Hogeland;Groningen;land;53.43642282051804;6.855482318452777;BU19661401;GM1966;BU19661401;GM1966;BU19661401;GM1966;False;False
136.0;155.0;4650.0;250121.27;606623.253;Nederland;n.a.;n.a.;Het Hogeland;Groningen;land;53.437346146742726;6.818549168187596;BU19661401;GM1966;BU19661401;GM1966;BU19661401;GM1966;False;False
90.0;100.0;3000.0;252955.6607;606705.9847;Nederland;n.a.;n.a.;Het Hogeland;Groningen;land;53.437574964483304;6.861211807538576;BU19661401;GM1966;BU19661401;GM1966;BU19661401;GM1966;False;False
82.0;100.0;3000.0;252262.5612;606722.9823;Nederland;n.a.;n.a.;Het Hogeland;Groningen;land;53.43785480737369;6.850790792827864;BU19661401;GM1966;BU19661401;GM1966;BU19661401;GM1966;False;False
136.0;155.0;4650.0;249593.668;606725.093;Nederland;n.a.;n.a.;Het Hogeland;Groningen;land;53.43835500334885;6.810642761578267;BU19661401;GM1966;BU19661401;GM1966;BU19661401;GM1966;False;False
82.0;100.0;3000.0;253302.0561;606731.9251;Nederland;n.a.;n.a.;Het Hogeland;Groningen;land;53.43774408050232;6.8664305954671025;BU19661401;GM1966;BU19661401;GM1966;BU19661401;GM1966;False;False
13.0;15.0;15.0;247493.069197;606742.102765;Nederland;n.a.;EAZ wind;Het Hogeland;Groningen;land;53.43887715349115;6.7790472842370155;BU19661301;GM1966;BU19661301;GM1966;BU19661301;GM1966;False;False
13.0;15.0;15.0;238622.309009;606743.747658;Nederland;n.a.;EAZ wind;Het Hogeland;Groningen;land;53.4403603063789;6.64559304014517;BU19661201;GM1966;BU19661201;GM1966;BU19661201;GM1966;False;False
13.0;15.0;15.0;247509.216222;606765.833998;Nederland;n.a.;EAZ wind;Het Hogeland;Groningen;land;53.439087515697786;6.779297106587165;BU19661301;GM1966;BU19661301;GM1966;BU19661301;GM1966;False;False
136.0;155.0;4650.0;251157.141;606781.563;Nederland;n.a.;n.a.;Het Hogeland;Groningen;land;53.43858195388041;6.8341796071907295;BU19661401;GM1966;BU19661401;GM1966;BU19661401;GM1966;False;False
82.0;100.0;3000.0;251931.67;606804.2247;Nederland;n.a.;n.a.;Het Hogeland;Groningen;land;53.438644955432736;6.845837980593855;BU19661401;GM1966;BU19661401;GM1966;BU19661401;GM1966;False;False
13.0;15.0;25.0;246897.917829;606811.643595;Nederland;n.a.;n.a.;Het Hogeland;Groningen;land;53.439604959679905;6.77011407820036;BU19661301;GM1966;BU19661301;GM1966;BU19661301;GM1966;False;False
136.0;155.0;4650.0;249063.682;606818.764;Nederland;n.a.;n.a.;Het Hogeland;Groningen;land;53.43929038449527;6.802697695444059;BU19661401;GM1966;BU19661401;GM1966;BU19661401;GM1966;False;False
82.0;100.0;3000.0;253953.5525;606874.9869;Nederland;n.a.;n.a.;Het Hogeland;Groningen;land;53.43890833750752;6.876275501969986;BU19661401;GM1966;BU19661401;GM1966;BU19661401;GM1966;False;False
82.0;100.0;3000.0;251602.7285;606883.8364;Nederland;n.a.;n.a.;Het Hogeland;Groningen;land;53.43941989847494;6.840913818862332;BU19661401;GM1966;BU19661401;GM1966;BU19661401;GM1966;False;False
90.0;100.0;3000.0;252651.5588;606887.9833;Nederland;n.a.;n.a.;Het Hogeland;Groningen;land;53.43926565961766;6.856693192092003;BU19661401;GM1966;BU19661401;GM1966;BU19661401;GM1966;False;False
136.0;155.0;4650.0;248451.104;606902.396;Nederland;n.a.;n.a.;Het Hogeland;Groningen;land;53.4401495810839;6.793506800072155;BU19661401;GM1966;BU19661401;GM1966;BU19661401;GM1966;False;False
136.0;155.0;4650.0;247826.891;606908.638;Nederland;n.a.;n.a.;Het Hogeland;Groningen;land;53.44031493971203;6.784117870892175;BU19661401;GM1966;BU19661401;GM1966;BU19661401;GM1966;False;False
82.0;100.0;3000.0;254271.5508;606914.9877;Nederland;n.a.;n.a.;Het Hogeland;Groningen;land;53.43920839515603;6.8810717139288675;BU19661401;GM1966;BU19661401;GM1966;BU19661401;GM1966;False;False
82.0;100.0;3000.0;253661.5537;606942.9861;Nederland;n.a.;n.a.;Het Hogeland;Groningen;land;53.43957336489318;6.871904013304414;BU19661401;GM1966;BU19661401;GM1966;BU19661401;GM1966;False;False
47.0;40.0;660.0;239846.696594;606950.385193;Nederland;n.a.;n.a.;Het Hogeland;Groningen;land;53.44202265570295;6.664068957054459;BU19661201;GM1966;BU19661201;GM1966;BU19661201;GM1966;False;False
136.0;155.0;4650.0;250512.062;607025.308;Nederland;n.a.;n.a.;Het Hogeland;Groningen;land;53.44088760662772;6.824548727307844;BU19661401;GM1966;BU19661401;GM1966;BU19661401;GM1966;False;False
90.0;100.0;3000.0;252337.56;607034.9824;Nederland;n.a.;n.a.;Het Hogeland;Groningen;land;53.44064361545679;6.852014604452862;BU19661401;GM1966;BU19661401;GM1966;BU19661401;GM1966;False;False
82.0;100.0;3000.0;250914.982186;607052.547178;Nederland;n.a.;n.a.;Het Hogeland;Groningen;land;53.441059787829424;6.830618552607278;BU19661401;GM1966;BU19661401;GM1966;BU19661401;GM1966;False;False
90.0;100.0;3000.0;252005.5614;607105.9815;Nederland;n.a.;n.a.;Het Hogeland;Groningen;land;53.44134200602207;6.847041705582842;BU19661401;GM1966;BU19661401;GM1966;BU19661401;GM1966;False;False
136.0;155.0;4650.0;249998.511;607151.091;Nederland;n.a.;n.a.;Het Hogeland;Groningen;land;53.44210941760038;6.816860367372818;BU19661401;GM1966;BU19661401;GM1966;BU19661401;GM1966;False;False
82.0;100.0;3000.0;254025.5513;607171.987;Nederland;n.a.;n.a.;Het Hogeland;Groningen;land;53.44156270259468;6.877451187371867;BU19661401;GM1966;BU19661401;GM1966;BU19661401;GM1966;False;False
90.0;100.0;3000.0;251675.8192;607185.6471;Nederland;n.a.;n.a.;Het Hogeland;Groningen;land;53.442117628188015;6.84210522751466;BU19661401;GM1966;BU19661401;GM1966;BU19661401;GM1966;False;False
82.0;100.0;3000.0;253415.6025;607202.9524;Nederland;n.a.;n.a.;Het Hogeland;Groningen;land;53.441954040149916;6.868284596864125;BU19661401;GM1966;BU19661401;GM1966;BU19661401;GM1966;False;False
136.0;155.0;4650.0;249437.059;607239.475;Nederland;n.a.;n.a.;Het Hogeland;Groningen;land;53.44300330589973;6.808439767365841;BU19661401;GM1966;BU19661401;GM1966;BU19661401;GM1966;False;False
90.0;100.0;3000.0;251346.5642;607248.9277;Nederland;n.a.;n.a.;Het Hogeland;Groningen;land;53.44274578220738;6.837170928476857;BU19661401;GM1966;BU19661401;GM1966;BU19661401;GM1966;False;False
52.0;40.0;850.0;244560.9016;607278.4996;Nederland;n.a.;n.a.;Het Hogeland;Groningen;land;53.44419721977562;6.735087196724119;BU19661301;GM1966;BU19661301;GM1966;BU19661301;GM1966;False;False
52.0;40.0;850.0;243883.994883;607300.535147;Nederland;n.a.;n.a.;Het Hogeland;Groningen;land;53.444508706646715;6.7249087140481025;BU19661301;GM1966;BU19661301;GM1966;BU19661301;GM1966;False;False
13.0;15.0;15.0;243658.853655;607308.640731;Nederland;n.a.;EAZ wind;Het Hogeland;Groningen;land;53.44461909303816;6.721523502549111;BU19661301;GM1966;BU19661301;GM1966;BU19661301;GM1966;False;False
136.0;155.0;4650.0;248125.6;607314.5;Nederland;n.a.;n.a.;Het Hogeland;Groningen;land;53.44390844503137;6.788730711454577;BU19661401;GM1966;BU19661401;GM1966;BU19661401;GM1966;False;False
136.0;155.0;4650.0;248805.416;607336.558;Nederland;n.a.;n.a.;Het Hogeland;Groningen;land;53.44398712925687;6.798965330150426;BU19661401;GM1966;BU19661401;GM1966;BU19661401;GM1966;False;False
13.0;15.0;15.0;243667.434777;607337.021093;Nederland;n.a.;EAZ wind;Het Hogeland;Groningen;land;53.44487259916632;6.7216605385419586;BU19661301;GM1966;BU19661301;GM1966;BU19661301;GM1966;False;False
13.0;15.0;25.0;245174.964305;607344.529388;Nederland;n.a.;n.a.;Het Hogeland;Groningen;land;53.44468660149622;6.744345000906926;BU19661301;GM1966;BU19661301;GM1966;BU19661301;GM1966;False;False
52.0;40.0;850.0;242276.9084;607410.1147;Nederland;n.a.;n.a.;Het Hogeland;Groningen;land;53.44575917847469;6.700758460713331;BU19661201;GM1966;BU19661201;GM1966;BU19661201;GM1966;False;False
82.0;100.0;3000.0;253755.7719;607437.9362;Nederland;n.a.;n.a.;Het Hogeland;Groningen;land;53.44400170733328;6.873475278787364;BU19661401;GM1966;BU19661401;GM1966;BU19661401;GM1966;False;False
82.0;100.0;3000.0;253546.7524;607636.5655;Nederland;n.a.;n.a.;Het Hogeland;Groningen;land;53.44582463429431;6.87039221298208;BU19661401;GM1966;BU19661401;GM1966;BU19661401;GM1966;False;False
126.0;117.0;6150.0;250737.5153;607638.1916;Nederland;n.a.;n.a.;Het Hogeland;Groningen;land;53.446352313506594;6.828125248983076;BU19661401;GM1966;BU19661401;GM1966;BU19661401;GM1966;False;False
90.0;100.0;3000.0;251792.5609;607667.9807;Nederland;n.a.;n.a.;Het Hogeland;Groningen;land;53.446428939872455;6.844008563518162;BU19661401;GM1966;BU19661401;GM1966;BU19661401;GM1966;False;False
90.0;100.0;3000.0;252143.5591;607674.9817;Nederland;n.a.;n.a.;Het Hogeland;Groningen;land;53.446427834609466;6.849291827203856;BU19661401;GM1966;BU19661401;GM1966;BU19661401;GM1966;False;False
90.0;100.0;3000.0;252851.5556;607715.9836;Nederland;n.a.;n.a.;Het Hogeland;Groningen;land;53.4466663490101;6.859956944395503;BU19661401;GM1966;BU19661401;GM1966;BU19661401;GM1966;False;False
136.0;132.0;4500.0;251466.543396;607739.461182;Nederland;n.a.;n.a.;Het Hogeland;Groningen;land;53.44713024061222;6.83912500182082;BU19661401;GM1966;BU19661401;GM1966;BU19661401;GM1966;False;False
126.0;117.0;6150.0;250219.9892;607765.1918;Nederland;n.a.;n.a.;Het Hogeland;Groningen;land;53.44758599852998;6.82037656942359;BU19661401;GM1966;BU19661401;GM1966;BU19661401;GM1966;False;False
90.0;100.0;3000.0;249630.5712;607786.9749;Nederland;n.a.;n.a.;Het Hogeland;Groningen;land;53.4478868650814;6.811514319179454;BU19661401;GM1966;BU19661401;GM1966;BU19661401;GM1966;False;False
90.0;100.0;3000.0;248735.5756;607791.9726;Nederland;n.a.;n.a.;Het Hogeland;Groningen;land;53.44809024819043;6.7980489892039415;BU19661401;GM1966;BU19661401;GM1966;BU19661401;GM1966;False;False
90.0;100.0;3000.0;248339.5775;607817.9715;Nederland;n.a.;n.a.;Het Hogeland;Groningen;land;53.448393431553534;6.792098092242798;BU19661301;GM1966;BU19661301;GM1966;BU19661301;GM1966;False;False
82.0;100.0;3000.0;247471.5816;607869.9693;Nederland;n.a.;n.a.;Het Hogeland;Groningen;land;53.449012136951055;6.779052449310015;BU19661301;GM1966;BU19661301;GM1966;BU19661301;GM1966;False;False
82.0;100.0;3000.0;253250.553;607911.9846;Nederland;n.a.;n.a.;Het Hogeland;Groningen;land;53.44835334855299;6.866020909336;BU19661401;GM1966;BU19661401;GM1966;BU19661401;GM1966;False;False
82.0;100.0;3000.0;247186.6827;607980.7685;Nederland;n.a.;n.a.;Het Hogeland;Groningen;land;53.45005686869751;6.774797661838537;BU19661301;GM1966;BU19661301;GM1966;BU19661301;GM1966;False;False
90.0;100.0;3000.0;252218.5579;607985.9818;Nederland;n.a.;n.a.;Het Hogeland;Groningen;land;53.44920766631825;6.850515485240775;BU19661401;GM1966;BU19661401;GM1966;BU19661401;GM1966;False;False
82.0;100.0;3000.0;249411.4699;608052.487;Nederland;n.a.;n.a.;Het Hogeland;Groningen;land;53.45031078133032;6.808296516447081;BU19661401;GM1966;BU19661401;GM1966;BU19661401;GM1966;False;False
82.0;100.0;3000.0;246906.9681;608088.1492;Nederland;n.a.;n.a.;Het Hogeland;Groningen;land;53.45106984727617;6.770619690086557;BU19661301;GM1966;BU19661301;GM1966;BU19661301;GM1966;False;False
82.0;100.0;3000.0;248141.942;608104.3145;Nederland;n.a.;n.a.;Het Hogeland;Groningen;land;53.45100018921825;6.789208277152163;BU19661301;GM1966;BU19661301;GM1966;BU19661301;GM1966;False;False
82.0;100.0;3000.0;252951.5539;608131.9837;Nederland;n.a.;n.a.;Het Hogeland;Groningen;land;53.45038461592965;6.861589862465005;BU19661401;GM1966;BU19661401;GM1966;BU19661401;GM1966;False;False
82.0;100.0;3000.0;249022.1504;608154.5418;Nederland;n.a.;n.a.;Het Hogeland;Groningen;land;53.45129646806502;6.802468412863016;BU19661401;GM1966;BU19661401;GM1966;BU19661401;GM1966;False;False
82.0;100.0;3000.0;246621.4009;608186.9323;Nederland;n.a.;n.a.;Het Hogeland;Groningen;land;53.45200646015664;6.766350966066987;BU19661301;GM1966;BU19661301;GM1966;BU19661301;GM1966;False;False
90.0;100.0;3000.0;251578.789793;608192.82379;Nederland;n.a.;n.a.;Het Hogeland;Groningen;land;53.45118217781535;6.840951807736114;BU19661401;GM1966;BU19661401;GM1966;BU19661401;GM1966;False;False
82.0;100.0;3000.0;248608.665;608250.8821;Nederland;n.a.;n.a.;Het Hogeland;Groningen;land;53.45223479687085;6.796274697321625;BU19661301;GM1966;BU19661301;GM1966;BU19661301;GM1966;False;False
82.0;100.0;3000.0;247864.1924;608254.5801;Nederland;n.a.;n.a.;Het Hogeland;Groningen;land;53.45239854193261;6.78507267450565;BU19661301;GM1966;BU19661301;GM1966;BU19661301;GM1966;False;False
82.0;100.0;3000.0;246336.2518;608277.8764;Nederland;n.a.;n.a.;Het Hogeland;Groningen;land;53.45287243497817;6.762086090799535;BU19661301;GM1966;BU19661301;GM1966;BU19661301;GM1966;False;False
82.0;100.0;3000.0;252641.975;608296.2028;Nederland;n.a.;n.a.;Het Hogeland;Groningen;land;53.45191662533578;6.856982032339523;BU19661401;GM1966;BU19661401;GM1966;BU19661401;GM1966;False;False
82.0;100.0;3000.0;246042.5766;608353.6632;Nederland;n.a.;n.a.;Het Hogeland;Groningen;land;53.453603565483434;6.757688384857708;BU19661301;GM1966;BU19661301;GM1966;BU19661301;GM1966;False;False
82.0;100.0;3000.0;247591.475;608378.298;Nederland;n.a.;n.a.;Het Hogeland;Groningen;land;53.4535574085756;6.781004786523843;BU19661301;GM1966;BU19661301;GM1966;BU19661301;GM1966;False;False
90.0;100.0;3000.0;245774.4797;608420.9239;Nederland;n.a.;n.a.;Het Hogeland;Groningen;land;53.45425358242044;6.753673024367417;BU19661301;GM1966;BU19661301;GM1966;BU19661301;GM1966;False;False
82.0;100.0;3000.0;252324.5962;608422.5419;Nederland;n.a.;n.a.;Het Hogeland;Groningen;land;53.45310963306758;6.852244881114161;BU19661401;GM1966;BU19661401;GM1966;BU19661401;GM1966;False;False
136.0;132.0;4500.0;249458.471547;608428.916899;Nederland;n.a.;n.a.;Het Hogeland;Groningen;land;53.453683733528365;6.809115790686623;BU19661401;GM1966;BU19661401;GM1966;BU19661401;GM1966;False;False
90.0;100.0;3000.0;245463.5976;608501.006;Nederland;n.a.;n.a.;Het Hogeland;Groningen;land;53.45502591756233;6.749017299543646;BU19661301;GM1966;BU19661301;GM1966;BU19661301;GM1966;False;False
82.0;100.0;3000.0;247310.7104;608501.1045;Nederland;n.a.;n.a.;Het Hogeland;Groningen;land;53.4547093483993;6.776815308145329;BU19661301;GM1966;BU19661301;GM1966;BU19661301;GM1966;False;False
90.0;100.0;3000.0;250891.563;608502.978;Nederland;n.a.;n.a.;Het Hogeland;Groningen;land;53.45409249055233;6.830704275085879;BU19661401;GM1966;BU19661401;GM1966;BU19661401;GM1966;False;False
117.0;91.5;3300.0;252004.0796;608542.6333;Nederland;n.a.;n.a.;Het Hogeland;Groningen;land;53.454246907935286;6.847458335608683;BU19661401;GM1966;BU19661401;GM1966;BU19661401;GM1966;False;False
90.0;100.0;3000.0;245160.5912;608565.9632;Nederland;n.a.;n.a.;Het Hogeland;Groningen;land;53.455660874817625;6.7444756369146575;BU19661301;GM1966;BU19661301;GM1966;BU19661301;GM1966;False;False
140.0;105.0;6150.0;248898.5727;608576.9727;Nederland;n.a.;n.a.;Het Hogeland;Groningen;land;53.45511281623146;6.80073378449125;BU19661401;GM1966;BU19661401;GM1966;BU19661401;GM1966;False;False
90.0;100.0;3000.0;250549.5645;608585.9771;Nederland;n.a.;n.a.;Het Hogeland;Groningen;land;53.454899591251085;6.825582588858738;BU19661401;GM1966;BU19661401;GM1966;BU19661401;GM1966;False;False
82.0;100.0;3000.0;251690.8788;608610.8002;Nederland;n.a.;n.a.;Het Hogeland;Groningen;land;53.45491625484719;6.842765812861157;BU19661401;GM1966;BU19661401;GM1966;BU19661401;GM1966;False;False
82.0;100.0;3000.0;247033.7813;608624.559;Nederland;n.a.;n.a.;Het Hogeland;Groningen;land;53.45586629970701;6.772683514966028;BU19661301;GM1966;BU19661301;GM1966;BU19661301;GM1966;False;False
90.0;100.0;3000.0;250208.566;608668.9762;Nederland;n.a.;n.a.;Het Hogeland;Groningen;land;53.45570629560418;6.820475757510577;BU19661401;GM1966;BU19661401;GM1966;BU19661401;GM1966;False;False
82.0;100.0;3000.0;246747.0001;608713.0138;Nederland;n.a.;n.a.;Het Hogeland;Groningen;land;53.45671041940467;6.768393103913036;BU19661301;GM1966;BU19661301;GM1966;BU19661301;GM1966;False;False
90.0;100.0;3000.0;249865.5674;608751.9752;Nederland;n.a.;n.a.;Het Hogeland;Groningen;land;53.45651313987559;6.815338631314275;BU19661401;GM1966;BU19661401;GM1966;BU19661401;GM1966;False;False
82.0;100.0;3000.0;246446.8797;608805.4598;Nederland;n.a.;n.a.;Het Hogeland;Groningen;land;53.45759253263743;6.763902913256023;BU19661301;GM1966;BU19661301;GM1966;BU19661301;GM1966;False;False
90.0;100.0;3000.0;249553.5688;608827.9744;Nederland;n.a.;n.a.;Het Hogeland;Groningen;land;53.457251377818366;6.810665775423732;BU19661401;GM1966;BU19661401;GM1966;BU19661401;GM1966;False;False
82.0;100.0;3000.0;246171.462;608889.7841;Nederland;n.a.;n.a.;Het Hogeland;Groningen;land;53.45839728886259;6.759781996189126;BU19661301;GM1966;BU19661301;GM1966;BU19661301;GM1966;False;False
82.0;100.0;3000.0;249241.1601;608903.7535;Nederland;n.a.;n.a.;Het Hogeland;Groningen;land;53.4579875305202;6.805986519709601;BU19661401;GM1966;BU19661401;GM1966;BU19661401;GM1966;False;False
82.0;100.0;3000.0;250996.5613;608935.9782;Nederland;n.a.;n.a.;Het Hogeland;Groningen;land;53.45796295133719;6.83241534481406;BU19661401;GM1966;BU19661401;GM1966;BU19661401;GM1966;False;False
82.0;100.0;3000.0;245884.7815;608977.6493;Nederland;n.a.;n.a.;Het Hogeland;Groningen;land;53.45923563662985;6.755492421463882;BU19661301;GM1966;BU19661301;GM1966;BU19661301;GM1966;False;False
158.0;141.0;5500.0;251631.537211;608980.883005;Nederland;n.a.;n.a.;Het Hogeland;Groningen;land;53.45825128251306;6.841985465494902;BU19669998;GM1966;BU19669998;GM1966;BU19669998;GM1966;False;False
82.0;100.0;3000.0;245589.5318;609026.379;Nederland;n.a.;n.a.;Het Hogeland;Groningen;land;53.45972374974269;6.751062526930746;BU19661301;GM1966;BU19661301;GM1966;BU19661301;GM1966;False;False
82.0;100.0;3000.0;245293.5112;609055.8796;Nederland;n.a.;n.a.;Het Hogeland;Groningen;land;53.460039101696886;6.746615454997188;BU19661301;GM1966;BU19661301;GM1966;BU19661301;GM1966;False;False
82.0;100.0;3000.0;250664.5626;609060.9773;Nederland;n.a.;n.a.;Het Hogeland;Groningen;land;53.4591455893872;6.8274563939303565;BU19661401;GM1966;BU19661401;GM1966;BU19661401;GM1966;False;False
82.0;100.0;3000.0;250335.5639;609194.9763;Nederland;n.a.;n.a.;Het Hogeland;Groningen;land;53.46040832719882;6.822545025345005;BU19661401;GM1966;BU19661401;GM1966;BU19661401;GM1966;False;False
158.0;141.0;5500.0;250984.232283;609292.644797;Nederland;n.a.;n.a.;Het Hogeland;Groningen;land;53.46116891530431;6.832337681916602;BU19669998;GM1966;BU19669998;GM1966;BU19669998;GM1966;False;False
130.0;89.0;4000.0;187154.5994;668885.2203;Nederland;Gemini II;SWT 4.0-130;n.a.;n.a.;zee;54.00421474598941;5.877522280303803;n.a.;n.a.;n.a.;n.a.;n.a.;n.a.;False;False
130.0;89.0;4000.0;187976.5302;668885.5166;Nederland;Gemini II;SWT 4.0-130;n.a.;n.a.;zee;54.00416622530759;5.890055117440434;n.a.;n.a.;n.a.;n.a.;n.a.;n.a.;False;False
130.0;89.0;4000.0;188799.7379;668886.6684;Nederland;Gemini II;SWT 4.0-130;n.a.;n.a.;zee;54.004124015353156;5.902607484988315;n.a.;n.a.;n.a.;n.a.;n.a.;n.a.;False;False
130.0;89.0;4000.0;190439.3439;668887.2855;Nederland;Gemini II;SWT 4.0-130;n.a.;n.a.;zee;54.0040210220906;5.927608106524957;n.a.;n.a.;n.a.;n.a.;n.a.;n.a.;False;False
130.0;89.0;4000.0;189617.0427;668887.3276;Nederland;Gemini II;SWT 4.0-130;n.a.;n.a.;zee;54.00407647608398;5.915069760366748;n.a.;n.a.;n.a.;n.a.;n.a.;n.a.;False;False
130.0;89.0;4000.0;191261.9942;668887.5899;Nederland;Gemini II;SWT 4.0-130;n.a.;n.a.;zee;54.00396736390742;5.940151778471862;n.a.;n.a.;n.a.;n.a.;n.a.;n.a.;False;False
130.0;89.0;4000.0;197822.3509;668890.8616;Nederland;Gemini I;SWT 4.0-130;n.a.;n.a.;zee;54.003500753869226;6.040182019331887;n.a.;n.a.;n.a.;n.a.;n.a.;n.a.;False;False
130.0;89.0;4000.0;196953.4722;668891.2668;Nederland;Gemini I;SWT 4.0-130;n.a.;n.a.;zee;54.00357481115465;6.026933895587844;n.a.;n.a.;n.a.;n.a.;n.a.;n.a.;False;False
130.0;89.0;4000.0;198692.8403;668891.7305;Nederland;Gemini I;SWT 4.0-130;n.a.;n.a.;zee;54.00343656351314;6.053454829415201;n.a.;n.a.;n.a.;n.a.;n.a.;n.a.;False;False
130.0;89.0;4000.0;199570.0062;668891.8908;Nederland;Gemini I;SWT 4.0-130;n.a.;n.a.;zee;54.00336399117062;6.066829288312098;n.a.;n.a.;n.a.;n.a.;n.a.;n.a.;False;False
130.0;89.0;4000.0;200440.1634;668892.0062;Nederland;Gemini I;SWT 4.0-130;n.a.;n.a.;zee;54.003290153958396;6.080096824138719;n.a.;n.a.;n.a.;n.a.;n.a.;n.a.;False;False
130.0;89.0;4000.0;201310.7139;668892.8965;Nederland;Gemini I;SWT 4.0-130;n.a.;n.a.;zee;54.00322179516147;6.093370419559537;n.a.;n.a.;n.a.;n.a.;n.a.;n.a.;False;False
130.0;89.0;4000.0;188492.2475;669425.5608;Nederland;Gemini II;SWT 4.0-130;n.a.;n.a.;zee;54.008984392290365;5.897977477511538;n.a.;n.a.;n.a.;n.a.;n.a.;n.a.;False;False
130.0;89.0;4000.0;189344.5014;669440.9058;Nederland;Gemini II;SWT 4.0-130;n.a.;n.a.;zee;54.00906694602705;5.910975794636172;n.a.;n.a.;n.a.;n.a.;n.a.;n.a.;False;False
130.0;89.0;4000.0;186742.1229;669443.9456;Nederland;Gemini II;SWT 4.0-130;n.a.;n.a.;zee;54.00925870388655;5.871290398995147;n.a.;n.a.;n.a.;n.a.;n.a.;n.a.;False;False
130.0;89.0;4000.0;187602.3744;669461.2657;Nederland;Gemini II;SWT 4.0-130;n.a.;n.a.;zee;54.009361351853066;5.884410928973882;n.a.;n.a.;n.a.;n.a.;n.a.;n.a.;False;False
130.0;89.0;4000.0;191056.8699;669474.7053;Nederland;Gemini II;SWT 4.0-130;n.a.;n.a.;zee;54.00925527550542;5.937092802045139;n.a.;n.a.;n.a.;n.a.;n.a.;n.a.;False;False
130.0;89.0;4000.0;197609.9124;669500.5345;Nederland;Gemini I;SWT 4.0-130;n.a.;n.a.;zee;54.008994373665345;6.037027205563813;n.a.;n.a.;n.a.;n.a.;n.a.;n.a.;False;False
130.0;89.0;4000.0;190178.0876;669515.2843;Nederland;Gemini II;SWT 4.0-130;n.a.;n.a.;zee;54.00967963221293;5.923696222661068;n.a.;n.a.;n.a.;n.a.;n.a.;n.a.;False;False
130.0;89.0;4000.0;199350.7246;669519.4715;Nederland;Gemini I;SWT 4.0-130;n.a.;n.a.;zee;54.00901972956988;6.063576182346629;n.a.;n.a.;n.a.;n.a.;n.a.;n.a.;False;False
130.0;89.0;4000.0;201085.4128;669538.4669;Nederland;Gemini I;SWT 4.0-130;n.a.;n.a.;zee;54.00904035553146;6.090031783241196;n.a.;n.a.;n.a.;n.a.;n.a.;n.a.;False;False
130.0;89.0;4000.0;196723.8054;669545.9693;Nederland;Gemini I;SWT 4.0-130;n.a.;n.a.;zee;54.009473934600805;6.023520727829883;n.a.;n.a.;n.a.;n.a.;n.a.;n.a.;False;False
130.0;89.0;4000.0;198457.7949;669565.6217;Nederland;Gemini I;SWT 4.0-130;n.a.;n.a.;zee;54.00950923070016;6.049966069355746;n.a.;n.a.;n.a.;n.a.;n.a.;n.a.;False;False
130.0;89.0;4000.0;200198.3138;669586.4149;Nederland;Gemini I;SWT 4.0-130;n.a.;n.a.;zee;54.00954846037989;6.076511163492897;n.a.;n.a.;n.a.;n.a.;n.a.;n.a.;False;False
130.0;89.0;4000.0;188184.3056;669965.9013;Nederland;Gemini II;SWT 4.0-130;n.a.;n.a.;zee;54.013857619797115;5.893339674896868;n.a.;n.a.;n.a.;n.a.;n.a.;n.a.;False;False
130.0;89.0;4000.0;189072.051;669997.4647;Nederland;Gemini II;SWT 4.0-130;n.a.;n.a.;zee;54.01408403622029;5.9068825784309835;n.a.;n.a.;n.a.;n.a.;n.a.;n.a.;False;False
130.0;89.0;4000.0;186319.8135;670014.6128;Nederland;Gemini II;SWT 4.0-130;n.a.;n.a.;zee;54.01441018990753;5.864908275282398;n.a.;n.a.;n.a.;n.a.;n.a.;n.a.;False;False
130.0;89.0;4000.0;187226.6562;670038.1706;Nederland;Gemini II;SWT 4.0-130;n.a.;n.a.;zee;54.01456668421372;5.878741643753027;n.a.;n.a.;n.a.;n.a.;n.a.;n.a.;False;False
130.0;89.0;4000.0;190852.4935;670062.3176;Nederland;Gemini II;SWT 4.0-130;n.a.;n.a.;zee;54.01454751067214;5.934044525736379;n.a.;n.a.;n.a.;n.a.;n.a.;n.a.;False;False
130.0;89.0;4000.0;197398.0151;670109.0304;Nederland;Gemini I;SWT 4.0-130;n.a.;n.a.;zee;54.01447728329913;6.033879665176011;n.a.;n.a.;n.a.;n.a.;n.a.;n.a.;False;False
130.0;89.0;4000.0;189914.34;670144.1601;Nederland;Gemini II;SWT 4.0-130;n.a.;n.a.;zee;54.01534614741712;5.919745394211019;n.a.;n.a.;n.a.;n.a.;n.a.;n.a.;False;False
130.0;89.0;4000.0;199131.6307;670146.958;Nederland;Gemini I;SWT 4.0-130;n.a.;n.a.;zee;54.014674506005576;6.0603250566417;n.a.;n.a.;n.a.;n.a.;n.a.;n.a.;False;False
130.0;89.0;4000.0;200861.1826;670184.9139;Nederland;Gemini I;SWT 4.0-130;n.a.;n.a.;zee;54.01486659043082;6.08670869288481;n.a.;n.a.;n.a.;n.a.;n.a.;n.a.;False;False
130.0;89.0;4000.0;196495.362;670199.252;Nederland;Gemini I;SWT 4.0-130;n.a.;n.a.;zee;54.01536009789676;6.020125076580571;n.a.;n.a.;n.a.;n.a.;n.a.;n.a.;False;False
130.0;89.0;4000.0;198222.0608;670241.6099;Nederland;Gemini I;SWT 4.0-130;n.a.;n.a.;zee;54.01560067553362;6.046466099106317;n.a.;n.a.;n.a.;n.a.;n.a.;n.a.;False;False
130.0;89.0;4000.0;199956.2889;670282.7133;Nederland;Gemini I;SWT 4.0-130;n.a.;n.a.;zee;54.01582363398118;6.072922045374234;n.a.;n.a.;n.a.;n.a.;n.a.;n.a.;False;False
130.0;89.0;4000.0;187877.8036;670504.1438;Nederland;Gemini II;SWT 4.0-130;n.a.;n.a.;zee;54.01871172531318;5.888722541423075;n.a.;n.a.;n.a.;n.a.;n.a.;n.a.;False;False
130.0;89.0;4000.0;188799.4341;670553.2406;Nederland;Gemini II;SWT 4.0-130;n.a.;n.a.;zee;54.01909395605014;5.9027857647799795;n.a.;n.a.;n.a.;n.a.;n.a.;n.a.;False;False
130.0;89.0;4000.0;185897.8408;670585.7914;Nederland;Gemini II;SWT 4.0-130;n.a.;n.a.;zee;54.019565904588106;5.858529781387595;n.a.;n.a.;n.a.;n.a.;n.a.;n.a.;False;False
130.0;89.0;4000.0;186851.6588;670613.3224;Nederland;Gemini II;SWT 4.0-130;n.a.;n.a.;zee;54.019755950667616;5.873081774429763;n.a.;n.a.;n.a.;n.a.;n.a.;n.a.;False;False
130.0;89.0;4000.0;190648.088;670649.3524;Nederland;Gemini II;SWT 4.0-130;n.a.;n.a.;zee;54.01983447247814;5.930994976151428;n.a.;n.a.;n.a.;n.a.;n.a.;n.a.;False;False
130.0;89.0;4000.0;197184.2895;670717.8805;Nederland;Gemini I;SWT 4.0-130;n.a.;n.a.;zee;54.019963428254464;6.030703470270325;n.a.;n.a.;n.a.;n.a.;n.a.;n.a.;False;False
130.0;89.0;4000.0;189652.6517;670772.3782;Nederland;Gemini II;SWT 4.0-130;n.a.;n.a.;zee;54.021006476921634;5.91582484538083;n.a.;n.a.;n.a.;n.a.;n.a.;n.a.;False;False
130.0;89.0;4000.0;198912.531;670775.1372;Nederland;Gemini I;SWT 4.0-130;n.a.;n.a.;zee;54.02033540500359;6.057073072864735;n.a.;n.a.;n.a.;n.a.;n.a.;n.a.;False;False
130.0;89.0;4000.0;200636.4423;670831.9308;Nederland;Gemini I;SWT 4.0-130;n.a.;n.a.;zee;54.02069788424951;6.08337699179462;n.a.;n.a.;n.a.;n.a.;n.a.;n.a.;False;False
130.0;89.0;4000.0;196264.9535;670854.1643;Nederland;Gemini I;SWT 4.0-130;n.a.;n.a.;zee;54.02126094485645;6.016698724015955;n.a.;n.a.;n.a.;n.a.;n.a.;n.a.;False;False
130.0;89.0;4000.0;197987.2887;670914.9567;Nederland;Gemini I;SWT 4.0-130;n.a.;n.a.;zee;54.02166819973064;6.042979427120564;n.a.;n.a.;n.a.;n.a.;n.a.;n.a.;False;False
130.0;89.0;4000.0;199713.9879;670976.7424;Nederland;Gemini I;SWT 4.0-130;n.a.;n.a.;zee;54.02207832599028;6.069327322123238;n.a.;n.a.;n.a.;n.a.;n.a.;n.a.;False;False
130.0;89.0;4000.0;187570.4176;671043.7689;Nederland;Gemini II;SWT 4.0-130;n.a.;n.a.;zee;54.02357812041113;5.884091007682859;n.a.;n.a.;n.a.;n.a.;n.a.;n.a.;False;False
130.0;89.0;4000.0;188527.3951;671107.7582;Nederland;Gemini II;SWT 4.0-130;n.a.;n.a.;zee;54.02409238812369;5.8986966585878;n.a.;n.a.;n.a.;n.a.;n.a.;n.a.;False;False
130.0;89.0;4000.0;185494.911;671130.4124;Nederland;Gemini II;SWT 4.0-130;n.a.;n.a.;zee;54.024481611060246;5.852437606332381;n.a.;n.a.;n.a.;n.a.;n.a.;n.a.;False;False
130.0;89.0;4000.0;186475.2948;671189.2032;Nederland;Gemini II;SWT 4.0-130;n.a.;n.a.;zee;54.0249515737273;5.8673997403064835;n.a.;n.a.;n.a.;n.a.;n.a.;n.a.;False;False
130.0;89.0;4000.0;190444.0015;671236.6284;Nederland;Gemini II;SWT 4.0-130;n.a.;n.a.;zee;54.02512349112838;5.927949558628419;n.a.;n.a.;n.a.;n.a.;n.a.;n.a.;False;False
130.0;89.0;4000.0;196971.4413;671326.6228;Nederland;Gemini I;SWT 4.0-130;n.a.;n.a.;zee;54.025448439218614;6.027539822351343;n.a.;n.a.;n.a.;n.a.;n.a.;n.a.;False;False
130.0;89.0;4000.0;189389.7221;671400.2704;Nederland;Gemini II;SWT 4.0-130;n.a.;n.a.;zee;54.02666382124602;5.911884272900971;n.a.;n.a.;n.a.;n.a.;n.a.;n.a.;False;False
130.0;89.0;4000.0;198695.2277;671402.8675;Nederland;Gemini I;SWT 4.0-130;n.a.;n.a.;zee;54.025992021705804;6.053847560600884;n.a.;n.a.;n.a.;n.a.;n.a.;n.a.;False;False
130.0;89.0;4000.0;200411.4507;671477.4176;Nederland;Gemini I;SWT 4.0-130;n.a.;n.a.;zee;54.02651535122129;6.080040313416221;n.a.;n.a.;n.a.;n.a.;n.a.;n.a.;False;False
130.0;89.0;4000.0;196035.7532;671507.5073;Nederland;Gemini I;SWT 4.0-130;n.a.;n.a.;zee;54.02714749030486;6.013289639016408;n.a.;n.a.;n.a.;n.a.;n.a.;n.a.;False;False
130.0;89.0;4000.0;187263.672;671583.6944;Nederland;Gemini II;SWT 4.0-130;n.a.;n.a.;zee;54.02844698851509;5.879468208544408;n.a.;n.a.;n.a.;n.a.;n.a.;n.a.;False;False
130.0;89.0;4000.0;197752.0209;671589.3032;Nederland;Gemini I;SWT 4.0-130;n.a.;n.a.;zee;54.02774462900219;6.039484331919888;n.a.;n.a.;n.a.;n.a.;n.a.;n.a.;False;False
130.0;89.0;4000.0;188254.5272;671663.2063;Nederland;Gemini II;SWT 4.0-130;n.a.;n.a.;zee;54.02909908350601;5.894594038921286;n.a.;n.a.;n.a.;n.a.;n.a.;n.a.;False;False
130.0;89.0;4000.0;199472.7341;671671.239;Nederland;Gemini I;SWT 4.0-130;n.a.;n.a.;zee;54.0283370058927;6.0657475805969385;n.a.;n.a.;n.a.;n.a.;n.a.;n.a.;False;False
130.0;89.0;4000.0;185090.5854;671677.2742;Nederland;Gemini II;SWT 4.0-130;n.a.;n.a.;zee;54.0294172113368;5.84632293540194;n.a.;n.a.;n.a.;n.a.;n.a.;n.a.;False;False
130.0;89.0;4000.0;186014.6423;671759.2426;Nederland;Gemini II;SWT 4.0-130;n.a.;n.a.;zee;54.03009946029889;5.8604296927163215;n.a.;n.a.;n.a.;n.a.;n.a.;n.a.;False;False
130.0;89.0;4000.0;190239.5117;671822.9093;Nederland;Gemini II;SWT 4.0-130;n.a.;n.a.;zee;54.030403510732846;5.924897112198602;n.a.;n.a.;n.a.;n.a.;n.a.;n.a.;False;False
130.0;89.0;4000.0;196757.763;671936.2458;Nederland;Gemini I;SWT 4.0-130;n.a.;n.a.;zee;54.03094133254068;6.024362808729305;n.a.;n.a.;n.a.;n.a.;n.a.;n.a.;False;False
130.0;89.0;4000.0;198475.9206;672030.4977;Nederland;Gemini I;SWT 4.0-130;n.a.;n.a.;zee;54.031647807382924;6.050590598934399;n.a.;n.a.;n.a.;n.a.;n.a.;n.a.;False;False
130.0;89.0;4000.0;189211.3661;672038.911;Nederland;Gemini II;SWT 4.0-130;n.a.;n.a.;zee;54.03241204054015;5.909234275564198;n.a.;n.a.;n.a.;n.a.;n.a.;n.a.;False;False
130.0;89.0;4000.0;186611.2763;672091.8706;Nederland;Gemini II;SWT 4.0-130;n.a.;n.a.;zee;54.03305151209538;5.869566957553415;n.a.;n.a.;n.a.;n.a.;n.a.;n.a.;False;False
130.0;89.0;4000.0;200187.2583;672123.7301;Nederland;Gemini I;SWT 4.0-130;n.a.;n.a.;zee;54.03234006033672;6.076715033163347;n.a.;n.a.;n.a.;n.a.;n.a.;n.a.;False;False
130.0;89.0;4000.0;195807.3522;672161.9762;Nederland;Gemini I;SWT 4.0-130;n.a.;n.a.;zee;54.03304397664959;6.009891950667007;n.a.;n.a.;n.a.;n.a.;n.a.;n.a.;False;False
130.0;89.0;4000.0;187465.6401;672172.1387;Nederland;Gemini II;SWT 4.0-130;n.a.;n.a.;zee;54.033720125773534;5.882611692192027;n.a.;n.a.;n.a.;n.a.;n.a.;n.a.;False;False
130.0;89.0;4000.0;184678.0197;672235.5438;Nederland;Gemini II;SWT 4.0-130;n.a.;n.a.;zee;54.03445543279098;5.840082199361562;n.a.;n.a.;n.a.;n.a.;n.a.;n.a.;False;False
130.0;89.0;4000.0;188325.959;672253.1232;Nederland;Gemini II;SWT 4.0-130;n.a.;n.a.;zee;54.034393395687786;5.8957477813118535;n.a.;n.a.;n.a.;n.a.;n.a.;n.a.;False;False
130.0;89.0;4000.0;197516.8553;672264.2791;Nederland;Gemini I;SWT 4.0-130;n.a.;n.a.;zee;54.03382658779935;6.03598987940138;n.a.;n.a.;n.a.;n.a.;n.a.;n.a.;False;False
130.0;89.0;4000.0;185549.1621;672324.1446;Nederland;Gemini II;SWT 4.0-130;n.a.;n.a.;zee;54.03520107347041;5.853383766759829;n.a.;n.a.;n.a.;n.a.;n.a.;n.a.;False;False
130.0;89.0;4000.0;199230.8924;672366.3685;Nederland;Gemini I;SWT 4.0-130;n.a.;n.a.;zee;54.034601299019464;6.0621579008314335;n.a.;n.a.;n.a.;n.a.;n.a.;n.a.;False;False
130.0;89.0;4000.0;190033.549;672412.9542;Nederland;Gemini II;SWT 4.0-130;n.a.;n.a.;zee;54.035717350407104;5.921821856852142;n.a.;n.a.;n.a.;n.a.;n.a.;n.a.;False;False
130.0;89.0;4000.0;196544.1218;672548.4209;Nederland;Gemini I;SWT 4.0-130;n.a.;n.a.;zee;54.036457051035846;6.02118588104571;n.a.;n.a.;n.a.;n.a.;n.a.;n.a.;False;False
130.0;89.0;4000.0;186293.6411;672626.1252;Nederland;Gemini II;SWT 4.0-130;n.a.;n.a.;zee;54.03786952461206;5.864774689967812;n.a.;n.a.;n.a.;n.a.;n.a.;n.a.;False;False
130.0;89.0;4000.0;198256.3237;672660.4813;Nederland;Gemini I;SWT 4.0-130;n.a.;n.a.;zee;54.037324655382854;6.047328675394459;n.a.;n.a.;n.a.;n.a.;n.a.;n.a.;False;False
130.0;89.0;4000.0;189039.878;672676.7508;Nederland;Gemini II;SWT 4.0-130;n.a.;n.a.;zee;54.03815254755133;5.906688275503849;n.a.;n.a.;n.a.;n.a.;n.a.;n.a.;False;False
130.0;89.0;4000.0;187176.191;672718.7167;Nederland;Gemini II;SWT 4.0-130;n.a.;n.a.;zee;54.03864760708367;5.878252262676469;n.a.;n.a.;n.a.;n.a.;n.a.;n.a.;False;False
130.0;89.0;4000.0;199960.8004;672773.7337;Nederland;Gemini I;SWT 4.0-130;n.a.;n.a.;zee;54.03819801357324;6.073354805999443;n.a.;n.a.;n.a.;n.a.;n.a.;n.a.;False;False
130.0;89.0;4000.0;184265.6998;672793.4072;Nederland;Gemini II;SWT 4.0-130;n.a.;n.a.;zee;54.03948966180396;5.833843685396485;n.a.;n.a.;n.a.;n.a.;n.a.;n.a.;False;False
130.0;89.0;4000.0;188063.5967;672812.952;Nederland;Gemini II;SWT 4.0-130;n.a.;n.a.;zee;54.039438654143105;5.891804607242779;n.a.;n.a.;n.a.;n.a.;n.a.;n.a.;False;False
130.0;89.0;4000.0;195577.2085;672818.7378;Nederland;Gemini I;SWT 4.0-130;n.a.;n.a.;zee;54.038961082644484;6.006467023545775;n.a.;n.a.;n.a.;n.a.;n.a.;n.a.;False;False
130.0;89.0;4000.0;185167.5212;672896.1286;Nederland;Gemini II;SWT 4.0-130;n.a.;n.a.;zee;54.04036104715624;5.847616313867204;n.a.;n.a.;n.a.;n.a.;n.a.;n.a.;False;False
130.0;89.0;4000.0;197279.1168;672941.2557;Nederland;Gemini I;SWT 4.0-130;n.a.;n.a.;zee;54.03992660987858;6.032455433319473;n.a.;n.a.;n.a.;n.a.;n.a.;n.a.;False;False
130.0;89.0;4000.0;189828.8791;673000.3856;Nederland;Gemini II;SWT 4.0-130;n.a.;n.a.;zee;54.04100753904411;5.918765262240666;n.a.;n.a.;n.a.;n.a.;n.a.;n.a.;False;False
130.0;89.0;4000.0;198987.5413;673065.0637;Nederland;Gemini I;SWT 4.0-130;n.a.;n.a.;zee;54.0408976248428;6.058544633533687;n.a.;n.a.;n.a.;n.a.;n.a.;n.a.;False;False
130.0;89.0;4000.0;196332.4195;673156.6703;Nederland;Gemini I;SWT 4.0-130;n.a.;n.a.;zee;54.04193725925046;6.018037187477016;n.a.;n.a.;n.a.;n.a.;n.a.;n.a.;False;False
130.0;89.0;4000.0;185975.3402;673159.0435;Nederland;Gemini II;SWT 4.0-130;n.a.;n.a.;zee;54.04267537540815;5.859971033810725;n.a.;n.a.;n.a.;n.a.;n.a.;n.a.;False;False
130.0;89.0;4000.0;186885.5398;673266.1378;Nederland;Gemini II;SWT 4.0-130;n.a.;n.a.;zee;54.043582568784544;5.873873556272498;n.a.;n.a.;n.a.;n.a.;n.a.;n.a.;False;False
130.0;89.0;4000.0;198037.2226;673287.9488;Nederland;Gemini I;SWT 4.0-130;n.a.;n.a.;zee;54.04297876186124;6.044073091033879;n.a.;n.a.;n.a.;n.a.;n.a.;n.a.;False;False
130.0;89.0;4000.0;188784.163;673308.1477;Nederland;Gemini II;SWT 4.0-130;n.a.;n.a.;zee;54.04384056926095;5.902855378265678;n.a.;n.a.;n.a.;n.a.;n.a.;n.a.;False;False
130.0;89.0;4000.0;183853.1147;673351.4419;Nederland;Gemini II;SWT 4.0-130;n.a.;n.a.;zee;54.04452511437434;5.827599650930106;n.a.;n.a.;n.a.;n.a.;n.a.;n.a.;False;False
130.0;89.0;4000.0;187802.573;673374.1884;Nederland;Gemini II;SWT 4.0-130;n.a.;n.a.;zee;54.044496333875905;5.887881071747702;n.a.;n.a.;n.a.;n.a.;n.a.;n.a.;False;False
130.0;89.0;4000.0;199736.6894;673419.7479;Nederland;Gemini I;SWT 4.0-130;n.a.;n.a.;zee;54.044019825771116;6.070028886312049;n.a.;n.a.;n.a.;n.a.;n.a.;n.a.;False;False
130.0;89.0;4000.0;184786.6017;673469.3412;Nederland;Gemini II;SWT 4.0-130;n.a.;n.a.;zee;54.04553173154661;5.841858580167238;n.a.;n.a.;n.a.;n.a.;n.a.;n.a.;False;False
130.0;89.0;4000.0;195348.4927;673473.3221;Nederland;Gemini I;SWT 4.0-130;n.a.;n.a.;zee;54.04485841052108;6.003062645639976;n.a.;n.a.;n.a.;n.a.;n.a.;n.a.;False;False
130.0;89.0;4000.0;189624.4513;673587.5606;Nederland;Gemini II;SWT 4.0-130;n.a.;n.a.;zee;54.04629532004784;5.915711568964197;n.a.;n.a.;n.a.;n.a.;n.a.;n.a.;False;False
130.0;89.0;4000.0;197043.8549;673615.4095;Nederland;Gemini I;SWT 4.0-130;n.a.;n.a.;zee;54.04600095979067;6.028957381651752;n.a.;n.a.;n.a.;n.a.;n.a.;n.a.;False;False
130.0;89.0;4000.0;185655.9523;673693.2612;Nederland;Gemini II;SWT 4.0-130;n.a.;n.a.;zee;54.047492762801895;5.855149821547203;n.a.;n.a.;n.a.;n.a.;n.a.;n.a.;False;False
130.0;89.0;4000.0;198745.6895;673759.2584;Nederland;Gemini I;SWT 4.0-130;n.a.;n.a.;zee;54.047153277508876;6.054952534305275;n.a.;n.a.;n.a.;n.a.;n.a.;n.a.;False;False
130.0;89.0;4000.0;196119.0353;673765.1688;Nederland;Gemini I;SWT 4.0-130;n.a.;n.a.;zee;54.04741974343455;6.014862039842081;n.a.;n.a.;n.a.;n.a.;n.a.;n.a.;False;False
130.0;89.0;4000.0;186595.5241;673814.0096;Nederland;Gemini II;SWT 4.0-130;n.a.;n.a.;zee;54.04852137293728;5.8695035727241756;n.a.;n.a.;n.a.;n.a.;n.a.;n.a.;False;False
130.0;89.0;4000.0;183439.9677;673910.3384;Nederland;Gemini II;SWT 4.0-130;n.a.;n.a.;zee;54.04956800821052;5.821345628243965;n.a.;n.a.;n.a.;n.a.;n.a.;n.a.;False;False
130.0;89.0;4000.0;197818.372;673915.1098;Nederland;Gemini I;SWT 4.0-130;n.a.;n.a.;zee;54.04862999451157;6.040820417200092;n.a.;n.a.;n.a.;n.a.;n.a.;n.a.;False;False
130.0;89.0;4000.0;187541.9515;673934.5925;Nederland;Gemini II;SWT 4.0-130;n.a.;n.a.;zee;54.04954637553819;5.883962647609027;n.a.;n.a.;n.a.;n.a.;n.a.;n.a.;False;False
130.0;89.0;4000.0;188527.0311;673939.9451;Nederland;Gemini II;SWT 4.0-130;n.a.;n.a.;zee;54.049532145174474;5.898999864518815;n.a.;n.a.;n.a.;n.a.;n.a.;n.a.;False;False
130.0;89.0;4000.0;184404.747;674041.8374;Nederland;Gemini II;SWT 4.0-130;n.a.;n.a.;zee;54.050695750558695;5.836085090778737;n.a.;n.a.;n.a.;n.a.;n.a.;n.a.;False;False
130.0;89.0;4000.0;199511.0796;674065.5051;Nederland;Gemini I;SWT 4.0-130;n.a.;n.a.;zee;54.04983935247737;6.066679136166906;n.a.;n.a.;n.a.;n.a.;n.a.;n.a.;False;False
130.0;89.0;4000.0;195119.456;674127.5694;Nederland;Gemini I;SWT 4.0-130;n.a.;n.a.;zee;54.05075262638696;5.9996523757908005;n.a.;n.a.;n.a.;n.a.;n.a.;n.a.;False;False
130.0;89.0;4000.0;189420.472;674174.9625;Nederland;Gemini II;SWT 4.0-130;n.a.;n.a.;zee;54.05158502118616;5.912663983437986;n.a.;n.a.;n.a.;n.a.;n.a.;n.a.;False;False
130.0;89.0;4000.0;185338.064;674227.1499;Nederland;Gemini II;SWT 4.0-130;n.a.;n.a.;zee;54.052306907540576;5.85035036803393;n.a.;n.a.;n.a.;n.a.;n.a.;n.a.;False;False
130.0;89.0;4000.0;196808.8051;674289.5986;Nederland;Gemini I;SWT 4.0-130;n.a.;n.a.;zee;54.05207549398645;6.025461567647969;n.a.;n.a.;n.a.;n.a.;n.a.;n.a.;False;False
130.0;89.0;4000.0;186305.7759;674360.9136;Nederland;Gemini II;SWT 4.0-130;n.a.;n.a.;zee;54.053451301096565;5.865136551476866;n.a.;n.a.;n.a.;n.a.;n.a.;n.a.;False;False
130.0;89.0;4000.0;195905.9338;674374.6103;Nederland;Gemini I;SWT 4.0-130;n.a.;n.a.;zee;54.052910580353206;6.011690509928957;n.a.;n.a.;n.a.;n.a.;n.a.;n.a.;False;False
130.0;89.0;4000.0;198503.8695;674453.7748;Nederland;Gemini I;SWT 4.0-130;n.a.;n.a.;zee;54.05341169491068;6.051359903511629;n.a.;n.a.;n.a.;n.a.;n.a.;n.a.;False;False
130.0;89.0;4000.0;183027.6929;674467.8268;Nederland;Gemini II;SWT 4.0-130;n.a.;n.a.;zee;54.05459787571059;5.815103296745254;n.a.;n.a.;n.a.;n.a.;n.a.;n.a.;False;False
130.0;89.0;4000.0;187280.1225;674494.7893;Nederland;Gemini II;SWT 4.0-130;n.a.;n.a.;zee;54.054594493141444;5.880024830322723;n.a.;n.a.;n.a.;n.a.;n.a.;n.a.;False;False
130.0;89.0;4000.0;197599.041;674543.4299;Nederland;Gemini I;SWT 4.0-130;n.a.;n.a.;zee;54.05429157738823;6.0375597010912045;n.a.;n.a.;n.a.;n.a.;n.a.;n.a.;False;False
130.0;89.0;4000.0;188271.305;674571.5771;Nederland;Gemini II;SWT 4.0-130;n.a.;n.a.;zee;54.05522201020817;5.895164755363806;n.a.;n.a.;n.a.;n.a.;n.a.;n.a.;False;False
130.0;89.0;4000.0;184024.4226;674614.9244;Nederland;Gemini II;SWT 4.0-130;n.a.;n.a.;zee;54.0558647067465;5.830333606304588;n.a.;n.a.;n.a.;n.a.;n.a.;n.a.;False;False
130.0;89.0;4000.0;199287.5565;674711.4039;Nederland;Gemini I;SWT 4.0-130;n.a.;n.a.;zee;54.05565986794117;6.063360340651931;n.a.;n.a.;n.a.;n.a.;n.a.;n.a.;False;False
130.0;89.0;4000.0;189215.0454;674760.9743;Nederland;Gemini II;SWT 4.0-130;n.a.;n.a.;zee;54.0568622427991;5.909593384202964;n.a.;n.a.;n.a.;n.a.;n.a.;n.a.;False;False
130.0;89.0;4000.0;185019.4127;674761.2665;Nederland;Gemini II;SWT 4.0-130;n.a.;n.a.;zee;54.05712294459701;5.845538192574277;n.a.;n.a.;n.a.;n.a.;n.a.;n.a.;False;False
130.0;89.0;4000.0;194889.8803;674781.5372;Nederland;Gemini I;SWT 4.0-130;n.a.;n.a.;zee;54.05664426290696;5.996232889998139;n.a.;n.a.;n.a.;n.a.;n.a.;n.a.;False;False
130.0;89.0;4000.0;186015.3016;674907.6541;Nederland;Gemini II;SWT 4.0-130;n.a.;n.a.;zee;54.05837963716087;5.8607574075302;n.a.;n.a.;n.a.;n.a.;n.a.;n.a.;False;False
130.0;89.0;4000.0;196573.375;674964.3533;Nederland;Gemini I;SWT 4.0-130;n.a.;n.a.;zee;54.05815502303584;6.0219590196190795;n.a.;n.a.;n.a.;n.a.;n.a.;n.a.;False;False
130.0;89.0;4000.0;195693.0985;674983.3244;Nederland;Gemini I;SWT 4.0-130;n.a.;n.a.;zee;54.05839476775039;6.008522124045756;n.a.;n.a.;n.a.;n.a.;n.a.;n.a.;False;False
130.0;89.0;4000.0;187019.2408;675056.0666;Nederland;Gemini II;SWT 4.0-130;n.a.;n.a.;zee;54.05965212009289;5.87610064729849;n.a.;n.a.;n.a.;n.a.;n.a.;n.a.;False;False
130.0;89.0;4000.0;198262.3644;675148.4033;Nederland;Gemini I;SWT 4.0-130;n.a.;n.a.;zee;54.059670970876255;6.047771032907577;n.a.;n.a.;n.a.;n.a.;n.a.;n.a.;False;False
130.0;89.0;4000.0;197381.3508;675171.1364;Nederland;Gemini I;SWT 4.0-130;n.a.;n.a.;zee;54.05994741504319;6.0343230786118385;n.a.;n.a.;n.a.;n.a.;n.a.;n.a.;False;False
130.0;89.0;4000.0;188015.6516;675202.3885;Nederland;Gemini II;SWT 4.0-130;n.a.;n.a.;zee;54.06090436541952;5.891329634582366;n.a.;n.a.;n.a.;n.a.;n.a.;n.a.;False;False
130.0;89.0;4000.0;189011.1361;675348.6376;Nederland;Gemini II;SWT 4.0-130;n.a.;n.a.;zee;54.06215411053139;5.906545368355859;n.a.;n.a.;n.a.;n.a.;n.a.;n.a.;False;False
130.0;89.0;4000.0;199062.9815;675358.4213;Nederland;Gemini I;SWT 4.0-130;n.a.;n.a.;zee;54.061490415008834;6.060024731257664;n.a.;n.a.;n.a.;n.a.;n.a.;n.a.;False;False
130.0;89.0;4000.0;194661.4337;675435.4391;Nederland;Gemini I;SWT 4.0-130;n.a.;n.a.;zee;54.0625351111949;5.9928296825616165;n.a.;n.a.;n.a.;n.a.;n.a.;n.a.;False;False
130.0;89.0;4000.0;195479.6069;675593.3235;Nederland;Gemini I;SWT 4.0-130;n.a.;n.a.;zee;54.06389045305877;6.005343064145756;n.a.;n.a.;n.a.;n.a.;n.a.;n.a.;False;False
130.0;89.0;4000.0;196337.7838;675638.4657;Nederland;Gemini I;SWT 4.0-130;n.a.;n.a.;zee;54.06422867948582;6.018452917810987;n.a.;n.a.;n.a.;n.a.;n.a.;n.a.;False;False
130.0;89.0;4000.0;197161.773;675798.3336;Nederland;Gemini I;SWT 4.0-130;n.a.;n.a.;zee;54.06559873122642;6.031056696720646;n.a.;n.a.;n.a.;n.a.;n.a.;n.a.;False;False
130.0;89.0;4000.0;198019.5728;675844.3187;Nederland;Gemini I;SWT 4.0-130;n.a.;n.a.;zee;54.06594178980901;6.044161635091965;n.a.;n.a.;n.a.;n.a.;n.a.;n.a.;False;False
130.0;89.0;4000.0;198837.7896;676004.3413;Nederland;Gemini I;SWT 4.0-130;n.a.;n.a.;zee;54.06731105152185;6.056678624850022;n.a.;n.a.;n.a.;n.a.;n.a.;n.a.;False;False
130.0;89.0;4000.0;194432.3256;676089.8761;Nederland;Gemini I;SWT 4.0-130;n.a.;n.a.;zee;54.06843070613267;5.989415493324844;n.a.;n.a.;n.a.;n.a.;n.a.;n.a.;False;False
130.0;89.0;4000.0;195266.6424;676201.4357;Nederland;Gemini I;SWT 4.0-130;n.a.;n.a.;zee;54.06936905375179;6.002170979513939;n.a.;n.a.;n.a.;n.a.;n.a.;n.a.;False;False
130.0;89.0;4000.0;196101.0773;676312.4183;Nederland;Gemini I;SWT 4.0-130;n.a.;n.a.;zee;54.070300872064706;6.014928754461578;n.a.;n.a.;n.a.;n.a.;n.a.;n.a.;False;False
130.0;89.0;4000.0;196944.0802;676426.8098;Nederland;Gemini I;SWT 4.0-130;n.a.;n.a.;zee;54.07126128305502;6.027818403749548;n.a.;n.a.;n.a.;n.a.;n.a.;n.a.;False;False
130.0;89.0;4000.0;197778.0466;676538.5731;Nederland;Gemini I;SWT 4.0-130;n.a.;n.a.;zee;54.07219746251798;6.040570260400515;n.a.;n.a.;n.a.;n.a.;n.a.;n.a.;False;False
130.0;89.0;4000.0;198614.1083;676650.8228;Nederland;Gemini I;SWT 4.0-130;n.a.;n.a.;zee;54.073136499178204;6.053354747464209;n.a.;n.a.;n.a.;n.a.;n.a.;n.a.;False;False
